2026-05-18T18:13:47 COLMAP[feature_extractor] I20260518 18:13:47.145763   130 feature_extraction.cc:280] Processed file [1005/1710]
2026-05-18T18:13:47 COLMAP[feature_extractor] I20260518 18:13:47.145821   130 feature_extraction.cc:283]   Name:            DJI_01005.JPG
2026-05-18T18:13:47 COLMAP[feature_extractor] I20260518 18:13:47.145833   130 feature_extraction.cc:292]   Dimensions:      4000 x 2250
2026-05-18T18:13:47 COLMAP[feature_extractor] I20260518 18:13:47.145844   130 feature_extraction.cc:295]   Camera:          #1 - SIMPLE_RADIAL
2026-05-18T18:13:47 COLMAP[feature_extractor] I20260518 18:13:47.145855   130 feature_extraction.cc:298]   Focal Length:    2545.54px (Prior)
2026-05-18T18:13:47 COLMAP[feature_extractor] I20260518 18:13:47.145871   130 feature_extraction.cc:302]   Features:        8646 (SIFT)
2026-05-18T18:13:47 COLMAP[feature_extractor] I20260518 18:13:47.337913   130 feature_extraction.cc:316]   GPS:             LAT=40.523, LON=-111.891, ALT=1499.152
2026-05-18T18:13:47 COLMAP[feature_extractor] I20260518 18:13:47.337977   130 feature_extraction.cc:323]   Gravity:         X=0.000, Y=1.000, Z=0.000
2026-05-18T18:13:48 COLMAP[feature_extractor] I20260518 18:13:48.078367   130 feature_extraction.cc:280] Processed file [1006/1710]
2026-05-18T18:13:48 COLMAP[feature_extractor] I20260518 18:13:48.078431   130 feature_extraction.cc:283]   Name:            DJI_01006.JPG
2026-05-18T18:13:48 COLMAP[feature_extractor] I20260518 18:13:48.078444   130 feature_extraction.cc:292]   Dimensions:      4000 x 2250
2026-05-18T18:13:48 COLMAP[feature_extractor] I20260518 18:13:48.078454   130 feature_extraction.cc:295]   Camera:          #1 - SIMPLE_RADIAL
2026-05-18T18:13:48 COLMAP[feature_extractor] I20260518 18:13:48.078466   130 feature_extraction.cc:298]   Focal Length:    2545.54px (Prior)
2026-05-18T18:13:48 COLMAP[feature_extractor] I20260518 18:13:48.078481   130 feature_extraction.cc:302]   Features:        8664 (SIFT)
2026-05-18T18:13:48 COLMAP[feature_extractor] I20260518 18:13:48.358763   130 feature_extraction.cc:316]   GPS:             LAT=40.523, LON=-111.891, ALT=1499.652
2026-05-18T18:13:48 COLMAP[feature_extractor] I20260518 18:13:48.358826   130 feature_extraction.cc:323]   Gravity:         X=0.000, Y=1.000, Z=0.000
2026-05-18T18:13:48 COLMAP[feature_extractor] I20260518 18:13:48.656752   130 feature_extraction.cc:280] Processed file [1007/1710]
2026-05-18T18:13:48 COLMAP[feature_extractor] I20260518 18:13:48.656817   130 feature_extraction.cc:283]   Name:            DJI_01007.JPG
2026-05-18T18:13:48 COLMAP[feature_extractor] I20260518 18:13:48.656829   130 feature_extraction.cc:292]   Dimensions:      4000 x 2250
2026-05-18T18:13:48 COLMAP[feature_extractor] I20260518 18:13:48.656840   130 feature_extraction.cc:295]   Camera:          #1 - SIMPLE_RADIAL
2026-05-18T18:13:48 COLMAP[feature_extractor] I20260518 18:13:48.656852   130 feature_extraction.cc:298]   Focal Length:    2545.54px (Prior)
2026-05-18T18:13:48 COLMAP[feature_extractor] I20260518 18:13:48.656868   130 feature_extraction.cc:302]   Features:        8923 (SIFT)
2026-05-18T18:13:49 COLMAP[feature_extractor] I20260518 18:13:48.915959   130 feature_extraction.cc:316]   GPS:             LAT=40.523, LON=-111.891, ALT=1500.552
2026-05-18T18:13:49 COLMAP[feature_extractor] I20260518 18:13:48.916025   130 feature_extraction.cc:323]   Gravity:         X=0.000, Y=1.000, Z=0.000
2026-05-18T18:13:54 COLMAP[feature_extractor] I20260518 18:13:54.446856   130 feature_extraction.cc:280] Processed file [1008/1710]
2026-05-18T18:13:54 COLMAP[feature_extractor] I20260518 18:13:54.446916   130 feature_extraction.cc:283]   Name:            DJI_01008.JPG
2026-05-18T18:13:54 COLMAP[feature_extractor] I20260518 18:13:54.446928   130 feature_extraction.cc:292]   Dimensions:      4000 x 2250
2026-05-18T18:13:54 COLMAP[feature_extractor] I20260518 18:13:54.446939   130 feature_extraction.cc:295]   Camera:          #1 - SIMPLE_RADIAL
2026-05-18T18:13:54 COLMAP[feature_extractor] I20260518 18:13:54.446951   130 feature_extraction.cc:298]   Focal Length:    2545.54px (Prior)
2026-05-18T18:13:54 COLMAP[feature_extractor] I20260518 18:13:54.446967   130 feature_extraction.cc:302]   Features:        8984 (SIFT)
2026-05-18T18:13:54 COLMAP[feature_extractor] I20260518 18:13:54.645740   130 feature_extraction.cc:316]   GPS:             LAT=40.523, LON=-111.890, ALT=1500.852
2026-05-18T18:13:54 COLMAP[feature_extractor] I20260518 18:13:54.645821   130 feature_extraction.cc:323]   Gravity:         X=0.000, Y=1.000, Z=0.000
2026-05-18T18:13:56 COLMAP[feature_extractor] I20260518 18:13:56.367313   130 feature_extraction.cc:280] Processed file [1009/1710]
2026-05-18T18:13:56 COLMAP[feature_extractor] I20260518 18:13:56.367375   130 feature_extraction.cc:283]   Name:            DJI_01009.JPG
2026-05-18T18:13:56 COLMAP[feature_extractor] I20260518 18:13:56.367388   130 feature_extraction.cc:292]   Dimensions:      4000 x 2250
2026-05-18T18:13:56 COLMAP[feature_extractor] I20260518 18:13:56.367398   130 feature_extraction.cc:295]   Camera:          #1 - SIMPLE_RADIAL
2026-05-18T18:13:56 COLMAP[feature_extractor] I20260518 18:13:56.367410   130 feature_extraction.cc:298]   Focal Length:    2545.54px (Prior)
2026-05-18T18:13:56 COLMAP[feature_extractor] I20260518 18:13:56.367425   130 feature_extraction.cc:302]   Features:        9178 (SIFT)
2026-05-18T18:13:56 COLMAP[feature_extractor] I20260518 18:13:56.614251   130 feature_extraction.cc:316]   GPS:             LAT=40.522, LON=-111.891, ALT=1500.252
2026-05-18T18:13:56 COLMAP[feature_extractor] I20260518 18:13:56.614322   130 feature_extraction.cc:323]   Gravity:         X=0.000, Y=1.000, Z=0.000
2026-05-18T18:13:57 COLMAP[feature_extractor] I20260518 18:13:57.419057   130 feature_extraction.cc:280] Processed file [1010/1710]
2026-05-18T18:13:57 COLMAP[feature_extractor] I20260518 18:13:57.419117   130 feature_extraction.cc:283]   Name:            DJI_01010.JPG
2026-05-18T18:13:57 COLMAP[feature_extractor] I20260518 18:13:57.419131   130 feature_extraction.cc:292]   Dimensions:      4000 x 2250
2026-05-18T18:13:57 COLMAP[feature_extractor] I20260518 18:13:57.419142   130 feature_extraction.cc:295]   Camera:          #1 - SIMPLE_RADIAL
2026-05-18T18:13:57 COLMAP[feature_extractor] I20260518 18:13:57.419155   130 feature_extraction.cc:298]   Focal Length:    2545.54px (Prior)
2026-05-18T18:13:57 COLMAP[feature_extractor] I20260518 18:13:57.419173   130 feature_extraction.cc:302]   Features:        9038 (SIFT)
2026-05-18T18:13:57 COLMAP[feature_extractor] I20260518 18:13:57.645169   130 feature_extraction.cc:316]   GPS:             LAT=40.522, LON=-111.891, ALT=1500.052
2026-05-18T18:13:57 COLMAP[feature_extractor] I20260518 18:13:57.645229   130 feature_extraction.cc:323]   Gravity:         X=0.000, Y=1.000, Z=0.000
2026-05-18T18:13:58 COLMAP[feature_extractor] I20260518 18:13:57.967764   130 feature_extraction.cc:280] Processed file [1011/1710]
2026-05-18T18:13:58 COLMAP[feature_extractor] I20260518 18:13:57.967828   130 feature_extraction.cc:283]   Name:            DJI_01011.JPG
2026-05-18T18:13:58 COLMAP[feature_extractor] I20260518 18:13:57.967840   130 feature_extraction.cc:292]   Dimensions:      4000 x 2250
2026-05-18T18:13:58 COLMAP[feature_extractor] I20260518 18:13:57.967851   130 feature_extraction.cc:295]   Camera:          #1 - SIMPLE_RADIAL
2026-05-18T18:13:58 COLMAP[feature_extractor] I20260518 18:13:57.967862   130 feature_extraction.cc:298]   Focal Length:    2545.54px (Prior)
2026-05-18T18:13:58 COLMAP[feature_extractor] I20260518 18:13:57.967877   130 feature_extraction.cc:302]   Features:        9184 (SIFT)
2026-05-18T18:13:58 COLMAP[feature_extractor] I20260518 18:13:58.180727   130 feature_extraction.cc:316]   GPS:             LAT=40.522, LON=-111.891, ALT=1500.652
2026-05-18T18:13:58 COLMAP[feature_extractor] I20260518 18:13:58.180792   130 feature_extraction.cc:323]   Gravity:         X=0.000, Y=1.000, Z=0.000
2026-05-18T18:14:04 COLMAP[feature_extractor] I20260518 18:14:03.803598   130 feature_extraction.cc:280] Processed file [1012/1710]
2026-05-18T18:14:04 COLMAP[feature_extractor] I20260518 18:14:03.803702   130 feature_extraction.cc:283]   Name:            DJI_01012.JPG
2026-05-18T18:14:04 COLMAP[feature_extractor] I20260518 18:14:03.803716   130 feature_extraction.cc:292]   Dimensions:      4000 x 2250
2026-05-18T18:14:04 COLMAP[feature_extractor] I20260518 18:14:03.803726   130 feature_extraction.cc:295]   Camera:          #1 - SIMPLE_RADIAL
2026-05-18T18:14:04 COLMAP[feature_extractor] I20260518 18:14:03.803738   130 feature_extraction.cc:298]   Focal Length:    2545.54px (Prior)
2026-05-18T18:14:04 COLMAP[feature_extractor] I20260518 18:14:03.803754   130 feature_extraction.cc:302]   Features:        9594 (SIFT)
2026-05-18T18:14:04 COLMAP[feature_extractor] I20260518 18:14:04.117134   130 feature_extraction.cc:316]   GPS:             LAT=40.522, LON=-111.891, ALT=1500.552
2026-05-18T18:14:04 COLMAP[feature_extractor] I20260518 18:14:04.117201   130 feature_extraction.cc:323]   Gravity:         X=0.000, Y=1.000, Z=0.000
2026-05-18T18:14:05 COLMAP[feature_extractor] I20260518 18:14:05.698922   130 feature_extraction.cc:280] Processed file [1013/1710]
2026-05-18T18:14:05 COLMAP[feature_extractor] I20260518 18:14:05.698984   130 feature_extraction.cc:283]   Name:            DJI_01013.JPG
2026-05-18T18:14:05 COLMAP[feature_extractor] I20260518 18:14:05.698997   130 feature_extraction.cc:292]   Dimensions:      4000 x 2250
2026-05-18T18:14:05 COLMAP[feature_extractor] I20260518 18:14:05.699007   130 feature_extraction.cc:295]   Camera:          #1 - SIMPLE_RADIAL
2026-05-18T18:14:05 COLMAP[feature_extractor] I20260518 18:14:05.699018   130 feature_extraction.cc:298]   Focal Length:    2545.54px (Prior)
2026-05-18T18:14:05 COLMAP[feature_extractor] I20260518 18:14:05.699033   130 feature_extraction.cc:302]   Features:        9776 (SIFT)
2026-05-18T18:14:06 COLMAP[feature_extractor] I20260518 18:14:06.001365   130 feature_extraction.cc:316]   GPS:             LAT=40.522, LON=-111.891, ALT=1500.552
2026-05-18T18:14:06 COLMAP[feature_extractor] I20260518 18:14:06.001427   130 feature_extraction.cc:323]   Gravity:         X=0.000, Y=1.000, Z=0.000
2026-05-18T18:14:07 COLMAP[feature_extractor] I20260518 18:14:06.813042   130 feature_extraction.cc:280] Processed file [1014/1710]
2026-05-18T18:14:07 COLMAP[feature_extractor] I20260518 18:14:06.813108   130 feature_extraction.cc:283]   Name:            DJI_01014.JPG
2026-05-18T18:14:07 COLMAP[feature_extractor] I20260518 18:14:06.813122   130 feature_extraction.cc:292]   Dimensions:      4000 x 2250
2026-05-18T18:14:07 COLMAP[feature_extractor] I20260518 18:14:06.813134   130 feature_extraction.cc:295]   Camera:          #1 - SIMPLE_RADIAL
2026-05-18T18:14:07 COLMAP[feature_extractor] I20260518 18:14:06.813146   130 feature_extraction.cc:298]   Focal Length:    2545.54px (Prior)
2026-05-18T18:14:07 COLMAP[feature_extractor] I20260518 18:14:06.813164   130 feature_extraction.cc:302]   Features:        9994 (SIFT)
2026-05-18T18:14:07 COLMAP[feature_extractor] I20260518 18:14:07.123662   130 feature_extraction.cc:316]   GPS:             LAT=40.521, LON=-111.891, ALT=1500.552
2026-05-18T18:14:07 COLMAP[feature_extractor] I20260518 18:14:07.123730   130 feature_extraction.cc:323]   Gravity:         X=0.000, Y=1.000, Z=0.000
2026-05-18T18:14:07 COLMAP[feature_extractor] I20260518 18:14:07.318512   130 feature_extraction.cc:280] Processed file [1015/1710]
2026-05-18T18:14:07 COLMAP[feature_extractor] I20260518 18:14:07.318574   130 feature_extraction.cc:283]   Name:            DJI_01015.JPG
2026-05-18T18:14:07 COLMAP[feature_extractor] I20260518 18:14:07.318586   130 feature_extraction.cc:292]   Dimensions:      4000 x 2250
2026-05-18T18:14:07 COLMAP[feature_extractor] I20260518 18:14:07.318598   130 feature_extraction.cc:295]   Camera:          #1 - SIMPLE_RADIAL
2026-05-18T18:14:07 COLMAP[feature_extractor] I20260518 18:14:07.318608   130 feature_extraction.cc:298]   Focal Length:    2545.54px (Prior)
2026-05-18T18:14:07 COLMAP[feature_extractor] I20260518 18:14:07.318624   130 feature_extraction.cc:302]   Features:        10090 (SIFT)
2026-05-18T18:14:07 COLMAP[feature_extractor] I20260518 18:14:07.573800   130 feature_extraction.cc:316]   GPS:             LAT=40.521, LON=-111.891, ALT=1500.252
2026-05-18T18:14:07 COLMAP[feature_extractor] I20260518 18:14:07.573863   130 feature_extraction.cc:323]   Gravity:         X=0.000, Y=1.000, Z=0.000
2026-05-18T18:14:13 COLMAP[feature_extractor] I20260518 18:14:13.147872   130 feature_extraction.cc:280] Processed file [1016/1710]
2026-05-18T18:14:13 COLMAP[feature_extractor] I20260518 18:14:13.147933   130 feature_extraction.cc:283]   Name:            DJI_01016.JPG
2026-05-18T18:14:13 COLMAP[feature_extractor] I20260518 18:14:13.147944   130 feature_extraction.cc:292]   Dimensions:      4000 x 2250
2026-05-18T18:14:13 COLMAP[feature_extractor] I20260518 18:14:13.147955   130 feature_extraction.cc:295]   Camera:          #1 - SIMPLE_RADIAL
2026-05-18T18:14:13 COLMAP[feature_extractor] I20260518 18:14:13.147966   130 feature_extraction.cc:298]   Focal Length:    2545.54px (Prior)
2026-05-18T18:14:13 COLMAP[feature_extractor] I20260518 18:14:13.147982   130 feature_extraction.cc:302]   Features:        10081 (SIFT)
2026-05-18T18:14:13 COLMAP[feature_extractor] I20260518 18:14:13.500908   130 feature_extraction.cc:316]   GPS:             LAT=40.522, LON=-111.891, ALT=1500.552
2026-05-18T18:14:13 COLMAP[feature_extractor] I20260518 18:14:13.500972   130 feature_extraction.cc:323]   Gravity:         X=0.000, Y=1.000, Z=0.000
2026-05-18T18:14:15 COLMAP[feature_extractor] I20260518 18:14:14.861960   130 feature_extraction.cc:280] Processed file [1017/1710]
2026-05-18T18:14:15 COLMAP[feature_extractor] I20260518 18:14:14.862020   130 feature_extraction.cc:283]   Name:            DJI_01017.JPG
2026-05-18T18:14:15 COLMAP[feature_extractor] I20260518 18:14:14.862030   130 feature_extraction.cc:292]   Dimensions:      4000 x 2250
2026-05-18T18:14:15 COLMAP[feature_extractor] I20260518 18:14:14.862041   130 feature_extraction.cc:295]   Camera:          #1 - SIMPLE_RADIAL
2026-05-18T18:14:15 COLMAP[feature_extractor] I20260518 18:14:14.862085   130 feature_extraction.cc:298]   Focal Length:    2545.54px (Prior)
2026-05-18T18:14:15 COLMAP[feature_extractor] I20260518 18:14:14.862102   130 feature_extraction.cc:302]   Features:        10094 (SIFT)
2026-05-18T18:14:15 COLMAP[feature_extractor] I20260518 18:14:15.140326   130 feature_extraction.cc:316]   GPS:             LAT=40.522, LON=-111.891, ALT=1500.652
2026-05-18T18:14:15 COLMAP[feature_extractor] I20260518 18:14:15.140391   130 feature_extraction.cc:323]   Gravity:         X=0.000, Y=1.000, Z=0.000
2026-05-18T18:14:16 COLMAP[feature_extractor] I20260518 18:14:16.063956   130 feature_extraction.cc:280] Processed file [1018/1710]
2026-05-18T18:14:16 COLMAP[feature_extractor] I20260518 18:14:16.064013   130 feature_extraction.cc:283]   Name:            DJI_01018.JPG
2026-05-18T18:14:16 COLMAP[feature_extractor] I20260518 18:14:16.064025   130 feature_extraction.cc:292]   Dimensions:      4000 x 2250
2026-05-18T18:14:16 COLMAP[feature_extractor] I20260518 18:14:16.064035   130 feature_extraction.cc:295]   Camera:          #1 - SIMPLE_RADIAL
2026-05-18T18:14:16 COLMAP[feature_extractor] I20260518 18:14:16.064047   130 feature_extraction.cc:298]   Focal Length:    2545.54px (Prior)
2026-05-18T18:14:16 COLMAP[feature_extractor] I20260518 18:14:16.064064   130 feature_extraction.cc:302]   Features:        9685 (SIFT)
2026-05-18T18:14:16 COLMAP[feature_extractor] I20260518 18:14:16.281623   130 feature_extraction.cc:316]   GPS:             LAT=40.522, LON=-111.891, ALT=1500.252
2026-05-18T18:14:16 COLMAP[feature_extractor] I20260518 18:14:16.281694   130 feature_extraction.cc:323]   Gravity:         X=0.000, Y=1.000, Z=0.000
2026-05-18T18:14:16 COLMAP[feature_extractor] I20260518 18:14:16.624689   130 feature_extraction.cc:280] Processed file [1019/1710]
2026-05-18T18:14:16 COLMAP[feature_extractor] I20260518 18:14:16.624747   130 feature_extraction.cc:283]   Name:            DJI_01019.JPG
2026-05-18T18:14:16 COLMAP[feature_extractor] I20260518 18:14:16.624759   130 feature_extraction.cc:292]   Dimensions:      4000 x 2250
2026-05-18T18:14:16 COLMAP[feature_extractor] I20260518 18:14:16.624769   130 feature_extraction.cc:295]   Camera:          #1 - SIMPLE_RADIAL
2026-05-18T18:14:16 COLMAP[feature_extractor] I20260518 18:14:16.624780   130 feature_extraction.cc:298]   Focal Length:    2545.54px (Prior)
2026-05-18T18:14:16 COLMAP[feature_extractor] I20260518 18:14:16.624796   130 feature_extraction.cc:302]   Features:        9656 (SIFT)
2026-05-18T18:14:17 COLMAP[feature_extractor] I20260518 18:14:16.867887   130 feature_extraction.cc:316]   GPS:             LAT=40.522, LON=-111.891, ALT=1500.852
2026-05-18T18:14:17 COLMAP[feature_extractor] I20260518 18:14:16.867949   130 feature_extraction.cc:323]   Gravity:         X=0.000, Y=1.000, Z=0.000
2026-05-18T18:14:22 COLMAP[feature_extractor] I20260518 18:14:22.439992   130 feature_extraction.cc:280] Processed file [1020/1710]
2026-05-18T18:14:22 COLMAP[feature_extractor] I20260518 18:14:22.440047   130 feature_extraction.cc:283]   Name:            DJI_01020.JPG
2026-05-18T18:14:22 COLMAP[feature_extractor] I20260518 18:14:22.440059   130 feature_extraction.cc:292]   Dimensions:      4000 x 2250
2026-05-18T18:14:22 COLMAP[feature_extractor] I20260518 18:14:22.440070   130 feature_extraction.cc:295]   Camera:          #1 - SIMPLE_RADIAL
2026-05-18T18:14:22 COLMAP[feature_extractor] I20260518 18:14:22.440083   130 feature_extraction.cc:298]   Focal Length:    2545.54px (Prior)
2026-05-18T18:14:22 COLMAP[feature_extractor] I20260518 18:14:22.440099   130 feature_extraction.cc:302]   Features:        9352 (SIFT)
2026-05-18T18:14:22 COLMAP[feature_extractor] I20260518 18:14:22.630712   130 feature_extraction.cc:316]   GPS:             LAT=40.522, LON=-111.891, ALT=1500.952
2026-05-18T18:14:22 COLMAP[feature_extractor] I20260518 18:14:22.630767   130 feature_extraction.cc:323]   Gravity:         X=0.000, Y=1.000, Z=0.000
2026-05-18T18:14:24 COLMAP[feature_extractor] I20260518 18:14:24.033706   130 feature_extraction.cc:280] Processed file [1021/1710]
2026-05-18T18:14:24 COLMAP[feature_extractor] I20260518 18:14:24.033767   130 feature_extraction.cc:283]   Name:            DJI_01021.JPG
2026-05-18T18:14:24 COLMAP[feature_extractor] I20260518 18:14:24.033779   130 feature_extraction.cc:292]   Dimensions:      4000 x 2250
2026-05-18T18:14:24 COLMAP[feature_extractor] I20260518 18:14:24.033789   130 feature_extraction.cc:295]   Camera:          #1 - SIMPLE_RADIAL
2026-05-18T18:14:24 COLMAP[feature_extractor] I20260518 18:14:24.033802   130 feature_extraction.cc:298]   Focal Length:    2545.54px (Prior)
2026-05-18T18:14:24 COLMAP[feature_extractor] I20260518 18:14:24.033818   130 feature_extraction.cc:302]   Features:        9162 (SIFT)
2026-05-18T18:14:24 COLMAP[feature_extractor] I20260518 18:14:24.224118   130 feature_extraction.cc:316]   GPS:             LAT=40.523, LON=-111.891, ALT=1500.752
2026-05-18T18:14:24 COLMAP[feature_extractor] I20260518 18:14:24.224177   130 feature_extraction.cc:323]   Gravity:         X=0.000, Y=1.000, Z=0.000
2026-05-18T18:14:25 COLMAP[feature_extractor] I20260518 18:14:25.348639   130 feature_extraction.cc:280] Processed file [1022/1710]
2026-05-18T18:14:25 COLMAP[feature_extractor] I20260518 18:14:25.348698   130 feature_extraction.cc:283]   Name:            DJI_01022.JPG
2026-05-18T18:14:25 COLMAP[feature_extractor] I20260518 18:14:25.348711   130 feature_extraction.cc:292]   Dimensions:      4000 x 2250
2026-05-18T18:14:25 COLMAP[feature_extractor] I20260518 18:14:25.348721   130 feature_extraction.cc:295]   Camera:          #1 - SIMPLE_RADIAL
2026-05-18T18:14:25 COLMAP[feature_extractor] I20260518 18:14:25.348732   130 feature_extraction.cc:298]   Focal Length:    2545.54px (Prior)
2026-05-18T18:14:25 COLMAP[feature_extractor] I20260518 18:14:25.348748   130 feature_extraction.cc:302]   Features:        8956 (SIFT)
2026-05-18T18:14:25 COLMAP[feature_extractor] I20260518 18:14:25.704710   130 feature_extraction.cc:316]   GPS:             LAT=40.523, LON=-111.891, ALT=1500.452
2026-05-18T18:14:25 COLMAP[feature_extractor] I20260518 18:14:25.704798   130 feature_extraction.cc:323]   Gravity:         X=0.000, Y=1.000, Z=0.000
2026-05-18T18:14:26 COLMAP[feature_extractor] I20260518 18:14:26.022526   130 feature_extraction.cc:280] Processed file [1023/1710]
2026-05-18T18:14:26 COLMAP[feature_extractor] I20260518 18:14:26.022588   130 feature_extraction.cc:283]   Name:            DJI_01023.JPG
2026-05-18T18:14:26 COLMAP[feature_extractor] I20260518 18:14:26.022599   130 feature_extraction.cc:292]   Dimensions:      4000 x 2250
2026-05-18T18:14:26 COLMAP[feature_extractor] I20260518 18:14:26.022610   130 feature_extraction.cc:295]   Camera:          #1 - SIMPLE_RADIAL
2026-05-18T18:14:26 COLMAP[feature_extractor] I20260518 18:14:26.022622   130 feature_extraction.cc:298]   Focal Length:    2545.54px (Prior)
2026-05-18T18:14:26 COLMAP[feature_extractor] I20260518 18:14:26.022637   130 feature_extraction.cc:302]   Features:        8926 (SIFT)
2026-05-18T18:14:26 COLMAP[feature_extractor] I20260518 18:14:26.236564   130 feature_extraction.cc:316]   GPS:             LAT=40.523, LON=-111.891, ALT=1500.452
2026-05-18T18:14:26 COLMAP[feature_extractor] I20260518 18:14:26.236625   130 feature_extraction.cc:323]   Gravity:         X=0.000, Y=1.000, Z=0.000
2026-05-18T18:14:31 COLMAP[feature_extractor] I20260518 18:14:31.591656   130 feature_extraction.cc:280] Processed file [1024/1710]
2026-05-18T18:14:31 COLMAP[feature_extractor] I20260518 18:14:31.591723   130 feature_extraction.cc:283]   Name:            DJI_01024.JPG
2026-05-18T18:14:31 COLMAP[feature_extractor] I20260518 18:14:31.591737   130 feature_extraction.cc:292]   Dimensions:      4000 x 2250
2026-05-18T18:14:31 COLMAP[feature_extractor] I20260518 18:14:31.591746   130 feature_extraction.cc:295]   Camera:          #1 - SIMPLE_RADIAL
2026-05-18T18:14:31 COLMAP[feature_extractor] I20260518 18:14:31.591758   130 feature_extraction.cc:298]   Focal Length:    2545.54px (Prior)
2026-05-18T18:14:31 COLMAP[feature_extractor] I20260518 18:14:31.591775   130 feature_extraction.cc:302]   Features:        8968 (SIFT)
2026-05-18T18:14:32 COLMAP[feature_extractor] I20260518 18:14:31.986567   130 feature_extraction.cc:316]   GPS:             LAT=40.523, LON=-111.891, ALT=1500.152
2026-05-18T18:14:32 COLMAP[feature_extractor] I20260518 18:14:31.986631   130 feature_extraction.cc:323]   Gravity:         X=0.000, Y=1.000, Z=0.000
2026-05-18T18:14:33 COLMAP[feature_extractor] I20260518 18:14:33.364084   130 feature_extraction.cc:280] Processed file [1025/1710]
2026-05-18T18:14:33 COLMAP[feature_extractor] I20260518 18:14:33.364142   130 feature_extraction.cc:283]   Name:            DJI_01025.JPG
2026-05-18T18:14:33 COLMAP[feature_extractor] I20260518 18:14:33.364154   130 feature_extraction.cc:292]   Dimensions:      4000 x 2250
2026-05-18T18:14:33 COLMAP[feature_extractor] I20260518 18:14:33.364164   130 feature_extraction.cc:295]   Camera:          #1 - SIMPLE_RADIAL
2026-05-18T18:14:33 COLMAP[feature_extractor] I20260518 18:14:33.364176   130 feature_extraction.cc:298]   Focal Length:    2545.54px (Prior)
2026-05-18T18:14:33 COLMAP[feature_extractor] I20260518 18:14:33.364192   130 feature_extraction.cc:302]   Features:        9441 (SIFT)
2026-05-18T18:14:33 COLMAP[feature_extractor] I20260518 18:14:33.599195   130 feature_extraction.cc:316]   GPS:             LAT=40.523, LON=-111.892, ALT=1499.852
2026-05-18T18:14:33 COLMAP[feature_extractor] I20260518 18:14:33.599260   130 feature_extraction.cc:323]   Gravity:         X=0.000, Y=1.000, Z=0.000
2026-05-18T18:14:34 COLMAP[feature_extractor] I20260518 18:14:34.559517   130 feature_extraction.cc:280] Processed file [1026/1710]
2026-05-18T18:14:34 COLMAP[feature_extractor] I20260518 18:14:34.559623   130 feature_extraction.cc:283]   Name:            DJI_01026.JPG
2026-05-18T18:14:34 COLMAP[feature_extractor] I20260518 18:14:34.559636   130 feature_extraction.cc:292]   Dimensions:      4000 x 2250
2026-05-18T18:14:34 COLMAP[feature_extractor] I20260518 18:14:34.559648   130 feature_extraction.cc:295]   Camera:          #1 - SIMPLE_RADIAL
2026-05-18T18:14:34 COLMAP[feature_extractor] I20260518 18:14:34.559659   130 feature_extraction.cc:298]   Focal Length:    2545.54px (Prior)
2026-05-18T18:14:34 COLMAP[feature_extractor] I20260518 18:14:34.559674   130 feature_extraction.cc:302]   Features:        9361 (SIFT)
2026-05-18T18:14:35 COLMAP[feature_extractor] I20260518 18:14:34.820686   130 feature_extraction.cc:316]   GPS:             LAT=40.523, LON=-111.892, ALT=1499.352
2026-05-18T18:14:35 COLMAP[feature_extractor] I20260518 18:14:34.820748   130 feature_extraction.cc:323]   Gravity:         X=0.000, Y=1.000, Z=0.000
2026-05-18T18:14:35 COLMAP[feature_extractor] I20260518 18:14:35.226578   130 feature_extraction.cc:280] Processed file [1027/1710]
2026-05-18T18:14:35 COLMAP[feature_extractor] I20260518 18:14:35.226637   130 feature_extraction.cc:283]   Name:            DJI_01027.JPG
2026-05-18T18:14:35 COLMAP[feature_extractor] I20260518 18:14:35.226649   130 feature_extraction.cc:292]   Dimensions:      4000 x 2250
2026-05-18T18:14:35 COLMAP[feature_extractor] I20260518 18:14:35.226660   130 feature_extraction.cc:295]   Camera:          #1 - SIMPLE_RADIAL
2026-05-18T18:14:35 COLMAP[feature_extractor] I20260518 18:14:35.226671   130 feature_extraction.cc:298]   Focal Length:    2545.54px (Prior)
2026-05-18T18:14:35 COLMAP[feature_extractor] I20260518 18:14:35.226687   130 feature_extraction.cc:302]   Features:        9494 (SIFT)
2026-05-18T18:14:35 COLMAP[feature_extractor] I20260518 18:14:35.493923   130 feature_extraction.cc:316]   GPS:             LAT=40.523, LON=-111.892, ALT=1498.852
2026-05-18T18:14:35 COLMAP[feature_extractor] I20260518 18:14:35.493983   130 feature_extraction.cc:323]   Gravity:         X=0.000, Y=1.000, Z=0.000
2026-05-18T18:14:41 COLMAP[feature_extractor] I20260518 18:14:40.810940   130 feature_extraction.cc:280] Processed file [1028/1710]
2026-05-18T18:14:41 COLMAP[feature_extractor] I20260518 18:14:40.811002   130 feature_extraction.cc:283]   Name:            DJI_01028.JPG
2026-05-18T18:14:41 COLMAP[feature_extractor] I20260518 18:14:40.811013   130 feature_extraction.cc:292]   Dimensions:      4000 x 2250
2026-05-18T18:14:41 COLMAP[feature_extractor] I20260518 18:14:40.811023   130 feature_extraction.cc:295]   Camera:          #1 - SIMPLE_RADIAL
2026-05-18T18:14:41 COLMAP[feature_extractor] I20260518 18:14:40.811035   130 feature_extraction.cc:298]   Focal Length:    2545.54px (Prior)
2026-05-18T18:14:41 COLMAP[feature_extractor] I20260518 18:14:40.811050   130 feature_extraction.cc:302]   Features:        9345 (SIFT)
2026-05-18T18:14:41 COLMAP[feature_extractor] I20260518 18:14:41.051795   130 feature_extraction.cc:316]   GPS:             LAT=40.524, LON=-111.892, ALT=1498.652
2026-05-18T18:14:41 COLMAP[feature_extractor] I20260518 18:14:41.051854   130 feature_extraction.cc:323]   Gravity:         X=0.000, Y=1.000, Z=0.000
2026-05-18T18:14:42 COLMAP[feature_extractor] I20260518 18:14:42.541661   130 feature_extraction.cc:280] Processed file [1029/1710]
2026-05-18T18:14:42 COLMAP[feature_extractor] I20260518 18:14:42.541733   130 feature_extraction.cc:283]   Name:            DJI_01029.JPG
2026-05-18T18:14:42 COLMAP[feature_extractor] I20260518 18:14:42.541746   130 feature_extraction.cc:292]   Dimensions:      4000 x 2250
2026-05-18T18:14:42 COLMAP[feature_extractor] I20260518 18:14:42.541756   130 feature_extraction.cc:295]   Camera:          #1 - SIMPLE_RADIAL
2026-05-18T18:14:42 COLMAP[feature_extractor] I20260518 18:14:42.541767   130 feature_extraction.cc:298]   Focal Length:    2545.54px (Prior)
2026-05-18T18:14:42 COLMAP[feature_extractor] I20260518 18:14:42.541783   130 feature_extraction.cc:302]   Features:        9423 (SIFT)
2026-05-18T18:14:43 COLMAP[feature_extractor] I20260518 18:14:42.846477   130 feature_extraction.cc:316]   GPS:             LAT=40.524, LON=-111.892, ALT=1498.252
2026-05-18T18:14:43 COLMAP[feature_extractor] I20260518 18:14:42.846529   130 feature_extraction.cc:323]   Gravity:         X=0.000, Y=1.000, Z=0.000
2026-05-18T18:14:43 COLMAP[feature_extractor] I20260518 18:14:43.720052   130 feature_extraction.cc:280] Processed file [1030/1710]
2026-05-18T18:14:43 COLMAP[feature_extractor] I20260518 18:14:43.720116   130 feature_extraction.cc:283]   Name:            DJI_01030.JPG
2026-05-18T18:14:43 COLMAP[feature_extractor] I20260518 18:14:43.720129   130 feature_extraction.cc:292]   Dimensions:      4000 x 2250
2026-05-18T18:14:43 COLMAP[feature_extractor] I20260518 18:14:43.720139   130 feature_extraction.cc:295]   Camera:          #1 - SIMPLE_RADIAL
2026-05-18T18:14:43 COLMAP[feature_extractor] I20260518 18:14:43.720150   130 feature_extraction.cc:298]   Focal Length:    2545.54px (Prior)
2026-05-18T18:14:43 COLMAP[feature_extractor] I20260518 18:14:43.720166   130 feature_extraction.cc:302]   Features:        9315 (SIFT)
2026-05-18T18:14:44 COLMAP[feature_extractor] I20260518 18:14:43.984562   130 feature_extraction.cc:316]   GPS:             LAT=40.524, LON=-111.893, ALT=1497.952
2026-05-18T18:14:44 COLMAP[feature_extractor] I20260518 18:14:43.984622   130 feature_extraction.cc:323]   Gravity:         X=0.000, Y=1.000, Z=0.000
2026-05-18T18:14:44 COLMAP[feature_extractor] I20260518 18:14:44.531517   130 feature_extraction.cc:280] Processed file [1031/1710]
2026-05-18T18:14:44 COLMAP[feature_extractor] I20260518 18:14:44.531584   130 feature_extraction.cc:283]   Name:            DJI_01031.JPG
2026-05-18T18:14:44 COLMAP[feature_extractor] I20260518 18:14:44.531597   130 feature_extraction.cc:292]   Dimensions:      4000 x 2250
2026-05-18T18:14:44 COLMAP[feature_extractor] I20260518 18:14:44.531610   130 feature_extraction.cc:295]   Camera:          #1 - SIMPLE_RADIAL
2026-05-18T18:14:44 COLMAP[feature_extractor] I20260518 18:14:44.531653   130 feature_extraction.cc:298]   Focal Length:    2545.54px (Prior)
2026-05-18T18:14:44 COLMAP[feature_extractor] I20260518 18:14:44.531672   130 feature_extraction.cc:302]   Features:        9354 (SIFT)
2026-05-18T18:14:45 COLMAP[feature_extractor] I20260518 18:14:44.788844   130 feature_extraction.cc:316]   GPS:             LAT=40.524, LON=-111.892, ALT=1498.052
2026-05-18T18:14:45 COLMAP[feature_extractor] I20260518 18:14:44.788903   130 feature_extraction.cc:323]   Gravity:         X=0.000, Y=1.000, Z=0.000
2026-05-18T18:14:50 COLMAP[feature_extractor] I20260518 18:14:50.196470   130 feature_extraction.cc:280] Processed file [1032/1710]
2026-05-18T18:14:50 COLMAP[feature_extractor] I20260518 18:14:50.196538   130 feature_extraction.cc:283]   Name:            DJI_01032.JPG
2026-05-18T18:14:50 COLMAP[feature_extractor] I20260518 18:14:50.196552   130 feature_extraction.cc:292]   Dimensions:      4000 x 2250
2026-05-18T18:14:50 COLMAP[feature_extractor] I20260518 18:14:50.196561   130 feature_extraction.cc:295]   Camera:          #1 - SIMPLE_RADIAL
2026-05-18T18:14:50 COLMAP[feature_extractor] I20260518 18:14:50.196573   130 feature_extraction.cc:298]   Focal Length:    2545.54px (Prior)
2026-05-18T18:14:50 COLMAP[feature_extractor] I20260518 18:14:50.196589   130 feature_extraction.cc:302]   Features:        9278 (SIFT)
2026-05-18T18:14:50 COLMAP[feature_extractor] I20260518 18:14:50.478660   130 feature_extraction.cc:316]   GPS:             LAT=40.524, LON=-111.892, ALT=1498.352
2026-05-18T18:14:50 COLMAP[feature_extractor] I20260518 18:14:50.478718   130 feature_extraction.cc:323]   Gravity:         X=0.000, Y=1.000, Z=0.000
2026-05-18T18:14:52 COLMAP[feature_extractor] I20260518 18:14:51.848739   130 feature_extraction.cc:280] Processed file [1033/1710]
2026-05-18T18:14:52 COLMAP[feature_extractor] I20260518 18:14:51.848800   130 feature_extraction.cc:283]   Name:            DJI_01033.JPG
2026-05-18T18:14:52 COLMAP[feature_extractor] I20260518 18:14:51.848814   130 feature_extraction.cc:292]   Dimensions:      4000 x 2250
2026-05-18T18:14:52 COLMAP[feature_extractor] I20260518 18:14:51.848824   130 feature_extraction.cc:295]   Camera:          #1 - SIMPLE_RADIAL
2026-05-18T18:14:52 COLMAP[feature_extractor] I20260518 18:14:51.848835   130 feature_extraction.cc:298]   Focal Length:    2545.54px (Prior)
2026-05-18T18:14:52 COLMAP[feature_extractor] I20260518 18:14:51.848851   130 feature_extraction.cc:302]   Features:        9011 (SIFT)
2026-05-18T18:14:52 COLMAP[feature_extractor] I20260518 18:14:52.051534   130 feature_extraction.cc:316]   GPS:             LAT=40.523, LON=-111.892, ALT=1498.652
2026-05-18T18:14:52 COLMAP[feature_extractor] I20260518 18:14:52.051604   130 feature_extraction.cc:323]   Gravity:         X=0.000, Y=1.000, Z=0.000
2026-05-18T18:14:53 COLMAP[feature_extractor] I20260518 18:14:52.953011   130 feature_extraction.cc:280] Processed file [1034/1710]
2026-05-18T18:14:53 COLMAP[feature_extractor] I20260518 18:14:52.953075   130 feature_extraction.cc:283]   Name:            DJI_01034.JPG
2026-05-18T18:14:53 COLMAP[feature_extractor] I20260518 18:14:52.953087   130 feature_extraction.cc:292]   Dimensions:      4000 x 2250
2026-05-18T18:14:53 COLMAP[feature_extractor] I20260518 18:14:52.953099   130 feature_extraction.cc:295]   Camera:          #1 - SIMPLE_RADIAL
2026-05-18T18:14:53 COLMAP[feature_extractor] I20260518 18:14:52.953110   130 feature_extraction.cc:298]   Focal Length:    2545.54px (Prior)
2026-05-18T18:14:53 COLMAP[feature_extractor] I20260518 18:14:52.953127   130 feature_extraction.cc:302]   Features:        8963 (SIFT)
2026-05-18T18:14:53 COLMAP[feature_extractor] I20260518 18:14:53.226140   130 feature_extraction.cc:316]   GPS:             LAT=40.523, LON=-111.892, ALT=1499.152
2026-05-18T18:14:53 COLMAP[feature_extractor] I20260518 18:14:53.226200   130 feature_extraction.cc:323]   Gravity:         X=0.000, Y=1.000, Z=0.000
2026-05-18T18:14:54 COLMAP[feature_extractor] I20260518 18:14:53.943235   130 feature_extraction.cc:280] Processed file [1035/1710]
2026-05-18T18:14:54 COLMAP[feature_extractor] I20260518 18:14:53.943300   130 feature_extraction.cc:283]   Name:            DJI_01035.JPG
2026-05-18T18:14:54 COLMAP[feature_extractor] I20260518 18:14:53.943312   130 feature_extraction.cc:292]   Dimensions:      4000 x 2250
2026-05-18T18:14:54 COLMAP[feature_extractor] I20260518 18:14:53.943322   130 feature_extraction.cc:295]   Camera:          #1 - SIMPLE_RADIAL
2026-05-18T18:14:54 COLMAP[feature_extractor] I20260518 18:14:53.943333   130 feature_extraction.cc:298]   Focal Length:    2545.54px (Prior)
2026-05-18T18:14:54 COLMAP[feature_extractor] I20260518 18:14:53.943349   130 feature_extraction.cc:302]   Features:        8741 (SIFT)
2026-05-18T18:14:54 COLMAP[feature_extractor] I20260518 18:14:54.154605   130 feature_extraction.cc:316]   GPS:             LAT=40.523, LON=-111.892, ALT=1499.552
2026-05-18T18:14:54 COLMAP[feature_extractor] I20260518 18:14:54.154670   130 feature_extraction.cc:323]   Gravity:         X=0.000, Y=1.000, Z=0.000
2026-05-18T18:14:59 COLMAP[feature_extractor] I20260518 18:14:59.290270   130 feature_extraction.cc:280] Processed file [1036/1710]
2026-05-18T18:14:59 COLMAP[feature_extractor] I20260518 18:14:59.290335   130 feature_extraction.cc:283]   Name:            DJI_01036.JPG
2026-05-18T18:14:59 COLMAP[feature_extractor] I20260518 18:14:59.290347   130 feature_extraction.cc:292]   Dimensions:      4000 x 2250
2026-05-18T18:14:59 COLMAP[feature_extractor] I20260518 18:14:59.290356   130 feature_extraction.cc:295]   Camera:          #1 - SIMPLE_RADIAL
2026-05-18T18:14:59 COLMAP[feature_extractor] I20260518 18:14:59.290366   130 feature_extraction.cc:298]   Focal Length:    2545.54px (Prior)
2026-05-18T18:14:59 COLMAP[feature_extractor] I20260518 18:14:59.290382   130 feature_extraction.cc:302]   Features:        8842 (SIFT)
2026-05-18T18:14:59 COLMAP[feature_extractor] I20260518 18:14:59.549002   130 feature_extraction.cc:316]   GPS:             LAT=40.523, LON=-111.891, ALT=1500.152
2026-05-18T18:14:59 COLMAP[feature_extractor] I20260518 18:14:59.549101   130 feature_extraction.cc:323]   Gravity:         X=0.000, Y=1.000, Z=0.000
2026-05-18T18:15:01 COLMAP[feature_extractor] I20260518 18:15:01.216166   130 feature_extraction.cc:280] Processed file [1037/1710]
2026-05-18T18:15:01 COLMAP[feature_extractor] I20260518 18:15:01.216250   130 feature_extraction.cc:283]   Name:            DJI_01037.JPG
2026-05-18T18:15:01 COLMAP[feature_extractor] I20260518 18:15:01.216267   130 feature_extraction.cc:292]   Dimensions:      4000 x 2250
2026-05-18T18:15:01 COLMAP[feature_extractor] I20260518 18:15:01.216281   130 feature_extraction.cc:295]   Camera:          #1 - SIMPLE_RADIAL
2026-05-18T18:15:01 COLMAP[feature_extractor] I20260518 18:15:01.216296   130 feature_extraction.cc:298]   Focal Length:    2545.54px (Prior)
2026-05-18T18:15:01 COLMAP[feature_extractor] I20260518 18:15:01.216318   130 feature_extraction.cc:302]   Features:        8962 (SIFT)
2026-05-18T18:15:01 COLMAP[feature_extractor] I20260518 18:15:01.725471   130 feature_extraction.cc:316]   GPS:             LAT=40.523, LON=-111.891, ALT=1500.752
2026-05-18T18:15:01 COLMAP[feature_extractor] I20260518 18:15:01.725528   130 feature_extraction.cc:323]   Gravity:         X=0.000, Y=1.000, Z=0.000
2026-05-18T18:15:02 COLMAP[feature_extractor] I20260518 18:15:02.401867   130 feature_extraction.cc:280] Processed file [1038/1710]
2026-05-18T18:15:02 COLMAP[feature_extractor] I20260518 18:15:02.401930   130 feature_extraction.cc:283]   Name:            DJI_01038.JPG
2026-05-18T18:15:02 COLMAP[feature_extractor] I20260518 18:15:02.401942   130 feature_extraction.cc:292]   Dimensions:      4000 x 2250
2026-05-18T18:15:02 COLMAP[feature_extractor] I20260518 18:15:02.401953   130 feature_extraction.cc:295]   Camera:          #1 - SIMPLE_RADIAL
2026-05-18T18:15:02 COLMAP[feature_extractor] I20260518 18:15:02.401965   130 feature_extraction.cc:298]   Focal Length:    2545.54px (Prior)
2026-05-18T18:15:02 COLMAP[feature_extractor] I20260518 18:15:02.401983   130 feature_extraction.cc:302]   Features:        8946 (SIFT)
2026-05-18T18:15:02 COLMAP[feature_extractor] I20260518 18:15:02.604115   130 feature_extraction.cc:316]   GPS:             LAT=40.523, LON=-111.891, ALT=1500.552
2026-05-18T18:15:02 COLMAP[feature_extractor] I20260518 18:15:02.604176   130 feature_extraction.cc:323]   Gravity:         X=0.000, Y=1.000, Z=0.000
2026-05-18T18:15:03 COLMAP[feature_extractor] I20260518 18:15:03.394531   130 feature_extraction.cc:280] Processed file [1039/1710]
2026-05-18T18:15:03 COLMAP[feature_extractor] I20260518 18:15:03.394588   130 feature_extraction.cc:283]   Name:            DJI_01039.JPG
2026-05-18T18:15:03 COLMAP[feature_extractor] I20260518 18:15:03.394600   130 feature_extraction.cc:292]   Dimensions:      4000 x 2250
2026-05-18T18:15:03 COLMAP[feature_extractor] I20260518 18:15:03.394610   130 feature_extraction.cc:295]   Camera:          #1 - SIMPLE_RADIAL
2026-05-18T18:15:03 COLMAP[feature_extractor] I20260518 18:15:03.394622   130 feature_extraction.cc:298]   Focal Length:    2545.54px (Prior)
2026-05-18T18:15:03 COLMAP[feature_extractor] I20260518 18:15:03.394637   130 feature_extraction.cc:302]   Features:        9029 (SIFT)
2026-05-18T18:15:03 COLMAP[feature_extractor] I20260518 18:15:03.703926   130 feature_extraction.cc:316]   GPS:             LAT=40.523, LON=-111.891, ALT=1500.252
2026-05-18T18:15:03 COLMAP[feature_extractor] I20260518 18:15:03.703986   130 feature_extraction.cc:323]   Gravity:         X=0.000, Y=1.000, Z=0.000
2026-05-18T18:15:08 COLMAP[feature_extractor] I20260518 18:15:08.514343   130 feature_extraction.cc:280] Processed file [1040/1710]
2026-05-18T18:15:08 COLMAP[feature_extractor] I20260518 18:15:08.514421   130 feature_extraction.cc:283]   Name:            DJI_01040.JPG
2026-05-18T18:15:08 COLMAP[feature_extractor] I20260518 18:15:08.514434   130 feature_extraction.cc:292]   Dimensions:      4000 x 2250
2026-05-18T18:15:08 COLMAP[feature_extractor] I20260518 18:15:08.514446   130 feature_extraction.cc:295]   Camera:          #1 - SIMPLE_RADIAL
2026-05-18T18:15:08 COLMAP[feature_extractor] I20260518 18:15:08.514456   130 feature_extraction.cc:298]   Focal Length:    2545.54px (Prior)
2026-05-18T18:15:08 COLMAP[feature_extractor] I20260518 18:15:08.514472   130 feature_extraction.cc:302]   Features:        11092 (SIFT)
2026-05-18T18:15:09 COLMAP[feature_extractor] I20260518 18:15:08.829571   130 feature_extraction.cc:316]   GPS:             LAT=40.522, LON=-111.891, ALT=1501.052
2026-05-18T18:15:09 COLMAP[feature_extractor] I20260518 18:15:08.829627   130 feature_extraction.cc:323]   Gravity:         X=0.000, Y=1.000, Z=0.000
2026-05-18T18:15:10 COLMAP[feature_extractor] I20260518 18:15:10.690191   130 feature_extraction.cc:280] Processed file [1041/1710]
2026-05-18T18:15:10 COLMAP[feature_extractor] I20260518 18:15:10.690249   130 feature_extraction.cc:283]   Name:            DJI_01041.JPG
2026-05-18T18:15:10 COLMAP[feature_extractor] I20260518 18:15:10.690263   130 feature_extraction.cc:292]   Dimensions:      4000 x 2250
2026-05-18T18:15:10 COLMAP[feature_extractor] I20260518 18:15:10.690272   130 feature_extraction.cc:295]   Camera:          #1 - SIMPLE_RADIAL
2026-05-18T18:15:10 COLMAP[feature_extractor] I20260518 18:15:10.690284   130 feature_extraction.cc:298]   Focal Length:    2545.54px (Prior)
2026-05-18T18:15:10 COLMAP[feature_extractor] I20260518 18:15:10.690299   130 feature_extraction.cc:302]   Features:        8533 (SIFT)
2026-05-18T18:15:11 COLMAP[feature_extractor] I20260518 18:15:10.952292   130 feature_extraction.cc:316]   GPS:             LAT=40.522, LON=-111.891, ALT=1500.552
2026-05-18T18:15:11 COLMAP[feature_extractor] I20260518 18:15:10.952353   130 feature_extraction.cc:323]   Gravity:         X=0.000, Y=1.000, Z=0.000
2026-05-18T18:15:11 COLMAP[feature_extractor] I20260518 18:15:11.542297   130 feature_extraction.cc:280] Processed file [1042/1710]
2026-05-18T18:15:11 COLMAP[feature_extractor] I20260518 18:15:11.542352   130 feature_extraction.cc:283]   Name:            DJI_01042.JPG
2026-05-18T18:15:11 COLMAP[feature_extractor] I20260518 18:15:11.542364   130 feature_extraction.cc:292]   Dimensions:      4000 x 2250
2026-05-18T18:15:11 COLMAP[feature_extractor] I20260518 18:15:11.542374   130 feature_extraction.cc:295]   Camera:          #1 - SIMPLE_RADIAL
2026-05-18T18:15:11 COLMAP[feature_extractor] I20260518 18:15:11.542385   130 feature_extraction.cc:298]   Focal Length:    2545.54px (Prior)
2026-05-18T18:15:11 COLMAP[feature_extractor] I20260518 18:15:11.542400   130 feature_extraction.cc:302]   Features:        9818 (SIFT)
2026-05-18T18:15:12 COLMAP[feature_extractor] I20260518 18:15:11.749769   130 feature_extraction.cc:316]   GPS:             LAT=40.522, LON=-111.891, ALT=1501.052
2026-05-18T18:15:12 COLMAP[feature_extractor] I20260518 18:15:11.749830   130 feature_extraction.cc:323]   Gravity:         X=0.000, Y=1.000, Z=0.000
2026-05-18T18:15:13 COLMAP[feature_extractor] I20260518 18:15:12.839869   130 feature_extraction.cc:280] Processed file [1043/1710]
2026-05-18T18:15:13 COLMAP[feature_extractor] I20260518 18:15:12.839920   130 feature_extraction.cc:283]   Name:            DJI_01043.JPG
2026-05-18T18:15:13 COLMAP[feature_extractor] I20260518 18:15:12.839932   130 feature_extraction.cc:292]   Dimensions:      4000 x 2250
2026-05-18T18:15:13 COLMAP[feature_extractor] I20260518 18:15:12.839943   130 feature_extraction.cc:295]   Camera:          #1 - SIMPLE_RADIAL
2026-05-18T18:15:13 COLMAP[feature_extractor] I20260518 18:15:12.839954   130 feature_extraction.cc:298]   Focal Length:    2545.54px (Prior)
2026-05-18T18:15:13 COLMAP[feature_extractor] I20260518 18:15:12.839969   130 feature_extraction.cc:302]   Features:        8731 (SIFT)
2026-05-18T18:15:13 COLMAP[feature_extractor] I20260518 18:15:13.143975   130 feature_extraction.cc:316]   GPS:             LAT=40.522, LON=-111.891, ALT=1500.352
2026-05-18T18:15:13 COLMAP[feature_extractor] I20260518 18:15:13.144037   130 feature_extraction.cc:323]   Gravity:         X=0.000, Y=1.000, Z=0.000
2026-05-18T18:15:18 COLMAP[feature_extractor] I20260518 18:15:17.880906   130 feature_extraction.cc:280] Processed file [1044/1710]
2026-05-18T18:15:18 COLMAP[feature_extractor] I20260518 18:15:17.880959   130 feature_extraction.cc:283]   Name:            DJI_01044.JPG
2026-05-18T18:15:18 COLMAP[feature_extractor] I20260518 18:15:17.880975   130 feature_extraction.cc:292]   Dimensions:      4000 x 2250
2026-05-18T18:15:18 COLMAP[feature_extractor] I20260518 18:15:17.880987   130 feature_extraction.cc:295]   Camera:          #1 - SIMPLE_RADIAL
2026-05-18T18:15:18 COLMAP[feature_extractor] I20260518 18:15:17.880999   130 feature_extraction.cc:298]   Focal Length:    2545.54px (Prior)
2026-05-18T18:15:18 COLMAP[feature_extractor] I20260518 18:15:17.881016   130 feature_extraction.cc:302]   Features:        8520 (SIFT)
2026-05-18T18:15:18 COLMAP[feature_extractor] I20260518 18:15:18.067181   130 feature_extraction.cc:316]   GPS:             LAT=40.522, LON=-111.891, ALT=1500.652
2026-05-18T18:15:18 COLMAP[feature_extractor] I20260518 18:15:18.067237   130 feature_extraction.cc:323]   Gravity:         X=0.000, Y=1.000, Z=0.000
2026-05-18T18:15:20 COLMAP[feature_extractor] I20260518 18:15:19.877646   130 feature_extraction.cc:280] Processed file [1045/1710]
2026-05-18T18:15:20 COLMAP[feature_extractor] I20260518 18:15:19.877718   130 feature_extraction.cc:283]   Name:            DJI_01045.JPG
2026-05-18T18:15:20 COLMAP[feature_extractor] I20260518 18:15:19.877732   130 feature_extraction.cc:292]   Dimensions:      4000 x 2250
2026-05-18T18:15:20 COLMAP[feature_extractor] I20260518 18:15:19.877743   130 feature_extraction.cc:295]   Camera:          #1 - SIMPLE_RADIAL
2026-05-18T18:15:20 COLMAP[feature_extractor] I20260518 18:15:19.877786   130 feature_extraction.cc:298]   Focal Length:    2545.54px (Prior)
2026-05-18T18:15:20 COLMAP[feature_extractor] I20260518 18:15:19.877803   130 feature_extraction.cc:302]   Features:        10110 (SIFT)
2026-05-18T18:15:20 COLMAP[feature_extractor] I20260518 18:15:20.241552   130 feature_extraction.cc:316]   GPS:             LAT=40.522, LON=-111.891, ALT=1500.552
2026-05-18T18:15:20 COLMAP[feature_extractor] I20260518 18:15:20.241616   130 feature_extraction.cc:323]   Gravity:         X=0.000, Y=1.000, Z=0.000
2026-05-18T18:15:21 COLMAP[feature_extractor] I20260518 18:15:20.777707   130 feature_extraction.cc:280] Processed file [1046/1710]
2026-05-18T18:15:21 COLMAP[feature_extractor] I20260518 18:15:20.777770   130 feature_extraction.cc:283]   Name:            DJI_01046.JPG
2026-05-18T18:15:21 COLMAP[feature_extractor] I20260518 18:15:20.777782   130 feature_extraction.cc:292]   Dimensions:      4000 x 2250
2026-05-18T18:15:21 COLMAP[feature_extractor] I20260518 18:15:20.777793   130 feature_extraction.cc:295]   Camera:          #1 - SIMPLE_RADIAL
2026-05-18T18:15:21 COLMAP[feature_extractor] I20260518 18:15:20.777804   130 feature_extraction.cc:298]   Focal Length:    2545.54px (Prior)
2026-05-18T18:15:21 COLMAP[feature_extractor] I20260518 18:15:20.777822   130 feature_extraction.cc:302]   Features:        9955 (SIFT)
2026-05-18T18:15:21 COLMAP[feature_extractor] I20260518 18:15:20.979199   130 feature_extraction.cc:316]   GPS:             LAT=40.522, LON=-111.891, ALT=1500.752
2026-05-18T18:15:21 COLMAP[feature_extractor] I20260518 18:15:20.979261   130 feature_extraction.cc:323]   Gravity:         X=0.000, Y=1.000, Z=0.000
2026-05-18T18:15:22 COLMAP[feature_extractor] I20260518 18:15:22.330396   130 feature_extraction.cc:280] Processed file [1047/1710]
2026-05-18T18:15:22 COLMAP[feature_extractor] I20260518 18:15:22.330456   130 feature_extraction.cc:283]   Name:            DJI_01047.JPG
2026-05-18T18:15:22 COLMAP[feature_extractor] I20260518 18:15:22.330468   130 feature_extraction.cc:292]   Dimensions:      4000 x 2250
2026-05-18T18:15:22 COLMAP[feature_extractor] I20260518 18:15:22.330478   130 feature_extraction.cc:295]   Camera:          #1 - SIMPLE_RADIAL
2026-05-18T18:15:22 COLMAP[feature_extractor] I20260518 18:15:22.330490   130 feature_extraction.cc:298]   Focal Length:    2545.54px (Prior)
2026-05-18T18:15:22 COLMAP[feature_extractor] I20260518 18:15:22.330505   130 feature_extraction.cc:302]   Features:        10720 (SIFT)
2026-05-18T18:15:22 COLMAP[feature_extractor] I20260518 18:15:22.606799   130 feature_extraction.cc:316]   GPS:             LAT=40.522, LON=-111.891, ALT=1500.852
2026-05-18T18:15:22 COLMAP[feature_extractor] I20260518 18:15:22.606861   130 feature_extraction.cc:323]   Gravity:         X=0.000, Y=1.000, Z=0.000
2026-05-18T18:15:27 COLMAP[feature_extractor] I20260518 18:15:26.971853   130 feature_extraction.cc:280] Processed file [1048/1710]
2026-05-18T18:15:27 COLMAP[feature_extractor] I20260518 18:15:26.971916   130 feature_extraction.cc:283]   Name:            DJI_01048.JPG
2026-05-18T18:15:27 COLMAP[feature_extractor] I20260518 18:15:26.971928   130 feature_extraction.cc:292]   Dimensions:      4000 x 2250
2026-05-18T18:15:27 COLMAP[feature_extractor] I20260518 18:15:26.971939   130 feature_extraction.cc:295]   Camera:          #1 - SIMPLE_RADIAL
2026-05-18T18:15:27 COLMAP[feature_extractor] I20260518 18:15:26.971951   130 feature_extraction.cc:298]   Focal Length:    2545.54px (Prior)
2026-05-18T18:15:27 COLMAP[feature_extractor] I20260518 18:15:26.971967   130 feature_extraction.cc:302]   Features:        8294 (SIFT)
2026-05-18T18:15:27 COLMAP[feature_extractor] I20260518 18:15:27.288072   130 feature_extraction.cc:316]   GPS:             LAT=40.522, LON=-111.891, ALT=1500.452
2026-05-18T18:15:27 COLMAP[feature_extractor] I20260518 18:15:27.288131   130 feature_extraction.cc:323]   Gravity:         X=0.000, Y=1.000, Z=0.000
2026-05-18T18:15:29 COLMAP[feature_extractor] I20260518 18:15:29.002516   130 feature_extraction.cc:280] Processed file [1049/1710]
2026-05-18T18:15:29 COLMAP[feature_extractor] I20260518 18:15:29.002574   130 feature_extraction.cc:283]   Name:            DJI_01049.JPG
2026-05-18T18:15:29 COLMAP[feature_extractor] I20260518 18:15:29.002586   130 feature_extraction.cc:292]   Dimensions:      4000 x 2250
2026-05-18T18:15:29 COLMAP[feature_extractor] I20260518 18:15:29.002597   130 feature_extraction.cc:295]   Camera:          #1 - SIMPLE_RADIAL
2026-05-18T18:15:29 COLMAP[feature_extractor] I20260518 18:15:29.002609   130 feature_extraction.cc:298]   Focal Length:    2545.54px (Prior)
2026-05-18T18:15:29 COLMAP[feature_extractor] I20260518 18:15:29.002624   130 feature_extraction.cc:302]   Features:        11104 (SIFT)
2026-05-18T18:15:29 COLMAP[feature_extractor] I20260518 18:15:29.271615   130 feature_extraction.cc:316]   GPS:             LAT=40.522, LON=-111.891, ALT=1500.252
2026-05-18T18:15:29 COLMAP[feature_extractor] I20260518 18:15:29.271663   130 feature_extraction.cc:323]   Gravity:         X=0.000, Y=1.000, Z=0.000
2026-05-18T18:15:30 COLMAP[feature_extractor] I20260518 18:15:30.098522   130 feature_extraction.cc:280] Processed file [1050/1710]
2026-05-18T18:15:30 COLMAP[feature_extractor] I20260518 18:15:30.098580   130 feature_extraction.cc:283]   Name:            DJI_01050.JPG
2026-05-18T18:15:30 COLMAP[feature_extractor] I20260518 18:15:30.098592   130 feature_extraction.cc:292]   Dimensions:      4000 x 2250
2026-05-18T18:15:30 COLMAP[feature_extractor] I20260518 18:15:30.098603   130 feature_extraction.cc:295]   Camera:          #1 - SIMPLE_RADIAL
2026-05-18T18:15:30 COLMAP[feature_extractor] I20260518 18:15:30.098615   130 feature_extraction.cc:298]   Focal Length:    2545.54px (Prior)
2026-05-18T18:15:30 COLMAP[feature_extractor] I20260518 18:15:30.098630   130 feature_extraction.cc:302]   Features:        11488 (SIFT)
2026-05-18T18:15:30 COLMAP[feature_extractor] I20260518 18:15:30.337105   130 feature_extraction.cc:316]   GPS:             LAT=40.523, LON=-111.891, ALT=1500.252
2026-05-18T18:15:30 COLMAP[feature_extractor] I20260518 18:15:30.337185   130 feature_extraction.cc:323]   Gravity:         X=0.000, Y=1.000, Z=0.000
2026-05-18T18:15:31 COLMAP[feature_extractor] I20260518 18:15:31.561244   130 feature_extraction.cc:280] Processed file [1051/1710]
2026-05-18T18:15:31 COLMAP[feature_extractor] I20260518 18:15:31.561304   130 feature_extraction.cc:283]   Name:            DJI_01051.JPG
2026-05-18T18:15:31 COLMAP[feature_extractor] I20260518 18:15:31.561316   130 feature_extraction.cc:292]   Dimensions:      4000 x 2250
2026-05-18T18:15:31 COLMAP[feature_extractor] I20260518 18:15:31.561326   130 feature_extraction.cc:295]   Camera:          #1 - SIMPLE_RADIAL
2026-05-18T18:15:31 COLMAP[feature_extractor] I20260518 18:15:31.561338   130 feature_extraction.cc:298]   Focal Length:    2545.54px (Prior)
2026-05-18T18:15:31 COLMAP[feature_extractor] I20260518 18:15:31.561354   130 feature_extraction.cc:302]   Features:        8231 (SIFT)
2026-05-18T18:15:32 COLMAP[feature_extractor] I20260518 18:15:31.858961   130 feature_extraction.cc:316]   GPS:             LAT=40.523, LON=-111.892, ALT=1500.752
2026-05-18T18:15:32 COLMAP[feature_extractor] I20260518 18:15:31.859028   130 feature_extraction.cc:323]   Gravity:         X=0.000, Y=1.000, Z=0.000
2026-05-18T18:15:36 COLMAP[feature_extractor] I20260518 18:15:36.155630   130 feature_extraction.cc:280] Processed file [1052/1710]
2026-05-18T18:15:36 COLMAP[feature_extractor] I20260518 18:15:36.155700   130 feature_extraction.cc:283]   Name:            DJI_01052.JPG
2026-05-18T18:15:36 COLMAP[feature_extractor] I20260518 18:15:36.155714   130 feature_extraction.cc:292]   Dimensions:      4000 x 2250
2026-05-18T18:15:36 COLMAP[feature_extractor] I20260518 18:15:36.155726   130 feature_extraction.cc:295]   Camera:          #1 - SIMPLE_RADIAL
2026-05-18T18:15:36 COLMAP[feature_extractor] I20260518 18:15:36.155740   130 feature_extraction.cc:298]   Focal Length:    2545.54px (Prior)
2026-05-18T18:15:36 COLMAP[feature_extractor] I20260518 18:15:36.155756   130 feature_extraction.cc:302]   Features:        8658 (SIFT)
2026-05-18T18:15:36 COLMAP[feature_extractor] I20260518 18:15:36.470440   130 feature_extraction.cc:316]   GPS:             LAT=40.523, LON=-111.892, ALT=1499.652
2026-05-18T18:15:36 COLMAP[feature_extractor] I20260518 18:15:36.470496   130 feature_extraction.cc:323]   Gravity:         X=0.000, Y=1.000, Z=0.000
2026-05-18T18:15:38 COLMAP[feature_extractor] I20260518 18:15:38.190267   130 feature_extraction.cc:280] Processed file [1053/1710]
2026-05-18T18:15:38 COLMAP[feature_extractor] I20260518 18:15:38.190326   130 feature_extraction.cc:283]   Name:            DJI_01053.JPG
2026-05-18T18:15:38 COLMAP[feature_extractor] I20260518 18:15:38.190338   130 feature_extraction.cc:292]   Dimensions:      4000 x 2250
2026-05-18T18:15:38 COLMAP[feature_extractor] I20260518 18:15:38.190349   130 feature_extraction.cc:295]   Camera:          #1 - SIMPLE_RADIAL
2026-05-18T18:15:38 COLMAP[feature_extractor] I20260518 18:15:38.190361   130 feature_extraction.cc:298]   Focal Length:    2545.54px (Prior)
2026-05-18T18:15:38 COLMAP[feature_extractor] I20260518 18:15:38.190375   130 feature_extraction.cc:302]   Features:        8674 (SIFT)
2026-05-18T18:15:38 COLMAP[feature_extractor] I20260518 18:15:38.431289   130 feature_extraction.cc:316]   GPS:             LAT=40.523, LON=-111.892, ALT=1499.352
2026-05-18T18:15:38 COLMAP[feature_extractor] I20260518 18:15:38.431349   130 feature_extraction.cc:323]   Gravity:         X=0.000, Y=1.000, Z=0.000
2026-05-18T18:15:39 COLMAP[feature_extractor] I20260518 18:15:39.370993   130 feature_extraction.cc:280] Processed file [1054/1710]
2026-05-18T18:15:39 COLMAP[feature_extractor] I20260518 18:15:39.371083   130 feature_extraction.cc:283]   Name:            DJI_01054.JPG
2026-05-18T18:15:39 COLMAP[feature_extractor] I20260518 18:15:39.371096   130 feature_extraction.cc:292]   Dimensions:      4000 x 2250
2026-05-18T18:15:39 COLMAP[feature_extractor] I20260518 18:15:39.371106   130 feature_extraction.cc:295]   Camera:          #1 - SIMPLE_RADIAL
2026-05-18T18:15:39 COLMAP[feature_extractor] I20260518 18:15:39.371119   130 feature_extraction.cc:298]   Focal Length:    2545.54px (Prior)
2026-05-18T18:15:39 COLMAP[feature_extractor] I20260518 18:15:39.371133   130 feature_extraction.cc:302]   Features:        8566 (SIFT)
2026-05-18T18:15:39 COLMAP[feature_extractor] I20260518 18:15:39.670226   130 feature_extraction.cc:316]   GPS:             LAT=40.523, LON=-111.892, ALT=1499.452
2026-05-18T18:15:39 COLMAP[feature_extractor] I20260518 18:15:39.670284   130 feature_extraction.cc:323]   Gravity:         X=0.000, Y=1.000, Z=0.000
2026-05-18T18:15:41 COLMAP[feature_extractor] I20260518 18:15:40.909401   130 feature_extraction.cc:280] Processed file [1055/1710]
2026-05-18T18:15:41 COLMAP[feature_extractor] I20260518 18:15:40.909462   130 feature_extraction.cc:283]   Name:            DJI_01055.JPG
2026-05-18T18:15:41 COLMAP[feature_extractor] I20260518 18:15:40.909474   130 feature_extraction.cc:292]   Dimensions:      4000 x 2250
2026-05-18T18:15:41 COLMAP[feature_extractor] I20260518 18:15:40.909484   130 feature_extraction.cc:295]   Camera:          #1 - SIMPLE_RADIAL
2026-05-18T18:15:41 COLMAP[feature_extractor] I20260518 18:15:40.909495   130 feature_extraction.cc:298]   Focal Length:    2545.54px (Prior)
2026-05-18T18:15:41 COLMAP[feature_extractor] I20260518 18:15:40.909511   130 feature_extraction.cc:302]   Features:        8302 (SIFT)
2026-05-18T18:15:41 COLMAP[feature_extractor] I20260518 18:15:41.109599   130 feature_extraction.cc:316]   GPS:             LAT=40.523, LON=-111.892, ALT=1499.052
2026-05-18T18:15:41 COLMAP[feature_extractor] I20260518 18:15:41.109664   130 feature_extraction.cc:323]   Gravity:         X=0.000, Y=1.000, Z=0.000
2026-05-18T18:15:45 COLMAP[feature_extractor] I20260518 18:15:45.364221   130 feature_extraction.cc:280] Processed file [1056/1710]
2026-05-18T18:15:45 COLMAP[feature_extractor] I20260518 18:15:45.364284   130 feature_extraction.cc:283]   Name:            DJI_01056.JPG
2026-05-18T18:15:45 COLMAP[feature_extractor] I20260518 18:15:45.364296   130 feature_extraction.cc:292]   Dimensions:      4000 x 2250
2026-05-18T18:15:45 COLMAP[feature_extractor] I20260518 18:15:45.364306   130 feature_extraction.cc:295]   Camera:          #1 - SIMPLE_RADIAL
2026-05-18T18:15:45 COLMAP[feature_extractor] I20260518 18:15:45.364318   130 feature_extraction.cc:298]   Focal Length:    2545.54px (Prior)
2026-05-18T18:15:45 COLMAP[feature_extractor] I20260518 18:15:45.364333   130 feature_extraction.cc:302]   Features:        11264 (SIFT)
2026-05-18T18:15:45 COLMAP[feature_extractor] I20260518 18:15:45.724179   130 feature_extraction.cc:316]   GPS:             LAT=40.523, LON=-111.893, ALT=1498.452
2026-05-18T18:15:45 COLMAP[feature_extractor] I20260518 18:15:45.724242   130 feature_extraction.cc:323]   Gravity:         X=0.000, Y=1.000, Z=0.000
2026-05-18T18:15:47 COLMAP[feature_extractor] I20260518 18:15:47.435339   130 feature_extraction.cc:280] Processed file [1057/1710]
2026-05-18T18:15:47 COLMAP[feature_extractor] I20260518 18:15:47.435400   130 feature_extraction.cc:283]   Name:            DJI_01057.JPG
2026-05-18T18:15:47 COLMAP[feature_extractor] I20260518 18:15:47.435412   130 feature_extraction.cc:292]   Dimensions:      4000 x 2250
2026-05-18T18:15:47 COLMAP[feature_extractor] I20260518 18:15:47.435423   130 feature_extraction.cc:295]   Camera:          #1 - SIMPLE_RADIAL
2026-05-18T18:15:47 COLMAP[feature_extractor] I20260518 18:15:47.435434   130 feature_extraction.cc:298]   Focal Length:    2545.54px (Prior)
2026-05-18T18:15:47 COLMAP[feature_extractor] I20260518 18:15:47.435451   130 feature_extraction.cc:302]   Features:        11092 (SIFT)
2026-05-18T18:15:47 COLMAP[feature_extractor] I20260518 18:15:47.630555   130 feature_extraction.cc:316]   GPS:             LAT=40.523, LON=-111.893, ALT=1498.552
2026-05-18T18:15:47 COLMAP[feature_extractor] I20260518 18:15:47.630616   130 feature_extraction.cc:323]   Gravity:         X=0.000, Y=1.000, Z=0.000
2026-05-18T18:15:48 COLMAP[feature_extractor] I20260518 18:15:48.600230   130 feature_extraction.cc:280] Processed file [1058/1710]
2026-05-18T18:15:48 COLMAP[feature_extractor] I20260518 18:15:48.600284   130 feature_extraction.cc:283]   Name:            DJI_01058.JPG
2026-05-18T18:15:48 COLMAP[feature_extractor] I20260518 18:15:48.600296   130 feature_extraction.cc:292]   Dimensions:      4000 x 2250
2026-05-18T18:15:48 COLMAP[feature_extractor] I20260518 18:15:48.600306   130 feature_extraction.cc:295]   Camera:          #1 - SIMPLE_RADIAL
2026-05-18T18:15:48 COLMAP[feature_extractor] I20260518 18:15:48.600315   130 feature_extraction.cc:298]   Focal Length:    2545.54px (Prior)
2026-05-18T18:15:48 COLMAP[feature_extractor] I20260518 18:15:48.600330   130 feature_extraction.cc:302]   Features:        11055 (SIFT)
2026-05-18T18:15:49 COLMAP[feature_extractor] I20260518 18:15:48.992303   130 feature_extraction.cc:316]   GPS:             LAT=40.523, LON=-111.892, ALT=1498.852
2026-05-18T18:15:49 COLMAP[feature_extractor] I20260518 18:15:48.992353   130 feature_extraction.cc:323]   Gravity:         X=0.000, Y=1.000, Z=0.000
2026-05-18T18:15:50 COLMAP[feature_extractor] I20260518 18:15:50.257726   130 feature_extraction.cc:280] Processed file [1059/1710]
2026-05-18T18:15:50 COLMAP[feature_extractor] I20260518 18:15:50.257787   130 feature_extraction.cc:283]   Name:            DJI_01059.JPG
2026-05-18T18:15:50 COLMAP[feature_extractor] I20260518 18:15:50.257799   130 feature_extraction.cc:292]   Dimensions:      4000 x 2250
2026-05-18T18:15:50 COLMAP[feature_extractor] I20260518 18:15:50.257809   130 feature_extraction.cc:295]   Camera:          #1 - SIMPLE_RADIAL
2026-05-18T18:15:50 COLMAP[feature_extractor] I20260518 18:15:50.257859   130 feature_extraction.cc:298]   Focal Length:    2545.54px (Prior)
2026-05-18T18:15:50 COLMAP[feature_extractor] I20260518 18:15:50.257876   130 feature_extraction.cc:302]   Features:        10739 (SIFT)
2026-05-18T18:15:50 COLMAP[feature_extractor] I20260518 18:15:50.535384   130 feature_extraction.cc:316]   GPS:             LAT=40.523, LON=-111.892, ALT=1499.352
2026-05-18T18:15:50 COLMAP[feature_extractor] I20260518 18:15:50.535444   130 feature_extraction.cc:323]   Gravity:         X=0.000, Y=1.000, Z=0.000
2026-05-18T18:15:54 COLMAP[feature_extractor] I20260518 18:15:54.542706   130 feature_extraction.cc:280] Processed file [1060/1710]
2026-05-18T18:15:54 COLMAP[feature_extractor] I20260518 18:15:54.542765   130 feature_extraction.cc:283]   Name:            DJI_01060.JPG
2026-05-18T18:15:54 COLMAP[feature_extractor] I20260518 18:15:54.542778   130 feature_extraction.cc:292]   Dimensions:      4000 x 2250
2026-05-18T18:15:54 COLMAP[feature_extractor] I20260518 18:15:54.542788   130 feature_extraction.cc:295]   Camera:          #1 - SIMPLE_RADIAL
2026-05-18T18:15:54 COLMAP[feature_extractor] I20260518 18:15:54.542799   130 feature_extraction.cc:298]   Focal Length:    2545.54px (Prior)
2026-05-18T18:15:54 COLMAP[feature_extractor] I20260518 18:15:54.542814   130 feature_extraction.cc:302]   Features:        10861 (SIFT)
2026-05-18T18:15:55 COLMAP[feature_extractor] I20260518 18:15:54.789742   130 feature_extraction.cc:316]   GPS:             LAT=40.523, LON=-111.892, ALT=1499.452
2026-05-18T18:15:55 COLMAP[feature_extractor] I20260518 18:15:54.789805   130 feature_extraction.cc:323]   Gravity:         X=0.000, Y=1.000, Z=0.000
2026-05-18T18:15:57 COLMAP[feature_extractor] I20260518 18:15:56.954694   130 feature_extraction.cc:280] Processed file [1061/1710]
2026-05-18T18:15:57 COLMAP[feature_extractor] I20260518 18:15:56.954763   130 feature_extraction.cc:283]   Name:            DJI_01061.JPG
2026-05-18T18:15:57 COLMAP[feature_extractor] I20260518 18:15:56.954777   130 feature_extraction.cc:292]   Dimensions:      4000 x 2250
2026-05-18T18:15:57 COLMAP[feature_extractor] I20260518 18:15:56.954787   130 feature_extraction.cc:295]   Camera:          #1 - SIMPLE_RADIAL
2026-05-18T18:15:57 COLMAP[feature_extractor] I20260518 18:15:56.954799   130 feature_extraction.cc:298]   Focal Length:    2545.54px (Prior)
2026-05-18T18:15:57 COLMAP[feature_extractor] I20260518 18:15:56.954815   130 feature_extraction.cc:302]   Features:        11293 (SIFT)
2026-05-18T18:15:57 COLMAP[feature_extractor] I20260518 18:15:57.206959   130 feature_extraction.cc:316]   GPS:             LAT=40.523, LON=-111.892, ALT=1499.852
2026-05-18T18:15:57 COLMAP[feature_extractor] I20260518 18:15:57.207021   130 feature_extraction.cc:323]   Gravity:         X=0.000, Y=1.000, Z=0.000
2026-05-18T18:15:58 COLMAP[feature_extractor] I20260518 18:15:57.830544   130 feature_extraction.cc:280] Processed file [1062/1710]
2026-05-18T18:15:58 COLMAP[feature_extractor] I20260518 18:15:57.830605   130 feature_extraction.cc:283]   Name:            DJI_01062.JPG
2026-05-18T18:15:58 COLMAP[feature_extractor] I20260518 18:15:57.830616   130 feature_extraction.cc:292]   Dimensions:      4000 x 2250
2026-05-18T18:15:58 COLMAP[feature_extractor] I20260518 18:15:57.830627   130 feature_extraction.cc:295]   Camera:          #1 - SIMPLE_RADIAL
2026-05-18T18:15:58 COLMAP[feature_extractor] I20260518 18:15:57.830638   130 feature_extraction.cc:298]   Focal Length:    2545.54px (Prior)
2026-05-18T18:15:58 COLMAP[feature_extractor] I20260518 18:15:57.830654   130 feature_extraction.cc:302]   Features:        11029 (SIFT)
2026-05-18T18:15:58 COLMAP[feature_extractor] I20260518 18:15:58.141084   130 feature_extraction.cc:316]   GPS:             LAT=40.523, LON=-111.892, ALT=1499.952
2026-05-18T18:15:58 COLMAP[feature_extractor] I20260518 18:15:58.141146   130 feature_extraction.cc:323]   Gravity:         X=0.000, Y=1.000, Z=0.000
2026-05-18T18:15:59 COLMAP[feature_extractor] I20260518 18:15:59.558405   130 feature_extraction.cc:280] Processed file [1063/1710]
2026-05-18T18:15:59 COLMAP[feature_extractor] I20260518 18:15:59.558467   130 feature_extraction.cc:283]   Name:            DJI_01063.JPG
2026-05-18T18:15:59 COLMAP[feature_extractor] I20260518 18:15:59.558480   130 feature_extraction.cc:292]   Dimensions:      4000 x 2250
2026-05-18T18:15:59 COLMAP[feature_extractor] I20260518 18:15:59.558490   130 feature_extraction.cc:295]   Camera:          #1 - SIMPLE_RADIAL
2026-05-18T18:15:59 COLMAP[feature_extractor] I20260518 18:15:59.558501   130 feature_extraction.cc:298]   Focal Length:    2545.54px (Prior)
2026-05-18T18:15:59 COLMAP[feature_extractor] I20260518 18:15:59.558517   130 feature_extraction.cc:302]   Features:        11048 (SIFT)
2026-05-18T18:16:00 COLMAP[feature_extractor] I20260518 18:15:59.845783   130 feature_extraction.cc:316]   GPS:             LAT=40.522, LON=-111.892, ALT=1500.152
2026-05-18T18:16:00 COLMAP[feature_extractor] I20260518 18:15:59.845844   130 feature_extraction.cc:323]   Gravity:         X=0.000, Y=1.000, Z=0.000
2026-05-18T18:16:04 COLMAP[feature_extractor] I20260518 18:16:03.889573   130 feature_extraction.cc:280] Processed file [1064/1710]
2026-05-18T18:16:04 COLMAP[feature_extractor] I20260518 18:16:03.889631   130 feature_extraction.cc:283]   Name:            DJI_01064.JPG
2026-05-18T18:16:04 COLMAP[feature_extractor] I20260518 18:16:03.889643   130 feature_extraction.cc:292]   Dimensions:      4000 x 2250
2026-05-18T18:16:04 COLMAP[feature_extractor] I20260518 18:16:03.889654   130 feature_extraction.cc:295]   Camera:          #1 - SIMPLE_RADIAL
2026-05-18T18:16:04 COLMAP[feature_extractor] I20260518 18:16:03.889667   130 feature_extraction.cc:298]   Focal Length:    2545.54px (Prior)
2026-05-18T18:16:04 COLMAP[feature_extractor] I20260518 18:16:03.889694   130 feature_extraction.cc:302]   Features:        10995 (SIFT)
2026-05-18T18:16:04 COLMAP[feature_extractor] I20260518 18:16:04.089823   130 feature_extraction.cc:316]   GPS:             LAT=40.522, LON=-111.892, ALT=1500.152
2026-05-18T18:16:04 COLMAP[feature_extractor] I20260518 18:16:04.089874   130 feature_extraction.cc:323]   Gravity:         X=0.000, Y=1.000, Z=0.000
2026-05-18T18:16:06 COLMAP[feature_extractor] I20260518 18:16:06.206033   130 feature_extraction.cc:280] Processed file [1065/1710]
2026-05-18T18:16:06 COLMAP[feature_extractor] I20260518 18:16:06.206092   130 feature_extraction.cc:283]   Name:            DJI_01065.JPG
2026-05-18T18:16:06 COLMAP[feature_extractor] I20260518 18:16:06.206105   130 feature_extraction.cc:292]   Dimensions:      4000 x 2250
2026-05-18T18:16:06 COLMAP[feature_extractor] I20260518 18:16:06.206116   130 feature_extraction.cc:295]   Camera:          #1 - SIMPLE_RADIAL
2026-05-18T18:16:06 COLMAP[feature_extractor] I20260518 18:16:06.206127   130 feature_extraction.cc:298]   Focal Length:    2545.54px (Prior)
2026-05-18T18:16:06 COLMAP[feature_extractor] I20260518 18:16:06.206143   130 feature_extraction.cc:302]   Features:        11420 (SIFT)
2026-05-18T18:16:06 COLMAP[feature_extractor] I20260518 18:16:06.418448   130 feature_extraction.cc:316]   GPS:             LAT=40.522, LON=-111.892, ALT=1499.752
2026-05-18T18:16:06 COLMAP[feature_extractor] I20260518 18:16:06.418504   130 feature_extraction.cc:323]   Gravity:         X=0.000, Y=1.000, Z=0.000
2026-05-18T18:16:07 COLMAP[feature_extractor] I20260518 18:16:07.223181   130 feature_extraction.cc:280] Processed file [1066/1710]
2026-05-18T18:16:07 COLMAP[feature_extractor] I20260518 18:16:07.223248   130 feature_extraction.cc:283]   Name:            DJI_01066.JPG
2026-05-18T18:16:07 COLMAP[feature_extractor] I20260518 18:16:07.223259   130 feature_extraction.cc:292]   Dimensions:      4000 x 2250
2026-05-18T18:16:07 COLMAP[feature_extractor] I20260518 18:16:07.223270   130 feature_extraction.cc:295]   Camera:          #1 - SIMPLE_RADIAL
2026-05-18T18:16:07 COLMAP[feature_extractor] I20260518 18:16:07.223281   130 feature_extraction.cc:298]   Focal Length:    2545.54px (Prior)
2026-05-18T18:16:07 COLMAP[feature_extractor] I20260518 18:16:07.223297   130 feature_extraction.cc:302]   Features:        8233 (SIFT)
2026-05-18T18:16:07 COLMAP[feature_extractor] I20260518 18:16:07.562506   130 feature_extraction.cc:316]   GPS:             LAT=40.522, LON=-111.892, ALT=1500.352
2026-05-18T18:16:07 COLMAP[feature_extractor] I20260518 18:16:07.562568   130 feature_extraction.cc:323]   Gravity:         X=0.000, Y=1.000, Z=0.000
2026-05-18T18:16:08 COLMAP[feature_extractor] I20260518 18:16:08.741416   130 feature_extraction.cc:280] Processed file [1067/1710]
2026-05-18T18:16:08 COLMAP[feature_extractor] I20260518 18:16:08.741482   130 feature_extraction.cc:283]   Name:            DJI_01067.JPG
2026-05-18T18:16:08 COLMAP[feature_extractor] I20260518 18:16:08.741494   130 feature_extraction.cc:292]   Dimensions:      4000 x 2250
2026-05-18T18:16:08 COLMAP[feature_extractor] I20260518 18:16:08.741505   130 feature_extraction.cc:295]   Camera:          #1 - SIMPLE_RADIAL
2026-05-18T18:16:08 COLMAP[feature_extractor] I20260518 18:16:08.741518   130 feature_extraction.cc:298]   Focal Length:    2545.54px (Prior)
2026-05-18T18:16:08 COLMAP[feature_extractor] I20260518 18:16:08.741532   130 feature_extraction.cc:302]   Features:        8249 (SIFT)
2026-05-18T18:16:09 COLMAP[feature_extractor] I20260518 18:16:08.991228   130 feature_extraction.cc:316]   GPS:             LAT=40.522, LON=-111.892, ALT=1500.552
2026-05-18T18:16:09 COLMAP[feature_extractor] I20260518 18:16:08.991289   130 feature_extraction.cc:323]   Gravity:         X=0.000, Y=1.000, Z=0.000
2026-05-18T18:16:13 COLMAP[feature_extractor] I20260518 18:16:13.133735   130 feature_extraction.cc:280] Processed file [1068/1710]
2026-05-18T18:16:13 COLMAP[feature_extractor] I20260518 18:16:13.133829   130 feature_extraction.cc:283]   Name:            DJI_01068.JPG
2026-05-18T18:16:13 COLMAP[feature_extractor] I20260518 18:16:13.133842   130 feature_extraction.cc:292]   Dimensions:      4000 x 2250
2026-05-18T18:16:13 COLMAP[feature_extractor] I20260518 18:16:13.133853   130 feature_extraction.cc:295]   Camera:          #1 - SIMPLE_RADIAL
2026-05-18T18:16:13 COLMAP[feature_extractor] I20260518 18:16:13.133864   130 feature_extraction.cc:298]   Focal Length:    2545.54px (Prior)
2026-05-18T18:16:13 COLMAP[feature_extractor] I20260518 18:16:13.133879   130 feature_extraction.cc:302]   Features:        8223 (SIFT)
2026-05-18T18:16:13 COLMAP[feature_extractor] I20260518 18:16:13.393586   130 feature_extraction.cc:316]   GPS:             LAT=40.522, LON=-111.892, ALT=1499.852
2026-05-18T18:16:13 COLMAP[feature_extractor] I20260518 18:16:13.393646   130 feature_extraction.cc:323]   Gravity:         X=0.000, Y=1.000, Z=0.000
2026-05-18T18:16:15 COLMAP[feature_extractor] I20260518 18:16:15.542658   130 feature_extraction.cc:280] Processed file [1069/1710]
2026-05-18T18:16:15 COLMAP[feature_extractor] I20260518 18:16:15.542717   130 feature_extraction.cc:283]   Name:            DJI_01069.JPG
2026-05-18T18:16:15 COLMAP[feature_extractor] I20260518 18:16:15.542730   130 feature_extraction.cc:292]   Dimensions:      4000 x 2250
2026-05-18T18:16:15 COLMAP[feature_extractor] I20260518 18:16:15.542740   130 feature_extraction.cc:295]   Camera:          #1 - SIMPLE_RADIAL
2026-05-18T18:16:15 COLMAP[feature_extractor] I20260518 18:16:15.542752   130 feature_extraction.cc:298]   Focal Length:    2545.54px (Prior)
2026-05-18T18:16:15 COLMAP[feature_extractor] I20260518 18:16:15.542768   130 feature_extraction.cc:302]   Features:        11505 (SIFT)
2026-05-18T18:16:16 COLMAP[feature_extractor] I20260518 18:16:15.765453   130 feature_extraction.cc:316]   GPS:             LAT=40.522, LON=-111.892, ALT=1500.552
2026-05-18T18:16:16 COLMAP[feature_extractor] I20260518 18:16:15.765514   130 feature_extraction.cc:323]   Gravity:         X=0.000, Y=1.000, Z=0.000
2026-05-18T18:16:16 COLMAP[feature_extractor] I20260518 18:16:16.495007   130 feature_extraction.cc:280] Processed file [1070/1710]
2026-05-18T18:16:16 COLMAP[feature_extractor] I20260518 18:16:16.495067   130 feature_extraction.cc:283]   Name:            DJI_01070.JPG
2026-05-18T18:16:16 COLMAP[feature_extractor] I20260518 18:16:16.495080   130 feature_extraction.cc:292]   Dimensions:      4000 x 2250
2026-05-18T18:16:16 COLMAP[feature_extractor] I20260518 18:16:16.495090   130 feature_extraction.cc:295]   Camera:          #1 - SIMPLE_RADIAL
2026-05-18T18:16:16 COLMAP[feature_extractor] I20260518 18:16:16.495102   130 feature_extraction.cc:298]   Focal Length:    2545.54px (Prior)
2026-05-18T18:16:16 COLMAP[feature_extractor] I20260518 18:16:16.495118   130 feature_extraction.cc:302]   Features:        9524 (SIFT)
2026-05-18T18:16:16 COLMAP[feature_extractor] I20260518 18:16:16.723757   130 feature_extraction.cc:316]   GPS:             LAT=40.522, LON=-111.892, ALT=1499.852
2026-05-18T18:16:16 COLMAP[feature_extractor] I20260518 18:16:16.723822   130 feature_extraction.cc:323]   Gravity:         X=0.000, Y=1.000, Z=0.000
2026-05-18T18:16:18 COLMAP[feature_extractor] I20260518 18:16:18.014096   130 feature_extraction.cc:280] Processed file [1071/1710]
2026-05-18T18:16:18 COLMAP[feature_extractor] I20260518 18:16:18.014153   130 feature_extraction.cc:283]   Name:            DJI_01071.JPG
2026-05-18T18:16:18 COLMAP[feature_extractor] I20260518 18:16:18.014164   130 feature_extraction.cc:292]   Dimensions:      4000 x 2250
2026-05-18T18:16:18 COLMAP[feature_extractor] I20260518 18:16:18.014175   130 feature_extraction.cc:295]   Camera:          #1 - SIMPLE_RADIAL
2026-05-18T18:16:18 COLMAP[feature_extractor] I20260518 18:16:18.014186   130 feature_extraction.cc:298]   Focal Length:    2545.54px (Prior)
2026-05-18T18:16:18 COLMAP[feature_extractor] I20260518 18:16:18.014202   130 feature_extraction.cc:302]   Features:        11300 (SIFT)
2026-05-18T18:16:18 COLMAP[feature_extractor] I20260518 18:16:18.291381   130 feature_extraction.cc:316]   GPS:             LAT=40.523, LON=-111.892, ALT=1499.552
2026-05-18T18:16:18 COLMAP[feature_extractor] I20260518 18:16:18.291441   130 feature_extraction.cc:323]   Gravity:         X=0.000, Y=1.000, Z=0.000
2026-05-18T18:16:22 COLMAP[feature_extractor] I20260518 18:16:22.360065   130 feature_extraction.cc:280] Processed file [1072/1710]
2026-05-18T18:16:22 COLMAP[feature_extractor] I20260518 18:16:22.360126   130 feature_extraction.cc:283]   Name:            DJI_01072.JPG
2026-05-18T18:16:22 COLMAP[feature_extractor] I20260518 18:16:22.360137   130 feature_extraction.cc:292]   Dimensions:      4000 x 2250
2026-05-18T18:16:22 COLMAP[feature_extractor] I20260518 18:16:22.360148   130 feature_extraction.cc:295]   Camera:          #1 - SIMPLE_RADIAL
2026-05-18T18:16:22 COLMAP[feature_extractor] I20260518 18:16:22.360159   130 feature_extraction.cc:298]   Focal Length:    2545.54px (Prior)
2026-05-18T18:16:22 COLMAP[feature_extractor] I20260518 18:16:22.360175   130 feature_extraction.cc:302]   Features:        11424 (SIFT)
2026-05-18T18:16:22 COLMAP[feature_extractor] I20260518 18:16:22.669055   130 feature_extraction.cc:316]   GPS:             LAT=40.523, LON=-111.892, ALT=1500.052
2026-05-18T18:16:22 COLMAP[feature_extractor] I20260518 18:16:22.669116   130 feature_extraction.cc:323]   Gravity:         X=0.000, Y=1.000, Z=0.000
2026-05-18T18:16:25 COLMAP[feature_extractor] I20260518 18:16:25.027062   130 feature_extraction.cc:280] Processed file [1073/1710]
2026-05-18T18:16:25 COLMAP[feature_extractor] I20260518 18:16:25.027127   130 feature_extraction.cc:283]   Name:            DJI_01073.JPG
2026-05-18T18:16:25 COLMAP[feature_extractor] I20260518 18:16:25.027138   130 feature_extraction.cc:292]   Dimensions:      4000 x 2250
2026-05-18T18:16:25 COLMAP[feature_extractor] I20260518 18:16:25.027148   130 feature_extraction.cc:295]   Camera:          #1 - SIMPLE_RADIAL
2026-05-18T18:16:25 COLMAP[feature_extractor] I20260518 18:16:25.027191   130 feature_extraction.cc:298]   Focal Length:    2545.54px (Prior)
2026-05-18T18:16:25 COLMAP[feature_extractor] I20260518 18:16:25.027210   130 feature_extraction.cc:302]   Features:        11346 (SIFT)
2026-05-18T18:16:25 COLMAP[feature_extractor] I20260518 18:16:25.343492   130 feature_extraction.cc:316]   GPS:             LAT=40.523, LON=-111.892, ALT=1498.752
2026-05-18T18:16:25 COLMAP[feature_extractor] I20260518 18:16:25.343555   130 feature_extraction.cc:323]   Gravity:         X=0.000, Y=1.000, Z=0.000
2026-05-18T18:16:25 COLMAP[feature_extractor] I20260518 18:16:25.660249   130 feature_extraction.cc:280] Processed file [1074/1710]
2026-05-18T18:16:25 COLMAP[feature_extractor] I20260518 18:16:25.660316   130 feature_extraction.cc:283]   Name:            DJI_01074.JPG
2026-05-18T18:16:25 COLMAP[feature_extractor] I20260518 18:16:25.660328   130 feature_extraction.cc:292]   Dimensions:      4000 x 2250
2026-05-18T18:16:25 COLMAP[feature_extractor] I20260518 18:16:25.660338   130 feature_extraction.cc:295]   Camera:          #1 - SIMPLE_RADIAL
2026-05-18T18:16:25 COLMAP[feature_extractor] I20260518 18:16:25.660351   130 feature_extraction.cc:298]   Focal Length:    2545.54px (Prior)
2026-05-18T18:16:25 COLMAP[feature_extractor] I20260518 18:16:25.660365   130 feature_extraction.cc:302]   Features:        11101 (SIFT)
2026-05-18T18:16:26 COLMAP[feature_extractor] I20260518 18:16:25.926080   130 feature_extraction.cc:316]   GPS:             LAT=40.523, LON=-111.892, ALT=1498.852
2026-05-18T18:16:26 COLMAP[feature_extractor] I20260518 18:16:25.926141   130 feature_extraction.cc:323]   Gravity:         X=0.000, Y=1.000, Z=0.000
2026-05-18T18:16:27 COLMAP[feature_extractor] I20260518 18:16:27.295351   130 feature_extraction.cc:280] Processed file [1075/1710]
2026-05-18T18:16:27 COLMAP[feature_extractor] I20260518 18:16:27.295418   130 feature_extraction.cc:283]   Name:            DJI_01075.JPG
2026-05-18T18:16:27 COLMAP[feature_extractor] I20260518 18:16:27.295430   130 feature_extraction.cc:292]   Dimensions:      4000 x 2250
2026-05-18T18:16:27 COLMAP[feature_extractor] I20260518 18:16:27.295441   130 feature_extraction.cc:295]   Camera:          #1 - SIMPLE_RADIAL
2026-05-18T18:16:27 COLMAP[feature_extractor] I20260518 18:16:27.295452   130 feature_extraction.cc:298]   Focal Length:    2545.54px (Prior)
2026-05-18T18:16:27 COLMAP[feature_extractor] I20260518 18:16:27.295469   130 feature_extraction.cc:302]   Features:        9964 (SIFT)
2026-05-18T18:16:27 COLMAP[feature_extractor] I20260518 18:16:27.519208   130 feature_extraction.cc:316]   GPS:             LAT=40.523, LON=-111.893, ALT=1499.052
2026-05-18T18:16:27 COLMAP[feature_extractor] I20260518 18:16:27.519276   130 feature_extraction.cc:323]   Gravity:         X=0.000, Y=1.000, Z=0.000
2026-05-18T18:16:31 COLMAP[feature_extractor] I20260518 18:16:31.576972   130 feature_extraction.cc:280] Processed file [1076/1710]
2026-05-18T18:16:31 COLMAP[feature_extractor] I20260518 18:16:31.577040   130 feature_extraction.cc:283]   Name:            DJI_01076.JPG
2026-05-18T18:16:31 COLMAP[feature_extractor] I20260518 18:16:31.577052   130 feature_extraction.cc:292]   Dimensions:      4000 x 2250
2026-05-18T18:16:31 COLMAP[feature_extractor] I20260518 18:16:31.577064   130 feature_extraction.cc:295]   Camera:          #1 - SIMPLE_RADIAL
2026-05-18T18:16:31 COLMAP[feature_extractor] I20260518 18:16:31.577075   130 feature_extraction.cc:298]   Focal Length:    2545.54px (Prior)
2026-05-18T18:16:31 COLMAP[feature_extractor] I20260518 18:16:31.577091   130 feature_extraction.cc:302]   Features:        9719 (SIFT)
2026-05-18T18:16:31 COLMAP[feature_extractor] I20260518 18:16:31.737167   130 feature_extraction.cc:316]   GPS:             LAT=40.523, LON=-111.893, ALT=1500.952
2026-05-18T18:16:31 COLMAP[feature_extractor] I20260518 18:16:31.737231   130 feature_extraction.cc:323]   Gravity:         X=0.000, Y=1.000, Z=0.000
2026-05-18T18:16:34 COLMAP[feature_extractor] I20260518 18:16:34.224231   130 feature_extraction.cc:280] Processed file [1077/1710]
2026-05-18T18:16:34 COLMAP[feature_extractor] I20260518 18:16:34.224292   130 feature_extraction.cc:283]   Name:            DJI_01077.JPG
2026-05-18T18:16:34 COLMAP[feature_extractor] I20260518 18:16:34.224304   130 feature_extraction.cc:292]   Dimensions:      4000 x 2250
2026-05-18T18:16:34 COLMAP[feature_extractor] I20260518 18:16:34.224314   130 feature_extraction.cc:295]   Camera:          #1 - SIMPLE_RADIAL
2026-05-18T18:16:34 COLMAP[feature_extractor] I20260518 18:16:34.224325   130 feature_extraction.cc:298]   Focal Length:    2545.54px (Prior)
2026-05-18T18:16:34 COLMAP[feature_extractor] I20260518 18:16:34.224341   130 feature_extraction.cc:302]   Features:        8539 (SIFT)
2026-05-18T18:16:34 COLMAP[feature_extractor] I20260518 18:16:34.511564   130 feature_extraction.cc:316]   GPS:             LAT=40.523, LON=-111.892, ALT=1494.552
2026-05-18T18:16:34 COLMAP[feature_extractor] I20260518 18:16:34.511629   130 feature_extraction.cc:323]   Gravity:         X=0.000, Y=1.000, Z=0.000
2026-05-18T18:16:35 COLMAP[feature_extractor] I20260518 18:16:35.126911   130 feature_extraction.cc:280] Processed file [1078/1710]
2026-05-18T18:16:35 COLMAP[feature_extractor] I20260518 18:16:35.126974   130 feature_extraction.cc:283]   Name:            DJI_01078.JPG
2026-05-18T18:16:35 COLMAP[feature_extractor] I20260518 18:16:35.126986   130 feature_extraction.cc:292]   Dimensions:      4000 x 2250
2026-05-18T18:16:35 COLMAP[feature_extractor] I20260518 18:16:35.126996   130 feature_extraction.cc:295]   Camera:          #1 - SIMPLE_RADIAL
2026-05-18T18:16:35 COLMAP[feature_extractor] I20260518 18:16:35.127008   130 feature_extraction.cc:298]   Focal Length:    2545.54px (Prior)
2026-05-18T18:16:35 COLMAP[feature_extractor] I20260518 18:16:35.127023   130 feature_extraction.cc:302]   Features:        8401 (SIFT)
2026-05-18T18:16:35 COLMAP[feature_extractor] I20260518 18:16:35.387537   130 feature_extraction.cc:316]   GPS:             LAT=40.523, LON=-111.892, ALT=1492.352
2026-05-18T18:16:35 COLMAP[feature_extractor] I20260518 18:16:35.387629   130 feature_extraction.cc:323]   Gravity:         X=0.000, Y=1.000, Z=0.000
2026-05-18T18:16:36 COLMAP[feature_extractor] I20260518 18:16:36.437671   130 feature_extraction.cc:280] Processed file [1079/1710]
2026-05-18T18:16:36 COLMAP[feature_extractor] I20260518 18:16:36.437745   130 feature_extraction.cc:283]   Name:            DJI_01079.JPG
2026-05-18T18:16:36 COLMAP[feature_extractor] I20260518 18:16:36.437757   130 feature_extraction.cc:292]   Dimensions:      4000 x 2250
2026-05-18T18:16:36 COLMAP[feature_extractor] I20260518 18:16:36.437768   130 feature_extraction.cc:295]   Camera:          #1 - SIMPLE_RADIAL
2026-05-18T18:16:36 COLMAP[feature_extractor] I20260518 18:16:36.437779   130 feature_extraction.cc:298]   Focal Length:    2545.54px (Prior)
2026-05-18T18:16:36 COLMAP[feature_extractor] I20260518 18:16:36.437795   130 feature_extraction.cc:302]   Features:        10406 (SIFT)
2026-05-18T18:16:36 COLMAP[feature_extractor] I20260518 18:16:36.683638   130 feature_extraction.cc:316]   GPS:             LAT=40.523, LON=-111.892, ALT=1489.552
2026-05-18T18:16:36 COLMAP[feature_extractor] I20260518 18:16:36.683704   130 feature_extraction.cc:323]   Gravity:         X=0.000, Y=1.000, Z=0.000
2026-05-18T18:16:40 COLMAP[feature_extractor] I20260518 18:16:40.651046   130 feature_extraction.cc:280] Processed file [1080/1710]
2026-05-18T18:16:40 COLMAP[feature_extractor] I20260518 18:16:40.651104   130 feature_extraction.cc:283]   Name:            DJI_01080.JPG
2026-05-18T18:16:40 COLMAP[feature_extractor] I20260518 18:16:40.651116   130 feature_extraction.cc:292]   Dimensions:      4000 x 2250
2026-05-18T18:16:40 COLMAP[feature_extractor] I20260518 18:16:40.651127   130 feature_extraction.cc:295]   Camera:          #1 - SIMPLE_RADIAL
2026-05-18T18:16:40 COLMAP[feature_extractor] I20260518 18:16:40.651139   130 feature_extraction.cc:298]   Focal Length:    2545.54px (Prior)
2026-05-18T18:16:40 COLMAP[feature_extractor] I20260518 18:16:40.651153   130 feature_extraction.cc:302]   Features:        10468 (SIFT)
2026-05-18T18:16:41 COLMAP[feature_extractor] I20260518 18:16:40.896407   130 feature_extraction.cc:316]   GPS:             LAT=40.523, LON=-111.892, ALT=1486.652
2026-05-18T18:16:41 COLMAP[feature_extractor] I20260518 18:16:40.896466   130 feature_extraction.cc:323]   Gravity:         X=0.000, Y=1.000, Z=0.000
2026-05-18T18:16:43 COLMAP[feature_extractor] I20260518 18:16:43.529182   130 feature_extraction.cc:280] Processed file [1081/1710]
2026-05-18T18:16:43 COLMAP[feature_extractor] I20260518 18:16:43.529260   130 feature_extraction.cc:283]   Name:            DJI_01081.JPG
2026-05-18T18:16:43 COLMAP[feature_extractor] I20260518 18:16:43.529273   130 feature_extraction.cc:292]   Dimensions:      4000 x 2250
2026-05-18T18:16:43 COLMAP[feature_extractor] I20260518 18:16:43.529284   130 feature_extraction.cc:295]   Camera:          #1 - SIMPLE_RADIAL
2026-05-18T18:16:43 COLMAP[feature_extractor] I20260518 18:16:43.529295   130 feature_extraction.cc:298]   Focal Length:    2545.54px (Prior)
2026-05-18T18:16:43 COLMAP[feature_extractor] I20260518 18:16:43.529310   130 feature_extraction.cc:302]   Features:        8913 (SIFT)
2026-05-18T18:16:44 COLMAP[feature_extractor] I20260518 18:16:43.802896   130 feature_extraction.cc:316]   GPS:             LAT=40.523, LON=-111.892, ALT=1470.752
2026-05-18T18:16:44 COLMAP[feature_extractor] I20260518 18:16:43.802954   130 feature_extraction.cc:323]   Gravity:         X=0.000, Y=1.000, Z=0.000
2026-05-18T18:16:44 COLMAP[feature_extractor] I20260518 18:16:44.335547   130 feature_extraction.cc:280] Processed file [1082/1710]
2026-05-18T18:16:44 COLMAP[feature_extractor] I20260518 18:16:44.335602   130 feature_extraction.cc:283]   Name:            DJI_01082.JPG
2026-05-18T18:16:44 COLMAP[feature_extractor] I20260518 18:16:44.335614   130 feature_extraction.cc:292]   Dimensions:      4000 x 2250
2026-05-18T18:16:44 COLMAP[feature_extractor] I20260518 18:16:44.335624   130 feature_extraction.cc:295]   Camera:          #1 - SIMPLE_RADIAL
2026-05-18T18:16:44 COLMAP[feature_extractor] I20260518 18:16:44.335636   130 feature_extraction.cc:298]   Focal Length:    2545.54px (Prior)
2026-05-18T18:16:44 COLMAP[feature_extractor] I20260518 18:16:44.335651   130 feature_extraction.cc:302]   Features:        8923 (SIFT)
2026-05-18T18:16:44 COLMAP[feature_extractor] I20260518 18:16:44.565284   130 feature_extraction.cc:316]   GPS:             LAT=40.523, LON=-111.892, ALT=1462.752
2026-05-18T18:16:44 COLMAP[feature_extractor] I20260518 18:16:44.565342   130 feature_extraction.cc:323]   Gravity:         X=0.000, Y=1.000, Z=0.000
2026-05-18T18:16:45 COLMAP[feature_extractor] I20260518 18:16:45.615120   130 feature_extraction.cc:280] Processed file [1083/1710]
2026-05-18T18:16:45 COLMAP[feature_extractor] I20260518 18:16:45.615183   130 feature_extraction.cc:283]   Name:            DJI_01083.JPG
2026-05-18T18:16:45 COLMAP[feature_extractor] I20260518 18:16:45.615196   130 feature_extraction.cc:292]   Dimensions:      4000 x 2250
2026-05-18T18:16:45 COLMAP[feature_extractor] I20260518 18:16:45.615206   130 feature_extraction.cc:295]   Camera:          #1 - SIMPLE_RADIAL
2026-05-18T18:16:45 COLMAP[feature_extractor] I20260518 18:16:45.615218   130 feature_extraction.cc:298]   Focal Length:    2545.54px (Prior)
2026-05-18T18:16:45 COLMAP[feature_extractor] I20260518 18:16:45.615234   130 feature_extraction.cc:302]   Features:        9252 (SIFT)
2026-05-18T18:16:46 COLMAP[feature_extractor] I20260518 18:16:45.863615   130 feature_extraction.cc:316]   GPS:             LAT=40.523, LON=-111.892, ALT=1455.952
2026-05-18T18:16:46 COLMAP[feature_extractor] I20260518 18:16:45.863678   130 feature_extraction.cc:323]   Gravity:         X=0.000, Y=1.000, Z=0.000
2026-05-18T18:16:50 COLMAP[feature_extractor] I20260518 18:16:49.881125   130 feature_extraction.cc:280] Processed file [1084/1710]
2026-05-18T18:16:50 COLMAP[feature_extractor] I20260518 18:16:49.881186   130 feature_extraction.cc:283]   Name:            DJI_01084.JPG
2026-05-18T18:16:50 COLMAP[feature_extractor] I20260518 18:16:49.881197   130 feature_extraction.cc:292]   Dimensions:      4000 x 2250
2026-05-18T18:16:50 COLMAP[feature_extractor] I20260518 18:16:49.881207   130 feature_extraction.cc:295]   Camera:          #1 - SIMPLE_RADIAL
2026-05-18T18:16:50 COLMAP[feature_extractor] I20260518 18:16:49.881218   130 feature_extraction.cc:298]   Focal Length:    2545.54px (Prior)
2026-05-18T18:16:50 COLMAP[feature_extractor] I20260518 18:16:49.881234   130 feature_extraction.cc:302]   Features:        8937 (SIFT)
2026-05-18T18:16:50 COLMAP[feature_extractor] I20260518 18:16:50.137238   130 feature_extraction.cc:316]   GPS:             LAT=40.523, LON=-111.892, ALT=1454.552
2026-05-18T18:16:50 COLMAP[feature_extractor] I20260518 18:16:50.137302   130 feature_extraction.cc:323]   Gravity:         X=0.000, Y=1.000, Z=0.000
2026-05-18T18:16:53 COLMAP[feature_extractor] I20260518 18:16:52.819509   130 feature_extraction.cc:280] Processed file [1085/1710]
2026-05-18T18:16:53 COLMAP[feature_extractor] I20260518 18:16:52.819564   130 feature_extraction.cc:283]   Name:            DJI_01085.JPG
2026-05-18T18:16:53 COLMAP[feature_extractor] I20260518 18:16:52.819576   130 feature_extraction.cc:292]   Dimensions:      4000 x 2250
2026-05-18T18:16:53 COLMAP[feature_extractor] I20260518 18:16:52.819587   130 feature_extraction.cc:295]   Camera:          #1 - SIMPLE_RADIAL
2026-05-18T18:16:53 COLMAP[feature_extractor] I20260518 18:16:52.819598   130 feature_extraction.cc:298]   Focal Length:    2545.54px (Prior)
2026-05-18T18:16:53 COLMAP[feature_extractor] I20260518 18:16:52.819615   130 feature_extraction.cc:302]   Features:        9211 (SIFT)
2026-05-18T18:16:53 COLMAP[feature_extractor] I20260518 18:16:53.115845   130 feature_extraction.cc:316]   GPS:             LAT=40.523, LON=-111.891, ALT=1454.652
2026-05-18T18:16:53 COLMAP[feature_extractor] I20260518 18:16:53.115902   130 feature_extraction.cc:323]   Gravity:         X=0.000, Y=1.000, Z=0.000
2026-05-18T18:16:53 COLMAP[feature_extractor] I20260518 18:16:53.648418   130 feature_extraction.cc:280] Processed file [1086/1710]
2026-05-18T18:16:53 COLMAP[feature_extractor] I20260518 18:16:53.648475   130 feature_extraction.cc:283]   Name:            DJI_01086.JPG
2026-05-18T18:16:53 COLMAP[feature_extractor] I20260518 18:16:53.648487   130 feature_extraction.cc:292]   Dimensions:      4000 x 2250
2026-05-18T18:16:53 COLMAP[feature_extractor] I20260518 18:16:53.648499   130 feature_extraction.cc:295]   Camera:          #1 - SIMPLE_RADIAL
2026-05-18T18:16:53 COLMAP[feature_extractor] I20260518 18:16:53.648541   130 feature_extraction.cc:298]   Focal Length:    2545.54px (Prior)
2026-05-18T18:16:53 COLMAP[feature_extractor] I20260518 18:16:53.648557   130 feature_extraction.cc:302]   Features:        8246 (SIFT)
2026-05-18T18:16:54 COLMAP[feature_extractor] I20260518 18:16:54.033908   130 feature_extraction.cc:316]   GPS:             LAT=40.523, LON=-111.892, ALT=1449.652
2026-05-18T18:16:54 COLMAP[feature_extractor] I20260518 18:16:54.033982   130 feature_extraction.cc:323]   Gravity:         X=0.000, Y=1.000, Z=0.000
2026-05-18T18:16:55 COLMAP[feature_extractor] I20260518 18:16:54.814985   130 feature_extraction.cc:280] Processed file [1087/1710]
2026-05-18T18:16:55 COLMAP[feature_extractor] I20260518 18:16:54.815042   130 feature_extraction.cc:283]   Name:            DJI_01087.JPG
2026-05-18T18:16:55 COLMAP[feature_extractor] I20260518 18:16:54.815053   130 feature_extraction.cc:292]   Dimensions:      4000 x 2250
2026-05-18T18:16:55 COLMAP[feature_extractor] I20260518 18:16:54.815064   130 feature_extraction.cc:295]   Camera:          #1 - SIMPLE_RADIAL
2026-05-18T18:16:55 COLMAP[feature_extractor] I20260518 18:16:54.815075   130 feature_extraction.cc:298]   Focal Length:    2545.54px (Prior)
2026-05-18T18:16:55 COLMAP[feature_extractor] I20260518 18:16:54.815091   130 feature_extraction.cc:302]   Features:        8502 (SIFT)
2026-05-18T18:16:55 COLMAP[feature_extractor] I20260518 18:16:55.026283   130 feature_extraction.cc:316]   GPS:             LAT=40.522, LON=-111.892, ALT=1448.752
2026-05-18T18:16:55 COLMAP[feature_extractor] I20260518 18:16:55.026345   130 feature_extraction.cc:323]   Gravity:         X=0.000, Y=1.000, Z=0.000
2026-05-18T18:16:59 COLMAP[feature_extractor] I20260518 18:16:59.194176   130 feature_extraction.cc:280] Processed file [1088/1710]
2026-05-18T18:16:59 COLMAP[feature_extractor] I20260518 18:16:59.194238   130 feature_extraction.cc:283]   Name:            DJI_01088.JPG
2026-05-18T18:16:59 COLMAP[feature_extractor] I20260518 18:16:59.194250   130 feature_extraction.cc:292]   Dimensions:      4000 x 2250
2026-05-18T18:16:59 COLMAP[feature_extractor] I20260518 18:16:59.194260   130 feature_extraction.cc:295]   Camera:          #1 - SIMPLE_RADIAL
2026-05-18T18:16:59 COLMAP[feature_extractor] I20260518 18:16:59.194272   130 feature_extraction.cc:298]   Focal Length:    2545.54px (Prior)
2026-05-18T18:16:59 COLMAP[feature_extractor] I20260518 18:16:59.194288   130 feature_extraction.cc:302]   Features:        9477 (SIFT)
2026-05-18T18:16:59 COLMAP[feature_extractor] I20260518 18:16:59.420866   130 feature_extraction.cc:316]   GPS:             LAT=40.523, LON=-111.892, ALT=1439.352
2026-05-18T18:16:59 COLMAP[feature_extractor] I20260518 18:16:59.421175   130 feature_extraction.cc:323]   Gravity:         X=0.000, Y=1.000, Z=0.000
2026-05-18T18:17:02 COLMAP[feature_extractor] I20260518 18:17:02.222790   130 feature_extraction.cc:280] Processed file [1089/1710]
2026-05-18T18:17:02 COLMAP[feature_extractor] I20260518 18:17:02.222849   130 feature_extraction.cc:283]   Name:            DJI_01089.JPG
2026-05-18T18:17:02 COLMAP[feature_extractor] I20260518 18:17:02.222862   130 feature_extraction.cc:292]   Dimensions:      4000 x 2250
2026-05-18T18:17:02 COLMAP[feature_extractor] I20260518 18:17:02.222872   130 feature_extraction.cc:295]   Camera:          #1 - SIMPLE_RADIAL
2026-05-18T18:17:02 COLMAP[feature_extractor] I20260518 18:17:02.222883   130 feature_extraction.cc:298]   Focal Length:    2545.54px (Prior)
2026-05-18T18:17:02 COLMAP[feature_extractor] I20260518 18:17:02.222898   130 feature_extraction.cc:302]   Features:        8700 (SIFT)
2026-05-18T18:17:02 COLMAP[feature_extractor] I20260518 18:17:02.425129   130 feature_extraction.cc:316]   GPS:             LAT=40.523, LON=-111.892, ALT=1432.652
2026-05-18T18:17:02 COLMAP[feature_extractor] I20260518 18:17:02.425190   130 feature_extraction.cc:323]   Gravity:         X=0.000, Y=1.000, Z=0.000
2026-05-18T18:17:03 COLMAP[feature_extractor] I20260518 18:17:02.843729   130 feature_extraction.cc:280] Processed file [1090/1710]
2026-05-18T18:17:03 COLMAP[feature_extractor] I20260518 18:17:02.843787   130 feature_extraction.cc:283]   Name:            DJI_01090.JPG
2026-05-18T18:17:03 COLMAP[feature_extractor] I20260518 18:17:02.843798   130 feature_extraction.cc:292]   Dimensions:      4000 x 2250
2026-05-18T18:17:03 COLMAP[feature_extractor] I20260518 18:17:02.843817   130 feature_extraction.cc:295]   Camera:          #1 - SIMPLE_RADIAL
2026-05-18T18:17:03 COLMAP[feature_extractor] I20260518 18:17:02.843828   130 feature_extraction.cc:298]   Focal Length:    2545.54px (Prior)
2026-05-18T18:17:03 COLMAP[feature_extractor] I20260518 18:17:02.843843   130 feature_extraction.cc:302]   Features:        8727 (SIFT)
2026-05-18T18:17:03 COLMAP[feature_extractor] I20260518 18:17:03.190662   130 feature_extraction.cc:316]   GPS:             LAT=40.523, LON=-111.892, ALT=1432.852
2026-05-18T18:17:03 COLMAP[feature_extractor] I20260518 18:17:03.190725   130 feature_extraction.cc:323]   Gravity:         X=0.000, Y=1.000, Z=0.000
2026-05-18T18:17:04 COLMAP[feature_extractor] I20260518 18:17:04.214133   130 feature_extraction.cc:280] Processed file [1091/1710]
2026-05-18T18:17:04 COLMAP[feature_extractor] I20260518 18:17:04.214191   130 feature_extraction.cc:283]   Name:            DJI_01091.JPG
2026-05-18T18:17:04 COLMAP[feature_extractor] I20260518 18:17:04.214203   130 feature_extraction.cc:292]   Dimensions:      4000 x 2250
2026-05-18T18:17:04 COLMAP[feature_extractor] I20260518 18:17:04.214213   130 feature_extraction.cc:295]   Camera:          #1 - SIMPLE_RADIAL
2026-05-18T18:17:04 COLMAP[feature_extractor] I20260518 18:17:04.214226   130 feature_extraction.cc:298]   Focal Length:    2545.54px (Prior)
2026-05-18T18:17:04 COLMAP[feature_extractor] I20260518 18:17:04.214241   130 feature_extraction.cc:302]   Features:        8222 (SIFT)
2026-05-18T18:17:04 COLMAP[feature_extractor] I20260518 18:17:04.495345   130 feature_extraction.cc:316]   GPS:             LAT=40.523, LON=-111.892, ALT=1432.152
2026-05-18T18:17:04 COLMAP[feature_extractor] I20260518 18:17:04.495635   130 feature_extraction.cc:323]   Gravity:         X=0.000, Y=1.000, Z=0.000
2026-05-18T18:17:08 COLMAP[feature_extractor] I20260518 18:17:08.657104   130 feature_extraction.cc:280] Processed file [1092/1710]
2026-05-18T18:17:08 COLMAP[feature_extractor] I20260518 18:17:08.657158   130 feature_extraction.cc:283]   Name:            DJI_01092.JPG
2026-05-18T18:17:08 COLMAP[feature_extractor] I20260518 18:17:08.657171   130 feature_extraction.cc:292]   Dimensions:      4000 x 2250
2026-05-18T18:17:08 COLMAP[feature_extractor] I20260518 18:17:08.657181   130 feature_extraction.cc:295]   Camera:          #1 - SIMPLE_RADIAL
2026-05-18T18:17:08 COLMAP[feature_extractor] I20260518 18:17:08.657191   130 feature_extraction.cc:298]   Focal Length:    2545.54px (Prior)
2026-05-18T18:17:08 COLMAP[feature_extractor] I20260518 18:17:08.657208   130 feature_extraction.cc:302]   Features:        9040 (SIFT)
2026-05-18T18:17:09 COLMAP[feature_extractor] I20260518 18:17:08.909955   130 feature_extraction.cc:316]   GPS:             LAT=40.523, LON=-111.892, ALT=1432.552
2026-05-18T18:17:09 COLMAP[feature_extractor] I20260518 18:17:08.910014   130 feature_extraction.cc:323]   Gravity:         X=0.000, Y=1.000, Z=0.000
2026-05-18T18:17:11 COLMAP[feature_extractor] I20260518 18:17:11.369128   130 feature_extraction.cc:280] Processed file [1093/1710]
2026-05-18T18:17:11 COLMAP[feature_extractor] I20260518 18:17:11.369184   130 feature_extraction.cc:283]   Name:            DJI_01093.JPG
2026-05-18T18:17:11 COLMAP[feature_extractor] I20260518 18:17:11.369195   130 feature_extraction.cc:292]   Dimensions:      4000 x 2250
2026-05-18T18:17:11 COLMAP[feature_extractor] I20260518 18:17:11.369205   130 feature_extraction.cc:295]   Camera:          #1 - SIMPLE_RADIAL
2026-05-18T18:17:11 COLMAP[feature_extractor] I20260518 18:17:11.369216   130 feature_extraction.cc:298]   Focal Length:    2545.54px (Prior)
2026-05-18T18:17:11 COLMAP[feature_extractor] I20260518 18:17:11.369232   130 feature_extraction.cc:302]   Features:        8842 (SIFT)
2026-05-18T18:17:11 COLMAP[feature_extractor] I20260518 18:17:11.624305   130 feature_extraction.cc:316]   GPS:             LAT=40.523, LON=-111.892, ALT=1430.752
2026-05-18T18:17:11 COLMAP[feature_extractor] I20260518 18:17:11.624368   130 feature_extraction.cc:323]   Gravity:         X=0.000, Y=1.000, Z=0.000
2026-05-18T18:17:12 COLMAP[feature_extractor] I20260518 18:17:11.932614   130 feature_extraction.cc:280] Processed file [1094/1710]
2026-05-18T18:17:12 COLMAP[feature_extractor] I20260518 18:17:11.932679   130 feature_extraction.cc:283]   Name:            DJI_01094.JPG
2026-05-18T18:17:12 COLMAP[feature_extractor] I20260518 18:17:11.932693   130 feature_extraction.cc:292]   Dimensions:      4000 x 2250
2026-05-18T18:17:12 COLMAP[feature_extractor] I20260518 18:17:11.932703   130 feature_extraction.cc:295]   Camera:          #1 - SIMPLE_RADIAL
2026-05-18T18:17:12 COLMAP[feature_extractor] I20260518 18:17:11.932714   130 feature_extraction.cc:298]   Focal Length:    2545.54px (Prior)
2026-05-18T18:17:12 COLMAP[feature_extractor] I20260518 18:17:11.932730   130 feature_extraction.cc:302]   Features:        8713 (SIFT)
2026-05-18T18:17:12 COLMAP[feature_extractor] I20260518 18:17:12.146049   130 feature_extraction.cc:316]   GPS:             LAT=40.523, LON=-111.892, ALT=1429.552
2026-05-18T18:17:12 COLMAP[feature_extractor] I20260518 18:17:12.146111   130 feature_extraction.cc:323]   Gravity:         X=0.000, Y=1.000, Z=0.000
2026-05-18T18:17:13 COLMAP[feature_extractor] I20260518 18:17:13.406392   130 feature_extraction.cc:280] Processed file [1095/1710]
2026-05-18T18:17:13 COLMAP[feature_extractor] I20260518 18:17:13.406454   130 feature_extraction.cc:283]   Name:            DJI_01095.JPG
2026-05-18T18:17:13 COLMAP[feature_extractor] I20260518 18:17:13.406466   130 feature_extraction.cc:292]   Dimensions:      4000 x 2250
2026-05-18T18:17:13 COLMAP[feature_extractor] I20260518 18:17:13.406477   130 feature_extraction.cc:295]   Camera:          #1 - SIMPLE_RADIAL
2026-05-18T18:17:13 COLMAP[feature_extractor] I20260518 18:17:13.406488   130 feature_extraction.cc:298]   Focal Length:    2545.54px (Prior)
2026-05-18T18:17:13 COLMAP[feature_extractor] I20260518 18:17:13.406503   130 feature_extraction.cc:302]   Features:        8356 (SIFT)
2026-05-18T18:17:13 COLMAP[feature_extractor] I20260518 18:17:13.669780   130 feature_extraction.cc:316]   GPS:             LAT=40.523, LON=-111.892, ALT=1429.452
2026-05-18T18:17:13 COLMAP[feature_extractor] I20260518 18:17:13.669878   130 feature_extraction.cc:323]   Gravity:         X=0.000, Y=1.000, Z=0.000
2026-05-18T18:17:18 COLMAP[feature_extractor] I20260518 18:17:17.981715   130 feature_extraction.cc:280] Processed file [1096/1710]
2026-05-18T18:17:18 COLMAP[feature_extractor] I20260518 18:17:17.981783   130 feature_extraction.cc:283]   Name:            DJI_01096.JPG
2026-05-18T18:17:18 COLMAP[feature_extractor] I20260518 18:17:17.981797   130 feature_extraction.cc:292]   Dimensions:      4000 x 2250
2026-05-18T18:17:18 COLMAP[feature_extractor] I20260518 18:17:17.981808   130 feature_extraction.cc:295]   Camera:          #1 - SIMPLE_RADIAL
2026-05-18T18:17:18 COLMAP[feature_extractor] I20260518 18:17:17.981819   130 feature_extraction.cc:298]   Focal Length:    2545.54px (Prior)
2026-05-18T18:17:18 COLMAP[feature_extractor] I20260518 18:17:17.981834   130 feature_extraction.cc:302]   Features:        9889 (SIFT)
2026-05-18T18:17:18 COLMAP[feature_extractor] I20260518 18:17:18.243798   130 feature_extraction.cc:316]   GPS:             LAT=40.523, LON=-111.892, ALT=1424.552
2026-05-18T18:17:18 COLMAP[feature_extractor] I20260518 18:17:18.243867   130 feature_extraction.cc:323]   Gravity:         X=0.000, Y=1.000, Z=0.000
2026-05-18T18:17:20 COLMAP[feature_extractor] I20260518 18:17:20.697950   130 feature_extraction.cc:280] Processed file [1097/1710]
2026-05-18T18:17:20 COLMAP[feature_extractor] I20260518 18:17:20.698016   130 feature_extraction.cc:283]   Name:            DJI_01097.JPG
2026-05-18T18:17:20 COLMAP[feature_extractor] I20260518 18:17:20.698028   130 feature_extraction.cc:292]   Dimensions:      4000 x 2250
2026-05-18T18:17:20 COLMAP[feature_extractor] I20260518 18:17:20.698040   130 feature_extraction.cc:295]   Camera:          #1 - SIMPLE_RADIAL
2026-05-18T18:17:20 COLMAP[feature_extractor] I20260518 18:17:20.698050   130 feature_extraction.cc:298]   Focal Length:    2545.54px (Prior)
2026-05-18T18:17:20 COLMAP[feature_extractor] I20260518 18:17:20.698066   130 feature_extraction.cc:302]   Features:        9879 (SIFT)
2026-05-18T18:17:21 COLMAP[feature_extractor] I20260518 18:17:20.921896   130 feature_extraction.cc:316]   GPS:             LAT=40.523, LON=-111.892, ALT=1424.452
2026-05-18T18:17:21 COLMAP[feature_extractor] I20260518 18:17:20.921958   130 feature_extraction.cc:323]   Gravity:         X=0.000, Y=1.000, Z=0.000
2026-05-18T18:17:21 COLMAP[feature_extractor] I20260518 18:17:21.249893   130 feature_extraction.cc:280] Processed file [1098/1710]
2026-05-18T18:17:21 COLMAP[feature_extractor] I20260518 18:17:21.249954   130 feature_extraction.cc:283]   Name:            DJI_01098.JPG
2026-05-18T18:17:21 COLMAP[feature_extractor] I20260518 18:17:21.249966   130 feature_extraction.cc:292]   Dimensions:      4000 x 2250
2026-05-18T18:17:21 COLMAP[feature_extractor] I20260518 18:17:21.249977   130 feature_extraction.cc:295]   Camera:          #1 - SIMPLE_RADIAL
2026-05-18T18:17:21 COLMAP[feature_extractor] I20260518 18:17:21.249989   130 feature_extraction.cc:298]   Focal Length:    2545.54px (Prior)
2026-05-18T18:17:21 COLMAP[feature_extractor] I20260518 18:17:21.250003   130 feature_extraction.cc:302]   Features:        10647 (SIFT)
2026-05-18T18:17:21 COLMAP[feature_extractor] I20260518 18:17:21.626004   130 feature_extraction.cc:316]   GPS:             LAT=40.523, LON=-111.892, ALT=1416.452
2026-05-18T18:17:21 COLMAP[feature_extractor] I20260518 18:17:21.626066   130 feature_extraction.cc:323]   Gravity:         X=0.000, Y=1.000, Z=0.000
2026-05-18T18:17:22 COLMAP[feature_extractor] I20260518 18:17:22.766553   130 feature_extraction.cc:280] Processed file [1099/1710]
2026-05-18T18:17:22 COLMAP[feature_extractor] I20260518 18:17:22.766613   130 feature_extraction.cc:283]   Name:            DJI_01099.JPG
2026-05-18T18:17:22 COLMAP[feature_extractor] I20260518 18:17:22.766625   130 feature_extraction.cc:292]   Dimensions:      4000 x 2250
2026-05-18T18:17:22 COLMAP[feature_extractor] I20260518 18:17:22.766636   130 feature_extraction.cc:295]   Camera:          #1 - SIMPLE_RADIAL
2026-05-18T18:17:22 COLMAP[feature_extractor] I20260518 18:17:22.766647   130 feature_extraction.cc:298]   Focal Length:    2545.54px (Prior)
2026-05-18T18:17:22 COLMAP[feature_extractor] I20260518 18:17:22.766662   130 feature_extraction.cc:302]   Features:        11394 (SIFT)
2026-05-18T18:17:23 COLMAP[feature_extractor] I20260518 18:17:23.040391   130 feature_extraction.cc:316]   GPS:             LAT=40.523, LON=-111.892, ALT=1416.852
2026-05-18T18:17:23 COLMAP[feature_extractor] I20260518 18:17:23.040450   130 feature_extraction.cc:323]   Gravity:         X=0.000, Y=1.000, Z=0.000
2026-05-18T18:17:27 COLMAP[feature_extractor] I20260518 18:17:27.106026   130 feature_extraction.cc:280] Processed file [1100/1710]
2026-05-18T18:17:27 COLMAP[feature_extractor] I20260518 18:17:27.106083   130 feature_extraction.cc:283]   Name:            DJI_01100.JPG
2026-05-18T18:17:27 COLMAP[feature_extractor] I20260518 18:17:27.106096   130 feature_extraction.cc:292]   Dimensions:      4000 x 2250
2026-05-18T18:17:27 COLMAP[feature_extractor] I20260518 18:17:27.106106   130 feature_extraction.cc:295]   Camera:          #1 - SIMPLE_RADIAL
2026-05-18T18:17:27 COLMAP[feature_extractor] I20260518 18:17:27.106117   130 feature_extraction.cc:298]   Focal Length:    2545.54px (Prior)
2026-05-18T18:17:27 COLMAP[feature_extractor] I20260518 18:17:27.106133   130 feature_extraction.cc:302]   Features:        9965 (SIFT)
2026-05-18T18:17:27 COLMAP[feature_extractor] I20260518 18:17:27.359686   130 feature_extraction.cc:316]   GPS:             LAT=40.523, LON=-111.892, ALT=1416.414
2026-05-18T18:17:27 COLMAP[feature_extractor] I20260518 18:17:27.359751   130 feature_extraction.cc:323]   Gravity:         X=0.000, Y=1.000, Z=0.000
2026-05-18T18:17:30 COLMAP[feature_extractor] I20260518 18:17:29.881300   130 feature_extraction.cc:280] Processed file [1101/1710]
2026-05-18T18:17:30 COLMAP[feature_extractor] I20260518 18:17:29.881358   130 feature_extraction.cc:283]   Name:            DJI_01101.JPG
2026-05-18T18:17:30 COLMAP[feature_extractor] I20260518 18:17:29.881407   130 feature_extraction.cc:292]   Dimensions:      4000 x 2250
2026-05-18T18:17:30 COLMAP[feature_extractor] I20260518 18:17:29.881418   130 feature_extraction.cc:295]   Camera:          #1 - SIMPLE_RADIAL
2026-05-18T18:17:30 COLMAP[feature_extractor] I20260518 18:17:29.881430   130 feature_extraction.cc:298]   Focal Length:    2545.54px (Prior)
2026-05-18T18:17:30 COLMAP[feature_extractor] I20260518 18:17:29.881445   130 feature_extraction.cc:302]   Features:        9110 (SIFT)
2026-05-18T18:17:30 COLMAP[feature_extractor] I20260518 18:17:30.099376   130 feature_extraction.cc:316]   GPS:             LAT=40.523, LON=-111.892, ALT=1416.814
2026-05-18T18:17:30 COLMAP[feature_extractor] I20260518 18:17:30.099436   130 feature_extraction.cc:323]   Gravity:         X=0.000, Y=1.000, Z=0.000
2026-05-18T18:17:30 COLMAP[feature_extractor] I20260518 18:17:30.672921   130 feature_extraction.cc:280] Processed file [1102/1710]
2026-05-18T18:17:30 COLMAP[feature_extractor] I20260518 18:17:30.672981   130 feature_extraction.cc:283]   Name:            DJI_01102.JPG
2026-05-18T18:17:30 COLMAP[feature_extractor] I20260518 18:17:30.672992   130 feature_extraction.cc:292]   Dimensions:      4000 x 2250
2026-05-18T18:17:30 COLMAP[feature_extractor] I20260518 18:17:30.673002   130 feature_extraction.cc:295]   Camera:          #1 - SIMPLE_RADIAL
2026-05-18T18:17:30 COLMAP[feature_extractor] I20260518 18:17:30.673014   130 feature_extraction.cc:298]   Focal Length:    2545.54px (Prior)
2026-05-18T18:17:30 COLMAP[feature_extractor] I20260518 18:17:30.673029   130 feature_extraction.cc:302]   Features:        9058 (SIFT)
2026-05-18T18:17:31 COLMAP[feature_extractor] I20260518 18:17:30.883543   130 feature_extraction.cc:316]   GPS:             LAT=40.523, LON=-111.892, ALT=1416.614
2026-05-18T18:17:31 COLMAP[feature_extractor] I20260518 18:17:30.883603   130 feature_extraction.cc:323]   Gravity:         X=0.000, Y=1.000, Z=0.000
2026-05-18T18:17:32 COLMAP[feature_extractor] I20260518 18:17:32.084806   130 feature_extraction.cc:280] Processed file [1103/1710]
2026-05-18T18:17:32 COLMAP[feature_extractor] I20260518 18:17:32.084872   130 feature_extraction.cc:283]   Name:            DJI_01103.JPG
2026-05-18T18:17:32 COLMAP[feature_extractor] I20260518 18:17:32.084884   130 feature_extraction.cc:292]   Dimensions:      4000 x 2250
2026-05-18T18:17:32 COLMAP[feature_extractor] I20260518 18:17:32.084894   130 feature_extraction.cc:295]   Camera:          #1 - SIMPLE_RADIAL
2026-05-18T18:17:32 COLMAP[feature_extractor] I20260518 18:17:32.084905   130 feature_extraction.cc:298]   Focal Length:    2545.54px (Prior)
2026-05-18T18:17:32 COLMAP[feature_extractor] I20260518 18:17:32.084921   130 feature_extraction.cc:302]   Features:        9024 (SIFT)
2026-05-18T18:17:32 COLMAP[feature_extractor] I20260518 18:17:32.302139   130 feature_extraction.cc:316]   GPS:             LAT=40.523, LON=-111.892, ALT=1416.114
2026-05-18T18:17:32 COLMAP[feature_extractor] I20260518 18:17:32.302204   130 feature_extraction.cc:323]   Gravity:         X=0.000, Y=1.000, Z=0.000
2026-05-18T18:17:36 COLMAP[feature_extractor] I20260518 18:17:36.477711   130 feature_extraction.cc:280] Processed file [1104/1710]
2026-05-18T18:17:36 COLMAP[feature_extractor] I20260518 18:17:36.477780   130 feature_extraction.cc:283]   Name:            DJI_01104.JPG
2026-05-18T18:17:36 COLMAP[feature_extractor] I20260518 18:17:36.477794   130 feature_extraction.cc:292]   Dimensions:      4000 x 2250
2026-05-18T18:17:36 COLMAP[feature_extractor] I20260518 18:17:36.477806   130 feature_extraction.cc:295]   Camera:          #1 - SIMPLE_RADIAL
2026-05-18T18:17:36 COLMAP[feature_extractor] I20260518 18:17:36.477819   130 feature_extraction.cc:298]   Focal Length:    2545.54px (Prior)
2026-05-18T18:17:36 COLMAP[feature_extractor] I20260518 18:17:36.477836   130 feature_extraction.cc:302]   Features:        8953 (SIFT)
2026-05-18T18:17:36 COLMAP[feature_extractor] I20260518 18:17:36.677874   130 feature_extraction.cc:316]   GPS:             LAT=40.523, LON=-111.892, ALT=1417.114
2026-05-18T18:17:36 COLMAP[feature_extractor] I20260518 18:17:36.677939   130 feature_extraction.cc:323]   Gravity:         X=0.000, Y=1.000, Z=0.000
2026-05-18T18:17:39 COLMAP[feature_extractor] I20260518 18:17:39.193724   130 feature_extraction.cc:280] Processed file [1105/1710]
2026-05-18T18:17:39 COLMAP[feature_extractor] I20260518 18:17:39.193787   130 feature_extraction.cc:283]   Name:            DJI_01105.JPG
2026-05-18T18:17:39 COLMAP[feature_extractor] I20260518 18:17:39.193799   130 feature_extraction.cc:292]   Dimensions:      4000 x 2250
2026-05-18T18:17:39 COLMAP[feature_extractor] I20260518 18:17:39.193810   130 feature_extraction.cc:295]   Camera:          #1 - SIMPLE_RADIAL
2026-05-18T18:17:39 COLMAP[feature_extractor] I20260518 18:17:39.193821   130 feature_extraction.cc:298]   Focal Length:    2545.54px (Prior)
2026-05-18T18:17:39 COLMAP[feature_extractor] I20260518 18:17:39.193837   130 feature_extraction.cc:302]   Features:        8647 (SIFT)
2026-05-18T18:17:39 COLMAP[feature_extractor] I20260518 18:17:39.330478   130 feature_extraction.cc:316]   GPS:             LAT=40.523, LON=-111.891, ALT=1417.614
2026-05-18T18:17:39 COLMAP[feature_extractor] I20260518 18:17:39.330542   130 feature_extraction.cc:323]   Gravity:         X=0.000, Y=1.000, Z=0.000
2026-05-18T18:17:40 COLMAP[feature_extractor] I20260518 18:17:39.865712   130 feature_extraction.cc:280] Processed file [1106/1710]
2026-05-18T18:17:40 COLMAP[feature_extractor] I20260518 18:17:39.865772   130 feature_extraction.cc:283]   Name:            DJI_01106.JPG
2026-05-18T18:17:40 COLMAP[feature_extractor] I20260518 18:17:39.865783   130 feature_extraction.cc:292]   Dimensions:      4000 x 2250
2026-05-18T18:17:40 COLMAP[feature_extractor] I20260518 18:17:39.865793   130 feature_extraction.cc:295]   Camera:          #1 - SIMPLE_RADIAL
2026-05-18T18:17:40 COLMAP[feature_extractor] I20260518 18:17:39.865804   130 feature_extraction.cc:298]   Focal Length:    2545.54px (Prior)
2026-05-18T18:17:40 COLMAP[feature_extractor] I20260518 18:17:39.865851   130 feature_extraction.cc:302]   Features:        8640 (SIFT)
2026-05-18T18:17:40 COLMAP[feature_extractor] I20260518 18:17:40.194213   130 feature_extraction.cc:316]   GPS:             LAT=40.523, LON=-111.891, ALT=1418.114
2026-05-18T18:17:40 COLMAP[feature_extractor] I20260518 18:17:40.194279   130 feature_extraction.cc:323]   Gravity:         X=0.000, Y=1.000, Z=0.000
2026-05-18T18:17:41 COLMAP[feature_extractor] I20260518 18:17:41.161540   130 feature_extraction.cc:280] Processed file [1107/1710]
2026-05-18T18:17:41 COLMAP[feature_extractor] I20260518 18:17:41.161598   130 feature_extraction.cc:283]   Name:            DJI_01107.JPG
2026-05-18T18:17:41 COLMAP[feature_extractor] I20260518 18:17:41.161610   130 feature_extraction.cc:292]   Dimensions:      4000 x 2250
2026-05-18T18:17:41 COLMAP[feature_extractor] I20260518 18:17:41.161621   130 feature_extraction.cc:295]   Camera:          #1 - SIMPLE_RADIAL
2026-05-18T18:17:41 COLMAP[feature_extractor] I20260518 18:17:41.161633   130 feature_extraction.cc:298]   Focal Length:    2545.54px (Prior)
2026-05-18T18:17:41 COLMAP[feature_extractor] I20260518 18:17:41.161648   130 feature_extraction.cc:302]   Features:        8642 (SIFT)
2026-05-18T18:17:41 COLMAP[feature_extractor] I20260518 18:17:41.357573   130 feature_extraction.cc:316]   GPS:             LAT=40.523, LON=-111.891, ALT=1418.314
2026-05-18T18:17:41 COLMAP[feature_extractor] I20260518 18:17:41.357635   130 feature_extraction.cc:323]   Gravity:         X=0.000, Y=1.000, Z=0.000
2026-05-18T18:17:46 COLMAP[feature_extractor] I20260518 18:17:45.814157   130 feature_extraction.cc:280] Processed file [1108/1710]
2026-05-18T18:17:46 COLMAP[feature_extractor] I20260518 18:17:45.814240   130 feature_extraction.cc:283]   Name:            DJI_01108.JPG
2026-05-18T18:17:46 COLMAP[feature_extractor] I20260518 18:17:45.814254   130 feature_extraction.cc:292]   Dimensions:      4000 x 2250
2026-05-18T18:17:46 COLMAP[feature_extractor] I20260518 18:17:45.814265   130 feature_extraction.cc:295]   Camera:          #1 - SIMPLE_RADIAL
2026-05-18T18:17:46 COLMAP[feature_extractor] I20260518 18:17:45.814276   130 feature_extraction.cc:298]   Focal Length:    2545.54px (Prior)
2026-05-18T18:17:46 COLMAP[feature_extractor] I20260518 18:17:45.814293   130 feature_extraction.cc:302]   Features:        8507 (SIFT)
2026-05-18T18:17:46 COLMAP[feature_extractor] I20260518 18:17:46.025453   130 feature_extraction.cc:316]   GPS:             LAT=40.523, LON=-111.891, ALT=1418.114
2026-05-18T18:17:46 COLMAP[feature_extractor] I20260518 18:17:46.025516   130 feature_extraction.cc:323]   Gravity:         X=0.000, Y=1.000, Z=0.000
2026-05-18T18:17:48 COLMAP[feature_extractor] I20260518 18:17:48.404668   130 feature_extraction.cc:280] Processed file [1109/1710]
2026-05-18T18:17:48 COLMAP[feature_extractor] I20260518 18:17:48.404734   130 feature_extraction.cc:283]   Name:            DJI_01109.JPG
2026-05-18T18:17:48 COLMAP[feature_extractor] I20260518 18:17:48.404747   130 feature_extraction.cc:292]   Dimensions:      4000 x 2250
2026-05-18T18:17:48 COLMAP[feature_extractor] I20260518 18:17:48.404757   130 feature_extraction.cc:295]   Camera:          #1 - SIMPLE_RADIAL
2026-05-18T18:17:48 COLMAP[feature_extractor] I20260518 18:17:48.404769   130 feature_extraction.cc:298]   Focal Length:    2545.54px (Prior)
2026-05-18T18:17:48 COLMAP[feature_extractor] I20260518 18:17:48.404785   130 feature_extraction.cc:302]   Features:        10903 (SIFT)
2026-05-18T18:17:48 COLMAP[feature_extractor] I20260518 18:17:48.675112   130 feature_extraction.cc:316]   GPS:             LAT=40.523, LON=-111.891, ALT=1422.614
2026-05-18T18:17:48 COLMAP[feature_extractor] I20260518 18:17:48.675168   130 feature_extraction.cc:323]   Gravity:         X=0.000, Y=1.000, Z=0.000
2026-05-18T18:17:49 COLMAP[feature_extractor] I20260518 18:17:48.949048   130 feature_extraction.cc:280] Processed file [1110/1710]
2026-05-18T18:17:49 COLMAP[feature_extractor] I20260518 18:17:48.949108   130 feature_extraction.cc:283]   Name:            DJI_01110.JPG
2026-05-18T18:17:49 COLMAP[feature_extractor] I20260518 18:17:48.949120   130 feature_extraction.cc:292]   Dimensions:      4000 x 2250
2026-05-18T18:17:49 COLMAP[feature_extractor] I20260518 18:17:48.949131   130 feature_extraction.cc:295]   Camera:          #1 - SIMPLE_RADIAL
2026-05-18T18:17:49 COLMAP[feature_extractor] I20260518 18:17:48.949142   130 feature_extraction.cc:298]   Focal Length:    2545.54px (Prior)
2026-05-18T18:17:49 COLMAP[feature_extractor] I20260518 18:17:48.949157   130 feature_extraction.cc:302]   Features:        8446 (SIFT)
2026-05-18T18:17:49 COLMAP[feature_extractor] I20260518 18:17:49.134321   130 feature_extraction.cc:316]   GPS:             LAT=40.523, LON=-111.891, ALT=1422.414
2026-05-18T18:17:49 COLMAP[feature_extractor] I20260518 18:17:49.134377   130 feature_extraction.cc:323]   Gravity:         X=0.000, Y=1.000, Z=0.000
2026-05-18T18:17:50 COLMAP[feature_extractor] I20260518 18:17:50.532984   130 feature_extraction.cc:280] Processed file [1111/1710]
2026-05-18T18:17:50 COLMAP[feature_extractor] I20260518 18:17:50.533047   130 feature_extraction.cc:283]   Name:            DJI_01111.JPG
2026-05-18T18:17:50 COLMAP[feature_extractor] I20260518 18:17:50.533061   130 feature_extraction.cc:292]   Dimensions:      4000 x 2250
2026-05-18T18:17:50 COLMAP[feature_extractor] I20260518 18:17:50.533070   130 feature_extraction.cc:295]   Camera:          #1 - SIMPLE_RADIAL
2026-05-18T18:17:50 COLMAP[feature_extractor] I20260518 18:17:50.533082   130 feature_extraction.cc:298]   Focal Length:    2545.54px (Prior)
2026-05-18T18:17:50 COLMAP[feature_extractor] I20260518 18:17:50.533098   130 feature_extraction.cc:302]   Features:        9228 (SIFT)
2026-05-18T18:17:51 COLMAP[feature_extractor] I20260518 18:17:50.832799   130 feature_extraction.cc:316]   GPS:             LAT=40.523, LON=-111.891, ALT=1422.814
2026-05-18T18:17:51 COLMAP[feature_extractor] I20260518 18:17:50.832860   130 feature_extraction.cc:323]   Gravity:         X=0.000, Y=1.000, Z=0.000
2026-05-18T18:17:55 COLMAP[feature_extractor] I20260518 18:17:54.936956   130 feature_extraction.cc:280] Processed file [1112/1710]
2026-05-18T18:17:55 COLMAP[feature_extractor] I20260518 18:17:54.937011   130 feature_extraction.cc:283]   Name:            DJI_01112.JPG
2026-05-18T18:17:55 COLMAP[feature_extractor] I20260518 18:17:54.937023   130 feature_extraction.cc:292]   Dimensions:      4000 x 2250
2026-05-18T18:17:55 COLMAP[feature_extractor] I20260518 18:17:54.937033   130 feature_extraction.cc:295]   Camera:          #1 - SIMPLE_RADIAL
2026-05-18T18:17:55 COLMAP[feature_extractor] I20260518 18:17:54.937045   130 feature_extraction.cc:298]   Focal Length:    2545.54px (Prior)
2026-05-18T18:17:55 COLMAP[feature_extractor] I20260518 18:17:54.937062   130 feature_extraction.cc:302]   Features:        9580 (SIFT)
2026-05-18T18:17:55 COLMAP[feature_extractor] I20260518 18:17:55.179659   130 feature_extraction.cc:316]   GPS:             LAT=40.523, LON=-111.891, ALT=1423.014
2026-05-18T18:17:55 COLMAP[feature_extractor] I20260518 18:17:55.179723   130 feature_extraction.cc:323]   Gravity:         X=0.000, Y=1.000, Z=0.000
2026-05-18T18:17:57 COLMAP[feature_extractor] I20260518 18:17:57.651333   130 feature_extraction.cc:280] Processed file [1113/1710]
2026-05-18T18:17:57 COLMAP[feature_extractor] I20260518 18:17:57.651392   130 feature_extraction.cc:283]   Name:            DJI_01113.JPG
2026-05-18T18:17:57 COLMAP[feature_extractor] I20260518 18:17:57.652014   130 feature_extraction.cc:292]   Dimensions:      4000 x 2250
2026-05-18T18:17:57 COLMAP[feature_extractor] I20260518 18:17:57.652325   130 feature_extraction.cc:295]   Camera:          #1 - SIMPLE_RADIAL
2026-05-18T18:17:57 COLMAP[feature_extractor] I20260518 18:17:57.652814   130 feature_extraction.cc:298]   Focal Length:    2545.54px (Prior)
2026-05-18T18:17:57 COLMAP[feature_extractor] I20260518 18:17:57.652843   130 feature_extraction.cc:302]   Features:        9433 (SIFT)
2026-05-18T18:17:58 COLMAP[feature_extractor] I20260518 18:17:57.916293   130 feature_extraction.cc:316]   GPS:             LAT=40.523, LON=-111.891, ALT=1420.814
2026-05-18T18:17:58 COLMAP[feature_extractor] I20260518 18:17:57.916347   130 feature_extraction.cc:323]   Gravity:         X=0.000, Y=1.000, Z=0.000
2026-05-18T18:17:58 COLMAP[feature_extractor] I20260518 18:17:58.229425   130 feature_extraction.cc:280] Processed file [1114/1710]
2026-05-18T18:17:58 COLMAP[feature_extractor] I20260518 18:17:58.229480   130 feature_extraction.cc:283]   Name:            DJI_01114.JPG
2026-05-18T18:17:58 COLMAP[feature_extractor] I20260518 18:17:58.229492   130 feature_extraction.cc:292]   Dimensions:      4000 x 2250
2026-05-18T18:17:58 COLMAP[feature_extractor] I20260518 18:17:58.229503   130 feature_extraction.cc:295]   Camera:          #1 - SIMPLE_RADIAL
2026-05-18T18:17:58 COLMAP[feature_extractor] I20260518 18:17:58.229514   130 feature_extraction.cc:298]   Focal Length:    2545.54px (Prior)
2026-05-18T18:17:58 COLMAP[feature_extractor] I20260518 18:17:58.229530   130 feature_extraction.cc:302]   Features:        8539 (SIFT)
2026-05-18T18:17:58 COLMAP[feature_extractor] I20260518 18:17:58.498996   130 feature_extraction.cc:316]   GPS:             LAT=40.523, LON=-111.892, ALT=1420.214
2026-05-18T18:17:58 COLMAP[feature_extractor] I20260518 18:17:58.499055   130 feature_extraction.cc:323]   Gravity:         X=0.000, Y=1.000, Z=0.000
2026-05-18T18:18:00 COLMAP[feature_extractor] I20260518 18:17:59.885915   130 feature_extraction.cc:280] Processed file [1115/1710]
2026-05-18T18:18:00 COLMAP[feature_extractor] I20260518 18:17:59.885968   130 feature_extraction.cc:283]   Name:            DJI_01115.JPG
2026-05-18T18:18:00 COLMAP[feature_extractor] I20260518 18:17:59.885980   130 feature_extraction.cc:292]   Dimensions:      4000 x 2250
2026-05-18T18:18:00 COLMAP[feature_extractor] I20260518 18:17:59.885991   130 feature_extraction.cc:295]   Camera:          #1 - SIMPLE_RADIAL
2026-05-18T18:18:00 COLMAP[feature_extractor] I20260518 18:17:59.886003   130 feature_extraction.cc:298]   Focal Length:    2545.54px (Prior)
2026-05-18T18:18:00 COLMAP[feature_extractor] I20260518 18:17:59.886018   130 feature_extraction.cc:302]   Features:        9377 (SIFT)
2026-05-18T18:18:00 COLMAP[feature_extractor] I20260518 18:18:00.178740   130 feature_extraction.cc:316]   GPS:             LAT=40.522, LON=-111.891, ALT=1420.514
2026-05-18T18:18:00 COLMAP[feature_extractor] I20260518 18:18:00.178800   130 feature_extraction.cc:323]   Gravity:         X=0.000, Y=1.000, Z=0.000
2026-05-18T18:18:04 COLMAP[feature_extractor] I20260518 18:18:04.205713   130 feature_extraction.cc:280] Processed file [1116/1710]
2026-05-18T18:18:04 COLMAP[feature_extractor] I20260518 18:18:04.205771   130 feature_extraction.cc:283]   Name:            DJI_01116.JPG
2026-05-18T18:18:04 COLMAP[feature_extractor] I20260518 18:18:04.205783   130 feature_extraction.cc:292]   Dimensions:      4000 x 2250
2026-05-18T18:18:04 COLMAP[feature_extractor] I20260518 18:18:04.205794   130 feature_extraction.cc:295]   Camera:          #1 - SIMPLE_RADIAL
2026-05-18T18:18:04 COLMAP[feature_extractor] I20260518 18:18:04.205806   130 feature_extraction.cc:298]   Focal Length:    2545.54px (Prior)
2026-05-18T18:18:04 COLMAP[feature_extractor] I20260518 18:18:04.205821   130 feature_extraction.cc:302]   Features:        9325 (SIFT)
2026-05-18T18:18:04 COLMAP[feature_extractor] I20260518 18:18:04.429383   130 feature_extraction.cc:316]   GPS:             LAT=40.522, LON=-111.891, ALT=1420.614
2026-05-18T18:18:04 COLMAP[feature_extractor] I20260518 18:18:04.429445   130 feature_extraction.cc:323]   Gravity:         X=0.000, Y=1.000, Z=0.000
2026-05-18T18:18:07 COLMAP[feature_extractor] I20260518 18:18:07.107812   130 feature_extraction.cc:280] Processed file [1117/1710]
2026-05-18T18:18:07 COLMAP[feature_extractor] I20260518 18:18:07.107873   130 feature_extraction.cc:283]   Name:            DJI_01117.JPG
2026-05-18T18:18:07 COLMAP[feature_extractor] I20260518 18:18:07.107885   130 feature_extraction.cc:292]   Dimensions:      4000 x 2250
2026-05-18T18:18:07 COLMAP[feature_extractor] I20260518 18:18:07.107896   130 feature_extraction.cc:295]   Camera:          #1 - SIMPLE_RADIAL
2026-05-18T18:18:07 COLMAP[feature_extractor] I20260518 18:18:07.107908   130 feature_extraction.cc:298]   Focal Length:    2545.54px (Prior)
2026-05-18T18:18:07 COLMAP[feature_extractor] I20260518 18:18:07.107923   130 feature_extraction.cc:302]   Features:        9877 (SIFT)
2026-05-18T18:18:07 COLMAP[feature_extractor] I20260518 18:18:07.354705   130 feature_extraction.cc:316]   GPS:             LAT=40.522, LON=-111.891, ALT=1420.514
2026-05-18T18:18:07 COLMAP[feature_extractor] I20260518 18:18:07.354768   130 feature_extraction.cc:323]   Gravity:         X=0.000, Y=1.000, Z=0.000
2026-05-18T18:18:07 COLMAP[feature_extractor] I20260518 18:18:07.505658   130 feature_extraction.cc:280] Processed file [1118/1710]
2026-05-18T18:18:07 COLMAP[feature_extractor] I20260518 18:18:07.505733   130 feature_extraction.cc:283]   Name:            DJI_01118.JPG
2026-05-18T18:18:07 COLMAP[feature_extractor] I20260518 18:18:07.505745   130 feature_extraction.cc:292]   Dimensions:      4000 x 2250
2026-05-18T18:18:07 COLMAP[feature_extractor] I20260518 18:18:07.505756   130 feature_extraction.cc:295]   Camera:          #1 - SIMPLE_RADIAL
2026-05-18T18:18:07 COLMAP[feature_extractor] I20260518 18:18:07.505767   130 feature_extraction.cc:298]   Focal Length:    2545.54px (Prior)
2026-05-18T18:18:07 COLMAP[feature_extractor] I20260518 18:18:07.505782   130 feature_extraction.cc:302]   Features:        9313 (SIFT)
2026-05-18T18:18:08 COLMAP[feature_extractor] I20260518 18:18:07.821461   130 feature_extraction.cc:316]   GPS:             LAT=40.522, LON=-111.891, ALT=1419.814
2026-05-18T18:18:08 COLMAP[feature_extractor] I20260518 18:18:07.821547   130 feature_extraction.cc:323]   Gravity:         X=0.000, Y=1.000, Z=0.000
2026-05-18T18:18:09 COLMAP[feature_extractor] I20260518 18:18:09.385717   130 feature_extraction.cc:280] Processed file [1119/1710]
2026-05-18T18:18:09 COLMAP[feature_extractor] I20260518 18:18:09.385790   130 feature_extraction.cc:283]   Name:            DJI_01119.JPG
2026-05-18T18:18:09 COLMAP[feature_extractor] I20260518 18:18:09.385802   130 feature_extraction.cc:292]   Dimensions:      4000 x 2250
2026-05-18T18:18:09 COLMAP[feature_extractor] I20260518 18:18:09.385811   130 feature_extraction.cc:295]   Camera:          #1 - SIMPLE_RADIAL
2026-05-18T18:18:09 COLMAP[feature_extractor] I20260518 18:18:09.385821   130 feature_extraction.cc:298]   Focal Length:    2545.54px (Prior)
2026-05-18T18:18:09 COLMAP[feature_extractor] I20260518 18:18:09.385836   130 feature_extraction.cc:302]   Features:        9147 (SIFT)
2026-05-18T18:18:09 COLMAP[feature_extractor] I20260518 18:18:09.577543   130 feature_extraction.cc:316]   GPS:             LAT=40.522, LON=-111.891, ALT=1419.614
2026-05-18T18:18:09 COLMAP[feature_extractor] I20260518 18:18:09.577597   130 feature_extraction.cc:323]   Gravity:         X=0.000, Y=1.000, Z=0.000
2026-05-18T18:18:13 COLMAP[feature_extractor] I20260518 18:18:13.358372   130 feature_extraction.cc:280] Processed file [1120/1710]
2026-05-18T18:18:13 COLMAP[feature_extractor] I20260518 18:18:13.358428   130 feature_extraction.cc:283]   Name:            DJI_01120.JPG
2026-05-18T18:18:13 COLMAP[feature_extractor] I20260518 18:18:13.358440   130 feature_extraction.cc:292]   Dimensions:      4000 x 2250
2026-05-18T18:18:13 COLMAP[feature_extractor] I20260518 18:18:13.358451   130 feature_extraction.cc:295]   Camera:          #1 - SIMPLE_RADIAL
2026-05-18T18:18:13 COLMAP[feature_extractor] I20260518 18:18:13.358462   130 feature_extraction.cc:298]   Focal Length:    2545.54px (Prior)
2026-05-18T18:18:13 COLMAP[feature_extractor] I20260518 18:18:13.358479   130 feature_extraction.cc:302]   Features:        8732 (SIFT)
2026-05-18T18:18:13 COLMAP[feature_extractor] I20260518 18:18:13.628525   130 feature_extraction.cc:316]   GPS:             LAT=40.522, LON=-111.891, ALT=1420.314
2026-05-18T18:18:13 COLMAP[feature_extractor] I20260518 18:18:13.628585   130 feature_extraction.cc:323]   Gravity:         X=0.000, Y=1.000, Z=0.000
2026-05-18T18:18:16 COLMAP[feature_extractor] I20260518 18:18:16.369706   130 feature_extraction.cc:280] Processed file [1121/1710]
2026-05-18T18:18:16 COLMAP[feature_extractor] I20260518 18:18:16.369802   130 feature_extraction.cc:283]   Name:            DJI_01121.JPG
2026-05-18T18:18:16 COLMAP[feature_extractor] I20260518 18:18:16.369817   130 feature_extraction.cc:292]   Dimensions:      4000 x 2250
2026-05-18T18:18:16 COLMAP[feature_extractor] I20260518 18:18:16.369828   130 feature_extraction.cc:295]   Camera:          #1 - SIMPLE_RADIAL
2026-05-18T18:18:16 COLMAP[feature_extractor] I20260518 18:18:16.369839   130 feature_extraction.cc:298]   Focal Length:    2545.54px (Prior)
2026-05-18T18:18:16 COLMAP[feature_extractor] I20260518 18:18:16.369855   130 feature_extraction.cc:302]   Features:        8469 (SIFT)
2026-05-18T18:18:16 COLMAP[feature_extractor] I20260518 18:18:16.589203   130 feature_extraction.cc:316]   GPS:             LAT=40.522, LON=-111.891, ALT=1419.914
2026-05-18T18:18:16 COLMAP[feature_extractor] I20260518 18:18:16.589265   130 feature_extraction.cc:323]   Gravity:         X=0.000, Y=1.000, Z=0.000
2026-05-18T18:18:16 COLMAP[feature_extractor] I20260518 18:18:16.725705   130 feature_extraction.cc:280] Processed file [1122/1710]
2026-05-18T18:18:16 COLMAP[feature_extractor] I20260518 18:18:16.725771   130 feature_extraction.cc:283]   Name:            DJI_01122.JPG
2026-05-18T18:18:16 COLMAP[feature_extractor] I20260518 18:18:16.725783   130 feature_extraction.cc:292]   Dimensions:      4000 x 2250
2026-05-18T18:18:16 COLMAP[feature_extractor] I20260518 18:18:16.725795   130 feature_extraction.cc:295]   Camera:          #1 - SIMPLE_RADIAL
2026-05-18T18:18:16 COLMAP[feature_extractor] I20260518 18:18:16.725805   130 feature_extraction.cc:298]   Focal Length:    2545.54px (Prior)
2026-05-18T18:18:16 COLMAP[feature_extractor] I20260518 18:18:16.725821   130 feature_extraction.cc:302]   Features:        8934 (SIFT)
2026-05-18T18:18:17 COLMAP[feature_extractor] I20260518 18:18:16.907734   130 feature_extraction.cc:316]   GPS:             LAT=40.522, LON=-111.891, ALT=1419.814
2026-05-18T18:18:17 COLMAP[feature_extractor] I20260518 18:18:16.907797   130 feature_extraction.cc:323]   Gravity:         X=0.000, Y=1.000, Z=0.000
2026-05-18T18:18:18 COLMAP[feature_extractor] I20260518 18:18:18.652129   130 feature_extraction.cc:280] Processed file [1123/1710]
2026-05-18T18:18:18 COLMAP[feature_extractor] I20260518 18:18:18.652191   130 feature_extraction.cc:283]   Name:            DJI_01123.JPG
2026-05-18T18:18:18 COLMAP[feature_extractor] I20260518 18:18:18.652204   130 feature_extraction.cc:292]   Dimensions:      4000 x 2250
2026-05-18T18:18:18 COLMAP[feature_extractor] I20260518 18:18:18.652215   130 feature_extraction.cc:295]   Camera:          #1 - SIMPLE_RADIAL
2026-05-18T18:18:18 COLMAP[feature_extractor] I20260518 18:18:18.652226   130 feature_extraction.cc:298]   Focal Length:    2545.54px (Prior)
2026-05-18T18:18:18 COLMAP[feature_extractor] I20260518 18:18:18.652242   130 feature_extraction.cc:302]   Features:        8947 (SIFT)
2026-05-18T18:18:19 COLMAP[feature_extractor] I20260518 18:18:19.032588   130 feature_extraction.cc:316]   GPS:             LAT=40.522, LON=-111.891, ALT=1420.414
2026-05-18T18:18:19 COLMAP[feature_extractor] I20260518 18:18:19.032648   130 feature_extraction.cc:323]   Gravity:         X=0.000, Y=1.000, Z=0.000
2026-05-18T18:18:22 COLMAP[feature_extractor] I20260518 18:18:22.583036   130 feature_extraction.cc:280] Processed file [1124/1710]
2026-05-18T18:18:22 COLMAP[feature_extractor] I20260518 18:18:22.583096   130 feature_extraction.cc:283]   Name:            DJI_01124.JPG
2026-05-18T18:18:22 COLMAP[feature_extractor] I20260518 18:18:22.583108   130 feature_extraction.cc:292]   Dimensions:      4000 x 2250
2026-05-18T18:18:22 COLMAP[feature_extractor] I20260518 18:18:22.583118   130 feature_extraction.cc:295]   Camera:          #1 - SIMPLE_RADIAL
2026-05-18T18:18:22 COLMAP[feature_extractor] I20260518 18:18:22.583130   130 feature_extraction.cc:298]   Focal Length:    2545.54px (Prior)
2026-05-18T18:18:22 COLMAP[feature_extractor] I20260518 18:18:22.583146   130 feature_extraction.cc:302]   Features:        8845 (SIFT)
2026-05-18T18:18:23 COLMAP[feature_extractor] I20260518 18:18:22.866022   130 feature_extraction.cc:316]   GPS:             LAT=40.522, LON=-111.891, ALT=1420.214
2026-05-18T18:18:23 COLMAP[feature_extractor] I20260518 18:18:22.866079   130 feature_extraction.cc:323]   Gravity:         X=0.000, Y=1.000, Z=0.000
2026-05-18T18:18:25 COLMAP[feature_extractor] I20260518 18:18:25.774029   130 feature_extraction.cc:280] Processed file [1125/1710]
2026-05-18T18:18:25 COLMAP[feature_extractor] I20260518 18:18:25.774096   130 feature_extraction.cc:283]   Name:            DJI_01126.JPG
2026-05-18T18:18:25 COLMAP[feature_extractor] I20260518 18:18:25.774108   130 feature_extraction.cc:292]   Dimensions:      4000 x 2250
2026-05-18T18:18:25 COLMAP[feature_extractor] I20260518 18:18:25.774119   130 feature_extraction.cc:295]   Camera:          #1 - SIMPLE_RADIAL
2026-05-18T18:18:25 COLMAP[feature_extractor] I20260518 18:18:25.774132   130 feature_extraction.cc:298]   Focal Length:    2545.54px (Prior)
2026-05-18T18:18:25 COLMAP[feature_extractor] I20260518 18:18:25.774147   130 feature_extraction.cc:302]   Features:        8999 (SIFT)
2026-05-18T18:18:26 COLMAP[feature_extractor] I20260518 18:18:25.965497   130 feature_extraction.cc:316]   GPS:             LAT=40.522, LON=-111.891, ALT=1420.914
2026-05-18T18:18:26 COLMAP[feature_extractor] I20260518 18:18:25.965559   130 feature_extraction.cc:323]   Gravity:         X=0.000, Y=1.000, Z=0.000
2026-05-18T18:18:26 COLMAP[feature_extractor] I20260518 18:18:25.968292   130 feature_extraction.cc:280] Processed file [1126/1710]
2026-05-18T18:18:26 COLMAP[feature_extractor] I20260518 18:18:25.968333   130 feature_extraction.cc:283]   Name:            DJI_01125.JPG
2026-05-18T18:18:26 COLMAP[feature_extractor] I20260518 18:18:25.968344   130 feature_extraction.cc:292]   Dimensions:      4000 x 2250
2026-05-18T18:18:26 COLMAP[feature_extractor] I20260518 18:18:25.968355   130 feature_extraction.cc:295]   Camera:          #1 - SIMPLE_RADIAL
2026-05-18T18:18:26 COLMAP[feature_extractor] I20260518 18:18:25.968386   130 feature_extraction.cc:298]   Focal Length:    2545.54px (Prior)
2026-05-18T18:18:26 COLMAP[feature_extractor] I20260518 18:18:25.968400   130 feature_extraction.cc:302]   Features:        8694 (SIFT)
2026-05-18T18:18:26 COLMAP[feature_extractor] I20260518 18:18:25.968442   130 feature_extraction.cc:316]   GPS:             LAT=40.522, LON=-111.891, ALT=1420.214
2026-05-18T18:18:26 COLMAP[feature_extractor] I20260518 18:18:25.968456   130 feature_extraction.cc:323]   Gravity:         X=0.000, Y=1.000, Z=0.000
2026-05-18T18:18:28 COLMAP[feature_extractor] I20260518 18:18:27.993569   130 feature_extraction.cc:280] Processed file [1127/1710]
2026-05-18T18:18:28 COLMAP[feature_extractor] I20260518 18:18:27.993629   130 feature_extraction.cc:283]   Name:            DJI_01127.JPG
2026-05-18T18:18:28 COLMAP[feature_extractor] I20260518 18:18:27.993641   130 feature_extraction.cc:292]   Dimensions:      4000 x 2250
2026-05-18T18:18:28 COLMAP[feature_extractor] I20260518 18:18:27.993652   130 feature_extraction.cc:295]   Camera:          #1 - SIMPLE_RADIAL
2026-05-18T18:18:28 COLMAP[feature_extractor] I20260518 18:18:27.993664   130 feature_extraction.cc:298]   Focal Length:    2545.54px (Prior)
2026-05-18T18:18:28 COLMAP[feature_extractor] I20260518 18:18:27.993680   130 feature_extraction.cc:302]   Features:        9061 (SIFT)
2026-05-18T18:18:28 COLMAP[feature_extractor] I20260518 18:18:28.265008   130 feature_extraction.cc:316]   GPS:             LAT=40.522, LON=-111.891, ALT=1421.114
2026-05-18T18:18:28 COLMAP[feature_extractor] I20260518 18:18:28.265064   130 feature_extraction.cc:323]   Gravity:         X=0.000, Y=1.000, Z=0.000
2026-05-18T18:18:32 COLMAP[feature_extractor] I20260518 18:18:31.832558   130 feature_extraction.cc:280] Processed file [1128/1710]
2026-05-18T18:18:32 COLMAP[feature_extractor] I20260518 18:18:31.832619   130 feature_extraction.cc:283]   Name:            DJI_01128.JPG
2026-05-18T18:18:32 COLMAP[feature_extractor] I20260518 18:18:31.832631   130 feature_extraction.cc:292]   Dimensions:      4000 x 2250
2026-05-18T18:18:32 COLMAP[feature_extractor] I20260518 18:18:31.832643   130 feature_extraction.cc:295]   Camera:          #1 - SIMPLE_RADIAL
2026-05-18T18:18:32 COLMAP[feature_extractor] I20260518 18:18:31.832653   130 feature_extraction.cc:298]   Focal Length:    2545.54px (Prior)
2026-05-18T18:18:32 COLMAP[feature_extractor] I20260518 18:18:31.832669   130 feature_extraction.cc:302]   Features:        9438 (SIFT)
2026-05-18T18:18:32 COLMAP[feature_extractor] I20260518 18:18:31.982244   130 feature_extraction.cc:316]   GPS:             LAT=40.522, LON=-111.891, ALT=1420.914
2026-05-18T18:18:32 COLMAP[feature_extractor] I20260518 18:18:31.982299   130 feature_extraction.cc:323]   Gravity:         X=0.000, Y=1.000, Z=0.000
2026-05-18T18:18:35 COLMAP[feature_extractor] I20260518 18:18:35.036283   130 feature_extraction.cc:280] Processed file [1129/1710]
2026-05-18T18:18:35 COLMAP[feature_extractor] I20260518 18:18:35.036351   130 feature_extraction.cc:283]   Name:            DJI_01129.JPG
2026-05-18T18:18:35 COLMAP[feature_extractor] I20260518 18:18:35.036363   130 feature_extraction.cc:292]   Dimensions:      4000 x 2250
2026-05-18T18:18:35 COLMAP[feature_extractor] I20260518 18:18:35.036374   130 feature_extraction.cc:295]   Camera:          #1 - SIMPLE_RADIAL
2026-05-18T18:18:35 COLMAP[feature_extractor] I20260518 18:18:35.036386   130 feature_extraction.cc:298]   Focal Length:    2545.54px (Prior)
2026-05-18T18:18:35 COLMAP[feature_extractor] I20260518 18:18:35.036402   130 feature_extraction.cc:302]   Features:        8709 (SIFT)
2026-05-18T18:18:35 COLMAP[feature_extractor] I20260518 18:18:35.356093   130 feature_extraction.cc:316]   GPS:             LAT=40.522, LON=-111.891, ALT=1423.314
2026-05-18T18:18:35 COLMAP[feature_extractor] I20260518 18:18:35.356154   130 feature_extraction.cc:323]   Gravity:         X=0.000, Y=1.000, Z=0.000
2026-05-18T18:18:35 COLMAP[feature_extractor] I20260518 18:18:35.358794   130 feature_extraction.cc:280] Processed file [1130/1710]
2026-05-18T18:18:35 COLMAP[feature_extractor] I20260518 18:18:35.358834   130 feature_extraction.cc:283]   Name:            DJI_01130.JPG
2026-05-18T18:18:35 COLMAP[feature_extractor] I20260518 18:18:35.358844   130 feature_extraction.cc:292]   Dimensions:      4000 x 2250
2026-05-18T18:18:35 COLMAP[feature_extractor] I20260518 18:18:35.358855   130 feature_extraction.cc:295]   Camera:          #1 - SIMPLE_RADIAL
2026-05-18T18:18:35 COLMAP[feature_extractor] I20260518 18:18:35.358866   130 feature_extraction.cc:298]   Focal Length:    2545.54px (Prior)
2026-05-18T18:18:35 COLMAP[feature_extractor] I20260518 18:18:35.358879   130 feature_extraction.cc:302]   Features:        8802 (SIFT)
2026-05-18T18:18:35 COLMAP[feature_extractor] I20260518 18:18:35.358924   130 feature_extraction.cc:316]   GPS:             LAT=40.522, LON=-111.891, ALT=1423.114
2026-05-18T18:18:35 COLMAP[feature_extractor] I20260518 18:18:35.358938   130 feature_extraction.cc:323]   Gravity:         X=0.000, Y=1.000, Z=0.000
2026-05-18T18:18:37 COLMAP[feature_extractor] I20260518 18:18:37.087289   130 feature_extraction.cc:280] Processed file [1131/1710]
2026-05-18T18:18:37 COLMAP[feature_extractor] I20260518 18:18:37.087348   130 feature_extraction.cc:283]   Name:            DJI_01131.JPG
2026-05-18T18:18:37 COLMAP[feature_extractor] I20260518 18:18:37.087360   130 feature_extraction.cc:292]   Dimensions:      4000 x 2250
2026-05-18T18:18:37 COLMAP[feature_extractor] I20260518 18:18:37.087370   130 feature_extraction.cc:295]   Camera:          #1 - SIMPLE_RADIAL
2026-05-18T18:18:37 COLMAP[feature_extractor] I20260518 18:18:37.087383   130 feature_extraction.cc:298]   Focal Length:    2545.54px (Prior)
2026-05-18T18:18:37 COLMAP[feature_extractor] I20260518 18:18:37.087397   130 feature_extraction.cc:302]   Features:        9025 (SIFT)
2026-05-18T18:18:37 COLMAP[feature_extractor] I20260518 18:18:37.342846   130 feature_extraction.cc:316]   GPS:             LAT=40.522, LON=-111.891, ALT=1423.414
2026-05-18T18:18:37 COLMAP[feature_extractor] I20260518 18:18:37.342938   130 feature_extraction.cc:323]   Gravity:         X=0.000, Y=1.000, Z=0.000
2026-05-18T18:18:41 COLMAP[feature_extractor] I20260518 18:18:41.022815   130 feature_extraction.cc:280] Processed file [1132/1710]
2026-05-18T18:18:41 COLMAP[feature_extractor] I20260518 18:18:41.022871   130 feature_extraction.cc:283]   Name:            DJI_01132.JPG
2026-05-18T18:18:41 COLMAP[feature_extractor] I20260518 18:18:41.022882   130 feature_extraction.cc:292]   Dimensions:      4000 x 2250
2026-05-18T18:18:41 COLMAP[feature_extractor] I20260518 18:18:41.022892   130 feature_extraction.cc:295]   Camera:          #1 - SIMPLE_RADIAL
2026-05-18T18:18:41 COLMAP[feature_extractor] I20260518 18:18:41.022904   130 feature_extraction.cc:298]   Focal Length:    2545.54px (Prior)
2026-05-18T18:18:41 COLMAP[feature_extractor] I20260518 18:18:41.022919   130 feature_extraction.cc:302]   Features:        9254 (SIFT)
2026-05-18T18:18:41 COLMAP[feature_extractor] I20260518 18:18:41.284545   130 feature_extraction.cc:316]   GPS:             LAT=40.522, LON=-111.891, ALT=1423.314
2026-05-18T18:18:41 COLMAP[feature_extractor] I20260518 18:18:41.284602   130 feature_extraction.cc:323]   Gravity:         X=0.000, Y=1.000, Z=0.000
2026-05-18T18:18:44 COLMAP[feature_extractor] I20260518 18:18:44.342530   130 feature_extraction.cc:280] Processed file [1133/1710]
2026-05-18T18:18:44 COLMAP[feature_extractor] I20260518 18:18:44.342592   130 feature_extraction.cc:283]   Name:            DJI_01133.JPG
2026-05-18T18:18:44 COLMAP[feature_extractor] I20260518 18:18:44.342604   130 feature_extraction.cc:292]   Dimensions:      4000 x 2250
2026-05-18T18:18:44 COLMAP[feature_extractor] I20260518 18:18:44.342615   130 feature_extraction.cc:295]   Camera:          #1 - SIMPLE_RADIAL
2026-05-18T18:18:44 COLMAP[feature_extractor] I20260518 18:18:44.342626   130 feature_extraction.cc:298]   Focal Length:    2545.54px (Prior)
2026-05-18T18:18:44 COLMAP[feature_extractor] I20260518 18:18:44.342643   130 feature_extraction.cc:302]   Features:        10207 (SIFT)
2026-05-18T18:18:44 COLMAP[feature_extractor] I20260518 18:18:44.615468   130 feature_extraction.cc:316]   GPS:             LAT=40.521, LON=-111.892, ALT=1423.414
2026-05-18T18:18:44 COLMAP[feature_extractor] I20260518 18:18:44.615536   130 feature_extraction.cc:323]   Gravity:         X=0.000, Y=1.000, Z=0.000
2026-05-18T18:18:44 COLMAP[feature_extractor] I20260518 18:18:44.625629   130 feature_extraction.cc:280] Processed file [1134/1710]
2026-05-18T18:18:44 COLMAP[feature_extractor] I20260518 18:18:44.625698   130 feature_extraction.cc:283]   Name:            DJI_01134.JPG
2026-05-18T18:18:44 COLMAP[feature_extractor] I20260518 18:18:44.625711   130 feature_extraction.cc:292]   Dimensions:      4000 x 2250
2026-05-18T18:18:44 COLMAP[feature_extractor] I20260518 18:18:44.625722   130 feature_extraction.cc:295]   Camera:          #1 - SIMPLE_RADIAL
2026-05-18T18:18:44 COLMAP[feature_extractor] I20260518 18:18:44.625733   130 feature_extraction.cc:298]   Focal Length:    2545.54px (Prior)
2026-05-18T18:18:44 COLMAP[feature_extractor] I20260518 18:18:44.625748   130 feature_extraction.cc:302]   Features:        8208 (SIFT)
2026-05-18T18:18:44 COLMAP[feature_extractor] I20260518 18:18:44.625798   130 feature_extraction.cc:316]   GPS:             LAT=40.521, LON=-111.892, ALT=1423.414
2026-05-18T18:18:44 COLMAP[feature_extractor] I20260518 18:18:44.625818   130 feature_extraction.cc:323]   Gravity:         X=0.000, Y=1.000, Z=0.000
2026-05-18T18:18:46 COLMAP[feature_extractor] I20260518 18:18:46.369306   130 feature_extraction.cc:280] Processed file [1135/1710]
2026-05-18T18:18:46 COLMAP[feature_extractor] I20260518 18:18:46.369372   130 feature_extraction.cc:283]   Name:            DJI_01135.JPG
2026-05-18T18:18:46 COLMAP[feature_extractor] I20260518 18:18:46.369385   130 feature_extraction.cc:292]   Dimensions:      4000 x 2250
2026-05-18T18:18:46 COLMAP[feature_extractor] I20260518 18:18:46.369395   130 feature_extraction.cc:295]   Camera:          #1 - SIMPLE_RADIAL
2026-05-18T18:18:46 COLMAP[feature_extractor] I20260518 18:18:46.369406   130 feature_extraction.cc:298]   Focal Length:    2545.54px (Prior)
2026-05-18T18:18:46 COLMAP[feature_extractor] I20260518 18:18:46.369422   130 feature_extraction.cc:302]   Features:        10196 (SIFT)
2026-05-18T18:18:46 COLMAP[feature_extractor] I20260518 18:18:46.624176   130 feature_extraction.cc:316]   GPS:             LAT=40.521, LON=-111.892, ALT=1423.314
2026-05-18T18:18:46 COLMAP[feature_extractor] I20260518 18:18:46.624264   130 feature_extraction.cc:323]   Gravity:         X=0.000, Y=1.000, Z=0.000
2026-05-18T18:18:50 COLMAP[feature_extractor] I20260518 18:18:50.251605   130 feature_extraction.cc:280] Processed file [1136/1710]
2026-05-18T18:18:50 COLMAP[feature_extractor] I20260518 18:18:50.251665   130 feature_extraction.cc:283]   Name:            DJI_01136.JPG
2026-05-18T18:18:50 COLMAP[feature_extractor] I20260518 18:18:50.251677   130 feature_extraction.cc:292]   Dimensions:      4000 x 2250
2026-05-18T18:18:50 COLMAP[feature_extractor] I20260518 18:18:50.251688   130 feature_extraction.cc:295]   Camera:          #1 - SIMPLE_RADIAL
2026-05-18T18:18:50 COLMAP[feature_extractor] I20260518 18:18:50.251698   130 feature_extraction.cc:298]   Focal Length:    2545.54px (Prior)
2026-05-18T18:18:50 COLMAP[feature_extractor] I20260518 18:18:50.251714   130 feature_extraction.cc:302]   Features:        9603 (SIFT)
2026-05-18T18:18:50 COLMAP[feature_extractor] I20260518 18:18:50.566521   130 feature_extraction.cc:316]   GPS:             LAT=40.521, LON=-111.892, ALT=1423.514
2026-05-18T18:18:50 COLMAP[feature_extractor] I20260518 18:18:50.566587   130 feature_extraction.cc:323]   Gravity:         X=0.000, Y=1.000, Z=0.000
2026-05-18T18:18:53 COLMAP[feature_extractor] I20260518 18:18:53.486099   130 feature_extraction.cc:280] Processed file [1137/1710]
2026-05-18T18:18:53 COLMAP[feature_extractor] I20260518 18:18:53.486159   130 feature_extraction.cc:283]   Name:            DJI_01138.JPG
2026-05-18T18:18:53 COLMAP[feature_extractor] I20260518 18:18:53.486171   130 feature_extraction.cc:292]   Dimensions:      4000 x 2250
2026-05-18T18:18:53 COLMAP[feature_extractor] I20260518 18:18:53.486179   130 feature_extraction.cc:295]   Camera:          #1 - SIMPLE_RADIAL
2026-05-18T18:18:53 COLMAP[feature_extractor] I20260518 18:18:53.486189   130 feature_extraction.cc:298]   Focal Length:    2545.54px (Prior)
2026-05-18T18:18:53 COLMAP[feature_extractor] I20260518 18:18:53.486205   130 feature_extraction.cc:302]   Features:        10003 (SIFT)
2026-05-18T18:18:53 COLMAP[feature_extractor] I20260518 18:18:53.685868   130 feature_extraction.cc:316]   GPS:             LAT=40.521, LON=-111.892, ALT=1423.214
2026-05-18T18:18:53 COLMAP[feature_extractor] I20260518 18:18:53.685930   130 feature_extraction.cc:323]   Gravity:         X=0.000, Y=1.000, Z=0.000
2026-05-18T18:18:53 COLMAP[feature_extractor] I20260518 18:18:53.767956   130 feature_extraction.cc:280] Processed file [1138/1710]
2026-05-18T18:18:53 COLMAP[feature_extractor] I20260518 18:18:53.768013   130 feature_extraction.cc:283]   Name:            DJI_01137.JPG
2026-05-18T18:18:53 COLMAP[feature_extractor] I20260518 18:18:53.768025   130 feature_extraction.cc:292]   Dimensions:      4000 x 2250
2026-05-18T18:18:53 COLMAP[feature_extractor] I20260518 18:18:53.768036   130 feature_extraction.cc:295]   Camera:          #1 - SIMPLE_RADIAL
2026-05-18T18:18:53 COLMAP[feature_extractor] I20260518 18:18:53.768047   130 feature_extraction.cc:298]   Focal Length:    2545.54px (Prior)
2026-05-18T18:18:53 COLMAP[feature_extractor] I20260518 18:18:53.768062   130 feature_extraction.cc:302]   Features:        9788 (SIFT)
2026-05-18T18:18:54 COLMAP[feature_extractor] I20260518 18:18:54.039084   130 feature_extraction.cc:316]   GPS:             LAT=40.521, LON=-111.892, ALT=1423.014
2026-05-18T18:18:54 COLMAP[feature_extractor] I20260518 18:18:54.039144   130 feature_extraction.cc:323]   Gravity:         X=0.000, Y=1.000, Z=0.000
2026-05-18T18:18:55 COLMAP[feature_extractor] I20260518 18:18:55.698619   130 feature_extraction.cc:280] Processed file [1139/1710]
2026-05-18T18:18:55 COLMAP[feature_extractor] I20260518 18:18:55.698679   130 feature_extraction.cc:283]   Name:            DJI_01139.JPG
2026-05-18T18:18:55 COLMAP[feature_extractor] I20260518 18:18:55.698693   130 feature_extraction.cc:292]   Dimensions:      4000 x 2250
2026-05-18T18:18:55 COLMAP[feature_extractor] I20260518 18:18:55.698702   130 feature_extraction.cc:295]   Camera:          #1 - SIMPLE_RADIAL
2026-05-18T18:18:55 COLMAP[feature_extractor] I20260518 18:18:55.698714   130 feature_extraction.cc:298]   Focal Length:    2545.54px (Prior)
2026-05-18T18:18:55 COLMAP[feature_extractor] I20260518 18:18:55.698729   130 feature_extraction.cc:302]   Features:        9150 (SIFT)
2026-05-18T18:18:56 COLMAP[feature_extractor] I20260518 18:18:55.918381   130 feature_extraction.cc:316]   GPS:             LAT=40.521, LON=-111.892, ALT=1427.914
2026-05-18T18:18:56 COLMAP[feature_extractor] I20260518 18:18:55.918444   130 feature_extraction.cc:323]   Gravity:         X=0.000, Y=1.000, Z=0.000
2026-05-18T18:18:59 COLMAP[feature_extractor] I20260518 18:18:59.487828   130 feature_extraction.cc:280] Processed file [1140/1710]
2026-05-18T18:18:59 COLMAP[feature_extractor] I20260518 18:18:59.487886   130 feature_extraction.cc:283]   Name:            DJI_01140.JPG
2026-05-18T18:18:59 COLMAP[feature_extractor] I20260518 18:18:59.487898   130 feature_extraction.cc:292]   Dimensions:      4000 x 2250
2026-05-18T18:18:59 COLMAP[feature_extractor] I20260518 18:18:59.487908   130 feature_extraction.cc:295]   Camera:          #1 - SIMPLE_RADIAL
2026-05-18T18:18:59 COLMAP[feature_extractor] I20260518 18:18:59.487920   130 feature_extraction.cc:298]   Focal Length:    2545.54px (Prior)
2026-05-18T18:18:59 COLMAP[feature_extractor] I20260518 18:18:59.487936   130 feature_extraction.cc:302]   Features:        10533 (SIFT)
2026-05-18T18:18:59 COLMAP[feature_extractor] I20260518 18:18:59.720752   130 feature_extraction.cc:316]   GPS:             LAT=40.521, LON=-111.892, ALT=1428.314
2026-05-18T18:18:59 COLMAP[feature_extractor] I20260518 18:18:59.720813   130 feature_extraction.cc:323]   Gravity:         X=0.000, Y=1.000, Z=0.000
2026-05-18T18:19:03 COLMAP[feature_extractor] I20260518 18:19:02.956349   130 feature_extraction.cc:280] Processed file [1141/1710]
2026-05-18T18:19:03 COLMAP[feature_extractor] I20260518 18:19:02.956405   130 feature_extraction.cc:283]   Name:            DJI_01141.JPG
2026-05-18T18:19:03 COLMAP[feature_extractor] I20260518 18:19:02.956446   130 feature_extraction.cc:292]   Dimensions:      4000 x 2250
2026-05-18T18:19:03 COLMAP[feature_extractor] I20260518 18:19:02.956458   130 feature_extraction.cc:295]   Camera:          #1 - SIMPLE_RADIAL
2026-05-18T18:19:03 COLMAP[feature_extractor] I20260518 18:19:02.956470   130 feature_extraction.cc:298]   Focal Length:    2545.54px (Prior)
2026-05-18T18:19:03 COLMAP[feature_extractor] I20260518 18:19:02.956485   130 feature_extraction.cc:302]   Features:        10062 (SIFT)
2026-05-18T18:19:03 COLMAP[feature_extractor] I20260518 18:19:03.212031   130 feature_extraction.cc:316]   GPS:             LAT=40.522, LON=-111.891, ALT=1427.914
2026-05-18T18:19:03 COLMAP[feature_extractor] I20260518 18:19:03.212097   130 feature_extraction.cc:323]   Gravity:         X=0.000, Y=1.000, Z=0.000
2026-05-18T18:19:03 COLMAP[feature_extractor] I20260518 18:19:03.214980   130 feature_extraction.cc:280] Processed file [1142/1710]
2026-05-18T18:19:03 COLMAP[feature_extractor] I20260518 18:19:03.215024   130 feature_extraction.cc:283]   Name:            DJI_01142.JPG
2026-05-18T18:19:03 COLMAP[feature_extractor] I20260518 18:19:03.215035   130 feature_extraction.cc:292]   Dimensions:      4000 x 2250
2026-05-18T18:19:03 COLMAP[feature_extractor] I20260518 18:19:03.215046   130 feature_extraction.cc:295]   Camera:          #1 - SIMPLE_RADIAL
2026-05-18T18:19:03 COLMAP[feature_extractor] I20260518 18:19:03.215057   130 feature_extraction.cc:298]   Focal Length:    2545.54px (Prior)
2026-05-18T18:19:03 COLMAP[feature_extractor] I20260518 18:19:03.215070   130 feature_extraction.cc:302]   Features:        10264 (SIFT)
2026-05-18T18:19:03 COLMAP[feature_extractor] I20260518 18:19:03.215113   130 feature_extraction.cc:316]   GPS:             LAT=40.522, LON=-111.891, ALT=1427.814
2026-05-18T18:19:03 COLMAP[feature_extractor] I20260518 18:19:03.215127   130 feature_extraction.cc:323]   Gravity:         X=0.000, Y=1.000, Z=0.000
2026-05-18T18:19:05 COLMAP[feature_extractor] I20260518 18:19:05.048782   130 feature_extraction.cc:280] Processed file [1143/1710]
2026-05-18T18:19:05 COLMAP[feature_extractor] I20260518 18:19:05.048849   130 feature_extraction.cc:283]   Name:            DJI_01143.JPG
2026-05-18T18:19:05 COLMAP[feature_extractor] I20260518 18:19:05.048862   130 feature_extraction.cc:292]   Dimensions:      4000 x 2250
2026-05-18T18:19:05 COLMAP[feature_extractor] I20260518 18:19:05.048873   130 feature_extraction.cc:295]   Camera:          #1 - SIMPLE_RADIAL
2026-05-18T18:19:05 COLMAP[feature_extractor] I20260518 18:19:05.048884   130 feature_extraction.cc:298]   Focal Length:    2545.54px (Prior)
2026-05-18T18:19:05 COLMAP[feature_extractor] I20260518 18:19:05.048900   130 feature_extraction.cc:302]   Features:        9765 (SIFT)
2026-05-18T18:19:05 COLMAP[feature_extractor] I20260518 18:19:05.331203   130 feature_extraction.cc:316]   GPS:             LAT=40.522, LON=-111.891, ALT=1427.914
2026-05-18T18:19:05 COLMAP[feature_extractor] I20260518 18:19:05.331256   130 feature_extraction.cc:323]   Gravity:         X=0.000, Y=1.000, Z=0.000
2026-05-18T18:19:08 COLMAP[feature_extractor] I20260518 18:19:08.640008   130 feature_extraction.cc:280] Processed file [1144/1710]
2026-05-18T18:19:08 COLMAP[feature_extractor] I20260518 18:19:08.640069   130 feature_extraction.cc:283]   Name:            DJI_01144.JPG
2026-05-18T18:19:08 COLMAP[feature_extractor] I20260518 18:19:08.640082   130 feature_extraction.cc:292]   Dimensions:      4000 x 2250
2026-05-18T18:19:08 COLMAP[feature_extractor] I20260518 18:19:08.640092   130 feature_extraction.cc:295]   Camera:          #1 - SIMPLE_RADIAL
2026-05-18T18:19:08 COLMAP[feature_extractor] I20260518 18:19:08.640103   130 feature_extraction.cc:298]   Focal Length:    2545.54px (Prior)
2026-05-18T18:19:08 COLMAP[feature_extractor] I20260518 18:19:08.640120   130 feature_extraction.cc:302]   Features:        11070 (SIFT)
2026-05-18T18:19:08 COLMAP[feature_extractor] I20260518 18:19:08.837880   130 feature_extraction.cc:316]   GPS:             LAT=40.522, LON=-111.891, ALT=1428.314
2026-05-18T18:19:08 COLMAP[feature_extractor] I20260518 18:19:08.837940   130 feature_extraction.cc:323]   Gravity:         X=0.000, Y=1.000, Z=0.000
2026-05-18T18:19:12 COLMAP[feature_extractor] I20260518 18:19:12.287714   130 feature_extraction.cc:280] Processed file [1145/1710]
2026-05-18T18:19:12 COLMAP[feature_extractor] I20260518 18:19:12.287781   130 feature_extraction.cc:283]   Name:            DJI_01145.JPG
2026-05-18T18:19:12 COLMAP[feature_extractor] I20260518 18:19:12.287793   130 feature_extraction.cc:292]   Dimensions:      4000 x 2250
2026-05-18T18:19:12 COLMAP[feature_extractor] I20260518 18:19:12.287811   130 feature_extraction.cc:295]   Camera:          #1 - SIMPLE_RADIAL
2026-05-18T18:19:12 COLMAP[feature_extractor] I20260518 18:19:12.287823   130 feature_extraction.cc:298]   Focal Length:    2545.54px (Prior)
2026-05-18T18:19:12 COLMAP[feature_extractor] I20260518 18:19:12.287839   130 feature_extraction.cc:302]   Features:        10614 (SIFT)
2026-05-18T18:19:12 COLMAP[feature_extractor] I20260518 18:19:12.469878   130 feature_extraction.cc:316]   GPS:             LAT=40.522, LON=-111.891, ALT=1428.314
2026-05-18T18:19:12 COLMAP[feature_extractor] I20260518 18:19:12.469939   130 feature_extraction.cc:323]   Gravity:         X=0.000, Y=1.000, Z=0.000
2026-05-18T18:19:12 COLMAP[feature_extractor] I20260518 18:19:12.484813   130 feature_extraction.cc:280] Processed file [1146/1710]
2026-05-18T18:19:12 COLMAP[feature_extractor] I20260518 18:19:12.485168   130 feature_extraction.cc:283]   Name:            DJI_01146.JPG
2026-05-18T18:19:12 COLMAP[feature_extractor] I20260518 18:19:12.485396   130 feature_extraction.cc:292]   Dimensions:      4000 x 2250
2026-05-18T18:19:12 COLMAP[feature_extractor] I20260518 18:19:12.485590   130 feature_extraction.cc:295]   Camera:          #1 - SIMPLE_RADIAL
2026-05-18T18:19:12 COLMAP[feature_extractor] I20260518 18:19:12.485743   130 feature_extraction.cc:298]   Focal Length:    2545.54px (Prior)
2026-05-18T18:19:12 COLMAP[feature_extractor] I20260518 18:19:12.486217   130 feature_extraction.cc:302]   Features:        10690 (SIFT)
2026-05-18T18:19:12 COLMAP[feature_extractor] I20260518 18:19:12.750937   130 feature_extraction.cc:316]   GPS:             LAT=40.522, LON=-111.891, ALT=1428.014
2026-05-18T18:19:12 COLMAP[feature_extractor] I20260518 18:19:12.750998   130 feature_extraction.cc:323]   Gravity:         X=0.000, Y=1.000, Z=0.000
2026-05-18T18:19:14 COLMAP[feature_extractor] I20260518 18:19:14.419754   130 feature_extraction.cc:280] Processed file [1147/1710]
2026-05-18T18:19:14 COLMAP[feature_extractor] I20260518 18:19:14.419818   130 feature_extraction.cc:283]   Name:            DJI_01147.JPG
2026-05-18T18:19:14 COLMAP[feature_extractor] I20260518 18:19:14.419831   130 feature_extraction.cc:292]   Dimensions:      4000 x 2250
2026-05-18T18:19:14 COLMAP[feature_extractor] I20260518 18:19:14.419842   130 feature_extraction.cc:295]   Camera:          #1 - SIMPLE_RADIAL
2026-05-18T18:19:14 COLMAP[feature_extractor] I20260518 18:19:14.419852   130 feature_extraction.cc:298]   Focal Length:    2545.54px (Prior)
2026-05-18T18:19:14 COLMAP[feature_extractor] I20260518 18:19:14.419868   130 feature_extraction.cc:302]   Features:        10649 (SIFT)
2026-05-18T18:19:14 COLMAP[feature_extractor] I20260518 18:19:14.786247   130 feature_extraction.cc:316]   GPS:             LAT=40.522, LON=-111.891, ALT=1428.114
2026-05-18T18:19:14 COLMAP[feature_extractor] I20260518 18:19:14.786309   130 feature_extraction.cc:323]   Gravity:         X=0.000, Y=1.000, Z=0.000
2026-05-18T18:19:17 COLMAP[feature_extractor] I20260518 18:19:17.825119   130 feature_extraction.cc:280] Processed file [1148/1710]
2026-05-18T18:19:17 COLMAP[feature_extractor] I20260518 18:19:17.825208   130 feature_extraction.cc:283]   Name:            DJI_01148.JPG
2026-05-18T18:19:17 COLMAP[feature_extractor] I20260518 18:19:17.825222   130 feature_extraction.cc:292]   Dimensions:      4000 x 2250
2026-05-18T18:19:17 COLMAP[feature_extractor] I20260518 18:19:17.825232   130 feature_extraction.cc:295]   Camera:          #1 - SIMPLE_RADIAL
2026-05-18T18:19:17 COLMAP[feature_extractor] I20260518 18:19:17.825243   130 feature_extraction.cc:298]   Focal Length:    2545.54px (Prior)
2026-05-18T18:19:17 COLMAP[feature_extractor] I20260518 18:19:17.825259   130 feature_extraction.cc:302]   Features:        10485 (SIFT)
2026-05-18T18:19:18 COLMAP[feature_extractor] I20260518 18:19:18.185040   130 feature_extraction.cc:316]   GPS:             LAT=40.522, LON=-111.891, ALT=1428.114
2026-05-18T18:19:18 COLMAP[feature_extractor] I20260518 18:19:18.185096   130 feature_extraction.cc:323]   Gravity:         X=0.000, Y=1.000, Z=0.000
2026-05-18T18:19:21 COLMAP[feature_extractor] I20260518 18:19:21.430874   130 feature_extraction.cc:280] Processed file [1149/1710]
2026-05-18T18:19:21 COLMAP[feature_extractor] I20260518 18:19:21.430936   130 feature_extraction.cc:283]   Name:            DJI_01149.JPG
2026-05-18T18:19:21 COLMAP[feature_extractor] I20260518 18:19:21.430948   130 feature_extraction.cc:292]   Dimensions:      4000 x 2250
2026-05-18T18:19:21 COLMAP[feature_extractor] I20260518 18:19:21.430958   130 feature_extraction.cc:295]   Camera:          #1 - SIMPLE_RADIAL
2026-05-18T18:19:21 COLMAP[feature_extractor] I20260518 18:19:21.430970   130 feature_extraction.cc:298]   Focal Length:    2545.54px (Prior)
2026-05-18T18:19:21 COLMAP[feature_extractor] I20260518 18:19:21.430985   130 feature_extraction.cc:302]   Features:        10277 (SIFT)
2026-05-18T18:19:21 COLMAP[feature_extractor] I20260518 18:19:21.792649   130 feature_extraction.cc:316]   GPS:             LAT=40.522, LON=-111.891, ALT=1428.014
2026-05-18T18:19:21 COLMAP[feature_extractor] I20260518 18:19:21.792712   130 feature_extraction.cc:323]   Gravity:         X=0.000, Y=1.000, Z=0.000
2026-05-18T18:19:21 COLMAP[feature_extractor] I20260518 18:19:21.796415   130 feature_extraction.cc:280] Processed file [1150/1710]
2026-05-18T18:19:21 COLMAP[feature_extractor] I20260518 18:19:21.796618   130 feature_extraction.cc:283]   Name:            DJI_01150.JPG
2026-05-18T18:19:21 COLMAP[feature_extractor] I20260518 18:19:21.796730   130 feature_extraction.cc:292]   Dimensions:      4000 x 2250
2026-05-18T18:19:21 COLMAP[feature_extractor] I20260518 18:19:21.796836   130 feature_extraction.cc:295]   Camera:          #1 - SIMPLE_RADIAL
2026-05-18T18:19:21 COLMAP[feature_extractor] I20260518 18:19:21.796941   130 feature_extraction.cc:298]   Focal Length:    2545.54px (Prior)
2026-05-18T18:19:21 COLMAP[feature_extractor] I20260518 18:19:21.797049   130 feature_extraction.cc:302]   Features:        10160 (SIFT)
2026-05-18T18:19:22 COLMAP[feature_extractor] I20260518 18:19:22.200773   130 feature_extraction.cc:316]   GPS:             LAT=40.522, LON=-111.891, ALT=1427.614
2026-05-18T18:19:22 COLMAP[feature_extractor] I20260518 18:19:22.200834   130 feature_extraction.cc:323]   Gravity:         X=0.000, Y=1.000, Z=0.000
2026-05-18T18:19:23 COLMAP[feature_extractor] I20260518 18:19:23.774785   130 feature_extraction.cc:280] Processed file [1151/1710]
2026-05-18T18:19:23 COLMAP[feature_extractor] I20260518 18:19:23.774855   130 feature_extraction.cc:283]   Name:            DJI_01151.JPG
2026-05-18T18:19:23 COLMAP[feature_extractor] I20260518 18:19:23.774868   130 feature_extraction.cc:292]   Dimensions:      4000 x 2250
2026-05-18T18:19:23 COLMAP[feature_extractor] I20260518 18:19:23.774878   130 feature_extraction.cc:295]   Camera:          #1 - SIMPLE_RADIAL
2026-05-18T18:19:23 COLMAP[feature_extractor] I20260518 18:19:23.774889   130 feature_extraction.cc:298]   Focal Length:    2545.54px (Prior)
2026-05-18T18:19:23 COLMAP[feature_extractor] I20260518 18:19:23.774906   130 feature_extraction.cc:302]   Features:        10291 (SIFT)
2026-05-18T18:19:24 COLMAP[feature_extractor] I20260518 18:19:24.032091   130 feature_extraction.cc:316]   GPS:             LAT=40.522, LON=-111.891, ALT=1428.414
2026-05-18T18:19:24 COLMAP[feature_extractor] I20260518 18:19:24.032152   130 feature_extraction.cc:323]   Gravity:         X=0.000, Y=1.000, Z=0.000
2026-05-18T18:19:27 COLMAP[feature_extractor] I20260518 18:19:27.113117   130 feature_extraction.cc:280] Processed file [1152/1710]
2026-05-18T18:19:27 COLMAP[feature_extractor] I20260518 18:19:27.113175   130 feature_extraction.cc:283]   Name:            DJI_01152.JPG
2026-05-18T18:19:27 COLMAP[feature_extractor] I20260518 18:19:27.113188   130 feature_extraction.cc:292]   Dimensions:      4000 x 2250
2026-05-18T18:19:27 COLMAP[feature_extractor] I20260518 18:19:27.113198   130 feature_extraction.cc:295]   Camera:          #1 - SIMPLE_RADIAL
2026-05-18T18:19:27 COLMAP[feature_extractor] I20260518 18:19:27.113210   130 feature_extraction.cc:298]   Focal Length:    2545.54px (Prior)
2026-05-18T18:19:27 COLMAP[feature_extractor] I20260518 18:19:27.113225   130 feature_extraction.cc:302]   Features:        10464 (SIFT)
2026-05-18T18:19:27 COLMAP[feature_extractor] I20260518 18:19:27.365000   130 feature_extraction.cc:316]   GPS:             LAT=40.522, LON=-111.891, ALT=1428.114
2026-05-18T18:19:27 COLMAP[feature_extractor] I20260518 18:19:27.365060   130 feature_extraction.cc:323]   Gravity:         X=0.000, Y=1.000, Z=0.000
2026-05-18T18:19:30 COLMAP[feature_extractor] I20260518 18:19:30.694243   130 feature_extraction.cc:280] Processed file [1153/1710]
2026-05-18T18:19:30 COLMAP[feature_extractor] I20260518 18:19:30.694306   130 feature_extraction.cc:283]   Name:            DJI_01153.JPG
2026-05-18T18:19:30 COLMAP[feature_extractor] I20260518 18:19:30.694320   130 feature_extraction.cc:292]   Dimensions:      4000 x 2250
2026-05-18T18:19:30 COLMAP[feature_extractor] I20260518 18:19:30.694330   130 feature_extraction.cc:295]   Camera:          #1 - SIMPLE_RADIAL
2026-05-18T18:19:30 COLMAP[feature_extractor] I20260518 18:19:30.694379   130 feature_extraction.cc:298]   Focal Length:    2545.54px (Prior)
2026-05-18T18:19:30 COLMAP[feature_extractor] I20260518 18:19:30.694394   130 feature_extraction.cc:302]   Features:        10812 (SIFT)
2026-05-18T18:19:31 COLMAP[feature_extractor] I20260518 18:19:31.027494   130 feature_extraction.cc:316]   GPS:             LAT=40.522, LON=-111.891, ALT=1428.414
2026-05-18T18:19:31 COLMAP[feature_extractor] I20260518 18:19:31.027555   130 feature_extraction.cc:323]   Gravity:         X=0.000, Y=1.000, Z=0.000
2026-05-18T18:19:31 COLMAP[feature_extractor] I20260518 18:19:31.031704   130 feature_extraction.cc:280] Processed file [1154/1710]
2026-05-18T18:19:31 COLMAP[feature_extractor] I20260518 18:19:31.032043   130 feature_extraction.cc:283]   Name:            DJI_01154.JPG
2026-05-18T18:19:31 COLMAP[feature_extractor] I20260518 18:19:31.032295   130 feature_extraction.cc:292]   Dimensions:      4000 x 2250
2026-05-18T18:19:31 COLMAP[feature_extractor] I20260518 18:19:31.032533   130 feature_extraction.cc:295]   Camera:          #1 - SIMPLE_RADIAL
2026-05-18T18:19:31 COLMAP[feature_extractor] I20260518 18:19:31.032752   130 feature_extraction.cc:298]   Focal Length:    2545.54px (Prior)
2026-05-18T18:19:31 COLMAP[feature_extractor] I20260518 18:19:31.032984   130 feature_extraction.cc:302]   Features:        10639 (SIFT)
2026-05-18T18:19:31 COLMAP[feature_extractor] I20260518 18:19:31.033241   130 feature_extraction.cc:316]   GPS:             LAT=40.522, LON=-111.891, ALT=1428.114
2026-05-18T18:19:31 COLMAP[feature_extractor] I20260518 18:19:31.033511   130 feature_extraction.cc:323]   Gravity:         X=0.000, Y=1.000, Z=0.000
2026-05-18T18:19:33 COLMAP[feature_extractor] I20260518 18:19:33.256636   130 feature_extraction.cc:280] Processed file [1155/1710]
2026-05-18T18:19:33 COLMAP[feature_extractor] I20260518 18:19:33.256695   130 feature_extraction.cc:283]   Name:            DJI_01155.JPG
2026-05-18T18:19:33 COLMAP[feature_extractor] I20260518 18:19:33.256706   130 feature_extraction.cc:292]   Dimensions:      4000 x 2250
2026-05-18T18:19:33 COLMAP[feature_extractor] I20260518 18:19:33.256717   130 feature_extraction.cc:295]   Camera:          #1 - SIMPLE_RADIAL
2026-05-18T18:19:33 COLMAP[feature_extractor] I20260518 18:19:33.256728   130 feature_extraction.cc:298]   Focal Length:    2545.54px (Prior)
2026-05-18T18:19:33 COLMAP[feature_extractor] I20260518 18:19:33.256743   130 feature_extraction.cc:302]   Features:        10843 (SIFT)
2026-05-18T18:19:33 COLMAP[feature_extractor] I20260518 18:19:33.468874   130 feature_extraction.cc:316]   GPS:             LAT=40.522, LON=-111.891, ALT=1428.514
2026-05-18T18:19:33 COLMAP[feature_extractor] I20260518 18:19:33.468935   130 feature_extraction.cc:323]   Gravity:         X=0.000, Y=1.000, Z=0.000
2026-05-18T18:19:36 COLMAP[feature_extractor] I20260518 18:19:36.226123   130 feature_extraction.cc:280] Processed file [1156/1710]
2026-05-18T18:19:36 COLMAP[feature_extractor] I20260518 18:19:36.226184   130 feature_extraction.cc:283]   Name:            DJI_01156.JPG
2026-05-18T18:19:36 COLMAP[feature_extractor] I20260518 18:19:36.226197   130 feature_extraction.cc:292]   Dimensions:      4000 x 2250
2026-05-18T18:19:36 COLMAP[feature_extractor] I20260518 18:19:36.226207   130 feature_extraction.cc:295]   Camera:          #1 - SIMPLE_RADIAL
2026-05-18T18:19:36 COLMAP[feature_extractor] I20260518 18:19:36.226218   130 feature_extraction.cc:298]   Focal Length:    2545.54px (Prior)
2026-05-18T18:19:36 COLMAP[feature_extractor] I20260518 18:19:36.226234   130 feature_extraction.cc:302]   Features:        8253 (SIFT)
2026-05-18T18:19:36 COLMAP[feature_extractor] I20260518 18:19:36.500149   130 feature_extraction.cc:316]   GPS:             LAT=40.522, LON=-111.891, ALT=1427.914
2026-05-18T18:19:36 COLMAP[feature_extractor] I20260518 18:19:36.500211   130 feature_extraction.cc:323]   Gravity:         X=0.000, Y=1.000, Z=0.000
2026-05-18T18:19:40 COLMAP[feature_extractor] I20260518 18:19:39.917342   130 feature_extraction.cc:280] Processed file [1157/1710]
2026-05-18T18:19:40 COLMAP[feature_extractor] I20260518 18:19:39.917404   130 feature_extraction.cc:283]   Name:            DJI_01157.JPG
2026-05-18T18:19:40 COLMAP[feature_extractor] I20260518 18:19:39.917416   130 feature_extraction.cc:292]   Dimensions:      4000 x 2250
2026-05-18T18:19:40 COLMAP[feature_extractor] I20260518 18:19:39.917428   130 feature_extraction.cc:295]   Camera:          #1 - SIMPLE_RADIAL
2026-05-18T18:19:40 COLMAP[feature_extractor] I20260518 18:19:39.917439   130 feature_extraction.cc:298]   Focal Length:    2545.54px (Prior)
2026-05-18T18:19:40 COLMAP[feature_extractor] I20260518 18:19:39.917455   130 feature_extraction.cc:302]   Features:        10104 (SIFT)
2026-05-18T18:19:40 COLMAP[feature_extractor] I20260518 18:19:40.180567   130 feature_extraction.cc:316]   GPS:             LAT=40.522, LON=-111.891, ALT=1428.114
2026-05-18T18:19:40 COLMAP[feature_extractor] I20260518 18:19:40.180622   130 feature_extraction.cc:323]   Gravity:         X=0.000, Y=1.000, Z=0.000
2026-05-18T18:19:40 COLMAP[feature_extractor] I20260518 18:19:40.191274   130 feature_extraction.cc:280] Processed file [1158/1710]
2026-05-18T18:19:40 COLMAP[feature_extractor] I20260518 18:19:40.193033   130 feature_extraction.cc:283]   Name:            DJI_01158.JPG
2026-05-18T18:19:40 COLMAP[feature_extractor] I20260518 18:19:40.193289   130 feature_extraction.cc:292]   Dimensions:      4000 x 2250
2026-05-18T18:19:40 COLMAP[feature_extractor] I20260518 18:19:40.193405   130 feature_extraction.cc:295]   Camera:          #1 - SIMPLE_RADIAL
2026-05-18T18:19:40 COLMAP[feature_extractor] I20260518 18:19:40.193513   130 feature_extraction.cc:298]   Focal Length:    2545.54px (Prior)
2026-05-18T18:19:40 COLMAP[feature_extractor] I20260518 18:19:40.193706   130 feature_extraction.cc:302]   Features:        10479 (SIFT)
2026-05-18T18:19:40 COLMAP[feature_extractor] I20260518 18:19:40.474447   130 feature_extraction.cc:316]   GPS:             LAT=40.522, LON=-111.891, ALT=1427.814
2026-05-18T18:19:40 COLMAP[feature_extractor] I20260518 18:19:40.474507   130 feature_extraction.cc:323]   Gravity:         X=0.000, Y=1.000, Z=0.000
2026-05-18T18:19:42 COLMAP[feature_extractor] I20260518 18:19:42.427114   130 feature_extraction.cc:280] Processed file [1159/1710]
2026-05-18T18:19:42 COLMAP[feature_extractor] I20260518 18:19:42.427184   130 feature_extraction.cc:283]   Name:            DJI_01159.JPG
2026-05-18T18:19:42 COLMAP[feature_extractor] I20260518 18:19:42.427196   130 feature_extraction.cc:292]   Dimensions:      4000 x 2250
2026-05-18T18:19:42 COLMAP[feature_extractor] I20260518 18:19:42.427207   130 feature_extraction.cc:295]   Camera:          #1 - SIMPLE_RADIAL
2026-05-18T18:19:42 COLMAP[feature_extractor] I20260518 18:19:42.427219   130 feature_extraction.cc:298]   Focal Length:    2545.54px (Prior)
2026-05-18T18:19:42 COLMAP[feature_extractor] I20260518 18:19:42.427235   130 feature_extraction.cc:302]   Features:        11039 (SIFT)
2026-05-18T18:19:42 COLMAP[feature_extractor] I20260518 18:19:42.637753   130 feature_extraction.cc:316]   GPS:             LAT=40.522, LON=-111.891, ALT=1427.814
2026-05-18T18:19:42 COLMAP[feature_extractor] I20260518 18:19:42.637817   130 feature_extraction.cc:323]   Gravity:         X=0.000, Y=1.000, Z=0.000
2026-05-18T18:19:45 COLMAP[feature_extractor] I20260518 18:19:45.482311   130 feature_extraction.cc:280] Processed file [1160/1710]
2026-05-18T18:19:45 COLMAP[feature_extractor] I20260518 18:19:45.482375   130 feature_extraction.cc:283]   Name:            DJI_01160.JPG
2026-05-18T18:19:45 COLMAP[feature_extractor] I20260518 18:19:45.482388   130 feature_extraction.cc:292]   Dimensions:      4000 x 2250
2026-05-18T18:19:45 COLMAP[feature_extractor] I20260518 18:19:45.482398   130 feature_extraction.cc:295]   Camera:          #1 - SIMPLE_RADIAL
2026-05-18T18:19:45 COLMAP[feature_extractor] I20260518 18:19:45.482409   130 feature_extraction.cc:298]   Focal Length:    2545.54px (Prior)
2026-05-18T18:19:45 COLMAP[feature_extractor] I20260518 18:19:45.482425   130 feature_extraction.cc:302]   Features:        11015 (SIFT)
2026-05-18T18:19:45 COLMAP[feature_extractor] I20260518 18:19:45.758774   130 feature_extraction.cc:316]   GPS:             LAT=40.522, LON=-111.891, ALT=1428.214
2026-05-18T18:19:45 COLMAP[feature_extractor] I20260518 18:19:45.758841   130 feature_extraction.cc:323]   Gravity:         X=0.000, Y=1.000, Z=0.000
2026-05-18T18:19:49 COLMAP[feature_extractor] I20260518 18:19:49.109162   130 feature_extraction.cc:280] Processed file [1161/1710]
2026-05-18T18:19:49 COLMAP[feature_extractor] I20260518 18:19:49.109246   130 feature_extraction.cc:283]   Name:            DJI_01161.JPG
2026-05-18T18:19:49 COLMAP[feature_extractor] I20260518 18:19:49.109259   130 feature_extraction.cc:292]   Dimensions:      4000 x 2250
2026-05-18T18:19:49 COLMAP[feature_extractor] I20260518 18:19:49.109270   130 feature_extraction.cc:295]   Camera:          #1 - SIMPLE_RADIAL
2026-05-18T18:19:49 COLMAP[feature_extractor] I20260518 18:19:49.109282   130 feature_extraction.cc:298]   Focal Length:    2545.54px (Prior)
2026-05-18T18:19:49 COLMAP[feature_extractor] I20260518 18:19:49.109298   130 feature_extraction.cc:302]   Features:        8217 (SIFT)
2026-05-18T18:19:49 COLMAP[feature_extractor] I20260518 18:19:49.369647   130 feature_extraction.cc:316]   GPS:             LAT=40.523, LON=-111.891, ALT=1427.814
2026-05-18T18:19:49 COLMAP[feature_extractor] I20260518 18:19:49.369726   130 feature_extraction.cc:323]   Gravity:         X=0.000, Y=1.000, Z=0.000
2026-05-18T18:19:49 COLMAP[feature_extractor] I20260518 18:19:49.372181   130 feature_extraction.cc:280] Processed file [1162/1710]
2026-05-18T18:19:49 COLMAP[feature_extractor] I20260518 18:19:49.372217   130 feature_extraction.cc:283]   Name:            DJI_01162.JPG
2026-05-18T18:19:49 COLMAP[feature_extractor] I20260518 18:19:49.372228   130 feature_extraction.cc:292]   Dimensions:      4000 x 2250
2026-05-18T18:19:49 COLMAP[feature_extractor] I20260518 18:19:49.372238   130 feature_extraction.cc:295]   Camera:          #1 - SIMPLE_RADIAL
2026-05-18T18:19:49 COLMAP[feature_extractor] I20260518 18:19:49.372249   130 feature_extraction.cc:298]   Focal Length:    2545.54px (Prior)
2026-05-18T18:19:49 COLMAP[feature_extractor] I20260518 18:19:49.372263   130 feature_extraction.cc:302]   Features:        8379 (SIFT)
2026-05-18T18:19:49 COLMAP[feature_extractor] I20260518 18:19:49.372305   130 feature_extraction.cc:316]   GPS:             LAT=40.523, LON=-111.891, ALT=1428.114
2026-05-18T18:19:49 COLMAP[feature_extractor] I20260518 18:19:49.372319   130 feature_extraction.cc:323]   Gravity:         X=0.000, Y=1.000, Z=0.000
2026-05-18T18:19:51 COLMAP[feature_extractor] I20260518 18:19:51.813318   130 feature_extraction.cc:280] Processed file [1163/1710]
2026-05-18T18:19:51 COLMAP[feature_extractor] I20260518 18:19:51.813381   130 feature_extraction.cc:283]   Name:            DJI_01163.JPG
2026-05-18T18:19:51 COLMAP[feature_extractor] I20260518 18:19:51.813393   130 feature_extraction.cc:292]   Dimensions:      4000 x 2250
2026-05-18T18:19:51 COLMAP[feature_extractor] I20260518 18:19:51.813403   130 feature_extraction.cc:295]   Camera:          #1 - SIMPLE_RADIAL
2026-05-18T18:19:51 COLMAP[feature_extractor] I20260518 18:19:51.813416   130 feature_extraction.cc:298]   Focal Length:    2545.54px (Prior)
2026-05-18T18:19:51 COLMAP[feature_extractor] I20260518 18:19:51.813431   130 feature_extraction.cc:302]   Features:        10464 (SIFT)
2026-05-18T18:19:52 COLMAP[feature_extractor] I20260518 18:19:52.148376   130 feature_extraction.cc:316]   GPS:             LAT=40.523, LON=-111.891, ALT=1428.514
2026-05-18T18:19:52 COLMAP[feature_extractor] I20260518 18:19:52.148440   130 feature_extraction.cc:323]   Gravity:         X=0.000, Y=1.000, Z=0.000
2026-05-18T18:19:54 COLMAP[feature_extractor] I20260518 18:19:54.698416   130 feature_extraction.cc:280] Processed file [1164/1710]
2026-05-18T18:19:54 COLMAP[feature_extractor] I20260518 18:19:54.698486   130 feature_extraction.cc:283]   Name:            DJI_01164.JPG
2026-05-18T18:19:54 COLMAP[feature_extractor] I20260518 18:19:54.698498   130 feature_extraction.cc:292]   Dimensions:      4000 x 2250
2026-05-18T18:19:54 COLMAP[feature_extractor] I20260518 18:19:54.698508   130 feature_extraction.cc:295]   Camera:          #1 - SIMPLE_RADIAL
2026-05-18T18:19:54 COLMAP[feature_extractor] I20260518 18:19:54.698520   130 feature_extraction.cc:298]   Focal Length:    2545.54px (Prior)
2026-05-18T18:19:54 COLMAP[feature_extractor] I20260518 18:19:54.698535   130 feature_extraction.cc:302]   Features:        8291 (SIFT)
2026-05-18T18:19:55 COLMAP[feature_extractor] I20260518 18:19:54.919888   130 feature_extraction.cc:316]   GPS:             LAT=40.523, LON=-111.891, ALT=1427.714
2026-05-18T18:19:55 COLMAP[feature_extractor] I20260518 18:19:54.919953   130 feature_extraction.cc:323]   Gravity:         X=0.000, Y=1.000, Z=0.000
2026-05-18T18:19:58 COLMAP[feature_extractor] I20260518 18:19:58.313166   130 feature_extraction.cc:280] Processed file [1165/1710]
2026-05-18T18:19:58 COLMAP[feature_extractor] I20260518 18:19:58.313230   130 feature_extraction.cc:283]   Name:            DJI_01165.JPG
2026-05-18T18:19:58 COLMAP[feature_extractor] I20260518 18:19:58.313243   130 feature_extraction.cc:292]   Dimensions:      4000 x 2250
2026-05-18T18:19:58 COLMAP[feature_extractor] I20260518 18:19:58.313254   130 feature_extraction.cc:295]   Camera:          #1 - SIMPLE_RADIAL
2026-05-18T18:19:58 COLMAP[feature_extractor] I20260518 18:19:58.313265   130 feature_extraction.cc:298]   Focal Length:    2545.54px (Prior)
2026-05-18T18:19:58 COLMAP[feature_extractor] I20260518 18:19:58.313282   130 feature_extraction.cc:302]   Features:        8479 (SIFT)
2026-05-18T18:19:58 COLMAP[feature_extractor] I20260518 18:19:58.547226   130 feature_extraction.cc:316]   GPS:             LAT=40.523, LON=-111.891, ALT=1428.214
2026-05-18T18:19:58 COLMAP[feature_extractor] I20260518 18:19:58.547294   130 feature_extraction.cc:323]   Gravity:         X=0.000, Y=1.000, Z=0.000
2026-05-18T18:19:58 COLMAP[feature_extractor] I20260518 18:19:58.744484   130 feature_extraction.cc:280] Processed file [1166/1710]
2026-05-18T18:19:58 COLMAP[feature_extractor] I20260518 18:19:58.744547   130 feature_extraction.cc:283]   Name:            DJI_01166.JPG
2026-05-18T18:19:58 COLMAP[feature_extractor] I20260518 18:19:58.744560   130 feature_extraction.cc:292]   Dimensions:      4000 x 2250
2026-05-18T18:19:58 COLMAP[feature_extractor] I20260518 18:19:58.744572   130 feature_extraction.cc:295]   Camera:          #1 - SIMPLE_RADIAL
2026-05-18T18:19:58 COLMAP[feature_extractor] I20260518 18:19:58.744614   130 feature_extraction.cc:298]   Focal Length:    2545.54px (Prior)
2026-05-18T18:19:58 COLMAP[feature_extractor] I20260518 18:19:58.744630   130 feature_extraction.cc:302]   Features:        11069 (SIFT)
2026-05-18T18:19:59 COLMAP[feature_extractor] I20260518 18:19:58.977866   130 feature_extraction.cc:316]   GPS:             LAT=40.523, LON=-111.891, ALT=1428.514
2026-05-18T18:19:59 COLMAP[feature_extractor] I20260518 18:19:58.977933   130 feature_extraction.cc:323]   Gravity:         X=0.000, Y=1.000, Z=0.000
2026-05-18T18:20:01 COLMAP[feature_extractor] I20260518 18:20:01.329731   130 feature_extraction.cc:280] Processed file [1167/1710]
2026-05-18T18:20:01 COLMAP[feature_extractor] I20260518 18:20:01.329789   130 feature_extraction.cc:283]   Name:            DJI_01167.JPG
2026-05-18T18:20:01 COLMAP[feature_extractor] I20260518 18:20:01.329802   130 feature_extraction.cc:292]   Dimensions:      4000 x 2250
2026-05-18T18:20:01 COLMAP[feature_extractor] I20260518 18:20:01.329810   130 feature_extraction.cc:295]   Camera:          #1 - SIMPLE_RADIAL
2026-05-18T18:20:01 COLMAP[feature_extractor] I20260518 18:20:01.329820   130 feature_extraction.cc:298]   Focal Length:    2545.54px (Prior)
2026-05-18T18:20:01 COLMAP[feature_extractor] I20260518 18:20:01.329836   130 feature_extraction.cc:302]   Features:        10945 (SIFT)
2026-05-18T18:20:01 COLMAP[feature_extractor] I20260518 18:20:01.622953   130 feature_extraction.cc:316]   GPS:             LAT=40.523, LON=-111.891, ALT=1428.414
2026-05-18T18:20:01 COLMAP[feature_extractor] I20260518 18:20:01.623013   130 feature_extraction.cc:323]   Gravity:         X=0.000, Y=1.000, Z=0.000
2026-05-18T18:20:04 COLMAP[feature_extractor] I20260518 18:20:04.235085   130 feature_extraction.cc:280] Processed file [1168/1710]
2026-05-18T18:20:04 COLMAP[feature_extractor] I20260518 18:20:04.235146   130 feature_extraction.cc:283]   Name:            DJI_01168.JPG
2026-05-18T18:20:04 COLMAP[feature_extractor] I20260518 18:20:04.235158   130 feature_extraction.cc:292]   Dimensions:      4000 x 2250
2026-05-18T18:20:04 COLMAP[feature_extractor] I20260518 18:20:04.235169   130 feature_extraction.cc:295]   Camera:          #1 - SIMPLE_RADIAL
2026-05-18T18:20:04 COLMAP[feature_extractor] I20260518 18:20:04.235180   130 feature_extraction.cc:298]   Focal Length:    2545.54px (Prior)
2026-05-18T18:20:04 COLMAP[feature_extractor] I20260518 18:20:04.235198   130 feature_extraction.cc:302]   Features:        10878 (SIFT)
2026-05-18T18:20:04 COLMAP[feature_extractor] I20260518 18:20:04.428041   130 feature_extraction.cc:316]   GPS:             LAT=40.523, LON=-111.891, ALT=1428.614
2026-05-18T18:20:04 COLMAP[feature_extractor] I20260518 18:20:04.428102   130 feature_extraction.cc:323]   Gravity:         X=0.000, Y=1.000, Z=0.000
2026-05-18T18:20:07 COLMAP[feature_extractor] I20260518 18:20:07.631942   130 feature_extraction.cc:280] Processed file [1169/1710]
2026-05-18T18:20:07 COLMAP[feature_extractor] I20260518 18:20:07.632001   130 feature_extraction.cc:283]   Name:            DJI_01169.JPG
2026-05-18T18:20:07 COLMAP[feature_extractor] I20260518 18:20:07.632014   130 feature_extraction.cc:292]   Dimensions:      4000 x 2250
2026-05-18T18:20:07 COLMAP[feature_extractor] I20260518 18:20:07.632023   130 feature_extraction.cc:295]   Camera:          #1 - SIMPLE_RADIAL
2026-05-18T18:20:07 COLMAP[feature_extractor] I20260518 18:20:07.632035   130 feature_extraction.cc:298]   Focal Length:    2545.54px (Prior)
2026-05-18T18:20:07 COLMAP[feature_extractor] I20260518 18:20:07.632051   130 feature_extraction.cc:302]   Features:        11007 (SIFT)
2026-05-18T18:20:07 COLMAP[feature_extractor] I20260518 18:20:07.797541   130 feature_extraction.cc:316]   GPS:             LAT=40.523, LON=-111.891, ALT=1428.414
2026-05-18T18:20:07 COLMAP[feature_extractor] I20260518 18:20:07.797596   130 feature_extraction.cc:323]   Gravity:         X=0.000, Y=1.000, Z=0.000
2026-05-18T18:20:08 COLMAP[feature_extractor] I20260518 18:20:08.321359   130 feature_extraction.cc:280] Processed file [1170/1710]
2026-05-18T18:20:08 COLMAP[feature_extractor] I20260518 18:20:08.321424   130 feature_extraction.cc:283]   Name:            DJI_01170.JPG
2026-05-18T18:20:08 COLMAP[feature_extractor] I20260518 18:20:08.321435   130 feature_extraction.cc:292]   Dimensions:      4000 x 2250
2026-05-18T18:20:08 COLMAP[feature_extractor] I20260518 18:20:08.321446   130 feature_extraction.cc:295]   Camera:          #1 - SIMPLE_RADIAL
2026-05-18T18:20:08 COLMAP[feature_extractor] I20260518 18:20:08.321457   130 feature_extraction.cc:298]   Focal Length:    2545.54px (Prior)
2026-05-18T18:20:08 COLMAP[feature_extractor] I20260518 18:20:08.321473   130 feature_extraction.cc:302]   Features:        11006 (SIFT)
2026-05-18T18:20:08 COLMAP[feature_extractor] I20260518 18:20:08.526130   130 feature_extraction.cc:316]   GPS:             LAT=40.523, LON=-111.891, ALT=1428.714
2026-05-18T18:20:08 COLMAP[feature_extractor] I20260518 18:20:08.526197   130 feature_extraction.cc:323]   Gravity:         X=0.000, Y=1.000, Z=0.000
2026-05-18T18:20:10 COLMAP[feature_extractor] I20260518 18:20:10.773110   130 feature_extraction.cc:280] Processed file [1171/1710]
2026-05-18T18:20:10 COLMAP[feature_extractor] I20260518 18:20:10.773173   130 feature_extraction.cc:283]   Name:            DJI_01171.JPG
2026-05-18T18:20:10 COLMAP[feature_extractor] I20260518 18:20:10.773186   130 feature_extraction.cc:292]   Dimensions:      4000 x 2250
2026-05-18T18:20:10 COLMAP[feature_extractor] I20260518 18:20:10.773196   130 feature_extraction.cc:295]   Camera:          #1 - SIMPLE_RADIAL
2026-05-18T18:20:10 COLMAP[feature_extractor] I20260518 18:20:10.773208   130 feature_extraction.cc:298]   Focal Length:    2545.54px (Prior)
2026-05-18T18:20:10 COLMAP[feature_extractor] I20260518 18:20:10.773224   130 feature_extraction.cc:302]   Features:        8253 (SIFT)
2026-05-18T18:20:11 COLMAP[feature_extractor] I20260518 18:20:10.989424   130 feature_extraction.cc:316]   GPS:             LAT=40.523, LON=-111.891, ALT=1428.614
2026-05-18T18:20:11 COLMAP[feature_extractor] I20260518 18:20:10.989523   130 feature_extraction.cc:323]   Gravity:         X=0.000, Y=1.000, Z=0.000
2026-05-18T18:20:13 COLMAP[feature_extractor] I20260518 18:20:13.413576   130 feature_extraction.cc:280] Processed file [1172/1710]
2026-05-18T18:20:13 COLMAP[feature_extractor] I20260518 18:20:13.413647   130 feature_extraction.cc:283]   Name:            DJI_01172.JPG
2026-05-18T18:20:13 COLMAP[feature_extractor] I20260518 18:20:13.413661   130 feature_extraction.cc:292]   Dimensions:      4000 x 2250
2026-05-18T18:20:13 COLMAP[feature_extractor] I20260518 18:20:13.413673   130 feature_extraction.cc:295]   Camera:          #1 - SIMPLE_RADIAL
2026-05-18T18:20:13 COLMAP[feature_extractor] I20260518 18:20:13.414604   130 feature_extraction.cc:298]   Focal Length:    2545.54px (Prior)
2026-05-18T18:20:13 COLMAP[feature_extractor] I20260518 18:20:13.414633   130 feature_extraction.cc:302]   Features:        8212 (SIFT)
2026-05-18T18:20:13 COLMAP[feature_extractor] I20260518 18:20:13.788020   130 feature_extraction.cc:316]   GPS:             LAT=40.523, LON=-111.891, ALT=1428.914
2026-05-18T18:20:13 COLMAP[feature_extractor] I20260518 18:20:13.788082   130 feature_extraction.cc:323]   Gravity:         X=0.000, Y=1.000, Z=0.000
2026-05-18T18:20:16 COLMAP[feature_extractor] I20260518 18:20:16.727902   130 feature_extraction.cc:280] Processed file [1173/1710]
2026-05-18T18:20:16 COLMAP[feature_extractor] I20260518 18:20:16.727972   130 feature_extraction.cc:283]   Name:            DJI_01173.JPG
2026-05-18T18:20:16 COLMAP[feature_extractor] I20260518 18:20:16.727984   130 feature_extraction.cc:292]   Dimensions:      4000 x 2250
2026-05-18T18:20:16 COLMAP[feature_extractor] I20260518 18:20:16.727994   130 feature_extraction.cc:295]   Camera:          #1 - SIMPLE_RADIAL
2026-05-18T18:20:16 COLMAP[feature_extractor] I20260518 18:20:16.728006   130 feature_extraction.cc:298]   Focal Length:    2545.54px (Prior)
2026-05-18T18:20:16 COLMAP[feature_extractor] I20260518 18:20:16.728024   130 feature_extraction.cc:302]   Features:        10852 (SIFT)
2026-05-18T18:20:17 COLMAP[feature_extractor] I20260518 18:20:16.964530   130 feature_extraction.cc:316]   GPS:             LAT=40.523, LON=-111.892, ALT=1428.714
2026-05-18T18:20:17 COLMAP[feature_extractor] I20260518 18:20:16.964586   130 feature_extraction.cc:323]   Gravity:         X=0.000, Y=1.000, Z=0.000
2026-05-18T18:20:17 COLMAP[feature_extractor] I20260518 18:20:17.707325   130 feature_extraction.cc:280] Processed file [1174/1710]
2026-05-18T18:20:17 COLMAP[feature_extractor] I20260518 18:20:17.707386   130 feature_extraction.cc:283]   Name:            DJI_01174.JPG
2026-05-18T18:20:17 COLMAP[feature_extractor] I20260518 18:20:17.707397   130 feature_extraction.cc:292]   Dimensions:      4000 x 2250
2026-05-18T18:20:17 COLMAP[feature_extractor] I20260518 18:20:17.707408   130 feature_extraction.cc:295]   Camera:          #1 - SIMPLE_RADIAL
2026-05-18T18:20:17 COLMAP[feature_extractor] I20260518 18:20:17.707419   130 feature_extraction.cc:298]   Focal Length:    2545.54px (Prior)
2026-05-18T18:20:17 COLMAP[feature_extractor] I20260518 18:20:17.707434   130 feature_extraction.cc:302]   Features:        10291 (SIFT)
2026-05-18T18:20:18 COLMAP[feature_extractor] I20260518 18:20:17.915422   130 feature_extraction.cc:316]   GPS:             LAT=40.523, LON=-111.892, ALT=1428.614
2026-05-18T18:20:18 COLMAP[feature_extractor] I20260518 18:20:17.915483   130 feature_extraction.cc:323]   Gravity:         X=0.000, Y=1.000, Z=0.000
2026-05-18T18:20:20 COLMAP[feature_extractor] I20260518 18:20:20.091091   130 feature_extraction.cc:280] Processed file [1175/1710]
2026-05-18T18:20:20 COLMAP[feature_extractor] I20260518 18:20:20.091192   130 feature_extraction.cc:283]   Name:            DJI_01175.JPG
2026-05-18T18:20:20 COLMAP[feature_extractor] I20260518 18:20:20.091204   130 feature_extraction.cc:292]   Dimensions:      4000 x 2250
2026-05-18T18:20:20 COLMAP[feature_extractor] I20260518 18:20:20.091215   130 feature_extraction.cc:295]   Camera:          #1 - SIMPLE_RADIAL
2026-05-18T18:20:20 COLMAP[feature_extractor] I20260518 18:20:20.091226   130 feature_extraction.cc:298]   Focal Length:    2545.54px (Prior)
2026-05-18T18:20:20 COLMAP[feature_extractor] I20260518 18:20:20.091243   130 feature_extraction.cc:302]   Features:        10477 (SIFT)
2026-05-18T18:20:20 COLMAP[feature_extractor] I20260518 18:20:20.254987   130 feature_extraction.cc:316]   GPS:             LAT=40.523, LON=-111.891, ALT=1428.814
2026-05-18T18:20:20 COLMAP[feature_extractor] I20260518 18:20:20.255046   130 feature_extraction.cc:323]   Gravity:         X=0.000, Y=1.000, Z=0.000
2026-05-18T18:20:22 COLMAP[feature_extractor] I20260518 18:20:22.637707   130 feature_extraction.cc:280] Processed file [1176/1710]
2026-05-18T18:20:22 COLMAP[feature_extractor] I20260518 18:20:22.637768   130 feature_extraction.cc:283]   Name:            DJI_01176.JPG
2026-05-18T18:20:22 COLMAP[feature_extractor] I20260518 18:20:22.637779   130 feature_extraction.cc:292]   Dimensions:      4000 x 2250
2026-05-18T18:20:22 COLMAP[feature_extractor] I20260518 18:20:22.637790   130 feature_extraction.cc:295]   Camera:          #1 - SIMPLE_RADIAL
2026-05-18T18:20:22 COLMAP[feature_extractor] I20260518 18:20:22.637801   130 feature_extraction.cc:298]   Focal Length:    2545.54px (Prior)
2026-05-18T18:20:22 COLMAP[feature_extractor] I20260518 18:20:22.637816   130 feature_extraction.cc:302]   Features:        11167 (SIFT)
2026-05-18T18:20:22 COLMAP[feature_extractor] I20260518 18:20:22.849500   130 feature_extraction.cc:316]   GPS:             LAT=40.523, LON=-111.891, ALT=1428.614
2026-05-18T18:20:22 COLMAP[feature_extractor] I20260518 18:20:22.849555   130 feature_extraction.cc:323]   Gravity:         X=0.000, Y=1.000, Z=0.000
2026-05-18T18:20:25 COLMAP[feature_extractor] I20260518 18:20:25.871958   130 feature_extraction.cc:280] Processed file [1177/1710]
2026-05-18T18:20:25 COLMAP[feature_extractor] I20260518 18:20:25.872021   130 feature_extraction.cc:283]   Name:            DJI_01177.JPG
2026-05-18T18:20:25 COLMAP[feature_extractor] I20260518 18:20:25.872033   130 feature_extraction.cc:292]   Dimensions:      4000 x 2250
2026-05-18T18:20:25 COLMAP[feature_extractor] I20260518 18:20:25.872044   130 feature_extraction.cc:295]   Camera:          #1 - SIMPLE_RADIAL
2026-05-18T18:20:25 COLMAP[feature_extractor] I20260518 18:20:25.872056   130 feature_extraction.cc:298]   Focal Length:    2545.54px (Prior)
2026-05-18T18:20:25 COLMAP[feature_extractor] I20260518 18:20:25.872071   130 feature_extraction.cc:302]   Features:        8256 (SIFT)
2026-05-18T18:20:26 COLMAP[feature_extractor] I20260518 18:20:26.119282   130 feature_extraction.cc:316]   GPS:             LAT=40.523, LON=-111.892, ALT=1428.614
2026-05-18T18:20:26 COLMAP[feature_extractor] I20260518 18:20:26.119349   130 feature_extraction.cc:323]   Gravity:         X=0.000, Y=1.000, Z=0.000
2026-05-18T18:20:26 COLMAP[feature_extractor] I20260518 18:20:26.804031   130 feature_extraction.cc:280] Processed file [1178/1710]
2026-05-18T18:20:26 COLMAP[feature_extractor] I20260518 18:20:26.804090   130 feature_extraction.cc:283]   Name:            DJI_01178.JPG
2026-05-18T18:20:26 COLMAP[feature_extractor] I20260518 18:20:26.804102   130 feature_extraction.cc:292]   Dimensions:      4000 x 2250
2026-05-18T18:20:26 COLMAP[feature_extractor] I20260518 18:20:26.804112   130 feature_extraction.cc:295]   Camera:          #1 - SIMPLE_RADIAL
2026-05-18T18:20:26 COLMAP[feature_extractor] I20260518 18:20:26.804123   130 feature_extraction.cc:298]   Focal Length:    2545.54px (Prior)
2026-05-18T18:20:26 COLMAP[feature_extractor] I20260518 18:20:26.804139   130 feature_extraction.cc:302]   Features:        8711 (SIFT)
2026-05-18T18:20:27 COLMAP[feature_extractor] I20260518 18:20:27.055406   130 feature_extraction.cc:316]   GPS:             LAT=40.523, LON=-111.892, ALT=1420.314
2026-05-18T18:20:27 COLMAP[feature_extractor] I20260518 18:20:27.055464   130 feature_extraction.cc:323]   Gravity:         X=0.000, Y=1.000, Z=0.000
2026-05-18T18:20:29 COLMAP[feature_extractor] I20260518 18:20:29.191308   130 feature_extraction.cc:280] Processed file [1179/1710]
2026-05-18T18:20:29 COLMAP[feature_extractor] I20260518 18:20:29.191366   130 feature_extraction.cc:283]   Name:            DJI_01179.JPG
2026-05-18T18:20:29 COLMAP[feature_extractor] I20260518 18:20:29.191378   130 feature_extraction.cc:292]   Dimensions:      4000 x 2250
2026-05-18T18:20:29 COLMAP[feature_extractor] I20260518 18:20:29.191390   130 feature_extraction.cc:295]   Camera:          #1 - SIMPLE_RADIAL
2026-05-18T18:20:29 COLMAP[feature_extractor] I20260518 18:20:29.191401   130 feature_extraction.cc:298]   Focal Length:    2545.54px (Prior)
2026-05-18T18:20:29 COLMAP[feature_extractor] I20260518 18:20:29.191416   130 feature_extraction.cc:302]   Features:        9026 (SIFT)
2026-05-18T18:20:29 COLMAP[feature_extractor] I20260518 18:20:29.421114   130 feature_extraction.cc:316]   GPS:             LAT=40.523, LON=-111.892, ALT=1420.614
2026-05-18T18:20:29 COLMAP[feature_extractor] I20260518 18:20:29.421171   130 feature_extraction.cc:323]   Gravity:         X=0.000, Y=1.000, Z=0.000
2026-05-18T18:20:32 COLMAP[feature_extractor] I20260518 18:20:32.112136   130 feature_extraction.cc:280] Processed file [1180/1710]
2026-05-18T18:20:32 COLMAP[feature_extractor] I20260518 18:20:32.112197   130 feature_extraction.cc:283]   Name:            DJI_01180.JPG
2026-05-18T18:20:32 COLMAP[feature_extractor] I20260518 18:20:32.112210   130 feature_extraction.cc:292]   Dimensions:      4000 x 2250
2026-05-18T18:20:32 COLMAP[feature_extractor] I20260518 18:20:32.112219   130 feature_extraction.cc:295]   Camera:          #1 - SIMPLE_RADIAL
2026-05-18T18:20:32 COLMAP[feature_extractor] I20260518 18:20:32.112264   130 feature_extraction.cc:298]   Focal Length:    2545.54px (Prior)
2026-05-18T18:20:32 COLMAP[feature_extractor] I20260518 18:20:32.112280   130 feature_extraction.cc:302]   Features:        8870 (SIFT)
2026-05-18T18:20:32 COLMAP[feature_extractor] I20260518 18:20:32.494402   130 feature_extraction.cc:316]   GPS:             LAT=40.523, LON=-111.892, ALT=1420.214
2026-05-18T18:20:32 COLMAP[feature_extractor] I20260518 18:20:32.494459   130 feature_extraction.cc:323]   Gravity:         X=0.000, Y=1.000, Z=0.000
2026-05-18T18:20:35 COLMAP[feature_extractor] I20260518 18:20:35.348886   130 feature_extraction.cc:280] Processed file [1181/1710]
2026-05-18T18:20:35 COLMAP[feature_extractor] I20260518 18:20:35.348948   130 feature_extraction.cc:283]   Name:            DJI_01181.JPG
2026-05-18T18:20:35 COLMAP[feature_extractor] I20260518 18:20:35.348959   130 feature_extraction.cc:292]   Dimensions:      4000 x 2250
2026-05-18T18:20:35 COLMAP[feature_extractor] I20260518 18:20:35.348969   130 feature_extraction.cc:295]   Camera:          #1 - SIMPLE_RADIAL
2026-05-18T18:20:35 COLMAP[feature_extractor] I20260518 18:20:35.348981   130 feature_extraction.cc:298]   Focal Length:    2545.54px (Prior)
2026-05-18T18:20:35 COLMAP[feature_extractor] I20260518 18:20:35.348997   130 feature_extraction.cc:302]   Features:        9491 (SIFT)
2026-05-18T18:20:35 COLMAP[feature_extractor] I20260518 18:20:35.608767   130 feature_extraction.cc:316]   GPS:             LAT=40.523, LON=-111.892, ALT=1420.814
2026-05-18T18:20:35 COLMAP[feature_extractor] I20260518 18:20:35.608829   130 feature_extraction.cc:323]   Gravity:         X=0.000, Y=1.000, Z=0.000
2026-05-18T18:20:36 COLMAP[feature_extractor] I20260518 18:20:36.040263   130 feature_extraction.cc:280] Processed file [1182/1710]
2026-05-18T18:20:36 COLMAP[feature_extractor] I20260518 18:20:36.040326   130 feature_extraction.cc:283]   Name:            DJI_01182.JPG
2026-05-18T18:20:36 COLMAP[feature_extractor] I20260518 18:20:36.040338   130 feature_extraction.cc:292]   Dimensions:      4000 x 2250
2026-05-18T18:20:36 COLMAP[feature_extractor] I20260518 18:20:36.040349   130 feature_extraction.cc:295]   Camera:          #1 - SIMPLE_RADIAL
2026-05-18T18:20:36 COLMAP[feature_extractor] I20260518 18:20:36.040360   130 feature_extraction.cc:298]   Focal Length:    2545.54px (Prior)
2026-05-18T18:20:36 COLMAP[feature_extractor] I20260518 18:20:36.040377   130 feature_extraction.cc:302]   Features:        9748 (SIFT)
2026-05-18T18:20:36 COLMAP[feature_extractor] I20260518 18:20:36.240012   130 feature_extraction.cc:316]   GPS:             LAT=40.523, LON=-111.892, ALT=1420.414
2026-05-18T18:20:36 COLMAP[feature_extractor] I20260518 18:20:36.240077   130 feature_extraction.cc:323]   Gravity:         X=0.000, Y=1.000, Z=0.000
2026-05-18T18:20:38 COLMAP[feature_extractor] I20260518 18:20:38.489234   130 feature_extraction.cc:280] Processed file [1183/1710]
2026-05-18T18:20:38 COLMAP[feature_extractor] I20260518 18:20:38.489298   130 feature_extraction.cc:283]   Name:            DJI_01183.JPG
2026-05-18T18:20:38 COLMAP[feature_extractor] I20260518 18:20:38.489310   130 feature_extraction.cc:292]   Dimensions:      4000 x 2250
2026-05-18T18:20:38 COLMAP[feature_extractor] I20260518 18:20:38.489321   130 feature_extraction.cc:295]   Camera:          #1 - SIMPLE_RADIAL
2026-05-18T18:20:38 COLMAP[feature_extractor] I20260518 18:20:38.489332   130 feature_extraction.cc:298]   Focal Length:    2545.54px (Prior)
2026-05-18T18:20:38 COLMAP[feature_extractor] I20260518 18:20:38.489348   130 feature_extraction.cc:302]   Features:        9468 (SIFT)
2026-05-18T18:20:38 COLMAP[feature_extractor] I20260518 18:20:38.752003   130 feature_extraction.cc:316]   GPS:             LAT=40.523, LON=-111.892, ALT=1420.414
2026-05-18T18:20:38 COLMAP[feature_extractor] I20260518 18:20:38.752067   130 feature_extraction.cc:323]   Gravity:         X=0.000, Y=1.000, Z=0.000
2026-05-18T18:20:41 COLMAP[feature_extractor] I20260518 18:20:41.345920   130 feature_extraction.cc:280] Processed file [1184/1710]
2026-05-18T18:20:41 COLMAP[feature_extractor] I20260518 18:20:41.345992   130 feature_extraction.cc:283]   Name:            DJI_01184.JPG
2026-05-18T18:20:41 COLMAP[feature_extractor] I20260518 18:20:41.346006   130 feature_extraction.cc:292]   Dimensions:      4000 x 2250
2026-05-18T18:20:41 COLMAP[feature_extractor] I20260518 18:20:41.346019   130 feature_extraction.cc:295]   Camera:          #1 - SIMPLE_RADIAL
2026-05-18T18:20:41 COLMAP[feature_extractor] I20260518 18:20:41.346031   130 feature_extraction.cc:298]   Focal Length:    2545.54px (Prior)
2026-05-18T18:20:41 COLMAP[feature_extractor] I20260518 18:20:41.346048   130 feature_extraction.cc:302]   Features:        10007 (SIFT)
2026-05-18T18:20:41 COLMAP[feature_extractor] I20260518 18:20:41.596534   130 feature_extraction.cc:316]   GPS:             LAT=40.523, LON=-111.892, ALT=1420.414
2026-05-18T18:20:41 COLMAP[feature_extractor] I20260518 18:20:41.596594   130 feature_extraction.cc:323]   Gravity:         X=0.000, Y=1.000, Z=0.000
2026-05-18T18:20:44 COLMAP[feature_extractor] I20260518 18:20:44.529402   130 feature_extraction.cc:280] Processed file [1185/1710]
2026-05-18T18:20:44 COLMAP[feature_extractor] I20260518 18:20:44.529460   130 feature_extraction.cc:283]   Name:            DJI_01185.JPG
2026-05-18T18:20:44 COLMAP[feature_extractor] I20260518 18:20:44.529472   130 feature_extraction.cc:292]   Dimensions:      4000 x 2250
2026-05-18T18:20:44 COLMAP[feature_extractor] I20260518 18:20:44.529482   130 feature_extraction.cc:295]   Camera:          #1 - SIMPLE_RADIAL
2026-05-18T18:20:44 COLMAP[feature_extractor] I20260518 18:20:44.529495   130 feature_extraction.cc:298]   Focal Length:    2545.54px (Prior)
2026-05-18T18:20:44 COLMAP[feature_extractor] I20260518 18:20:44.529510   130 feature_extraction.cc:302]   Features:        8276 (SIFT)
2026-05-18T18:20:44 COLMAP[feature_extractor] I20260518 18:20:44.882109   130 feature_extraction.cc:316]   GPS:             LAT=40.522, LON=-111.892, ALT=1420.414
2026-05-18T18:20:44 COLMAP[feature_extractor] I20260518 18:20:44.882205   130 feature_extraction.cc:323]   Gravity:         X=0.000, Y=1.000, Z=0.000
2026-05-18T18:20:45 COLMAP[feature_extractor] I20260518 18:20:45.352734   130 feature_extraction.cc:280] Processed file [1186/1710]
2026-05-18T18:20:45 COLMAP[feature_extractor] I20260518 18:20:45.352795   130 feature_extraction.cc:283]   Name:            DJI_01186.JPG
2026-05-18T18:20:45 COLMAP[feature_extractor] I20260518 18:20:45.352807   130 feature_extraction.cc:292]   Dimensions:      4000 x 2250
2026-05-18T18:20:45 COLMAP[feature_extractor] I20260518 18:20:45.352818   130 feature_extraction.cc:295]   Camera:          #1 - SIMPLE_RADIAL
2026-05-18T18:20:45 COLMAP[feature_extractor] I20260518 18:20:45.352829   130 feature_extraction.cc:298]   Focal Length:    2545.54px (Prior)
2026-05-18T18:20:45 COLMAP[feature_extractor] I20260518 18:20:45.352845   130 feature_extraction.cc:302]   Features:        8518 (SIFT)
2026-05-18T18:20:45 COLMAP[feature_extractor] I20260518 18:20:45.633787   130 feature_extraction.cc:316]   GPS:             LAT=40.522, LON=-111.892, ALT=1420.514
2026-05-18T18:20:45 COLMAP[feature_extractor] I20260518 18:20:45.633845   130 feature_extraction.cc:323]   Gravity:         X=0.000, Y=1.000, Z=0.000
2026-05-18T18:20:47 COLMAP[feature_extractor] I20260518 18:20:47.762702   130 feature_extraction.cc:280] Processed file [1187/1710]
2026-05-18T18:20:47 COLMAP[feature_extractor] I20260518 18:20:47.762765   130 feature_extraction.cc:283]   Name:            DJI_01187.JPG
2026-05-18T18:20:47 COLMAP[feature_extractor] I20260518 18:20:47.762777   130 feature_extraction.cc:292]   Dimensions:      4000 x 2250
2026-05-18T18:20:47 COLMAP[feature_extractor] I20260518 18:20:47.762789   130 feature_extraction.cc:295]   Camera:          #1 - SIMPLE_RADIAL
2026-05-18T18:20:47 COLMAP[feature_extractor] I20260518 18:20:47.762799   130 feature_extraction.cc:298]   Focal Length:    2545.54px (Prior)
2026-05-18T18:20:47 COLMAP[feature_extractor] I20260518 18:20:47.762815   130 feature_extraction.cc:302]   Features:        10937 (SIFT)
2026-05-18T18:20:48 COLMAP[feature_extractor] I20260518 18:20:48.007429   130 feature_extraction.cc:316]   GPS:             LAT=40.522, LON=-111.892, ALT=1420.314
2026-05-18T18:20:48 COLMAP[feature_extractor] I20260518 18:20:48.007491   130 feature_extraction.cc:323]   Gravity:         X=0.000, Y=1.000, Z=0.000
2026-05-18T18:20:50 COLMAP[feature_extractor] I20260518 18:20:50.461503   130 feature_extraction.cc:280] Processed file [1188/1710]
2026-05-18T18:20:50 COLMAP[feature_extractor] I20260518 18:20:50.461582   130 feature_extraction.cc:283]   Name:            DJI_01188.JPG
2026-05-18T18:20:50 COLMAP[feature_extractor] I20260518 18:20:50.461596   130 feature_extraction.cc:292]   Dimensions:      4000 x 2250
2026-05-18T18:20:50 COLMAP[feature_extractor] I20260518 18:20:50.461606   130 feature_extraction.cc:295]   Camera:          #1 - SIMPLE_RADIAL
2026-05-18T18:20:50 COLMAP[feature_extractor] I20260518 18:20:50.461618   130 feature_extraction.cc:298]   Focal Length:    2545.54px (Prior)
2026-05-18T18:20:50 COLMAP[feature_extractor] I20260518 18:20:50.461634   130 feature_extraction.cc:302]   Features:        8386 (SIFT)
2026-05-18T18:20:50 COLMAP[feature_extractor] I20260518 18:20:50.789861   130 feature_extraction.cc:316]   GPS:             LAT=40.522, LON=-111.892, ALT=1420.514
2026-05-18T18:20:50 COLMAP[feature_extractor] I20260518 18:20:50.789922   130 feature_extraction.cc:323]   Gravity:         X=0.000, Y=1.000, Z=0.000
2026-05-18T18:20:54 COLMAP[feature_extractor] I20260518 18:20:53.982573   130 feature_extraction.cc:280] Processed file [1189/1710]
2026-05-18T18:20:54 COLMAP[feature_extractor] I20260518 18:20:53.982632   130 feature_extraction.cc:283]   Name:            DJI_01189.JPG
2026-05-18T18:20:54 COLMAP[feature_extractor] I20260518 18:20:53.982645   130 feature_extraction.cc:292]   Dimensions:      4000 x 2250
2026-05-18T18:20:54 COLMAP[feature_extractor] I20260518 18:20:53.982656   130 feature_extraction.cc:295]   Camera:          #1 - SIMPLE_RADIAL
2026-05-18T18:20:54 COLMAP[feature_extractor] I20260518 18:20:53.982666   130 feature_extraction.cc:298]   Focal Length:    2545.54px (Prior)
2026-05-18T18:20:54 COLMAP[feature_extractor] I20260518 18:20:53.982683   130 feature_extraction.cc:302]   Features:        8356 (SIFT)
2026-05-18T18:20:54 COLMAP[feature_extractor] I20260518 18:20:54.281148   130 feature_extraction.cc:316]   GPS:             LAT=40.522, LON=-111.892, ALT=1420.414
2026-05-18T18:20:54 COLMAP[feature_extractor] I20260518 18:20:54.281208   130 feature_extraction.cc:323]   Gravity:         X=0.000, Y=1.000, Z=0.000
2026-05-18T18:20:54 COLMAP[feature_extractor] I20260518 18:20:54.638181   130 feature_extraction.cc:280] Processed file [1190/1710]
2026-05-18T18:20:54 COLMAP[feature_extractor] I20260518 18:20:54.638244   130 feature_extraction.cc:283]   Name:            DJI_01190.JPG
2026-05-18T18:20:54 COLMAP[feature_extractor] I20260518 18:20:54.638257   130 feature_extraction.cc:292]   Dimensions:      4000 x 2250
2026-05-18T18:20:54 COLMAP[feature_extractor] I20260518 18:20:54.638267   130 feature_extraction.cc:295]   Camera:          #1 - SIMPLE_RADIAL
2026-05-18T18:20:54 COLMAP[feature_extractor] I20260518 18:20:54.638278   130 feature_extraction.cc:298]   Focal Length:    2545.54px (Prior)
2026-05-18T18:20:54 COLMAP[feature_extractor] I20260518 18:20:54.638295   130 feature_extraction.cc:302]   Features:        12145 (SIFT)
2026-05-18T18:20:55 COLMAP[feature_extractor] I20260518 18:20:54.904186   130 feature_extraction.cc:316]   GPS:             LAT=40.522, LON=-111.892, ALT=1420.514
2026-05-18T18:20:55 COLMAP[feature_extractor] I20260518 18:20:54.904250   130 feature_extraction.cc:323]   Gravity:         X=0.000, Y=1.000, Z=0.000
2026-05-18T18:20:57 COLMAP[feature_extractor] I20260518 18:20:56.958420   130 feature_extraction.cc:280] Processed file [1191/1710]
2026-05-18T18:20:57 COLMAP[feature_extractor] I20260518 18:20:56.958482   130 feature_extraction.cc:283]   Name:            DJI_01191.JPG
2026-05-18T18:20:57 COLMAP[feature_extractor] I20260518 18:20:56.958493   130 feature_extraction.cc:292]   Dimensions:      4000 x 2250
2026-05-18T18:20:57 COLMAP[feature_extractor] I20260518 18:20:56.958504   130 feature_extraction.cc:295]   Camera:          #1 - SIMPLE_RADIAL
2026-05-18T18:20:57 COLMAP[feature_extractor] I20260518 18:20:56.958515   130 feature_extraction.cc:298]   Focal Length:    2545.54px (Prior)
2026-05-18T18:20:57 COLMAP[feature_extractor] I20260518 18:20:56.958531   130 feature_extraction.cc:302]   Features:        10526 (SIFT)
2026-05-18T18:20:57 COLMAP[feature_extractor] I20260518 18:20:57.237888   130 feature_extraction.cc:316]   GPS:             LAT=40.522, LON=-111.892, ALT=1420.814
2026-05-18T18:20:57 COLMAP[feature_extractor] I20260518 18:20:57.237948   130 feature_extraction.cc:323]   Gravity:         X=0.000, Y=1.000, Z=0.000
2026-05-18T18:20:59 COLMAP[feature_extractor] I20260518 18:20:59.769922   130 feature_extraction.cc:280] Processed file [1192/1710]
2026-05-18T18:20:59 COLMAP[feature_extractor] I20260518 18:20:59.769982   130 feature_extraction.cc:283]   Name:            DJI_01192.JPG
2026-05-18T18:20:59 COLMAP[feature_extractor] I20260518 18:20:59.769994   130 feature_extraction.cc:292]   Dimensions:      4000 x 2250
2026-05-18T18:20:59 COLMAP[feature_extractor] I20260518 18:20:59.770005   130 feature_extraction.cc:295]   Camera:          #1 - SIMPLE_RADIAL
2026-05-18T18:20:59 COLMAP[feature_extractor] I20260518 18:20:59.770016   130 feature_extraction.cc:298]   Focal Length:    2545.54px (Prior)
2026-05-18T18:20:59 COLMAP[feature_extractor] I20260518 18:20:59.770033   130 feature_extraction.cc:302]   Features:        12039 (SIFT)
2026-05-18T18:21:00 COLMAP[feature_extractor] I20260518 18:21:00.065663   130 feature_extraction.cc:316]   GPS:             LAT=40.522, LON=-111.892, ALT=1419.514
2026-05-18T18:21:00 COLMAP[feature_extractor] I20260518 18:21:00.065804   130 feature_extraction.cc:323]   Gravity:         X=0.000, Y=1.000, Z=0.000
2026-05-18T18:21:03 COLMAP[feature_extractor] I20260518 18:21:03.272994   130 feature_extraction.cc:280] Processed file [1193/1710]
2026-05-18T18:21:03 COLMAP[feature_extractor] I20260518 18:21:03.273051   130 feature_extraction.cc:283]   Name:            DJI_01193.JPG
2026-05-18T18:21:03 COLMAP[feature_extractor] I20260518 18:21:03.273063   130 feature_extraction.cc:292]   Dimensions:      4000 x 2250
2026-05-18T18:21:03 COLMAP[feature_extractor] I20260518 18:21:03.273073   130 feature_extraction.cc:295]   Camera:          #1 - SIMPLE_RADIAL
2026-05-18T18:21:03 COLMAP[feature_extractor] I20260518 18:21:03.273116   130 feature_extraction.cc:298]   Focal Length:    2545.54px (Prior)
2026-05-18T18:21:03 COLMAP[feature_extractor] I20260518 18:21:03.273132   130 feature_extraction.cc:302]   Features:        8193 (SIFT)
2026-05-18T18:21:03 COLMAP[feature_extractor] I20260518 18:21:03.542196   130 feature_extraction.cc:316]   GPS:             LAT=40.522, LON=-111.892, ALT=1420.514
2026-05-18T18:21:03 COLMAP[feature_extractor] I20260518 18:21:03.542253   130 feature_extraction.cc:323]   Gravity:         X=0.000, Y=1.000, Z=0.000
2026-05-18T18:21:04 COLMAP[feature_extractor] I20260518 18:21:04.062867   130 feature_extraction.cc:280] Processed file [1194/1710]
2026-05-18T18:21:04 COLMAP[feature_extractor] I20260518 18:21:04.062932   130 feature_extraction.cc:283]   Name:            DJI_01194.JPG
2026-05-18T18:21:04 COLMAP[feature_extractor] I20260518 18:21:04.062943   130 feature_extraction.cc:292]   Dimensions:      4000 x 2250
2026-05-18T18:21:04 COLMAP[feature_extractor] I20260518 18:21:04.062953   130 feature_extraction.cc:295]   Camera:          #1 - SIMPLE_RADIAL
2026-05-18T18:21:04 COLMAP[feature_extractor] I20260518 18:21:04.062965   130 feature_extraction.cc:298]   Focal Length:    2545.54px (Prior)
2026-05-18T18:21:04 COLMAP[feature_extractor] I20260518 18:21:04.062981   130 feature_extraction.cc:302]   Features:        10038 (SIFT)
2026-05-18T18:21:04 COLMAP[feature_extractor] I20260518 18:21:04.239269   130 feature_extraction.cc:316]   GPS:             LAT=40.522, LON=-111.892, ALT=1420.614
2026-05-18T18:21:04 COLMAP[feature_extractor] I20260518 18:21:04.239329   130 feature_extraction.cc:323]   Gravity:         X=0.000, Y=1.000, Z=0.000
2026-05-18T18:21:06 COLMAP[feature_extractor] I20260518 18:21:06.426640   130 feature_extraction.cc:280] Processed file [1195/1710]
2026-05-18T18:21:06 COLMAP[feature_extractor] I20260518 18:21:06.426698   130 feature_extraction.cc:283]   Name:            DJI_01195.JPG
2026-05-18T18:21:06 COLMAP[feature_extractor] I20260518 18:21:06.426710   130 feature_extraction.cc:292]   Dimensions:      4000 x 2250
2026-05-18T18:21:06 COLMAP[feature_extractor] I20260518 18:21:06.426721   130 feature_extraction.cc:295]   Camera:          #1 - SIMPLE_RADIAL
2026-05-18T18:21:06 COLMAP[feature_extractor] I20260518 18:21:06.426733   130 feature_extraction.cc:298]   Focal Length:    2545.54px (Prior)
2026-05-18T18:21:06 COLMAP[feature_extractor] I20260518 18:21:06.426749   130 feature_extraction.cc:302]   Features:        8560 (SIFT)
2026-05-18T18:21:06 COLMAP[feature_extractor] I20260518 18:21:06.714121   130 feature_extraction.cc:316]   GPS:             LAT=40.522, LON=-111.892, ALT=1420.214
2026-05-18T18:21:06 COLMAP[feature_extractor] I20260518 18:21:06.714178   130 feature_extraction.cc:323]   Gravity:         X=0.000, Y=1.000, Z=0.000
2026-05-18T18:21:09 COLMAP[feature_extractor] I20260518 18:21:09.101714   130 feature_extraction.cc:280] Processed file [1196/1710]
2026-05-18T18:21:09 COLMAP[feature_extractor] I20260518 18:21:09.101775   130 feature_extraction.cc:283]   Name:            DJI_01196.JPG
2026-05-18T18:21:09 COLMAP[feature_extractor] I20260518 18:21:09.101787   130 feature_extraction.cc:292]   Dimensions:      4000 x 2250
2026-05-18T18:21:09 COLMAP[feature_extractor] I20260518 18:21:09.101799   130 feature_extraction.cc:295]   Camera:          #1 - SIMPLE_RADIAL
2026-05-18T18:21:09 COLMAP[feature_extractor] I20260518 18:21:09.101809   130 feature_extraction.cc:298]   Focal Length:    2545.54px (Prior)
2026-05-18T18:21:09 COLMAP[feature_extractor] I20260518 18:21:09.101825   130 feature_extraction.cc:302]   Features:        11361 (SIFT)
2026-05-18T18:21:09 COLMAP[feature_extractor] I20260518 18:21:09.306800   130 feature_extraction.cc:316]   GPS:             LAT=40.522, LON=-111.892, ALT=1420.514
2026-05-18T18:21:09 COLMAP[feature_extractor] I20260518 18:21:09.306864   130 feature_extraction.cc:323]   Gravity:         X=0.000, Y=1.000, Z=0.000
2026-05-18T18:21:12 COLMAP[feature_extractor] I20260518 18:21:12.554535   130 feature_extraction.cc:280] Processed file [1197/1710]
2026-05-18T18:21:12 COLMAP[feature_extractor] I20260518 18:21:12.554602   130 feature_extraction.cc:283]   Name:            DJI_01197.JPG
2026-05-18T18:21:12 COLMAP[feature_extractor] I20260518 18:21:12.554615   130 feature_extraction.cc:292]   Dimensions:      4000 x 2250
2026-05-18T18:21:12 COLMAP[feature_extractor] I20260518 18:21:12.554625   130 feature_extraction.cc:295]   Camera:          #1 - SIMPLE_RADIAL
2026-05-18T18:21:12 COLMAP[feature_extractor] I20260518 18:21:12.554637   130 feature_extraction.cc:298]   Focal Length:    2545.54px (Prior)
2026-05-18T18:21:12 COLMAP[feature_extractor] I20260518 18:21:12.554653   130 feature_extraction.cc:302]   Features:        8942 (SIFT)
2026-05-18T18:21:12 COLMAP[feature_extractor] I20260518 18:21:12.751672   130 feature_extraction.cc:316]   GPS:             LAT=40.522, LON=-111.892, ALT=1420.514
2026-05-18T18:21:12 COLMAP[feature_extractor] I20260518 18:21:12.751734   130 feature_extraction.cc:323]   Gravity:         X=0.000, Y=1.000, Z=0.000
2026-05-18T18:21:13 COLMAP[feature_extractor] I20260518 18:21:13.238083   130 feature_extraction.cc:280] Processed file [1198/1710]
2026-05-18T18:21:13 COLMAP[feature_extractor] I20260518 18:21:13.238144   130 feature_extraction.cc:283]   Name:            DJI_01198.JPG
2026-05-18T18:21:13 COLMAP[feature_extractor] I20260518 18:21:13.238157   130 feature_extraction.cc:292]   Dimensions:      4000 x 2250
2026-05-18T18:21:13 COLMAP[feature_extractor] I20260518 18:21:13.238168   130 feature_extraction.cc:295]   Camera:          #1 - SIMPLE_RADIAL
2026-05-18T18:21:13 COLMAP[feature_extractor] I20260518 18:21:13.238178   130 feature_extraction.cc:298]   Focal Length:    2545.54px (Prior)
2026-05-18T18:21:13 COLMAP[feature_extractor] I20260518 18:21:13.238194   130 feature_extraction.cc:302]   Features:        8628 (SIFT)
2026-05-18T18:21:13 COLMAP[feature_extractor] I20260518 18:21:13.452405   130 feature_extraction.cc:316]   GPS:             LAT=40.522, LON=-111.892, ALT=1420.114
2026-05-18T18:21:13 COLMAP[feature_extractor] I20260518 18:21:13.452504   130 feature_extraction.cc:323]   Gravity:         X=0.000, Y=1.000, Z=0.000
2026-05-18T18:21:15 COLMAP[feature_extractor] I20260518 18:21:15.732036   130 feature_extraction.cc:280] Processed file [1199/1710]
2026-05-18T18:21:15 COLMAP[feature_extractor] I20260518 18:21:15.732100   130 feature_extraction.cc:283]   Name:            DJI_01199.JPG
2026-05-18T18:21:15 COLMAP[feature_extractor] I20260518 18:21:15.732111   130 feature_extraction.cc:292]   Dimensions:      4000 x 2250
2026-05-18T18:21:15 COLMAP[feature_extractor] I20260518 18:21:15.732122   130 feature_extraction.cc:295]   Camera:          #1 - SIMPLE_RADIAL
2026-05-18T18:21:15 COLMAP[feature_extractor] I20260518 18:21:15.732133   130 feature_extraction.cc:298]   Focal Length:    2545.54px (Prior)
2026-05-18T18:21:15 COLMAP[feature_extractor] I20260518 18:21:15.732149   130 feature_extraction.cc:302]   Features:        9162 (SIFT)
2026-05-18T18:21:16 COLMAP[feature_extractor] I20260518 18:21:16.004662   130 feature_extraction.cc:316]   GPS:             LAT=40.522, LON=-111.892, ALT=1413.514
2026-05-18T18:21:16 COLMAP[feature_extractor] I20260518 18:21:16.004729   130 feature_extraction.cc:323]   Gravity:         X=0.000, Y=1.000, Z=0.000
2026-05-18T18:21:18 COLMAP[feature_extractor] I20260518 18:21:18.383157   130 feature_extraction.cc:280] Processed file [1200/1710]
2026-05-18T18:21:18 COLMAP[feature_extractor] I20260518 18:21:18.383221   130 feature_extraction.cc:283]   Name:            DJI_01200.JPG
2026-05-18T18:21:18 COLMAP[feature_extractor] I20260518 18:21:18.383234   130 feature_extraction.cc:292]   Dimensions:      4000 x 2250
2026-05-18T18:21:18 COLMAP[feature_extractor] I20260518 18:21:18.383244   130 feature_extraction.cc:295]   Camera:          #1 - SIMPLE_RADIAL
2026-05-18T18:21:18 COLMAP[feature_extractor] I20260518 18:21:18.383255   130 feature_extraction.cc:298]   Focal Length:    2545.54px (Prior)
2026-05-18T18:21:18 COLMAP[feature_extractor] I20260518 18:21:18.383271   130 feature_extraction.cc:302]   Features:        11442 (SIFT)
2026-05-18T18:21:18 COLMAP[feature_extractor] I20260518 18:21:18.679437   130 feature_extraction.cc:316]   GPS:             LAT=40.523, LON=-111.892, ALT=1413.714
2026-05-18T18:21:18 COLMAP[feature_extractor] I20260518 18:21:18.679500   130 feature_extraction.cc:323]   Gravity:         X=0.000, Y=1.000, Z=0.000
2026-05-18T18:21:21 COLMAP[feature_extractor] I20260518 18:21:21.776417   130 feature_extraction.cc:280] Processed file [1201/1710]
2026-05-18T18:21:21 COLMAP[feature_extractor] I20260518 18:21:21.776510   130 feature_extraction.cc:283]   Name:            DJI_01201.JPG
2026-05-18T18:21:21 COLMAP[feature_extractor] I20260518 18:21:21.776523   130 feature_extraction.cc:292]   Dimensions:      4000 x 2250
2026-05-18T18:21:21 COLMAP[feature_extractor] I20260518 18:21:21.776533   130 feature_extraction.cc:295]   Camera:          #1 - SIMPLE_RADIAL
2026-05-18T18:21:21 COLMAP[feature_extractor] I20260518 18:21:21.776544   130 feature_extraction.cc:298]   Focal Length:    2545.54px (Prior)
2026-05-18T18:21:21 COLMAP[feature_extractor] I20260518 18:21:21.776561   130 feature_extraction.cc:302]   Features:        10740 (SIFT)
2026-05-18T18:21:22 COLMAP[feature_extractor] I20260518 18:21:22.030300   130 feature_extraction.cc:316]   GPS:             LAT=40.523, LON=-111.892, ALT=1413.914
2026-05-18T18:21:22 COLMAP[feature_extractor] I20260518 18:21:22.030366   130 feature_extraction.cc:323]   Gravity:         X=0.000, Y=1.000, Z=0.000
2026-05-18T18:21:22 COLMAP[feature_extractor] I20260518 18:21:22.429656   130 feature_extraction.cc:280] Processed file [1202/1710]
2026-05-18T18:21:22 COLMAP[feature_extractor] I20260518 18:21:22.429723   130 feature_extraction.cc:283]   Name:            DJI_01202.JPG
2026-05-18T18:21:22 COLMAP[feature_extractor] I20260518 18:21:22.429738   130 feature_extraction.cc:292]   Dimensions:      4000 x 2250
2026-05-18T18:21:22 COLMAP[feature_extractor] I20260518 18:21:22.429749   130 feature_extraction.cc:295]   Camera:          #1 - SIMPLE_RADIAL
2026-05-18T18:21:22 COLMAP[feature_extractor] I20260518 18:21:22.429761   130 feature_extraction.cc:298]   Focal Length:    2545.54px (Prior)
2026-05-18T18:21:22 COLMAP[feature_extractor] I20260518 18:21:22.429778   130 feature_extraction.cc:302]   Features:        10825 (SIFT)
2026-05-18T18:21:22 COLMAP[feature_extractor] I20260518 18:21:22.651686   130 feature_extraction.cc:316]   GPS:             LAT=40.523, LON=-111.892, ALT=1413.914
2026-05-18T18:21:22 COLMAP[feature_extractor] I20260518 18:21:22.651750   130 feature_extraction.cc:323]   Gravity:         X=0.000, Y=1.000, Z=0.000
2026-05-18T18:21:25 COLMAP[feature_extractor] I20260518 18:21:25.113085   130 feature_extraction.cc:280] Processed file [1203/1710]
2026-05-18T18:21:25 COLMAP[feature_extractor] I20260518 18:21:25.113147   130 feature_extraction.cc:283]   Name:            DJI_01203.JPG
2026-05-18T18:21:25 COLMAP[feature_extractor] I20260518 18:21:25.113159   130 feature_extraction.cc:292]   Dimensions:      4000 x 2250
2026-05-18T18:21:25 COLMAP[feature_extractor] I20260518 18:21:25.113169   130 feature_extraction.cc:295]   Camera:          #1 - SIMPLE_RADIAL
2026-05-18T18:21:25 COLMAP[feature_extractor] I20260518 18:21:25.113181   130 feature_extraction.cc:298]   Focal Length:    2545.54px (Prior)
2026-05-18T18:21:25 COLMAP[feature_extractor] I20260518 18:21:25.113197   130 feature_extraction.cc:302]   Features:        8774 (SIFT)
2026-05-18T18:21:25 COLMAP[feature_extractor] I20260518 18:21:25.336968   130 feature_extraction.cc:316]   GPS:             LAT=40.523, LON=-111.892, ALT=1413.814
2026-05-18T18:21:25 COLMAP[feature_extractor] I20260518 18:21:25.337026   130 feature_extraction.cc:323]   Gravity:         X=0.000, Y=1.000, Z=0.000
2026-05-18T18:21:27 COLMAP[feature_extractor] I20260518 18:21:27.448392   130 feature_extraction.cc:280] Processed file [1204/1710]
2026-05-18T18:21:27 COLMAP[feature_extractor] I20260518 18:21:27.448453   130 feature_extraction.cc:283]   Name:            DJI_01204.JPG
2026-05-18T18:21:27 COLMAP[feature_extractor] I20260518 18:21:27.448465   130 feature_extraction.cc:292]   Dimensions:      4000 x 2250
2026-05-18T18:21:27 COLMAP[feature_extractor] I20260518 18:21:27.448477   130 feature_extraction.cc:295]   Camera:          #1 - SIMPLE_RADIAL
2026-05-18T18:21:27 COLMAP[feature_extractor] I20260518 18:21:27.448488   130 feature_extraction.cc:298]   Focal Length:    2545.54px (Prior)
2026-05-18T18:21:27 COLMAP[feature_extractor] I20260518 18:21:27.448504   130 feature_extraction.cc:302]   Features:        9926 (SIFT)
2026-05-18T18:21:27 COLMAP[feature_extractor] I20260518 18:21:27.722529   130 feature_extraction.cc:316]   GPS:             LAT=40.523, LON=-111.892, ALT=1413.914
2026-05-18T18:21:27 COLMAP[feature_extractor] I20260518 18:21:27.722589   130 feature_extraction.cc:323]   Gravity:         X=0.000, Y=1.000, Z=0.000
2026-05-18T18:21:31 COLMAP[feature_extractor] I20260518 18:21:31.193516   130 feature_extraction.cc:280] Processed file [1205/1710]
2026-05-18T18:21:31 COLMAP[feature_extractor] I20260518 18:21:31.193575   130 feature_extraction.cc:283]   Name:            DJI_01205.JPG
2026-05-18T18:21:31 COLMAP[feature_extractor] I20260518 18:21:31.193588   130 feature_extraction.cc:292]   Dimensions:      4000 x 2250
2026-05-18T18:21:31 COLMAP[feature_extractor] I20260518 18:21:31.193598   130 feature_extraction.cc:295]   Camera:          #1 - SIMPLE_RADIAL
2026-05-18T18:21:31 COLMAP[feature_extractor] I20260518 18:21:31.193610   130 feature_extraction.cc:298]   Focal Length:    2545.54px (Prior)
2026-05-18T18:21:31 COLMAP[feature_extractor] I20260518 18:21:31.193626   130 feature_extraction.cc:302]   Features:        10457 (SIFT)
2026-05-18T18:21:31 COLMAP[feature_extractor] I20260518 18:21:31.445266   130 feature_extraction.cc:316]   GPS:             LAT=40.523, LON=-111.892, ALT=1413.914
2026-05-18T18:21:31 COLMAP[feature_extractor] I20260518 18:21:31.445322   130 feature_extraction.cc:323]   Gravity:         X=0.000, Y=1.000, Z=0.000
2026-05-18T18:21:31 COLMAP[feature_extractor] I20260518 18:21:31.760509   130 feature_extraction.cc:280] Processed file [1206/1710]
2026-05-18T18:21:31 COLMAP[feature_extractor] I20260518 18:21:31.760565   130 feature_extraction.cc:283]   Name:            DJI_01206.JPG
2026-05-18T18:21:31 COLMAP[feature_extractor] I20260518 18:21:31.760577   130 feature_extraction.cc:292]   Dimensions:      4000 x 2250
2026-05-18T18:21:31 COLMAP[feature_extractor] I20260518 18:21:31.760588   130 feature_extraction.cc:295]   Camera:          #1 - SIMPLE_RADIAL
2026-05-18T18:21:31 COLMAP[feature_extractor] I20260518 18:21:31.760628   130 feature_extraction.cc:298]   Focal Length:    2545.54px (Prior)
2026-05-18T18:21:31 COLMAP[feature_extractor] I20260518 18:21:31.760644   130 feature_extraction.cc:302]   Features:        9597 (SIFT)
2026-05-18T18:21:32 COLMAP[feature_extractor] I20260518 18:21:32.134974   130 feature_extraction.cc:316]   GPS:             LAT=40.523, LON=-111.892, ALT=1413.814
2026-05-18T18:21:32 COLMAP[feature_extractor] I20260518 18:21:32.135035   130 feature_extraction.cc:323]   Gravity:         X=0.000, Y=1.000, Z=0.000
2026-05-18T18:21:34 COLMAP[feature_extractor] I20260518 18:21:34.370949   130 feature_extraction.cc:280] Processed file [1207/1710]
2026-05-18T18:21:34 COLMAP[feature_extractor] I20260518 18:21:34.371011   130 feature_extraction.cc:283]   Name:            DJI_01207.JPG
2026-05-18T18:21:34 COLMAP[feature_extractor] I20260518 18:21:34.371022   130 feature_extraction.cc:292]   Dimensions:      4000 x 2250
2026-05-18T18:21:34 COLMAP[feature_extractor] I20260518 18:21:34.371033   130 feature_extraction.cc:295]   Camera:          #1 - SIMPLE_RADIAL
2026-05-18T18:21:34 COLMAP[feature_extractor] I20260518 18:21:34.371044   130 feature_extraction.cc:298]   Focal Length:    2545.54px (Prior)
2026-05-18T18:21:34 COLMAP[feature_extractor] I20260518 18:21:34.371061   130 feature_extraction.cc:302]   Features:        11434 (SIFT)
2026-05-18T18:21:34 COLMAP[feature_extractor] I20260518 18:21:34.586731   130 feature_extraction.cc:316]   GPS:             LAT=40.523, LON=-111.892, ALT=1413.614
2026-05-18T18:21:34 COLMAP[feature_extractor] I20260518 18:21:34.586792   130 feature_extraction.cc:323]   Gravity:         X=0.000, Y=1.000, Z=0.000
2026-05-18T18:21:36 COLMAP[feature_extractor] I20260518 18:21:36.689091   130 feature_extraction.cc:280] Processed file [1208/1710]
2026-05-18T18:21:36 COLMAP[feature_extractor] I20260518 18:21:36.689150   130 feature_extraction.cc:283]   Name:            DJI_01208.JPG
2026-05-18T18:21:36 COLMAP[feature_extractor] I20260518 18:21:36.689163   130 feature_extraction.cc:292]   Dimensions:      4000 x 2250
2026-05-18T18:21:36 COLMAP[feature_extractor] I20260518 18:21:36.689173   130 feature_extraction.cc:295]   Camera:          #1 - SIMPLE_RADIAL
2026-05-18T18:21:36 COLMAP[feature_extractor] I20260518 18:21:36.689184   130 feature_extraction.cc:298]   Focal Length:    2545.54px (Prior)
2026-05-18T18:21:36 COLMAP[feature_extractor] I20260518 18:21:36.689200   130 feature_extraction.cc:302]   Features:        10584 (SIFT)
2026-05-18T18:21:37 COLMAP[feature_extractor] I20260518 18:21:36.901296   130 feature_extraction.cc:316]   GPS:             LAT=40.523, LON=-111.892, ALT=1413.714
2026-05-18T18:21:37 COLMAP[feature_extractor] I20260518 18:21:36.901360   130 feature_extraction.cc:323]   Gravity:         X=0.000, Y=1.000, Z=0.000
2026-05-18T18:21:40 COLMAP[feature_extractor] I20260518 18:21:40.385493   130 feature_extraction.cc:280] Processed file [1209/1710]
2026-05-18T18:21:40 COLMAP[feature_extractor] I20260518 18:21:40.385557   130 feature_extraction.cc:283]   Name:            DJI_01209.JPG
2026-05-18T18:21:40 COLMAP[feature_extractor] I20260518 18:21:40.385569   130 feature_extraction.cc:292]   Dimensions:      4000 x 2250
2026-05-18T18:21:40 COLMAP[feature_extractor] I20260518 18:21:40.385581   130 feature_extraction.cc:295]   Camera:          #1 - SIMPLE_RADIAL
2026-05-18T18:21:40 COLMAP[feature_extractor] I20260518 18:21:40.385591   130 feature_extraction.cc:298]   Focal Length:    2545.54px (Prior)
2026-05-18T18:21:40 COLMAP[feature_extractor] I20260518 18:21:40.385607   130 feature_extraction.cc:302]   Features:        8918 (SIFT)
2026-05-18T18:21:40 COLMAP[feature_extractor] I20260518 18:21:40.635427   130 feature_extraction.cc:316]   GPS:             LAT=40.523, LON=-111.892, ALT=1413.914
2026-05-18T18:21:40 COLMAP[feature_extractor] I20260518 18:21:40.635488   130 feature_extraction.cc:323]   Gravity:         X=0.000, Y=1.000, Z=0.000
2026-05-18T18:21:41 COLMAP[feature_extractor] I20260518 18:21:41.189745   130 feature_extraction.cc:280] Processed file [1210/1710]
2026-05-18T18:21:41 COLMAP[feature_extractor] I20260518 18:21:41.189811   130 feature_extraction.cc:283]   Name:            DJI_01210.JPG
2026-05-18T18:21:41 COLMAP[feature_extractor] I20260518 18:21:41.189824   130 feature_extraction.cc:292]   Dimensions:      4000 x 2250
2026-05-18T18:21:41 COLMAP[feature_extractor] I20260518 18:21:41.189836   130 feature_extraction.cc:295]   Camera:          #1 - SIMPLE_RADIAL
2026-05-18T18:21:41 COLMAP[feature_extractor] I20260518 18:21:41.189847   130 feature_extraction.cc:298]   Focal Length:    2545.54px (Prior)
2026-05-18T18:21:41 COLMAP[feature_extractor] I20260518 18:21:41.189863   130 feature_extraction.cc:302]   Features:        11903 (SIFT)
2026-05-18T18:21:41 COLMAP[feature_extractor] I20260518 18:21:41.451220   130 feature_extraction.cc:316]   GPS:             LAT=40.523, LON=-111.892, ALT=1413.714
2026-05-18T18:21:41 COLMAP[feature_extractor] I20260518 18:21:41.451278   130 feature_extraction.cc:323]   Gravity:         X=0.000, Y=1.000, Z=0.000
2026-05-18T18:21:43 COLMAP[feature_extractor] I20260518 18:21:43.698314   130 feature_extraction.cc:280] Processed file [1211/1710]
2026-05-18T18:21:43 COLMAP[feature_extractor] I20260518 18:21:43.698380   130 feature_extraction.cc:283]   Name:            DJI_01211.JPG
2026-05-18T18:21:43 COLMAP[feature_extractor] I20260518 18:21:43.698392   130 feature_extraction.cc:292]   Dimensions:      4000 x 2250
2026-05-18T18:21:43 COLMAP[feature_extractor] I20260518 18:21:43.698402   130 feature_extraction.cc:295]   Camera:          #1 - SIMPLE_RADIAL
2026-05-18T18:21:43 COLMAP[feature_extractor] I20260518 18:21:43.698413   130 feature_extraction.cc:298]   Focal Length:    2545.54px (Prior)
2026-05-18T18:21:43 COLMAP[feature_extractor] I20260518 18:21:43.698431   130 feature_extraction.cc:302]   Features:        11675 (SIFT)
2026-05-18T18:21:44 COLMAP[feature_extractor] I20260518 18:21:44.018355   130 feature_extraction.cc:316]   GPS:             LAT=40.523, LON=-111.892, ALT=1413.714
2026-05-18T18:21:44 COLMAP[feature_extractor] I20260518 18:21:44.018448   130 feature_extraction.cc:323]   Gravity:         X=0.000, Y=1.000, Z=0.000
2026-05-18T18:21:46 COLMAP[feature_extractor] I20260518 18:21:46.029294   130 feature_extraction.cc:280] Processed file [1212/1710]
2026-05-18T18:21:46 COLMAP[feature_extractor] I20260518 18:21:46.029357   130 feature_extraction.cc:283]   Name:            DJI_01212.JPG
2026-05-18T18:21:46 COLMAP[feature_extractor] I20260518 18:21:46.029371   130 feature_extraction.cc:292]   Dimensions:      4000 x 2250
2026-05-18T18:21:46 COLMAP[feature_extractor] I20260518 18:21:46.029381   130 feature_extraction.cc:295]   Camera:          #1 - SIMPLE_RADIAL
2026-05-18T18:21:46 COLMAP[feature_extractor] I20260518 18:21:46.029392   130 feature_extraction.cc:298]   Focal Length:    2545.54px (Prior)
2026-05-18T18:21:46 COLMAP[feature_extractor] I20260518 18:21:46.029407   130 feature_extraction.cc:302]   Features:        11915 (SIFT)
2026-05-18T18:21:46 COLMAP[feature_extractor] I20260518 18:21:46.204437   130 feature_extraction.cc:316]   GPS:             LAT=40.523, LON=-111.892, ALT=1413.614
2026-05-18T18:21:46 COLMAP[feature_extractor] I20260518 18:21:46.204495   130 feature_extraction.cc:323]   Gravity:         X=0.000, Y=1.000, Z=0.000
2026-05-18T18:21:49 COLMAP[feature_extractor] I20260518 18:21:49.557587   130 feature_extraction.cc:280] Processed file [1213/1710]
2026-05-18T18:21:49 COLMAP[feature_extractor] I20260518 18:21:49.557644   130 feature_extraction.cc:283]   Name:            DJI_01213.JPG
2026-05-18T18:21:49 COLMAP[feature_extractor] I20260518 18:21:49.557657   130 feature_extraction.cc:292]   Dimensions:      4000 x 2250
2026-05-18T18:21:49 COLMAP[feature_extractor] I20260518 18:21:49.557667   130 feature_extraction.cc:295]   Camera:          #1 - SIMPLE_RADIAL
2026-05-18T18:21:49 COLMAP[feature_extractor] I20260518 18:21:49.557677   130 feature_extraction.cc:298]   Focal Length:    2545.54px (Prior)
2026-05-18T18:21:49 COLMAP[feature_extractor] I20260518 18:21:49.557708   130 feature_extraction.cc:302]   Features:        11652 (SIFT)
2026-05-18T18:21:49 COLMAP[feature_extractor] I20260518 18:21:49.766038   130 feature_extraction.cc:316]   GPS:             LAT=40.523, LON=-111.892, ALT=1413.714
2026-05-18T18:21:49 COLMAP[feature_extractor] I20260518 18:21:49.766088   130 feature_extraction.cc:323]   Gravity:         X=0.000, Y=1.000, Z=0.000
2026-05-18T18:21:50 COLMAP[feature_extractor] I20260518 18:21:50.406742   130 feature_extraction.cc:280] Processed file [1214/1710]
2026-05-18T18:21:50 COLMAP[feature_extractor] I20260518 18:21:50.406800   130 feature_extraction.cc:283]   Name:            DJI_01214.JPG
2026-05-18T18:21:50 COLMAP[feature_extractor] I20260518 18:21:50.406812   130 feature_extraction.cc:292]   Dimensions:      4000 x 2250
2026-05-18T18:21:50 COLMAP[feature_extractor] I20260518 18:21:50.406823   130 feature_extraction.cc:295]   Camera:          #1 - SIMPLE_RADIAL
2026-05-18T18:21:50 COLMAP[feature_extractor] I20260518 18:21:50.406834   130 feature_extraction.cc:298]   Focal Length:    2545.54px (Prior)
2026-05-18T18:21:50 COLMAP[feature_extractor] I20260518 18:21:50.406849   130 feature_extraction.cc:302]   Features:        8580 (SIFT)
2026-05-18T18:21:50 COLMAP[feature_extractor] I20260518 18:21:50.639533   130 feature_extraction.cc:316]   GPS:             LAT=40.523, LON=-111.892, ALT=1413.614
2026-05-18T18:21:50 COLMAP[feature_extractor] I20260518 18:21:50.639595   130 feature_extraction.cc:323]   Gravity:         X=0.000, Y=1.000, Z=0.000
2026-05-18T18:21:53 COLMAP[feature_extractor] I20260518 18:21:52.931500   130 feature_extraction.cc:280] Processed file [1215/1710]
2026-05-18T18:21:53 COLMAP[feature_extractor] I20260518 18:21:52.931584   130 feature_extraction.cc:283]   Name:            DJI_01215.JPG
2026-05-18T18:21:53 COLMAP[feature_extractor] I20260518 18:21:52.931596   130 feature_extraction.cc:292]   Dimensions:      4000 x 2250
2026-05-18T18:21:53 COLMAP[feature_extractor] I20260518 18:21:52.931607   130 feature_extraction.cc:295]   Camera:          #1 - SIMPLE_RADIAL
2026-05-18T18:21:53 COLMAP[feature_extractor] I20260518 18:21:52.931618   130 feature_extraction.cc:298]   Focal Length:    2545.54px (Prior)
2026-05-18T18:21:53 COLMAP[feature_extractor] I20260518 18:21:52.931635   130 feature_extraction.cc:302]   Features:        8291 (SIFT)
2026-05-18T18:21:53 COLMAP[feature_extractor] I20260518 18:21:53.154026   130 feature_extraction.cc:316]   GPS:             LAT=40.523, LON=-111.892, ALT=1412.314
2026-05-18T18:21:53 COLMAP[feature_extractor] I20260518 18:21:53.154088   130 feature_extraction.cc:323]   Gravity:         X=0.000, Y=1.000, Z=0.000
2026-05-18T18:21:55 COLMAP[feature_extractor] I20260518 18:21:55.113780   130 feature_extraction.cc:280] Processed file [1216/1710]
2026-05-18T18:21:55 COLMAP[feature_extractor] I20260518 18:21:55.113842   130 feature_extraction.cc:283]   Name:            DJI_01216.JPG
2026-05-18T18:21:55 COLMAP[feature_extractor] I20260518 18:21:55.113855   130 feature_extraction.cc:292]   Dimensions:      4000 x 2250
2026-05-18T18:21:55 COLMAP[feature_extractor] I20260518 18:21:55.113866   130 feature_extraction.cc:295]   Camera:          #1 - SIMPLE_RADIAL
2026-05-18T18:21:55 COLMAP[feature_extractor] I20260518 18:21:55.113878   130 feature_extraction.cc:298]   Focal Length:    2545.54px (Prior)
2026-05-18T18:21:55 COLMAP[feature_extractor] I20260518 18:21:55.113893   130 feature_extraction.cc:302]   Features:        9658 (SIFT)
2026-05-18T18:21:55 COLMAP[feature_extractor] I20260518 18:21:55.362273   130 feature_extraction.cc:316]   GPS:             LAT=40.523, LON=-111.892, ALT=1412.514
2026-05-18T18:21:55 COLMAP[feature_extractor] I20260518 18:21:55.362335   130 feature_extraction.cc:323]   Gravity:         X=0.000, Y=1.000, Z=0.000
2026-05-18T18:21:58 COLMAP[feature_extractor] I20260518 18:21:58.798004   130 feature_extraction.cc:280] Processed file [1217/1710]
2026-05-18T18:21:58 COLMAP[feature_extractor] I20260518 18:21:58.798069   130 feature_extraction.cc:283]   Name:            DJI_01217.JPG
2026-05-18T18:21:58 COLMAP[feature_extractor] I20260518 18:21:58.798080   130 feature_extraction.cc:292]   Dimensions:      4000 x 2250
2026-05-18T18:21:58 COLMAP[feature_extractor] I20260518 18:21:58.798091   130 feature_extraction.cc:295]   Camera:          #1 - SIMPLE_RADIAL
2026-05-18T18:21:58 COLMAP[feature_extractor] I20260518 18:21:58.798102   130 feature_extraction.cc:298]   Focal Length:    2545.54px (Prior)
2026-05-18T18:21:58 COLMAP[feature_extractor] I20260518 18:21:58.798118   130 feature_extraction.cc:302]   Features:        9969 (SIFT)
2026-05-18T18:21:59 COLMAP[feature_extractor] I20260518 18:21:59.082098   130 feature_extraction.cc:316]   GPS:             LAT=40.523, LON=-111.892, ALT=1412.314
2026-05-18T18:21:59 COLMAP[feature_extractor] I20260518 18:21:59.082159   130 feature_extraction.cc:323]   Gravity:         X=0.000, Y=1.000, Z=0.000
2026-05-18T18:21:59 COLMAP[feature_extractor] I20260518 18:21:59.737675   130 feature_extraction.cc:280] Processed file [1218/1710]
2026-05-18T18:21:59 COLMAP[feature_extractor] I20260518 18:21:59.737743   130 feature_extraction.cc:283]   Name:            DJI_01218.JPG
2026-05-18T18:21:59 COLMAP[feature_extractor] I20260518 18:21:59.737756   130 feature_extraction.cc:292]   Dimensions:      4000 x 2250
2026-05-18T18:21:59 COLMAP[feature_extractor] I20260518 18:21:59.737766   130 feature_extraction.cc:295]   Camera:          #1 - SIMPLE_RADIAL
2026-05-18T18:21:59 COLMAP[feature_extractor] I20260518 18:21:59.737777   130 feature_extraction.cc:298]   Focal Length:    2545.54px (Prior)
2026-05-18T18:21:59 COLMAP[feature_extractor] I20260518 18:21:59.737793   130 feature_extraction.cc:302]   Features:        10828 (SIFT)
2026-05-18T18:22:00 COLMAP[feature_extractor] I20260518 18:21:59.921175   130 feature_extraction.cc:316]   GPS:             LAT=40.523, LON=-111.892, ALT=1412.414
2026-05-18T18:22:00 COLMAP[feature_extractor] I20260518 18:21:59.921227   130 feature_extraction.cc:323]   Gravity:         X=0.000, Y=1.000, Z=0.000
2026-05-18T18:22:02 COLMAP[feature_extractor] I20260518 18:22:02.271337   130 feature_extraction.cc:280] Processed file [1219/1710]
2026-05-18T18:22:02 COLMAP[feature_extractor] I20260518 18:22:02.271402   130 feature_extraction.cc:283]   Name:            DJI_01219.JPG
2026-05-18T18:22:02 COLMAP[feature_extractor] I20260518 18:22:02.271414   130 feature_extraction.cc:292]   Dimensions:      4000 x 2250
2026-05-18T18:22:02 COLMAP[feature_extractor] I20260518 18:22:02.271425   130 feature_extraction.cc:295]   Camera:          #1 - SIMPLE_RADIAL
2026-05-18T18:22:02 COLMAP[feature_extractor] I20260518 18:22:02.271436   130 feature_extraction.cc:298]   Focal Length:    2545.54px (Prior)
2026-05-18T18:22:02 COLMAP[feature_extractor] I20260518 18:22:02.271451   130 feature_extraction.cc:302]   Features:        8436 (SIFT)
2026-05-18T18:22:02 COLMAP[feature_extractor] I20260518 18:22:02.515826   130 feature_extraction.cc:316]   GPS:             LAT=40.523, LON=-111.892, ALT=1412.714
2026-05-18T18:22:02 COLMAP[feature_extractor] I20260518 18:22:02.515890   130 feature_extraction.cc:323]   Gravity:         X=0.000, Y=1.000, Z=0.000
2026-05-18T18:22:22 COLMAP[feature_extractor] I20260518 18:22:22.627990   130 feature_extraction.cc:280] Processed file [1228/1710]
2026-05-18T18:22:22 COLMAP[feature_extractor] I20260518 18:22:22.628046   130 feature_extraction.cc:283]   Name:            DJI_01228.JPG
2026-05-18T18:22:22 COLMAP[feature_extractor] I20260518 18:22:22.628058   130 feature_extraction.cc:292]   Dimensions:      4000 x 2250
2026-05-18T18:22:22 COLMAP[feature_extractor] I20260518 18:22:22.628068   130 feature_extraction.cc:295]   Camera:          #1 - SIMPLE_RADIAL
2026-05-18T18:22:22 COLMAP[feature_extractor] I20260518 18:22:22.628077   130 feature_extraction.cc:298]   Focal Length:    2545.54px (Prior)
2026-05-18T18:22:22 COLMAP[feature_extractor] I20260518 18:22:22.628093   130 feature_extraction.cc:302]   Features:        10404 (SIFT)
2026-05-18T18:22:22 COLMAP[feature_extractor] I20260518 18:22:22.887693   130 feature_extraction.cc:316]   GPS:             LAT=40.523, LON=-111.892, ALT=1412.014
2026-05-18T18:22:22 COLMAP[feature_extractor] I20260518 18:22:22.887753   130 feature_extraction.cc:323]   Gravity:         X=0.000, Y=1.000, Z=0.000
2026-05-18T18:22:26 COLMAP[feature_extractor] I20260518 18:22:26.870967   130 feature_extraction.cc:280] Processed file [1229/1710]
2026-05-18T18:22:26 COLMAP[feature_extractor] I20260518 18:22:26.871062   130 feature_extraction.cc:283]   Name:            DJI_01229.JPG
2026-05-18T18:22:26 COLMAP[feature_extractor] I20260518 18:22:26.871075   130 feature_extraction.cc:292]   Dimensions:      4000 x 2250
2026-05-18T18:22:26 COLMAP[feature_extractor] I20260518 18:22:26.871086   130 feature_extraction.cc:295]   Camera:          #1 - SIMPLE_RADIAL
2026-05-18T18:22:26 COLMAP[feature_extractor] I20260518 18:22:26.871098   130 feature_extraction.cc:298]   Focal Length:    2545.54px (Prior)
2026-05-18T18:22:26 COLMAP[feature_extractor] I20260518 18:22:26.871114   130 feature_extraction.cc:302]   Features:        9694 (SIFT)
2026-05-18T18:22:27 COLMAP[feature_extractor] I20260518 18:22:27.066921   130 feature_extraction.cc:316]   GPS:             LAT=40.523, LON=-111.892, ALT=1411.814
2026-05-18T18:22:27 COLMAP[feature_extractor] I20260518 18:22:27.066984   130 feature_extraction.cc:323]   Gravity:         X=0.000, Y=1.000, Z=0.000
2026-05-18T18:22:27 COLMAP[feature_extractor] I20260518 18:22:27.626750   130 feature_extraction.cc:280] Processed file [1230/1710]
2026-05-18T18:22:27 COLMAP[feature_extractor] I20260518 18:22:27.626812   130 feature_extraction.cc:283]   Name:            DJI_01230.JPG
2026-05-18T18:22:27 COLMAP[feature_extractor] I20260518 18:22:27.626824   130 feature_extraction.cc:292]   Dimensions:      4000 x 2250
2026-05-18T18:22:27 COLMAP[feature_extractor] I20260518 18:22:27.626835   130 feature_extraction.cc:295]   Camera:          #1 - SIMPLE_RADIAL
2026-05-18T18:22:27 COLMAP[feature_extractor] I20260518 18:22:27.626847   130 feature_extraction.cc:298]   Focal Length:    2545.54px (Prior)
2026-05-18T18:22:27 COLMAP[feature_extractor] I20260518 18:22:27.626863   130 feature_extraction.cc:302]   Features:        11920 (SIFT)
2026-05-18T18:22:27 COLMAP[feature_extractor] I20260518 18:22:27.880635   130 feature_extraction.cc:316]   GPS:             LAT=40.523, LON=-111.892, ALT=1412.614
2026-05-18T18:22:27 COLMAP[feature_extractor] I20260518 18:22:27.880688   130 feature_extraction.cc:323]   Gravity:         X=0.000, Y=1.000, Z=0.000
2026-05-18T18:22:30 COLMAP[feature_extractor] I20260518 18:22:30.079214   130 feature_extraction.cc:280] Processed file [1231/1710]
2026-05-18T18:22:30 COLMAP[feature_extractor] I20260518 18:22:30.079281   130 feature_extraction.cc:283]   Name:            DJI_01231.JPG
2026-05-18T18:22:30 COLMAP[feature_extractor] I20260518 18:22:30.079294   130 feature_extraction.cc:292]   Dimensions:      4000 x 2250
2026-05-18T18:22:30 COLMAP[feature_extractor] I20260518 18:22:30.079308   130 feature_extraction.cc:295]   Camera:          #1 - SIMPLE_RADIAL
2026-05-18T18:22:30 COLMAP[feature_extractor] I20260518 18:22:30.079319   130 feature_extraction.cc:298]   Focal Length:    2545.54px (Prior)
2026-05-18T18:22:30 COLMAP[feature_extractor] I20260518 18:22:30.079337   130 feature_extraction.cc:302]   Features:        9368 (SIFT)
2026-05-18T18:22:30 COLMAP[feature_extractor] I20260518 18:22:30.261853   130 feature_extraction.cc:316]   GPS:             LAT=40.523, LON=-111.892, ALT=1412.614
2026-05-18T18:22:30 COLMAP[feature_extractor] I20260518 18:22:30.261919   130 feature_extraction.cc:323]   Gravity:         X=0.000, Y=1.000, Z=0.000
2026-05-18T18:22:31 COLMAP[feature_extractor] I20260518 18:22:31.838099   130 feature_extraction.cc:280] Processed file [1232/1710]
2026-05-18T18:22:31 COLMAP[feature_extractor] I20260518 18:22:31.838150   130 feature_extraction.cc:283]   Name:            DJI_01232.JPG
2026-05-18T18:22:31 COLMAP[feature_extractor] I20260518 18:22:31.838162   130 feature_extraction.cc:292]   Dimensions:      4000 x 2250
2026-05-18T18:22:31 COLMAP[feature_extractor] I20260518 18:22:31.838173   130 feature_extraction.cc:295]   Camera:          #1 - SIMPLE_RADIAL
2026-05-18T18:22:31 COLMAP[feature_extractor] I20260518 18:22:31.838186   130 feature_extraction.cc:298]   Focal Length:    2545.54px (Prior)
2026-05-18T18:22:31 COLMAP[feature_extractor] I20260518 18:22:31.838200   130 feature_extraction.cc:302]   Features:        9278 (SIFT)
2026-05-18T18:22:45 COLMAP[feature_extractor] I20260518 18:22:45.481341   130 feature_extraction.cc:280] Processed file [1237/1710]
2026-05-18T18:22:45 COLMAP[feature_extractor] I20260518 18:22:45.481412   130 feature_extraction.cc:283]   Name:            DJI_01237.JPG
2026-05-18T18:22:45 COLMAP[feature_extractor] I20260518 18:22:45.481424   130 feature_extraction.cc:292]   Dimensions:      4000 x 2250
2026-05-18T18:22:45 COLMAP[feature_extractor] I20260518 18:22:45.481436   130 feature_extraction.cc:295]   Camera:          #1 - SIMPLE_RADIAL
2026-05-18T18:22:45 COLMAP[feature_extractor] I20260518 18:22:45.481446   130 feature_extraction.cc:298]   Focal Length:    2545.54px (Prior)
2026-05-18T18:22:45 COLMAP[feature_extractor] I20260518 18:22:45.481462   130 feature_extraction.cc:302]   Features:        9856 (SIFT)
2026-05-18T18:22:45 COLMAP[feature_extractor] I20260518 18:22:45.708163   130 feature_extraction.cc:316]   GPS:             LAT=40.522, LON=-111.891, ALT=1416.514
2026-05-18T18:22:45 COLMAP[feature_extractor] I20260518 18:22:45.708225   130 feature_extraction.cc:323]   Gravity:         X=0.000, Y=1.000, Z=0.000
2026-05-18T18:22:46 COLMAP[feature_extractor] I20260518 18:22:46.201849   130 feature_extraction.cc:280] Processed file [1238/1710]
2026-05-18T18:22:46 COLMAP[feature_extractor] I20260518 18:22:46.201913   130 feature_extraction.cc:283]   Name:            DJI_01238.JPG
2026-05-18T18:22:46 COLMAP[feature_extractor] I20260518 18:22:46.201925   130 feature_extraction.cc:292]   Dimensions:      4000 x 2250
2026-05-18T18:22:46 COLMAP[feature_extractor] I20260518 18:22:46.201936   130 feature_extraction.cc:295]   Camera:          #1 - SIMPLE_RADIAL
2026-05-18T18:22:46 COLMAP[feature_extractor] I20260518 18:22:46.201946   130 feature_extraction.cc:298]   Focal Length:    2545.54px (Prior)
2026-05-18T18:22:46 COLMAP[feature_extractor] I20260518 18:22:46.201961   130 feature_extraction.cc:302]   Features:        8906 (SIFT)
2026-05-18T18:22:46 COLMAP[feature_extractor] I20260518 18:22:46.420425   130 feature_extraction.cc:316]   GPS:             LAT=40.522, LON=-111.891, ALT=1415.714
2026-05-18T18:22:46 COLMAP[feature_extractor] I20260518 18:22:46.420485   130 feature_extraction.cc:323]   Gravity:         X=0.000, Y=1.000, Z=0.000
2026-05-18T18:22:48 COLMAP[feature_extractor] I20260518 18:22:48.754146   130 feature_extraction.cc:280] Processed file [1239/1710]
2026-05-18T18:22:48 COLMAP[feature_extractor] I20260518 18:22:48.754213   130 feature_extraction.cc:283]   Name:            DJI_01239.JPG
2026-05-18T18:22:48 COLMAP[feature_extractor] I20260518 18:22:48.754226   130 feature_extraction.cc:292]   Dimensions:      4000 x 2250
2026-05-18T18:22:48 COLMAP[feature_extractor] I20260518 18:22:48.754236   130 feature_extraction.cc:295]   Camera:          #1 - SIMPLE_RADIAL
2026-05-18T18:22:48 COLMAP[feature_extractor] I20260518 18:22:48.754248   130 feature_extraction.cc:298]   Focal Length:    2545.54px (Prior)
2026-05-18T18:22:48 COLMAP[feature_extractor] I20260518 18:22:48.754264   130 feature_extraction.cc:302]   Features:        9145 (SIFT)
2026-05-18T18:22:49 COLMAP[feature_extractor] I20260518 18:22:49.009303   130 feature_extraction.cc:316]   GPS:             LAT=40.522, LON=-111.891, ALT=1415.814
2026-05-18T18:22:49 COLMAP[feature_extractor] I20260518 18:22:49.009585   130 feature_extraction.cc:323]   Gravity:         X=0.000, Y=1.000, Z=0.000
2026-05-18T18:22:50 COLMAP[feature_extractor] I20260518 18:22:50.267925   130 feature_extraction.cc:280] Processed file [1240/1710]
2026-05-18T18:22:50 COLMAP[feature_extractor] I20260518 18:22:50.267983   130 feature_extraction.cc:283]   Name:            DJI_01240.JPG
2026-05-18T18:22:50 COLMAP[feature_extractor] I20260518 18:22:50.267995   130 feature_extraction.cc:292]   Dimensions:      4000 x 2250
2026-05-18T18:22:50 COLMAP[feature_extractor] I20260518 18:22:50.268005   130 feature_extraction.cc:295]   Camera:          #1 - SIMPLE_RADIAL
2026-05-18T18:22:50 COLMAP[feature_extractor] I20260518 18:22:50.268018   130 feature_extraction.cc:298]   Focal Length:    2545.54px (Prior)
2026-05-18T18:22:50 COLMAP[feature_extractor] I20260518 18:22:50.268033   130 feature_extraction.cc:302]   Features:        8968 (SIFT)
2026-05-18T18:22:50 COLMAP[feature_extractor] I20260518 18:22:50.529809   130 feature_extraction.cc:316]   GPS:             LAT=40.522, LON=-111.891, ALT=1416.914
2026-05-18T18:22:50 COLMAP[feature_extractor] I20260518 18:22:50.529866   130 feature_extraction.cc:323]   Gravity:         X=0.000, Y=1.000, Z=0.000
2026-05-18T18:22:54 COLMAP[feature_extractor] I20260518 18:22:54.637224   130 feature_extraction.cc:280] Processed file [1241/1710]
2026-05-18T18:22:54 COLMAP[feature_extractor] I20260518 18:22:54.637288   130 feature_extraction.cc:283]   Name:            DJI_01241.JPG
2026-05-18T18:22:54 COLMAP[feature_extractor] I20260518 18:22:54.637301   130 feature_extraction.cc:292]   Dimensions:      4000 x 2250
2026-05-18T18:22:54 COLMAP[feature_extractor] I20260518 18:22:54.637311   130 feature_extraction.cc:295]   Camera:          #1 - SIMPLE_RADIAL
2026-05-18T18:22:54 COLMAP[feature_extractor] I20260518 18:22:54.637322   130 feature_extraction.cc:298]   Focal Length:    2545.54px (Prior)
2026-05-18T18:22:54 COLMAP[feature_extractor] I20260518 18:22:54.637339   130 feature_extraction.cc:302]   Features:        8416 (SIFT)
2026-05-18T18:22:54 COLMAP[feature_extractor] I20260518 18:22:54.908430   130 feature_extraction.cc:316]   GPS:             LAT=40.522, LON=-111.892, ALT=1418.014
2026-05-18T18:22:54 COLMAP[feature_extractor] I20260518 18:22:54.908489   130 feature_extraction.cc:323]   Gravity:         X=0.000, Y=1.000, Z=0.000
2026-05-18T18:23:04 COLMAP[feature_extractor] I20260518 18:23:04.108083   130 feature_extraction.cc:280] Processed file [1245/1710]
2026-05-18T18:23:04 COLMAP[feature_extractor] I20260518 18:23:04.108147   130 feature_extraction.cc:283]   Name:            DJI_01245.JPG
2026-05-18T18:23:04 COLMAP[feature_extractor] I20260518 18:23:04.108160   130 feature_extraction.cc:292]   Dimensions:      4000 x 2250
2026-05-18T18:23:04 COLMAP[feature_extractor] I20260518 18:23:04.108170   130 feature_extraction.cc:295]   Camera:          #1 - SIMPLE_RADIAL
2026-05-18T18:23:04 COLMAP[feature_extractor] I20260518 18:23:04.108180   130 feature_extraction.cc:298]   Focal Length:    2545.54px (Prior)
2026-05-18T18:23:04 COLMAP[feature_extractor] I20260518 18:23:04.108196   130 feature_extraction.cc:302]   Features:        10823 (SIFT)
2026-05-18T18:23:04 COLMAP[feature_extractor] I20260518 18:23:04.332197   130 feature_extraction.cc:316]   GPS:             LAT=40.522, LON=-111.892, ALT=1421.014
2026-05-18T18:23:04 COLMAP[feature_extractor] I20260518 18:23:04.332265   130 feature_extraction.cc:323]   Gravity:         X=0.000, Y=1.000, Z=0.000
2026-05-18T18:23:04 COLMAP[feature_extractor] I20260518 18:23:04.585044   130 feature_extraction.cc:280] Processed file [1246/1710]
2026-05-18T18:23:04 COLMAP[feature_extractor] I20260518 18:23:04.585111   130 feature_extraction.cc:283]   Name:            DJI_01246.JPG
2026-05-18T18:23:04 COLMAP[feature_extractor] I20260518 18:23:04.585124   130 feature_extraction.cc:292]   Dimensions:      4000 x 2250
2026-05-18T18:23:04 COLMAP[feature_extractor] I20260518 18:23:04.585134   130 feature_extraction.cc:295]   Camera:          #1 - SIMPLE_RADIAL
2026-05-18T18:23:04 COLMAP[feature_extractor] I20260518 18:23:04.585145   130 feature_extraction.cc:298]   Focal Length:    2545.54px (Prior)
2026-05-18T18:23:04 COLMAP[feature_extractor] I20260518 18:23:04.585160   130 feature_extraction.cc:302]   Features:        8332 (SIFT)
2026-05-18T18:23:04 COLMAP[feature_extractor] I20260518 18:23:04.852171   130 feature_extraction.cc:316]   GPS:             LAT=40.522, LON=-111.892, ALT=1421.214
2026-05-18T18:23:04 COLMAP[feature_extractor] I20260518 18:23:04.852232   130 feature_extraction.cc:323]   Gravity:         X=0.000, Y=1.000, Z=0.000
2026-05-18T18:23:07 COLMAP[feature_extractor] I20260518 18:23:07.710394   130 feature_extraction.cc:280] Processed file [1247/1710]
2026-05-18T18:23:07 COLMAP[feature_extractor] I20260518 18:23:07.710457   130 feature_extraction.cc:283]   Name:            DJI_01247.JPG
2026-05-18T18:23:07 COLMAP[feature_extractor] I20260518 18:23:07.710469   130 feature_extraction.cc:292]   Dimensions:      4000 x 2250
2026-05-18T18:23:07 COLMAP[feature_extractor] I20260518 18:23:07.710480   130 feature_extraction.cc:295]   Camera:          #1 - SIMPLE_RADIAL
2026-05-18T18:23:07 COLMAP[feature_extractor] I20260518 18:23:07.710491   130 feature_extraction.cc:298]   Focal Length:    2545.54px (Prior)
2026-05-18T18:23:07 COLMAP[feature_extractor] I20260518 18:23:07.710507   130 feature_extraction.cc:302]   Features:        10623 (SIFT)
2026-05-18T18:23:08 COLMAP[feature_extractor] I20260518 18:23:08.024487   130 feature_extraction.cc:316]   GPS:             LAT=40.522, LON=-111.892, ALT=1421.114
2026-05-18T18:23:08 COLMAP[feature_extractor] I20260518 18:23:08.024545   130 feature_extraction.cc:323]   Gravity:         X=0.000, Y=1.000, Z=0.000
2026-05-18T18:23:08 COLMAP[feature_extractor] I20260518 18:23:08.811817   130 feature_extraction.cc:280] Processed file [1248/1710]
2026-05-18T18:23:08 COLMAP[feature_extractor] I20260518 18:23:08.811879   130 feature_extraction.cc:283]   Name:            DJI_01248.JPG
2026-05-18T18:23:08 COLMAP[feature_extractor] I20260518 18:23:08.811892   130 feature_extraction.cc:292]   Dimensions:      4000 x 2250
2026-05-18T18:23:08 COLMAP[feature_extractor] I20260518 18:23:08.811902   130 feature_extraction.cc:295]   Camera:          #1 - SIMPLE_RADIAL
2026-05-18T18:23:08 COLMAP[feature_extractor] I20260518 18:23:08.811946   130 feature_extraction.cc:298]   Focal Length:    2545.54px (Prior)
2026-05-18T18:23:08 COLMAP[feature_extractor] I20260518 18:23:08.811964   130 feature_extraction.cc:302]   Features:        9645 (SIFT)
2026-05-18T18:23:09 COLMAP[feature_extractor] I20260518 18:23:09.025425   130 feature_extraction.cc:316]   GPS:             LAT=40.522, LON=-111.892, ALT=1421.614
2026-05-18T18:23:09 COLMAP[feature_extractor] I20260518 18:23:09.025488   130 feature_extraction.cc:323]   Gravity:         X=0.000, Y=1.000, Z=0.000
2026-05-18T18:23:13 COLMAP[feature_extractor] I20260518 18:23:13.477000   130 feature_extraction.cc:280] Processed file [1249/1710]
2026-05-18T18:23:13 COLMAP[feature_extractor] I20260518 18:23:13.477062   130 feature_extraction.cc:283]   Name:            DJI_01249.JPG
2026-05-18T18:23:13 COLMAP[feature_extractor] I20260518 18:23:13.477074   130 feature_extraction.cc:292]   Dimensions:      4000 x 2250
2026-05-18T18:23:13 COLMAP[feature_extractor] I20260518 18:23:13.477085   130 feature_extraction.cc:295]   Camera:          #1 - SIMPLE_RADIAL
2026-05-18T18:23:13 COLMAP[feature_extractor] I20260518 18:23:13.477097   130 feature_extraction.cc:298]   Focal Length:    2545.54px (Prior)
2026-05-18T18:23:13 COLMAP[feature_extractor] I20260518 18:23:13.477113   130 feature_extraction.cc:302]   Features:        10047 (SIFT)
2026-05-18T18:23:13 COLMAP[feature_extractor] I20260518 18:23:13.702986   130 feature_extraction.cc:316]   GPS:             LAT=40.522, LON=-111.892, ALT=1420.514
2026-05-18T18:23:13 COLMAP[feature_extractor] I20260518 18:23:13.703050   130 feature_extraction.cc:323]   Gravity:         X=0.000, Y=1.000, Z=0.000
2026-05-18T18:23:13 COLMAP[feature_extractor] I20260518 18:23:13.730664   130 feature_extraction.cc:280] Processed file [1250/1710]
2026-05-18T18:23:13 COLMAP[feature_extractor] I20260518 18:23:13.730711   130 feature_extraction.cc:283]   Name:            DJI_01250.JPG
2026-05-18T18:23:13 COLMAP[feature_extractor] I20260518 18:23:13.730723   130 feature_extraction.cc:292]   Dimensions:      4000 x 2250
2026-05-18T18:23:13 COLMAP[feature_extractor] I20260518 18:23:13.730733   130 feature_extraction.cc:295]   Camera:          #1 - SIMPLE_RADIAL
2026-05-18T18:23:13 COLMAP[feature_extractor] I20260518 18:23:13.730746   130 feature_extraction.cc:298]   Focal Length:    2545.54px (Prior)
2026-05-18T18:23:13 COLMAP[feature_extractor] I20260518 18:23:13.730760   130 feature_extraction.cc:302]   Features:        9273 (SIFT)
2026-05-18T18:23:14 COLMAP[feature_extractor] I20260518 18:23:14.054998   130 feature_extraction.cc:316]   GPS:             LAT=40.522, LON=-111.892, ALT=1420.614
2026-05-18T18:23:14 COLMAP[feature_extractor] I20260518 18:23:14.055059   130 feature_extraction.cc:323]   Gravity:         X=0.000, Y=1.000, Z=0.000
2026-05-18T18:23:16 COLMAP[feature_extractor] I20260518 18:23:16.795010   130 feature_extraction.cc:280] Processed file [1251/1710]
2026-05-18T18:23:16 COLMAP[feature_extractor] I20260518 18:23:16.795074   130 feature_extraction.cc:283]   Name:            DJI_01251.JPG
2026-05-18T18:23:16 COLMAP[feature_extractor] I20260518 18:23:16.795086   130 feature_extraction.cc:292]   Dimensions:      4000 x 2250
2026-05-18T18:23:16 COLMAP[feature_extractor] I20260518 18:23:16.795097   130 feature_extraction.cc:295]   Camera:          #1 - SIMPLE_RADIAL
2026-05-18T18:23:16 COLMAP[feature_extractor] I20260518 18:23:16.795109   130 feature_extraction.cc:298]   Focal Length:    2545.54px (Prior)
2026-05-18T18:23:16 COLMAP[feature_extractor] I20260518 18:23:16.795125   130 feature_extraction.cc:302]   Features:        9459 (SIFT)
2026-05-18T18:23:17 COLMAP[feature_extractor] I20260518 18:23:17.065270   130 feature_extraction.cc:316]   GPS:             LAT=40.522, LON=-111.892, ALT=1420.714
2026-05-18T18:23:17 COLMAP[feature_extractor] I20260518 18:23:17.065330   130 feature_extraction.cc:323]   Gravity:         X=0.000, Y=1.000, Z=0.000
2026-05-18T18:23:18 COLMAP[feature_extractor] I20260518 18:23:18.174437   130 feature_extraction.cc:280] Processed file [1252/1710]
2026-05-18T18:23:18 COLMAP[feature_extractor] I20260518 18:23:18.174497   130 feature_extraction.cc:283]   Name:            DJI_01252.JPG
2026-05-18T18:23:18 COLMAP[feature_extractor] I20260518 18:23:18.174510   130 feature_extraction.cc:292]   Dimensions:      4000 x 2250
2026-05-18T18:23:18 COLMAP[feature_extractor] I20260518 18:23:18.174520   130 feature_extraction.cc:295]   Camera:          #1 - SIMPLE_RADIAL
2026-05-18T18:23:18 COLMAP[feature_extractor] I20260518 18:23:18.174531   130 feature_extraction.cc:298]   Focal Length:    2545.54px (Prior)
2026-05-18T18:23:18 COLMAP[feature_extractor] I20260518 18:23:18.174547   130 feature_extraction.cc:302]   Features:        8278 (SIFT)
2026-05-18T18:23:18 COLMAP[feature_extractor] I20260518 18:23:18.419509   130 feature_extraction.cc:316]   GPS:             LAT=40.522, LON=-111.892, ALT=1420.614
2026-05-18T18:23:18 COLMAP[feature_extractor] I20260518 18:23:18.419569   130 feature_extraction.cc:323]   Gravity:         X=0.000, Y=1.000, Z=0.000
2026-05-18T18:23:27 COLMAP[feature_extractor] I20260518 18:23:27.370122   130 feature_extraction.cc:280] Processed file [1256/1710]
2026-05-18T18:23:27 COLMAP[feature_extractor] I20260518 18:23:27.370186   130 feature_extraction.cc:283]   Name:            DJI_01256.JPG
2026-05-18T18:23:27 COLMAP[feature_extractor] I20260518 18:23:27.370198   130 feature_extraction.cc:292]   Dimensions:      4000 x 2250
2026-05-18T18:23:27 COLMAP[feature_extractor] I20260518 18:23:27.370209   130 feature_extraction.cc:295]   Camera:          #1 - SIMPLE_RADIAL
2026-05-18T18:23:27 COLMAP[feature_extractor] I20260518 18:23:27.370220   130 feature_extraction.cc:298]   Focal Length:    2545.54px (Prior)
2026-05-18T18:23:27 COLMAP[feature_extractor] I20260518 18:23:27.370236   130 feature_extraction.cc:302]   Features:        11071 (SIFT)
2026-05-18T18:23:27 COLMAP[feature_extractor] I20260518 18:23:27.623456   130 feature_extraction.cc:316]   GPS:             LAT=40.523, LON=-111.892, ALT=1417.814
2026-05-18T18:23:27 COLMAP[feature_extractor] I20260518 18:23:27.623518   130 feature_extraction.cc:323]   Gravity:         X=0.000, Y=1.000, Z=0.000
2026-05-18T18:23:31 COLMAP[feature_extractor] I20260518 18:23:31.730230   130 feature_extraction.cc:280] Processed file [1257/1710]
2026-05-18T18:23:31 COLMAP[feature_extractor] I20260518 18:23:31.730309   130 feature_extraction.cc:283]   Name:            DJI_01257.JPG
2026-05-18T18:23:31 COLMAP[feature_extractor] I20260518 18:23:31.730321   130 feature_extraction.cc:292]   Dimensions:      4000 x 2250
2026-05-18T18:23:31 COLMAP[feature_extractor] I20260518 18:23:31.730331   130 feature_extraction.cc:295]   Camera:          #1 - SIMPLE_RADIAL
2026-05-18T18:23:31 COLMAP[feature_extractor] I20260518 18:23:31.730342   130 feature_extraction.cc:298]   Focal Length:    2545.54px (Prior)
2026-05-18T18:23:31 COLMAP[feature_extractor] I20260518 18:23:31.730358   130 feature_extraction.cc:302]   Features:        10773 (SIFT)
2026-05-18T18:23:44 COLMAP[feature_extractor] I20260518 18:23:44.951478   130 feature_extraction.cc:280] Processed file [1263/1710]
2026-05-18T18:23:44 COLMAP[feature_extractor] I20260518 18:23:44.951538   130 feature_extraction.cc:283]   Name:            DJI_01263.JPG
2026-05-18T18:23:44 COLMAP[feature_extractor] I20260518 18:23:44.951550   130 feature_extraction.cc:292]   Dimensions:      4000 x 2250
2026-05-18T18:23:44 COLMAP[feature_extractor] I20260518 18:23:44.951561   130 feature_extraction.cc:295]   Camera:          #1 - SIMPLE_RADIAL
2026-05-18T18:23:44 COLMAP[feature_extractor] I20260518 18:23:44.951572   130 feature_extraction.cc:298]   Focal Length:    2545.54px (Prior)
2026-05-18T18:23:44 COLMAP[feature_extractor] I20260518 18:23:44.951588   130 feature_extraction.cc:302]   Features:        11679 (SIFT)
2026-05-18T18:23:45 COLMAP[feature_extractor] I20260518 18:23:45.153784   130 feature_extraction.cc:316]   GPS:             LAT=40.523, LON=-111.892, ALT=1412.814
2026-05-18T18:23:45 COLMAP[feature_extractor] I20260518 18:23:45.153844   130 feature_extraction.cc:323]   Gravity:         X=0.000, Y=1.000, Z=0.000
2026-05-18T18:23:45 COLMAP[feature_extractor] I20260518 18:23:45.946125   130 feature_extraction.cc:280] Processed file [1264/1710]
2026-05-18T18:23:45 COLMAP[feature_extractor] I20260518 18:23:45.946189   130 feature_extraction.cc:283]   Name:            DJI_01264.JPG
2026-05-18T18:23:45 COLMAP[feature_extractor] I20260518 18:23:45.946203   130 feature_extraction.cc:292]   Dimensions:      4000 x 2250
2026-05-18T18:23:45 COLMAP[feature_extractor] I20260518 18:23:45.946215   130 feature_extraction.cc:295]   Camera:          #1 - SIMPLE_RADIAL
2026-05-18T18:23:45 COLMAP[feature_extractor] I20260518 18:23:45.946226   130 feature_extraction.cc:298]   Focal Length:    2545.54px (Prior)
2026-05-18T18:23:45 COLMAP[feature_extractor] I20260518 18:23:45.946242   130 feature_extraction.cc:302]   Features:        11175 (SIFT)
2026-05-18T18:23:46 COLMAP[feature_extractor] I20260518 18:23:46.228648   130 feature_extraction.cc:316]   GPS:             LAT=40.523, LON=-111.892, ALT=1412.714
2026-05-18T18:23:46 COLMAP[feature_extractor] I20260518 18:23:46.228705   130 feature_extraction.cc:323]   Gravity:         X=0.000, Y=1.000, Z=0.000
2026-05-18T18:23:50 COLMAP[feature_extractor] I20260518 18:23:50.144877   130 feature_extraction.cc:280] Processed file [1265/1710]
2026-05-18T18:23:50 COLMAP[feature_extractor] I20260518 18:23:50.144929   130 feature_extraction.cc:283]   Name:            DJI_01265.JPG
2026-05-18T18:23:50 COLMAP[feature_extractor] I20260518 18:23:50.144941   130 feature_extraction.cc:292]   Dimensions:      4000 x 2250
2026-05-18T18:23:50 COLMAP[feature_extractor] I20260518 18:23:50.144951   130 feature_extraction.cc:295]   Camera:          #1 - SIMPLE_RADIAL
2026-05-18T18:23:50 COLMAP[feature_extractor] I20260518 18:23:50.144963   130 feature_extraction.cc:298]   Focal Length:    2545.54px (Prior)
2026-05-18T18:23:50 COLMAP[feature_extractor] I20260518 18:23:50.144979   130 feature_extraction.cc:302]   Features:        11239 (SIFT)
2026-05-18T18:23:50 COLMAP[feature_extractor] I20260518 18:23:50.345541   130 feature_extraction.cc:316]   GPS:             LAT=40.523, LON=-111.892, ALT=1412.114
2026-05-18T18:23:50 COLMAP[feature_extractor] I20260518 18:23:50.345598   130 feature_extraction.cc:323]   Gravity:         X=0.000, Y=1.000, Z=0.000
2026-05-18T18:23:50 COLMAP[feature_extractor] I20260518 18:23:50.708443   130 feature_extraction.cc:280] Processed file [1266/1710]
2026-05-18T18:23:50 COLMAP[feature_extractor] I20260518 18:23:50.708494   130 feature_extraction.cc:283]   Name:            DJI_01266.JPG
2026-05-18T18:23:50 COLMAP[feature_extractor] I20260518 18:23:50.708505   130 feature_extraction.cc:292]   Dimensions:      4000 x 2250
2026-05-18T18:23:50 COLMAP[feature_extractor] I20260518 18:23:50.708516   130 feature_extraction.cc:295]   Camera:          #1 - SIMPLE_RADIAL
2026-05-18T18:23:50 COLMAP[feature_extractor] I20260518 18:23:50.708527   130 feature_extraction.cc:298]   Focal Length:    2545.54px (Prior)
2026-05-18T18:23:50 COLMAP[feature_extractor] I20260518 18:23:50.708542   130 feature_extraction.cc:302]   Features:        10375 (SIFT)
2026-05-18T18:23:50 COLMAP[feature_extractor] I20260518 18:23:50.907949   130 feature_extraction.cc:316]   GPS:             LAT=40.523, LON=-111.892, ALT=1412.414
2026-05-18T18:23:50 COLMAP[feature_extractor] I20260518 18:23:50.908002   130 feature_extraction.cc:323]   Gravity:         X=0.000, Y=1.000, Z=0.000
2026-05-18T18:23:54 COLMAP[feature_extractor] I20260518 18:23:54.210364   130 feature_extraction.cc:280] Processed file [1267/1710]
2026-05-18T18:23:54 COLMAP[feature_extractor] I20260518 18:23:54.210430   130 feature_extraction.cc:283]   Name:            DJI_01267.JPG
2026-05-18T18:23:54 COLMAP[feature_extractor] I20260518 18:23:54.210443   130 feature_extraction.cc:292]   Dimensions:      4000 x 2250
2026-05-18T18:23:54 COLMAP[feature_extractor] I20260518 18:23:54.210453   130 feature_extraction.cc:295]   Camera:          #1 - SIMPLE_RADIAL
2026-05-18T18:23:54 COLMAP[feature_extractor] I20260518 18:23:54.210465   130 feature_extraction.cc:298]   Focal Length:    2545.54px (Prior)
2026-05-18T18:23:54 COLMAP[feature_extractor] I20260518 18:23:54.210481   130 feature_extraction.cc:302]   Features:        11053 (SIFT)
2026-05-18T18:23:54 COLMAP[feature_extractor] I20260518 18:23:54.498524   130 feature_extraction.cc:316]   GPS:             LAT=40.523, LON=-111.892, ALT=1412.614
2026-05-18T18:23:54 COLMAP[feature_extractor] I20260518 18:23:54.498581   130 feature_extraction.cc:323]   Gravity:         X=0.000, Y=1.000, Z=0.000
2026-05-18T18:23:55 COLMAP[feature_extractor] I20260518 18:23:55.158524   130 feature_extraction.cc:280] Processed file [1268/1710]
2026-05-18T18:23:55 COLMAP[feature_extractor] I20260518 18:23:55.158583   130 feature_extraction.cc:283]   Name:            DJI_01268.JPG
2026-05-18T18:23:55 COLMAP[feature_extractor] I20260518 18:23:55.158595   130 feature_extraction.cc:292]   Dimensions:      4000 x 2250
2026-05-18T18:23:55 COLMAP[feature_extractor] I20260518 18:23:55.158607   130 feature_extraction.cc:295]   Camera:          #1 - SIMPLE_RADIAL
2026-05-18T18:23:55 COLMAP[feature_extractor] I20260518 18:23:55.158617   130 feature_extraction.cc:298]   Focal Length:    2545.54px (Prior)
2026-05-18T18:23:55 COLMAP[feature_extractor] I20260518 18:23:55.158633   130 feature_extraction.cc:302]   Features:        11301 (SIFT)
2026-05-18T18:23:55 COLMAP[feature_extractor] I20260518 18:23:55.372364   130 feature_extraction.cc:316]   GPS:             LAT=40.523, LON=-111.892, ALT=1412.714
2026-05-18T18:23:55 COLMAP[feature_extractor] I20260518 18:23:55.372426   130 feature_extraction.cc:323]   Gravity:         X=0.000, Y=1.000, Z=0.000
2026-05-18T18:23:59 COLMAP[feature_extractor] I20260518 18:23:59.293087   130 feature_extraction.cc:280] Processed file [1269/1710]
2026-05-18T18:23:59 COLMAP[feature_extractor] I20260518 18:23:59.293150   130 feature_extraction.cc:283]   Name:            DJI_01269.JPG
2026-05-18T18:23:59 COLMAP[feature_extractor] I20260518 18:23:59.293162   130 feature_extraction.cc:292]   Dimensions:      4000 x 2250
2026-05-18T18:23:59 COLMAP[feature_extractor] I20260518 18:23:59.293174   130 feature_extraction.cc:295]   Camera:          #1 - SIMPLE_RADIAL
2026-05-18T18:23:59 COLMAP[feature_extractor] I20260518 18:23:59.293184   130 feature_extraction.cc:298]   Focal Length:    2545.54px (Prior)
2026-05-18T18:23:59 COLMAP[feature_extractor] I20260518 18:23:59.293200   130 feature_extraction.cc:302]   Features:        12113 (SIFT)
2026-05-18T18:23:59 COLMAP[feature_extractor] I20260518 18:23:59.512149   130 feature_extraction.cc:316]   GPS:             LAT=40.523, LON=-111.892, ALT=1412.714
2026-05-18T18:23:59 COLMAP[feature_extractor] I20260518 18:23:59.512209   130 feature_extraction.cc:323]   Gravity:         X=0.000, Y=1.000, Z=0.000
2026-05-18T18:24:00 COLMAP[feature_extractor] I20260518 18:24:00.065084   130 feature_extraction.cc:280] Processed file [1270/1710]
2026-05-18T18:24:00 COLMAP[feature_extractor] I20260518 18:24:00.065153   130 feature_extraction.cc:283]   Name:            DJI_01270.JPG
2026-05-18T18:24:00 COLMAP[feature_extractor] I20260518 18:24:00.065166   130 feature_extraction.cc:292]   Dimensions:      4000 x 2250
2026-05-18T18:24:00 COLMAP[feature_extractor] I20260518 18:24:00.065177   130 feature_extraction.cc:295]   Camera:          #1 - SIMPLE_RADIAL
2026-05-18T18:24:00 COLMAP[feature_extractor] I20260518 18:24:00.065188   130 feature_extraction.cc:298]   Focal Length:    2545.54px (Prior)
2026-05-18T18:24:00 COLMAP[feature_extractor] I20260518 18:24:00.065204   130 feature_extraction.cc:302]   Features:        11593 (SIFT)
2026-05-18T18:24:00 COLMAP[feature_extractor] I20260518 18:24:00.301810   130 feature_extraction.cc:316]   GPS:             LAT=40.523, LON=-111.892, ALT=1412.214
2026-05-18T18:24:00 COLMAP[feature_extractor] I20260518 18:24:00.301874   130 feature_extraction.cc:323]   Gravity:         X=0.000, Y=1.000, Z=0.000
2026-05-18T18:24:03 COLMAP[feature_extractor] I20260518 18:24:03.518822   130 feature_extraction.cc:280] Processed file [1271/1710]
2026-05-18T18:24:03 COLMAP[feature_extractor] I20260518 18:24:03.518915   130 feature_extraction.cc:283]   Name:            DJI_01271.JPG
2026-05-18T18:24:03 COLMAP[feature_extractor] I20260518 18:24:03.518929   130 feature_extraction.cc:292]   Dimensions:      4000 x 2250
2026-05-18T18:24:03 COLMAP[feature_extractor] I20260518 18:24:03.518939   130 feature_extraction.cc:295]   Camera:          #1 - SIMPLE_RADIAL
2026-05-18T18:24:03 COLMAP[feature_extractor] I20260518 18:24:03.518950   130 feature_extraction.cc:298]   Focal Length:    2545.54px (Prior)
2026-05-18T18:24:03 COLMAP[feature_extractor] I20260518 18:24:03.518966   130 feature_extraction.cc:302]   Features:        11262 (SIFT)
2026-05-18T18:24:03 COLMAP[feature_extractor] I20260518 18:24:03.745607   130 feature_extraction.cc:316]   GPS:             LAT=40.523, LON=-111.892, ALT=1412.814
2026-05-18T18:24:03 COLMAP[feature_extractor] I20260518 18:24:03.745671   130 feature_extraction.cc:323]   Gravity:         X=0.000, Y=1.000, Z=0.000
2026-05-18T18:24:04 COLMAP[feature_extractor] I20260518 18:24:04.645903   130 feature_extraction.cc:280] Processed file [1272/1710]
2026-05-18T18:24:04 COLMAP[feature_extractor] I20260518 18:24:04.645973   130 feature_extraction.cc:283]   Name:            DJI_01272.JPG
2026-05-18T18:24:04 COLMAP[feature_extractor] I20260518 18:24:04.645987   130 feature_extraction.cc:292]   Dimensions:      4000 x 2250
2026-05-18T18:24:04 COLMAP[feature_extractor] I20260518 18:24:04.645999   130 feature_extraction.cc:295]   Camera:          #1 - SIMPLE_RADIAL
2026-05-18T18:24:04 COLMAP[feature_extractor] I20260518 18:24:04.646010   130 feature_extraction.cc:298]   Focal Length:    2545.54px (Prior)
2026-05-18T18:24:04 COLMAP[feature_extractor] I20260518 18:24:04.646027   130 feature_extraction.cc:302]   Features:        8666 (SIFT)
2026-05-18T18:24:05 COLMAP[feature_extractor] I20260518 18:24:05.021410   130 feature_extraction.cc:316]   GPS:             LAT=40.523, LON=-111.892, ALT=1412.514
2026-05-18T18:24:05 COLMAP[feature_extractor] I20260518 18:24:05.021478   130 feature_extraction.cc:323]   Gravity:         X=0.000, Y=1.000, Z=0.000
2026-05-18T18:24:08 COLMAP[feature_extractor] I20260518 18:24:08.691464   130 feature_extraction.cc:280] Processed file [1273/1710]
2026-05-18T18:24:08 COLMAP[feature_extractor] I20260518 18:24:08.691524   130 feature_extraction.cc:283]   Name:            DJI_01273.JPG
2026-05-18T18:24:08 COLMAP[feature_extractor] I20260518 18:24:08.691535   130 feature_extraction.cc:292]   Dimensions:      4000 x 2250
2026-05-18T18:24:08 COLMAP[feature_extractor] I20260518 18:24:08.691545   130 feature_extraction.cc:295]   Camera:          #1 - SIMPLE_RADIAL
2026-05-18T18:24:08 COLMAP[feature_extractor] I20260518 18:24:08.691553   130 feature_extraction.cc:298]   Focal Length:    2545.54px (Prior)
2026-05-18T18:24:08 COLMAP[feature_extractor] I20260518 18:24:08.691568   130 feature_extraction.cc:302]   Features:        9014 (SIFT)
2026-05-18T18:24:09 COLMAP[feature_extractor] I20260518 18:24:09.079320   130 feature_extraction.cc:316]   GPS:             LAT=40.523, LON=-111.892, ALT=1413.114
2026-05-18T18:24:09 COLMAP[feature_extractor] I20260518 18:24:09.079383   130 feature_extraction.cc:323]   Gravity:         X=0.000, Y=1.000, Z=0.000
2026-05-18T18:24:09 COLMAP[feature_extractor] I20260518 18:24:09.521885   130 feature_extraction.cc:280] Processed file [1274/1710]
2026-05-18T18:24:09 COLMAP[feature_extractor] I20260518 18:24:09.521944   130 feature_extraction.cc:283]   Name:            DJI_01274.JPG
2026-05-18T18:24:09 COLMAP[feature_extractor] I20260518 18:24:09.521957   130 feature_extraction.cc:292]   Dimensions:      4000 x 2250
2026-05-18T18:24:09 COLMAP[feature_extractor] I20260518 18:24:09.521968   130 feature_extraction.cc:295]   Camera:          #1 - SIMPLE_RADIAL
2026-05-18T18:24:09 COLMAP[feature_extractor] I20260518 18:24:09.521979   130 feature_extraction.cc:298]   Focal Length:    2545.54px (Prior)
2026-05-18T18:24:09 COLMAP[feature_extractor] I20260518 18:24:09.521994   130 feature_extraction.cc:302]   Features:        8870 (SIFT)
2026-05-18T18:24:09 COLMAP[feature_extractor] I20260518 18:24:09.803311   130 feature_extraction.cc:316]   GPS:             LAT=40.523, LON=-111.893, ALT=1413.314
2026-05-18T18:24:09 COLMAP[feature_extractor] I20260518 18:24:09.803375   130 feature_extraction.cc:323]   Gravity:         X=0.000, Y=1.000, Z=0.000
2026-05-18T18:24:12 COLMAP[feature_extractor] I20260518 18:24:12.893864   130 feature_extraction.cc:280] Processed file [1275/1710]
2026-05-18T18:24:12 COLMAP[feature_extractor] I20260518 18:24:12.893916   130 feature_extraction.cc:283]   Name:            DJI_01275.JPG
2026-05-18T18:24:12 COLMAP[feature_extractor] I20260518 18:24:12.893929   130 feature_extraction.cc:292]   Dimensions:      4000 x 2250
2026-05-18T18:24:12 COLMAP[feature_extractor] I20260518 18:24:12.893939   130 feature_extraction.cc:295]   Camera:          #1 - SIMPLE_RADIAL
2026-05-18T18:24:12 COLMAP[feature_extractor] I20260518 18:24:12.893950   130 feature_extraction.cc:298]   Focal Length:    2545.54px (Prior)
2026-05-18T18:24:12 COLMAP[feature_extractor] I20260518 18:24:12.893967   130 feature_extraction.cc:302]   Features:        9004 (SIFT)
2026-05-18T18:24:13 COLMAP[feature_extractor] I20260518 18:24:13.098788   130 feature_extraction.cc:316]   GPS:             LAT=40.523, LON=-111.893, ALT=1414.014
2026-05-18T18:24:13 COLMAP[feature_extractor] I20260518 18:24:13.098845   130 feature_extraction.cc:323]   Gravity:         X=0.000, Y=1.000, Z=0.000
2026-05-18T18:24:13 COLMAP[feature_extractor] I20260518 18:24:13.927364   130 feature_extraction.cc:280] Processed file [1276/1710]
2026-05-18T18:24:13 COLMAP[feature_extractor] I20260518 18:24:13.927418   130 feature_extraction.cc:283]   Name:            DJI_01276.JPG
2026-05-18T18:24:13 COLMAP[feature_extractor] I20260518 18:24:13.927430   130 feature_extraction.cc:292]   Dimensions:      4000 x 2250
2026-05-18T18:24:13 COLMAP[feature_extractor] I20260518 18:24:13.927441   130 feature_extraction.cc:295]   Camera:          #1 - SIMPLE_RADIAL
2026-05-18T18:24:13 COLMAP[feature_extractor] I20260518 18:24:13.927481   130 feature_extraction.cc:298]   Focal Length:    2545.54px (Prior)
2026-05-18T18:24:13 COLMAP[feature_extractor] I20260518 18:24:13.927497   130 feature_extraction.cc:302]   Features:        12273 (SIFT)
2026-05-18T18:24:14 COLMAP[feature_extractor] I20260518 18:24:14.150051   130 feature_extraction.cc:316]   GPS:             LAT=40.523, LON=-111.893, ALT=1412.714
2026-05-18T18:24:14 COLMAP[feature_extractor] I20260518 18:24:14.150116   130 feature_extraction.cc:323]   Gravity:         X=0.000, Y=1.000, Z=0.000
2026-05-18T18:24:17 COLMAP[feature_extractor] I20260518 18:24:17.833673   130 feature_extraction.cc:280] Processed file [1277/1710]
2026-05-18T18:24:17 COLMAP[feature_extractor] I20260518 18:24:17.833745   130 feature_extraction.cc:283]   Name:            DJI_01277.JPG
2026-05-18T18:24:17 COLMAP[feature_extractor] I20260518 18:24:17.833757   130 feature_extraction.cc:292]   Dimensions:      4000 x 2250
2026-05-18T18:24:17 COLMAP[feature_extractor] I20260518 18:24:17.833768   130 feature_extraction.cc:295]   Camera:          #1 - SIMPLE_RADIAL
2026-05-18T18:24:17 COLMAP[feature_extractor] I20260518 18:24:17.833781   130 feature_extraction.cc:298]   Focal Length:    2545.54px (Prior)
2026-05-18T18:24:17 COLMAP[feature_extractor] I20260518 18:24:17.833796   130 feature_extraction.cc:302]   Features:        10551 (SIFT)
2026-05-18T18:24:18 COLMAP[feature_extractor] I20260518 18:24:18.128783   130 feature_extraction.cc:316]   GPS:             LAT=40.523, LON=-111.893, ALT=1413.414
2026-05-18T18:24:18 COLMAP[feature_extractor] I20260518 18:24:18.128837   130 feature_extraction.cc:323]   Gravity:         X=0.000, Y=1.000, Z=0.000
2026-05-18T18:24:18 COLMAP[feature_extractor] I20260518 18:24:18.782805   130 feature_extraction.cc:280] Processed file [1278/1710]
2026-05-18T18:24:18 COLMAP[feature_extractor] I20260518 18:24:18.782864   130 feature_extraction.cc:283]   Name:            DJI_01278.JPG
2026-05-18T18:24:18 COLMAP[feature_extractor] I20260518 18:24:18.782876   130 feature_extraction.cc:292]   Dimensions:      4000 x 2250
2026-05-18T18:24:18 COLMAP[feature_extractor] I20260518 18:24:18.782886   130 feature_extraction.cc:295]   Camera:          #1 - SIMPLE_RADIAL
2026-05-18T18:24:18 COLMAP[feature_extractor] I20260518 18:24:18.782897   130 feature_extraction.cc:298]   Focal Length:    2545.54px (Prior)
2026-05-18T18:24:18 COLMAP[feature_extractor] I20260518 18:24:18.782913   130 feature_extraction.cc:302]   Features:        8899 (SIFT)
2026-05-18T18:24:18 COLMAP[feature_extractor] I20260518 18:24:18.965433   130 feature_extraction.cc:316]   GPS:             LAT=40.523, LON=-111.893, ALT=1414.014
2026-05-18T18:24:18 COLMAP[feature_extractor] I20260518 18:24:18.965490   130 feature_extraction.cc:323]   Gravity:         X=0.000, Y=1.000, Z=0.000
2026-05-18T18:24:22 COLMAP[feature_extractor] I20260518 18:24:22.097198   130 feature_extraction.cc:280] Processed file [1279/1710]
2026-05-18T18:24:22 COLMAP[feature_extractor] I20260518 18:24:22.097259   130 feature_extraction.cc:283]   Name:            DJI_01279.JPG
2026-05-18T18:24:22 COLMAP[feature_extractor] I20260518 18:24:22.097271   130 feature_extraction.cc:292]   Dimensions:      4000 x 2250
2026-05-18T18:24:22 COLMAP[feature_extractor] I20260518 18:24:22.097282   130 feature_extraction.cc:295]   Camera:          #1 - SIMPLE_RADIAL
2026-05-18T18:24:22 COLMAP[feature_extractor] I20260518 18:24:22.097293   130 feature_extraction.cc:298]   Focal Length:    2545.54px (Prior)
2026-05-18T18:24:22 COLMAP[feature_extractor] I20260518 18:24:22.097309   130 feature_extraction.cc:302]   Features:        8522 (SIFT)
2026-05-18T18:24:22 COLMAP[feature_extractor] I20260518 18:24:22.264132   130 feature_extraction.cc:316]   GPS:             LAT=40.523, LON=-111.893, ALT=1414.014
2026-05-18T18:24:22 COLMAP[feature_extractor] I20260518 18:24:22.264195   130 feature_extraction.cc:323]   Gravity:         X=0.000, Y=1.000, Z=0.000
2026-05-18T18:24:23 COLMAP[feature_extractor] I20260518 18:24:23.248445   130 feature_extraction.cc:280] Processed file [1280/1710]
2026-05-18T18:24:23 COLMAP[feature_extractor] I20260518 18:24:23.248517   130 feature_extraction.cc:283]   Name:            DJI_01280.JPG
2026-05-18T18:24:23 COLMAP[feature_extractor] I20260518 18:24:23.248530   130 feature_extraction.cc:292]   Dimensions:      4000 x 2250
2026-05-18T18:24:23 COLMAP[feature_extractor] I20260518 18:24:23.248543   130 feature_extraction.cc:295]   Camera:          #1 - SIMPLE_RADIAL
2026-05-18T18:24:23 COLMAP[feature_extractor] I20260518 18:24:23.248556   130 feature_extraction.cc:298]   Focal Length:    2545.54px (Prior)
2026-05-18T18:24:23 COLMAP[feature_extractor] I20260518 18:24:23.248572   130 feature_extraction.cc:302]   Features:        14306 (SIFT)
2026-05-18T18:24:23 COLMAP[feature_extractor] I20260518 18:24:23.613852   130 feature_extraction.cc:316]   GPS:             LAT=40.523, LON=-111.893, ALT=1414.114
2026-05-18T18:24:23 COLMAP[feature_extractor] I20260518 18:24:23.613917   130 feature_extraction.cc:323]   Gravity:         X=0.000, Y=1.000, Z=0.000
2026-05-18T18:24:27 COLMAP[feature_extractor] I20260518 18:24:27.016875   130 feature_extraction.cc:280] Processed file [1281/1710]
2026-05-18T18:24:27 COLMAP[feature_extractor] I20260518 18:24:27.016937   130 feature_extraction.cc:283]   Name:            DJI_01281.JPG
2026-05-18T18:24:27 COLMAP[feature_extractor] I20260518 18:24:27.016948   130 feature_extraction.cc:292]   Dimensions:      4000 x 2250
2026-05-18T18:24:27 COLMAP[feature_extractor] I20260518 18:24:27.016959   130 feature_extraction.cc:295]   Camera:          #1 - SIMPLE_RADIAL
2026-05-18T18:24:27 COLMAP[feature_extractor] I20260518 18:24:27.016970   130 feature_extraction.cc:298]   Focal Length:    2545.54px (Prior)
2026-05-18T18:24:27 COLMAP[feature_extractor] I20260518 18:24:27.016986   130 feature_extraction.cc:302]   Features:        13697 (SIFT)
2026-05-18T18:24:27 COLMAP[feature_extractor] I20260518 18:24:27.236089   130 feature_extraction.cc:316]   GPS:             LAT=40.523, LON=-111.893, ALT=1414.514
2026-05-18T18:24:27 COLMAP[feature_extractor] I20260518 18:24:27.236187   130 feature_extraction.cc:323]   Gravity:         X=0.000, Y=1.000, Z=0.000
2026-05-18T18:24:27 COLMAP[feature_extractor] I20260518 18:24:27.897874   130 feature_extraction.cc:280] Processed file [1282/1710]
2026-05-18T18:24:27 COLMAP[feature_extractor] I20260518 18:24:27.897928   130 feature_extraction.cc:283]   Name:            DJI_01282.JPG
2026-05-18T18:24:27 COLMAP[feature_extractor] I20260518 18:24:27.897940   130 feature_extraction.cc:292]   Dimensions:      4000 x 2250
2026-05-18T18:24:27 COLMAP[feature_extractor] I20260518 18:24:27.897951   130 feature_extraction.cc:295]   Camera:          #1 - SIMPLE_RADIAL
2026-05-18T18:24:27 COLMAP[feature_extractor] I20260518 18:24:27.897962   130 feature_extraction.cc:298]   Focal Length:    2545.54px (Prior)
2026-05-18T18:24:27 COLMAP[feature_extractor] I20260518 18:24:27.897977   130 feature_extraction.cc:302]   Features:        11538 (SIFT)
2026-05-18T18:24:28 COLMAP[feature_extractor] I20260518 18:24:28.268800   130 feature_extraction.cc:316]   GPS:             LAT=40.523, LON=-111.893, ALT=1421.114
2026-05-18T18:24:28 COLMAP[feature_extractor] I20260518 18:24:28.268859   130 feature_extraction.cc:323]   Gravity:         X=0.000, Y=1.000, Z=0.000
2026-05-18T18:24:31 COLMAP[feature_extractor] I20260518 18:24:31.455564   130 feature_extraction.cc:280] Processed file [1283/1710]
2026-05-18T18:24:31 COLMAP[feature_extractor] I20260518 18:24:31.455626   130 feature_extraction.cc:283]   Name:            DJI_01283.JPG
2026-05-18T18:24:31 COLMAP[feature_extractor] I20260518 18:24:31.455637   130 feature_extraction.cc:292]   Dimensions:      4000 x 2250
2026-05-18T18:24:31 COLMAP[feature_extractor] I20260518 18:24:31.455648   130 feature_extraction.cc:295]   Camera:          #1 - SIMPLE_RADIAL
2026-05-18T18:24:31 COLMAP[feature_extractor] I20260518 18:24:31.455660   130 feature_extraction.cc:298]   Focal Length:    2545.54px (Prior)
2026-05-18T18:24:31 COLMAP[feature_extractor] I20260518 18:24:31.455677   130 feature_extraction.cc:302]   Features:        10891 (SIFT)
2026-05-18T18:24:31 COLMAP[feature_extractor] I20260518 18:24:31.743052   130 feature_extraction.cc:316]   GPS:             LAT=40.523, LON=-111.893, ALT=1422.214
2026-05-18T18:24:31 COLMAP[feature_extractor] I20260518 18:24:31.743110   130 feature_extraction.cc:323]   Gravity:         X=0.000, Y=1.000, Z=0.000
2026-05-18T18:24:32 COLMAP[feature_extractor] I20260518 18:24:32.509598   130 feature_extraction.cc:280] Processed file [1284/1710]
2026-05-18T18:24:32 COLMAP[feature_extractor] I20260518 18:24:32.509654   130 feature_extraction.cc:283]   Name:            DJI_01284.JPG
2026-05-18T18:24:32 COLMAP[feature_extractor] I20260518 18:24:32.509666   130 feature_extraction.cc:292]   Dimensions:      4000 x 2250
2026-05-18T18:24:32 COLMAP[feature_extractor] I20260518 18:24:32.509677   130 feature_extraction.cc:295]   Camera:          #1 - SIMPLE_RADIAL
2026-05-18T18:24:32 COLMAP[feature_extractor] I20260518 18:24:32.509706   130 feature_extraction.cc:298]   Focal Length:    2545.54px (Prior)
2026-05-18T18:24:32 COLMAP[feature_extractor] I20260518 18:24:32.509721   130 feature_extraction.cc:302]   Features:        10433 (SIFT)
2026-05-18T18:24:32 COLMAP[feature_extractor] I20260518 18:24:32.801905   130 feature_extraction.cc:316]   GPS:             LAT=40.523, LON=-111.893, ALT=1425.714
2026-05-18T18:24:32 COLMAP[feature_extractor] I20260518 18:24:32.801959   130 feature_extraction.cc:323]   Gravity:         X=0.000, Y=1.000, Z=0.000
2026-05-18T18:24:36 COLMAP[feature_extractor] I20260518 18:24:36.438334   130 feature_extraction.cc:280] Processed file [1285/1710]
2026-05-18T18:24:36 COLMAP[feature_extractor] I20260518 18:24:36.438421   130 feature_extraction.cc:283]   Name:            DJI_01285.JPG
2026-05-18T18:24:36 COLMAP[feature_extractor] I20260518 18:24:36.438433   130 feature_extraction.cc:292]   Dimensions:      4000 x 2250
2026-05-18T18:24:36 COLMAP[feature_extractor] I20260518 18:24:36.438444   130 feature_extraction.cc:295]   Camera:          #1 - SIMPLE_RADIAL
2026-05-18T18:24:36 COLMAP[feature_extractor] I20260518 18:24:36.438457   130 feature_extraction.cc:298]   Focal Length:    2545.54px (Prior)
2026-05-18T18:24:36 COLMAP[feature_extractor] I20260518 18:24:36.438472   130 feature_extraction.cc:302]   Features:        10597 (SIFT)
2026-05-18T18:24:36 COLMAP[feature_extractor] I20260518 18:24:36.657709   130 feature_extraction.cc:316]   GPS:             LAT=40.523, LON=-111.893, ALT=1425.514
2026-05-18T18:24:36 COLMAP[feature_extractor] I20260518 18:24:36.657769   130 feature_extraction.cc:323]   Gravity:         X=0.000, Y=1.000, Z=0.000
2026-05-18T18:24:37 COLMAP[feature_extractor] I20260518 18:24:37.237123   130 feature_extraction.cc:280] Processed file [1286/1710]
2026-05-18T18:24:37 COLMAP[feature_extractor] I20260518 18:24:37.237181   130 feature_extraction.cc:283]   Name:            DJI_01286.JPG
2026-05-18T18:24:37 COLMAP[feature_extractor] I20260518 18:24:37.237193   130 feature_extraction.cc:292]   Dimensions:      4000 x 2250
2026-05-18T18:24:37 COLMAP[feature_extractor] I20260518 18:24:37.237205   130 feature_extraction.cc:295]   Camera:          #1 - SIMPLE_RADIAL
2026-05-18T18:24:37 COLMAP[feature_extractor] I20260518 18:24:37.237215   130 feature_extraction.cc:298]   Focal Length:    2545.54px (Prior)
2026-05-18T18:24:37 COLMAP[feature_extractor] I20260518 18:24:37.237231   130 feature_extraction.cc:302]   Features:        10671 (SIFT)
2026-05-18T18:24:37 COLMAP[feature_extractor] I20260518 18:24:37.465859   130 feature_extraction.cc:316]   GPS:             LAT=40.523, LON=-111.893, ALT=1425.714
2026-05-18T18:24:37 COLMAP[feature_extractor] I20260518 18:24:37.465921   130 feature_extraction.cc:323]   Gravity:         X=0.000, Y=1.000, Z=0.000
2026-05-18T18:24:40 COLMAP[feature_extractor] I20260518 18:24:40.825711   130 feature_extraction.cc:280] Processed file [1287/1710]
2026-05-18T18:24:40 COLMAP[feature_extractor] I20260518 18:24:40.825783   130 feature_extraction.cc:283]   Name:            DJI_01287.JPG
2026-05-18T18:24:40 COLMAP[feature_extractor] I20260518 18:24:40.825795   130 feature_extraction.cc:292]   Dimensions:      4000 x 2250
2026-05-18T18:24:40 COLMAP[feature_extractor] I20260518 18:24:40.825805   130 feature_extraction.cc:295]   Camera:          #1 - SIMPLE_RADIAL
2026-05-18T18:24:40 COLMAP[feature_extractor] I20260518 18:24:40.825817   130 feature_extraction.cc:298]   Focal Length:    2545.54px (Prior)
2026-05-18T18:24:40 COLMAP[feature_extractor] I20260518 18:24:40.825834   130 feature_extraction.cc:302]   Features:        10617 (SIFT)
2026-05-18T18:24:41 COLMAP[feature_extractor] I20260518 18:24:41.131888   130 feature_extraction.cc:316]   GPS:             LAT=40.523, LON=-111.893, ALT=1425.614
2026-05-18T18:24:41 COLMAP[feature_extractor] I20260518 18:24:41.131955   130 feature_extraction.cc:323]   Gravity:         X=0.000, Y=1.000, Z=0.000
2026-05-18T18:24:41 COLMAP[feature_extractor] I20260518 18:24:41.776961   130 feature_extraction.cc:280] Processed file [1288/1710]
2026-05-18T18:24:41 COLMAP[feature_extractor] I20260518 18:24:41.777026   130 feature_extraction.cc:283]   Name:            DJI_01288.JPG
2026-05-18T18:24:41 COLMAP[feature_extractor] I20260518 18:24:41.777038   130 feature_extraction.cc:292]   Dimensions:      4000 x 2250
2026-05-18T18:24:41 COLMAP[feature_extractor] I20260518 18:24:41.777050   130 feature_extraction.cc:295]   Camera:          #1 - SIMPLE_RADIAL
2026-05-18T18:24:41 COLMAP[feature_extractor] I20260518 18:24:41.777060   130 feature_extraction.cc:298]   Focal Length:    2545.54px (Prior)
2026-05-18T18:24:41 COLMAP[feature_extractor] I20260518 18:24:41.777077   130 feature_extraction.cc:302]   Features:        10421 (SIFT)
2026-05-18T18:24:41 COLMAP[feature_extractor] I20260518 18:24:41.981480   130 feature_extraction.cc:316]   GPS:             LAT=40.523, LON=-111.893, ALT=1425.714
2026-05-18T18:24:41 COLMAP[feature_extractor] I20260518 18:24:41.981540   130 feature_extraction.cc:323]   Gravity:         X=0.000, Y=1.000, Z=0.000
2026-05-18T18:24:45 COLMAP[feature_extractor] I20260518 18:24:45.649225   130 feature_extraction.cc:280] Processed file [1289/1710]
2026-05-18T18:24:45 COLMAP[feature_extractor] I20260518 18:24:45.649282   130 feature_extraction.cc:283]   Name:            DJI_01289.JPG
2026-05-18T18:24:45 COLMAP[feature_extractor] I20260518 18:24:45.649294   130 feature_extraction.cc:292]   Dimensions:      4000 x 2250
2026-05-18T18:24:45 COLMAP[feature_extractor] I20260518 18:24:45.649305   130 feature_extraction.cc:295]   Camera:          #1 - SIMPLE_RADIAL
2026-05-18T18:24:45 COLMAP[feature_extractor] I20260518 18:24:45.649317   130 feature_extraction.cc:298]   Focal Length:    2545.54px (Prior)
2026-05-18T18:24:45 COLMAP[feature_extractor] I20260518 18:24:45.649331   130 feature_extraction.cc:302]   Features:        8915 (SIFT)
2026-05-18T18:24:45 COLMAP[feature_extractor] I20260518 18:24:45.857611   130 feature_extraction.cc:316]   GPS:             LAT=40.523, LON=-111.893, ALT=1425.614
2026-05-18T18:24:45 COLMAP[feature_extractor] I20260518 18:24:45.857673   130 feature_extraction.cc:323]   Gravity:         X=0.000, Y=1.000, Z=0.000
2026-05-18T18:24:46 COLMAP[feature_extractor] I20260518 18:24:46.545500   130 feature_extraction.cc:280] Processed file [1290/1710]
2026-05-18T18:24:46 COLMAP[feature_extractor] I20260518 18:24:46.545571   130 feature_extraction.cc:283]   Name:            DJI_01290.JPG
2026-05-18T18:24:46 COLMAP[feature_extractor] I20260518 18:24:46.545583   130 feature_extraction.cc:292]   Dimensions:      4000 x 2250
2026-05-18T18:24:46 COLMAP[feature_extractor] I20260518 18:24:46.545594   130 feature_extraction.cc:295]   Camera:          #1 - SIMPLE_RADIAL
2026-05-18T18:24:46 COLMAP[feature_extractor] I20260518 18:24:46.545642   130 feature_extraction.cc:298]   Focal Length:    2545.54px (Prior)
2026-05-18T18:24:46 COLMAP[feature_extractor] I20260518 18:24:46.545660   130 feature_extraction.cc:302]   Features:        8897 (SIFT)
2026-05-18T18:24:46 COLMAP[feature_extractor] I20260518 18:24:46.782466   130 feature_extraction.cc:316]   GPS:             LAT=40.523, LON=-111.893, ALT=1425.614
2026-05-18T18:24:46 COLMAP[feature_extractor] I20260518 18:24:46.782528   130 feature_extraction.cc:323]   Gravity:         X=0.000, Y=1.000, Z=0.000
2026-05-18T18:24:49 COLMAP[feature_extractor] I20260518 18:24:49.876754   130 feature_extraction.cc:280] Processed file [1291/1710]
2026-05-18T18:24:49 COLMAP[feature_extractor] I20260518 18:24:49.876813   130 feature_extraction.cc:283]   Name:            DJI_01291.JPG
2026-05-18T18:24:49 COLMAP[feature_extractor] I20260518 18:24:49.876825   130 feature_extraction.cc:292]   Dimensions:      4000 x 2250
2026-05-18T18:24:49 COLMAP[feature_extractor] I20260518 18:24:49.876837   130 feature_extraction.cc:295]   Camera:          #1 - SIMPLE_RADIAL
2026-05-18T18:24:49 COLMAP[feature_extractor] I20260518 18:24:49.876847   130 feature_extraction.cc:298]   Focal Length:    2545.54px (Prior)
2026-05-18T18:24:49 COLMAP[feature_extractor] I20260518 18:24:49.876863   130 feature_extraction.cc:302]   Features:        8933 (SIFT)
2026-05-18T18:24:50 COLMAP[feature_extractor] I20260518 18:24:50.059682   130 feature_extraction.cc:316]   GPS:             LAT=40.523, LON=-111.893, ALT=1425.414
2026-05-18T18:24:50 COLMAP[feature_extractor] I20260518 18:24:50.059746   130 feature_extraction.cc:323]   Gravity:         X=0.000, Y=1.000, Z=0.000
2026-05-18T18:24:50 COLMAP[feature_extractor] I20260518 18:24:50.855542   130 feature_extraction.cc:280] Processed file [1292/1710]
2026-05-18T18:24:50 COLMAP[feature_extractor] I20260518 18:24:50.855610   130 feature_extraction.cc:283]   Name:            DJI_01292.JPG
2026-05-18T18:24:50 COLMAP[feature_extractor] I20260518 18:24:50.855623   130 feature_extraction.cc:292]   Dimensions:      4000 x 2250
2026-05-18T18:24:50 COLMAP[feature_extractor] I20260518 18:24:50.855631   130 feature_extraction.cc:295]   Camera:          #1 - SIMPLE_RADIAL
2026-05-18T18:24:50 COLMAP[feature_extractor] I20260518 18:24:50.855641   130 feature_extraction.cc:298]   Focal Length:    2545.54px (Prior)
2026-05-18T18:24:50 COLMAP[feature_extractor] I20260518 18:24:50.855655   130 feature_extraction.cc:302]   Features:        9335 (SIFT)
2026-05-18T18:24:51 COLMAP[feature_extractor] I20260518 18:24:51.026232   130 feature_extraction.cc:316]   GPS:             LAT=40.523, LON=-111.892, ALT=1425.614
2026-05-18T18:24:51 COLMAP[feature_extractor] I20260518 18:24:51.026289   130 feature_extraction.cc:323]   Gravity:         X=0.000, Y=1.000, Z=0.000
2026-05-18T18:24:54 COLMAP[feature_extractor] I20260518 18:24:54.953466   130 feature_extraction.cc:280] Processed file [1293/1710]
2026-05-18T18:24:54 COLMAP[feature_extractor] I20260518 18:24:54.953526   130 feature_extraction.cc:283]   Name:            DJI_01293.JPG
2026-05-18T18:24:54 COLMAP[feature_extractor] I20260518 18:24:54.953538   130 feature_extraction.cc:292]   Dimensions:      4000 x 2250
2026-05-18T18:24:54 COLMAP[feature_extractor] I20260518 18:24:54.953549   130 feature_extraction.cc:295]   Camera:          #1 - SIMPLE_RADIAL
2026-05-18T18:24:54 COLMAP[feature_extractor] I20260518 18:24:54.953562   130 feature_extraction.cc:298]   Focal Length:    2545.54px (Prior)
2026-05-18T18:24:54 COLMAP[feature_extractor] I20260518 18:24:54.953576   130 feature_extraction.cc:302]   Features:        8746 (SIFT)
2026-05-18T18:24:55 COLMAP[feature_extractor] I20260518 18:24:55.260814   130 feature_extraction.cc:316]   GPS:             LAT=40.523, LON=-111.892, ALT=1425.914
2026-05-18T18:24:55 COLMAP[feature_extractor] I20260518 18:24:55.260864   130 feature_extraction.cc:323]   Gravity:         X=0.000, Y=1.000, Z=0.000
2026-05-18T18:24:55 COLMAP[feature_extractor] I20260518 18:24:55.775162   130 feature_extraction.cc:280] Processed file [1294/1710]
2026-05-18T18:24:55 COLMAP[feature_extractor] I20260518 18:24:55.775216   130 feature_extraction.cc:283]   Name:            DJI_01294.JPG
2026-05-18T18:24:55 COLMAP[feature_extractor] I20260518 18:24:55.775228   130 feature_extraction.cc:292]   Dimensions:      4000 x 2250
2026-05-18T18:24:55 COLMAP[feature_extractor] I20260518 18:24:55.775239   130 feature_extraction.cc:295]   Camera:          #1 - SIMPLE_RADIAL
2026-05-18T18:24:55 COLMAP[feature_extractor] I20260518 18:24:55.775250   130 feature_extraction.cc:298]   Focal Length:    2545.54px (Prior)
2026-05-18T18:24:55 COLMAP[feature_extractor] I20260518 18:24:55.775266   130 feature_extraction.cc:302]   Features:        8746 (SIFT)
2026-05-18T18:24:56 COLMAP[feature_extractor] I20260518 18:24:56.033545   130 feature_extraction.cc:316]   GPS:             LAT=40.523, LON=-111.892, ALT=1425.614
2026-05-18T18:24:56 COLMAP[feature_extractor] I20260518 18:24:56.033699   130 feature_extraction.cc:323]   Gravity:         X=0.000, Y=1.000, Z=0.000
2026-05-18T18:24:59 COLMAP[feature_extractor] I20260518 18:24:59.208556   130 feature_extraction.cc:280] Processed file [1295/1710]
2026-05-18T18:24:59 COLMAP[feature_extractor] I20260518 18:24:59.208621   130 feature_extraction.cc:283]   Name:            DJI_01295.JPG
2026-05-18T18:24:59 COLMAP[feature_extractor] I20260518 18:24:59.208632   130 feature_extraction.cc:292]   Dimensions:      4000 x 2250
2026-05-18T18:24:59 COLMAP[feature_extractor] I20260518 18:24:59.208644   130 feature_extraction.cc:295]   Camera:          #1 - SIMPLE_RADIAL
2026-05-18T18:24:59 COLMAP[feature_extractor] I20260518 18:24:59.208655   130 feature_extraction.cc:298]   Focal Length:    2545.54px (Prior)
2026-05-18T18:24:59 COLMAP[feature_extractor] I20260518 18:24:59.208670   130 feature_extraction.cc:302]   Features:        8555 (SIFT)
2026-05-18T18:24:59 COLMAP[feature_extractor] I20260518 18:24:59.607169   130 feature_extraction.cc:316]   GPS:             LAT=40.523, LON=-111.892, ALT=1425.814
2026-05-18T18:24:59 COLMAP[feature_extractor] I20260518 18:24:59.607270   130 feature_extraction.cc:323]   Gravity:         X=0.000, Y=1.000, Z=0.000
2026-05-18T18:25:00 COLMAP[feature_extractor] I20260518 18:25:00.032003   130 feature_extraction.cc:280] Processed file [1296/1710]
2026-05-18T18:25:00 COLMAP[feature_extractor] I20260518 18:25:00.032068   130 feature_extraction.cc:283]   Name:            DJI_01296.JPG
2026-05-18T18:25:00 COLMAP[feature_extractor] I20260518 18:25:00.032080   130 feature_extraction.cc:292]   Dimensions:      4000 x 2250
2026-05-18T18:25:00 COLMAP[feature_extractor] I20260518 18:25:00.032091   130 feature_extraction.cc:295]   Camera:          #1 - SIMPLE_RADIAL
2026-05-18T18:25:00 COLMAP[feature_extractor] I20260518 18:25:00.032104   130 feature_extraction.cc:298]   Focal Length:    2545.54px (Prior)
2026-05-18T18:25:00 COLMAP[feature_extractor] I20260518 18:25:00.032120   130 feature_extraction.cc:302]   Features:        8728 (SIFT)
2026-05-18T18:25:00 COLMAP[feature_extractor] I20260518 18:25:00.265808   130 feature_extraction.cc:316]   GPS:             LAT=40.523, LON=-111.892, ALT=1425.514
2026-05-18T18:25:00 COLMAP[feature_extractor] I20260518 18:25:00.265873   130 feature_extraction.cc:323]   Gravity:         X=0.000, Y=1.000, Z=0.000
2026-05-18T18:25:04 COLMAP[feature_extractor] I20260518 18:25:04.432061   130 feature_extraction.cc:280] Processed file [1297/1710]
2026-05-18T18:25:04 COLMAP[feature_extractor] I20260518 18:25:04.432122   130 feature_extraction.cc:283]   Name:            DJI_01297.JPG
2026-05-18T18:25:04 COLMAP[feature_extractor] I20260518 18:25:04.432134   130 feature_extraction.cc:292]   Dimensions:      4000 x 2250
2026-05-18T18:25:04 COLMAP[feature_extractor] I20260518 18:25:04.432144   130 feature_extraction.cc:295]   Camera:          #1 - SIMPLE_RADIAL
2026-05-18T18:25:04 COLMAP[feature_extractor] I20260518 18:25:04.432155   130 feature_extraction.cc:298]   Focal Length:    2545.54px (Prior)
2026-05-18T18:25:04 COLMAP[feature_extractor] I20260518 18:25:04.432171   130 feature_extraction.cc:302]   Features:        8550 (SIFT)
2026-05-18T18:25:04 COLMAP[feature_extractor] I20260518 18:25:04.719094   130 feature_extraction.cc:316]   GPS:             LAT=40.523, LON=-111.892, ALT=1425.814
2026-05-18T18:25:04 COLMAP[feature_extractor] I20260518 18:25:04.719154   130 feature_extraction.cc:323]   Gravity:         X=0.000, Y=1.000, Z=0.000
2026-05-18T18:25:04 COLMAP[feature_extractor] I20260518 18:25:04.963080   130 feature_extraction.cc:280] Processed file [1298/1710]
2026-05-18T18:25:04 COLMAP[feature_extractor] I20260518 18:25:04.963146   130 feature_extraction.cc:283]   Name:            DJI_01298.JPG
2026-05-18T18:25:04 COLMAP[feature_extractor] I20260518 18:25:04.963158   130 feature_extraction.cc:292]   Dimensions:      4000 x 2250
2026-05-18T18:25:04 COLMAP[feature_extractor] I20260518 18:25:04.963169   130 feature_extraction.cc:295]   Camera:          #1 - SIMPLE_RADIAL
2026-05-18T18:25:04 COLMAP[feature_extractor] I20260518 18:25:04.963181   130 feature_extraction.cc:298]   Focal Length:    2545.54px (Prior)
2026-05-18T18:25:04 COLMAP[feature_extractor] I20260518 18:25:04.963197   130 feature_extraction.cc:302]   Features:        9384 (SIFT)
2026-05-18T18:25:05 COLMAP[feature_extractor] I20260518 18:25:05.215366   130 feature_extraction.cc:316]   GPS:             LAT=40.523, LON=-111.892, ALT=1425.914
2026-05-18T18:25:05 COLMAP[feature_extractor] I20260518 18:25:05.215430   130 feature_extraction.cc:323]   Gravity:         X=0.000, Y=1.000, Z=0.000
2026-05-18T18:25:08 COLMAP[feature_extractor] I20260518 18:25:08.841858   130 feature_extraction.cc:280] Processed file [1299/1710]
2026-05-18T18:25:08 COLMAP[feature_extractor] I20260518 18:25:08.841954   130 feature_extraction.cc:283]   Name:            DJI_01299.JPG
2026-05-18T18:25:08 COLMAP[feature_extractor] I20260518 18:25:08.841967   130 feature_extraction.cc:292]   Dimensions:      4000 x 2250
2026-05-18T18:25:08 COLMAP[feature_extractor] I20260518 18:25:08.841979   130 feature_extraction.cc:295]   Camera:          #1 - SIMPLE_RADIAL
2026-05-18T18:25:08 COLMAP[feature_extractor] I20260518 18:25:08.841990   130 feature_extraction.cc:298]   Focal Length:    2545.54px (Prior)
2026-05-18T18:25:08 COLMAP[feature_extractor] I20260518 18:25:08.842005   130 feature_extraction.cc:302]   Features:        9013 (SIFT)
2026-05-18T18:25:09 COLMAP[feature_extractor] I20260518 18:25:09.098948   130 feature_extraction.cc:316]   GPS:             LAT=40.523, LON=-111.892, ALT=1425.714
2026-05-18T18:25:09 COLMAP[feature_extractor] I20260518 18:25:09.099007   130 feature_extraction.cc:323]   Gravity:         X=0.000, Y=1.000, Z=0.000
2026-05-18T18:25:09 COLMAP[feature_extractor] I20260518 18:25:09.571511   130 feature_extraction.cc:280] Processed file [1300/1710]
2026-05-18T18:25:09 COLMAP[feature_extractor] I20260518 18:25:09.571573   130 feature_extraction.cc:283]   Name:            DJI_01300.JPG
2026-05-18T18:25:09 COLMAP[feature_extractor] I20260518 18:25:09.571584   130 feature_extraction.cc:292]   Dimensions:      4000 x 2250
2026-05-18T18:25:09 COLMAP[feature_extractor] I20260518 18:25:09.571595   130 feature_extraction.cc:295]   Camera:          #1 - SIMPLE_RADIAL
2026-05-18T18:25:09 COLMAP[feature_extractor] I20260518 18:25:09.571607   130 feature_extraction.cc:298]   Focal Length:    2545.54px (Prior)
2026-05-18T18:25:09 COLMAP[feature_extractor] I20260518 18:25:09.571623   130 feature_extraction.cc:302]   Features:        9217 (SIFT)
2026-05-18T18:25:09 COLMAP[feature_extractor] I20260518 18:25:09.862593   130 feature_extraction.cc:316]   GPS:             LAT=40.523, LON=-111.892, ALT=1425.714
2026-05-18T18:25:09 COLMAP[feature_extractor] I20260518 18:25:09.862658   130 feature_extraction.cc:323]   Gravity:         X=0.000, Y=1.000, Z=0.000
2026-05-18T18:25:14 COLMAP[feature_extractor] I20260518 18:25:13.849493   130 feature_extraction.cc:280] Processed file [1301/1710]
2026-05-18T18:25:14 COLMAP[feature_extractor] I20260518 18:25:13.849552   130 feature_extraction.cc:283]   Name:            DJI_01301.JPG
2026-05-18T18:25:14 COLMAP[feature_extractor] I20260518 18:25:13.849565   130 feature_extraction.cc:292]   Dimensions:      4000 x 2250
2026-05-18T18:25:14 COLMAP[feature_extractor] I20260518 18:25:13.849575   130 feature_extraction.cc:295]   Camera:          #1 - SIMPLE_RADIAL
2026-05-18T18:25:14 COLMAP[feature_extractor] I20260518 18:25:13.849587   130 feature_extraction.cc:298]   Focal Length:    2545.54px (Prior)
2026-05-18T18:25:14 COLMAP[feature_extractor] I20260518 18:25:13.849603   130 feature_extraction.cc:302]   Features:        9293 (SIFT)
2026-05-18T18:25:15 COLMAP[feature_extractor] I20260518 18:25:14.088379   130 feature_extraction.cc:316]   GPS:             LAT=40.523, LON=-111.892, ALT=1425.814
2026-05-18T18:25:15 COLMAP[feature_extractor] I20260518 18:25:14.088436   130 feature_extraction.cc:323]   Gravity:         X=0.000, Y=1.000, Z=0.000
2026-05-18T18:25:15 COLMAP[feature_extractor] I20260518 18:25:14.222590   130 feature_extraction.cc:280] Processed file [1302/1710]
2026-05-18T18:25:15 COLMAP[feature_extractor] I20260518 18:25:14.222647   130 feature_extraction.cc:283]   Name:            DJI_01302.JPG
2026-05-18T18:25:15 COLMAP[feature_extractor] I20260518 18:25:14.222659   130 feature_extraction.cc:292]   Dimensions:      4000 x 2250
2026-05-18T18:25:15 COLMAP[feature_extractor] I20260518 18:25:14.222671   130 feature_extraction.cc:295]   Camera:          #1 - SIMPLE_RADIAL
2026-05-18T18:25:15 COLMAP[feature_extractor] I20260518 18:25:14.222681   130 feature_extraction.cc:298]   Focal Length:    2545.54px (Prior)
2026-05-18T18:25:15 COLMAP[feature_extractor] I20260518 18:25:14.222697   130 feature_extraction.cc:302]   Features:        8893 (SIFT)
2026-05-18T18:25:15 COLMAP[feature_extractor] I20260518 18:25:14.447218   130 feature_extraction.cc:316]   GPS:             LAT=40.523, LON=-111.892, ALT=1425.914
2026-05-18T18:25:15 COLMAP[feature_extractor] I20260518 18:25:14.447276   130 feature_extraction.cc:323]   Gravity:         X=0.000, Y=1.000, Z=0.000
2026-05-18T18:25:19 COLMAP[feature_extractor] I20260518 18:25:18.125916   130 feature_extraction.cc:280] Processed file [1303/1710]
2026-05-18T18:25:19 COLMAP[feature_extractor] I20260518 18:25:18.125975   130 feature_extraction.cc:283]   Name:            DJI_01303.JPG
2026-05-18T18:25:19 COLMAP[feature_extractor] I20260518 18:25:18.125988   130 feature_extraction.cc:292]   Dimensions:      4000 x 2250
2026-05-18T18:25:19 COLMAP[feature_extractor] I20260518 18:25:18.125998   130 feature_extraction.cc:295]   Camera:          #1 - SIMPLE_RADIAL
2026-05-18T18:25:19 COLMAP[feature_extractor] I20260518 18:25:18.126009   130 feature_extraction.cc:298]   Focal Length:    2545.54px (Prior)
2026-05-18T18:25:19 COLMAP[feature_extractor] I20260518 18:25:18.126025   130 feature_extraction.cc:302]   Features:        8928 (SIFT)
2026-05-18T18:25:19 COLMAP[feature_extractor] I20260518 18:25:18.362129   130 feature_extraction.cc:316]   GPS:             LAT=40.523, LON=-111.892, ALT=1425.314
2026-05-18T18:25:19 COLMAP[feature_extractor] I20260518 18:25:18.362191   130 feature_extraction.cc:323]   Gravity:         X=0.000, Y=1.000, Z=0.000
2026-05-18T18:25:19 COLMAP[feature_extractor] I20260518 18:25:18.717042   130 feature_extraction.cc:280] Processed file [1304/1710]
2026-05-18T18:25:19 COLMAP[feature_extractor] I20260518 18:25:18.717170   130 feature_extraction.cc:283]   Name:            DJI_01304.JPG
2026-05-18T18:25:19 COLMAP[feature_extractor] I20260518 18:25:18.717182   130 feature_extraction.cc:292]   Dimensions:      4000 x 2250
2026-05-18T18:25:19 COLMAP[feature_extractor] I20260518 18:25:18.717193   130 feature_extraction.cc:295]   Camera:          #1 - SIMPLE_RADIAL
2026-05-18T18:25:19 COLMAP[feature_extractor] I20260518 18:25:18.717243   130 feature_extraction.cc:298]   Focal Length:    2545.54px (Prior)
2026-05-18T18:25:19 COLMAP[feature_extractor] I20260518 18:25:18.717260   130 feature_extraction.cc:302]   Features:        9003 (SIFT)
2026-05-18T18:25:19 COLMAP[feature_extractor] I20260518 18:25:18.918277   130 feature_extraction.cc:316]   GPS:             LAT=40.523, LON=-111.892, ALT=1424.914
2026-05-18T18:25:19 COLMAP[feature_extractor] I20260518 18:25:18.918332   130 feature_extraction.cc:323]   Gravity:         X=0.000, Y=1.000, Z=0.000
2026-05-18T18:25:24 COLMAP[feature_extractor] I20260518 18:25:23.094043   130 feature_extraction.cc:280] Processed file [1305/1710]
2026-05-18T18:25:24 COLMAP[feature_extractor] I20260518 18:25:23.094101   130 feature_extraction.cc:283]   Name:            DJI_01305.JPG
2026-05-18T18:25:24 COLMAP[feature_extractor] I20260518 18:25:23.094115   130 feature_extraction.cc:292]   Dimensions:      4000 x 2250
2026-05-18T18:25:24 COLMAP[feature_extractor] I20260518 18:25:23.094125   130 feature_extraction.cc:295]   Camera:          #1 - SIMPLE_RADIAL
2026-05-18T18:25:24 COLMAP[feature_extractor] I20260518 18:25:23.094136   130 feature_extraction.cc:298]   Focal Length:    2545.54px (Prior)
2026-05-18T18:25:24 COLMAP[feature_extractor] I20260518 18:25:23.094152   130 feature_extraction.cc:302]   Features:        9491 (SIFT)
2026-05-18T18:25:24 COLMAP[feature_extractor] I20260518 18:25:23.345144   130 feature_extraction.cc:316]   GPS:             LAT=40.523, LON=-111.892, ALT=1425.314
2026-05-18T18:25:24 COLMAP[feature_extractor] I20260518 18:25:23.345203   130 feature_extraction.cc:323]   Gravity:         X=0.000, Y=1.000, Z=0.000
2026-05-18T18:25:24 COLMAP[feature_extractor] I20260518 18:25:23.354950   130 feature_extraction.cc:280] Processed file [1306/1710]
2026-05-18T18:25:24 COLMAP[feature_extractor] I20260518 18:25:23.360520   130 feature_extraction.cc:283]   Name:            DJI_01306.JPG
2026-05-18T18:25:24 COLMAP[feature_extractor] I20260518 18:25:23.360587   130 feature_extraction.cc:292]   Dimensions:      4000 x 2250
2026-05-18T18:25:24 COLMAP[feature_extractor] I20260518 18:25:23.360617   130 feature_extraction.cc:295]   Camera:          #1 - SIMPLE_RADIAL
2026-05-18T18:25:24 COLMAP[feature_extractor] I20260518 18:25:23.360644   130 feature_extraction.cc:298]   Focal Length:    2545.54px (Prior)
2026-05-18T18:25:24 COLMAP[feature_extractor] I20260518 18:25:23.360673   130 feature_extraction.cc:302]   Features:        9448 (SIFT)
2026-05-18T18:25:24 COLMAP[feature_extractor] I20260518 18:25:23.627489   130 feature_extraction.cc:316]   GPS:             LAT=40.523, LON=-111.892, ALT=1424.914
2026-05-18T18:25:24 COLMAP[feature_extractor] I20260518 18:25:23.627549   130 feature_extraction.cc:323]   Gravity:         X=0.000, Y=1.000, Z=0.000
2026-05-18T18:25:28 COLMAP[feature_extractor] I20260518 18:25:27.359278   130 feature_extraction.cc:280] Processed file [1307/1710]
2026-05-18T18:25:28 COLMAP[feature_extractor] I20260518 18:25:27.359336   130 feature_extraction.cc:283]   Name:            DJI_01307.JPG
2026-05-18T18:25:28 COLMAP[feature_extractor] I20260518 18:25:27.359349   130 feature_extraction.cc:292]   Dimensions:      4000 x 2250
2026-05-18T18:25:28 COLMAP[feature_extractor] I20260518 18:25:27.359359   130 feature_extraction.cc:295]   Camera:          #1 - SIMPLE_RADIAL
2026-05-18T18:25:28 COLMAP[feature_extractor] I20260518 18:25:27.359370   130 feature_extraction.cc:298]   Focal Length:    2545.54px (Prior)
2026-05-18T18:25:28 COLMAP[feature_extractor] I20260518 18:25:27.359386   130 feature_extraction.cc:302]   Features:        8410 (SIFT)
2026-05-18T18:25:28 COLMAP[feature_extractor] I20260518 18:25:27.609751   130 feature_extraction.cc:316]   GPS:             LAT=40.523, LON=-111.892, ALT=1435.014
2026-05-18T18:25:28 COLMAP[feature_extractor] I20260518 18:25:27.609814   130 feature_extraction.cc:323]   Gravity:         X=0.000, Y=1.000, Z=0.000
2026-05-18T18:25:29 COLMAP[feature_extractor] I20260518 18:25:28.069993   130 feature_extraction.cc:280] Processed file [1308/1710]
2026-05-18T18:25:29 COLMAP[feature_extractor] I20260518 18:25:28.070044   130 feature_extraction.cc:283]   Name:            DJI_01308.JPG
2026-05-18T18:25:29 COLMAP[feature_extractor] I20260518 18:25:28.070057   130 feature_extraction.cc:292]   Dimensions:      4000 x 2250
2026-05-18T18:25:29 COLMAP[feature_extractor] I20260518 18:25:28.070067   130 feature_extraction.cc:295]   Camera:          #1 - SIMPLE_RADIAL
2026-05-18T18:25:29 COLMAP[feature_extractor] I20260518 18:25:28.070079   130 feature_extraction.cc:298]   Focal Length:    2545.54px (Prior)
2026-05-18T18:25:29 COLMAP[feature_extractor] I20260518 18:25:28.070094   130 feature_extraction.cc:302]   Features:        8204 (SIFT)
2026-05-18T18:25:29 COLMAP[feature_extractor] I20260518 18:25:28.410301   130 feature_extraction.cc:316]   GPS:             LAT=40.523, LON=-111.892, ALT=1435.114
2026-05-18T18:25:29 COLMAP[feature_extractor] I20260518 18:25:28.410367   130 feature_extraction.cc:323]   Gravity:         X=0.000, Y=1.000, Z=0.000
2026-05-18T18:25:33 COLMAP[feature_extractor] I20260518 18:25:32.118700   130 feature_extraction.cc:280] Processed file [1309/1710]
2026-05-18T18:25:33 COLMAP[feature_extractor] I20260518 18:25:32.118753   130 feature_extraction.cc:283]   Name:            DJI_01309.JPG
2026-05-18T18:25:33 COLMAP[feature_extractor] I20260518 18:25:32.118765   130 feature_extraction.cc:292]   Dimensions:      4000 x 2250
2026-05-18T18:25:33 COLMAP[feature_extractor] I20260518 18:25:32.118777   130 feature_extraction.cc:295]   Camera:          #1 - SIMPLE_RADIAL
2026-05-18T18:25:33 COLMAP[feature_extractor] I20260518 18:25:32.118788   130 feature_extraction.cc:298]   Focal Length:    2545.54px (Prior)
2026-05-18T18:25:33 COLMAP[feature_extractor] I20260518 18:25:32.118803   130 feature_extraction.cc:302]   Features:        8425 (SIFT)
2026-05-18T18:25:33 COLMAP[feature_extractor] I20260518 18:25:32.302958   130 feature_extraction.cc:316]   GPS:             LAT=40.523, LON=-111.892, ALT=1435.014
2026-05-18T18:25:33 COLMAP[feature_extractor] I20260518 18:25:32.303051   130 feature_extraction.cc:323]   Gravity:         X=0.000, Y=1.000, Z=0.000
2026-05-18T18:25:33 COLMAP[feature_extractor] I20260518 18:25:32.573668   130 feature_extraction.cc:280] Processed file [1310/1710]
2026-05-18T18:25:33 COLMAP[feature_extractor] I20260518 18:25:32.573736   130 feature_extraction.cc:283]   Name:            DJI_01310.JPG
2026-05-18T18:25:33 COLMAP[feature_extractor] I20260518 18:25:32.573750   130 feature_extraction.cc:292]   Dimensions:      4000 x 2250
2026-05-18T18:25:33 COLMAP[feature_extractor] I20260518 18:25:32.573761   130 feature_extraction.cc:295]   Camera:          #1 - SIMPLE_RADIAL
2026-05-18T18:25:33 COLMAP[feature_extractor] I20260518 18:25:32.573773   130 feature_extraction.cc:298]   Focal Length:    2545.54px (Prior)
2026-05-18T18:25:33 COLMAP[feature_extractor] I20260518 18:25:32.573791   130 feature_extraction.cc:302]   Features:        9891 (SIFT)
2026-05-18T18:25:33 COLMAP[feature_extractor] I20260518 18:25:32.865676   130 feature_extraction.cc:316]   GPS:             LAT=40.523, LON=-111.892, ALT=1435.214
2026-05-18T18:25:33 COLMAP[feature_extractor] I20260518 18:25:32.865758   130 feature_extraction.cc:323]   Gravity:         X=0.000, Y=1.000, Z=0.000
2026-05-18T18:25:37 COLMAP[feature_extractor] I20260518 18:25:36.602087   130 feature_extraction.cc:280] Processed file [1311/1710]
2026-05-18T18:25:37 COLMAP[feature_extractor] I20260518 18:25:36.602149   130 feature_extraction.cc:283]   Name:            DJI_01311.JPG
2026-05-18T18:25:37 COLMAP[feature_extractor] I20260518 18:25:36.602161   130 feature_extraction.cc:292]   Dimensions:      4000 x 2250
2026-05-18T18:25:37 COLMAP[feature_extractor] I20260518 18:25:36.602172   130 feature_extraction.cc:295]   Camera:          #1 - SIMPLE_RADIAL
2026-05-18T18:25:37 COLMAP[feature_extractor] I20260518 18:25:36.602183   130 feature_extraction.cc:298]   Focal Length:    2545.54px (Prior)
2026-05-18T18:25:37 COLMAP[feature_extractor] I20260518 18:25:36.602200   130 feature_extraction.cc:302]   Features:        9866 (SIFT)
2026-05-18T18:25:37 COLMAP[feature_extractor] I20260518 18:25:36.878100   130 feature_extraction.cc:316]   GPS:             LAT=40.523, LON=-111.892, ALT=1434.914
2026-05-18T18:25:37 COLMAP[feature_extractor] I20260518 18:25:36.878163   130 feature_extraction.cc:323]   Gravity:         X=0.000, Y=1.000, Z=0.000
2026-05-18T18:25:38 COLMAP[feature_extractor] I20260518 18:25:37.438982   130 feature_extraction.cc:280] Processed file [1312/1710]
2026-05-18T18:25:38 COLMAP[feature_extractor] I20260518 18:25:37.439033   130 feature_extraction.cc:283]   Name:            DJI_01312.JPG
2026-05-18T18:25:38 COLMAP[feature_extractor] I20260518 18:25:37.439045   130 feature_extraction.cc:292]   Dimensions:      4000 x 2250
2026-05-18T18:25:38 COLMAP[feature_extractor] I20260518 18:25:37.439056   130 feature_extraction.cc:295]   Camera:          #1 - SIMPLE_RADIAL
2026-05-18T18:25:38 COLMAP[feature_extractor] I20260518 18:25:37.439069   130 feature_extraction.cc:298]   Focal Length:    2545.54px (Prior)
2026-05-18T18:25:38 COLMAP[feature_extractor] I20260518 18:25:37.439085   130 feature_extraction.cc:302]   Features:        10197 (SIFT)
2026-05-18T18:25:38 COLMAP[feature_extractor] I20260518 18:25:37.693387   130 feature_extraction.cc:316]   GPS:             LAT=40.523, LON=-111.892, ALT=1435.714
2026-05-18T18:25:38 COLMAP[feature_extractor] I20260518 18:25:37.693442   130 feature_extraction.cc:323]   Gravity:         X=0.000, Y=1.000, Z=0.000
2026-05-18T18:25:42 COLMAP[feature_extractor] I20260518 18:25:41.393889   130 feature_extraction.cc:280] Processed file [1313/1710]
2026-05-18T18:25:42 COLMAP[feature_extractor] I20260518 18:25:41.393982   130 feature_extraction.cc:283]   Name:            DJI_01313.JPG
2026-05-18T18:25:42 COLMAP[feature_extractor] I20260518 18:25:41.393996   130 feature_extraction.cc:292]   Dimensions:      4000 x 2250
2026-05-18T18:25:42 COLMAP[feature_extractor] I20260518 18:25:41.394007   130 feature_extraction.cc:295]   Camera:          #1 - SIMPLE_RADIAL
2026-05-18T18:25:42 COLMAP[feature_extractor] I20260518 18:25:41.394019   130 feature_extraction.cc:298]   Focal Length:    2545.54px (Prior)
2026-05-18T18:25:42 COLMAP[feature_extractor] I20260518 18:25:41.394035   130 feature_extraction.cc:302]   Features:        8891 (SIFT)
2026-05-18T18:25:42 COLMAP[feature_extractor] I20260518 18:25:41.706985   130 feature_extraction.cc:316]   GPS:             LAT=40.523, LON=-111.893, ALT=1443.914
2026-05-18T18:25:42 COLMAP[feature_extractor] I20260518 18:25:41.707044   130 feature_extraction.cc:323]   Gravity:         X=0.000, Y=1.000, Z=0.000
2026-05-18T18:25:42 COLMAP[feature_extractor] I20260518 18:25:41.946987   130 feature_extraction.cc:280] Processed file [1314/1710]
2026-05-18T18:25:42 COLMAP[feature_extractor] I20260518 18:25:41.947041   130 feature_extraction.cc:283]   Name:            DJI_01314.JPG
2026-05-18T18:25:42 COLMAP[feature_extractor] I20260518 18:25:41.947053   130 feature_extraction.cc:292]   Dimensions:      4000 x 2250
2026-05-18T18:25:42 COLMAP[feature_extractor] I20260518 18:25:41.947064   130 feature_extraction.cc:295]   Camera:          #1 - SIMPLE_RADIAL
2026-05-18T18:25:42 COLMAP[feature_extractor] I20260518 18:25:41.947077   130 feature_extraction.cc:298]   Focal Length:    2545.54px (Prior)
2026-05-18T18:25:42 COLMAP[feature_extractor] I20260518 18:25:41.947091   130 feature_extraction.cc:302]   Features:        8993 (SIFT)
2026-05-18T18:25:43 COLMAP[feature_extractor] I20260518 18:25:42.182699   130 feature_extraction.cc:316]   GPS:             LAT=40.523, LON=-111.893, ALT=1444.214
2026-05-18T18:25:43 COLMAP[feature_extractor] I20260518 18:25:42.182760   130 feature_extraction.cc:323]   Gravity:         X=0.000, Y=1.000, Z=0.000
2026-05-18T18:25:46 COLMAP[feature_extractor] I20260518 18:25:45.934532   130 feature_extraction.cc:280] Processed file [1315/1710]
2026-05-18T18:25:46 COLMAP[feature_extractor] I20260518 18:25:45.934589   130 feature_extraction.cc:283]   Name:            DJI_01315.JPG
2026-05-18T18:25:46 COLMAP[feature_extractor] I20260518 18:25:45.934602   130 feature_extraction.cc:292]   Dimensions:      4000 x 2250
2026-05-18T18:25:46 COLMAP[feature_extractor] I20260518 18:25:45.934612   130 feature_extraction.cc:295]   Camera:          #1 - SIMPLE_RADIAL
2026-05-18T18:25:46 COLMAP[feature_extractor] I20260518 18:25:45.934624   130 feature_extraction.cc:298]   Focal Length:    2545.54px (Prior)
2026-05-18T18:25:46 COLMAP[feature_extractor] I20260518 18:25:45.934640   130 feature_extraction.cc:302]   Features:        9646 (SIFT)
2026-05-18T18:25:47 COLMAP[feature_extractor] I20260518 18:25:46.184091   130 feature_extraction.cc:316]   GPS:             LAT=40.523, LON=-111.893, ALT=1445.514
2026-05-18T18:25:47 COLMAP[feature_extractor] I20260518 18:25:46.184146   130 feature_extraction.cc:323]   Gravity:         X=0.000, Y=1.000, Z=0.000
2026-05-18T18:25:47 COLMAP[feature_extractor] I20260518 18:25:46.813490   130 feature_extraction.cc:280] Processed file [1316/1710]
2026-05-18T18:25:47 COLMAP[feature_extractor] I20260518 18:25:46.813550   130 feature_extraction.cc:283]   Name:            DJI_01316.JPG
2026-05-18T18:25:47 COLMAP[feature_extractor] I20260518 18:25:46.813562   130 feature_extraction.cc:292]   Dimensions:      4000 x 2250
2026-05-18T18:25:47 COLMAP[feature_extractor] I20260518 18:25:46.813573   130 feature_extraction.cc:295]   Camera:          #1 - SIMPLE_RADIAL
2026-05-18T18:25:47 COLMAP[feature_extractor] I20260518 18:25:46.813584   130 feature_extraction.cc:298]   Focal Length:    2545.54px (Prior)
2026-05-18T18:25:47 COLMAP[feature_extractor] I20260518 18:25:46.813601   130 feature_extraction.cc:302]   Features:        9947 (SIFT)
2026-05-18T18:25:48 COLMAP[feature_extractor] I20260518 18:25:47.128023   130 feature_extraction.cc:316]   GPS:             LAT=40.523, LON=-111.893, ALT=1447.014
2026-05-18T18:25:48 COLMAP[feature_extractor] I20260518 18:25:47.128083   130 feature_extraction.cc:323]   Gravity:         X=0.000, Y=1.000, Z=0.000
2026-05-18T18:25:51 COLMAP[feature_extractor] I20260518 18:25:50.484418   130 feature_extraction.cc:280] Processed file [1317/1710]
2026-05-18T18:25:51 COLMAP[feature_extractor] I20260518 18:25:50.484475   130 feature_extraction.cc:283]   Name:            DJI_01317.JPG
2026-05-18T18:25:51 COLMAP[feature_extractor] I20260518 18:25:50.484488   130 feature_extraction.cc:292]   Dimensions:      4000 x 2250
2026-05-18T18:25:51 COLMAP[feature_extractor] I20260518 18:25:50.484498   130 feature_extraction.cc:295]   Camera:          #1 - SIMPLE_RADIAL
2026-05-18T18:25:51 COLMAP[feature_extractor] I20260518 18:25:50.484509   130 feature_extraction.cc:298]   Focal Length:    2545.54px (Prior)
2026-05-18T18:25:51 COLMAP[feature_extractor] I20260518 18:25:50.484525   130 feature_extraction.cc:302]   Features:        10055 (SIFT)
2026-05-18T18:25:51 COLMAP[feature_extractor] I20260518 18:25:50.682678   130 feature_extraction.cc:316]   GPS:             LAT=40.523, LON=-111.893, ALT=1447.814
2026-05-18T18:25:51 COLMAP[feature_extractor] I20260518 18:25:50.682734   130 feature_extraction.cc:323]   Gravity:         X=0.000, Y=1.000, Z=0.000
2026-05-18T18:25:52 COLMAP[feature_extractor] I20260518 18:25:51.069726   130 feature_extraction.cc:280] Processed file [1318/1710]
2026-05-18T18:25:52 COLMAP[feature_extractor] I20260518 18:25:51.069792   130 feature_extraction.cc:283]   Name:            DJI_01318.JPG
2026-05-18T18:25:52 COLMAP[feature_extractor] I20260518 18:25:51.069803   130 feature_extraction.cc:292]   Dimensions:      4000 x 2250
2026-05-18T18:25:52 COLMAP[feature_extractor] I20260518 18:25:51.069814   130 feature_extraction.cc:295]   Camera:          #1 - SIMPLE_RADIAL
2026-05-18T18:25:52 COLMAP[feature_extractor] I20260518 18:25:51.069855   130 feature_extraction.cc:298]   Focal Length:    2545.54px (Prior)
2026-05-18T18:25:52 COLMAP[feature_extractor] I20260518 18:25:51.069872   130 feature_extraction.cc:302]   Features:        9521 (SIFT)
2026-05-18T18:25:52 COLMAP[feature_extractor] I20260518 18:25:51.305028   130 feature_extraction.cc:316]   GPS:             LAT=40.523, LON=-111.892, ALT=1448.014
2026-05-18T18:25:52 COLMAP[feature_extractor] I20260518 18:25:51.305084   130 feature_extraction.cc:323]   Gravity:         X=0.000, Y=1.000, Z=0.000
2026-05-18T18:25:56 COLMAP[feature_extractor] I20260518 18:25:55.188450   130 feature_extraction.cc:280] Processed file [1319/1710]
2026-05-18T18:25:56 COLMAP[feature_extractor] I20260518 18:25:55.188509   130 feature_extraction.cc:283]   Name:            DJI_01319.JPG
2026-05-18T18:25:56 COLMAP[feature_extractor] I20260518 18:25:55.188521   130 feature_extraction.cc:292]   Dimensions:      4000 x 2250
2026-05-18T18:25:56 COLMAP[feature_extractor] I20260518 18:25:55.188532   130 feature_extraction.cc:295]   Camera:          #1 - SIMPLE_RADIAL
2026-05-18T18:25:56 COLMAP[feature_extractor] I20260518 18:25:55.188544   130 feature_extraction.cc:298]   Focal Length:    2545.54px (Prior)
2026-05-18T18:25:56 COLMAP[feature_extractor] I20260518 18:25:55.188560   130 feature_extraction.cc:302]   Features:        9022 (SIFT)
2026-05-18T18:25:56 COLMAP[feature_extractor] I20260518 18:25:55.431936   130 feature_extraction.cc:316]   GPS:             LAT=40.523, LON=-111.892, ALT=1447.614
2026-05-18T18:25:56 COLMAP[feature_extractor] I20260518 18:25:55.431993   130 feature_extraction.cc:323]   Gravity:         X=0.000, Y=1.000, Z=0.000
2026-05-18T18:25:57 COLMAP[feature_extractor] I20260518 18:25:56.265709   130 feature_extraction.cc:280] Processed file [1320/1710]
2026-05-18T18:25:57 COLMAP[feature_extractor] I20260518 18:25:56.265771   130 feature_extraction.cc:283]   Name:            DJI_01320.JPG
2026-05-18T18:25:57 COLMAP[feature_extractor] I20260518 18:25:56.265784   130 feature_extraction.cc:292]   Dimensions:      4000 x 2250
2026-05-18T18:25:57 COLMAP[feature_extractor] I20260518 18:25:56.265794   130 feature_extraction.cc:295]   Camera:          #1 - SIMPLE_RADIAL
2026-05-18T18:25:57 COLMAP[feature_extractor] I20260518 18:25:56.265806   130 feature_extraction.cc:298]   Focal Length:    2545.54px (Prior)
2026-05-18T18:25:57 COLMAP[feature_extractor] I20260518 18:25:56.265822   130 feature_extraction.cc:302]   Features:        9174 (SIFT)
2026-05-18T18:25:57 COLMAP[feature_extractor] I20260518 18:25:56.429860   130 feature_extraction.cc:316]   GPS:             LAT=40.523, LON=-111.892, ALT=1446.814
2026-05-18T18:25:57 COLMAP[feature_extractor] I20260518 18:25:56.429920   130 feature_extraction.cc:323]   Gravity:         X=0.000, Y=1.000, Z=0.000
2026-05-18T18:26:00 COLMAP[feature_extractor] I20260518 18:25:59.519590   130 feature_extraction.cc:280] Processed file [1321/1710]
2026-05-18T18:26:00 COLMAP[feature_extractor] I20260518 18:25:59.519652   130 feature_extraction.cc:283]   Name:            DJI_01321.JPG
2026-05-18T18:26:00 COLMAP[feature_extractor] I20260518 18:25:59.519665   130 feature_extraction.cc:292]   Dimensions:      4000 x 2250
2026-05-18T18:26:00 COLMAP[feature_extractor] I20260518 18:25:59.519677   130 feature_extraction.cc:295]   Camera:          #1 - SIMPLE_RADIAL
2026-05-18T18:26:00 COLMAP[feature_extractor] I20260518 18:25:59.519690   130 feature_extraction.cc:298]   Focal Length:    2545.54px (Prior)
2026-05-18T18:26:00 COLMAP[feature_extractor] I20260518 18:25:59.519706   130 feature_extraction.cc:302]   Features:        8225 (SIFT)
2026-05-18T18:26:00 COLMAP[feature_extractor] I20260518 18:25:59.781291   130 feature_extraction.cc:316]   GPS:             LAT=40.523, LON=-111.892, ALT=1447.014
2026-05-18T18:26:00 COLMAP[feature_extractor] I20260518 18:25:59.781349   130 feature_extraction.cc:323]   Gravity:         X=0.000, Y=1.000, Z=0.000
2026-05-18T18:26:01 COLMAP[feature_extractor] I20260518 18:26:00.330996   130 feature_extraction.cc:280] Processed file [1322/1710]
2026-05-18T18:26:01 COLMAP[feature_extractor] I20260518 18:26:00.331053   130 feature_extraction.cc:283]   Name:            DJI_01322.JPG
2026-05-18T18:26:01 COLMAP[feature_extractor] I20260518 18:26:00.331066   130 feature_extraction.cc:292]   Dimensions:      4000 x 2250
2026-05-18T18:26:01 COLMAP[feature_extractor] I20260518 18:26:00.331076   130 feature_extraction.cc:295]   Camera:          #1 - SIMPLE_RADIAL
2026-05-18T18:26:01 COLMAP[feature_extractor] I20260518 18:26:00.331087   130 feature_extraction.cc:298]   Focal Length:    2545.54px (Prior)
2026-05-18T18:26:01 COLMAP[feature_extractor] I20260518 18:26:00.331104   130 feature_extraction.cc:302]   Features:        11537 (SIFT)
2026-05-18T18:26:01 COLMAP[feature_extractor] I20260518 18:26:00.507782   130 feature_extraction.cc:316]   GPS:             LAT=40.522, LON=-111.893, ALT=1419.399
2026-05-18T18:26:01 COLMAP[feature_extractor] I20260518 18:26:00.507846   130 feature_extraction.cc:323]   Gravity:         X=0.000, Y=1.000, Z=0.000
2026-05-18T18:26:05 COLMAP[feature_extractor] I20260518 18:26:04.604593   130 feature_extraction.cc:280] Processed file [1323/1710]
2026-05-18T18:26:05 COLMAP[feature_extractor] I20260518 18:26:04.604653   130 feature_extraction.cc:283]   Name:            DJI_01323.JPG
2026-05-18T18:26:05 COLMAP[feature_extractor] I20260518 18:26:04.604665   130 feature_extraction.cc:292]   Dimensions:      4000 x 2250
2026-05-18T18:26:05 COLMAP[feature_extractor] I20260518 18:26:04.604676   130 feature_extraction.cc:295]   Camera:          #1 - SIMPLE_RADIAL
2026-05-18T18:26:05 COLMAP[feature_extractor] I20260518 18:26:04.604687   130 feature_extraction.cc:298]   Focal Length:    2545.54px (Prior)
2026-05-18T18:26:05 COLMAP[feature_extractor] I20260518 18:26:04.604703   130 feature_extraction.cc:302]   Features:        11574 (SIFT)
2026-05-18T18:26:05 COLMAP[feature_extractor] I20260518 18:26:04.813115   130 feature_extraction.cc:316]   GPS:             LAT=40.522, LON=-111.893, ALT=1426.399
2026-05-18T18:26:05 COLMAP[feature_extractor] I20260518 18:26:04.813210   130 feature_extraction.cc:323]   Gravity:         X=0.000, Y=1.000, Z=0.000
2026-05-18T18:26:06 COLMAP[feature_extractor] I20260518 18:26:05.530872   130 feature_extraction.cc:280] Processed file [1324/1710]
2026-05-18T18:26:06 COLMAP[feature_extractor] I20260518 18:26:05.530933   130 feature_extraction.cc:283]   Name:            DJI_01324.JPG
2026-05-18T18:26:06 COLMAP[feature_extractor] I20260518 18:26:05.530946   130 feature_extraction.cc:292]   Dimensions:      4000 x 2250
2026-05-18T18:26:06 COLMAP[feature_extractor] I20260518 18:26:05.530956   130 feature_extraction.cc:295]   Camera:          #1 - SIMPLE_RADIAL
2026-05-18T18:26:06 COLMAP[feature_extractor] I20260518 18:26:05.530967   130 feature_extraction.cc:298]   Focal Length:    2545.54px (Prior)
2026-05-18T18:26:06 COLMAP[feature_extractor] I20260518 18:26:05.530983   130 feature_extraction.cc:302]   Features:        11842 (SIFT)
2026-05-18T18:26:06 COLMAP[feature_extractor] I20260518 18:26:05.769052   130 feature_extraction.cc:316]   GPS:             LAT=40.522, LON=-111.893, ALT=1458.499
2026-05-18T18:26:06 COLMAP[feature_extractor] I20260518 18:26:05.769111   130 feature_extraction.cc:323]   Gravity:         X=0.000, Y=1.000, Z=0.000
2026-05-18T18:26:09 COLMAP[feature_extractor] I20260518 18:26:08.958966   130 feature_extraction.cc:280] Processed file [1325/1710]
2026-05-18T18:26:09 COLMAP[feature_extractor] I20260518 18:26:08.959025   130 feature_extraction.cc:283]   Name:            DJI_01325.JPG
2026-05-18T18:26:09 COLMAP[feature_extractor] I20260518 18:26:08.959038   130 feature_extraction.cc:292]   Dimensions:      4000 x 2250
2026-05-18T18:26:09 COLMAP[feature_extractor] I20260518 18:26:08.959048   130 feature_extraction.cc:295]   Camera:          #1 - SIMPLE_RADIAL
2026-05-18T18:26:09 COLMAP[feature_extractor] I20260518 18:26:08.959059   130 feature_extraction.cc:298]   Focal Length:    2545.54px (Prior)
2026-05-18T18:26:09 COLMAP[feature_extractor] I20260518 18:26:08.959075   130 feature_extraction.cc:302]   Features:        9818 (SIFT)
2026-05-18T18:26:10 COLMAP[feature_extractor] I20260518 18:26:09.161196   130 feature_extraction.cc:316]   GPS:             LAT=40.522, LON=-111.893, ALT=1458.599
2026-05-18T18:26:10 COLMAP[feature_extractor] I20260518 18:26:09.161255   130 feature_extraction.cc:323]   Gravity:         X=0.000, Y=1.000, Z=0.000
2026-05-18T18:26:10 COLMAP[feature_extractor] I20260518 18:26:09.766714   130 feature_extraction.cc:280] Processed file [1326/1710]
2026-05-18T18:26:10 COLMAP[feature_extractor] I20260518 18:26:09.766770   130 feature_extraction.cc:283]   Name:            DJI_01326.JPG
2026-05-18T18:26:10 COLMAP[feature_extractor] I20260518 18:26:09.766782   130 feature_extraction.cc:292]   Dimensions:      4000 x 2250
2026-05-18T18:26:10 COLMAP[feature_extractor] I20260518 18:26:09.766793   130 feature_extraction.cc:295]   Camera:          #1 - SIMPLE_RADIAL
2026-05-18T18:26:10 COLMAP[feature_extractor] I20260518 18:26:09.766804   130 feature_extraction.cc:298]   Focal Length:    2545.54px (Prior)
2026-05-18T18:26:10 COLMAP[feature_extractor] I20260518 18:26:09.766820   130 feature_extraction.cc:302]   Features:        10155 (SIFT)
2026-05-18T18:26:11 COLMAP[feature_extractor] I20260518 18:26:10.033856   130 feature_extraction.cc:316]   GPS:             LAT=40.522, LON=-111.893, ALT=1459.099
2026-05-18T18:26:11 COLMAP[feature_extractor] I20260518 18:26:10.033921   130 feature_extraction.cc:323]   Gravity:         X=0.000, Y=1.000, Z=0.000
2026-05-18T18:26:14 COLMAP[feature_extractor] I20260518 18:26:13.991909   130 feature_extraction.cc:280] Processed file [1327/1710]
2026-05-18T18:26:14 COLMAP[feature_extractor] I20260518 18:26:13.991999   130 feature_extraction.cc:283]   Name:            DJI_01327.JPG
2026-05-18T18:26:14 COLMAP[feature_extractor] I20260518 18:26:13.992012   130 feature_extraction.cc:292]   Dimensions:      4000 x 2250
2026-05-18T18:26:14 COLMAP[feature_extractor] I20260518 18:26:13.992022   130 feature_extraction.cc:295]   Camera:          #1 - SIMPLE_RADIAL
2026-05-18T18:26:14 COLMAP[feature_extractor] I20260518 18:26:13.992030   130 feature_extraction.cc:298]   Focal Length:    2545.54px (Prior)
2026-05-18T18:26:14 COLMAP[feature_extractor] I20260518 18:26:13.992044   130 feature_extraction.cc:302]   Features:        9552 (SIFT)
2026-05-18T18:26:15 COLMAP[feature_extractor] I20260518 18:26:14.277734   130 feature_extraction.cc:316]   GPS:             LAT=40.522, LON=-111.893, ALT=1459.099
2026-05-18T18:26:15 COLMAP[feature_extractor] I20260518 18:26:14.277797   130 feature_extraction.cc:323]   Gravity:         X=0.000, Y=1.000, Z=0.000
2026-05-18T18:26:15 COLMAP[feature_extractor] I20260518 18:26:14.828756   130 feature_extraction.cc:280] Processed file [1328/1710]
2026-05-18T18:26:15 COLMAP[feature_extractor] I20260518 18:26:14.828819   130 feature_extraction.cc:283]   Name:            DJI_01328.JPG
2026-05-18T18:26:15 COLMAP[feature_extractor] I20260518 18:26:14.828830   130 feature_extraction.cc:292]   Dimensions:      4000 x 2250
2026-05-18T18:26:15 COLMAP[feature_extractor] I20260518 18:26:14.828840   130 feature_extraction.cc:295]   Camera:          #1 - SIMPLE_RADIAL
2026-05-18T18:26:15 COLMAP[feature_extractor] I20260518 18:26:14.828850   130 feature_extraction.cc:298]   Focal Length:    2545.54px (Prior)
2026-05-18T18:26:15 COLMAP[feature_extractor] I20260518 18:26:14.828866   130 feature_extraction.cc:302]   Features:        10008 (SIFT)
2026-05-18T18:26:15 COLMAP[feature_extractor] I20260518 18:26:15.002651   130 feature_extraction.cc:316]   GPS:             LAT=40.522, LON=-111.893, ALT=1459.999
2026-05-18T18:26:15 COLMAP[feature_extractor] I20260518 18:26:15.002719   130 feature_extraction.cc:323]   Gravity:         X=0.000, Y=1.000, Z=0.000
2026-05-18T18:26:19 COLMAP[feature_extractor] I20260518 18:26:18.118621   130 feature_extraction.cc:280] Processed file [1329/1710]
2026-05-18T18:26:19 COLMAP[feature_extractor] I20260518 18:26:18.118683   130 feature_extraction.cc:283]   Name:            DJI_01329.JPG
2026-05-18T18:26:19 COLMAP[feature_extractor] I20260518 18:26:18.118695   130 feature_extraction.cc:292]   Dimensions:      4000 x 2250
2026-05-18T18:26:19 COLMAP[feature_extractor] I20260518 18:26:18.118706   130 feature_extraction.cc:295]   Camera:          #1 - SIMPLE_RADIAL
2026-05-18T18:26:19 COLMAP[feature_extractor] I20260518 18:26:18.118717   130 feature_extraction.cc:298]   Focal Length:    2545.54px (Prior)
2026-05-18T18:26:19 COLMAP[feature_extractor] I20260518 18:26:18.118733   130 feature_extraction.cc:302]   Features:        10369 (SIFT)
2026-05-18T18:26:19 COLMAP[feature_extractor] I20260518 18:26:18.427788   130 feature_extraction.cc:316]   GPS:             LAT=40.522, LON=-111.892, ALT=1460.299
2026-05-18T18:26:19 COLMAP[feature_extractor] I20260518 18:26:18.427853   130 feature_extraction.cc:323]   Gravity:         X=0.000, Y=1.000, Z=0.000
2026-05-18T18:26:19 COLMAP[feature_extractor] I20260518 18:26:18.969324   130 feature_extraction.cc:280] Processed file [1330/1710]
2026-05-18T18:26:19 COLMAP[feature_extractor] I20260518 18:26:18.969385   130 feature_extraction.cc:283]   Name:            DJI_01330.JPG
2026-05-18T18:26:19 COLMAP[feature_extractor] I20260518 18:26:18.969399   130 feature_extraction.cc:292]   Dimensions:      4000 x 2250
2026-05-18T18:26:19 COLMAP[feature_extractor] I20260518 18:26:18.969411   130 feature_extraction.cc:295]   Camera:          #1 - SIMPLE_RADIAL
2026-05-18T18:26:19 COLMAP[feature_extractor] I20260518 18:26:18.969424   130 feature_extraction.cc:298]   Focal Length:    2545.54px (Prior)
2026-05-18T18:26:19 COLMAP[feature_extractor] I20260518 18:26:18.969440   130 feature_extraction.cc:302]   Features:        10659 (SIFT)
2026-05-18T18:26:20 COLMAP[feature_extractor] I20260518 18:26:19.142257   130 feature_extraction.cc:316]   GPS:             LAT=40.522, LON=-111.892, ALT=1461.199
2026-05-18T18:26:20 COLMAP[feature_extractor] I20260518 18:26:19.142310   130 feature_extraction.cc:323]   Gravity:         X=0.000, Y=1.000, Z=0.000
2026-05-18T18:26:24 COLMAP[feature_extractor] I20260518 18:26:23.341945   130 feature_extraction.cc:280] Processed file [1331/1710]
2026-05-18T18:26:24 COLMAP[feature_extractor] I20260518 18:26:23.342005   130 feature_extraction.cc:283]   Name:            DJI_01331.JPG
2026-05-18T18:26:24 COLMAP[feature_extractor] I20260518 18:26:23.342016   130 feature_extraction.cc:292]   Dimensions:      4000 x 2250
2026-05-18T18:26:24 COLMAP[feature_extractor] I20260518 18:26:23.342027   130 feature_extraction.cc:295]   Camera:          #1 - SIMPLE_RADIAL
2026-05-18T18:26:24 COLMAP[feature_extractor] I20260518 18:26:23.342038   130 feature_extraction.cc:298]   Focal Length:    2545.54px (Prior)
2026-05-18T18:26:24 COLMAP[feature_extractor] I20260518 18:26:23.342054   130 feature_extraction.cc:302]   Features:        10999 (SIFT)
2026-05-18T18:26:24 COLMAP[feature_extractor] I20260518 18:26:23.637634   130 feature_extraction.cc:316]   GPS:             LAT=40.522, LON=-111.892, ALT=1462.199
2026-05-18T18:26:24 COLMAP[feature_extractor] I20260518 18:26:23.637710   130 feature_extraction.cc:323]   Gravity:         X=0.000, Y=1.000, Z=0.000
2026-05-18T18:26:24 COLMAP[feature_extractor] I20260518 18:26:24.027526   130 feature_extraction.cc:280] Processed file [1332/1710]
2026-05-18T18:26:24 COLMAP[feature_extractor] I20260518 18:26:24.027592   130 feature_extraction.cc:283]   Name:            DJI_01332.JPG
2026-05-18T18:26:24 COLMAP[feature_extractor] I20260518 18:26:24.027603   130 feature_extraction.cc:292]   Dimensions:      4000 x 2250
2026-05-18T18:26:24 COLMAP[feature_extractor] I20260518 18:26:24.027612   130 feature_extraction.cc:295]   Camera:          #1 - SIMPLE_RADIAL
2026-05-18T18:26:24 COLMAP[feature_extractor] I20260518 18:26:24.027659   130 feature_extraction.cc:298]   Focal Length:    2545.54px (Prior)
2026-05-18T18:26:24 COLMAP[feature_extractor] I20260518 18:26:24.027678   130 feature_extraction.cc:302]   Features:        8329 (SIFT)
2026-05-18T18:26:25 COLMAP[feature_extractor] I20260518 18:26:24.270298   130 feature_extraction.cc:316]   GPS:             LAT=40.522, LON=-111.892, ALT=1462.699
2026-05-18T18:26:25 COLMAP[feature_extractor] I20260518 18:26:24.270361   130 feature_extraction.cc:323]   Gravity:         X=0.000, Y=1.000, Z=0.000
2026-05-18T18:26:28 COLMAP[feature_extractor] I20260518 18:26:27.210501   130 feature_extraction.cc:280] Processed file [1333/1710]
2026-05-18T18:26:28 COLMAP[feature_extractor] I20260518 18:26:27.210568   130 feature_extraction.cc:283]   Name:            DJI_01333.JPG
2026-05-18T18:26:28 COLMAP[feature_extractor] I20260518 18:26:27.210580   130 feature_extraction.cc:292]   Dimensions:      4000 x 2250
2026-05-18T18:26:28 COLMAP[feature_extractor] I20260518 18:26:27.210592   130 feature_extraction.cc:295]   Camera:          #1 - SIMPLE_RADIAL
2026-05-18T18:26:28 COLMAP[feature_extractor] I20260518 18:26:27.210603   130 feature_extraction.cc:298]   Focal Length:    2545.54px (Prior)
2026-05-18T18:26:28 COLMAP[feature_extractor] I20260518 18:26:27.210619   130 feature_extraction.cc:302]   Features:        8377 (SIFT)
2026-05-18T18:26:28 COLMAP[feature_extractor] I20260518 18:26:27.506768   130 feature_extraction.cc:316]   GPS:             LAT=40.522, LON=-111.892, ALT=1463.199
2026-05-18T18:26:28 COLMAP[feature_extractor] I20260518 18:26:27.506825   130 feature_extraction.cc:323]   Gravity:         X=0.000, Y=1.000, Z=0.000
2026-05-18T18:26:28 COLMAP[feature_extractor] I20260518 18:26:27.959545   130 feature_extraction.cc:280] Processed file [1334/1710]
2026-05-18T18:26:28 COLMAP[feature_extractor] I20260518 18:26:27.959607   130 feature_extraction.cc:283]   Name:            DJI_01334.JPG
2026-05-18T18:26:28 COLMAP[feature_extractor] I20260518 18:26:27.959620   130 feature_extraction.cc:292]   Dimensions:      4000 x 2250
2026-05-18T18:26:28 COLMAP[feature_extractor] I20260518 18:26:27.959631   130 feature_extraction.cc:295]   Camera:          #1 - SIMPLE_RADIAL
2026-05-18T18:26:28 COLMAP[feature_extractor] I20260518 18:26:27.959643   130 feature_extraction.cc:298]   Focal Length:    2545.54px (Prior)
2026-05-18T18:26:28 COLMAP[feature_extractor] I20260518 18:26:27.959659   130 feature_extraction.cc:302]   Features:        8429 (SIFT)
2026-05-18T18:26:29 COLMAP[feature_extractor] I20260518 18:26:28.236578   130 feature_extraction.cc:316]   GPS:             LAT=40.522, LON=-111.892, ALT=1463.099
2026-05-18T18:26:29 COLMAP[feature_extractor] I20260518 18:26:28.236640   130 feature_extraction.cc:323]   Gravity:         X=0.000, Y=1.000, Z=0.000
2026-05-18T18:26:33 COLMAP[feature_extractor] I20260518 18:26:32.797719   130 feature_extraction.cc:280] Processed file [1335/1710]
2026-05-18T18:26:33 COLMAP[feature_extractor] I20260518 18:26:32.797780   130 feature_extraction.cc:283]   Name:            DJI_01335.JPG
2026-05-18T18:26:33 COLMAP[feature_extractor] I20260518 18:26:32.797792   130 feature_extraction.cc:292]   Dimensions:      4000 x 2250
2026-05-18T18:26:33 COLMAP[feature_extractor] I20260518 18:26:32.797802   130 feature_extraction.cc:295]   Camera:          #1 - SIMPLE_RADIAL
2026-05-18T18:26:33 COLMAP[feature_extractor] I20260518 18:26:32.797814   130 feature_extraction.cc:298]   Focal Length:    2545.54px (Prior)
2026-05-18T18:26:33 COLMAP[feature_extractor] I20260518 18:26:32.797829   130 feature_extraction.cc:302]   Features:        8589 (SIFT)
2026-05-18T18:26:34 COLMAP[feature_extractor] I20260518 18:26:33.203828   130 feature_extraction.cc:316]   GPS:             LAT=40.522, LON=-111.892, ALT=1462.999
2026-05-18T18:26:34 COLMAP[feature_extractor] I20260518 18:26:33.203889   130 feature_extraction.cc:323]   Gravity:         X=0.000, Y=1.000, Z=0.000
2026-05-18T18:26:34 COLMAP[feature_extractor] I20260518 18:26:33.206395   130 feature_extraction.cc:280] Processed file [1336/1710]
2026-05-18T18:26:34 COLMAP[feature_extractor] I20260518 18:26:33.206430   130 feature_extraction.cc:283]   Name:            DJI_01336.JPG
2026-05-18T18:26:34 COLMAP[feature_extractor] I20260518 18:26:33.206440   130 feature_extraction.cc:292]   Dimensions:      4000 x 2250
2026-05-18T18:26:34 COLMAP[feature_extractor] I20260518 18:26:33.206451   130 feature_extraction.cc:295]   Camera:          #1 - SIMPLE_RADIAL
2026-05-18T18:26:34 COLMAP[feature_extractor] I20260518 18:26:33.206462   130 feature_extraction.cc:298]   Focal Length:    2545.54px (Prior)
2026-05-18T18:26:34 COLMAP[feature_extractor] I20260518 18:26:33.206475   130 feature_extraction.cc:302]   Features:        8524 (SIFT)
2026-05-18T18:26:34 COLMAP[feature_extractor] I20260518 18:26:33.206516   130 feature_extraction.cc:316]   GPS:             LAT=40.522, LON=-111.892, ALT=1463.499
2026-05-18T18:26:34 COLMAP[feature_extractor] I20260518 18:26:33.206529   130 feature_extraction.cc:323]   Gravity:         X=0.000, Y=1.000, Z=0.000
2026-05-18T18:26:37 COLMAP[feature_extractor] I20260518 18:26:36.461306   130 feature_extraction.cc:280] Processed file [1337/1710]
2026-05-18T18:26:37 COLMAP[feature_extractor] I20260518 18:26:36.461361   130 feature_extraction.cc:283]   Name:            DJI_01337.JPG
2026-05-18T18:26:37 COLMAP[feature_extractor] I20260518 18:26:36.461373   130 feature_extraction.cc:292]   Dimensions:      4000 x 2250
2026-05-18T18:26:37 COLMAP[feature_extractor] I20260518 18:26:36.461385   130 feature_extraction.cc:295]   Camera:          #1 - SIMPLE_RADIAL
2026-05-18T18:26:37 COLMAP[feature_extractor] I20260518 18:26:36.461395   130 feature_extraction.cc:298]   Focal Length:    2545.54px (Prior)
2026-05-18T18:26:37 COLMAP[feature_extractor] I20260518 18:26:36.461410   130 feature_extraction.cc:302]   Features:        8542 (SIFT)
2026-05-18T18:26:37 COLMAP[feature_extractor] I20260518 18:26:36.715579   130 feature_extraction.cc:316]   GPS:             LAT=40.522, LON=-111.892, ALT=1463.499
2026-05-18T18:26:37 COLMAP[feature_extractor] I20260518 18:26:36.715672   130 feature_extraction.cc:323]   Gravity:         X=0.000, Y=1.000, Z=0.000
2026-05-18T18:26:38 COLMAP[feature_extractor] I20260518 18:26:37.159519   130 feature_extraction.cc:280] Processed file [1338/1710]
2026-05-18T18:26:38 COLMAP[feature_extractor] I20260518 18:26:37.159580   130 feature_extraction.cc:283]   Name:            DJI_01338.JPG
2026-05-18T18:26:38 COLMAP[feature_extractor] I20260518 18:26:37.159592   130 feature_extraction.cc:292]   Dimensions:      4000 x 2250
2026-05-18T18:26:38 COLMAP[feature_extractor] I20260518 18:26:37.159602   130 feature_extraction.cc:295]   Camera:          #1 - SIMPLE_RADIAL
2026-05-18T18:26:38 COLMAP[feature_extractor] I20260518 18:26:37.159614   130 feature_extraction.cc:298]   Focal Length:    2545.54px (Prior)
2026-05-18T18:26:38 COLMAP[feature_extractor] I20260518 18:26:37.159629   130 feature_extraction.cc:302]   Features:        8684 (SIFT)
2026-05-18T18:26:38 COLMAP[feature_extractor] I20260518 18:26:37.442811   130 feature_extraction.cc:316]   GPS:             LAT=40.522, LON=-111.893, ALT=1464.199
2026-05-18T18:26:38 COLMAP[feature_extractor] I20260518 18:26:37.442875   130 feature_extraction.cc:323]   Gravity:         X=0.000, Y=1.000, Z=0.000
2026-05-18T18:26:43 COLMAP[feature_extractor] I20260518 18:26:42.083490   130 feature_extraction.cc:280] Processed file [1339/1710]
2026-05-18T18:26:43 COLMAP[feature_extractor] I20260518 18:26:42.083551   130 feature_extraction.cc:283]   Name:            DJI_01339.JPG
2026-05-18T18:26:43 COLMAP[feature_extractor] I20260518 18:26:42.083563   130 feature_extraction.cc:292]   Dimensions:      4000 x 2250
2026-05-18T18:26:43 COLMAP[feature_extractor] I20260518 18:26:42.083575   130 feature_extraction.cc:295]   Camera:          #1 - SIMPLE_RADIAL
2026-05-18T18:26:43 COLMAP[feature_extractor] I20260518 18:26:42.083585   130 feature_extraction.cc:298]   Focal Length:    2545.54px (Prior)
2026-05-18T18:26:43 COLMAP[feature_extractor] I20260518 18:26:42.083600   130 feature_extraction.cc:302]   Features:        8843 (SIFT)
2026-05-18T18:26:43 COLMAP[feature_extractor] I20260518 18:26:42.420506   130 feature_extraction.cc:316]   GPS:             LAT=40.522, LON=-111.893, ALT=1463.899
2026-05-18T18:26:43 COLMAP[feature_extractor] I20260518 18:26:42.420569   130 feature_extraction.cc:323]   Gravity:         X=0.000, Y=1.000, Z=0.000
2026-05-18T18:26:43 COLMAP[feature_extractor] I20260518 18:26:42.429731   130 feature_extraction.cc:280] Processed file [1340/1710]
2026-05-18T18:26:43 COLMAP[feature_extractor] I20260518 18:26:42.429774   130 feature_extraction.cc:283]   Name:            DJI_01340.JPG
2026-05-18T18:26:43 COLMAP[feature_extractor] I20260518 18:26:42.429786   130 feature_extraction.cc:292]   Dimensions:      4000 x 2250
2026-05-18T18:26:43 COLMAP[feature_extractor] I20260518 18:26:42.429796   130 feature_extraction.cc:295]   Camera:          #1 - SIMPLE_RADIAL
2026-05-18T18:26:43 COLMAP[feature_extractor] I20260518 18:26:42.429807   130 feature_extraction.cc:298]   Focal Length:    2545.54px (Prior)
2026-05-18T18:26:43 COLMAP[feature_extractor] I20260518 18:26:42.429821   130 feature_extraction.cc:302]   Features:        9797 (SIFT)
2026-05-18T18:26:43 COLMAP[feature_extractor] I20260518 18:26:42.429862   130 feature_extraction.cc:316]   GPS:             LAT=40.522, LON=-111.893, ALT=1464.699
2026-05-18T18:26:43 COLMAP[feature_extractor] I20260518 18:26:42.429875   130 feature_extraction.cc:323]   Gravity:         X=0.000, Y=1.000, Z=0.000
2026-05-18T18:26:46 COLMAP[feature_extractor] I20260518 18:26:45.925962   130 feature_extraction.cc:280] Processed file [1341/1710]
2026-05-18T18:26:46 COLMAP[feature_extractor] I20260518 18:26:45.926050   130 feature_extraction.cc:283]   Name:            DJI_01341.JPG
2026-05-18T18:26:46 COLMAP[feature_extractor] I20260518 18:26:45.926065   130 feature_extraction.cc:292]   Dimensions:      4000 x 2250
2026-05-18T18:26:46 COLMAP[feature_extractor] I20260518 18:26:45.926077   130 feature_extraction.cc:295]   Camera:          #1 - SIMPLE_RADIAL
2026-05-18T18:26:46 COLMAP[feature_extractor] I20260518 18:26:45.926090   130 feature_extraction.cc:298]   Focal Length:    2545.54px (Prior)
2026-05-18T18:26:46 COLMAP[feature_extractor] I20260518 18:26:45.926106   130 feature_extraction.cc:302]   Features:        9931 (SIFT)
2026-05-18T18:26:47 COLMAP[feature_extractor] I20260518 18:26:46.117931   130 feature_extraction.cc:316]   GPS:             LAT=40.522, LON=-111.893, ALT=1464.999
2026-05-18T18:26:47 COLMAP[feature_extractor] I20260518 18:26:46.117990   130 feature_extraction.cc:323]   Gravity:         X=0.000, Y=1.000, Z=0.000
2026-05-18T18:26:47 COLMAP[feature_extractor] I20260518 18:26:46.250952   130 feature_extraction.cc:280] Processed file [1342/1710]
2026-05-18T18:26:47 COLMAP[feature_extractor] I20260518 18:26:46.251005   130 feature_extraction.cc:283]   Name:            DJI_01342.JPG
2026-05-18T18:26:47 COLMAP[feature_extractor] I20260518 18:26:46.251017   130 feature_extraction.cc:292]   Dimensions:      4000 x 2250
2026-05-18T18:26:47 COLMAP[feature_extractor] I20260518 18:26:46.251027   130 feature_extraction.cc:295]   Camera:          #1 - SIMPLE_RADIAL
2026-05-18T18:26:47 COLMAP[feature_extractor] I20260518 18:26:46.251037   130 feature_extraction.cc:298]   Focal Length:    2545.54px (Prior)
2026-05-18T18:26:47 COLMAP[feature_extractor] I20260518 18:26:46.251052   130 feature_extraction.cc:302]   Features:        8870 (SIFT)
2026-05-18T18:26:47 COLMAP[feature_extractor] I20260518 18:26:46.511720   130 feature_extraction.cc:316]   GPS:             LAT=40.522, LON=-111.893, ALT=1465.199
2026-05-18T18:26:47 COLMAP[feature_extractor] I20260518 18:26:46.511787   130 feature_extraction.cc:323]   Gravity:         X=0.000, Y=1.000, Z=0.000
2026-05-18T18:26:52 COLMAP[feature_extractor] I20260518 18:26:51.407650   130 feature_extraction.cc:280] Processed file [1343/1710]
2026-05-18T18:26:52 COLMAP[feature_extractor] I20260518 18:26:51.407711   130 feature_extraction.cc:283]   Name:            DJI_01343.JPG
2026-05-18T18:26:52 COLMAP[feature_extractor] I20260518 18:26:51.407722   130 feature_extraction.cc:292]   Dimensions:      4000 x 2250
2026-05-18T18:26:52 COLMAP[feature_extractor] I20260518 18:26:51.407732   130 feature_extraction.cc:295]   Camera:          #1 - SIMPLE_RADIAL
2026-05-18T18:26:52 COLMAP[feature_extractor] I20260518 18:26:51.407743   130 feature_extraction.cc:298]   Focal Length:    2545.54px (Prior)
2026-05-18T18:26:52 COLMAP[feature_extractor] I20260518 18:26:51.407760   130 feature_extraction.cc:302]   Features:        8850 (SIFT)
2026-05-18T18:26:52 COLMAP[feature_extractor] I20260518 18:26:51.734602   130 feature_extraction.cc:316]   GPS:             LAT=40.522, LON=-111.893, ALT=1465.799
2026-05-18T18:26:52 COLMAP[feature_extractor] I20260518 18:26:51.734663   130 feature_extraction.cc:323]   Gravity:         X=0.000, Y=1.000, Z=0.000
2026-05-18T18:26:52 COLMAP[feature_extractor] I20260518 18:26:51.738198   130 feature_extraction.cc:280] Processed file [1344/1710]
2026-05-18T18:26:52 COLMAP[feature_extractor] I20260518 18:26:51.738252   130 feature_extraction.cc:283]   Name:            DJI_01344.JPG
2026-05-18T18:26:52 COLMAP[feature_extractor] I20260518 18:26:51.738265   130 feature_extraction.cc:292]   Dimensions:      4000 x 2250
2026-05-18T18:26:52 COLMAP[feature_extractor] I20260518 18:26:51.738276   130 feature_extraction.cc:295]   Camera:          #1 - SIMPLE_RADIAL
2026-05-18T18:26:52 COLMAP[feature_extractor] I20260518 18:26:51.738286   130 feature_extraction.cc:298]   Focal Length:    2545.54px (Prior)
2026-05-18T18:26:52 COLMAP[feature_extractor] I20260518 18:26:51.738745   130 feature_extraction.cc:302]   Features:        8690 (SIFT)
2026-05-18T18:26:52 COLMAP[feature_extractor] I20260518 18:26:51.738804   130 feature_extraction.cc:316]   GPS:             LAT=40.522, LON=-111.893, ALT=1465.899
2026-05-18T18:26:52 COLMAP[feature_extractor] I20260518 18:26:51.738935   130 feature_extraction.cc:323]   Gravity:         X=0.000, Y=1.000, Z=0.000
2026-05-18T18:26:56 COLMAP[feature_extractor] I20260518 18:26:55.106228   130 feature_extraction.cc:280] Processed file [1345/1710]
2026-05-18T18:26:56 COLMAP[feature_extractor] I20260518 18:26:55.106287   130 feature_extraction.cc:283]   Name:            DJI_01345.JPG
2026-05-18T18:26:56 COLMAP[feature_extractor] I20260518 18:26:55.106299   130 feature_extraction.cc:292]   Dimensions:      4000 x 2250
2026-05-18T18:26:56 COLMAP[feature_extractor] I20260518 18:26:55.106310   130 feature_extraction.cc:295]   Camera:          #1 - SIMPLE_RADIAL
2026-05-18T18:26:56 COLMAP[feature_extractor] I20260518 18:26:55.106321   130 feature_extraction.cc:298]   Focal Length:    2545.54px (Prior)
2026-05-18T18:26:56 COLMAP[feature_extractor] I20260518 18:26:55.106338   130 feature_extraction.cc:302]   Features:        8638 (SIFT)
2026-05-18T18:26:56 COLMAP[feature_extractor] I20260518 18:26:55.332362   130 feature_extraction.cc:316]   GPS:             LAT=40.522, LON=-111.893, ALT=1465.699
2026-05-18T18:26:56 COLMAP[feature_extractor] I20260518 18:26:55.332425   130 feature_extraction.cc:323]   Gravity:         X=0.000, Y=1.000, Z=0.000
2026-05-18T18:26:56 COLMAP[feature_extractor] I20260518 18:26:55.485082   130 feature_extraction.cc:280] Processed file [1346/1710]
2026-05-18T18:26:56 COLMAP[feature_extractor] I20260518 18:26:55.485152   130 feature_extraction.cc:283]   Name:            DJI_01346.JPG
2026-05-18T18:26:56 COLMAP[feature_extractor] I20260518 18:26:55.485163   130 feature_extraction.cc:292]   Dimensions:      4000 x 2250
2026-05-18T18:26:56 COLMAP[feature_extractor] I20260518 18:26:55.485172   130 feature_extraction.cc:295]   Camera:          #1 - SIMPLE_RADIAL
2026-05-18T18:26:56 COLMAP[feature_extractor] I20260518 18:26:55.485215   130 feature_extraction.cc:298]   Focal Length:    2545.54px (Prior)
2026-05-18T18:26:56 COLMAP[feature_extractor] I20260518 18:26:55.485231   130 feature_extraction.cc:302]   Features:        9137 (SIFT)
2026-05-18T18:26:56 COLMAP[feature_extractor] I20260518 18:26:55.729174   130 feature_extraction.cc:316]   GPS:             LAT=40.522, LON=-111.893, ALT=1466.499
2026-05-18T18:26:56 COLMAP[feature_extractor] I20260518 18:26:55.729238   130 feature_extraction.cc:323]   Gravity:         X=0.000, Y=1.000, Z=0.000
2026-05-18T18:27:01 COLMAP[feature_extractor] I20260518 18:27:00.693820   130 feature_extraction.cc:280] Processed file [1347/1710]
2026-05-18T18:27:01 COLMAP[feature_extractor] I20260518 18:27:00.693889   130 feature_extraction.cc:283]   Name:            DJI_01348.JPG
2026-05-18T18:27:01 COLMAP[feature_extractor] I20260518 18:27:00.693902   130 feature_extraction.cc:292]   Dimensions:      4000 x 2250
2026-05-18T18:27:01 COLMAP[feature_extractor] I20260518 18:27:00.693912   130 feature_extraction.cc:295]   Camera:          #1 - SIMPLE_RADIAL
2026-05-18T18:27:01 COLMAP[feature_extractor] I20260518 18:27:00.693923   130 feature_extraction.cc:298]   Focal Length:    2545.54px (Prior)
2026-05-18T18:27:01 COLMAP[feature_extractor] I20260518 18:27:00.693939   130 feature_extraction.cc:302]   Features:        9054 (SIFT)
2026-05-18T18:27:01 COLMAP[feature_extractor] I20260518 18:27:01.040673   130 feature_extraction.cc:316]   GPS:             LAT=40.521, LON=-111.893, ALT=1467.699
2026-05-18T18:27:01 COLMAP[feature_extractor] I20260518 18:27:01.040737   130 feature_extraction.cc:323]   Gravity:         X=0.000, Y=1.000, Z=0.000
2026-05-18T18:27:01 COLMAP[feature_extractor] I20260518 18:27:01.043458   130 feature_extraction.cc:280] Processed file [1348/1710]
2026-05-18T18:27:01 COLMAP[feature_extractor] I20260518 18:27:01.043509   130 feature_extraction.cc:283]   Name:            DJI_01347.JPG
2026-05-18T18:27:01 COLMAP[feature_extractor] I20260518 18:27:01.043520   130 feature_extraction.cc:292]   Dimensions:      4000 x 2250
2026-05-18T18:27:01 COLMAP[feature_extractor] I20260518 18:27:01.043530   130 feature_extraction.cc:295]   Camera:          #1 - SIMPLE_RADIAL
2026-05-18T18:27:01 COLMAP[feature_extractor] I20260518 18:27:01.043541   130 feature_extraction.cc:298]   Focal Length:    2545.54px (Prior)
2026-05-18T18:27:01 COLMAP[feature_extractor] I20260518 18:27:01.043555   130 feature_extraction.cc:302]   Features:        9422 (SIFT)
2026-05-18T18:27:01 COLMAP[feature_extractor] I20260518 18:27:01.043601   130 feature_extraction.cc:316]   GPS:             LAT=40.522, LON=-111.893, ALT=1466.999
2026-05-18T18:27:01 COLMAP[feature_extractor] I20260518 18:27:01.043622   130 feature_extraction.cc:323]   Gravity:         X=0.000, Y=1.000, Z=0.000
2026-05-18T18:27:05 COLMAP[feature_extractor] I20260518 18:27:04.352128   130 feature_extraction.cc:280] Processed file [1349/1710]
2026-05-18T18:27:05 COLMAP[feature_extractor] I20260518 18:27:04.352183   130 feature_extraction.cc:283]   Name:            DJI_01349.JPG
2026-05-18T18:27:05 COLMAP[feature_extractor] I20260518 18:27:04.352196   130 feature_extraction.cc:292]   Dimensions:      4000 x 2250
2026-05-18T18:27:05 COLMAP[feature_extractor] I20260518 18:27:04.352207   130 feature_extraction.cc:295]   Camera:          #1 - SIMPLE_RADIAL
2026-05-18T18:27:05 COLMAP[feature_extractor] I20260518 18:27:04.352218   130 feature_extraction.cc:298]   Focal Length:    2545.54px (Prior)
2026-05-18T18:27:05 COLMAP[feature_extractor] I20260518 18:27:04.352234   130 feature_extraction.cc:302]   Features:        9729 (SIFT)
2026-05-18T18:27:05 COLMAP[feature_extractor] I20260518 18:27:04.560809   130 feature_extraction.cc:316]   GPS:             LAT=40.521, LON=-111.892, ALT=1468.899
2026-05-18T18:27:05 COLMAP[feature_extractor] I20260518 18:27:04.560873   130 feature_extraction.cc:323]   Gravity:         X=0.000, Y=1.000, Z=0.000
2026-05-18T18:27:05 COLMAP[feature_extractor] I20260518 18:27:04.949901   130 feature_extraction.cc:280] Processed file [1350/1710]
2026-05-18T18:27:05 COLMAP[feature_extractor] I20260518 18:27:04.949968   130 feature_extraction.cc:283]   Name:            DJI_01350.JPG
2026-05-18T18:27:05 COLMAP[feature_extractor] I20260518 18:27:04.949980   130 feature_extraction.cc:292]   Dimensions:      4000 x 2250
2026-05-18T18:27:05 COLMAP[feature_extractor] I20260518 18:27:04.949991   130 feature_extraction.cc:295]   Camera:          #1 - SIMPLE_RADIAL
2026-05-18T18:27:05 COLMAP[feature_extractor] I20260518 18:27:04.950002   130 feature_extraction.cc:298]   Focal Length:    2545.54px (Prior)
2026-05-18T18:27:05 COLMAP[feature_extractor] I20260518 18:27:04.950018   130 feature_extraction.cc:302]   Features:        9265 (SIFT)
2026-05-18T18:27:06 COLMAP[feature_extractor] I20260518 18:27:05.168185   130 feature_extraction.cc:316]   GPS:             LAT=40.521, LON=-111.892, ALT=1469.599
2026-05-18T18:27:06 COLMAP[feature_extractor] I20260518 18:27:05.168247   130 feature_extraction.cc:323]   Gravity:         X=0.000, Y=1.000, Z=0.000
2026-05-18T18:27:10 COLMAP[feature_extractor] I20260518 18:27:09.969274   130 feature_extraction.cc:280] Processed file [1351/1710]
2026-05-18T18:27:10 COLMAP[feature_extractor] I20260518 18:27:09.969342   130 feature_extraction.cc:283]   Name:            DJI_01351.JPG
2026-05-18T18:27:10 COLMAP[feature_extractor] I20260518 18:27:09.969357   130 feature_extraction.cc:292]   Dimensions:      4000 x 2250
2026-05-18T18:27:10 COLMAP[feature_extractor] I20260518 18:27:09.969368   130 feature_extraction.cc:295]   Camera:          #1 - SIMPLE_RADIAL
2026-05-18T18:27:10 COLMAP[feature_extractor] I20260518 18:27:09.969380   130 feature_extraction.cc:298]   Focal Length:    2545.54px (Prior)
2026-05-18T18:27:10 COLMAP[feature_extractor] I20260518 18:27:09.969398   130 feature_extraction.cc:302]   Features:        10074 (SIFT)
2026-05-18T18:27:11 COLMAP[feature_extractor] I20260518 18:27:10.167794   130 feature_extraction.cc:316]   GPS:             LAT=40.522, LON=-111.892, ALT=1470.099
2026-05-18T18:27:11 COLMAP[feature_extractor] I20260518 18:27:10.167893   130 feature_extraction.cc:323]   Gravity:         X=0.000, Y=1.000, Z=0.000
2026-05-18T18:27:11 COLMAP[feature_extractor] I20260518 18:27:10.262516   130 feature_extraction.cc:280] Processed file [1352/1710]
2026-05-18T18:27:11 COLMAP[feature_extractor] I20260518 18:27:10.262567   130 feature_extraction.cc:283]   Name:            DJI_01352.JPG
2026-05-18T18:27:11 COLMAP[feature_extractor] I20260518 18:27:10.262579   130 feature_extraction.cc:292]   Dimensions:      4000 x 2250
2026-05-18T18:27:11 COLMAP[feature_extractor] I20260518 18:27:10.262589   130 feature_extraction.cc:295]   Camera:          #1 - SIMPLE_RADIAL
2026-05-18T18:27:11 COLMAP[feature_extractor] I20260518 18:27:10.262601   130 feature_extraction.cc:298]   Focal Length:    2545.54px (Prior)
2026-05-18T18:27:11 COLMAP[feature_extractor] I20260518 18:27:10.262616   130 feature_extraction.cc:302]   Features:        11207 (SIFT)
2026-05-18T18:27:11 COLMAP[feature_extractor] I20260518 18:27:10.455099   130 feature_extraction.cc:316]   GPS:             LAT=40.522, LON=-111.892, ALT=1471.499
2026-05-18T18:27:11 COLMAP[feature_extractor] I20260518 18:27:10.455147   130 feature_extraction.cc:323]   Gravity:         X=0.000, Y=1.000, Z=0.000
2026-05-18T18:27:14 COLMAP[feature_extractor] I20260518 18:27:13.595175   130 feature_extraction.cc:280] Processed file [1353/1710]
2026-05-18T18:27:14 COLMAP[feature_extractor] I20260518 18:27:13.595228   130 feature_extraction.cc:283]   Name:            DJI_01353.JPG
2026-05-18T18:27:14 COLMAP[feature_extractor] I20260518 18:27:13.595240   130 feature_extraction.cc:292]   Dimensions:      4000 x 2250
2026-05-18T18:27:14 COLMAP[feature_extractor] I20260518 18:27:13.595252   130 feature_extraction.cc:295]   Camera:          #1 - SIMPLE_RADIAL
2026-05-18T18:27:14 COLMAP[feature_extractor] I20260518 18:27:13.595263   130 feature_extraction.cc:298]   Focal Length:    2545.54px (Prior)
2026-05-18T18:27:14 COLMAP[feature_extractor] I20260518 18:27:13.595278   130 feature_extraction.cc:302]   Features:        8325 (SIFT)
2026-05-18T18:27:14 COLMAP[feature_extractor] I20260518 18:27:13.991361   130 feature_extraction.cc:316]   GPS:             LAT=40.522, LON=-111.891, ALT=1472.899
2026-05-18T18:27:14 COLMAP[feature_extractor] I20260518 18:27:13.991423   130 feature_extraction.cc:323]   Gravity:         X=0.000, Y=1.000, Z=0.000
2026-05-18T18:27:15 COLMAP[feature_extractor] I20260518 18:27:14.301337   130 feature_extraction.cc:280] Processed file [1354/1710]
2026-05-18T18:27:15 COLMAP[feature_extractor] I20260518 18:27:14.301395   130 feature_extraction.cc:283]   Name:            DJI_01354.JPG
2026-05-18T18:27:15 COLMAP[feature_extractor] I20260518 18:27:14.301406   130 feature_extraction.cc:292]   Dimensions:      4000 x 2250
2026-05-18T18:27:15 COLMAP[feature_extractor] I20260518 18:27:14.301417   130 feature_extraction.cc:295]   Camera:          #1 - SIMPLE_RADIAL
2026-05-18T18:27:15 COLMAP[feature_extractor] I20260518 18:27:14.301429   130 feature_extraction.cc:298]   Focal Length:    2545.54px (Prior)
2026-05-18T18:27:15 COLMAP[feature_extractor] I20260518 18:27:14.301445   130 feature_extraction.cc:302]   Features:        8282 (SIFT)
2026-05-18T18:27:15 COLMAP[feature_extractor] I20260518 18:27:14.502535   130 feature_extraction.cc:316]   GPS:             LAT=40.522, LON=-111.891, ALT=1472.799
2026-05-18T18:27:15 COLMAP[feature_extractor] I20260518 18:27:14.502591   130 feature_extraction.cc:323]   Gravity:         X=0.000, Y=1.000, Z=0.000
2026-05-18T18:27:20 COLMAP[feature_extractor] I20260518 18:27:19.271905   130 feature_extraction.cc:280] Processed file [1355/1710]
2026-05-18T18:27:20 COLMAP[feature_extractor] I20260518 18:27:19.272006   130 feature_extraction.cc:283]   Name:            DJI_01355.JPG
2026-05-18T18:27:20 COLMAP[feature_extractor] I20260518 18:27:19.272018   130 feature_extraction.cc:292]   Dimensions:      4000 x 2250
2026-05-18T18:27:20 COLMAP[feature_extractor] I20260518 18:27:19.272029   130 feature_extraction.cc:295]   Camera:          #1 - SIMPLE_RADIAL
2026-05-18T18:27:20 COLMAP[feature_extractor] I20260518 18:27:19.272042   130 feature_extraction.cc:298]   Focal Length:    2545.54px (Prior)
2026-05-18T18:27:20 COLMAP[feature_extractor] I20260518 18:27:19.272058   130 feature_extraction.cc:302]   Features:        11584 (SIFT)
2026-05-18T18:27:20 COLMAP[feature_extractor] I20260518 18:27:19.520825   130 feature_extraction.cc:316]   GPS:             LAT=40.522, LON=-111.891, ALT=1472.599
2026-05-18T18:27:20 COLMAP[feature_extractor] I20260518 18:27:19.520884   130 feature_extraction.cc:323]   Gravity:         X=0.000, Y=1.000, Z=0.000
2026-05-18T18:27:20 COLMAP[feature_extractor] I20260518 18:27:19.583043   130 feature_extraction.cc:280] Processed file [1356/1710]
2026-05-18T18:27:20 COLMAP[feature_extractor] I20260518 18:27:19.583099   130 feature_extraction.cc:283]   Name:            DJI_01356.JPG
2026-05-18T18:27:20 COLMAP[feature_extractor] I20260518 18:27:19.583112   130 feature_extraction.cc:292]   Dimensions:      4000 x 2250
2026-05-18T18:27:20 COLMAP[feature_extractor] I20260518 18:27:19.583122   130 feature_extraction.cc:295]   Camera:          #1 - SIMPLE_RADIAL
2026-05-18T18:27:20 COLMAP[feature_extractor] I20260518 18:27:19.583133   130 feature_extraction.cc:298]   Focal Length:    2545.54px (Prior)
2026-05-18T18:27:20 COLMAP[feature_extractor] I20260518 18:27:19.583149   130 feature_extraction.cc:302]   Features:        8259 (SIFT)
2026-05-18T18:27:20 COLMAP[feature_extractor] I20260518 18:27:19.916388   130 feature_extraction.cc:316]   GPS:             LAT=40.522, LON=-111.891, ALT=1473.199
2026-05-18T18:27:20 COLMAP[feature_extractor] I20260518 18:27:19.916450   130 feature_extraction.cc:323]   Gravity:         X=0.000, Y=1.000, Z=0.000
2026-05-18T18:27:23 COLMAP[feature_extractor] I20260518 18:27:22.605520   130 feature_extraction.cc:280] Processed file [1357/1710]
2026-05-18T18:27:23 COLMAP[feature_extractor] I20260518 18:27:22.605579   130 feature_extraction.cc:283]   Name:            DJI_01357.JPG
2026-05-18T18:27:23 COLMAP[feature_extractor] I20260518 18:27:22.605592   130 feature_extraction.cc:292]   Dimensions:      4000 x 2250
2026-05-18T18:27:23 COLMAP[feature_extractor] I20260518 18:27:22.605602   130 feature_extraction.cc:295]   Camera:          #1 - SIMPLE_RADIAL
2026-05-18T18:27:23 COLMAP[feature_extractor] I20260518 18:27:22.605613   130 feature_extraction.cc:298]   Focal Length:    2545.54px (Prior)
2026-05-18T18:27:23 COLMAP[feature_extractor] I20260518 18:27:22.605629   130 feature_extraction.cc:302]   Features:        8200 (SIFT)
2026-05-18T18:27:23 COLMAP[feature_extractor] I20260518 18:27:22.977252   130 feature_extraction.cc:316]   GPS:             LAT=40.522, LON=-111.892, ALT=1472.999
2026-05-18T18:27:23 COLMAP[feature_extractor] I20260518 18:27:22.977306   130 feature_extraction.cc:323]   Gravity:         X=0.000, Y=1.000, Z=0.000
2026-05-18T18:27:24 COLMAP[feature_extractor] I20260518 18:27:23.503599   130 feature_extraction.cc:280] Processed file [1358/1710]
2026-05-18T18:27:24 COLMAP[feature_extractor] I20260518 18:27:23.503652   130 feature_extraction.cc:283]   Name:            DJI_01358.JPG
2026-05-18T18:27:24 COLMAP[feature_extractor] I20260518 18:27:23.503664   130 feature_extraction.cc:292]   Dimensions:      4000 x 2250
2026-05-18T18:27:24 COLMAP[feature_extractor] I20260518 18:27:23.503675   130 feature_extraction.cc:295]   Camera:          #1 - SIMPLE_RADIAL
2026-05-18T18:27:24 COLMAP[feature_extractor] I20260518 18:27:23.503686   130 feature_extraction.cc:298]   Focal Length:    2545.54px (Prior)
2026-05-18T18:27:24 COLMAP[feature_extractor] I20260518 18:27:23.503702   130 feature_extraction.cc:302]   Features:        8383 (SIFT)
2026-05-18T18:27:24 COLMAP[feature_extractor] I20260518 18:27:23.663753   130 feature_extraction.cc:316]   GPS:             LAT=40.521, LON=-111.892, ALT=1473.099
2026-05-18T18:27:24 COLMAP[feature_extractor] I20260518 18:27:23.663816   130 feature_extraction.cc:323]   Gravity:         X=0.000, Y=1.000, Z=0.000
2026-05-18T18:27:29 COLMAP[feature_extractor] I20260518 18:27:28.595008   130 feature_extraction.cc:280] Processed file [1359/1710]
2026-05-18T18:27:29 COLMAP[feature_extractor] I20260518 18:27:28.595069   130 feature_extraction.cc:283]   Name:            DJI_01359.JPG
2026-05-18T18:27:29 COLMAP[feature_extractor] I20260518 18:27:28.595081   130 feature_extraction.cc:292]   Dimensions:      4000 x 2250
2026-05-18T18:27:29 COLMAP[feature_extractor] I20260518 18:27:28.595091   130 feature_extraction.cc:295]   Camera:          #1 - SIMPLE_RADIAL
2026-05-18T18:27:29 COLMAP[feature_extractor] I20260518 18:27:28.595100   130 feature_extraction.cc:298]   Focal Length:    2545.54px (Prior)
2026-05-18T18:27:29 COLMAP[feature_extractor] I20260518 18:27:28.595115   130 feature_extraction.cc:302]   Features:        8551 (SIFT)
2026-05-18T18:27:29 COLMAP[feature_extractor] I20260518 18:27:28.797890   130 feature_extraction.cc:316]   GPS:             LAT=40.521, LON=-111.892, ALT=1473.599
2026-05-18T18:27:29 COLMAP[feature_extractor] I20260518 18:27:28.797952   130 feature_extraction.cc:323]   Gravity:         X=0.000, Y=1.000, Z=0.000
2026-05-18T18:27:29 COLMAP[feature_extractor] I20260518 18:27:28.849241   130 feature_extraction.cc:280] Processed file [1360/1710]
2026-05-18T18:27:29 COLMAP[feature_extractor] I20260518 18:27:28.849301   130 feature_extraction.cc:283]   Name:            DJI_01360.JPG
2026-05-18T18:27:29 COLMAP[feature_extractor] I20260518 18:27:28.849313   130 feature_extraction.cc:292]   Dimensions:      4000 x 2250
2026-05-18T18:27:29 COLMAP[feature_extractor] I20260518 18:27:28.849323   130 feature_extraction.cc:295]   Camera:          #1 - SIMPLE_RADIAL
2026-05-18T18:27:29 COLMAP[feature_extractor] I20260518 18:27:28.849370   130 feature_extraction.cc:298]   Focal Length:    2545.54px (Prior)
2026-05-18T18:27:29 COLMAP[feature_extractor] I20260518 18:27:28.849386   130 feature_extraction.cc:302]   Features:        8676 (SIFT)
2026-05-18T18:27:30 COLMAP[feature_extractor] I20260518 18:27:29.140638   130 feature_extraction.cc:316]   GPS:             LAT=40.521, LON=-111.892, ALT=1473.699
2026-05-18T18:27:30 COLMAP[feature_extractor] I20260518 18:27:29.140692   130 feature_extraction.cc:323]   Gravity:         X=0.000, Y=1.000, Z=0.000
2026-05-18T18:27:32 COLMAP[feature_extractor] I20260518 18:27:31.889012   130 feature_extraction.cc:280] Processed file [1361/1710]
2026-05-18T18:27:32 COLMAP[feature_extractor] I20260518 18:27:31.889074   130 feature_extraction.cc:283]   Name:            DJI_01361.JPG
2026-05-18T18:27:32 COLMAP[feature_extractor] I20260518 18:27:31.889089   130 feature_extraction.cc:292]   Dimensions:      4000 x 2250
2026-05-18T18:27:32 COLMAP[feature_extractor] I20260518 18:27:31.889101   130 feature_extraction.cc:295]   Camera:          #1 - SIMPLE_RADIAL
2026-05-18T18:27:32 COLMAP[feature_extractor] I20260518 18:27:31.889113   130 feature_extraction.cc:298]   Focal Length:    2545.54px (Prior)
2026-05-18T18:27:32 COLMAP[feature_extractor] I20260518 18:27:31.889129   130 feature_extraction.cc:302]   Features:        8626 (SIFT)
2026-05-18T18:27:33 COLMAP[feature_extractor] I20260518 18:27:32.202754   130 feature_extraction.cc:316]   GPS:             LAT=40.521, LON=-111.893, ALT=1473.799
2026-05-18T18:27:33 COLMAP[feature_extractor] I20260518 18:27:32.202812   130 feature_extraction.cc:323]   Gravity:         X=0.000, Y=1.000, Z=0.000
2026-05-18T18:27:33 COLMAP[feature_extractor] I20260518 18:27:32.681706   130 feature_extraction.cc:280] Processed file [1362/1710]
2026-05-18T18:27:33 COLMAP[feature_extractor] I20260518 18:27:32.681764   130 feature_extraction.cc:283]   Name:            DJI_01362.JPG
2026-05-18T18:27:33 COLMAP[feature_extractor] I20260518 18:27:32.681777   130 feature_extraction.cc:292]   Dimensions:      4000 x 2250
2026-05-18T18:27:33 COLMAP[feature_extractor] I20260518 18:27:32.681787   130 feature_extraction.cc:295]   Camera:          #1 - SIMPLE_RADIAL
2026-05-18T18:27:33 COLMAP[feature_extractor] I20260518 18:27:32.681798   130 feature_extraction.cc:298]   Focal Length:    2545.54px (Prior)
2026-05-18T18:27:33 COLMAP[feature_extractor] I20260518 18:27:32.681813   130 feature_extraction.cc:302]   Features:        8567 (SIFT)
2026-05-18T18:27:34 COLMAP[feature_extractor] I20260518 18:27:33.073045   130 feature_extraction.cc:316]   GPS:             LAT=40.521, LON=-111.893, ALT=1474.499
2026-05-18T18:27:34 COLMAP[feature_extractor] I20260518 18:27:33.073096   130 feature_extraction.cc:323]   Gravity:         X=0.000, Y=1.000, Z=0.000
2026-05-18T18:27:38 COLMAP[feature_extractor] I20260518 18:27:37.787958   130 feature_extraction.cc:280] Processed file [1363/1710]
2026-05-18T18:27:38 COLMAP[feature_extractor] I20260518 18:27:37.788012   130 feature_extraction.cc:283]   Name:            DJI_01363.JPG
2026-05-18T18:27:38 COLMAP[feature_extractor] I20260518 18:27:37.788023   130 feature_extraction.cc:292]   Dimensions:      4000 x 2250
2026-05-18T18:27:38 COLMAP[feature_extractor] I20260518 18:27:37.788034   130 feature_extraction.cc:295]   Camera:          #1 - SIMPLE_RADIAL
2026-05-18T18:27:38 COLMAP[feature_extractor] I20260518 18:27:37.788045   130 feature_extraction.cc:298]   Focal Length:    2545.54px (Prior)
2026-05-18T18:27:38 COLMAP[feature_extractor] I20260518 18:27:37.788061   130 feature_extraction.cc:302]   Features:        8719 (SIFT)
2026-05-18T18:27:39 COLMAP[feature_extractor] I20260518 18:27:38.070590   130 feature_extraction.cc:316]   GPS:             LAT=40.521, LON=-111.893, ALT=1475.199
2026-05-18T18:27:39 COLMAP[feature_extractor] I20260518 18:27:38.070654   130 feature_extraction.cc:323]   Gravity:         X=0.000, Y=1.000, Z=0.000
2026-05-18T18:27:39 COLMAP[feature_extractor] I20260518 18:27:38.073171   130 feature_extraction.cc:280] Processed file [1364/1710]
2026-05-18T18:27:39 COLMAP[feature_extractor] I20260518 18:27:38.073215   130 feature_extraction.cc:283]   Name:            DJI_01364.JPG
2026-05-18T18:27:39 COLMAP[feature_extractor] I20260518 18:27:38.073225   130 feature_extraction.cc:292]   Dimensions:      4000 x 2250
2026-05-18T18:27:39 COLMAP[feature_extractor] I20260518 18:27:38.073236   130 feature_extraction.cc:295]   Camera:          #1 - SIMPLE_RADIAL
2026-05-18T18:27:39 COLMAP[feature_extractor] I20260518 18:27:38.073247   130 feature_extraction.cc:298]   Focal Length:    2545.54px (Prior)
2026-05-18T18:27:39 COLMAP[feature_extractor] I20260518 18:27:38.073261   130 feature_extraction.cc:302]   Features:        9011 (SIFT)
2026-05-18T18:27:39 COLMAP[feature_extractor] I20260518 18:27:38.073302   130 feature_extraction.cc:316]   GPS:             LAT=40.521, LON=-111.893, ALT=1475.799
2026-05-18T18:27:39 COLMAP[feature_extractor] I20260518 18:27:38.073315   130 feature_extraction.cc:323]   Gravity:         X=0.000, Y=1.000, Z=0.000
2026-05-18T18:27:42 COLMAP[feature_extractor] I20260518 18:27:41.234313   130 feature_extraction.cc:280] Processed file [1365/1710]
2026-05-18T18:27:42 COLMAP[feature_extractor] I20260518 18:27:41.234364   130 feature_extraction.cc:283]   Name:            DJI_01365.JPG
2026-05-18T18:27:42 COLMAP[feature_extractor] I20260518 18:27:41.234375   130 feature_extraction.cc:292]   Dimensions:      4000 x 2250
2026-05-18T18:27:42 COLMAP[feature_extractor] I20260518 18:27:41.234386   130 feature_extraction.cc:295]   Camera:          #1 - SIMPLE_RADIAL
2026-05-18T18:27:42 COLMAP[feature_extractor] I20260518 18:27:41.234398   130 feature_extraction.cc:298]   Focal Length:    2545.54px (Prior)
2026-05-18T18:27:42 COLMAP[feature_extractor] I20260518 18:27:41.234413   130 feature_extraction.cc:302]   Features:        9102 (SIFT)
2026-05-18T18:27:42 COLMAP[feature_extractor] I20260518 18:27:41.477339   130 feature_extraction.cc:316]   GPS:             LAT=40.521, LON=-111.894, ALT=1475.899
2026-05-18T18:27:42 COLMAP[feature_extractor] I20260518 18:27:41.477414   130 feature_extraction.cc:323]   Gravity:         X=0.000, Y=1.000, Z=0.000
2026-05-18T18:27:42 COLMAP[feature_extractor] I20260518 18:27:41.980000   130 feature_extraction.cc:280] Processed file [1366/1710]
2026-05-18T18:27:42 COLMAP[feature_extractor] I20260518 18:27:41.980063   130 feature_extraction.cc:283]   Name:            DJI_01366.JPG
2026-05-18T18:27:42 COLMAP[feature_extractor] I20260518 18:27:41.980075   130 feature_extraction.cc:292]   Dimensions:      4000 x 2250
2026-05-18T18:27:42 COLMAP[feature_extractor] I20260518 18:27:41.980086   130 feature_extraction.cc:295]   Camera:          #1 - SIMPLE_RADIAL
2026-05-18T18:27:42 COLMAP[feature_extractor] I20260518 18:27:41.980098   130 feature_extraction.cc:298]   Focal Length:    2545.54px (Prior)
2026-05-18T18:27:42 COLMAP[feature_extractor] I20260518 18:27:41.980113   130 feature_extraction.cc:302]   Features:        9284 (SIFT)
2026-05-18T18:27:43 COLMAP[feature_extractor] I20260518 18:27:42.276737   130 feature_extraction.cc:316]   GPS:             LAT=40.522, LON=-111.894, ALT=1476.899
2026-05-18T18:27:43 COLMAP[feature_extractor] I20260518 18:27:42.276790   130 feature_extraction.cc:323]   Gravity:         X=0.000, Y=1.000, Z=0.000
2026-05-18T18:27:48 COLMAP[feature_extractor] I20260518 18:27:47.089113   130 feature_extraction.cc:280] Processed file [1367/1710]
2026-05-18T18:27:48 COLMAP[feature_extractor] I20260518 18:27:47.089171   130 feature_extraction.cc:283]   Name:            DJI_01367.JPG
2026-05-18T18:27:48 COLMAP[feature_extractor] I20260518 18:27:47.089184   130 feature_extraction.cc:292]   Dimensions:      4000 x 2250
2026-05-18T18:27:48 COLMAP[feature_extractor] I20260518 18:27:47.089195   130 feature_extraction.cc:295]   Camera:          #1 - SIMPLE_RADIAL
2026-05-18T18:27:48 COLMAP[feature_extractor] I20260518 18:27:47.089206   130 feature_extraction.cc:298]   Focal Length:    2545.54px (Prior)
2026-05-18T18:27:48 COLMAP[feature_extractor] I20260518 18:27:47.089222   130 feature_extraction.cc:302]   Features:        9243 (SIFT)
2026-05-18T18:27:48 COLMAP[feature_extractor] I20260518 18:27:47.288244   130 feature_extraction.cc:316]   GPS:             LAT=40.522, LON=-111.894, ALT=1476.999
2026-05-18T18:27:48 COLMAP[feature_extractor] I20260518 18:27:47.288301   130 feature_extraction.cc:323]   Gravity:         X=0.000, Y=1.000, Z=0.000
2026-05-18T18:27:48 COLMAP[feature_extractor] I20260518 18:27:47.299160   130 feature_extraction.cc:280] Processed file [1368/1710]
2026-05-18T18:27:48 COLMAP[feature_extractor] I20260518 18:27:47.301712   130 feature_extraction.cc:283]   Name:            DJI_01368.JPG
2026-05-18T18:27:48 COLMAP[feature_extractor] I20260518 18:27:47.301967   130 feature_extraction.cc:292]   Dimensions:      4000 x 2250
2026-05-18T18:27:48 COLMAP[feature_extractor] I20260518 18:27:47.302161   130 feature_extraction.cc:295]   Camera:          #1 - SIMPLE_RADIAL
2026-05-18T18:27:48 COLMAP[feature_extractor] I20260518 18:27:47.302342   130 feature_extraction.cc:298]   Focal Length:    2545.54px (Prior)
2026-05-18T18:27:48 COLMAP[feature_extractor] I20260518 18:27:47.302523   130 feature_extraction.cc:302]   Features:        9168 (SIFT)
2026-05-18T18:27:48 COLMAP[feature_extractor] I20260518 18:27:47.609712   130 feature_extraction.cc:316]   GPS:             LAT=40.522, LON=-111.894, ALT=1476.699
2026-05-18T18:27:48 COLMAP[feature_extractor] I20260518 18:27:47.609771   130 feature_extraction.cc:323]   Gravity:         X=0.000, Y=1.000, Z=0.000
2026-05-18T18:27:51 COLMAP[feature_extractor] I20260518 18:27:50.449142   130 feature_extraction.cc:280] Processed file [1369/1710]
2026-05-18T18:27:51 COLMAP[feature_extractor] I20260518 18:27:50.449220   130 feature_extraction.cc:283]   Name:            DJI_01369.JPG
2026-05-18T18:27:51 COLMAP[feature_extractor] I20260518 18:27:50.449232   130 feature_extraction.cc:292]   Dimensions:      4000 x 2250
2026-05-18T18:27:51 COLMAP[feature_extractor] I20260518 18:27:50.449244   130 feature_extraction.cc:295]   Camera:          #1 - SIMPLE_RADIAL
2026-05-18T18:27:51 COLMAP[feature_extractor] I20260518 18:27:50.449254   130 feature_extraction.cc:298]   Focal Length:    2545.54px (Prior)
2026-05-18T18:27:51 COLMAP[feature_extractor] I20260518 18:27:50.449270   130 feature_extraction.cc:302]   Features:        9113 (SIFT)
2026-05-18T18:27:51 COLMAP[feature_extractor] I20260518 18:27:50.759743   130 feature_extraction.cc:316]   GPS:             LAT=40.522, LON=-111.894, ALT=1476.799
2026-05-18T18:27:51 COLMAP[feature_extractor] I20260518 18:27:50.759819   130 feature_extraction.cc:323]   Gravity:         X=0.000, Y=1.000, Z=0.000
2026-05-18T18:27:52 COLMAP[feature_extractor] I20260518 18:27:51.091722   130 feature_extraction.cc:280] Processed file [1370/1710]
2026-05-18T18:27:52 COLMAP[feature_extractor] I20260518 18:27:51.091781   130 feature_extraction.cc:283]   Name:            DJI_01370.JPG
2026-05-18T18:27:52 COLMAP[feature_extractor] I20260518 18:27:51.091794   130 feature_extraction.cc:292]   Dimensions:      4000 x 2250
2026-05-18T18:27:52 COLMAP[feature_extractor] I20260518 18:27:51.091804   130 feature_extraction.cc:295]   Camera:          #1 - SIMPLE_RADIAL
2026-05-18T18:27:52 COLMAP[feature_extractor] I20260518 18:27:51.091823   130 feature_extraction.cc:298]   Focal Length:    2545.54px (Prior)
2026-05-18T18:27:52 COLMAP[feature_extractor] I20260518 18:27:51.091840   130 feature_extraction.cc:302]   Features:        8685 (SIFT)
2026-05-18T18:27:52 COLMAP[feature_extractor] I20260518 18:27:51.329089   130 feature_extraction.cc:316]   GPS:             LAT=40.521, LON=-111.894, ALT=1477.299
2026-05-18T18:27:52 COLMAP[feature_extractor] I20260518 18:27:51.329156   130 feature_extraction.cc:323]   Gravity:         X=0.000, Y=1.000, Z=0.000
2026-05-18T18:27:57 COLMAP[feature_extractor] I20260518 18:27:56.374208   130 feature_extraction.cc:280] Processed file [1371/1710]
2026-05-18T18:27:57 COLMAP[feature_extractor] I20260518 18:27:56.374274   130 feature_extraction.cc:283]   Name:            DJI_01371.JPG
2026-05-18T18:27:57 COLMAP[feature_extractor] I20260518 18:27:56.374285   130 feature_extraction.cc:292]   Dimensions:      4000 x 2250
2026-05-18T18:27:57 COLMAP[feature_extractor] I20260518 18:27:56.374295   130 feature_extraction.cc:295]   Camera:          #1 - SIMPLE_RADIAL
2026-05-18T18:27:57 COLMAP[feature_extractor] I20260518 18:27:56.374307   130 feature_extraction.cc:298]   Focal Length:    2545.54px (Prior)
2026-05-18T18:27:57 COLMAP[feature_extractor] I20260518 18:27:56.374323   130 feature_extraction.cc:302]   Features:        8954 (SIFT)
2026-05-18T18:27:57 COLMAP[feature_extractor] I20260518 18:27:56.646386   130 feature_extraction.cc:316]   GPS:             LAT=40.521, LON=-111.894, ALT=1477.899
2026-05-18T18:27:57 COLMAP[feature_extractor] I20260518 18:27:56.646447   130 feature_extraction.cc:323]   Gravity:         X=0.000, Y=1.000, Z=0.000
2026-05-18T18:27:57 COLMAP[feature_extractor] I20260518 18:27:56.649158   130 feature_extraction.cc:280] Processed file [1372/1710]
2026-05-18T18:27:57 COLMAP[feature_extractor] I20260518 18:27:56.649197   130 feature_extraction.cc:283]   Name:            DJI_01372.JPG
2026-05-18T18:27:57 COLMAP[feature_extractor] I20260518 18:27:56.649209   130 feature_extraction.cc:292]   Dimensions:      4000 x 2250
2026-05-18T18:27:57 COLMAP[feature_extractor] I20260518 18:27:56.649219   130 feature_extraction.cc:295]   Camera:          #1 - SIMPLE_RADIAL
2026-05-18T18:27:57 COLMAP[feature_extractor] I20260518 18:27:56.649230   130 feature_extraction.cc:298]   Focal Length:    2545.54px (Prior)
2026-05-18T18:27:57 COLMAP[feature_extractor] I20260518 18:27:56.649245   130 feature_extraction.cc:302]   Features:        8884 (SIFT)
2026-05-18T18:27:57 COLMAP[feature_extractor] I20260518 18:27:56.649286   130 feature_extraction.cc:316]   GPS:             LAT=40.521, LON=-111.893, ALT=1478.599
2026-05-18T18:27:57 COLMAP[feature_extractor] I20260518 18:27:56.649300   130 feature_extraction.cc:323]   Gravity:         X=0.000, Y=1.000, Z=0.000
2026-05-18T18:28:00 COLMAP[feature_extractor] I20260518 18:27:59.667259   130 feature_extraction.cc:280] Processed file [1373/1710]
2026-05-18T18:28:00 COLMAP[feature_extractor] I20260518 18:27:59.667321   130 feature_extraction.cc:283]   Name:            DJI_01373.JPG
2026-05-18T18:28:00 COLMAP[feature_extractor] I20260518 18:27:59.667333   130 feature_extraction.cc:292]   Dimensions:      4000 x 2250
2026-05-18T18:28:00 COLMAP[feature_extractor] I20260518 18:27:59.667344   130 feature_extraction.cc:295]   Camera:          #1 - SIMPLE_RADIAL
2026-05-18T18:28:00 COLMAP[feature_extractor] I20260518 18:27:59.667356   130 feature_extraction.cc:298]   Focal Length:    2545.54px (Prior)
2026-05-18T18:28:00 COLMAP[feature_extractor] I20260518 18:27:59.667371   130 feature_extraction.cc:302]   Features:        9054 (SIFT)
2026-05-18T18:28:00 COLMAP[feature_extractor] I20260518 18:28:00.020247   130 feature_extraction.cc:316]   GPS:             LAT=40.521, LON=-111.893, ALT=1479.199
2026-05-18T18:28:00 COLMAP[feature_extractor] I20260518 18:28:00.020316   130 feature_extraction.cc:323]   Gravity:         X=0.000, Y=1.000, Z=0.000
2026-05-18T18:28:01 COLMAP[feature_extractor] I20260518 18:28:00.431319   130 feature_extraction.cc:280] Processed file [1374/1710]
2026-05-18T18:28:01 COLMAP[feature_extractor] I20260518 18:28:00.431388   130 feature_extraction.cc:283]   Name:            DJI_01374.JPG
2026-05-18T18:28:01 COLMAP[feature_extractor] I20260518 18:28:00.431401   130 feature_extraction.cc:292]   Dimensions:      4000 x 2250
2026-05-18T18:28:01 COLMAP[feature_extractor] I20260518 18:28:00.431411   130 feature_extraction.cc:295]   Camera:          #1 - SIMPLE_RADIAL
2026-05-18T18:28:01 COLMAP[feature_extractor] I20260518 18:28:00.431454   130 feature_extraction.cc:298]   Focal Length:    2545.54px (Prior)
2026-05-18T18:28:01 COLMAP[feature_extractor] I20260518 18:28:00.431470   130 feature_extraction.cc:302]   Features:        9162 (SIFT)
2026-05-18T18:28:01 COLMAP[feature_extractor] I20260518 18:28:00.699921   130 feature_extraction.cc:316]   GPS:             LAT=40.521, LON=-111.893, ALT=1479.399
2026-05-18T18:28:01 COLMAP[feature_extractor] I20260518 18:28:00.699976   130 feature_extraction.cc:323]   Gravity:         X=0.000, Y=1.000, Z=0.000
2026-05-18T18:28:06 COLMAP[feature_extractor] I20260518 18:28:05.635599   130 feature_extraction.cc:280] Processed file [1375/1710]
2026-05-18T18:28:06 COLMAP[feature_extractor] I20260518 18:28:05.635658   130 feature_extraction.cc:283]   Name:            DJI_01375.JPG
2026-05-18T18:28:06 COLMAP[feature_extractor] I20260518 18:28:05.635670   130 feature_extraction.cc:292]   Dimensions:      4000 x 2250
2026-05-18T18:28:06 COLMAP[feature_extractor] I20260518 18:28:05.635681   130 feature_extraction.cc:295]   Camera:          #1 - SIMPLE_RADIAL
2026-05-18T18:28:06 COLMAP[feature_extractor] I20260518 18:28:05.635692   130 feature_extraction.cc:298]   Focal Length:    2545.54px (Prior)
2026-05-18T18:28:06 COLMAP[feature_extractor] I20260518 18:28:05.635708   130 feature_extraction.cc:302]   Features:        9209 (SIFT)
2026-05-18T18:28:06 COLMAP[feature_extractor] I20260518 18:28:05.925444   130 feature_extraction.cc:316]   GPS:             LAT=40.521, LON=-111.893, ALT=1480.399
2026-05-18T18:28:06 COLMAP[feature_extractor] I20260518 18:28:05.925509   130 feature_extraction.cc:323]   Gravity:         X=0.000, Y=1.000, Z=0.000
2026-05-18T18:28:07 COLMAP[feature_extractor] I20260518 18:28:06.118417   130 feature_extraction.cc:280] Processed file [1376/1710]
2026-05-18T18:28:07 COLMAP[feature_extractor] I20260518 18:28:06.118476   130 feature_extraction.cc:283]   Name:            DJI_01376.JPG
2026-05-18T18:28:07 COLMAP[feature_extractor] I20260518 18:28:06.118489   130 feature_extraction.cc:292]   Dimensions:      4000 x 2250
2026-05-18T18:28:07 COLMAP[feature_extractor] I20260518 18:28:06.118499   130 feature_extraction.cc:295]   Camera:          #1 - SIMPLE_RADIAL
2026-05-18T18:28:07 COLMAP[feature_extractor] I20260518 18:28:06.118510   130 feature_extraction.cc:298]   Focal Length:    2545.54px (Prior)
2026-05-18T18:28:07 COLMAP[feature_extractor] I20260518 18:28:06.118526   130 feature_extraction.cc:302]   Features:        8919 (SIFT)
2026-05-18T18:28:07 COLMAP[feature_extractor] I20260518 18:28:06.342720   130 feature_extraction.cc:316]   GPS:             LAT=40.521, LON=-111.892, ALT=1480.999
2026-05-18T18:28:07 COLMAP[feature_extractor] I20260518 18:28:06.342782   130 feature_extraction.cc:323]   Gravity:         X=0.000, Y=1.000, Z=0.000
2026-05-18T18:28:09 COLMAP[feature_extractor] I20260518 18:28:09.059365   130 feature_extraction.cc:280] Processed file [1377/1710]
2026-05-18T18:28:09 COLMAP[feature_extractor] I20260518 18:28:09.059425   130 feature_extraction.cc:283]   Name:            DJI_01377.JPG
2026-05-18T18:28:09 COLMAP[feature_extractor] I20260518 18:28:09.059437   130 feature_extraction.cc:292]   Dimensions:      4000 x 2250
2026-05-18T18:28:09 COLMAP[feature_extractor] I20260518 18:28:09.059448   130 feature_extraction.cc:295]   Camera:          #1 - SIMPLE_RADIAL
2026-05-18T18:28:09 COLMAP[feature_extractor] I20260518 18:28:09.059459   130 feature_extraction.cc:298]   Focal Length:    2545.54px (Prior)
2026-05-18T18:28:09 COLMAP[feature_extractor] I20260518 18:28:09.059474   130 feature_extraction.cc:302]   Features:        8702 (SIFT)
2026-05-18T18:28:10 COLMAP[feature_extractor] I20260518 18:28:09.305446   130 feature_extraction.cc:316]   GPS:             LAT=40.521, LON=-111.892, ALT=1481.699
2026-05-18T18:28:10 COLMAP[feature_extractor] I20260518 18:28:09.305508   130 feature_extraction.cc:323]   Gravity:         X=0.000, Y=1.000, Z=0.000
2026-05-18T18:28:10 COLMAP[feature_extractor] I20260518 18:28:09.730552   130 feature_extraction.cc:280] Processed file [1378/1710]
2026-05-18T18:28:10 COLMAP[feature_extractor] I20260518 18:28:09.730607   130 feature_extraction.cc:283]   Name:            DJI_01378.JPG
2026-05-18T18:28:10 COLMAP[feature_extractor] I20260518 18:28:09.730619   130 feature_extraction.cc:292]   Dimensions:      4000 x 2250
2026-05-18T18:28:10 COLMAP[feature_extractor] I20260518 18:28:09.730630   130 feature_extraction.cc:295]   Camera:          #1 - SIMPLE_RADIAL
2026-05-18T18:28:10 COLMAP[feature_extractor] I20260518 18:28:09.730641   130 feature_extraction.cc:298]   Focal Length:    2545.54px (Prior)
2026-05-18T18:28:10 COLMAP[feature_extractor] I20260518 18:28:09.730656   130 feature_extraction.cc:302]   Features:        8478 (SIFT)
2026-05-18T18:28:10 COLMAP[feature_extractor] I20260518 18:28:10.053079   130 feature_extraction.cc:316]   GPS:             LAT=40.521, LON=-111.892, ALT=1482.899
2026-05-18T18:28:10 COLMAP[feature_extractor] I20260518 18:28:10.053139   130 feature_extraction.cc:323]   Gravity:         X=0.000, Y=1.000, Z=0.000
2026-05-18T18:28:15 COLMAP[feature_extractor] I20260518 18:28:14.830647   130 feature_extraction.cc:280] Processed file [1379/1710]
2026-05-18T18:28:15 COLMAP[feature_extractor] I20260518 18:28:14.830704   130 feature_extraction.cc:283]   Name:            DJI_01379.JPG
2026-05-18T18:28:15 COLMAP[feature_extractor] I20260518 18:28:14.830716   130 feature_extraction.cc:292]   Dimensions:      4000 x 2250
2026-05-18T18:28:15 COLMAP[feature_extractor] I20260518 18:28:14.830727   130 feature_extraction.cc:295]   Camera:          #1 - SIMPLE_RADIAL
2026-05-18T18:28:15 COLMAP[feature_extractor] I20260518 18:28:14.830739   130 feature_extraction.cc:298]   Focal Length:    2545.54px (Prior)
2026-05-18T18:28:15 COLMAP[feature_extractor] I20260518 18:28:14.830754   130 feature_extraction.cc:302]   Features:        8699 (SIFT)
2026-05-18T18:28:15 COLMAP[feature_extractor] I20260518 18:28:15.026335   130 feature_extraction.cc:316]   GPS:             LAT=40.521, LON=-111.891, ALT=1483.199
2026-05-18T18:28:15 COLMAP[feature_extractor] I20260518 18:28:15.026419   130 feature_extraction.cc:323]   Gravity:         X=0.000, Y=1.000, Z=0.000
2026-05-18T18:28:16 COLMAP[feature_extractor] I20260518 18:28:15.286505   130 feature_extraction.cc:280] Processed file [1380/1710]
2026-05-18T18:28:16 COLMAP[feature_extractor] I20260518 18:28:15.286566   130 feature_extraction.cc:283]   Name:            DJI_01380.JPG
2026-05-18T18:28:16 COLMAP[feature_extractor] I20260518 18:28:15.286578   130 feature_extraction.cc:292]   Dimensions:      4000 x 2250
2026-05-18T18:28:16 COLMAP[feature_extractor] I20260518 18:28:15.286589   130 feature_extraction.cc:295]   Camera:          #1 - SIMPLE_RADIAL
2026-05-18T18:28:16 COLMAP[feature_extractor] I20260518 18:28:15.286600   130 feature_extraction.cc:298]   Focal Length:    2545.54px (Prior)
2026-05-18T18:28:16 COLMAP[feature_extractor] I20260518 18:28:15.286616   130 feature_extraction.cc:302]   Features:        8674 (SIFT)
2026-05-18T18:28:16 COLMAP[feature_extractor] I20260518 18:28:15.524984   130 feature_extraction.cc:316]   GPS:             LAT=40.521, LON=-111.891, ALT=1485.199
2026-05-18T18:28:16 COLMAP[feature_extractor] I20260518 18:28:15.525044   130 feature_extraction.cc:323]   Gravity:         X=0.000, Y=1.000, Z=0.000
2026-05-18T18:28:19 COLMAP[feature_extractor] I20260518 18:28:18.314545   130 feature_extraction.cc:280] Processed file [1381/1710]
2026-05-18T18:28:19 COLMAP[feature_extractor] I20260518 18:28:18.314606   130 feature_extraction.cc:283]   Name:            DJI_01381.JPG
2026-05-18T18:28:19 COLMAP[feature_extractor] I20260518 18:28:18.314618   130 feature_extraction.cc:292]   Dimensions:      4000 x 2250
2026-05-18T18:28:19 COLMAP[feature_extractor] I20260518 18:28:18.314627   130 feature_extraction.cc:295]   Camera:          #1 - SIMPLE_RADIAL
2026-05-18T18:28:19 COLMAP[feature_extractor] I20260518 18:28:18.314637   130 feature_extraction.cc:298]   Focal Length:    2545.54px (Prior)
2026-05-18T18:28:19 COLMAP[feature_extractor] I20260518 18:28:18.314651   130 feature_extraction.cc:302]   Features:        9537 (SIFT)
2026-05-18T18:28:19 COLMAP[feature_extractor] I20260518 18:28:18.527626   130 feature_extraction.cc:316]   GPS:             LAT=40.521, LON=-111.891, ALT=1483.499
2026-05-18T18:28:19 COLMAP[feature_extractor] I20260518 18:28:18.527693   130 feature_extraction.cc:323]   Gravity:         X=0.000, Y=1.000, Z=0.000
2026-05-18T18:28:20 COLMAP[feature_extractor] I20260518 18:28:19.119882   130 feature_extraction.cc:280] Processed file [1382/1710]
2026-05-18T18:28:20 COLMAP[feature_extractor] I20260518 18:28:19.120018   130 feature_extraction.cc:283]   Name:            DJI_01382.JPG
2026-05-18T18:28:20 COLMAP[feature_extractor] I20260518 18:28:19.120036   130 feature_extraction.cc:292]   Dimensions:      4000 x 2250
2026-05-18T18:28:20 COLMAP[feature_extractor] I20260518 18:28:19.120047   130 feature_extraction.cc:295]   Camera:          #1 - SIMPLE_RADIAL
2026-05-18T18:28:20 COLMAP[feature_extractor] I20260518 18:28:19.120057   130 feature_extraction.cc:298]   Focal Length:    2545.54px (Prior)
2026-05-18T18:28:20 COLMAP[feature_extractor] I20260518 18:28:19.120072   130 feature_extraction.cc:302]   Features:        9488 (SIFT)
2026-05-18T18:28:20 COLMAP[feature_extractor] I20260518 18:28:19.354828   130 feature_extraction.cc:316]   GPS:             LAT=40.521, LON=-111.891, ALT=1485.499
2026-05-18T18:28:20 COLMAP[feature_extractor] I20260518 18:28:19.354889   130 feature_extraction.cc:323]   Gravity:         X=0.000, Y=1.000, Z=0.000
2026-05-18T18:28:24 COLMAP[feature_extractor] I20260518 18:28:24.050796   130 feature_extraction.cc:280] Processed file [1383/1710]
2026-05-18T18:28:24 COLMAP[feature_extractor] I20260518 18:28:24.050891   130 feature_extraction.cc:283]   Name:            DJI_01383.JPG
2026-05-18T18:28:24 COLMAP[feature_extractor] I20260518 18:28:24.050904   130 feature_extraction.cc:292]   Dimensions:      4000 x 2250
2026-05-18T18:28:24 COLMAP[feature_extractor] I20260518 18:28:24.050915   130 feature_extraction.cc:295]   Camera:          #1 - SIMPLE_RADIAL
2026-05-18T18:28:24 COLMAP[feature_extractor] I20260518 18:28:24.050926   130 feature_extraction.cc:298]   Focal Length:    2545.54px (Prior)
2026-05-18T18:28:24 COLMAP[feature_extractor] I20260518 18:28:24.050942   130 feature_extraction.cc:302]   Features:        9465 (SIFT)
2026-05-18T18:28:25 COLMAP[feature_extractor] I20260518 18:28:24.422405   130 feature_extraction.cc:316]   GPS:             LAT=40.521, LON=-111.891, ALT=1485.899
2026-05-18T18:28:25 COLMAP[feature_extractor] I20260518 18:28:24.422459   130 feature_extraction.cc:323]   Gravity:         X=0.000, Y=1.000, Z=0.000
2026-05-18T18:28:25 COLMAP[feature_extractor] I20260518 18:28:24.626580   130 feature_extraction.cc:280] Processed file [1384/1710]
2026-05-18T18:28:25 COLMAP[feature_extractor] I20260518 18:28:24.626634   130 feature_extraction.cc:283]   Name:            DJI_01384.JPG
2026-05-18T18:28:25 COLMAP[feature_extractor] I20260518 18:28:24.626646   130 feature_extraction.cc:292]   Dimensions:      4000 x 2250
2026-05-18T18:28:25 COLMAP[feature_extractor] I20260518 18:28:24.626657   130 feature_extraction.cc:295]   Camera:          #1 - SIMPLE_RADIAL
2026-05-18T18:28:25 COLMAP[feature_extractor] I20260518 18:28:24.626669   130 feature_extraction.cc:298]   Focal Length:    2545.54px (Prior)
2026-05-18T18:28:25 COLMAP[feature_extractor] I20260518 18:28:24.626684   130 feature_extraction.cc:302]   Features:        9523 (SIFT)
2026-05-18T18:28:25 COLMAP[feature_extractor] I20260518 18:28:24.812839   130 feature_extraction.cc:316]   GPS:             LAT=40.521, LON=-111.891, ALT=1485.699
2026-05-18T18:28:25 COLMAP[feature_extractor] I20260518 18:28:24.812898   130 feature_extraction.cc:323]   Gravity:         X=0.000, Y=1.000, Z=0.000
2026-05-18T18:28:28 COLMAP[feature_extractor] I20260518 18:28:27.608970   130 feature_extraction.cc:280] Processed file [1385/1710]
2026-05-18T18:28:28 COLMAP[feature_extractor] I20260518 18:28:27.609033   130 feature_extraction.cc:283]   Name:            DJI_01385.JPG
2026-05-18T18:28:28 COLMAP[feature_extractor] I20260518 18:28:27.609046   130 feature_extraction.cc:292]   Dimensions:      4000 x 2250
2026-05-18T18:28:28 COLMAP[feature_extractor] I20260518 18:28:27.609057   130 feature_extraction.cc:295]   Camera:          #1 - SIMPLE_RADIAL
2026-05-18T18:28:28 COLMAP[feature_extractor] I20260518 18:28:27.609068   130 feature_extraction.cc:298]   Focal Length:    2545.54px (Prior)
2026-05-18T18:28:28 COLMAP[feature_extractor] I20260518 18:28:27.609083   130 feature_extraction.cc:302]   Features:        9547 (SIFT)
2026-05-18T18:28:28 COLMAP[feature_extractor] I20260518 18:28:27.924933   130 feature_extraction.cc:316]   GPS:             LAT=40.521, LON=-111.891, ALT=1485.399
2026-05-18T18:28:28 COLMAP[feature_extractor] I20260518 18:28:27.924993   130 feature_extraction.cc:323]   Gravity:         X=0.000, Y=1.000, Z=0.000
2026-05-18T18:28:29 COLMAP[feature_extractor] I20260518 18:28:28.111148   130 feature_extraction.cc:280] Processed file [1386/1710]
2026-05-18T18:28:29 COLMAP[feature_extractor] I20260518 18:28:28.111208   130 feature_extraction.cc:283]   Name:            DJI_01386.JPG
2026-05-18T18:28:29 COLMAP[feature_extractor] I20260518 18:28:28.111220   130 feature_extraction.cc:292]   Dimensions:      4000 x 2250
2026-05-18T18:28:29 COLMAP[feature_extractor] I20260518 18:28:28.111231   130 feature_extraction.cc:295]   Camera:          #1 - SIMPLE_RADIAL
2026-05-18T18:28:29 COLMAP[feature_extractor] I20260518 18:28:28.111243   130 feature_extraction.cc:298]   Focal Length:    2545.54px (Prior)
2026-05-18T18:28:29 COLMAP[feature_extractor] I20260518 18:28:28.111258   130 feature_extraction.cc:302]   Features:        9614 (SIFT)
2026-05-18T18:28:29 COLMAP[feature_extractor] I20260518 18:28:28.428922   130 feature_extraction.cc:316]   GPS:             LAT=40.521, LON=-111.891, ALT=1485.899
2026-05-18T18:28:29 COLMAP[feature_extractor] I20260518 18:28:28.428979   130 feature_extraction.cc:323]   Gravity:         X=0.000, Y=1.000, Z=0.000
2026-05-18T18:28:34 COLMAP[feature_extractor] I20260518 18:28:33.324206   130 feature_extraction.cc:280] Processed file [1387/1710]
2026-05-18T18:28:34 COLMAP[feature_extractor] I20260518 18:28:33.324267   130 feature_extraction.cc:283]   Name:            DJI_01387.JPG
2026-05-18T18:28:34 COLMAP[feature_extractor] I20260518 18:28:33.324280   130 feature_extraction.cc:292]   Dimensions:      4000 x 2250
2026-05-18T18:28:34 COLMAP[feature_extractor] I20260518 18:28:33.324290   130 feature_extraction.cc:295]   Camera:          #1 - SIMPLE_RADIAL
2026-05-18T18:28:34 COLMAP[feature_extractor] I20260518 18:28:33.324301   130 feature_extraction.cc:298]   Focal Length:    2545.54px (Prior)
2026-05-18T18:28:34 COLMAP[feature_extractor] I20260518 18:28:33.324316   130 feature_extraction.cc:302]   Features:        9690 (SIFT)
2026-05-18T18:28:34 COLMAP[feature_extractor] I20260518 18:28:33.571632   130 feature_extraction.cc:316]   GPS:             LAT=40.521, LON=-111.891, ALT=1486.099
2026-05-18T18:28:34 COLMAP[feature_extractor] I20260518 18:28:33.571694   130 feature_extraction.cc:323]   Gravity:         X=0.000, Y=1.000, Z=0.000
2026-05-18T18:28:34 COLMAP[feature_extractor] I20260518 18:28:33.943759   130 feature_extraction.cc:280] Processed file [1388/1710]
2026-05-18T18:28:34 COLMAP[feature_extractor] I20260518 18:28:33.943830   130 feature_extraction.cc:283]   Name:            DJI_01388.JPG
2026-05-18T18:28:34 COLMAP[feature_extractor] I20260518 18:28:33.943842   130 feature_extraction.cc:292]   Dimensions:      4000 x 2250
2026-05-18T18:28:34 COLMAP[feature_extractor] I20260518 18:28:33.943853   130 feature_extraction.cc:295]   Camera:          #1 - SIMPLE_RADIAL
2026-05-18T18:28:34 COLMAP[feature_extractor] I20260518 18:28:33.943898   130 feature_extraction.cc:298]   Focal Length:    2545.54px (Prior)
2026-05-18T18:28:34 COLMAP[feature_extractor] I20260518 18:28:33.943914   130 feature_extraction.cc:302]   Features:        9779 (SIFT)
2026-05-18T18:28:35 COLMAP[feature_extractor] I20260518 18:28:34.219288   130 feature_extraction.cc:316]   GPS:             LAT=40.521, LON=-111.891, ALT=1486.499
2026-05-18T18:28:35 COLMAP[feature_extractor] I20260518 18:28:34.219352   130 feature_extraction.cc:323]   Gravity:         X=0.000, Y=1.000, Z=0.000
2026-05-18T18:28:37 COLMAP[feature_extractor] I20260518 18:28:36.866148   130 feature_extraction.cc:280] Processed file [1389/1710]
2026-05-18T18:28:37 COLMAP[feature_extractor] I20260518 18:28:36.866211   130 feature_extraction.cc:283]   Name:            DJI_01389.JPG
2026-05-18T18:28:37 COLMAP[feature_extractor] I20260518 18:28:36.866225   130 feature_extraction.cc:292]   Dimensions:      4000 x 2250
2026-05-18T18:28:37 COLMAP[feature_extractor] I20260518 18:28:36.866235   130 feature_extraction.cc:295]   Camera:          #1 - SIMPLE_RADIAL
2026-05-18T18:28:37 COLMAP[feature_extractor] I20260518 18:28:36.866246   130 feature_extraction.cc:298]   Focal Length:    2545.54px (Prior)
2026-05-18T18:28:37 COLMAP[feature_extractor] I20260518 18:28:36.866261   130 feature_extraction.cc:302]   Features:        9564 (SIFT)
2026-05-18T18:28:38 COLMAP[feature_extractor] I20260518 18:28:37.101994   130 feature_extraction.cc:316]   GPS:             LAT=40.521, LON=-111.892, ALT=1486.699
2026-05-18T18:28:38 COLMAP[feature_extractor] I20260518 18:28:37.102057   130 feature_extraction.cc:323]   Gravity:         X=0.000, Y=1.000, Z=0.000
2026-05-18T18:28:38 COLMAP[feature_extractor] I20260518 18:28:37.323437   130 feature_extraction.cc:280] Processed file [1390/1710]
2026-05-18T18:28:38 COLMAP[feature_extractor] I20260518 18:28:37.323501   130 feature_extraction.cc:283]   Name:            DJI_01390.JPG
2026-05-18T18:28:38 COLMAP[feature_extractor] I20260518 18:28:37.323513   130 feature_extraction.cc:292]   Dimensions:      4000 x 2250
2026-05-18T18:28:38 COLMAP[feature_extractor] I20260518 18:28:37.323524   130 feature_extraction.cc:295]   Camera:          #1 - SIMPLE_RADIAL
2026-05-18T18:28:38 COLMAP[feature_extractor] I20260518 18:28:37.323535   130 feature_extraction.cc:298]   Focal Length:    2545.54px (Prior)
2026-05-18T18:28:38 COLMAP[feature_extractor] I20260518 18:28:37.323550   130 feature_extraction.cc:302]   Features:        9374 (SIFT)
2026-05-18T18:28:38 COLMAP[feature_extractor] I20260518 18:28:37.577018   130 feature_extraction.cc:316]   GPS:             LAT=40.521, LON=-111.892, ALT=1487.299
2026-05-18T18:28:38 COLMAP[feature_extractor] I20260518 18:28:37.577069   130 feature_extraction.cc:323]   Gravity:         X=0.000, Y=1.000, Z=0.000
2026-05-18T18:28:43 COLMAP[feature_extractor] I20260518 18:28:42.483129   130 feature_extraction.cc:280] Processed file [1391/1710]
2026-05-18T18:28:43 COLMAP[feature_extractor] I20260518 18:28:42.483187   130 feature_extraction.cc:283]   Name:            DJI_01391.JPG
2026-05-18T18:28:43 COLMAP[feature_extractor] I20260518 18:28:42.483199   130 feature_extraction.cc:292]   Dimensions:      4000 x 2250
2026-05-18T18:28:43 COLMAP[feature_extractor] I20260518 18:28:42.483209   130 feature_extraction.cc:295]   Camera:          #1 - SIMPLE_RADIAL
2026-05-18T18:28:43 COLMAP[feature_extractor] I20260518 18:28:42.483220   130 feature_extraction.cc:298]   Focal Length:    2545.54px (Prior)
2026-05-18T18:28:43 COLMAP[feature_extractor] I20260518 18:28:42.483237   130 feature_extraction.cc:302]   Features:        9156 (SIFT)
2026-05-18T18:28:43 COLMAP[feature_extractor] I20260518 18:28:42.689504   130 feature_extraction.cc:316]   GPS:             LAT=40.521, LON=-111.892, ALT=1487.799
2026-05-18T18:28:43 COLMAP[feature_extractor] I20260518 18:28:42.689560   130 feature_extraction.cc:323]   Gravity:         X=0.000, Y=1.000, Z=0.000
2026-05-18T18:28:44 COLMAP[feature_extractor] I20260518 18:28:43.128391   130 feature_extraction.cc:280] Processed file [1392/1710]
2026-05-18T18:28:44 COLMAP[feature_extractor] I20260518 18:28:43.128448   130 feature_extraction.cc:283]   Name:            DJI_01392.JPG
2026-05-18T18:28:44 COLMAP[feature_extractor] I20260518 18:28:43.128460   130 feature_extraction.cc:292]   Dimensions:      4000 x 2250
2026-05-18T18:28:44 COLMAP[feature_extractor] I20260518 18:28:43.128471   130 feature_extraction.cc:295]   Camera:          #1 - SIMPLE_RADIAL
2026-05-18T18:28:44 COLMAP[feature_extractor] I20260518 18:28:43.128482   130 feature_extraction.cc:298]   Focal Length:    2545.54px (Prior)
2026-05-18T18:28:44 COLMAP[feature_extractor] I20260518 18:28:43.128499   130 feature_extraction.cc:302]   Features:        9110 (SIFT)
2026-05-18T18:28:44 COLMAP[feature_extractor] I20260518 18:28:43.327248   130 feature_extraction.cc:316]   GPS:             LAT=40.521, LON=-111.892, ALT=1488.499
2026-05-18T18:28:44 COLMAP[feature_extractor] I20260518 18:28:43.327309   130 feature_extraction.cc:323]   Gravity:         X=0.000, Y=1.000, Z=0.000
2026-05-18T18:28:47 COLMAP[feature_extractor] I20260518 18:28:46.132562   130 feature_extraction.cc:280] Processed file [1393/1710]
2026-05-18T18:28:47 COLMAP[feature_extractor] I20260518 18:28:46.132627   130 feature_extraction.cc:283]   Name:            DJI_01393.JPG
2026-05-18T18:28:47 COLMAP[feature_extractor] I20260518 18:28:46.132642   130 feature_extraction.cc:292]   Dimensions:      4000 x 2250
2026-05-18T18:28:47 COLMAP[feature_extractor] I20260518 18:28:46.132652   130 feature_extraction.cc:295]   Camera:          #1 - SIMPLE_RADIAL
2026-05-18T18:28:47 COLMAP[feature_extractor] I20260518 18:28:46.132663   130 feature_extraction.cc:298]   Focal Length:    2545.54px (Prior)
2026-05-18T18:28:47 COLMAP[feature_extractor] I20260518 18:28:46.132679   130 feature_extraction.cc:302]   Features:        9195 (SIFT)
2026-05-18T18:28:47 COLMAP[feature_extractor] I20260518 18:28:46.359838   130 feature_extraction.cc:316]   GPS:             LAT=40.521, LON=-111.893, ALT=1488.799
2026-05-18T18:28:47 COLMAP[feature_extractor] I20260518 18:28:46.359931   130 feature_extraction.cc:323]   Gravity:         X=0.000, Y=1.000, Z=0.000
2026-05-18T18:28:47 COLMAP[feature_extractor] I20260518 18:28:46.605070   130 feature_extraction.cc:280] Processed file [1394/1710]
2026-05-18T18:28:47 COLMAP[feature_extractor] I20260518 18:28:46.605132   130 feature_extraction.cc:283]   Name:            DJI_01394.JPG
2026-05-18T18:28:47 COLMAP[feature_extractor] I20260518 18:28:46.605144   130 feature_extraction.cc:292]   Dimensions:      4000 x 2250
2026-05-18T18:28:47 COLMAP[feature_extractor] I20260518 18:28:46.605155   130 feature_extraction.cc:295]   Camera:          #1 - SIMPLE_RADIAL
2026-05-18T18:28:47 COLMAP[feature_extractor] I20260518 18:28:46.605166   130 feature_extraction.cc:298]   Focal Length:    2545.54px (Prior)
2026-05-18T18:28:47 COLMAP[feature_extractor] I20260518 18:28:46.605182   130 feature_extraction.cc:302]   Features:        9337 (SIFT)
2026-05-18T18:28:47 COLMAP[feature_extractor] I20260518 18:28:46.864284   130 feature_extraction.cc:316]   GPS:             LAT=40.521, LON=-111.893, ALT=1488.399
2026-05-18T18:28:47 COLMAP[feature_extractor] I20260518 18:28:46.864343   130 feature_extraction.cc:323]   Gravity:         X=0.000, Y=1.000, Z=0.000
2026-05-18T18:28:52 COLMAP[feature_extractor] I20260518 18:28:51.715281   130 feature_extraction.cc:280] Processed file [1395/1710]
2026-05-18T18:28:52 COLMAP[feature_extractor] I20260518 18:28:51.715341   130 feature_extraction.cc:283]   Name:            DJI_01395.JPG
2026-05-18T18:28:52 COLMAP[feature_extractor] I20260518 18:28:51.715353   130 feature_extraction.cc:292]   Dimensions:      4000 x 2250
2026-05-18T18:28:52 COLMAP[feature_extractor] I20260518 18:28:51.715364   130 feature_extraction.cc:295]   Camera:          #1 - SIMPLE_RADIAL
2026-05-18T18:28:52 COLMAP[feature_extractor] I20260518 18:28:51.715375   130 feature_extraction.cc:298]   Focal Length:    2545.54px (Prior)
2026-05-18T18:28:52 COLMAP[feature_extractor] I20260518 18:28:51.715392   130 feature_extraction.cc:302]   Features:        9596 (SIFT)
2026-05-18T18:28:52 COLMAP[feature_extractor] I20260518 18:28:51.968998   130 feature_extraction.cc:316]   GPS:             LAT=40.521, LON=-111.893, ALT=1489.199
2026-05-18T18:28:52 COLMAP[feature_extractor] I20260518 18:28:51.969059   130 feature_extraction.cc:323]   Gravity:         X=0.000, Y=1.000, Z=0.000
2026-05-18T18:28:53 COLMAP[feature_extractor] I20260518 18:28:52.474499   130 feature_extraction.cc:280] Processed file [1396/1710]
2026-05-18T18:28:53 COLMAP[feature_extractor] I20260518 18:28:52.474556   130 feature_extraction.cc:283]   Name:            DJI_01396.JPG
2026-05-18T18:28:53 COLMAP[feature_extractor] I20260518 18:28:52.474568   130 feature_extraction.cc:292]   Dimensions:      4000 x 2250
2026-05-18T18:28:53 COLMAP[feature_extractor] I20260518 18:28:52.474578   130 feature_extraction.cc:295]   Camera:          #1 - SIMPLE_RADIAL
2026-05-18T18:28:53 COLMAP[feature_extractor] I20260518 18:28:52.474591   130 feature_extraction.cc:298]   Focal Length:    2545.54px (Prior)
2026-05-18T18:28:53 COLMAP[feature_extractor] I20260518 18:28:52.474606   130 feature_extraction.cc:302]   Features:        9568 (SIFT)
2026-05-18T18:28:53 COLMAP[feature_extractor] I20260518 18:28:52.715968   130 feature_extraction.cc:316]   GPS:             LAT=40.521, LON=-111.893, ALT=1489.799
2026-05-18T18:28:53 COLMAP[feature_extractor] I20260518 18:28:52.716030   130 feature_extraction.cc:323]   Gravity:         X=0.000, Y=1.000, Z=0.000
2026-05-18T18:28:56 COLMAP[feature_extractor] I20260518 18:28:55.348961   130 feature_extraction.cc:280] Processed file [1397/1710]
2026-05-18T18:28:56 COLMAP[feature_extractor] I20260518 18:28:55.349064   130 feature_extraction.cc:283]   Name:            DJI_01397.JPG
2026-05-18T18:28:56 COLMAP[feature_extractor] I20260518 18:28:55.349078   130 feature_extraction.cc:292]   Dimensions:      4000 x 2250
2026-05-18T18:28:56 COLMAP[feature_extractor] I20260518 18:28:55.349088   130 feature_extraction.cc:295]   Camera:          #1 - SIMPLE_RADIAL
2026-05-18T18:28:56 COLMAP[feature_extractor] I20260518 18:28:55.349100   130 feature_extraction.cc:298]   Focal Length:    2545.54px (Prior)
2026-05-18T18:28:56 COLMAP[feature_extractor] I20260518 18:28:55.349115   130 feature_extraction.cc:302]   Features:        9610 (SIFT)
2026-05-18T18:28:56 COLMAP[feature_extractor] I20260518 18:28:55.568868   130 feature_extraction.cc:316]   GPS:             LAT=40.521, LON=-111.894, ALT=1490.399
2026-05-18T18:28:56 COLMAP[feature_extractor] I20260518 18:28:55.568935   130 feature_extraction.cc:323]   Gravity:         X=0.000, Y=1.000, Z=0.000
2026-05-18T18:28:56 COLMAP[feature_extractor] I20260518 18:28:55.828562   130 feature_extraction.cc:280] Processed file [1398/1710]
2026-05-18T18:28:56 COLMAP[feature_extractor] I20260518 18:28:55.828619   130 feature_extraction.cc:283]   Name:            DJI_01398.JPG
2026-05-18T18:28:56 COLMAP[feature_extractor] I20260518 18:28:55.828631   130 feature_extraction.cc:292]   Dimensions:      4000 x 2250
2026-05-18T18:28:56 COLMAP[feature_extractor] I20260518 18:28:55.828642   130 feature_extraction.cc:295]   Camera:          #1 - SIMPLE_RADIAL
2026-05-18T18:28:56 COLMAP[feature_extractor] I20260518 18:28:55.828655   130 feature_extraction.cc:298]   Focal Length:    2545.54px (Prior)
2026-05-18T18:28:56 COLMAP[feature_extractor] I20260518 18:28:55.828670   130 feature_extraction.cc:302]   Features:        9773 (SIFT)
2026-05-18T18:28:57 COLMAP[feature_extractor] I20260518 18:28:56.255200   130 feature_extraction.cc:316]   GPS:             LAT=40.521, LON=-111.894, ALT=1490.599
2026-05-18T18:28:57 COLMAP[feature_extractor] I20260518 18:28:56.255263   130 feature_extraction.cc:323]   Gravity:         X=0.000, Y=1.000, Z=0.000
2026-05-18T18:29:01 COLMAP[feature_extractor] I20260518 18:29:00.984108   130 feature_extraction.cc:280] Processed file [1399/1710]
2026-05-18T18:29:01 COLMAP[feature_extractor] I20260518 18:29:00.984170   130 feature_extraction.cc:283]   Name:            DJI_01399.JPG
2026-05-18T18:29:01 COLMAP[feature_extractor] I20260518 18:29:00.984182   130 feature_extraction.cc:292]   Dimensions:      4000 x 2250
2026-05-18T18:29:01 COLMAP[feature_extractor] I20260518 18:29:00.984192   130 feature_extraction.cc:295]   Camera:          #1 - SIMPLE_RADIAL
2026-05-18T18:29:01 COLMAP[feature_extractor] I20260518 18:29:00.984203   130 feature_extraction.cc:298]   Focal Length:    2545.54px (Prior)
2026-05-18T18:29:01 COLMAP[feature_extractor] I20260518 18:29:00.984220   130 feature_extraction.cc:302]   Features:        9941 (SIFT)
2026-05-18T18:29:02 COLMAP[feature_extractor] I20260518 18:29:01.188436   130 feature_extraction.cc:316]   GPS:             LAT=40.521, LON=-111.894, ALT=1491.199
2026-05-18T18:29:02 COLMAP[feature_extractor] I20260518 18:29:01.188498   130 feature_extraction.cc:323]   Gravity:         X=0.000, Y=1.000, Z=0.000
2026-05-18T18:29:02 COLMAP[feature_extractor] I20260518 18:29:01.856673   130 feature_extraction.cc:280] Processed file [1400/1710]
2026-05-18T18:29:02 COLMAP[feature_extractor] I20260518 18:29:01.856726   130 feature_extraction.cc:283]   Name:            DJI_01400.JPG
2026-05-18T18:29:02 COLMAP[feature_extractor] I20260518 18:29:01.856739   130 feature_extraction.cc:292]   Dimensions:      4000 x 2250
2026-05-18T18:29:02 COLMAP[feature_extractor] I20260518 18:29:01.856750   130 feature_extraction.cc:295]   Camera:          #1 - SIMPLE_RADIAL
2026-05-18T18:29:02 COLMAP[feature_extractor] I20260518 18:29:01.856761   130 feature_extraction.cc:298]   Focal Length:    2545.54px (Prior)
2026-05-18T18:29:02 COLMAP[feature_extractor] I20260518 18:29:01.856777   130 feature_extraction.cc:302]   Features:        10027 (SIFT)
2026-05-18T18:29:03 COLMAP[feature_extractor] I20260518 18:29:02.157977   130 feature_extraction.cc:316]   GPS:             LAT=40.521, LON=-111.894, ALT=1491.699
2026-05-18T18:29:03 COLMAP[feature_extractor] I20260518 18:29:02.158042   130 feature_extraction.cc:323]   Gravity:         X=0.000, Y=1.000, Z=0.000
2026-05-18T18:29:05 COLMAP[feature_extractor] I20260518 18:29:04.765120   130 feature_extraction.cc:280] Processed file [1401/1710]
2026-05-18T18:29:05 COLMAP[feature_extractor] I20260518 18:29:04.765188   130 feature_extraction.cc:283]   Name:            DJI_01401.JPG
2026-05-18T18:29:05 COLMAP[feature_extractor] I20260518 18:29:04.765200   130 feature_extraction.cc:292]   Dimensions:      4000 x 2250
2026-05-18T18:29:05 COLMAP[feature_extractor] I20260518 18:29:04.765210   130 feature_extraction.cc:295]   Camera:          #1 - SIMPLE_RADIAL
2026-05-18T18:29:05 COLMAP[feature_extractor] I20260518 18:29:04.765220   130 feature_extraction.cc:298]   Focal Length:    2545.54px (Prior)
2026-05-18T18:29:05 COLMAP[feature_extractor] I20260518 18:29:04.765235   130 feature_extraction.cc:302]   Features:        10178 (SIFT)
2026-05-18T18:29:05 COLMAP[feature_extractor] I20260518 18:29:05.046280   130 feature_extraction.cc:316]   GPS:             LAT=40.521, LON=-111.895, ALT=1492.099
2026-05-18T18:29:05 COLMAP[feature_extractor] I20260518 18:29:05.046343   130 feature_extraction.cc:323]   Gravity:         X=0.000, Y=1.000, Z=0.000
2026-05-18T18:29:06 COLMAP[feature_extractor] I20260518 18:29:05.190639   130 feature_extraction.cc:280] Processed file [1402/1710]
2026-05-18T18:29:06 COLMAP[feature_extractor] I20260518 18:29:05.190699   130 feature_extraction.cc:283]   Name:            DJI_01402.JPG
2026-05-18T18:29:06 COLMAP[feature_extractor] I20260518 18:29:05.190711   130 feature_extraction.cc:292]   Dimensions:      4000 x 2250
2026-05-18T18:29:06 COLMAP[feature_extractor] I20260518 18:29:05.190722   130 feature_extraction.cc:295]   Camera:          #1 - SIMPLE_RADIAL
2026-05-18T18:29:06 COLMAP[feature_extractor] I20260518 18:29:05.190765   130 feature_extraction.cc:298]   Focal Length:    2545.54px (Prior)
2026-05-18T18:29:06 COLMAP[feature_extractor] I20260518 18:29:05.190781   130 feature_extraction.cc:302]   Features:        10147 (SIFT)
2026-05-18T18:29:06 COLMAP[feature_extractor] I20260518 18:29:05.387655   130 feature_extraction.cc:316]   GPS:             LAT=40.521, LON=-111.895, ALT=1492.799
2026-05-18T18:29:06 COLMAP[feature_extractor] I20260518 18:29:05.387712   130 feature_extraction.cc:323]   Gravity:         X=0.000, Y=1.000, Z=0.000
2026-05-18T18:29:11 COLMAP[feature_extractor] I20260518 18:29:10.251363   130 feature_extraction.cc:280] Processed file [1403/1710]
2026-05-18T18:29:11 COLMAP[feature_extractor] I20260518 18:29:10.251420   130 feature_extraction.cc:283]   Name:            DJI_01403.JPG
2026-05-18T18:29:11 COLMAP[feature_extractor] I20260518 18:29:10.251431   130 feature_extraction.cc:292]   Dimensions:      4000 x 2250
2026-05-18T18:29:11 COLMAP[feature_extractor] I20260518 18:29:10.251442   130 feature_extraction.cc:295]   Camera:          #1 - SIMPLE_RADIAL
2026-05-18T18:29:11 COLMAP[feature_extractor] I20260518 18:29:10.251452   130 feature_extraction.cc:298]   Focal Length:    2545.54px (Prior)
2026-05-18T18:29:11 COLMAP[feature_extractor] I20260518 18:29:10.251468   130 feature_extraction.cc:302]   Features:        10175 (SIFT)
2026-05-18T18:29:11 COLMAP[feature_extractor] I20260518 18:29:10.618278   130 feature_extraction.cc:316]   GPS:             LAT=40.521, LON=-111.895, ALT=1492.399
2026-05-18T18:29:11 COLMAP[feature_extractor] I20260518 18:29:10.618338   130 feature_extraction.cc:323]   Gravity:         X=0.000, Y=1.000, Z=0.000
2026-05-18T18:29:12 COLMAP[feature_extractor] I20260518 18:29:11.237504   130 feature_extraction.cc:280] Processed file [1404/1710]
2026-05-18T18:29:12 COLMAP[feature_extractor] I20260518 18:29:11.237562   130 feature_extraction.cc:283]   Name:            DJI_01404.JPG
2026-05-18T18:29:12 COLMAP[feature_extractor] I20260518 18:29:11.237574   130 feature_extraction.cc:292]   Dimensions:      4000 x 2250
2026-05-18T18:29:12 COLMAP[feature_extractor] I20260518 18:29:11.237586   130 feature_extraction.cc:295]   Camera:          #1 - SIMPLE_RADIAL
2026-05-18T18:29:12 COLMAP[feature_extractor] I20260518 18:29:11.237596   130 feature_extraction.cc:298]   Focal Length:    2545.54px (Prior)
2026-05-18T18:29:12 COLMAP[feature_extractor] I20260518 18:29:11.237612   130 feature_extraction.cc:302]   Features:        10014 (SIFT)
2026-05-18T18:29:12 COLMAP[feature_extractor] I20260518 18:29:11.438042   130 feature_extraction.cc:316]   GPS:             LAT=40.521, LON=-111.895, ALT=1492.499
2026-05-18T18:29:12 COLMAP[feature_extractor] I20260518 18:29:11.438100   130 feature_extraction.cc:323]   Gravity:         X=0.000, Y=1.000, Z=0.000
2026-05-18T18:29:14 COLMAP[feature_extractor] I20260518 18:29:13.878604   130 feature_extraction.cc:280] Processed file [1405/1710]
2026-05-18T18:29:14 COLMAP[feature_extractor] I20260518 18:29:13.878666   130 feature_extraction.cc:283]   Name:            DJI_01405.JPG
2026-05-18T18:29:14 COLMAP[feature_extractor] I20260518 18:29:13.878679   130 feature_extraction.cc:292]   Dimensions:      4000 x 2250
2026-05-18T18:29:14 COLMAP[feature_extractor] I20260518 18:29:13.878690   130 feature_extraction.cc:295]   Camera:          #1 - SIMPLE_RADIAL
2026-05-18T18:29:14 COLMAP[feature_extractor] I20260518 18:29:13.878700   130 feature_extraction.cc:298]   Focal Length:    2545.54px (Prior)
2026-05-18T18:29:14 COLMAP[feature_extractor] I20260518 18:29:13.878716   130 feature_extraction.cc:302]   Features:        9928 (SIFT)
2026-05-18T18:29:15 COLMAP[feature_extractor] I20260518 18:29:14.148562   130 feature_extraction.cc:316]   GPS:             LAT=40.521, LON=-111.895, ALT=1492.999
2026-05-18T18:29:15 COLMAP[feature_extractor] I20260518 18:29:14.148623   130 feature_extraction.cc:323]   Gravity:         X=0.000, Y=1.000, Z=0.000
2026-05-18T18:29:15 COLMAP[feature_extractor] I20260518 18:29:14.489707   130 feature_extraction.cc:280] Processed file [1406/1710]
2026-05-18T18:29:15 COLMAP[feature_extractor] I20260518 18:29:14.489758   130 feature_extraction.cc:283]   Name:            DJI_01406.JPG
2026-05-18T18:29:15 COLMAP[feature_extractor] I20260518 18:29:14.489769   130 feature_extraction.cc:292]   Dimensions:      4000 x 2250
2026-05-18T18:29:15 COLMAP[feature_extractor] I20260518 18:29:14.489780   130 feature_extraction.cc:295]   Camera:          #1 - SIMPLE_RADIAL
2026-05-18T18:29:15 COLMAP[feature_extractor] I20260518 18:29:14.489791   130 feature_extraction.cc:298]   Focal Length:    2545.54px (Prior)
2026-05-18T18:29:15 COLMAP[feature_extractor] I20260518 18:29:14.489806   130 feature_extraction.cc:302]   Features:        9785 (SIFT)
2026-05-18T18:29:15 COLMAP[feature_extractor] I20260518 18:29:14.743920   130 feature_extraction.cc:316]   GPS:             LAT=40.521, LON=-111.894, ALT=1493.499
2026-05-18T18:29:15 COLMAP[feature_extractor] I20260518 18:29:14.743975   130 feature_extraction.cc:323]   Gravity:         X=0.000, Y=1.000, Z=0.000
2026-05-18T18:29:20 COLMAP[feature_extractor] I20260518 18:29:19.535216   130 feature_extraction.cc:280] Processed file [1407/1710]
2026-05-18T18:29:20 COLMAP[feature_extractor] I20260518 18:29:19.535265   130 feature_extraction.cc:283]   Name:            DJI_01407.JPG
2026-05-18T18:29:20 COLMAP[feature_extractor] I20260518 18:29:19.535277   130 feature_extraction.cc:292]   Dimensions:      4000 x 2250
2026-05-18T18:29:20 COLMAP[feature_extractor] I20260518 18:29:19.535287   130 feature_extraction.cc:295]   Camera:          #1 - SIMPLE_RADIAL
2026-05-18T18:29:20 COLMAP[feature_extractor] I20260518 18:29:19.535298   130 feature_extraction.cc:298]   Focal Length:    2545.54px (Prior)
2026-05-18T18:29:20 COLMAP[feature_extractor] I20260518 18:29:19.535315   130 feature_extraction.cc:302]   Features:        9427 (SIFT)
2026-05-18T18:29:20 COLMAP[feature_extractor] I20260518 18:29:19.795593   130 feature_extraction.cc:316]   GPS:             LAT=40.521, LON=-111.894, ALT=1493.999
2026-05-18T18:29:20 COLMAP[feature_extractor] I20260518 18:29:19.795683   130 feature_extraction.cc:323]   Gravity:         X=0.000, Y=1.000, Z=0.000
2026-05-18T18:29:21 COLMAP[feature_extractor] I20260518 18:29:20.594929   130 feature_extraction.cc:280] Processed file [1408/1710]
2026-05-18T18:29:21 COLMAP[feature_extractor] I20260518 18:29:20.594983   130 feature_extraction.cc:283]   Name:            DJI_01408.JPG
2026-05-18T18:29:21 COLMAP[feature_extractor] I20260518 18:29:20.594995   130 feature_extraction.cc:292]   Dimensions:      4000 x 2250
2026-05-18T18:29:21 COLMAP[feature_extractor] I20260518 18:29:20.595005   130 feature_extraction.cc:295]   Camera:          #1 - SIMPLE_RADIAL
2026-05-18T18:29:21 COLMAP[feature_extractor] I20260518 18:29:20.595016   130 feature_extraction.cc:298]   Focal Length:    2545.54px (Prior)
2026-05-18T18:29:21 COLMAP[feature_extractor] I20260518 18:29:20.595032   130 feature_extraction.cc:302]   Features:        9448 (SIFT)
2026-05-18T18:29:21 COLMAP[feature_extractor] I20260518 18:29:20.803702   130 feature_extraction.cc:316]   GPS:             LAT=40.521, LON=-111.894, ALT=1494.599
2026-05-18T18:29:21 COLMAP[feature_extractor] I20260518 18:29:20.803757   130 feature_extraction.cc:323]   Gravity:         X=0.000, Y=1.000, Z=0.000
2026-05-18T18:29:24 COLMAP[feature_extractor] I20260518 18:29:23.243389   130 feature_extraction.cc:280] Processed file [1409/1710]
2026-05-18T18:29:24 COLMAP[feature_extractor] I20260518 18:29:23.243445   130 feature_extraction.cc:283]   Name:            DJI_01409.JPG
2026-05-18T18:29:24 COLMAP[feature_extractor] I20260518 18:29:23.243458   130 feature_extraction.cc:292]   Dimensions:      4000 x 2250
2026-05-18T18:29:24 COLMAP[feature_extractor] I20260518 18:29:23.243467   130 feature_extraction.cc:295]   Camera:          #1 - SIMPLE_RADIAL
2026-05-18T18:29:24 COLMAP[feature_extractor] I20260518 18:29:23.243479   130 feature_extraction.cc:298]   Focal Length:    2545.54px (Prior)
2026-05-18T18:29:24 COLMAP[feature_extractor] I20260518 18:29:23.243495   130 feature_extraction.cc:302]   Features:        9282 (SIFT)
2026-05-18T18:29:24 COLMAP[feature_extractor] I20260518 18:29:23.457906   130 feature_extraction.cc:316]   GPS:             LAT=40.521, LON=-111.894, ALT=1495.199
2026-05-18T18:29:24 COLMAP[feature_extractor] I20260518 18:29:23.457963   130 feature_extraction.cc:323]   Gravity:         X=0.000, Y=1.000, Z=0.000
2026-05-18T18:29:24 COLMAP[feature_extractor] I20260518 18:29:23.797092   130 feature_extraction.cc:280] Processed file [1410/1710]
2026-05-18T18:29:24 COLMAP[feature_extractor] I20260518 18:29:23.797154   130 feature_extraction.cc:283]   Name:            DJI_01410.JPG
2026-05-18T18:29:24 COLMAP[feature_extractor] I20260518 18:29:23.797168   130 feature_extraction.cc:292]   Dimensions:      4000 x 2250
2026-05-18T18:29:24 COLMAP[feature_extractor] I20260518 18:29:23.797178   130 feature_extraction.cc:295]   Camera:          #1 - SIMPLE_RADIAL
2026-05-18T18:29:24 COLMAP[feature_extractor] I20260518 18:29:23.797191   130 feature_extraction.cc:298]   Focal Length:    2545.54px (Prior)
2026-05-18T18:29:24 COLMAP[feature_extractor] I20260518 18:29:23.797209   130 feature_extraction.cc:302]   Features:        9167 (SIFT)
2026-05-18T18:29:25 COLMAP[feature_extractor] I20260518 18:29:24.158587   130 feature_extraction.cc:316]   GPS:             LAT=40.520, LON=-111.893, ALT=1495.699
2026-05-18T18:29:25 COLMAP[feature_extractor] I20260518 18:29:24.158663   130 feature_extraction.cc:323]   Gravity:         X=0.000, Y=1.000, Z=0.000
2026-05-18T18:29:29 COLMAP[feature_extractor] I20260518 18:29:28.663651   130 feature_extraction.cc:280] Processed file [1411/1710]
2026-05-18T18:29:29 COLMAP[feature_extractor] I20260518 18:29:28.663735   130 feature_extraction.cc:283]   Name:            DJI_01411.JPG
2026-05-18T18:29:29 COLMAP[feature_extractor] I20260518 18:29:28.663748   130 feature_extraction.cc:292]   Dimensions:      4000 x 2250
2026-05-18T18:29:29 COLMAP[feature_extractor] I20260518 18:29:28.663759   130 feature_extraction.cc:295]   Camera:          #1 - SIMPLE_RADIAL
2026-05-18T18:29:29 COLMAP[feature_extractor] I20260518 18:29:28.663770   130 feature_extraction.cc:298]   Focal Length:    2545.54px (Prior)
2026-05-18T18:29:29 COLMAP[feature_extractor] I20260518 18:29:28.663786   130 feature_extraction.cc:302]   Features:        9190 (SIFT)
2026-05-18T18:29:29 COLMAP[feature_extractor] I20260518 18:29:28.929823   130 feature_extraction.cc:316]   GPS:             LAT=40.520, LON=-111.893, ALT=1496.399
2026-05-18T18:29:29 COLMAP[feature_extractor] I20260518 18:29:28.929881   130 feature_extraction.cc:323]   Gravity:         X=0.000, Y=1.000, Z=0.000
2026-05-18T18:29:30 COLMAP[feature_extractor] I20260518 18:29:29.977209   130 feature_extraction.cc:280] Processed file [1412/1710]
2026-05-18T18:29:30 COLMAP[feature_extractor] I20260518 18:29:29.977273   130 feature_extraction.cc:283]   Name:            DJI_01412.JPG
2026-05-18T18:29:30 COLMAP[feature_extractor] I20260518 18:29:29.977285   130 feature_extraction.cc:292]   Dimensions:      4000 x 2250
2026-05-18T18:29:30 COLMAP[feature_extractor] I20260518 18:29:29.977295   130 feature_extraction.cc:295]   Camera:          #1 - SIMPLE_RADIAL
2026-05-18T18:29:30 COLMAP[feature_extractor] I20260518 18:29:29.977306   130 feature_extraction.cc:298]   Focal Length:    2545.54px (Prior)
2026-05-18T18:29:30 COLMAP[feature_extractor] I20260518 18:29:29.977322   130 feature_extraction.cc:302]   Features:        8837 (SIFT)
2026-05-18T18:29:31 COLMAP[feature_extractor] I20260518 18:29:30.135377   130 feature_extraction.cc:316]   GPS:             LAT=40.520, LON=-111.893, ALT=1497.299
2026-05-18T18:29:31 COLMAP[feature_extractor] I20260518 18:29:30.135437   130 feature_extraction.cc:323]   Gravity:         X=0.000, Y=1.000, Z=0.000
2026-05-18T18:29:33 COLMAP[feature_extractor] I20260518 18:29:32.362149   130 feature_extraction.cc:280] Processed file [1413/1710]
2026-05-18T18:29:33 COLMAP[feature_extractor] I20260518 18:29:32.362206   130 feature_extraction.cc:283]   Name:            DJI_01413.JPG
2026-05-18T18:29:33 COLMAP[feature_extractor] I20260518 18:29:32.362218   130 feature_extraction.cc:292]   Dimensions:      4000 x 2250
2026-05-18T18:29:33 COLMAP[feature_extractor] I20260518 18:29:32.362229   130 feature_extraction.cc:295]   Camera:          #1 - SIMPLE_RADIAL
2026-05-18T18:29:33 COLMAP[feature_extractor] I20260518 18:29:32.362241   130 feature_extraction.cc:298]   Focal Length:    2545.54px (Prior)
2026-05-18T18:29:33 COLMAP[feature_extractor] I20260518 18:29:32.362257   130 feature_extraction.cc:302]   Features:        8702 (SIFT)
2026-05-18T18:29:33 COLMAP[feature_extractor] I20260518 18:29:32.607641   130 feature_extraction.cc:316]   GPS:             LAT=40.520, LON=-111.892, ALT=1497.699
2026-05-18T18:29:33 COLMAP[feature_extractor] I20260518 18:29:32.607702   130 feature_extraction.cc:323]   Gravity:         X=0.000, Y=1.000, Z=0.000
2026-05-18T18:29:33 COLMAP[feature_extractor] I20260518 18:29:32.917263   130 feature_extraction.cc:280] Processed file [1414/1710]
2026-05-18T18:29:33 COLMAP[feature_extractor] I20260518 18:29:32.917320   130 feature_extraction.cc:283]   Name:            DJI_01414.JPG
2026-05-18T18:29:33 COLMAP[feature_extractor] I20260518 18:29:32.917332   130 feature_extraction.cc:292]   Dimensions:      4000 x 2250
2026-05-18T18:29:33 COLMAP[feature_extractor] I20260518 18:29:32.917341   130 feature_extraction.cc:295]   Camera:          #1 - SIMPLE_RADIAL
2026-05-18T18:29:33 COLMAP[feature_extractor] I20260518 18:29:32.917351   130 feature_extraction.cc:298]   Focal Length:    2545.54px (Prior)
2026-05-18T18:29:33 COLMAP[feature_extractor] I20260518 18:29:32.917366   130 feature_extraction.cc:302]   Features:        8423 (SIFT)
2026-05-18T18:29:34 COLMAP[feature_extractor] I20260518 18:29:33.188046   130 feature_extraction.cc:316]   GPS:             LAT=40.520, LON=-111.892, ALT=1498.699
2026-05-18T18:29:34 COLMAP[feature_extractor] I20260518 18:29:33.188107   130 feature_extraction.cc:323]   Gravity:         X=0.000, Y=1.000, Z=0.000
2026-05-18T18:29:38 COLMAP[feature_extractor] I20260518 18:29:37.950191   130 feature_extraction.cc:280] Processed file [1415/1710]
2026-05-18T18:29:38 COLMAP[feature_extractor] I20260518 18:29:37.950244   130 feature_extraction.cc:283]   Name:            DJI_01415.JPG
2026-05-18T18:29:38 COLMAP[feature_extractor] I20260518 18:29:37.950256   130 feature_extraction.cc:292]   Dimensions:      4000 x 2250
2026-05-18T18:29:38 COLMAP[feature_extractor] I20260518 18:29:37.950268   130 feature_extraction.cc:295]   Camera:          #1 - SIMPLE_RADIAL
2026-05-18T18:29:38 COLMAP[feature_extractor] I20260518 18:29:37.950278   130 feature_extraction.cc:298]   Focal Length:    2545.54px (Prior)
2026-05-18T18:29:38 COLMAP[feature_extractor] I20260518 18:29:37.950294   130 feature_extraction.cc:302]   Features:        8459 (SIFT)
2026-05-18T18:29:39 COLMAP[feature_extractor] I20260518 18:29:38.250456   130 feature_extraction.cc:316]   GPS:             LAT=40.520, LON=-111.892, ALT=1498.999
2026-05-18T18:29:39 COLMAP[feature_extractor] I20260518 18:29:38.250514   130 feature_extraction.cc:323]   Gravity:         X=0.000, Y=1.000, Z=0.000
2026-05-18T18:29:40 COLMAP[feature_extractor] I20260518 18:29:39.135623   130 feature_extraction.cc:280] Processed file [1416/1710]
2026-05-18T18:29:40 COLMAP[feature_extractor] I20260518 18:29:39.135679   130 feature_extraction.cc:283]   Name:            DJI_01416.JPG
2026-05-18T18:29:40 COLMAP[feature_extractor] I20260518 18:29:39.135690   130 feature_extraction.cc:292]   Dimensions:      4000 x 2250
2026-05-18T18:29:40 COLMAP[feature_extractor] I20260518 18:29:39.135701   130 feature_extraction.cc:295]   Camera:          #1 - SIMPLE_RADIAL
2026-05-18T18:29:40 COLMAP[feature_extractor] I20260518 18:29:39.135741   130 feature_extraction.cc:298]   Focal Length:    2545.54px (Prior)
2026-05-18T18:29:40 COLMAP[feature_extractor] I20260518 18:29:39.135756   130 feature_extraction.cc:302]   Features:        8586 (SIFT)
2026-05-18T18:29:40 COLMAP[feature_extractor] I20260518 18:29:39.357545   130 feature_extraction.cc:316]   GPS:             LAT=40.520, LON=-111.892, ALT=1499.699
2026-05-18T18:29:40 COLMAP[feature_extractor] I20260518 18:29:39.357609   130 feature_extraction.cc:323]   Gravity:         X=0.000, Y=1.000, Z=0.000
2026-05-18T18:29:42 COLMAP[feature_extractor] I20260518 18:29:41.577867   130 feature_extraction.cc:280] Processed file [1417/1710]
2026-05-18T18:29:42 COLMAP[feature_extractor] I20260518 18:29:41.577934   130 feature_extraction.cc:283]   Name:            DJI_01417.JPG
2026-05-18T18:29:42 COLMAP[feature_extractor] I20260518 18:29:41.577947   130 feature_extraction.cc:292]   Dimensions:      4000 x 2250
2026-05-18T18:29:42 COLMAP[feature_extractor] I20260518 18:29:41.577960   130 feature_extraction.cc:295]   Camera:          #1 - SIMPLE_RADIAL
2026-05-18T18:29:42 COLMAP[feature_extractor] I20260518 18:29:41.577971   130 feature_extraction.cc:298]   Focal Length:    2545.54px (Prior)
2026-05-18T18:29:42 COLMAP[feature_extractor] I20260518 18:29:41.577988   130 feature_extraction.cc:302]   Features:        8384 (SIFT)
2026-05-18T18:29:42 COLMAP[feature_extractor] I20260518 18:29:41.828799   130 feature_extraction.cc:316]   GPS:             LAT=40.520, LON=-111.891, ALT=1499.499
2026-05-18T18:29:42 COLMAP[feature_extractor] I20260518 18:29:41.828856   130 feature_extraction.cc:323]   Gravity:         X=0.000, Y=1.000, Z=0.000
2026-05-18T18:29:43 COLMAP[feature_extractor] I20260518 18:29:42.128023   130 feature_extraction.cc:280] Processed file [1418/1710]
2026-05-18T18:29:43 COLMAP[feature_extractor] I20260518 18:29:42.128084   130 feature_extraction.cc:283]   Name:            DJI_01418.JPG
2026-05-18T18:29:43 COLMAP[feature_extractor] I20260518 18:29:42.128096   130 feature_extraction.cc:292]   Dimensions:      4000 x 2250
2026-05-18T18:29:43 COLMAP[feature_extractor] I20260518 18:29:42.128108   130 feature_extraction.cc:295]   Camera:          #1 - SIMPLE_RADIAL
2026-05-18T18:29:43 COLMAP[feature_extractor] I20260518 18:29:42.128118   130 feature_extraction.cc:298]   Focal Length:    2545.54px (Prior)
2026-05-18T18:29:43 COLMAP[feature_extractor] I20260518 18:29:42.128134   130 feature_extraction.cc:302]   Features:        8573 (SIFT)
2026-05-18T18:29:43 COLMAP[feature_extractor] I20260518 18:29:42.391121   130 feature_extraction.cc:316]   GPS:             LAT=40.521, LON=-111.891, ALT=1500.699
2026-05-18T18:29:43 COLMAP[feature_extractor] I20260518 18:29:42.391180   130 feature_extraction.cc:323]   Gravity:         X=0.000, Y=1.000, Z=0.000
2026-05-18T18:29:48 COLMAP[feature_extractor] I20260518 18:29:47.305562   130 feature_extraction.cc:280] Processed file [1419/1710]
2026-05-18T18:29:48 COLMAP[feature_extractor] I20260518 18:29:47.305621   130 feature_extraction.cc:283]   Name:            DJI_01419.JPG
2026-05-18T18:29:48 COLMAP[feature_extractor] I20260518 18:29:47.305634   130 feature_extraction.cc:292]   Dimensions:      4000 x 2250
2026-05-18T18:29:48 COLMAP[feature_extractor] I20260518 18:29:47.305644   130 feature_extraction.cc:295]   Camera:          #1 - SIMPLE_RADIAL
2026-05-18T18:29:48 COLMAP[feature_extractor] I20260518 18:29:47.305655   130 feature_extraction.cc:298]   Focal Length:    2545.54px (Prior)
2026-05-18T18:29:48 COLMAP[feature_extractor] I20260518 18:29:47.305671   130 feature_extraction.cc:302]   Features:        8375 (SIFT)
2026-05-18T18:29:48 COLMAP[feature_extractor] I20260518 18:29:47.508800   130 feature_extraction.cc:316]   GPS:             LAT=40.521, LON=-111.891, ALT=1501.999
2026-05-18T18:29:48 COLMAP[feature_extractor] I20260518 18:29:47.508857   130 feature_extraction.cc:323]   Gravity:         X=0.000, Y=1.000, Z=0.000
2026-05-18T18:29:49 COLMAP[feature_extractor] I20260518 18:29:48.466687   130 feature_extraction.cc:280] Processed file [1420/1710]
2026-05-18T18:29:49 COLMAP[feature_extractor] I20260518 18:29:48.466746   130 feature_extraction.cc:283]   Name:            DJI_01420.JPG
2026-05-18T18:29:49 COLMAP[feature_extractor] I20260518 18:29:48.466758   130 feature_extraction.cc:292]   Dimensions:      4000 x 2250
2026-05-18T18:29:49 COLMAP[feature_extractor] I20260518 18:29:48.466768   130 feature_extraction.cc:295]   Camera:          #1 - SIMPLE_RADIAL
2026-05-18T18:29:49 COLMAP[feature_extractor] I20260518 18:29:48.466780   130 feature_extraction.cc:298]   Focal Length:    2545.54px (Prior)
2026-05-18T18:29:49 COLMAP[feature_extractor] I20260518 18:29:48.466795   130 feature_extraction.cc:302]   Features:        8454 (SIFT)
2026-05-18T18:29:49 COLMAP[feature_extractor] I20260518 18:29:48.693094   130 feature_extraction.cc:316]   GPS:             LAT=40.521, LON=-111.890, ALT=1502.599
2026-05-18T18:29:49 COLMAP[feature_extractor] I20260518 18:29:48.693153   130 feature_extraction.cc:323]   Gravity:         X=0.000, Y=1.000, Z=0.000
2026-05-18T18:29:51 COLMAP[feature_extractor] I20260518 18:29:50.801900   130 feature_extraction.cc:280] Processed file [1421/1710]
2026-05-18T18:29:51 COLMAP[feature_extractor] I20260518 18:29:50.801960   130 feature_extraction.cc:283]   Name:            DJI_01421.JPG
2026-05-18T18:29:51 COLMAP[feature_extractor] I20260518 18:29:50.801972   130 feature_extraction.cc:292]   Dimensions:      4000 x 2250
2026-05-18T18:29:51 COLMAP[feature_extractor] I20260518 18:29:50.801983   130 feature_extraction.cc:295]   Camera:          #1 - SIMPLE_RADIAL
2026-05-18T18:29:51 COLMAP[feature_extractor] I20260518 18:29:50.801994   130 feature_extraction.cc:298]   Focal Length:    2545.54px (Prior)
2026-05-18T18:29:51 COLMAP[feature_extractor] I20260518 18:29:50.802011   130 feature_extraction.cc:302]   Features:        8223 (SIFT)
2026-05-18T18:29:51 COLMAP[feature_extractor] I20260518 18:29:51.092695   130 feature_extraction.cc:316]   GPS:             LAT=40.521, LON=-111.890, ALT=1502.699
2026-05-18T18:29:51 COLMAP[feature_extractor] I20260518 18:29:51.092788   130 feature_extraction.cc:323]   Gravity:         X=0.000, Y=1.000, Z=0.000
2026-05-18T18:29:52 COLMAP[feature_extractor] I20260518 18:29:51.255293   130 feature_extraction.cc:280] Processed file [1422/1710]
2026-05-18T18:29:52 COLMAP[feature_extractor] I20260518 18:29:51.255348   130 feature_extraction.cc:283]   Name:            DJI_01422.JPG
2026-05-18T18:29:52 COLMAP[feature_extractor] I20260518 18:29:51.255362   130 feature_extraction.cc:292]   Dimensions:      4000 x 2250
2026-05-18T18:29:52 COLMAP[feature_extractor] I20260518 18:29:51.255373   130 feature_extraction.cc:295]   Camera:          #1 - SIMPLE_RADIAL
2026-05-18T18:29:52 COLMAP[feature_extractor] I20260518 18:29:51.255384   130 feature_extraction.cc:298]   Focal Length:    2545.54px (Prior)
2026-05-18T18:29:52 COLMAP[feature_extractor] I20260518 18:29:51.255401   130 feature_extraction.cc:302]   Features:        11750 (SIFT)
2026-05-18T18:29:52 COLMAP[feature_extractor] I20260518 18:29:51.413138   130 feature_extraction.cc:316]   GPS:             LAT=40.521, LON=-111.890, ALT=1503.199
2026-05-18T18:29:52 COLMAP[feature_extractor] I20260518 18:29:51.413197   130 feature_extraction.cc:323]   Gravity:         X=0.000, Y=1.000, Z=0.000
2026-05-18T18:29:57 COLMAP[feature_extractor] I20260518 18:29:56.663714   130 feature_extraction.cc:280] Processed file [1423/1710]
2026-05-18T18:29:57 COLMAP[feature_extractor] I20260518 18:29:56.663769   130 feature_extraction.cc:283]   Name:            DJI_01423.JPG
2026-05-18T18:29:57 COLMAP[feature_extractor] I20260518 18:29:56.663781   130 feature_extraction.cc:292]   Dimensions:      4000 x 2250
2026-05-18T18:29:57 COLMAP[feature_extractor] I20260518 18:29:56.663798   130 feature_extraction.cc:295]   Camera:          #1 - SIMPLE_RADIAL
2026-05-18T18:29:57 COLMAP[feature_extractor] I20260518 18:29:56.663810   130 feature_extraction.cc:298]   Focal Length:    2545.54px (Prior)
2026-05-18T18:29:57 COLMAP[feature_extractor] I20260518 18:29:56.663826   130 feature_extraction.cc:302]   Features:        11416 (SIFT)
2026-05-18T18:29:57 COLMAP[feature_extractor] I20260518 18:29:56.875885   130 feature_extraction.cc:316]   GPS:             LAT=40.521, LON=-111.890, ALT=1503.999
2026-05-18T18:29:57 COLMAP[feature_extractor] I20260518 18:29:56.875943   130 feature_extraction.cc:323]   Gravity:         X=0.000, Y=1.000, Z=0.000
2026-05-18T18:29:58 COLMAP[feature_extractor] I20260518 18:29:57.690793   130 feature_extraction.cc:280] Processed file [1424/1710]
2026-05-18T18:29:58 COLMAP[feature_extractor] I20260518 18:29:57.690851   130 feature_extraction.cc:283]   Name:            DJI_01424.JPG
2026-05-18T18:29:58 COLMAP[feature_extractor] I20260518 18:29:57.690863   130 feature_extraction.cc:292]   Dimensions:      4000 x 2250
2026-05-18T18:29:58 COLMAP[feature_extractor] I20260518 18:29:57.690874   130 feature_extraction.cc:295]   Camera:          #1 - SIMPLE_RADIAL
2026-05-18T18:29:58 COLMAP[feature_extractor] I20260518 18:29:57.690886   130 feature_extraction.cc:298]   Focal Length:    2545.54px (Prior)
2026-05-18T18:29:58 COLMAP[feature_extractor] I20260518 18:29:57.690901   130 feature_extraction.cc:302]   Features:        11267 (SIFT)
2026-05-18T18:29:58 COLMAP[feature_extractor] I20260518 18:29:57.943894   130 feature_extraction.cc:316]   GPS:             LAT=40.521, LON=-111.890, ALT=1504.199
2026-05-18T18:29:58 COLMAP[feature_extractor] I20260518 18:29:57.943950   130 feature_extraction.cc:323]   Gravity:         X=0.000, Y=1.000, Z=0.000
2026-05-18T18:30:00 COLMAP[feature_extractor] I20260518 18:30:00.055119   130 feature_extraction.cc:280] Processed file [1425/1710]
2026-05-18T18:30:00 COLMAP[feature_extractor] I20260518 18:30:00.055227   130 feature_extraction.cc:283]   Name:            DJI_01425.JPG
2026-05-18T18:30:00 COLMAP[feature_extractor] I20260518 18:30:00.055241   130 feature_extraction.cc:292]   Dimensions:      4000 x 2250
2026-05-18T18:30:00 COLMAP[feature_extractor] I20260518 18:30:00.055253   130 feature_extraction.cc:295]   Camera:          #1 - SIMPLE_RADIAL
2026-05-18T18:30:00 COLMAP[feature_extractor] I20260518 18:30:00.055263   130 feature_extraction.cc:298]   Focal Length:    2545.54px (Prior)
2026-05-18T18:30:00 COLMAP[feature_extractor] I20260518 18:30:00.055279   130 feature_extraction.cc:302]   Features:        11295 (SIFT)
2026-05-18T18:30:01 COLMAP[feature_extractor] I20260518 18:30:00.230794   130 feature_extraction.cc:316]   GPS:             LAT=40.521, LON=-111.890, ALT=1503.999
2026-05-18T18:30:01 COLMAP[feature_extractor] I20260518 18:30:00.230857   130 feature_extraction.cc:323]   Gravity:         X=0.000, Y=1.000, Z=0.000
2026-05-18T18:30:01 COLMAP[feature_extractor] I20260518 18:30:00.477713   130 feature_extraction.cc:280] Processed file [1426/1710]
2026-05-18T18:30:01 COLMAP[feature_extractor] I20260518 18:30:00.477777   130 feature_extraction.cc:283]   Name:            DJI_01426.JPG
2026-05-18T18:30:01 COLMAP[feature_extractor] I20260518 18:30:00.477789   130 feature_extraction.cc:292]   Dimensions:      4000 x 2250
2026-05-18T18:30:01 COLMAP[feature_extractor] I20260518 18:30:00.477800   130 feature_extraction.cc:295]   Camera:          #1 - SIMPLE_RADIAL
2026-05-18T18:30:01 COLMAP[feature_extractor] I20260518 18:30:00.477811   130 feature_extraction.cc:298]   Focal Length:    2545.54px (Prior)
2026-05-18T18:30:01 COLMAP[feature_extractor] I20260518 18:30:00.477828   130 feature_extraction.cc:302]   Features:        11371 (SIFT)
2026-05-18T18:30:01 COLMAP[feature_extractor] I20260518 18:30:00.824081   130 feature_extraction.cc:316]   GPS:             LAT=40.521, LON=-111.890, ALT=1503.799
2026-05-18T18:30:01 COLMAP[feature_extractor] I20260518 18:30:00.824146   130 feature_extraction.cc:323]   Gravity:         X=0.000, Y=1.000, Z=0.000
2026-05-18T18:30:07 COLMAP[feature_extractor] I20260518 18:30:06.236519   130 feature_extraction.cc:280] Processed file [1427/1710]
2026-05-18T18:30:07 COLMAP[feature_extractor] I20260518 18:30:06.236582   130 feature_extraction.cc:283]   Name:            DJI_01427.JPG
2026-05-18T18:30:07 COLMAP[feature_extractor] I20260518 18:30:06.236594   130 feature_extraction.cc:292]   Dimensions:      4000 x 2250
2026-05-18T18:30:07 COLMAP[feature_extractor] I20260518 18:30:06.236605   130 feature_extraction.cc:295]   Camera:          #1 - SIMPLE_RADIAL
2026-05-18T18:30:07 COLMAP[feature_extractor] I20260518 18:30:06.236616   130 feature_extraction.cc:298]   Focal Length:    2545.54px (Prior)
2026-05-18T18:30:07 COLMAP[feature_extractor] I20260518 18:30:06.236632   130 feature_extraction.cc:302]   Features:        11593 (SIFT)
2026-05-18T18:30:07 COLMAP[feature_extractor] I20260518 18:30:06.442493   130 feature_extraction.cc:316]   GPS:             LAT=40.521, LON=-111.890, ALT=1503.899
2026-05-18T18:30:07 COLMAP[feature_extractor] I20260518 18:30:06.442562   130 feature_extraction.cc:323]   Gravity:         X=0.000, Y=1.000, Z=0.000
2026-05-18T18:30:08 COLMAP[feature_extractor] I20260518 18:30:07.429278   130 feature_extraction.cc:280] Processed file [1428/1710]
2026-05-18T18:30:08 COLMAP[feature_extractor] I20260518 18:30:07.429345   130 feature_extraction.cc:283]   Name:            DJI_01428.JPG
2026-05-18T18:30:08 COLMAP[feature_extractor] I20260518 18:30:07.429358   130 feature_extraction.cc:292]   Dimensions:      4000 x 2250
2026-05-18T18:30:08 COLMAP[feature_extractor] I20260518 18:30:07.429368   130 feature_extraction.cc:295]   Camera:          #1 - SIMPLE_RADIAL
2026-05-18T18:30:08 COLMAP[feature_extractor] I20260518 18:30:07.429379   130 feature_extraction.cc:298]   Focal Length:    2545.54px (Prior)
2026-05-18T18:30:08 COLMAP[feature_extractor] I20260518 18:30:07.429395   130 feature_extraction.cc:302]   Features:        11885 (SIFT)
2026-05-18T18:30:08 COLMAP[feature_extractor] I20260518 18:30:07.684464   130 feature_extraction.cc:316]   GPS:             LAT=40.521, LON=-111.890, ALT=1503.099
2026-05-18T18:30:08 COLMAP[feature_extractor] I20260518 18:30:07.684526   130 feature_extraction.cc:323]   Gravity:         X=0.000, Y=1.000, Z=0.000
2026-05-18T18:30:10 COLMAP[feature_extractor] I20260518 18:30:09.435169   130 feature_extraction.cc:280] Processed file [1429/1710]
2026-05-18T18:30:10 COLMAP[feature_extractor] I20260518 18:30:09.435228   130 feature_extraction.cc:283]   Name:            DJI_01429.JPG
2026-05-18T18:30:10 COLMAP[feature_extractor] I20260518 18:30:09.435241   130 feature_extraction.cc:292]   Dimensions:      4000 x 2250
2026-05-18T18:30:10 COLMAP[feature_extractor] I20260518 18:30:09.435251   130 feature_extraction.cc:295]   Camera:          #1 - SIMPLE_RADIAL
2026-05-18T18:30:10 COLMAP[feature_extractor] I20260518 18:30:09.435262   130 feature_extraction.cc:298]   Focal Length:    2545.54px (Prior)
2026-05-18T18:30:10 COLMAP[feature_extractor] I20260518 18:30:09.435278   130 feature_extraction.cc:302]   Features:        8348 (SIFT)
2026-05-18T18:30:10 COLMAP[feature_extractor] I20260518 18:30:09.671908   130 feature_extraction.cc:316]   GPS:             LAT=40.521, LON=-111.890, ALT=1503.399
2026-05-18T18:30:10 COLMAP[feature_extractor] I20260518 18:30:09.671973   130 feature_extraction.cc:323]   Gravity:         X=0.000, Y=1.000, Z=0.000
2026-05-18T18:30:10 COLMAP[feature_extractor] I20260518 18:30:09.905831   130 feature_extraction.cc:280] Processed file [1430/1710]
2026-05-18T18:30:10 COLMAP[feature_extractor] I20260518 18:30:09.905889   130 feature_extraction.cc:283]   Name:            DJI_01430.JPG
2026-05-18T18:30:10 COLMAP[feature_extractor] I20260518 18:30:09.905901   130 feature_extraction.cc:292]   Dimensions:      4000 x 2250
2026-05-18T18:30:10 COLMAP[feature_extractor] I20260518 18:30:09.905912   130 feature_extraction.cc:295]   Camera:          #1 - SIMPLE_RADIAL
2026-05-18T18:30:10 COLMAP[feature_extractor] I20260518 18:30:09.905961   130 feature_extraction.cc:298]   Focal Length:    2545.54px (Prior)
2026-05-18T18:30:10 COLMAP[feature_extractor] I20260518 18:30:09.905977   130 feature_extraction.cc:302]   Features:        8274 (SIFT)
2026-05-18T18:30:11 COLMAP[feature_extractor] I20260518 18:30:10.177806   130 feature_extraction.cc:316]   GPS:             LAT=40.520, LON=-111.891, ALT=1503.699
2026-05-18T18:30:11 COLMAP[feature_extractor] I20260518 18:30:10.177863   130 feature_extraction.cc:323]   Gravity:         X=0.000, Y=1.000, Z=0.000
2026-05-18T18:30:16 COLMAP[feature_extractor] I20260518 18:30:15.572376   130 feature_extraction.cc:280] Processed file [1431/1710]
2026-05-18T18:30:16 COLMAP[feature_extractor] I20260518 18:30:15.572433   130 feature_extraction.cc:283]   Name:            DJI_01431.JPG
2026-05-18T18:30:16 COLMAP[feature_extractor] I20260518 18:30:15.572445   130 feature_extraction.cc:292]   Dimensions:      4000 x 2250
2026-05-18T18:30:16 COLMAP[feature_extractor] I20260518 18:30:15.572456   130 feature_extraction.cc:295]   Camera:          #1 - SIMPLE_RADIAL
2026-05-18T18:30:16 COLMAP[feature_extractor] I20260518 18:30:15.572467   130 feature_extraction.cc:298]   Focal Length:    2545.54px (Prior)
2026-05-18T18:30:16 COLMAP[feature_extractor] I20260518 18:30:15.572484   130 feature_extraction.cc:302]   Features:        8202 (SIFT)
2026-05-18T18:30:16 COLMAP[feature_extractor] I20260518 18:30:15.795037   130 feature_extraction.cc:316]   GPS:             LAT=40.520, LON=-111.891, ALT=1503.399
2026-05-18T18:30:16 COLMAP[feature_extractor] I20260518 18:30:15.795095   130 feature_extraction.cc:323]   Gravity:         X=0.000, Y=1.000, Z=0.000
2026-05-18T18:30:17 COLMAP[feature_extractor] I20260518 18:30:16.621716   130 feature_extraction.cc:280] Processed file [1432/1710]
2026-05-18T18:30:17 COLMAP[feature_extractor] I20260518 18:30:16.621768   130 feature_extraction.cc:283]   Name:            DJI_01432.JPG
2026-05-18T18:30:17 COLMAP[feature_extractor] I20260518 18:30:16.621780   130 feature_extraction.cc:292]   Dimensions:      4000 x 2250
2026-05-18T18:30:17 COLMAP[feature_extractor] I20260518 18:30:16.621791   130 feature_extraction.cc:295]   Camera:          #1 - SIMPLE_RADIAL
2026-05-18T18:30:17 COLMAP[feature_extractor] I20260518 18:30:16.621802   130 feature_extraction.cc:298]   Focal Length:    2545.54px (Prior)
2026-05-18T18:30:17 COLMAP[feature_extractor] I20260518 18:30:16.621819   130 feature_extraction.cc:302]   Features:        11353 (SIFT)
2026-05-18T18:30:17 COLMAP[feature_extractor] I20260518 18:30:16.839953   130 feature_extraction.cc:316]   GPS:             LAT=40.520, LON=-111.891, ALT=1502.399
2026-05-18T18:30:17 COLMAP[feature_extractor] I20260518 18:30:16.840025   130 feature_extraction.cc:323]   Gravity:         X=0.000, Y=1.000, Z=0.000
2026-05-18T18:30:19 COLMAP[feature_extractor] I20260518 18:30:18.888757   130 feature_extraction.cc:280] Processed file [1433/1710]
2026-05-18T18:30:19 COLMAP[feature_extractor] I20260518 18:30:18.888818   130 feature_extraction.cc:283]   Name:            DJI_01433.JPG
2026-05-18T18:30:19 COLMAP[feature_extractor] I20260518 18:30:18.888831   130 feature_extraction.cc:292]   Dimensions:      4000 x 2250
2026-05-18T18:30:19 COLMAP[feature_extractor] I20260518 18:30:18.888841   130 feature_extraction.cc:295]   Camera:          #1 - SIMPLE_RADIAL
2026-05-18T18:30:19 COLMAP[feature_extractor] I20260518 18:30:18.888854   130 feature_extraction.cc:298]   Focal Length:    2545.54px (Prior)
2026-05-18T18:30:19 COLMAP[feature_extractor] I20260518 18:30:18.888868   130 feature_extraction.cc:302]   Features:        11795 (SIFT)
2026-05-18T18:30:20 COLMAP[feature_extractor] I20260518 18:30:19.151909   130 feature_extraction.cc:316]   GPS:             LAT=40.520, LON=-111.891, ALT=1502.899
2026-05-18T18:30:20 COLMAP[feature_extractor] I20260518 18:30:19.151969   130 feature_extraction.cc:323]   Gravity:         X=0.000, Y=1.000, Z=0.000
2026-05-18T18:30:20 COLMAP[feature_extractor] I20260518 18:30:19.555176   130 feature_extraction.cc:280] Processed file [1434/1710]
2026-05-18T18:30:20 COLMAP[feature_extractor] I20260518 18:30:19.555233   130 feature_extraction.cc:283]   Name:            DJI_01434.JPG
2026-05-18T18:30:20 COLMAP[feature_extractor] I20260518 18:30:19.555246   130 feature_extraction.cc:292]   Dimensions:      4000 x 2250
2026-05-18T18:30:20 COLMAP[feature_extractor] I20260518 18:30:19.555258   130 feature_extraction.cc:295]   Camera:          #1 - SIMPLE_RADIAL
2026-05-18T18:30:20 COLMAP[feature_extractor] I20260518 18:30:19.555269   130 feature_extraction.cc:298]   Focal Length:    2545.54px (Prior)
2026-05-18T18:30:20 COLMAP[feature_extractor] I20260518 18:30:19.555284   130 feature_extraction.cc:302]   Features:        11635 (SIFT)
2026-05-18T18:30:20 COLMAP[feature_extractor] I20260518 18:30:19.867058   130 feature_extraction.cc:316]   GPS:             LAT=40.520, LON=-111.892, ALT=1502.999
2026-05-18T18:30:20 COLMAP[feature_extractor] I20260518 18:30:19.867125   130 feature_extraction.cc:323]   Gravity:         X=0.000, Y=1.000, Z=0.000
2026-05-18T18:30:26 COLMAP[feature_extractor] I20260518 18:30:25.344045   130 feature_extraction.cc:280] Processed file [1435/1710]
2026-05-18T18:30:26 COLMAP[feature_extractor] I20260518 18:30:25.344110   130 feature_extraction.cc:283]   Name:            DJI_01435.JPG
2026-05-18T18:30:26 COLMAP[feature_extractor] I20260518 18:30:25.344123   130 feature_extraction.cc:292]   Dimensions:      4000 x 2250
2026-05-18T18:30:26 COLMAP[feature_extractor] I20260518 18:30:25.344133   130 feature_extraction.cc:295]   Camera:          #1 - SIMPLE_RADIAL
2026-05-18T18:30:26 COLMAP[feature_extractor] I20260518 18:30:25.344146   130 feature_extraction.cc:298]   Focal Length:    2545.54px (Prior)
2026-05-18T18:30:26 COLMAP[feature_extractor] I20260518 18:30:25.344161   130 feature_extraction.cc:302]   Features:        11562 (SIFT)
2026-05-18T18:30:26 COLMAP[feature_extractor] I20260518 18:30:25.554103   130 feature_extraction.cc:316]   GPS:             LAT=40.520, LON=-111.892, ALT=1501.599
2026-05-18T18:30:26 COLMAP[feature_extractor] I20260518 18:30:25.554162   130 feature_extraction.cc:323]   Gravity:         X=0.000, Y=1.000, Z=0.000
2026-05-18T18:30:27 COLMAP[feature_extractor] I20260518 18:30:26.500022   130 feature_extraction.cc:280] Processed file [1436/1710]
2026-05-18T18:30:27 COLMAP[feature_extractor] I20260518 18:30:26.500083   130 feature_extraction.cc:283]   Name:            DJI_01436.JPG
2026-05-18T18:30:27 COLMAP[feature_extractor] I20260518 18:30:26.500095   130 feature_extraction.cc:292]   Dimensions:      4000 x 2250
2026-05-18T18:30:27 COLMAP[feature_extractor] I20260518 18:30:26.500105   130 feature_extraction.cc:295]   Camera:          #1 - SIMPLE_RADIAL
2026-05-18T18:30:27 COLMAP[feature_extractor] I20260518 18:30:26.500114   130 feature_extraction.cc:298]   Focal Length:    2545.54px (Prior)
2026-05-18T18:30:27 COLMAP[feature_extractor] I20260518 18:30:26.500129   130 feature_extraction.cc:302]   Features:        11113 (SIFT)
2026-05-18T18:30:27 COLMAP[feature_extractor] I20260518 18:30:26.724961   130 feature_extraction.cc:316]   GPS:             LAT=40.520, LON=-111.892, ALT=1502.699
2026-05-18T18:30:27 COLMAP[feature_extractor] I20260518 18:30:26.725020   130 feature_extraction.cc:323]   Gravity:         X=0.000, Y=1.000, Z=0.000
2026-05-18T18:30:29 COLMAP[feature_extractor] I20260518 18:30:28.243269   130 feature_extraction.cc:280] Processed file [1437/1710]
2026-05-18T18:30:29 COLMAP[feature_extractor] I20260518 18:30:28.243328   130 feature_extraction.cc:283]   Name:            DJI_01437.JPG
2026-05-18T18:30:29 COLMAP[feature_extractor] I20260518 18:30:28.243340   130 feature_extraction.cc:292]   Dimensions:      4000 x 2250
2026-05-18T18:30:29 COLMAP[feature_extractor] I20260518 18:30:28.243351   130 feature_extraction.cc:295]   Camera:          #1 - SIMPLE_RADIAL
2026-05-18T18:30:29 COLMAP[feature_extractor] I20260518 18:30:28.243362   130 feature_extraction.cc:298]   Focal Length:    2545.54px (Prior)
2026-05-18T18:30:29 COLMAP[feature_extractor] I20260518 18:30:28.243377   130 feature_extraction.cc:302]   Features:        11793 (SIFT)
2026-05-18T18:30:29 COLMAP[feature_extractor] I20260518 18:30:28.434988   130 feature_extraction.cc:316]   GPS:             LAT=40.520, LON=-111.893, ALT=1501.999
2026-05-18T18:30:29 COLMAP[feature_extractor] I20260518 18:30:28.435046   130 feature_extraction.cc:323]   Gravity:         X=0.000, Y=1.000, Z=0.000
2026-05-18T18:30:29 COLMAP[feature_extractor] I20260518 18:30:28.898346   130 feature_extraction.cc:280] Processed file [1438/1710]
2026-05-18T18:30:29 COLMAP[feature_extractor] I20260518 18:30:28.898404   130 feature_extraction.cc:283]   Name:            DJI_01438.JPG
2026-05-18T18:30:29 COLMAP[feature_extractor] I20260518 18:30:28.898416   130 feature_extraction.cc:292]   Dimensions:      4000 x 2250
2026-05-18T18:30:29 COLMAP[feature_extractor] I20260518 18:30:28.898427   130 feature_extraction.cc:295]   Camera:          #1 - SIMPLE_RADIAL
2026-05-18T18:30:29 COLMAP[feature_extractor] I20260518 18:30:28.898438   130 feature_extraction.cc:298]   Focal Length:    2545.54px (Prior)
2026-05-18T18:30:29 COLMAP[feature_extractor] I20260518 18:30:28.898453   130 feature_extraction.cc:302]   Features:        12083 (SIFT)
2026-05-18T18:30:29 COLMAP[feature_extractor] I20260518 18:30:29.130555   130 feature_extraction.cc:316]   GPS:             LAT=40.520, LON=-111.893, ALT=1501.699
2026-05-18T18:30:29 COLMAP[feature_extractor] I20260518 18:30:29.130620   130 feature_extraction.cc:323]   Gravity:         X=0.000, Y=1.000, Z=0.000
2026-05-18T18:30:35 COLMAP[feature_extractor] I20260518 18:30:34.572674   130 feature_extraction.cc:280] Processed file [1439/1710]
2026-05-18T18:30:35 COLMAP[feature_extractor] I20260518 18:30:34.572777   130 feature_extraction.cc:283]   Name:            DJI_01439.JPG
2026-05-18T18:30:35 COLMAP[feature_extractor] I20260518 18:30:34.572791   130 feature_extraction.cc:292]   Dimensions:      4000 x 2250
2026-05-18T18:30:35 COLMAP[feature_extractor] I20260518 18:30:34.572803   130 feature_extraction.cc:295]   Camera:          #1 - SIMPLE_RADIAL
2026-05-18T18:30:35 COLMAP[feature_extractor] I20260518 18:30:34.572813   130 feature_extraction.cc:298]   Focal Length:    2545.54px (Prior)
2026-05-18T18:30:35 COLMAP[feature_extractor] I20260518 18:30:34.572829   130 feature_extraction.cc:302]   Features:        11991 (SIFT)
2026-05-18T18:30:35 COLMAP[feature_extractor] I20260518 18:30:34.784098   130 feature_extraction.cc:316]   GPS:             LAT=40.520, LON=-111.893, ALT=1501.299
2026-05-18T18:30:35 COLMAP[feature_extractor] I20260518 18:30:34.784164   130 feature_extraction.cc:323]   Gravity:         X=0.000, Y=1.000, Z=0.000
2026-05-18T18:30:36 COLMAP[feature_extractor] I20260518 18:30:35.843078   130 feature_extraction.cc:280] Processed file [1440/1710]
2026-05-18T18:30:36 COLMAP[feature_extractor] I20260518 18:30:35.843140   130 feature_extraction.cc:283]   Name:            DJI_01440.JPG
2026-05-18T18:30:36 COLMAP[feature_extractor] I20260518 18:30:35.843153   130 feature_extraction.cc:292]   Dimensions:      4000 x 2250
2026-05-18T18:30:36 COLMAP[feature_extractor] I20260518 18:30:35.843163   130 feature_extraction.cc:295]   Camera:          #1 - SIMPLE_RADIAL
2026-05-18T18:30:36 COLMAP[feature_extractor] I20260518 18:30:35.843174   130 feature_extraction.cc:298]   Focal Length:    2545.54px (Prior)
2026-05-18T18:30:36 COLMAP[feature_extractor] I20260518 18:30:35.843190   130 feature_extraction.cc:302]   Features:        8376 (SIFT)
2026-05-18T18:30:36 COLMAP[feature_extractor] I20260518 18:30:36.038043   130 feature_extraction.cc:316]   GPS:             LAT=40.520, LON=-111.893, ALT=1500.999
2026-05-18T18:30:36 COLMAP[feature_extractor] I20260518 18:30:36.038100   130 feature_extraction.cc:323]   Gravity:         X=0.000, Y=1.000, Z=0.000
2026-05-18T18:30:38 COLMAP[feature_extractor] I20260518 18:30:37.306907   130 feature_extraction.cc:280] Processed file [1441/1710]
2026-05-18T18:30:38 COLMAP[feature_extractor] I20260518 18:30:37.306970   130 feature_extraction.cc:283]   Name:            DJI_01441.JPG
2026-05-18T18:30:38 COLMAP[feature_extractor] I20260518 18:30:37.306982   130 feature_extraction.cc:292]   Dimensions:      4000 x 2250
2026-05-18T18:30:38 COLMAP[feature_extractor] I20260518 18:30:37.306993   130 feature_extraction.cc:295]   Camera:          #1 - SIMPLE_RADIAL
2026-05-18T18:30:38 COLMAP[feature_extractor] I20260518 18:30:37.307004   130 feature_extraction.cc:298]   Focal Length:    2545.54px (Prior)
2026-05-18T18:30:38 COLMAP[feature_extractor] I20260518 18:30:37.307020   130 feature_extraction.cc:302]   Features:        8558 (SIFT)
2026-05-18T18:30:38 COLMAP[feature_extractor] I20260518 18:30:37.602768   130 feature_extraction.cc:316]   GPS:             LAT=40.520, LON=-111.894, ALT=1501.499
2026-05-18T18:30:38 COLMAP[feature_extractor] I20260518 18:30:37.602825   130 feature_extraction.cc:323]   Gravity:         X=0.000, Y=1.000, Z=0.000
2026-05-18T18:30:39 COLMAP[feature_extractor] I20260518 18:30:38.201706   130 feature_extraction.cc:280] Processed file [1442/1710]
2026-05-18T18:30:39 COLMAP[feature_extractor] I20260518 18:30:38.201766   130 feature_extraction.cc:283]   Name:            DJI_01442.JPG
2026-05-18T18:30:39 COLMAP[feature_extractor] I20260518 18:30:38.201778   130 feature_extraction.cc:292]   Dimensions:      4000 x 2250
2026-05-18T18:30:39 COLMAP[feature_extractor] I20260518 18:30:38.201789   130 feature_extraction.cc:295]   Camera:          #1 - SIMPLE_RADIAL
2026-05-18T18:30:39 COLMAP[feature_extractor] I20260518 18:30:38.201800   130 feature_extraction.cc:298]   Focal Length:    2545.54px (Prior)
2026-05-18T18:30:39 COLMAP[feature_extractor] I20260518 18:30:38.201817   130 feature_extraction.cc:302]   Features:        8758 (SIFT)
2026-05-18T18:30:39 COLMAP[feature_extractor] I20260518 18:30:38.523388   130 feature_extraction.cc:316]   GPS:             LAT=40.520, LON=-111.894, ALT=1501.599
2026-05-18T18:30:39 COLMAP[feature_extractor] I20260518 18:30:38.523443   130 feature_extraction.cc:323]   Gravity:         X=0.000, Y=1.000, Z=0.000
2026-05-18T18:30:44 COLMAP[feature_extractor] I20260518 18:30:43.763850   130 feature_extraction.cc:280] Processed file [1443/1710]
2026-05-18T18:30:44 COLMAP[feature_extractor] I20260518 18:30:43.763913   130 feature_extraction.cc:283]   Name:            DJI_01443.JPG
2026-05-18T18:30:44 COLMAP[feature_extractor] I20260518 18:30:43.763926   130 feature_extraction.cc:292]   Dimensions:      4000 x 2250
2026-05-18T18:30:44 COLMAP[feature_extractor] I20260518 18:30:43.763936   130 feature_extraction.cc:295]   Camera:          #1 - SIMPLE_RADIAL
2026-05-18T18:30:44 COLMAP[feature_extractor] I20260518 18:30:43.763947   130 feature_extraction.cc:298]   Focal Length:    2545.54px (Prior)
2026-05-18T18:30:44 COLMAP[feature_extractor] I20260518 18:30:43.763963   130 feature_extraction.cc:302]   Features:        8775 (SIFT)
2026-05-18T18:30:44 COLMAP[feature_extractor] I20260518 18:30:44.046893   130 feature_extraction.cc:316]   GPS:             LAT=40.520, LON=-111.894, ALT=1501.599
2026-05-18T18:30:44 COLMAP[feature_extractor] I20260518 18:30:44.046954   130 feature_extraction.cc:323]   Gravity:         X=0.000, Y=1.000, Z=0.000
2026-05-18T18:30:45 COLMAP[feature_extractor] I20260518 18:30:45.018996   130 feature_extraction.cc:280] Processed file [1444/1710]
2026-05-18T18:30:45 COLMAP[feature_extractor] I20260518 18:30:45.019058   130 feature_extraction.cc:283]   Name:            DJI_01444.JPG
2026-05-18T18:30:45 COLMAP[feature_extractor] I20260518 18:30:45.019070   130 feature_extraction.cc:292]   Dimensions:      4000 x 2250
2026-05-18T18:30:45 COLMAP[feature_extractor] I20260518 18:30:45.019081   130 feature_extraction.cc:295]   Camera:          #1 - SIMPLE_RADIAL
2026-05-18T18:30:45 COLMAP[feature_extractor] I20260518 18:30:45.019121   130 feature_extraction.cc:298]   Focal Length:    2545.54px (Prior)
2026-05-18T18:30:45 COLMAP[feature_extractor] I20260518 18:30:45.019138   130 feature_extraction.cc:302]   Features:        8938 (SIFT)
2026-05-18T18:30:46 COLMAP[feature_extractor] I20260518 18:30:45.284744   130 feature_extraction.cc:316]   GPS:             LAT=40.520, LON=-111.894, ALT=1501.499
2026-05-18T18:30:46 COLMAP[feature_extractor] I20260518 18:30:45.284802   130 feature_extraction.cc:323]   Gravity:         X=0.000, Y=1.000, Z=0.000
2026-05-18T18:30:47 COLMAP[feature_extractor] I20260518 18:30:46.545408   130 feature_extraction.cc:280] Processed file [1445/1710]
2026-05-18T18:30:47 COLMAP[feature_extractor] I20260518 18:30:46.545483   130 feature_extraction.cc:283]   Name:            DJI_01445.JPG
2026-05-18T18:30:47 COLMAP[feature_extractor] I20260518 18:30:46.545496   130 feature_extraction.cc:292]   Dimensions:      4000 x 2250
2026-05-18T18:30:47 COLMAP[feature_extractor] I20260518 18:30:46.545506   130 feature_extraction.cc:295]   Camera:          #1 - SIMPLE_RADIAL
2026-05-18T18:30:47 COLMAP[feature_extractor] I20260518 18:30:46.545518   130 feature_extraction.cc:298]   Focal Length:    2545.54px (Prior)
2026-05-18T18:30:47 COLMAP[feature_extractor] I20260518 18:30:46.545534   130 feature_extraction.cc:302]   Features:        8891 (SIFT)
2026-05-18T18:30:47 COLMAP[feature_extractor] I20260518 18:30:46.779239   130 feature_extraction.cc:316]   GPS:             LAT=40.520, LON=-111.895, ALT=1501.299
2026-05-18T18:30:47 COLMAP[feature_extractor] I20260518 18:30:46.779300   130 feature_extraction.cc:323]   Gravity:         X=0.000, Y=1.000, Z=0.000
2026-05-18T18:30:48 COLMAP[feature_extractor] I20260518 18:30:47.374769   130 feature_extraction.cc:280] Processed file [1446/1710]
2026-05-18T18:30:48 COLMAP[feature_extractor] I20260518 18:30:47.374825   130 feature_extraction.cc:283]   Name:            DJI_01446.JPG
2026-05-18T18:30:48 COLMAP[feature_extractor] I20260518 18:30:47.374837   130 feature_extraction.cc:292]   Dimensions:      4000 x 2250
2026-05-18T18:30:48 COLMAP[feature_extractor] I20260518 18:30:47.374848   130 feature_extraction.cc:295]   Camera:          #1 - SIMPLE_RADIAL
2026-05-18T18:30:48 COLMAP[feature_extractor] I20260518 18:30:47.374859   130 feature_extraction.cc:298]   Focal Length:    2545.54px (Prior)
2026-05-18T18:30:48 COLMAP[feature_extractor] I20260518 18:30:47.374876   130 feature_extraction.cc:302]   Features:        8793 (SIFT)
2026-05-18T18:30:48 COLMAP[feature_extractor] I20260518 18:30:47.664568   130 feature_extraction.cc:316]   GPS:             LAT=40.520, LON=-111.895, ALT=1501.099
2026-05-18T18:30:48 COLMAP[feature_extractor] I20260518 18:30:47.664628   130 feature_extraction.cc:323]   Gravity:         X=0.000, Y=1.000, Z=0.000
2026-05-18T18:30:53 COLMAP[feature_extractor] I20260518 18:30:53.105542   130 feature_extraction.cc:280] Processed file [1447/1710]
2026-05-18T18:30:53 COLMAP[feature_extractor] I20260518 18:30:53.105594   130 feature_extraction.cc:283]   Name:            DJI_01447.JPG
2026-05-18T18:30:53 COLMAP[feature_extractor] I20260518 18:30:53.105607   130 feature_extraction.cc:292]   Dimensions:      4000 x 2250
2026-05-18T18:30:53 COLMAP[feature_extractor] I20260518 18:30:53.105618   130 feature_extraction.cc:295]   Camera:          #1 - SIMPLE_RADIAL
2026-05-18T18:30:53 COLMAP[feature_extractor] I20260518 18:30:53.105628   130 feature_extraction.cc:298]   Focal Length:    2545.54px (Prior)
2026-05-18T18:30:53 COLMAP[feature_extractor] I20260518 18:30:53.105644   130 feature_extraction.cc:302]   Features:        8770 (SIFT)
2026-05-18T18:30:54 COLMAP[feature_extractor] I20260518 18:30:53.307011   130 feature_extraction.cc:316]   GPS:             LAT=40.520, LON=-111.895, ALT=1500.899
2026-05-18T18:30:54 COLMAP[feature_extractor] I20260518 18:30:53.307067   130 feature_extraction.cc:323]   Gravity:         X=0.000, Y=1.000, Z=0.000
2026-05-18T18:30:55 COLMAP[feature_extractor] I20260518 18:30:54.343647   130 feature_extraction.cc:280] Processed file [1448/1710]
2026-05-18T18:30:55 COLMAP[feature_extractor] I20260518 18:30:54.343705   130 feature_extraction.cc:283]   Name:            DJI_01448.JPG
2026-05-18T18:30:55 COLMAP[feature_extractor] I20260518 18:30:54.343717   130 feature_extraction.cc:292]   Dimensions:      4000 x 2250
2026-05-18T18:30:55 COLMAP[feature_extractor] I20260518 18:30:54.343729   130 feature_extraction.cc:295]   Camera:          #1 - SIMPLE_RADIAL
2026-05-18T18:30:55 COLMAP[feature_extractor] I20260518 18:30:54.343740   130 feature_extraction.cc:298]   Focal Length:    2545.54px (Prior)
2026-05-18T18:30:55 COLMAP[feature_extractor] I20260518 18:30:54.343756   130 feature_extraction.cc:302]   Features:        8759 (SIFT)
2026-05-18T18:30:55 COLMAP[feature_extractor] I20260518 18:30:54.636212   130 feature_extraction.cc:316]   GPS:             LAT=40.520, LON=-111.895, ALT=1500.899
2026-05-18T18:30:55 COLMAP[feature_extractor] I20260518 18:30:54.636276   130 feature_extraction.cc:323]   Gravity:         X=0.000, Y=1.000, Z=0.000
2026-05-18T18:30:56 COLMAP[feature_extractor] I20260518 18:30:55.682741   130 feature_extraction.cc:280] Processed file [1449/1710]
2026-05-18T18:30:56 COLMAP[feature_extractor] I20260518 18:30:55.682796   130 feature_extraction.cc:283]   Name:            DJI_01449.JPG
2026-05-18T18:30:56 COLMAP[feature_extractor] I20260518 18:30:55.682807   130 feature_extraction.cc:292]   Dimensions:      4000 x 2250
2026-05-18T18:30:56 COLMAP[feature_extractor] I20260518 18:30:55.682818   130 feature_extraction.cc:295]   Camera:          #1 - SIMPLE_RADIAL
2026-05-18T18:30:56 COLMAP[feature_extractor] I20260518 18:30:55.682830   130 feature_extraction.cc:298]   Focal Length:    2545.54px (Prior)
2026-05-18T18:30:56 COLMAP[feature_extractor] I20260518 18:30:55.682847   130 feature_extraction.cc:302]   Features:        8720 (SIFT)
2026-05-18T18:30:56 COLMAP[feature_extractor] I20260518 18:30:55.991613   130 feature_extraction.cc:316]   GPS:             LAT=40.521, LON=-111.896, ALT=1500.999
2026-05-18T18:30:56 COLMAP[feature_extractor] I20260518 18:30:55.991709   130 feature_extraction.cc:323]   Gravity:         X=0.000, Y=1.000, Z=0.000
2026-05-18T18:30:57 COLMAP[feature_extractor] I20260518 18:30:56.872614   130 feature_extraction.cc:280] Processed file [1450/1710]
2026-05-18T18:30:57 COLMAP[feature_extractor] I20260518 18:30:56.872676   130 feature_extraction.cc:283]   Name:            DJI_01450.JPG
2026-05-18T18:30:57 COLMAP[feature_extractor] I20260518 18:30:56.872689   130 feature_extraction.cc:292]   Dimensions:      4000 x 2250
2026-05-18T18:30:57 COLMAP[feature_extractor] I20260518 18:30:56.872699   130 feature_extraction.cc:295]   Camera:          #1 - SIMPLE_RADIAL
2026-05-18T18:30:57 COLMAP[feature_extractor] I20260518 18:30:56.872710   130 feature_extraction.cc:298]   Focal Length:    2545.54px (Prior)
2026-05-18T18:30:57 COLMAP[feature_extractor] I20260518 18:30:56.872726   130 feature_extraction.cc:302]   Features:        9336 (SIFT)
2026-05-18T18:30:58 COLMAP[feature_extractor] I20260518 18:30:57.150990   130 feature_extraction.cc:316]   GPS:             LAT=40.521, LON=-111.896, ALT=1500.299
2026-05-18T18:30:58 COLMAP[feature_extractor] I20260518 18:30:57.151051   130 feature_extraction.cc:323]   Gravity:         X=0.000, Y=1.000, Z=0.000
2026-05-18T18:31:03 COLMAP[feature_extractor] I20260518 18:31:02.387037   130 feature_extraction.cc:280] Processed file [1451/1710]
2026-05-18T18:31:03 COLMAP[feature_extractor] I20260518 18:31:02.387097   130 feature_extraction.cc:283]   Name:            DJI_01451.JPG
2026-05-18T18:31:03 COLMAP[feature_extractor] I20260518 18:31:02.387109   130 feature_extraction.cc:292]   Dimensions:      4000 x 2250
2026-05-18T18:31:03 COLMAP[feature_extractor] I20260518 18:31:02.387120   130 feature_extraction.cc:295]   Camera:          #1 - SIMPLE_RADIAL
2026-05-18T18:31:03 COLMAP[feature_extractor] I20260518 18:31:02.387131   130 feature_extraction.cc:298]   Focal Length:    2545.54px (Prior)
2026-05-18T18:31:03 COLMAP[feature_extractor] I20260518 18:31:02.387146   130 feature_extraction.cc:302]   Features:        9128 (SIFT)
2026-05-18T18:31:03 COLMAP[feature_extractor] I20260518 18:31:02.635079   130 feature_extraction.cc:316]   GPS:             LAT=40.521, LON=-111.896, ALT=1500.899
2026-05-18T18:31:03 COLMAP[feature_extractor] I20260518 18:31:02.635142   130 feature_extraction.cc:323]   Gravity:         X=0.000, Y=1.000, Z=0.000
2026-05-18T18:31:04 COLMAP[feature_extractor] I20260518 18:31:03.612205   130 feature_extraction.cc:280] Processed file [1452/1710]
2026-05-18T18:31:04 COLMAP[feature_extractor] I20260518 18:31:03.612253   130 feature_extraction.cc:283]   Name:            DJI_01452.JPG
2026-05-18T18:31:04 COLMAP[feature_extractor] I20260518 18:31:03.612265   130 feature_extraction.cc:292]   Dimensions:      4000 x 2250
2026-05-18T18:31:04 COLMAP[feature_extractor] I20260518 18:31:03.612277   130 feature_extraction.cc:295]   Camera:          #1 - SIMPLE_RADIAL
2026-05-18T18:31:04 COLMAP[feature_extractor] I20260518 18:31:03.612287   130 feature_extraction.cc:298]   Focal Length:    2545.54px (Prior)
2026-05-18T18:31:04 COLMAP[feature_extractor] I20260518 18:31:03.612303   130 feature_extraction.cc:302]   Features:        9290 (SIFT)
2026-05-18T18:31:04 COLMAP[feature_extractor] I20260518 18:31:03.846257   130 feature_extraction.cc:316]   GPS:             LAT=40.521, LON=-111.896, ALT=1500.999
2026-05-18T18:31:04 COLMAP[feature_extractor] I20260518 18:31:03.846314   130 feature_extraction.cc:323]   Gravity:         X=0.000, Y=1.000, Z=0.000
2026-05-18T18:31:05 COLMAP[feature_extractor] I20260518 18:31:05.135718   130 feature_extraction.cc:280] Processed file [1453/1710]
2026-05-18T18:31:05 COLMAP[feature_extractor] I20260518 18:31:05.135811   130 feature_extraction.cc:283]   Name:            DJI_01453.JPG
2026-05-18T18:31:05 COLMAP[feature_extractor] I20260518 18:31:05.135825   130 feature_extraction.cc:292]   Dimensions:      4000 x 2250
2026-05-18T18:31:05 COLMAP[feature_extractor] I20260518 18:31:05.135836   130 feature_extraction.cc:295]   Camera:          #1 - SIMPLE_RADIAL
2026-05-18T18:31:05 COLMAP[feature_extractor] I20260518 18:31:05.135847   130 feature_extraction.cc:298]   Focal Length:    2545.54px (Prior)
2026-05-18T18:31:05 COLMAP[feature_extractor] I20260518 18:31:05.135864   130 feature_extraction.cc:302]   Features:        9241 (SIFT)
2026-05-18T18:31:06 COLMAP[feature_extractor] I20260518 18:31:05.446228   130 feature_extraction.cc:316]   GPS:             LAT=40.521, LON=-111.896, ALT=1500.699
2026-05-18T18:31:06 COLMAP[feature_extractor] I20260518 18:31:05.446290   130 feature_extraction.cc:323]   Gravity:         X=0.000, Y=1.000, Z=0.000
2026-05-18T18:31:07 COLMAP[feature_extractor] I20260518 18:31:06.246989   130 feature_extraction.cc:280] Processed file [1454/1710]
2026-05-18T18:31:07 COLMAP[feature_extractor] I20260518 18:31:06.247048   130 feature_extraction.cc:283]   Name:            DJI_01454.JPG
2026-05-18T18:31:07 COLMAP[feature_extractor] I20260518 18:31:06.247061   130 feature_extraction.cc:292]   Dimensions:      4000 x 2250
2026-05-18T18:31:07 COLMAP[feature_extractor] I20260518 18:31:06.247071   130 feature_extraction.cc:295]   Camera:          #1 - SIMPLE_RADIAL
2026-05-18T18:31:07 COLMAP[feature_extractor] I20260518 18:31:06.247082   130 feature_extraction.cc:298]   Focal Length:    2545.54px (Prior)
2026-05-18T18:31:07 COLMAP[feature_extractor] I20260518 18:31:06.247097   130 feature_extraction.cc:302]   Features:        9260 (SIFT)
2026-05-18T18:31:07 COLMAP[feature_extractor] I20260518 18:31:06.584194   130 feature_extraction.cc:316]   GPS:             LAT=40.521, LON=-111.896, ALT=1500.899
2026-05-18T18:31:07 COLMAP[feature_extractor] I20260518 18:31:06.584254   130 feature_extraction.cc:323]   Gravity:         X=0.000, Y=1.000, Z=0.000
2026-05-18T18:31:12 COLMAP[feature_extractor] I20260518 18:31:11.543567   130 feature_extraction.cc:280] Processed file [1455/1710]
2026-05-18T18:31:12 COLMAP[feature_extractor] I20260518 18:31:11.543632   130 feature_extraction.cc:283]   Name:            DJI_01455.JPG
2026-05-18T18:31:12 COLMAP[feature_extractor] I20260518 18:31:11.543643   130 feature_extraction.cc:292]   Dimensions:      4000 x 2250
2026-05-18T18:31:12 COLMAP[feature_extractor] I20260518 18:31:11.543654   130 feature_extraction.cc:295]   Camera:          #1 - SIMPLE_RADIAL
2026-05-18T18:31:12 COLMAP[feature_extractor] I20260518 18:31:11.543665   130 feature_extraction.cc:298]   Focal Length:    2545.54px (Prior)
2026-05-18T18:31:12 COLMAP[feature_extractor] I20260518 18:31:11.543680   130 feature_extraction.cc:302]   Features:        9041 (SIFT)
2026-05-18T18:31:12 COLMAP[feature_extractor] I20260518 18:31:11.832796   130 feature_extraction.cc:316]   GPS:             LAT=40.520, LON=-111.896, ALT=1500.999
2026-05-18T18:31:12 COLMAP[feature_extractor] I20260518 18:31:11.832854   130 feature_extraction.cc:323]   Gravity:         X=0.000, Y=1.000, Z=0.000
2026-05-18T18:31:13 COLMAP[feature_extractor] I20260518 18:31:12.837909   130 feature_extraction.cc:280] Processed file [1456/1710]
2026-05-18T18:31:13 COLMAP[feature_extractor] I20260518 18:31:12.837967   130 feature_extraction.cc:283]   Name:            DJI_01456.JPG
2026-05-18T18:31:13 COLMAP[feature_extractor] I20260518 18:31:12.837980   130 feature_extraction.cc:292]   Dimensions:      4000 x 2250
2026-05-18T18:31:13 COLMAP[feature_extractor] I20260518 18:31:12.837990   130 feature_extraction.cc:295]   Camera:          #1 - SIMPLE_RADIAL
2026-05-18T18:31:13 COLMAP[feature_extractor] I20260518 18:31:12.838001   130 feature_extraction.cc:298]   Focal Length:    2545.54px (Prior)
2026-05-18T18:31:13 COLMAP[feature_extractor] I20260518 18:31:12.838016   130 feature_extraction.cc:302]   Features:        8992 (SIFT)
2026-05-18T18:31:14 COLMAP[feature_extractor] I20260518 18:31:13.178774   130 feature_extraction.cc:316]   GPS:             LAT=40.520, LON=-111.895, ALT=1501.099
2026-05-18T18:31:14 COLMAP[feature_extractor] I20260518 18:31:13.178825   130 feature_extraction.cc:323]   Gravity:         X=0.000, Y=1.000, Z=0.000
2026-05-18T18:31:15 COLMAP[feature_extractor] I20260518 18:31:14.223639   130 feature_extraction.cc:280] Processed file [1457/1710]
2026-05-18T18:31:15 COLMAP[feature_extractor] I20260518 18:31:14.223691   130 feature_extraction.cc:283]   Name:            DJI_01457.JPG
2026-05-18T18:31:15 COLMAP[feature_extractor] I20260518 18:31:14.223703   130 feature_extraction.cc:292]   Dimensions:      4000 x 2250
2026-05-18T18:31:15 COLMAP[feature_extractor] I20260518 18:31:14.223713   130 feature_extraction.cc:295]   Camera:          #1 - SIMPLE_RADIAL
2026-05-18T18:31:15 COLMAP[feature_extractor] I20260518 18:31:14.223724   130 feature_extraction.cc:298]   Focal Length:    2545.54px (Prior)
2026-05-18T18:31:15 COLMAP[feature_extractor] I20260518 18:31:14.223739   130 feature_extraction.cc:302]   Features:        9033 (SIFT)
2026-05-18T18:31:15 COLMAP[feature_extractor] I20260518 18:31:14.462975   130 feature_extraction.cc:316]   GPS:             LAT=40.520, LON=-111.895, ALT=1501.099
2026-05-18T18:31:15 COLMAP[feature_extractor] I20260518 18:31:14.463028   130 feature_extraction.cc:323]   Gravity:         X=0.000, Y=1.000, Z=0.000
2026-05-18T18:31:16 COLMAP[feature_extractor] I20260518 18:31:15.485918   130 feature_extraction.cc:280] Processed file [1458/1710]
2026-05-18T18:31:16 COLMAP[feature_extractor] I20260518 18:31:15.485976   130 feature_extraction.cc:283]   Name:            DJI_01458.JPG
2026-05-18T18:31:16 COLMAP[feature_extractor] I20260518 18:31:15.485988   130 feature_extraction.cc:292]   Dimensions:      4000 x 2250
2026-05-18T18:31:16 COLMAP[feature_extractor] I20260518 18:31:15.485999   130 feature_extraction.cc:295]   Camera:          #1 - SIMPLE_RADIAL
2026-05-18T18:31:16 COLMAP[feature_extractor] I20260518 18:31:15.486045   130 feature_extraction.cc:298]   Focal Length:    2545.54px (Prior)
2026-05-18T18:31:16 COLMAP[feature_extractor] I20260518 18:31:15.486061   130 feature_extraction.cc:302]   Features:        9076 (SIFT)
2026-05-18T18:31:16 COLMAP[feature_extractor] I20260518 18:31:15.774849   130 feature_extraction.cc:316]   GPS:             LAT=40.520, LON=-111.895, ALT=1501.299
2026-05-18T18:31:16 COLMAP[feature_extractor] I20260518 18:31:15.774911   130 feature_extraction.cc:323]   Gravity:         X=0.000, Y=1.000, Z=0.000
2026-05-18T18:31:21 COLMAP[feature_extractor] I20260518 18:31:20.841707   130 feature_extraction.cc:280] Processed file [1459/1710]
2026-05-18T18:31:21 COLMAP[feature_extractor] I20260518 18:31:20.841769   130 feature_extraction.cc:283]   Name:            DJI_01459.JPG
2026-05-18T18:31:21 COLMAP[feature_extractor] I20260518 18:31:20.841781   130 feature_extraction.cc:292]   Dimensions:      4000 x 2250
2026-05-18T18:31:21 COLMAP[feature_extractor] I20260518 18:31:20.841792   130 feature_extraction.cc:295]   Camera:          #1 - SIMPLE_RADIAL
2026-05-18T18:31:21 COLMAP[feature_extractor] I20260518 18:31:20.841804   130 feature_extraction.cc:298]   Focal Length:    2545.54px (Prior)
2026-05-18T18:31:21 COLMAP[feature_extractor] I20260518 18:31:20.841820   130 feature_extraction.cc:302]   Features:        8939 (SIFT)
2026-05-18T18:31:21 COLMAP[feature_extractor] I20260518 18:31:21.051473   130 feature_extraction.cc:316]   GPS:             LAT=40.520, LON=-111.894, ALT=1501.199
2026-05-18T18:31:21 COLMAP[feature_extractor] I20260518 18:31:21.051533   130 feature_extraction.cc:323]   Gravity:         X=0.000, Y=1.000, Z=0.000
2026-05-18T18:31:23 COLMAP[feature_extractor] I20260518 18:31:22.221236   130 feature_extraction.cc:280] Processed file [1460/1710]
2026-05-18T18:31:23 COLMAP[feature_extractor] I20260518 18:31:22.221292   130 feature_extraction.cc:283]   Name:            DJI_01460.JPG
2026-05-18T18:31:23 COLMAP[feature_extractor] I20260518 18:31:22.221303   130 feature_extraction.cc:292]   Dimensions:      4000 x 2250
2026-05-18T18:31:23 COLMAP[feature_extractor] I20260518 18:31:22.221314   130 feature_extraction.cc:295]   Camera:          #1 - SIMPLE_RADIAL
2026-05-18T18:31:23 COLMAP[feature_extractor] I20260518 18:31:22.221325   130 feature_extraction.cc:298]   Focal Length:    2545.54px (Prior)
2026-05-18T18:31:23 COLMAP[feature_extractor] I20260518 18:31:22.221341   130 feature_extraction.cc:302]   Features:        8767 (SIFT)
2026-05-18T18:31:23 COLMAP[feature_extractor] I20260518 18:31:22.395166   130 feature_extraction.cc:316]   GPS:             LAT=40.520, LON=-111.894, ALT=1500.999
2026-05-18T18:31:23 COLMAP[feature_extractor] I20260518 18:31:22.395215   130 feature_extraction.cc:323]   Gravity:         X=0.000, Y=1.000, Z=0.000
2026-05-18T18:31:24 COLMAP[feature_extractor] I20260518 18:31:23.477706   130 feature_extraction.cc:280] Processed file [1461/1710]
2026-05-18T18:31:24 COLMAP[feature_extractor] I20260518 18:31:23.477767   130 feature_extraction.cc:283]   Name:            DJI_01461.JPG
2026-05-18T18:31:24 COLMAP[feature_extractor] I20260518 18:31:23.477779   130 feature_extraction.cc:292]   Dimensions:      4000 x 2250
2026-05-18T18:31:24 COLMAP[feature_extractor] I20260518 18:31:23.477790   130 feature_extraction.cc:295]   Camera:          #1 - SIMPLE_RADIAL
2026-05-18T18:31:24 COLMAP[feature_extractor] I20260518 18:31:23.477802   130 feature_extraction.cc:298]   Focal Length:    2545.54px (Prior)
2026-05-18T18:31:24 COLMAP[feature_extractor] I20260518 18:31:23.477818   130 feature_extraction.cc:302]   Features:        8737 (SIFT)
2026-05-18T18:31:24 COLMAP[feature_extractor] I20260518 18:31:23.703135   130 feature_extraction.cc:316]   GPS:             LAT=40.520, LON=-111.894, ALT=1501.699
2026-05-18T18:31:24 COLMAP[feature_extractor] I20260518 18:31:23.703197   130 feature_extraction.cc:323]   Gravity:         X=0.000, Y=1.000, Z=0.000
2026-05-18T18:31:25 COLMAP[feature_extractor] I20260518 18:31:24.889915   130 feature_extraction.cc:280] Processed file [1462/1710]
2026-05-18T18:31:25 COLMAP[feature_extractor] I20260518 18:31:24.889971   130 feature_extraction.cc:283]   Name:            DJI_01462.JPG
2026-05-18T18:31:25 COLMAP[feature_extractor] I20260518 18:31:24.889983   130 feature_extraction.cc:292]   Dimensions:      4000 x 2250
2026-05-18T18:31:25 COLMAP[feature_extractor] I20260518 18:31:24.889993   130 feature_extraction.cc:295]   Camera:          #1 - SIMPLE_RADIAL
2026-05-18T18:31:25 COLMAP[feature_extractor] I20260518 18:31:24.890004   130 feature_extraction.cc:298]   Focal Length:    2545.54px (Prior)
2026-05-18T18:31:25 COLMAP[feature_extractor] I20260518 18:31:24.890020   130 feature_extraction.cc:302]   Features:        8539 (SIFT)
2026-05-18T18:31:25 COLMAP[feature_extractor] I20260518 18:31:25.137195   130 feature_extraction.cc:316]   GPS:             LAT=40.520, LON=-111.894, ALT=1501.299
2026-05-18T18:31:25 COLMAP[feature_extractor] I20260518 18:31:25.137257   130 feature_extraction.cc:323]   Gravity:         X=0.000, Y=1.000, Z=0.000
2026-05-18T18:31:30 COLMAP[feature_extractor] I20260518 18:31:29.993562   130 feature_extraction.cc:280] Processed file [1463/1710]
2026-05-18T18:31:30 COLMAP[feature_extractor] I20260518 18:31:29.993618   130 feature_extraction.cc:283]   Name:            DJI_01463.JPG
2026-05-18T18:31:30 COLMAP[feature_extractor] I20260518 18:31:29.993630   130 feature_extraction.cc:292]   Dimensions:      4000 x 2250
2026-05-18T18:31:30 COLMAP[feature_extractor] I20260518 18:31:29.993640   130 feature_extraction.cc:295]   Camera:          #1 - SIMPLE_RADIAL
2026-05-18T18:31:30 COLMAP[feature_extractor] I20260518 18:31:29.993651   130 feature_extraction.cc:298]   Focal Length:    2545.54px (Prior)
2026-05-18T18:31:30 COLMAP[feature_extractor] I20260518 18:31:29.993667   130 feature_extraction.cc:302]   Features:        8378 (SIFT)
2026-05-18T18:31:31 COLMAP[feature_extractor] I20260518 18:31:30.226384   130 feature_extraction.cc:316]   GPS:             LAT=40.520, LON=-111.893, ALT=1501.699
2026-05-18T18:31:31 COLMAP[feature_extractor] I20260518 18:31:30.226473   130 feature_extraction.cc:323]   Gravity:         X=0.000, Y=1.000, Z=0.000
2026-05-18T18:31:32 COLMAP[feature_extractor] I20260518 18:31:31.409718   130 feature_extraction.cc:280] Processed file [1464/1710]
2026-05-18T18:31:32 COLMAP[feature_extractor] I20260518 18:31:31.409785   130 feature_extraction.cc:283]   Name:            DJI_01464.JPG
2026-05-18T18:31:32 COLMAP[feature_extractor] I20260518 18:31:31.409798   130 feature_extraction.cc:292]   Dimensions:      4000 x 2250
2026-05-18T18:31:32 COLMAP[feature_extractor] I20260518 18:31:31.409809   130 feature_extraction.cc:295]   Camera:          #1 - SIMPLE_RADIAL
2026-05-18T18:31:32 COLMAP[feature_extractor] I20260518 18:31:31.409821   130 feature_extraction.cc:298]   Focal Length:    2545.54px (Prior)
2026-05-18T18:31:32 COLMAP[feature_extractor] I20260518 18:31:31.409837   130 feature_extraction.cc:302]   Features:        8323 (SIFT)
2026-05-18T18:31:32 COLMAP[feature_extractor] I20260518 18:31:31.594695   130 feature_extraction.cc:316]   GPS:             LAT=40.519, LON=-111.893, ALT=1501.699
2026-05-18T18:31:32 COLMAP[feature_extractor] I20260518 18:31:31.594746   130 feature_extraction.cc:323]   Gravity:         X=0.000, Y=1.000, Z=0.000
2026-05-18T18:31:33 COLMAP[feature_extractor] I20260518 18:31:32.641252   130 feature_extraction.cc:280] Processed file [1465/1710]
2026-05-18T18:31:33 COLMAP[feature_extractor] I20260518 18:31:32.641307   130 feature_extraction.cc:283]   Name:            DJI_01465.JPG
2026-05-18T18:31:33 COLMAP[feature_extractor] I20260518 18:31:32.641319   130 feature_extraction.cc:292]   Dimensions:      4000 x 2250
2026-05-18T18:31:33 COLMAP[feature_extractor] I20260518 18:31:32.641330   130 feature_extraction.cc:295]   Camera:          #1 - SIMPLE_RADIAL
2026-05-18T18:31:33 COLMAP[feature_extractor] I20260518 18:31:32.641341   130 feature_extraction.cc:298]   Focal Length:    2545.54px (Prior)
2026-05-18T18:31:33 COLMAP[feature_extractor] I20260518 18:31:32.641357   130 feature_extraction.cc:302]   Features:        11935 (SIFT)
2026-05-18T18:31:33 COLMAP[feature_extractor] I20260518 18:31:32.934087   130 feature_extraction.cc:316]   GPS:             LAT=40.519, LON=-111.893, ALT=1502.099
2026-05-18T18:31:33 COLMAP[feature_extractor] I20260518 18:31:32.934147   130 feature_extraction.cc:323]   Gravity:         X=0.000, Y=1.000, Z=0.000
2026-05-18T18:31:34 COLMAP[feature_extractor] I20260518 18:31:34.094940   130 feature_extraction.cc:280] Processed file [1466/1710]
2026-05-18T18:31:34 COLMAP[feature_extractor] I20260518 18:31:34.095007   130 feature_extraction.cc:283]   Name:            DJI_01466.JPG
2026-05-18T18:31:34 COLMAP[feature_extractor] I20260518 18:31:34.095019   130 feature_extraction.cc:292]   Dimensions:      4000 x 2250
2026-05-18T18:31:34 COLMAP[feature_extractor] I20260518 18:31:34.095028   130 feature_extraction.cc:295]   Camera:          #1 - SIMPLE_RADIAL
2026-05-18T18:31:34 COLMAP[feature_extractor] I20260518 18:31:34.095038   130 feature_extraction.cc:298]   Focal Length:    2545.54px (Prior)
2026-05-18T18:31:34 COLMAP[feature_extractor] I20260518 18:31:34.095053   130 feature_extraction.cc:302]   Features:        11757 (SIFT)
2026-05-18T18:31:35 COLMAP[feature_extractor] I20260518 18:31:34.378336   130 feature_extraction.cc:316]   GPS:             LAT=40.519, LON=-111.892, ALT=1501.799
2026-05-18T18:31:35 COLMAP[feature_extractor] I20260518 18:31:34.378403   130 feature_extraction.cc:323]   Gravity:         X=0.000, Y=1.000, Z=0.000
2026-05-18T18:31:40 COLMAP[feature_extractor] I20260518 18:31:39.269889   130 feature_extraction.cc:280] Processed file [1467/1710]
2026-05-18T18:31:40 COLMAP[feature_extractor] I20260518 18:31:39.269981   130 feature_extraction.cc:283]   Name:            DJI_01467.JPG
2026-05-18T18:31:40 COLMAP[feature_extractor] I20260518 18:31:39.269996   130 feature_extraction.cc:292]   Dimensions:      4000 x 2250
2026-05-18T18:31:40 COLMAP[feature_extractor] I20260518 18:31:39.270006   130 feature_extraction.cc:295]   Camera:          #1 - SIMPLE_RADIAL
2026-05-18T18:31:40 COLMAP[feature_extractor] I20260518 18:31:39.270018   130 feature_extraction.cc:298]   Focal Length:    2545.54px (Prior)
2026-05-18T18:31:40 COLMAP[feature_extractor] I20260518 18:31:39.270035   130 feature_extraction.cc:302]   Features:        11722 (SIFT)
2026-05-18T18:31:40 COLMAP[feature_extractor] I20260518 18:31:39.521549   130 feature_extraction.cc:316]   GPS:             LAT=40.519, LON=-111.892, ALT=1501.799
2026-05-18T18:31:40 COLMAP[feature_extractor] I20260518 18:31:39.521602   130 feature_extraction.cc:323]   Gravity:         X=0.000, Y=1.000, Z=0.000
2026-05-18T18:31:41 COLMAP[feature_extractor] I20260518 18:31:40.682794   130 feature_extraction.cc:280] Processed file [1468/1710]
2026-05-18T18:31:41 COLMAP[feature_extractor] I20260518 18:31:40.682853   130 feature_extraction.cc:283]   Name:            DJI_01468.JPG
2026-05-18T18:31:41 COLMAP[feature_extractor] I20260518 18:31:40.682865   130 feature_extraction.cc:292]   Dimensions:      4000 x 2250
2026-05-18T18:31:41 COLMAP[feature_extractor] I20260518 18:31:40.682876   130 feature_extraction.cc:295]   Camera:          #1 - SIMPLE_RADIAL
2026-05-18T18:31:41 COLMAP[feature_extractor] I20260518 18:31:40.682888   130 feature_extraction.cc:298]   Focal Length:    2545.54px (Prior)
2026-05-18T18:31:41 COLMAP[feature_extractor] I20260518 18:31:40.682904   130 feature_extraction.cc:302]   Features:        11646 (SIFT)
2026-05-18T18:31:41 COLMAP[feature_extractor] I20260518 18:31:40.938941   130 feature_extraction.cc:316]   GPS:             LAT=40.519, LON=-111.892, ALT=1502.299
2026-05-18T18:31:41 COLMAP[feature_extractor] I20260518 18:31:40.939002   130 feature_extraction.cc:323]   Gravity:         X=0.000, Y=1.000, Z=0.000
2026-05-18T18:31:42 COLMAP[feature_extractor] I20260518 18:31:41.797724   130 feature_extraction.cc:280] Processed file [1469/1710]
2026-05-18T18:31:42 COLMAP[feature_extractor] I20260518 18:31:41.797773   130 feature_extraction.cc:283]   Name:            DJI_01469.JPG
2026-05-18T18:31:42 COLMAP[feature_extractor] I20260518 18:31:41.797785   130 feature_extraction.cc:292]   Dimensions:      4000 x 2250
2026-05-18T18:31:42 COLMAP[feature_extractor] I20260518 18:31:41.797796   130 feature_extraction.cc:295]   Camera:          #1 - SIMPLE_RADIAL
2026-05-18T18:31:42 COLMAP[feature_extractor] I20260518 18:31:41.797807   130 feature_extraction.cc:298]   Focal Length:    2545.54px (Prior)
2026-05-18T18:31:42 COLMAP[feature_extractor] I20260518 18:31:41.797823   130 feature_extraction.cc:302]   Features:        11556 (SIFT)
2026-05-18T18:31:42 COLMAP[feature_extractor] I20260518 18:31:42.060072   130 feature_extraction.cc:316]   GPS:             LAT=40.520, LON=-111.892, ALT=1502.099
2026-05-18T18:31:42 COLMAP[feature_extractor] I20260518 18:31:42.060133   130 feature_extraction.cc:323]   Gravity:         X=0.000, Y=1.000, Z=0.000
2026-05-18T18:31:44 COLMAP[feature_extractor] I20260518 18:31:43.249644   130 feature_extraction.cc:280] Processed file [1470/1710]
2026-05-18T18:31:44 COLMAP[feature_extractor] I20260518 18:31:43.249720   130 feature_extraction.cc:283]   Name:            DJI_01470.JPG
2026-05-18T18:31:44 COLMAP[feature_extractor] I20260518 18:31:43.249733   130 feature_extraction.cc:292]   Dimensions:      4000 x 2250
2026-05-18T18:31:44 COLMAP[feature_extractor] I20260518 18:31:43.249743   130 feature_extraction.cc:295]   Camera:          #1 - SIMPLE_RADIAL
2026-05-18T18:31:44 COLMAP[feature_extractor] I20260518 18:31:43.249754   130 feature_extraction.cc:298]   Focal Length:    2545.54px (Prior)
2026-05-18T18:31:44 COLMAP[feature_extractor] I20260518 18:31:43.249770   130 feature_extraction.cc:302]   Features:        11622 (SIFT)
2026-05-18T18:31:44 COLMAP[feature_extractor] I20260518 18:31:43.526952   130 feature_extraction.cc:316]   GPS:             LAT=40.520, LON=-111.891, ALT=1502.999
2026-05-18T18:31:44 COLMAP[feature_extractor] I20260518 18:31:43.527014   130 feature_extraction.cc:323]   Gravity:         X=0.000, Y=1.000, Z=0.000
2026-05-18T18:31:49 COLMAP[feature_extractor] I20260518 18:31:48.499085   130 feature_extraction.cc:280] Processed file [1471/1710]
2026-05-18T18:31:49 COLMAP[feature_extractor] I20260518 18:31:48.499146   130 feature_extraction.cc:283]   Name:            DJI_01471.JPG
2026-05-18T18:31:49 COLMAP[feature_extractor] I20260518 18:31:48.499159   130 feature_extraction.cc:292]   Dimensions:      4000 x 2250
2026-05-18T18:31:49 COLMAP[feature_extractor] I20260518 18:31:48.499171   130 feature_extraction.cc:295]   Camera:          #1 - SIMPLE_RADIAL
2026-05-18T18:31:49 COLMAP[feature_extractor] I20260518 18:31:48.499181   130 feature_extraction.cc:298]   Focal Length:    2545.54px (Prior)
2026-05-18T18:31:49 COLMAP[feature_extractor] I20260518 18:31:48.499197   130 feature_extraction.cc:302]   Features:        11536 (SIFT)
2026-05-18T18:31:49 COLMAP[feature_extractor] I20260518 18:31:48.714352   130 feature_extraction.cc:316]   GPS:             LAT=40.520, LON=-111.891, ALT=1502.799
2026-05-18T18:31:49 COLMAP[feature_extractor] I20260518 18:31:48.714414   130 feature_extraction.cc:323]   Gravity:         X=0.000, Y=1.000, Z=0.000
2026-05-18T18:31:50 COLMAP[feature_extractor] I20260518 18:31:50.121708   130 feature_extraction.cc:280] Processed file [1472/1710]
2026-05-18T18:31:50 COLMAP[feature_extractor] I20260518 18:31:50.121778   130 feature_extraction.cc:283]   Name:            DJI_01472.JPG
2026-05-18T18:31:50 COLMAP[feature_extractor] I20260518 18:31:50.121789   130 feature_extraction.cc:292]   Dimensions:      4000 x 2250
2026-05-18T18:31:50 COLMAP[feature_extractor] I20260518 18:31:50.121800   130 feature_extraction.cc:295]   Camera:          #1 - SIMPLE_RADIAL
2026-05-18T18:31:50 COLMAP[feature_extractor] I20260518 18:31:50.121850   130 feature_extraction.cc:298]   Focal Length:    2545.54px (Prior)
2026-05-18T18:31:50 COLMAP[feature_extractor] I20260518 18:31:50.121866   130 feature_extraction.cc:302]   Features:        11616 (SIFT)
2026-05-18T18:31:51 COLMAP[feature_extractor] I20260518 18:31:50.370508   130 feature_extraction.cc:316]   GPS:             LAT=40.520, LON=-111.891, ALT=1502.899
2026-05-18T18:31:51 COLMAP[feature_extractor] I20260518 18:31:50.370568   130 feature_extraction.cc:323]   Gravity:         X=0.000, Y=1.000, Z=0.000
2026-05-18T18:31:51 COLMAP[feature_extractor] I20260518 18:31:51.156361   130 feature_extraction.cc:280] Processed file [1473/1710]
2026-05-18T18:31:51 COLMAP[feature_extractor] I20260518 18:31:51.156427   130 feature_extraction.cc:283]   Name:            DJI_01473.JPG
2026-05-18T18:31:51 COLMAP[feature_extractor] I20260518 18:31:51.156440   130 feature_extraction.cc:292]   Dimensions:      4000 x 2250
2026-05-18T18:31:51 COLMAP[feature_extractor] I20260518 18:31:51.156450   130 feature_extraction.cc:295]   Camera:          #1 - SIMPLE_RADIAL
2026-05-18T18:31:51 COLMAP[feature_extractor] I20260518 18:31:51.156461   130 feature_extraction.cc:298]   Focal Length:    2545.54px (Prior)
2026-05-18T18:31:51 COLMAP[feature_extractor] I20260518 18:31:51.156476   130 feature_extraction.cc:302]   Features:        11808 (SIFT)
2026-05-18T18:31:52 COLMAP[feature_extractor] I20260518 18:31:51.415181   130 feature_extraction.cc:316]   GPS:             LAT=40.520, LON=-111.890, ALT=1502.999
2026-05-18T18:31:52 COLMAP[feature_extractor] I20260518 18:31:51.415246   130 feature_extraction.cc:323]   Gravity:         X=0.000, Y=1.000, Z=0.000
2026-05-18T18:31:53 COLMAP[feature_extractor] I20260518 18:31:52.437953   130 feature_extraction.cc:280] Processed file [1474/1710]
2026-05-18T18:31:53 COLMAP[feature_extractor] I20260518 18:31:52.438011   130 feature_extraction.cc:283]   Name:            DJI_01474.JPG
2026-05-18T18:31:53 COLMAP[feature_extractor] I20260518 18:31:52.438023   130 feature_extraction.cc:292]   Dimensions:      4000 x 2250
2026-05-18T18:31:53 COLMAP[feature_extractor] I20260518 18:31:52.438035   130 feature_extraction.cc:295]   Camera:          #1 - SIMPLE_RADIAL
2026-05-18T18:31:53 COLMAP[feature_extractor] I20260518 18:31:52.438045   130 feature_extraction.cc:298]   Focal Length:    2545.54px (Prior)
2026-05-18T18:31:53 COLMAP[feature_extractor] I20260518 18:31:52.438060   130 feature_extraction.cc:302]   Features:        11693 (SIFT)
2026-05-18T18:31:53 COLMAP[feature_extractor] I20260518 18:31:52.753844   130 feature_extraction.cc:316]   GPS:             LAT=40.520, LON=-111.890, ALT=1502.899
2026-05-18T18:31:53 COLMAP[feature_extractor] I20260518 18:31:52.753904   130 feature_extraction.cc:323]   Gravity:         X=0.000, Y=1.000, Z=0.000
2026-05-18T18:31:58 COLMAP[feature_extractor] I20260518 18:31:57.863915   130 feature_extraction.cc:280] Processed file [1475/1710]
2026-05-18T18:31:58 COLMAP[feature_extractor] I20260518 18:31:57.863968   130 feature_extraction.cc:283]   Name:            DJI_01475.JPG
2026-05-18T18:31:58 COLMAP[feature_extractor] I20260518 18:31:57.863981   130 feature_extraction.cc:292]   Dimensions:      4000 x 2250
2026-05-18T18:31:58 COLMAP[feature_extractor] I20260518 18:31:57.863991   130 feature_extraction.cc:295]   Camera:          #1 - SIMPLE_RADIAL
2026-05-18T18:31:58 COLMAP[feature_extractor] I20260518 18:31:57.864002   130 feature_extraction.cc:298]   Focal Length:    2545.54px (Prior)
2026-05-18T18:31:58 COLMAP[feature_extractor] I20260518 18:31:57.864018   130 feature_extraction.cc:302]   Features:        11470 (SIFT)
2026-05-18T18:31:59 COLMAP[feature_extractor] I20260518 18:31:58.189852   130 feature_extraction.cc:316]   GPS:             LAT=40.520, LON=-111.890, ALT=1503.899
2026-05-18T18:31:59 COLMAP[feature_extractor] I20260518 18:31:58.189909   130 feature_extraction.cc:323]   Gravity:         X=0.000, Y=1.000, Z=0.000
2026-05-18T18:32:00 COLMAP[feature_extractor] I20260518 18:31:59.381705   130 feature_extraction.cc:280] Processed file [1476/1710]
2026-05-18T18:32:00 COLMAP[feature_extractor] I20260518 18:31:59.381760   130 feature_extraction.cc:283]   Name:            DJI_01476.JPG
2026-05-18T18:32:00 COLMAP[feature_extractor] I20260518 18:31:59.381772   130 feature_extraction.cc:292]   Dimensions:      4000 x 2250
2026-05-18T18:32:00 COLMAP[feature_extractor] I20260518 18:31:59.381783   130 feature_extraction.cc:295]   Camera:          #1 - SIMPLE_RADIAL
2026-05-18T18:32:00 COLMAP[feature_extractor] I20260518 18:31:59.381794   130 feature_extraction.cc:298]   Focal Length:    2545.54px (Prior)
2026-05-18T18:32:00 COLMAP[feature_extractor] I20260518 18:31:59.381810   130 feature_extraction.cc:302]   Features:        11124 (SIFT)
2026-05-18T18:32:00 COLMAP[feature_extractor] I20260518 18:31:59.619035   130 feature_extraction.cc:316]   GPS:             LAT=40.520, LON=-111.890, ALT=1503.199
2026-05-18T18:32:00 COLMAP[feature_extractor] I20260518 18:31:59.619094   130 feature_extraction.cc:323]   Gravity:         X=0.000, Y=1.000, Z=0.000
2026-05-18T18:32:01 COLMAP[feature_extractor] I20260518 18:32:00.413012   130 feature_extraction.cc:280] Processed file [1477/1710]
2026-05-18T18:32:01 COLMAP[feature_extractor] I20260518 18:32:00.413067   130 feature_extraction.cc:283]   Name:            DJI_01477.JPG
2026-05-18T18:32:01 COLMAP[feature_extractor] I20260518 18:32:00.413079   130 feature_extraction.cc:292]   Dimensions:      4000 x 2250
2026-05-18T18:32:01 COLMAP[feature_extractor] I20260518 18:32:00.413089   130 feature_extraction.cc:295]   Camera:          #1 - SIMPLE_RADIAL
2026-05-18T18:32:01 COLMAP[feature_extractor] I20260518 18:32:00.413101   130 feature_extraction.cc:298]   Focal Length:    2545.54px (Prior)
2026-05-18T18:32:01 COLMAP[feature_extractor] I20260518 18:32:00.413116   130 feature_extraction.cc:302]   Features:        10660 (SIFT)
2026-05-18T18:32:01 COLMAP[feature_extractor] I20260518 18:32:00.712527   130 feature_extraction.cc:316]   GPS:             LAT=40.521, LON=-111.889, ALT=1502.999
2026-05-18T18:32:01 COLMAP[feature_extractor] I20260518 18:32:00.712579   130 feature_extraction.cc:323]   Gravity:         X=0.000, Y=1.000, Z=0.000
2026-05-18T18:32:02 COLMAP[feature_extractor] I20260518 18:32:01.666455   130 feature_extraction.cc:280] Processed file [1478/1710]
2026-05-18T18:32:02 COLMAP[feature_extractor] I20260518 18:32:01.666510   130 feature_extraction.cc:283]   Name:            DJI_01478.JPG
2026-05-18T18:32:02 COLMAP[feature_extractor] I20260518 18:32:01.666523   130 feature_extraction.cc:292]   Dimensions:      4000 x 2250
2026-05-18T18:32:02 COLMAP[feature_extractor] I20260518 18:32:01.666533   130 feature_extraction.cc:295]   Camera:          #1 - SIMPLE_RADIAL
2026-05-18T18:32:02 COLMAP[feature_extractor] I20260518 18:32:01.666544   130 feature_extraction.cc:298]   Focal Length:    2545.54px (Prior)
2026-05-18T18:32:02 COLMAP[feature_extractor] I20260518 18:32:01.666560   130 feature_extraction.cc:302]   Features:        10447 (SIFT)
2026-05-18T18:32:02 COLMAP[feature_extractor] I20260518 18:32:01.862366   130 feature_extraction.cc:316]   GPS:             LAT=40.521, LON=-111.889, ALT=1503.699
2026-05-18T18:32:02 COLMAP[feature_extractor] I20260518 18:32:01.862417   130 feature_extraction.cc:323]   Gravity:         X=0.000, Y=1.000, Z=0.000
2026-05-18T18:32:08 COLMAP[feature_extractor] I20260518 18:32:07.263319   130 feature_extraction.cc:280] Processed file [1479/1710]
2026-05-18T18:32:08 COLMAP[feature_extractor] I20260518 18:32:07.263387   130 feature_extraction.cc:283]   Name:            DJI_01479.JPG
2026-05-18T18:32:08 COLMAP[feature_extractor] I20260518 18:32:07.263399   130 feature_extraction.cc:292]   Dimensions:      4000 x 2250
2026-05-18T18:32:08 COLMAP[feature_extractor] I20260518 18:32:07.263408   130 feature_extraction.cc:295]   Camera:          #1 - SIMPLE_RADIAL
2026-05-18T18:32:08 COLMAP[feature_extractor] I20260518 18:32:07.263418   130 feature_extraction.cc:298]   Focal Length:    2545.54px (Prior)
2026-05-18T18:32:08 COLMAP[feature_extractor] I20260518 18:32:07.263433   130 feature_extraction.cc:302]   Features:        11047 (SIFT)
2026-05-18T18:32:08 COLMAP[feature_extractor] I20260518 18:32:07.591337   130 feature_extraction.cc:316]   GPS:             LAT=40.521, LON=-111.889, ALT=1504.399
2026-05-18T18:32:08 COLMAP[feature_extractor] I20260518 18:32:07.591404   130 feature_extraction.cc:323]   Gravity:         X=0.000, Y=1.000, Z=0.000
2026-05-18T18:32:09 COLMAP[feature_extractor] I20260518 18:32:08.771414   130 feature_extraction.cc:280] Processed file [1480/1710]
2026-05-18T18:32:09 COLMAP[feature_extractor] I20260518 18:32:08.771478   130 feature_extraction.cc:283]   Name:            DJI_01480.JPG
2026-05-18T18:32:09 COLMAP[feature_extractor] I20260518 18:32:08.771490   130 feature_extraction.cc:292]   Dimensions:      4000 x 2250
2026-05-18T18:32:09 COLMAP[feature_extractor] I20260518 18:32:08.771500   130 feature_extraction.cc:295]   Camera:          #1 - SIMPLE_RADIAL
2026-05-18T18:32:09 COLMAP[feature_extractor] I20260518 18:32:08.771510   130 feature_extraction.cc:298]   Focal Length:    2545.54px (Prior)
2026-05-18T18:32:09 COLMAP[feature_extractor] I20260518 18:32:08.771524   130 feature_extraction.cc:302]   Features:        11351 (SIFT)
2026-05-18T18:32:09 COLMAP[feature_extractor] I20260518 18:32:09.157649   130 feature_extraction.cc:316]   GPS:             LAT=40.521, LON=-111.889, ALT=1503.799
2026-05-18T18:32:09 COLMAP[feature_extractor] I20260518 18:32:09.157728   130 feature_extraction.cc:323]   Gravity:         X=0.000, Y=1.000, Z=0.000
2026-05-18T18:32:10 COLMAP[feature_extractor] I20260518 18:32:09.646807   130 feature_extraction.cc:280] Processed file [1481/1710]
2026-05-18T18:32:10 COLMAP[feature_extractor] I20260518 18:32:09.646884   130 feature_extraction.cc:283]   Name:            DJI_01481.JPG
2026-05-18T18:32:10 COLMAP[feature_extractor] I20260518 18:32:09.646896   130 feature_extraction.cc:292]   Dimensions:      4000 x 2250
2026-05-18T18:32:10 COLMAP[feature_extractor] I20260518 18:32:09.646907   130 feature_extraction.cc:295]   Camera:          #1 - SIMPLE_RADIAL
2026-05-18T18:32:10 COLMAP[feature_extractor] I20260518 18:32:09.646919   130 feature_extraction.cc:298]   Focal Length:    2545.54px (Prior)
2026-05-18T18:32:10 COLMAP[feature_extractor] I20260518 18:32:09.646934   130 feature_extraction.cc:302]   Features:        11304 (SIFT)
2026-05-18T18:32:10 COLMAP[feature_extractor] I20260518 18:32:09.951819   130 feature_extraction.cc:316]   GPS:             LAT=40.521, LON=-111.889, ALT=1503.799
2026-05-18T18:32:10 COLMAP[feature_extractor] I20260518 18:32:09.951880   130 feature_extraction.cc:323]   Gravity:         X=0.000, Y=1.000, Z=0.000
2026-05-18T18:32:11 COLMAP[feature_extractor] I20260518 18:32:10.991019   130 feature_extraction.cc:280] Processed file [1482/1710]
2026-05-18T18:32:11 COLMAP[feature_extractor] I20260518 18:32:10.991079   130 feature_extraction.cc:283]   Name:            DJI_01482.JPG
2026-05-18T18:32:11 COLMAP[feature_extractor] I20260518 18:32:10.991091   130 feature_extraction.cc:292]   Dimensions:      4000 x 2250
2026-05-18T18:32:11 COLMAP[feature_extractor] I20260518 18:32:10.991102   130 feature_extraction.cc:295]   Camera:          #1 - SIMPLE_RADIAL
2026-05-18T18:32:11 COLMAP[feature_extractor] I20260518 18:32:10.991114   130 feature_extraction.cc:298]   Focal Length:    2545.54px (Prior)
2026-05-18T18:32:11 COLMAP[feature_extractor] I20260518 18:32:10.991130   130 feature_extraction.cc:302]   Features:        11502 (SIFT)
2026-05-18T18:32:12 COLMAP[feature_extractor] I20260518 18:32:11.215893   130 feature_extraction.cc:316]   GPS:             LAT=40.521, LON=-111.889, ALT=1503.599
2026-05-18T18:32:12 COLMAP[feature_extractor] I20260518 18:32:11.215952   130 feature_extraction.cc:323]   Gravity:         X=0.000, Y=1.000, Z=0.000
2026-05-18T18:32:17 COLMAP[feature_extractor] I20260518 18:32:16.522933   130 feature_extraction.cc:280] Processed file [1483/1710]
2026-05-18T18:32:17 COLMAP[feature_extractor] I20260518 18:32:16.522989   130 feature_extraction.cc:283]   Name:            DJI_01483.JPG
2026-05-18T18:32:17 COLMAP[feature_extractor] I20260518 18:32:16.523000   130 feature_extraction.cc:292]   Dimensions:      4000 x 2250
2026-05-18T18:32:17 COLMAP[feature_extractor] I20260518 18:32:16.523011   130 feature_extraction.cc:295]   Camera:          #1 - SIMPLE_RADIAL
2026-05-18T18:32:17 COLMAP[feature_extractor] I20260518 18:32:16.523023   130 feature_extraction.cc:298]   Focal Length:    2545.54px (Prior)
2026-05-18T18:32:17 COLMAP[feature_extractor] I20260518 18:32:16.523039   130 feature_extraction.cc:302]   Features:        11548 (SIFT)
2026-05-18T18:32:17 COLMAP[feature_extractor] I20260518 18:32:16.803059   130 feature_extraction.cc:316]   GPS:             LAT=40.520, LON=-111.890, ALT=1503.699
2026-05-18T18:32:17 COLMAP[feature_extractor] I20260518 18:32:16.803124   130 feature_extraction.cc:323]   Gravity:         X=0.000, Y=1.000, Z=0.000
2026-05-18T18:32:18 COLMAP[feature_extractor] I20260518 18:32:17.847826   130 feature_extraction.cc:280] Processed file [1484/1710]
2026-05-18T18:32:18 COLMAP[feature_extractor] I20260518 18:32:17.847882   130 feature_extraction.cc:283]   Name:            DJI_01484.JPG
2026-05-18T18:32:18 COLMAP[feature_extractor] I20260518 18:32:17.847894   130 feature_extraction.cc:292]   Dimensions:      4000 x 2250
2026-05-18T18:32:18 COLMAP[feature_extractor] I20260518 18:32:17.847905   130 feature_extraction.cc:295]   Camera:          #1 - SIMPLE_RADIAL
2026-05-18T18:32:18 COLMAP[feature_extractor] I20260518 18:32:17.847916   130 feature_extraction.cc:298]   Focal Length:    2545.54px (Prior)
2026-05-18T18:32:18 COLMAP[feature_extractor] I20260518 18:32:17.847932   130 feature_extraction.cc:302]   Features:        11514 (SIFT)
2026-05-18T18:32:19 COLMAP[feature_extractor] I20260518 18:32:18.222595   130 feature_extraction.cc:316]   GPS:             LAT=40.520, LON=-111.890, ALT=1503.799
2026-05-18T18:32:19 COLMAP[feature_extractor] I20260518 18:32:18.222658   130 feature_extraction.cc:323]   Gravity:         X=0.000, Y=1.000, Z=0.000
2026-05-18T18:32:19 COLMAP[feature_extractor] I20260518 18:32:18.876931   130 feature_extraction.cc:280] Processed file [1485/1710]
2026-05-18T18:32:19 COLMAP[feature_extractor] I20260518 18:32:18.876987   130 feature_extraction.cc:283]   Name:            DJI_01485.JPG
2026-05-18T18:32:19 COLMAP[feature_extractor] I20260518 18:32:18.876999   130 feature_extraction.cc:292]   Dimensions:      4000 x 2250
2026-05-18T18:32:19 COLMAP[feature_extractor] I20260518 18:32:18.877010   130 feature_extraction.cc:295]   Camera:          #1 - SIMPLE_RADIAL
2026-05-18T18:32:19 COLMAP[feature_extractor] I20260518 18:32:18.877022   130 feature_extraction.cc:298]   Focal Length:    2545.54px (Prior)
2026-05-18T18:32:19 COLMAP[feature_extractor] I20260518 18:32:18.877038   130 feature_extraction.cc:302]   Features:        11759 (SIFT)
2026-05-18T18:32:19 COLMAP[feature_extractor] I20260518 18:32:19.082811   130 feature_extraction.cc:316]   GPS:             LAT=40.520, LON=-111.890, ALT=1503.599
2026-05-18T18:32:19 COLMAP[feature_extractor] I20260518 18:32:19.082871   130 feature_extraction.cc:323]   Gravity:         X=0.000, Y=1.000, Z=0.000
2026-05-18T18:32:21 COLMAP[feature_extractor] I20260518 18:32:20.248875   130 feature_extraction.cc:280] Processed file [1486/1710]
2026-05-18T18:32:21 COLMAP[feature_extractor] I20260518 18:32:20.248936   130 feature_extraction.cc:283]   Name:            DJI_01486.JPG
2026-05-18T18:32:21 COLMAP[feature_extractor] I20260518 18:32:20.248948   130 feature_extraction.cc:292]   Dimensions:      4000 x 2250
2026-05-18T18:32:21 COLMAP[feature_extractor] I20260518 18:32:20.248960   130 feature_extraction.cc:295]   Camera:          #1 - SIMPLE_RADIAL
2026-05-18T18:32:21 COLMAP[feature_extractor] I20260518 18:32:20.248999   130 feature_extraction.cc:298]   Focal Length:    2545.54px (Prior)
2026-05-18T18:32:21 COLMAP[feature_extractor] I20260518 18:32:20.249015   130 feature_extraction.cc:302]   Features:        11421 (SIFT)
2026-05-18T18:32:21 COLMAP[feature_extractor] I20260518 18:32:20.528754   130 feature_extraction.cc:316]   GPS:             LAT=40.520, LON=-111.890, ALT=1503.299
2026-05-18T18:32:21 COLMAP[feature_extractor] I20260518 18:32:20.528808   130 feature_extraction.cc:323]   Gravity:         X=0.000, Y=1.000, Z=0.000
2026-05-18T18:32:26 COLMAP[feature_extractor] I20260518 18:32:25.724035   130 feature_extraction.cc:280] Processed file [1487/1710]
2026-05-18T18:32:26 COLMAP[feature_extractor] I20260518 18:32:25.724098   130 feature_extraction.cc:283]   Name:            DJI_01487.JPG
2026-05-18T18:32:26 COLMAP[feature_extractor] I20260518 18:32:25.724110   130 feature_extraction.cc:292]   Dimensions:      4000 x 2250
2026-05-18T18:32:26 COLMAP[feature_extractor] I20260518 18:32:25.724121   130 feature_extraction.cc:295]   Camera:          #1 - SIMPLE_RADIAL
2026-05-18T18:32:26 COLMAP[feature_extractor] I20260518 18:32:25.724133   130 feature_extraction.cc:298]   Focal Length:    2545.54px (Prior)
2026-05-18T18:32:26 COLMAP[feature_extractor] I20260518 18:32:25.724148   130 feature_extraction.cc:302]   Features:        11732 (SIFT)
2026-05-18T18:32:26 COLMAP[feature_extractor] I20260518 18:32:26.036094   130 feature_extraction.cc:316]   GPS:             LAT=40.520, LON=-111.891, ALT=1502.899
2026-05-18T18:32:26 COLMAP[feature_extractor] I20260518 18:32:26.036160   130 feature_extraction.cc:323]   Gravity:         X=0.000, Y=1.000, Z=0.000
2026-05-18T18:32:27 COLMAP[feature_extractor] I20260518 18:32:27.096961   130 feature_extraction.cc:280] Processed file [1488/1710]
2026-05-18T18:32:27 COLMAP[feature_extractor] I20260518 18:32:27.097023   130 feature_extraction.cc:283]   Name:            DJI_01488.JPG
2026-05-18T18:32:27 COLMAP[feature_extractor] I20260518 18:32:27.097034   130 feature_extraction.cc:292]   Dimensions:      4000 x 2250
2026-05-18T18:32:27 COLMAP[feature_extractor] I20260518 18:32:27.097045   130 feature_extraction.cc:295]   Camera:          #1 - SIMPLE_RADIAL
2026-05-18T18:32:27 COLMAP[feature_extractor] I20260518 18:32:27.097056   130 feature_extraction.cc:298]   Focal Length:    2545.54px (Prior)
2026-05-18T18:32:27 COLMAP[feature_extractor] I20260518 18:32:27.097071   130 feature_extraction.cc:302]   Features:        11820 (SIFT)
2026-05-18T18:32:28 COLMAP[feature_extractor] I20260518 18:32:27.320467   130 feature_extraction.cc:316]   GPS:             LAT=40.520, LON=-111.891, ALT=1502.499
2026-05-18T18:32:28 COLMAP[feature_extractor] I20260518 18:32:27.320528   130 feature_extraction.cc:323]   Gravity:         X=0.000, Y=1.000, Z=0.000
2026-05-18T18:32:29 COLMAP[feature_extractor] I20260518 18:32:28.329706   130 feature_extraction.cc:280] Processed file [1489/1710]
2026-05-18T18:32:29 COLMAP[feature_extractor] I20260518 18:32:28.329767   130 feature_extraction.cc:283]   Name:            DJI_01489.JPG
2026-05-18T18:32:29 COLMAP[feature_extractor] I20260518 18:32:28.329779   130 feature_extraction.cc:292]   Dimensions:      4000 x 2250
2026-05-18T18:32:29 COLMAP[feature_extractor] I20260518 18:32:28.329789   130 feature_extraction.cc:295]   Camera:          #1 - SIMPLE_RADIAL
2026-05-18T18:32:29 COLMAP[feature_extractor] I20260518 18:32:28.329800   130 feature_extraction.cc:298]   Focal Length:    2545.54px (Prior)
2026-05-18T18:32:29 COLMAP[feature_extractor] I20260518 18:32:28.329816   130 feature_extraction.cc:302]   Features:        11857 (SIFT)
2026-05-18T18:32:29 COLMAP[feature_extractor] I20260518 18:32:28.622092   130 feature_extraction.cc:316]   GPS:             LAT=40.520, LON=-111.891, ALT=1502.699
2026-05-18T18:32:29 COLMAP[feature_extractor] I20260518 18:32:28.622149   130 feature_extraction.cc:323]   Gravity:         X=0.000, Y=1.000, Z=0.000
2026-05-18T18:32:30 COLMAP[feature_extractor] I20260518 18:32:29.532025   130 feature_extraction.cc:280] Processed file [1490/1710]
2026-05-18T18:32:30 COLMAP[feature_extractor] I20260518 18:32:29.532089   130 feature_extraction.cc:283]   Name:            DJI_01490.JPG
2026-05-18T18:32:30 COLMAP[feature_extractor] I20260518 18:32:29.532102   130 feature_extraction.cc:292]   Dimensions:      4000 x 2250
2026-05-18T18:32:30 COLMAP[feature_extractor] I20260518 18:32:29.532112   130 feature_extraction.cc:295]   Camera:          #1 - SIMPLE_RADIAL
2026-05-18T18:32:30 COLMAP[feature_extractor] I20260518 18:32:29.532123   130 feature_extraction.cc:298]   Focal Length:    2545.54px (Prior)
2026-05-18T18:32:30 COLMAP[feature_extractor] I20260518 18:32:29.532138   130 feature_extraction.cc:302]   Features:        12021 (SIFT)
2026-05-18T18:32:30 COLMAP[feature_extractor] I20260518 18:32:29.697669   130 feature_extraction.cc:316]   GPS:             LAT=40.520, LON=-111.892, ALT=1502.499
2026-05-18T18:32:30 COLMAP[feature_extractor] I20260518 18:32:29.697748   130 feature_extraction.cc:323]   Gravity:         X=0.000, Y=1.000, Z=0.000
2026-05-18T18:32:35 COLMAP[feature_extractor] I20260518 18:32:35.165449   130 feature_extraction.cc:280] Processed file [1491/1710]
2026-05-18T18:32:35 COLMAP[feature_extractor] I20260518 18:32:35.165508   130 feature_extraction.cc:283]   Name:            DJI_01491.JPG
2026-05-18T18:32:35 COLMAP[feature_extractor] I20260518 18:32:35.165520   130 feature_extraction.cc:292]   Dimensions:      4000 x 2250
2026-05-18T18:32:35 COLMAP[feature_extractor] I20260518 18:32:35.165530   130 feature_extraction.cc:295]   Camera:          #1 - SIMPLE_RADIAL
2026-05-18T18:32:35 COLMAP[feature_extractor] I20260518 18:32:35.165541   130 feature_extraction.cc:298]   Focal Length:    2545.54px (Prior)
2026-05-18T18:32:35 COLMAP[feature_extractor] I20260518 18:32:35.165557   130 feature_extraction.cc:302]   Features:        8271 (SIFT)
2026-05-18T18:32:36 COLMAP[feature_extractor] I20260518 18:32:35.455190   130 feature_extraction.cc:316]   GPS:             LAT=40.520, LON=-111.892, ALT=1502.299
2026-05-18T18:32:36 COLMAP[feature_extractor] I20260518 18:32:35.455245   130 feature_extraction.cc:323]   Gravity:         X=0.000, Y=1.000, Z=0.000
2026-05-18T18:32:37 COLMAP[feature_extractor] I20260518 18:32:36.193033   130 feature_extraction.cc:280] Processed file [1492/1710]
2026-05-18T18:32:37 COLMAP[feature_extractor] I20260518 18:32:36.193095   130 feature_extraction.cc:283]   Name:            DJI_01492.JPG
2026-05-18T18:32:37 COLMAP[feature_extractor] I20260518 18:32:36.193107   130 feature_extraction.cc:292]   Dimensions:      4000 x 2250
2026-05-18T18:32:37 COLMAP[feature_extractor] I20260518 18:32:36.193117   130 feature_extraction.cc:295]   Camera:          #1 - SIMPLE_RADIAL
2026-05-18T18:32:37 COLMAP[feature_extractor] I20260518 18:32:36.193130   130 feature_extraction.cc:298]   Focal Length:    2545.54px (Prior)
2026-05-18T18:32:37 COLMAP[feature_extractor] I20260518 18:32:36.193145   130 feature_extraction.cc:302]   Features:        12011 (SIFT)
2026-05-18T18:32:37 COLMAP[feature_extractor] I20260518 18:32:36.521804   130 feature_extraction.cc:316]   GPS:             LAT=40.520, LON=-111.892, ALT=1502.099
2026-05-18T18:32:37 COLMAP[feature_extractor] I20260518 18:32:36.521863   130 feature_extraction.cc:323]   Gravity:         X=0.000, Y=1.000, Z=0.000
2026-05-18T18:32:38 COLMAP[feature_extractor] I20260518 18:32:37.494365   130 feature_extraction.cc:280] Processed file [1493/1710]
2026-05-18T18:32:38 COLMAP[feature_extractor] I20260518 18:32:37.494426   130 feature_extraction.cc:283]   Name:            DJI_01493.JPG
2026-05-18T18:32:38 COLMAP[feature_extractor] I20260518 18:32:37.494438   130 feature_extraction.cc:292]   Dimensions:      4000 x 2250
2026-05-18T18:32:38 COLMAP[feature_extractor] I20260518 18:32:37.494449   130 feature_extraction.cc:295]   Camera:          #1 - SIMPLE_RADIAL
2026-05-18T18:32:38 COLMAP[feature_extractor] I20260518 18:32:37.494460   130 feature_extraction.cc:298]   Focal Length:    2545.54px (Prior)
2026-05-18T18:32:38 COLMAP[feature_extractor] I20260518 18:32:37.494477   130 feature_extraction.cc:302]   Features:        12037 (SIFT)
2026-05-18T18:32:38 COLMAP[feature_extractor] I20260518 18:32:37.741494   130 feature_extraction.cc:316]   GPS:             LAT=40.520, LON=-111.892, ALT=1501.799
2026-05-18T18:32:38 COLMAP[feature_extractor] I20260518 18:32:37.741559   130 feature_extraction.cc:323]   Gravity:         X=0.000, Y=1.000, Z=0.000
2026-05-18T18:32:39 COLMAP[feature_extractor] I20260518 18:32:38.875893   130 feature_extraction.cc:280] Processed file [1494/1710]
2026-05-18T18:32:39 COLMAP[feature_extractor] I20260518 18:32:38.875959   130 feature_extraction.cc:283]   Name:            DJI_01494.JPG
2026-05-18T18:32:39 COLMAP[feature_extractor] I20260518 18:32:38.875972   130 feature_extraction.cc:292]   Dimensions:      4000 x 2250
2026-05-18T18:32:39 COLMAP[feature_extractor] I20260518 18:32:38.875982   130 feature_extraction.cc:295]   Camera:          #1 - SIMPLE_RADIAL
2026-05-18T18:32:39 COLMAP[feature_extractor] I20260518 18:32:38.875994   130 feature_extraction.cc:298]   Focal Length:    2545.54px (Prior)
2026-05-18T18:32:39 COLMAP[feature_extractor] I20260518 18:32:38.876009   130 feature_extraction.cc:302]   Features:        12084 (SIFT)
2026-05-18T18:32:39 COLMAP[feature_extractor] I20260518 18:32:39.106124   130 feature_extraction.cc:316]   GPS:             LAT=40.520, LON=-111.893, ALT=1501.699
2026-05-18T18:32:39 COLMAP[feature_extractor] I20260518 18:32:39.106191   130 feature_extraction.cc:323]   Gravity:         X=0.000, Y=1.000, Z=0.000
2026-05-18T18:32:45 COLMAP[feature_extractor] I20260518 18:32:44.389911   130 feature_extraction.cc:280] Processed file [1495/1710]
2026-05-18T18:32:45 COLMAP[feature_extractor] I20260518 18:32:44.390002   130 feature_extraction.cc:283]   Name:            DJI_01495.JPG
2026-05-18T18:32:45 COLMAP[feature_extractor] I20260518 18:32:44.390017   130 feature_extraction.cc:292]   Dimensions:      4000 x 2250
2026-05-18T18:32:45 COLMAP[feature_extractor] I20260518 18:32:44.390027   130 feature_extraction.cc:295]   Camera:          #1 - SIMPLE_RADIAL
2026-05-18T18:32:45 COLMAP[feature_extractor] I20260518 18:32:44.390038   130 feature_extraction.cc:298]   Focal Length:    2545.54px (Prior)
2026-05-18T18:32:45 COLMAP[feature_extractor] I20260518 18:32:44.390054   130 feature_extraction.cc:302]   Features:        8393 (SIFT)
2026-05-18T18:32:45 COLMAP[feature_extractor] I20260518 18:32:44.732769   130 feature_extraction.cc:316]   GPS:             LAT=40.520, LON=-111.893, ALT=1501.499
2026-05-18T18:32:45 COLMAP[feature_extractor] I20260518 18:32:44.732831   130 feature_extraction.cc:323]   Gravity:         X=0.000, Y=1.000, Z=0.000
2026-05-18T18:32:46 COLMAP[feature_extractor] I20260518 18:32:45.407677   130 feature_extraction.cc:280] Processed file [1496/1710]
2026-05-18T18:32:46 COLMAP[feature_extractor] I20260518 18:32:45.407732   130 feature_extraction.cc:283]   Name:            DJI_01496.JPG
2026-05-18T18:32:46 COLMAP[feature_extractor] I20260518 18:32:45.407743   130 feature_extraction.cc:292]   Dimensions:      4000 x 2250
2026-05-18T18:32:46 COLMAP[feature_extractor] I20260518 18:32:45.407754   130 feature_extraction.cc:295]   Camera:          #1 - SIMPLE_RADIAL
2026-05-18T18:32:46 COLMAP[feature_extractor] I20260518 18:32:45.407765   130 feature_extraction.cc:298]   Focal Length:    2545.54px (Prior)
2026-05-18T18:32:46 COLMAP[feature_extractor] I20260518 18:32:45.407781   130 feature_extraction.cc:302]   Features:        8738 (SIFT)
2026-05-18T18:32:46 COLMAP[feature_extractor] I20260518 18:32:45.588619   130 feature_extraction.cc:316]   GPS:             LAT=40.520, LON=-111.893, ALT=1501.499
2026-05-18T18:32:46 COLMAP[feature_extractor] I20260518 18:32:45.588670   130 feature_extraction.cc:323]   Gravity:         X=0.000, Y=1.000, Z=0.000
2026-05-18T18:32:47 COLMAP[feature_extractor] I20260518 18:32:46.642799   130 feature_extraction.cc:280] Processed file [1497/1710]
2026-05-18T18:32:47 COLMAP[feature_extractor] I20260518 18:32:46.642858   130 feature_extraction.cc:283]   Name:            DJI_01497.JPG
2026-05-18T18:32:47 COLMAP[feature_extractor] I20260518 18:32:46.642869   130 feature_extraction.cc:292]   Dimensions:      4000 x 2250
2026-05-18T18:32:47 COLMAP[feature_extractor] I20260518 18:32:46.642880   130 feature_extraction.cc:295]   Camera:          #1 - SIMPLE_RADIAL
2026-05-18T18:32:47 COLMAP[feature_extractor] I20260518 18:32:46.642891   130 feature_extraction.cc:298]   Focal Length:    2545.54px (Prior)
2026-05-18T18:32:47 COLMAP[feature_extractor] I20260518 18:32:46.642906   130 feature_extraction.cc:302]   Features:        8929 (SIFT)
2026-05-18T18:32:47 COLMAP[feature_extractor] I20260518 18:32:46.882611   130 feature_extraction.cc:316]   GPS:             LAT=40.520, LON=-111.893, ALT=1501.199
2026-05-18T18:32:47 COLMAP[feature_extractor] I20260518 18:32:46.882668   130 feature_extraction.cc:323]   Gravity:         X=0.000, Y=1.000, Z=0.000
2026-05-18T18:32:48 COLMAP[feature_extractor] I20260518 18:32:48.071085   130 feature_extraction.cc:280] Processed file [1498/1710]
2026-05-18T18:32:48 COLMAP[feature_extractor] I20260518 18:32:48.071152   130 feature_extraction.cc:283]   Name:            DJI_01498.JPG
2026-05-18T18:32:48 COLMAP[feature_extractor] I20260518 18:32:48.071166   130 feature_extraction.cc:292]   Dimensions:      4000 x 2250
2026-05-18T18:32:48 COLMAP[feature_extractor] I20260518 18:32:48.071177   130 feature_extraction.cc:295]   Camera:          #1 - SIMPLE_RADIAL
2026-05-18T18:32:48 COLMAP[feature_extractor] I20260518 18:32:48.071187   130 feature_extraction.cc:298]   Focal Length:    2545.54px (Prior)
2026-05-18T18:32:48 COLMAP[feature_extractor] I20260518 18:32:48.071203   130 feature_extraction.cc:302]   Features:        9195 (SIFT)
2026-05-18T18:32:49 COLMAP[feature_extractor] I20260518 18:32:48.374658   130 feature_extraction.cc:316]   GPS:             LAT=40.520, LON=-111.894, ALT=1501.199
2026-05-18T18:32:49 COLMAP[feature_extractor] I20260518 18:32:48.374717   130 feature_extraction.cc:323]   Gravity:         X=0.000, Y=1.000, Z=0.000
2026-05-18T18:32:54 COLMAP[feature_extractor] I20260518 18:32:53.707355   130 feature_extraction.cc:280] Processed file [1499/1710]
2026-05-18T18:32:54 COLMAP[feature_extractor] I20260518 18:32:53.707417   130 feature_extraction.cc:283]   Name:            DJI_01499.JPG
2026-05-18T18:32:54 COLMAP[feature_extractor] I20260518 18:32:53.707430   130 feature_extraction.cc:292]   Dimensions:      4000 x 2250
2026-05-18T18:32:54 COLMAP[feature_extractor] I20260518 18:32:53.707441   130 feature_extraction.cc:295]   Camera:          #1 - SIMPLE_RADIAL
2026-05-18T18:32:54 COLMAP[feature_extractor] I20260518 18:32:53.707453   130 feature_extraction.cc:298]   Focal Length:    2545.54px (Prior)
2026-05-18T18:32:54 COLMAP[feature_extractor] I20260518 18:32:53.707468   130 feature_extraction.cc:302]   Features:        9217 (SIFT)
2026-05-18T18:32:54 COLMAP[feature_extractor] I20260518 18:32:54.090613   130 feature_extraction.cc:316]   GPS:             LAT=40.520, LON=-111.894, ALT=1500.899
2026-05-18T18:32:54 COLMAP[feature_extractor] I20260518 18:32:54.090672   130 feature_extraction.cc:323]   Gravity:         X=0.000, Y=1.000, Z=0.000
2026-05-18T18:32:55 COLMAP[feature_extractor] I20260518 18:32:54.739281   130 feature_extraction.cc:280] Processed file [1500/1710]
2026-05-18T18:32:55 COLMAP[feature_extractor] I20260518 18:32:54.739338   130 feature_extraction.cc:283]   Name:            DJI_01500.JPG
2026-05-18T18:32:55 COLMAP[feature_extractor] I20260518 18:32:54.739351   130 feature_extraction.cc:292]   Dimensions:      4000 x 2250
2026-05-18T18:32:55 COLMAP[feature_extractor] I20260518 18:32:54.739362   130 feature_extraction.cc:295]   Camera:          #1 - SIMPLE_RADIAL
2026-05-18T18:32:55 COLMAP[feature_extractor] I20260518 18:32:54.739401   130 feature_extraction.cc:298]   Focal Length:    2545.54px (Prior)
2026-05-18T18:32:55 COLMAP[feature_extractor] I20260518 18:32:54.739418   130 feature_extraction.cc:302]   Features:        9402 (SIFT)
2026-05-18T18:32:55 COLMAP[feature_extractor] I20260518 18:32:54.975694   130 feature_extraction.cc:316]   GPS:             LAT=40.520, LON=-111.894, ALT=1500.899
2026-05-18T18:32:55 COLMAP[feature_extractor] I20260518 18:32:54.975761   130 feature_extraction.cc:323]   Gravity:         X=0.000, Y=1.000, Z=0.000
2026-05-18T18:32:56 COLMAP[feature_extractor] I20260518 18:32:55.886068   130 feature_extraction.cc:280] Processed file [1501/1710]
2026-05-18T18:32:56 COLMAP[feature_extractor] I20260518 18:32:55.886132   130 feature_extraction.cc:283]   Name:            DJI_01501.JPG
2026-05-18T18:32:56 COLMAP[feature_extractor] I20260518 18:32:55.886143   130 feature_extraction.cc:292]   Dimensions:      4000 x 2250
2026-05-18T18:32:56 COLMAP[feature_extractor] I20260518 18:32:55.886154   130 feature_extraction.cc:295]   Camera:          #1 - SIMPLE_RADIAL
2026-05-18T18:32:56 COLMAP[feature_extractor] I20260518 18:32:55.886165   130 feature_extraction.cc:298]   Focal Length:    2545.54px (Prior)
2026-05-18T18:32:56 COLMAP[feature_extractor] I20260518 18:32:55.886180   130 feature_extraction.cc:302]   Features:        9417 (SIFT)
2026-05-18T18:32:57 COLMAP[feature_extractor] I20260518 18:32:56.246987   130 feature_extraction.cc:316]   GPS:             LAT=40.520, LON=-111.894, ALT=1500.499
2026-05-18T18:32:57 COLMAP[feature_extractor] I20260518 18:32:56.247051   130 feature_extraction.cc:323]   Gravity:         X=0.000, Y=1.000, Z=0.000
2026-05-18T18:32:58 COLMAP[feature_extractor] I20260518 18:32:57.395313   130 feature_extraction.cc:280] Processed file [1502/1710]
2026-05-18T18:32:58 COLMAP[feature_extractor] I20260518 18:32:57.395376   130 feature_extraction.cc:283]   Name:            DJI_01502.JPG
2026-05-18T18:32:58 COLMAP[feature_extractor] I20260518 18:32:57.395388   130 feature_extraction.cc:292]   Dimensions:      4000 x 2250
2026-05-18T18:32:58 COLMAP[feature_extractor] I20260518 18:32:57.395399   130 feature_extraction.cc:295]   Camera:          #1 - SIMPLE_RADIAL
2026-05-18T18:32:58 COLMAP[feature_extractor] I20260518 18:32:57.395411   130 feature_extraction.cc:298]   Focal Length:    2545.54px (Prior)
2026-05-18T18:32:58 COLMAP[feature_extractor] I20260518 18:32:57.395426   130 feature_extraction.cc:302]   Features:        9456 (SIFT)
2026-05-18T18:32:58 COLMAP[feature_extractor] I20260518 18:32:57.631484   130 feature_extraction.cc:316]   GPS:             LAT=40.520, LON=-111.894, ALT=1500.799
2026-05-18T18:32:58 COLMAP[feature_extractor] I20260518 18:32:57.631546   130 feature_extraction.cc:323]   Gravity:         X=0.000, Y=1.000, Z=0.000
2026-05-18T18:33:03 COLMAP[feature_extractor] I20260518 18:33:02.961057   130 feature_extraction.cc:280] Processed file [1503/1710]
2026-05-18T18:33:03 COLMAP[feature_extractor] I20260518 18:33:02.961119   130 feature_extraction.cc:283]   Name:            DJI_01503.JPG
2026-05-18T18:33:03 COLMAP[feature_extractor] I20260518 18:33:02.961131   130 feature_extraction.cc:292]   Dimensions:      4000 x 2250
2026-05-18T18:33:03 COLMAP[feature_extractor] I20260518 18:33:02.961143   130 feature_extraction.cc:295]   Camera:          #1 - SIMPLE_RADIAL
2026-05-18T18:33:03 COLMAP[feature_extractor] I20260518 18:33:02.961154   130 feature_extraction.cc:298]   Focal Length:    2545.54px (Prior)
2026-05-18T18:33:03 COLMAP[feature_extractor] I20260518 18:33:02.961171   130 feature_extraction.cc:302]   Features:        9713 (SIFT)
2026-05-18T18:33:04 COLMAP[feature_extractor] I20260518 18:33:03.271790   130 feature_extraction.cc:316]   GPS:             LAT=40.521, LON=-111.895, ALT=1499.999
2026-05-18T18:33:04 COLMAP[feature_extractor] I20260518 18:33:03.271859   130 feature_extraction.cc:323]   Gravity:         X=0.000, Y=1.000, Z=0.000
2026-05-18T18:33:04 COLMAP[feature_extractor] I20260518 18:33:04.136653   130 feature_extraction.cc:280] Processed file [1504/1710]
2026-05-18T18:33:04 COLMAP[feature_extractor] I20260518 18:33:04.136715   130 feature_extraction.cc:283]   Name:            DJI_01504.JPG
2026-05-18T18:33:04 COLMAP[feature_extractor] I20260518 18:33:04.136727   130 feature_extraction.cc:292]   Dimensions:      4000 x 2250
2026-05-18T18:33:04 COLMAP[feature_extractor] I20260518 18:33:04.136739   130 feature_extraction.cc:295]   Camera:          #1 - SIMPLE_RADIAL
2026-05-18T18:33:04 COLMAP[feature_extractor] I20260518 18:33:04.136750   130 feature_extraction.cc:298]   Focal Length:    2545.54px (Prior)
2026-05-18T18:33:04 COLMAP[feature_extractor] I20260518 18:33:04.136765   130 feature_extraction.cc:302]   Features:        9769 (SIFT)
2026-05-18T18:33:05 COLMAP[feature_extractor] I20260518 18:33:04.387116   130 feature_extraction.cc:316]   GPS:             LAT=40.521, LON=-111.895, ALT=1500.299
2026-05-18T18:33:05 COLMAP[feature_extractor] I20260518 18:33:04.387176   130 feature_extraction.cc:323]   Gravity:         X=0.000, Y=1.000, Z=0.000
2026-05-18T18:33:06 COLMAP[feature_extractor] I20260518 18:33:05.298671   130 feature_extraction.cc:280] Processed file [1505/1710]
2026-05-18T18:33:06 COLMAP[feature_extractor] I20260518 18:33:05.298732   130 feature_extraction.cc:283]   Name:            DJI_01505.JPG
2026-05-18T18:33:06 COLMAP[feature_extractor] I20260518 18:33:05.298743   130 feature_extraction.cc:292]   Dimensions:      4000 x 2250
2026-05-18T18:33:06 COLMAP[feature_extractor] I20260518 18:33:05.298753   130 feature_extraction.cc:295]   Camera:          #1 - SIMPLE_RADIAL
2026-05-18T18:33:06 COLMAP[feature_extractor] I20260518 18:33:05.298764   130 feature_extraction.cc:298]   Focal Length:    2545.54px (Prior)
2026-05-18T18:33:06 COLMAP[feature_extractor] I20260518 18:33:05.298780   130 feature_extraction.cc:302]   Features:        9885 (SIFT)
2026-05-18T18:33:06 COLMAP[feature_extractor] I20260518 18:33:05.494674   130 feature_extraction.cc:316]   GPS:             LAT=40.521, LON=-111.895, ALT=1499.899
2026-05-18T18:33:06 COLMAP[feature_extractor] I20260518 18:33:05.494763   130 feature_extraction.cc:323]   Gravity:         X=0.000, Y=1.000, Z=0.000
2026-05-18T18:33:07 COLMAP[feature_extractor] I20260518 18:33:06.737231   130 feature_extraction.cc:280] Processed file [1506/1710]
2026-05-18T18:33:07 COLMAP[feature_extractor] I20260518 18:33:06.737291   130 feature_extraction.cc:283]   Name:            DJI_01506.JPG
2026-05-18T18:33:07 COLMAP[feature_extractor] I20260518 18:33:06.737303   130 feature_extraction.cc:292]   Dimensions:      4000 x 2250
2026-05-18T18:33:07 COLMAP[feature_extractor] I20260518 18:33:06.737313   130 feature_extraction.cc:295]   Camera:          #1 - SIMPLE_RADIAL
2026-05-18T18:33:07 COLMAP[feature_extractor] I20260518 18:33:06.737324   130 feature_extraction.cc:298]   Focal Length:    2545.54px (Prior)
2026-05-18T18:33:07 COLMAP[feature_extractor] I20260518 18:33:06.737340   130 feature_extraction.cc:302]   Features:        9789 (SIFT)
2026-05-18T18:33:07 COLMAP[feature_extractor] I20260518 18:33:06.945283   130 feature_extraction.cc:316]   GPS:             LAT=40.521, LON=-111.895, ALT=1500.399
2026-05-18T18:33:07 COLMAP[feature_extractor] I20260518 18:33:06.945339   130 feature_extraction.cc:323]   Gravity:         X=0.000, Y=1.000, Z=0.000
2026-05-18T18:33:12 COLMAP[feature_extractor] I20260518 18:33:12.180282   130 feature_extraction.cc:280] Processed file [1507/1710]
2026-05-18T18:33:12 COLMAP[feature_extractor] I20260518 18:33:12.180342   130 feature_extraction.cc:283]   Name:            DJI_01507.JPG
2026-05-18T18:33:12 COLMAP[feature_extractor] I20260518 18:33:12.180356   130 feature_extraction.cc:292]   Dimensions:      4000 x 2250
2026-05-18T18:33:12 COLMAP[feature_extractor] I20260518 18:33:12.180365   130 feature_extraction.cc:295]   Camera:          #1 - SIMPLE_RADIAL
2026-05-18T18:33:12 COLMAP[feature_extractor] I20260518 18:33:12.180377   130 feature_extraction.cc:298]   Focal Length:    2545.54px (Prior)
2026-05-18T18:33:12 COLMAP[feature_extractor] I20260518 18:33:12.180393   130 feature_extraction.cc:302]   Features:        9702 (SIFT)
2026-05-18T18:33:13 COLMAP[feature_extractor] I20260518 18:33:12.400935   130 feature_extraction.cc:316]   GPS:             LAT=40.521, LON=-111.895, ALT=1500.099
2026-05-18T18:33:13 COLMAP[feature_extractor] I20260518 18:33:12.401001   130 feature_extraction.cc:323]   Gravity:         X=0.000, Y=1.000, Z=0.000
2026-05-18T18:33:14 COLMAP[feature_extractor] I20260518 18:33:13.243113   130 feature_extraction.cc:280] Processed file [1508/1710]
2026-05-18T18:33:14 COLMAP[feature_extractor] I20260518 18:33:13.243178   130 feature_extraction.cc:283]   Name:            DJI_01508.JPG
2026-05-18T18:33:14 COLMAP[feature_extractor] I20260518 18:33:13.243191   130 feature_extraction.cc:292]   Dimensions:      4000 x 2250
2026-05-18T18:33:14 COLMAP[feature_extractor] I20260518 18:33:13.243201   130 feature_extraction.cc:295]   Camera:          #1 - SIMPLE_RADIAL
2026-05-18T18:33:14 COLMAP[feature_extractor] I20260518 18:33:13.243212   130 feature_extraction.cc:298]   Focal Length:    2545.54px (Prior)
2026-05-18T18:33:14 COLMAP[feature_extractor] I20260518 18:33:13.243228   130 feature_extraction.cc:302]   Features:        9769 (SIFT)
2026-05-18T18:33:14 COLMAP[feature_extractor] I20260518 18:33:13.468209   130 feature_extraction.cc:316]   GPS:             LAT=40.521, LON=-111.895, ALT=1500.199
2026-05-18T18:33:14 COLMAP[feature_extractor] I20260518 18:33:13.468271   130 feature_extraction.cc:323]   Gravity:         X=0.000, Y=1.000, Z=0.000
2026-05-18T18:33:15 COLMAP[feature_extractor] I20260518 18:33:14.540810   130 feature_extraction.cc:280] Processed file [1509/1710]
2026-05-18T18:33:15 COLMAP[feature_extractor] I20260518 18:33:14.540910   130 feature_extraction.cc:283]   Name:            DJI_01509.JPG
2026-05-18T18:33:15 COLMAP[feature_extractor] I20260518 18:33:14.540923   130 feature_extraction.cc:292]   Dimensions:      4000 x 2250
2026-05-18T18:33:15 COLMAP[feature_extractor] I20260518 18:33:14.540934   130 feature_extraction.cc:295]   Camera:          #1 - SIMPLE_RADIAL
2026-05-18T18:33:15 COLMAP[feature_extractor] I20260518 18:33:14.540946   130 feature_extraction.cc:298]   Focal Length:    2545.54px (Prior)
2026-05-18T18:33:15 COLMAP[feature_extractor] I20260518 18:33:14.540961   130 feature_extraction.cc:302]   Features:        9701 (SIFT)
2026-05-18T18:33:15 COLMAP[feature_extractor] I20260518 18:33:14.801853   130 feature_extraction.cc:316]   GPS:             LAT=40.521, LON=-111.895, ALT=1499.899
2026-05-18T18:33:15 COLMAP[feature_extractor] I20260518 18:33:14.801913   130 feature_extraction.cc:323]   Gravity:         X=0.000, Y=1.000, Z=0.000
2026-05-18T18:33:16 COLMAP[feature_extractor] I20260518 18:33:16.077009   130 feature_extraction.cc:280] Processed file [1510/1710]
2026-05-18T18:33:16 COLMAP[feature_extractor] I20260518 18:33:16.077069   130 feature_extraction.cc:283]   Name:            DJI_01510.JPG
2026-05-18T18:33:16 COLMAP[feature_extractor] I20260518 18:33:16.077081   130 feature_extraction.cc:292]   Dimensions:      4000 x 2250
2026-05-18T18:33:16 COLMAP[feature_extractor] I20260518 18:33:16.077092   130 feature_extraction.cc:295]   Camera:          #1 - SIMPLE_RADIAL
2026-05-18T18:33:16 COLMAP[feature_extractor] I20260518 18:33:16.077103   130 feature_extraction.cc:298]   Focal Length:    2545.54px (Prior)
2026-05-18T18:33:16 COLMAP[feature_extractor] I20260518 18:33:16.077119   130 feature_extraction.cc:302]   Features:        9832 (SIFT)
2026-05-18T18:33:17 COLMAP[feature_extractor] I20260518 18:33:16.264025   130 feature_extraction.cc:316]   GPS:             LAT=40.521, LON=-111.895, ALT=1499.999
2026-05-18T18:33:17 COLMAP[feature_extractor] I20260518 18:33:16.264079   130 feature_extraction.cc:323]   Gravity:         X=0.000, Y=1.000, Z=0.000
2026-05-18T18:33:22 COLMAP[feature_extractor] I20260518 18:33:21.435266   130 feature_extraction.cc:280] Processed file [1511/1710]
2026-05-18T18:33:22 COLMAP[feature_extractor] I20260518 18:33:21.435321   130 feature_extraction.cc:283]   Name:            DJI_01511.JPG
2026-05-18T18:33:22 COLMAP[feature_extractor] I20260518 18:33:21.435333   130 feature_extraction.cc:292]   Dimensions:      4000 x 2250
2026-05-18T18:33:22 COLMAP[feature_extractor] I20260518 18:33:21.435344   130 feature_extraction.cc:295]   Camera:          #1 - SIMPLE_RADIAL
2026-05-18T18:33:22 COLMAP[feature_extractor] I20260518 18:33:21.435355   130 feature_extraction.cc:298]   Focal Length:    2545.54px (Prior)
2026-05-18T18:33:22 COLMAP[feature_extractor] I20260518 18:33:21.435371   130 feature_extraction.cc:302]   Features:        9876 (SIFT)
2026-05-18T18:33:22 COLMAP[feature_extractor] I20260518 18:33:21.659024   130 feature_extraction.cc:316]   GPS:             LAT=40.521, LON=-111.895, ALT=1499.999
2026-05-18T18:33:22 COLMAP[feature_extractor] I20260518 18:33:21.659085   130 feature_extraction.cc:323]   Gravity:         X=0.000, Y=1.000, Z=0.000
2026-05-18T18:33:23 COLMAP[feature_extractor] I20260518 18:33:22.516453   130 feature_extraction.cc:280] Processed file [1512/1710]
2026-05-18T18:33:23 COLMAP[feature_extractor] I20260518 18:33:22.516512   130 feature_extraction.cc:283]   Name:            DJI_01512.JPG
2026-05-18T18:33:23 COLMAP[feature_extractor] I20260518 18:33:22.516525   130 feature_extraction.cc:292]   Dimensions:      4000 x 2250
2026-05-18T18:33:23 COLMAP[feature_extractor] I20260518 18:33:22.516534   130 feature_extraction.cc:295]   Camera:          #1 - SIMPLE_RADIAL
2026-05-18T18:33:23 COLMAP[feature_extractor] I20260518 18:33:22.516543   130 feature_extraction.cc:298]   Focal Length:    2545.54px (Prior)
2026-05-18T18:33:23 COLMAP[feature_extractor] I20260518 18:33:22.516558   130 feature_extraction.cc:302]   Features:        9648 (SIFT)
2026-05-18T18:33:23 COLMAP[feature_extractor] I20260518 18:33:22.881870   130 feature_extraction.cc:316]   GPS:             LAT=40.521, LON=-111.895, ALT=1500.399
2026-05-18T18:33:23 COLMAP[feature_extractor] I20260518 18:33:22.881918   130 feature_extraction.cc:323]   Gravity:         X=0.000, Y=1.000, Z=0.000
2026-05-18T18:33:24 COLMAP[feature_extractor] I20260518 18:33:23.805577   130 feature_extraction.cc:280] Processed file [1513/1710]
2026-05-18T18:33:24 COLMAP[feature_extractor] I20260518 18:33:23.805637   130 feature_extraction.cc:283]   Name:            DJI_01513.JPG
2026-05-18T18:33:24 COLMAP[feature_extractor] I20260518 18:33:23.805649   130 feature_extraction.cc:292]   Dimensions:      4000 x 2250
2026-05-18T18:33:24 COLMAP[feature_extractor] I20260518 18:33:23.805660   130 feature_extraction.cc:295]   Camera:          #1 - SIMPLE_RADIAL
2026-05-18T18:33:24 COLMAP[feature_extractor] I20260518 18:33:23.805671   130 feature_extraction.cc:298]   Focal Length:    2545.54px (Prior)
2026-05-18T18:33:24 COLMAP[feature_extractor] I20260518 18:33:23.805706   130 feature_extraction.cc:302]   Features:        8515 (SIFT)
2026-05-18T18:33:24 COLMAP[feature_extractor] I20260518 18:33:24.003151   130 feature_extraction.cc:316]   GPS:             LAT=40.521, LON=-111.894, ALT=1500.399
2026-05-18T18:33:24 COLMAP[feature_extractor] I20260518 18:33:24.003211   130 feature_extraction.cc:323]   Gravity:         X=0.000, Y=1.000, Z=0.000
2026-05-18T18:33:26 COLMAP[feature_extractor] I20260518 18:33:25.294909   130 feature_extraction.cc:280] Processed file [1514/1710]
2026-05-18T18:33:26 COLMAP[feature_extractor] I20260518 18:33:25.294970   130 feature_extraction.cc:283]   Name:            DJI_01514.JPG
2026-05-18T18:33:26 COLMAP[feature_extractor] I20260518 18:33:25.294981   130 feature_extraction.cc:292]   Dimensions:      4000 x 2250
2026-05-18T18:33:26 COLMAP[feature_extractor] I20260518 18:33:25.294992   130 feature_extraction.cc:295]   Camera:          #1 - SIMPLE_RADIAL
2026-05-18T18:33:26 COLMAP[feature_extractor] I20260518 18:33:25.295035   130 feature_extraction.cc:298]   Focal Length:    2545.54px (Prior)
2026-05-18T18:33:26 COLMAP[feature_extractor] I20260518 18:33:25.295051   130 feature_extraction.cc:302]   Features:        8582 (SIFT)
2026-05-18T18:33:26 COLMAP[feature_extractor] I20260518 18:33:25.657574   130 feature_extraction.cc:316]   GPS:             LAT=40.520, LON=-111.894, ALT=1500.699
2026-05-18T18:33:26 COLMAP[feature_extractor] I20260518 18:33:25.657639   130 feature_extraction.cc:323]   Gravity:         X=0.000, Y=1.000, Z=0.000
2026-05-18T18:33:31 COLMAP[feature_extractor] I20260518 18:33:30.916754   130 feature_extraction.cc:280] Processed file [1515/1710]
2026-05-18T18:33:31 COLMAP[feature_extractor] I20260518 18:33:30.916815   130 feature_extraction.cc:283]   Name:            DJI_01515.JPG
2026-05-18T18:33:31 COLMAP[feature_extractor] I20260518 18:33:30.916827   130 feature_extraction.cc:292]   Dimensions:      4000 x 2250
2026-05-18T18:33:31 COLMAP[feature_extractor] I20260518 18:33:30.916837   130 feature_extraction.cc:295]   Camera:          #1 - SIMPLE_RADIAL
2026-05-18T18:33:31 COLMAP[feature_extractor] I20260518 18:33:30.916849   130 feature_extraction.cc:298]   Focal Length:    2545.54px (Prior)
2026-05-18T18:33:31 COLMAP[feature_extractor] I20260518 18:33:30.916865   130 feature_extraction.cc:302]   Features:        8632 (SIFT)
2026-05-18T18:33:31 COLMAP[feature_extractor] I20260518 18:33:31.169030   130 feature_extraction.cc:316]   GPS:             LAT=40.520, LON=-111.894, ALT=1500.699
2026-05-18T18:33:31 COLMAP[feature_extractor] I20260518 18:33:31.169090   130 feature_extraction.cc:323]   Gravity:         X=0.000, Y=1.000, Z=0.000
2026-05-18T18:33:32 COLMAP[feature_extractor] I20260518 18:33:31.762197   130 feature_extraction.cc:280] Processed file [1516/1710]
2026-05-18T18:33:32 COLMAP[feature_extractor] I20260518 18:33:31.762259   130 feature_extraction.cc:283]   Name:            DJI_01516.JPG
2026-05-18T18:33:32 COLMAP[feature_extractor] I20260518 18:33:31.762271   130 feature_extraction.cc:292]   Dimensions:      4000 x 2250
2026-05-18T18:33:32 COLMAP[feature_extractor] I20260518 18:33:31.762282   130 feature_extraction.cc:295]   Camera:          #1 - SIMPLE_RADIAL
2026-05-18T18:33:32 COLMAP[feature_extractor] I20260518 18:33:31.762293   130 feature_extraction.cc:298]   Focal Length:    2545.54px (Prior)
2026-05-18T18:33:32 COLMAP[feature_extractor] I20260518 18:33:31.762310   130 feature_extraction.cc:302]   Features:        8668 (SIFT)
2026-05-18T18:33:32 COLMAP[feature_extractor] I20260518 18:33:31.964287   130 feature_extraction.cc:316]   GPS:             LAT=40.520, LON=-111.893, ALT=1500.899
2026-05-18T18:33:32 COLMAP[feature_extractor] I20260518 18:33:31.964349   130 feature_extraction.cc:323]   Gravity:         X=0.000, Y=1.000, Z=0.000
2026-05-18T18:33:33 COLMAP[feature_extractor] I20260518 18:33:32.889161   130 feature_extraction.cc:280] Processed file [1517/1710]
2026-05-18T18:33:33 COLMAP[feature_extractor] I20260518 18:33:32.889219   130 feature_extraction.cc:283]   Name:            DJI_01517.JPG
2026-05-18T18:33:33 COLMAP[feature_extractor] I20260518 18:33:32.889233   130 feature_extraction.cc:292]   Dimensions:      4000 x 2250
2026-05-18T18:33:33 COLMAP[feature_extractor] I20260518 18:33:32.889245   130 feature_extraction.cc:295]   Camera:          #1 - SIMPLE_RADIAL
2026-05-18T18:33:33 COLMAP[feature_extractor] I20260518 18:33:32.889258   130 feature_extraction.cc:298]   Focal Length:    2545.54px (Prior)
2026-05-18T18:33:33 COLMAP[feature_extractor] I20260518 18:33:32.889276   130 feature_extraction.cc:302]   Features:        8790 (SIFT)
2026-05-18T18:33:33 COLMAP[feature_extractor] I20260518 18:33:33.182197   130 feature_extraction.cc:316]   GPS:             LAT=40.520, LON=-111.893, ALT=1500.999
2026-05-18T18:33:33 COLMAP[feature_extractor] I20260518 18:33:33.182264   130 feature_extraction.cc:323]   Gravity:         X=0.000, Y=1.000, Z=0.000
2026-05-18T18:33:35 COLMAP[feature_extractor] I20260518 18:33:34.753834   130 feature_extraction.cc:280] Processed file [1518/1710]
2026-05-18T18:33:35 COLMAP[feature_extractor] I20260518 18:33:34.753894   130 feature_extraction.cc:283]   Name:            DJI_01518.JPG
2026-05-18T18:33:35 COLMAP[feature_extractor] I20260518 18:33:34.753906   130 feature_extraction.cc:292]   Dimensions:      4000 x 2250
2026-05-18T18:33:35 COLMAP[feature_extractor] I20260518 18:33:34.753917   130 feature_extraction.cc:295]   Camera:          #1 - SIMPLE_RADIAL
2026-05-18T18:33:35 COLMAP[feature_extractor] I20260518 18:33:34.753928   130 feature_extraction.cc:298]   Focal Length:    2545.54px (Prior)
2026-05-18T18:33:35 COLMAP[feature_extractor] I20260518 18:33:34.753944   130 feature_extraction.cc:302]   Features:        8690 (SIFT)
2026-05-18T18:33:35 COLMAP[feature_extractor] I20260518 18:33:35.023305   130 feature_extraction.cc:316]   GPS:             LAT=40.520, LON=-111.893, ALT=1501.099
2026-05-18T18:33:35 COLMAP[feature_extractor] I20260518 18:33:35.023375   130 feature_extraction.cc:323]   Gravity:         X=0.000, Y=1.000, Z=0.000
2026-05-18T18:33:41 COLMAP[feature_extractor] I20260518 18:33:40.780055   130 feature_extraction.cc:280] Processed file [1519/1710]
2026-05-18T18:33:41 COLMAP[feature_extractor] I20260518 18:33:40.780108   130 feature_extraction.cc:283]   Name:            DJI_01520.JPG
2026-05-18T18:33:41 COLMAP[feature_extractor] I20260518 18:33:40.780120   130 feature_extraction.cc:292]   Dimensions:      4000 x 2250
2026-05-18T18:33:41 COLMAP[feature_extractor] I20260518 18:33:40.780131   130 feature_extraction.cc:295]   Camera:          #1 - SIMPLE_RADIAL
2026-05-18T18:33:41 COLMAP[feature_extractor] I20260518 18:33:40.780143   130 feature_extraction.cc:298]   Focal Length:    2545.54px (Prior)
2026-05-18T18:33:41 COLMAP[feature_extractor] I20260518 18:33:40.780158   130 feature_extraction.cc:302]   Features:        9019 (SIFT)
2026-05-18T18:33:41 COLMAP[feature_extractor] I20260518 18:33:41.014454   130 feature_extraction.cc:316]   GPS:             LAT=40.520, LON=-111.892, ALT=1501.699
2026-05-18T18:33:41 COLMAP[feature_extractor] I20260518 18:33:41.014551   130 feature_extraction.cc:323]   Gravity:         X=0.000, Y=1.000, Z=0.000
2026-05-18T18:33:41 COLMAP[feature_extractor] I20260518 18:33:41.094822   130 feature_extraction.cc:280] Processed file [1520/1710]
2026-05-18T18:33:41 COLMAP[feature_extractor] I20260518 18:33:41.094882   130 feature_extraction.cc:283]   Name:            DJI_01519.JPG
2026-05-18T18:33:41 COLMAP[feature_extractor] I20260518 18:33:41.094893   130 feature_extraction.cc:292]   Dimensions:      4000 x 2250
2026-05-18T18:33:41 COLMAP[feature_extractor] I20260518 18:33:41.094903   130 feature_extraction.cc:295]   Camera:          #1 - SIMPLE_RADIAL
2026-05-18T18:33:41 COLMAP[feature_extractor] I20260518 18:33:41.094915   130 feature_extraction.cc:298]   Focal Length:    2545.54px (Prior)
2026-05-18T18:33:41 COLMAP[feature_extractor] I20260518 18:33:41.094930   130 feature_extraction.cc:302]   Features:        8958 (SIFT)
2026-05-18T18:33:42 COLMAP[feature_extractor] I20260518 18:33:41.321617   130 feature_extraction.cc:316]   GPS:             LAT=40.520, LON=-111.893, ALT=1501.799
2026-05-18T18:33:42 COLMAP[feature_extractor] I20260518 18:33:41.321676   130 feature_extraction.cc:323]   Gravity:         X=0.000, Y=1.000, Z=0.000
2026-05-18T18:33:43 COLMAP[feature_extractor] I20260518 18:33:42.981700   130 feature_extraction.cc:280] Processed file [1521/1710]
2026-05-18T18:33:43 COLMAP[feature_extractor] I20260518 18:33:42.981763   130 feature_extraction.cc:283]   Name:            DJI_01521.JPG
2026-05-18T18:33:43 COLMAP[feature_extractor] I20260518 18:33:42.981775   130 feature_extraction.cc:292]   Dimensions:      4000 x 2250
2026-05-18T18:33:43 COLMAP[feature_extractor] I20260518 18:33:42.981786   130 feature_extraction.cc:295]   Camera:          #1 - SIMPLE_RADIAL
2026-05-18T18:33:43 COLMAP[feature_extractor] I20260518 18:33:42.981797   130 feature_extraction.cc:298]   Focal Length:    2545.54px (Prior)
2026-05-18T18:33:43 COLMAP[feature_extractor] I20260518 18:33:42.981814   130 feature_extraction.cc:302]   Features:        8617 (SIFT)
2026-05-18T18:33:44 COLMAP[feature_extractor] I20260518 18:33:43.234863   130 feature_extraction.cc:316]   GPS:             LAT=40.520, LON=-111.892, ALT=1501.899
2026-05-18T18:33:44 COLMAP[feature_extractor] I20260518 18:33:43.234925   130 feature_extraction.cc:323]   Gravity:         X=0.000, Y=1.000, Z=0.000
2026-05-18T18:33:44 COLMAP[feature_extractor] I20260518 18:33:44.102172   130 feature_extraction.cc:280] Processed file [1522/1710]
2026-05-18T18:33:44 COLMAP[feature_extractor] I20260518 18:33:44.102228   130 feature_extraction.cc:283]   Name:            DJI_01522.JPG
2026-05-18T18:33:44 COLMAP[feature_extractor] I20260518 18:33:44.102240   130 feature_extraction.cc:292]   Dimensions:      4000 x 2250
2026-05-18T18:33:44 COLMAP[feature_extractor] I20260518 18:33:44.102250   130 feature_extraction.cc:295]   Camera:          #1 - SIMPLE_RADIAL
2026-05-18T18:33:44 COLMAP[feature_extractor] I20260518 18:33:44.102262   130 feature_extraction.cc:298]   Focal Length:    2545.54px (Prior)
2026-05-18T18:33:44 COLMAP[feature_extractor] I20260518 18:33:44.102278   130 feature_extraction.cc:302]   Features:        8922 (SIFT)
2026-05-18T18:33:45 COLMAP[feature_extractor] I20260518 18:33:44.375743   130 feature_extraction.cc:316]   GPS:             LAT=40.520, LON=-111.892, ALT=1501.899
2026-05-18T18:33:45 COLMAP[feature_extractor] I20260518 18:33:44.375802   130 feature_extraction.cc:323]   Gravity:         X=0.000, Y=1.000, Z=0.000
