2026-05-19T13:25:49 COLMAP[chunk_06_mapper_recovery] I20260519 13:25:48.888705 11586 incremental_pipeline.cc:710] Keeping successful reconstruction
2026-05-19T13:25:49 COLMAP[chunk_06_mapper_recovery] I20260519 13:25:49.220329 11586 incremental_pipeline.cc:377] Finding good initial image pair
2026-05-19T13:25:50 COLMAP[chunk_06_mapper_recovery] I20260519 13:25:49.419054 11586 incremental_pipeline.cc:401] Registering initial image pair #494 and #634
2026-05-19T13:25:50 COLMAP[chunk_06_mapper_recovery] I20260519 13:25:49.421990 11586 incremental_pipeline.cc:419] Global bundle adjustment
2026-05-19T13:25:50 COLMAP[chunk_06_mapper_recovery] I20260519 13:25:49.629387 11586 incremental_pipeline.cc:524] Registering image #495 (num_reg_frames=2)
2026-05-19T13:25:50 COLMAP[chunk_06_mapper_recovery] I20260519 13:25:49.629433 11586 incremental_pipeline.cc:527] => Image sees 50 / 4723 points
2026-05-19T13:25:50 COLMAP[chunk_06_mapper_recovery] I20260519 13:25:49.893230 11586 incremental_pipeline.cc:78] Retriangulation and Global bundle adjustment
2026-05-19T13:25:50 COLMAP[chunk_06_mapper_recovery] I20260519 13:25:50.053339 11586 incremental_pipeline.cc:524] Registering image #493 (num_reg_frames=3)
2026-05-19T13:25:50 COLMAP[chunk_06_mapper_recovery] I20260519 13:25:50.053395 11586 incremental_pipeline.cc:527] => Image sees 1630 / 6242 points
2026-05-19T13:25:51 COLMAP[chunk_06_mapper_recovery] I20260519 13:25:50.605659 11586 incremental_pipeline.cc:78] Retriangulation and Global bundle adjustment
2026-05-19T13:25:51 COLMAP[chunk_06_mapper_recovery] I20260519 13:25:50.937326 11586 incremental_pipeline.cc:524] Registering image #492 (num_reg_frames=4)
2026-05-19T13:25:51 COLMAP[chunk_06_mapper_recovery] I20260519 13:25:50.937386 11586 incremental_pipeline.cc:527] => Image sees 2548 / 5683 points
2026-05-19T13:25:52 COLMAP[chunk_06_mapper_recovery] I20260519 13:25:51.700336 11586 incremental_pipeline.cc:78] Retriangulation and Global bundle adjustment
2026-05-19T13:25:52 COLMAP[chunk_06_mapper_recovery] I20260519 13:25:51.957033 11586 incremental_pipeline.cc:524] Registering image #496 (num_reg_frames=5)
2026-05-19T13:25:52 COLMAP[chunk_06_mapper_recovery] I20260519 13:25:51.957090 11586 incremental_pipeline.cc:527] => Image sees 1597 / 2975 points
2026-05-19T13:25:53 COLMAP[chunk_06_mapper_recovery] I20260519 13:25:52.700678 11586 incremental_pipeline.cc:78] Retriangulation and Global bundle adjustment
2026-05-19T13:25:53 COLMAP[chunk_06_mapper_recovery] I20260519 13:25:53.138526 11586 incremental_pipeline.cc:524] Registering image #497 (num_reg_frames=6)
2026-05-19T13:25:53 COLMAP[chunk_06_mapper_recovery] I20260519 13:25:53.138583 11586 incremental_pipeline.cc:527] => Image sees 982 / 3196 points
2026-05-19T13:25:54 COLMAP[chunk_06_mapper_recovery] I20260519 13:25:53.789613 11586 incremental_pipeline.cc:78] Retriangulation and Global bundle adjustment
2026-05-19T13:25:54 COLMAP[chunk_06_mapper_recovery] I20260519 13:25:54.097548 11586 incremental_pipeline.cc:524] Registering image #498 (num_reg_frames=7)
2026-05-19T13:25:54 COLMAP[chunk_06_mapper_recovery] I20260519 13:25:54.097604 11586 incremental_pipeline.cc:527] => Image sees 1267 / 3022 points
2026-05-19T13:25:55 COLMAP[chunk_06_mapper_recovery] I20260519 13:25:54.626056 11586 incremental_pipeline.cc:78] Retriangulation and Global bundle adjustment
2026-05-19T13:25:55 COLMAP[chunk_06_mapper_recovery] I20260519 13:25:54.953853 11586 incremental_pipeline.cc:524] Registering image #770 (num_reg_frames=8)
2026-05-19T13:25:55 COLMAP[chunk_06_mapper_recovery] I20260519 13:25:54.953907 11586 incremental_pipeline.cc:527] => Image sees 92 / 5151 points
2026-05-19T13:25:55 COLMAP[chunk_06_mapper_recovery] I20260519 13:25:54.960445 11586 incremental_pipeline.cc:550] => Could not register, trying another image.
2026-05-19T13:25:55 COLMAP[chunk_06_mapper_recovery] I20260519 13:25:54.960475 11586 incremental_pipeline.cc:524] Registering image #769 (num_reg_frames=8)
2026-05-19T13:25:55 COLMAP[chunk_06_mapper_recovery] I20260519 13:25:54.960484 11586 incremental_pipeline.cc:527] => Image sees 88 / 5914 points
2026-05-19T13:25:55 COLMAP[chunk_06_mapper_recovery] I20260519 13:25:54.967486 11586 incremental_pipeline.cc:550] => Could not register, trying another image.
2026-05-19T13:25:55 COLMAP[chunk_06_mapper_recovery] I20260519 13:25:54.967511 11586 incremental_pipeline.cc:524] Registering image #74 (num_reg_frames=8)
2026-05-19T13:25:55 COLMAP[chunk_06_mapper_recovery] I20260519 13:25:54.967520 11586 incremental_pipeline.cc:527] => Image sees 40 / 7409 points
2026-05-19T13:25:55 COLMAP[chunk_06_mapper_recovery] I20260519 13:25:54.969766 11586 incremental_pipeline.cc:550] => Could not register, trying another image.
2026-05-19T13:25:55 COLMAP[chunk_06_mapper_recovery] I20260519 13:25:54.969827 11586 incremental_pipeline.cc:524] Registering image #770 (num_reg_frames=8)
2026-05-19T13:25:55 COLMAP[chunk_06_mapper_recovery] I20260519 13:25:54.969846 11586 incremental_pipeline.cc:527] => Image sees 92 / 5151 points
2026-05-19T13:25:55 COLMAP[chunk_06_mapper_recovery] I20260519 13:25:54.969857 11586 incremental_pipeline.cc:533] Registering image with structure-less fallback
2026-05-19T13:25:55 COLMAP[chunk_06_mapper_recovery] I20260519 13:25:54.969871 11586 incremental_pipeline.cc:535] => Image sees 116 / 10367 correspondences
2026-05-19T13:25:55 COLMAP[chunk_06_mapper_recovery] I20260519 13:25:54.970551 11586 incremental_pipeline.cc:550] => Could not register, trying another image.
2026-05-19T13:25:55 COLMAP[chunk_06_mapper_recovery] I20260519 13:25:54.970570 11586 incremental_pipeline.cc:524] Registering image #769 (num_reg_frames=8)
2026-05-19T13:25:55 COLMAP[chunk_06_mapper_recovery] I20260519 13:25:54.970578 11586 incremental_pipeline.cc:527] => Image sees 88 / 5914 points
2026-05-19T13:25:55 COLMAP[chunk_06_mapper_recovery] I20260519 13:25:54.970587 11586 incremental_pipeline.cc:533] Registering image with structure-less fallback
2026-05-19T13:25:55 COLMAP[chunk_06_mapper_recovery] I20260519 13:25:54.970597 11586 incremental_pipeline.cc:535] => Image sees 114 / 12947 correspondences
2026-05-19T13:25:55 COLMAP[chunk_06_mapper_recovery] I20260519 13:25:54.971246 11586 incremental_pipeline.cc:550] => Could not register, trying another image.
2026-05-19T13:25:55 COLMAP[chunk_06_mapper_recovery] I20260519 13:25:54.971266 11586 incremental_pipeline.cc:524] Registering image #74 (num_reg_frames=8)
2026-05-19T13:25:55 COLMAP[chunk_06_mapper_recovery] I20260519 13:25:54.971298 11586 incremental_pipeline.cc:527] => Image sees 40 / 7409 points
2026-05-19T13:25:55 COLMAP[chunk_06_mapper_recovery] I20260519 13:25:54.971310 11586 incremental_pipeline.cc:533] Registering image with structure-less fallback
2026-05-19T13:25:55 COLMAP[chunk_06_mapper_recovery] I20260519 13:25:54.971347 11586 incremental_pipeline.cc:535] => Image sees 88 / 15215 correspondences
2026-05-19T13:25:55 COLMAP[chunk_06_mapper_recovery] I20260519 13:25:54.971961 11586 incremental_pipeline.cc:550] => Could not register, trying another image.
2026-05-19T13:25:55 COLMAP[chunk_06_mapper_recovery] I20260519 13:25:54.971980 11586 incremental_pipeline.cc:78] Retriangulation and Global bundle adjustment
2026-05-19T13:25:55 COLMAP[chunk_06_mapper_recovery] I20260519 13:25:55.190651 11586 incremental_pipeline.cc:524] Registering image #770 (num_reg_frames=8)
2026-05-19T13:25:55 COLMAP[chunk_06_mapper_recovery] I20260519 13:25:55.190708 11586 incremental_pipeline.cc:527] => Image sees 92 / 5151 points
2026-05-19T13:25:55 COLMAP[chunk_06_mapper_recovery] I20260519 13:25:55.197465 11586 incremental_pipeline.cc:550] => Could not register, trying another image.
2026-05-19T13:25:55 COLMAP[chunk_06_mapper_recovery] I20260519 13:25:55.197505 11586 incremental_pipeline.cc:524] Registering image #769 (num_reg_frames=8)
2026-05-19T13:25:55 COLMAP[chunk_06_mapper_recovery] I20260519 13:25:55.197518 11586 incremental_pipeline.cc:527] => Image sees 88 / 5914 points
2026-05-19T13:25:55 COLMAP[chunk_06_mapper_recovery] I20260519 13:25:55.204553 11586 incremental_pipeline.cc:550] => Could not register, trying another image.
2026-05-19T13:25:55 COLMAP[chunk_06_mapper_recovery] I20260519 13:25:55.204582 11586 incremental_pipeline.cc:524] Registering image #74 (num_reg_frames=8)
2026-05-19T13:25:55 COLMAP[chunk_06_mapper_recovery] I20260519 13:25:55.204594 11586 incremental_pipeline.cc:527] => Image sees 40 / 7409 points
2026-05-19T13:25:55 COLMAP[chunk_06_mapper_recovery] I20260519 13:25:55.206853 11586 incremental_pipeline.cc:550] => Could not register, trying another image.
2026-05-19T13:25:55 COLMAP[chunk_06_mapper_recovery] I20260519 13:25:55.206914 11586 incremental_pipeline.cc:524] Registering image #770 (num_reg_frames=8)
2026-05-19T13:25:55 COLMAP[chunk_06_mapper_recovery] I20260519 13:25:55.206938 11586 incremental_pipeline.cc:527] => Image sees 92 / 5151 points
2026-05-19T13:25:55 COLMAP[chunk_06_mapper_recovery] I20260519 13:25:55.206950 11586 incremental_pipeline.cc:533] Registering image with structure-less fallback
2026-05-19T13:25:55 COLMAP[chunk_06_mapper_recovery] I20260519 13:25:55.206960 11586 incremental_pipeline.cc:535] => Image sees 116 / 10367 correspondences
2026-05-19T13:25:55 COLMAP[chunk_06_mapper_recovery] I20260519 13:25:55.207635 11586 incremental_pipeline.cc:550] => Could not register, trying another image.
2026-05-19T13:25:55 COLMAP[chunk_06_mapper_recovery] I20260519 13:25:55.207654 11586 incremental_pipeline.cc:524] Registering image #769 (num_reg_frames=8)
2026-05-19T13:25:55 COLMAP[chunk_06_mapper_recovery] I20260519 13:25:55.207662 11586 incremental_pipeline.cc:527] => Image sees 88 / 5914 points
2026-05-19T13:25:55 COLMAP[chunk_06_mapper_recovery] I20260519 13:25:55.207669 11586 incremental_pipeline.cc:533] Registering image with structure-less fallback
2026-05-19T13:25:55 COLMAP[chunk_06_mapper_recovery] I20260519 13:25:55.207677 11586 incremental_pipeline.cc:535] => Image sees 114 / 12947 correspondences
2026-05-19T13:25:55 COLMAP[chunk_06_mapper_recovery] I20260519 13:25:55.208343 11586 incremental_pipeline.cc:550] => Could not register, trying another image.
2026-05-19T13:25:55 COLMAP[chunk_06_mapper_recovery] I20260519 13:25:55.208362 11586 incremental_pipeline.cc:524] Registering image #74 (num_reg_frames=8)
2026-05-19T13:25:55 COLMAP[chunk_06_mapper_recovery] I20260519 13:25:55.208371 11586 incremental_pipeline.cc:527] => Image sees 40 / 7409 points
2026-05-19T13:25:55 COLMAP[chunk_06_mapper_recovery] I20260519 13:25:55.208379 11586 incremental_pipeline.cc:533] Registering image with structure-less fallback
2026-05-19T13:25:55 COLMAP[chunk_06_mapper_recovery] I20260519 13:25:55.208385 11586 incremental_pipeline.cc:535] => Image sees 88 / 15215 correspondences
2026-05-19T13:25:55 COLMAP[chunk_06_mapper_recovery] I20260519 13:25:55.208973 11586 incremental_pipeline.cc:550] => Could not register, trying another image.
2026-05-19T13:25:55 COLMAP[chunk_06_mapper_recovery] W20260519 13:25:55.208990 11586 incremental_pipeline.cc:705] Discarding reconstruction due to insufficient size
2026-05-19T13:25:55 COLMAP[chunk_06_mapper_recovery] I20260519 13:25:55.224383 11586 timer.cc:90] Elapsed time: 29.154 [minutes]
2026-05-19T13:25:56 2026-05-19 13:25:55,324 - INFO - [chunk_06_mapper_recovery_model_converter_0] colmap model_converter --input_path /tmp/colmap_sfm_rcnmny4o/chunk_06/sparse_recovery/0 --output_path /tmp/colmap_sfm_rcnmny4o/text_models/chunk_06_mapper_recovery/0 --output_type TXT
2026-05-19T13:26:00 2026-05-19 13:25:59,929 - INFO - chunk_06_mapper_recovery model 0 registered 185/193 images and 172707 points
2026-05-19T13:26:54 2026-05-19 13:26:53,559 - INFO - Prepared chunk 7 database by pruning global features down to 188 images
2026-05-19T13:26:54 2026-05-19 13:26:53,560 - INFO - [chunk_07_spatial_matcher] colmap spatial_matcher --database_path /tmp/colmap_sfm_rcnmny4o/chunk_07/database.db --FeatureMatching.use_gpu 1 --FeatureMatching.guided_matching 1 --SpatialMatching.ignore_z 0 --SpatialMatching.max_num_neighbors 12 --SpatialMatching.max_distance 120.0
2026-05-19T13:26:54 COLMAP[chunk_07_spatial_matcher] I20260519 13:26:53.752620 13506 feature_matching.cc:195] === Feature matching & geometric verification ===
2026-05-19T13:26:54 COLMAP[chunk_07_spatial_matcher] I20260519 13:26:53.845661 13507 feature_matching_utils.cc:80] Bind FeatureMatcherWorker to GPU device 0
2026-05-19T13:26:54 COLMAP[chunk_07_spatial_matcher] I20260519 13:26:53.845666 13513 feature_matching_utils.cc:80] Bind FeatureMatcherWorker to GPU device 0
2026-05-19T13:26:54 COLMAP[chunk_07_spatial_matcher] I20260519 13:26:53.846448 13507 sift.cc:1547] Creating SIFT GPU feature matcher
2026-05-19T13:26:54 COLMAP[chunk_07_spatial_matcher] I20260519 13:26:53.846458 13513 sift.cc:1547] Creating SIFT GPU feature matcher
2026-05-19T13:26:54 COLMAP[chunk_07_spatial_matcher] I20260519 13:26:53.850149 13506 pairing.cc:560] Generating spatial image pairs...
2026-05-19T13:26:54 COLMAP[chunk_07_spatial_matcher] I20260519 13:26:53.850183 13506 pairing.cc:565] Indexing images...
2026-05-19T13:26:54 COLMAP[chunk_07_spatial_matcher] I20260519 13:26:53.851613 13506 pairing.cc:570]  in 0.001s
2026-05-19T13:26:54 COLMAP[chunk_07_spatial_matcher] I20260519 13:26:53.851642 13506 pairing.cc:584] Building search index...
2026-05-19T13:26:54 COLMAP[chunk_07_spatial_matcher] I20260519 13:26:53.851658 13506 pairing.cc:589]  in 0.000s
2026-05-19T13:26:54 COLMAP[chunk_07_spatial_matcher] I20260519 13:26:53.851668 13506 pairing.cc:592] Searching for nearest neighbors...
2026-05-19T13:26:54 COLMAP[chunk_07_spatial_matcher] I20260519 13:26:53.863292 13506 pairing.cc:608]  in 0.012s
2026-05-19T13:26:54 COLMAP[chunk_07_spatial_matcher] I20260519 13:26:53.863749 13506 pairing.cc:631] Processing image [1/188]
2026-05-19T13:26:56 COLMAP[chunk_07_spatial_matcher] I20260519 13:26:55.328094 13506 feature_matching.cc:217] in 1.464s
2026-05-19T13:26:56 COLMAP[chunk_07_spatial_matcher] I20260519 13:26:55.328145 13506 pairing.cc:631] Processing image [2/188]
2026-05-19T13:26:57 COLMAP[chunk_07_spatial_matcher] I20260519 13:26:56.691241 13506 feature_matching.cc:217] in 1.363s
2026-05-19T13:26:57 COLMAP[chunk_07_spatial_matcher] I20260519 13:26:56.691295 13506 pairing.cc:631] Processing image [3/188]
2026-05-19T13:26:58 COLMAP[chunk_07_spatial_matcher] I20260519 13:26:58.095323 13506 feature_matching.cc:217] in 1.404s
2026-05-19T13:26:58 COLMAP[chunk_07_spatial_matcher] I20260519 13:26:58.095376 13506 pairing.cc:631] Processing image [4/188]
2026-05-19T13:27:00 COLMAP[chunk_07_spatial_matcher] I20260519 13:26:59.420292 13506 feature_matching.cc:217] in 1.325s
2026-05-19T13:27:00 COLMAP[chunk_07_spatial_matcher] I20260519 13:26:59.420346 13506 pairing.cc:631] Processing image [5/188]
2026-05-19T13:27:01 COLMAP[chunk_07_spatial_matcher] I20260519 13:27:00.704334 13506 feature_matching.cc:217] in 1.284s
2026-05-19T13:27:01 COLMAP[chunk_07_spatial_matcher] I20260519 13:27:00.704391 13506 pairing.cc:631] Processing image [6/188]
2026-05-19T13:27:01 COLMAP[chunk_07_spatial_matcher] I20260519 13:27:01.287598 13506 feature_matching.cc:217] in 0.583s
2026-05-19T13:27:01 COLMAP[chunk_07_spatial_matcher] I20260519 13:27:01.287647 13506 pairing.cc:631] Processing image [7/188]
2026-05-19T13:27:02 COLMAP[chunk_07_spatial_matcher] I20260519 13:27:01.931172 13506 feature_matching.cc:217] in 0.644s
2026-05-19T13:27:02 COLMAP[chunk_07_spatial_matcher] I20260519 13:27:01.931226 13506 pairing.cc:631] Processing image [8/188]
2026-05-19T13:27:03 COLMAP[chunk_07_spatial_matcher] I20260519 13:27:02.454044 13506 feature_matching.cc:217] in 0.523s
2026-05-19T13:27:03 COLMAP[chunk_07_spatial_matcher] I20260519 13:27:02.454099 13506 pairing.cc:631] Processing image [9/188]
2026-05-19T13:27:03 COLMAP[chunk_07_spatial_matcher] I20260519 13:27:02.989847 13506 feature_matching.cc:217] in 0.536s
2026-05-19T13:27:03 COLMAP[chunk_07_spatial_matcher] I20260519 13:27:02.989902 13506 pairing.cc:631] Processing image [10/188]
2026-05-19T13:27:04 COLMAP[chunk_07_spatial_matcher] I20260519 13:27:03.494232 13506 feature_matching.cc:217] in 0.504s
2026-05-19T13:27:04 COLMAP[chunk_07_spatial_matcher] I20260519 13:27:03.494287 13506 pairing.cc:631] Processing image [11/188]
2026-05-19T13:27:04 COLMAP[chunk_07_spatial_matcher] I20260519 13:27:04.060145 13506 feature_matching.cc:217] in 0.566s
2026-05-19T13:27:04 COLMAP[chunk_07_spatial_matcher] I20260519 13:27:04.060197 13506 pairing.cc:631] Processing image [12/188]
2026-05-19T13:27:05 COLMAP[chunk_07_spatial_matcher] I20260519 13:27:04.774557 13506 feature_matching.cc:217] in 0.714s
2026-05-19T13:27:05 COLMAP[chunk_07_spatial_matcher] I20260519 13:27:04.774610 13506 pairing.cc:631] Processing image [13/188]
2026-05-19T13:27:06 COLMAP[chunk_07_spatial_matcher] I20260519 13:27:05.842756 13506 feature_matching.cc:217] in 1.068s
2026-05-19T13:27:06 COLMAP[chunk_07_spatial_matcher] I20260519 13:27:05.842811 13506 pairing.cc:631] Processing image [14/188]
2026-05-19T13:27:07 COLMAP[chunk_07_spatial_matcher] I20260519 13:27:06.334158 13506 feature_matching.cc:217] in 0.491s
2026-05-19T13:27:07 COLMAP[chunk_07_spatial_matcher] I20260519 13:27:06.334205 13506 pairing.cc:631] Processing image [15/188]
2026-05-19T13:27:07 COLMAP[chunk_07_spatial_matcher] I20260519 13:27:06.818764 13506 feature_matching.cc:217] in 0.485s
2026-05-19T13:27:07 COLMAP[chunk_07_spatial_matcher] I20260519 13:27:06.818820 13506 pairing.cc:631] Processing image [16/188]
2026-05-19T13:27:08 COLMAP[chunk_07_spatial_matcher] I20260519 13:27:07.377614 13506 feature_matching.cc:217] in 0.559s
2026-05-19T13:27:08 COLMAP[chunk_07_spatial_matcher] I20260519 13:27:07.377667 13506 pairing.cc:631] Processing image [17/188]
2026-05-19T13:27:09 COLMAP[chunk_07_spatial_matcher] I20260519 13:27:08.467657 13506 feature_matching.cc:217] in 1.090s
2026-05-19T13:27:09 COLMAP[chunk_07_spatial_matcher] I20260519 13:27:08.467710 13506 pairing.cc:631] Processing image [18/188]
2026-05-19T13:27:09 COLMAP[chunk_07_spatial_matcher] I20260519 13:27:08.979708 13506 feature_matching.cc:217] in 0.512s
2026-05-19T13:27:09 COLMAP[chunk_07_spatial_matcher] I20260519 13:27:08.979760 13506 pairing.cc:631] Processing image [19/188]
2026-05-19T13:27:10 COLMAP[chunk_07_spatial_matcher] I20260519 13:27:10.008885 13506 feature_matching.cc:217] in 1.029s
2026-05-19T13:27:10 COLMAP[chunk_07_spatial_matcher] I20260519 13:27:10.008939 13506 pairing.cc:631] Processing image [20/188]
2026-05-19T13:27:11 COLMAP[chunk_07_spatial_matcher] I20260519 13:27:10.785859 13506 feature_matching.cc:217] in 0.777s
2026-05-19T13:27:11 COLMAP[chunk_07_spatial_matcher] I20260519 13:27:10.785913 13506 pairing.cc:631] Processing image [21/188]
2026-05-19T13:27:12 COLMAP[chunk_07_spatial_matcher] I20260519 13:27:11.832576 13506 feature_matching.cc:217] in 1.047s
2026-05-19T13:27:12 COLMAP[chunk_07_spatial_matcher] I20260519 13:27:11.832633 13506 pairing.cc:631] Processing image [22/188]
2026-05-19T13:27:13 COLMAP[chunk_07_spatial_matcher] I20260519 13:27:12.513542 13506 feature_matching.cc:217] in 0.681s
2026-05-19T13:27:13 COLMAP[chunk_07_spatial_matcher] I20260519 13:27:12.513597 13506 pairing.cc:631] Processing image [23/188]
2026-05-19T13:27:13 COLMAP[chunk_07_spatial_matcher] I20260519 13:27:12.748486 13506 feature_matching.cc:217] in 0.235s
2026-05-19T13:27:13 COLMAP[chunk_07_spatial_matcher] I20260519 13:27:12.748538 13506 pairing.cc:631] Processing image [24/188]
2026-05-19T13:27:13 COLMAP[chunk_07_spatial_matcher] I20260519 13:27:13.002293 13506 feature_matching.cc:217] in 0.254s
2026-05-19T13:27:13 COLMAP[chunk_07_spatial_matcher] I20260519 13:27:13.002349 13506 pairing.cc:631] Processing image [25/188]
2026-05-19T13:27:13 COLMAP[chunk_07_spatial_matcher] I20260519 13:27:13.202818 13506 feature_matching.cc:217] in 0.201s
2026-05-19T13:27:13 COLMAP[chunk_07_spatial_matcher] I20260519 13:27:13.202869 13506 pairing.cc:631] Processing image [26/188]
2026-05-19T13:27:14 COLMAP[chunk_07_spatial_matcher] I20260519 13:27:13.344921 13506 feature_matching.cc:217] in 0.142s
2026-05-19T13:27:14 COLMAP[chunk_07_spatial_matcher] I20260519 13:27:13.344974 13506 pairing.cc:631] Processing image [27/188]
2026-05-19T13:27:14 COLMAP[chunk_07_spatial_matcher] I20260519 13:27:13.434973 13506 feature_matching.cc:217] in 0.090s
2026-05-19T13:27:14 COLMAP[chunk_07_spatial_matcher] I20260519 13:27:13.435021 13506 pairing.cc:631] Processing image [28/188]
2026-05-19T13:27:14 COLMAP[chunk_07_spatial_matcher] I20260519 13:27:13.538319 13506 feature_matching.cc:217] in 0.103s
2026-05-19T13:27:14 COLMAP[chunk_07_spatial_matcher] I20260519 13:27:13.538371 13506 pairing.cc:631] Processing image [29/188]
2026-05-19T13:27:14 COLMAP[chunk_07_spatial_matcher] I20260519 13:27:13.600729 13506 feature_matching.cc:217] in 0.062s
2026-05-19T13:27:14 COLMAP[chunk_07_spatial_matcher] I20260519 13:27:13.600780 13506 pairing.cc:631] Processing image [30/188]
2026-05-19T13:27:14 COLMAP[chunk_07_spatial_matcher] I20260519 13:27:13.700295 13506 feature_matching.cc:217] in 0.100s
2026-05-19T13:27:14 COLMAP[chunk_07_spatial_matcher] I20260519 13:27:13.700349 13506 pairing.cc:631] Processing image [31/188]
2026-05-19T13:27:14 COLMAP[chunk_07_spatial_matcher] I20260519 13:27:13.834110 13506 feature_matching.cc:217] in 0.134s
2026-05-19T13:27:14 COLMAP[chunk_07_spatial_matcher] I20260519 13:27:13.834163 13506 pairing.cc:631] Processing image [32/188]
2026-05-19T13:27:14 COLMAP[chunk_07_spatial_matcher] I20260519 13:27:13.946393 13506 feature_matching.cc:217] in 0.112s
2026-05-19T13:27:14 COLMAP[chunk_07_spatial_matcher] I20260519 13:27:13.946442 13506 pairing.cc:631] Processing image [33/188]
2026-05-19T13:27:14 COLMAP[chunk_07_spatial_matcher] I20260519 13:27:14.204025 13506 feature_matching.cc:217] in 0.258s
2026-05-19T13:27:14 COLMAP[chunk_07_spatial_matcher] I20260519 13:27:14.204077 13506 pairing.cc:631] Processing image [34/188]
2026-05-19T13:27:15 COLMAP[chunk_07_spatial_matcher] I20260519 13:27:14.348778 13506 feature_matching.cc:217] in 0.145s
2026-05-19T13:27:15 COLMAP[chunk_07_spatial_matcher] I20260519 13:27:14.348831 13506 pairing.cc:631] Processing image [35/188]
2026-05-19T13:27:15 COLMAP[chunk_07_spatial_matcher] I20260519 13:27:14.653025 13506 feature_matching.cc:217] in 0.304s
2026-05-19T13:27:15 COLMAP[chunk_07_spatial_matcher] I20260519 13:27:14.653080 13506 pairing.cc:631] Processing image [36/188]
2026-05-19T13:27:15 COLMAP[chunk_07_spatial_matcher] I20260519 13:27:14.726815 13506 feature_matching.cc:217] in 0.074s
2026-05-19T13:27:15 COLMAP[chunk_07_spatial_matcher] I20260519 13:27:14.726864 13506 pairing.cc:631] Processing image [37/188]
2026-05-19T13:27:15 COLMAP[chunk_07_spatial_matcher] I20260519 13:27:14.878085 13506 feature_matching.cc:217] in 0.151s
2026-05-19T13:27:15 COLMAP[chunk_07_spatial_matcher] I20260519 13:27:14.878139 13506 pairing.cc:631] Processing image [38/188]
2026-05-19T13:27:15 COLMAP[chunk_07_spatial_matcher] I20260519 13:27:15.108057 13506 feature_matching.cc:217] in 0.230s
2026-05-19T13:27:15 COLMAP[chunk_07_spatial_matcher] I20260519 13:27:15.108109 13506 pairing.cc:631] Processing image [39/188]
2026-05-19T13:27:15 COLMAP[chunk_07_spatial_matcher] I20260519 13:27:15.258405 13506 feature_matching.cc:217] in 0.150s
2026-05-19T13:27:15 COLMAP[chunk_07_spatial_matcher] I20260519 13:27:15.258455 13506 pairing.cc:631] Processing image [40/188]
2026-05-19T13:27:17 COLMAP[chunk_07_spatial_matcher] I20260519 13:27:16.333868 13506 feature_matching.cc:217] in 1.075s
2026-05-19T13:27:17 COLMAP[chunk_07_spatial_matcher] I20260519 13:27:16.333918 13506 pairing.cc:631] Processing image [41/188]
2026-05-19T13:27:18 COLMAP[chunk_07_spatial_matcher] I20260519 13:27:17.528924 13506 feature_matching.cc:217] in 1.195s
2026-05-19T13:27:18 COLMAP[chunk_07_spatial_matcher] I20260519 13:27:17.528973 13506 pairing.cc:631] Processing image [42/188]
2026-05-19T13:27:19 COLMAP[chunk_07_spatial_matcher] I20260519 13:27:18.584964 13506 feature_matching.cc:217] in 1.056s
2026-05-19T13:27:19 COLMAP[chunk_07_spatial_matcher] I20260519 13:27:18.585016 13506 pairing.cc:631] Processing image [43/188]
2026-05-19T13:27:20 COLMAP[chunk_07_spatial_matcher] I20260519 13:27:19.623946 13506 feature_matching.cc:217] in 1.039s
2026-05-19T13:27:20 COLMAP[chunk_07_spatial_matcher] I20260519 13:27:19.623996 13506 pairing.cc:631] Processing image [44/188]
2026-05-19T13:27:21 COLMAP[chunk_07_spatial_matcher] I20260519 13:27:20.716434 13506 feature_matching.cc:217] in 1.092s
2026-05-19T13:27:21 COLMAP[chunk_07_spatial_matcher] I20260519 13:27:20.716478 13506 pairing.cc:631] Processing image [45/188]
2026-05-19T13:27:21 COLMAP[chunk_07_spatial_matcher] I20260519 13:27:21.165792 13506 feature_matching.cc:217] in 0.449s
2026-05-19T13:27:21 COLMAP[chunk_07_spatial_matcher] I20260519 13:27:21.165838 13506 pairing.cc:631] Processing image [46/188]
2026-05-19T13:27:22 COLMAP[chunk_07_spatial_matcher] I20260519 13:27:21.624701 13506 feature_matching.cc:217] in 0.459s
2026-05-19T13:27:22 COLMAP[chunk_07_spatial_matcher] I20260519 13:27:21.624747 13506 pairing.cc:631] Processing image [47/188]
2026-05-19T13:27:22 COLMAP[chunk_07_spatial_matcher] I20260519 13:27:22.214697 13506 feature_matching.cc:217] in 0.590s
2026-05-19T13:27:22 COLMAP[chunk_07_spatial_matcher] I20260519 13:27:22.214751 13506 pairing.cc:631] Processing image [48/188]
2026-05-19T13:27:23 COLMAP[chunk_07_spatial_matcher] I20260519 13:27:22.598976 13506 feature_matching.cc:217] in 0.384s
2026-05-19T13:27:23 COLMAP[chunk_07_spatial_matcher] I20260519 13:27:22.599025 13506 pairing.cc:631] Processing image [49/188]
2026-05-19T13:27:23 COLMAP[chunk_07_spatial_matcher] I20260519 13:27:22.975155 13506 feature_matching.cc:217] in 0.376s
2026-05-19T13:27:23 COLMAP[chunk_07_spatial_matcher] I20260519 13:27:22.975209 13506 pairing.cc:631] Processing image [50/188]
2026-05-19T13:27:24 COLMAP[chunk_07_spatial_matcher] I20260519 13:27:23.340600 13506 feature_matching.cc:217] in 0.365s
2026-05-19T13:27:24 COLMAP[chunk_07_spatial_matcher] I20260519 13:27:23.340648 13506 pairing.cc:631] Processing image [51/188]
2026-05-19T13:27:24 COLMAP[chunk_07_spatial_matcher] I20260519 13:27:23.760452 13506 feature_matching.cc:217] in 0.420s
2026-05-19T13:27:24 COLMAP[chunk_07_spatial_matcher] I20260519 13:27:23.760527 13506 pairing.cc:631] Processing image [52/188]
2026-05-19T13:27:24 COLMAP[chunk_07_spatial_matcher] I20260519 13:27:24.170579 13506 feature_matching.cc:217] in 0.410s
2026-05-19T13:27:24 COLMAP[chunk_07_spatial_matcher] I20260519 13:27:24.170635 13506 pairing.cc:631] Processing image [53/188]
2026-05-19T13:27:25 COLMAP[chunk_07_spatial_matcher] I20260519 13:27:24.724714 13506 feature_matching.cc:217] in 0.554s
2026-05-19T13:27:25 COLMAP[chunk_07_spatial_matcher] I20260519 13:27:24.724769 13506 pairing.cc:631] Processing image [54/188]
2026-05-19T13:27:26 COLMAP[chunk_07_spatial_matcher] I20260519 13:27:25.680281 13506 feature_matching.cc:217] in 0.956s
2026-05-19T13:27:26 COLMAP[chunk_07_spatial_matcher] I20260519 13:27:25.680327 13506 pairing.cc:631] Processing image [55/188]
2026-05-19T13:27:27 COLMAP[chunk_07_spatial_matcher] I20260519 13:27:26.788810 13506 feature_matching.cc:217] in 1.109s
2026-05-19T13:27:27 COLMAP[chunk_07_spatial_matcher] I20260519 13:27:26.788861 13506 pairing.cc:631] Processing image [56/188]
2026-05-19T13:27:27 COLMAP[chunk_07_spatial_matcher] I20260519 13:27:26.998131 13506 feature_matching.cc:217] in 0.209s
2026-05-19T13:27:27 COLMAP[chunk_07_spatial_matcher] I20260519 13:27:26.998186 13506 pairing.cc:631] Processing image [57/188]
2026-05-19T13:27:28 COLMAP[chunk_07_spatial_matcher] I20260519 13:27:27.350546 13506 feature_matching.cc:217] in 0.352s
2026-05-19T13:27:28 COLMAP[chunk_07_spatial_matcher] I20260519 13:27:27.350600 13506 pairing.cc:631] Processing image [58/188]
2026-05-19T13:27:28 COLMAP[chunk_07_spatial_matcher] I20260519 13:27:27.571748 13506 feature_matching.cc:217] in 0.221s
2026-05-19T13:27:28 COLMAP[chunk_07_spatial_matcher] I20260519 13:27:27.571794 13506 pairing.cc:631] Processing image [59/188]
2026-05-19T13:27:29 COLMAP[chunk_07_spatial_matcher] I20260519 13:27:28.421165 13506 feature_matching.cc:217] in 0.849s
2026-05-19T13:27:29 COLMAP[chunk_07_spatial_matcher] I20260519 13:27:28.421216 13506 pairing.cc:631] Processing image [60/188]
2026-05-19T13:27:30 COLMAP[chunk_07_spatial_matcher] I20260519 13:27:29.435902 13506 feature_matching.cc:217] in 1.015s
2026-05-19T13:27:30 COLMAP[chunk_07_spatial_matcher] I20260519 13:27:29.435957 13506 pairing.cc:631] Processing image [61/188]
2026-05-19T13:27:30 COLMAP[chunk_07_spatial_matcher] I20260519 13:27:29.710659 13506 feature_matching.cc:217] in 0.275s
2026-05-19T13:27:30 COLMAP[chunk_07_spatial_matcher] I20260519 13:27:29.710712 13506 pairing.cc:631] Processing image [62/188]
2026-05-19T13:27:30 COLMAP[chunk_07_spatial_matcher] I20260519 13:27:29.960734 13506 feature_matching.cc:217] in 0.250s
2026-05-19T13:27:30 COLMAP[chunk_07_spatial_matcher] I20260519 13:27:29.960788 13506 pairing.cc:631] Processing image [63/188]
2026-05-19T13:27:30 COLMAP[chunk_07_spatial_matcher] I20260519 13:27:30.297715 13506 feature_matching.cc:217] in 0.337s
2026-05-19T13:27:30 COLMAP[chunk_07_spatial_matcher] I20260519 13:27:30.297765 13506 pairing.cc:631] Processing image [64/188]
2026-05-19T13:27:31 COLMAP[chunk_07_spatial_matcher] I20260519 13:27:30.554982 13506 feature_matching.cc:217] in 0.257s
2026-05-19T13:27:31 COLMAP[chunk_07_spatial_matcher] I20260519 13:27:30.555030 13506 pairing.cc:631] Processing image [65/188]
2026-05-19T13:27:31 COLMAP[chunk_07_spatial_matcher] I20260519 13:27:30.778844 13506 feature_matching.cc:217] in 0.224s
2026-05-19T13:27:31 COLMAP[chunk_07_spatial_matcher] I20260519 13:27:30.778896 13506 pairing.cc:631] Processing image [66/188]
2026-05-19T13:27:31 COLMAP[chunk_07_spatial_matcher] I20260519 13:27:30.929874 13506 feature_matching.cc:217] in 0.151s
2026-05-19T13:27:31 COLMAP[chunk_07_spatial_matcher] I20260519 13:27:30.929924 13506 pairing.cc:631] Processing image [67/188]
2026-05-19T13:27:31 COLMAP[chunk_07_spatial_matcher] I20260519 13:27:31.099941 13506 feature_matching.cc:217] in 0.170s
2026-05-19T13:27:31 COLMAP[chunk_07_spatial_matcher] I20260519 13:27:31.099992 13506 pairing.cc:631] Processing image [68/188]
2026-05-19T13:27:32 COLMAP[chunk_07_spatial_matcher] I20260519 13:27:31.568521 13506 feature_matching.cc:217] in 0.469s
2026-05-19T13:27:32 COLMAP[chunk_07_spatial_matcher] I20260519 13:27:31.568575 13506 pairing.cc:631] Processing image [69/188]
2026-05-19T13:27:32 COLMAP[chunk_07_spatial_matcher] I20260519 13:27:31.853142 13506 feature_matching.cc:217] in 0.285s
2026-05-19T13:27:32 COLMAP[chunk_07_spatial_matcher] I20260519 13:27:31.853194 13506 pairing.cc:631] Processing image [70/188]
2026-05-19T13:27:32 COLMAP[chunk_07_spatial_matcher] I20260519 13:27:31.948544 13506 feature_matching.cc:217] in 0.095s
2026-05-19T13:27:32 COLMAP[chunk_07_spatial_matcher] I20260519 13:27:31.948596 13506 pairing.cc:631] Processing image [71/188]
2026-05-19T13:27:32 COLMAP[chunk_07_spatial_matcher] I20260519 13:27:32.009606 13506 feature_matching.cc:217] in 0.061s
2026-05-19T13:27:32 COLMAP[chunk_07_spatial_matcher] I20260519 13:27:32.009655 13506 pairing.cc:631] Processing image [72/188]
2026-05-19T13:27:32 COLMAP[chunk_07_spatial_matcher] I20260519 13:27:32.051470 13506 feature_matching.cc:217] in 0.042s
2026-05-19T13:27:32 COLMAP[chunk_07_spatial_matcher] I20260519 13:27:32.051522 13506 pairing.cc:631] Processing image [73/188]
2026-05-19T13:27:32 COLMAP[chunk_07_spatial_matcher] I20260519 13:27:32.051641 13506 feature_matching.cc:217] in 0.000s
2026-05-19T13:27:32 COLMAP[chunk_07_spatial_matcher] I20260519 13:27:32.051657 13506 pairing.cc:631] Processing image [74/188]
2026-05-19T13:27:33 COLMAP[chunk_07_spatial_matcher] I20260519 13:27:32.906045 13506 feature_matching.cc:217] in 0.854s
2026-05-19T13:27:33 COLMAP[chunk_07_spatial_matcher] I20260519 13:27:32.906100 13506 pairing.cc:631] Processing image [75/188]
2026-05-19T13:27:34 COLMAP[chunk_07_spatial_matcher] I20260519 13:27:33.524784 13506 feature_matching.cc:217] in 0.619s
2026-05-19T13:27:34 COLMAP[chunk_07_spatial_matcher] I20260519 13:27:33.524844 13506 pairing.cc:631] Processing image [76/188]
2026-05-19T13:27:35 COLMAP[chunk_07_spatial_matcher] I20260519 13:27:34.611943 13506 feature_matching.cc:217] in 1.087s
2026-05-19T13:27:35 COLMAP[chunk_07_spatial_matcher] I20260519 13:27:34.611996 13506 pairing.cc:631] Processing image [77/188]
2026-05-19T13:27:36 COLMAP[chunk_07_spatial_matcher] I20260519 13:27:35.558562 13506 feature_matching.cc:217] in 0.947s
2026-05-19T13:27:36 COLMAP[chunk_07_spatial_matcher] I20260519 13:27:35.558614 13506 pairing.cc:631] Processing image [78/188]
2026-05-19T13:27:36 COLMAP[chunk_07_spatial_matcher] I20260519 13:27:36.272535 13506 feature_matching.cc:217] in 0.714s
2026-05-19T13:27:36 COLMAP[chunk_07_spatial_matcher] I20260519 13:27:36.272584 13506 pairing.cc:631] Processing image [79/188]
2026-05-19T13:27:37 COLMAP[chunk_07_spatial_matcher] I20260519 13:27:37.200577 13506 feature_matching.cc:217] in 0.928s
2026-05-19T13:27:37 COLMAP[chunk_07_spatial_matcher] I20260519 13:27:37.200644 13506 pairing.cc:631] Processing image [80/188]
2026-05-19T13:27:38 COLMAP[chunk_07_spatial_matcher] I20260519 13:27:37.569448 13506 feature_matching.cc:217] in 0.369s
2026-05-19T13:27:38 COLMAP[chunk_07_spatial_matcher] I20260519 13:27:37.569504 13506 pairing.cc:631] Processing image [81/188]
2026-05-19T13:27:38 COLMAP[chunk_07_spatial_matcher] I20260519 13:27:38.182993 13506 feature_matching.cc:217] in 0.614s
2026-05-19T13:27:38 COLMAP[chunk_07_spatial_matcher] I20260519 13:27:38.183053 13506 pairing.cc:631] Processing image [82/188]
2026-05-19T13:27:39 COLMAP[chunk_07_spatial_matcher] I20260519 13:27:38.857969 13506 feature_matching.cc:217] in 0.675s
2026-05-19T13:27:39 COLMAP[chunk_07_spatial_matcher] I20260519 13:27:38.858018 13506 pairing.cc:631] Processing image [83/188]
2026-05-19T13:27:39 COLMAP[chunk_07_spatial_matcher] I20260519 13:27:38.996394 13506 feature_matching.cc:217] in 0.138s
2026-05-19T13:27:39 COLMAP[chunk_07_spatial_matcher] I20260519 13:27:38.996446 13506 pairing.cc:631] Processing image [84/188]
2026-05-19T13:27:39 COLMAP[chunk_07_spatial_matcher] I20260519 13:27:39.287411 13506 feature_matching.cc:217] in 0.291s
2026-05-19T13:27:39 COLMAP[chunk_07_spatial_matcher] I20260519 13:27:39.287464 13506 pairing.cc:631] Processing image [85/188]
2026-05-19T13:27:40 COLMAP[chunk_07_spatial_matcher] I20260519 13:27:39.582851 13506 feature_matching.cc:217] in 0.295s
2026-05-19T13:27:40 COLMAP[chunk_07_spatial_matcher] I20260519 13:27:39.582906 13506 pairing.cc:631] Processing image [86/188]
2026-05-19T13:27:40 COLMAP[chunk_07_spatial_matcher] I20260519 13:27:39.873201 13506 feature_matching.cc:217] in 0.290s
2026-05-19T13:27:40 COLMAP[chunk_07_spatial_matcher] I20260519 13:27:39.873250 13506 pairing.cc:631] Processing image [87/188]
2026-05-19T13:27:40 COLMAP[chunk_07_spatial_matcher] I20260519 13:27:40.110100 13506 feature_matching.cc:217] in 0.237s
2026-05-19T13:27:40 COLMAP[chunk_07_spatial_matcher] I20260519 13:27:40.110149 13506 pairing.cc:631] Processing image [88/188]
2026-05-19T13:27:41 COLMAP[chunk_07_spatial_matcher] I20260519 13:27:40.372139 13506 feature_matching.cc:217] in 0.262s
2026-05-19T13:27:41 COLMAP[chunk_07_spatial_matcher] I20260519 13:27:40.372195 13506 pairing.cc:631] Processing image [89/188]
2026-05-19T13:27:41 COLMAP[chunk_07_spatial_matcher] I20260519 13:27:40.647526 13506 feature_matching.cc:217] in 0.275s
2026-05-19T13:27:41 COLMAP[chunk_07_spatial_matcher] I20260519 13:27:40.647579 13506 pairing.cc:631] Processing image [90/188]
2026-05-19T13:27:41 COLMAP[chunk_07_spatial_matcher] I20260519 13:27:40.883661 13506 feature_matching.cc:217] in 0.236s
2026-05-19T13:27:41 COLMAP[chunk_07_spatial_matcher] I20260519 13:27:40.883710 13506 pairing.cc:631] Processing image [91/188]
2026-05-19T13:27:41 COLMAP[chunk_07_spatial_matcher] I20260519 13:27:41.093541 13506 feature_matching.cc:217] in 0.210s
2026-05-19T13:27:41 COLMAP[chunk_07_spatial_matcher] I20260519 13:27:41.093595 13506 pairing.cc:631] Processing image [92/188]
2026-05-19T13:27:42 COLMAP[chunk_07_spatial_matcher] I20260519 13:27:41.427266 13506 feature_matching.cc:217] in 0.334s
2026-05-19T13:27:42 COLMAP[chunk_07_spatial_matcher] I20260519 13:27:41.427320 13506 pairing.cc:631] Processing image [93/188]
2026-05-19T13:27:42 COLMAP[chunk_07_spatial_matcher] I20260519 13:27:41.759052 13506 feature_matching.cc:217] in 0.332s
2026-05-19T13:27:42 COLMAP[chunk_07_spatial_matcher] I20260519 13:27:41.759099 13506 pairing.cc:631] Processing image [94/188]
2026-05-19T13:27:42 COLMAP[chunk_07_spatial_matcher] I20260519 13:27:42.006603 13506 feature_matching.cc:217] in 0.248s
2026-05-19T13:27:42 COLMAP[chunk_07_spatial_matcher] I20260519 13:27:42.006657 13506 pairing.cc:631] Processing image [95/188]
2026-05-19T13:27:42 COLMAP[chunk_07_spatial_matcher] I20260519 13:27:42.213263 13506 feature_matching.cc:217] in 0.207s
2026-05-19T13:27:42 COLMAP[chunk_07_spatial_matcher] I20260519 13:27:42.213317 13506 pairing.cc:631] Processing image [96/188]
2026-05-19T13:27:43 COLMAP[chunk_07_spatial_matcher] I20260519 13:27:42.430362 13506 feature_matching.cc:217] in 0.217s
2026-05-19T13:27:43 COLMAP[chunk_07_spatial_matcher] I20260519 13:27:42.430414 13506 pairing.cc:631] Processing image [97/188]
2026-05-19T13:27:43 COLMAP[chunk_07_spatial_matcher] I20260519 13:27:42.592247 13506 feature_matching.cc:217] in 0.162s
2026-05-19T13:27:43 COLMAP[chunk_07_spatial_matcher] I20260519 13:27:42.592298 13506 pairing.cc:631] Processing image [98/188]
2026-05-19T13:27:43 COLMAP[chunk_07_spatial_matcher] I20260519 13:27:42.737949 13506 feature_matching.cc:217] in 0.146s
2026-05-19T13:27:43 COLMAP[chunk_07_spatial_matcher] I20260519 13:27:42.737998 13506 pairing.cc:631] Processing image [99/188]
2026-05-19T13:27:43 COLMAP[chunk_07_spatial_matcher] I20260519 13:27:42.875000 13506 feature_matching.cc:217] in 0.137s
2026-05-19T13:27:43 COLMAP[chunk_07_spatial_matcher] I20260519 13:27:42.875051 13506 pairing.cc:631] Processing image [100/188]
2026-05-19T13:27:43 COLMAP[chunk_07_spatial_matcher] I20260519 13:27:42.954236 13506 feature_matching.cc:217] in 0.079s
2026-05-19T13:27:43 COLMAP[chunk_07_spatial_matcher] I20260519 13:27:42.954288 13506 pairing.cc:631] Processing image [101/188]
2026-05-19T13:27:43 COLMAP[chunk_07_spatial_matcher] I20260519 13:27:43.014343 13506 feature_matching.cc:217] in 0.060s
2026-05-19T13:27:43 COLMAP[chunk_07_spatial_matcher] I20260519 13:27:43.014389 13506 pairing.cc:631] Processing image [102/188]
2026-05-19T13:27:43 COLMAP[chunk_07_spatial_matcher] I20260519 13:27:43.014539 13506 feature_matching.cc:217] in 0.000s
2026-05-19T13:27:43 COLMAP[chunk_07_spatial_matcher] I20260519 13:27:43.014562 13506 pairing.cc:631] Processing image [103/188]
2026-05-19T13:27:43 COLMAP[chunk_07_spatial_matcher] I20260519 13:27:43.166986 13506 feature_matching.cc:217] in 0.152s
2026-05-19T13:27:43 COLMAP[chunk_07_spatial_matcher] I20260519 13:27:43.167037 13506 pairing.cc:631] Processing image [104/188]
2026-05-19T13:27:43 COLMAP[chunk_07_spatial_matcher] I20260519 13:27:43.311095 13506 feature_matching.cc:217] in 0.144s
2026-05-19T13:27:43 COLMAP[chunk_07_spatial_matcher] I20260519 13:27:43.311144 13506 pairing.cc:631] Processing image [105/188]
2026-05-19T13:27:44 COLMAP[chunk_07_spatial_matcher] I20260519 13:27:43.406061 13506 feature_matching.cc:217] in 0.095s
2026-05-19T13:27:44 COLMAP[chunk_07_spatial_matcher] I20260519 13:27:43.406107 13506 pairing.cc:631] Processing image [106/188]
2026-05-19T13:27:44 COLMAP[chunk_07_spatial_matcher] I20260519 13:27:43.493873 13506 feature_matching.cc:217] in 0.088s
2026-05-19T13:27:44 COLMAP[chunk_07_spatial_matcher] I20260519 13:27:43.493925 13506 pairing.cc:631] Processing image [107/188]
2026-05-19T13:27:44 COLMAP[chunk_07_spatial_matcher] I20260519 13:27:43.644393 13506 feature_matching.cc:217] in 0.150s
2026-05-19T13:27:44 COLMAP[chunk_07_spatial_matcher] I20260519 13:27:43.644443 13506 pairing.cc:631] Processing image [108/188]
2026-05-19T13:27:44 COLMAP[chunk_07_spatial_matcher] I20260519 13:27:43.811136 13506 feature_matching.cc:217] in 0.167s
2026-05-19T13:27:44 COLMAP[chunk_07_spatial_matcher] I20260519 13:27:43.811185 13506 pairing.cc:631] Processing image [109/188]
2026-05-19T13:27:44 COLMAP[chunk_07_spatial_matcher] I20260519 13:27:43.997702 13506 feature_matching.cc:217] in 0.187s
2026-05-19T13:27:44 COLMAP[chunk_07_spatial_matcher] I20260519 13:27:43.997753 13506 pairing.cc:631] Processing image [110/188]
2026-05-19T13:27:44 COLMAP[chunk_07_spatial_matcher] I20260519 13:27:44.220798 13506 feature_matching.cc:217] in 0.223s
2026-05-19T13:27:44 COLMAP[chunk_07_spatial_matcher] I20260519 13:27:44.220852 13506 pairing.cc:631] Processing image [111/188]
2026-05-19T13:27:45 COLMAP[chunk_07_spatial_matcher] I20260519 13:27:44.426379 13506 feature_matching.cc:217] in 0.206s
2026-05-19T13:27:45 COLMAP[chunk_07_spatial_matcher] I20260519 13:27:44.426429 13506 pairing.cc:631] Processing image [112/188]
2026-05-19T13:27:45 COLMAP[chunk_07_spatial_matcher] I20260519 13:27:44.612824 13506 feature_matching.cc:217] in 0.186s
2026-05-19T13:27:45 COLMAP[chunk_07_spatial_matcher] I20260519 13:27:44.612877 13506 pairing.cc:631] Processing image [113/188]
2026-05-19T13:27:45 COLMAP[chunk_07_spatial_matcher] I20260519 13:27:44.781297 13506 feature_matching.cc:217] in 0.168s
2026-05-19T13:27:45 COLMAP[chunk_07_spatial_matcher] I20260519 13:27:44.781349 13506 pairing.cc:631] Processing image [114/188]
2026-05-19T13:27:45 COLMAP[chunk_07_spatial_matcher] I20260519 13:27:45.199805 13506 feature_matching.cc:217] in 0.418s
2026-05-19T13:27:45 COLMAP[chunk_07_spatial_matcher] I20260519 13:27:45.199856 13506 pairing.cc:631] Processing image [115/188]
2026-05-19T13:27:46 COLMAP[chunk_07_spatial_matcher] I20260519 13:27:45.687449 13506 feature_matching.cc:217] in 0.488s
2026-05-19T13:27:46 COLMAP[chunk_07_spatial_matcher] I20260519 13:27:45.687505 13506 pairing.cc:631] Processing image [116/188]
2026-05-19T13:27:46 COLMAP[chunk_07_spatial_matcher] I20260519 13:27:46.163651 13506 feature_matching.cc:217] in 0.476s
2026-05-19T13:27:46 COLMAP[chunk_07_spatial_matcher] I20260519 13:27:46.163703 13506 pairing.cc:631] Processing image [117/188]
2026-05-19T13:27:47 COLMAP[chunk_07_spatial_matcher] I20260519 13:27:46.623643 13506 feature_matching.cc:217] in 0.460s
2026-05-19T13:27:47 COLMAP[chunk_07_spatial_matcher] I20260519 13:27:46.623698 13506 pairing.cc:631] Processing image [118/188]
2026-05-19T13:27:47 COLMAP[chunk_07_spatial_matcher] I20260519 13:27:46.731338 13506 feature_matching.cc:217] in 0.108s
2026-05-19T13:27:47 COLMAP[chunk_07_spatial_matcher] I20260519 13:27:46.731390 13506 pairing.cc:631] Processing image [119/188]
2026-05-19T13:27:47 COLMAP[chunk_07_spatial_matcher] I20260519 13:27:46.833951 13506 feature_matching.cc:217] in 0.103s
2026-05-19T13:27:47 COLMAP[chunk_07_spatial_matcher] I20260519 13:27:46.833998 13506 pairing.cc:631] Processing image [120/188]
2026-05-19T13:27:48 COLMAP[chunk_07_spatial_matcher] I20260519 13:27:47.421267 13506 feature_matching.cc:217] in 0.587s
2026-05-19T13:27:48 COLMAP[chunk_07_spatial_matcher] I20260519 13:27:47.421320 13506 pairing.cc:631] Processing image [121/188]
2026-05-19T13:27:48 COLMAP[chunk_07_spatial_matcher] I20260519 13:27:47.743458 13506 feature_matching.cc:217] in 0.322s
2026-05-19T13:27:48 COLMAP[chunk_07_spatial_matcher] I20260519 13:27:47.743513 13506 pairing.cc:631] Processing image [122/188]
2026-05-19T13:27:48 COLMAP[chunk_07_spatial_matcher] I20260519 13:27:48.123921 13506 feature_matching.cc:217] in 0.380s
2026-05-19T13:27:48 COLMAP[chunk_07_spatial_matcher] I20260519 13:27:48.123975 13506 pairing.cc:631] Processing image [123/188]
2026-05-19T13:27:49 COLMAP[chunk_07_spatial_matcher] I20260519 13:27:48.412952 13506 feature_matching.cc:217] in 0.289s
2026-05-19T13:27:49 COLMAP[chunk_07_spatial_matcher] I20260519 13:27:48.412999 13506 pairing.cc:631] Processing image [124/188]
2026-05-19T13:27:49 COLMAP[chunk_07_spatial_matcher] I20260519 13:27:48.666253 13506 feature_matching.cc:217] in 0.253s
2026-05-19T13:27:49 COLMAP[chunk_07_spatial_matcher] I20260519 13:27:48.666306 13506 pairing.cc:631] Processing image [125/188]
2026-05-19T13:27:49 COLMAP[chunk_07_spatial_matcher] I20260519 13:27:48.882800 13506 feature_matching.cc:217] in 0.217s
2026-05-19T13:27:49 COLMAP[chunk_07_spatial_matcher] I20260519 13:27:48.882850 13506 pairing.cc:631] Processing image [126/188]
2026-05-19T13:27:49 COLMAP[chunk_07_spatial_matcher] I20260519 13:27:49.172611 13506 feature_matching.cc:217] in 0.290s
2026-05-19T13:27:49 COLMAP[chunk_07_spatial_matcher] I20260519 13:27:49.172664 13506 pairing.cc:631] Processing image [127/188]
2026-05-19T13:27:50 COLMAP[chunk_07_spatial_matcher] I20260519 13:27:49.436789 13506 feature_matching.cc:217] in 0.264s
2026-05-19T13:27:50 COLMAP[chunk_07_spatial_matcher] I20260519 13:27:49.436841 13506 pairing.cc:631] Processing image [128/188]
2026-05-19T13:27:50 COLMAP[chunk_07_spatial_matcher] I20260519 13:27:49.756699 13506 feature_matching.cc:217] in 0.320s
2026-05-19T13:27:50 COLMAP[chunk_07_spatial_matcher] I20260519 13:27:49.756750 13506 pairing.cc:631] Processing image [129/188]
2026-05-19T13:27:50 COLMAP[chunk_07_spatial_matcher] I20260519 13:27:50.019315 13506 feature_matching.cc:217] in 0.263s
2026-05-19T13:27:50 COLMAP[chunk_07_spatial_matcher] I20260519 13:27:50.019368 13506 pairing.cc:631] Processing image [130/188]
2026-05-19T13:27:50 COLMAP[chunk_07_spatial_matcher] I20260519 13:27:50.260738 13506 feature_matching.cc:217] in 0.241s
2026-05-19T13:27:50 COLMAP[chunk_07_spatial_matcher] I20260519 13:27:50.260789 13506 pairing.cc:631] Processing image [131/188]
2026-05-19T13:27:51 COLMAP[chunk_07_spatial_matcher] I20260519 13:27:50.485260 13506 feature_matching.cc:217] in 0.225s
2026-05-19T13:27:51 COLMAP[chunk_07_spatial_matcher] I20260519 13:27:50.485314 13506 pairing.cc:631] Processing image [132/188]
2026-05-19T13:27:51 COLMAP[chunk_07_spatial_matcher] I20260519 13:27:50.683699 13506 feature_matching.cc:217] in 0.198s
2026-05-19T13:27:51 COLMAP[chunk_07_spatial_matcher] I20260519 13:27:50.683751 13506 pairing.cc:631] Processing image [133/188]
2026-05-19T13:27:51 COLMAP[chunk_07_spatial_matcher] I20260519 13:27:50.853536 13506 feature_matching.cc:217] in 0.170s
2026-05-19T13:27:51 COLMAP[chunk_07_spatial_matcher] I20260519 13:27:50.853590 13506 pairing.cc:631] Processing image [134/188]
2026-05-19T13:27:51 COLMAP[chunk_07_spatial_matcher] I20260519 13:27:51.058501 13506 feature_matching.cc:217] in 0.205s
2026-05-19T13:27:51 COLMAP[chunk_07_spatial_matcher] I20260519 13:27:51.058554 13506 pairing.cc:631] Processing image [135/188]
2026-05-19T13:27:52 COLMAP[chunk_07_spatial_matcher] I20260519 13:27:51.556977 13506 feature_matching.cc:217] in 0.498s
2026-05-19T13:27:52 COLMAP[chunk_07_spatial_matcher] I20260519 13:27:51.557024 13506 pairing.cc:631] Processing image [136/188]
2026-05-19T13:27:52 COLMAP[chunk_07_spatial_matcher] I20260519 13:27:52.024722 13506 feature_matching.cc:217] in 0.468s
2026-05-19T13:27:52 COLMAP[chunk_07_spatial_matcher] I20260519 13:27:52.024784 13506 pairing.cc:631] Processing image [137/188]
2026-05-19T13:27:53 COLMAP[chunk_07_spatial_matcher] I20260519 13:27:53.170203 13506 feature_matching.cc:217] in 1.145s
2026-05-19T13:27:53 COLMAP[chunk_07_spatial_matcher] I20260519 13:27:53.170256 13506 pairing.cc:631] Processing image [138/188]
2026-05-19T13:27:54 COLMAP[chunk_07_spatial_matcher] I20260519 13:27:54.202670 13506 feature_matching.cc:217] in 1.032s
2026-05-19T13:27:54 COLMAP[chunk_07_spatial_matcher] I20260519 13:27:54.202750 13506 pairing.cc:631] Processing image [139/188]
2026-05-19T13:27:55 COLMAP[chunk_07_spatial_matcher] I20260519 13:27:55.012455 13506 feature_matching.cc:217] in 0.810s
2026-05-19T13:27:55 COLMAP[chunk_07_spatial_matcher] I20260519 13:27:55.012511 13506 pairing.cc:631] Processing image [140/188]
2026-05-19T13:27:56 COLMAP[chunk_07_spatial_matcher] I20260519 13:27:56.114773 13506 feature_matching.cc:217] in 1.102s
2026-05-19T13:27:56 COLMAP[chunk_07_spatial_matcher] I20260519 13:27:56.114826 13506 pairing.cc:631] Processing image [141/188]
2026-05-19T13:27:57 COLMAP[chunk_07_spatial_matcher] I20260519 13:27:56.681825 13506 feature_matching.cc:217] in 0.567s
2026-05-19T13:27:57 COLMAP[chunk_07_spatial_matcher] I20260519 13:27:56.681881 13506 pairing.cc:631] Processing image [142/188]
2026-05-19T13:27:57 COLMAP[chunk_07_spatial_matcher] I20260519 13:27:56.937222 13506 feature_matching.cc:217] in 0.255s
2026-05-19T13:27:57 COLMAP[chunk_07_spatial_matcher] I20260519 13:27:56.937275 13506 pairing.cc:631] Processing image [143/188]
2026-05-19T13:27:58 COLMAP[chunk_07_spatial_matcher] I20260519 13:27:57.365218 13506 feature_matching.cc:217] in 0.428s
2026-05-19T13:27:58 COLMAP[chunk_07_spatial_matcher] I20260519 13:27:57.365270 13506 pairing.cc:631] Processing image [144/188]
2026-05-19T13:27:58 COLMAP[chunk_07_spatial_matcher] I20260519 13:27:57.497327 13506 feature_matching.cc:217] in 0.132s
2026-05-19T13:27:58 COLMAP[chunk_07_spatial_matcher] I20260519 13:27:57.497380 13506 pairing.cc:631] Processing image [145/188]
2026-05-19T13:27:58 COLMAP[chunk_07_spatial_matcher] I20260519 13:27:57.644537 13506 feature_matching.cc:217] in 0.147s
2026-05-19T13:27:58 COLMAP[chunk_07_spatial_matcher] I20260519 13:27:57.644589 13506 pairing.cc:631] Processing image [146/188]
2026-05-19T13:27:58 COLMAP[chunk_07_spatial_matcher] I20260519 13:27:57.751377 13506 feature_matching.cc:217] in 0.107s
2026-05-19T13:27:58 COLMAP[chunk_07_spatial_matcher] I20260519 13:27:57.751428 13506 pairing.cc:631] Processing image [147/188]
2026-05-19T13:27:58 COLMAP[chunk_07_spatial_matcher] I20260519 13:27:58.020117 13506 feature_matching.cc:217] in 0.269s
2026-05-19T13:27:58 COLMAP[chunk_07_spatial_matcher] I20260519 13:27:58.020170 13506 pairing.cc:631] Processing image [148/188]
2026-05-19T13:27:58 COLMAP[chunk_07_spatial_matcher] I20260519 13:27:58.135812 13506 feature_matching.cc:217] in 0.116s
2026-05-19T13:27:58 COLMAP[chunk_07_spatial_matcher] I20260519 13:27:58.135867 13506 pairing.cc:631] Processing image [149/188]
2026-05-19T13:27:58 COLMAP[chunk_07_spatial_matcher] I20260519 13:27:58.280625 13506 feature_matching.cc:217] in 0.145s
2026-05-19T13:27:58 COLMAP[chunk_07_spatial_matcher] I20260519 13:27:58.280685 13506 pairing.cc:631] Processing image [150/188]
2026-05-19T13:27:59 COLMAP[chunk_07_spatial_matcher] I20260519 13:27:58.416144 13506 feature_matching.cc:217] in 0.135s
2026-05-19T13:27:59 COLMAP[chunk_07_spatial_matcher] I20260519 13:27:58.416198 13506 pairing.cc:631] Processing image [151/188]
2026-05-19T13:27:59 COLMAP[chunk_07_spatial_matcher] I20260519 13:27:58.585363 13506 feature_matching.cc:217] in 0.169s
2026-05-19T13:27:59 COLMAP[chunk_07_spatial_matcher] I20260519 13:27:58.585418 13506 pairing.cc:631] Processing image [152/188]
2026-05-19T13:27:59 COLMAP[chunk_07_spatial_matcher] I20260519 13:27:58.729471 13506 feature_matching.cc:217] in 0.144s
2026-05-19T13:27:59 COLMAP[chunk_07_spatial_matcher] I20260519 13:27:58.729524 13506 pairing.cc:631] Processing image [153/188]
2026-05-19T13:27:59 COLMAP[chunk_07_spatial_matcher] I20260519 13:27:58.830189 13506 feature_matching.cc:217] in 0.101s
2026-05-19T13:27:59 COLMAP[chunk_07_spatial_matcher] I20260519 13:27:58.830242 13506 pairing.cc:631] Processing image [154/188]
2026-05-19T13:27:59 COLMAP[chunk_07_spatial_matcher] I20260519 13:27:59.035758 13506 feature_matching.cc:217] in 0.206s
2026-05-19T13:27:59 COLMAP[chunk_07_spatial_matcher] I20260519 13:27:59.035812 13506 pairing.cc:631] Processing image [155/188]
2026-05-19T13:27:59 COLMAP[chunk_07_spatial_matcher] I20260519 13:27:59.155009 13506 feature_matching.cc:217] in 0.119s
2026-05-19T13:27:59 COLMAP[chunk_07_spatial_matcher] I20260519 13:27:59.155059 13506 pairing.cc:631] Processing image [156/188]
2026-05-19T13:27:59 COLMAP[chunk_07_spatial_matcher] I20260519 13:27:59.327724 13506 feature_matching.cc:217] in 0.173s
2026-05-19T13:27:59 COLMAP[chunk_07_spatial_matcher] I20260519 13:27:59.327776 13506 pairing.cc:631] Processing image [157/188]
2026-05-19T13:28:00 COLMAP[chunk_07_spatial_matcher] I20260519 13:27:59.515208 13506 feature_matching.cc:217] in 0.187s
2026-05-19T13:28:00 COLMAP[chunk_07_spatial_matcher] I20260519 13:27:59.515264 13506 pairing.cc:631] Processing image [158/188]
2026-05-19T13:28:00 COLMAP[chunk_07_spatial_matcher] I20260519 13:27:59.801492 13506 feature_matching.cc:217] in 0.286s
2026-05-19T13:28:00 COLMAP[chunk_07_spatial_matcher] I20260519 13:27:59.801546 13506 pairing.cc:631] Processing image [159/188]
2026-05-19T13:28:00 COLMAP[chunk_07_spatial_matcher] I20260519 13:27:59.883862 13506 feature_matching.cc:217] in 0.082s
2026-05-19T13:28:00 COLMAP[chunk_07_spatial_matcher] I20260519 13:27:59.883914 13506 pairing.cc:631] Processing image [160/188]
2026-05-19T13:28:00 COLMAP[chunk_07_spatial_matcher] I20260519 13:28:00.104862 13506 feature_matching.cc:217] in 0.221s
2026-05-19T13:28:00 COLMAP[chunk_07_spatial_matcher] I20260519 13:28:00.104916 13506 pairing.cc:631] Processing image [161/188]
2026-05-19T13:28:00 COLMAP[chunk_07_spatial_matcher] I20260519 13:28:00.300910 13506 feature_matching.cc:217] in 0.196s
2026-05-19T13:28:00 COLMAP[chunk_07_spatial_matcher] I20260519 13:28:00.300962 13506 pairing.cc:631] Processing image [162/188]
2026-05-19T13:28:01 COLMAP[chunk_07_spatial_matcher] I20260519 13:28:00.697904 13506 feature_matching.cc:217] in 0.397s
2026-05-19T13:28:01 COLMAP[chunk_07_spatial_matcher] I20260519 13:28:00.697956 13506 pairing.cc:631] Processing image [163/188]
2026-05-19T13:28:01 COLMAP[chunk_07_spatial_matcher] I20260519 13:28:01.219476 13506 feature_matching.cc:217] in 0.522s
2026-05-19T13:28:01 COLMAP[chunk_07_spatial_matcher] I20260519 13:28:01.219530 13506 pairing.cc:631] Processing image [164/188]
2026-05-19T13:28:02 COLMAP[chunk_07_spatial_matcher] I20260519 13:28:01.503391 13506 feature_matching.cc:217] in 0.284s
2026-05-19T13:28:02 COLMAP[chunk_07_spatial_matcher] I20260519 13:28:01.503445 13506 pairing.cc:631] Processing image [165/188]
2026-05-19T13:28:02 COLMAP[chunk_07_spatial_matcher] I20260519 13:28:01.669515 13506 feature_matching.cc:217] in 0.166s
2026-05-19T13:28:02 COLMAP[chunk_07_spatial_matcher] I20260519 13:28:01.669569 13506 pairing.cc:631] Processing image [166/188]
2026-05-19T13:28:02 COLMAP[chunk_07_spatial_matcher] I20260519 13:28:01.833180 13506 feature_matching.cc:217] in 0.164s
2026-05-19T13:28:02 COLMAP[chunk_07_spatial_matcher] I20260519 13:28:01.833230 13506 pairing.cc:631] Processing image [167/188]
2026-05-19T13:28:02 COLMAP[chunk_07_spatial_matcher] I20260519 13:28:01.930323 13506 feature_matching.cc:217] in 0.097s
2026-05-19T13:28:02 COLMAP[chunk_07_spatial_matcher] I20260519 13:28:01.930398 13506 pairing.cc:631] Processing image [168/188]
2026-05-19T13:28:02 COLMAP[chunk_07_spatial_matcher] I20260519 13:28:02.074761 13506 feature_matching.cc:217] in 0.144s
2026-05-19T13:28:02 COLMAP[chunk_07_spatial_matcher] I20260519 13:28:02.074815 13506 pairing.cc:631] Processing image [169/188]
2026-05-19T13:28:02 COLMAP[chunk_07_spatial_matcher] I20260519 13:28:02.175216 13506 feature_matching.cc:217] in 0.100s
2026-05-19T13:28:02 COLMAP[chunk_07_spatial_matcher] I20260519 13:28:02.175267 13506 pairing.cc:631] Processing image [170/188]
2026-05-19T13:28:02 COLMAP[chunk_07_spatial_matcher] I20260519 13:28:02.245497 13506 feature_matching.cc:217] in 0.070s
2026-05-19T13:28:02 COLMAP[chunk_07_spatial_matcher] I20260519 13:28:02.245550 13506 pairing.cc:631] Processing image [171/188]
2026-05-19T13:28:02 COLMAP[chunk_07_spatial_matcher] I20260519 13:28:02.305281 13506 feature_matching.cc:217] in 0.060s
2026-05-19T13:28:02 COLMAP[chunk_07_spatial_matcher] I20260519 13:28:02.305335 13506 pairing.cc:631] Processing image [172/188]
2026-05-19T13:28:03 COLMAP[chunk_07_spatial_matcher] I20260519 13:28:02.386946 13506 feature_matching.cc:217] in 0.082s
2026-05-19T13:28:03 COLMAP[chunk_07_spatial_matcher] I20260519 13:28:02.387003 13506 pairing.cc:631] Processing image [173/188]
2026-05-19T13:28:03 COLMAP[chunk_07_spatial_matcher] I20260519 13:28:02.760033 13506 feature_matching.cc:217] in 0.373s
2026-05-19T13:28:03 COLMAP[chunk_07_spatial_matcher] I20260519 13:28:02.760092 13506 pairing.cc:631] Processing image [174/188]
2026-05-19T13:28:03 COLMAP[chunk_07_spatial_matcher] I20260519 13:28:02.876209 13506 feature_matching.cc:217] in 0.116s
2026-05-19T13:28:03 COLMAP[chunk_07_spatial_matcher] I20260519 13:28:02.876258 13506 pairing.cc:631] Processing image [175/188]
2026-05-19T13:28:03 COLMAP[chunk_07_spatial_matcher] I20260519 13:28:03.271651 13506 feature_matching.cc:217] in 0.395s
2026-05-19T13:28:03 COLMAP[chunk_07_spatial_matcher] I20260519 13:28:03.271706 13506 pairing.cc:631] Processing image [176/188]
2026-05-19T13:28:04 COLMAP[chunk_07_spatial_matcher] I20260519 13:28:03.686851 13506 feature_matching.cc:217] in 0.415s
2026-05-19T13:28:04 COLMAP[chunk_07_spatial_matcher] I20260519 13:28:03.686902 13506 pairing.cc:631] Processing image [177/188]
2026-05-19T13:28:04 COLMAP[chunk_07_spatial_matcher] I20260519 13:28:03.845364 13506 feature_matching.cc:217] in 0.158s
2026-05-19T13:28:04 COLMAP[chunk_07_spatial_matcher] I20260519 13:28:03.845422 13506 pairing.cc:631] Processing image [178/188]
2026-05-19T13:28:04 COLMAP[chunk_07_spatial_matcher] I20260519 13:28:04.131526 13506 feature_matching.cc:217] in 0.286s
2026-05-19T13:28:04 COLMAP[chunk_07_spatial_matcher] I20260519 13:28:04.131580 13506 pairing.cc:631] Processing image [179/188]
2026-05-19T13:28:04 COLMAP[chunk_07_spatial_matcher] I20260519 13:28:04.248409 13506 feature_matching.cc:217] in 0.117s
2026-05-19T13:28:04 COLMAP[chunk_07_spatial_matcher] I20260519 13:28:04.248466 13506 pairing.cc:631] Processing image [180/188]
2026-05-19T13:28:05 COLMAP[chunk_07_spatial_matcher] I20260519 13:28:04.424249 13506 feature_matching.cc:217] in 0.176s
2026-05-19T13:28:05 COLMAP[chunk_07_spatial_matcher] I20260519 13:28:04.424302 13506 pairing.cc:631] Processing image [181/188]
2026-05-19T13:28:05 COLMAP[chunk_07_spatial_matcher] I20260519 13:28:04.607398 13506 feature_matching.cc:217] in 0.183s
2026-05-19T13:28:05 COLMAP[chunk_07_spatial_matcher] I20260519 13:28:04.607452 13506 pairing.cc:631] Processing image [182/188]
2026-05-19T13:28:05 COLMAP[chunk_07_spatial_matcher] I20260519 13:28:04.726881 13506 feature_matching.cc:217] in 0.119s
2026-05-19T13:28:05 COLMAP[chunk_07_spatial_matcher] I20260519 13:28:04.726938 13506 pairing.cc:631] Processing image [183/188]
2026-05-19T13:28:05 COLMAP[chunk_07_spatial_matcher] I20260519 13:28:04.861835 13506 feature_matching.cc:217] in 0.135s
2026-05-19T13:28:05 COLMAP[chunk_07_spatial_matcher] I20260519 13:28:04.861887 13506 pairing.cc:631] Processing image [184/188]
2026-05-19T13:28:05 COLMAP[chunk_07_spatial_matcher] I20260519 13:28:05.010998 13506 feature_matching.cc:217] in 0.149s
2026-05-19T13:28:05 COLMAP[chunk_07_spatial_matcher] I20260519 13:28:05.011054 13506 pairing.cc:631] Processing image [185/188]
2026-05-19T13:28:05 COLMAP[chunk_07_spatial_matcher] I20260519 13:28:05.177465 13506 feature_matching.cc:217] in 0.166s
2026-05-19T13:28:05 COLMAP[chunk_07_spatial_matcher] I20260519 13:28:05.177515 13506 pairing.cc:631] Processing image [186/188]
2026-05-19T13:28:06 COLMAP[chunk_07_spatial_matcher] I20260519 13:28:05.352461 13506 feature_matching.cc:217] in 0.175s
2026-05-19T13:28:06 COLMAP[chunk_07_spatial_matcher] I20260519 13:28:05.352515 13506 pairing.cc:631] Processing image [187/188]
2026-05-19T13:28:06 COLMAP[chunk_07_spatial_matcher] I20260519 13:28:05.946761 13506 feature_matching.cc:217] in 0.594s
2026-05-19T13:28:06 COLMAP[chunk_07_spatial_matcher] I20260519 13:28:05.946810 13506 pairing.cc:631] Processing image [188/188]
2026-05-19T13:28:07 COLMAP[chunk_07_spatial_matcher] I20260519 13:28:06.768997 13506 feature_matching.cc:217] in 0.822s
2026-05-19T13:28:07 COLMAP[chunk_07_spatial_matcher] I20260519 13:28:06.769047 13506 timer.cc:90] Elapsed time: 1.217 [minutes]
2026-05-19T13:28:07 2026-05-19 13:28:06,840 - INFO - chunk_07_spatial_matcher added 1348 verified image pairs
2026-05-19T13:28:07 2026-05-19 13:28:06,842 - INFO - [chunk_07_sequential_matcher] colmap sequential_matcher --database_path /tmp/colmap_sfm_rcnmny4o/chunk_07/database.db --SequentialMatching.overlap 8 --SequentialMatching.quadratic_overlap 1 --SequentialMatching.loop_detection 0
2026-05-19T13:28:07 COLMAP[chunk_07_sequential_matcher] I20260519 13:28:07.038987 13556 feature_matching.cc:195] === Feature matching & geometric verification ===
2026-05-19T13:28:07 COLMAP[chunk_07_sequential_matcher] I20260519 13:28:07.099246 13557 feature_matching_utils.cc:80] Bind FeatureMatcherWorker to GPU device 0
2026-05-19T13:28:07 COLMAP[chunk_07_sequential_matcher] I20260519 13:28:07.099999 13557 sift.cc:1547] Creating SIFT GPU feature matcher
2026-05-19T13:28:07 COLMAP[chunk_07_sequential_matcher] I20260519 13:28:07.100653 13556 pairing.cc:415] Generating sequential image pairs...
2026-05-19T13:28:07 COLMAP[chunk_07_sequential_matcher] I20260519 13:28:07.103504 13556 pairing.cc:473] Processing image [1/188]
2026-05-19T13:28:08 COLMAP[chunk_07_sequential_matcher] I20260519 13:28:07.640260 13556 feature_matching.cc:217] in 0.537s
2026-05-19T13:28:08 COLMAP[chunk_07_sequential_matcher] I20260519 13:28:07.640314 13556 pairing.cc:473] Processing image [2/188]
2026-05-19T13:28:08 COLMAP[chunk_07_sequential_matcher] I20260519 13:28:08.276922 13556 feature_matching.cc:217] in 0.637s
2026-05-19T13:28:08 COLMAP[chunk_07_sequential_matcher] I20260519 13:28:08.276980 13556 pairing.cc:473] Processing image [3/188]
2026-05-19T13:28:09 COLMAP[chunk_07_sequential_matcher] I20260519 13:28:08.964749 13556 feature_matching.cc:217] in 0.688s
2026-05-19T13:28:09 COLMAP[chunk_07_sequential_matcher] I20260519 13:28:08.964800 13556 pairing.cc:473] Processing image [4/188]
2026-05-19T13:28:10 COLMAP[chunk_07_sequential_matcher] I20260519 13:28:09.612066 13556 feature_matching.cc:217] in 0.647s
2026-05-19T13:28:10 COLMAP[chunk_07_sequential_matcher] I20260519 13:28:09.612118 13556 pairing.cc:473] Processing image [5/188]
2026-05-19T13:28:11 COLMAP[chunk_07_sequential_matcher] I20260519 13:28:10.382877 13556 feature_matching.cc:217] in 0.771s
2026-05-19T13:28:11 COLMAP[chunk_07_sequential_matcher] I20260519 13:28:10.382930 13556 pairing.cc:473] Processing image [6/188]
2026-05-19T13:28:11 COLMAP[chunk_07_sequential_matcher] I20260519 13:28:10.963320 13556 feature_matching.cc:217] in 0.580s
2026-05-19T13:28:11 COLMAP[chunk_07_sequential_matcher] I20260519 13:28:10.963373 13556 pairing.cc:473] Processing image [7/188]
2026-05-19T13:28:12 COLMAP[chunk_07_sequential_matcher] I20260519 13:28:11.708599 13556 feature_matching.cc:217] in 0.745s
2026-05-19T13:28:12 COLMAP[chunk_07_sequential_matcher] I20260519 13:28:11.708652 13556 pairing.cc:473] Processing image [8/188]
2026-05-19T13:28:13 COLMAP[chunk_07_sequential_matcher] I20260519 13:28:12.672183 13556 feature_matching.cc:217] in 0.964s
2026-05-19T13:28:13 COLMAP[chunk_07_sequential_matcher] I20260519 13:28:12.672235 13556 pairing.cc:473] Processing image [9/188]
2026-05-19T13:28:14 COLMAP[chunk_07_sequential_matcher] I20260519 13:28:13.629333 13556 feature_matching.cc:217] in 0.957s
2026-05-19T13:28:14 COLMAP[chunk_07_sequential_matcher] I20260519 13:28:13.629386 13556 pairing.cc:473] Processing image [10/188]
2026-05-19T13:28:15 COLMAP[chunk_07_sequential_matcher] I20260519 13:28:14.660594 13556 feature_matching.cc:217] in 1.031s
2026-05-19T13:28:15 COLMAP[chunk_07_sequential_matcher] I20260519 13:28:14.660650 13556 pairing.cc:473] Processing image [11/188]
2026-05-19T13:28:15 COLMAP[chunk_07_sequential_matcher] I20260519 13:28:15.315375 13556 feature_matching.cc:217] in 0.655s
2026-05-19T13:28:15 COLMAP[chunk_07_sequential_matcher] I20260519 13:28:15.315426 13556 pairing.cc:473] Processing image [12/188]
2026-05-19T13:28:16 COLMAP[chunk_07_sequential_matcher] I20260519 13:28:16.301498 13556 feature_matching.cc:217] in 0.986s
2026-05-19T13:28:16 COLMAP[chunk_07_sequential_matcher] I20260519 13:28:16.301553 13556 pairing.cc:473] Processing image [13/188]
2026-05-19T13:28:17 COLMAP[chunk_07_sequential_matcher] I20260519 13:28:17.316762 13556 feature_matching.cc:217] in 1.015s
2026-05-19T13:28:17 COLMAP[chunk_07_sequential_matcher] I20260519 13:28:17.316816 13556 pairing.cc:473] Processing image [14/188]
2026-05-19T13:28:18 COLMAP[chunk_07_sequential_matcher] I20260519 13:28:17.806463 13556 feature_matching.cc:217] in 0.490s
2026-05-19T13:28:18 COLMAP[chunk_07_sequential_matcher] I20260519 13:28:17.806527 13556 pairing.cc:473] Processing image [15/188]
2026-05-19T13:28:18 COLMAP[chunk_07_sequential_matcher] I20260519 13:28:18.343477 13556 feature_matching.cc:217] in 0.537s
2026-05-19T13:28:18 COLMAP[chunk_07_sequential_matcher] I20260519 13:28:18.343537 13556 pairing.cc:473] Processing image [16/188]
2026-05-19T13:28:19 COLMAP[chunk_07_sequential_matcher] I20260519 13:28:18.792009 13556 feature_matching.cc:217] in 0.449s
2026-05-19T13:28:19 COLMAP[chunk_07_sequential_matcher] I20260519 13:28:18.792064 13556 pairing.cc:473] Processing image [17/188]
2026-05-19T13:28:20 COLMAP[chunk_07_sequential_matcher] I20260519 13:28:19.359797 13556 feature_matching.cc:217] in 0.568s
2026-05-19T13:28:20 COLMAP[chunk_07_sequential_matcher] I20260519 13:28:19.359858 13556 pairing.cc:473] Processing image [18/188]
2026-05-19T13:28:20 COLMAP[chunk_07_sequential_matcher] I20260519 13:28:19.744028 13556 feature_matching.cc:217] in 0.384s
2026-05-19T13:28:20 COLMAP[chunk_07_sequential_matcher] I20260519 13:28:19.744083 13556 pairing.cc:473] Processing image [19/188]
2026-05-19T13:28:20 COLMAP[chunk_07_sequential_matcher] I20260519 13:28:20.143210 13556 feature_matching.cc:217] in 0.399s
2026-05-19T13:28:20 COLMAP[chunk_07_sequential_matcher] I20260519 13:28:20.143265 13556 pairing.cc:473] Processing image [20/188]
2026-05-19T13:28:21 COLMAP[chunk_07_sequential_matcher] I20260519 13:28:20.528626 13556 feature_matching.cc:217] in 0.385s
2026-05-19T13:28:21 COLMAP[chunk_07_sequential_matcher] I20260519 13:28:20.528681 13556 pairing.cc:473] Processing image [21/188]
2026-05-19T13:28:21 COLMAP[chunk_07_sequential_matcher] I20260519 13:28:20.909952 13556 feature_matching.cc:217] in 0.381s
2026-05-19T13:28:21 COLMAP[chunk_07_sequential_matcher] I20260519 13:28:20.910006 13556 pairing.cc:473] Processing image [22/188]
2026-05-19T13:28:21 COLMAP[chunk_07_sequential_matcher] I20260519 13:28:21.292785 13556 feature_matching.cc:217] in 0.383s
2026-05-19T13:28:21 COLMAP[chunk_07_sequential_matcher] I20260519 13:28:21.292841 13556 pairing.cc:473] Processing image [23/188]
2026-05-19T13:28:22 COLMAP[chunk_07_sequential_matcher] I20260519 13:28:21.733289 13556 feature_matching.cc:217] in 0.440s
2026-05-19T13:28:22 COLMAP[chunk_07_sequential_matcher] I20260519 13:28:21.733342 13556 pairing.cc:473] Processing image [24/188]
2026-05-19T13:28:22 COLMAP[chunk_07_sequential_matcher] I20260519 13:28:22.113294 13556 feature_matching.cc:217] in 0.380s
2026-05-19T13:28:22 COLMAP[chunk_07_sequential_matcher] I20260519 13:28:22.113353 13556 pairing.cc:473] Processing image [25/188]
2026-05-19T13:28:23 COLMAP[chunk_07_sequential_matcher] I20260519 13:28:22.439304 13556 feature_matching.cc:217] in 0.326s
2026-05-19T13:28:23 COLMAP[chunk_07_sequential_matcher] I20260519 13:28:22.439373 13556 pairing.cc:473] Processing image [26/188]
2026-05-19T13:28:23 COLMAP[chunk_07_sequential_matcher] I20260519 13:28:22.659740 13556 feature_matching.cc:217] in 0.220s
2026-05-19T13:28:23 COLMAP[chunk_07_sequential_matcher] I20260519 13:28:22.659806 13556 pairing.cc:473] Processing image [27/188]
2026-05-19T13:28:23 COLMAP[chunk_07_sequential_matcher] I20260519 13:28:22.988366 13556 feature_matching.cc:217] in 0.329s
2026-05-19T13:28:23 COLMAP[chunk_07_sequential_matcher] I20260519 13:28:22.988422 13556 pairing.cc:473] Processing image [28/188]
2026-05-19T13:28:24 COLMAP[chunk_07_sequential_matcher] I20260519 13:28:23.375609 13556 feature_matching.cc:217] in 0.387s
2026-05-19T13:28:24 COLMAP[chunk_07_sequential_matcher] I20260519 13:28:23.375667 13556 pairing.cc:473] Processing image [29/188]
2026-05-19T13:28:24 COLMAP[chunk_07_sequential_matcher] I20260519 13:28:23.751907 13556 feature_matching.cc:217] in 0.376s
2026-05-19T13:28:24 COLMAP[chunk_07_sequential_matcher] I20260519 13:28:23.751963 13556 pairing.cc:473] Processing image [30/188]
2026-05-19T13:28:24 COLMAP[chunk_07_sequential_matcher] I20260519 13:28:24.143889 13556 feature_matching.cc:217] in 0.392s
2026-05-19T13:28:24 COLMAP[chunk_07_sequential_matcher] I20260519 13:28:24.143944 13556 pairing.cc:473] Processing image [31/188]
2026-05-19T13:28:24 COLMAP[chunk_07_sequential_matcher] I20260519 13:28:24.294195 13556 feature_matching.cc:217] in 0.150s
2026-05-19T13:28:24 COLMAP[chunk_07_sequential_matcher] I20260519 13:28:24.294248 13556 pairing.cc:473] Processing image [32/188]
2026-05-19T13:28:25 COLMAP[chunk_07_sequential_matcher] I20260519 13:28:24.713620 13556 feature_matching.cc:217] in 0.419s
2026-05-19T13:28:25 COLMAP[chunk_07_sequential_matcher] I20260519 13:28:24.713697 13556 pairing.cc:473] Processing image [33/188]
2026-05-19T13:28:25 COLMAP[chunk_07_sequential_matcher] I20260519 13:28:25.075344 13556 feature_matching.cc:217] in 0.362s
2026-05-19T13:28:25 COLMAP[chunk_07_sequential_matcher] I20260519 13:28:25.075402 13556 pairing.cc:473] Processing image [34/188]
2026-05-19T13:28:26 COLMAP[chunk_07_sequential_matcher] I20260519 13:28:25.564518 13556 feature_matching.cc:217] in 0.489s
2026-05-19T13:28:26 COLMAP[chunk_07_sequential_matcher] I20260519 13:28:25.564569 13556 pairing.cc:473] Processing image [35/188]
2026-05-19T13:28:26 COLMAP[chunk_07_sequential_matcher] I20260519 13:28:26.014233 13556 feature_matching.cc:217] in 0.450s
2026-05-19T13:28:26 COLMAP[chunk_07_sequential_matcher] I20260519 13:28:26.014288 13556 pairing.cc:473] Processing image [36/188]
2026-05-19T13:28:27 COLMAP[chunk_07_sequential_matcher] I20260519 13:28:26.390125 13556 feature_matching.cc:217] in 0.376s
2026-05-19T13:28:27 COLMAP[chunk_07_sequential_matcher] I20260519 13:28:26.390177 13556 pairing.cc:473] Processing image [37/188]
2026-05-19T13:28:27 COLMAP[chunk_07_sequential_matcher] I20260519 13:28:27.039296 13556 feature_matching.cc:217] in 0.649s
2026-05-19T13:28:27 COLMAP[chunk_07_sequential_matcher] I20260519 13:28:27.039351 13556 pairing.cc:473] Processing image [38/188]
2026-05-19T13:28:28 COLMAP[chunk_07_sequential_matcher] I20260519 13:28:27.488370 13556 feature_matching.cc:217] in 0.449s
2026-05-19T13:28:28 COLMAP[chunk_07_sequential_matcher] I20260519 13:28:27.488423 13556 pairing.cc:473] Processing image [39/188]
2026-05-19T13:28:28 COLMAP[chunk_07_sequential_matcher] I20260519 13:28:28.348583 13556 feature_matching.cc:217] in 0.860s
2026-05-19T13:28:28 COLMAP[chunk_07_sequential_matcher] I20260519 13:28:28.348636 13556 pairing.cc:473] Processing image [40/188]
2026-05-19T13:28:29 COLMAP[chunk_07_sequential_matcher] I20260519 13:28:28.828696 13556 feature_matching.cc:217] in 0.480s
2026-05-19T13:28:29 COLMAP[chunk_07_sequential_matcher] I20260519 13:28:28.828749 13556 pairing.cc:473] Processing image [41/188]
2026-05-19T13:28:29 COLMAP[chunk_07_sequential_matcher] I20260519 13:28:29.191812 13556 feature_matching.cc:217] in 0.363s
2026-05-19T13:28:29 COLMAP[chunk_07_sequential_matcher] I20260519 13:28:29.191869 13556 pairing.cc:473] Processing image [42/188]
2026-05-19T13:28:30 COLMAP[chunk_07_sequential_matcher] I20260519 13:28:29.542325 13556 feature_matching.cc:217] in 0.350s
2026-05-19T13:28:30 COLMAP[chunk_07_sequential_matcher] I20260519 13:28:29.542378 13556 pairing.cc:473] Processing image [43/188]
2026-05-19T13:28:30 COLMAP[chunk_07_sequential_matcher] I20260519 13:28:29.991135 13556 feature_matching.cc:217] in 0.449s
2026-05-19T13:28:30 COLMAP[chunk_07_sequential_matcher] I20260519 13:28:29.991189 13556 pairing.cc:473] Processing image [44/188]
2026-05-19T13:28:31 COLMAP[chunk_07_sequential_matcher] I20260519 13:28:30.541862 13556 feature_matching.cc:217] in 0.551s
2026-05-19T13:28:31 COLMAP[chunk_07_sequential_matcher] I20260519 13:28:30.541925 13556 pairing.cc:473] Processing image [45/188]
2026-05-19T13:28:31 COLMAP[chunk_07_sequential_matcher] I20260519 13:28:31.134007 13556 feature_matching.cc:217] in 0.592s
2026-05-19T13:28:31 COLMAP[chunk_07_sequential_matcher] I20260519 13:28:31.134063 13556 pairing.cc:473] Processing image [46/188]
2026-05-19T13:28:32 COLMAP[chunk_07_sequential_matcher] I20260519 13:28:31.728807 13556 feature_matching.cc:217] in 0.595s
2026-05-19T13:28:32 COLMAP[chunk_07_sequential_matcher] I20260519 13:28:31.728859 13556 pairing.cc:473] Processing image [47/188]
2026-05-19T13:28:33 COLMAP[chunk_07_sequential_matcher] I20260519 13:28:32.532027 13556 feature_matching.cc:217] in 0.803s
2026-05-19T13:28:33 COLMAP[chunk_07_sequential_matcher] I20260519 13:28:32.532078 13556 pairing.cc:473] Processing image [48/188]
2026-05-19T13:28:33 COLMAP[chunk_07_sequential_matcher] I20260519 13:28:33.132872 13556 feature_matching.cc:217] in 0.601s
2026-05-19T13:28:33 COLMAP[chunk_07_sequential_matcher] I20260519 13:28:33.132921 13556 pairing.cc:473] Processing image [49/188]
2026-05-19T13:28:34 COLMAP[chunk_07_sequential_matcher] I20260519 13:28:33.781111 13556 feature_matching.cc:217] in 0.648s
2026-05-19T13:28:34 COLMAP[chunk_07_sequential_matcher] I20260519 13:28:33.781165 13556 pairing.cc:473] Processing image [50/188]
2026-05-19T13:28:34 COLMAP[chunk_07_sequential_matcher] I20260519 13:28:34.341233 13556 feature_matching.cc:217] in 0.560s
2026-05-19T13:28:34 COLMAP[chunk_07_sequential_matcher] I20260519 13:28:34.341287 13556 pairing.cc:473] Processing image [51/188]
2026-05-19T13:28:35 COLMAP[chunk_07_sequential_matcher] I20260519 13:28:34.706081 13556 feature_matching.cc:217] in 0.365s
2026-05-19T13:28:35 COLMAP[chunk_07_sequential_matcher] I20260519 13:28:34.706133 13556 pairing.cc:473] Processing image [52/188]
2026-05-19T13:28:35 COLMAP[chunk_07_sequential_matcher] I20260519 13:28:34.880967 13556 feature_matching.cc:217] in 0.175s
2026-05-19T13:28:35 COLMAP[chunk_07_sequential_matcher] I20260519 13:28:34.881021 13556 pairing.cc:473] Processing image [53/188]
2026-05-19T13:28:35 COLMAP[chunk_07_sequential_matcher] I20260519 13:28:35.242455 13556 feature_matching.cc:217] in 0.361s
2026-05-19T13:28:35 COLMAP[chunk_07_sequential_matcher] I20260519 13:28:35.242512 13556 pairing.cc:473] Processing image [54/188]
2026-05-19T13:28:36 COLMAP[chunk_07_sequential_matcher] I20260519 13:28:35.690367 13556 feature_matching.cc:217] in 0.448s
2026-05-19T13:28:36 COLMAP[chunk_07_sequential_matcher] I20260519 13:28:35.690423 13556 pairing.cc:473] Processing image [55/188]
2026-05-19T13:28:37 COLMAP[chunk_07_sequential_matcher] I20260519 13:28:36.503295 13556 feature_matching.cc:217] in 0.813s
2026-05-19T13:28:37 COLMAP[chunk_07_sequential_matcher] I20260519 13:28:36.503345 13556 pairing.cc:473] Processing image [56/188]
2026-05-19T13:28:37 COLMAP[chunk_07_sequential_matcher] I20260519 13:28:36.946373 13556 feature_matching.cc:217] in 0.443s
2026-05-19T13:28:37 COLMAP[chunk_07_sequential_matcher] I20260519 13:28:36.946430 13556 pairing.cc:473] Processing image [57/188]
2026-05-19T13:28:38 COLMAP[chunk_07_sequential_matcher] I20260519 13:28:37.896809 13556 feature_matching.cc:217] in 0.950s
2026-05-19T13:28:38 COLMAP[chunk_07_sequential_matcher] I20260519 13:28:37.896871 13556 pairing.cc:473] Processing image [58/188]
2026-05-19T13:28:39 COLMAP[chunk_07_sequential_matcher] I20260519 13:28:38.857904 13556 feature_matching.cc:217] in 0.961s
2026-05-19T13:28:39 COLMAP[chunk_07_sequential_matcher] I20260519 13:28:38.857960 13556 pairing.cc:473] Processing image [59/188]
2026-05-19T13:28:40 COLMAP[chunk_07_sequential_matcher] I20260519 13:28:39.841259 13556 feature_matching.cc:217] in 0.983s
2026-05-19T13:28:40 COLMAP[chunk_07_sequential_matcher] I20260519 13:28:39.841313 13556 pairing.cc:473] Processing image [60/188]
2026-05-19T13:28:41 COLMAP[chunk_07_sequential_matcher] I20260519 13:28:41.064464 13556 feature_matching.cc:217] in 1.223s
2026-05-19T13:28:41 COLMAP[chunk_07_sequential_matcher] I20260519 13:28:41.064517 13556 pairing.cc:473] Processing image [61/188]
2026-05-19T13:28:42 COLMAP[chunk_07_sequential_matcher] I20260519 13:28:41.557341 13556 feature_matching.cc:217] in 0.493s
2026-05-19T13:28:42 COLMAP[chunk_07_sequential_matcher] I20260519 13:28:41.557399 13556 pairing.cc:473] Processing image [62/188]
2026-05-19T13:28:42 COLMAP[chunk_07_sequential_matcher] I20260519 13:28:42.071051 13556 feature_matching.cc:217] in 0.514s
2026-05-19T13:28:42 COLMAP[chunk_07_sequential_matcher] I20260519 13:28:42.071111 13556 pairing.cc:473] Processing image [63/188]
2026-05-19T13:28:43 COLMAP[chunk_07_sequential_matcher] I20260519 13:28:42.593086 13556 feature_matching.cc:217] in 0.522s
2026-05-19T13:28:43 COLMAP[chunk_07_sequential_matcher] I20260519 13:28:42.593146 13556 pairing.cc:473] Processing image [64/188]
2026-05-19T13:28:43 COLMAP[chunk_07_sequential_matcher] I20260519 13:28:43.121383 13556 feature_matching.cc:217] in 0.528s
2026-05-19T13:28:43 COLMAP[chunk_07_sequential_matcher] I20260519 13:28:43.121436 13556 pairing.cc:473] Processing image [65/188]
2026-05-19T13:28:44 COLMAP[chunk_07_sequential_matcher] I20260519 13:28:43.635722 13556 feature_matching.cc:217] in 0.514s
2026-05-19T13:28:44 COLMAP[chunk_07_sequential_matcher] I20260519 13:28:43.635776 13556 pairing.cc:473] Processing image [66/188]
2026-05-19T13:28:44 COLMAP[chunk_07_sequential_matcher] I20260519 13:28:44.216429 13556 feature_matching.cc:217] in 0.581s
2026-05-19T13:28:44 COLMAP[chunk_07_sequential_matcher] I20260519 13:28:44.216482 13556 pairing.cc:473] Processing image [67/188]
2026-05-19T13:28:45 COLMAP[chunk_07_sequential_matcher] I20260519 13:28:44.835911 13556 feature_matching.cc:217] in 0.619s
2026-05-19T13:28:45 COLMAP[chunk_07_sequential_matcher] I20260519 13:28:44.835966 13556 pairing.cc:473] Processing image [68/188]
2026-05-19T13:28:45 COLMAP[chunk_07_sequential_matcher] I20260519 13:28:45.352311 13556 feature_matching.cc:217] in 0.516s
2026-05-19T13:28:45 COLMAP[chunk_07_sequential_matcher] I20260519 13:28:45.352362 13556 pairing.cc:473] Processing image [69/188]
2026-05-19T13:28:46 COLMAP[chunk_07_sequential_matcher] I20260519 13:28:45.858193 13556 feature_matching.cc:217] in 0.506s
2026-05-19T13:28:46 COLMAP[chunk_07_sequential_matcher] I20260519 13:28:45.858249 13556 pairing.cc:473] Processing image [70/188]
2026-05-19T13:28:47 COLMAP[chunk_07_sequential_matcher] I20260519 13:28:46.413102 13556 feature_matching.cc:217] in 0.555s
2026-05-19T13:28:47 COLMAP[chunk_07_sequential_matcher] I20260519 13:28:46.413158 13556 pairing.cc:473] Processing image [71/188]
2026-05-19T13:28:47 COLMAP[chunk_07_sequential_matcher] I20260519 13:28:47.008920 13556 feature_matching.cc:217] in 0.596s
2026-05-19T13:28:47 COLMAP[chunk_07_sequential_matcher] I20260519 13:28:47.008975 13556 pairing.cc:473] Processing image [72/188]
2026-05-19T13:28:48 COLMAP[chunk_07_sequential_matcher] I20260519 13:28:47.628302 13556 feature_matching.cc:217] in 0.619s
2026-05-19T13:28:48 COLMAP[chunk_07_sequential_matcher] I20260519 13:28:47.628360 13556 pairing.cc:473] Processing image [73/188]
2026-05-19T13:28:48 COLMAP[chunk_07_sequential_matcher] I20260519 13:28:48.343040 13556 feature_matching.cc:217] in 0.715s
2026-05-19T13:28:48 COLMAP[chunk_07_sequential_matcher] I20260519 13:28:48.343096 13556 pairing.cc:473] Processing image [74/188]
2026-05-19T13:28:49 COLMAP[chunk_07_sequential_matcher] I20260519 13:28:48.757040 13556 feature_matching.cc:217] in 0.414s
2026-05-19T13:28:49 COLMAP[chunk_07_sequential_matcher] I20260519 13:28:48.757097 13556 pairing.cc:473] Processing image [75/188]
2026-05-19T13:28:49 COLMAP[chunk_07_sequential_matcher] I20260519 13:28:49.108379 13556 feature_matching.cc:217] in 0.351s
2026-05-19T13:28:49 COLMAP[chunk_07_sequential_matcher] I20260519 13:28:49.108433 13556 pairing.cc:473] Processing image [76/188]
2026-05-19T13:28:50 COLMAP[chunk_07_sequential_matcher] I20260519 13:28:49.492342 13556 feature_matching.cc:217] in 0.384s
2026-05-19T13:28:50 COLMAP[chunk_07_sequential_matcher] I20260519 13:28:49.492398 13556 pairing.cc:473] Processing image [77/188]
2026-05-19T13:28:50 COLMAP[chunk_07_sequential_matcher] I20260519 13:28:50.139322 13556 feature_matching.cc:217] in 0.647s
2026-05-19T13:28:50 COLMAP[chunk_07_sequential_matcher] I20260519 13:28:50.139377 13556 pairing.cc:473] Processing image [78/188]
2026-05-19T13:28:51 COLMAP[chunk_07_sequential_matcher] I20260519 13:28:51.052349 13556 feature_matching.cc:217] in 0.913s
2026-05-19T13:28:51 COLMAP[chunk_07_sequential_matcher] I20260519 13:28:51.052405 13556 pairing.cc:473] Processing image [79/188]
2026-05-19T13:28:52 COLMAP[chunk_07_sequential_matcher] I20260519 13:28:52.089967 13556 feature_matching.cc:217] in 1.038s
2026-05-19T13:28:52 COLMAP[chunk_07_sequential_matcher] I20260519 13:28:52.090020 13556 pairing.cc:473] Processing image [80/188]
2026-05-19T13:28:53 COLMAP[chunk_07_sequential_matcher] I20260519 13:28:52.481408 13556 feature_matching.cc:217] in 0.391s
2026-05-19T13:28:53 COLMAP[chunk_07_sequential_matcher] I20260519 13:28:52.481462 13556 pairing.cc:473] Processing image [81/188]
2026-05-19T13:28:53 COLMAP[chunk_07_sequential_matcher] I20260519 13:28:52.794025 13556 feature_matching.cc:217] in 0.313s
2026-05-19T13:28:53 COLMAP[chunk_07_sequential_matcher] I20260519 13:28:52.794088 13556 pairing.cc:473] Processing image [82/188]
2026-05-19T13:28:53 COLMAP[chunk_07_sequential_matcher] I20260519 13:28:52.909816 13556 feature_matching.cc:217] in 0.116s
2026-05-19T13:28:53 COLMAP[chunk_07_sequential_matcher] I20260519 13:28:52.909861 13556 pairing.cc:473] Processing image [83/188]
2026-05-19T13:28:53 COLMAP[chunk_07_sequential_matcher] I20260519 13:28:53.315223 13556 feature_matching.cc:217] in 0.405s
2026-05-19T13:28:53 COLMAP[chunk_07_sequential_matcher] I20260519 13:28:53.315284 13556 pairing.cc:473] Processing image [84/188]
2026-05-19T13:28:54 COLMAP[chunk_07_sequential_matcher] I20260519 13:28:53.609591 13556 feature_matching.cc:217] in 0.294s
2026-05-19T13:28:54 COLMAP[chunk_07_sequential_matcher] I20260519 13:28:53.609642 13556 pairing.cc:473] Processing image [85/188]
2026-05-19T13:28:54 COLMAP[chunk_07_sequential_matcher] I20260519 13:28:54.024821 13556 feature_matching.cc:217] in 0.415s
2026-05-19T13:28:54 COLMAP[chunk_07_sequential_matcher] I20260519 13:28:54.024880 13556 pairing.cc:473] Processing image [86/188]
2026-05-19T13:28:55 COLMAP[chunk_07_sequential_matcher] I20260519 13:28:54.410353 13556 feature_matching.cc:217] in 0.386s
2026-05-19T13:28:55 COLMAP[chunk_07_sequential_matcher] I20260519 13:28:54.410411 13556 pairing.cc:473] Processing image [87/188]
2026-05-19T13:28:55 COLMAP[chunk_07_sequential_matcher] I20260519 13:28:54.789654 13556 feature_matching.cc:217] in 0.379s
2026-05-19T13:28:55 COLMAP[chunk_07_sequential_matcher] I20260519 13:28:54.789729 13556 pairing.cc:473] Processing image [88/188]
2026-05-19T13:28:55 COLMAP[chunk_07_sequential_matcher] I20260519 13:28:55.122969 13556 feature_matching.cc:217] in 0.333s
2026-05-19T13:28:55 COLMAP[chunk_07_sequential_matcher] I20260519 13:28:55.123023 13556 pairing.cc:473] Processing image [89/188]
2026-05-19T13:28:55 COLMAP[chunk_07_sequential_matcher] I20260519 13:28:55.174124 13556 feature_matching.cc:217] in 0.051s
2026-05-19T13:28:55 COLMAP[chunk_07_sequential_matcher] I20260519 13:28:55.174180 13556 pairing.cc:473] Processing image [90/188]
2026-05-19T13:28:55 COLMAP[chunk_07_sequential_matcher] I20260519 13:28:55.365562 13556 feature_matching.cc:217] in 0.191s
2026-05-19T13:28:55 COLMAP[chunk_07_sequential_matcher] I20260519 13:28:55.365613 13556 pairing.cc:473] Processing image [91/188]
2026-05-19T13:28:56 COLMAP[chunk_07_sequential_matcher] I20260519 13:28:55.431740 13556 feature_matching.cc:217] in 0.066s
2026-05-19T13:28:56 COLMAP[chunk_07_sequential_matcher] I20260519 13:28:55.431785 13556 pairing.cc:473] Processing image [92/188]
2026-05-19T13:28:56 COLMAP[chunk_07_sequential_matcher] I20260519 13:28:55.795821 13556 feature_matching.cc:217] in 0.364s
2026-05-19T13:28:56 COLMAP[chunk_07_sequential_matcher] I20260519 13:28:55.795876 13556 pairing.cc:473] Processing image [93/188]
2026-05-19T13:28:56 COLMAP[chunk_07_sequential_matcher] I20260519 13:28:56.152235 13556 feature_matching.cc:217] in 0.356s
2026-05-19T13:28:56 COLMAP[chunk_07_sequential_matcher] I20260519 13:28:56.152297 13556 pairing.cc:473] Processing image [94/188]
2026-05-19T13:28:57 COLMAP[chunk_07_sequential_matcher] I20260519 13:28:56.380065 13556 feature_matching.cc:217] in 0.228s
2026-05-19T13:28:57 COLMAP[chunk_07_sequential_matcher] I20260519 13:28:56.380117 13556 pairing.cc:473] Processing image [95/188]
2026-05-19T13:28:57 COLMAP[chunk_07_sequential_matcher] I20260519 13:28:56.730775 13556 feature_matching.cc:217] in 0.351s
2026-05-19T13:28:57 COLMAP[chunk_07_sequential_matcher] I20260519 13:28:56.730829 13556 pairing.cc:473] Processing image [96/188]
2026-05-19T13:28:57 COLMAP[chunk_07_sequential_matcher] I20260519 13:28:57.122104 13556 feature_matching.cc:217] in 0.391s
2026-05-19T13:28:57 COLMAP[chunk_07_sequential_matcher] I20260519 13:28:57.122159 13556 pairing.cc:473] Processing image [97/188]
2026-05-19T13:28:58 COLMAP[chunk_07_sequential_matcher] I20260519 13:28:57.382747 13556 feature_matching.cc:217] in 0.261s
2026-05-19T13:28:58 COLMAP[chunk_07_sequential_matcher] I20260519 13:28:57.382800 13556 pairing.cc:473] Processing image [98/188]
2026-05-19T13:28:58 COLMAP[chunk_07_sequential_matcher] I20260519 13:28:57.608372 13556 feature_matching.cc:217] in 0.226s
2026-05-19T13:28:58 COLMAP[chunk_07_sequential_matcher] I20260519 13:28:57.608426 13556 pairing.cc:473] Processing image [99/188]
2026-05-19T13:28:58 COLMAP[chunk_07_sequential_matcher] I20260519 13:28:58.051190 13556 feature_matching.cc:217] in 0.443s
2026-05-19T13:28:58 COLMAP[chunk_07_sequential_matcher] I20260519 13:28:58.051250 13556 pairing.cc:473] Processing image [100/188]
2026-05-19T13:28:59 COLMAP[chunk_07_sequential_matcher] I20260519 13:28:58.442179 13556 feature_matching.cc:217] in 0.391s
2026-05-19T13:28:59 COLMAP[chunk_07_sequential_matcher] I20260519 13:28:58.442233 13556 pairing.cc:473] Processing image [101/188]
2026-05-19T13:28:59 COLMAP[chunk_07_sequential_matcher] I20260519 13:28:58.824422 13556 feature_matching.cc:217] in 0.382s
2026-05-19T13:28:59 COLMAP[chunk_07_sequential_matcher] I20260519 13:28:58.824478 13556 pairing.cc:473] Processing image [102/188]
2026-05-19T13:28:59 COLMAP[chunk_07_sequential_matcher] I20260519 13:28:59.211207 13556 feature_matching.cc:217] in 0.387s
2026-05-19T13:28:59 COLMAP[chunk_07_sequential_matcher] I20260519 13:28:59.211263 13556 pairing.cc:473] Processing image [103/188]
2026-05-19T13:29:00 COLMAP[chunk_07_sequential_matcher] I20260519 13:28:59.569507 13556 feature_matching.cc:217] in 0.358s
2026-05-19T13:29:00 COLMAP[chunk_07_sequential_matcher] I20260519 13:28:59.569561 13556 pairing.cc:473] Processing image [104/188]
2026-05-19T13:29:00 COLMAP[chunk_07_sequential_matcher] I20260519 13:28:59.946086 13556 feature_matching.cc:217] in 0.377s
2026-05-19T13:29:00 COLMAP[chunk_07_sequential_matcher] I20260519 13:28:59.946143 13556 pairing.cc:473] Processing image [105/188]
2026-05-19T13:29:00 COLMAP[chunk_07_sequential_matcher] I20260519 13:29:00.331539 13556 feature_matching.cc:217] in 0.385s
2026-05-19T13:29:00 COLMAP[chunk_07_sequential_matcher] I20260519 13:29:00.331588 13556 pairing.cc:473] Processing image [106/188]
2026-05-19T13:29:01 COLMAP[chunk_07_sequential_matcher] I20260519 13:29:00.702097 13556 feature_matching.cc:217] in 0.371s
2026-05-19T13:29:01 COLMAP[chunk_07_sequential_matcher] I20260519 13:29:00.702148 13556 pairing.cc:473] Processing image [107/188]
2026-05-19T13:29:01 COLMAP[chunk_07_sequential_matcher] I20260519 13:29:00.888836 13556 feature_matching.cc:217] in 0.187s
2026-05-19T13:29:01 COLMAP[chunk_07_sequential_matcher] I20260519 13:29:00.888890 13556 pairing.cc:473] Processing image [108/188]
2026-05-19T13:29:02 COLMAP[chunk_07_sequential_matcher] I20260519 13:29:01.463001 13556 feature_matching.cc:217] in 0.574s
2026-05-19T13:29:02 COLMAP[chunk_07_sequential_matcher] I20260519 13:29:01.463058 13556 pairing.cc:473] Processing image [109/188]
2026-05-19T13:29:02 COLMAP[chunk_07_sequential_matcher] I20260519 13:29:02.217921 13556 feature_matching.cc:217] in 0.755s
2026-05-19T13:29:02 COLMAP[chunk_07_sequential_matcher] I20260519 13:29:02.217978 13556 pairing.cc:473] Processing image [110/188]
2026-05-19T13:29:03 COLMAP[chunk_07_sequential_matcher] I20260519 13:29:02.646522 13556 feature_matching.cc:217] in 0.429s
2026-05-19T13:29:03 COLMAP[chunk_07_sequential_matcher] I20260519 13:29:02.646575 13556 pairing.cc:473] Processing image [111/188]
2026-05-19T13:29:03 COLMAP[chunk_07_sequential_matcher] I20260519 13:29:03.167860 13556 feature_matching.cc:217] in 0.521s
2026-05-19T13:29:03 COLMAP[chunk_07_sequential_matcher] I20260519 13:29:03.167914 13556 pairing.cc:473] Processing image [112/188]
2026-05-19T13:29:04 COLMAP[chunk_07_sequential_matcher] I20260519 13:29:03.794566 13556 feature_matching.cc:217] in 0.627s
2026-05-19T13:29:04 COLMAP[chunk_07_sequential_matcher] I20260519 13:29:03.794620 13556 pairing.cc:473] Processing image [113/188]
2026-05-19T13:29:05 COLMAP[chunk_07_sequential_matcher] I20260519 13:29:04.416874 13556 feature_matching.cc:217] in 0.622s
2026-05-19T13:29:05 COLMAP[chunk_07_sequential_matcher] I20260519 13:29:04.416930 13556 pairing.cc:473] Processing image [114/188]
2026-05-19T13:29:05 COLMAP[chunk_07_sequential_matcher] I20260519 13:29:05.060540 13556 feature_matching.cc:217] in 0.644s
2026-05-19T13:29:05 COLMAP[chunk_07_sequential_matcher] I20260519 13:29:05.060599 13556 pairing.cc:473] Processing image [115/188]
2026-05-19T13:29:06 COLMAP[chunk_07_sequential_matcher] I20260519 13:29:05.572942 13556 feature_matching.cc:217] in 0.512s
2026-05-19T13:29:06 COLMAP[chunk_07_sequential_matcher] I20260519 13:29:05.573009 13556 pairing.cc:473] Processing image [116/188]
2026-05-19T13:29:07 COLMAP[chunk_07_sequential_matcher] I20260519 13:29:06.513201 13556 feature_matching.cc:217] in 0.940s
2026-05-19T13:29:07 COLMAP[chunk_07_sequential_matcher] I20260519 13:29:06.513257 13556 pairing.cc:473] Processing image [117/188]
2026-05-19T13:29:07 COLMAP[chunk_07_sequential_matcher] I20260519 13:29:07.030305 13556 feature_matching.cc:217] in 0.517s
2026-05-19T13:29:07 COLMAP[chunk_07_sequential_matcher] I20260519 13:29:07.030359 13556 pairing.cc:473] Processing image [118/188]
2026-05-19T13:29:08 COLMAP[chunk_07_sequential_matcher] I20260519 13:29:07.918606 13556 feature_matching.cc:217] in 0.888s
2026-05-19T13:29:08 COLMAP[chunk_07_sequential_matcher] I20260519 13:29:07.918675 13556 pairing.cc:473] Processing image [119/188]
2026-05-19T13:29:09 COLMAP[chunk_07_sequential_matcher] I20260519 13:29:08.856117 13556 feature_matching.cc:217] in 0.937s
2026-05-19T13:29:09 COLMAP[chunk_07_sequential_matcher] I20260519 13:29:08.856168 13556 pairing.cc:473] Processing image [120/188]
2026-05-19T13:29:10 COLMAP[chunk_07_sequential_matcher] I20260519 13:29:09.992350 13556 feature_matching.cc:217] in 1.136s
2026-05-19T13:29:10 COLMAP[chunk_07_sequential_matcher] I20260519 13:29:09.992405 13556 pairing.cc:473] Processing image [121/188]
2026-05-19T13:29:11 COLMAP[chunk_07_sequential_matcher] I20260519 13:29:10.398620 13556 feature_matching.cc:217] in 0.406s
2026-05-19T13:29:11 COLMAP[chunk_07_sequential_matcher] I20260519 13:29:10.398674 13556 pairing.cc:473] Processing image [122/188]
2026-05-19T13:29:11 COLMAP[chunk_07_sequential_matcher] I20260519 13:29:10.804262 13556 feature_matching.cc:217] in 0.406s
2026-05-19T13:29:11 COLMAP[chunk_07_sequential_matcher] I20260519 13:29:10.804311 13556 pairing.cc:473] Processing image [123/188]
2026-05-19T13:29:11 COLMAP[chunk_07_sequential_matcher] I20260519 13:29:11.178544 13556 feature_matching.cc:217] in 0.374s
2026-05-19T13:29:11 COLMAP[chunk_07_sequential_matcher] I20260519 13:29:11.178598 13556 pairing.cc:473] Processing image [124/188]
2026-05-19T13:29:12 COLMAP[chunk_07_sequential_matcher] I20260519 13:29:11.568691 13556 feature_matching.cc:217] in 0.390s
2026-05-19T13:29:12 COLMAP[chunk_07_sequential_matcher] I20260519 13:29:11.568744 13556 pairing.cc:473] Processing image [125/188]
2026-05-19T13:29:12 COLMAP[chunk_07_sequential_matcher] I20260519 13:29:11.864364 13556 feature_matching.cc:217] in 0.296s
2026-05-19T13:29:12 COLMAP[chunk_07_sequential_matcher] I20260519 13:29:11.864415 13556 pairing.cc:473] Processing image [126/188]
2026-05-19T13:29:12 COLMAP[chunk_07_sequential_matcher] I20260519 13:29:12.224599 13556 feature_matching.cc:217] in 0.360s
2026-05-19T13:29:12 COLMAP[chunk_07_sequential_matcher] I20260519 13:29:12.224653 13556 pairing.cc:473] Processing image [127/188]
2026-05-19T13:29:13 COLMAP[chunk_07_sequential_matcher] I20260519 13:29:12.583521 13556 feature_matching.cc:217] in 0.359s
2026-05-19T13:29:13 COLMAP[chunk_07_sequential_matcher] I20260519 13:29:12.583571 13556 pairing.cc:473] Processing image [128/188]
2026-05-19T13:29:13 COLMAP[chunk_07_sequential_matcher] I20260519 13:29:12.946053 13556 feature_matching.cc:217] in 0.363s
2026-05-19T13:29:13 COLMAP[chunk_07_sequential_matcher] I20260519 13:29:12.946101 13556 pairing.cc:473] Processing image [129/188]
2026-05-19T13:29:14 COLMAP[chunk_07_sequential_matcher] I20260519 13:29:13.449151 13556 feature_matching.cc:217] in 0.503s
2026-05-19T13:29:14 COLMAP[chunk_07_sequential_matcher] I20260519 13:29:13.449203 13556 pairing.cc:473] Processing image [130/188]
2026-05-19T13:29:14 COLMAP[chunk_07_sequential_matcher] I20260519 13:29:13.885607 13556 feature_matching.cc:217] in 0.436s
2026-05-19T13:29:14 COLMAP[chunk_07_sequential_matcher] I20260519 13:29:13.885659 13556 pairing.cc:473] Processing image [131/188]
2026-05-19T13:29:14 COLMAP[chunk_07_sequential_matcher] I20260519 13:29:14.262478 13556 feature_matching.cc:217] in 0.377s
2026-05-19T13:29:14 COLMAP[chunk_07_sequential_matcher] I20260519 13:29:14.262533 13556 pairing.cc:473] Processing image [132/188]
2026-05-19T13:29:15 COLMAP[chunk_07_sequential_matcher] I20260519 13:29:14.742084 13556 feature_matching.cc:217] in 0.480s
2026-05-19T13:29:15 COLMAP[chunk_07_sequential_matcher] I20260519 13:29:14.742137 13556 pairing.cc:473] Processing image [133/188]
2026-05-19T13:29:15 COLMAP[chunk_07_sequential_matcher] I20260519 13:29:15.270072 13556 feature_matching.cc:217] in 0.528s
2026-05-19T13:29:15 COLMAP[chunk_07_sequential_matcher] I20260519 13:29:15.270125 13556 pairing.cc:473] Processing image [134/188]
2026-05-19T13:29:16 COLMAP[chunk_07_sequential_matcher] I20260519 13:29:15.759014 13556 feature_matching.cc:217] in 0.489s
2026-05-19T13:29:16 COLMAP[chunk_07_sequential_matcher] I20260519 13:29:15.759068 13556 pairing.cc:473] Processing image [135/188]
2026-05-19T13:29:17 COLMAP[chunk_07_sequential_matcher] I20260519 13:29:16.408010 13556 feature_matching.cc:217] in 0.649s
2026-05-19T13:29:17 COLMAP[chunk_07_sequential_matcher] I20260519 13:29:16.408067 13556 pairing.cc:473] Processing image [136/188]
2026-05-19T13:29:18 COLMAP[chunk_07_sequential_matcher] I20260519 13:29:17.388633 13556 feature_matching.cc:217] in 0.981s
2026-05-19T13:29:18 COLMAP[chunk_07_sequential_matcher] I20260519 13:29:17.388684 13556 pairing.cc:473] Processing image [137/188]
2026-05-19T13:29:18 COLMAP[chunk_07_sequential_matcher] I20260519 13:29:17.726492 13556 feature_matching.cc:217] in 0.338s
2026-05-19T13:29:18 COLMAP[chunk_07_sequential_matcher] I20260519 13:29:17.726545 13556 pairing.cc:473] Processing image [138/188]
2026-05-19T13:29:18 COLMAP[chunk_07_sequential_matcher] I20260519 13:29:18.083266 13556 feature_matching.cc:217] in 0.357s
2026-05-19T13:29:18 COLMAP[chunk_07_sequential_matcher] I20260519 13:29:18.083323 13556 pairing.cc:473] Processing image [139/188]
2026-05-19T13:29:19 COLMAP[chunk_07_sequential_matcher] I20260519 13:29:18.504041 13556 feature_matching.cc:217] in 0.421s
2026-05-19T13:29:19 COLMAP[chunk_07_sequential_matcher] I20260519 13:29:18.504097 13556 pairing.cc:473] Processing image [140/188]
2026-05-19T13:29:19 COLMAP[chunk_07_sequential_matcher] I20260519 13:29:18.864630 13556 feature_matching.cc:217] in 0.361s
2026-05-19T13:29:19 COLMAP[chunk_07_sequential_matcher] I20260519 13:29:18.864684 13556 pairing.cc:473] Processing image [141/188]
2026-05-19T13:29:19 COLMAP[chunk_07_sequential_matcher] I20260519 13:29:19.211851 13556 feature_matching.cc:217] in 0.347s
2026-05-19T13:29:19 COLMAP[chunk_07_sequential_matcher] I20260519 13:29:19.211903 13556 pairing.cc:473] Processing image [142/188]
2026-05-19T13:29:20 COLMAP[chunk_07_sequential_matcher] I20260519 13:29:19.678135 13556 feature_matching.cc:217] in 0.466s
2026-05-19T13:29:20 COLMAP[chunk_07_sequential_matcher] I20260519 13:29:19.678185 13556 pairing.cc:473] Processing image [143/188]
2026-05-19T13:29:20 COLMAP[chunk_07_sequential_matcher] I20260519 13:29:20.182431 13556 feature_matching.cc:217] in 0.504s
2026-05-19T13:29:20 COLMAP[chunk_07_sequential_matcher] I20260519 13:29:20.182487 13556 pairing.cc:473] Processing image [144/188]
2026-05-19T13:29:21 COLMAP[chunk_07_sequential_matcher] I20260519 13:29:20.548363 13556 feature_matching.cc:217] in 0.366s
2026-05-19T13:29:21 COLMAP[chunk_07_sequential_matcher] I20260519 13:29:20.548414 13556 pairing.cc:473] Processing image [145/188]
2026-05-19T13:29:21 COLMAP[chunk_07_sequential_matcher] I20260519 13:29:20.911733 13556 feature_matching.cc:217] in 0.363s
2026-05-19T13:29:21 COLMAP[chunk_07_sequential_matcher] I20260519 13:29:20.911804 13556 pairing.cc:473] Processing image [146/188]
2026-05-19T13:29:21 COLMAP[chunk_07_sequential_matcher] I20260519 13:29:21.276532 13556 feature_matching.cc:217] in 0.365s
2026-05-19T13:29:21 COLMAP[chunk_07_sequential_matcher] I20260519 13:29:21.276588 13556 pairing.cc:473] Processing image [147/188]
2026-05-19T13:29:22 COLMAP[chunk_07_sequential_matcher] I20260519 13:29:21.621006 13556 feature_matching.cc:217] in 0.344s
2026-05-19T13:29:22 COLMAP[chunk_07_sequential_matcher] I20260519 13:29:21.621083 13556 pairing.cc:473] Processing image [148/188]
2026-05-19T13:29:22 COLMAP[chunk_07_sequential_matcher] I20260519 13:29:21.965210 13556 feature_matching.cc:217] in 0.344s
2026-05-19T13:29:22 COLMAP[chunk_07_sequential_matcher] I20260519 13:29:21.965260 13556 pairing.cc:473] Processing image [149/188]
2026-05-19T13:29:22 COLMAP[chunk_07_sequential_matcher] I20260519 13:29:22.304061 13556 feature_matching.cc:217] in 0.339s
2026-05-19T13:29:22 COLMAP[chunk_07_sequential_matcher] I20260519 13:29:22.304113 13556 pairing.cc:473] Processing image [150/188]
2026-05-19T13:29:23 COLMAP[chunk_07_sequential_matcher] I20260519 13:29:22.654920 13556 feature_matching.cc:217] in 0.351s
2026-05-19T13:29:23 COLMAP[chunk_07_sequential_matcher] I20260519 13:29:22.654973 13556 pairing.cc:473] Processing image [151/188]
2026-05-19T13:29:23 COLMAP[chunk_07_sequential_matcher] I20260519 13:29:23.002933 13556 feature_matching.cc:217] in 0.348s
2026-05-19T13:29:23 COLMAP[chunk_07_sequential_matcher] I20260519 13:29:23.002981 13556 pairing.cc:473] Processing image [152/188]
2026-05-19T13:29:23 COLMAP[chunk_07_sequential_matcher] I20260519 13:29:23.373941 13556 feature_matching.cc:217] in 0.371s
2026-05-19T13:29:23 COLMAP[chunk_07_sequential_matcher] I20260519 13:29:23.373991 13556 pairing.cc:473] Processing image [153/188]
2026-05-19T13:29:24 COLMAP[chunk_07_sequential_matcher] I20260519 13:29:23.723915 13556 feature_matching.cc:217] in 0.350s
2026-05-19T13:29:24 COLMAP[chunk_07_sequential_matcher] I20260519 13:29:23.723964 13556 pairing.cc:473] Processing image [154/188]
2026-05-19T13:29:24 COLMAP[chunk_07_sequential_matcher] I20260519 13:29:24.242146 13556 feature_matching.cc:217] in 0.518s
2026-05-19T13:29:24 COLMAP[chunk_07_sequential_matcher] I20260519 13:29:24.242199 13556 pairing.cc:473] Processing image [155/188]
2026-05-19T13:29:25 COLMAP[chunk_07_sequential_matcher] I20260519 13:29:24.688918 13556 feature_matching.cc:217] in 0.447s
2026-05-19T13:29:25 COLMAP[chunk_07_sequential_matcher] I20260519 13:29:24.688967 13556 pairing.cc:473] Processing image [156/188]
2026-05-19T13:29:25 COLMAP[chunk_07_sequential_matcher] I20260519 13:29:25.117430 13556 feature_matching.cc:217] in 0.428s
2026-05-19T13:29:25 COLMAP[chunk_07_sequential_matcher] I20260519 13:29:25.117487 13556 pairing.cc:473] Processing image [157/188]
2026-05-19T13:29:26 COLMAP[chunk_07_sequential_matcher] I20260519 13:29:25.479621 13556 feature_matching.cc:217] in 0.362s
2026-05-19T13:29:26 COLMAP[chunk_07_sequential_matcher] I20260519 13:29:25.479671 13556 pairing.cc:473] Processing image [158/188]
2026-05-19T13:29:26 COLMAP[chunk_07_sequential_matcher] I20260519 13:29:25.847419 13556 feature_matching.cc:217] in 0.368s
2026-05-19T13:29:26 COLMAP[chunk_07_sequential_matcher] I20260519 13:29:25.847466 13556 pairing.cc:473] Processing image [159/188]
2026-05-19T13:29:26 COLMAP[chunk_07_sequential_matcher] I20260519 13:29:26.196269 13556 feature_matching.cc:217] in 0.349s
2026-05-19T13:29:26 COLMAP[chunk_07_sequential_matcher] I20260519 13:29:26.196323 13556 pairing.cc:473] Processing image [160/188]
2026-05-19T13:29:27 COLMAP[chunk_07_sequential_matcher] I20260519 13:29:26.537433 13556 feature_matching.cc:217] in 0.341s
2026-05-19T13:29:27 COLMAP[chunk_07_sequential_matcher] I20260519 13:29:26.537488 13556 pairing.cc:473] Processing image [161/188]
2026-05-19T13:29:27 COLMAP[chunk_07_sequential_matcher] I20260519 13:29:26.865904 13556 feature_matching.cc:217] in 0.328s
2026-05-19T13:29:27 COLMAP[chunk_07_sequential_matcher] I20260519 13:29:26.865959 13556 pairing.cc:473] Processing image [162/188]
2026-05-19T13:29:27 COLMAP[chunk_07_sequential_matcher] I20260519 13:29:27.028952 13556 feature_matching.cc:217] in 0.163s
2026-05-19T13:29:27 COLMAP[chunk_07_sequential_matcher] I20260519 13:29:27.029004 13556 pairing.cc:473] Processing image [163/188]
2026-05-19T13:29:27 COLMAP[chunk_07_sequential_matcher] I20260519 13:29:27.361548 13556 feature_matching.cc:217] in 0.333s
2026-05-19T13:29:27 COLMAP[chunk_07_sequential_matcher] I20260519 13:29:27.361605 13556 pairing.cc:473] Processing image [164/188]
2026-05-19T13:29:28 COLMAP[chunk_07_sequential_matcher] I20260519 13:29:27.700273 13556 feature_matching.cc:217] in 0.339s
2026-05-19T13:29:28 COLMAP[chunk_07_sequential_matcher] I20260519 13:29:27.700325 13556 pairing.cc:473] Processing image [165/188]
2026-05-19T13:29:28 COLMAP[chunk_07_sequential_matcher] I20260519 13:29:28.055491 13556 feature_matching.cc:217] in 0.355s
2026-05-19T13:29:28 COLMAP[chunk_07_sequential_matcher] I20260519 13:29:28.055544 13556 pairing.cc:473] Processing image [166/188]
2026-05-19T13:29:29 COLMAP[chunk_07_sequential_matcher] I20260519 13:29:28.404608 13556 feature_matching.cc:217] in 0.349s
2026-05-19T13:29:29 COLMAP[chunk_07_sequential_matcher] I20260519 13:29:28.404660 13556 pairing.cc:473] Processing image [167/188]
2026-05-19T13:29:29 COLMAP[chunk_07_sequential_matcher] I20260519 13:29:28.751756 13556 feature_matching.cc:217] in 0.347s
2026-05-19T13:29:29 COLMAP[chunk_07_sequential_matcher] I20260519 13:29:28.751821 13556 pairing.cc:473] Processing image [168/188]
2026-05-19T13:29:29 COLMAP[chunk_07_sequential_matcher] I20260519 13:29:29.102875 13556 feature_matching.cc:217] in 0.351s
2026-05-19T13:29:29 COLMAP[chunk_07_sequential_matcher] I20260519 13:29:29.102932 13556 pairing.cc:473] Processing image [169/188]
2026-05-19T13:29:30 COLMAP[chunk_07_sequential_matcher] I20260519 13:29:29.465392 13556 feature_matching.cc:217] in 0.362s
2026-05-19T13:29:30 COLMAP[chunk_07_sequential_matcher] I20260519 13:29:29.465451 13556 pairing.cc:473] Processing image [170/188]
2026-05-19T13:29:30 COLMAP[chunk_07_sequential_matcher] I20260519 13:29:29.844189 13556 feature_matching.cc:217] in 0.379s
2026-05-19T13:29:30 COLMAP[chunk_07_sequential_matcher] I20260519 13:29:29.844249 13556 pairing.cc:473] Processing image [171/188]
2026-05-19T13:29:30 COLMAP[chunk_07_sequential_matcher] I20260519 13:29:30.209235 13556 feature_matching.cc:217] in 0.365s
2026-05-19T13:29:30 COLMAP[chunk_07_sequential_matcher] I20260519 13:29:30.209290 13556 pairing.cc:473] Processing image [172/188]
2026-05-19T13:29:31 COLMAP[chunk_07_sequential_matcher] I20260519 13:29:30.553606 13556 feature_matching.cc:217] in 0.344s
2026-05-19T13:29:31 COLMAP[chunk_07_sequential_matcher] I20260519 13:29:30.553661 13556 pairing.cc:473] Processing image [173/188]
2026-05-19T13:29:31 COLMAP[chunk_07_sequential_matcher] I20260519 13:29:30.904402 13556 feature_matching.cc:217] in 0.351s
2026-05-19T13:29:31 COLMAP[chunk_07_sequential_matcher] I20260519 13:29:30.904457 13556 pairing.cc:473] Processing image [174/188]
2026-05-19T13:29:31 COLMAP[chunk_07_sequential_matcher] I20260519 13:29:31.269627 13556 feature_matching.cc:217] in 0.365s
2026-05-19T13:29:31 COLMAP[chunk_07_sequential_matcher] I20260519 13:29:31.269706 13556 pairing.cc:473] Processing image [175/188]
2026-05-19T13:29:32 COLMAP[chunk_07_sequential_matcher] I20260519 13:29:31.769311 13556 feature_matching.cc:217] in 0.500s
2026-05-19T13:29:32 COLMAP[chunk_07_sequential_matcher] I20260519 13:29:31.769367 13556 pairing.cc:473] Processing image [176/188]
2026-05-19T13:29:33 COLMAP[chunk_07_sequential_matcher] I20260519 13:29:32.397719 13556 feature_matching.cc:217] in 0.628s
2026-05-19T13:29:33 COLMAP[chunk_07_sequential_matcher] I20260519 13:29:32.397794 13556 pairing.cc:473] Processing image [177/188]
2026-05-19T13:29:33 COLMAP[chunk_07_sequential_matcher] I20260519 13:29:32.430428 13556 feature_matching.cc:217] in 0.033s
2026-05-19T13:29:33 COLMAP[chunk_07_sequential_matcher] I20260519 13:29:32.430480 13556 pairing.cc:473] Processing image [178/188]
2026-05-19T13:29:33 COLMAP[chunk_07_sequential_matcher] I20260519 13:29:32.459192 13556 feature_matching.cc:217] in 0.029s
2026-05-19T13:29:33 COLMAP[chunk_07_sequential_matcher] I20260519 13:29:32.459240 13556 pairing.cc:473] Processing image [179/188]
2026-05-19T13:29:33 COLMAP[chunk_07_sequential_matcher] I20260519 13:29:32.478215 13556 feature_matching.cc:217] in 0.019s
2026-05-19T13:29:33 COLMAP[chunk_07_sequential_matcher] I20260519 13:29:32.478266 13556 pairing.cc:473] Processing image [180/188]
2026-05-19T13:29:33 COLMAP[chunk_07_sequential_matcher] I20260519 13:29:32.487188 13556 feature_matching.cc:217] in 0.009s
2026-05-19T13:29:33 COLMAP[chunk_07_sequential_matcher] I20260519 13:29:32.487229 13556 pairing.cc:473] Processing image [181/188]
2026-05-19T13:29:33 COLMAP[chunk_07_sequential_matcher] I20260519 13:29:32.487280 13556 feature_matching.cc:217] in 0.000s
2026-05-19T13:29:33 COLMAP[chunk_07_sequential_matcher] I20260519 13:29:32.487293 13556 pairing.cc:473] Processing image [182/188]
2026-05-19T13:29:33 COLMAP[chunk_07_sequential_matcher] I20260519 13:29:32.487352 13556 feature_matching.cc:217] in 0.000s
2026-05-19T13:29:33 COLMAP[chunk_07_sequential_matcher] I20260519 13:29:32.487370 13556 pairing.cc:473] Processing image [183/188]
2026-05-19T13:29:33 COLMAP[chunk_07_sequential_matcher] I20260519 13:29:32.487505 13556 feature_matching.cc:217] in 0.000s
2026-05-19T13:29:33 COLMAP[chunk_07_sequential_matcher] I20260519 13:29:32.487524 13556 pairing.cc:473] Processing image [184/188]
2026-05-19T13:29:33 COLMAP[chunk_07_sequential_matcher] I20260519 13:29:32.703943 13556 feature_matching.cc:217] in 0.216s
2026-05-19T13:29:33 COLMAP[chunk_07_sequential_matcher] I20260519 13:29:32.703998 13556 pairing.cc:473] Processing image [185/188]
2026-05-19T13:29:33 COLMAP[chunk_07_sequential_matcher] I20260519 13:29:32.704037 13556 feature_matching.cc:217] in 0.000s
2026-05-19T13:29:33 COLMAP[chunk_07_sequential_matcher] I20260519 13:29:32.704046 13556 pairing.cc:473] Processing image [186/188]
2026-05-19T13:29:33 COLMAP[chunk_07_sequential_matcher] I20260519 13:29:32.878648 13556 feature_matching.cc:217] in 0.175s
2026-05-19T13:29:33 COLMAP[chunk_07_sequential_matcher] I20260519 13:29:32.878702 13556 pairing.cc:473] Processing image [187/188]
2026-05-19T13:29:33 COLMAP[chunk_07_sequential_matcher] I20260519 13:29:33.085807 13556 feature_matching.cc:217] in 0.207s
2026-05-19T13:29:33 COLMAP[chunk_07_sequential_matcher] I20260519 13:29:33.085860 13556 pairing.cc:473] Processing image [188/188]
2026-05-19T13:29:33 COLMAP[chunk_07_sequential_matcher] I20260519 13:29:33.085872 13556 feature_matching.cc:217] in 0.000s
2026-05-19T13:29:33 COLMAP[chunk_07_sequential_matcher] I20260519 13:29:33.085880 13556 timer.cc:90] Elapsed time: 1.434 [minutes]
2026-05-19T13:29:33 2026-05-19 13:29:33,144 - INFO - chunk_07_sequential_matcher added 747 verified image pairs
2026-05-19T13:29:33 2026-05-19 13:29:33,144 - INFO - [chunk_07_mapper_initial] colmap mapper --database_path /tmp/colmap_sfm_rcnmny4o/chunk_07/database.db --image_path /tmp/colmap_sfm_rcnmny4o/images --output_path /tmp/colmap_sfm_rcnmny4o/chunk_07/sparse_initial --Mapper.num_threads -1 --Mapper.ba_refine_principal_point 0
2026-05-19T13:29:33 COLMAP[chunk_07_mapper_initial] I20260519 13:29:33.297266 13609 incremental_pipeline.cc:265] Loading database
2026-05-19T13:29:33 COLMAP[chunk_07_mapper_initial] I20260519 13:29:33.297649 13609 database_cache.cc:72] Loading rigs...
2026-05-19T13:29:33 COLMAP[chunk_07_mapper_initial] I20260519 13:29:33.297744 13609 database_cache.cc:82]  1 in 0.000s
2026-05-19T13:29:33 COLMAP[chunk_07_mapper_initial] I20260519 13:29:33.297765 13609 database_cache.cc:90] Loading cameras...
2026-05-19T13:29:33 COLMAP[chunk_07_mapper_initial] I20260519 13:29:33.297789 13609 database_cache.cc:108]  1 in 0.000s
2026-05-19T13:29:33 COLMAP[chunk_07_mapper_initial] I20260519 13:29:33.297802 13609 database_cache.cc:116] Loading frames...
2026-05-19T13:29:33 COLMAP[chunk_07_mapper_initial] I20260519 13:29:33.300004 13609 database_cache.cc:126]  1710 in 0.002s
2026-05-19T13:29:33 COLMAP[chunk_07_mapper_initial] I20260519 13:29:33.300033 13609 database_cache.cc:134] Loading matches...
2026-05-19T13:29:33 COLMAP[chunk_07_mapper_initial] I20260519 13:29:33.322647 13609 database_cache.cc:139]  1357 in 0.023s
2026-05-19T13:29:33 COLMAP[chunk_07_mapper_initial] I20260519 13:29:33.322696 13609 database_cache.cc:147] Loading images...
2026-05-19T13:29:34 COLMAP[chunk_07_mapper_initial] I20260519 13:29:33.400799 13609 database_cache.cc:241]  188 in 0.078s (connected 188, loaded 188)
2026-05-19T13:29:34 COLMAP[chunk_07_mapper_initial] I20260519 13:29:33.400869 13609 database_cache.cc:255] Loading pose priors...
2026-05-19T13:29:34 COLMAP[chunk_07_mapper_initial] I20260519 13:29:33.401985 13609 database_cache.cc:263]  1710 in 0.001s
2026-05-19T13:29:34 COLMAP[chunk_07_mapper_initial] I20260519 13:29:33.402016 13609 database_cache.cc:271] Building correspondence graph...
2026-05-19T13:29:34 COLMAP[chunk_07_mapper_initial] I20260519 13:29:33.797928 13609 database_cache.cc:300]  in 0.396s (ignored 0)
2026-05-19T13:29:34 COLMAP[chunk_07_mapper_initial] I20260519 13:29:33.798048 13609 timer.cc:90] Elapsed time: 0.008 [minutes]
2026-05-19T13:29:34 COLMAP[chunk_07_mapper_initial] I20260519 13:29:33.818707 13609 incremental_pipeline.cc:377] Finding good initial image pair
2026-05-19T13:29:37 COLMAP[chunk_07_mapper_initial] I20260519 13:29:37.021240 13609 incremental_pipeline.cc:401] Registering initial image pair #1119 and #1150
2026-05-19T13:29:37 COLMAP[chunk_07_mapper_initial] I20260519 13:29:37.034368 13609 incremental_pipeline.cc:419] Global bundle adjustment
2026-05-19T13:29:37 COLMAP[chunk_07_mapper_initial] I20260519 13:29:37.289323 13609 incremental_pipeline.cc:524] Registering image #1120 (num_reg_frames=2)
2026-05-19T13:29:37 COLMAP[chunk_07_mapper_initial] I20260519 13:29:37.289382 13609 incremental_pipeline.cc:527] => Image sees 762 / 6898 points
2026-05-19T13:29:38 COLMAP[chunk_07_mapper_initial] I20260519 13:29:37.827991 13609 incremental_pipeline.cc:78] Retriangulation and Global bundle adjustment
2026-05-19T13:29:38 COLMAP[chunk_07_mapper_initial] I20260519 13:29:38.048856 13609 incremental_pipeline.cc:524] Registering image #1118 (num_reg_frames=3)
2026-05-19T13:29:38 COLMAP[chunk_07_mapper_initial] I20260519 13:29:38.048913 13609 incremental_pipeline.cc:527] => Image sees 2765 / 7402 points
2026-05-19T13:29:39 COLMAP[chunk_07_mapper_initial] I20260519 13:29:39.095854 13609 incremental_pipeline.cc:78] Retriangulation and Global bundle adjustment
2026-05-19T13:29:40 COLMAP[chunk_07_mapper_initial] I20260519 13:29:39.413271 13609 incremental_pipeline.cc:524] Registering image #1117 (num_reg_frames=4)
2026-05-19T13:29:40 COLMAP[chunk_07_mapper_initial] I20260519 13:29:39.413331 13609 incremental_pipeline.cc:527] => Image sees 3133 / 7462 points
2026-05-19T13:29:41 COLMAP[chunk_07_mapper_initial] I20260519 13:29:40.662362 13609 incremental_pipeline.cc:78] Retriangulation and Global bundle adjustment
2026-05-19T13:29:41 COLMAP[chunk_07_mapper_initial] I20260519 13:29:41.082192 13609 incremental_pipeline.cc:524] Registering image #1155 (num_reg_frames=5)
2026-05-19T13:29:41 COLMAP[chunk_07_mapper_initial] I20260519 13:29:41.082247 13609 incremental_pipeline.cc:527] => Image sees 3439 / 7564 points
2026-05-19T13:29:43 COLMAP[chunk_07_mapper_initial] I20260519 13:29:42.604674 13609 incremental_pipeline.cc:78] Retriangulation and Global bundle adjustment
2026-05-19T13:29:43 COLMAP[chunk_07_mapper_initial] I20260519 13:29:43.083971 13609 incremental_pipeline.cc:524] Registering image #1121 (num_reg_frames=6)
2026-05-19T13:29:43 COLMAP[chunk_07_mapper_initial] I20260519 13:29:43.084028 13609 incremental_pipeline.cc:527] => Image sees 3758 / 6642 points
2026-05-19T13:29:44 COLMAP[chunk_07_mapper_initial] I20260519 13:29:44.303974 13609 incremental_pipeline.cc:78] Retriangulation and Global bundle adjustment
2026-05-19T13:29:45 COLMAP[chunk_07_mapper_initial] I20260519 13:29:44.900507 13609 incremental_pipeline.cc:524] Registering image #1122 (num_reg_frames=7)
2026-05-19T13:29:45 COLMAP[chunk_07_mapper_initial] I20260519 13:29:44.900564 13609 incremental_pipeline.cc:527] => Image sees 3948 / 6436 points
2026-05-19T13:29:46 COLMAP[chunk_07_mapper_initial] I20260519 13:29:46.079610 13609 incremental_pipeline.cc:78] Retriangulation and Global bundle adjustment
2026-05-19T13:29:47 COLMAP[chunk_07_mapper_initial] I20260519 13:29:46.691550 13609 incremental_pipeline.cc:524] Registering image #1154 (num_reg_frames=8)
2026-05-19T13:29:47 COLMAP[chunk_07_mapper_initial] I20260519 13:29:46.691607 13609 incremental_pipeline.cc:527] => Image sees 4337 / 7561 points
2026-05-19T13:29:48 COLMAP[chunk_07_mapper_initial] I20260519 13:29:47.964887 13609 incremental_pipeline.cc:78] Retriangulation and Global bundle adjustment
2026-05-19T13:29:49 COLMAP[chunk_07_mapper_initial] I20260519 13:29:48.671211 13609 incremental_pipeline.cc:524] Registering image #1153 (num_reg_frames=9)
2026-05-19T13:29:49 COLMAP[chunk_07_mapper_initial] I20260519 13:29:48.671273 13609 incremental_pipeline.cc:527] => Image sees 4774 / 8047 points
2026-05-19T13:29:50 COLMAP[chunk_07_mapper_initial] I20260519 13:29:50.007885 13609 incremental_pipeline.cc:78] Retriangulation and Global bundle adjustment
2026-05-19T13:29:51 COLMAP[chunk_07_mapper_initial] I20260519 13:29:50.764118 13609 incremental_pipeline.cc:524] Registering image #1152 (num_reg_frames=10)
2026-05-19T13:29:51 COLMAP[chunk_07_mapper_initial] I20260519 13:29:50.764175 13609 incremental_pipeline.cc:527] => Image sees 4885 / 8850 points
2026-05-19T13:29:52 COLMAP[chunk_07_mapper_initial] I20260519 13:29:52.178000 13609 incremental_pipeline.cc:78] Retriangulation and Global bundle adjustment
2026-05-19T13:29:53 COLMAP[chunk_07_mapper_initial] I20260519 13:29:53.134650 13609 incremental_pipeline.cc:524] Registering image #1151 (num_reg_frames=11)
2026-05-19T13:29:53 COLMAP[chunk_07_mapper_initial] I20260519 13:29:53.134713 13609 incremental_pipeline.cc:527] => Image sees 6007 / 8723 points
2026-05-19T13:29:55 COLMAP[chunk_07_mapper_initial] I20260519 13:29:54.770854 13609 incremental_pipeline.cc:524] Registering image #1156 (num_reg_frames=12)
2026-05-19T13:29:55 COLMAP[chunk_07_mapper_initial] I20260519 13:29:54.770910 13609 incremental_pipeline.cc:527] => Image sees 3499 / 6314 points
2026-05-19T13:29:56 COLMAP[chunk_07_mapper_initial] I20260519 13:29:56.117873 13609 incremental_pipeline.cc:78] Retriangulation and Global bundle adjustment
2026-05-19T13:29:57 COLMAP[chunk_07_mapper_initial] I20260519 13:29:57.092051 13609 incremental_pipeline.cc:524] Registering image #1157 (num_reg_frames=13)
2026-05-19T13:29:57 COLMAP[chunk_07_mapper_initial] I20260519 13:29:57.092110 13609 incremental_pipeline.cc:527] => Image sees 4031 / 7881 points
2026-05-19T13:29:59 COLMAP[chunk_07_mapper_initial] I20260519 13:29:58.571730 13609 incremental_pipeline.cc:524] Registering image #1158 (num_reg_frames=14)
2026-05-19T13:29:59 COLMAP[chunk_07_mapper_initial] I20260519 13:29:58.571789 13609 incremental_pipeline.cc:527] => Image sees 4556 / 7533 points
2026-05-19T13:30:00 COLMAP[chunk_07_mapper_initial] I20260519 13:29:59.981182 13609 incremental_pipeline.cc:78] Retriangulation and Global bundle adjustment
2026-05-19T13:30:01 COLMAP[chunk_07_mapper_initial] I20260519 13:30:01.186398 13609 incremental_pipeline.cc:524] Registering image #1116 (num_reg_frames=15)
2026-05-19T13:30:01 COLMAP[chunk_07_mapper_initial] I20260519 13:30:01.186856 13609 incremental_pipeline.cc:527] => Image sees 3451 / 5702 points
2026-05-19T13:30:03 COLMAP[chunk_07_mapper_initial] I20260519 13:30:02.598263 13609 incremental_pipeline.cc:524] Registering image #1235 (num_reg_frames=16)
2026-05-19T13:30:03 COLMAP[chunk_07_mapper_initial] I20260519 13:30:02.598320 13609 incremental_pipeline.cc:527] => Image sees 2775 / 6462 points
2026-05-19T13:30:04 COLMAP[chunk_07_mapper_initial] I20260519 13:30:03.646552 13609 incremental_pipeline.cc:78] Retriangulation and Global bundle adjustment
2026-05-19T13:30:06 COLMAP[chunk_07_mapper_initial] I20260519 13:30:05.651814 13609 incremental_pipeline.cc:524] Registering image #1243 (num_reg_frames=17)
2026-05-19T13:30:06 COLMAP[chunk_07_mapper_initial] I20260519 13:30:05.651871 13609 incremental_pipeline.cc:527] => Image sees 2587 / 7338 points
2026-05-19T13:30:07 COLMAP[chunk_07_mapper_initial] I20260519 13:30:06.827601 13609 incremental_pipeline.cc:524] Registering image #1244 (num_reg_frames=18)
2026-05-19T13:30:07 COLMAP[chunk_07_mapper_initial] I20260519 13:30:06.827657 13609 incremental_pipeline.cc:527] => Image sees 2653 / 6387 points
2026-05-19T13:30:08 COLMAP[chunk_07_mapper_initial] I20260519 13:30:07.908273 13609 incremental_pipeline.cc:78] Retriangulation and Global bundle adjustment
2026-05-19T13:30:10 COLMAP[chunk_07_mapper_initial] I20260519 13:30:10.361647 13609 incremental_pipeline.cc:524] Registering image #1242 (num_reg_frames=19)
2026-05-19T13:30:10 COLMAP[chunk_07_mapper_initial] I20260519 13:30:10.361724 13609 incremental_pipeline.cc:527] => Image sees 4006 / 7488 points
2026-05-19T13:30:12 COLMAP[chunk_07_mapper_initial] I20260519 13:30:11.718647 13609 incremental_pipeline.cc:524] Registering image #1241 (num_reg_frames=20)
2026-05-19T13:30:12 COLMAP[chunk_07_mapper_initial] I20260519 13:30:11.718706 13609 incremental_pipeline.cc:527] => Image sees 4253 / 6415 points
2026-05-19T13:30:13 COLMAP[chunk_07_mapper_initial] I20260519 13:30:13.067935 13609 incremental_pipeline.cc:78] Retriangulation and Global bundle adjustment
2026-05-19T13:30:16 COLMAP[chunk_07_mapper_initial] I20260519 13:30:15.739508 13609 incremental_pipeline.cc:524] Registering image #1240 (num_reg_frames=21)
2026-05-19T13:30:16 COLMAP[chunk_07_mapper_initial] I20260519 13:30:15.739566 13609 incremental_pipeline.cc:527] => Image sees 4309 / 6943 points
2026-05-19T13:30:17 COLMAP[chunk_07_mapper_initial] I20260519 13:30:17.154294 13609 incremental_pipeline.cc:524] Registering image #1239 (num_reg_frames=22)
2026-05-19T13:30:17 COLMAP[chunk_07_mapper_initial] I20260519 13:30:17.154350 13609 incremental_pipeline.cc:527] => Image sees 4975 / 7396 points
2026-05-19T13:30:19 COLMAP[chunk_07_mapper_initial] I20260519 13:30:18.661954 13609 incremental_pipeline.cc:524] Registering image #1238 (num_reg_frames=23)
2026-05-19T13:30:19 COLMAP[chunk_07_mapper_initial] I20260519 13:30:18.662009 13609 incremental_pipeline.cc:527] => Image sees 5175 / 6986 points
2026-05-19T13:30:20 COLMAP[chunk_07_mapper_initial] I20260519 13:30:20.090771 13609 incremental_pipeline.cc:78] Retriangulation and Global bundle adjustment
2026-05-19T13:30:23 COLMAP[chunk_07_mapper_initial] I20260519 13:30:23.279146 13609 incremental_pipeline.cc:524] Registering image #1237 (num_reg_frames=24)
2026-05-19T13:30:23 COLMAP[chunk_07_mapper_initial] I20260519 13:30:23.279202 13609 incremental_pipeline.cc:527] => Image sees 3670 / 6086 points
2026-05-19T13:30:25 COLMAP[chunk_07_mapper_initial] I20260519 13:30:24.669260 13609 incremental_pipeline.cc:524] Registering image #1236 (num_reg_frames=25)
2026-05-19T13:30:25 COLMAP[chunk_07_mapper_initial] I20260519 13:30:24.669317 13609 incremental_pipeline.cc:527] => Image sees 3414 / 5289 points
2026-05-19T13:30:26 COLMAP[chunk_07_mapper_initial] I20260519 13:30:25.999868 13609 incremental_pipeline.cc:524] Registering image #1254 (num_reg_frames=26)
2026-05-19T13:30:26 COLMAP[chunk_07_mapper_initial] I20260519 13:30:25.999927 13609 incremental_pipeline.cc:527] => Image sees 1488 / 1824 points
2026-05-19T13:30:27 COLMAP[chunk_07_mapper_initial] I20260519 13:30:26.889101 13609 incremental_pipeline.cc:78] Retriangulation and Global bundle adjustment
2026-05-19T13:30:31 COLMAP[chunk_07_mapper_initial] I20260519 13:30:30.802443 13609 incremental_pipeline.cc:524] Registering image #817 (num_reg_frames=27)
2026-05-19T13:30:31 COLMAP[chunk_07_mapper_initial] I20260519 13:30:30.802501 13609 incremental_pipeline.cc:527] => Image sees 374 / 6920 points
2026-05-19T13:30:32 COLMAP[chunk_07_mapper_initial] I20260519 13:30:31.502758 13609 incremental_pipeline.cc:524] Registering image #835 (num_reg_frames=28)
2026-05-19T13:30:32 COLMAP[chunk_07_mapper_initial] I20260519 13:30:31.502816 13609 incremental_pipeline.cc:527] => Image sees 385 / 6938 points
2026-05-19T13:30:32 COLMAP[chunk_07_mapper_initial] I20260519 13:30:32.044644 13609 incremental_pipeline.cc:524] Registering image #818 (num_reg_frames=29)
2026-05-19T13:30:32 COLMAP[chunk_07_mapper_initial] I20260519 13:30:32.044700 13609 incremental_pipeline.cc:527] => Image sees 1139 / 7018 points
2026-05-19T13:30:33 COLMAP[chunk_07_mapper_initial] I20260519 13:30:32.828118 13609 incremental_pipeline.cc:78] Retriangulation and Global bundle adjustment
2026-05-19T13:30:35 COLMAP[chunk_07_mapper_initial] I20260519 13:30:35.212175 13609 incremental_pipeline.cc:524] Registering image #812 (num_reg_frames=30)
2026-05-19T13:30:35 COLMAP[chunk_07_mapper_initial] I20260519 13:30:35.212282 13609 incremental_pipeline.cc:527] => Image sees 2213 / 6602 points
2026-05-19T13:30:36 COLMAP[chunk_07_mapper_initial] I20260519 13:30:36.247545 13609 incremental_pipeline.cc:524] Registering image #799 (num_reg_frames=31)
2026-05-19T13:30:36 COLMAP[chunk_07_mapper_initial] I20260519 13:30:36.247606 13609 incremental_pipeline.cc:527] => Image sees 2092 / 5075 points
2026-05-19T13:30:37 COLMAP[chunk_07_mapper_initial] I20260519 13:30:37.369869 13609 incremental_pipeline.cc:524] Registering image #811 (num_reg_frames=32)
2026-05-19T13:30:37 COLMAP[chunk_07_mapper_initial] I20260519 13:30:37.369925 13609 incremental_pipeline.cc:527] => Image sees 2386 / 6551 points
2026-05-19T13:30:39 COLMAP[chunk_07_mapper_initial] I20260519 13:30:38.446714 13609 incremental_pipeline.cc:78] Retriangulation and Global bundle adjustment
2026-05-19T13:30:42 COLMAP[chunk_07_mapper_initial] I20260519 13:30:41.514251 13609 incremental_pipeline.cc:524] Registering image #800 (num_reg_frames=33)
2026-05-19T13:30:42 COLMAP[chunk_07_mapper_initial] I20260519 13:30:41.514308 13609 incremental_pipeline.cc:527] => Image sees 2519 / 5825 points
2026-05-19T13:30:43 COLMAP[chunk_07_mapper_initial] I20260519 13:30:42.596814 13609 incremental_pipeline.cc:524] Registering image #1048 (num_reg_frames=34)
2026-05-19T13:30:43 COLMAP[chunk_07_mapper_initial] I20260519 13:30:42.596868 13609 incremental_pipeline.cc:527] => Image sees 2329 / 6115 points
2026-05-19T13:30:44 COLMAP[chunk_07_mapper_initial] I20260519 13:30:43.618957 13609 incremental_pipeline.cc:524] Registering image #1047 (num_reg_frames=35)
2026-05-19T13:30:44 COLMAP[chunk_07_mapper_initial] I20260519 13:30:43.619014 13609 incremental_pipeline.cc:527] => Image sees 3041 / 7836 points
2026-05-19T13:30:45 COLMAP[chunk_07_mapper_initial] I20260519 13:30:44.715633 13609 incremental_pipeline.cc:78] Retriangulation and Global bundle adjustment
2026-05-19T13:30:48 COLMAP[chunk_07_mapper_initial] I20260519 13:30:47.594820 13609 incremental_pipeline.cc:524] Registering image #1069 (num_reg_frames=36)
2026-05-19T13:30:48 COLMAP[chunk_07_mapper_initial] I20260519 13:30:47.594882 13609 incremental_pipeline.cc:527] => Image sees 2789 / 7161 points
2026-05-19T13:30:49 COLMAP[chunk_07_mapper_initial] I20260519 13:30:48.760830 13609 incremental_pipeline.cc:524] Registering image #1064 (num_reg_frames=37)
2026-05-19T13:30:49 COLMAP[chunk_07_mapper_initial] I20260519 13:30:48.760890 13609 incremental_pipeline.cc:527] => Image sees 3443 / 7848 points
2026-05-19T13:30:50 COLMAP[chunk_07_mapper_initial] I20260519 13:30:50.000089 13609 incremental_pipeline.cc:524] Registering image #1063 (num_reg_frames=38)
2026-05-19T13:30:50 COLMAP[chunk_07_mapper_initial] I20260519 13:30:50.000146 13609 incremental_pipeline.cc:527] => Image sees 3523 / 7313 points
2026-05-19T13:30:51 COLMAP[chunk_07_mapper_initial] I20260519 13:30:51.217062 13609 incremental_pipeline.cc:78] Retriangulation and Global bundle adjustment
2026-05-19T13:30:55 COLMAP[chunk_07_mapper_initial] I20260519 13:30:54.696460 13609 incremental_pipeline.cc:524] Registering image #1071 (num_reg_frames=39)
2026-05-19T13:30:55 COLMAP[chunk_07_mapper_initial] I20260519 13:30:54.696522 13609 incremental_pipeline.cc:527] => Image sees 3211 / 8440 points
2026-05-19T13:30:56 COLMAP[chunk_07_mapper_initial] I20260519 13:30:55.966905 13609 incremental_pipeline.cc:524] Registering image #1072 (num_reg_frames=40)
2026-05-19T13:30:56 COLMAP[chunk_07_mapper_initial] I20260519 13:30:55.966960 13609 incremental_pipeline.cc:527] => Image sees 3863 / 8252 points
2026-05-19T13:30:57 COLMAP[chunk_07_mapper_initial] I20260519 13:30:57.307574 13609 incremental_pipeline.cc:524] Registering image #842 (num_reg_frames=41)
2026-05-19T13:30:57 COLMAP[chunk_07_mapper_initial] I20260519 13:30:57.307637 13609 incremental_pipeline.cc:527] => Image sees 3012 / 7972 points
2026-05-19T13:30:59 COLMAP[chunk_07_mapper_initial] I20260519 13:30:58.592739 13609 incremental_pipeline.cc:524] Registering image #836 (num_reg_frames=42)
2026-05-19T13:30:59 COLMAP[chunk_07_mapper_initial] I20260519 13:30:58.592799 13609 incremental_pipeline.cc:527] => Image sees 2929 / 7682 points
2026-05-19T13:31:00 COLMAP[chunk_07_mapper_initial] I20260519 13:30:59.746593 13609 incremental_pipeline.cc:78] Retriangulation and Global bundle adjustment
2026-05-19T13:31:03 COLMAP[chunk_07_mapper_initial] I20260519 13:31:02.947284 13609 incremental_pipeline.cc:524] Registering image #841 (num_reg_frames=43)
2026-05-19T13:31:03 COLMAP[chunk_07_mapper_initial] I20260519 13:31:02.947345 13609 incremental_pipeline.cc:527] => Image sees 3856 / 7690 points
2026-05-19T13:31:04 COLMAP[chunk_07_mapper_initial] I20260519 13:31:04.333774 13609 incremental_pipeline.cc:524] Registering image #1018 (num_reg_frames=44)
2026-05-19T13:31:04 COLMAP[chunk_07_mapper_initial] I20260519 13:31:04.333832 13609 incremental_pipeline.cc:527] => Image sees 3797 / 8261 points
2026-05-19T13:31:06 COLMAP[chunk_07_mapper_initial] I20260519 13:31:05.770875 13609 incremental_pipeline.cc:524] Registering image #1017 (num_reg_frames=45)
2026-05-19T13:31:06 COLMAP[chunk_07_mapper_initial] I20260519 13:31:05.770962 13609 incremental_pipeline.cc:527] => Image sees 4251 / 8602 points
2026-05-19T13:31:07 COLMAP[chunk_07_mapper_initial] I20260519 13:31:07.290771 13609 incremental_pipeline.cc:524] Registering image #1012 (num_reg_frames=46)
2026-05-19T13:31:07 COLMAP[chunk_07_mapper_initial] I20260519 13:31:07.290834 13609 incremental_pipeline.cc:527] => Image sees 4385 / 8314 points
2026-05-19T13:31:09 COLMAP[chunk_07_mapper_initial] I20260519 13:31:08.910033 13609 incremental_pipeline.cc:524] Registering image #1011 (num_reg_frames=47)
2026-05-19T13:31:09 COLMAP[chunk_07_mapper_initial] I20260519 13:31:08.910084 13609 incremental_pipeline.cc:527] => Image sees 4700 / 7636 points
2026-05-19T13:31:11 COLMAP[chunk_07_mapper_initial] I20260519 13:31:10.439646 13609 incremental_pipeline.cc:78] Retriangulation and Global bundle adjustment
2026-05-19T13:31:15 COLMAP[chunk_07_mapper_initial] I20260519 13:31:14.597532 13609 incremental_pipeline.cc:524] Registering image #1041 (num_reg_frames=48)
2026-05-19T13:31:15 COLMAP[chunk_07_mapper_initial] I20260519 13:31:14.597589 13609 incremental_pipeline.cc:527] => Image sees 4290 / 6385 points
2026-05-19T13:31:16 COLMAP[chunk_07_mapper_initial] I20260519 13:31:16.287352 13609 incremental_pipeline.cc:524] Registering image #1042 (num_reg_frames=49)
2026-05-19T13:31:16 COLMAP[chunk_07_mapper_initial] I20260519 13:31:16.287413 13609 incremental_pipeline.cc:527] => Image sees 4748 / 6055 points
2026-05-19T13:31:18 COLMAP[chunk_07_mapper_initial] I20260519 13:31:17.998288 13609 incremental_pipeline.cc:524] Registering image #869 (num_reg_frames=50)
2026-05-19T13:31:18 COLMAP[chunk_07_mapper_initial] I20260519 13:31:17.998345 13609 incremental_pipeline.cc:527] => Image sees 4435 / 7900 points
2026-05-19T13:31:20 COLMAP[chunk_07_mapper_initial] I20260519 13:31:19.628170 13609 incremental_pipeline.cc:524] Registering image #870 (num_reg_frames=51)
2026-05-19T13:31:20 COLMAP[chunk_07_mapper_initial] I20260519 13:31:19.628229 13609 incremental_pipeline.cc:527] => Image sees 3998 / 8128 points
2026-05-19T13:31:21 COLMAP[chunk_07_mapper_initial] I20260519 13:31:21.325672 13609 incremental_pipeline.cc:524] Registering image #875 (num_reg_frames=52)
2026-05-19T13:31:21 COLMAP[chunk_07_mapper_initial] I20260519 13:31:21.325752 13609 incremental_pipeline.cc:527] => Image sees 4572 / 8347 points
2026-05-19T13:31:23 COLMAP[chunk_07_mapper_initial] I20260519 13:31:23.080318 13609 incremental_pipeline.cc:78] Retriangulation and Global bundle adjustment
2026-05-19T13:31:28 COLMAP[chunk_07_mapper_initial] I20260519 13:31:28.220363 13609 incremental_pipeline.cc:524] Registering image #874 (num_reg_frames=53)
2026-05-19T13:31:28 COLMAP[chunk_07_mapper_initial] I20260519 13:31:28.220428 13609 incremental_pipeline.cc:527] => Image sees 4416 / 8126 points
2026-05-19T13:31:30 COLMAP[chunk_07_mapper_initial] I20260519 13:31:29.986501 13609 incremental_pipeline.cc:524] Registering image #972 (num_reg_frames=54)
2026-05-19T13:31:30 COLMAP[chunk_07_mapper_initial] I20260519 13:31:29.986560 13609 incremental_pipeline.cc:527] => Image sees 5186 / 9577 points
2026-05-19T13:31:32 COLMAP[chunk_07_mapper_initial] I20260519 13:31:31.886243 13609 incremental_pipeline.cc:524] Registering image #973 (num_reg_frames=55)
2026-05-19T13:31:32 COLMAP[chunk_07_mapper_initial] I20260519 13:31:31.886303 13609 incremental_pipeline.cc:527] => Image sees 5036 / 10307 points
2026-05-19T13:31:34 COLMAP[chunk_07_mapper_initial] I20260519 13:31:33.887768 13609 incremental_pipeline.cc:524] Registering image #974 (num_reg_frames=56)
2026-05-19T13:31:34 COLMAP[chunk_07_mapper_initial] I20260519 13:31:33.887844 13609 incremental_pipeline.cc:527] => Image sees 5567 / 10262 points
2026-05-19T13:31:36 COLMAP[chunk_07_mapper_initial] I20260519 13:31:35.981119 13609 incremental_pipeline.cc:524] Registering image #977 (num_reg_frames=57)
2026-05-19T13:31:36 COLMAP[chunk_07_mapper_initial] I20260519 13:31:35.981189 13609 incremental_pipeline.cc:527] => Image sees 4972 / 7591 points
2026-05-19T13:31:38 COLMAP[chunk_07_mapper_initial] I20260519 13:31:38.120664 13609 incremental_pipeline.cc:524] Registering image #976 (num_reg_frames=58)
2026-05-19T13:31:38 COLMAP[chunk_07_mapper_initial] I20260519 13:31:38.120728 13609 incremental_pipeline.cc:527] => Image sees 4993 / 7578 points
2026-05-19T13:31:40 COLMAP[chunk_07_mapper_initial] I20260519 13:31:40.074198 13609 incremental_pipeline.cc:78] Retriangulation and Global bundle adjustment
2026-05-19T13:31:46 COLMAP[chunk_07_mapper_initial] I20260519 13:31:45.660789 13609 incremental_pipeline.cc:524] Registering image #919 (num_reg_frames=59)
2026-05-19T13:31:46 COLMAP[chunk_07_mapper_initial] I20260519 13:31:45.660849 13609 incremental_pipeline.cc:527] => Image sees 4505 / 10201 points
2026-05-19T13:31:48 COLMAP[chunk_07_mapper_initial] I20260519 13:31:47.664449 13609 incremental_pipeline.cc:524] Registering image #922 (num_reg_frames=60)
2026-05-19T13:31:48 COLMAP[chunk_07_mapper_initial] I20260519 13:31:47.664511 13609 incremental_pipeline.cc:527] => Image sees 5071 / 10204 points
2026-05-19T13:31:50 COLMAP[chunk_07_mapper_initial] I20260519 13:31:49.847447 13609 incremental_pipeline.cc:524] Registering image #918 (num_reg_frames=61)
2026-05-19T13:31:50 COLMAP[chunk_07_mapper_initial] I20260519 13:31:49.847514 13609 incremental_pipeline.cc:527] => Image sees 4894 / 10303 points
2026-05-19T13:31:52 COLMAP[chunk_07_mapper_initial] I20260519 13:31:52.003739 13609 incremental_pipeline.cc:524] Registering image #923 (num_reg_frames=62)
2026-05-19T13:31:52 COLMAP[chunk_07_mapper_initial] I20260519 13:31:52.003811 13609 incremental_pipeline.cc:527] => Image sees 6212 / 10536 points
2026-05-19T13:31:54 COLMAP[chunk_07_mapper_initial] I20260519 13:31:54.410645 13609 incremental_pipeline.cc:524] Registering image #921 (num_reg_frames=63)
2026-05-19T13:31:54 COLMAP[chunk_07_mapper_initial] I20260519 13:31:54.410704 13609 incremental_pipeline.cc:527] => Image sees 6268 / 10334 points
2026-05-19T13:31:57 COLMAP[chunk_07_mapper_initial] I20260519 13:31:56.665877 13609 incremental_pipeline.cc:524] Registering image #920 (num_reg_frames=64)
2026-05-19T13:31:57 COLMAP[chunk_07_mapper_initial] I20260519 13:31:56.665932 13609 incremental_pipeline.cc:527] => Image sees 6621 / 10351 points
2026-05-19T13:31:59 COLMAP[chunk_07_mapper_initial] I20260519 13:31:58.943579 13609 incremental_pipeline.cc:78] Retriangulation and Global bundle adjustment
2026-05-19T13:32:06 COLMAP[chunk_07_mapper_initial] I20260519 13:32:05.583086 13609 incremental_pipeline.cc:524] Registering image #801 (num_reg_frames=65)
2026-05-19T13:32:06 COLMAP[chunk_07_mapper_initial] I20260519 13:32:05.583145 13609 incremental_pipeline.cc:527] => Image sees 2370 / 4886 points
2026-05-19T13:32:07 COLMAP[chunk_07_mapper_initial] I20260519 13:32:06.680055 13609 incremental_pipeline.cc:524] Registering image #1073 (num_reg_frames=66)
2026-05-19T13:32:07 COLMAP[chunk_07_mapper_initial] I20260519 13:32:06.680145 13609 incremental_pipeline.cc:527] => Image sees 2462 / 6191 points
2026-05-19T13:32:08 COLMAP[chunk_07_mapper_initial] I20260519 13:32:07.938395 13609 incremental_pipeline.cc:524] Registering image #202 (num_reg_frames=67)
2026-05-19T13:32:08 COLMAP[chunk_07_mapper_initial] I20260519 13:32:07.938457 13609 incremental_pipeline.cc:527] => Image sees 2295 / 4960 points
2026-05-19T13:32:09 COLMAP[chunk_07_mapper_initial] I20260519 13:32:08.965667 13609 incremental_pipeline.cc:524] Registering image #1070 (num_reg_frames=68)
2026-05-19T13:32:09 COLMAP[chunk_07_mapper_initial] I20260519 13:32:08.965739 13609 incremental_pipeline.cc:527] => Image sees 2602 / 3658 points
2026-05-19T13:32:10 COLMAP[chunk_07_mapper_initial] I20260519 13:32:10.154747 13609 incremental_pipeline.cc:524] Registering image #201 (num_reg_frames=69)
2026-05-19T13:32:10 COLMAP[chunk_07_mapper_initial] I20260519 13:32:10.154803 13609 incremental_pipeline.cc:527] => Image sees 2142 / 4061 points
2026-05-19T13:32:11 COLMAP[chunk_07_mapper_initial] I20260519 13:32:11.101708 13609 incremental_pipeline.cc:524] Registering image #203 (num_reg_frames=70)
2026-05-19T13:32:11 COLMAP[chunk_07_mapper_initial] I20260519 13:32:11.101764 13609 incremental_pipeline.cc:527] => Image sees 2274 / 4560 points
2026-05-19T13:32:12 COLMAP[chunk_07_mapper_initial] I20260519 13:32:12.261060 13609 incremental_pipeline.cc:524] Registering image #802 (num_reg_frames=71)
2026-05-19T13:32:12 COLMAP[chunk_07_mapper_initial] I20260519 13:32:12.261121 13609 incremental_pipeline.cc:527] => Image sees 1919 / 3549 points
2026-05-19T13:32:13 COLMAP[chunk_07_mapper_initial] I20260519 13:32:13.152798 13609 incremental_pipeline.cc:78] Retriangulation and Global bundle adjustment
2026-05-19T13:32:26 COLMAP[chunk_07_mapper_initial] I20260519 13:32:25.834266 13609 incremental_pipeline.cc:524] Registering image #1074 (num_reg_frames=72)
2026-05-19T13:32:26 COLMAP[chunk_07_mapper_initial] I20260519 13:32:25.834324 13609 incremental_pipeline.cc:527] => Image sees 1802 / 7246 points
2026-05-19T13:32:27 COLMAP[chunk_07_mapper_initial] I20260519 13:32:26.907181 13609 incremental_pipeline.cc:524] Registering image #1075 (num_reg_frames=73)
2026-05-19T13:32:27 COLMAP[chunk_07_mapper_initial] I20260519 13:32:26.907245 13609 incremental_pipeline.cc:527] => Image sees 2444 / 6899 points
2026-05-19T13:32:28 COLMAP[chunk_07_mapper_initial] I20260519 13:32:28.134899 13609 incremental_pipeline.cc:524] Registering image #481 (num_reg_frames=74)
2026-05-19T13:32:28 COLMAP[chunk_07_mapper_initial] I20260519 13:32:28.134958 13609 incremental_pipeline.cc:527] => Image sees 1668 / 6842 points
2026-05-19T13:32:29 COLMAP[chunk_07_mapper_initial] I20260519 13:32:29.193243 13609 incremental_pipeline.cc:524] Registering image #477 (num_reg_frames=75)
2026-05-19T13:32:29 COLMAP[chunk_07_mapper_initial] I20260519 13:32:29.193305 13609 incremental_pipeline.cc:527] => Image sees 2063 / 6760 points
2026-05-19T13:32:30 COLMAP[chunk_07_mapper_initial] I20260519 13:32:30.325304 13609 incremental_pipeline.cc:524] Registering image #476 (num_reg_frames=76)
2026-05-19T13:32:30 COLMAP[chunk_07_mapper_initial] I20260519 13:32:30.325353 13609 incremental_pipeline.cc:527] => Image sees 2900 / 6500 points
2026-05-19T13:32:31 COLMAP[chunk_07_mapper_initial] I20260519 13:32:31.448402 13609 incremental_pipeline.cc:78] Retriangulation and Global bundle adjustment
2026-05-19T13:32:39 COLMAP[chunk_07_mapper_initial] I20260519 13:32:38.633613 13609 incremental_pipeline.cc:524] Registering image #460 (num_reg_frames=77)
2026-05-19T13:32:39 COLMAP[chunk_07_mapper_initial] I20260519 13:32:38.633715 13609 incremental_pipeline.cc:527] => Image sees 2534 / 5958 points
2026-05-19T13:32:40 COLMAP[chunk_07_mapper_initial] I20260519 13:32:39.799958 13609 incremental_pipeline.cc:524] Registering image #461 (num_reg_frames=78)
2026-05-19T13:32:40 COLMAP[chunk_07_mapper_initial] I20260519 13:32:39.800019 13609 incremental_pipeline.cc:527] => Image sees 2262 / 6370 points
2026-05-19T13:32:41 COLMAP[chunk_07_mapper_initial] I20260519 13:32:40.949299 13609 incremental_pipeline.cc:524] Registering image #453 (num_reg_frames=79)
2026-05-19T13:32:41 COLMAP[chunk_07_mapper_initial] I20260519 13:32:40.949360 13609 incremental_pipeline.cc:527] => Image sees 2722 / 6432 points
2026-05-19T13:32:42 COLMAP[chunk_07_mapper_initial] I20260519 13:32:42.097890 13609 incremental_pipeline.cc:524] Registering image #225 (num_reg_frames=80)
2026-05-19T13:32:42 COLMAP[chunk_07_mapper_initial] I20260519 13:32:42.097944 13609 incremental_pipeline.cc:527] => Image sees 2442 / 6006 points
2026-05-19T13:32:43 COLMAP[chunk_07_mapper_initial] I20260519 13:32:43.134490 13609 incremental_pipeline.cc:524] Registering image #219 (num_reg_frames=81)
2026-05-19T13:32:43 COLMAP[chunk_07_mapper_initial] I20260519 13:32:43.134541 13609 incremental_pipeline.cc:527] => Image sees 2638 / 5472 points
2026-05-19T13:32:44 COLMAP[chunk_07_mapper_initial] I20260519 13:32:44.199513 13609 incremental_pipeline.cc:524] Registering image #206 (num_reg_frames=82)
2026-05-19T13:32:44 COLMAP[chunk_07_mapper_initial] I20260519 13:32:44.199572 13609 incremental_pipeline.cc:527] => Image sees 2440 / 5748 points
2026-05-19T13:32:45 COLMAP[chunk_07_mapper_initial] I20260519 13:32:45.283921 13609 incremental_pipeline.cc:524] Registering image #205 (num_reg_frames=83)
2026-05-19T13:32:45 COLMAP[chunk_07_mapper_initial] I20260519 13:32:45.283977 13609 incremental_pipeline.cc:527] => Image sees 2509 / 6856 points
2026-05-19T13:32:46 COLMAP[chunk_07_mapper_initial] I20260519 13:32:46.386823 13609 incremental_pipeline.cc:524] Registering image #204 (num_reg_frames=84)
2026-05-19T13:32:46 COLMAP[chunk_07_mapper_initial] I20260519 13:32:46.386879 13609 incremental_pipeline.cc:527] => Image sees 3320 / 6388 points
2026-05-19T13:32:47 COLMAP[chunk_07_mapper_initial] I20260519 13:32:47.455770 13609 incremental_pipeline.cc:78] Retriangulation and Global bundle adjustment
2026-05-19T13:32:56 COLMAP[chunk_07_mapper_initial] I20260519 13:32:56.049345 13609 incremental_pipeline.cc:524] Registering image #218 (num_reg_frames=85)
2026-05-19T13:32:56 COLMAP[chunk_07_mapper_initial] I20260519 13:32:56.049405 13609 incremental_pipeline.cc:527] => Image sees 2608 / 4782 points
2026-05-19T13:32:57 COLMAP[chunk_07_mapper_initial] I20260519 13:32:57.105602 13609 incremental_pipeline.cc:524] Registering image #433 (num_reg_frames=86)
2026-05-19T13:32:57 COLMAP[chunk_07_mapper_initial] I20260519 13:32:57.105657 13609 incremental_pipeline.cc:527] => Image sees 2708 / 6912 points
2026-05-19T13:32:58 COLMAP[chunk_07_mapper_initial] I20260519 13:32:58.255900 13609 incremental_pipeline.cc:524] Registering image #434 (num_reg_frames=87)
2026-05-19T13:32:58 COLMAP[chunk_07_mapper_initial] I20260519 13:32:58.255950 13609 incremental_pipeline.cc:527] => Image sees 2781 / 7399 points
2026-05-19T13:32:59 COLMAP[chunk_07_mapper_initial] I20260519 13:32:59.447926 13609 incremental_pipeline.cc:524] Registering image #241 (num_reg_frames=88)
2026-05-19T13:32:59 COLMAP[chunk_07_mapper_initial] I20260519 13:32:59.447988 13609 incremental_pipeline.cc:527] => Image sees 3451 / 6731 points
2026-05-19T13:33:01 COLMAP[chunk_07_mapper_initial] I20260519 13:33:00.755208 13609 incremental_pipeline.cc:524] Registering image #251 (num_reg_frames=89)
2026-05-19T13:33:01 COLMAP[chunk_07_mapper_initial] I20260519 13:33:00.755270 13609 incremental_pipeline.cc:527] => Image sees 3056 / 6506 points
2026-05-19T13:33:02 COLMAP[chunk_07_mapper_initial] I20260519 13:33:02.186357 13609 incremental_pipeline.cc:524] Registering image #240 (num_reg_frames=90)
2026-05-19T13:33:02 COLMAP[chunk_07_mapper_initial] I20260519 13:33:02.186416 13609 incremental_pipeline.cc:527] => Image sees 3698 / 6363 points
2026-05-19T13:33:04 COLMAP[chunk_07_mapper_initial] I20260519 13:33:03.555266 13609 incremental_pipeline.cc:524] Registering image #421 (num_reg_frames=91)
2026-05-19T13:33:04 COLMAP[chunk_07_mapper_initial] I20260519 13:33:03.555327 13609 incremental_pipeline.cc:527] => Image sees 3492 / 7347 points
2026-05-19T13:33:05 COLMAP[chunk_07_mapper_initial] I20260519 13:33:04.910434 13609 incremental_pipeline.cc:524] Registering image #272 (num_reg_frames=92)
2026-05-19T13:33:05 COLMAP[chunk_07_mapper_initial] I20260519 13:33:04.910495 13609 incremental_pipeline.cc:527] => Image sees 3258 / 7491 points
2026-05-19T13:33:06 COLMAP[chunk_07_mapper_initial] I20260519 13:33:06.213634 13609 incremental_pipeline.cc:524] Registering image #288 (num_reg_frames=93)
2026-05-19T13:33:06 COLMAP[chunk_07_mapper_initial] I20260519 13:33:06.213711 13609 incremental_pipeline.cc:527] => Image sees 3280 / 7290 points
2026-05-19T13:33:08 COLMAP[chunk_07_mapper_initial] I20260519 13:33:07.502506 13609 incremental_pipeline.cc:78] Retriangulation and Global bundle adjustment
2026-05-19T13:33:16 COLMAP[chunk_07_mapper_initial] I20260519 13:33:16.263058 13609 incremental_pipeline.cc:524] Registering image #287 (num_reg_frames=94)
2026-05-19T13:33:16 COLMAP[chunk_07_mapper_initial] I20260519 13:33:16.263145 13609 incremental_pipeline.cc:527] => Image sees 3665 / 7876 points
2026-05-19T13:33:18 COLMAP[chunk_07_mapper_initial] I20260519 13:33:17.718916 13609 incremental_pipeline.cc:524] Registering image #397 (num_reg_frames=95)
2026-05-19T13:33:18 COLMAP[chunk_07_mapper_initial] I20260519 13:33:17.718978 13609 incremental_pipeline.cc:527] => Image sees 4397 / 7776 points
2026-05-19T13:33:19 COLMAP[chunk_07_mapper_initial] I20260519 13:33:19.274353 13609 incremental_pipeline.cc:524] Registering image #378 (num_reg_frames=96)
2026-05-19T13:33:19 COLMAP[chunk_07_mapper_initial] I20260519 13:33:19.274412 13609 incremental_pipeline.cc:527] => Image sees 2878 / 7437 points
2026-05-19T13:33:21 COLMAP[chunk_07_mapper_initial] I20260519 13:33:20.654768 13609 incremental_pipeline.cc:524] Registering image #377 (num_reg_frames=97)
2026-05-19T13:33:21 COLMAP[chunk_07_mapper_initial] I20260519 13:33:20.654826 13609 incremental_pipeline.cc:527] => Image sees 2957 / 7484 points
2026-05-19T13:33:22 COLMAP[chunk_07_mapper_initial] I20260519 13:33:22.061493 13609 incremental_pipeline.cc:524] Registering image #317 (num_reg_frames=98)
2026-05-19T13:33:22 COLMAP[chunk_07_mapper_initial] I20260519 13:33:22.061555 13609 incremental_pipeline.cc:527] => Image sees 3833 / 7544 points
2026-05-19T13:33:24 COLMAP[chunk_07_mapper_initial] I20260519 13:33:23.548761 13609 incremental_pipeline.cc:524] Registering image #342 (num_reg_frames=99)
2026-05-19T13:33:24 COLMAP[chunk_07_mapper_initial] I20260519 13:33:23.548815 13609 incremental_pipeline.cc:527] => Image sees 3596 / 5737 points
2026-05-19T13:33:25 COLMAP[chunk_07_mapper_initial] I20260519 13:33:24.993889 13609 incremental_pipeline.cc:524] Registering image #638 (num_reg_frames=100)
2026-05-19T13:33:25 COLMAP[chunk_07_mapper_initial] I20260519 13:33:24.993949 13609 incremental_pipeline.cc:527] => Image sees 1406 / 5144 points
2026-05-19T13:33:26 COLMAP[chunk_07_mapper_initial] I20260519 13:33:26.085222 13609 incremental_pipeline.cc:524] Registering image #639 (num_reg_frames=101)
2026-05-19T13:33:26 COLMAP[chunk_07_mapper_initial] I20260519 13:33:26.085276 13609 incremental_pipeline.cc:527] => Image sees 1646 / 4938 points
2026-05-19T13:33:27 COLMAP[chunk_07_mapper_initial] I20260519 13:33:27.155264 13609 incremental_pipeline.cc:524] Registering image #637 (num_reg_frames=102)
2026-05-19T13:33:27 COLMAP[chunk_07_mapper_initial] I20260519 13:33:27.155321 13609 incremental_pipeline.cc:527] => Image sees 1103 / 3603 points
2026-05-19T13:33:28 COLMAP[chunk_07_mapper_initial] I20260519 13:33:28.126961 13609 incremental_pipeline.cc:524] Registering image #808 (num_reg_frames=103)
2026-05-19T13:33:28 COLMAP[chunk_07_mapper_initial] I20260519 13:33:28.127022 13609 incremental_pipeline.cc:527] => Image sees 1226 / 3071 points
2026-05-19T13:33:29 COLMAP[chunk_07_mapper_initial] I20260519 13:33:28.887300 13609 incremental_pipeline.cc:78] Retriangulation and Global bundle adjustment
2026-05-19T13:33:37 COLMAP[chunk_07_mapper_initial] I20260519 13:33:37.430202 13609 incremental_pipeline.cc:524] Registering image #1076 (num_reg_frames=104)
2026-05-19T13:33:37 COLMAP[chunk_07_mapper_initial] I20260519 13:33:37.430262 13609 incremental_pipeline.cc:527] => Image sees 1086 / 1703 points
2026-05-19T13:33:38 COLMAP[chunk_07_mapper_initial] I20260519 13:33:38.267793 13609 incremental_pipeline.cc:524] Registering image #809 (num_reg_frames=105)
2026-05-19T13:33:38 COLMAP[chunk_07_mapper_initial] I20260519 13:33:38.267858 13609 incremental_pipeline.cc:527] => Image sees 1023 / 2507 points
2026-05-19T13:33:39 COLMAP[chunk_07_mapper_initial] I20260519 13:33:39.131790 13609 incremental_pipeline.cc:524] Registering image #509 (num_reg_frames=106)
2026-05-19T13:33:39 COLMAP[chunk_07_mapper_initial] I20260519 13:33:39.131856 13609 incremental_pipeline.cc:527] => Image sees 549 / 6637 points
2026-05-19T13:33:40 COLMAP[chunk_07_mapper_initial] I20260519 13:33:39.937186 13609 incremental_pipeline.cc:524] Registering image #508 (num_reg_frames=107)
2026-05-19T13:33:40 COLMAP[chunk_07_mapper_initial] I20260519 13:33:39.937247 13609 incremental_pipeline.cc:527] => Image sees 895 / 6116 points
2026-05-19T13:33:41 COLMAP[chunk_07_mapper_initial] I20260519 13:33:40.858006 13609 incremental_pipeline.cc:524] Registering image #507 (num_reg_frames=108)
2026-05-19T13:33:41 COLMAP[chunk_07_mapper_initial] I20260519 13:33:40.858060 13609 incremental_pipeline.cc:527] => Image sees 2041 / 4500 points
2026-05-19T13:33:42 COLMAP[chunk_07_mapper_initial] I20260519 13:33:41.828083 13609 incremental_pipeline.cc:524] Registering image #510 (num_reg_frames=109)
2026-05-19T13:33:42 COLMAP[chunk_07_mapper_initial] I20260519 13:33:41.828137 13609 incremental_pipeline.cc:527] => Image sees 2177 / 6699 points
2026-05-19T13:33:43 COLMAP[chunk_07_mapper_initial] I20260519 13:33:42.891522 13609 incremental_pipeline.cc:524] Registering image #512 (num_reg_frames=110)
2026-05-19T13:33:43 COLMAP[chunk_07_mapper_initial] I20260519 13:33:42.891582 13609 incremental_pipeline.cc:527] => Image sees 2719 / 5917 points
2026-05-19T13:33:44 COLMAP[chunk_07_mapper_initial] I20260519 13:33:44.180590 13609 incremental_pipeline.cc:524] Registering image #511 (num_reg_frames=111)
2026-05-19T13:33:44 COLMAP[chunk_07_mapper_initial] I20260519 13:33:44.180650 13609 incremental_pipeline.cc:527] => Image sees 4301 / 7530 points
2026-05-19T13:33:46 COLMAP[chunk_07_mapper_initial] I20260519 13:33:45.561290 13609 incremental_pipeline.cc:524] Registering image #598 (num_reg_frames=112)
2026-05-19T13:33:46 COLMAP[chunk_07_mapper_initial] I20260519 13:33:45.561352 13609 incremental_pipeline.cc:527] => Image sees 4637 / 6627 points
2026-05-19T13:33:47 COLMAP[chunk_07_mapper_initial] I20260519 13:33:47.053431 13609 incremental_pipeline.cc:524] Registering image #506 (num_reg_frames=113)
2026-05-19T13:33:47 COLMAP[chunk_07_mapper_initial] I20260519 13:33:47.053515 13609 incremental_pipeline.cc:527] => Image sees 1226 / 5014 points
2026-05-19T13:33:48 COLMAP[chunk_07_mapper_initial] I20260519 13:33:48.034816 13609 incremental_pipeline.cc:524] Registering image #505 (num_reg_frames=114)
2026-05-19T13:33:48 COLMAP[chunk_07_mapper_initial] I20260519 13:33:48.034876 13609 incremental_pipeline.cc:527] => Image sees 1069 / 5825 points
2026-05-19T13:33:49 COLMAP[chunk_07_mapper_initial] I20260519 13:33:48.778155 13609 incremental_pipeline.cc:78] Retriangulation and Global bundle adjustment
2026-05-19T13:34:02 COLMAP[chunk_07_mapper_initial] I20260519 13:34:01.565744 13609 incremental_pipeline.cc:524] Registering image #504 (num_reg_frames=115)
2026-05-19T13:34:02 COLMAP[chunk_07_mapper_initial] I20260519 13:34:01.565797 13609 incremental_pipeline.cc:527] => Image sees 1277 / 5786 points
2026-05-19T13:34:03 COLMAP[chunk_07_mapper_initial] I20260519 13:34:02.517608 13609 incremental_pipeline.cc:524] Registering image #1184 (num_reg_frames=116)
2026-05-19T13:34:03 COLMAP[chunk_07_mapper_initial] I20260519 13:34:02.517664 13609 incremental_pipeline.cc:527] => Image sees 313 / 5486 points
2026-05-19T13:34:03 COLMAP[chunk_07_mapper_initial] I20260519 13:34:03.368746 13609 incremental_pipeline.cc:524] Registering image #1185 (num_reg_frames=117)
2026-05-19T13:34:03 COLMAP[chunk_07_mapper_initial] I20260519 13:34:03.368795 13609 incremental_pipeline.cc:527] => Image sees 347 / 5049 points
2026-05-19T13:34:04 COLMAP[chunk_07_mapper_initial] I20260519 13:34:04.337834 13609 incremental_pipeline.cc:524] Registering image #1187 (num_reg_frames=118)
2026-05-19T13:34:04 COLMAP[chunk_07_mapper_initial] I20260519 13:34:04.337888 13609 incremental_pipeline.cc:527] => Image sees 1318 / 7021 points
2026-05-19T13:34:06 COLMAP[chunk_07_mapper_initial] I20260519 13:34:05.492455 13609 incremental_pipeline.cc:524] Registering image #1186 (num_reg_frames=119)
2026-05-19T13:34:06 COLMAP[chunk_07_mapper_initial] I20260519 13:34:05.492514 13609 incremental_pipeline.cc:527] => Image sees 1982 / 6773 points
2026-05-19T13:34:07 COLMAP[chunk_07_mapper_initial] I20260519 13:34:06.652145 13609 incremental_pipeline.cc:524] Registering image #1188 (num_reg_frames=120)
2026-05-19T13:34:07 COLMAP[chunk_07_mapper_initial] I20260519 13:34:06.652204 13609 incremental_pipeline.cc:527] => Image sees 1534 / 6061 points
2026-05-19T13:34:08 COLMAP[chunk_07_mapper_initial] I20260519 13:34:07.592506 13609 incremental_pipeline.cc:524] Registering image #1189 (num_reg_frames=121)
2026-05-19T13:34:08 COLMAP[chunk_07_mapper_initial] I20260519 13:34:07.592568 13609 incremental_pipeline.cc:527] => Image sees 1530 / 5998 points
2026-05-19T13:34:09 COLMAP[chunk_07_mapper_initial] I20260519 13:34:08.763810 13609 incremental_pipeline.cc:524] Registering image #1190 (num_reg_frames=122)
2026-05-19T13:34:09 COLMAP[chunk_07_mapper_initial] I20260519 13:34:08.763870 13609 incremental_pipeline.cc:527] => Image sees 2686 / 6240 points
2026-05-19T13:34:10 COLMAP[chunk_07_mapper_initial] I20260519 13:34:10.102041 13609 incremental_pipeline.cc:524] Registering image #1183 (num_reg_frames=123)
2026-05-19T13:34:10 COLMAP[chunk_07_mapper_initial] I20260519 13:34:10.102098 13609 incremental_pipeline.cc:527] => Image sees 1729 / 4825 points
2026-05-19T13:34:11 COLMAP[chunk_07_mapper_initial] I20260519 13:34:11.162775 13609 incremental_pipeline.cc:524] Registering image #1182 (num_reg_frames=124)
2026-05-19T13:34:11 COLMAP[chunk_07_mapper_initial] I20260519 13:34:11.162834 13609 incremental_pipeline.cc:527] => Image sees 1732 / 5152 points
2026-05-19T13:34:12 COLMAP[chunk_07_mapper_initial] I20260519 13:34:12.205714 13609 incremental_pipeline.cc:524] Registering image #1181 (num_reg_frames=125)
2026-05-19T13:34:12 COLMAP[chunk_07_mapper_initial] I20260519 13:34:12.205772 13609 incremental_pipeline.cc:527] => Image sees 1193 / 5436 points
2026-05-19T13:34:13 COLMAP[chunk_07_mapper_initial] I20260519 13:34:13.201308 13609 incremental_pipeline.cc:524] Registering image #1180 (num_reg_frames=126)
2026-05-19T13:34:13 COLMAP[chunk_07_mapper_initial] I20260519 13:34:13.201359 13609 incremental_pipeline.cc:527] => Image sees 1409 / 5108 points
2026-05-19T13:34:14 COLMAP[chunk_07_mapper_initial] I20260519 13:34:14.165048 13609 incremental_pipeline.cc:78] Retriangulation and Global bundle adjustment
2026-05-19T13:34:38 COLMAP[chunk_07_mapper_initial] I20260519 13:34:38.175419 13609 incremental_pipeline.cc:524] Registering image #1179 (num_reg_frames=127)
2026-05-19T13:34:38 COLMAP[chunk_07_mapper_initial] I20260519 13:34:38.175509 13609 incremental_pipeline.cc:527] => Image sees 2285 / 4099 points
2026-05-19T13:34:39 COLMAP[chunk_07_mapper_initial] I20260519 13:34:39.204567 13609 incremental_pipeline.cc:524] Registering image #1191 (num_reg_frames=128)
2026-05-19T13:34:39 COLMAP[chunk_07_mapper_initial] I20260519 13:34:39.204630 13609 incremental_pipeline.cc:527] => Image sees 1073 / 4610 points
2026-05-19T13:34:40 COLMAP[chunk_07_mapper_initial] I20260519 13:34:40.210052 13609 incremental_pipeline.cc:524] Registering image #1194 (num_reg_frames=129)
2026-05-19T13:34:40 COLMAP[chunk_07_mapper_initial] I20260519 13:34:40.210110 13609 incremental_pipeline.cc:527] => Image sees 912 / 6518 points
2026-05-19T13:34:41 COLMAP[chunk_07_mapper_initial] I20260519 13:34:41.151593 13609 incremental_pipeline.cc:524] Registering image #1197 (num_reg_frames=130)
2026-05-19T13:34:41 COLMAP[chunk_07_mapper_initial] I20260519 13:34:41.151654 13609 incremental_pipeline.cc:527] => Image sees 1278 / 4605 points
2026-05-19T13:34:42 COLMAP[chunk_07_mapper_initial] I20260519 13:34:42.137450 13609 incremental_pipeline.cc:524] Registering image #1193 (num_reg_frames=131)
2026-05-19T13:34:42 COLMAP[chunk_07_mapper_initial] I20260519 13:34:42.137511 13609 incremental_pipeline.cc:527] => Image sees 2115 / 5705 points
2026-05-19T13:34:43 COLMAP[chunk_07_mapper_initial] I20260519 13:34:43.233417 13609 incremental_pipeline.cc:524] Registering image #1192 (num_reg_frames=132)
2026-05-19T13:34:43 COLMAP[chunk_07_mapper_initial] I20260519 13:34:43.233474 13609 incremental_pipeline.cc:527] => Image sees 2035 / 4874 points
2026-05-19T13:34:44 COLMAP[chunk_07_mapper_initial] I20260519 13:34:44.314597 13609 incremental_pipeline.cc:524] Registering image #1198 (num_reg_frames=133)
2026-05-19T13:34:44 COLMAP[chunk_07_mapper_initial] I20260519 13:34:44.314651 13609 incremental_pipeline.cc:527] => Image sees 1907 / 4495 points
2026-05-19T13:34:45 COLMAP[chunk_07_mapper_initial] I20260519 13:34:45.343453 13609 incremental_pipeline.cc:524] Registering image #1196 (num_reg_frames=134)
2026-05-19T13:34:45 COLMAP[chunk_07_mapper_initial] I20260519 13:34:45.343506 13609 incremental_pipeline.cc:527] => Image sees 2640 / 5191 points
2026-05-19T13:34:46 COLMAP[chunk_07_mapper_initial] I20260519 13:34:46.416096 13609 incremental_pipeline.cc:524] Registering image #1195 (num_reg_frames=135)
2026-05-19T13:34:46 COLMAP[chunk_07_mapper_initial] I20260519 13:34:46.416147 13609 incremental_pipeline.cc:527] => Image sees 1578 / 3883 points
2026-05-19T13:34:47 COLMAP[chunk_07_mapper_initial] I20260519 13:34:47.353339 13609 incremental_pipeline.cc:524] Registering image #1200 (num_reg_frames=136)
2026-05-19T13:34:47 COLMAP[chunk_07_mapper_initial] I20260519 13:34:47.353395 13609 incremental_pipeline.cc:527] => Image sees 1002 / 3465 points
2026-05-19T13:34:48 COLMAP[chunk_07_mapper_initial] I20260519 13:34:48.210582 13609 incremental_pipeline.cc:524] Registering image #1199 (num_reg_frames=137)
2026-05-19T13:34:48 COLMAP[chunk_07_mapper_initial] I20260519 13:34:48.210637 13609 incremental_pipeline.cc:527] => Image sees 1191 / 2438 points
2026-05-19T13:34:49 COLMAP[chunk_07_mapper_initial] I20260519 13:34:49.030704 13609 incremental_pipeline.cc:524] Registering image #1201 (num_reg_frames=138)
2026-05-19T13:34:49 COLMAP[chunk_07_mapper_initial] I20260519 13:34:49.030755 13609 incremental_pipeline.cc:527] => Image sees 1166 / 3347 points
2026-05-19T13:34:50 COLMAP[chunk_07_mapper_initial] I20260519 13:34:49.787635 13609 incremental_pipeline.cc:524] Registering image #1218 (num_reg_frames=139)
2026-05-19T13:34:50 COLMAP[chunk_07_mapper_initial] I20260519 13:34:49.787689 13609 incremental_pipeline.cc:527] => Image sees 951 / 3655 points
2026-05-19T13:34:51 COLMAP[chunk_07_mapper_initial] I20260519 13:34:50.562716 13609 incremental_pipeline.cc:78] Retriangulation and Global bundle adjustment
2026-05-19T13:35:03 COLMAP[chunk_07_mapper_initial] I20260519 13:35:02.786233 13609 incremental_pipeline.cc:524] Registering image #1202 (num_reg_frames=140)
2026-05-19T13:35:03 COLMAP[chunk_07_mapper_initial] I20260519 13:35:02.786284 13609 incremental_pipeline.cc:527] => Image sees 784 / 3050 points
2026-05-19T13:35:03 COLMAP[chunk_07_mapper_initial] I20260519 13:35:03.449857 13609 incremental_pipeline.cc:524] Registering image #1203 (num_reg_frames=141)
2026-05-19T13:35:03 COLMAP[chunk_07_mapper_initial] I20260519 13:35:03.449909 13609 incremental_pipeline.cc:527] => Image sees 710 / 3093 points
2026-05-19T13:35:04 COLMAP[chunk_07_mapper_initial] I20260519 13:35:04.052081 13609 incremental_pipeline.cc:524] Registering image #1204 (num_reg_frames=142)
2026-05-19T13:35:04 COLMAP[chunk_07_mapper_initial] I20260519 13:35:04.052131 13609 incremental_pipeline.cc:527] => Image sees 846 / 3585 points
2026-05-19T13:35:05 COLMAP[chunk_07_mapper_initial] I20260519 13:35:04.668583 13609 incremental_pipeline.cc:524] Registering image #1205 (num_reg_frames=143)
2026-05-19T13:35:05 COLMAP[chunk_07_mapper_initial] I20260519 13:35:04.668630 13609 incremental_pipeline.cc:527] => Image sees 903 / 4682 points
2026-05-19T13:35:05 COLMAP[chunk_07_mapper_initial] I20260519 13:35:05.324643 13609 incremental_pipeline.cc:524] Registering image #1206 (num_reg_frames=144)
2026-05-19T13:35:05 COLMAP[chunk_07_mapper_initial] I20260519 13:35:05.324694 13609 incremental_pipeline.cc:527] => Image sees 1248 / 5532 points
2026-05-19T13:35:06 COLMAP[chunk_07_mapper_initial] I20260519 13:35:06.106400 13609 incremental_pipeline.cc:524] Registering image #1207 (num_reg_frames=145)
2026-05-19T13:35:06 COLMAP[chunk_07_mapper_initial] I20260519 13:35:06.106458 13609 incremental_pipeline.cc:527] => Image sees 1733 / 6511 points
2026-05-19T13:35:07 COLMAP[chunk_07_mapper_initial] I20260519 13:35:06.915549 13609 incremental_pipeline.cc:524] Registering image #1208 (num_reg_frames=146)
2026-05-19T13:35:07 COLMAP[chunk_07_mapper_initial] I20260519 13:35:06.915596 13609 incremental_pipeline.cc:527] => Image sees 1441 / 5751 points
2026-05-19T13:35:08 COLMAP[chunk_07_mapper_initial] I20260519 13:35:07.749197 13609 incremental_pipeline.cc:524] Registering image #1211 (num_reg_frames=147)
2026-05-19T13:35:08 COLMAP[chunk_07_mapper_initial] I20260519 13:35:07.749269 13609 incremental_pipeline.cc:527] => Image sees 892 / 6901 points
2026-05-19T13:35:09 COLMAP[chunk_07_mapper_initial] I20260519 13:35:08.571655 13609 incremental_pipeline.cc:524] Registering image #1209 (num_reg_frames=148)
2026-05-19T13:35:09 COLMAP[chunk_07_mapper_initial] I20260519 13:35:08.571720 13609 incremental_pipeline.cc:527] => Image sees 1531 / 4445 points
2026-05-19T13:35:10 COLMAP[chunk_07_mapper_initial] I20260519 13:35:09.518512 13609 incremental_pipeline.cc:524] Registering image #1210 (num_reg_frames=149)
2026-05-19T13:35:10 COLMAP[chunk_07_mapper_initial] I20260519 13:35:09.518561 13609 incremental_pipeline.cc:527] => Image sees 1997 / 5973 points
2026-05-19T13:35:11 COLMAP[chunk_07_mapper_initial] I20260519 13:35:10.523355 13609 incremental_pipeline.cc:524] Registering image #1212 (num_reg_frames=150)
2026-05-19T13:35:11 COLMAP[chunk_07_mapper_initial] I20260519 13:35:10.523404 13609 incremental_pipeline.cc:527] => Image sees 2877 / 6482 points
2026-05-19T13:35:12 COLMAP[chunk_07_mapper_initial] I20260519 13:35:11.614005 13609 incremental_pipeline.cc:524] Registering image #1213 (num_reg_frames=151)
2026-05-19T13:35:12 COLMAP[chunk_07_mapper_initial] I20260519 13:35:11.614058 13609 incremental_pipeline.cc:527] => Image sees 1876 / 3583 points
2026-05-19T13:35:13 COLMAP[chunk_07_mapper_initial] I20260519 13:35:12.636751 13609 incremental_pipeline.cc:524] Registering image #1214 (num_reg_frames=152)
2026-05-19T13:35:13 COLMAP[chunk_07_mapper_initial] I20260519 13:35:12.636804 13609 incremental_pipeline.cc:527] => Image sees 1243 / 3514 points
2026-05-19T13:35:14 COLMAP[chunk_07_mapper_initial] I20260519 13:35:13.693617 13609 incremental_pipeline.cc:524] Registering image #1217 (num_reg_frames=153)
2026-05-19T13:35:14 COLMAP[chunk_07_mapper_initial] I20260519 13:35:13.693675 13609 incremental_pipeline.cc:527] => Image sees 1189 / 4119 points
2026-05-19T13:35:15 COLMAP[chunk_07_mapper_initial] I20260519 13:35:14.520569 13609 incremental_pipeline.cc:78] Retriangulation and Global bundle adjustment
2026-05-19T13:35:53 COLMAP[chunk_07_mapper_initial] I20260519 13:35:53.219009 13609 incremental_pipeline.cc:524] Registering image #1216 (num_reg_frames=154)
2026-05-19T13:35:53 COLMAP[chunk_07_mapper_initial] I20260519 13:35:53.219080 13609 incremental_pipeline.cc:527] => Image sees 1190 / 4529 points
2026-05-19T13:35:54 COLMAP[chunk_07_mapper_initial] I20260519 13:35:54.031047 13609 incremental_pipeline.cc:524] Registering image #1215 (num_reg_frames=155)
2026-05-19T13:35:54 COLMAP[chunk_07_mapper_initial] I20260519 13:35:54.031103 13609 incremental_pipeline.cc:527] => Image sees 1257 / 3777 points
2026-05-19T13:35:55 COLMAP[chunk_07_mapper_initial] I20260519 13:35:54.797263 13609 incremental_pipeline.cc:524] Registering image #620 (num_reg_frames=156)
2026-05-19T13:35:55 COLMAP[chunk_07_mapper_initial] I20260519 13:35:54.797318 13609 incremental_pipeline.cc:527] => Image sees 707 / 1423 points
2026-05-19T13:35:56 COLMAP[chunk_07_mapper_initial] I20260519 13:35:55.807849 13609 incremental_pipeline.cc:524] Registering image #718 (num_reg_frames=157)
2026-05-19T13:35:56 COLMAP[chunk_07_mapper_initial] I20260519 13:35:55.807904 13609 incremental_pipeline.cc:527] => Image sees 158 / 5227 points
2026-05-19T13:35:57 COLMAP[chunk_07_mapper_initial] I20260519 13:35:56.594321 13609 incremental_pipeline.cc:524] Registering image #723 (num_reg_frames=158)
2026-05-19T13:35:57 COLMAP[chunk_07_mapper_initial] I20260519 13:35:56.594372 13609 incremental_pipeline.cc:527] => Image sees 179 / 4782 points
2026-05-19T13:35:57 COLMAP[chunk_07_mapper_initial] I20260519 13:35:57.394328 13609 incremental_pipeline.cc:524] Registering image #722 (num_reg_frames=159)
2026-05-19T13:35:57 COLMAP[chunk_07_mapper_initial] I20260519 13:35:57.394388 13609 incremental_pipeline.cc:527] => Image sees 610 / 5875 points
2026-05-19T13:35:58 COLMAP[chunk_07_mapper_initial] I20260519 13:35:58.273029 13609 incremental_pipeline.cc:524] Registering image #765 (num_reg_frames=160)
2026-05-19T13:35:58 COLMAP[chunk_07_mapper_initial] I20260519 13:35:58.273083 13609 incremental_pipeline.cc:527] => Image sees 1136 / 6276 points
2026-05-19T13:35:59 COLMAP[chunk_07_mapper_initial] I20260519 13:35:59.307555 13609 incremental_pipeline.cc:524] Registering image #766 (num_reg_frames=161)
2026-05-19T13:35:59 COLMAP[chunk_07_mapper_initial] I20260519 13:35:59.307612 13609 incremental_pipeline.cc:527] => Image sees 1607 / 5880 points
2026-05-19T13:36:00 COLMAP[chunk_07_mapper_initial] I20260519 13:36:00.349707 13609 incremental_pipeline.cc:524] Registering image #767 (num_reg_frames=162)
2026-05-19T13:36:00 COLMAP[chunk_07_mapper_initial] I20260519 13:36:00.349761 13609 incremental_pipeline.cc:527] => Image sees 2264 / 4733 points
2026-05-19T13:36:01 COLMAP[chunk_07_mapper_initial] I20260519 13:36:01.475296 13609 incremental_pipeline.cc:524] Registering image #764 (num_reg_frames=163)
2026-05-19T13:36:01 COLMAP[chunk_07_mapper_initial] I20260519 13:36:01.475353 13609 incremental_pipeline.cc:527] => Image sees 2291 / 5261 points
2026-05-19T13:36:02 COLMAP[chunk_07_mapper_initial] I20260519 13:36:02.508572 13609 incremental_pipeline.cc:524] Registering image #763 (num_reg_frames=164)
2026-05-19T13:36:02 COLMAP[chunk_07_mapper_initial] I20260519 13:36:02.508630 13609 incremental_pipeline.cc:527] => Image sees 2232 / 5250 points
2026-05-19T13:36:04 COLMAP[chunk_07_mapper_initial] I20260519 13:36:03.633621 13609 incremental_pipeline.cc:524] Registering image #717 (num_reg_frames=165)
2026-05-19T13:36:04 COLMAP[chunk_07_mapper_initial] I20260519 13:36:03.633697 13609 incremental_pipeline.cc:527] => Image sees 2831 / 6389 points
2026-05-19T13:36:05 COLMAP[chunk_07_mapper_initial] I20260519 13:36:04.974457 13609 incremental_pipeline.cc:524] Registering image #758 (num_reg_frames=166)
2026-05-19T13:36:05 COLMAP[chunk_07_mapper_initial] I20260519 13:36:04.974511 13609 incremental_pipeline.cc:527] => Image sees 3282 / 5770 points
2026-05-19T13:36:06 COLMAP[chunk_07_mapper_initial] I20260519 13:36:06.388293 13609 incremental_pipeline.cc:524] Registering image #757 (num_reg_frames=167)
2026-05-19T13:36:06 COLMAP[chunk_07_mapper_initial] I20260519 13:36:06.388348 13609 incremental_pipeline.cc:527] => Image sees 3341 / 5383 points
2026-05-19T13:36:08 COLMAP[chunk_07_mapper_initial] I20260519 13:36:07.692250 13609 incremental_pipeline.cc:524] Registering image #716 (num_reg_frames=168)
2026-05-19T13:36:08 COLMAP[chunk_07_mapper_initial] I20260519 13:36:07.692306 13609 incremental_pipeline.cc:527] => Image sees 1596 / 3962 points
2026-05-19T13:36:09 COLMAP[chunk_07_mapper_initial] I20260519 13:36:08.849339 13609 incremental_pipeline.cc:524] Registering image #756 (num_reg_frames=169)
2026-05-19T13:36:09 COLMAP[chunk_07_mapper_initial] I20260519 13:36:08.849401 13609 incremental_pipeline.cc:527] => Image sees 1730 / 3351 points
2026-05-19T13:36:10 COLMAP[chunk_07_mapper_initial] I20260519 13:36:09.800057 13609 incremental_pipeline.cc:78] Retriangulation and Global bundle adjustment
2026-05-19T13:37:05 COLMAP[chunk_07_mapper_initial] I20260519 13:37:05.275672 13609 incremental_pipeline.cc:524] Registering image #503 (num_reg_frames=170)
2026-05-19T13:37:05 COLMAP[chunk_07_mapper_initial] I20260519 13:37:05.275760 13609 incremental_pipeline.cc:527] => Image sees 92 / 3957 points
2026-05-19T13:37:06 COLMAP[chunk_07_mapper_initial] I20260519 13:37:05.938716 13609 incremental_pipeline.cc:524] Registering image #501 (num_reg_frames=171)
2026-05-19T13:37:06 COLMAP[chunk_07_mapper_initial] I20260519 13:37:05.938774 13609 incremental_pipeline.cc:527] => Image sees 107 / 3107 points
2026-05-19T13:37:06 COLMAP[chunk_07_mapper_initial] I20260519 13:37:05.945829 13609 incremental_pipeline.cc:550] => Could not register, trying another image.
2026-05-19T13:37:06 COLMAP[chunk_07_mapper_initial] I20260519 13:37:05.945865 13609 incremental_pipeline.cc:524] Registering image #112 (num_reg_frames=171)
2026-05-19T13:37:06 COLMAP[chunk_07_mapper_initial] I20260519 13:37:05.945878 13609 incremental_pipeline.cc:527] => Image sees 89 / 4931 points
2026-05-19T13:37:07 COLMAP[chunk_07_mapper_initial] I20260519 13:37:06.762341 13609 incremental_pipeline.cc:524] Registering image #113 (num_reg_frames=172)
2026-05-19T13:37:07 COLMAP[chunk_07_mapper_initial] I20260519 13:37:06.762395 13609 incremental_pipeline.cc:527] => Image sees 198 / 4246 points
2026-05-19T13:37:08 COLMAP[chunk_07_mapper_initial] I20260519 13:37:07.657322 13609 incremental_pipeline.cc:524] Registering image #110 (num_reg_frames=173)
2026-05-19T13:37:08 COLMAP[chunk_07_mapper_initial] I20260519 13:37:07.657380 13609 incremental_pipeline.cc:527] => Image sees 1499 / 5205 points
2026-05-19T13:37:09 COLMAP[chunk_07_mapper_initial] I20260519 13:37:08.577441 13609 incremental_pipeline.cc:524] Registering image #111 (num_reg_frames=174)
2026-05-19T13:37:09 COLMAP[chunk_07_mapper_initial] I20260519 13:37:08.577493 13609 incremental_pipeline.cc:527] => Image sees 1765 / 4218 points
2026-05-19T13:37:10 COLMAP[chunk_07_mapper_initial] I20260519 13:37:09.620626 13609 incremental_pipeline.cc:524] Registering image #114 (num_reg_frames=175)
2026-05-19T13:37:10 COLMAP[chunk_07_mapper_initial] I20260519 13:37:09.620678 13609 incremental_pipeline.cc:527] => Image sees 1007 / 2137 points
2026-05-19T13:37:10 COLMAP[chunk_07_mapper_initial] I20260519 13:37:10.518803 13609 incremental_pipeline.cc:524] Registering image #92 (num_reg_frames=176)
2026-05-19T13:37:10 COLMAP[chunk_07_mapper_initial] I20260519 13:37:10.518862 13609 incremental_pipeline.cc:527] => Image sees 180 / 7342 points
2026-05-19T13:37:10 COLMAP[chunk_07_mapper_initial] I20260519 13:37:10.530278 13609 incremental_pipeline.cc:550] => Could not register, trying another image.
2026-05-19T13:37:10 COLMAP[chunk_07_mapper_initial] I20260519 13:37:10.530314 13609 incremental_pipeline.cc:524] Registering image #94 (num_reg_frames=176)
2026-05-19T13:37:10 COLMAP[chunk_07_mapper_initial] I20260519 13:37:10.530328 13609 incremental_pipeline.cc:527] => Image sees 94 / 6590 points
2026-05-19T13:37:10 COLMAP[chunk_07_mapper_initial] I20260519 13:37:10.537221 13609 incremental_pipeline.cc:550] => Could not register, trying another image.
2026-05-19T13:37:10 COLMAP[chunk_07_mapper_initial] I20260519 13:37:10.537247 13609 incremental_pipeline.cc:524] Registering image #90 (num_reg_frames=176)
2026-05-19T13:37:10 COLMAP[chunk_07_mapper_initial] I20260519 13:37:10.537259 13609 incremental_pipeline.cc:527] => Image sees 88 / 2969 points
2026-05-19T13:37:11 COLMAP[chunk_07_mapper_initial] I20260519 13:37:10.544245 13609 incremental_pipeline.cc:550] => Could not register, trying another image.
2026-05-19T13:37:11 COLMAP[chunk_07_mapper_initial] I20260519 13:37:10.544270 13609 incremental_pipeline.cc:524] Registering image #93 (num_reg_frames=176)
2026-05-19T13:37:11 COLMAP[chunk_07_mapper_initial] I20260519 13:37:10.544281 13609 incremental_pipeline.cc:527] => Image sees 50 / 7056 points
2026-05-19T13:37:11 COLMAP[chunk_07_mapper_initial] I20260519 13:37:10.549086 13609 incremental_pipeline.cc:550] => Could not register, trying another image.
2026-05-19T13:37:11 COLMAP[chunk_07_mapper_initial] I20260519 13:37:10.549110 13609 incremental_pipeline.cc:524] Registering image #500 (num_reg_frames=176)
2026-05-19T13:37:11 COLMAP[chunk_07_mapper_initial] I20260519 13:37:10.549124 13609 incremental_pipeline.cc:527] => Image sees 51 / 3214 points
2026-05-19T13:37:11 COLMAP[chunk_07_mapper_initial] I20260519 13:37:10.553205 13609 incremental_pipeline.cc:550] => Could not register, trying another image.
2026-05-19T13:37:11 COLMAP[chunk_07_mapper_initial] I20260519 13:37:10.553228 13609 incremental_pipeline.cc:524] Registering image #501 (num_reg_frames=176)
2026-05-19T13:37:11 COLMAP[chunk_07_mapper_initial] I20260519 13:37:10.553241 13609 incremental_pipeline.cc:527] => Image sees 107 / 3107 points
2026-05-19T13:37:11 COLMAP[chunk_07_mapper_initial] I20260519 13:37:10.560580 13609 incremental_pipeline.cc:550] => Could not register, trying another image.
2026-05-19T13:37:11 COLMAP[chunk_07_mapper_initial] I20260519 13:37:10.560626 13609 incremental_pipeline.cc:524] Registering image #501 (num_reg_frames=176)
2026-05-19T13:37:11 COLMAP[chunk_07_mapper_initial] I20260519 13:37:10.560642 13609 incremental_pipeline.cc:527] => Image sees 107 / 3107 points
2026-05-19T13:37:11 COLMAP[chunk_07_mapper_initial] I20260519 13:37:10.560653 13609 incremental_pipeline.cc:533] Registering image with structure-less fallback
2026-05-19T13:37:11 COLMAP[chunk_07_mapper_initial] I20260519 13:37:10.560673 13609 incremental_pipeline.cc:535] => Image sees 2023 / 5359 correspondences
2026-05-19T13:37:12 COLMAP[chunk_07_mapper_initial] I20260519 13:37:11.569809 13609 incremental_pipeline.cc:524] Registering image #499 (num_reg_frames=177)
2026-05-19T13:37:12 COLMAP[chunk_07_mapper_initial] I20260519 13:37:11.569857 13609 incremental_pipeline.cc:527] => Image sees 246 / 2767 points
2026-05-19T13:37:12 COLMAP[chunk_07_mapper_initial] I20260519 13:37:12.126945 13609 incremental_pipeline.cc:524] Registering image #502 (num_reg_frames=178)
2026-05-19T13:37:12 COLMAP[chunk_07_mapper_initial] I20260519 13:37:12.126998 13609 incremental_pipeline.cc:527] => Image sees 509 / 3283 points
2026-05-19T13:37:13 COLMAP[chunk_07_mapper_initial] I20260519 13:37:12.721298 13609 incremental_pipeline.cc:524] Registering image #636 (num_reg_frames=179)
2026-05-19T13:37:13 COLMAP[chunk_07_mapper_initial] I20260519 13:37:12.721380 13609 incremental_pipeline.cc:527] => Image sees 177 / 913 points
2026-05-19T13:37:13 COLMAP[chunk_07_mapper_initial] I20260519 13:37:13.103080 13609 incremental_pipeline.cc:524] Registering image #500 (num_reg_frames=180)
2026-05-19T13:37:13 COLMAP[chunk_07_mapper_initial] I20260519 13:37:13.103132 13609 incremental_pipeline.cc:527] => Image sees 1485 / 3214 points
2026-05-19T13:37:14 COLMAP[chunk_07_mapper_initial] I20260519 13:37:13.827000 13609 incremental_pipeline.cc:524] Registering image #92 (num_reg_frames=181)
2026-05-19T13:37:14 COLMAP[chunk_07_mapper_initial] I20260519 13:37:13.827059 13609 incremental_pipeline.cc:527] => Image sees 180 / 7342 points
2026-05-19T13:37:14 COLMAP[chunk_07_mapper_initial] I20260519 13:37:13.839017 13609 incremental_pipeline.cc:550] => Could not register, trying another image.
2026-05-19T13:37:14 COLMAP[chunk_07_mapper_initial] I20260519 13:37:13.839052 13609 incremental_pipeline.cc:524] Registering image #94 (num_reg_frames=181)
2026-05-19T13:37:14 COLMAP[chunk_07_mapper_initial] I20260519 13:37:13.839062 13609 incremental_pipeline.cc:527] => Image sees 94 / 6590 points
2026-05-19T13:37:14 COLMAP[chunk_07_mapper_initial] I20260519 13:37:13.846061 13609 incremental_pipeline.cc:550] => Could not register, trying another image.
2026-05-19T13:37:14 COLMAP[chunk_07_mapper_initial] I20260519 13:37:13.846084 13609 incremental_pipeline.cc:524] Registering image #90 (num_reg_frames=181)
2026-05-19T13:37:14 COLMAP[chunk_07_mapper_initial] I20260519 13:37:13.846093 13609 incremental_pipeline.cc:527] => Image sees 88 / 2969 points
2026-05-19T13:37:14 COLMAP[chunk_07_mapper_initial] I20260519 13:37:13.852728 13609 incremental_pipeline.cc:550] => Could not register, trying another image.
2026-05-19T13:37:14 COLMAP[chunk_07_mapper_initial] I20260519 13:37:13.852754 13609 incremental_pipeline.cc:524] Registering image #93 (num_reg_frames=181)
2026-05-19T13:37:14 COLMAP[chunk_07_mapper_initial] I20260519 13:37:13.852763 13609 incremental_pipeline.cc:527] => Image sees 50 / 7056 points
2026-05-19T13:37:14 COLMAP[chunk_07_mapper_initial] I20260519 13:37:13.857924 13609 incremental_pipeline.cc:550] => Could not register, trying another image.
2026-05-19T13:37:14 COLMAP[chunk_07_mapper_initial] I20260519 13:37:13.857969 13609 incremental_pipeline.cc:524] Registering image #92 (num_reg_frames=181)
2026-05-19T13:37:14 COLMAP[chunk_07_mapper_initial] I20260519 13:37:13.857986 13609 incremental_pipeline.cc:527] => Image sees 180 / 7342 points
2026-05-19T13:37:14 COLMAP[chunk_07_mapper_initial] I20260519 13:37:13.857997 13609 incremental_pipeline.cc:533] Registering image with structure-less fallback
2026-05-19T13:37:14 COLMAP[chunk_07_mapper_initial] I20260519 13:37:13.858011 13609 incremental_pipeline.cc:535] => Image sees 293 / 14721 correspondences
2026-05-19T13:37:23 COLMAP[chunk_07_mapper_initial] I20260519 13:37:22.945803 13609 incremental_pipeline.cc:550] => Could not register, trying another image.
2026-05-19T13:37:23 COLMAP[chunk_07_mapper_initial] I20260519 13:37:22.945863 13609 incremental_pipeline.cc:524] Registering image #94 (num_reg_frames=181)
2026-05-19T13:37:23 COLMAP[chunk_07_mapper_initial] I20260519 13:37:22.945880 13609 incremental_pipeline.cc:527] => Image sees 94 / 6590 points
2026-05-19T13:37:23 COLMAP[chunk_07_mapper_initial] I20260519 13:37:22.945894 13609 incremental_pipeline.cc:533] Registering image with structure-less fallback
2026-05-19T13:37:23 COLMAP[chunk_07_mapper_initial] I20260519 13:37:22.945905 13609 incremental_pipeline.cc:535] => Image sees 178 / 12651 correspondences
2026-05-19T13:37:32 COLMAP[chunk_07_mapper_initial] I20260519 13:37:32.395524 13609 incremental_pipeline.cc:550] => Could not register, trying another image.
2026-05-19T13:37:32 COLMAP[chunk_07_mapper_initial] I20260519 13:37:32.395586 13609 incremental_pipeline.cc:524] Registering image #90 (num_reg_frames=181)
2026-05-19T13:37:32 COLMAP[chunk_07_mapper_initial] I20260519 13:37:32.395601 13609 incremental_pipeline.cc:527] => Image sees 88 / 2969 points
2026-05-19T13:37:32 COLMAP[chunk_07_mapper_initial] I20260519 13:37:32.395612 13609 incremental_pipeline.cc:533] Registering image with structure-less fallback
2026-05-19T13:37:32 COLMAP[chunk_07_mapper_initial] I20260519 13:37:32.395622 13609 incremental_pipeline.cc:535] => Image sees 132 / 6596 correspondences
2026-05-19T13:37:32 COLMAP[chunk_07_mapper_initial] I20260519 13:37:32.396131 13609 incremental_pipeline.cc:550] => Could not register, trying another image.
2026-05-19T13:37:32 COLMAP[chunk_07_mapper_initial] I20260519 13:37:32.396194 13609 incremental_pipeline.cc:524] Registering image #93 (num_reg_frames=181)
2026-05-19T13:37:32 COLMAP[chunk_07_mapper_initial] I20260519 13:37:32.396222 13609 incremental_pipeline.cc:527] => Image sees 50 / 7056 points
2026-05-19T13:37:32 COLMAP[chunk_07_mapper_initial] I20260519 13:37:32.396247 13609 incremental_pipeline.cc:533] Registering image with structure-less fallback
2026-05-19T13:37:32 COLMAP[chunk_07_mapper_initial] I20260519 13:37:32.396271 13609 incremental_pipeline.cc:535] => Image sees 71 / 13590 correspondences
2026-05-19T13:37:32 COLMAP[chunk_07_mapper_initial] I20260519 13:37:32.396984 13609 incremental_pipeline.cc:550] => Could not register, trying another image.
2026-05-19T13:37:32 COLMAP[chunk_07_mapper_initial] I20260519 13:37:32.397020 13609 incremental_pipeline.cc:78] Retriangulation and Global bundle adjustment
2026-05-19T13:38:19 COLMAP[chunk_07_mapper_initial] I20260519 13:38:19.023269 13609 incremental_pipeline.cc:524] Registering image #92 (num_reg_frames=181)
2026-05-19T13:38:19 COLMAP[chunk_07_mapper_initial] I20260519 13:38:19.023370 13609 incremental_pipeline.cc:527] => Image sees 180 / 7342 points
2026-05-19T13:38:19 COLMAP[chunk_07_mapper_initial] I20260519 13:38:19.035441 13609 incremental_pipeline.cc:550] => Could not register, trying another image.
2026-05-19T13:38:19 COLMAP[chunk_07_mapper_initial] I20260519 13:38:19.035477 13609 incremental_pipeline.cc:524] Registering image #94 (num_reg_frames=181)
2026-05-19T13:38:19 COLMAP[chunk_07_mapper_initial] I20260519 13:38:19.035487 13609 incremental_pipeline.cc:527] => Image sees 94 / 6590 points
2026-05-19T13:38:19 COLMAP[chunk_07_mapper_initial] I20260519 13:38:19.042707 13609 incremental_pipeline.cc:550] => Could not register, trying another image.
2026-05-19T13:38:19 COLMAP[chunk_07_mapper_initial] I20260519 13:38:19.042728 13609 incremental_pipeline.cc:524] Registering image #90 (num_reg_frames=181)
2026-05-19T13:38:19 COLMAP[chunk_07_mapper_initial] I20260519 13:38:19.042737 13609 incremental_pipeline.cc:527] => Image sees 88 / 2969 points
2026-05-19T13:38:19 COLMAP[chunk_07_mapper_initial] I20260519 13:38:19.049321 13609 incremental_pipeline.cc:550] => Could not register, trying another image.
2026-05-19T13:38:19 COLMAP[chunk_07_mapper_initial] I20260519 13:38:19.049342 13609 incremental_pipeline.cc:524] Registering image #93 (num_reg_frames=181)
2026-05-19T13:38:19 COLMAP[chunk_07_mapper_initial] I20260519 13:38:19.049351 13609 incremental_pipeline.cc:527] => Image sees 50 / 7056 points
2026-05-19T13:38:19 COLMAP[chunk_07_mapper_initial] I20260519 13:38:19.054265 13609 incremental_pipeline.cc:550] => Could not register, trying another image.
2026-05-19T13:38:19 COLMAP[chunk_07_mapper_initial] I20260519 13:38:19.054301 13609 incremental_pipeline.cc:524] Registering image #92 (num_reg_frames=181)
2026-05-19T13:38:19 COLMAP[chunk_07_mapper_initial] I20260519 13:38:19.054311 13609 incremental_pipeline.cc:527] => Image sees 180 / 7342 points
2026-05-19T13:38:19 COLMAP[chunk_07_mapper_initial] I20260519 13:38:19.054319 13609 incremental_pipeline.cc:533] Registering image with structure-less fallback
2026-05-19T13:38:19 COLMAP[chunk_07_mapper_initial] I20260519 13:38:19.054329 13609 incremental_pipeline.cc:535] => Image sees 293 / 14721 correspondences
2026-05-19T13:38:29 COLMAP[chunk_07_mapper_initial] I20260519 13:38:28.733624 13609 incremental_pipeline.cc:550] => Could not register, trying another image.
2026-05-19T13:38:29 COLMAP[chunk_07_mapper_initial] I20260519 13:38:28.733697 13609 incremental_pipeline.cc:524] Registering image #94 (num_reg_frames=181)
2026-05-19T13:38:29 COLMAP[chunk_07_mapper_initial] I20260519 13:38:28.733714 13609 incremental_pipeline.cc:527] => Image sees 94 / 6590 points
2026-05-19T13:38:29 COLMAP[chunk_07_mapper_initial] I20260519 13:38:28.733726 13609 incremental_pipeline.cc:533] Registering image with structure-less fallback
2026-05-19T13:38:29 COLMAP[chunk_07_mapper_initial] I20260519 13:38:28.733736 13609 incremental_pipeline.cc:535] => Image sees 178 / 12651 correspondences
2026-05-19T13:38:39 COLMAP[chunk_07_mapper_initial] I20260519 13:38:38.583647 13609 incremental_pipeline.cc:550] => Could not register, trying another image.
2026-05-19T13:38:39 COLMAP[chunk_07_mapper_initial] I20260519 13:38:38.583798 13609 incremental_pipeline.cc:524] Registering image #90 (num_reg_frames=181)
2026-05-19T13:38:39 COLMAP[chunk_07_mapper_initial] I20260519 13:38:38.583844 13609 incremental_pipeline.cc:527] => Image sees 88 / 2969 points
2026-05-19T13:38:39 COLMAP[chunk_07_mapper_initial] I20260519 13:38:38.583875 13609 incremental_pipeline.cc:533] Registering image with structure-less fallback
2026-05-19T13:38:39 COLMAP[chunk_07_mapper_initial] I20260519 13:38:38.583904 13609 incremental_pipeline.cc:535] => Image sees 132 / 6596 correspondences
2026-05-19T13:38:39 COLMAP[chunk_07_mapper_initial] I20260519 13:38:38.584466 13609 incremental_pipeline.cc:550] => Could not register, trying another image.
2026-05-19T13:38:39 COLMAP[chunk_07_mapper_initial] I20260519 13:38:38.584503 13609 incremental_pipeline.cc:524] Registering image #93 (num_reg_frames=181)
2026-05-19T13:38:39 COLMAP[chunk_07_mapper_initial] I20260519 13:38:38.584530 13609 incremental_pipeline.cc:527] => Image sees 50 / 7056 points
2026-05-19T13:38:39 COLMAP[chunk_07_mapper_initial] I20260519 13:38:38.584555 13609 incremental_pipeline.cc:533] Registering image with structure-less fallback
2026-05-19T13:38:39 COLMAP[chunk_07_mapper_initial] I20260519 13:38:38.584578 13609 incremental_pipeline.cc:535] => Image sees 71 / 13590 correspondences
2026-05-19T13:38:39 COLMAP[chunk_07_mapper_initial] I20260519 13:38:38.585299 13609 incremental_pipeline.cc:550] => Could not register, trying another image.
2026-05-19T13:38:39 COLMAP[chunk_07_mapper_initial] I20260519 13:38:38.585333 13609 incremental_pipeline.cc:78] Retriangulation and Global bundle adjustment
2026-05-19T13:38:59 COLMAP[chunk_07_mapper_initial] I20260519 13:38:58.661386 13609 incremental_pipeline.cc:710] Keeping successful reconstruction
2026-05-19T13:38:59 COLMAP[chunk_07_mapper_initial] I20260519 13:38:58.942808 13609 incremental_pipeline.cc:377] Finding good initial image pair
2026-05-19T13:38:59 COLMAP[chunk_07_mapper_initial] I20260519 13:38:59.016247 13609 incremental_pipeline.cc:401] Registering initial image pair #94 and #92
2026-05-19T13:38:59 COLMAP[chunk_07_mapper_initial] I20260519 13:38:59.035878 13609 incremental_pipeline.cc:419] Global bundle adjustment
2026-05-19T13:39:00 COLMAP[chunk_07_mapper_initial] I20260519 13:38:59.824847 13609 incremental_pipeline.cc:524] Registering image #91 (num_reg_frames=2)
2026-05-19T13:39:00 COLMAP[chunk_07_mapper_initial] I20260519 13:38:59.824903 13609 incremental_pipeline.cc:527] => Image sees 2132 / 7205 points
2026-05-19T13:39:01 COLMAP[chunk_07_mapper_initial] I20260519 13:39:00.837553 13609 incremental_pipeline.cc:78] Retriangulation and Global bundle adjustment
2026-05-19T13:39:01 COLMAP[chunk_07_mapper_initial] I20260519 13:39:01.176038 13609 incremental_pipeline.cc:524] Registering image #93 (num_reg_frames=3)
2026-05-19T13:39:01 COLMAP[chunk_07_mapper_initial] I20260519 13:39:01.176092 13609 incremental_pipeline.cc:527] => Image sees 3792 / 7056 points
2026-05-19T13:39:02 COLMAP[chunk_07_mapper_initial] I20260519 13:39:02.508602 13609 incremental_pipeline.cc:78] Retriangulation and Global bundle adjustment
2026-05-19T13:39:03 COLMAP[chunk_07_mapper_initial] I20260519 13:39:02.859717 13609 incremental_pipeline.cc:524] Registering image #90 (num_reg_frames=4)
2026-05-19T13:39:03 COLMAP[chunk_07_mapper_initial] I20260519 13:39:02.859766 13609 incremental_pipeline.cc:527] => Image sees 1977 / 2969 points
2026-05-19T13:39:04 COLMAP[chunk_07_mapper_initial] I20260519 13:39:04.176065 13609 incremental_pipeline.cc:78] Retriangulation and Global bundle adjustment
2026-05-19T13:39:05 COLMAP[chunk_07_mapper_initial] I20260519 13:39:04.585916 13609 incremental_pipeline.cc:524] Registering image #113 (num_reg_frames=5)
2026-05-19T13:39:05 COLMAP[chunk_07_mapper_initial] I20260519 13:39:04.585968 13609 incremental_pipeline.cc:527] => Image sees 247 / 4246 points
2026-05-19T13:39:05 COLMAP[chunk_07_mapper_initial] I20260519 13:39:04.601524 13609 incremental_pipeline.cc:550] => Could not register, trying another image.
2026-05-19T13:39:05 COLMAP[chunk_07_mapper_initial] I20260519 13:39:04.601557 13609 incremental_pipeline.cc:524] Registering image #110 (num_reg_frames=5)
2026-05-19T13:39:05 COLMAP[chunk_07_mapper_initial] I20260519 13:39:04.601567 13609 incremental_pipeline.cc:527] => Image sees 76 / 5205 points
2026-05-19T13:39:05 COLMAP[chunk_07_mapper_initial] I20260519 13:39:04.607900 13609 incremental_pipeline.cc:550] => Could not register, trying another image.
2026-05-19T13:39:05 COLMAP[chunk_07_mapper_initial] I20260519 13:39:04.607925 13609 incremental_pipeline.cc:524] Registering image #1189 (num_reg_frames=5)
2026-05-19T13:39:05 COLMAP[chunk_07_mapper_initial] I20260519 13:39:04.607934 13609 incremental_pipeline.cc:527] => Image sees 36 / 5998 points
2026-05-19T13:39:05 COLMAP[chunk_07_mapper_initial] I20260519 13:39:04.612303 13609 incremental_pipeline.cc:550] => Could not register, trying another image.
2026-05-19T13:39:05 COLMAP[chunk_07_mapper_initial] I20260519 13:39:04.612354 13609 incremental_pipeline.cc:524] Registering image #113 (num_reg_frames=5)
2026-05-19T13:39:05 COLMAP[chunk_07_mapper_initial] I20260519 13:39:04.612370 13609 incremental_pipeline.cc:527] => Image sees 247 / 4246 points
2026-05-19T13:39:05 COLMAP[chunk_07_mapper_initial] I20260519 13:39:04.612380 13609 incremental_pipeline.cc:533] Registering image with structure-less fallback
2026-05-19T13:39:05 COLMAP[chunk_07_mapper_initial] I20260519 13:39:04.612390 13609 incremental_pipeline.cc:535] => Image sees 425 / 8082 correspondences
2026-05-19T13:39:13 COLMAP[chunk_07_mapper_initial] I20260519 13:39:13.132407 13609 incremental_pipeline.cc:550] => Could not register, trying another image.
2026-05-19T13:39:13 COLMAP[chunk_07_mapper_initial] I20260519 13:39:13.132468 13609 incremental_pipeline.cc:524] Registering image #110 (num_reg_frames=5)
2026-05-19T13:39:13 COLMAP[chunk_07_mapper_initial] I20260519 13:39:13.132485 13609 incremental_pipeline.cc:527] => Image sees 76 / 5205 points
2026-05-19T13:39:13 COLMAP[chunk_07_mapper_initial] I20260519 13:39:13.132498 13609 incremental_pipeline.cc:533] Registering image with structure-less fallback
2026-05-19T13:39:13 COLMAP[chunk_07_mapper_initial] I20260519 13:39:13.132508 13609 incremental_pipeline.cc:535] => Image sees 130 / 9354 correspondences
2026-05-19T13:39:13 COLMAP[chunk_07_mapper_initial] I20260519 13:39:13.133087 13609 incremental_pipeline.cc:550] => Could not register, trying another image.
2026-05-19T13:39:13 COLMAP[chunk_07_mapper_initial] I20260519 13:39:13.133106 13609 incremental_pipeline.cc:524] Registering image #1189 (num_reg_frames=5)
2026-05-19T13:39:13 COLMAP[chunk_07_mapper_initial] I20260519 13:39:13.133117 13609 incremental_pipeline.cc:527] => Image sees 36 / 5998 points
2026-05-19T13:39:13 COLMAP[chunk_07_mapper_initial] I20260519 13:39:13.133129 13609 incremental_pipeline.cc:533] Registering image with structure-less fallback
2026-05-19T13:39:13 COLMAP[chunk_07_mapper_initial] I20260519 13:39:13.133140 13609 incremental_pipeline.cc:535] => Image sees 71 / 16089 correspondences
2026-05-19T13:39:13 COLMAP[chunk_07_mapper_initial] I20260519 13:39:13.133998 13609 incremental_pipeline.cc:550] => Could not register, trying another image.
2026-05-19T13:39:13 COLMAP[chunk_07_mapper_initial] I20260519 13:39:13.134017 13609 incremental_pipeline.cc:78] Retriangulation and Global bundle adjustment
2026-05-19T13:39:13 COLMAP[chunk_07_mapper_initial] I20260519 13:39:13.278409 13609 incremental_pipeline.cc:524] Registering image #113 (num_reg_frames=5)
2026-05-19T13:39:13 COLMAP[chunk_07_mapper_initial] I20260519 13:39:13.278462 13609 incremental_pipeline.cc:527] => Image sees 247 / 4246 points
2026-05-19T13:39:13 COLMAP[chunk_07_mapper_initial] I20260519 13:39:13.304178 13609 incremental_pipeline.cc:550] => Could not register, trying another image.
2026-05-19T13:39:13 COLMAP[chunk_07_mapper_initial] I20260519 13:39:13.304220 13609 incremental_pipeline.cc:524] Registering image #110 (num_reg_frames=5)
2026-05-19T13:39:13 COLMAP[chunk_07_mapper_initial] I20260519 13:39:13.304263 13609 incremental_pipeline.cc:527] => Image sees 76 / 5205 points
2026-05-19T13:39:13 COLMAP[chunk_07_mapper_initial] I20260519 13:39:13.315266 13609 incremental_pipeline.cc:550] => Could not register, trying another image.
2026-05-19T13:39:13 COLMAP[chunk_07_mapper_initial] I20260519 13:39:13.315299 13609 incremental_pipeline.cc:524] Registering image #1189 (num_reg_frames=5)
2026-05-19T13:39:13 COLMAP[chunk_07_mapper_initial] I20260519 13:39:13.315311 13609 incremental_pipeline.cc:527] => Image sees 36 / 5998 points
2026-05-19T13:39:13 COLMAP[chunk_07_mapper_initial] I20260519 13:39:13.321863 13609 incremental_pipeline.cc:550] => Could not register, trying another image.
2026-05-19T13:39:13 COLMAP[chunk_07_mapper_initial] I20260519 13:39:13.321928 13609 incremental_pipeline.cc:524] Registering image #113 (num_reg_frames=5)
2026-05-19T13:39:13 COLMAP[chunk_07_mapper_initial] I20260519 13:39:13.321945 13609 incremental_pipeline.cc:527] => Image sees 247 / 4246 points
2026-05-19T13:39:13 COLMAP[chunk_07_mapper_initial] I20260519 13:39:13.321956 13609 incremental_pipeline.cc:533] Registering image with structure-less fallback
2026-05-19T13:39:13 COLMAP[chunk_07_mapper_initial] I20260519 13:39:13.321967 13609 incremental_pipeline.cc:535] => Image sees 425 / 8082 correspondences
2026-05-19T13:39:22 COLMAP[chunk_07_mapper_initial] I20260519 13:39:21.850824 13609 incremental_pipeline.cc:550] => Could not register, trying another image.
2026-05-19T13:39:22 COLMAP[chunk_07_mapper_initial] I20260519 13:39:21.850883 13609 incremental_pipeline.cc:524] Registering image #110 (num_reg_frames=5)
2026-05-19T13:39:22 COLMAP[chunk_07_mapper_initial] I20260519 13:39:21.850901 13609 incremental_pipeline.cc:527] => Image sees 76 / 5205 points
2026-05-19T13:39:22 COLMAP[chunk_07_mapper_initial] I20260519 13:39:21.850914 13609 incremental_pipeline.cc:533] Registering image with structure-less fallback
2026-05-19T13:39:22 COLMAP[chunk_07_mapper_initial] I20260519 13:39:21.850924 13609 incremental_pipeline.cc:535] => Image sees 130 / 9354 correspondences
2026-05-19T13:39:22 COLMAP[chunk_07_mapper_initial] I20260519 13:39:21.851959 13609 incremental_pipeline.cc:550] => Could not register, trying another image.
2026-05-19T13:39:22 COLMAP[chunk_07_mapper_initial] I20260519 13:39:21.852039 13609 incremental_pipeline.cc:524] Registering image #1189 (num_reg_frames=5)
2026-05-19T13:39:22 COLMAP[chunk_07_mapper_initial] I20260519 13:39:21.852074 13609 incremental_pipeline.cc:527] => Image sees 36 / 5998 points
2026-05-19T13:39:22 COLMAP[chunk_07_mapper_initial] I20260519 13:39:21.852281 13609 incremental_pipeline.cc:533] Registering image with structure-less fallback
2026-05-19T13:39:22 COLMAP[chunk_07_mapper_initial] I20260519 13:39:21.852454 13609 incremental_pipeline.cc:535] => Image sees 71 / 16089 correspondences
2026-05-19T13:39:22 COLMAP[chunk_07_mapper_initial] I20260519 13:39:21.853449 13609 incremental_pipeline.cc:550] => Could not register, trying another image.
2026-05-19T13:39:22 COLMAP[chunk_07_mapper_initial] W20260519 13:39:21.853503 13609 incremental_pipeline.cc:705] Discarding reconstruction due to insufficient size
2026-05-19T13:39:22 COLMAP[chunk_07_mapper_initial] I20260519 13:39:21.889391 13609 incremental_pipeline.cc:377] Finding good initial image pair
2026-05-19T13:39:22 COLMAP[chunk_07_mapper_initial] I20260519 13:39:21.964803 13609 incremental_pipeline.cc:401] Registering initial image pair #91 and #93
2026-05-19T13:39:22 COLMAP[chunk_07_mapper_initial] I20260519 13:39:21.990198 13609 incremental_pipeline.cc:419] Global bundle adjustment
2026-05-19T13:39:23 COLMAP[chunk_07_mapper_initial] I20260519 13:39:22.762526 13609 incremental_pipeline.cc:524] Registering image #92 (num_reg_frames=2)
2026-05-19T13:39:23 COLMAP[chunk_07_mapper_initial] I20260519 13:39:22.762579 13609 incremental_pipeline.cc:527] => Image sees 2198 / 7342 points
2026-05-19T13:39:24 COLMAP[chunk_07_mapper_initial] I20260519 13:39:23.796347 13609 incremental_pipeline.cc:78] Retriangulation and Global bundle adjustment
2026-05-19T13:39:31 COLMAP[chunk_07_mapper_initial] I20260519 13:39:31.099205 13609 incremental_pipeline.cc:524] Registering image #94 (num_reg_frames=3)
2026-05-19T13:39:31 COLMAP[chunk_07_mapper_initial] I20260519 13:39:31.099274 13609 incremental_pipeline.cc:527] => Image sees 3518 / 6590 points
2026-05-19T13:39:31 COLMAP[chunk_07_mapper_initial] I20260519 13:39:31.100284 13609 incremental_pipeline.cc:550] => Could not register, trying another image.
2026-05-19T13:39:31 COLMAP[chunk_07_mapper_initial] I20260519 13:39:31.100314 13609 incremental_pipeline.cc:524] Registering image #90 (num_reg_frames=3)
2026-05-19T13:39:31 COLMAP[chunk_07_mapper_initial] I20260519 13:39:31.100324 13609 incremental_pipeline.cc:527] => Image sees 1635 / 2969 points
2026-05-19T13:39:31 COLMAP[chunk_07_mapper_initial] I20260519 13:39:31.100853 13609 incremental_pipeline.cc:550] => Could not register, trying another image.
2026-05-19T13:39:31 COLMAP[chunk_07_mapper_initial] I20260519 13:39:31.100872 13609 incremental_pipeline.cc:524] Registering image #110 (num_reg_frames=3)
2026-05-19T13:39:31 COLMAP[chunk_07_mapper_initial] I20260519 13:39:31.100880 13609 incremental_pipeline.cc:527] => Image sees 67 / 5205 points
2026-05-19T13:39:31 COLMAP[chunk_07_mapper_initial] I20260519 13:39:31.101320 13609 incremental_pipeline.cc:550] => Could not register, trying another image.
2026-05-19T13:39:31 COLMAP[chunk_07_mapper_initial] I20260519 13:39:31.101334 13609 incremental_pipeline.cc:524] Registering image #113 (num_reg_frames=3)
2026-05-19T13:39:31 COLMAP[chunk_07_mapper_initial] I20260519 13:39:31.101346 13609 incremental_pipeline.cc:527] => Image sees 66 / 4246 points
2026-05-19T13:39:31 COLMAP[chunk_07_mapper_initial] I20260519 13:39:31.101763 13609 incremental_pipeline.cc:550] => Could not register, trying another image.
2026-05-19T13:39:31 COLMAP[chunk_07_mapper_initial] I20260519 13:39:31.101801 13609 incremental_pipeline.cc:524] Registering image #94 (num_reg_frames=3)
2026-05-19T13:39:31 COLMAP[chunk_07_mapper_initial] I20260519 13:39:31.101815 13609 incremental_pipeline.cc:527] => Image sees 3518 / 6590 points
2026-05-19T13:39:31 COLMAP[chunk_07_mapper_initial] I20260519 13:39:31.101826 13609 incremental_pipeline.cc:533] Registering image with structure-less fallback
2026-05-19T13:39:31 COLMAP[chunk_07_mapper_initial] I20260519 13:39:31.101835 13609 incremental_pipeline.cc:535] => Image sees 11458 / 12651 correspondences
2026-05-19T13:39:31 COLMAP[chunk_07_mapper_initial] I20260519 13:39:31.102487 13609 incremental_pipeline.cc:550] => Could not register, trying another image.
2026-05-19T13:39:31 COLMAP[chunk_07_mapper_initial] I20260519 13:39:31.102506 13609 incremental_pipeline.cc:524] Registering image #90 (num_reg_frames=3)
2026-05-19T13:39:31 COLMAP[chunk_07_mapper_initial] I20260519 13:39:31.102517 13609 incremental_pipeline.cc:527] => Image sees 1635 / 2969 points
2026-05-19T13:39:31 COLMAP[chunk_07_mapper_initial] I20260519 13:39:31.102528 13609 incremental_pipeline.cc:533] Registering image with structure-less fallback
2026-05-19T13:39:31 COLMAP[chunk_07_mapper_initial] I20260519 13:39:31.102538 13609 incremental_pipeline.cc:535] => Image sees 5449 / 6596 correspondences
2026-05-19T13:39:31 COLMAP[chunk_07_mapper_initial] I20260519 13:39:31.102958 13609 incremental_pipeline.cc:550] => Could not register, trying another image.
2026-05-19T13:39:31 COLMAP[chunk_07_mapper_initial] I20260519 13:39:31.102975 13609 incremental_pipeline.cc:524] Registering image #113 (num_reg_frames=3)
2026-05-19T13:39:31 COLMAP[chunk_07_mapper_initial] I20260519 13:39:31.102986 13609 incremental_pipeline.cc:527] => Image sees 66 / 4246 points
2026-05-19T13:39:31 COLMAP[chunk_07_mapper_initial] I20260519 13:39:31.102996 13609 incremental_pipeline.cc:533] Registering image with structure-less fallback
2026-05-19T13:39:31 COLMAP[chunk_07_mapper_initial] I20260519 13:39:31.103006 13609 incremental_pipeline.cc:535] => Image sees 131 / 8082 correspondences
2026-05-19T13:39:31 COLMAP[chunk_07_mapper_initial] I20260519 13:39:31.103382 13609 incremental_pipeline.cc:550] => Could not register, trying another image.
2026-05-19T13:39:31 COLMAP[chunk_07_mapper_initial] I20260519 13:39:31.103401 13609 incremental_pipeline.cc:524] Registering image #110 (num_reg_frames=3)
2026-05-19T13:39:31 COLMAP[chunk_07_mapper_initial] I20260519 13:39:31.103410 13609 incremental_pipeline.cc:527] => Image sees 67 / 5205 points
2026-05-19T13:39:31 COLMAP[chunk_07_mapper_initial] I20260519 13:39:31.103416 13609 incremental_pipeline.cc:533] Registering image with structure-less fallback
2026-05-19T13:39:31 COLMAP[chunk_07_mapper_initial] I20260519 13:39:31.103423 13609 incremental_pipeline.cc:535] => Image sees 130 / 9354 correspondences
2026-05-19T13:39:31 COLMAP[chunk_07_mapper_initial] I20260519 13:39:31.103819 13609 incremental_pipeline.cc:550] => Could not register, trying another image.
2026-05-19T13:39:31 COLMAP[chunk_07_mapper_initial] I20260519 13:39:31.103833 13609 incremental_pipeline.cc:78] Retriangulation and Global bundle adjustment
2026-05-19T13:39:38 COLMAP[chunk_07_mapper_initial] I20260519 13:39:38.102130 13609 incremental_pipeline.cc:524] Registering image #94 (num_reg_frames=3)
2026-05-19T13:39:38 COLMAP[chunk_07_mapper_initial] I20260519 13:39:38.102188 13609 incremental_pipeline.cc:527] => Image sees 3482 / 6590 points
2026-05-19T13:39:38 COLMAP[chunk_07_mapper_initial] I20260519 13:39:38.103022 13609 incremental_pipeline.cc:550] => Could not register, trying another image.
2026-05-19T13:39:38 COLMAP[chunk_07_mapper_initial] I20260519 13:39:38.103053 13609 incremental_pipeline.cc:524] Registering image #90 (num_reg_frames=3)
2026-05-19T13:39:38 COLMAP[chunk_07_mapper_initial] I20260519 13:39:38.103062 13609 incremental_pipeline.cc:527] => Image sees 1606 / 2969 points
2026-05-19T13:39:38 COLMAP[chunk_07_mapper_initial] I20260519 13:39:38.103533 13609 incremental_pipeline.cc:550] => Could not register, trying another image.
2026-05-19T13:39:38 COLMAP[chunk_07_mapper_initial] I20260519 13:39:38.103550 13609 incremental_pipeline.cc:524] Registering image #113 (num_reg_frames=3)
2026-05-19T13:39:38 COLMAP[chunk_07_mapper_initial] I20260519 13:39:38.103559 13609 incremental_pipeline.cc:527] => Image sees 65 / 4246 points
2026-05-19T13:39:38 COLMAP[chunk_07_mapper_initial] I20260519 13:39:38.103968 13609 incremental_pipeline.cc:550] => Could not register, trying another image.
2026-05-19T13:39:38 COLMAP[chunk_07_mapper_initial] I20260519 13:39:38.104009 13609 incremental_pipeline.cc:524] Registering image #110 (num_reg_frames=3)
2026-05-19T13:39:38 COLMAP[chunk_07_mapper_initial] I20260519 13:39:38.104018 13609 incremental_pipeline.cc:527] => Image sees 63 / 5205 points
2026-05-19T13:39:38 COLMAP[chunk_07_mapper_initial] I20260519 13:39:38.104457 13609 incremental_pipeline.cc:550] => Could not register, trying another image.
2026-05-19T13:39:38 COLMAP[chunk_07_mapper_initial] I20260519 13:39:38.104496 13609 incremental_pipeline.cc:524] Registering image #94 (num_reg_frames=3)
2026-05-19T13:39:38 COLMAP[chunk_07_mapper_initial] I20260519 13:39:38.104511 13609 incremental_pipeline.cc:527] => Image sees 3482 / 6590 points
2026-05-19T13:39:38 COLMAP[chunk_07_mapper_initial] I20260519 13:39:38.104522 13609 incremental_pipeline.cc:533] Registering image with structure-less fallback
2026-05-19T13:39:38 COLMAP[chunk_07_mapper_initial] I20260519 13:39:38.104532 13609 incremental_pipeline.cc:535] => Image sees 11458 / 12651 correspondences
2026-05-19T13:39:38 COLMAP[chunk_07_mapper_initial] I20260519 13:39:38.105171 13609 incremental_pipeline.cc:550] => Could not register, trying another image.
2026-05-19T13:39:38 COLMAP[chunk_07_mapper_initial] I20260519 13:39:38.105187 13609 incremental_pipeline.cc:524] Registering image #90 (num_reg_frames=3)
2026-05-19T13:39:38 COLMAP[chunk_07_mapper_initial] I20260519 13:39:38.105195 13609 incremental_pipeline.cc:527] => Image sees 1606 / 2969 points
2026-05-19T13:39:38 COLMAP[chunk_07_mapper_initial] I20260519 13:39:38.105202 13609 incremental_pipeline.cc:533] Registering image with structure-less fallback
2026-05-19T13:39:38 COLMAP[chunk_07_mapper_initial] I20260519 13:39:38.105209 13609 incremental_pipeline.cc:535] => Image sees 5449 / 6596 correspondences
2026-05-19T13:39:38 COLMAP[chunk_07_mapper_initial] I20260519 13:39:38.105619 13609 incremental_pipeline.cc:550] => Could not register, trying another image.
2026-05-19T13:39:38 COLMAP[chunk_07_mapper_initial] I20260519 13:39:38.105634 13609 incremental_pipeline.cc:524] Registering image #113 (num_reg_frames=3)
2026-05-19T13:39:38 COLMAP[chunk_07_mapper_initial] I20260519 13:39:38.105641 13609 incremental_pipeline.cc:527] => Image sees 65 / 4246 points
2026-05-19T13:39:38 COLMAP[chunk_07_mapper_initial] I20260519 13:39:38.105650 13609 incremental_pipeline.cc:533] Registering image with structure-less fallback
2026-05-19T13:39:38 COLMAP[chunk_07_mapper_initial] I20260519 13:39:38.105660 13609 incremental_pipeline.cc:535] => Image sees 131 / 8082 correspondences
2026-05-19T13:39:38 COLMAP[chunk_07_mapper_initial] I20260519 13:39:38.106038 13609 incremental_pipeline.cc:550] => Could not register, trying another image.
2026-05-19T13:39:38 COLMAP[chunk_07_mapper_initial] I20260519 13:39:38.106053 13609 incremental_pipeline.cc:524] Registering image #110 (num_reg_frames=3)
2026-05-19T13:39:38 COLMAP[chunk_07_mapper_initial] I20260519 13:39:38.106061 13609 incremental_pipeline.cc:527] => Image sees 63 / 5205 points
2026-05-19T13:39:38 COLMAP[chunk_07_mapper_initial] I20260519 13:39:38.106070 13609 incremental_pipeline.cc:533] Registering image with structure-less fallback
2026-05-19T13:39:38 COLMAP[chunk_07_mapper_initial] I20260519 13:39:38.106081 13609 incremental_pipeline.cc:535] => Image sees 130 / 9354 correspondences
2026-05-19T13:39:38 COLMAP[chunk_07_mapper_initial] I20260519 13:39:38.106477 13609 incremental_pipeline.cc:550] => Could not register, trying another image.
2026-05-19T13:39:38 COLMAP[chunk_07_mapper_initial] W20260519 13:39:38.106492 13609 incremental_pipeline.cc:705] Discarding reconstruction due to insufficient size
2026-05-19T13:39:38 COLMAP[chunk_07_mapper_initial] I20260519 13:39:38.128526 13609 incremental_pipeline.cc:377] Finding good initial image pair
2026-05-19T13:39:38 COLMAP[chunk_07_mapper_initial] I20260519 13:39:38.140030 13609 incremental_pipeline.cc:401] Registering initial image pair #94 and #90
2026-05-19T13:39:38 COLMAP[chunk_07_mapper_initial] I20260519 13:39:38.147019 13609 incremental_pipeline.cc:419] Global bundle adjustment
2026-05-19T13:39:38 COLMAP[chunk_07_mapper_initial] I20260519 13:39:38.567232 13609 incremental_pipeline.cc:524] Registering image #92 (num_reg_frames=2)
2026-05-19T13:39:38 COLMAP[chunk_07_mapper_initial] I20260519 13:39:38.567281 13609 incremental_pipeline.cc:527] => Image sees 866 / 7342 points
2026-05-19T13:39:39 COLMAP[chunk_07_mapper_initial] I20260519 13:39:39.327821 13609 incremental_pipeline.cc:78] Retriangulation and Global bundle adjustment
2026-05-19T13:39:39 COLMAP[chunk_07_mapper_initial] I20260519 13:39:39.573231 13609 incremental_pipeline.cc:524] Registering image #91 (num_reg_frames=3)
2026-05-19T13:39:39 COLMAP[chunk_07_mapper_initial] I20260519 13:39:39.573280 13609 incremental_pipeline.cc:527] => Image sees 3477 / 7205 points
2026-05-19T13:39:41 COLMAP[chunk_07_mapper_initial] I20260519 13:39:40.592644 13609 incremental_pipeline.cc:78] Retriangulation and Global bundle adjustment
2026-05-19T13:39:41 COLMAP[chunk_07_mapper_initial] I20260519 13:39:40.945783 13609 incremental_pipeline.cc:524] Registering image #93 (num_reg_frames=4)
2026-05-19T13:39:41 COLMAP[chunk_07_mapper_initial] I20260519 13:39:40.945835 13609 incremental_pipeline.cc:527] => Image sees 4009 / 7056 points
2026-05-19T13:39:42 COLMAP[chunk_07_mapper_initial] I20260519 13:39:42.157353 13609 incremental_pipeline.cc:78] Retriangulation and Global bundle adjustment
2026-05-19T13:39:42 COLMAP[chunk_07_mapper_initial] I20260519 13:39:42.583261 13609 incremental_pipeline.cc:524] Registering image #113 (num_reg_frames=5)
2026-05-19T13:39:42 COLMAP[chunk_07_mapper_initial] I20260519 13:39:42.583312 13609 incremental_pipeline.cc:527] => Image sees 249 / 4246 points
2026-05-19T13:39:43 COLMAP[chunk_07_mapper_initial] I20260519 13:39:42.599210 13609 incremental_pipeline.cc:550] => Could not register, trying another image.
2026-05-19T13:39:43 COLMAP[chunk_07_mapper_initial] I20260519 13:39:42.599241 13609 incremental_pipeline.cc:524] Registering image #110 (num_reg_frames=5)
2026-05-19T13:39:43 COLMAP[chunk_07_mapper_initial] I20260519 13:39:42.599280 13609 incremental_pipeline.cc:527] => Image sees 75 / 5205 points
2026-05-19T13:39:43 COLMAP[chunk_07_mapper_initial] I20260519 13:39:42.605666 13609 incremental_pipeline.cc:550] => Could not register, trying another image.
2026-05-19T13:39:43 COLMAP[chunk_07_mapper_initial] I20260519 13:39:42.605703 13609 incremental_pipeline.cc:524] Registering image #1189 (num_reg_frames=5)
2026-05-19T13:39:43 COLMAP[chunk_07_mapper_initial] I20260519 13:39:42.605716 13609 incremental_pipeline.cc:527] => Image sees 35 / 5998 points
2026-05-19T13:39:43 COLMAP[chunk_07_mapper_initial] I20260519 13:39:42.609997 13609 incremental_pipeline.cc:550] => Could not register, trying another image.
2026-05-19T13:39:43 COLMAP[chunk_07_mapper_initial] I20260519 13:39:42.610060 13609 incremental_pipeline.cc:524] Registering image #113 (num_reg_frames=5)
2026-05-19T13:39:43 COLMAP[chunk_07_mapper_initial] I20260519 13:39:42.610081 13609 incremental_pipeline.cc:527] => Image sees 249 / 4246 points
2026-05-19T13:39:43 COLMAP[chunk_07_mapper_initial] I20260519 13:39:42.610092 13609 incremental_pipeline.cc:533] Registering image with structure-less fallback
2026-05-19T13:39:43 COLMAP[chunk_07_mapper_initial] I20260519 13:39:42.610103 13609 incremental_pipeline.cc:535] => Image sees 425 / 8082 correspondences
2026-05-19T13:39:51 COLMAP[chunk_07_mapper_initial] I20260519 13:39:51.437757 13609 incremental_pipeline.cc:550] => Could not register, trying another image.
2026-05-19T13:39:51 COLMAP[chunk_07_mapper_initial] I20260519 13:39:51.437901 13609 incremental_pipeline.cc:524] Registering image #110 (num_reg_frames=5)
2026-05-19T13:39:51 COLMAP[chunk_07_mapper_initial] I20260519 13:39:51.437942 13609 incremental_pipeline.cc:527] => Image sees 75 / 5205 points
2026-05-19T13:39:51 COLMAP[chunk_07_mapper_initial] I20260519 13:39:51.437973 13609 incremental_pipeline.cc:533] Registering image with structure-less fallback
2026-05-19T13:39:51 COLMAP[chunk_07_mapper_initial] I20260519 13:39:51.438000 13609 incremental_pipeline.cc:535] => Image sees 130 / 9354 correspondences
2026-05-19T13:39:51 COLMAP[chunk_07_mapper_initial] I20260519 13:39:51.438624 13609 incremental_pipeline.cc:550] => Could not register, trying another image.
2026-05-19T13:39:51 COLMAP[chunk_07_mapper_initial] I20260519 13:39:51.438659 13609 incremental_pipeline.cc:524] Registering image #1189 (num_reg_frames=5)
2026-05-19T13:39:51 COLMAP[chunk_07_mapper_initial] I20260519 13:39:51.438685 13609 incremental_pipeline.cc:527] => Image sees 35 / 5998 points
2026-05-19T13:39:51 COLMAP[chunk_07_mapper_initial] I20260519 13:39:51.438710 13609 incremental_pipeline.cc:533] Registering image with structure-less fallback
2026-05-19T13:39:51 COLMAP[chunk_07_mapper_initial] I20260519 13:39:51.438733 13609 incremental_pipeline.cc:535] => Image sees 71 / 16089 correspondences
2026-05-19T13:39:51 COLMAP[chunk_07_mapper_initial] I20260519 13:39:51.439527 13609 incremental_pipeline.cc:550] => Could not register, trying another image.
2026-05-19T13:39:51 COLMAP[chunk_07_mapper_initial] I20260519 13:39:51.439560 13609 incremental_pipeline.cc:78] Retriangulation and Global bundle adjustment
2026-05-19T13:39:51 COLMAP[chunk_07_mapper_initial] I20260519 13:39:51.580003 13609 incremental_pipeline.cc:524] Registering image #113 (num_reg_frames=5)
2026-05-19T13:39:51 COLMAP[chunk_07_mapper_initial] I20260519 13:39:51.580143 13609 incremental_pipeline.cc:527] => Image sees 249 / 4246 points
2026-05-19T13:39:52 COLMAP[chunk_07_mapper_initial] I20260519 13:39:51.605201 13609 incremental_pipeline.cc:550] => Could not register, trying another image.
2026-05-19T13:39:52 COLMAP[chunk_07_mapper_initial] I20260519 13:39:51.605242 13609 incremental_pipeline.cc:524] Registering image #110 (num_reg_frames=5)
2026-05-19T13:39:52 COLMAP[chunk_07_mapper_initial] I20260519 13:39:51.605253 13609 incremental_pipeline.cc:527] => Image sees 75 / 5205 points
2026-05-19T13:39:52 COLMAP[chunk_07_mapper_initial] I20260519 13:39:51.615027 13609 incremental_pipeline.cc:550] => Could not register, trying another image.
2026-05-19T13:39:52 COLMAP[chunk_07_mapper_initial] I20260519 13:39:51.615048 13609 incremental_pipeline.cc:524] Registering image #1189 (num_reg_frames=5)
2026-05-19T13:39:52 COLMAP[chunk_07_mapper_initial] I20260519 13:39:51.615059 13609 incremental_pipeline.cc:527] => Image sees 35 / 5998 points
2026-05-19T13:39:52 COLMAP[chunk_07_mapper_initial] I20260519 13:39:51.621460 13609 incremental_pipeline.cc:550] => Could not register, trying another image.
2026-05-19T13:39:52 COLMAP[chunk_07_mapper_initial] I20260519 13:39:51.621506 13609 incremental_pipeline.cc:524] Registering image #113 (num_reg_frames=5)
2026-05-19T13:39:52 COLMAP[chunk_07_mapper_initial] I20260519 13:39:51.621519 13609 incremental_pipeline.cc:527] => Image sees 249 / 4246 points
2026-05-19T13:39:52 COLMAP[chunk_07_mapper_initial] I20260519 13:39:51.621529 13609 incremental_pipeline.cc:533] Registering image with structure-less fallback
2026-05-19T13:39:52 COLMAP[chunk_07_mapper_initial] I20260519 13:39:51.621539 13609 incremental_pipeline.cc:535] => Image sees 425 / 8082 correspondences
2026-05-19T13:40:00 COLMAP[chunk_07_mapper_initial] I20260519 13:40:00.012991 13609 incremental_pipeline.cc:550] => Could not register, trying another image.
2026-05-19T13:40:00 COLMAP[chunk_07_mapper_initial] I20260519 13:40:00.013051 13609 incremental_pipeline.cc:524] Registering image #110 (num_reg_frames=5)
2026-05-19T13:40:00 COLMAP[chunk_07_mapper_initial] I20260519 13:40:00.013068 13609 incremental_pipeline.cc:527] => Image sees 75 / 5205 points
2026-05-19T13:40:00 COLMAP[chunk_07_mapper_initial] I20260519 13:40:00.013083 13609 incremental_pipeline.cc:533] Registering image with structure-less fallback
2026-05-19T13:40:00 COLMAP[chunk_07_mapper_initial] I20260519 13:40:00.013103 13609 incremental_pipeline.cc:535] => Image sees 130 / 9354 correspondences
2026-05-19T13:40:00 COLMAP[chunk_07_mapper_initial] I20260519 13:40:00.013706 13609 incremental_pipeline.cc:550] => Could not register, trying another image.
2026-05-19T13:40:00 COLMAP[chunk_07_mapper_initial] I20260519 13:40:00.013723 13609 incremental_pipeline.cc:524] Registering image #1189 (num_reg_frames=5)
2026-05-19T13:40:00 COLMAP[chunk_07_mapper_initial] I20260519 13:40:00.013761 13609 incremental_pipeline.cc:527] => Image sees 35 / 5998 points
2026-05-19T13:40:00 COLMAP[chunk_07_mapper_initial] I20260519 13:40:00.013772 13609 incremental_pipeline.cc:533] Registering image with structure-less fallback
2026-05-19T13:40:00 COLMAP[chunk_07_mapper_initial] I20260519 13:40:00.013780 13609 incremental_pipeline.cc:535] => Image sees 71 / 16089 correspondences
2026-05-19T13:40:00 COLMAP[chunk_07_mapper_initial] I20260519 13:40:00.014557 13609 incremental_pipeline.cc:550] => Could not register, trying another image.
2026-05-19T13:40:00 COLMAP[chunk_07_mapper_initial] W20260519 13:40:00.014575 13609 incremental_pipeline.cc:705] Discarding reconstruction due to insufficient size
2026-05-19T13:40:00 COLMAP[chunk_07_mapper_initial] I20260519 13:40:00.051743 13609 incremental_pipeline.cc:377] Finding good initial image pair
2026-05-19T13:40:00 COLMAP[chunk_07_mapper_initial] I20260519 13:40:00.055537 13609 incremental_pipeline.cc:381] => No good initial image pair found.
2026-05-19T13:40:00 COLMAP[chunk_07_mapper_initial] I20260519 13:40:00.055578 13609 incremental_pipeline.cc:684] Discarding reconstruction due to no initial pair
2026-05-19T13:40:00 COLMAP[chunk_07_mapper_initial] I20260519 13:40:00.056106 13609 incremental_pipeline.cc:341] => Relaxing the initialization constraints.
2026-05-19T13:40:00 COLMAP[chunk_07_mapper_initial] I20260519 13:40:00.070389 13609 incremental_pipeline.cc:377] Finding good initial image pair
2026-05-19T13:40:00 COLMAP[chunk_07_mapper_initial] I20260519 13:40:00.200614 13609 incremental_pipeline.cc:401] Registering initial image pair #91 and #93
2026-05-19T13:40:00 COLMAP[chunk_07_mapper_initial] I20260519 13:40:00.223624 13609 incremental_pipeline.cc:419] Global bundle adjustment
2026-05-19T13:40:01 COLMAP[chunk_07_mapper_initial] I20260519 13:40:00.978515 13609 incremental_pipeline.cc:524] Registering image #92 (num_reg_frames=2)
2026-05-19T13:40:01 COLMAP[chunk_07_mapper_initial] I20260519 13:40:00.978567 13609 incremental_pipeline.cc:527] => Image sees 2198 / 7342 points
2026-05-19T13:40:02 COLMAP[chunk_07_mapper_initial] I20260519 13:40:02.120512 13609 incremental_pipeline.cc:78] Retriangulation and Global bundle adjustment
2026-05-19T13:40:09 COLMAP[chunk_07_mapper_initial] I20260519 13:40:09.466267 13609 incremental_pipeline.cc:524] Registering image #94 (num_reg_frames=3)
2026-05-19T13:40:09 COLMAP[chunk_07_mapper_initial] I20260519 13:40:09.466315 13609 incremental_pipeline.cc:527] => Image sees 3518 / 6590 points
2026-05-19T13:40:09 COLMAP[chunk_07_mapper_initial] I20260519 13:40:09.467639 13609 incremental_pipeline.cc:550] => Could not register, trying another image.
2026-05-19T13:40:09 COLMAP[chunk_07_mapper_initial] I20260519 13:40:09.467670 13609 incremental_pipeline.cc:524] Registering image #90 (num_reg_frames=3)
2026-05-19T13:40:09 COLMAP[chunk_07_mapper_initial] I20260519 13:40:09.467680 13609 incremental_pipeline.cc:527] => Image sees 1635 / 2969 points
2026-05-19T13:40:09 COLMAP[chunk_07_mapper_initial] I20260519 13:40:09.468235 13609 incremental_pipeline.cc:550] => Could not register, trying another image.
2026-05-19T13:40:09 COLMAP[chunk_07_mapper_initial] I20260519 13:40:09.468256 13609 incremental_pipeline.cc:524] Registering image #110 (num_reg_frames=3)
2026-05-19T13:40:09 COLMAP[chunk_07_mapper_initial] I20260519 13:40:09.468266 13609 incremental_pipeline.cc:527] => Image sees 67 / 5205 points
2026-05-19T13:40:09 COLMAP[chunk_07_mapper_initial] I20260519 13:40:09.468720 13609 incremental_pipeline.cc:550] => Could not register, trying another image.
2026-05-19T13:40:09 COLMAP[chunk_07_mapper_initial] I20260519 13:40:09.468739 13609 incremental_pipeline.cc:524] Registering image #113 (num_reg_frames=3)
2026-05-19T13:40:09 COLMAP[chunk_07_mapper_initial] I20260519 13:40:09.468747 13609 incremental_pipeline.cc:527] => Image sees 66 / 4246 points
2026-05-19T13:40:09 COLMAP[chunk_07_mapper_initial] I20260519 13:40:09.469136 13609 incremental_pipeline.cc:550] => Could not register, trying another image.
2026-05-19T13:40:09 COLMAP[chunk_07_mapper_initial] I20260519 13:40:09.469185 13609 incremental_pipeline.cc:524] Registering image #94 (num_reg_frames=3)
2026-05-19T13:40:09 COLMAP[chunk_07_mapper_initial] I20260519 13:40:09.469203 13609 incremental_pipeline.cc:527] => Image sees 3518 / 6590 points
2026-05-19T13:40:09 COLMAP[chunk_07_mapper_initial] I20260519 13:40:09.469214 13609 incremental_pipeline.cc:533] Registering image with structure-less fallback
2026-05-19T13:40:09 COLMAP[chunk_07_mapper_initial] I20260519 13:40:09.469226 13609 incremental_pipeline.cc:535] => Image sees 11458 / 12651 correspondences
2026-05-19T13:40:09 COLMAP[chunk_07_mapper_initial] I20260519 13:40:09.469898 13609 incremental_pipeline.cc:550] => Could not register, trying another image.
2026-05-19T13:40:09 COLMAP[chunk_07_mapper_initial] I20260519 13:40:09.469918 13609 incremental_pipeline.cc:524] Registering image #90 (num_reg_frames=3)
2026-05-19T13:40:09 COLMAP[chunk_07_mapper_initial] I20260519 13:40:09.469926 13609 incremental_pipeline.cc:527] => Image sees 1635 / 2969 points
2026-05-19T13:40:09 COLMAP[chunk_07_mapper_initial] I20260519 13:40:09.469934 13609 incremental_pipeline.cc:533] Registering image with structure-less fallback
2026-05-19T13:40:09 COLMAP[chunk_07_mapper_initial] I20260519 13:40:09.469942 13609 incremental_pipeline.cc:535] => Image sees 5449 / 6596 correspondences
2026-05-19T13:40:09 COLMAP[chunk_07_mapper_initial] I20260519 13:40:09.470472 13609 incremental_pipeline.cc:550] => Could not register, trying another image.
2026-05-19T13:40:09 COLMAP[chunk_07_mapper_initial] I20260519 13:40:09.470496 13609 incremental_pipeline.cc:524] Registering image #113 (num_reg_frames=3)
2026-05-19T13:40:09 COLMAP[chunk_07_mapper_initial] I20260519 13:40:09.470510 13609 incremental_pipeline.cc:527] => Image sees 66 / 4246 points
2026-05-19T13:40:09 COLMAP[chunk_07_mapper_initial] I20260519 13:40:09.470520 13609 incremental_pipeline.cc:533] Registering image with structure-less fallback
2026-05-19T13:40:09 COLMAP[chunk_07_mapper_initial] I20260519 13:40:09.470526 13609 incremental_pipeline.cc:535] => Image sees 131 / 8082 correspondences
2026-05-19T13:40:09 COLMAP[chunk_07_mapper_initial] I20260519 13:40:09.470898 13609 incremental_pipeline.cc:550] => Could not register, trying another image.
2026-05-19T13:40:09 COLMAP[chunk_07_mapper_initial] I20260519 13:40:09.470916 13609 incremental_pipeline.cc:524] Registering image #110 (num_reg_frames=3)
2026-05-19T13:40:09 COLMAP[chunk_07_mapper_initial] I20260519 13:40:09.470927 13609 incremental_pipeline.cc:527] => Image sees 67 / 5205 points
2026-05-19T13:40:09 COLMAP[chunk_07_mapper_initial] I20260519 13:40:09.470938 13609 incremental_pipeline.cc:533] Registering image with structure-less fallback
2026-05-19T13:40:09 COLMAP[chunk_07_mapper_initial] I20260519 13:40:09.470948 13609 incremental_pipeline.cc:535] => Image sees 130 / 9354 correspondences
2026-05-19T13:40:09 COLMAP[chunk_07_mapper_initial] I20260519 13:40:09.471449 13609 incremental_pipeline.cc:550] => Could not register, trying another image.
2026-05-19T13:40:09 COLMAP[chunk_07_mapper_initial] I20260519 13:40:09.471531 13609 incremental_pipeline.cc:78] Retriangulation and Global bundle adjustment
2026-05-19T13:40:16 COLMAP[chunk_07_mapper_initial] I20260519 13:40:16.529127 13609 incremental_pipeline.cc:524] Registering image #94 (num_reg_frames=3)
2026-05-19T13:40:16 COLMAP[chunk_07_mapper_initial] I20260519 13:40:16.529187 13609 incremental_pipeline.cc:527] => Image sees 3482 / 6590 points
2026-05-19T13:40:16 COLMAP[chunk_07_mapper_initial] I20260519 13:40:16.530076 13609 incremental_pipeline.cc:550] => Could not register, trying another image.
2026-05-19T13:40:16 COLMAP[chunk_07_mapper_initial] I20260519 13:40:16.530108 13609 incremental_pipeline.cc:524] Registering image #90 (num_reg_frames=3)
2026-05-19T13:40:16 COLMAP[chunk_07_mapper_initial] I20260519 13:40:16.530118 13609 incremental_pipeline.cc:527] => Image sees 1606 / 2969 points
2026-05-19T13:40:16 COLMAP[chunk_07_mapper_initial] I20260519 13:40:16.530637 13609 incremental_pipeline.cc:550] => Could not register, trying another image.
2026-05-19T13:40:16 COLMAP[chunk_07_mapper_initial] I20260519 13:40:16.530663 13609 incremental_pipeline.cc:524] Registering image #113 (num_reg_frames=3)
2026-05-19T13:40:16 COLMAP[chunk_07_mapper_initial] I20260519 13:40:16.530673 13609 incremental_pipeline.cc:527] => Image sees 65 / 4246 points
2026-05-19T13:40:16 COLMAP[chunk_07_mapper_initial] I20260519 13:40:16.531100 13609 incremental_pipeline.cc:550] => Could not register, trying another image.
2026-05-19T13:40:16 COLMAP[chunk_07_mapper_initial] I20260519 13:40:16.531118 13609 incremental_pipeline.cc:524] Registering image #110 (num_reg_frames=3)
2026-05-19T13:40:16 COLMAP[chunk_07_mapper_initial] I20260519 13:40:16.531126 13609 incremental_pipeline.cc:527] => Image sees 63 / 5205 points
2026-05-19T13:40:16 COLMAP[chunk_07_mapper_initial] I20260519 13:40:16.531553 13609 incremental_pipeline.cc:550] => Could not register, trying another image.
2026-05-19T13:40:16 COLMAP[chunk_07_mapper_initial] I20260519 13:40:16.531590 13609 incremental_pipeline.cc:524] Registering image #94 (num_reg_frames=3)
2026-05-19T13:40:16 COLMAP[chunk_07_mapper_initial] I20260519 13:40:16.531601 13609 incremental_pipeline.cc:527] => Image sees 3482 / 6590 points
2026-05-19T13:40:16 COLMAP[chunk_07_mapper_initial] I20260519 13:40:16.531615 13609 incremental_pipeline.cc:533] Registering image with structure-less fallback
2026-05-19T13:40:16 COLMAP[chunk_07_mapper_initial] I20260519 13:40:16.531626 13609 incremental_pipeline.cc:535] => Image sees 11458 / 12651 correspondences
2026-05-19T13:40:16 COLMAP[chunk_07_mapper_initial] I20260519 13:40:16.532287 13609 incremental_pipeline.cc:550] => Could not register, trying another image.
2026-05-19T13:40:16 COLMAP[chunk_07_mapper_initial] I20260519 13:40:16.532307 13609 incremental_pipeline.cc:524] Registering image #90 (num_reg_frames=3)
2026-05-19T13:40:16 COLMAP[chunk_07_mapper_initial] I20260519 13:40:16.532315 13609 incremental_pipeline.cc:527] => Image sees 1606 / 2969 points
2026-05-19T13:40:16 COLMAP[chunk_07_mapper_initial] I20260519 13:40:16.532322 13609 incremental_pipeline.cc:533] Registering image with structure-less fallback
2026-05-19T13:40:16 COLMAP[chunk_07_mapper_initial] I20260519 13:40:16.532330 13609 incremental_pipeline.cc:535] => Image sees 5449 / 6596 correspondences
2026-05-19T13:40:16 COLMAP[chunk_07_mapper_initial] I20260519 13:40:16.532714 13609 incremental_pipeline.cc:550] => Could not register, trying another image.
2026-05-19T13:40:16 COLMAP[chunk_07_mapper_initial] I20260519 13:40:16.532727 13609 incremental_pipeline.cc:524] Registering image #113 (num_reg_frames=3)
2026-05-19T13:40:16 COLMAP[chunk_07_mapper_initial] I20260519 13:40:16.532735 13609 incremental_pipeline.cc:527] => Image sees 65 / 4246 points
2026-05-19T13:40:16 COLMAP[chunk_07_mapper_initial] I20260519 13:40:16.532742 13609 incremental_pipeline.cc:533] Registering image with structure-less fallback
2026-05-19T13:40:16 COLMAP[chunk_07_mapper_initial] I20260519 13:40:16.532749 13609 incremental_pipeline.cc:535] => Image sees 131 / 8082 correspondences
2026-05-19T13:40:16 COLMAP[chunk_07_mapper_initial] I20260519 13:40:16.533104 13609 incremental_pipeline.cc:550] => Could not register, trying another image.
2026-05-19T13:40:16 COLMAP[chunk_07_mapper_initial] I20260519 13:40:16.533123 13609 incremental_pipeline.cc:524] Registering image #110 (num_reg_frames=3)
2026-05-19T13:40:16 COLMAP[chunk_07_mapper_initial] I20260519 13:40:16.533131 13609 incremental_pipeline.cc:527] => Image sees 63 / 5205 points
2026-05-19T13:40:16 COLMAP[chunk_07_mapper_initial] I20260519 13:40:16.533138 13609 incremental_pipeline.cc:533] Registering image with structure-less fallback
2026-05-19T13:40:16 COLMAP[chunk_07_mapper_initial] I20260519 13:40:16.533146 13609 incremental_pipeline.cc:535] => Image sees 130 / 9354 correspondences
2026-05-19T13:40:16 COLMAP[chunk_07_mapper_initial] I20260519 13:40:16.533569 13609 incremental_pipeline.cc:550] => Could not register, trying another image.
2026-05-19T13:40:16 COLMAP[chunk_07_mapper_initial] W20260519 13:40:16.533588 13609 incremental_pipeline.cc:705] Discarding reconstruction due to insufficient size
2026-05-19T13:40:16 COLMAP[chunk_07_mapper_initial] I20260519 13:40:16.555668 13609 incremental_pipeline.cc:377] Finding good initial image pair
2026-05-19T13:40:16 COLMAP[chunk_07_mapper_initial] I20260519 13:40:16.590149 13609 incremental_pipeline.cc:401] Registering initial image pair #91 and #94
2026-05-19T13:40:17 COLMAP[chunk_07_mapper_initial] I20260519 13:40:16.607306 13609 incremental_pipeline.cc:419] Global bundle adjustment
2026-05-19T13:40:17 COLMAP[chunk_07_mapper_initial] I20260519 13:40:17.361411 13609 incremental_pipeline.cc:524] Registering image #92 (num_reg_frames=2)
2026-05-19T13:40:17 COLMAP[chunk_07_mapper_initial] I20260519 13:40:17.361466 13609 incremental_pipeline.cc:527] => Image sees 2160 / 7342 points
2026-05-19T13:40:18 COLMAP[chunk_07_mapper_initial] I20260519 13:40:18.038065 13609 incremental_pipeline.cc:78] Retriangulation and Global bundle adjustment
2026-05-19T13:40:18 COLMAP[chunk_07_mapper_initial] I20260519 13:40:18.393999 13609 incremental_pipeline.cc:524] Registering image #93 (num_reg_frames=3)
2026-05-19T13:40:18 COLMAP[chunk_07_mapper_initial] I20260519 13:40:18.394047 13609 incremental_pipeline.cc:527] => Image sees 3847 / 7056 points
2026-05-19T13:40:19 COLMAP[chunk_07_mapper_initial] I20260519 13:40:19.425691 13609 incremental_pipeline.cc:78] Retriangulation and Global bundle adjustment
2026-05-19T13:40:20 COLMAP[chunk_07_mapper_initial] I20260519 13:40:19.785912 13609 incremental_pipeline.cc:524] Registering image #90 (num_reg_frames=4)
2026-05-19T13:40:20 COLMAP[chunk_07_mapper_initial] I20260519 13:40:19.785964 13609 incremental_pipeline.cc:527] => Image sees 1979 / 2969 points
2026-05-19T13:40:21 COLMAP[chunk_07_mapper_initial] I20260519 13:40:21.175254 13609 incremental_pipeline.cc:78] Retriangulation and Global bundle adjustment
2026-05-19T13:40:21 COLMAP[chunk_07_mapper_initial] I20260519 13:40:21.587355 13609 incremental_pipeline.cc:524] Registering image #113 (num_reg_frames=5)
2026-05-19T13:40:21 COLMAP[chunk_07_mapper_initial] I20260519 13:40:21.587412 13609 incremental_pipeline.cc:527] => Image sees 247 / 4246 points
2026-05-19T13:40:21 COLMAP[chunk_07_mapper_initial] I20260519 13:40:21.603289 13609 incremental_pipeline.cc:550] => Could not register, trying another image.
2026-05-19T13:40:21 COLMAP[chunk_07_mapper_initial] I20260519 13:40:21.603343 13609 incremental_pipeline.cc:524] Registering image #110 (num_reg_frames=5)
2026-05-19T13:40:21 COLMAP[chunk_07_mapper_initial] I20260519 13:40:21.603354 13609 incremental_pipeline.cc:527] => Image sees 76 / 5205 points
2026-05-19T13:40:22 COLMAP[chunk_07_mapper_initial] I20260519 13:40:21.609786 13609 incremental_pipeline.cc:550] => Could not register, trying another image.
2026-05-19T13:40:22 COLMAP[chunk_07_mapper_initial] I20260519 13:40:21.609813 13609 incremental_pipeline.cc:524] Registering image #1189 (num_reg_frames=5)
2026-05-19T13:40:22 COLMAP[chunk_07_mapper_initial] I20260519 13:40:21.609822 13609 incremental_pipeline.cc:527] => Image sees 36 / 5998 points
2026-05-19T13:40:22 COLMAP[chunk_07_mapper_initial] I20260519 13:40:21.614418 13609 incremental_pipeline.cc:550] => Could not register, trying another image.
2026-05-19T13:40:22 COLMAP[chunk_07_mapper_initial] I20260519 13:40:21.614467 13609 incremental_pipeline.cc:524] Registering image #113 (num_reg_frames=5)
2026-05-19T13:40:22 COLMAP[chunk_07_mapper_initial] I20260519 13:40:21.614481 13609 incremental_pipeline.cc:527] => Image sees 247 / 4246 points
2026-05-19T13:40:22 COLMAP[chunk_07_mapper_initial] I20260519 13:40:21.614492 13609 incremental_pipeline.cc:533] Registering image with structure-less fallback
2026-05-19T13:40:22 COLMAP[chunk_07_mapper_initial] I20260519 13:40:21.614502 13609 incremental_pipeline.cc:535] => Image sees 425 / 8082 correspondences
2026-05-19T13:40:30 COLMAP[chunk_07_mapper_initial] I20260519 13:40:30.131467 13609 incremental_pipeline.cc:550] => Could not register, trying another image.
2026-05-19T13:40:30 COLMAP[chunk_07_mapper_initial] I20260519 13:40:30.131532 13609 incremental_pipeline.cc:524] Registering image #110 (num_reg_frames=5)
2026-05-19T13:40:30 COLMAP[chunk_07_mapper_initial] I20260519 13:40:30.131547 13609 incremental_pipeline.cc:527] => Image sees 76 / 5205 points
2026-05-19T13:40:30 COLMAP[chunk_07_mapper_initial] I20260519 13:40:30.131560 13609 incremental_pipeline.cc:533] Registering image with structure-less fallback
2026-05-19T13:40:30 COLMAP[chunk_07_mapper_initial] I20260519 13:40:30.131569 13609 incremental_pipeline.cc:535] => Image sees 130 / 9354 correspondences
2026-05-19T13:40:30 COLMAP[chunk_07_mapper_initial] I20260519 13:40:30.132100 13609 incremental_pipeline.cc:550] => Could not register, trying another image.
2026-05-19T13:40:30 COLMAP[chunk_07_mapper_initial] I20260519 13:40:30.132189 13609 incremental_pipeline.cc:524] Registering image #1189 (num_reg_frames=5)
2026-05-19T13:40:30 COLMAP[chunk_07_mapper_initial] I20260519 13:40:30.132229 13609 incremental_pipeline.cc:527] => Image sees 36 / 5998 points
2026-05-19T13:40:30 COLMAP[chunk_07_mapper_initial] I20260519 13:40:30.132262 13609 incremental_pipeline.cc:533] Registering image with structure-less fallback
2026-05-19T13:40:30 COLMAP[chunk_07_mapper_initial] I20260519 13:40:30.132293 13609 incremental_pipeline.cc:535] => Image sees 71 / 16089 correspondences
2026-05-19T13:40:30 COLMAP[chunk_07_mapper_initial] I20260519 13:40:30.133108 13609 incremental_pipeline.cc:550] => Could not register, trying another image.
2026-05-19T13:40:30 COLMAP[chunk_07_mapper_initial] I20260519 13:40:30.133168 13609 incremental_pipeline.cc:78] Retriangulation and Global bundle adjustment
2026-05-19T13:40:30 COLMAP[chunk_07_mapper_initial] I20260519 13:40:30.272221 13609 incremental_pipeline.cc:524] Registering image #113 (num_reg_frames=5)
2026-05-19T13:40:30 COLMAP[chunk_07_mapper_initial] I20260519 13:40:30.272356 13609 incremental_pipeline.cc:527] => Image sees 247 / 4246 points
2026-05-19T13:40:30 COLMAP[chunk_07_mapper_initial] I20260519 13:40:30.297442 13609 incremental_pipeline.cc:550] => Could not register, trying another image.
2026-05-19T13:40:30 COLMAP[chunk_07_mapper_initial] I20260519 13:40:30.297541 13609 incremental_pipeline.cc:524] Registering image #110 (num_reg_frames=5)
2026-05-19T13:40:30 COLMAP[chunk_07_mapper_initial] I20260519 13:40:30.297580 13609 incremental_pipeline.cc:527] => Image sees 76 / 5205 points
2026-05-19T13:40:30 COLMAP[chunk_07_mapper_initial] I20260519 13:40:30.308149 13609 incremental_pipeline.cc:550] => Could not register, trying another image.
2026-05-19T13:40:30 COLMAP[chunk_07_mapper_initial] I20260519 13:40:30.308228 13609 incremental_pipeline.cc:524] Registering image #1189 (num_reg_frames=5)
2026-05-19T13:40:30 COLMAP[chunk_07_mapper_initial] I20260519 13:40:30.308265 13609 incremental_pipeline.cc:527] => Image sees 36 / 5998 points
2026-05-19T13:40:30 COLMAP[chunk_07_mapper_initial] I20260519 13:40:30.314673 13609 incremental_pipeline.cc:550] => Could not register, trying another image.
2026-05-19T13:40:30 COLMAP[chunk_07_mapper_initial] I20260519 13:40:30.314779 13609 incremental_pipeline.cc:524] Registering image #113 (num_reg_frames=5)
2026-05-19T13:40:30 COLMAP[chunk_07_mapper_initial] I20260519 13:40:30.314828 13609 incremental_pipeline.cc:527] => Image sees 247 / 4246 points
2026-05-19T13:40:30 COLMAP[chunk_07_mapper_initial] I20260519 13:40:30.314862 13609 incremental_pipeline.cc:533] Registering image with structure-less fallback
2026-05-19T13:40:30 COLMAP[chunk_07_mapper_initial] I20260519 13:40:30.314893 13609 incremental_pipeline.cc:535] => Image sees 425 / 8082 correspondences
2026-05-19T13:40:39 COLMAP[chunk_07_mapper_initial] I20260519 13:40:38.957623 13609 incremental_pipeline.cc:550] => Could not register, trying another image.
2026-05-19T13:40:39 COLMAP[chunk_07_mapper_initial] I20260519 13:40:38.957829 13609 incremental_pipeline.cc:524] Registering image #110 (num_reg_frames=5)
2026-05-19T13:40:39 COLMAP[chunk_07_mapper_initial] I20260519 13:40:38.957880 13609 incremental_pipeline.cc:527] => Image sees 76 / 5205 points
2026-05-19T13:40:39 COLMAP[chunk_07_mapper_initial] I20260519 13:40:38.957911 13609 incremental_pipeline.cc:533] Registering image with structure-less fallback
2026-05-19T13:40:39 COLMAP[chunk_07_mapper_initial] I20260519 13:40:38.957940 13609 incremental_pipeline.cc:535] => Image sees 130 / 9354 correspondences
2026-05-19T13:40:39 COLMAP[chunk_07_mapper_initial] I20260519 13:40:38.958549 13609 incremental_pipeline.cc:550] => Could not register, trying another image.
2026-05-19T13:40:39 COLMAP[chunk_07_mapper_initial] I20260519 13:40:38.958619 13609 incremental_pipeline.cc:524] Registering image #1189 (num_reg_frames=5)
2026-05-19T13:40:39 COLMAP[chunk_07_mapper_initial] I20260519 13:40:38.958654 13609 incremental_pipeline.cc:527] => Image sees 36 / 5998 points
2026-05-19T13:40:39 COLMAP[chunk_07_mapper_initial] I20260519 13:40:38.958685 13609 incremental_pipeline.cc:533] Registering image with structure-less fallback
2026-05-19T13:40:39 COLMAP[chunk_07_mapper_initial] I20260519 13:40:38.958714 13609 incremental_pipeline.cc:535] => Image sees 71 / 16089 correspondences
2026-05-19T13:40:39 COLMAP[chunk_07_mapper_initial] I20260519 13:40:38.959525 13609 incremental_pipeline.cc:550] => Could not register, trying another image.
2026-05-19T13:40:39 COLMAP[chunk_07_mapper_initial] W20260519 13:40:38.959579 13609 incremental_pipeline.cc:705] Discarding reconstruction due to insufficient size
2026-05-19T13:40:39 COLMAP[chunk_07_mapper_initial] I20260519 13:40:38.995304 13609 incremental_pipeline.cc:377] Finding good initial image pair
2026-05-19T13:40:39 COLMAP[chunk_07_mapper_initial] I20260519 13:40:39.033998 13609 incremental_pipeline.cc:381] => No good initial image pair found.
2026-05-19T13:40:39 COLMAP[chunk_07_mapper_initial] I20260519 13:40:39.034034 13609 incremental_pipeline.cc:684] Discarding reconstruction due to no initial pair
2026-05-19T13:40:39 COLMAP[chunk_07_mapper_initial] I20260519 13:40:39.034691 13609 incremental_pipeline.cc:354] => Relaxing the initialization constraints.
2026-05-19T13:40:39 COLMAP[chunk_07_mapper_initial] I20260519 13:40:39.050573 13609 incremental_pipeline.cc:377] Finding good initial image pair
2026-05-19T13:40:39 COLMAP[chunk_07_mapper_initial] I20260519 13:40:39.162834 13609 incremental_pipeline.cc:401] Registering initial image pair #91 and #93
2026-05-19T13:40:39 COLMAP[chunk_07_mapper_initial] I20260519 13:40:39.182112 13609 incremental_pipeline.cc:419] Global bundle adjustment
2026-05-19T13:40:40 COLMAP[chunk_07_mapper_initial] I20260519 13:40:40.075709 13609 incremental_pipeline.cc:524] Registering image #92 (num_reg_frames=2)
2026-05-19T13:40:40 COLMAP[chunk_07_mapper_initial] I20260519 13:40:40.075770 13609 incremental_pipeline.cc:527] => Image sees 2736 / 7342 points
2026-05-19T13:40:41 COLMAP[chunk_07_mapper_initial] I20260519 13:40:40.734629 13609 incremental_pipeline.cc:78] Retriangulation and Global bundle adjustment
2026-05-19T13:40:42 COLMAP[chunk_07_mapper_initial] I20260519 13:40:42.402129 13609 incremental_pipeline.cc:524] Registering image #94 (num_reg_frames=3)
2026-05-19T13:40:42 COLMAP[chunk_07_mapper_initial] I20260519 13:40:42.402184 13609 incremental_pipeline.cc:527] => Image sees 3181 / 6590 points
2026-05-19T13:40:44 COLMAP[chunk_07_mapper_initial] I20260519 13:40:43.712976 13609 incremental_pipeline.cc:78] Retriangulation and Global bundle adjustment
2026-05-19T13:40:44 COLMAP[chunk_07_mapper_initial] I20260519 13:40:44.218984 13609 incremental_pipeline.cc:524] Registering image #90 (num_reg_frames=4)
2026-05-19T13:40:44 COLMAP[chunk_07_mapper_initial] I20260519 13:40:44.219043 13609 incremental_pipeline.cc:527] => Image sees 1350 / 2969 points
2026-05-19T13:40:45 COLMAP[chunk_07_mapper_initial] I20260519 13:40:45.416263 13609 incremental_pipeline.cc:78] Retriangulation and Global bundle adjustment
2026-05-19T13:40:46 COLMAP[chunk_07_mapper_initial] I20260519 13:40:45.837442 13609 incremental_pipeline.cc:524] Registering image #113 (num_reg_frames=5)
2026-05-19T13:40:46 COLMAP[chunk_07_mapper_initial] I20260519 13:40:45.837497 13609 incremental_pipeline.cc:527] => Image sees 231 / 4246 points
2026-05-19T13:40:46 COLMAP[chunk_07_mapper_initial] I20260519 13:40:45.852172 13609 incremental_pipeline.cc:550] => Could not register, trying another image.
2026-05-19T13:40:46 COLMAP[chunk_07_mapper_initial] I20260519 13:40:45.852202 13609 incremental_pipeline.cc:524] Registering image #110 (num_reg_frames=5)
2026-05-19T13:40:46 COLMAP[chunk_07_mapper_initial] I20260519 13:40:45.852211 13609 incremental_pipeline.cc:527] => Image sees 59 / 5205 points
2026-05-19T13:40:46 COLMAP[chunk_07_mapper_initial] I20260519 13:40:45.857806 13609 incremental_pipeline.cc:550] => Could not register, trying another image.
2026-05-19T13:40:46 COLMAP[chunk_07_mapper_initial] I20260519 13:40:45.857831 13609 incremental_pipeline.cc:524] Registering image #1189 (num_reg_frames=5)
2026-05-19T13:40:46 COLMAP[chunk_07_mapper_initial] I20260519 13:40:45.857841 13609 incremental_pipeline.cc:527] => Image sees 36 / 5998 points
2026-05-19T13:40:46 COLMAP[chunk_07_mapper_initial] I20260519 13:40:45.862377 13609 incremental_pipeline.cc:550] => Could not register, trying another image.
2026-05-19T13:40:46 COLMAP[chunk_07_mapper_initial] I20260519 13:40:45.862423 13609 incremental_pipeline.cc:524] Registering image #113 (num_reg_frames=5)
2026-05-19T13:40:46 COLMAP[chunk_07_mapper_initial] I20260519 13:40:45.862438 13609 incremental_pipeline.cc:527] => Image sees 231 / 4246 points
2026-05-19T13:40:46 COLMAP[chunk_07_mapper_initial] I20260519 13:40:45.862449 13609 incremental_pipeline.cc:533] Registering image with structure-less fallback
2026-05-19T13:40:46 COLMAP[chunk_07_mapper_initial] I20260519 13:40:45.862458 13609 incremental_pipeline.cc:535] => Image sees 425 / 8082 correspondences
2026-05-19T13:40:54 COLMAP[chunk_07_mapper_initial] I20260519 13:40:54.380607 13609 incremental_pipeline.cc:550] => Could not register, trying another image.
2026-05-19T13:40:54 COLMAP[chunk_07_mapper_initial] I20260519 13:40:54.380789 13609 incremental_pipeline.cc:524] Registering image #110 (num_reg_frames=5)
2026-05-19T13:40:54 COLMAP[chunk_07_mapper_initial] I20260519 13:40:54.380831 13609 incremental_pipeline.cc:527] => Image sees 59 / 5205 points
2026-05-19T13:40:54 COLMAP[chunk_07_mapper_initial] I20260519 13:40:54.380857 13609 incremental_pipeline.cc:533] Registering image with structure-less fallback
2026-05-19T13:40:54 COLMAP[chunk_07_mapper_initial] I20260519 13:40:54.380882 13609 incremental_pipeline.cc:535] => Image sees 130 / 9354 correspondences
2026-05-19T13:40:54 COLMAP[chunk_07_mapper_initial] I20260519 13:40:54.381461 13609 incremental_pipeline.cc:550] => Could not register, trying another image.
2026-05-19T13:40:54 COLMAP[chunk_07_mapper_initial] I20260519 13:40:54.381496 13609 incremental_pipeline.cc:524] Registering image #1189 (num_reg_frames=5)
2026-05-19T13:40:54 COLMAP[chunk_07_mapper_initial] I20260519 13:40:54.381522 13609 incremental_pipeline.cc:527] => Image sees 36 / 5998 points
2026-05-19T13:40:54 COLMAP[chunk_07_mapper_initial] I20260519 13:40:54.381546 13609 incremental_pipeline.cc:533] Registering image with structure-less fallback
2026-05-19T13:40:54 COLMAP[chunk_07_mapper_initial] I20260519 13:40:54.381569 13609 incremental_pipeline.cc:535] => Image sees 71 / 16089 correspondences
2026-05-19T13:40:54 COLMAP[chunk_07_mapper_initial] I20260519 13:40:54.382403 13609 incremental_pipeline.cc:550] => Could not register, trying another image.
2026-05-19T13:40:54 COLMAP[chunk_07_mapper_initial] I20260519 13:40:54.382443 13609 incremental_pipeline.cc:78] Retriangulation and Global bundle adjustment
2026-05-19T13:40:54 COLMAP[chunk_07_mapper_initial] I20260519 13:40:54.521178 13609 incremental_pipeline.cc:524] Registering image #113 (num_reg_frames=5)
2026-05-19T13:40:54 COLMAP[chunk_07_mapper_initial] I20260519 13:40:54.521317 13609 incremental_pipeline.cc:527] => Image sees 231 / 4246 points
2026-05-19T13:40:54 COLMAP[chunk_07_mapper_initial] I20260519 13:40:54.544376 13609 incremental_pipeline.cc:550] => Could not register, trying another image.
2026-05-19T13:40:54 COLMAP[chunk_07_mapper_initial] I20260519 13:40:54.544461 13609 incremental_pipeline.cc:524] Registering image #110 (num_reg_frames=5)
2026-05-19T13:40:54 COLMAP[chunk_07_mapper_initial] I20260519 13:40:54.544492 13609 incremental_pipeline.cc:527] => Image sees 59 / 5205 points
2026-05-19T13:40:54 COLMAP[chunk_07_mapper_initial] I20260519 13:40:54.552516 13609 incremental_pipeline.cc:550] => Could not register, trying another image.
2026-05-19T13:40:54 COLMAP[chunk_07_mapper_initial] I20260519 13:40:54.552572 13609 incremental_pipeline.cc:524] Registering image #1189 (num_reg_frames=5)
2026-05-19T13:40:54 COLMAP[chunk_07_mapper_initial] I20260519 13:40:54.552599 13609 incremental_pipeline.cc:527] => Image sees 36 / 5998 points
2026-05-19T13:40:54 COLMAP[chunk_07_mapper_initial] I20260519 13:40:54.558986 13609 incremental_pipeline.cc:550] => Could not register, trying another image.
2026-05-19T13:40:54 COLMAP[chunk_07_mapper_initial] I20260519 13:40:54.559068 13609 incremental_pipeline.cc:524] Registering image #113 (num_reg_frames=5)
2026-05-19T13:40:54 COLMAP[chunk_07_mapper_initial] I20260519 13:40:54.559101 13609 incremental_pipeline.cc:527] => Image sees 231 / 4246 points
2026-05-19T13:40:54 COLMAP[chunk_07_mapper_initial] I20260519 13:40:54.559126 13609 incremental_pipeline.cc:533] Registering image with structure-less fallback
2026-05-19T13:40:54 COLMAP[chunk_07_mapper_initial] I20260519 13:40:54.559154 13609 incremental_pipeline.cc:535] => Image sees 425 / 8082 correspondences
2026-05-19T13:41:03 COLMAP[chunk_07_mapper_initial] I20260519 13:41:03.225304 13609 incremental_pipeline.cc:550] => Could not register, trying another image.
2026-05-19T13:41:03 COLMAP[chunk_07_mapper_initial] I20260519 13:41:03.225363 13609 incremental_pipeline.cc:524] Registering image #110 (num_reg_frames=5)
2026-05-19T13:41:03 COLMAP[chunk_07_mapper_initial] I20260519 13:41:03.225378 13609 incremental_pipeline.cc:527] => Image sees 59 / 5205 points
2026-05-19T13:41:03 COLMAP[chunk_07_mapper_initial] I20260519 13:41:03.225390 13609 incremental_pipeline.cc:533] Registering image with structure-less fallback
2026-05-19T13:41:03 COLMAP[chunk_07_mapper_initial] I20260519 13:41:03.225399 13609 incremental_pipeline.cc:535] => Image sees 130 / 9354 correspondences
2026-05-19T13:41:03 COLMAP[chunk_07_mapper_initial] I20260519 13:41:03.225945 13609 incremental_pipeline.cc:550] => Could not register, trying another image.
2026-05-19T13:41:03 COLMAP[chunk_07_mapper_initial] I20260519 13:41:03.226032 13609 incremental_pipeline.cc:524] Registering image #1189 (num_reg_frames=5)
2026-05-19T13:41:03 COLMAP[chunk_07_mapper_initial] I20260519 13:41:03.226073 13609 incremental_pipeline.cc:527] => Image sees 36 / 5998 points
2026-05-19T13:41:03 COLMAP[chunk_07_mapper_initial] I20260519 13:41:03.226105 13609 incremental_pipeline.cc:533] Registering image with structure-less fallback
2026-05-19T13:41:03 COLMAP[chunk_07_mapper_initial] I20260519 13:41:03.226136 13609 incremental_pipeline.cc:535] => Image sees 71 / 16089 correspondences
2026-05-19T13:41:03 COLMAP[chunk_07_mapper_initial] I20260519 13:41:03.226959 13609 incremental_pipeline.cc:550] => Could not register, trying another image.
2026-05-19T13:41:03 COLMAP[chunk_07_mapper_initial] W20260519 13:41:03.227018 13609 incremental_pipeline.cc:705] Discarding reconstruction due to insufficient size
2026-05-19T13:41:03 COLMAP[chunk_07_mapper_initial] I20260519 13:41:03.268256 13609 incremental_pipeline.cc:377] Finding good initial image pair
2026-05-19T13:41:03 COLMAP[chunk_07_mapper_initial] I20260519 13:41:03.340078 13609 incremental_pipeline.cc:401] Registering initial image pair #92 and #93
2026-05-19T13:41:03 COLMAP[chunk_07_mapper_initial] I20260519 13:41:03.367482 13609 incremental_pipeline.cc:419] Global bundle adjustment
2026-05-19T13:41:04 COLMAP[chunk_07_mapper_initial] I20260519 13:41:04.275017 13609 incremental_pipeline.cc:524] Registering image #91 (num_reg_frames=2)
2026-05-19T13:41:04 COLMAP[chunk_07_mapper_initial] I20260519 13:41:04.275094 13609 incremental_pipeline.cc:527] => Image sees 2678 / 7205 points
2026-05-19T13:41:05 COLMAP[chunk_07_mapper_initial] I20260519 13:41:04.937837 13609 incremental_pipeline.cc:78] Retriangulation and Global bundle adjustment
2026-05-19T13:41:07 COLMAP[chunk_07_mapper_initial] I20260519 13:41:06.635190 13609 incremental_pipeline.cc:524] Registering image #94 (num_reg_frames=3)
2026-05-19T13:41:07 COLMAP[chunk_07_mapper_initial] I20260519 13:41:06.635249 13609 incremental_pipeline.cc:527] => Image sees 3181 / 6590 points
2026-05-19T13:41:08 COLMAP[chunk_07_mapper_initial] I20260519 13:41:07.940761 13609 incremental_pipeline.cc:78] Retriangulation and Global bundle adjustment
2026-05-19T13:41:08 COLMAP[chunk_07_mapper_initial] I20260519 13:41:08.391844 13609 incremental_pipeline.cc:524] Registering image #90 (num_reg_frames=4)
2026-05-19T13:41:08 COLMAP[chunk_07_mapper_initial] I20260519 13:41:08.391896 13609 incremental_pipeline.cc:527] => Image sees 1350 / 2969 points
2026-05-19T13:41:09 COLMAP[chunk_07_mapper_initial] I20260519 13:41:09.596313 13609 incremental_pipeline.cc:78] Retriangulation and Global bundle adjustment
2026-05-19T13:41:10 COLMAP[chunk_07_mapper_initial] I20260519 13:41:10.012533 13609 incremental_pipeline.cc:524] Registering image #113 (num_reg_frames=5)
2026-05-19T13:41:10 COLMAP[chunk_07_mapper_initial] I20260519 13:41:10.012591 13609 incremental_pipeline.cc:527] => Image sees 231 / 4246 points
2026-05-19T13:41:10 COLMAP[chunk_07_mapper_initial] I20260519 13:41:10.028041 13609 incremental_pipeline.cc:550] => Could not register, trying another image.
2026-05-19T13:41:10 COLMAP[chunk_07_mapper_initial] I20260519 13:41:10.028079 13609 incremental_pipeline.cc:524] Registering image #110 (num_reg_frames=5)
2026-05-19T13:41:10 COLMAP[chunk_07_mapper_initial] I20260519 13:41:10.028090 13609 incremental_pipeline.cc:527] => Image sees 59 / 5205 points
2026-05-19T13:41:10 COLMAP[chunk_07_mapper_initial] I20260519 13:41:10.033962 13609 incremental_pipeline.cc:550] => Could not register, trying another image.
2026-05-19T13:41:10 COLMAP[chunk_07_mapper_initial] I20260519 13:41:10.033987 13609 incremental_pipeline.cc:524] Registering image #1189 (num_reg_frames=5)
2026-05-19T13:41:10 COLMAP[chunk_07_mapper_initial] I20260519 13:41:10.033996 13609 incremental_pipeline.cc:527] => Image sees 36 / 5998 points
2026-05-19T13:41:10 COLMAP[chunk_07_mapper_initial] I20260519 13:41:10.038678 13609 incremental_pipeline.cc:550] => Could not register, trying another image.
2026-05-19T13:41:10 COLMAP[chunk_07_mapper_initial] I20260519 13:41:10.038733 13609 incremental_pipeline.cc:524] Registering image #113 (num_reg_frames=5)
2026-05-19T13:41:10 COLMAP[chunk_07_mapper_initial] I20260519 13:41:10.038748 13609 incremental_pipeline.cc:527] => Image sees 231 / 4246 points
2026-05-19T13:41:10 COLMAP[chunk_07_mapper_initial] I20260519 13:41:10.038759 13609 incremental_pipeline.cc:533] Registering image with structure-less fallback
2026-05-19T13:41:10 COLMAP[chunk_07_mapper_initial] I20260519 13:41:10.038769 13609 incremental_pipeline.cc:535] => Image sees 425 / 8082 correspondences
2026-05-19T13:41:19 COLMAP[chunk_07_mapper_initial] I20260519 13:41:18.726728 13609 incremental_pipeline.cc:550] => Could not register, trying another image.
2026-05-19T13:41:19 COLMAP[chunk_07_mapper_initial] I20260519 13:41:18.726864 13609 incremental_pipeline.cc:524] Registering image #110 (num_reg_frames=5)
2026-05-19T13:41:19 COLMAP[chunk_07_mapper_initial] I20260519 13:41:18.726900 13609 incremental_pipeline.cc:527] => Image sees 59 / 5205 points
2026-05-19T13:41:19 COLMAP[chunk_07_mapper_initial] I20260519 13:41:18.726927 13609 incremental_pipeline.cc:533] Registering image with structure-less fallback
2026-05-19T13:41:19 COLMAP[chunk_07_mapper_initial] I20260519 13:41:18.726951 13609 incremental_pipeline.cc:535] => Image sees 130 / 9354 correspondences
2026-05-19T13:41:19 COLMAP[chunk_07_mapper_initial] I20260519 13:41:18.727535 13609 incremental_pipeline.cc:550] => Could not register, trying another image.
2026-05-19T13:41:19 COLMAP[chunk_07_mapper_initial] I20260519 13:41:18.727568 13609 incremental_pipeline.cc:524] Registering image #1189 (num_reg_frames=5)
2026-05-19T13:41:19 COLMAP[chunk_07_mapper_initial] I20260519 13:41:18.727594 13609 incremental_pipeline.cc:527] => Image sees 36 / 5998 points
2026-05-19T13:41:19 COLMAP[chunk_07_mapper_initial] I20260519 13:41:18.727618 13609 incremental_pipeline.cc:533] Registering image with structure-less fallback
2026-05-19T13:41:19 COLMAP[chunk_07_mapper_initial] I20260519 13:41:18.727641 13609 incremental_pipeline.cc:535] => Image sees 71 / 16089 correspondences
2026-05-19T13:41:19 COLMAP[chunk_07_mapper_initial] I20260519 13:41:18.728448 13609 incremental_pipeline.cc:550] => Could not register, trying another image.
2026-05-19T13:41:19 COLMAP[chunk_07_mapper_initial] I20260519 13:41:18.728487 13609 incremental_pipeline.cc:78] Retriangulation and Global bundle adjustment
2026-05-19T13:41:19 COLMAP[chunk_07_mapper_initial] I20260519 13:41:18.876045 13609 incremental_pipeline.cc:524] Registering image #113 (num_reg_frames=5)
2026-05-19T13:41:19 COLMAP[chunk_07_mapper_initial] I20260519 13:41:18.876192 13609 incremental_pipeline.cc:527] => Image sees 231 / 4246 points
2026-05-19T13:41:19 COLMAP[chunk_07_mapper_initial] I20260519 13:41:18.899279 13609 incremental_pipeline.cc:550] => Could not register, trying another image.
2026-05-19T13:41:19 COLMAP[chunk_07_mapper_initial] I20260519 13:41:18.899372 13609 incremental_pipeline.cc:524] Registering image #110 (num_reg_frames=5)
2026-05-19T13:41:19 COLMAP[chunk_07_mapper_initial] I20260519 13:41:18.899403 13609 incremental_pipeline.cc:527] => Image sees 59 / 5205 points
2026-05-19T13:41:19 COLMAP[chunk_07_mapper_initial] I20260519 13:41:18.907689 13609 incremental_pipeline.cc:550] => Could not register, trying another image.
2026-05-19T13:41:19 COLMAP[chunk_07_mapper_initial] I20260519 13:41:18.907747 13609 incremental_pipeline.cc:524] Registering image #1189 (num_reg_frames=5)
2026-05-19T13:41:19 COLMAP[chunk_07_mapper_initial] I20260519 13:41:18.907779 13609 incremental_pipeline.cc:527] => Image sees 36 / 5998 points
2026-05-19T13:41:19 COLMAP[chunk_07_mapper_initial] I20260519 13:41:18.914239 13609 incremental_pipeline.cc:550] => Could not register, trying another image.
2026-05-19T13:41:19 COLMAP[chunk_07_mapper_initial] I20260519 13:41:18.914326 13609 incremental_pipeline.cc:524] Registering image #113 (num_reg_frames=5)
2026-05-19T13:41:19 COLMAP[chunk_07_mapper_initial] I20260519 13:41:18.914361 13609 incremental_pipeline.cc:527] => Image sees 231 / 4246 points
2026-05-19T13:41:19 COLMAP[chunk_07_mapper_initial] I20260519 13:41:18.914386 13609 incremental_pipeline.cc:533] Registering image with structure-less fallback
2026-05-19T13:41:19 COLMAP[chunk_07_mapper_initial] I20260519 13:41:18.914409 13609 incremental_pipeline.cc:535] => Image sees 425 / 8082 correspondences
2026-05-19T13:41:28 COLMAP[chunk_07_mapper_initial] I20260519 13:41:27.684985 13609 incremental_pipeline.cc:550] => Could not register, trying another image.
2026-05-19T13:41:28 COLMAP[chunk_07_mapper_initial] I20260519 13:41:27.685122 13609 incremental_pipeline.cc:524] Registering image #110 (num_reg_frames=5)
2026-05-19T13:41:28 COLMAP[chunk_07_mapper_initial] I20260519 13:41:27.685158 13609 incremental_pipeline.cc:527] => Image sees 59 / 5205 points
2026-05-19T13:41:28 COLMAP[chunk_07_mapper_initial] I20260519 13:41:27.685341 13609 incremental_pipeline.cc:533] Registering image with structure-less fallback
2026-05-19T13:41:28 COLMAP[chunk_07_mapper_initial] I20260519 13:41:27.685375 13609 incremental_pipeline.cc:535] => Image sees 130 / 9354 correspondences
2026-05-19T13:41:28 COLMAP[chunk_07_mapper_initial] I20260519 13:41:27.686183 13609 incremental_pipeline.cc:550] => Could not register, trying another image.
2026-05-19T13:41:28 COLMAP[chunk_07_mapper_initial] I20260519 13:41:27.686247 13609 incremental_pipeline.cc:524] Registering image #1189 (num_reg_frames=5)
2026-05-19T13:41:28 COLMAP[chunk_07_mapper_initial] I20260519 13:41:27.686393 13609 incremental_pipeline.cc:527] => Image sees 36 / 5998 points
2026-05-19T13:41:28 COLMAP[chunk_07_mapper_initial] I20260519 13:41:27.686520 13609 incremental_pipeline.cc:533] Registering image with structure-less fallback
2026-05-19T13:41:28 COLMAP[chunk_07_mapper_initial] I20260519 13:41:27.686636 13609 incremental_pipeline.cc:535] => Image sees 71 / 16089 correspondences
2026-05-19T13:41:28 COLMAP[chunk_07_mapper_initial] I20260519 13:41:27.687616 13609 incremental_pipeline.cc:550] => Could not register, trying another image.
2026-05-19T13:41:28 COLMAP[chunk_07_mapper_initial] W20260519 13:41:27.687664 13609 incremental_pipeline.cc:705] Discarding reconstruction due to insufficient size
2026-05-19T13:41:28 COLMAP[chunk_07_mapper_initial] I20260519 13:41:27.723495 13609 incremental_pipeline.cc:377] Finding good initial image pair
2026-05-19T13:41:28 COLMAP[chunk_07_mapper_initial] I20260519 13:41:27.791061 13609 incremental_pipeline.cc:401] Registering initial image pair #92 and #90
2026-05-19T13:41:28 COLMAP[chunk_07_mapper_initial] I20260519 13:41:27.808363 13609 incremental_pipeline.cc:419] Global bundle adjustment
2026-05-19T13:41:28 COLMAP[chunk_07_mapper_initial] I20260519 13:41:28.142124 13609 incremental_pipeline.cc:524] Registering image #91 (num_reg_frames=2)
2026-05-19T13:41:28 COLMAP[chunk_07_mapper_initial] I20260519 13:41:28.142179 13609 incremental_pipeline.cc:527] => Image sees 1651 / 7205 points
2026-05-19T13:41:29 COLMAP[chunk_07_mapper_initial] I20260519 13:41:28.980731 13609 incremental_pipeline.cc:78] Retriangulation and Global bundle adjustment
2026-05-19T13:41:29 COLMAP[chunk_07_mapper_initial] I20260519 13:41:29.572556 13609 incremental_pipeline.cc:524] Registering image #93 (num_reg_frames=3)
2026-05-19T13:41:29 COLMAP[chunk_07_mapper_initial] I20260519 13:41:29.572608 13609 incremental_pipeline.cc:527] => Image sees 3050 / 7056 points
2026-05-19T13:41:31 COLMAP[chunk_07_mapper_initial] I20260519 13:41:30.860657 13609 incremental_pipeline.cc:78] Retriangulation and Global bundle adjustment
2026-05-19T13:41:32 COLMAP[chunk_07_mapper_initial] I20260519 13:41:32.133744 13609 incremental_pipeline.cc:524] Registering image #94 (num_reg_frames=4)
2026-05-19T13:41:32 COLMAP[chunk_07_mapper_initial] I20260519 13:41:32.133795 13609 incremental_pipeline.cc:527] => Image sees 3730 / 6590 points
2026-05-19T13:41:34 COLMAP[chunk_07_mapper_initial] I20260519 13:41:33.816833 13609 incremental_pipeline.cc:78] Retriangulation and Global bundle adjustment
2026-05-19T13:41:34 COLMAP[chunk_07_mapper_initial] I20260519 13:41:34.284209 13609 incremental_pipeline.cc:524] Registering image #113 (num_reg_frames=5)
2026-05-19T13:41:34 COLMAP[chunk_07_mapper_initial] I20260519 13:41:34.284264 13609 incremental_pipeline.cc:527] => Image sees 240 / 4246 points
2026-05-19T13:41:34 COLMAP[chunk_07_mapper_initial] I20260519 13:41:34.299513 13609 incremental_pipeline.cc:550] => Could not register, trying another image.
2026-05-19T13:41:34 COLMAP[chunk_07_mapper_initial] I20260519 13:41:34.299546 13609 incremental_pipeline.cc:524] Registering image #110 (num_reg_frames=5)
2026-05-19T13:41:34 COLMAP[chunk_07_mapper_initial] I20260519 13:41:34.299556 13609 incremental_pipeline.cc:527] => Image sees 65 / 5205 points
2026-05-19T13:41:34 COLMAP[chunk_07_mapper_initial] I20260519 13:41:34.305637 13609 incremental_pipeline.cc:550] => Could not register, trying another image.
2026-05-19T13:41:34 COLMAP[chunk_07_mapper_initial] I20260519 13:41:34.305660 13609 incremental_pipeline.cc:524] Registering image #1189 (num_reg_frames=5)
2026-05-19T13:41:34 COLMAP[chunk_07_mapper_initial] I20260519 13:41:34.305668 13609 incremental_pipeline.cc:527] => Image sees 35 / 5998 points
2026-05-19T13:41:34 COLMAP[chunk_07_mapper_initial] I20260519 13:41:34.309753 13609 incremental_pipeline.cc:550] => Could not register, trying another image.
2026-05-19T13:41:34 COLMAP[chunk_07_mapper_initial] I20260519 13:41:34.309801 13609 incremental_pipeline.cc:524] Registering image #113 (num_reg_frames=5)
2026-05-19T13:41:34 COLMAP[chunk_07_mapper_initial] I20260519 13:41:34.309814 13609 incremental_pipeline.cc:527] => Image sees 240 / 4246 points
2026-05-19T13:41:34 COLMAP[chunk_07_mapper_initial] I20260519 13:41:34.309824 13609 incremental_pipeline.cc:533] Registering image with structure-less fallback
2026-05-19T13:41:34 COLMAP[chunk_07_mapper_initial] I20260519 13:41:34.309834 13609 incremental_pipeline.cc:535] => Image sees 425 / 8082 correspondences
2026-05-19T13:41:43 COLMAP[chunk_07_mapper_initial] I20260519 13:41:42.762631 13609 incremental_pipeline.cc:550] => Could not register, trying another image.
2026-05-19T13:41:43 COLMAP[chunk_07_mapper_initial] I20260519 13:41:42.762822 13609 incremental_pipeline.cc:524] Registering image #110 (num_reg_frames=5)
2026-05-19T13:41:43 COLMAP[chunk_07_mapper_initial] I20260519 13:41:42.762871 13609 incremental_pipeline.cc:527] => Image sees 65 / 5205 points
2026-05-19T13:41:43 COLMAP[chunk_07_mapper_initial] I20260519 13:41:42.762902 13609 incremental_pipeline.cc:533] Registering image with structure-less fallback
2026-05-19T13:41:43 COLMAP[chunk_07_mapper_initial] I20260519 13:41:42.762931 13609 incremental_pipeline.cc:535] => Image sees 130 / 9354 correspondences
2026-05-19T13:41:43 COLMAP[chunk_07_mapper_initial] I20260519 13:41:42.763545 13609 incremental_pipeline.cc:550] => Could not register, trying another image.
2026-05-19T13:41:43 COLMAP[chunk_07_mapper_initial] I20260519 13:41:42.763622 13609 incremental_pipeline.cc:524] Registering image #1189 (num_reg_frames=5)
2026-05-19T13:41:43 COLMAP[chunk_07_mapper_initial] I20260519 13:41:42.763657 13609 incremental_pipeline.cc:527] => Image sees 35 / 5998 points
2026-05-19T13:41:43 COLMAP[chunk_07_mapper_initial] I20260519 13:41:42.763688 13609 incremental_pipeline.cc:533] Registering image with structure-less fallback
2026-05-19T13:41:43 COLMAP[chunk_07_mapper_initial] I20260519 13:41:42.763718 13609 incremental_pipeline.cc:535] => Image sees 71 / 16089 correspondences
2026-05-19T13:41:43 COLMAP[chunk_07_mapper_initial] I20260519 13:41:42.764539 13609 incremental_pipeline.cc:550] => Could not register, trying another image.
2026-05-19T13:41:43 COLMAP[chunk_07_mapper_initial] I20260519 13:41:42.764601 13609 incremental_pipeline.cc:78] Retriangulation and Global bundle adjustment
2026-05-19T13:41:43 COLMAP[chunk_07_mapper_initial] I20260519 13:41:43.143357 13609 incremental_pipeline.cc:524] Registering image #113 (num_reg_frames=5)
2026-05-19T13:41:43 COLMAP[chunk_07_mapper_initial] I20260519 13:41:43.143416 13609 incremental_pipeline.cc:527] => Image sees 240 / 4246 points
2026-05-19T13:41:43 COLMAP[chunk_07_mapper_initial] I20260519 13:41:43.158768 13609 incremental_pipeline.cc:550] => Could not register, trying another image.
2026-05-19T13:41:43 COLMAP[chunk_07_mapper_initial] I20260519 13:41:43.158806 13609 incremental_pipeline.cc:524] Registering image #110 (num_reg_frames=5)
2026-05-19T13:41:43 COLMAP[chunk_07_mapper_initial] I20260519 13:41:43.158816 13609 incremental_pipeline.cc:527] => Image sees 65 / 5205 points
2026-05-19T13:41:43 COLMAP[chunk_07_mapper_initial] I20260519 13:41:43.164806 13609 incremental_pipeline.cc:550] => Could not register, trying another image.
2026-05-19T13:41:43 COLMAP[chunk_07_mapper_initial] I20260519 13:41:43.164834 13609 incremental_pipeline.cc:524] Registering image #1189 (num_reg_frames=5)
2026-05-19T13:41:43 COLMAP[chunk_07_mapper_initial] I20260519 13:41:43.164844 13609 incremental_pipeline.cc:527] => Image sees 35 / 5998 points
2026-05-19T13:41:43 COLMAP[chunk_07_mapper_initial] I20260519 13:41:43.169379 13609 incremental_pipeline.cc:550] => Could not register, trying another image.
2026-05-19T13:41:43 COLMAP[chunk_07_mapper_initial] I20260519 13:41:43.169426 13609 incremental_pipeline.cc:524] Registering image #113 (num_reg_frames=5)
2026-05-19T13:41:43 COLMAP[chunk_07_mapper_initial] I20260519 13:41:43.169445 13609 incremental_pipeline.cc:527] => Image sees 240 / 4246 points
2026-05-19T13:41:43 COLMAP[chunk_07_mapper_initial] I20260519 13:41:43.169456 13609 incremental_pipeline.cc:533] Registering image with structure-less fallback
2026-05-19T13:41:43 COLMAP[chunk_07_mapper_initial] I20260519 13:41:43.169476 13609 incremental_pipeline.cc:535] => Image sees 425 / 8082 correspondences
2026-05-19T13:41:52 COLMAP[chunk_07_mapper_initial] I20260519 13:41:51.823653 13609 incremental_pipeline.cc:550] => Could not register, trying another image.
2026-05-19T13:41:52 COLMAP[chunk_07_mapper_initial] I20260519 13:41:51.823801 13609 incremental_pipeline.cc:524] Registering image #110 (num_reg_frames=5)
2026-05-19T13:41:52 COLMAP[chunk_07_mapper_initial] I20260519 13:41:51.823841 13609 incremental_pipeline.cc:527] => Image sees 65 / 5205 points
2026-05-19T13:41:52 COLMAP[chunk_07_mapper_initial] I20260519 13:41:51.823868 13609 incremental_pipeline.cc:533] Registering image with structure-less fallback
2026-05-19T13:41:52 COLMAP[chunk_07_mapper_initial] I20260519 13:41:51.823891 13609 incremental_pipeline.cc:535] => Image sees 130 / 9354 correspondences
2026-05-19T13:41:52 COLMAP[chunk_07_mapper_initial] I20260519 13:41:51.824465 13609 incremental_pipeline.cc:550] => Could not register, trying another image.
2026-05-19T13:41:52 COLMAP[chunk_07_mapper_initial] I20260519 13:41:51.824499 13609 incremental_pipeline.cc:524] Registering image #1189 (num_reg_frames=5)
2026-05-19T13:41:52 COLMAP[chunk_07_mapper_initial] I20260519 13:41:51.824570 13609 incremental_pipeline.cc:527] => Image sees 35 / 5998 points
2026-05-19T13:41:52 COLMAP[chunk_07_mapper_initial] I20260519 13:41:51.824604 13609 incremental_pipeline.cc:533] Registering image with structure-less fallback
2026-05-19T13:41:52 COLMAP[chunk_07_mapper_initial] I20260519 13:41:51.824627 13609 incremental_pipeline.cc:535] => Image sees 71 / 16089 correspondences
2026-05-19T13:41:52 COLMAP[chunk_07_mapper_initial] I20260519 13:41:51.825425 13609 incremental_pipeline.cc:550] => Could not register, trying another image.
2026-05-19T13:41:52 COLMAP[chunk_07_mapper_initial] W20260519 13:41:51.825459 13609 incremental_pipeline.cc:705] Discarding reconstruction due to insufficient size
2026-05-19T13:41:52 COLMAP[chunk_07_mapper_initial] I20260519 13:41:51.861040 13609 incremental_pipeline.cc:377] Finding good initial image pair
2026-05-19T13:41:52 COLMAP[chunk_07_mapper_initial] I20260519 13:41:51.864359 13609 incremental_pipeline.cc:381] => No good initial image pair found.
2026-05-19T13:41:52 COLMAP[chunk_07_mapper_initial] I20260519 13:41:51.864395 13609 incremental_pipeline.cc:684] Discarding reconstruction due to no initial pair
2026-05-19T13:41:52 COLMAP[chunk_07_mapper_initial] I20260519 13:41:51.864919 13609 incremental_pipeline.cc:341] => Relaxing the initialization constraints.
2026-05-19T13:41:52 COLMAP[chunk_07_mapper_initial] I20260519 13:41:51.879192 13609 incremental_pipeline.cc:377] Finding good initial image pair
2026-05-19T13:41:52 COLMAP[chunk_07_mapper_initial] I20260519 13:41:52.016871 13609 incremental_pipeline.cc:401] Registering initial image pair #92 and #93
2026-05-19T13:41:52 COLMAP[chunk_07_mapper_initial] I20260519 13:41:52.037417 13609 incremental_pipeline.cc:419] Global bundle adjustment
2026-05-19T13:41:53 COLMAP[chunk_07_mapper_initial] I20260519 13:41:52.937470 13609 incremental_pipeline.cc:524] Registering image #91 (num_reg_frames=2)
2026-05-19T13:41:53 COLMAP[chunk_07_mapper_initial] I20260519 13:41:52.937526 13609 incremental_pipeline.cc:527] => Image sees 2678 / 7205 points
2026-05-19T13:41:53 COLMAP[chunk_07_mapper_initial] I20260519 13:41:53.595757 13609 incremental_pipeline.cc:78] Retriangulation and Global bundle adjustment
2026-05-19T13:41:55 COLMAP[chunk_07_mapper_initial] I20260519 13:41:55.236810 13609 incremental_pipeline.cc:524] Registering image #94 (num_reg_frames=3)
2026-05-19T13:41:55 COLMAP[chunk_07_mapper_initial] I20260519 13:41:55.236862 13609 incremental_pipeline.cc:527] => Image sees 3181 / 6590 points
2026-05-19T13:41:56 COLMAP[chunk_07_mapper_initial] I20260519 13:41:56.426191 13609 incremental_pipeline.cc:78] Retriangulation and Global bundle adjustment
2026-05-19T13:41:57 COLMAP[chunk_07_mapper_initial] I20260519 13:41:56.878098 13609 incremental_pipeline.cc:524] Registering image #90 (num_reg_frames=4)
2026-05-19T13:41:57 COLMAP[chunk_07_mapper_initial] I20260519 13:41:56.878151 13609 incremental_pipeline.cc:527] => Image sees 1350 / 2969 points
2026-05-19T13:41:58 COLMAP[chunk_07_mapper_initial] I20260519 13:41:58.103897 13609 incremental_pipeline.cc:78] Retriangulation and Global bundle adjustment
2026-05-19T13:41:58 COLMAP[chunk_07_mapper_initial] I20260519 13:41:58.521440 13609 incremental_pipeline.cc:524] Registering image #113 (num_reg_frames=5)
2026-05-19T13:41:58 COLMAP[chunk_07_mapper_initial] I20260519 13:41:58.521492 13609 incremental_pipeline.cc:527] => Image sees 231 / 4246 points
2026-05-19T13:41:58 COLMAP[chunk_07_mapper_initial] I20260519 13:41:58.536423 13609 incremental_pipeline.cc:550] => Could not register, trying another image.
2026-05-19T13:41:58 COLMAP[chunk_07_mapper_initial] I20260519 13:41:58.536456 13609 incremental_pipeline.cc:524] Registering image #110 (num_reg_frames=5)
2026-05-19T13:41:58 COLMAP[chunk_07_mapper_initial] I20260519 13:41:58.536469 13609 incremental_pipeline.cc:527] => Image sees 59 / 5205 points
2026-05-19T13:41:58 COLMAP[chunk_07_mapper_initial] I20260519 13:41:58.542332 13609 incremental_pipeline.cc:550] => Could not register, trying another image.
2026-05-19T13:41:58 COLMAP[chunk_07_mapper_initial] I20260519 13:41:58.542357 13609 incremental_pipeline.cc:524] Registering image #1189 (num_reg_frames=5)
2026-05-19T13:41:58 COLMAP[chunk_07_mapper_initial] I20260519 13:41:58.542369 13609 incremental_pipeline.cc:527] => Image sees 36 / 5998 points
2026-05-19T13:41:58 COLMAP[chunk_07_mapper_initial] I20260519 13:41:58.546514 13609 incremental_pipeline.cc:550] => Could not register, trying another image.
2026-05-19T13:41:58 COLMAP[chunk_07_mapper_initial] I20260519 13:41:58.546571 13609 incremental_pipeline.cc:524] Registering image #113 (num_reg_frames=5)
2026-05-19T13:41:58 COLMAP[chunk_07_mapper_initial] I20260519 13:41:58.546590 13609 incremental_pipeline.cc:527] => Image sees 231 / 4246 points
2026-05-19T13:41:58 COLMAP[chunk_07_mapper_initial] I20260519 13:41:58.546602 13609 incremental_pipeline.cc:533] Registering image with structure-less fallback
2026-05-19T13:41:58 COLMAP[chunk_07_mapper_initial] I20260519 13:41:58.546612 13609 incremental_pipeline.cc:535] => Image sees 425 / 8082 correspondences
2026-05-19T13:42:07 COLMAP[chunk_07_mapper_initial] I20260519 13:42:07.235211 13609 incremental_pipeline.cc:550] => Could not register, trying another image.
2026-05-19T13:42:07 COLMAP[chunk_07_mapper_initial] I20260519 13:42:07.235368 13609 incremental_pipeline.cc:524] Registering image #110 (num_reg_frames=5)
2026-05-19T13:42:07 COLMAP[chunk_07_mapper_initial] I20260519 13:42:07.235409 13609 incremental_pipeline.cc:527] => Image sees 59 / 5205 points
2026-05-19T13:42:07 COLMAP[chunk_07_mapper_initial] I20260519 13:42:07.235440 13609 incremental_pipeline.cc:533] Registering image with structure-less fallback
2026-05-19T13:42:07 COLMAP[chunk_07_mapper_initial] I20260519 13:42:07.235467 13609 incremental_pipeline.cc:535] => Image sees 130 / 9354 correspondences
2026-05-19T13:42:07 COLMAP[chunk_07_mapper_initial] I20260519 13:42:07.236096 13609 incremental_pipeline.cc:550] => Could not register, trying another image.
2026-05-19T13:42:07 COLMAP[chunk_07_mapper_initial] I20260519 13:42:07.236135 13609 incremental_pipeline.cc:524] Registering image #1189 (num_reg_frames=5)
2026-05-19T13:42:07 COLMAP[chunk_07_mapper_initial] I20260519 13:42:07.236160 13609 incremental_pipeline.cc:527] => Image sees 36 / 5998 points
2026-05-19T13:42:07 COLMAP[chunk_07_mapper_initial] I20260519 13:42:07.236186 13609 incremental_pipeline.cc:533] Registering image with structure-less fallback
2026-05-19T13:42:07 COLMAP[chunk_07_mapper_initial] I20260519 13:42:07.236209 13609 incremental_pipeline.cc:535] => Image sees 71 / 16089 correspondences
2026-05-19T13:42:07 COLMAP[chunk_07_mapper_initial] I20260519 13:42:07.237004 13609 incremental_pipeline.cc:550] => Could not register, trying another image.
2026-05-19T13:42:07 COLMAP[chunk_07_mapper_initial] I20260519 13:42:07.237038 13609 incremental_pipeline.cc:78] Retriangulation and Global bundle adjustment
2026-05-19T13:42:07 COLMAP[chunk_07_mapper_initial] I20260519 13:42:07.386354 13609 incremental_pipeline.cc:524] Registering image #113 (num_reg_frames=5)
2026-05-19T13:42:07 COLMAP[chunk_07_mapper_initial] I20260519 13:42:07.386502 13609 incremental_pipeline.cc:527] => Image sees 231 / 4246 points
2026-05-19T13:42:07 COLMAP[chunk_07_mapper_initial] I20260519 13:42:07.409006 13609 incremental_pipeline.cc:550] => Could not register, trying another image.
2026-05-19T13:42:07 COLMAP[chunk_07_mapper_initial] I20260519 13:42:07.409126 13609 incremental_pipeline.cc:524] Registering image #110 (num_reg_frames=5)
2026-05-19T13:42:07 COLMAP[chunk_07_mapper_initial] I20260519 13:42:07.409204 13609 incremental_pipeline.cc:527] => Image sees 59 / 5205 points
2026-05-19T13:42:07 COLMAP[chunk_07_mapper_initial] I20260519 13:42:07.417914 13609 incremental_pipeline.cc:550] => Could not register, trying another image.
2026-05-19T13:42:07 COLMAP[chunk_07_mapper_initial] I20260519 13:42:07.417999 13609 incremental_pipeline.cc:524] Registering image #1189 (num_reg_frames=5)
2026-05-19T13:42:07 COLMAP[chunk_07_mapper_initial] I20260519 13:42:07.418028 13609 incremental_pipeline.cc:527] => Image sees 36 / 5998 points
2026-05-19T13:42:07 COLMAP[chunk_07_mapper_initial] I20260519 13:42:07.424602 13609 incremental_pipeline.cc:550] => Could not register, trying another image.
2026-05-19T13:42:07 COLMAP[chunk_07_mapper_initial] I20260519 13:42:07.424721 13609 incremental_pipeline.cc:524] Registering image #113 (num_reg_frames=5)
2026-05-19T13:42:07 COLMAP[chunk_07_mapper_initial] I20260519 13:42:07.424757 13609 incremental_pipeline.cc:527] => Image sees 231 / 4246 points
2026-05-19T13:42:07 COLMAP[chunk_07_mapper_initial] I20260519 13:42:07.424782 13609 incremental_pipeline.cc:533] Registering image with structure-less fallback
2026-05-19T13:42:07 COLMAP[chunk_07_mapper_initial] I20260519 13:42:07.424808 13609 incremental_pipeline.cc:535] => Image sees 425 / 8082 correspondences
2026-05-19T13:42:16 COLMAP[chunk_07_mapper_initial] I20260519 13:42:15.956916 13609 incremental_pipeline.cc:550] => Could not register, trying another image.
2026-05-19T13:42:16 COLMAP[chunk_07_mapper_initial] I20260519 13:42:15.956998 13609 incremental_pipeline.cc:524] Registering image #110 (num_reg_frames=5)
2026-05-19T13:42:16 COLMAP[chunk_07_mapper_initial] I20260519 13:42:15.957016 13609 incremental_pipeline.cc:527] => Image sees 59 / 5205 points
2026-05-19T13:42:16 COLMAP[chunk_07_mapper_initial] I20260519 13:42:15.957029 13609 incremental_pipeline.cc:533] Registering image with structure-less fallback
2026-05-19T13:42:16 COLMAP[chunk_07_mapper_initial] I20260519 13:42:15.957039 13609 incremental_pipeline.cc:535] => Image sees 130 / 9354 correspondences
2026-05-19T13:42:16 COLMAP[chunk_07_mapper_initial] I20260519 13:42:15.957661 13609 incremental_pipeline.cc:550] => Could not register, trying another image.
2026-05-19T13:42:16 COLMAP[chunk_07_mapper_initial] I20260519 13:42:15.957718 13609 incremental_pipeline.cc:524] Registering image #1189 (num_reg_frames=5)
2026-05-19T13:42:16 COLMAP[chunk_07_mapper_initial] I20260519 13:42:15.957747 13609 incremental_pipeline.cc:527] => Image sees 36 / 5998 points
2026-05-19T13:42:16 COLMAP[chunk_07_mapper_initial] I20260519 13:42:15.957773 13609 incremental_pipeline.cc:533] Registering image with structure-less fallback
2026-05-19T13:42:16 COLMAP[chunk_07_mapper_initial] I20260519 13:42:15.957796 13609 incremental_pipeline.cc:535] => Image sees 71 / 16089 correspondences
2026-05-19T13:42:16 COLMAP[chunk_07_mapper_initial] I20260519 13:42:15.958603 13609 incremental_pipeline.cc:550] => Could not register, trying another image.
2026-05-19T13:42:16 COLMAP[chunk_07_mapper_initial] W20260519 13:42:15.958638 13609 incremental_pipeline.cc:705] Discarding reconstruction due to insufficient size
2026-05-19T13:42:16 COLMAP[chunk_07_mapper_initial] I20260519 13:42:15.993798 13609 incremental_pipeline.cc:377] Finding good initial image pair
2026-05-19T13:42:16 COLMAP[chunk_07_mapper_initial] I20260519 13:42:16.053309 13609 incremental_pipeline.cc:401] Registering initial image pair #92 and #90
2026-05-19T13:42:16 COLMAP[chunk_07_mapper_initial] I20260519 13:42:16.069756 13609 incremental_pipeline.cc:419] Global bundle adjustment
2026-05-19T13:42:16 COLMAP[chunk_07_mapper_initial] I20260519 13:42:16.396957 13609 incremental_pipeline.cc:524] Registering image #91 (num_reg_frames=2)
2026-05-19T13:42:16 COLMAP[chunk_07_mapper_initial] I20260519 13:42:16.397011 13609 incremental_pipeline.cc:527] => Image sees 1651 / 7205 points
2026-05-19T13:42:17 COLMAP[chunk_07_mapper_initial] I20260519 13:42:17.232088 13609 incremental_pipeline.cc:78] Retriangulation and Global bundle adjustment
2026-05-19T13:42:18 COLMAP[chunk_07_mapper_initial] I20260519 13:42:17.826083 13609 incremental_pipeline.cc:524] Registering image #93 (num_reg_frames=3)
2026-05-19T13:42:18 COLMAP[chunk_07_mapper_initial] I20260519 13:42:17.826133 13609 incremental_pipeline.cc:527] => Image sees 3050 / 7056 points
2026-05-19T13:42:19 COLMAP[chunk_07_mapper_initial] I20260519 13:42:19.120383 13609 incremental_pipeline.cc:78] Retriangulation and Global bundle adjustment
2026-05-19T13:42:20 COLMAP[chunk_07_mapper_initial] I20260519 13:42:20.421883 13609 incremental_pipeline.cc:524] Registering image #94 (num_reg_frames=4)
2026-05-19T13:42:20 COLMAP[chunk_07_mapper_initial] I20260519 13:42:20.421938 13609 incremental_pipeline.cc:527] => Image sees 3730 / 6590 points
2026-05-19T13:42:22 COLMAP[chunk_07_mapper_initial] I20260519 13:42:22.049448 13609 incremental_pipeline.cc:78] Retriangulation and Global bundle adjustment
2026-05-19T13:42:22 COLMAP[chunk_07_mapper_initial] I20260519 13:42:22.512781 13609 incremental_pipeline.cc:524] Registering image #113 (num_reg_frames=5)
2026-05-19T13:42:22 COLMAP[chunk_07_mapper_initial] I20260519 13:42:22.512835 13609 incremental_pipeline.cc:527] => Image sees 240 / 4246 points
2026-05-19T13:42:22 COLMAP[chunk_07_mapper_initial] I20260519 13:42:22.528605 13609 incremental_pipeline.cc:550] => Could not register, trying another image.
2026-05-19T13:42:22 COLMAP[chunk_07_mapper_initial] I20260519 13:42:22.528637 13609 incremental_pipeline.cc:524] Registering image #110 (num_reg_frames=5)
2026-05-19T13:42:22 COLMAP[chunk_07_mapper_initial] I20260519 13:42:22.528647 13609 incremental_pipeline.cc:527] => Image sees 65 / 5205 points
2026-05-19T13:42:22 COLMAP[chunk_07_mapper_initial] I20260519 13:42:22.534822 13609 incremental_pipeline.cc:550] => Could not register, trying another image.
2026-05-19T13:42:22 COLMAP[chunk_07_mapper_initial] I20260519 13:42:22.534847 13609 incremental_pipeline.cc:524] Registering image #1189 (num_reg_frames=5)
2026-05-19T13:42:22 COLMAP[chunk_07_mapper_initial] I20260519 13:42:22.534855 13609 incremental_pipeline.cc:527] => Image sees 35 / 5998 points
2026-05-19T13:42:22 COLMAP[chunk_07_mapper_initial] I20260519 13:42:22.538991 13609 incremental_pipeline.cc:550] => Could not register, trying another image.
2026-05-19T13:42:22 COLMAP[chunk_07_mapper_initial] I20260519 13:42:22.539044 13609 incremental_pipeline.cc:524] Registering image #113 (num_reg_frames=5)
2026-05-19T13:42:22 COLMAP[chunk_07_mapper_initial] I20260519 13:42:22.539062 13609 incremental_pipeline.cc:527] => Image sees 240 / 4246 points
2026-05-19T13:42:22 COLMAP[chunk_07_mapper_initial] I20260519 13:42:22.539074 13609 incremental_pipeline.cc:533] Registering image with structure-less fallback
2026-05-19T13:42:22 COLMAP[chunk_07_mapper_initial] I20260519 13:42:22.539085 13609 incremental_pipeline.cc:535] => Image sees 425 / 8082 correspondences
2026-05-19T13:42:31 COLMAP[chunk_07_mapper_initial] I20260519 13:42:31.135718 13609 incremental_pipeline.cc:550] => Could not register, trying another image.
2026-05-19T13:42:31 COLMAP[chunk_07_mapper_initial] I20260519 13:42:31.135867 13609 incremental_pipeline.cc:524] Registering image #110 (num_reg_frames=5)
2026-05-19T13:42:31 COLMAP[chunk_07_mapper_initial] I20260519 13:42:31.135905 13609 incremental_pipeline.cc:527] => Image sees 65 / 5205 points
2026-05-19T13:42:31 COLMAP[chunk_07_mapper_initial] I20260519 13:42:31.135936 13609 incremental_pipeline.cc:533] Registering image with structure-less fallback
2026-05-19T13:42:31 COLMAP[chunk_07_mapper_initial] I20260519 13:42:31.135969 13609 incremental_pipeline.cc:535] => Image sees 130 / 9354 correspondences
2026-05-19T13:42:31 COLMAP[chunk_07_mapper_initial] I20260519 13:42:31.136588 13609 incremental_pipeline.cc:550] => Could not register, trying another image.
2026-05-19T13:42:31 COLMAP[chunk_07_mapper_initial] I20260519 13:42:31.136653 13609 incremental_pipeline.cc:524] Registering image #1189 (num_reg_frames=5)
2026-05-19T13:42:31 COLMAP[chunk_07_mapper_initial] I20260519 13:42:31.136688 13609 incremental_pipeline.cc:527] => Image sees 35 / 5998 points
2026-05-19T13:42:31 COLMAP[chunk_07_mapper_initial] I20260519 13:42:31.136719 13609 incremental_pipeline.cc:533] Registering image with structure-less fallback
2026-05-19T13:42:31 COLMAP[chunk_07_mapper_initial] I20260519 13:42:31.136752 13609 incremental_pipeline.cc:535] => Image sees 71 / 16089 correspondences
2026-05-19T13:42:31 COLMAP[chunk_07_mapper_initial] I20260519 13:42:31.137563 13609 incremental_pipeline.cc:550] => Could not register, trying another image.
2026-05-19T13:42:31 COLMAP[chunk_07_mapper_initial] I20260519 13:42:31.137624 13609 incremental_pipeline.cc:78] Retriangulation and Global bundle adjustment
2026-05-19T13:42:31 COLMAP[chunk_07_mapper_initial] I20260519 13:42:31.509109 13609 incremental_pipeline.cc:524] Registering image #113 (num_reg_frames=5)
2026-05-19T13:42:31 COLMAP[chunk_07_mapper_initial] I20260519 13:42:31.509171 13609 incremental_pipeline.cc:527] => Image sees 240 / 4246 points
2026-05-19T13:42:31 COLMAP[chunk_07_mapper_initial] I20260519 13:42:31.524219 13609 incremental_pipeline.cc:550] => Could not register, trying another image.
2026-05-19T13:42:31 COLMAP[chunk_07_mapper_initial] I20260519 13:42:31.524271 13609 incremental_pipeline.cc:524] Registering image #110 (num_reg_frames=5)
2026-05-19T13:42:31 COLMAP[chunk_07_mapper_initial] I20260519 13:42:31.524283 13609 incremental_pipeline.cc:527] => Image sees 65 / 5205 points
2026-05-19T13:42:31 COLMAP[chunk_07_mapper_initial] I20260519 13:42:31.530704 13609 incremental_pipeline.cc:550] => Could not register, trying another image.
2026-05-19T13:42:31 COLMAP[chunk_07_mapper_initial] I20260519 13:42:31.530736 13609 incremental_pipeline.cc:524] Registering image #1189 (num_reg_frames=5)
2026-05-19T13:42:31 COLMAP[chunk_07_mapper_initial] I20260519 13:42:31.530745 13609 incremental_pipeline.cc:527] => Image sees 35 / 5998 points
2026-05-19T13:42:31 COLMAP[chunk_07_mapper_initial] I20260519 13:42:31.535426 13609 incremental_pipeline.cc:550] => Could not register, trying another image.
2026-05-19T13:42:31 COLMAP[chunk_07_mapper_initial] I20260519 13:42:31.535486 13609 incremental_pipeline.cc:524] Registering image #113 (num_reg_frames=5)
2026-05-19T13:42:31 COLMAP[chunk_07_mapper_initial] I20260519 13:42:31.535504 13609 incremental_pipeline.cc:527] => Image sees 240 / 4246 points
2026-05-19T13:42:31 COLMAP[chunk_07_mapper_initial] I20260519 13:42:31.535516 13609 incremental_pipeline.cc:533] Registering image with structure-less fallback
2026-05-19T13:42:31 COLMAP[chunk_07_mapper_initial] I20260519 13:42:31.535526 13609 incremental_pipeline.cc:535] => Image sees 425 / 8082 correspondences
2026-05-19T13:42:40 COLMAP[chunk_07_mapper_initial] I20260519 13:42:40.166527 13609 incremental_pipeline.cc:550] => Could not register, trying another image.
2026-05-19T13:42:40 COLMAP[chunk_07_mapper_initial] I20260519 13:42:40.166687 13609 incremental_pipeline.cc:524] Registering image #110 (num_reg_frames=5)
2026-05-19T13:42:40 COLMAP[chunk_07_mapper_initial] I20260519 13:42:40.166729 13609 incremental_pipeline.cc:527] => Image sees 65 / 5205 points
2026-05-19T13:42:40 COLMAP[chunk_07_mapper_initial] I20260519 13:42:40.166759 13609 incremental_pipeline.cc:533] Registering image with structure-less fallback
2026-05-19T13:42:40 COLMAP[chunk_07_mapper_initial] I20260519 13:42:40.166787 13609 incremental_pipeline.cc:535] => Image sees 130 / 9354 correspondences
2026-05-19T13:42:40 COLMAP[chunk_07_mapper_initial] I20260519 13:42:40.167411 13609 incremental_pipeline.cc:550] => Could not register, trying another image.
2026-05-19T13:42:40 COLMAP[chunk_07_mapper_initial] I20260519 13:42:40.167446 13609 incremental_pipeline.cc:524] Registering image #1189 (num_reg_frames=5)
2026-05-19T13:42:40 COLMAP[chunk_07_mapper_initial] I20260519 13:42:40.167474 13609 incremental_pipeline.cc:527] => Image sees 35 / 5998 points
2026-05-19T13:42:40 COLMAP[chunk_07_mapper_initial] I20260519 13:42:40.167497 13609 incremental_pipeline.cc:533] Registering image with structure-less fallback
2026-05-19T13:42:40 COLMAP[chunk_07_mapper_initial] I20260519 13:42:40.167520 13609 incremental_pipeline.cc:535] => Image sees 71 / 16089 correspondences
2026-05-19T13:42:40 COLMAP[chunk_07_mapper_initial] I20260519 13:42:40.168334 13609 incremental_pipeline.cc:550] => Could not register, trying another image.
2026-05-19T13:42:40 COLMAP[chunk_07_mapper_initial] W20260519 13:42:40.168377 13609 incremental_pipeline.cc:705] Discarding reconstruction due to insufficient size
2026-05-19T13:42:40 COLMAP[chunk_07_mapper_initial] I20260519 13:42:40.205281 13609 incremental_pipeline.cc:377] Finding good initial image pair
2026-05-19T13:42:40 COLMAP[chunk_07_mapper_initial] I20260519 13:42:40.240978 13609 incremental_pipeline.cc:401] Registering initial image pair #91 and #90
2026-05-19T13:42:40 COLMAP[chunk_07_mapper_initial] I20260519 13:42:40.257272 13609 incremental_pipeline.cc:419] Global bundle adjustment
2026-05-19T13:42:40 COLMAP[chunk_07_mapper_initial] I20260519 13:42:40.593086 13609 incremental_pipeline.cc:524] Registering image #92 (num_reg_frames=2)
2026-05-19T13:42:40 COLMAP[chunk_07_mapper_initial] I20260519 13:42:40.593144 13609 incremental_pipeline.cc:527] => Image sees 1441 / 7342 points
2026-05-19T13:42:41 COLMAP[chunk_07_mapper_initial] I20260519 13:42:41.411502 13609 incremental_pipeline.cc:78] Retriangulation and Global bundle adjustment
2026-05-19T13:42:42 COLMAP[chunk_07_mapper_initial] I20260519 13:42:41.745038 13609 incremental_pipeline.cc:524] Registering image #93 (num_reg_frames=3)
2026-05-19T13:42:42 COLMAP[chunk_07_mapper_initial] I20260519 13:42:41.745100 13609 incremental_pipeline.cc:527] => Image sees 3049 / 7056 points
2026-05-19T13:42:43 COLMAP[chunk_07_mapper_initial] I20260519 13:42:43.166692 13609 incremental_pipeline.cc:78] Retriangulation and Global bundle adjustment
2026-05-19T13:42:45 COLMAP[chunk_07_mapper_initial] I20260519 13:42:44.673164 13609 incremental_pipeline.cc:524] Registering image #94 (num_reg_frames=4)
2026-05-19T13:42:45 COLMAP[chunk_07_mapper_initial] I20260519 13:42:44.673221 13609 incremental_pipeline.cc:527] => Image sees 3801 / 6590 points
2026-05-19T13:42:46 COLMAP[chunk_07_mapper_initial] I20260519 13:42:46.339748 13609 incremental_pipeline.cc:78] Retriangulation and Global bundle adjustment
2026-05-19T13:42:47 COLMAP[chunk_07_mapper_initial] I20260519 13:42:46.812098 13609 incremental_pipeline.cc:524] Registering image #113 (num_reg_frames=5)
2026-05-19T13:42:47 COLMAP[chunk_07_mapper_initial] I20260519 13:42:46.812155 13609 incremental_pipeline.cc:527] => Image sees 241 / 4246 points
2026-05-19T13:42:47 COLMAP[chunk_07_mapper_initial] I20260519 13:42:46.827723 13609 incremental_pipeline.cc:550] => Could not register, trying another image.
2026-05-19T13:42:47 COLMAP[chunk_07_mapper_initial] I20260519 13:42:46.827762 13609 incremental_pipeline.cc:524] Registering image #110 (num_reg_frames=5)
2026-05-19T13:42:47 COLMAP[chunk_07_mapper_initial] I20260519 13:42:46.827772 13609 incremental_pipeline.cc:527] => Image sees 75 / 5205 points
2026-05-19T13:42:47 COLMAP[chunk_07_mapper_initial] I20260519 13:42:46.834429 13609 incremental_pipeline.cc:550] => Could not register, trying another image.
2026-05-19T13:42:47 COLMAP[chunk_07_mapper_initial] I20260519 13:42:46.834457 13609 incremental_pipeline.cc:524] Registering image #1189 (num_reg_frames=5)
2026-05-19T13:42:47 COLMAP[chunk_07_mapper_initial] I20260519 13:42:46.834466 13609 incremental_pipeline.cc:527] => Image sees 35 / 5998 points
2026-05-19T13:42:47 COLMAP[chunk_07_mapper_initial] I20260519 13:42:46.838557 13609 incremental_pipeline.cc:550] => Could not register, trying another image.
2026-05-19T13:42:47 COLMAP[chunk_07_mapper_initial] I20260519 13:42:46.838610 13609 incremental_pipeline.cc:524] Registering image #113 (num_reg_frames=5)
2026-05-19T13:42:47 COLMAP[chunk_07_mapper_initial] I20260519 13:42:46.838625 13609 incremental_pipeline.cc:527] => Image sees 241 / 4246 points
2026-05-19T13:42:47 COLMAP[chunk_07_mapper_initial] I20260519 13:42:46.838636 13609 incremental_pipeline.cc:533] Registering image with structure-less fallback
2026-05-19T13:42:47 COLMAP[chunk_07_mapper_initial] I20260519 13:42:46.838645 13609 incremental_pipeline.cc:535] => Image sees 425 / 8082 correspondences
2026-05-19T13:42:55 COLMAP[chunk_07_mapper_initial] I20260519 13:42:55.632404 13609 incremental_pipeline.cc:550] => Could not register, trying another image.
2026-05-19T13:42:55 COLMAP[chunk_07_mapper_initial] I20260519 13:42:55.632546 13609 incremental_pipeline.cc:524] Registering image #110 (num_reg_frames=5)
2026-05-19T13:42:55 COLMAP[chunk_07_mapper_initial] I20260519 13:42:55.632588 13609 incremental_pipeline.cc:527] => Image sees 75 / 5205 points
2026-05-19T13:42:55 COLMAP[chunk_07_mapper_initial] I20260519 13:42:55.632618 13609 incremental_pipeline.cc:533] Registering image with structure-less fallback
2026-05-19T13:42:55 COLMAP[chunk_07_mapper_initial] I20260519 13:42:55.632647 13609 incremental_pipeline.cc:535] => Image sees 130 / 9354 correspondences
2026-05-19T13:42:55 COLMAP[chunk_07_mapper_initial] I20260519 13:42:55.633261 13609 incremental_pipeline.cc:550] => Could not register, trying another image.
2026-05-19T13:42:55 COLMAP[chunk_07_mapper_initial] I20260519 13:42:55.633294 13609 incremental_pipeline.cc:524] Registering image #1189 (num_reg_frames=5)
2026-05-19T13:42:55 COLMAP[chunk_07_mapper_initial] I20260519 13:42:55.633322 13609 incremental_pipeline.cc:527] => Image sees 35 / 5998 points
2026-05-19T13:42:55 COLMAP[chunk_07_mapper_initial] I20260519 13:42:55.633345 13609 incremental_pipeline.cc:533] Registering image with structure-less fallback
2026-05-19T13:42:55 COLMAP[chunk_07_mapper_initial] I20260519 13:42:55.633369 13609 incremental_pipeline.cc:535] => Image sees 71 / 16089 correspondences
2026-05-19T13:42:55 COLMAP[chunk_07_mapper_initial] I20260519 13:42:55.634186 13609 incremental_pipeline.cc:550] => Could not register, trying another image.
2026-05-19T13:42:55 COLMAP[chunk_07_mapper_initial] I20260519 13:42:55.634224 13609 incremental_pipeline.cc:78] Retriangulation and Global bundle adjustment
2026-05-19T13:42:56 COLMAP[chunk_07_mapper_initial] I20260519 13:42:55.772596 13609 incremental_pipeline.cc:524] Registering image #113 (num_reg_frames=5)
2026-05-19T13:42:56 COLMAP[chunk_07_mapper_initial] I20260519 13:42:55.772740 13609 incremental_pipeline.cc:527] => Image sees 241 / 4246 points
2026-05-19T13:42:56 COLMAP[chunk_07_mapper_initial] I20260519 13:42:55.796705 13609 incremental_pipeline.cc:550] => Could not register, trying another image.
2026-05-19T13:42:56 COLMAP[chunk_07_mapper_initial] I20260519 13:42:55.796751 13609 incremental_pipeline.cc:524] Registering image #110 (num_reg_frames=5)
2026-05-19T13:42:56 COLMAP[chunk_07_mapper_initial] I20260519 13:42:55.796763 13609 incremental_pipeline.cc:527] => Image sees 75 / 5205 points
2026-05-19T13:42:56 COLMAP[chunk_07_mapper_initial] I20260519 13:42:55.804282 13609 incremental_pipeline.cc:550] => Could not register, trying another image.
2026-05-19T13:42:56 COLMAP[chunk_07_mapper_initial] I20260519 13:42:55.804317 13609 incremental_pipeline.cc:524] Registering image #1189 (num_reg_frames=5)
2026-05-19T13:42:56 COLMAP[chunk_07_mapper_initial] I20260519 13:42:55.804328 13609 incremental_pipeline.cc:527] => Image sees 35 / 5998 points
2026-05-19T13:42:56 COLMAP[chunk_07_mapper_initial] I20260519 13:42:55.808739 13609 incremental_pipeline.cc:550] => Could not register, trying another image.
2026-05-19T13:42:56 COLMAP[chunk_07_mapper_initial] I20260519 13:42:55.808786 13609 incremental_pipeline.cc:524] Registering image #113 (num_reg_frames=5)
2026-05-19T13:42:56 COLMAP[chunk_07_mapper_initial] I20260519 13:42:55.808797 13609 incremental_pipeline.cc:527] => Image sees 241 / 4246 points
2026-05-19T13:42:56 COLMAP[chunk_07_mapper_initial] I20260519 13:42:55.808808 13609 incremental_pipeline.cc:533] Registering image with structure-less fallback
2026-05-19T13:42:56 COLMAP[chunk_07_mapper_initial] I20260519 13:42:55.808818 13609 incremental_pipeline.cc:535] => Image sees 425 / 8082 correspondences
2026-05-19T13:43:04 COLMAP[chunk_07_mapper_initial] I20260519 13:43:04.498893 13609 incremental_pipeline.cc:550] => Could not register, trying another image.
2026-05-19T13:43:04 COLMAP[chunk_07_mapper_initial] I20260519 13:43:04.498956 13609 incremental_pipeline.cc:524] Registering image #110 (num_reg_frames=5)
2026-05-19T13:43:04 COLMAP[chunk_07_mapper_initial] I20260519 13:43:04.498975 13609 incremental_pipeline.cc:527] => Image sees 75 / 5205 points
2026-05-19T13:43:04 COLMAP[chunk_07_mapper_initial] I20260519 13:43:04.499030 13609 incremental_pipeline.cc:533] Registering image with structure-less fallback
2026-05-19T13:43:04 COLMAP[chunk_07_mapper_initial] I20260519 13:43:04.499042 13609 incremental_pipeline.cc:535] => Image sees 130 / 9354 correspondences
2026-05-19T13:43:04 COLMAP[chunk_07_mapper_initial] I20260519 13:43:04.499651 13609 incremental_pipeline.cc:550] => Could not register, trying another image.
2026-05-19T13:43:04 COLMAP[chunk_07_mapper_initial] I20260519 13:43:04.499737 13609 incremental_pipeline.cc:524] Registering image #1189 (num_reg_frames=5)
2026-05-19T13:43:04 COLMAP[chunk_07_mapper_initial] I20260519 13:43:04.499773 13609 incremental_pipeline.cc:527] => Image sees 35 / 5998 points
2026-05-19T13:43:04 COLMAP[chunk_07_mapper_initial] I20260519 13:43:04.499800 13609 incremental_pipeline.cc:533] Registering image with structure-less fallback
2026-05-19T13:43:04 COLMAP[chunk_07_mapper_initial] I20260519 13:43:04.499836 13609 incremental_pipeline.cc:535] => Image sees 71 / 16089 correspondences
2026-05-19T13:43:04 COLMAP[chunk_07_mapper_initial] I20260519 13:43:04.500654 13609 incremental_pipeline.cc:550] => Could not register, trying another image.
2026-05-19T13:43:04 COLMAP[chunk_07_mapper_initial] W20260519 13:43:04.500694 13609 incremental_pipeline.cc:705] Discarding reconstruction due to insufficient size
2026-05-19T13:43:04 COLMAP[chunk_07_mapper_initial] I20260519 13:43:04.536614 13609 incremental_pipeline.cc:377] Finding good initial image pair
2026-05-19T13:43:04 COLMAP[chunk_07_mapper_initial] I20260519 13:43:04.540138 13609 incremental_pipeline.cc:381] => No good initial image pair found.
2026-05-19T13:43:04 COLMAP[chunk_07_mapper_initial] I20260519 13:43:04.540169 13609 incremental_pipeline.cc:684] Discarding reconstruction due to no initial pair
2026-05-19T13:43:04 COLMAP[chunk_07_mapper_initial] I20260519 13:43:04.540676 13609 incremental_pipeline.cc:354] => Relaxing the initialization constraints.
2026-05-19T13:43:04 COLMAP[chunk_07_mapper_initial] I20260519 13:43:04.554641 13609 incremental_pipeline.cc:377] Finding good initial image pair
2026-05-19T13:43:05 COLMAP[chunk_07_mapper_initial] I20260519 13:43:04.672430 13609 incremental_pipeline.cc:401] Registering initial image pair #92 and #93
2026-05-19T13:43:05 COLMAP[chunk_07_mapper_initial] I20260519 13:43:04.697247 13609 incremental_pipeline.cc:419] Global bundle adjustment
2026-05-19T13:43:05 COLMAP[chunk_07_mapper_initial] I20260519 13:43:05.586316 13609 incremental_pipeline.cc:524] Registering image #91 (num_reg_frames=2)
2026-05-19T13:43:05 COLMAP[chunk_07_mapper_initial] I20260519 13:43:05.586369 13609 incremental_pipeline.cc:527] => Image sees 2678 / 7205 points
2026-05-19T13:43:06 COLMAP[chunk_07_mapper_initial] I20260519 13:43:06.227617 13609 incremental_pipeline.cc:78] Retriangulation and Global bundle adjustment
2026-05-19T13:43:08 COLMAP[chunk_07_mapper_initial] I20260519 13:43:07.869171 13609 incremental_pipeline.cc:524] Registering image #94 (num_reg_frames=3)
2026-05-19T13:43:08 COLMAP[chunk_07_mapper_initial] I20260519 13:43:07.869227 13609 incremental_pipeline.cc:527] => Image sees 3181 / 6590 points
2026-05-19T13:43:09 COLMAP[chunk_07_mapper_initial] I20260519 13:43:09.139143 13609 incremental_pipeline.cc:78] Retriangulation and Global bundle adjustment
2026-05-19T13:43:09 COLMAP[chunk_07_mapper_initial] I20260519 13:43:09.594403 13609 incremental_pipeline.cc:524] Registering image #90 (num_reg_frames=4)
2026-05-19T13:43:09 COLMAP[chunk_07_mapper_initial] I20260519 13:43:09.594448 13609 incremental_pipeline.cc:527] => Image sees 1350 / 2969 points
2026-05-19T13:43:11 COLMAP[chunk_07_mapper_initial] I20260519 13:43:10.790957 13609 incremental_pipeline.cc:78] Retriangulation and Global bundle adjustment
2026-05-19T13:43:11 COLMAP[chunk_07_mapper_initial] I20260519 13:43:11.195729 13609 incremental_pipeline.cc:524] Registering image #113 (num_reg_frames=5)
2026-05-19T13:43:11 COLMAP[chunk_07_mapper_initial] I20260519 13:43:11.195781 13609 incremental_pipeline.cc:527] => Image sees 231 / 4246 points
2026-05-19T13:43:11 COLMAP[chunk_07_mapper_initial] I20260519 13:43:11.210986 13609 incremental_pipeline.cc:550] => Could not register, trying another image.
2026-05-19T13:43:11 COLMAP[chunk_07_mapper_initial] I20260519 13:43:11.211017 13609 incremental_pipeline.cc:524] Registering image #110 (num_reg_frames=5)
2026-05-19T13:43:11 COLMAP[chunk_07_mapper_initial] I20260519 13:43:11.211026 13609 incremental_pipeline.cc:527] => Image sees 59 / 5205 points
2026-05-19T13:43:11 COLMAP[chunk_07_mapper_initial] I20260519 13:43:11.216733 13609 incremental_pipeline.cc:550] => Could not register, trying another image.
2026-05-19T13:43:11 COLMAP[chunk_07_mapper_initial] I20260519 13:43:11.216754 13609 incremental_pipeline.cc:524] Registering image #1189 (num_reg_frames=5)
2026-05-19T13:43:11 COLMAP[chunk_07_mapper_initial] I20260519 13:43:11.216763 13609 incremental_pipeline.cc:527] => Image sees 36 / 5998 points
2026-05-19T13:43:11 COLMAP[chunk_07_mapper_initial] I20260519 13:43:11.220959 13609 incremental_pipeline.cc:550] => Could not register, trying another image.
2026-05-19T13:43:11 COLMAP[chunk_07_mapper_initial] I20260519 13:43:11.221006 13609 incremental_pipeline.cc:524] Registering image #113 (num_reg_frames=5)
2026-05-19T13:43:11 COLMAP[chunk_07_mapper_initial] I20260519 13:43:11.221027 13609 incremental_pipeline.cc:527] => Image sees 231 / 4246 points
2026-05-19T13:43:11 COLMAP[chunk_07_mapper_initial] I20260519 13:43:11.221038 13609 incremental_pipeline.cc:533] Registering image with structure-less fallback
2026-05-19T13:43:11 COLMAP[chunk_07_mapper_initial] I20260519 13:43:11.221047 13609 incremental_pipeline.cc:535] => Image sees 425 / 8082 correspondences
2026-05-19T13:43:20 COLMAP[chunk_07_mapper_initial] I20260519 13:43:20.082114 13609 incremental_pipeline.cc:550] => Could not register, trying another image.
2026-05-19T13:43:20 COLMAP[chunk_07_mapper_initial] I20260519 13:43:20.082286 13609 incremental_pipeline.cc:524] Registering image #110 (num_reg_frames=5)
2026-05-19T13:43:20 COLMAP[chunk_07_mapper_initial] I20260519 13:43:20.082324 13609 incremental_pipeline.cc:527] => Image sees 59 / 5205 points
2026-05-19T13:43:20 COLMAP[chunk_07_mapper_initial] I20260519 13:43:20.082351 13609 incremental_pipeline.cc:533] Registering image with structure-less fallback
2026-05-19T13:43:20 COLMAP[chunk_07_mapper_initial] I20260519 13:43:20.082376 13609 incremental_pipeline.cc:535] => Image sees 130 / 9354 correspondences
2026-05-19T13:43:20 COLMAP[chunk_07_mapper_initial] I20260519 13:43:20.082940 13609 incremental_pipeline.cc:550] => Could not register, trying another image.
2026-05-19T13:43:20 COLMAP[chunk_07_mapper_initial] I20260519 13:43:20.082973 13609 incremental_pipeline.cc:524] Registering image #1189 (num_reg_frames=5)
2026-05-19T13:43:20 COLMAP[chunk_07_mapper_initial] I20260519 13:43:20.082998 13609 incremental_pipeline.cc:527] => Image sees 36 / 5998 points
2026-05-19T13:43:20 COLMAP[chunk_07_mapper_initial] I20260519 13:43:20.083024 13609 incremental_pipeline.cc:533] Registering image with structure-less fallback
2026-05-19T13:43:20 COLMAP[chunk_07_mapper_initial] I20260519 13:43:20.083046 13609 incremental_pipeline.cc:535] => Image sees 71 / 16089 correspondences
2026-05-19T13:43:20 COLMAP[chunk_07_mapper_initial] I20260519 13:43:20.083850 13609 incremental_pipeline.cc:550] => Could not register, trying another image.
2026-05-19T13:43:20 COLMAP[chunk_07_mapper_initial] I20260519 13:43:20.083889 13609 incremental_pipeline.cc:78] Retriangulation and Global bundle adjustment
2026-05-19T13:43:20 COLMAP[chunk_07_mapper_initial] I20260519 13:43:20.219620 13609 incremental_pipeline.cc:524] Registering image #113 (num_reg_frames=5)
2026-05-19T13:43:20 COLMAP[chunk_07_mapper_initial] I20260519 13:43:20.219761 13609 incremental_pipeline.cc:527] => Image sees 231 / 4246 points
2026-05-19T13:43:20 COLMAP[chunk_07_mapper_initial] I20260519 13:43:20.242838 13609 incremental_pipeline.cc:550] => Could not register, trying another image.
2026-05-19T13:43:20 COLMAP[chunk_07_mapper_initial] I20260519 13:43:20.242937 13609 incremental_pipeline.cc:524] Registering image #110 (num_reg_frames=5)
2026-05-19T13:43:20 COLMAP[chunk_07_mapper_initial] I20260519 13:43:20.242967 13609 incremental_pipeline.cc:527] => Image sees 59 / 5205 points
2026-05-19T13:43:20 COLMAP[chunk_07_mapper_initial] I20260519 13:43:20.251179 13609 incremental_pipeline.cc:550] => Could not register, trying another image.
2026-05-19T13:43:20 COLMAP[chunk_07_mapper_initial] I20260519 13:43:20.251238 13609 incremental_pipeline.cc:524] Registering image #1189 (num_reg_frames=5)
2026-05-19T13:43:20 COLMAP[chunk_07_mapper_initial] I20260519 13:43:20.251268 13609 incremental_pipeline.cc:527] => Image sees 36 / 5998 points
2026-05-19T13:43:20 COLMAP[chunk_07_mapper_initial] I20260519 13:43:20.257782 13609 incremental_pipeline.cc:550] => Could not register, trying another image.
2026-05-19T13:43:20 COLMAP[chunk_07_mapper_initial] I20260519 13:43:20.257866 13609 incremental_pipeline.cc:524] Registering image #113 (num_reg_frames=5)
2026-05-19T13:43:20 COLMAP[chunk_07_mapper_initial] I20260519 13:43:20.257900 13609 incremental_pipeline.cc:527] => Image sees 231 / 4246 points
2026-05-19T13:43:20 COLMAP[chunk_07_mapper_initial] I20260519 13:43:20.257925 13609 incremental_pipeline.cc:533] Registering image with structure-less fallback
2026-05-19T13:43:20 COLMAP[chunk_07_mapper_initial] I20260519 13:43:20.257952 13609 incremental_pipeline.cc:535] => Image sees 425 / 8082 correspondences
2026-05-19T13:43:29 COLMAP[chunk_07_mapper_initial] I20260519 13:43:29.044736 13609 incremental_pipeline.cc:550] => Could not register, trying another image.
2026-05-19T13:43:29 COLMAP[chunk_07_mapper_initial] I20260519 13:43:29.044876 13609 incremental_pipeline.cc:524] Registering image #110 (num_reg_frames=5)
2026-05-19T13:43:29 COLMAP[chunk_07_mapper_initial] I20260519 13:43:29.044912 13609 incremental_pipeline.cc:527] => Image sees 59 / 5205 points
2026-05-19T13:43:29 COLMAP[chunk_07_mapper_initial] I20260519 13:43:29.044938 13609 incremental_pipeline.cc:533] Registering image with structure-less fallback
2026-05-19T13:43:29 COLMAP[chunk_07_mapper_initial] I20260519 13:43:29.044963 13609 incremental_pipeline.cc:535] => Image sees 130 / 9354 correspondences
2026-05-19T13:43:29 COLMAP[chunk_07_mapper_initial] I20260519 13:43:29.045542 13609 incremental_pipeline.cc:550] => Could not register, trying another image.
2026-05-19T13:43:29 COLMAP[chunk_07_mapper_initial] I20260519 13:43:29.045576 13609 incremental_pipeline.cc:524] Registering image #1189 (num_reg_frames=5)
2026-05-19T13:43:29 COLMAP[chunk_07_mapper_initial] I20260519 13:43:29.045603 13609 incremental_pipeline.cc:527] => Image sees 36 / 5998 points
2026-05-19T13:43:29 COLMAP[chunk_07_mapper_initial] I20260519 13:43:29.045627 13609 incremental_pipeline.cc:533] Registering image with structure-less fallback
2026-05-19T13:43:29 COLMAP[chunk_07_mapper_initial] I20260519 13:43:29.045650 13609 incremental_pipeline.cc:535] => Image sees 71 / 16089 correspondences
2026-05-19T13:43:29 COLMAP[chunk_07_mapper_initial] I20260519 13:43:29.046473 13609 incremental_pipeline.cc:550] => Could not register, trying another image.
2026-05-19T13:43:29 COLMAP[chunk_07_mapper_initial] W20260519 13:43:29.046516 13609 incremental_pipeline.cc:705] Discarding reconstruction due to insufficient size
2026-05-19T13:43:29 COLMAP[chunk_07_mapper_initial] I20260519 13:43:29.081590 13609 incremental_pipeline.cc:377] Finding good initial image pair
2026-05-19T13:43:29 COLMAP[chunk_07_mapper_initial] I20260519 13:43:29.135449 13609 incremental_pipeline.cc:401] Registering initial image pair #92 and #90
2026-05-19T13:43:29 COLMAP[chunk_07_mapper_initial] I20260519 13:43:29.151296 13609 incremental_pipeline.cc:419] Global bundle adjustment
2026-05-19T13:43:29 COLMAP[chunk_07_mapper_initial] I20260519 13:43:29.468508 13609 incremental_pipeline.cc:524] Registering image #91 (num_reg_frames=2)
2026-05-19T13:43:29 COLMAP[chunk_07_mapper_initial] I20260519 13:43:29.468564 13609 incremental_pipeline.cc:527] => Image sees 1660 / 7205 points
2026-05-19T13:43:30 COLMAP[chunk_07_mapper_initial] I20260519 13:43:29.997123 13609 incremental_pipeline.cc:78] Retriangulation and Global bundle adjustment
2026-05-19T13:43:30 COLMAP[chunk_07_mapper_initial] I20260519 13:43:30.593504 13609 incremental_pipeline.cc:524] Registering image #93 (num_reg_frames=3)
2026-05-19T13:43:30 COLMAP[chunk_07_mapper_initial] I20260519 13:43:30.593559 13609 incremental_pipeline.cc:527] => Image sees 3049 / 7056 points
2026-05-19T13:43:32 COLMAP[chunk_07_mapper_initial] I20260519 13:43:31.858805 13609 incremental_pipeline.cc:78] Retriangulation and Global bundle adjustment
2026-05-19T13:43:33 COLMAP[chunk_07_mapper_initial] I20260519 13:43:33.133401 13609 incremental_pipeline.cc:524] Registering image #94 (num_reg_frames=4)
2026-05-19T13:43:33 COLMAP[chunk_07_mapper_initial] I20260519 13:43:33.133453 13609 incremental_pipeline.cc:527] => Image sees 3709 / 6590 points
2026-05-19T13:43:35 COLMAP[chunk_07_mapper_initial] I20260519 13:43:34.746104 13609 incremental_pipeline.cc:78] Retriangulation and Global bundle adjustment
2026-05-19T13:43:35 COLMAP[chunk_07_mapper_initial] I20260519 13:43:35.206298 13609 incremental_pipeline.cc:524] Registering image #113 (num_reg_frames=5)
2026-05-19T13:43:35 COLMAP[chunk_07_mapper_initial] I20260519 13:43:35.206351 13609 incremental_pipeline.cc:527] => Image sees 239 / 4246 points
2026-05-19T13:43:35 COLMAP[chunk_07_mapper_initial] I20260519 13:43:35.221997 13609 incremental_pipeline.cc:550] => Could not register, trying another image.
2026-05-19T13:43:35 COLMAP[chunk_07_mapper_initial] I20260519 13:43:35.222028 13609 incremental_pipeline.cc:524] Registering image #110 (num_reg_frames=5)
2026-05-19T13:43:35 COLMAP[chunk_07_mapper_initial] I20260519 13:43:35.222038 13609 incremental_pipeline.cc:527] => Image sees 64 / 5205 points
2026-05-19T13:43:35 COLMAP[chunk_07_mapper_initial] I20260519 13:43:35.227901 13609 incremental_pipeline.cc:550] => Could not register, trying another image.
2026-05-19T13:43:35 COLMAP[chunk_07_mapper_initial] I20260519 13:43:35.227926 13609 incremental_pipeline.cc:524] Registering image #1189 (num_reg_frames=5)
2026-05-19T13:43:35 COLMAP[chunk_07_mapper_initial] I20260519 13:43:35.227936 13609 incremental_pipeline.cc:527] => Image sees 36 / 5998 points
2026-05-19T13:43:35 COLMAP[chunk_07_mapper_initial] I20260519 13:43:35.232172 13609 incremental_pipeline.cc:550] => Could not register, trying another image.
2026-05-19T13:43:35 COLMAP[chunk_07_mapper_initial] I20260519 13:43:35.232220 13609 incremental_pipeline.cc:524] Registering image #113 (num_reg_frames=5)
2026-05-19T13:43:35 COLMAP[chunk_07_mapper_initial] I20260519 13:43:35.232232 13609 incremental_pipeline.cc:527] => Image sees 239 / 4246 points
2026-05-19T13:43:35 COLMAP[chunk_07_mapper_initial] I20260519 13:43:35.232241 13609 incremental_pipeline.cc:533] Registering image with structure-less fallback
2026-05-19T13:43:35 COLMAP[chunk_07_mapper_initial] I20260519 13:43:35.232251 13609 incremental_pipeline.cc:535] => Image sees 425 / 8082 correspondences
2026-05-19T13:43:44 COLMAP[chunk_07_mapper_initial] I20260519 13:43:43.693416 13609 incremental_pipeline.cc:550] => Could not register, trying another image.
2026-05-19T13:43:44 COLMAP[chunk_07_mapper_initial] I20260519 13:43:43.693481 13609 incremental_pipeline.cc:524] Registering image #110 (num_reg_frames=5)
2026-05-19T13:43:44 COLMAP[chunk_07_mapper_initial] I20260519 13:43:43.693497 13609 incremental_pipeline.cc:527] => Image sees 64 / 5205 points
2026-05-19T13:43:44 COLMAP[chunk_07_mapper_initial] I20260519 13:43:43.693509 13609 incremental_pipeline.cc:533] Registering image with structure-less fallback
2026-05-19T13:43:44 COLMAP[chunk_07_mapper_initial] I20260519 13:43:43.693519 13609 incremental_pipeline.cc:535] => Image sees 130 / 9354 correspondences
2026-05-19T13:43:44 COLMAP[chunk_07_mapper_initial] I20260519 13:43:43.694067 13609 incremental_pipeline.cc:550] => Could not register, trying another image.
2026-05-19T13:43:44 COLMAP[chunk_07_mapper_initial] I20260519 13:43:43.694101 13609 incremental_pipeline.cc:524] Registering image #1189 (num_reg_frames=5)
2026-05-19T13:43:44 COLMAP[chunk_07_mapper_initial] I20260519 13:43:43.694114 13609 incremental_pipeline.cc:527] => Image sees 36 / 5998 points
2026-05-19T13:43:44 COLMAP[chunk_07_mapper_initial] I20260519 13:43:43.694124 13609 incremental_pipeline.cc:533] Registering image with structure-less fallback
2026-05-19T13:43:44 COLMAP[chunk_07_mapper_initial] I20260519 13:43:43.694140 13609 incremental_pipeline.cc:535] => Image sees 71 / 16089 correspondences
2026-05-19T13:43:44 COLMAP[chunk_07_mapper_initial] I20260519 13:43:43.694931 13609 incremental_pipeline.cc:550] => Could not register, trying another image.
2026-05-19T13:43:44 COLMAP[chunk_07_mapper_initial] I20260519 13:43:43.694957 13609 incremental_pipeline.cc:78] Retriangulation and Global bundle adjustment
2026-05-19T13:43:44 COLMAP[chunk_07_mapper_initial] I20260519 13:43:43.833289 13609 incremental_pipeline.cc:524] Registering image #113 (num_reg_frames=5)
2026-05-19T13:43:44 COLMAP[chunk_07_mapper_initial] I20260519 13:43:43.833348 13609 incremental_pipeline.cc:527] => Image sees 239 / 4246 points
2026-05-19T13:43:44 COLMAP[chunk_07_mapper_initial] I20260519 13:43:43.848372 13609 incremental_pipeline.cc:550] => Could not register, trying another image.
2026-05-19T13:43:44 COLMAP[chunk_07_mapper_initial] I20260519 13:43:43.848417 13609 incremental_pipeline.cc:524] Registering image #110 (num_reg_frames=5)
2026-05-19T13:43:44 COLMAP[chunk_07_mapper_initial] I20260519 13:43:43.848433 13609 incremental_pipeline.cc:527] => Image sees 64 / 5205 points
2026-05-19T13:43:44 COLMAP[chunk_07_mapper_initial] I20260519 13:43:43.854952 13609 incremental_pipeline.cc:550] => Could not register, trying another image.
2026-05-19T13:43:44 COLMAP[chunk_07_mapper_initial] I20260519 13:43:43.854981 13609 incremental_pipeline.cc:524] Registering image #1189 (num_reg_frames=5)
2026-05-19T13:43:44 COLMAP[chunk_07_mapper_initial] I20260519 13:43:43.854995 13609 incremental_pipeline.cc:527] => Image sees 36 / 5998 points
2026-05-19T13:43:44 COLMAP[chunk_07_mapper_initial] I20260519 13:43:43.859575 13609 incremental_pipeline.cc:550] => Could not register, trying another image.
2026-05-19T13:43:44 COLMAP[chunk_07_mapper_initial] I20260519 13:43:43.859639 13609 incremental_pipeline.cc:524] Registering image #113 (num_reg_frames=5)
2026-05-19T13:43:44 COLMAP[chunk_07_mapper_initial] I20260519 13:43:43.859690 13609 incremental_pipeline.cc:527] => Image sees 239 / 4246 points
2026-05-19T13:43:44 COLMAP[chunk_07_mapper_initial] I20260519 13:43:43.859722 13609 incremental_pipeline.cc:533] Registering image with structure-less fallback
2026-05-19T13:43:44 COLMAP[chunk_07_mapper_initial] I20260519 13:43:43.859752 13609 incremental_pipeline.cc:535] => Image sees 425 / 8082 correspondences
2026-05-19T13:43:52 COLMAP[chunk_07_mapper_initial] I20260519 13:43:52.382507 13609 incremental_pipeline.cc:550] => Could not register, trying another image.
2026-05-19T13:43:52 COLMAP[chunk_07_mapper_initial] I20260519 13:43:52.382663 13609 incremental_pipeline.cc:524] Registering image #110 (num_reg_frames=5)
2026-05-19T13:43:52 COLMAP[chunk_07_mapper_initial] I20260519 13:43:52.382701 13609 incremental_pipeline.cc:527] => Image sees 64 / 5205 points
2026-05-19T13:43:52 COLMAP[chunk_07_mapper_initial] I20260519 13:43:52.382728 13609 incremental_pipeline.cc:533] Registering image with structure-less fallback
2026-05-19T13:43:52 COLMAP[chunk_07_mapper_initial] I20260519 13:43:52.382752 13609 incremental_pipeline.cc:535] => Image sees 130 / 9354 correspondences
2026-05-19T13:43:52 COLMAP[chunk_07_mapper_initial] I20260519 13:43:52.383319 13609 incremental_pipeline.cc:550] => Could not register, trying another image.
2026-05-19T13:43:52 COLMAP[chunk_07_mapper_initial] I20260519 13:43:52.383374 13609 incremental_pipeline.cc:524] Registering image #1189 (num_reg_frames=5)
2026-05-19T13:43:52 COLMAP[chunk_07_mapper_initial] I20260519 13:43:52.383404 13609 incremental_pipeline.cc:527] => Image sees 36 / 5998 points
2026-05-19T13:43:52 COLMAP[chunk_07_mapper_initial] I20260519 13:43:52.383430 13609 incremental_pipeline.cc:533] Registering image with structure-less fallback
2026-05-19T13:43:52 COLMAP[chunk_07_mapper_initial] I20260519 13:43:52.383455 13609 incremental_pipeline.cc:535] => Image sees 71 / 16089 correspondences
2026-05-19T13:43:52 COLMAP[chunk_07_mapper_initial] I20260519 13:43:52.384265 13609 incremental_pipeline.cc:550] => Could not register, trying another image.
2026-05-19T13:43:52 COLMAP[chunk_07_mapper_initial] W20260519 13:43:52.389246 13609 incremental_pipeline.cc:705] Discarding reconstruction due to insufficient size
2026-05-19T13:43:52 COLMAP[chunk_07_mapper_initial] I20260519 13:43:52.427381 13609 incremental_pipeline.cc:377] Finding good initial image pair
2026-05-19T13:43:52 COLMAP[chunk_07_mapper_initial] I20260519 13:43:52.463887 13609 incremental_pipeline.cc:401] Registering initial image pair #91 and #90
2026-05-19T13:43:52 COLMAP[chunk_07_mapper_initial] I20260519 13:43:52.479278 13609 incremental_pipeline.cc:419] Global bundle adjustment
2026-05-19T13:43:53 COLMAP[chunk_07_mapper_initial] I20260519 13:43:52.839674 13609 incremental_pipeline.cc:524] Registering image #92 (num_reg_frames=2)
2026-05-19T13:43:53 COLMAP[chunk_07_mapper_initial] I20260519 13:43:52.839725 13609 incremental_pipeline.cc:527] => Image sees 1683 / 7342 points
2026-05-19T13:43:53 COLMAP[chunk_07_mapper_initial] I20260519 13:43:53.675331 13609 incremental_pipeline.cc:78] Retriangulation and Global bundle adjustment
2026-05-19T13:43:54 COLMAP[chunk_07_mapper_initial] I20260519 13:43:54.002641 13609 incremental_pipeline.cc:524] Registering image #93 (num_reg_frames=3)
2026-05-19T13:43:54 COLMAP[chunk_07_mapper_initial] I20260519 13:43:54.002697 13609 incremental_pipeline.cc:527] => Image sees 3052 / 7056 points
2026-05-19T13:43:55 COLMAP[chunk_07_mapper_initial] I20260519 13:43:55.325265 13609 incremental_pipeline.cc:78] Retriangulation and Global bundle adjustment
2026-05-19T13:43:56 COLMAP[chunk_07_mapper_initial] I20260519 13:43:56.555962 13609 incremental_pipeline.cc:524] Registering image #94 (num_reg_frames=4)
2026-05-19T13:43:56 COLMAP[chunk_07_mapper_initial] I20260519 13:43:56.556017 13609 incremental_pipeline.cc:527] => Image sees 3806 / 6590 points
2026-05-19T13:43:58 COLMAP[chunk_07_mapper_initial] I20260519 13:43:58.156777 13609 incremental_pipeline.cc:78] Retriangulation and Global bundle adjustment
2026-05-19T13:43:58 COLMAP[chunk_07_mapper_initial] I20260519 13:43:58.623477 13609 incremental_pipeline.cc:524] Registering image #113 (num_reg_frames=5)
2026-05-19T13:43:58 COLMAP[chunk_07_mapper_initial] I20260519 13:43:58.623530 13609 incremental_pipeline.cc:527] => Image sees 243 / 4246 points
2026-05-19T13:43:58 COLMAP[chunk_07_mapper_initial] I20260519 13:43:58.639262 13609 incremental_pipeline.cc:550] => Could not register, trying another image.
2026-05-19T13:43:58 COLMAP[chunk_07_mapper_initial] I20260519 13:43:58.639297 13609 incremental_pipeline.cc:524] Registering image #110 (num_reg_frames=5)
2026-05-19T13:43:58 COLMAP[chunk_07_mapper_initial] I20260519 13:43:58.639307 13609 incremental_pipeline.cc:527] => Image sees 75 / 5205 points
2026-05-19T13:43:58 COLMAP[chunk_07_mapper_initial] I20260519 13:43:58.645589 13609 incremental_pipeline.cc:550] => Could not register, trying another image.
2026-05-19T13:43:58 COLMAP[chunk_07_mapper_initial] I20260519 13:43:58.645614 13609 incremental_pipeline.cc:524] Registering image #1189 (num_reg_frames=5)
2026-05-19T13:43:58 COLMAP[chunk_07_mapper_initial] I20260519 13:43:58.645623 13609 incremental_pipeline.cc:527] => Image sees 35 / 5998 points
2026-05-19T13:43:58 COLMAP[chunk_07_mapper_initial] I20260519 13:43:58.649653 13609 incremental_pipeline.cc:550] => Could not register, trying another image.
2026-05-19T13:43:58 COLMAP[chunk_07_mapper_initial] I20260519 13:43:58.649715 13609 incremental_pipeline.cc:524] Registering image #113 (num_reg_frames=5)
2026-05-19T13:43:58 COLMAP[chunk_07_mapper_initial] I20260519 13:43:58.649731 13609 incremental_pipeline.cc:527] => Image sees 243 / 4246 points
2026-05-19T13:43:58 COLMAP[chunk_07_mapper_initial] I20260519 13:43:58.649742 13609 incremental_pipeline.cc:533] Registering image with structure-less fallback
2026-05-19T13:43:58 COLMAP[chunk_07_mapper_initial] I20260519 13:43:58.649751 13609 incremental_pipeline.cc:535] => Image sees 425 / 8082 correspondences
2026-05-19T13:44:07 COLMAP[chunk_07_mapper_initial] I20260519 13:44:07.278545 13609 incremental_pipeline.cc:550] => Could not register, trying another image.
2026-05-19T13:44:07 COLMAP[chunk_07_mapper_initial] I20260519 13:44:07.278613 13609 incremental_pipeline.cc:524] Registering image #110 (num_reg_frames=5)
2026-05-19T13:44:07 COLMAP[chunk_07_mapper_initial] I20260519 13:44:07.278630 13609 incremental_pipeline.cc:527] => Image sees 75 / 5205 points
2026-05-19T13:44:07 COLMAP[chunk_07_mapper_initial] I20260519 13:44:07.278643 13609 incremental_pipeline.cc:533] Registering image with structure-less fallback
2026-05-19T13:44:07 COLMAP[chunk_07_mapper_initial] I20260519 13:44:07.278654 13609 incremental_pipeline.cc:535] => Image sees 130 / 9354 correspondences
2026-05-19T13:44:07 COLMAP[chunk_07_mapper_initial] I20260519 13:44:07.279561 13609 incremental_pipeline.cc:550] => Could not register, trying another image.
2026-05-19T13:44:07 COLMAP[chunk_07_mapper_initial] I20260519 13:44:07.279711 13609 incremental_pipeline.cc:524] Registering image #1189 (num_reg_frames=5)
2026-05-19T13:44:07 COLMAP[chunk_07_mapper_initial] I20260519 13:44:07.279836 13609 incremental_pipeline.cc:527] => Image sees 35 / 5998 points
2026-05-19T13:44:07 COLMAP[chunk_07_mapper_initial] I20260519 13:44:07.279896 13609 incremental_pipeline.cc:533] Registering image with structure-less fallback
2026-05-19T13:44:07 COLMAP[chunk_07_mapper_initial] I20260519 13:44:07.279964 13609 incremental_pipeline.cc:535] => Image sees 71 / 16089 correspondences
2026-05-19T13:44:07 COLMAP[chunk_07_mapper_initial] I20260519 13:44:07.280972 13609 incremental_pipeline.cc:550] => Could not register, trying another image.
2026-05-19T13:44:07 COLMAP[chunk_07_mapper_initial] I20260519 13:44:07.281038 13609 incremental_pipeline.cc:78] Retriangulation and Global bundle adjustment
2026-05-19T13:44:07 COLMAP[chunk_07_mapper_initial] I20260519 13:44:07.421658 13609 incremental_pipeline.cc:524] Registering image #113 (num_reg_frames=5)
2026-05-19T13:44:07 COLMAP[chunk_07_mapper_initial] I20260519 13:44:07.421818 13609 incremental_pipeline.cc:527] => Image sees 243 / 4246 points
2026-05-19T13:44:07 COLMAP[chunk_07_mapper_initial] I20260519 13:44:07.445922 13609 incremental_pipeline.cc:550] => Could not register, trying another image.
2026-05-19T13:44:07 COLMAP[chunk_07_mapper_initial] I20260519 13:44:07.446035 13609 incremental_pipeline.cc:524] Registering image #110 (num_reg_frames=5)
2026-05-19T13:44:07 COLMAP[chunk_07_mapper_initial] I20260519 13:44:07.446072 13609 incremental_pipeline.cc:527] => Image sees 75 / 5205 points
2026-05-19T13:44:07 COLMAP[chunk_07_mapper_initial] I20260519 13:44:07.456264 13609 incremental_pipeline.cc:550] => Could not register, trying another image.
2026-05-19T13:44:07 COLMAP[chunk_07_mapper_initial] I20260519 13:44:07.456344 13609 incremental_pipeline.cc:524] Registering image #1189 (num_reg_frames=5)
2026-05-19T13:44:07 COLMAP[chunk_07_mapper_initial] I20260519 13:44:07.456379 13609 incremental_pipeline.cc:527] => Image sees 35 / 5998 points
2026-05-19T13:44:07 COLMAP[chunk_07_mapper_initial] I20260519 13:44:07.463049 13609 incremental_pipeline.cc:550] => Could not register, trying another image.
2026-05-19T13:44:07 COLMAP[chunk_07_mapper_initial] I20260519 13:44:07.463155 13609 incremental_pipeline.cc:524] Registering image #113 (num_reg_frames=5)
2026-05-19T13:44:07 COLMAP[chunk_07_mapper_initial] I20260519 13:44:07.463207 13609 incremental_pipeline.cc:527] => Image sees 243 / 4246 points
2026-05-19T13:44:07 COLMAP[chunk_07_mapper_initial] I20260519 13:44:07.463240 13609 incremental_pipeline.cc:533] Registering image with structure-less fallback
2026-05-19T13:44:07 COLMAP[chunk_07_mapper_initial] I20260519 13:44:07.463274 13609 incremental_pipeline.cc:535] => Image sees 425 / 8082 correspondences
2026-05-19T13:44:16 COLMAP[chunk_07_mapper_initial] I20260519 13:44:15.942623 13609 incremental_pipeline.cc:550] => Could not register, trying another image.
2026-05-19T13:44:16 COLMAP[chunk_07_mapper_initial] I20260519 13:44:15.942679 13609 incremental_pipeline.cc:524] Registering image #110 (num_reg_frames=5)
2026-05-19T13:44:16 COLMAP[chunk_07_mapper_initial] I20260519 13:44:15.942694 13609 incremental_pipeline.cc:527] => Image sees 75 / 5205 points
2026-05-19T13:44:16 COLMAP[chunk_07_mapper_initial] I20260519 13:44:15.942705 13609 incremental_pipeline.cc:533] Registering image with structure-less fallback
2026-05-19T13:44:16 COLMAP[chunk_07_mapper_initial] I20260519 13:44:15.942714 13609 incremental_pipeline.cc:535] => Image sees 130 / 9354 correspondences
2026-05-19T13:44:16 COLMAP[chunk_07_mapper_initial] I20260519 13:44:15.943938 13609 incremental_pipeline.cc:550] => Could not register, trying another image.
2026-05-19T13:44:16 COLMAP[chunk_07_mapper_initial] I20260519 13:44:15.943986 13609 incremental_pipeline.cc:524] Registering image #1189 (num_reg_frames=5)
2026-05-19T13:44:16 COLMAP[chunk_07_mapper_initial] I20260519 13:44:15.944000 13609 incremental_pipeline.cc:527] => Image sees 35 / 5998 points
2026-05-19T13:44:16 COLMAP[chunk_07_mapper_initial] I20260519 13:44:15.944271 13609 incremental_pipeline.cc:533] Registering image with structure-less fallback
2026-05-19T13:44:16 COLMAP[chunk_07_mapper_initial] I20260519 13:44:15.944463 13609 incremental_pipeline.cc:535] => Image sees 71 / 16089 correspondences
2026-05-19T13:44:16 COLMAP[chunk_07_mapper_initial] I20260519 13:44:15.945778 13609 incremental_pipeline.cc:550] => Could not register, trying another image.
2026-05-19T13:44:16 COLMAP[chunk_07_mapper_initial] W20260519 13:44:15.945806 13609 incremental_pipeline.cc:705] Discarding reconstruction due to insufficient size
2026-05-19T13:44:16 COLMAP[chunk_07_mapper_initial] I20260519 13:44:15.981678 13609 incremental_pipeline.cc:377] Finding good initial image pair
2026-05-19T13:44:16 COLMAP[chunk_07_mapper_initial] I20260519 13:44:15.984349 13609 incremental_pipeline.cc:381] => No good initial image pair found.
2026-05-19T13:44:16 COLMAP[chunk_07_mapper_initial] I20260519 13:44:15.984393 13609 incremental_pipeline.cc:684] Discarding reconstruction due to no initial pair
2026-05-19T13:44:16 COLMAP[chunk_07_mapper_initial] I20260519 13:44:15.985231 13609 timer.cc:90] Elapsed time: 14.703 [minutes]
2026-05-19T13:44:16 2026-05-19 13:44:16,078 - INFO - [chunk_07_mapper_initial_model_converter_0] colmap model_converter --input_path /tmp/colmap_sfm_rcnmny4o/chunk_07/sparse_initial/0 --output_path /tmp/colmap_sfm_rcnmny4o/text_models/chunk_07_mapper_initial/0 --output_type TXT
2026-05-19T13:44:20 2026-05-19 13:44:20,404 - INFO - chunk_07_mapper_initial model 0 registered 181/188 images and 147531 points
2026-05-19T13:44:21 2026-05-19 13:44:20,718 - INFO - Chunk 7 registered 181/188 total images (96.28%) but 154/155 core images (99.35%); skipping boundary recovery
2026-05-19T13:45:15 2026-05-19 13:45:15,423 - INFO - Prepared chunk 8 database by pruning global features down to 183 images
2026-05-19T13:45:15 2026-05-19 13:45:15,424 - INFO - [chunk_08_spatial_matcher] colmap spatial_matcher --database_path /tmp/colmap_sfm_rcnmny4o/chunk_08/database.db --FeatureMatching.use_gpu 1 --FeatureMatching.guided_matching 1 --SpatialMatching.ignore_z 0 --SpatialMatching.max_num_neighbors 12 --SpatialMatching.max_distance 120.0
2026-05-19T13:45:15 COLMAP[chunk_08_spatial_matcher] I20260519 13:45:15.620826 14915 feature_matching.cc:195] === Feature matching & geometric verification ===
2026-05-19T13:45:16 COLMAP[chunk_08_spatial_matcher] I20260519 13:45:15.706192 14916 feature_matching_utils.cc:80] Bind FeatureMatcherWorker to GPU device 0
2026-05-19T13:45:16 COLMAP[chunk_08_spatial_matcher] I20260519 13:45:15.706194 14922 feature_matching_utils.cc:80] Bind FeatureMatcherWorker to GPU device 0
2026-05-19T13:45:16 COLMAP[chunk_08_spatial_matcher] I20260519 13:45:15.713174 14922 sift.cc:1547] Creating SIFT GPU feature matcher
2026-05-19T13:45:16 COLMAP[chunk_08_spatial_matcher] I20260519 13:45:15.713174 14916 sift.cc:1547] Creating SIFT GPU feature matcher
2026-05-19T13:45:16 COLMAP[chunk_08_spatial_matcher] I20260519 13:45:15.719734 14915 pairing.cc:560] Generating spatial image pairs...
2026-05-19T13:45:16 COLMAP[chunk_08_spatial_matcher] I20260519 13:45:15.719772 14915 pairing.cc:565] Indexing images...
2026-05-19T13:45:16 COLMAP[chunk_08_spatial_matcher] I20260519 13:45:15.727572 14915 pairing.cc:570]  in 0.008s
2026-05-19T13:45:16 COLMAP[chunk_08_spatial_matcher] I20260519 13:45:15.727602 14915 pairing.cc:584] Building search index...
2026-05-19T13:45:16 COLMAP[chunk_08_spatial_matcher] I20260519 13:45:15.727618 14915 pairing.cc:589]  in 0.000s
2026-05-19T13:45:16 COLMAP[chunk_08_spatial_matcher] I20260519 13:45:15.727626 14915 pairing.cc:592] Searching for nearest neighbors...
2026-05-19T13:45:16 COLMAP[chunk_08_spatial_matcher] I20260519 13:45:15.742992 14915 pairing.cc:608]  in 0.015s
2026-05-19T13:45:16 COLMAP[chunk_08_spatial_matcher] I20260519 13:45:15.743419 14915 pairing.cc:631] Processing image [1/183]
2026-05-19T13:45:16 COLMAP[chunk_08_spatial_matcher] I20260519 13:45:16.701659 14915 feature_matching.cc:217] in 0.958s
2026-05-19T13:45:16 COLMAP[chunk_08_spatial_matcher] I20260519 13:45:16.701718 14915 pairing.cc:631] Processing image [2/183]
2026-05-19T13:45:17 COLMAP[chunk_08_spatial_matcher] I20260519 13:45:17.263700 14915 feature_matching.cc:217] in 0.562s
2026-05-19T13:45:17 COLMAP[chunk_08_spatial_matcher] I20260519 13:45:17.263751 14915 pairing.cc:631] Processing image [3/183]
2026-05-19T13:45:18 COLMAP[chunk_08_spatial_matcher] I20260519 13:45:17.756784 14915 feature_matching.cc:217] in 0.493s
2026-05-19T13:45:18 COLMAP[chunk_08_spatial_matcher] I20260519 13:45:17.756829 14915 pairing.cc:631] Processing image [4/183]
2026-05-19T13:45:18 COLMAP[chunk_08_spatial_matcher] I20260519 13:45:18.245050 14915 feature_matching.cc:217] in 0.488s
2026-05-19T13:45:18 COLMAP[chunk_08_spatial_matcher] I20260519 13:45:18.245102 14915 pairing.cc:631] Processing image [5/183]
2026-05-19T13:45:19 COLMAP[chunk_08_spatial_matcher] I20260519 13:45:18.722497 14915 feature_matching.cc:217] in 0.477s
2026-05-19T13:45:19 COLMAP[chunk_08_spatial_matcher] I20260519 13:45:18.722548 14915 pairing.cc:631] Processing image [6/183]
2026-05-19T13:45:19 COLMAP[chunk_08_spatial_matcher] I20260519 13:45:19.303359 14915 feature_matching.cc:217] in 0.581s
2026-05-19T13:45:19 COLMAP[chunk_08_spatial_matcher] I20260519 13:45:19.303411 14915 pairing.cc:631] Processing image [7/183]
2026-05-19T13:45:20 COLMAP[chunk_08_spatial_matcher] I20260519 13:45:20.365018 14915 feature_matching.cc:217] in 1.062s
2026-05-19T13:45:20 COLMAP[chunk_08_spatial_matcher] I20260519 13:45:20.365072 14915 pairing.cc:631] Processing image [8/183]
2026-05-19T13:45:21 COLMAP[chunk_08_spatial_matcher] I20260519 13:45:21.390583 14915 feature_matching.cc:217] in 1.026s
2026-05-19T13:45:21 COLMAP[chunk_08_spatial_matcher] I20260519 13:45:21.390630 14915 pairing.cc:631] Processing image [9/183]
2026-05-19T13:45:22 COLMAP[chunk_08_spatial_matcher] I20260519 13:45:22.334858 14915 feature_matching.cc:217] in 0.944s
2026-05-19T13:45:22 COLMAP[chunk_08_spatial_matcher] I20260519 13:45:22.334913 14915 pairing.cc:631] Processing image [10/183]
2026-05-19T13:45:22 COLMAP[chunk_08_spatial_matcher] I20260519 13:45:22.576063 14915 feature_matching.cc:217] in 0.241s
2026-05-19T13:45:22 COLMAP[chunk_08_spatial_matcher] I20260519 13:45:22.576115 14915 pairing.cc:631] Processing image [11/183]
2026-05-19T13:45:23 COLMAP[chunk_08_spatial_matcher] I20260519 13:45:22.804847 14915 feature_matching.cc:217] in 0.229s
2026-05-19T13:45:23 COLMAP[chunk_08_spatial_matcher] I20260519 13:45:22.804904 14915 pairing.cc:631] Processing image [12/183]
2026-05-19T13:45:23 COLMAP[chunk_08_spatial_matcher] I20260519 13:45:22.955358 14915 feature_matching.cc:217] in 0.150s
2026-05-19T13:45:23 COLMAP[chunk_08_spatial_matcher] I20260519 13:45:22.955411 14915 pairing.cc:631] Processing image [13/183]
2026-05-19T13:45:23 COLMAP[chunk_08_spatial_matcher] I20260519 13:45:23.071611 14915 feature_matching.cc:217] in 0.116s
2026-05-19T13:45:23 COLMAP[chunk_08_spatial_matcher] I20260519 13:45:23.071661 14915 pairing.cc:631] Processing image [14/183]
2026-05-19T13:45:23 COLMAP[chunk_08_spatial_matcher] I20260519 13:45:23.199935 14915 feature_matching.cc:217] in 0.128s
2026-05-19T13:45:23 COLMAP[chunk_08_spatial_matcher] I20260519 13:45:23.199985 14915 pairing.cc:631] Processing image [15/183]
2026-05-19T13:45:23 COLMAP[chunk_08_spatial_matcher] I20260519 13:45:23.307756 14915 feature_matching.cc:217] in 0.108s
2026-05-19T13:45:23 COLMAP[chunk_08_spatial_matcher] I20260519 13:45:23.307811 14915 pairing.cc:631] Processing image [16/183]
2026-05-19T13:45:23 COLMAP[chunk_08_spatial_matcher] I20260519 13:45:23.425741 14915 feature_matching.cc:217] in 0.118s
2026-05-19T13:45:23 COLMAP[chunk_08_spatial_matcher] I20260519 13:45:23.425796 14915 pairing.cc:631] Processing image [17/183]
2026-05-19T13:45:23 COLMAP[chunk_08_spatial_matcher] I20260519 13:45:23.518977 14915 feature_matching.cc:217] in 0.093s
2026-05-19T13:45:23 COLMAP[chunk_08_spatial_matcher] I20260519 13:45:23.519027 14915 pairing.cc:631] Processing image [18/183]
2026-05-19T13:45:24 COLMAP[chunk_08_spatial_matcher] I20260519 13:45:23.939965 14915 feature_matching.cc:217] in 0.421s
2026-05-19T13:45:24 COLMAP[chunk_08_spatial_matcher] I20260519 13:45:23.940013 14915 pairing.cc:631] Processing image [19/183]
2026-05-19T13:45:24 COLMAP[chunk_08_spatial_matcher] I20260519 13:45:24.352567 14915 feature_matching.cc:217] in 0.413s
2026-05-19T13:45:24 COLMAP[chunk_08_spatial_matcher] I20260519 13:45:24.352618 14915 pairing.cc:631] Processing image [20/183]
2026-05-19T13:45:25 COLMAP[chunk_08_spatial_matcher] I20260519 13:45:24.737025 14915 feature_matching.cc:217] in 0.384s
2026-05-19T13:45:25 COLMAP[chunk_08_spatial_matcher] I20260519 13:45:24.737082 14915 pairing.cc:631] Processing image [21/183]
2026-05-19T13:45:25 COLMAP[chunk_08_spatial_matcher] I20260519 13:45:24.898958 14915 feature_matching.cc:217] in 0.162s
2026-05-19T13:45:25 COLMAP[chunk_08_spatial_matcher] I20260519 13:45:24.899006 14915 pairing.cc:631] Processing image [22/183]
2026-05-19T13:45:25 COLMAP[chunk_08_spatial_matcher] I20260519 13:45:25.088270 14915 feature_matching.cc:217] in 0.189s
2026-05-19T13:45:25 COLMAP[chunk_08_spatial_matcher] I20260519 13:45:25.088323 14915 pairing.cc:631] Processing image [23/183]
2026-05-19T13:45:25 COLMAP[chunk_08_spatial_matcher] I20260519 13:45:25.239470 14915 feature_matching.cc:217] in 0.151s
2026-05-19T13:45:25 COLMAP[chunk_08_spatial_matcher] I20260519 13:45:25.239521 14915 pairing.cc:631] Processing image [24/183]
2026-05-19T13:45:25 COLMAP[chunk_08_spatial_matcher] I20260519 13:45:25.469862 14915 feature_matching.cc:217] in 0.230s
2026-05-19T13:45:25 COLMAP[chunk_08_spatial_matcher] I20260519 13:45:25.469923 14915 pairing.cc:631] Processing image [25/183]
2026-05-19T13:45:26 COLMAP[chunk_08_spatial_matcher] I20260519 13:45:25.749348 14915 feature_matching.cc:217] in 0.279s
2026-05-19T13:45:26 COLMAP[chunk_08_spatial_matcher] I20260519 13:45:25.749392 14915 pairing.cc:631] Processing image [26/183]
2026-05-19T13:45:26 COLMAP[chunk_08_spatial_matcher] I20260519 13:45:25.915169 14915 feature_matching.cc:217] in 0.166s
2026-05-19T13:45:26 COLMAP[chunk_08_spatial_matcher] I20260519 13:45:25.915213 14915 pairing.cc:631] Processing image [27/183]
2026-05-19T13:45:26 COLMAP[chunk_08_spatial_matcher] I20260519 13:45:26.302227 14915 feature_matching.cc:217] in 0.387s
2026-05-19T13:45:26 COLMAP[chunk_08_spatial_matcher] I20260519 13:45:26.302279 14915 pairing.cc:631] Processing image [28/183]
2026-05-19T13:45:26 COLMAP[chunk_08_spatial_matcher] I20260519 13:45:26.569197 14915 feature_matching.cc:217] in 0.267s
2026-05-19T13:45:26 COLMAP[chunk_08_spatial_matcher] I20260519 13:45:26.569247 14915 pairing.cc:631] Processing image [29/183]
2026-05-19T13:45:27 COLMAP[chunk_08_spatial_matcher] I20260519 13:45:26.805470 14915 feature_matching.cc:217] in 0.236s
2026-05-19T13:45:27 COLMAP[chunk_08_spatial_matcher] I20260519 13:45:26.805526 14915 pairing.cc:631] Processing image [30/183]
2026-05-19T13:45:27 COLMAP[chunk_08_spatial_matcher] I20260519 13:45:27.382269 14915 feature_matching.cc:217] in 0.577s
2026-05-19T13:45:27 COLMAP[chunk_08_spatial_matcher] I20260519 13:45:27.382323 14915 pairing.cc:631] Processing image [31/183]
2026-05-19T13:45:27 COLMAP[chunk_08_spatial_matcher] I20260519 13:45:27.535714 14915 feature_matching.cc:217] in 0.153s
2026-05-19T13:45:27 COLMAP[chunk_08_spatial_matcher] I20260519 13:45:27.535764 14915 pairing.cc:631] Processing image [32/183]
2026-05-19T13:45:27 COLMAP[chunk_08_spatial_matcher] I20260519 13:45:27.677440 14915 feature_matching.cc:217] in 0.142s
2026-05-19T13:45:27 COLMAP[chunk_08_spatial_matcher] I20260519 13:45:27.677487 14915 pairing.cc:631] Processing image [33/183]
2026-05-19T13:45:28 COLMAP[chunk_08_spatial_matcher] I20260519 13:45:27.800895 14915 feature_matching.cc:217] in 0.123s
2026-05-19T13:45:28 COLMAP[chunk_08_spatial_matcher] I20260519 13:45:27.800944 14915 pairing.cc:631] Processing image [34/183]
2026-05-19T13:45:29 COLMAP[chunk_08_spatial_matcher] I20260519 13:45:28.874061 14915 feature_matching.cc:217] in 1.073s
2026-05-19T13:45:29 COLMAP[chunk_08_spatial_matcher] I20260519 13:45:28.874114 14915 pairing.cc:631] Processing image [35/183]
2026-05-19T13:45:29 COLMAP[chunk_08_spatial_matcher] I20260519 13:45:29.069615 14915 feature_matching.cc:217] in 0.196s
2026-05-19T13:45:29 COLMAP[chunk_08_spatial_matcher] I20260519 13:45:29.069664 14915 pairing.cc:631] Processing image [36/183]
2026-05-19T13:45:29 COLMAP[chunk_08_spatial_matcher] I20260519 13:45:29.239696 14915 feature_matching.cc:217] in 0.170s
2026-05-19T13:45:29 COLMAP[chunk_08_spatial_matcher] I20260519 13:45:29.239748 14915 pairing.cc:631] Processing image [37/183]
2026-05-19T13:45:29 COLMAP[chunk_08_spatial_matcher] I20260519 13:45:29.375222 14915 feature_matching.cc:217] in 0.136s
2026-05-19T13:45:29 COLMAP[chunk_08_spatial_matcher] I20260519 13:45:29.375269 14915 pairing.cc:631] Processing image [38/183]
2026-05-19T13:45:29 COLMAP[chunk_08_spatial_matcher] I20260519 13:45:29.498292 14915 feature_matching.cc:217] in 0.123s
2026-05-19T13:45:29 COLMAP[chunk_08_spatial_matcher] I20260519 13:45:29.498342 14915 pairing.cc:631] Processing image [39/183]
2026-05-19T13:45:29 COLMAP[chunk_08_spatial_matcher] I20260519 13:45:29.617223 14915 feature_matching.cc:217] in 0.119s
2026-05-19T13:45:29 COLMAP[chunk_08_spatial_matcher] I20260519 13:45:29.617271 14915 pairing.cc:631] Processing image [40/183]
2026-05-19T13:45:29 COLMAP[chunk_08_spatial_matcher] I20260519 13:45:29.691318 14915 feature_matching.cc:217] in 0.074s
2026-05-19T13:45:29 COLMAP[chunk_08_spatial_matcher] I20260519 13:45:29.691366 14915 pairing.cc:631] Processing image [41/183]
2026-05-19T13:45:30 COLMAP[chunk_08_spatial_matcher] I20260519 13:45:29.766431 14915 feature_matching.cc:217] in 0.075s
2026-05-19T13:45:30 COLMAP[chunk_08_spatial_matcher] I20260519 13:45:29.766477 14915 pairing.cc:631] Processing image [42/183]
2026-05-19T13:45:30 COLMAP[chunk_08_spatial_matcher] I20260519 13:45:30.213641 14915 feature_matching.cc:217] in 0.447s
2026-05-19T13:45:30 COLMAP[chunk_08_spatial_matcher] I20260519 13:45:30.213706 14915 pairing.cc:631] Processing image [43/183]
2026-05-19T13:45:30 COLMAP[chunk_08_spatial_matcher] I20260519 13:45:30.592109 14915 feature_matching.cc:217] in 0.378s
2026-05-19T13:45:30 COLMAP[chunk_08_spatial_matcher] I20260519 13:45:30.592166 14915 pairing.cc:631] Processing image [44/183]
2026-05-19T13:45:31 COLMAP[chunk_08_spatial_matcher] I20260519 13:45:31.701195 14915 feature_matching.cc:217] in 1.109s
2026-05-19T13:45:31 COLMAP[chunk_08_spatial_matcher] I20260519 13:45:31.701246 14915 pairing.cc:631] Processing image [45/183]
2026-05-19T13:45:32 COLMAP[chunk_08_spatial_matcher] I20260519 13:45:31.928370 14915 feature_matching.cc:217] in 0.227s
2026-05-19T13:45:32 COLMAP[chunk_08_spatial_matcher] I20260519 13:45:31.928427 14915 pairing.cc:631] Processing image [46/183]
2026-05-19T13:45:32 COLMAP[chunk_08_spatial_matcher] I20260519 13:45:32.467985 14915 feature_matching.cc:217] in 0.540s
2026-05-19T13:45:32 COLMAP[chunk_08_spatial_matcher] I20260519 13:45:32.468040 14915 pairing.cc:631] Processing image [47/183]
2026-05-19T13:45:33 COLMAP[chunk_08_spatial_matcher] I20260519 13:45:33.020686 14915 feature_matching.cc:217] in 0.553s
2026-05-19T13:45:33 COLMAP[chunk_08_spatial_matcher] I20260519 13:45:33.020740 14915 pairing.cc:631] Processing image [48/183]
2026-05-19T13:45:33 COLMAP[chunk_08_spatial_matcher] I20260519 13:45:33.507107 14915 feature_matching.cc:217] in 0.486s
2026-05-19T13:45:33 COLMAP[chunk_08_spatial_matcher] I20260519 13:45:33.507164 14915 pairing.cc:631] Processing image [49/183]
2026-05-19T13:45:34 COLMAP[chunk_08_spatial_matcher] I20260519 13:45:33.788759 14915 feature_matching.cc:217] in 0.282s
2026-05-19T13:45:34 COLMAP[chunk_08_spatial_matcher] I20260519 13:45:33.788811 14915 pairing.cc:631] Processing image [50/183]
2026-05-19T13:45:34 COLMAP[chunk_08_spatial_matcher] I20260519 13:45:34.136102 14915 feature_matching.cc:217] in 0.347s
2026-05-19T13:45:34 COLMAP[chunk_08_spatial_matcher] I20260519 13:45:34.136152 14915 pairing.cc:631] Processing image [51/183]
2026-05-19T13:45:34 COLMAP[chunk_08_spatial_matcher] I20260519 13:45:34.411527 14915 feature_matching.cc:217] in 0.275s
2026-05-19T13:45:34 COLMAP[chunk_08_spatial_matcher] I20260519 13:45:34.411577 14915 pairing.cc:631] Processing image [52/183]
2026-05-19T13:45:34 COLMAP[chunk_08_spatial_matcher] I20260519 13:45:34.686170 14915 feature_matching.cc:217] in 0.275s
2026-05-19T13:45:34 COLMAP[chunk_08_spatial_matcher] I20260519 13:45:34.686223 14915 pairing.cc:631] Processing image [53/183]
2026-05-19T13:45:35 COLMAP[chunk_08_spatial_matcher] I20260519 13:45:34.890872 14915 feature_matching.cc:217] in 0.205s
2026-05-19T13:45:35 COLMAP[chunk_08_spatial_matcher] I20260519 13:45:34.890923 14915 pairing.cc:631] Processing image [54/183]
2026-05-19T13:45:35 COLMAP[chunk_08_spatial_matcher] I20260519 13:45:35.080114 14915 feature_matching.cc:217] in 0.189s
2026-05-19T13:45:35 COLMAP[chunk_08_spatial_matcher] I20260519 13:45:35.080165 14915 pairing.cc:631] Processing image [55/183]
2026-05-19T13:45:35 COLMAP[chunk_08_spatial_matcher] I20260519 13:45:35.240069 14915 feature_matching.cc:217] in 0.160s
2026-05-19T13:45:35 COLMAP[chunk_08_spatial_matcher] I20260519 13:45:35.240121 14915 pairing.cc:631] Processing image [56/183]
2026-05-19T13:45:35 COLMAP[chunk_08_spatial_matcher] I20260519 13:45:35.392880 14915 feature_matching.cc:217] in 0.153s
2026-05-19T13:45:35 COLMAP[chunk_08_spatial_matcher] I20260519 13:45:35.392928 14915 pairing.cc:631] Processing image [57/183]
2026-05-19T13:45:35 COLMAP[chunk_08_spatial_matcher] I20260519 13:45:35.498549 14915 feature_matching.cc:217] in 0.106s
2026-05-19T13:45:35 COLMAP[chunk_08_spatial_matcher] I20260519 13:45:35.498601 14915 pairing.cc:631] Processing image [58/183]
2026-05-19T13:45:35 COLMAP[chunk_08_spatial_matcher] I20260519 13:45:35.605747 14915 feature_matching.cc:217] in 0.107s
2026-05-19T13:45:35 COLMAP[chunk_08_spatial_matcher] I20260519 13:45:35.605800 14915 pairing.cc:631] Processing image [59/183]
2026-05-19T13:45:35 COLMAP[chunk_08_spatial_matcher] I20260519 13:45:35.681370 14915 feature_matching.cc:217] in 0.076s
2026-05-19T13:45:35 COLMAP[chunk_08_spatial_matcher] I20260519 13:45:35.681416 14915 pairing.cc:631] Processing image [60/183]
2026-05-19T13:45:36 COLMAP[chunk_08_spatial_matcher] I20260519 13:45:35.732826 14915 feature_matching.cc:217] in 0.051s
2026-05-19T13:45:36 COLMAP[chunk_08_spatial_matcher] I20260519 13:45:35.732867 14915 pairing.cc:631] Processing image [61/183]
2026-05-19T13:45:36 COLMAP[chunk_08_spatial_matcher] I20260519 13:45:35.947734 14915 feature_matching.cc:217] in 0.215s
2026-05-19T13:45:36 COLMAP[chunk_08_spatial_matcher] I20260519 13:45:35.947786 14915 pairing.cc:631] Processing image [62/183]
2026-05-19T13:45:36 COLMAP[chunk_08_spatial_matcher] I20260519 13:45:36.330914 14915 feature_matching.cc:217] in 0.383s
2026-05-19T13:45:36 COLMAP[chunk_08_spatial_matcher] I20260519 13:45:36.330962 14915 pairing.cc:631] Processing image [63/183]
2026-05-19T13:45:36 COLMAP[chunk_08_spatial_matcher] I20260519 13:45:36.659963 14915 feature_matching.cc:217] in 0.329s
2026-05-19T13:45:36 COLMAP[chunk_08_spatial_matcher] I20260519 13:45:36.660013 14915 pairing.cc:631] Processing image [64/183]
2026-05-19T13:45:37 COLMAP[chunk_08_spatial_matcher] I20260519 13:45:36.928293 14915 feature_matching.cc:217] in 0.268s
2026-05-19T13:45:37 COLMAP[chunk_08_spatial_matcher] I20260519 13:45:36.928344 14915 pairing.cc:631] Processing image [65/183]
2026-05-19T13:45:37 COLMAP[chunk_08_spatial_matcher] I20260519 13:45:37.386906 14915 feature_matching.cc:217] in 0.459s
2026-05-19T13:45:37 COLMAP[chunk_08_spatial_matcher] I20260519 13:45:37.386960 14915 pairing.cc:631] Processing image [66/183]
2026-05-19T13:45:37 COLMAP[chunk_08_spatial_matcher] I20260519 13:45:37.546837 14915 feature_matching.cc:217] in 0.160s
2026-05-19T13:45:37 COLMAP[chunk_08_spatial_matcher] I20260519 13:45:37.546888 14915 pairing.cc:631] Processing image [67/183]
2026-05-19T13:45:37 COLMAP[chunk_08_spatial_matcher] I20260519 13:45:37.708719 14915 feature_matching.cc:217] in 0.162s
2026-05-19T13:45:37 COLMAP[chunk_08_spatial_matcher] I20260519 13:45:37.708768 14915 pairing.cc:631] Processing image [68/183]
2026-05-19T13:45:38 COLMAP[chunk_08_spatial_matcher] I20260519 13:45:37.911379 14915 feature_matching.cc:217] in 0.203s
2026-05-19T13:45:38 COLMAP[chunk_08_spatial_matcher] I20260519 13:45:37.911427 14915 pairing.cc:631] Processing image [69/183]
2026-05-19T13:45:38 COLMAP[chunk_08_spatial_matcher] I20260519 13:45:38.052506 14915 feature_matching.cc:217] in 0.141s
2026-05-19T13:45:38 COLMAP[chunk_08_spatial_matcher] I20260519 13:45:38.052557 14915 pairing.cc:631] Processing image [70/183]
2026-05-19T13:45:38 COLMAP[chunk_08_spatial_matcher] I20260519 13:45:38.182857 14915 feature_matching.cc:217] in 0.130s
2026-05-19T13:45:38 COLMAP[chunk_08_spatial_matcher] I20260519 13:45:38.182907 14915 pairing.cc:631] Processing image [71/183]
2026-05-19T13:45:38 COLMAP[chunk_08_spatial_matcher] I20260519 13:45:38.276991 14915 feature_matching.cc:217] in 0.094s
2026-05-19T13:45:38 COLMAP[chunk_08_spatial_matcher] I20260519 13:45:38.277042 14915 pairing.cc:631] Processing image [72/183]
2026-05-19T13:45:38 COLMAP[chunk_08_spatial_matcher] I20260519 13:45:38.352623 14915 feature_matching.cc:217] in 0.076s
2026-05-19T13:45:38 COLMAP[chunk_08_spatial_matcher] I20260519 13:45:38.352670 14915 pairing.cc:631] Processing image [73/183]
2026-05-19T13:45:38 COLMAP[chunk_08_spatial_matcher] I20260519 13:45:38.428866 14915 feature_matching.cc:217] in 0.076s
2026-05-19T13:45:38 COLMAP[chunk_08_spatial_matcher] I20260519 13:45:38.428910 14915 pairing.cc:631] Processing image [74/183]
2026-05-19T13:45:38 COLMAP[chunk_08_spatial_matcher] I20260519 13:45:38.597131 14915 feature_matching.cc:217] in 0.168s
2026-05-19T13:45:38 COLMAP[chunk_08_spatial_matcher] I20260519 13:45:38.597180 14915 pairing.cc:631] Processing image [75/183]
2026-05-19T13:45:39 COLMAP[chunk_08_spatial_matcher] I20260519 13:45:38.795588 14915 feature_matching.cc:217] in 0.198s
2026-05-19T13:45:39 COLMAP[chunk_08_spatial_matcher] I20260519 13:45:38.795639 14915 pairing.cc:631] Processing image [76/183]
2026-05-19T13:45:39 COLMAP[chunk_08_spatial_matcher] I20260519 13:45:39.311694 14915 feature_matching.cc:217] in 0.516s
2026-05-19T13:45:39 COLMAP[chunk_08_spatial_matcher] I20260519 13:45:39.311748 14915 pairing.cc:631] Processing image [77/183]
2026-05-19T13:45:40 COLMAP[chunk_08_spatial_matcher] I20260519 13:45:39.785444 14915 feature_matching.cc:217] in 0.474s
2026-05-19T13:45:40 COLMAP[chunk_08_spatial_matcher] I20260519 13:45:39.785499 14915 pairing.cc:631] Processing image [78/183]
2026-05-19T13:45:40 COLMAP[chunk_08_spatial_matcher] I20260519 13:45:39.979640 14915 feature_matching.cc:217] in 0.194s
2026-05-19T13:45:40 COLMAP[chunk_08_spatial_matcher] I20260519 13:45:39.979696 14915 pairing.cc:631] Processing image [79/183]
2026-05-19T13:45:40 COLMAP[chunk_08_spatial_matcher] I20260519 13:45:40.132584 14915 feature_matching.cc:217] in 0.153s
2026-05-19T13:45:40 COLMAP[chunk_08_spatial_matcher] I20260519 13:45:40.132632 14915 pairing.cc:631] Processing image [80/183]
2026-05-19T13:45:40 COLMAP[chunk_08_spatial_matcher] I20260519 13:45:40.213927 14915 feature_matching.cc:217] in 0.081s
2026-05-19T13:45:40 COLMAP[chunk_08_spatial_matcher] I20260519 13:45:40.213979 14915 pairing.cc:631] Processing image [81/183]
2026-05-19T13:45:40 COLMAP[chunk_08_spatial_matcher] I20260519 13:45:40.297762 14915 feature_matching.cc:217] in 0.084s
2026-05-19T13:45:40 COLMAP[chunk_08_spatial_matcher] I20260519 13:45:40.297813 14915 pairing.cc:631] Processing image [82/183]
2026-05-19T13:45:40 COLMAP[chunk_08_spatial_matcher] I20260519 13:45:40.392905 14915 feature_matching.cc:217] in 0.095s
2026-05-19T13:45:40 COLMAP[chunk_08_spatial_matcher] I20260519 13:45:40.392963 14915 pairing.cc:631] Processing image [83/183]
2026-05-19T13:45:40 COLMAP[chunk_08_spatial_matcher] I20260519 13:45:40.393131 14915 feature_matching.cc:217] in 0.000s
2026-05-19T13:45:40 COLMAP[chunk_08_spatial_matcher] I20260519 13:45:40.393172 14915 pairing.cc:631] Processing image [84/183]
2026-05-19T13:45:40 COLMAP[chunk_08_spatial_matcher] I20260519 13:45:40.600075 14915 feature_matching.cc:217] in 0.207s
2026-05-19T13:45:40 COLMAP[chunk_08_spatial_matcher] I20260519 13:45:40.600129 14915 pairing.cc:631] Processing image [85/183]
2026-05-19T13:45:41 COLMAP[chunk_08_spatial_matcher] I20260519 13:45:40.827167 14915 feature_matching.cc:217] in 0.227s
2026-05-19T13:45:41 COLMAP[chunk_08_spatial_matcher] I20260519 13:45:40.827222 14915 pairing.cc:631] Processing image [86/183]
2026-05-19T13:45:41 COLMAP[chunk_08_spatial_matcher] I20260519 13:45:40.981204 14915 feature_matching.cc:217] in 0.154s
2026-05-19T13:45:41 COLMAP[chunk_08_spatial_matcher] I20260519 13:45:40.981256 14915 pairing.cc:631] Processing image [87/183]
2026-05-19T13:45:41 COLMAP[chunk_08_spatial_matcher] I20260519 13:45:41.449729 14915 feature_matching.cc:217] in 0.469s
2026-05-19T13:45:41 COLMAP[chunk_08_spatial_matcher] I20260519 13:45:41.449779 14915 pairing.cc:631] Processing image [88/183]
2026-05-19T13:45:41 COLMAP[chunk_08_spatial_matcher] I20260519 13:45:41.615439 14915 feature_matching.cc:217] in 0.166s
2026-05-19T13:45:41 COLMAP[chunk_08_spatial_matcher] I20260519 13:45:41.615491 14915 pairing.cc:631] Processing image [89/183]
2026-05-19T13:45:42 COLMAP[chunk_08_spatial_matcher] I20260519 13:45:42.126914 14915 feature_matching.cc:217] in 0.511s
2026-05-19T13:45:42 COLMAP[chunk_08_spatial_matcher] I20260519 13:45:42.126964 14915 pairing.cc:631] Processing image [90/183]
2026-05-19T13:45:42 COLMAP[chunk_08_spatial_matcher] I20260519 13:45:42.602684 14915 feature_matching.cc:217] in 0.476s
2026-05-19T13:45:42 COLMAP[chunk_08_spatial_matcher] I20260519 13:45:42.602742 14915 pairing.cc:631] Processing image [91/183]
2026-05-19T13:45:43 COLMAP[chunk_08_spatial_matcher] I20260519 13:45:43.093729 14915 feature_matching.cc:217] in 0.491s
2026-05-19T13:45:43 COLMAP[chunk_08_spatial_matcher] I20260519 13:45:43.093773 14915 pairing.cc:631] Processing image [92/183]
2026-05-19T13:45:43 COLMAP[chunk_08_spatial_matcher] I20260519 13:45:43.601545 14915 feature_matching.cc:217] in 0.508s
2026-05-19T13:45:43 COLMAP[chunk_08_spatial_matcher] I20260519 13:45:43.601598 14915 pairing.cc:631] Processing image [93/183]
2026-05-19T13:45:44 COLMAP[chunk_08_spatial_matcher] I20260519 13:45:44.063422 14915 feature_matching.cc:217] in 0.462s
2026-05-19T13:45:44 COLMAP[chunk_08_spatial_matcher] I20260519 13:45:44.063473 14915 pairing.cc:631] Processing image [94/183]
2026-05-19T13:45:44 COLMAP[chunk_08_spatial_matcher] I20260519 13:45:44.535356 14915 feature_matching.cc:217] in 0.472s
2026-05-19T13:45:44 COLMAP[chunk_08_spatial_matcher] I20260519 13:45:44.535410 14915 pairing.cc:631] Processing image [95/183]
2026-05-19T13:45:45 COLMAP[chunk_08_spatial_matcher] I20260519 13:45:45.023960 14915 feature_matching.cc:217] in 0.489s
2026-05-19T13:45:45 COLMAP[chunk_08_spatial_matcher] I20260519 13:45:45.024017 14915 pairing.cc:631] Processing image [96/183]
2026-05-19T13:45:45 COLMAP[chunk_08_spatial_matcher] I20260519 13:45:45.485041 14915 feature_matching.cc:217] in 0.461s
2026-05-19T13:45:45 COLMAP[chunk_08_spatial_matcher] I20260519 13:45:45.485093 14915 pairing.cc:631] Processing image [97/183]
2026-05-19T13:45:46 COLMAP[chunk_08_spatial_matcher] I20260519 13:45:46.231158 14915 feature_matching.cc:217] in 0.746s
2026-05-19T13:45:46 COLMAP[chunk_08_spatial_matcher] I20260519 13:45:46.231215 14915 pairing.cc:631] Processing image [98/183]
2026-05-19T13:45:47 COLMAP[chunk_08_spatial_matcher] I20260519 13:45:47.440147 14915 feature_matching.cc:217] in 1.209s
2026-05-19T13:45:47 COLMAP[chunk_08_spatial_matcher] I20260519 13:45:47.440200 14915 pairing.cc:631] Processing image [99/183]
2026-05-19T13:45:48 COLMAP[chunk_08_spatial_matcher] I20260519 13:45:47.913915 14915 feature_matching.cc:217] in 0.474s
2026-05-19T13:45:48 COLMAP[chunk_08_spatial_matcher] I20260519 13:45:47.913969 14915 pairing.cc:631] Processing image [100/183]
2026-05-19T13:45:48 COLMAP[chunk_08_spatial_matcher] I20260519 13:45:48.213829 14915 feature_matching.cc:217] in 0.300s
2026-05-19T13:45:48 COLMAP[chunk_08_spatial_matcher] I20260519 13:45:48.213876 14915 pairing.cc:631] Processing image [101/183]
2026-05-19T13:45:48 COLMAP[chunk_08_spatial_matcher] I20260519 13:45:48.450639 14915 feature_matching.cc:217] in 0.237s
2026-05-19T13:45:48 COLMAP[chunk_08_spatial_matcher] I20260519 13:45:48.450700 14915 pairing.cc:631] Processing image [102/183]
2026-05-19T13:45:48 COLMAP[chunk_08_spatial_matcher] I20260519 13:45:48.649976 14915 feature_matching.cc:217] in 0.199s
2026-05-19T13:45:48 COLMAP[chunk_08_spatial_matcher] I20260519 13:45:48.650031 14915 pairing.cc:631] Processing image [103/183]
2026-05-19T13:45:49 COLMAP[chunk_08_spatial_matcher] I20260519 13:45:48.911346 14915 feature_matching.cc:217] in 0.261s
2026-05-19T13:45:49 COLMAP[chunk_08_spatial_matcher] I20260519 13:45:48.911398 14915 pairing.cc:631] Processing image [104/183]
2026-05-19T13:45:49 COLMAP[chunk_08_spatial_matcher] I20260519 13:45:49.223971 14915 feature_matching.cc:217] in 0.313s
2026-05-19T13:45:49 COLMAP[chunk_08_spatial_matcher] I20260519 13:45:49.224021 14915 pairing.cc:631] Processing image [105/183]
2026-05-19T13:45:49 COLMAP[chunk_08_spatial_matcher] I20260519 13:45:49.465348 14915 feature_matching.cc:217] in 0.241s
2026-05-19T13:45:49 COLMAP[chunk_08_spatial_matcher] I20260519 13:45:49.465399 14915 pairing.cc:631] Processing image [106/183]
2026-05-19T13:45:49 COLMAP[chunk_08_spatial_matcher] I20260519 13:45:49.599104 14915 feature_matching.cc:217] in 0.134s
2026-05-19T13:45:49 COLMAP[chunk_08_spatial_matcher] I20260519 13:45:49.599157 14915 pairing.cc:631] Processing image [107/183]
2026-05-19T13:45:50 COLMAP[chunk_08_spatial_matcher] I20260519 13:45:49.740172 14915 feature_matching.cc:217] in 0.141s
2026-05-19T13:45:50 COLMAP[chunk_08_spatial_matcher] I20260519 13:45:49.740221 14915 pairing.cc:631] Processing image [108/183]
2026-05-19T13:45:50 COLMAP[chunk_08_spatial_matcher] I20260519 13:45:49.905212 14915 feature_matching.cc:217] in 0.165s
2026-05-19T13:45:50 COLMAP[chunk_08_spatial_matcher] I20260519 13:45:49.905262 14915 pairing.cc:631] Processing image [109/183]
2026-05-19T13:45:50 COLMAP[chunk_08_spatial_matcher] I20260519 13:45:50.005465 14915 feature_matching.cc:217] in 0.100s
2026-05-19T13:45:50 COLMAP[chunk_08_spatial_matcher] I20260519 13:45:50.005517 14915 pairing.cc:631] Processing image [110/183]
2026-05-19T13:45:50 COLMAP[chunk_08_spatial_matcher] I20260519 13:45:50.399539 14915 feature_matching.cc:217] in 0.394s
2026-05-19T13:45:50 COLMAP[chunk_08_spatial_matcher] I20260519 13:45:50.399598 14915 pairing.cc:631] Processing image [111/183]
2026-05-19T13:45:50 COLMAP[chunk_08_spatial_matcher] I20260519 13:45:50.552222 14915 feature_matching.cc:217] in 0.153s
2026-05-19T13:45:50 COLMAP[chunk_08_spatial_matcher] I20260519 13:45:50.552271 14915 pairing.cc:631] Processing image [112/183]
2026-05-19T13:45:50 COLMAP[chunk_08_spatial_matcher] I20260519 13:45:50.697712 14915 feature_matching.cc:217] in 0.145s
2026-05-19T13:45:50 COLMAP[chunk_08_spatial_matcher] I20260519 13:45:50.697762 14915 pairing.cc:631] Processing image [113/183]
2026-05-19T13:45:51 COLMAP[chunk_08_spatial_matcher] I20260519 13:45:51.157346 14915 feature_matching.cc:217] in 0.460s
2026-05-19T13:45:51 COLMAP[chunk_08_spatial_matcher] I20260519 13:45:51.157402 14915 pairing.cc:631] Processing image [114/183]
2026-05-19T13:45:51 COLMAP[chunk_08_spatial_matcher] I20260519 13:45:51.322872 14915 feature_matching.cc:217] in 0.166s
2026-05-19T13:45:51 COLMAP[chunk_08_spatial_matcher] I20260519 13:45:51.322927 14915 pairing.cc:631] Processing image [115/183]
2026-05-19T13:45:52 COLMAP[chunk_08_spatial_matcher] I20260519 13:45:51.778053 14915 feature_matching.cc:217] in 0.455s
2026-05-19T13:45:52 COLMAP[chunk_08_spatial_matcher] I20260519 13:45:51.778107 14915 pairing.cc:631] Processing image [116/183]
2026-05-19T13:45:52 COLMAP[chunk_08_spatial_matcher] I20260519 13:45:52.209086 14915 feature_matching.cc:217] in 0.431s
2026-05-19T13:45:52 COLMAP[chunk_08_spatial_matcher] I20260519 13:45:52.209133 14915 pairing.cc:631] Processing image [117/183]
2026-05-19T13:45:52 COLMAP[chunk_08_spatial_matcher] I20260519 13:45:52.666709 14915 feature_matching.cc:217] in 0.458s
2026-05-19T13:45:52 COLMAP[chunk_08_spatial_matcher] I20260519 13:45:52.666764 14915 pairing.cc:631] Processing image [118/183]
2026-05-19T13:45:54 COLMAP[chunk_08_spatial_matcher] I20260519 13:45:53.785298 14915 feature_matching.cc:217] in 1.119s
2026-05-19T13:45:54 COLMAP[chunk_08_spatial_matcher] I20260519 13:45:53.785351 14915 pairing.cc:631] Processing image [119/183]
2026-05-19T13:45:55 COLMAP[chunk_08_spatial_matcher] I20260519 13:45:54.832404 14915 feature_matching.cc:217] in 1.047s
2026-05-19T13:45:55 COLMAP[chunk_08_spatial_matcher] I20260519 13:45:54.832456 14915 pairing.cc:631] Processing image [120/183]
2026-05-19T13:45:56 COLMAP[chunk_08_spatial_matcher] I20260519 13:45:56.341356 14915 feature_matching.cc:217] in 1.509s
2026-05-19T13:45:56 COLMAP[chunk_08_spatial_matcher] I20260519 13:45:56.341400 14915 pairing.cc:631] Processing image [121/183]
2026-05-19T13:45:57 COLMAP[chunk_08_spatial_matcher] I20260519 13:45:57.117950 14915 feature_matching.cc:217] in 0.777s
2026-05-19T13:45:57 COLMAP[chunk_08_spatial_matcher] I20260519 13:45:57.118002 14915 pairing.cc:631] Processing image [122/183]
2026-05-19T13:45:57 COLMAP[chunk_08_spatial_matcher] I20260519 13:45:57.698791 14915 feature_matching.cc:217] in 0.581s
2026-05-19T13:45:57 COLMAP[chunk_08_spatial_matcher] I20260519 13:45:57.698844 14915 pairing.cc:631] Processing image [123/183]
2026-05-19T13:45:58 COLMAP[chunk_08_spatial_matcher] I20260519 13:45:58.217327 14915 feature_matching.cc:217] in 0.519s
2026-05-19T13:45:58 COLMAP[chunk_08_spatial_matcher] I20260519 13:45:58.217379 14915 pairing.cc:631] Processing image [124/183]
2026-05-19T13:45:58 COLMAP[chunk_08_spatial_matcher] I20260519 13:45:58.372856 14915 feature_matching.cc:217] in 0.156s
2026-05-19T13:45:58 COLMAP[chunk_08_spatial_matcher] I20260519 13:45:58.372907 14915 pairing.cc:631] Processing image [125/183]
2026-05-19T13:45:58 COLMAP[chunk_08_spatial_matcher] I20260519 13:45:58.556428 14915 feature_matching.cc:217] in 0.184s
2026-05-19T13:45:58 COLMAP[chunk_08_spatial_matcher] I20260519 13:45:58.556479 14915 pairing.cc:631] Processing image [126/183]
2026-05-19T13:45:58 COLMAP[chunk_08_spatial_matcher] I20260519 13:45:58.716518 14915 feature_matching.cc:217] in 0.160s
2026-05-19T13:45:58 COLMAP[chunk_08_spatial_matcher] I20260519 13:45:58.716589 14915 pairing.cc:631] Processing image [127/183]
2026-05-19T13:45:59 COLMAP[chunk_08_spatial_matcher] I20260519 13:45:58.848809 14915 feature_matching.cc:217] in 0.132s
2026-05-19T13:45:59 COLMAP[chunk_08_spatial_matcher] I20260519 13:45:58.848860 14915 pairing.cc:631] Processing image [128/183]
2026-05-19T13:45:59 COLMAP[chunk_08_spatial_matcher] I20260519 13:45:58.951164 14915 feature_matching.cc:217] in 0.102s
2026-05-19T13:45:59 COLMAP[chunk_08_spatial_matcher] I20260519 13:45:58.951213 14915 pairing.cc:631] Processing image [129/183]
2026-05-19T13:45:59 COLMAP[chunk_08_spatial_matcher] I20260519 13:45:59.045368 14915 feature_matching.cc:217] in 0.094s
2026-05-19T13:45:59 COLMAP[chunk_08_spatial_matcher] I20260519 13:45:59.045415 14915 pairing.cc:631] Processing image [130/183]
2026-05-19T13:45:59 COLMAP[chunk_08_spatial_matcher] I20260519 13:45:59.437037 14915 feature_matching.cc:217] in 0.392s
2026-05-19T13:45:59 COLMAP[chunk_08_spatial_matcher] I20260519 13:45:59.437088 14915 pairing.cc:631] Processing image [131/183]
2026-05-19T13:46:00 COLMAP[chunk_08_spatial_matcher] I20260519 13:45:59.862913 14915 feature_matching.cc:217] in 0.426s
2026-05-19T13:46:00 COLMAP[chunk_08_spatial_matcher] I20260519 13:45:59.862965 14915 pairing.cc:631] Processing image [132/183]
2026-05-19T13:46:00 COLMAP[chunk_08_spatial_matcher] I20260519 13:46:00.398226 14915 feature_matching.cc:217] in 0.535s
2026-05-19T13:46:00 COLMAP[chunk_08_spatial_matcher] I20260519 13:46:00.398289 14915 pairing.cc:631] Processing image [133/183]
2026-05-19T13:46:01 COLMAP[chunk_08_spatial_matcher] I20260519 13:46:00.847783 14915 feature_matching.cc:217] in 0.450s
2026-05-19T13:46:01 COLMAP[chunk_08_spatial_matcher] I20260519 13:46:00.847839 14915 pairing.cc:631] Processing image [134/183]
2026-05-19T13:46:01 COLMAP[chunk_08_spatial_matcher] I20260519 13:46:01.304520 14915 feature_matching.cc:217] in 0.457s
2026-05-19T13:46:01 COLMAP[chunk_08_spatial_matcher] I20260519 13:46:01.304569 14915 pairing.cc:631] Processing image [135/183]
2026-05-19T13:46:01 COLMAP[chunk_08_spatial_matcher] I20260519 13:46:01.695004 14915 feature_matching.cc:217] in 0.390s
2026-05-19T13:46:01 COLMAP[chunk_08_spatial_matcher] I20260519 13:46:01.695058 14915 pairing.cc:631] Processing image [136/183]
2026-05-19T13:46:02 COLMAP[chunk_08_spatial_matcher] I20260519 13:46:01.821765 14915 feature_matching.cc:217] in 0.127s
2026-05-19T13:46:02 COLMAP[chunk_08_spatial_matcher] I20260519 13:46:01.821815 14915 pairing.cc:631] Processing image [137/183]
2026-05-19T13:46:02 COLMAP[chunk_08_spatial_matcher] I20260519 13:46:01.921098 14915 feature_matching.cc:217] in 0.099s
2026-05-19T13:46:02 COLMAP[chunk_08_spatial_matcher] I20260519 13:46:01.921146 14915 pairing.cc:631] Processing image [138/183]
2026-05-19T13:46:02 COLMAP[chunk_08_spatial_matcher] I20260519 13:46:02.384826 14915 feature_matching.cc:217] in 0.464s
2026-05-19T13:46:02 COLMAP[chunk_08_spatial_matcher] I20260519 13:46:02.384877 14915 pairing.cc:631] Processing image [139/183]
2026-05-19T13:46:03 COLMAP[chunk_08_spatial_matcher] I20260519 13:46:02.794258 14915 feature_matching.cc:217] in 0.409s
2026-05-19T13:46:03 COLMAP[chunk_08_spatial_matcher] I20260519 13:46:02.794310 14915 pairing.cc:631] Processing image [140/183]
2026-05-19T13:46:03 COLMAP[chunk_08_spatial_matcher] I20260519 13:46:03.179190 14915 feature_matching.cc:217] in 0.385s
2026-05-19T13:46:03 COLMAP[chunk_08_spatial_matcher] I20260519 13:46:03.179243 14915 pairing.cc:631] Processing image [141/183]
2026-05-19T13:46:03 COLMAP[chunk_08_spatial_matcher] I20260519 13:46:03.697013 14915 feature_matching.cc:217] in 0.518s
2026-05-19T13:46:03 COLMAP[chunk_08_spatial_matcher] I20260519 13:46:03.697064 14915 pairing.cc:631] Processing image [142/183]
2026-05-19T13:46:04 COLMAP[chunk_08_spatial_matcher] I20260519 13:46:04.128823 14915 feature_matching.cc:217] in 0.432s
2026-05-19T13:46:04 COLMAP[chunk_08_spatial_matcher] I20260519 13:46:04.128873 14915 pairing.cc:631] Processing image [143/183]
2026-05-19T13:46:04 COLMAP[chunk_08_spatial_matcher] I20260519 13:46:04.706463 14915 feature_matching.cc:217] in 0.578s
2026-05-19T13:46:04 COLMAP[chunk_08_spatial_matcher] I20260519 13:46:04.706517 14915 pairing.cc:631] Processing image [144/183]
2026-05-19T13:46:06 COLMAP[chunk_08_spatial_matcher] I20260519 13:46:05.749794 14915 feature_matching.cc:217] in 1.043s
2026-05-19T13:46:06 COLMAP[chunk_08_spatial_matcher] I20260519 13:46:05.749848 14915 pairing.cc:631] Processing image [145/183]
2026-05-19T13:46:06 COLMAP[chunk_08_spatial_matcher] I20260519 13:46:06.316442 14915 feature_matching.cc:217] in 0.567s
2026-05-19T13:46:06 COLMAP[chunk_08_spatial_matcher] I20260519 13:46:06.316498 14915 pairing.cc:631] Processing image [146/183]
2026-05-19T13:46:07 COLMAP[chunk_08_spatial_matcher] I20260519 13:46:06.929715 14915 feature_matching.cc:217] in 0.613s
2026-05-19T13:46:07 COLMAP[chunk_08_spatial_matcher] I20260519 13:46:06.929769 14915 pairing.cc:631] Processing image [147/183]
2026-05-19T13:46:07 COLMAP[chunk_08_spatial_matcher] I20260519 13:46:07.314358 14915 feature_matching.cc:217] in 0.385s
2026-05-19T13:46:07 COLMAP[chunk_08_spatial_matcher] I20260519 13:46:07.314414 14915 pairing.cc:631] Processing image [148/183]
2026-05-19T13:46:07 COLMAP[chunk_08_spatial_matcher] I20260519 13:46:07.423216 14915 feature_matching.cc:217] in 0.109s
2026-05-19T13:46:07 COLMAP[chunk_08_spatial_matcher] I20260519 13:46:07.423269 14915 pairing.cc:631] Processing image [149/183]
2026-05-19T13:46:07 COLMAP[chunk_08_spatial_matcher] I20260519 13:46:07.566623 14915 feature_matching.cc:217] in 0.143s
2026-05-19T13:46:07 COLMAP[chunk_08_spatial_matcher] I20260519 13:46:07.566677 14915 pairing.cc:631] Processing image [150/183]
2026-05-19T13:46:08 COLMAP[chunk_08_spatial_matcher] I20260519 13:46:07.941063 14915 feature_matching.cc:217] in 0.374s
2026-05-19T13:46:08 COLMAP[chunk_08_spatial_matcher] I20260519 13:46:07.941113 14915 pairing.cc:631] Processing image [151/183]
2026-05-19T13:46:08 COLMAP[chunk_08_spatial_matcher] I20260519 13:46:08.339905 14915 feature_matching.cc:217] in 0.399s
2026-05-19T13:46:08 COLMAP[chunk_08_spatial_matcher] I20260519 13:46:08.339957 14915 pairing.cc:631] Processing image [152/183]
2026-05-19T13:46:09 COLMAP[chunk_08_spatial_matcher] I20260519 13:46:09.631498 14915 feature_matching.cc:217] in 1.292s
2026-05-19T13:46:09 COLMAP[chunk_08_spatial_matcher] I20260519 13:46:09.631553 14915 pairing.cc:631] Processing image [153/183]
2026-05-19T13:46:10 COLMAP[chunk_08_spatial_matcher] I20260519 13:46:10.383437 14915 feature_matching.cc:217] in 0.752s
2026-05-19T13:46:10 COLMAP[chunk_08_spatial_matcher] I20260519 13:46:10.383491 14915 pairing.cc:631] Processing image [154/183]
2026-05-19T13:46:11 COLMAP[chunk_08_spatial_matcher] I20260519 13:46:10.910223 14915 feature_matching.cc:217] in 0.527s
2026-05-19T13:46:11 COLMAP[chunk_08_spatial_matcher] I20260519 13:46:10.910275 14915 pairing.cc:631] Processing image [155/183]
2026-05-19T13:46:11 COLMAP[chunk_08_spatial_matcher] I20260519 13:46:11.506237 14915 feature_matching.cc:217] in 0.596s
2026-05-19T13:46:11 COLMAP[chunk_08_spatial_matcher] I20260519 13:46:11.506301 14915 pairing.cc:631] Processing image [156/183]
2026-05-19T13:46:12 COLMAP[chunk_08_spatial_matcher] I20260519 13:46:12.227543 14915 feature_matching.cc:217] in 0.721s
2026-05-19T13:46:12 COLMAP[chunk_08_spatial_matcher] I20260519 13:46:12.227596 14915 pairing.cc:631] Processing image [157/183]
2026-05-19T13:46:13 COLMAP[chunk_08_spatial_matcher] I20260519 13:46:12.841045 14915 feature_matching.cc:217] in 0.613s
2026-05-19T13:46:13 COLMAP[chunk_08_spatial_matcher] I20260519 13:46:12.841101 14915 pairing.cc:631] Processing image [158/183]
2026-05-19T13:46:13 COLMAP[chunk_08_spatial_matcher] I20260519 13:46:13.460755 14915 feature_matching.cc:217] in 0.620s
2026-05-19T13:46:13 COLMAP[chunk_08_spatial_matcher] I20260519 13:46:13.460803 14915 pairing.cc:631] Processing image [159/183]
2026-05-19T13:46:14 COLMAP[chunk_08_spatial_matcher] I20260519 13:46:13.897766 14915 feature_matching.cc:217] in 0.437s
2026-05-19T13:46:14 COLMAP[chunk_08_spatial_matcher] I20260519 13:46:13.897822 14915 pairing.cc:631] Processing image [160/183]
2026-05-19T13:46:14 COLMAP[chunk_08_spatial_matcher] I20260519 13:46:14.528959 14915 feature_matching.cc:217] in 0.631s
2026-05-19T13:46:14 COLMAP[chunk_08_spatial_matcher] I20260519 13:46:14.529008 14915 pairing.cc:631] Processing image [161/183]
2026-05-19T13:46:15 COLMAP[chunk_08_spatial_matcher] I20260519 13:46:15.633553 14915 feature_matching.cc:217] in 1.105s
2026-05-19T13:46:15 COLMAP[chunk_08_spatial_matcher] I20260519 13:46:15.633606 14915 pairing.cc:631] Processing image [162/183]
2026-05-19T13:46:16 COLMAP[chunk_08_spatial_matcher] I20260519 13:46:16.172598 14915 feature_matching.cc:217] in 0.539s
2026-05-19T13:46:16 COLMAP[chunk_08_spatial_matcher] I20260519 13:46:16.172647 14915 pairing.cc:631] Processing image [163/183]
2026-05-19T13:46:16 COLMAP[chunk_08_spatial_matcher] I20260519 13:46:16.427865 14915 feature_matching.cc:217] in 0.255s
2026-05-19T13:46:16 COLMAP[chunk_08_spatial_matcher] I20260519 13:46:16.427927 14915 pairing.cc:631] Processing image [164/183]
2026-05-19T13:46:16 COLMAP[chunk_08_spatial_matcher] I20260519 13:46:16.657260 14915 feature_matching.cc:217] in 0.229s
2026-05-19T13:46:16 COLMAP[chunk_08_spatial_matcher] I20260519 13:46:16.657310 14915 pairing.cc:631] Processing image [165/183]
2026-05-19T13:46:17 COLMAP[chunk_08_spatial_matcher] I20260519 13:46:16.844302 14915 feature_matching.cc:217] in 0.187s
2026-05-19T13:46:17 COLMAP[chunk_08_spatial_matcher] I20260519 13:46:16.844354 14915 pairing.cc:631] Processing image [166/183]
2026-05-19T13:46:17 COLMAP[chunk_08_spatial_matcher] I20260519 13:46:17.006822 14915 feature_matching.cc:217] in 0.162s
2026-05-19T13:46:17 COLMAP[chunk_08_spatial_matcher] I20260519 13:46:17.006868 14915 pairing.cc:631] Processing image [167/183]
2026-05-19T13:46:17 COLMAP[chunk_08_spatial_matcher] I20260519 13:46:17.249492 14915 feature_matching.cc:217] in 0.243s
2026-05-19T13:46:17 COLMAP[chunk_08_spatial_matcher] I20260519 13:46:17.249549 14915 pairing.cc:631] Processing image [168/183]
2026-05-19T13:46:17 COLMAP[chunk_08_spatial_matcher] I20260519 13:46:17.428614 14915 feature_matching.cc:217] in 0.179s
2026-05-19T13:46:17 COLMAP[chunk_08_spatial_matcher] I20260519 13:46:17.428664 14915 pairing.cc:631] Processing image [169/183]
2026-05-19T13:46:17 COLMAP[chunk_08_spatial_matcher] I20260519 13:46:17.584482 14915 feature_matching.cc:217] in 0.156s
2026-05-19T13:46:17 COLMAP[chunk_08_spatial_matcher] I20260519 13:46:17.584527 14915 pairing.cc:631] Processing image [170/183]
2026-05-19T13:46:17 COLMAP[chunk_08_spatial_matcher] I20260519 13:46:17.719020 14915 feature_matching.cc:217] in 0.135s
2026-05-19T13:46:17 COLMAP[chunk_08_spatial_matcher] I20260519 13:46:17.719069 14915 pairing.cc:631] Processing image [171/183]
2026-05-19T13:46:18 COLMAP[chunk_08_spatial_matcher] I20260519 13:46:17.843497 14915 feature_matching.cc:217] in 0.124s
2026-05-19T13:46:18 COLMAP[chunk_08_spatial_matcher] I20260519 13:46:17.843544 14915 pairing.cc:631] Processing image [172/183]
2026-05-19T13:46:18 COLMAP[chunk_08_spatial_matcher] I20260519 13:46:17.919586 14915 feature_matching.cc:217] in 0.076s
2026-05-19T13:46:18 COLMAP[chunk_08_spatial_matcher] I20260519 13:46:17.919632 14915 pairing.cc:631] Processing image [173/183]
2026-05-19T13:46:18 COLMAP[chunk_08_spatial_matcher] I20260519 13:46:17.982401 14915 feature_matching.cc:217] in 0.063s
2026-05-19T13:46:18 COLMAP[chunk_08_spatial_matcher] I20260519 13:46:17.982445 14915 pairing.cc:631] Processing image [174/183]
2026-05-19T13:46:18 COLMAP[chunk_08_spatial_matcher] I20260519 13:46:18.049037 14915 feature_matching.cc:217] in 0.067s
2026-05-19T13:46:18 COLMAP[chunk_08_spatial_matcher] I20260519 13:46:18.049085 14915 pairing.cc:631] Processing image [175/183]
2026-05-19T13:46:18 COLMAP[chunk_08_spatial_matcher] I20260519 13:46:18.105810 14915 feature_matching.cc:217] in 0.057s
2026-05-19T13:46:18 COLMAP[chunk_08_spatial_matcher] I20260519 13:46:18.105852 14915 pairing.cc:631] Processing image [176/183]
2026-05-19T13:46:18 COLMAP[chunk_08_spatial_matcher] I20260519 13:46:18.576261 14915 feature_matching.cc:217] in 0.470s
2026-05-19T13:46:18 COLMAP[chunk_08_spatial_matcher] I20260519 13:46:18.576310 14915 pairing.cc:631] Processing image [177/183]
2026-05-19T13:46:19 COLMAP[chunk_08_spatial_matcher] I20260519 13:46:19.048054 14915 feature_matching.cc:217] in 0.472s
2026-05-19T13:46:19 COLMAP[chunk_08_spatial_matcher] I20260519 13:46:19.048108 14915 pairing.cc:631] Processing image [178/183]
2026-05-19T13:46:19 COLMAP[chunk_08_spatial_matcher] I20260519 13:46:19.538498 14915 feature_matching.cc:217] in 0.490s
2026-05-19T13:46:19 COLMAP[chunk_08_spatial_matcher] I20260519 13:46:19.538543 14915 pairing.cc:631] Processing image [179/183]
2026-05-19T13:46:19 COLMAP[chunk_08_spatial_matcher] I20260519 13:46:19.586935 14915 feature_matching.cc:217] in 0.048s
2026-05-19T13:46:19 COLMAP[chunk_08_spatial_matcher] I20260519 13:46:19.586979 14915 pairing.cc:631] Processing image [180/183]
2026-05-19T13:46:19 COLMAP[chunk_08_spatial_matcher] I20260519 13:46:19.587126 14915 feature_matching.cc:217] in 0.000s
2026-05-19T13:46:19 COLMAP[chunk_08_spatial_matcher] I20260519 13:46:19.587144 14915 pairing.cc:631] Processing image [181/183]
2026-05-19T13:46:19 COLMAP[chunk_08_spatial_matcher] I20260519 13:46:19.716825 14915 feature_matching.cc:217] in 0.130s
2026-05-19T13:46:19 COLMAP[chunk_08_spatial_matcher] I20260519 13:46:19.716871 14915 pairing.cc:631] Processing image [182/183]
2026-05-19T13:46:20 COLMAP[chunk_08_spatial_matcher] I20260519 13:46:19.872044 14915 feature_matching.cc:217] in 0.155s
2026-05-19T13:46:20 COLMAP[chunk_08_spatial_matcher] I20260519 13:46:19.872095 14915 pairing.cc:631] Processing image [183/183]
2026-05-19T13:46:20 COLMAP[chunk_08_spatial_matcher] I20260519 13:46:20.023382 14915 feature_matching.cc:217] in 0.151s
2026-05-19T13:46:20 COLMAP[chunk_08_spatial_matcher] I20260519 13:46:20.023435 14915 timer.cc:90] Elapsed time: 1.073 [minutes]
2026-05-19T13:46:20 2026-05-19 13:46:20,103 - INFO - chunk_08_spatial_matcher added 1353 verified image pairs
2026-05-19T13:46:20 2026-05-19 13:46:20,105 - INFO - [chunk_08_sequential_matcher] colmap sequential_matcher --database_path /tmp/colmap_sfm_rcnmny4o/chunk_08/database.db --SequentialMatching.overlap 8 --SequentialMatching.quadratic_overlap 1 --SequentialMatching.loop_detection 0
2026-05-19T13:46:20 COLMAP[chunk_08_sequential_matcher] I20260519 13:46:20.294792 14965 feature_matching.cc:195] === Feature matching & geometric verification ===
2026-05-19T13:46:20 COLMAP[chunk_08_sequential_matcher] I20260519 13:46:20.353736 14966 feature_matching_utils.cc:80] Bind FeatureMatcherWorker to GPU device 0
2026-05-19T13:46:20 COLMAP[chunk_08_sequential_matcher] I20260519 13:46:20.354434 14966 sift.cc:1547] Creating SIFT GPU feature matcher
2026-05-19T13:46:20 COLMAP[chunk_08_sequential_matcher] I20260519 13:46:20.355108 14965 pairing.cc:415] Generating sequential image pairs...
2026-05-19T13:46:20 COLMAP[chunk_08_sequential_matcher] I20260519 13:46:20.358157 14965 pairing.cc:473] Processing image [1/183]
2026-05-19T13:46:21 COLMAP[chunk_08_sequential_matcher] I20260519 13:46:21.502367 14965 feature_matching.cc:217] in 1.144s
2026-05-19T13:46:21 COLMAP[chunk_08_sequential_matcher] I20260519 13:46:21.502411 14965 pairing.cc:473] Processing image [2/183]
2026-05-19T13:46:22 COLMAP[chunk_08_sequential_matcher] I20260519 13:46:21.950259 14965 feature_matching.cc:217] in 0.448s
2026-05-19T13:46:22 COLMAP[chunk_08_sequential_matcher] I20260519 13:46:21.950312 14965 pairing.cc:473] Processing image [3/183]
2026-05-19T13:46:22 COLMAP[chunk_08_sequential_matcher] I20260519 13:46:22.364511 14965 feature_matching.cc:217] in 0.414s
2026-05-19T13:46:22 COLMAP[chunk_08_sequential_matcher] I20260519 13:46:22.364562 14965 pairing.cc:473] Processing image [4/183]
2026-05-19T13:46:23 COLMAP[chunk_08_sequential_matcher] I20260519 13:46:22.781720 14965 feature_matching.cc:217] in 0.417s
2026-05-19T13:46:23 COLMAP[chunk_08_sequential_matcher] I20260519 13:46:22.781769 14965 pairing.cc:473] Processing image [5/183]
2026-05-19T13:46:23 COLMAP[chunk_08_sequential_matcher] I20260519 13:46:23.262805 14965 feature_matching.cc:217] in 0.481s
2026-05-19T13:46:23 COLMAP[chunk_08_sequential_matcher] I20260519 13:46:23.262853 14965 pairing.cc:473] Processing image [6/183]
2026-05-19T13:46:23 COLMAP[chunk_08_sequential_matcher] I20260519 13:46:23.683880 14965 feature_matching.cc:217] in 0.421s
2026-05-19T13:46:23 COLMAP[chunk_08_sequential_matcher] I20260519 13:46:23.683935 14965 pairing.cc:473] Processing image [7/183]
2026-05-19T13:46:24 COLMAP[chunk_08_sequential_matcher] I20260519 13:46:24.051954 14965 feature_matching.cc:217] in 0.368s
2026-05-19T13:46:24 COLMAP[chunk_08_sequential_matcher] I20260519 13:46:24.052006 14965 pairing.cc:473] Processing image [8/183]
2026-05-19T13:46:24 COLMAP[chunk_08_sequential_matcher] I20260519 13:46:24.223358 14965 feature_matching.cc:217] in 0.171s
2026-05-19T13:46:24 COLMAP[chunk_08_sequential_matcher] I20260519 13:46:24.223407 14965 pairing.cc:473] Processing image [9/183]
2026-05-19T13:46:24 COLMAP[chunk_08_sequential_matcher] I20260519 13:46:24.633965 14965 feature_matching.cc:217] in 0.411s
2026-05-19T13:46:24 COLMAP[chunk_08_sequential_matcher] I20260519 13:46:24.634019 14965 pairing.cc:473] Processing image [10/183]
2026-05-19T13:46:25 COLMAP[chunk_08_sequential_matcher] I20260519 13:46:25.051149 14965 feature_matching.cc:217] in 0.417s
2026-05-19T13:46:25 COLMAP[chunk_08_sequential_matcher] I20260519 13:46:25.051203 14965 pairing.cc:473] Processing image [11/183]
2026-05-19T13:46:25 COLMAP[chunk_08_sequential_matcher] I20260519 13:46:25.428191 14965 feature_matching.cc:217] in 0.377s
2026-05-19T13:46:25 COLMAP[chunk_08_sequential_matcher] I20260519 13:46:25.428246 14965 pairing.cc:473] Processing image [12/183]
2026-05-19T13:46:25 COLMAP[chunk_08_sequential_matcher] I20260519 13:46:25.652539 14965 feature_matching.cc:217] in 0.224s
2026-05-19T13:46:25 COLMAP[chunk_08_sequential_matcher] I20260519 13:46:25.652588 14965 pairing.cc:473] Processing image [13/183]
2026-05-19T13:46:26 COLMAP[chunk_08_sequential_matcher] I20260519 13:46:25.959550 14965 feature_matching.cc:217] in 0.307s
2026-05-19T13:46:26 COLMAP[chunk_08_sequential_matcher] I20260519 13:46:25.959604 14965 pairing.cc:473] Processing image [14/183]
2026-05-19T13:46:26 COLMAP[chunk_08_sequential_matcher] I20260519 13:46:26.491705 14965 feature_matching.cc:217] in 0.532s
2026-05-19T13:46:26 COLMAP[chunk_08_sequential_matcher] I20260519 13:46:26.491761 14965 pairing.cc:473] Processing image [15/183]
2026-05-19T13:46:27 COLMAP[chunk_08_sequential_matcher] I20260519 13:46:26.879606 14965 feature_matching.cc:217] in 0.388s
2026-05-19T13:46:27 COLMAP[chunk_08_sequential_matcher] I20260519 13:46:26.879657 14965 pairing.cc:473] Processing image [16/183]
2026-05-19T13:46:27 COLMAP[chunk_08_sequential_matcher] I20260519 13:46:27.118388 14965 feature_matching.cc:217] in 0.239s
2026-05-19T13:46:27 COLMAP[chunk_08_sequential_matcher] I20260519 13:46:27.118444 14965 pairing.cc:473] Processing image [17/183]
2026-05-19T13:46:27 COLMAP[chunk_08_sequential_matcher] I20260519 13:46:27.425987 14965 feature_matching.cc:217] in 0.308s
2026-05-19T13:46:27 COLMAP[chunk_08_sequential_matcher] I20260519 13:46:27.426030 14965 pairing.cc:473] Processing image [18/183]
2026-05-19T13:46:28 COLMAP[chunk_08_sequential_matcher] I20260519 13:46:28.007754 14965 feature_matching.cc:217] in 0.582s
2026-05-19T13:46:28 COLMAP[chunk_08_sequential_matcher] I20260519 13:46:28.007812 14965 pairing.cc:473] Processing image [19/183]
2026-05-19T13:46:28 COLMAP[chunk_08_sequential_matcher] I20260519 13:46:28.477603 14965 feature_matching.cc:217] in 0.470s
2026-05-19T13:46:28 COLMAP[chunk_08_sequential_matcher] I20260519 13:46:28.477662 14965 pairing.cc:473] Processing image [20/183]
2026-05-19T13:46:29 COLMAP[chunk_08_sequential_matcher] I20260519 13:46:28.926442 14965 feature_matching.cc:217] in 0.449s
2026-05-19T13:46:29 COLMAP[chunk_08_sequential_matcher] I20260519 13:46:28.926496 14965 pairing.cc:473] Processing image [21/183]
2026-05-19T13:46:29 COLMAP[chunk_08_sequential_matcher] I20260519 13:46:29.525869 14965 feature_matching.cc:217] in 0.599s
2026-05-19T13:46:29 COLMAP[chunk_08_sequential_matcher] I20260519 13:46:29.525923 14965 pairing.cc:473] Processing image [22/183]
2026-05-19T13:46:30 COLMAP[chunk_08_sequential_matcher] I20260519 13:46:30.017388 14965 feature_matching.cc:217] in 0.492s
2026-05-19T13:46:30 COLMAP[chunk_08_sequential_matcher] I20260519 13:46:30.017442 14965 pairing.cc:473] Processing image [23/183]
2026-05-19T13:46:30 COLMAP[chunk_08_sequential_matcher] I20260519 13:46:30.404968 14965 feature_matching.cc:217] in 0.388s
2026-05-19T13:46:30 COLMAP[chunk_08_sequential_matcher] I20260519 13:46:30.405022 14965 pairing.cc:473] Processing image [24/183]
2026-05-19T13:46:31 COLMAP[chunk_08_sequential_matcher] I20260519 13:46:31.277428 14965 feature_matching.cc:217] in 0.872s
2026-05-19T13:46:31 COLMAP[chunk_08_sequential_matcher] I20260519 13:46:31.277482 14965 pairing.cc:473] Processing image [25/183]
2026-05-19T13:46:32 COLMAP[chunk_08_sequential_matcher] I20260519 13:46:32.015966 14965 feature_matching.cc:217] in 0.739s
2026-05-19T13:46:32 COLMAP[chunk_08_sequential_matcher] I20260519 13:46:32.016016 14965 pairing.cc:473] Processing image [26/183]
2026-05-19T13:46:33 COLMAP[chunk_08_sequential_matcher] I20260519 13:46:33.065112 14965 feature_matching.cc:217] in 1.049s
2026-05-19T13:46:33 COLMAP[chunk_08_sequential_matcher] I20260519 13:46:33.065162 14965 pairing.cc:473] Processing image [27/183]
2026-05-19T13:46:33 COLMAP[chunk_08_sequential_matcher] I20260519 13:46:33.650249 14965 feature_matching.cc:217] in 0.585s
2026-05-19T13:46:33 COLMAP[chunk_08_sequential_matcher] I20260519 13:46:33.650308 14965 pairing.cc:473] Processing image [28/183]
2026-05-19T13:46:34 COLMAP[chunk_08_sequential_matcher] I20260519 13:46:34.482019 14965 feature_matching.cc:217] in 0.832s
2026-05-19T13:46:34 COLMAP[chunk_08_sequential_matcher] I20260519 13:46:34.482074 14965 pairing.cc:473] Processing image [29/183]
2026-05-19T13:46:35 COLMAP[chunk_08_sequential_matcher] I20260519 13:46:35.245353 14965 feature_matching.cc:217] in 0.763s
2026-05-19T13:46:35 COLMAP[chunk_08_sequential_matcher] I20260519 13:46:35.245402 14965 pairing.cc:473] Processing image [30/183]
2026-05-19T13:46:36 COLMAP[chunk_08_sequential_matcher] I20260519 13:46:36.174114 14965 feature_matching.cc:217] in 0.929s
2026-05-19T13:46:36 COLMAP[chunk_08_sequential_matcher] I20260519 13:46:36.174163 14965 pairing.cc:473] Processing image [31/183]
2026-05-19T13:46:37 COLMAP[chunk_08_sequential_matcher] I20260519 13:46:37.149091 14965 feature_matching.cc:217] in 0.975s
2026-05-19T13:46:37 COLMAP[chunk_08_sequential_matcher] I20260519 13:46:37.149145 14965 pairing.cc:473] Processing image [32/183]
2026-05-19T13:46:38 COLMAP[chunk_08_sequential_matcher] I20260519 13:46:38.206171 14965 feature_matching.cc:217] in 1.057s
2026-05-19T13:46:38 COLMAP[chunk_08_sequential_matcher] I20260519 13:46:38.206223 14965 pairing.cc:473] Processing image [33/183]
2026-05-19T13:46:39 COLMAP[chunk_08_sequential_matcher] I20260519 13:46:39.224896 14965 feature_matching.cc:217] in 1.019s
2026-05-19T13:46:39 COLMAP[chunk_08_sequential_matcher] I20260519 13:46:39.224946 14965 pairing.cc:473] Processing image [34/183]
2026-05-19T13:46:40 COLMAP[chunk_08_sequential_matcher] I20260519 13:46:39.864979 14965 feature_matching.cc:217] in 0.640s
2026-05-19T13:46:40 COLMAP[chunk_08_sequential_matcher] I20260519 13:46:39.865026 14965 pairing.cc:473] Processing image [35/183]
2026-05-19T13:46:40 COLMAP[chunk_08_sequential_matcher] I20260519 13:46:40.233147 14965 feature_matching.cc:217] in 0.368s
2026-05-19T13:46:40 COLMAP[chunk_08_sequential_matcher] I20260519 13:46:40.233197 14965 pairing.cc:473] Processing image [36/183]
2026-05-19T13:46:40 COLMAP[chunk_08_sequential_matcher] I20260519 13:46:40.733947 14965 feature_matching.cc:217] in 0.501s
2026-05-19T13:46:40 COLMAP[chunk_08_sequential_matcher] I20260519 13:46:40.733999 14965 pairing.cc:473] Processing image [37/183]
2026-05-19T13:46:41 COLMAP[chunk_08_sequential_matcher] I20260519 13:46:41.267763 14965 feature_matching.cc:217] in 0.534s
2026-05-19T13:46:41 COLMAP[chunk_08_sequential_matcher] I20260519 13:46:41.267818 14965 pairing.cc:473] Processing image [38/183]
2026-05-19T13:46:42 COLMAP[chunk_08_sequential_matcher] I20260519 13:46:41.905941 14965 feature_matching.cc:217] in 0.638s
2026-05-19T13:46:42 COLMAP[chunk_08_sequential_matcher] I20260519 13:46:41.905987 14965 pairing.cc:473] Processing image [39/183]
2026-05-19T13:46:42 COLMAP[chunk_08_sequential_matcher] I20260519 13:46:42.454273 14965 feature_matching.cc:217] in 0.548s
2026-05-19T13:46:42 COLMAP[chunk_08_sequential_matcher] I20260519 13:46:42.454326 14965 pairing.cc:473] Processing image [40/183]
2026-05-19T13:46:43 COLMAP[chunk_08_sequential_matcher] I20260519 13:46:43.208040 14965 feature_matching.cc:217] in 0.754s
2026-05-19T13:46:43 COLMAP[chunk_08_sequential_matcher] I20260519 13:46:43.208096 14965 pairing.cc:473] Processing image [41/183]
2026-05-19T13:46:44 COLMAP[chunk_08_sequential_matcher] I20260519 13:46:43.847525 14965 feature_matching.cc:217] in 0.639s
2026-05-19T13:46:44 COLMAP[chunk_08_sequential_matcher] I20260519 13:46:43.847575 14965 pairing.cc:473] Processing image [42/183]
2026-05-19T13:46:44 COLMAP[chunk_08_sequential_matcher] I20260519 13:46:44.344481 14965 feature_matching.cc:217] in 0.497s
2026-05-19T13:46:44 COLMAP[chunk_08_sequential_matcher] I20260519 13:46:44.344534 14965 pairing.cc:473] Processing image [43/183]
2026-05-19T13:46:45 COLMAP[chunk_08_sequential_matcher] I20260519 13:46:44.953466 14965 feature_matching.cc:217] in 0.609s
2026-05-19T13:46:45 COLMAP[chunk_08_sequential_matcher] I20260519 13:46:44.953516 14965 pairing.cc:473] Processing image [44/183]
2026-05-19T13:46:46 COLMAP[chunk_08_sequential_matcher] I20260519 13:46:45.912027 14965 feature_matching.cc:217] in 0.959s
2026-05-19T13:46:46 COLMAP[chunk_08_sequential_matcher] I20260519 13:46:45.912076 14965 pairing.cc:473] Processing image [45/183]
2026-05-19T13:46:46 COLMAP[chunk_08_sequential_matcher] I20260519 13:46:46.613647 14965 feature_matching.cc:217] in 0.702s
2026-05-19T13:46:46 COLMAP[chunk_08_sequential_matcher] I20260519 13:46:46.613709 14965 pairing.cc:473] Processing image [46/183]
2026-05-19T13:46:47 COLMAP[chunk_08_sequential_matcher] I20260519 13:46:47.477798 14965 feature_matching.cc:217] in 0.864s
2026-05-19T13:46:47 COLMAP[chunk_08_sequential_matcher] I20260519 13:46:47.477847 14965 pairing.cc:473] Processing image [47/183]
2026-05-19T13:46:48 COLMAP[chunk_08_sequential_matcher] I20260519 13:46:48.379783 14965 feature_matching.cc:217] in 0.902s
2026-05-19T13:46:48 COLMAP[chunk_08_sequential_matcher] I20260519 13:46:48.379841 14965 pairing.cc:473] Processing image [48/183]
2026-05-19T13:46:49 COLMAP[chunk_08_sequential_matcher] I20260519 13:46:49.327736 14965 feature_matching.cc:217] in 0.948s
2026-05-19T13:46:49 COLMAP[chunk_08_sequential_matcher] I20260519 13:46:49.327785 14965 pairing.cc:473] Processing image [49/183]
2026-05-19T13:46:49 COLMAP[chunk_08_sequential_matcher] I20260519 13:46:49.700205 14965 feature_matching.cc:217] in 0.372s
2026-05-19T13:46:49 COLMAP[chunk_08_sequential_matcher] I20260519 13:46:49.700259 14965 pairing.cc:473] Processing image [50/183]
2026-05-19T13:46:50 COLMAP[chunk_08_sequential_matcher] I20260519 13:46:50.112914 14965 feature_matching.cc:217] in 0.413s
2026-05-19T13:46:50 COLMAP[chunk_08_sequential_matcher] I20260519 13:46:50.112967 14965 pairing.cc:473] Processing image [51/183]
2026-05-19T13:46:50 COLMAP[chunk_08_sequential_matcher] I20260519 13:46:50.594830 14965 feature_matching.cc:217] in 0.482s
2026-05-19T13:46:50 COLMAP[chunk_08_sequential_matcher] I20260519 13:46:50.594894 14965 pairing.cc:473] Processing image [52/183]
2026-05-19T13:46:51 COLMAP[chunk_08_sequential_matcher] I20260519 13:46:50.787382 14965 feature_matching.cc:217] in 0.193s
2026-05-19T13:46:51 COLMAP[chunk_08_sequential_matcher] I20260519 13:46:50.787434 14965 pairing.cc:473] Processing image [53/183]
2026-05-19T13:46:51 COLMAP[chunk_08_sequential_matcher] I20260519 13:46:50.972647 14965 feature_matching.cc:217] in 0.185s
2026-05-19T13:46:51 COLMAP[chunk_08_sequential_matcher] I20260519 13:46:50.972690 14965 pairing.cc:473] Processing image [54/183]
2026-05-19T13:46:51 COLMAP[chunk_08_sequential_matcher] I20260519 13:46:51.227285 14965 feature_matching.cc:217] in 0.255s
2026-05-19T13:46:51 COLMAP[chunk_08_sequential_matcher] I20260519 13:46:51.227348 14965 pairing.cc:473] Processing image [55/183]
2026-05-19T13:46:51 COLMAP[chunk_08_sequential_matcher] I20260519 13:46:51.638159 14965 feature_matching.cc:217] in 0.411s
2026-05-19T13:46:51 COLMAP[chunk_08_sequential_matcher] I20260519 13:46:51.638207 14965 pairing.cc:473] Processing image [56/183]
2026-05-19T13:46:52 COLMAP[chunk_08_sequential_matcher] I20260519 13:46:52.059602 14965 feature_matching.cc:217] in 0.421s
2026-05-19T13:46:52 COLMAP[chunk_08_sequential_matcher] I20260519 13:46:52.059649 14965 pairing.cc:473] Processing image [57/183]
2026-05-19T13:46:52 COLMAP[chunk_08_sequential_matcher] I20260519 13:46:52.584579 14965 feature_matching.cc:217] in 0.525s
2026-05-19T13:46:52 COLMAP[chunk_08_sequential_matcher] I20260519 13:46:52.584632 14965 pairing.cc:473] Processing image [58/183]
2026-05-19T13:46:53 COLMAP[chunk_08_sequential_matcher] I20260519 13:46:53.030865 14965 feature_matching.cc:217] in 0.446s
2026-05-19T13:46:53 COLMAP[chunk_08_sequential_matcher] I20260519 13:46:53.030913 14965 pairing.cc:473] Processing image [59/183]
2026-05-19T13:46:53 COLMAP[chunk_08_sequential_matcher] I20260519 13:46:53.292662 14965 feature_matching.cc:217] in 0.262s
2026-05-19T13:46:53 COLMAP[chunk_08_sequential_matcher] I20260519 13:46:53.292714 14965 pairing.cc:473] Processing image [60/183]
2026-05-19T13:46:53 COLMAP[chunk_08_sequential_matcher] I20260519 13:46:53.641656 14965 feature_matching.cc:217] in 0.349s
2026-05-19T13:46:53 COLMAP[chunk_08_sequential_matcher] I20260519 13:46:53.641731 14965 pairing.cc:473] Processing image [61/183]
2026-05-19T13:46:54 COLMAP[chunk_08_sequential_matcher] I20260519 13:46:54.010633 14965 feature_matching.cc:217] in 0.369s
2026-05-19T13:46:54 COLMAP[chunk_08_sequential_matcher] I20260519 13:46:54.010682 14965 pairing.cc:473] Processing image [62/183]
2026-05-19T13:46:54 COLMAP[chunk_08_sequential_matcher] I20260519 13:46:54.408990 14965 feature_matching.cc:217] in 0.398s
2026-05-19T13:46:54 COLMAP[chunk_08_sequential_matcher] I20260519 13:46:54.409044 14965 pairing.cc:473] Processing image [63/183]
2026-05-19T13:46:55 COLMAP[chunk_08_sequential_matcher] I20260519 13:46:54.796953 14965 feature_matching.cc:217] in 0.388s
2026-05-19T13:46:55 COLMAP[chunk_08_sequential_matcher] I20260519 13:46:54.797012 14965 pairing.cc:473] Processing image [64/183]
2026-05-19T13:46:55 COLMAP[chunk_08_sequential_matcher] I20260519 13:46:55.455472 14965 feature_matching.cc:217] in 0.658s
2026-05-19T13:46:55 COLMAP[chunk_08_sequential_matcher] I20260519 13:46:55.455525 14965 pairing.cc:473] Processing image [65/183]
2026-05-19T13:46:56 COLMAP[chunk_08_sequential_matcher] I20260519 13:46:55.892522 14965 feature_matching.cc:217] in 0.437s
2026-05-19T13:46:56 COLMAP[chunk_08_sequential_matcher] I20260519 13:46:55.892576 14965 pairing.cc:473] Processing image [66/183]
2026-05-19T13:46:56 COLMAP[chunk_08_sequential_matcher] I20260519 13:46:56.206300 14965 feature_matching.cc:217] in 0.314s
2026-05-19T13:46:56 COLMAP[chunk_08_sequential_matcher] I20260519 13:46:56.206353 14965 pairing.cc:473] Processing image [67/183]
2026-05-19T13:46:56 COLMAP[chunk_08_sequential_matcher] I20260519 13:46:56.503535 14965 feature_matching.cc:217] in 0.297s
2026-05-19T13:46:56 COLMAP[chunk_08_sequential_matcher] I20260519 13:46:56.503590 14965 pairing.cc:473] Processing image [68/183]
2026-05-19T13:46:57 COLMAP[chunk_08_sequential_matcher] I20260519 13:46:56.879230 14965 feature_matching.cc:217] in 0.376s
2026-05-19T13:46:57 COLMAP[chunk_08_sequential_matcher] I20260519 13:46:56.879281 14965 pairing.cc:473] Processing image [69/183]
2026-05-19T13:46:57 COLMAP[chunk_08_sequential_matcher] I20260519 13:46:57.403328 14965 feature_matching.cc:217] in 0.524s
2026-05-19T13:46:57 COLMAP[chunk_08_sequential_matcher] I20260519 13:46:57.403381 14965 pairing.cc:473] Processing image [70/183]
2026-05-19T13:46:58 COLMAP[chunk_08_sequential_matcher] I20260519 13:46:58.027029 14965 feature_matching.cc:217] in 0.624s
2026-05-19T13:46:58 COLMAP[chunk_08_sequential_matcher] I20260519 13:46:58.027078 14965 pairing.cc:473] Processing image [71/183]
2026-05-19T13:46:58 COLMAP[chunk_08_sequential_matcher] I20260519 13:46:58.501605 14965 feature_matching.cc:217] in 0.475s
2026-05-19T13:46:58 COLMAP[chunk_08_sequential_matcher] I20260519 13:46:58.501673 14965 pairing.cc:473] Processing image [72/183]
2026-05-19T13:46:59 COLMAP[chunk_08_sequential_matcher] I20260519 13:46:59.036806 14965 feature_matching.cc:217] in 0.535s
2026-05-19T13:46:59 COLMAP[chunk_08_sequential_matcher] I20260519 13:46:59.036854 14965 pairing.cc:473] Processing image [73/183]
2026-05-19T13:46:59 COLMAP[chunk_08_sequential_matcher] I20260519 13:46:59.513231 14965 feature_matching.cc:217] in 0.476s
2026-05-19T13:46:59 COLMAP[chunk_08_sequential_matcher] I20260519 13:46:59.513285 14965 pairing.cc:473] Processing image [74/183]
2026-05-19T13:47:00 COLMAP[chunk_08_sequential_matcher] I20260519 13:46:59.961264 14965 feature_matching.cc:217] in 0.448s
2026-05-19T13:47:00 COLMAP[chunk_08_sequential_matcher] I20260519 13:46:59.961319 14965 pairing.cc:473] Processing image [75/183]
2026-05-19T13:47:00 COLMAP[chunk_08_sequential_matcher] I20260519 13:47:00.465901 14965 feature_matching.cc:217] in 0.505s
2026-05-19T13:47:00 COLMAP[chunk_08_sequential_matcher] I20260519 13:47:00.465957 14965 pairing.cc:473] Processing image [76/183]
2026-05-19T13:47:01 COLMAP[chunk_08_sequential_matcher] I20260519 13:47:01.005777 14965 feature_matching.cc:217] in 0.540s
2026-05-19T13:47:01 COLMAP[chunk_08_sequential_matcher] I20260519 13:47:01.005832 14965 pairing.cc:473] Processing image [77/183]
2026-05-19T13:47:01 COLMAP[chunk_08_sequential_matcher] I20260519 13:47:01.610591 14965 feature_matching.cc:217] in 0.605s
2026-05-19T13:47:01 COLMAP[chunk_08_sequential_matcher] I20260519 13:47:01.610646 14965 pairing.cc:473] Processing image [78/183]
2026-05-19T13:47:02 COLMAP[chunk_08_sequential_matcher] I20260519 13:47:02.083514 14965 feature_matching.cc:217] in 0.473s
2026-05-19T13:47:02 COLMAP[chunk_08_sequential_matcher] I20260519 13:47:02.083565 14965 pairing.cc:473] Processing image [79/183]
2026-05-19T13:47:02 COLMAP[chunk_08_sequential_matcher] I20260519 13:47:02.625562 14965 feature_matching.cc:217] in 0.542s
2026-05-19T13:47:02 COLMAP[chunk_08_sequential_matcher] I20260519 13:47:02.625618 14965 pairing.cc:473] Processing image [80/183]
2026-05-19T13:47:03 COLMAP[chunk_08_sequential_matcher] I20260519 13:47:03.218442 14965 feature_matching.cc:217] in 0.593s
2026-05-19T13:47:03 COLMAP[chunk_08_sequential_matcher] I20260519 13:47:03.218500 14965 pairing.cc:473] Processing image [81/183]
2026-05-19T13:47:04 COLMAP[chunk_08_sequential_matcher] I20260519 13:47:04.146322 14965 feature_matching.cc:217] in 0.928s
2026-05-19T13:47:04 COLMAP[chunk_08_sequential_matcher] I20260519 13:47:04.146375 14965 pairing.cc:473] Processing image [82/183]
2026-05-19T13:47:05 COLMAP[chunk_08_sequential_matcher] I20260519 13:47:04.990963 14965 feature_matching.cc:217] in 0.845s
2026-05-19T13:47:05 COLMAP[chunk_08_sequential_matcher] I20260519 13:47:04.991021 14965 pairing.cc:473] Processing image [83/183]
2026-05-19T13:47:05 COLMAP[chunk_08_sequential_matcher] I20260519 13:47:05.739424 14965 feature_matching.cc:217] in 0.748s
2026-05-19T13:47:05 COLMAP[chunk_08_sequential_matcher] I20260519 13:47:05.739480 14965 pairing.cc:473] Processing image [84/183]
2026-05-19T13:47:06 COLMAP[chunk_08_sequential_matcher] I20260519 13:47:05.817796 14965 feature_matching.cc:217] in 0.078s
2026-05-19T13:47:06 COLMAP[chunk_08_sequential_matcher] I20260519 13:47:05.817852 14965 pairing.cc:473] Processing image [85/183]
2026-05-19T13:47:06 COLMAP[chunk_08_sequential_matcher] I20260519 13:47:05.874354 14965 feature_matching.cc:217] in 0.057s
2026-05-19T13:47:06 COLMAP[chunk_08_sequential_matcher] I20260519 13:47:05.874406 14965 pairing.cc:473] Processing image [86/183]
2026-05-19T13:47:06 COLMAP[chunk_08_sequential_matcher] I20260519 13:47:06.241560 14965 feature_matching.cc:217] in 0.367s
2026-05-19T13:47:06 COLMAP[chunk_08_sequential_matcher] I20260519 13:47:06.241612 14965 pairing.cc:473] Processing image [87/183]
2026-05-19T13:47:07 COLMAP[chunk_08_sequential_matcher] I20260519 13:47:06.866197 14965 feature_matching.cc:217] in 0.625s
2026-05-19T13:47:07 COLMAP[chunk_08_sequential_matcher] I20260519 13:47:06.866252 14965 pairing.cc:473] Processing image [88/183]
2026-05-19T13:47:07 COLMAP[chunk_08_sequential_matcher] I20260519 13:47:07.249760 14965 feature_matching.cc:217] in 0.384s
2026-05-19T13:47:07 COLMAP[chunk_08_sequential_matcher] I20260519 13:47:07.249816 14965 pairing.cc:473] Processing image [89/183]
2026-05-19T13:47:07 COLMAP[chunk_08_sequential_matcher] I20260519 13:47:07.621490 14965 feature_matching.cc:217] in 0.372s
2026-05-19T13:47:07 COLMAP[chunk_08_sequential_matcher] I20260519 13:47:07.621544 14965 pairing.cc:473] Processing image [90/183]
2026-05-19T13:47:08 COLMAP[chunk_08_sequential_matcher] I20260519 13:47:08.077973 14965 feature_matching.cc:217] in 0.456s
2026-05-19T13:47:08 COLMAP[chunk_08_sequential_matcher] I20260519 13:47:08.078028 14965 pairing.cc:473] Processing image [91/183]
2026-05-19T13:47:08 COLMAP[chunk_08_sequential_matcher] I20260519 13:47:08.605089 14965 feature_matching.cc:217] in 0.527s
2026-05-19T13:47:08 COLMAP[chunk_08_sequential_matcher] I20260519 13:47:08.605147 14965 pairing.cc:473] Processing image [92/183]
2026-05-19T13:47:09 COLMAP[chunk_08_sequential_matcher] I20260519 13:47:08.989545 14965 feature_matching.cc:217] in 0.384s
2026-05-19T13:47:09 COLMAP[chunk_08_sequential_matcher] I20260519 13:47:08.989598 14965 pairing.cc:473] Processing image [93/183]
2026-05-19T13:47:09 COLMAP[chunk_08_sequential_matcher] I20260519 13:47:09.355499 14965 feature_matching.cc:217] in 0.366s
2026-05-19T13:47:09 COLMAP[chunk_08_sequential_matcher] I20260519 13:47:09.355548 14965 pairing.cc:473] Processing image [94/183]
2026-05-19T13:47:10 COLMAP[chunk_08_sequential_matcher] I20260519 13:47:09.953841 14965 feature_matching.cc:217] in 0.598s
2026-05-19T13:47:10 COLMAP[chunk_08_sequential_matcher] I20260519 13:47:09.953896 14965 pairing.cc:473] Processing image [95/183]
2026-05-19T13:47:10 COLMAP[chunk_08_sequential_matcher] I20260519 13:47:10.360704 14965 feature_matching.cc:217] in 0.407s
2026-05-19T13:47:10 COLMAP[chunk_08_sequential_matcher] I20260519 13:47:10.360760 14965 pairing.cc:473] Processing image [96/183]
2026-05-19T13:47:11 COLMAP[chunk_08_sequential_matcher] I20260519 13:47:10.786736 14965 feature_matching.cc:217] in 0.426s
2026-05-19T13:47:11 COLMAP[chunk_08_sequential_matcher] I20260519 13:47:10.786790 14965 pairing.cc:473] Processing image [97/183]
2026-05-19T13:47:11 COLMAP[chunk_08_sequential_matcher] I20260519 13:47:11.180401 14965 feature_matching.cc:217] in 0.394s
2026-05-19T13:47:11 COLMAP[chunk_08_sequential_matcher] I20260519 13:47:11.180451 14965 pairing.cc:473] Processing image [98/183]
2026-05-19T13:47:12 COLMAP[chunk_08_sequential_matcher] I20260519 13:47:11.843197 14965 feature_matching.cc:217] in 0.663s
2026-05-19T13:47:12 COLMAP[chunk_08_sequential_matcher] I20260519 13:47:11.843246 14965 pairing.cc:473] Processing image [99/183]
2026-05-19T13:47:12 COLMAP[chunk_08_sequential_matcher] I20260519 13:47:12.468587 14965 feature_matching.cc:217] in 0.625s
2026-05-19T13:47:12 COLMAP[chunk_08_sequential_matcher] I20260519 13:47:12.468639 14965 pairing.cc:473] Processing image [100/183]
2026-05-19T13:47:13 COLMAP[chunk_08_sequential_matcher] I20260519 13:47:12.846056 14965 feature_matching.cc:217] in 0.377s
2026-05-19T13:47:13 COLMAP[chunk_08_sequential_matcher] I20260519 13:47:12.846108 14965 pairing.cc:473] Processing image [101/183]
2026-05-19T13:47:13 COLMAP[chunk_08_sequential_matcher] I20260519 13:47:13.216506 14965 feature_matching.cc:217] in 0.370s
2026-05-19T13:47:13 COLMAP[chunk_08_sequential_matcher] I20260519 13:47:13.216553 14965 pairing.cc:473] Processing image [102/183]
2026-05-19T13:47:13 COLMAP[chunk_08_sequential_matcher] I20260519 13:47:13.593724 14965 feature_matching.cc:217] in 0.377s
2026-05-19T13:47:13 COLMAP[chunk_08_sequential_matcher] I20260519 13:47:13.593779 14965 pairing.cc:473] Processing image [103/183]
2026-05-19T13:47:14 COLMAP[chunk_08_sequential_matcher] I20260519 13:47:13.971186 14965 feature_matching.cc:217] in 0.377s
2026-05-19T13:47:14 COLMAP[chunk_08_sequential_matcher] I20260519 13:47:13.971242 14965 pairing.cc:473] Processing image [104/183]
2026-05-19T13:47:14 COLMAP[chunk_08_sequential_matcher] I20260519 13:47:14.520182 14965 feature_matching.cc:217] in 0.549s
2026-05-19T13:47:14 COLMAP[chunk_08_sequential_matcher] I20260519 13:47:14.520236 14965 pairing.cc:473] Processing image [105/183]
2026-05-19T13:47:15 COLMAP[chunk_08_sequential_matcher] I20260519 13:47:14.953465 14965 feature_matching.cc:217] in 0.433s
2026-05-19T13:47:15 COLMAP[chunk_08_sequential_matcher] I20260519 13:47:14.953522 14965 pairing.cc:473] Processing image [106/183]
2026-05-19T13:47:15 COLMAP[chunk_08_sequential_matcher] I20260519 13:47:15.339028 14965 feature_matching.cc:217] in 0.386s
2026-05-19T13:47:15 COLMAP[chunk_08_sequential_matcher] I20260519 13:47:15.339078 14965 pairing.cc:473] Processing image [107/183]
2026-05-19T13:47:15 COLMAP[chunk_08_sequential_matcher] I20260519 13:47:15.711504 14965 feature_matching.cc:217] in 0.372s
2026-05-19T13:47:15 COLMAP[chunk_08_sequential_matcher] I20260519 13:47:15.711558 14965 pairing.cc:473] Processing image [108/183]
2026-05-19T13:47:16 COLMAP[chunk_08_sequential_matcher] I20260519 13:47:16.111055 14965 feature_matching.cc:217] in 0.400s
2026-05-19T13:47:16 COLMAP[chunk_08_sequential_matcher] I20260519 13:47:16.111111 14965 pairing.cc:473] Processing image [109/183]
2026-05-19T13:47:16 COLMAP[chunk_08_sequential_matcher] I20260519 13:47:16.536567 14965 feature_matching.cc:217] in 0.425s
2026-05-19T13:47:16 COLMAP[chunk_08_sequential_matcher] I20260519 13:47:16.536625 14965 pairing.cc:473] Processing image [110/183]
2026-05-19T13:47:17 COLMAP[chunk_08_sequential_matcher] I20260519 13:47:17.013818 14965 feature_matching.cc:217] in 0.477s
2026-05-19T13:47:17 COLMAP[chunk_08_sequential_matcher] I20260519 13:47:17.013863 14965 pairing.cc:473] Processing image [111/183]
2026-05-19T13:47:17 COLMAP[chunk_08_sequential_matcher] I20260519 13:47:17.394896 14965 feature_matching.cc:217] in 0.381s
2026-05-19T13:47:17 COLMAP[chunk_08_sequential_matcher] I20260519 13:47:17.394948 14965 pairing.cc:473] Processing image [112/183]
2026-05-19T13:47:18 COLMAP[chunk_08_sequential_matcher] I20260519 13:47:18.109328 14965 feature_matching.cc:217] in 0.714s
2026-05-19T13:47:18 COLMAP[chunk_08_sequential_matcher] I20260519 13:47:18.109382 14965 pairing.cc:473] Processing image [113/183]
2026-05-19T13:47:18 COLMAP[chunk_08_sequential_matcher] I20260519 13:47:18.524768 14965 feature_matching.cc:217] in 0.415s
2026-05-19T13:47:18 COLMAP[chunk_08_sequential_matcher] I20260519 13:47:18.524827 14965 pairing.cc:473] Processing image [114/183]
2026-05-19T13:47:19 COLMAP[chunk_08_sequential_matcher] I20260519 13:47:19.081418 14965 feature_matching.cc:217] in 0.557s
2026-05-19T13:47:19 COLMAP[chunk_08_sequential_matcher] I20260519 13:47:19.081472 14965 pairing.cc:473] Processing image [115/183]
2026-05-19T13:47:19 COLMAP[chunk_08_sequential_matcher] I20260519 13:47:19.621055 14965 feature_matching.cc:217] in 0.540s
2026-05-19T13:47:19 COLMAP[chunk_08_sequential_matcher] I20260519 13:47:19.621111 14965 pairing.cc:473] Processing image [116/183]
2026-05-19T13:47:20 COLMAP[chunk_08_sequential_matcher] I20260519 13:47:20.137149 14965 feature_matching.cc:217] in 0.516s
2026-05-19T13:47:20 COLMAP[chunk_08_sequential_matcher] I20260519 13:47:20.137207 14965 pairing.cc:473] Processing image [117/183]
2026-05-19T13:47:21 COLMAP[chunk_08_sequential_matcher] I20260519 13:47:20.782851 14965 feature_matching.cc:217] in 0.646s
2026-05-19T13:47:21 COLMAP[chunk_08_sequential_matcher] I20260519 13:47:20.782928 14965 pairing.cc:473] Processing image [118/183]
2026-05-19T13:47:21 COLMAP[chunk_08_sequential_matcher] I20260519 13:47:21.585045 14965 feature_matching.cc:217] in 0.802s
2026-05-19T13:47:21 COLMAP[chunk_08_sequential_matcher] I20260519 13:47:21.585095 14965 pairing.cc:473] Processing image [119/183]
2026-05-19T13:47:22 COLMAP[chunk_08_sequential_matcher] I20260519 13:47:22.560473 14965 feature_matching.cc:217] in 0.975s
2026-05-19T13:47:22 COLMAP[chunk_08_sequential_matcher] I20260519 13:47:22.560528 14965 pairing.cc:473] Processing image [120/183]
2026-05-19T13:47:23 COLMAP[chunk_08_sequential_matcher] I20260519 13:47:23.232406 14965 feature_matching.cc:217] in 0.672s
2026-05-19T13:47:23 COLMAP[chunk_08_sequential_matcher] I20260519 13:47:23.232458 14965 pairing.cc:473] Processing image [121/183]
2026-05-19T13:47:23 COLMAP[chunk_08_sequential_matcher] I20260519 13:47:23.587574 14965 feature_matching.cc:217] in 0.355s
2026-05-19T13:47:23 COLMAP[chunk_08_sequential_matcher] I20260519 13:47:23.587634 14965 pairing.cc:473] Processing image [122/183]
2026-05-19T13:47:24 COLMAP[chunk_08_sequential_matcher] I20260519 13:47:23.942723 14965 feature_matching.cc:217] in 0.355s
2026-05-19T13:47:24 COLMAP[chunk_08_sequential_matcher] I20260519 13:47:23.942778 14965 pairing.cc:473] Processing image [123/183]
2026-05-19T13:47:24 COLMAP[chunk_08_sequential_matcher] I20260519 13:47:24.292881 14965 feature_matching.cc:217] in 0.350s
2026-05-19T13:47:24 COLMAP[chunk_08_sequential_matcher] I20260519 13:47:24.292928 14965 pairing.cc:473] Processing image [124/183]
2026-05-19T13:47:24 COLMAP[chunk_08_sequential_matcher] I20260519 13:47:24.657640 14965 feature_matching.cc:217] in 0.365s
2026-05-19T13:47:24 COLMAP[chunk_08_sequential_matcher] I20260519 13:47:24.657712 14965 pairing.cc:473] Processing image [125/183]
2026-05-19T13:47:25 COLMAP[chunk_08_sequential_matcher] I20260519 13:47:25.038100 14965 feature_matching.cc:217] in 0.380s
2026-05-19T13:47:25 COLMAP[chunk_08_sequential_matcher] I20260519 13:47:25.038156 14965 pairing.cc:473] Processing image [126/183]
2026-05-19T13:47:25 COLMAP[chunk_08_sequential_matcher] I20260519 13:47:25.431767 14965 feature_matching.cc:217] in 0.394s
2026-05-19T13:47:25 COLMAP[chunk_08_sequential_matcher] I20260519 13:47:25.431825 14965 pairing.cc:473] Processing image [127/183]
2026-05-19T13:47:26 COLMAP[chunk_08_sequential_matcher] I20260519 13:47:25.832976 14965 feature_matching.cc:217] in 0.401s
2026-05-19T13:47:26 COLMAP[chunk_08_sequential_matcher] I20260519 13:47:25.833031 14965 pairing.cc:473] Processing image [128/183]
2026-05-19T13:47:26 COLMAP[chunk_08_sequential_matcher] I20260519 13:47:26.306667 14965 feature_matching.cc:217] in 0.474s
2026-05-19T13:47:26 COLMAP[chunk_08_sequential_matcher] I20260519 13:47:26.306734 14965 pairing.cc:473] Processing image [129/183]
2026-05-19T13:47:27 COLMAP[chunk_08_sequential_matcher] I20260519 13:47:26.825472 14965 feature_matching.cc:217] in 0.519s
2026-05-19T13:47:27 COLMAP[chunk_08_sequential_matcher] I20260519 13:47:26.825529 14965 pairing.cc:473] Processing image [130/183]
2026-05-19T13:47:27 COLMAP[chunk_08_sequential_matcher] I20260519 13:47:27.290622 14965 feature_matching.cc:217] in 0.465s
2026-05-19T13:47:27 COLMAP[chunk_08_sequential_matcher] I20260519 13:47:27.290678 14965 pairing.cc:473] Processing image [131/183]
2026-05-19T13:47:27 COLMAP[chunk_08_sequential_matcher] I20260519 13:47:27.690778 14965 feature_matching.cc:217] in 0.400s
2026-05-19T13:47:27 COLMAP[chunk_08_sequential_matcher] I20260519 13:47:27.690831 14965 pairing.cc:473] Processing image [132/183]
2026-05-19T13:47:28 COLMAP[chunk_08_sequential_matcher] I20260519 13:47:28.225461 14965 feature_matching.cc:217] in 0.535s
2026-05-19T13:47:28 COLMAP[chunk_08_sequential_matcher] I20260519 13:47:28.225519 14965 pairing.cc:473] Processing image [133/183]
2026-05-19T13:47:29 COLMAP[chunk_08_sequential_matcher] I20260519 13:47:28.838765 14965 feature_matching.cc:217] in 0.613s
2026-05-19T13:47:29 COLMAP[chunk_08_sequential_matcher] I20260519 13:47:28.838826 14965 pairing.cc:473] Processing image [134/183]
2026-05-19T13:47:29 COLMAP[chunk_08_sequential_matcher] I20260519 13:47:29.217732 14965 feature_matching.cc:217] in 0.379s
2026-05-19T13:47:29 COLMAP[chunk_08_sequential_matcher] I20260519 13:47:29.217785 14965 pairing.cc:473] Processing image [135/183]
2026-05-19T13:47:29 COLMAP[chunk_08_sequential_matcher] I20260519 13:47:29.694677 14965 feature_matching.cc:217] in 0.477s
2026-05-19T13:47:29 COLMAP[chunk_08_sequential_matcher] I20260519 13:47:29.694731 14965 pairing.cc:473] Processing image [136/183]
2026-05-19T13:47:30 COLMAP[chunk_08_sequential_matcher] I20260519 13:47:30.239346 14965 feature_matching.cc:217] in 0.545s
2026-05-19T13:47:30 COLMAP[chunk_08_sequential_matcher] I20260519 13:47:30.239404 14965 pairing.cc:473] Processing image [137/183]
2026-05-19T13:47:30 COLMAP[chunk_08_sequential_matcher] I20260519 13:47:30.629460 14965 feature_matching.cc:217] in 0.390s
2026-05-19T13:47:30 COLMAP[chunk_08_sequential_matcher] I20260519 13:47:30.629513 14965 pairing.cc:473] Processing image [138/183]
2026-05-19T13:47:31 COLMAP[chunk_08_sequential_matcher] I20260519 13:47:30.991809 14965 feature_matching.cc:217] in 0.362s
2026-05-19T13:47:31 COLMAP[chunk_08_sequential_matcher] I20260519 13:47:30.991866 14965 pairing.cc:473] Processing image [139/183]
2026-05-19T13:47:31 COLMAP[chunk_08_sequential_matcher] I20260519 13:47:31.351766 14965 feature_matching.cc:217] in 0.360s
2026-05-19T13:47:31 COLMAP[chunk_08_sequential_matcher] I20260519 13:47:31.351825 14965 pairing.cc:473] Processing image [140/183]
2026-05-19T13:47:31 COLMAP[chunk_08_sequential_matcher] I20260519 13:47:31.715435 14965 feature_matching.cc:217] in 0.364s
2026-05-19T13:47:31 COLMAP[chunk_08_sequential_matcher] I20260519 13:47:31.715487 14965 pairing.cc:473] Processing image [141/183]
2026-05-19T13:47:32 COLMAP[chunk_08_sequential_matcher] I20260519 13:47:32.092572 14965 feature_matching.cc:217] in 0.377s
2026-05-19T13:47:32 COLMAP[chunk_08_sequential_matcher] I20260519 13:47:32.092625 14965 pairing.cc:473] Processing image [142/183]
2026-05-19T13:47:32 COLMAP[chunk_08_sequential_matcher] I20260519 13:47:32.469077 14965 feature_matching.cc:217] in 0.376s
2026-05-19T13:47:32 COLMAP[chunk_08_sequential_matcher] I20260519 13:47:32.469129 14965 pairing.cc:473] Processing image [143/183]
2026-05-19T13:47:33 COLMAP[chunk_08_sequential_matcher] I20260519 13:47:33.003728 14965 feature_matching.cc:217] in 0.535s
2026-05-19T13:47:33 COLMAP[chunk_08_sequential_matcher] I20260519 13:47:33.003782 14965 pairing.cc:473] Processing image [144/183]
2026-05-19T13:47:33 COLMAP[chunk_08_sequential_matcher] I20260519 13:47:33.543912 14965 feature_matching.cc:217] in 0.540s
2026-05-19T13:47:33 COLMAP[chunk_08_sequential_matcher] I20260519 13:47:33.543965 14965 pairing.cc:473] Processing image [145/183]
2026-05-19T13:47:34 COLMAP[chunk_08_sequential_matcher] I20260519 13:47:34.070060 14965 feature_matching.cc:217] in 0.526s
2026-05-19T13:47:34 COLMAP[chunk_08_sequential_matcher] I20260519 13:47:34.070113 14965 pairing.cc:473] Processing image [146/183]
2026-05-19T13:47:34 COLMAP[chunk_08_sequential_matcher] I20260519 13:47:34.494735 14965 feature_matching.cc:217] in 0.425s
2026-05-19T13:47:34 COLMAP[chunk_08_sequential_matcher] I20260519 13:47:34.494805 14965 pairing.cc:473] Processing image [147/183]
2026-05-19T13:47:35 COLMAP[chunk_08_sequential_matcher] I20260519 13:47:35.129382 14965 feature_matching.cc:217] in 0.635s
2026-05-19T13:47:35 COLMAP[chunk_08_sequential_matcher] I20260519 13:47:35.129446 14965 pairing.cc:473] Processing image [148/183]
2026-05-19T13:47:36 COLMAP[chunk_08_sequential_matcher] I20260519 13:47:36.089627 14965 feature_matching.cc:217] in 0.960s
2026-05-19T13:47:36 COLMAP[chunk_08_sequential_matcher] I20260519 13:47:36.089701 14965 pairing.cc:473] Processing image [149/183]
2026-05-19T13:47:36 COLMAP[chunk_08_sequential_matcher] I20260519 13:47:36.749019 14965 feature_matching.cc:217] in 0.659s
2026-05-19T13:47:36 COLMAP[chunk_08_sequential_matcher] I20260519 13:47:36.749073 14965 pairing.cc:473] Processing image [150/183]
2026-05-19T13:47:37 COLMAP[chunk_08_sequential_matcher] I20260519 13:47:37.526263 14965 feature_matching.cc:217] in 0.777s
2026-05-19T13:47:37 COLMAP[chunk_08_sequential_matcher] I20260519 13:47:37.526319 14965 pairing.cc:473] Processing image [151/183]
2026-05-19T13:47:38 COLMAP[chunk_08_sequential_matcher] I20260519 13:47:38.567726 14965 feature_matching.cc:217] in 1.041s
2026-05-19T13:47:38 COLMAP[chunk_08_sequential_matcher] I20260519 13:47:38.567775 14965 pairing.cc:473] Processing image [152/183]
2026-05-19T13:47:39 COLMAP[chunk_08_sequential_matcher] I20260519 13:47:38.912955 14965 feature_matching.cc:217] in 0.345s
2026-05-19T13:47:39 COLMAP[chunk_08_sequential_matcher] I20260519 13:47:38.913010 14965 pairing.cc:473] Processing image [153/183]
2026-05-19T13:47:39 COLMAP[chunk_08_sequential_matcher] I20260519 13:47:39.274569 14965 feature_matching.cc:217] in 0.362s
2026-05-19T13:47:39 COLMAP[chunk_08_sequential_matcher] I20260519 13:47:39.274623 14965 pairing.cc:473] Processing image [154/183]
2026-05-19T13:47:39 COLMAP[chunk_08_sequential_matcher] I20260519 13:47:39.655889 14965 feature_matching.cc:217] in 0.381s
2026-05-19T13:47:39 COLMAP[chunk_08_sequential_matcher] I20260519 13:47:39.655943 14965 pairing.cc:473] Processing image [155/183]
2026-05-19T13:47:40 COLMAP[chunk_08_sequential_matcher] I20260519 13:47:40.056857 14965 feature_matching.cc:217] in 0.401s
2026-05-19T13:47:40 COLMAP[chunk_08_sequential_matcher] I20260519 13:47:40.056913 14965 pairing.cc:473] Processing image [156/183]
2026-05-19T13:47:40 COLMAP[chunk_08_sequential_matcher] I20260519 13:47:40.450847 14965 feature_matching.cc:217] in 0.394s
2026-05-19T13:47:40 COLMAP[chunk_08_sequential_matcher] I20260519 13:47:40.450903 14965 pairing.cc:473] Processing image [157/183]
2026-05-19T13:47:41 COLMAP[chunk_08_sequential_matcher] I20260519 13:47:41.020514 14965 feature_matching.cc:217] in 0.570s
2026-05-19T13:47:41 COLMAP[chunk_08_sequential_matcher] I20260519 13:47:41.020571 14965 pairing.cc:473] Processing image [158/183]
2026-05-19T13:47:41 COLMAP[chunk_08_sequential_matcher] I20260519 13:47:41.584918 14965 feature_matching.cc:217] in 0.564s
2026-05-19T13:47:41 COLMAP[chunk_08_sequential_matcher] I20260519 13:47:41.584975 14965 pairing.cc:473] Processing image [159/183]
2026-05-19T13:47:42 COLMAP[chunk_08_sequential_matcher] I20260519 13:47:42.277472 14965 feature_matching.cc:217] in 0.693s
2026-05-19T13:47:42 COLMAP[chunk_08_sequential_matcher] I20260519 13:47:42.277527 14965 pairing.cc:473] Processing image [160/183]
2026-05-19T13:47:43 COLMAP[chunk_08_sequential_matcher] I20260519 13:47:43.027875 14965 feature_matching.cc:217] in 0.750s
2026-05-19T13:47:43 COLMAP[chunk_08_sequential_matcher] I20260519 13:47:43.027930 14965 pairing.cc:473] Processing image [161/183]
2026-05-19T13:47:43 COLMAP[chunk_08_sequential_matcher] I20260519 13:47:43.391573 14965 feature_matching.cc:217] in 0.364s
2026-05-19T13:47:43 COLMAP[chunk_08_sequential_matcher] I20260519 13:47:43.391638 14965 pairing.cc:473] Processing image [162/183]
2026-05-19T13:47:43 COLMAP[chunk_08_sequential_matcher] I20260519 13:47:43.688247 14965 feature_matching.cc:217] in 0.297s
2026-05-19T13:47:43 COLMAP[chunk_08_sequential_matcher] I20260519 13:47:43.688305 14965 pairing.cc:473] Processing image [163/183]
2026-05-19T13:47:44 COLMAP[chunk_08_sequential_matcher] I20260519 13:47:44.048830 14965 feature_matching.cc:217] in 0.361s
2026-05-19T13:47:44 COLMAP[chunk_08_sequential_matcher] I20260519 13:47:44.048885 14965 pairing.cc:473] Processing image [164/183]
2026-05-19T13:47:44 COLMAP[chunk_08_sequential_matcher] I20260519 13:47:44.398118 14965 feature_matching.cc:217] in 0.349s
2026-05-19T13:47:44 COLMAP[chunk_08_sequential_matcher] I20260519 13:47:44.398170 14965 pairing.cc:473] Processing image [165/183]
2026-05-19T13:47:44 COLMAP[chunk_08_sequential_matcher] I20260519 13:47:44.416270 14965 feature_matching.cc:217] in 0.018s
2026-05-19T13:47:44 COLMAP[chunk_08_sequential_matcher] I20260519 13:47:44.416316 14965 pairing.cc:473] Processing image [166/183]
2026-05-19T13:47:44 COLMAP[chunk_08_sequential_matcher] I20260519 13:47:44.437826 14965 feature_matching.cc:217] in 0.022s
2026-05-19T13:47:44 COLMAP[chunk_08_sequential_matcher] I20260519 13:47:44.437875 14965 pairing.cc:473] Processing image [167/183]
2026-05-19T13:47:44 COLMAP[chunk_08_sequential_matcher] I20260519 13:47:44.503713 14965 feature_matching.cc:217] in 0.066s
2026-05-19T13:47:44 COLMAP[chunk_08_sequential_matcher] I20260519 13:47:44.503767 14965 pairing.cc:473] Processing image [168/183]
2026-05-19T13:47:45 COLMAP[chunk_08_sequential_matcher] I20260519 13:47:44.891047 14965 feature_matching.cc:217] in 0.387s
2026-05-19T13:47:45 COLMAP[chunk_08_sequential_matcher] I20260519 13:47:44.891101 14965 pairing.cc:473] Processing image [169/183]
2026-05-19T13:47:45 COLMAP[chunk_08_sequential_matcher] I20260519 13:47:45.286194 14965 feature_matching.cc:217] in 0.395s
2026-05-19T13:47:45 COLMAP[chunk_08_sequential_matcher] I20260519 13:47:45.286248 14965 pairing.cc:473] Processing image [170/183]
2026-05-19T13:47:45 COLMAP[chunk_08_sequential_matcher] I20260519 13:47:45.693912 14965 feature_matching.cc:217] in 0.408s
2026-05-19T13:47:45 COLMAP[chunk_08_sequential_matcher] I20260519 13:47:45.693967 14965 pairing.cc:473] Processing image [171/183]
2026-05-19T13:47:46 COLMAP[chunk_08_sequential_matcher] I20260519 13:47:46.048820 14965 feature_matching.cc:217] in 0.355s
2026-05-19T13:47:46 COLMAP[chunk_08_sequential_matcher] I20260519 13:47:46.048878 14965 pairing.cc:473] Processing image [172/183]
2026-05-19T13:47:46 COLMAP[chunk_08_sequential_matcher] I20260519 13:47:46.394348 14965 feature_matching.cc:217] in 0.346s
2026-05-19T13:47:46 COLMAP[chunk_08_sequential_matcher] I20260519 13:47:46.394402 14965 pairing.cc:473] Processing image [173/183]
2026-05-19T13:47:46 COLMAP[chunk_08_sequential_matcher] I20260519 13:47:46.394477 14965 feature_matching.cc:217] in 0.000s
2026-05-19T13:47:46 COLMAP[chunk_08_sequential_matcher] I20260519 13:47:46.394493 14965 pairing.cc:473] Processing image [174/183]
2026-05-19T13:47:46 COLMAP[chunk_08_sequential_matcher] I20260519 13:47:46.394572 14965 feature_matching.cc:217] in 0.000s
2026-05-19T13:47:46 COLMAP[chunk_08_sequential_matcher] I20260519 13:47:46.394676 14965 pairing.cc:473] Processing image [175/183]
2026-05-19T13:47:46 COLMAP[chunk_08_sequential_matcher] I20260519 13:47:46.753361 14965 feature_matching.cc:217] in 0.359s
2026-05-19T13:47:46 COLMAP[chunk_08_sequential_matcher] I20260519 13:47:46.753434 14965 pairing.cc:473] Processing image [176/183]
2026-05-19T13:47:47 COLMAP[chunk_08_sequential_matcher] I20260519 13:47:47.120725 14965 feature_matching.cc:217] in 0.367s
2026-05-19T13:47:47 COLMAP[chunk_08_sequential_matcher] I20260519 13:47:47.120777 14965 pairing.cc:473] Processing image [177/183]
2026-05-19T13:47:47 COLMAP[chunk_08_sequential_matcher] I20260519 13:47:47.502494 14965 feature_matching.cc:217] in 0.382s
2026-05-19T13:47:47 COLMAP[chunk_08_sequential_matcher] I20260519 13:47:47.502545 14965 pairing.cc:473] Processing image [178/183]
2026-05-19T13:47:48 COLMAP[chunk_08_sequential_matcher] I20260519 13:47:48.085079 14965 feature_matching.cc:217] in 0.583s
2026-05-19T13:47:48 COLMAP[chunk_08_sequential_matcher] I20260519 13:47:48.085134 14965 pairing.cc:473] Processing image [179/183]
2026-05-19T13:47:48 COLMAP[chunk_08_sequential_matcher] I20260519 13:47:48.470343 14965 feature_matching.cc:217] in 0.385s
2026-05-19T13:47:48 COLMAP[chunk_08_sequential_matcher] I20260519 13:47:48.470398 14965 pairing.cc:473] Processing image [180/183]
2026-05-19T13:47:49 COLMAP[chunk_08_sequential_matcher] I20260519 13:47:48.877439 14965 feature_matching.cc:217] in 0.407s
2026-05-19T13:47:49 COLMAP[chunk_08_sequential_matcher] I20260519 13:47:48.877496 14965 pairing.cc:473] Processing image [181/183]
2026-05-19T13:47:49 COLMAP[chunk_08_sequential_matcher] I20260519 13:47:48.877537 14965 feature_matching.cc:217] in 0.000s
2026-05-19T13:47:49 COLMAP[chunk_08_sequential_matcher] I20260519 13:47:48.877549 14965 pairing.cc:473] Processing image [182/183]
2026-05-19T13:47:49 COLMAP[chunk_08_sequential_matcher] I20260519 13:47:48.877570 14965 feature_matching.cc:217] in 0.000s
2026-05-19T13:47:49 COLMAP[chunk_08_sequential_matcher] I20260519 13:47:48.877581 14965 pairing.cc:473] Processing image [183/183]
2026-05-19T13:47:49 COLMAP[chunk_08_sequential_matcher] I20260519 13:47:48.877593 14965 feature_matching.cc:217] in 0.000s
2026-05-19T13:47:49 COLMAP[chunk_08_sequential_matcher] I20260519 13:47:48.877604 14965 timer.cc:90] Elapsed time: 1.476 [minutes]
2026-05-19T13:47:49 2026-05-19 13:47:48,940 - INFO - chunk_08_sequential_matcher added 749 verified image pairs
2026-05-19T13:47:49 2026-05-19 13:47:48,941 - INFO - [chunk_08_mapper_initial] colmap mapper --database_path /tmp/colmap_sfm_rcnmny4o/chunk_08/database.db --image_path /tmp/colmap_sfm_rcnmny4o/images --output_path /tmp/colmap_sfm_rcnmny4o/chunk_08/sparse_initial --Mapper.num_threads -1 --Mapper.ba_refine_principal_point 0
2026-05-19T13:47:49 COLMAP[chunk_08_mapper_initial] I20260519 13:47:49.096225 15018 incremental_pipeline.cc:265] Loading database
2026-05-19T13:47:49 COLMAP[chunk_08_mapper_initial] I20260519 13:47:49.096714 15018 database_cache.cc:72] Loading rigs...
2026-05-19T13:47:49 COLMAP[chunk_08_mapper_initial] I20260519 13:47:49.096921 15018 database_cache.cc:82]  1 in 0.000s
2026-05-19T13:47:49 COLMAP[chunk_08_mapper_initial] I20260519 13:47:49.096951 15018 database_cache.cc:90] Loading cameras...
2026-05-19T13:47:49 COLMAP[chunk_08_mapper_initial] I20260519 13:47:49.096972 15018 database_cache.cc:108]  1 in 0.000s
2026-05-19T13:47:49 COLMAP[chunk_08_mapper_initial] I20260519 13:47:49.096982 15018 database_cache.cc:116] Loading frames...
2026-05-19T13:47:49 COLMAP[chunk_08_mapper_initial] I20260519 13:47:49.099278 15018 database_cache.cc:126]  1710 in 0.002s
2026-05-19T13:47:49 COLMAP[chunk_08_mapper_initial] I20260519 13:47:49.099305 15018 database_cache.cc:134] Loading matches...
2026-05-19T13:47:49 COLMAP[chunk_08_mapper_initial] I20260519 13:47:49.122506 15018 database_cache.cc:139]  1508 in 0.023s
2026-05-19T13:47:49 COLMAP[chunk_08_mapper_initial] I20260519 13:47:49.122558 15018 database_cache.cc:147] Loading images...
2026-05-19T13:47:49 COLMAP[chunk_08_mapper_initial] I20260519 13:47:49.198532 15018 database_cache.cc:241]  183 in 0.076s (connected 183, loaded 183)
2026-05-19T13:47:49 COLMAP[chunk_08_mapper_initial] I20260519 13:47:49.198604 15018 database_cache.cc:255] Loading pose priors...
2026-05-19T13:47:49 COLMAP[chunk_08_mapper_initial] I20260519 13:47:49.199677 15018 database_cache.cc:263]  1710 in 0.001s
2026-05-19T13:47:49 COLMAP[chunk_08_mapper_initial] I20260519 13:47:49.199712 15018 database_cache.cc:271] Building correspondence graph...
2026-05-19T13:47:49 COLMAP[chunk_08_mapper_initial] I20260519 13:47:49.610116 15018 database_cache.cc:300]  in 0.410s (ignored 0)
2026-05-19T13:47:49 COLMAP[chunk_08_mapper_initial] I20260519 13:47:49.610239 15018 timer.cc:90] Elapsed time: 0.009 [minutes]
2026-05-19T13:47:49 COLMAP[chunk_08_mapper_initial] I20260519 13:47:49.631165 15018 incremental_pipeline.cc:377] Finding good initial image pair
2026-05-19T13:47:50 COLMAP[chunk_08_mapper_initial] I20260519 13:47:50.698958 15018 incremental_pipeline.cc:401] Registering initial image pair #1280 and #1277
2026-05-19T13:47:50 COLMAP[chunk_08_mapper_initial] I20260519 13:47:50.729331 15018 incremental_pipeline.cc:419] Global bundle adjustment
2026-05-19T13:47:51 COLMAP[chunk_08_mapper_initial] I20260519 13:47:51.429630 15018 incremental_pipeline.cc:524] Registering image #1276 (num_reg_frames=2)
2026-05-19T13:47:51 COLMAP[chunk_08_mapper_initial] I20260519 13:47:51.429708 15018 incremental_pipeline.cc:527] => Image sees 1465 / 8875 points
2026-05-19T13:47:52 COLMAP[chunk_08_mapper_initial] I20260519 13:47:52.439607 15018 incremental_pipeline.cc:78] Retriangulation and Global bundle adjustment
2026-05-19T13:47:52 COLMAP[chunk_08_mapper_initial] I20260519 13:47:52.737567 15018 incremental_pipeline.cc:524] Registering image #1281 (num_reg_frames=3)
2026-05-19T13:47:52 COLMAP[chunk_08_mapper_initial] I20260519 13:47:52.737632 15018 incremental_pipeline.cc:527] => Image sees 4265 / 10623 points
2026-05-19T13:47:54 COLMAP[chunk_08_mapper_initial] I20260519 13:47:53.870450 15018 incremental_pipeline.cc:78] Retriangulation and Global bundle adjustment
2026-05-19T13:47:54 COLMAP[chunk_08_mapper_initial] I20260519 13:47:54.314471 15018 incremental_pipeline.cc:524] Registering image #1278 (num_reg_frames=4)
2026-05-19T13:47:54 COLMAP[chunk_08_mapper_initial] I20260519 13:47:54.314532 15018 incremental_pipeline.cc:527] => Image sees 3767 / 6612 points
2026-05-19T13:47:55 COLMAP[chunk_08_mapper_initial] I20260519 13:47:55.503592 15018 incremental_pipeline.cc:78] Retriangulation and Global bundle adjustment
2026-05-19T13:47:56 COLMAP[chunk_08_mapper_initial] I20260519 13:47:56.005597 15018 incremental_pipeline.cc:524] Registering image #1279 (num_reg_frames=5)
2026-05-19T13:47:56 COLMAP[chunk_08_mapper_initial] I20260519 13:47:56.005657 15018 incremental_pipeline.cc:527] => Image sees 4172 / 6785 points
2026-05-19T13:47:58 COLMAP[chunk_08_mapper_initial] I20260519 13:47:58.332718 15018 incremental_pipeline.cc:78] Retriangulation and Global bundle adjustment
2026-05-19T13:47:59 COLMAP[chunk_08_mapper_initial] I20260519 13:47:59.069186 15018 incremental_pipeline.cc:524] Registering image #1282 (num_reg_frames=6)
2026-05-19T13:47:59 COLMAP[chunk_08_mapper_initial] I20260519 13:47:59.069243 15018 incremental_pipeline.cc:527] => Image sees 4226 / 8737 points
2026-05-19T13:48:00 COLMAP[chunk_08_mapper_initial] I20260519 13:48:00.285100 15018 incremental_pipeline.cc:78] Retriangulation and Global bundle adjustment
2026-05-19T13:48:01 COLMAP[chunk_08_mapper_initial] I20260519 13:48:01.147073 15018 incremental_pipeline.cc:524] Registering image #1283 (num_reg_frames=7)
2026-05-19T13:48:01 COLMAP[chunk_08_mapper_initial] I20260519 13:48:01.147132 15018 incremental_pipeline.cc:527] => Image sees 4219 / 8399 points
2026-05-19T13:48:02 COLMAP[chunk_08_mapper_initial] I20260519 13:48:02.542239 15018 incremental_pipeline.cc:78] Retriangulation and Global bundle adjustment
2026-05-19T13:48:03 COLMAP[chunk_08_mapper_initial] I20260519 13:48:03.528415 15018 incremental_pipeline.cc:524] Registering image #1285 (num_reg_frames=8)
2026-05-19T13:48:03 COLMAP[chunk_08_mapper_initial] I20260519 13:48:03.528473 15018 incremental_pipeline.cc:527] => Image sees 3856 / 7873 points
2026-05-19T13:48:05 COLMAP[chunk_08_mapper_initial] I20260519 13:48:04.869092 15018 incremental_pipeline.cc:78] Retriangulation and Global bundle adjustment
2026-05-19T13:48:07 COLMAP[chunk_08_mapper_initial] I20260519 13:48:07.071437 15018 incremental_pipeline.cc:524] Registering image #1284 (num_reg_frames=9)
2026-05-19T13:48:07 COLMAP[chunk_08_mapper_initial] I20260519 13:48:07.071492 15018 incremental_pipeline.cc:527] => Image sees 4008 / 7396 points
2026-05-19T13:48:08 COLMAP[chunk_08_mapper_initial] I20260519 13:48:08.390151 15018 incremental_pipeline.cc:78] Retriangulation and Global bundle adjustment
2026-05-19T13:48:09 COLMAP[chunk_08_mapper_initial] I20260519 13:48:09.592038 15018 incremental_pipeline.cc:524] Registering image #1286 (num_reg_frames=10)
2026-05-19T13:48:09 COLMAP[chunk_08_mapper_initial] I20260519 13:48:09.592093 15018 incremental_pipeline.cc:527] => Image sees 4493 / 7579 points
2026-05-19T13:48:11 COLMAP[chunk_08_mapper_initial] I20260519 13:48:11.031407 15018 incremental_pipeline.cc:78] Retriangulation and Global bundle adjustment
2026-05-19T13:48:12 COLMAP[chunk_08_mapper_initial] I20260519 13:48:12.170018 15018 incremental_pipeline.cc:524] Registering image #1287 (num_reg_frames=11)
2026-05-19T13:48:12 COLMAP[chunk_08_mapper_initial] I20260519 13:48:12.170075 15018 incremental_pipeline.cc:527] => Image sees 4477 / 8152 points
2026-05-19T13:48:13 COLMAP[chunk_08_mapper_initial] I20260519 13:48:13.723449 15018 incremental_pipeline.cc:524] Registering image #1288 (num_reg_frames=12)
2026-05-19T13:48:13 COLMAP[chunk_08_mapper_initial] I20260519 13:48:13.723501 15018 incremental_pipeline.cc:527] => Image sees 4198 / 7508 points
2026-05-19T13:48:15 COLMAP[chunk_08_mapper_initial] I20260519 13:48:15.085064 15018 incremental_pipeline.cc:78] Retriangulation and Global bundle adjustment
2026-05-19T13:48:16 COLMAP[chunk_08_mapper_initial] I20260519 13:48:16.572467 15018 incremental_pipeline.cc:524] Registering image #1275 (num_reg_frames=13)
2026-05-19T13:48:16 COLMAP[chunk_08_mapper_initial] I20260519 13:48:16.572525 15018 incremental_pipeline.cc:527] => Image sees 2441 / 4801 points
2026-05-19T13:48:17 COLMAP[chunk_08_mapper_initial] I20260519 13:48:17.641161 15018 incremental_pipeline.cc:524] Registering image #1289 (num_reg_frames=14)
2026-05-19T13:48:17 COLMAP[chunk_08_mapper_initial] I20260519 13:48:17.641211 15018 incremental_pipeline.cc:527] => Image sees 2473 / 6315 points
2026-05-19T13:48:18 COLMAP[chunk_08_mapper_initial] I20260519 13:48:18.555516 15018 incremental_pipeline.cc:78] Retriangulation and Global bundle adjustment
2026-05-19T13:48:20 COLMAP[chunk_08_mapper_initial] I20260519 13:48:20.277940 15018 incremental_pipeline.cc:524] Registering image #1290 (num_reg_frames=15)
2026-05-19T13:48:20 COLMAP[chunk_08_mapper_initial] I20260519 13:48:20.278012 15018 incremental_pipeline.cc:527] => Image sees 2851 / 6233 points
2026-05-19T13:48:21 COLMAP[chunk_08_mapper_initial] I20260519 13:48:21.369851 15018 incremental_pipeline.cc:524] Registering image #1291 (num_reg_frames=16)
2026-05-19T13:48:21 COLMAP[chunk_08_mapper_initial] I20260519 13:48:21.369899 15018 incremental_pipeline.cc:527] => Image sees 3187 / 5676 points
2026-05-19T13:48:22 COLMAP[chunk_08_mapper_initial] I20260519 13:48:22.319929 15018 incremental_pipeline.cc:78] Retriangulation and Global bundle adjustment
2026-05-19T13:48:29 COLMAP[chunk_08_mapper_initial] I20260519 13:48:29.387089 15018 incremental_pipeline.cc:524] Registering image #1274 (num_reg_frames=17)
2026-05-19T13:48:29 COLMAP[chunk_08_mapper_initial] I20260519 13:48:29.387146 15018 incremental_pipeline.cc:527] => Image sees 3130 / 4517 points
2026-05-19T13:48:30 COLMAP[chunk_08_mapper_initial] I20260519 13:48:30.348690 15018 incremental_pipeline.cc:524] Registering image #1313 (num_reg_frames=18)
2026-05-19T13:48:30 COLMAP[chunk_08_mapper_initial] I20260519 13:48:30.348740 15018 incremental_pipeline.cc:527] => Image sees 1358 / 5110 points
2026-05-19T13:48:31 COLMAP[chunk_08_mapper_initial] I20260519 13:48:31.158792 15018 incremental_pipeline.cc:78] Retriangulation and Global bundle adjustment
2026-05-19T13:48:37 COLMAP[chunk_08_mapper_initial] I20260519 13:48:37.246770 15018 incremental_pipeline.cc:524] Registering image #1314 (num_reg_frames=19)
2026-05-19T13:48:37 COLMAP[chunk_08_mapper_initial] I20260519 13:48:37.246827 15018 incremental_pipeline.cc:527] => Image sees 1576 / 5419 points
2026-05-19T13:48:38 COLMAP[chunk_08_mapper_initial] I20260519 13:48:38.232605 15018 incremental_pipeline.cc:524] Registering image #1315 (num_reg_frames=20)
2026-05-19T13:48:38 COLMAP[chunk_08_mapper_initial] I20260519 13:48:38.232661 15018 incremental_pipeline.cc:527] => Image sees 2603 / 3960 points
2026-05-19T13:48:39 COLMAP[chunk_08_mapper_initial] I20260519 13:48:39.151341 15018 incremental_pipeline.cc:78] Retriangulation and Global bundle adjustment
2026-05-19T13:48:43 COLMAP[chunk_08_mapper_initial] I20260519 13:48:42.985700 15018 incremental_pipeline.cc:524] Registering image #762 (num_reg_frames=21)
2026-05-19T13:48:43 COLMAP[chunk_08_mapper_initial] I20260519 13:48:42.985754 15018 incremental_pipeline.cc:527] => Image sees 1063 / 6509 points
2026-05-19T13:48:43 COLMAP[chunk_08_mapper_initial] I20260519 13:48:43.753878 15018 incremental_pipeline.cc:524] Registering image #761 (num_reg_frames=22)
2026-05-19T13:48:43 COLMAP[chunk_08_mapper_initial] I20260519 13:48:43.753934 15018 incremental_pipeline.cc:527] => Image sees 1235 / 7210 points
2026-05-19T13:48:44 COLMAP[chunk_08_mapper_initial] I20260519 13:48:44.560947 15018 incremental_pipeline.cc:78] Retriangulation and Global bundle adjustment
2026-05-19T13:48:47 COLMAP[chunk_08_mapper_initial] I20260519 13:48:47.115476 15018 incremental_pipeline.cc:524] Registering image #760 (num_reg_frames=23)
2026-05-19T13:48:47 COLMAP[chunk_08_mapper_initial] I20260519 13:48:47.115533 15018 incremental_pipeline.cc:527] => Image sees 3364 / 6540 points
2026-05-19T13:48:48 COLMAP[chunk_08_mapper_initial] I20260519 13:48:48.133056 15018 incremental_pipeline.cc:524] Registering image #759 (num_reg_frames=24)
2026-05-19T13:48:48 COLMAP[chunk_08_mapper_initial] I20260519 13:48:48.133113 15018 incremental_pipeline.cc:527] => Image sees 2934 / 4778 points
2026-05-19T13:48:49 COLMAP[chunk_08_mapper_initial] I20260519 13:48:49.128439 15018 incremental_pipeline.cc:524] Registering image #721 (num_reg_frames=25)
2026-05-19T13:48:49 COLMAP[chunk_08_mapper_initial] I20260519 13:48:49.128497 15018 incremental_pipeline.cc:527] => Image sees 2108 / 4846 points
2026-05-19T13:48:50 COLMAP[chunk_08_mapper_initial] I20260519 13:48:50.007973 15018 incremental_pipeline.cc:78] Retriangulation and Global bundle adjustment
2026-05-19T13:48:52 COLMAP[chunk_08_mapper_initial] I20260519 13:48:52.196946 15018 incremental_pipeline.cc:524] Registering image #719 (num_reg_frames=26)
2026-05-19T13:48:52 COLMAP[chunk_08_mapper_initial] I20260519 13:48:52.197033 15018 incremental_pipeline.cc:527] => Image sees 1992 / 5474 points
2026-05-19T13:48:53 COLMAP[chunk_08_mapper_initial] I20260519 13:48:53.202349 15018 incremental_pipeline.cc:524] Registering image #720 (num_reg_frames=27)
2026-05-19T13:48:53 COLMAP[chunk_08_mapper_initial] I20260519 13:48:53.202410 15018 incremental_pipeline.cc:527] => Image sees 2814 / 5583 points
2026-05-19T13:48:54 COLMAP[chunk_08_mapper_initial] I20260519 13:48:54.107280 15018 incremental_pipeline.cc:524] Registering image #1266 (num_reg_frames=28)
2026-05-19T13:48:54 COLMAP[chunk_08_mapper_initial] I20260519 13:48:54.107340 15018 incremental_pipeline.cc:527] => Image sees 341 / 5789 points
2026-05-19T13:48:54 COLMAP[chunk_08_mapper_initial] I20260519 13:48:54.127074 15018 incremental_pipeline.cc:550] => Could not register, trying another image.
2026-05-19T13:48:54 COLMAP[chunk_08_mapper_initial] I20260519 13:48:54.127115 15018 incremental_pipeline.cc:524] Registering image #273 (num_reg_frames=28)
2026-05-19T13:48:54 COLMAP[chunk_08_mapper_initial] I20260519 13:48:54.127125 15018 incremental_pipeline.cc:527] => Image sees 210 / 7143 points
2026-05-19T13:48:54 COLMAP[chunk_08_mapper_initial] I20260519 13:48:54.677729 15018 incremental_pipeline.cc:78] Retriangulation and Global bundle adjustment
2026-05-19T13:49:00 COLMAP[chunk_08_mapper_initial] I20260519 13:49:00.243927 15018 incremental_pipeline.cc:524] Registering image #286 (num_reg_frames=29)
2026-05-19T13:49:00 COLMAP[chunk_08_mapper_initial] I20260519 13:49:00.243980 15018 incremental_pipeline.cc:527] => Image sees 166 / 7706 points
2026-05-19T13:49:00 COLMAP[chunk_08_mapper_initial] I20260519 13:49:00.812600 15018 incremental_pipeline.cc:524] Registering image #395 (num_reg_frames=30)
2026-05-19T13:49:00 COLMAP[chunk_08_mapper_initial] I20260519 13:49:00.812655 15018 incremental_pipeline.cc:527] => Image sees 1133 / 7608 points
2026-05-19T13:49:01 COLMAP[chunk_08_mapper_initial] I20260519 13:49:01.568053 15018 incremental_pipeline.cc:524] Registering image #396 (num_reg_frames=31)
2026-05-19T13:49:01 COLMAP[chunk_08_mapper_initial] I20260519 13:49:01.568101 15018 incremental_pipeline.cc:527] => Image sees 1841 / 7290 points
2026-05-19T13:49:02 COLMAP[chunk_08_mapper_initial] I20260519 13:49:02.431224 15018 incremental_pipeline.cc:78] Retriangulation and Global bundle adjustment
2026-05-19T13:49:05 COLMAP[chunk_08_mapper_initial] I20260519 13:49:05.136754 15018 incremental_pipeline.cc:524] Registering image #422 (num_reg_frames=32)
2026-05-19T13:49:05 COLMAP[chunk_08_mapper_initial] I20260519 13:49:05.136814 15018 incremental_pipeline.cc:527] => Image sees 1985 / 6865 points
2026-05-19T13:49:06 COLMAP[chunk_08_mapper_initial] I20260519 13:49:06.182670 15018 incremental_pipeline.cc:524] Registering image #250 (num_reg_frames=33)
2026-05-19T13:49:06 COLMAP[chunk_08_mapper_initial] I20260519 13:49:06.182732 15018 incremental_pipeline.cc:527] => Image sees 2089 / 5925 points
2026-05-19T13:49:07 COLMAP[chunk_08_mapper_initial] I20260519 13:49:07.351018 15018 incremental_pipeline.cc:524] Registering image #423 (num_reg_frames=34)
2026-05-19T13:49:07 COLMAP[chunk_08_mapper_initial] I20260519 13:49:07.351079 15018 incremental_pipeline.cc:527] => Image sees 2751 / 7242 points
2026-05-19T13:49:08 COLMAP[chunk_08_mapper_initial] I20260519 13:49:08.468520 15018 incremental_pipeline.cc:524] Registering image #432 (num_reg_frames=35)
2026-05-19T13:49:08 COLMAP[chunk_08_mapper_initial] I20260519 13:49:08.468571 15018 incremental_pipeline.cc:527] => Image sees 2918 / 6788 points
2026-05-19T13:49:09 COLMAP[chunk_08_mapper_initial] I20260519 13:49:09.428409 15018 incremental_pipeline.cc:78] Retriangulation and Global bundle adjustment
2026-05-19T13:49:16 COLMAP[chunk_08_mapper_initial] I20260519 13:49:16.463119 15018 incremental_pipeline.cc:524] Registering image #242 (num_reg_frames=36)
2026-05-19T13:49:16 COLMAP[chunk_08_mapper_initial] I20260519 13:49:16.463172 15018 incremental_pipeline.cc:527] => Image sees 3057 / 7214 points
2026-05-19T13:49:17 COLMAP[chunk_08_mapper_initial] I20260519 13:49:17.520829 15018 incremental_pipeline.cc:524] Registering image #249 (num_reg_frames=37)
2026-05-19T13:49:17 COLMAP[chunk_08_mapper_initial] I20260519 13:49:17.520879 15018 incremental_pipeline.cc:527] => Image sees 3614 / 6167 points
2026-05-19T13:49:18 COLMAP[chunk_08_mapper_initial] I20260519 13:49:18.651759 15018 incremental_pipeline.cc:524] Registering image #454 (num_reg_frames=38)
2026-05-19T13:49:18 COLMAP[chunk_08_mapper_initial] I20260519 13:49:18.651818 15018 incremental_pipeline.cc:527] => Image sees 2905 / 6182 points
2026-05-19T13:49:19 COLMAP[chunk_08_mapper_initial] I20260519 13:49:19.773049 15018 incremental_pipeline.cc:524] Registering image #455 (num_reg_frames=39)
2026-05-19T13:49:19 COLMAP[chunk_08_mapper_initial] I20260519 13:49:19.773103 15018 incremental_pipeline.cc:527] => Image sees 2926 / 6853 points
2026-05-19T13:49:20 COLMAP[chunk_08_mapper_initial] I20260519 13:49:20.799482 15018 incremental_pipeline.cc:78] Retriangulation and Global bundle adjustment
2026-05-19T13:49:24 COLMAP[chunk_08_mapper_initial] I20260519 13:49:24.390491 15018 incremental_pipeline.cc:524] Registering image #459 (num_reg_frames=40)
2026-05-19T13:49:24 COLMAP[chunk_08_mapper_initial] I20260519 13:49:24.390564 15018 incremental_pipeline.cc:527] => Image sees 3765 / 6881 points
2026-05-19T13:49:25 COLMAP[chunk_08_mapper_initial] I20260519 13:49:25.662742 15018 incremental_pipeline.cc:524] Registering image #379 (num_reg_frames=41)
2026-05-19T13:49:25 COLMAP[chunk_08_mapper_initial] I20260519 13:49:25.662796 15018 incremental_pipeline.cc:527] => Image sees 3207 / 7173 points
2026-05-19T13:49:27 COLMAP[chunk_08_mapper_initial] I20260519 13:49:26.960666 15018 incremental_pipeline.cc:524] Registering image #380 (num_reg_frames=42)
2026-05-19T13:49:27 COLMAP[chunk_08_mapper_initial] I20260519 13:49:26.960721 15018 incremental_pipeline.cc:527] => Image sees 3209 / 7383 points
2026-05-19T13:49:28 COLMAP[chunk_08_mapper_initial] I20260519 13:49:28.297217 15018 incremental_pipeline.cc:524] Registering image #318 (num_reg_frames=43)
2026-05-19T13:49:28 COLMAP[chunk_08_mapper_initial] I20260519 13:49:28.297276 15018 incremental_pipeline.cc:527] => Image sees 3350 / 6428 points
2026-05-19T13:49:29 COLMAP[chunk_08_mapper_initial] I20260519 13:49:29.497044 15018 incremental_pipeline.cc:78] Retriangulation and Global bundle adjustment
2026-05-19T13:49:33 COLMAP[chunk_08_mapper_initial] I20260519 13:49:33.571645 15018 incremental_pipeline.cc:524] Registering image #340 (num_reg_frames=44)
2026-05-19T13:49:33 COLMAP[chunk_08_mapper_initial] I20260519 13:49:33.571704 15018 incremental_pipeline.cc:527] => Image sees 3437 / 5620 points
2026-05-19T13:49:34 COLMAP[chunk_08_mapper_initial] I20260519 13:49:34.786515 15018 incremental_pipeline.cc:524] Registering image #224 (num_reg_frames=45)
2026-05-19T13:49:34 COLMAP[chunk_08_mapper_initial] I20260519 13:49:34.786571 15018 incremental_pipeline.cc:527] => Image sees 2443 / 5999 points
2026-05-19T13:49:35 COLMAP[chunk_08_mapper_initial] I20260519 13:49:35.815819 15018 incremental_pipeline.cc:524] Registering image #478 (num_reg_frames=46)
2026-05-19T13:49:35 COLMAP[chunk_08_mapper_initial] I20260519 13:49:35.815871 15018 incremental_pipeline.cc:527] => Image sees 2691 / 8391 points
2026-05-19T13:49:37 COLMAP[chunk_08_mapper_initial] I20260519 13:49:36.886682 15018 incremental_pipeline.cc:524] Registering image #480 (num_reg_frames=47)
2026-05-19T13:49:37 COLMAP[chunk_08_mapper_initial] I20260519 13:49:36.886736 15018 incremental_pipeline.cc:527] => Image sees 3599 / 7864 points
2026-05-19T13:49:38 COLMAP[chunk_08_mapper_initial] I20260519 13:49:38.107303 15018 incremental_pipeline.cc:524] Registering image #479 (num_reg_frames=48)
2026-05-19T13:49:38 COLMAP[chunk_08_mapper_initial] I20260519 13:49:38.107355 15018 incremental_pipeline.cc:527] => Image sees 5007 / 8512 points
2026-05-19T13:49:39 COLMAP[chunk_08_mapper_initial] I20260519 13:49:39.406785 15018 incremental_pipeline.cc:78] Retriangulation and Global bundle adjustment
2026-05-19T13:49:47 COLMAP[chunk_08_mapper_initial] I20260519 13:49:47.222286 15018 incremental_pipeline.cc:524] Registering image #1057 (num_reg_frames=49)
2026-05-19T13:49:47 COLMAP[chunk_08_mapper_initial] I20260519 13:49:47.222343 15018 incremental_pipeline.cc:527] => Image sees 3428 / 10033 points
2026-05-19T13:49:48 COLMAP[chunk_08_mapper_initial] I20260519 13:49:48.580396 15018 incremental_pipeline.cc:524] Registering image #1056 (num_reg_frames=50)
2026-05-19T13:49:48 COLMAP[chunk_08_mapper_initial] I20260519 13:49:48.580447 15018 incremental_pipeline.cc:527] => Image sees 4208 / 10071 points
2026-05-19T13:49:50 COLMAP[chunk_08_mapper_initial] I20260519 13:49:50.029881 15018 incremental_pipeline.cc:524] Registering image #1058 (num_reg_frames=51)
2026-05-19T13:49:50 COLMAP[chunk_08_mapper_initial] I20260519 13:49:50.029937 15018 incremental_pipeline.cc:527] => Image sees 4259 / 9407 points
2026-05-19T13:49:51 COLMAP[chunk_08_mapper_initial] I20260519 13:49:51.735944 15018 incremental_pipeline.cc:524] Registering image #1055 (num_reg_frames=52)
2026-05-19T13:49:51 COLMAP[chunk_08_mapper_initial] I20260519 13:49:51.736004 15018 incremental_pipeline.cc:527] => Image sees 4562 / 7257 points
2026-05-19T13:49:53 COLMAP[chunk_08_mapper_initial] I20260519 13:49:53.473467 15018 incremental_pipeline.cc:524] Registering image #1059 (num_reg_frames=53)
2026-05-19T13:49:53 COLMAP[chunk_08_mapper_initial] I20260519 13:49:53.473524 15018 incremental_pipeline.cc:527] => Image sees 4670 / 8667 points
2026-05-19T13:49:55 COLMAP[chunk_08_mapper_initial] I20260519 13:49:55.326134 15018 incremental_pipeline.cc:78] Retriangulation and Global bundle adjustment
2026-05-19T13:50:00 COLMAP[chunk_08_mapper_initial] I20260519 13:50:00.810652 15018 incremental_pipeline.cc:524] Registering image #1054 (num_reg_frames=54)
2026-05-19T13:50:00 COLMAP[chunk_08_mapper_initial] I20260519 13:50:00.810703 15018 incremental_pipeline.cc:527] => Image sees 4744 / 6973 points
2026-05-19T13:50:02 COLMAP[chunk_08_mapper_initial] I20260519 13:50:02.832825 15018 incremental_pipeline.cc:524] Registering image #1060 (num_reg_frames=55)
2026-05-19T13:50:02 COLMAP[chunk_08_mapper_initial] I20260519 13:50:02.832880 15018 incremental_pipeline.cc:527] => Image sees 3886 / 8267 points
2026-05-19T13:50:04 COLMAP[chunk_08_mapper_initial] I20260519 13:50:04.545004 15018 incremental_pipeline.cc:524] Registering image #1053 (num_reg_frames=56)
2026-05-19T13:50:04 COLMAP[chunk_08_mapper_initial] I20260519 13:50:04.545060 15018 incremental_pipeline.cc:527] => Image sees 3838 / 7140 points
2026-05-19T13:50:06 COLMAP[chunk_08_mapper_initial] I20260519 13:50:06.107124 15018 incremental_pipeline.cc:524] Registering image #1073 (num_reg_frames=57)
2026-05-19T13:50:06 COLMAP[chunk_08_mapper_initial] I20260519 13:50:06.107183 15018 incremental_pipeline.cc:527] => Image sees 3344 / 7744 points
2026-05-19T13:50:07 COLMAP[chunk_08_mapper_initial] I20260519 13:50:07.588706 15018 incremental_pipeline.cc:524] Registering image #1061 (num_reg_frames=58)
2026-05-19T13:50:07 COLMAP[chunk_08_mapper_initial] I20260519 13:50:07.588766 15018 incremental_pipeline.cc:527] => Image sees 3728 / 8391 points
2026-05-19T13:50:09 COLMAP[chunk_08_mapper_initial] I20260519 13:50:09.050796 15018 incremental_pipeline.cc:78] Retriangulation and Global bundle adjustment
2026-05-19T13:50:15 COLMAP[chunk_08_mapper_initial] I20260519 13:50:15.159426 15018 incremental_pipeline.cc:524] Registering image #1062 (num_reg_frames=59)
2026-05-19T13:50:15 COLMAP[chunk_08_mapper_initial] I20260519 13:50:15.159487 15018 incremental_pipeline.cc:527] => Image sees 3368 / 8187 points
2026-05-19T13:50:16 COLMAP[chunk_08_mapper_initial] I20260519 13:50:16.576506 15018 incremental_pipeline.cc:524] Registering image #1052 (num_reg_frames=60)
2026-05-19T13:50:16 COLMAP[chunk_08_mapper_initial] I20260519 13:50:16.576555 15018 incremental_pipeline.cc:527] => Image sees 3722 / 6840 points
2026-05-19T13:50:18 COLMAP[chunk_08_mapper_initial] I20260519 13:50:18.047384 15018 incremental_pipeline.cc:524] Registering image #1072 (num_reg_frames=61)
2026-05-19T13:50:18 COLMAP[chunk_08_mapper_initial] I20260519 13:50:18.047441 15018 incremental_pipeline.cc:527] => Image sees 3921 / 8986 points
2026-05-19T13:50:19 COLMAP[chunk_08_mapper_initial] I20260519 13:50:19.518863 15018 incremental_pipeline.cc:524] Registering image #1071 (num_reg_frames=62)
2026-05-19T13:50:19 COLMAP[chunk_08_mapper_initial] I20260519 13:50:19.518922 15018 incremental_pipeline.cc:527] => Image sees 4984 / 8839 points
2026-05-19T13:50:21 COLMAP[chunk_08_mapper_initial] I20260519 13:50:21.020121 15018 incremental_pipeline.cc:524] Registering image #1050 (num_reg_frames=63)
2026-05-19T13:50:21 COLMAP[chunk_08_mapper_initial] I20260519 13:50:21.020176 15018 incremental_pipeline.cc:527] => Image sees 4085 / 7854 points
2026-05-19T13:50:22 COLMAP[chunk_08_mapper_initial] I20260519 13:50:22.397080 15018 incremental_pipeline.cc:78] Retriangulation and Global bundle adjustment
2026-05-19T13:50:28 COLMAP[chunk_08_mapper_initial] I20260519 13:50:28.653849 15018 incremental_pipeline.cc:524] Registering image #1049 (num_reg_frames=64)
2026-05-19T13:50:28 COLMAP[chunk_08_mapper_initial] I20260519 13:50:28.653929 15018 incremental_pipeline.cc:527] => Image sees 3709 / 7231 points
2026-05-19T13:50:30 COLMAP[chunk_08_mapper_initial] I20260519 13:50:30.065143 15018 incremental_pipeline.cc:524] Registering image #223 (num_reg_frames=65)
2026-05-19T13:50:30 COLMAP[chunk_08_mapper_initial] I20260519 13:50:30.065199 15018 incremental_pipeline.cc:527] => Image sees 3413 / 7427 points
2026-05-19T13:50:31 COLMAP[chunk_08_mapper_initial] I20260519 13:50:31.426646 15018 incremental_pipeline.cc:524] Registering image #220 (num_reg_frames=66)
2026-05-19T13:50:31 COLMAP[chunk_08_mapper_initial] I20260519 13:50:31.426697 15018 incremental_pipeline.cc:527] => Image sees 3730 / 6618 points
2026-05-19T13:50:32 COLMAP[chunk_08_mapper_initial] I20260519 13:50:32.796348 15018 incremental_pipeline.cc:524] Registering image #221 (num_reg_frames=67)
2026-05-19T13:50:32 COLMAP[chunk_08_mapper_initial] I20260519 13:50:32.796407 15018 incremental_pipeline.cc:527] => Image sees 4461 / 7474 points
2026-05-19T13:50:34 COLMAP[chunk_08_mapper_initial] I20260519 13:50:34.341454 15018 incremental_pipeline.cc:524] Registering image #222 (num_reg_frames=68)
2026-05-19T13:50:34 COLMAP[chunk_08_mapper_initial] I20260519 13:50:34.341503 15018 incremental_pipeline.cc:527] => Image sees 5292 / 7286 points
2026-05-19T13:50:36 COLMAP[chunk_08_mapper_initial] I20260519 13:50:35.938504 15018 incremental_pipeline.cc:524] Registering image #805 (num_reg_frames=69)
2026-05-19T13:50:36 COLMAP[chunk_08_mapper_initial] I20260519 13:50:35.938562 15018 incremental_pipeline.cc:527] => Image sees 2253 / 7894 points
2026-05-19T13:50:37 COLMAP[chunk_08_mapper_initial] I20260519 13:50:37.097100 15018 incremental_pipeline.cc:524] Registering image #804 (num_reg_frames=70)
2026-05-19T13:50:37 COLMAP[chunk_08_mapper_initial] I20260519 13:50:37.097152 15018 incremental_pipeline.cc:527] => Image sees 2638 / 7954 points
2026-05-19T13:50:38 COLMAP[chunk_08_mapper_initial] I20260519 13:50:38.333144 15018 incremental_pipeline.cc:78] Retriangulation and Global bundle adjustment
2026-05-19T13:50:53 COLMAP[chunk_08_mapper_initial] I20260519 13:50:53.069370 15018 incremental_pipeline.cc:524] Registering image #806 (num_reg_frames=71)
2026-05-19T13:50:53 COLMAP[chunk_08_mapper_initial] I20260519 13:50:53.069423 15018 incremental_pipeline.cc:527] => Image sees 4708 / 7693 points
2026-05-19T13:50:54 COLMAP[chunk_08_mapper_initial] I20260519 13:50:54.559044 15018 incremental_pipeline.cc:524] Registering image #803 (num_reg_frames=72)
2026-05-19T13:50:54 COLMAP[chunk_08_mapper_initial] I20260519 13:50:54.559100 15018 incremental_pipeline.cc:527] => Image sees 3371 / 6639 points
2026-05-19T13:50:56 COLMAP[chunk_08_mapper_initial] I20260519 13:50:55.919140 15018 incremental_pipeline.cc:524] Registering image #807 (num_reg_frames=73)
2026-05-19T13:50:56 COLMAP[chunk_08_mapper_initial] I20260519 13:50:55.919194 15018 incremental_pipeline.cc:527] => Image sees 4074 / 6290 points
2026-05-19T13:50:57 COLMAP[chunk_08_mapper_initial] I20260519 13:50:57.402587 15018 incremental_pipeline.cc:524] Registering image #822 (num_reg_frames=74)
2026-05-19T13:50:57 COLMAP[chunk_08_mapper_initial] I20260519 13:50:57.402638 15018 incremental_pipeline.cc:527] => Image sees 2638 / 6703 points
2026-05-19T13:50:58 COLMAP[chunk_08_mapper_initial] I20260519 13:50:58.616969 15018 incremental_pipeline.cc:524] Registering image #829 (num_reg_frames=75)
2026-05-19T13:50:58 COLMAP[chunk_08_mapper_initial] I20260519 13:50:58.617028 15018 incremental_pipeline.cc:527] => Image sees 3260 / 6872 points
2026-05-19T13:51:00 COLMAP[chunk_08_mapper_initial] I20260519 13:51:00.000329 15018 incremental_pipeline.cc:524] Registering image #830 (num_reg_frames=76)
2026-05-19T13:51:00 COLMAP[chunk_08_mapper_initial] I20260519 13:51:00.000406 15018 incremental_pipeline.cc:527] => Image sees 3471 / 6605 points
2026-05-19T13:51:01 COLMAP[chunk_08_mapper_initial] I20260519 13:51:01.458130 15018 incremental_pipeline.cc:524] Registering image #1079 (num_reg_frames=77)
2026-05-19T13:51:01 COLMAP[chunk_08_mapper_initial] I20260519 13:51:01.458181 15018 incremental_pipeline.cc:527] => Image sees 3432 / 7972 points
2026-05-19T13:51:02 COLMAP[chunk_08_mapper_initial] I20260519 13:51:02.788936 15018 incremental_pipeline.cc:524] Registering image #1080 (num_reg_frames=78)
2026-05-19T13:51:02 COLMAP[chunk_08_mapper_initial] I20260519 13:51:02.788986 15018 incremental_pipeline.cc:527] => Image sees 4154 / 7389 points
2026-05-19T13:51:04 COLMAP[chunk_08_mapper_initial] I20260519 13:51:04.120306 15018 incremental_pipeline.cc:78] Retriangulation and Global bundle adjustment
2026-05-19T13:51:20 COLMAP[chunk_08_mapper_initial] I20260519 13:51:20.211745 15018 incremental_pipeline.cc:524] Registering image #1078 (num_reg_frames=79)
2026-05-19T13:51:20 COLMAP[chunk_08_mapper_initial] I20260519 13:51:20.211805 15018 incremental_pipeline.cc:527] => Image sees 4773 / 6656 points
2026-05-19T13:51:21 COLMAP[chunk_08_mapper_initial] I20260519 13:51:21.670570 15018 incremental_pipeline.cc:524] Registering image #1077 (num_reg_frames=80)
2026-05-19T13:51:21 COLMAP[chunk_08_mapper_initial] I20260519 13:51:21.670624 15018 incremental_pipeline.cc:527] => Image sees 4825 / 5965 points
2026-05-19T13:51:23 COLMAP[chunk_08_mapper_initial] I20260519 13:51:23.208343 15018 incremental_pipeline.cc:524] Registering image #802 (num_reg_frames=81)
2026-05-19T13:51:23 COLMAP[chunk_08_mapper_initial] I20260519 13:51:23.208393 15018 incremental_pipeline.cc:527] => Image sees 3167 / 4992 points
2026-05-19T13:51:24 COLMAP[chunk_08_mapper_initial] I20260519 13:51:24.452284 15018 incremental_pipeline.cc:524] Registering image #810 (num_reg_frames=82)
2026-05-19T13:51:24 COLMAP[chunk_08_mapper_initial] I20260519 13:51:24.452345 15018 incremental_pipeline.cc:527] => Image sees 2606 / 6273 points
2026-05-19T13:51:25 COLMAP[chunk_08_mapper_initial] I20260519 13:51:25.712136 15018 incremental_pipeline.cc:524] Registering image #1040 (num_reg_frames=83)
2026-05-19T13:51:25 COLMAP[chunk_08_mapper_initial] I20260519 13:51:25.712193 15018 incremental_pipeline.cc:527] => Image sees 2674 / 6360 points
2026-05-19T13:51:27 COLMAP[chunk_08_mapper_initial] I20260519 13:51:27.036491 15018 incremental_pipeline.cc:524] Registering image #801 (num_reg_frames=84)
2026-05-19T13:51:27 COLMAP[chunk_08_mapper_initial] I20260519 13:51:27.036551 15018 incremental_pipeline.cc:527] => Image sees 1996 / 4898 points
2026-05-19T13:51:28 COLMAP[chunk_08_mapper_initial] I20260519 13:51:28.132753 15018 incremental_pipeline.cc:524] Registering image #203 (num_reg_frames=85)
2026-05-19T13:51:28 COLMAP[chunk_08_mapper_initial] I20260519 13:51:28.132809 15018 incremental_pipeline.cc:527] => Image sees 1983 / 3932 points
2026-05-19T13:51:29 COLMAP[chunk_08_mapper_initial] I20260519 13:51:29.097929 15018 incremental_pipeline.cc:524] Registering image #1084 (num_reg_frames=86)
2026-05-19T13:51:29 COLMAP[chunk_08_mapper_initial] I20260519 13:51:29.097987 15018 incremental_pipeline.cc:527] => Image sees 1727 / 6005 points
2026-05-19T13:51:30 COLMAP[chunk_08_mapper_initial] I20260519 13:51:29.894585 15018 incremental_pipeline.cc:78] Retriangulation and Global bundle adjustment
2026-05-19T13:51:46 COLMAP[chunk_08_mapper_initial] I20260519 13:51:46.501462 15018 incremental_pipeline.cc:524] Registering image #1085 (num_reg_frames=87)
2026-05-19T13:51:46 COLMAP[chunk_08_mapper_initial] I20260519 13:51:46.501547 15018 incremental_pipeline.cc:527] => Image sees 1748 / 6882 points
2026-05-19T13:51:47 COLMAP[chunk_08_mapper_initial] I20260519 13:51:47.514333 15018 incremental_pipeline.cc:524] Registering image #1086 (num_reg_frames=88)
2026-05-19T13:51:47 COLMAP[chunk_08_mapper_initial] I20260519 13:51:47.514392 15018 incremental_pipeline.cc:527] => Image sees 2833 / 6437 points
2026-05-19T13:51:48 COLMAP[chunk_08_mapper_initial] I20260519 13:51:48.633736 15018 incremental_pipeline.cc:524] Registering image #834 (num_reg_frames=89)
2026-05-19T13:51:48 COLMAP[chunk_08_mapper_initial] I20260519 13:51:48.633785 15018 incremental_pipeline.cc:527] => Image sees 1773 / 5927 points
2026-05-19T13:51:49 COLMAP[chunk_08_mapper_initial] I20260519 13:51:49.624634 15018 incremental_pipeline.cc:524] Registering image #1087 (num_reg_frames=90)
2026-05-19T13:51:49 COLMAP[chunk_08_mapper_initial] I20260519 13:51:49.624688 15018 incremental_pipeline.cc:527] => Image sees 2155 / 4255 points
2026-05-19T13:51:50 COLMAP[chunk_08_mapper_initial] I20260519 13:51:50.625048 15018 incremental_pipeline.cc:524] Registering image #843 (num_reg_frames=91)
2026-05-19T13:51:50 COLMAP[chunk_08_mapper_initial] I20260519 13:51:50.625103 15018 incremental_pipeline.cc:527] => Image sees 1992 / 6900 points
2026-05-19T13:51:51 COLMAP[chunk_08_mapper_initial] I20260519 13:51:51.684468 15018 incremental_pipeline.cc:524] Registering image #1010 (num_reg_frames=92)
2026-05-19T13:51:51 COLMAP[chunk_08_mapper_initial] I20260519 13:51:51.684525 15018 incremental_pipeline.cc:527] => Image sees 2391 / 6870 points
2026-05-19T13:51:52 COLMAP[chunk_08_mapper_initial] I20260519 13:51:52.773325 15018 incremental_pipeline.cc:524] Registering image #1019 (num_reg_frames=93)
2026-05-19T13:51:52 COLMAP[chunk_08_mapper_initial] I20260519 13:51:52.773376 15018 incremental_pipeline.cc:527] => Image sees 3085 / 7213 points
2026-05-19T13:51:54 COLMAP[chunk_08_mapper_initial] I20260519 13:51:53.991607 15018 incremental_pipeline.cc:524] Registering image #868 (num_reg_frames=94)
2026-05-19T13:51:54 COLMAP[chunk_08_mapper_initial] I20260519 13:51:53.991665 15018 incremental_pipeline.cc:527] => Image sees 2601 / 7729 points
2026-05-19T13:51:55 COLMAP[chunk_08_mapper_initial] I20260519 13:51:54.999912 15018 incremental_pipeline.cc:78] Retriangulation and Global bundle adjustment
2026-05-19T13:52:13 COLMAP[chunk_08_mapper_initial] I20260519 13:52:13.536276 15018 incremental_pipeline.cc:524] Registering image #877 (num_reg_frames=95)
2026-05-19T13:52:13 COLMAP[chunk_08_mapper_initial] I20260519 13:52:13.536329 15018 incremental_pipeline.cc:527] => Image sees 3217 / 7834 points
2026-05-19T13:52:14 COLMAP[chunk_08_mapper_initial] I20260519 13:52:14.718945 15018 incremental_pipeline.cc:524] Registering image #876 (num_reg_frames=96)
2026-05-19T13:52:14 COLMAP[chunk_08_mapper_initial] I20260519 13:52:14.719007 15018 incremental_pipeline.cc:527] => Image sees 3320 / 7872 points
2026-05-19T13:52:16 COLMAP[chunk_08_mapper_initial] I20260519 13:52:15.971395 15018 incremental_pipeline.cc:524] Registering image #979 (num_reg_frames=97)
2026-05-19T13:52:16 COLMAP[chunk_08_mapper_initial] I20260519 13:52:15.971446 15018 incremental_pipeline.cc:527] => Image sees 3540 / 7544 points
2026-05-19T13:52:17 COLMAP[chunk_08_mapper_initial] I20260519 13:52:17.255142 15018 incremental_pipeline.cc:524] Registering image #971 (num_reg_frames=98)
2026-05-19T13:52:17 COLMAP[chunk_08_mapper_initial] I20260519 13:52:17.255211 15018 incremental_pipeline.cc:527] => Image sees 4487 / 9104 points
2026-05-19T13:52:18 COLMAP[chunk_08_mapper_initial] I20260519 13:52:18.808444 15018 incremental_pipeline.cc:524] Registering image #978 (num_reg_frames=99)
2026-05-19T13:52:18 COLMAP[chunk_08_mapper_initial] I20260519 13:52:18.808495 15018 incremental_pipeline.cc:527] => Image sees 3679 / 6992 points
2026-05-19T13:52:20 COLMAP[chunk_08_mapper_initial] I20260519 13:52:20.236514 15018 incremental_pipeline.cc:524] Registering image #916 (num_reg_frames=100)
2026-05-19T13:52:20 COLMAP[chunk_08_mapper_initial] I20260519 13:52:20.236565 15018 incremental_pipeline.cc:527] => Image sees 3904 / 9198 points
2026-05-19T13:52:21 COLMAP[chunk_08_mapper_initial] I20260519 13:52:21.783780 15018 incremental_pipeline.cc:524] Registering image #925 (num_reg_frames=101)
2026-05-19T13:52:21 COLMAP[chunk_08_mapper_initial] I20260519 13:52:21.783841 15018 incremental_pipeline.cc:527] => Image sees 4427 / 9373 points
2026-05-19T13:52:23 COLMAP[chunk_08_mapper_initial] I20260519 13:52:23.457598 15018 incremental_pipeline.cc:524] Registering image #917 (num_reg_frames=102)
2026-05-19T13:52:23 COLMAP[chunk_08_mapper_initial] I20260519 13:52:23.457655 15018 incremental_pipeline.cc:527] => Image sees 4374 / 9187 points
2026-05-19T13:52:25 COLMAP[chunk_08_mapper_initial] I20260519 13:52:25.227249 15018 incremental_pipeline.cc:524] Registering image #924 (num_reg_frames=103)
2026-05-19T13:52:25 COLMAP[chunk_08_mapper_initial] I20260519 13:52:25.227309 15018 incremental_pipeline.cc:527] => Image sees 5112 / 8895 points
2026-05-19T13:52:27 COLMAP[chunk_08_mapper_initial] I20260519 13:52:27.018214 15018 incremental_pipeline.cc:524] Registering image #1090 (num_reg_frames=104)
2026-05-19T13:52:27 COLMAP[chunk_08_mapper_initial] I20260519 13:52:27.018273 15018 incremental_pipeline.cc:527] => Image sees 1614 / 5840 points
2026-05-19T13:52:28 COLMAP[chunk_08_mapper_initial] I20260519 13:52:28.038280 15018 incremental_pipeline.cc:78] Retriangulation and Global bundle adjustment
2026-05-19T13:52:48 COLMAP[chunk_08_mapper_initial] I20260519 13:52:48.786278 15018 incremental_pipeline.cc:524] Registering image #1089 (num_reg_frames=105)
2026-05-19T13:52:48 COLMAP[chunk_08_mapper_initial] I20260519 13:52:48.786361 15018 incremental_pipeline.cc:527] => Image sees 2082 / 6148 points
2026-05-19T13:52:50 COLMAP[chunk_08_mapper_initial] I20260519 13:52:49.957558 15018 incremental_pipeline.cc:524] Registering image #1091 (num_reg_frames=106)
2026-05-19T13:52:50 COLMAP[chunk_08_mapper_initial] I20260519 13:52:49.957612 15018 incremental_pipeline.cc:527] => Image sees 2720 / 6253 points
2026-05-19T13:52:51 COLMAP[chunk_08_mapper_initial] I20260519 13:52:51.051040 15018 incremental_pipeline.cc:524] Registering image #1092 (num_reg_frames=107)
2026-05-19T13:52:51 COLMAP[chunk_08_mapper_initial] I20260519 13:52:51.051091 15018 incremental_pipeline.cc:527] => Image sees 2375 / 6960 points
2026-05-19T13:52:52 COLMAP[chunk_08_mapper_initial] I20260519 13:52:52.137032 15018 incremental_pipeline.cc:524] Registering image #1093 (num_reg_frames=108)
2026-05-19T13:52:52 COLMAP[chunk_08_mapper_initial] I20260519 13:52:52.137085 15018 incremental_pipeline.cc:527] => Image sees 2918 / 7271 points
2026-05-19T13:52:53 COLMAP[chunk_08_mapper_initial] I20260519 13:52:53.348851 15018 incremental_pipeline.cc:524] Registering image #1094 (num_reg_frames=109)
2026-05-19T13:52:53 COLMAP[chunk_08_mapper_initial] I20260519 13:52:53.348904 15018 incremental_pipeline.cc:527] => Image sees 3337 / 6966 points
2026-05-19T13:52:54 COLMAP[chunk_08_mapper_initial] I20260519 13:52:54.609128 15018 incremental_pipeline.cc:524] Registering image #1095 (num_reg_frames=110)
2026-05-19T13:52:54 COLMAP[chunk_08_mapper_initial] I20260519 13:52:54.609180 15018 incremental_pipeline.cc:527] => Image sees 3478 / 6116 points
2026-05-19T13:52:56 COLMAP[chunk_08_mapper_initial] I20260519 13:52:55.918211 15018 incremental_pipeline.cc:524] Registering image #1096 (num_reg_frames=111)
2026-05-19T13:52:56 COLMAP[chunk_08_mapper_initial] I20260519 13:52:55.918264 15018 incremental_pipeline.cc:527] => Image sees 3647 / 6282 points
2026-05-19T13:52:57 COLMAP[chunk_08_mapper_initial] I20260519 13:52:57.230762 15018 incremental_pipeline.cc:524] Registering image #1177 (num_reg_frames=112)
2026-05-19T13:52:57 COLMAP[chunk_08_mapper_initial] I20260519 13:52:57.230829 15018 incremental_pipeline.cc:527] => Image sees 3693 / 5968 points
2026-05-19T13:52:58 COLMAP[chunk_08_mapper_initial] I20260519 13:52:58.599586 15018 incremental_pipeline.cc:524] Registering image #1097 (num_reg_frames=113)
2026-05-19T13:52:58 COLMAP[chunk_08_mapper_initial] I20260519 13:52:58.599637 15018 incremental_pipeline.cc:527] => Image sees 3085 / 5795 points
2026-05-19T13:52:59 COLMAP[chunk_08_mapper_initial] I20260519 13:52:59.865448 15018 incremental_pipeline.cc:524] Registering image #1163 (num_reg_frames=114)
2026-05-19T13:52:59 COLMAP[chunk_08_mapper_initial] I20260519 13:52:59.865504 15018 incremental_pipeline.cc:527] => Image sees 2978 / 7852 points
2026-05-19T13:53:01 COLMAP[chunk_08_mapper_initial] I20260519 13:53:01.081535 15018 incremental_pipeline.cc:524] Registering image #1164 (num_reg_frames=115)
2026-05-19T13:53:01 COLMAP[chunk_08_mapper_initial] I20260519 13:53:01.081591 15018 incremental_pipeline.cc:527] => Image sees 2857 / 5845 points
2026-05-19T13:53:02 COLMAP[chunk_08_mapper_initial] I20260519 13:53:02.313470 15018 incremental_pipeline.cc:78] Retriangulation and Global bundle adjustment
2026-05-19T13:53:14 COLMAP[chunk_08_mapper_initial] I20260519 13:53:14.744729 15018 incremental_pipeline.cc:524] Registering image #1162 (num_reg_frames=116)
2026-05-19T13:53:14 COLMAP[chunk_08_mapper_initial] I20260519 13:53:14.744784 15018 incremental_pipeline.cc:527] => Image sees 3523 / 6705 points
2026-05-19T13:53:16 COLMAP[chunk_08_mapper_initial] I20260519 13:53:16.072299 15018 incremental_pipeline.cc:524] Registering image #1161 (num_reg_frames=117)
2026-05-19T13:53:16 COLMAP[chunk_08_mapper_initial] I20260519 13:53:16.072355 15018 incremental_pipeline.cc:527] => Image sees 2883 / 5898 points
2026-05-19T13:53:17 COLMAP[chunk_08_mapper_initial] I20260519 13:53:17.269784 15018 incremental_pipeline.cc:524] Registering image #1160 (num_reg_frames=118)
2026-05-19T13:53:17 COLMAP[chunk_08_mapper_initial] I20260519 13:53:17.269830 15018 incremental_pipeline.cc:527] => Image sees 3040 / 6939 points
2026-05-19T13:53:18 COLMAP[chunk_08_mapper_initial] I20260519 13:53:18.489696 15018 incremental_pipeline.cc:524] Registering image #1159 (num_reg_frames=119)
2026-05-19T13:53:18 COLMAP[chunk_08_mapper_initial] I20260519 13:53:18.489746 15018 incremental_pipeline.cc:527] => Image sees 3026 / 5953 points
2026-05-19T13:53:19 COLMAP[chunk_08_mapper_initial] I20260519 13:53:19.657330 15018 incremental_pipeline.cc:524] Registering image #1115 (num_reg_frames=120)
2026-05-19T13:53:19 COLMAP[chunk_08_mapper_initial] I20260519 13:53:19.657413 15018 incremental_pipeline.cc:527] => Image sees 2832 / 6399 points
2026-05-19T13:53:20 COLMAP[chunk_08_mapper_initial] I20260519 13:53:20.873322 15018 incremental_pipeline.cc:524] Registering image #1114 (num_reg_frames=121)
2026-05-19T13:53:20 COLMAP[chunk_08_mapper_initial] I20260519 13:53:20.873378 15018 incremental_pipeline.cc:527] => Image sees 3204 / 6283 points
2026-05-19T13:53:22 COLMAP[chunk_08_mapper_initial] I20260519 13:53:22.159739 15018 incremental_pipeline.cc:524] Registering image #1112 (num_reg_frames=122)
2026-05-19T13:53:22 COLMAP[chunk_08_mapper_initial] I20260519 13:53:22.159799 15018 incremental_pipeline.cc:527] => Image sees 3515 / 6291 points
2026-05-19T13:53:23 COLMAP[chunk_08_mapper_initial] I20260519 13:53:23.494421 15018 incremental_pipeline.cc:524] Registering image #1113 (num_reg_frames=123)
2026-05-19T13:53:23 COLMAP[chunk_08_mapper_initial] I20260519 13:53:23.494478 15018 incremental_pipeline.cc:527] => Image sees 3933 / 6341 points
2026-05-19T13:53:24 COLMAP[chunk_08_mapper_initial] I20260519 13:53:24.831528 15018 incremental_pipeline.cc:524] Registering image #1234 (num_reg_frames=124)
2026-05-19T13:53:24 COLMAP[chunk_08_mapper_initial] I20260519 13:53:24.831583 15018 incremental_pipeline.cc:527] => Image sees 2714 / 5999 points
2026-05-19T13:53:26 COLMAP[chunk_08_mapper_initial] I20260519 13:53:26.009358 15018 incremental_pipeline.cc:524] Registering image #1233 (num_reg_frames=125)
2026-05-19T13:53:26 COLMAP[chunk_08_mapper_initial] I20260519 13:53:26.009413 15018 incremental_pipeline.cc:527] => Image sees 2786 / 5037 points
2026-05-19T13:53:27 COLMAP[chunk_08_mapper_initial] I20260519 13:53:27.179996 15018 incremental_pipeline.cc:524] Registering image #1232 (num_reg_frames=126)
2026-05-19T13:53:27 COLMAP[chunk_08_mapper_initial] I20260519 13:53:27.180053 15018 incremental_pipeline.cc:527] => Image sees 2554 / 4521 points
2026-05-19T13:53:28 COLMAP[chunk_08_mapper_initial] I20260519 13:53:28.237727 15018 incremental_pipeline.cc:524] Registering image #1230 (num_reg_frames=127)
2026-05-19T13:53:28 COLMAP[chunk_08_mapper_initial] I20260519 13:53:28.237778 15018 incremental_pipeline.cc:527] => Image sees 2563 / 6385 points
2026-05-19T13:53:29 COLMAP[chunk_08_mapper_initial] I20260519 13:53:29.214184 15018 incremental_pipeline.cc:78] Retriangulation and Global bundle adjustment
2026-05-19T13:53:53 COLMAP[chunk_08_mapper_initial] I20260519 13:53:53.006489 15018 incremental_pipeline.cc:524] Registering image #1231 (num_reg_frames=128)
2026-05-19T13:53:53 COLMAP[chunk_08_mapper_initial] I20260519 13:53:53.006563 15018 incremental_pipeline.cc:527] => Image sees 2197 / 5291 points
2026-05-19T13:53:54 COLMAP[chunk_08_mapper_initial] I20260519 13:53:54.092521 15018 incremental_pipeline.cc:524] Registering image #1088 (num_reg_frames=129)
2026-05-19T13:53:54 COLMAP[chunk_08_mapper_initial] I20260519 13:53:54.092578 15018 incremental_pipeline.cc:527] => Image sees 2323 / 2916 points
2026-05-19T13:53:55 COLMAP[chunk_08_mapper_initial] I20260519 13:53:55.204437 15018 incremental_pipeline.cc:524] Registering image #1225 (num_reg_frames=130)
2026-05-19T13:53:55 COLMAP[chunk_08_mapper_initial] I20260519 13:53:55.204491 15018 incremental_pipeline.cc:527] => Image sees 1839 / 6285 points
2026-05-19T13:53:56 COLMAP[chunk_08_mapper_initial] I20260519 13:53:56.125131 15018 incremental_pipeline.cc:524] Registering image #1224 (num_reg_frames=131)
2026-05-19T13:53:56 COLMAP[chunk_08_mapper_initial] I20260519 13:53:56.125192 15018 incremental_pipeline.cc:527] => Image sees 2012 / 5332 points
2026-05-19T13:53:57 COLMAP[chunk_08_mapper_initial] I20260519 13:53:57.192247 15018 incremental_pipeline.cc:524] Registering image #1226 (num_reg_frames=132)
2026-05-19T13:53:57 COLMAP[chunk_08_mapper_initial] I20260519 13:53:57.192305 15018 incremental_pipeline.cc:527] => Image sees 3306 / 6151 points
2026-05-19T13:53:58 COLMAP[chunk_08_mapper_initial] I20260519 13:53:58.336956 15018 incremental_pipeline.cc:524] Registering image #1223 (num_reg_frames=133)
2026-05-19T13:53:58 COLMAP[chunk_08_mapper_initial] I20260519 13:53:58.337009 15018 incremental_pipeline.cc:527] => Image sees 2594 / 5761 points
2026-05-19T13:53:59 COLMAP[chunk_08_mapper_initial] I20260519 13:53:59.402467 15018 incremental_pipeline.cc:524] Registering image #1222 (num_reg_frames=134)
2026-05-19T13:53:59 COLMAP[chunk_08_mapper_initial] I20260519 13:53:59.402518 15018 incremental_pipeline.cc:527] => Image sees 2464 / 6020 points
2026-05-19T13:54:00 COLMAP[chunk_08_mapper_initial] I20260519 13:54:00.449441 15018 incremental_pipeline.cc:524] Registering image #1221 (num_reg_frames=135)
2026-05-19T13:54:00 COLMAP[chunk_08_mapper_initial] I20260519 13:54:00.449499 15018 incremental_pipeline.cc:527] => Image sees 2493 / 5694 points
2026-05-19T13:54:01 COLMAP[chunk_08_mapper_initial] I20260519 13:54:01.549010 15018 incremental_pipeline.cc:524] Registering image #1178 (num_reg_frames=136)
2026-05-19T13:54:01 COLMAP[chunk_08_mapper_initial] I20260519 13:54:01.549073 15018 incremental_pipeline.cc:527] => Image sees 2048 / 5106 points
2026-05-19T13:54:02 COLMAP[chunk_08_mapper_initial] I20260519 13:54:02.710537 15018 incremental_pipeline.cc:524] Registering image #1183 (num_reg_frames=137)
2026-05-19T13:54:02 COLMAP[chunk_08_mapper_initial] I20260519 13:54:02.710597 15018 incremental_pipeline.cc:527] => Image sees 1913 / 5047 points
2026-05-19T13:54:03 COLMAP[chunk_08_mapper_initial] I20260519 13:54:03.676899 15018 incremental_pipeline.cc:524] Registering image #1182 (num_reg_frames=138)
2026-05-19T13:54:03 COLMAP[chunk_08_mapper_initial] I20260519 13:54:03.676955 15018 incremental_pipeline.cc:527] => Image sees 1868 / 5302 points
2026-05-19T13:54:04 COLMAP[chunk_08_mapper_initial] I20260519 13:54:04.815423 15018 incremental_pipeline.cc:524] Registering image #1184 (num_reg_frames=139)
2026-05-19T13:54:04 COLMAP[chunk_08_mapper_initial] I20260519 13:54:04.815475 15018 incremental_pipeline.cc:527] => Image sees 2275 / 5227 points
2026-05-19T13:54:05 COLMAP[chunk_08_mapper_initial] I20260519 13:54:05.793855 15018 incremental_pipeline.cc:524] Registering image #1185 (num_reg_frames=140)
2026-05-19T13:54:05 COLMAP[chunk_08_mapper_initial] I20260519 13:54:05.793906 15018 incremental_pipeline.cc:527] => Image sees 2272 / 4540 points
2026-05-19T13:54:06 COLMAP[chunk_08_mapper_initial] I20260519 13:54:06.831679 15018 incremental_pipeline.cc:78] Retriangulation and Global bundle adjustment
2026-05-19T13:54:32 COLMAP[chunk_08_mapper_initial] I20260519 13:54:32.338492 15018 incremental_pipeline.cc:524] Registering image #1179 (num_reg_frames=141)
2026-05-19T13:54:32 COLMAP[chunk_08_mapper_initial] I20260519 13:54:32.338588 15018 incremental_pipeline.cc:527] => Image sees 2111 / 5166 points
2026-05-19T13:54:33 COLMAP[chunk_08_mapper_initial] I20260519 13:54:33.410101 15018 incremental_pipeline.cc:524] Registering image #1181 (num_reg_frames=142)
2026-05-19T13:54:33 COLMAP[chunk_08_mapper_initial] I20260519 13:54:33.410161 15018 incremental_pipeline.cc:527] => Image sees 2836 / 5826 points
2026-05-19T13:54:34 COLMAP[chunk_08_mapper_initial] I20260519 13:54:34.530062 15018 incremental_pipeline.cc:524] Registering image #1180 (num_reg_frames=143)
2026-05-19T13:54:34 COLMAP[chunk_08_mapper_initial] I20260519 13:54:34.530112 15018 incremental_pipeline.cc:527] => Image sees 3423 / 5574 points
2026-05-19T13:54:35 COLMAP[chunk_08_mapper_initial] I20260519 13:54:35.682714 15018 incremental_pipeline.cc:524] Registering image #1220 (num_reg_frames=144)
2026-05-19T13:54:35 COLMAP[chunk_08_mapper_initial] I20260519 13:54:35.682767 15018 incremental_pipeline.cc:527] => Image sees 2761 / 5026 points
2026-05-19T13:54:36 COLMAP[chunk_08_mapper_initial] I20260519 13:54:36.777907 15018 incremental_pipeline.cc:524] Registering image #1219 (num_reg_frames=145)
2026-05-19T13:54:36 COLMAP[chunk_08_mapper_initial] I20260519 13:54:36.777962 15018 incremental_pipeline.cc:527] => Image sees 2035 / 4474 points
2026-05-19T13:54:37 COLMAP[chunk_08_mapper_initial] I20260519 13:54:37.747757 15018 incremental_pipeline.cc:524] Registering image #1218 (num_reg_frames=146)
2026-05-19T13:54:37 COLMAP[chunk_08_mapper_initial] I20260519 13:54:37.747816 15018 incremental_pipeline.cc:527] => Image sees 1875 / 5013 points
2026-05-19T13:54:38 COLMAP[chunk_08_mapper_initial] I20260519 13:54:38.832237 15018 incremental_pipeline.cc:524] Registering image #1229 (num_reg_frames=147)
2026-05-19T13:54:38 COLMAP[chunk_08_mapper_initial] I20260519 13:54:38.832288 15018 incremental_pipeline.cc:527] => Image sees 1397 / 4448 points
2026-05-19T13:54:39 COLMAP[chunk_08_mapper_initial] I20260519 13:54:39.854736 15018 incremental_pipeline.cc:524] Registering image #1228 (num_reg_frames=148)
2026-05-19T13:54:39 COLMAP[chunk_08_mapper_initial] I20260519 13:54:39.854792 15018 incremental_pipeline.cc:527] => Image sees 2041 / 4416 points
2026-05-19T13:54:40 COLMAP[chunk_08_mapper_initial] I20260519 13:54:40.927871 15018 incremental_pipeline.cc:524] Registering image #809 (num_reg_frames=149)
2026-05-19T13:54:40 COLMAP[chunk_08_mapper_initial] I20260519 13:54:40.927919 15018 incremental_pipeline.cc:527] => Image sees 1618 / 4298 points
2026-05-19T13:54:41 COLMAP[chunk_08_mapper_initial] I20260519 13:54:41.826998 15018 incremental_pipeline.cc:524] Registering image #821 (num_reg_frames=150)
2026-05-19T13:54:41 COLMAP[chunk_08_mapper_initial] I20260519 13:54:41.827055 15018 incremental_pipeline.cc:527] => Image sees 1911 / 3953 points
2026-05-19T13:54:42 COLMAP[chunk_08_mapper_initial] I20260519 13:54:42.806047 15018 incremental_pipeline.cc:524] Registering image #808 (num_reg_frames=151)
2026-05-19T13:54:42 COLMAP[chunk_08_mapper_initial] I20260519 13:54:42.806097 15018 incremental_pipeline.cc:527] => Image sees 2170 / 3331 points
2026-05-19T13:54:43 COLMAP[chunk_08_mapper_initial] I20260519 13:54:43.726531 15018 incremental_pipeline.cc:524] Registering image #1227 (num_reg_frames=152)
2026-05-19T13:54:43 COLMAP[chunk_08_mapper_initial] I20260519 13:54:43.726586 15018 incremental_pipeline.cc:527] => Image sees 1374 / 2567 points
2026-05-19T13:54:44 COLMAP[chunk_08_mapper_initial] I20260519 13:54:44.636337 15018 incremental_pipeline.cc:524] Registering image #1188 (num_reg_frames=153)
2026-05-19T13:54:44 COLMAP[chunk_08_mapper_initial] I20260519 13:54:44.636389 15018 incremental_pipeline.cc:527] => Image sees 1430 / 2458 points
2026-05-19T13:54:45 COLMAP[chunk_08_mapper_initial] I20260519 13:54:45.566920 15018 incremental_pipeline.cc:524] Registering image #1099 (num_reg_frames=154)
2026-05-19T13:54:45 COLMAP[chunk_08_mapper_initial] I20260519 13:54:45.566975 15018 incremental_pipeline.cc:527] => Image sees 1365 / 4412 points
2026-05-19T13:54:46 COLMAP[chunk_08_mapper_initial] I20260519 13:54:46.441658 15018 incremental_pipeline.cc:524] Registering image #1098 (num_reg_frames=155)
2026-05-19T13:54:46 COLMAP[chunk_08_mapper_initial] I20260519 13:54:46.441737 15018 incremental_pipeline.cc:527] => Image sees 1188 / 4054 points
2026-05-19T13:54:47 COLMAP[chunk_08_mapper_initial] I20260519 13:54:47.384379 15018 incremental_pipeline.cc:78] Retriangulation and Global bundle adjustment
2026-05-19T13:55:15 COLMAP[chunk_08_mapper_initial] I20260519 13:55:15.898142 15018 incremental_pipeline.cc:524] Registering image #819 (num_reg_frames=156)
2026-05-19T13:55:15 COLMAP[chunk_08_mapper_initial] I20260519 13:55:15.898218 15018 incremental_pipeline.cc:527] => Image sees 1607 / 2276 points
2026-05-19T13:55:17 COLMAP[chunk_08_mapper_initial] I20260519 13:55:16.958520 15018 incremental_pipeline.cc:524] Registering image #1255 (num_reg_frames=157)
2026-05-19T13:55:17 COLMAP[chunk_08_mapper_initial] I20260519 13:55:16.958576 15018 incremental_pipeline.cc:527] => Image sees 1249 / 3998 points
2026-05-19T13:55:17 COLMAP[chunk_08_mapper_initial] I20260519 13:55:17.903678 15018 incremental_pipeline.cc:524] Registering image #1256 (num_reg_frames=158)
2026-05-19T13:55:17 COLMAP[chunk_08_mapper_initial] I20260519 13:55:17.903729 15018 incremental_pipeline.cc:527] => Image sees 1320 / 3288 points
2026-05-19T13:55:18 COLMAP[chunk_08_mapper_initial] I20260519 13:55:18.716390 15018 incremental_pipeline.cc:524] Registering image #1217 (num_reg_frames=159)
2026-05-19T13:55:18 COLMAP[chunk_08_mapper_initial] I20260519 13:55:18.716449 15018 incremental_pipeline.cc:527] => Image sees 1128 / 4390 points
2026-05-19T13:55:19 COLMAP[chunk_08_mapper_initial] I20260519 13:55:19.652232 15018 incremental_pipeline.cc:524] Registering image #1212 (num_reg_frames=160)
2026-05-19T13:55:19 COLMAP[chunk_08_mapper_initial] I20260519 13:55:19.652285 15018 incremental_pipeline.cc:527] => Image sees 852 / 6374 points
2026-05-19T13:55:20 COLMAP[chunk_08_mapper_initial] I20260519 13:55:20.544780 15018 incremental_pipeline.cc:524] Registering image #1211 (num_reg_frames=161)
2026-05-19T13:55:20 COLMAP[chunk_08_mapper_initial] I20260519 13:55:20.544836 15018 incremental_pipeline.cc:527] => Image sees 926 / 6805 points
2026-05-19T13:55:21 COLMAP[chunk_08_mapper_initial] I20260519 13:55:21.502674 15018 incremental_pipeline.cc:524] Registering image #1210 (num_reg_frames=162)
2026-05-19T13:55:21 COLMAP[chunk_08_mapper_initial] I20260519 13:55:21.502735 15018 incremental_pipeline.cc:527] => Image sees 916 / 5755 points
2026-05-19T13:55:22 COLMAP[chunk_08_mapper_initial] I20260519 13:55:22.485023 15018 incremental_pipeline.cc:524] Registering image #1209 (num_reg_frames=163)
2026-05-19T13:55:22 COLMAP[chunk_08_mapper_initial] I20260519 13:55:22.485076 15018 incremental_pipeline.cc:527] => Image sees 1621 / 3762 points
2026-05-19T13:55:23 COLMAP[chunk_08_mapper_initial] I20260519 13:55:23.460978 15018 incremental_pipeline.cc:524] Registering image #1213 (num_reg_frames=164)
2026-05-19T13:55:23 COLMAP[chunk_08_mapper_initial] I20260519 13:55:23.461035 15018 incremental_pipeline.cc:527] => Image sees 1776 / 3431 points
2026-05-19T13:55:24 COLMAP[chunk_08_mapper_initial] I20260519 13:55:24.483188 15018 incremental_pipeline.cc:524] Registering image #1214 (num_reg_frames=165)
2026-05-19T13:55:24 COLMAP[chunk_08_mapper_initial] I20260519 13:55:24.483244 15018 incremental_pipeline.cc:527] => Image sees 1211 / 3431 points
2026-05-19T13:55:25 COLMAP[chunk_08_mapper_initial] I20260519 13:55:25.411983 15018 incremental_pipeline.cc:524] Registering image #1216 (num_reg_frames=166)
2026-05-19T13:55:25 COLMAP[chunk_08_mapper_initial] I20260519 13:55:25.412048 15018 incremental_pipeline.cc:527] => Image sees 1236 / 4564 points
2026-05-19T13:55:26 COLMAP[chunk_08_mapper_initial] I20260519 13:55:26.264950 15018 incremental_pipeline.cc:524] Registering image #1215 (num_reg_frames=167)
2026-05-19T13:55:26 COLMAP[chunk_08_mapper_initial] I20260519 13:55:26.265005 15018 incremental_pipeline.cc:527] => Image sees 1184 / 3880 points
2026-05-19T13:55:27 COLMAP[chunk_08_mapper_initial] I20260519 13:55:27.045588 15018 incremental_pipeline.cc:524] Registering image #1204 (num_reg_frames=168)
2026-05-19T13:55:27 COLMAP[chunk_08_mapper_initial] I20260519 13:55:27.045643 15018 incremental_pipeline.cc:527] => Image sees 505 / 2275 points
2026-05-19T13:55:27 COLMAP[chunk_08_mapper_initial] I20260519 13:55:27.742061 15018 incremental_pipeline.cc:524] Registering image #1203 (num_reg_frames=169)
2026-05-19T13:55:27 COLMAP[chunk_08_mapper_initial] I20260519 13:55:27.742111 15018 incremental_pipeline.cc:527] => Image sees 660 / 2471 points
2026-05-19T13:55:28 COLMAP[chunk_08_mapper_initial] I20260519 13:55:28.443221 15018 incremental_pipeline.cc:524] Registering image #1202 (num_reg_frames=170)
2026-05-19T13:55:28 COLMAP[chunk_08_mapper_initial] I20260519 13:55:28.443279 15018 incremental_pipeline.cc:527] => Image sees 915 / 2053 points
2026-05-19T13:55:29 COLMAP[chunk_08_mapper_initial] I20260519 13:55:29.073959 15018 incremental_pipeline.cc:524] Registering image #1265 (num_reg_frames=171)
2026-05-19T13:55:29 COLMAP[chunk_08_mapper_initial] I20260519 13:55:29.074011 15018 incremental_pipeline.cc:527] => Image sees 249 / 6150 points
2026-05-19T13:55:29 COLMAP[chunk_08_mapper_initial] I20260519 13:55:29.088207 15018 incremental_pipeline.cc:550] => Could not register, trying another image.
2026-05-19T13:55:29 COLMAP[chunk_08_mapper_initial] I20260519 13:55:29.088243 15018 incremental_pipeline.cc:524] Registering image #1260 (num_reg_frames=171)
2026-05-19T13:55:29 COLMAP[chunk_08_mapper_initial] I20260519 13:55:29.088253 15018 incremental_pipeline.cc:527] => Image sees 274 / 6689 points
2026-05-19T13:55:29 COLMAP[chunk_08_mapper_initial] I20260519 13:55:29.701503 15018 incremental_pipeline.cc:78] Retriangulation and Global bundle adjustment
2026-05-19T13:55:44 COLMAP[chunk_08_mapper_initial] I20260519 13:55:44.721148 15018 incremental_pipeline.cc:524] Registering image #1261 (num_reg_frames=172)
2026-05-19T13:55:44 COLMAP[chunk_08_mapper_initial] I20260519 13:55:44.721200 15018 incremental_pipeline.cc:527] => Image sees 243 / 6842 points
2026-05-19T13:55:45 COLMAP[chunk_08_mapper_initial] I20260519 13:55:45.548226 15018 incremental_pipeline.cc:524] Registering image #1259 (num_reg_frames=173)
2026-05-19T13:55:45 COLMAP[chunk_08_mapper_initial] I20260519 13:55:45.548280 15018 incremental_pipeline.cc:527] => Image sees 1807 / 5159 points
2026-05-19T13:55:46 COLMAP[chunk_08_mapper_initial] I20260519 13:55:46.618764 15018 incremental_pipeline.cc:524] Registering image #1258 (num_reg_frames=174)
2026-05-19T13:55:46 COLMAP[chunk_08_mapper_initial] I20260519 13:55:46.618847 15018 incremental_pipeline.cc:527] => Image sees 1580 / 3243 points
2026-05-19T13:55:47 COLMAP[chunk_08_mapper_initial] I20260519 13:55:47.603408 15018 incremental_pipeline.cc:524] Registering image #1263 (num_reg_frames=175)
2026-05-19T13:55:47 COLMAP[chunk_08_mapper_initial] I20260519 13:55:47.603466 15018 incremental_pipeline.cc:527] => Image sees 2106 / 6764 points
2026-05-19T13:55:48 COLMAP[chunk_08_mapper_initial] I20260519 13:55:48.768260 15018 incremental_pipeline.cc:524] Registering image #1264 (num_reg_frames=176)
2026-05-19T13:55:48 COLMAP[chunk_08_mapper_initial] I20260519 13:55:48.768316 15018 incremental_pipeline.cc:527] => Image sees 2775 / 6624 points
2026-05-19T13:55:50 COLMAP[chunk_08_mapper_initial] I20260519 13:55:49.996855 15018 incremental_pipeline.cc:524] Registering image #1262 (num_reg_frames=177)
2026-05-19T13:55:50 COLMAP[chunk_08_mapper_initial] I20260519 13:55:49.996904 15018 incremental_pipeline.cc:527] => Image sees 3094 / 4913 points
2026-05-19T13:55:51 COLMAP[chunk_08_mapper_initial] I20260519 13:55:51.286919 15018 incremental_pipeline.cc:524] Registering image #1308 (num_reg_frames=178)
2026-05-19T13:55:51 COLMAP[chunk_08_mapper_initial] I20260519 13:55:51.286979 15018 incremental_pipeline.cc:527] => Image sees 393 / 2126 points
2026-05-19T13:55:52 COLMAP[chunk_08_mapper_initial] I20260519 13:55:52.238114 15018 incremental_pipeline.cc:524] Registering image #1309 (num_reg_frames=179)
2026-05-19T13:55:52 COLMAP[chunk_08_mapper_initial] I20260519 13:55:52.238168 15018 incremental_pipeline.cc:527] => Image sees 214 / 1543 points
2026-05-19T13:55:53 COLMAP[chunk_08_mapper_initial] I20260519 13:55:53.036800 15018 incremental_pipeline.cc:524] Registering image #1265 (num_reg_frames=180)
2026-05-19T13:55:53 COLMAP[chunk_08_mapper_initial] I20260519 13:55:53.036850 15018 incremental_pipeline.cc:527] => Image sees 3415 / 6150 points
2026-05-19T13:55:54 COLMAP[chunk_08_mapper_initial] I20260519 13:55:54.303797 15018 incremental_pipeline.cc:524] Registering image #1266 (num_reg_frames=181)
2026-05-19T13:55:54 COLMAP[chunk_08_mapper_initial] I20260519 13:55:54.303861 15018 incremental_pipeline.cc:527] => Image sees 3902 / 5789 points
2026-05-19T13:55:55 COLMAP[chunk_08_mapper_initial] I20260519 13:55:55.627552 15018 incremental_pipeline.cc:78] Retriangulation and Global bundle adjustment
2026-05-19T13:56:32 COLMAP[chunk_08_mapper_initial] I20260519 13:56:32.648770 15018 incremental_pipeline.cc:78] Retriangulation and Global bundle adjustment
2026-05-19T13:56:49 COLMAP[chunk_08_mapper_initial] I20260519 13:56:49.757203 15018 incremental_pipeline.cc:710] Keeping successful reconstruction
2026-05-19T13:56:50 COLMAP[chunk_08_mapper_initial] I20260519 13:56:50.036707 15018 timer.cc:90] Elapsed time: 9.007 [minutes]
2026-05-19T13:56:50 2026-05-19 13:56:50,124 - INFO - [chunk_08_mapper_initial_model_converter_0] colmap model_converter --input_path /tmp/colmap_sfm_rcnmny4o/chunk_08/sparse_initial/0 --output_path /tmp/colmap_sfm_rcnmny4o/text_models/chunk_08_mapper_initial/0 --output_type TXT
2026-05-19T13:56:54 2026-05-19 13:56:54,474 - INFO - chunk_08_mapper_initial model 0 registered 182/183 images and 154588 points
2026-05-19T13:57:49 2026-05-19 13:57:49,394 - INFO - Prepared chunk 9 database by pruning global features down to 179 images
2026-05-19T13:57:49 2026-05-19 13:57:49,395 - INFO - [chunk_09_spatial_matcher] colmap spatial_matcher --database_path /tmp/colmap_sfm_rcnmny4o/chunk_09/database.db --FeatureMatching.use_gpu 1 --FeatureMatching.guided_matching 1 --SpatialMatching.ignore_z 0 --SpatialMatching.max_num_neighbors 12 --SpatialMatching.max_distance 120.0
2026-05-19T13:57:49 COLMAP[chunk_09_spatial_matcher] I20260519 13:57:49.592747 16315 feature_matching.cc:195] === Feature matching & geometric verification ===
2026-05-19T13:57:49 COLMAP[chunk_09_spatial_matcher] I20260519 13:57:49.673822 16316 feature_matching_utils.cc:80] Bind FeatureMatcherWorker to GPU device 0
2026-05-19T13:57:49 COLMAP[chunk_09_spatial_matcher] I20260519 13:57:49.673827 16322 feature_matching_utils.cc:80] Bind FeatureMatcherWorker to GPU device 0
2026-05-19T13:57:49 COLMAP[chunk_09_spatial_matcher] I20260519 13:57:49.681963 16316 sift.cc:1547] Creating SIFT GPU feature matcher
2026-05-19T13:57:49 COLMAP[chunk_09_spatial_matcher] I20260519 13:57:49.681967 16322 sift.cc:1547] Creating SIFT GPU feature matcher
2026-05-19T13:57:49 COLMAP[chunk_09_spatial_matcher] I20260519 13:57:49.687161 16315 pairing.cc:560] Generating spatial image pairs...
2026-05-19T13:57:49 COLMAP[chunk_09_spatial_matcher] I20260519 13:57:49.687194 16315 pairing.cc:565] Indexing images...
2026-05-19T13:57:49 COLMAP[chunk_09_spatial_matcher] I20260519 13:57:49.694595 16315 pairing.cc:570]  in 0.007s
2026-05-19T13:57:49 COLMAP[chunk_09_spatial_matcher] I20260519 13:57:49.694633 16315 pairing.cc:584] Building search index...
2026-05-19T13:57:49 COLMAP[chunk_09_spatial_matcher] I20260519 13:57:49.694666 16315 pairing.cc:589]  in 0.000s
2026-05-19T13:57:49 COLMAP[chunk_09_spatial_matcher] I20260519 13:57:49.694677 16315 pairing.cc:592] Searching for nearest neighbors...
2026-05-19T13:57:49 COLMAP[chunk_09_spatial_matcher] I20260519 13:57:49.712162 16315 pairing.cc:608]  in 0.018s
2026-05-19T13:57:49 COLMAP[chunk_09_spatial_matcher] I20260519 13:57:49.712294 16315 pairing.cc:631] Processing image [1/179]
2026-05-19T13:57:50 COLMAP[chunk_09_spatial_matcher] I20260519 13:57:50.121814 16315 feature_matching.cc:217] in 0.410s
2026-05-19T13:57:50 COLMAP[chunk_09_spatial_matcher] I20260519 13:57:50.121866 16315 pairing.cc:631] Processing image [2/179]
2026-05-19T13:57:50 COLMAP[chunk_09_spatial_matcher] I20260519 13:57:50.392277 16315 feature_matching.cc:217] in 0.270s
2026-05-19T13:57:50 COLMAP[chunk_09_spatial_matcher] I20260519 13:57:50.392333 16315 pairing.cc:631] Processing image [3/179]
2026-05-19T13:57:50 COLMAP[chunk_09_spatial_matcher] I20260519 13:57:50.635948 16315 feature_matching.cc:217] in 0.244s
2026-05-19T13:57:50 COLMAP[chunk_09_spatial_matcher] I20260519 13:57:50.636000 16315 pairing.cc:631] Processing image [4/179]
2026-05-19T13:57:50 COLMAP[chunk_09_spatial_matcher] I20260519 13:57:50.850450 16315 feature_matching.cc:217] in 0.214s
2026-05-19T13:57:50 COLMAP[chunk_09_spatial_matcher] I20260519 13:57:50.850502 16315 pairing.cc:631] Processing image [5/179]
2026-05-19T13:57:51 COLMAP[chunk_09_spatial_matcher] I20260519 13:57:50.990410 16315 feature_matching.cc:217] in 0.140s
2026-05-19T13:57:51 COLMAP[chunk_09_spatial_matcher] I20260519 13:57:50.990461 16315 pairing.cc:631] Processing image [6/179]
2026-05-19T13:57:51 COLMAP[chunk_09_spatial_matcher] I20260519 13:57:51.114684 16315 feature_matching.cc:217] in 0.124s
2026-05-19T13:57:51 COLMAP[chunk_09_spatial_matcher] I20260519 13:57:51.114734 16315 pairing.cc:631] Processing image [7/179]
2026-05-19T13:57:51 COLMAP[chunk_09_spatial_matcher] I20260519 13:57:51.393607 16315 feature_matching.cc:217] in 0.279s
2026-05-19T13:57:51 COLMAP[chunk_09_spatial_matcher] I20260519 13:57:51.393659 16315 pairing.cc:631] Processing image [8/179]
2026-05-19T13:57:51 COLMAP[chunk_09_spatial_matcher] I20260519 13:57:51.625952 16315 feature_matching.cc:217] in 0.232s
2026-05-19T13:57:51 COLMAP[chunk_09_spatial_matcher] I20260519 13:57:51.626008 16315 pairing.cc:631] Processing image [9/179]
2026-05-19T13:57:51 COLMAP[chunk_09_spatial_matcher] I20260519 13:57:51.815176 16315 feature_matching.cc:217] in 0.189s
2026-05-19T13:57:51 COLMAP[chunk_09_spatial_matcher] I20260519 13:57:51.815227 16315 pairing.cc:631] Processing image [10/179]
2026-05-19T13:57:52 COLMAP[chunk_09_spatial_matcher] I20260519 13:57:51.998545 16315 feature_matching.cc:217] in 0.183s
2026-05-19T13:57:52 COLMAP[chunk_09_spatial_matcher] I20260519 13:57:51.998597 16315 pairing.cc:631] Processing image [11/179]
2026-05-19T13:57:52 COLMAP[chunk_09_spatial_matcher] I20260519 13:57:52.179705 16315 feature_matching.cc:217] in 0.181s
2026-05-19T13:57:52 COLMAP[chunk_09_spatial_matcher] I20260519 13:57:52.179755 16315 pairing.cc:631] Processing image [12/179]
2026-05-19T13:57:52 COLMAP[chunk_09_spatial_matcher] I20260519 13:57:52.410820 16315 feature_matching.cc:217] in 0.231s
2026-05-19T13:57:52 COLMAP[chunk_09_spatial_matcher] I20260519 13:57:52.410871 16315 pairing.cc:631] Processing image [13/179]
2026-05-19T13:57:52 COLMAP[chunk_09_spatial_matcher] I20260519 13:57:52.643999 16315 feature_matching.cc:217] in 0.233s
2026-05-19T13:57:52 COLMAP[chunk_09_spatial_matcher] I20260519 13:57:52.644050 16315 pairing.cc:631] Processing image [14/179]
2026-05-19T13:57:52 COLMAP[chunk_09_spatial_matcher] I20260519 13:57:52.901959 16315 feature_matching.cc:217] in 0.258s
2026-05-19T13:57:52 COLMAP[chunk_09_spatial_matcher] I20260519 13:57:52.902006 16315 pairing.cc:631] Processing image [15/179]
2026-05-19T13:57:53 COLMAP[chunk_09_spatial_matcher] I20260519 13:57:53.092234 16315 feature_matching.cc:217] in 0.190s
2026-05-19T13:57:53 COLMAP[chunk_09_spatial_matcher] I20260519 13:57:53.092285 16315 pairing.cc:631] Processing image [16/179]
2026-05-19T13:57:53 COLMAP[chunk_09_spatial_matcher] I20260519 13:57:53.216034 16315 feature_matching.cc:217] in 0.124s
2026-05-19T13:57:53 COLMAP[chunk_09_spatial_matcher] I20260519 13:57:53.216084 16315 pairing.cc:631] Processing image [17/179]
2026-05-19T13:57:53 COLMAP[chunk_09_spatial_matcher] I20260519 13:57:53.333705 16315 feature_matching.cc:217] in 0.118s
2026-05-19T13:57:53 COLMAP[chunk_09_spatial_matcher] I20260519 13:57:53.333751 16315 pairing.cc:631] Processing image [18/179]
2026-05-19T13:57:53 COLMAP[chunk_09_spatial_matcher] I20260519 13:57:53.436235 16315 feature_matching.cc:217] in 0.103s
2026-05-19T13:57:53 COLMAP[chunk_09_spatial_matcher] I20260519 13:57:53.436287 16315 pairing.cc:631] Processing image [19/179]
2026-05-19T13:57:53 COLMAP[chunk_09_spatial_matcher] I20260519 13:57:53.504549 16315 feature_matching.cc:217] in 0.068s
2026-05-19T13:57:53 COLMAP[chunk_09_spatial_matcher] I20260519 13:57:53.504598 16315 pairing.cc:631] Processing image [20/179]
2026-05-19T13:57:53 COLMAP[chunk_09_spatial_matcher] I20260519 13:57:53.504746 16315 feature_matching.cc:217] in 0.000s
2026-05-19T13:57:53 COLMAP[chunk_09_spatial_matcher] I20260519 13:57:53.504767 16315 pairing.cc:631] Processing image [21/179]
2026-05-19T13:57:53 COLMAP[chunk_09_spatial_matcher] I20260519 13:57:53.672513 16315 feature_matching.cc:217] in 0.168s
2026-05-19T13:57:53 COLMAP[chunk_09_spatial_matcher] I20260519 13:57:53.672564 16315 pairing.cc:631] Processing image [22/179]
2026-05-19T13:57:53 COLMAP[chunk_09_spatial_matcher] I20260519 13:57:53.895929 16315 feature_matching.cc:217] in 0.223s
2026-05-19T13:57:53 COLMAP[chunk_09_spatial_matcher] I20260519 13:57:53.895982 16315 pairing.cc:631] Processing image [23/179]
2026-05-19T13:57:54 COLMAP[chunk_09_spatial_matcher] I20260519 13:57:54.072154 16315 feature_matching.cc:217] in 0.176s
2026-05-19T13:57:54 COLMAP[chunk_09_spatial_matcher] I20260519 13:57:54.072206 16315 pairing.cc:631] Processing image [24/179]
2026-05-19T13:57:54 COLMAP[chunk_09_spatial_matcher] I20260519 13:57:54.171761 16315 feature_matching.cc:217] in 0.100s
2026-05-19T13:57:54 COLMAP[chunk_09_spatial_matcher] I20260519 13:57:54.171823 16315 pairing.cc:631] Processing image [25/179]
2026-05-19T13:57:54 COLMAP[chunk_09_spatial_matcher] I20260519 13:57:54.392997 16315 feature_matching.cc:217] in 0.221s
2026-05-19T13:57:54 COLMAP[chunk_09_spatial_matcher] I20260519 13:57:54.393046 16315 pairing.cc:631] Processing image [26/179]
2026-05-19T13:57:54 COLMAP[chunk_09_spatial_matcher] I20260519 13:57:54.575986 16315 feature_matching.cc:217] in 0.183s
2026-05-19T13:57:54 COLMAP[chunk_09_spatial_matcher] I20260519 13:57:54.576037 16315 pairing.cc:631] Processing image [27/179]
2026-05-19T13:57:54 COLMAP[chunk_09_spatial_matcher] I20260519 13:57:54.723798 16315 feature_matching.cc:217] in 0.148s
2026-05-19T13:57:54 COLMAP[chunk_09_spatial_matcher] I20260519 13:57:54.723857 16315 pairing.cc:631] Processing image [28/179]
2026-05-19T13:57:55 COLMAP[chunk_09_spatial_matcher] I20260519 13:57:55.014019 16315 feature_matching.cc:217] in 0.290s
2026-05-19T13:57:55 COLMAP[chunk_09_spatial_matcher] I20260519 13:57:55.014076 16315 pairing.cc:631] Processing image [29/179]
2026-05-19T13:57:55 COLMAP[chunk_09_spatial_matcher] I20260519 13:57:55.751756 16315 feature_matching.cc:217] in 0.738s
2026-05-19T13:57:55 COLMAP[chunk_09_spatial_matcher] I20260519 13:57:55.751814 16315 pairing.cc:631] Processing image [30/179]
2026-05-19T13:57:55 COLMAP[chunk_09_spatial_matcher] I20260519 13:57:55.963593 16315 feature_matching.cc:217] in 0.212s
2026-05-19T13:57:55 COLMAP[chunk_09_spatial_matcher] I20260519 13:57:55.963644 16315 pairing.cc:631] Processing image [31/179]
2026-05-19T13:57:56 COLMAP[chunk_09_spatial_matcher] I20260519 13:57:56.484120 16315 feature_matching.cc:217] in 0.521s
2026-05-19T13:57:56 COLMAP[chunk_09_spatial_matcher] I20260519 13:57:56.484169 16315 pairing.cc:631] Processing image [32/179]
2026-05-19T13:57:57 COLMAP[chunk_09_spatial_matcher] I20260519 13:57:57.057720 16315 feature_matching.cc:217] in 0.574s
2026-05-19T13:57:57 COLMAP[chunk_09_spatial_matcher] I20260519 13:57:57.057775 16315 pairing.cc:631] Processing image [33/179]
2026-05-19T13:57:57 COLMAP[chunk_09_spatial_matcher] I20260519 13:57:57.912101 16315 feature_matching.cc:217] in 0.854s
2026-05-19T13:57:57 COLMAP[chunk_09_spatial_matcher] I20260519 13:57:57.912153 16315 pairing.cc:631] Processing image [34/179]
2026-05-19T13:57:58 COLMAP[chunk_09_spatial_matcher] I20260519 13:57:58.570499 16315 feature_matching.cc:217] in 0.658s
2026-05-19T13:57:58 COLMAP[chunk_09_spatial_matcher] I20260519 13:57:58.570556 16315 pairing.cc:631] Processing image [35/179]
2026-05-19T13:57:59 COLMAP[chunk_09_spatial_matcher] I20260519 13:57:59.146584 16315 feature_matching.cc:217] in 0.576s
2026-05-19T13:57:59 COLMAP[chunk_09_spatial_matcher] I20260519 13:57:59.146641 16315 pairing.cc:631] Processing image [36/179]
2026-05-19T13:57:59 COLMAP[chunk_09_spatial_matcher] I20260519 13:57:59.920744 16315 feature_matching.cc:217] in 0.774s
2026-05-19T13:57:59 COLMAP[chunk_09_spatial_matcher] I20260519 13:57:59.920799 16315 pairing.cc:631] Processing image [37/179]
2026-05-19T13:58:00 COLMAP[chunk_09_spatial_matcher] I20260519 13:58:00.460605 16315 feature_matching.cc:217] in 0.540s
2026-05-19T13:58:00 COLMAP[chunk_09_spatial_matcher] I20260519 13:58:00.460664 16315 pairing.cc:631] Processing image [38/179]
2026-05-19T13:58:00 COLMAP[chunk_09_spatial_matcher] I20260519 13:58:00.773754 16315 feature_matching.cc:217] in 0.313s
2026-05-19T13:58:00 COLMAP[chunk_09_spatial_matcher] I20260519 13:58:00.773802 16315 pairing.cc:631] Processing image [39/179]
2026-05-19T13:58:00 COLMAP[chunk_09_spatial_matcher] I20260519 13:58:00.975862 16315 feature_matching.cc:217] in 0.202s
2026-05-19T13:58:00 COLMAP[chunk_09_spatial_matcher] I20260519 13:58:00.975915 16315 pairing.cc:631] Processing image [40/179]
2026-05-19T13:58:01 COLMAP[chunk_09_spatial_matcher] I20260519 13:58:01.226428 16315 feature_matching.cc:217] in 0.251s
2026-05-19T13:58:01 COLMAP[chunk_09_spatial_matcher] I20260519 13:58:01.226481 16315 pairing.cc:631] Processing image [41/179]
2026-05-19T13:58:01 COLMAP[chunk_09_spatial_matcher] I20260519 13:58:01.467886 16315 feature_matching.cc:217] in 0.241s
2026-05-19T13:58:01 COLMAP[chunk_09_spatial_matcher] I20260519 13:58:01.467934 16315 pairing.cc:631] Processing image [42/179]
2026-05-19T13:58:01 COLMAP[chunk_09_spatial_matcher] I20260519 13:58:01.719998 16315 feature_matching.cc:217] in 0.252s
2026-05-19T13:58:01 COLMAP[chunk_09_spatial_matcher] I20260519 13:58:01.720053 16315 pairing.cc:631] Processing image [43/179]
2026-05-19T13:58:02 COLMAP[chunk_09_spatial_matcher] I20260519 13:58:02.069818 16315 feature_matching.cc:217] in 0.350s
2026-05-19T13:58:02 COLMAP[chunk_09_spatial_matcher] I20260519 13:58:02.069876 16315 pairing.cc:631] Processing image [44/179]
2026-05-19T13:58:02 COLMAP[chunk_09_spatial_matcher] I20260519 13:58:02.353087 16315 feature_matching.cc:217] in 0.283s
2026-05-19T13:58:02 COLMAP[chunk_09_spatial_matcher] I20260519 13:58:02.353140 16315 pairing.cc:631] Processing image [45/179]
2026-05-19T13:58:02 COLMAP[chunk_09_spatial_matcher] I20260519 13:58:02.551517 16315 feature_matching.cc:217] in 0.198s
2026-05-19T13:58:02 COLMAP[chunk_09_spatial_matcher] I20260519 13:58:02.551568 16315 pairing.cc:631] Processing image [46/179]
2026-05-19T13:58:02 COLMAP[chunk_09_spatial_matcher] I20260519 13:58:02.846557 16315 feature_matching.cc:217] in 0.295s
2026-05-19T13:58:02 COLMAP[chunk_09_spatial_matcher] I20260519 13:58:02.846606 16315 pairing.cc:631] Processing image [47/179]
2026-05-19T13:58:03 COLMAP[chunk_09_spatial_matcher] I20260519 13:58:03.093828 16315 feature_matching.cc:217] in 0.247s
2026-05-19T13:58:03 COLMAP[chunk_09_spatial_matcher] I20260519 13:58:03.093884 16315 pairing.cc:631] Processing image [48/179]
2026-05-19T13:58:03 COLMAP[chunk_09_spatial_matcher] I20260519 13:58:03.292404 16315 feature_matching.cc:217] in 0.199s
2026-05-19T13:58:03 COLMAP[chunk_09_spatial_matcher] I20260519 13:58:03.292457 16315 pairing.cc:631] Processing image [49/179]
2026-05-19T13:58:03 COLMAP[chunk_09_spatial_matcher] I20260519 13:58:03.467305 16315 feature_matching.cc:217] in 0.175s
2026-05-19T13:58:03 COLMAP[chunk_09_spatial_matcher] I20260519 13:58:03.467356 16315 pairing.cc:631] Processing image [50/179]
2026-05-19T13:58:03 COLMAP[chunk_09_spatial_matcher] I20260519 13:58:03.625113 16315 feature_matching.cc:217] in 0.158s
2026-05-19T13:58:03 COLMAP[chunk_09_spatial_matcher] I20260519 13:58:03.625165 16315 pairing.cc:631] Processing image [51/179]
2026-05-19T13:58:03 COLMAP[chunk_09_spatial_matcher] I20260519 13:58:03.835145 16315 feature_matching.cc:217] in 0.210s
2026-05-19T13:58:03 COLMAP[chunk_09_spatial_matcher] I20260519 13:58:03.835198 16315 pairing.cc:631] Processing image [52/179]
2026-05-19T13:58:04 COLMAP[chunk_09_spatial_matcher] I20260519 13:58:04.076833 16315 feature_matching.cc:217] in 0.242s
2026-05-19T13:58:04 COLMAP[chunk_09_spatial_matcher] I20260519 13:58:04.076886 16315 pairing.cc:631] Processing image [53/179]
2026-05-19T13:58:04 COLMAP[chunk_09_spatial_matcher] I20260519 13:58:04.375365 16315 feature_matching.cc:217] in 0.299s
2026-05-19T13:58:04 COLMAP[chunk_09_spatial_matcher] I20260519 13:58:04.375415 16315 pairing.cc:631] Processing image [54/179]
2026-05-19T13:58:04 COLMAP[chunk_09_spatial_matcher] I20260519 13:58:04.639604 16315 feature_matching.cc:217] in 0.264s
2026-05-19T13:58:04 COLMAP[chunk_09_spatial_matcher] I20260519 13:58:04.639658 16315 pairing.cc:631] Processing image [55/179]
2026-05-19T13:58:04 COLMAP[chunk_09_spatial_matcher] I20260519 13:58:04.920774 16315 feature_matching.cc:217] in 0.281s
2026-05-19T13:58:04 COLMAP[chunk_09_spatial_matcher] I20260519 13:58:04.920826 16315 pairing.cc:631] Processing image [56/179]
2026-05-19T13:58:05 COLMAP[chunk_09_spatial_matcher] I20260519 13:58:05.155570 16315 feature_matching.cc:217] in 0.235s
2026-05-19T13:58:05 COLMAP[chunk_09_spatial_matcher] I20260519 13:58:05.155625 16315 pairing.cc:631] Processing image [57/179]
2026-05-19T13:58:05 COLMAP[chunk_09_spatial_matcher] I20260519 13:58:05.339676 16315 feature_matching.cc:217] in 0.184s
2026-05-19T13:58:05 COLMAP[chunk_09_spatial_matcher] I20260519 13:58:05.339726 16315 pairing.cc:631] Processing image [58/179]
2026-05-19T13:58:05 COLMAP[chunk_09_spatial_matcher] I20260519 13:58:05.675328 16315 feature_matching.cc:217] in 0.336s
2026-05-19T13:58:05 COLMAP[chunk_09_spatial_matcher] I20260519 13:58:05.675381 16315 pairing.cc:631] Processing image [59/179]
2026-05-19T13:58:05 COLMAP[chunk_09_spatial_matcher] I20260519 13:58:05.978436 16315 feature_matching.cc:217] in 0.303s
2026-05-19T13:58:05 COLMAP[chunk_09_spatial_matcher] I20260519 13:58:05.978488 16315 pairing.cc:631] Processing image [60/179]
2026-05-19T13:58:06 COLMAP[chunk_09_spatial_matcher] I20260519 13:58:06.194540 16315 feature_matching.cc:217] in 0.216s
2026-05-19T13:58:06 COLMAP[chunk_09_spatial_matcher] I20260519 13:58:06.194594 16315 pairing.cc:631] Processing image [61/179]
2026-05-19T13:58:06 COLMAP[chunk_09_spatial_matcher] I20260519 13:58:06.401758 16315 feature_matching.cc:217] in 0.207s
2026-05-19T13:58:06 COLMAP[chunk_09_spatial_matcher] I20260519 13:58:06.401810 16315 pairing.cc:631] Processing image [62/179]
2026-05-19T13:58:06 COLMAP[chunk_09_spatial_matcher] I20260519 13:58:06.567437 16315 feature_matching.cc:217] in 0.166s
2026-05-19T13:58:06 COLMAP[chunk_09_spatial_matcher] I20260519 13:58:06.567492 16315 pairing.cc:631] Processing image [63/179]
2026-05-19T13:58:06 COLMAP[chunk_09_spatial_matcher] I20260519 13:58:06.738735 16315 feature_matching.cc:217] in 0.171s
2026-05-19T13:58:06 COLMAP[chunk_09_spatial_matcher] I20260519 13:58:06.738788 16315 pairing.cc:631] Processing image [64/179]
2026-05-19T13:58:06 COLMAP[chunk_09_spatial_matcher] I20260519 13:58:06.831174 16315 feature_matching.cc:217] in 0.092s
2026-05-19T13:58:06 COLMAP[chunk_09_spatial_matcher] I20260519 13:58:06.831228 16315 pairing.cc:631] Processing image [65/179]
2026-05-19T13:58:06 COLMAP[chunk_09_spatial_matcher] I20260519 13:58:06.923703 16315 feature_matching.cc:217] in 0.093s
2026-05-19T13:58:06 COLMAP[chunk_09_spatial_matcher] I20260519 13:58:06.923756 16315 pairing.cc:631] Processing image [66/179]
2026-05-19T13:58:07 COLMAP[chunk_09_spatial_matcher] I20260519 13:58:06.997237 16315 feature_matching.cc:217] in 0.074s
2026-05-19T13:58:07 COLMAP[chunk_09_spatial_matcher] I20260519 13:58:06.997293 16315 pairing.cc:631] Processing image [67/179]
2026-05-19T13:58:07 COLMAP[chunk_09_spatial_matcher] I20260519 13:58:07.184010 16315 feature_matching.cc:217] in 0.187s
2026-05-19T13:58:07 COLMAP[chunk_09_spatial_matcher] I20260519 13:58:07.184062 16315 pairing.cc:631] Processing image [68/179]
2026-05-19T13:58:07 COLMAP[chunk_09_spatial_matcher] I20260519 13:58:07.377313 16315 feature_matching.cc:217] in 0.193s
2026-05-19T13:58:07 COLMAP[chunk_09_spatial_matcher] I20260519 13:58:07.377367 16315 pairing.cc:631] Processing image [69/179]
2026-05-19T13:58:07 COLMAP[chunk_09_spatial_matcher] I20260519 13:58:07.512130 16315 feature_matching.cc:217] in 0.135s
2026-05-19T13:58:07 COLMAP[chunk_09_spatial_matcher] I20260519 13:58:07.512176 16315 pairing.cc:631] Processing image [70/179]
2026-05-19T13:58:07 COLMAP[chunk_09_spatial_matcher] I20260519 13:58:07.589598 16315 feature_matching.cc:217] in 0.077s
2026-05-19T13:58:07 COLMAP[chunk_09_spatial_matcher] I20260519 13:58:07.589651 16315 pairing.cc:631] Processing image [71/179]
2026-05-19T13:58:07 COLMAP[chunk_09_spatial_matcher] I20260519 13:58:07.675956 16315 feature_matching.cc:217] in 0.086s
2026-05-19T13:58:07 COLMAP[chunk_09_spatial_matcher] I20260519 13:58:07.676005 16315 pairing.cc:631] Processing image [72/179]
2026-05-19T13:58:07 COLMAP[chunk_09_spatial_matcher] I20260519 13:58:07.840090 16315 feature_matching.cc:217] in 0.164s
2026-05-19T13:58:07 COLMAP[chunk_09_spatial_matcher] I20260519 13:58:07.840139 16315 pairing.cc:631] Processing image [73/179]
2026-05-19T13:58:07 COLMAP[chunk_09_spatial_matcher] I20260519 13:58:07.935042 16315 feature_matching.cc:217] in 0.095s
2026-05-19T13:58:07 COLMAP[chunk_09_spatial_matcher] I20260519 13:58:07.935091 16315 pairing.cc:631] Processing image [74/179]
2026-05-19T13:58:08 COLMAP[chunk_09_spatial_matcher] I20260519 13:58:08.019137 16315 feature_matching.cc:217] in 0.084s
2026-05-19T13:58:08 COLMAP[chunk_09_spatial_matcher] I20260519 13:58:08.019188 16315 pairing.cc:631] Processing image [75/179]
2026-05-19T13:58:08 COLMAP[chunk_09_spatial_matcher] I20260519 13:58:08.118002 16315 feature_matching.cc:217] in 0.099s
2026-05-19T13:58:08 COLMAP[chunk_09_spatial_matcher] I20260519 13:58:08.118050 16315 pairing.cc:631] Processing image [76/179]
2026-05-19T13:58:08 COLMAP[chunk_09_spatial_matcher] I20260519 13:58:08.255400 16315 feature_matching.cc:217] in 0.137s
2026-05-19T13:58:08 COLMAP[chunk_09_spatial_matcher] I20260519 13:58:08.255450 16315 pairing.cc:631] Processing image [77/179]
2026-05-19T13:58:08 COLMAP[chunk_09_spatial_matcher] I20260519 13:58:08.447367 16315 feature_matching.cc:217] in 0.192s
2026-05-19T13:58:08 COLMAP[chunk_09_spatial_matcher] I20260519 13:58:08.447424 16315 pairing.cc:631] Processing image [78/179]
2026-05-19T13:58:08 COLMAP[chunk_09_spatial_matcher] I20260519 13:58:08.633589 16315 feature_matching.cc:217] in 0.186s
2026-05-19T13:58:08 COLMAP[chunk_09_spatial_matcher] I20260519 13:58:08.633643 16315 pairing.cc:631] Processing image [79/179]
2026-05-19T13:58:08 COLMAP[chunk_09_spatial_matcher] I20260519 13:58:08.789069 16315 feature_matching.cc:217] in 0.155s
2026-05-19T13:58:08 COLMAP[chunk_09_spatial_matcher] I20260519 13:58:08.789125 16315 pairing.cc:631] Processing image [80/179]
2026-05-19T13:58:08 COLMAP[chunk_09_spatial_matcher] I20260519 13:58:08.930727 16315 feature_matching.cc:217] in 0.142s
2026-05-19T13:58:08 COLMAP[chunk_09_spatial_matcher] I20260519 13:58:08.930781 16315 pairing.cc:631] Processing image [81/179]
2026-05-19T13:58:09 COLMAP[chunk_09_spatial_matcher] I20260519 13:58:09.120414 16315 feature_matching.cc:217] in 0.190s
2026-05-19T13:58:09 COLMAP[chunk_09_spatial_matcher] I20260519 13:58:09.120471 16315 pairing.cc:631] Processing image [82/179]
2026-05-19T13:58:09 COLMAP[chunk_09_spatial_matcher] I20260519 13:58:09.293085 16315 feature_matching.cc:217] in 0.173s
2026-05-19T13:58:09 COLMAP[chunk_09_spatial_matcher] I20260519 13:58:09.293141 16315 pairing.cc:631] Processing image [83/179]
2026-05-19T13:58:09 COLMAP[chunk_09_spatial_matcher] I20260519 13:58:09.420796 16315 feature_matching.cc:217] in 0.128s
2026-05-19T13:58:09 COLMAP[chunk_09_spatial_matcher] I20260519 13:58:09.420850 16315 pairing.cc:631] Processing image [84/179]
2026-05-19T13:58:09 COLMAP[chunk_09_spatial_matcher] I20260519 13:58:09.527691 16315 feature_matching.cc:217] in 0.107s
2026-05-19T13:58:09 COLMAP[chunk_09_spatial_matcher] I20260519 13:58:09.527741 16315 pairing.cc:631] Processing image [85/179]
2026-05-19T13:58:09 COLMAP[chunk_09_spatial_matcher] I20260519 13:58:09.610045 16315 feature_matching.cc:217] in 0.082s
2026-05-19T13:58:09 COLMAP[chunk_09_spatial_matcher] I20260519 13:58:09.610095 16315 pairing.cc:631] Processing image [86/179]
2026-05-19T13:58:09 COLMAP[chunk_09_spatial_matcher] I20260519 13:58:09.672043 16315 feature_matching.cc:217] in 0.062s
2026-05-19T13:58:09 COLMAP[chunk_09_spatial_matcher] I20260519 13:58:09.672096 16315 pairing.cc:631] Processing image [87/179]
2026-05-19T13:58:09 COLMAP[chunk_09_spatial_matcher] I20260519 13:58:09.759755 16315 feature_matching.cc:217] in 0.088s
2026-05-19T13:58:09 COLMAP[chunk_09_spatial_matcher] I20260519 13:58:09.759815 16315 pairing.cc:631] Processing image [88/179]
2026-05-19T13:58:09 COLMAP[chunk_09_spatial_matcher] I20260519 13:58:09.860828 16315 feature_matching.cc:217] in 0.101s
2026-05-19T13:58:09 COLMAP[chunk_09_spatial_matcher] I20260519 13:58:09.860881 16315 pairing.cc:631] Processing image [89/179]
2026-05-19T13:58:09 COLMAP[chunk_09_spatial_matcher] I20260519 13:58:09.966037 16315 feature_matching.cc:217] in 0.105s
2026-05-19T13:58:09 COLMAP[chunk_09_spatial_matcher] I20260519 13:58:09.966089 16315 pairing.cc:631] Processing image [90/179]
2026-05-19T13:58:10 COLMAP[chunk_09_spatial_matcher] I20260519 13:58:10.096606 16315 feature_matching.cc:217] in 0.131s
2026-05-19T13:58:10 COLMAP[chunk_09_spatial_matcher] I20260519 13:58:10.096655 16315 pairing.cc:631] Processing image [91/179]
2026-05-19T13:58:10 COLMAP[chunk_09_spatial_matcher] I20260519 13:58:10.213806 16315 feature_matching.cc:217] in 0.117s
2026-05-19T13:58:10 COLMAP[chunk_09_spatial_matcher] I20260519 13:58:10.213860 16315 pairing.cc:631] Processing image [92/179]
2026-05-19T13:58:10 COLMAP[chunk_09_spatial_matcher] I20260519 13:58:10.285192 16315 feature_matching.cc:217] in 0.071s
2026-05-19T13:58:10 COLMAP[chunk_09_spatial_matcher] I20260519 13:58:10.285243 16315 pairing.cc:631] Processing image [93/179]
2026-05-19T13:58:10 COLMAP[chunk_09_spatial_matcher] I20260519 13:58:10.398090 16315 feature_matching.cc:217] in 0.113s
2026-05-19T13:58:10 COLMAP[chunk_09_spatial_matcher] I20260519 13:58:10.398136 16315 pairing.cc:631] Processing image [94/179]
2026-05-19T13:58:10 COLMAP[chunk_09_spatial_matcher] I20260519 13:58:10.615263 16315 feature_matching.cc:217] in 0.217s
2026-05-19T13:58:10 COLMAP[chunk_09_spatial_matcher] I20260519 13:58:10.615316 16315 pairing.cc:631] Processing image [95/179]
2026-05-19T13:58:10 COLMAP[chunk_09_spatial_matcher] I20260519 13:58:10.742244 16315 feature_matching.cc:217] in 0.127s
2026-05-19T13:58:10 COLMAP[chunk_09_spatial_matcher] I20260519 13:58:10.742302 16315 pairing.cc:631] Processing image [96/179]
2026-05-19T13:58:10 COLMAP[chunk_09_spatial_matcher] I20260519 13:58:10.859472 16315 feature_matching.cc:217] in 0.117s
2026-05-19T13:58:10 COLMAP[chunk_09_spatial_matcher] I20260519 13:58:10.859522 16315 pairing.cc:631] Processing image [97/179]
2026-05-19T13:58:11 COLMAP[chunk_09_spatial_matcher] I20260519 13:58:11.066536 16315 feature_matching.cc:217] in 0.207s
2026-05-19T13:58:11 COLMAP[chunk_09_spatial_matcher] I20260519 13:58:11.066589 16315 pairing.cc:631] Processing image [98/179]
2026-05-19T13:58:11 COLMAP[chunk_09_spatial_matcher] I20260519 13:58:11.240149 16315 feature_matching.cc:217] in 0.174s
2026-05-19T13:58:11 COLMAP[chunk_09_spatial_matcher] I20260519 13:58:11.240201 16315 pairing.cc:631] Processing image [99/179]
2026-05-19T13:58:11 COLMAP[chunk_09_spatial_matcher] I20260519 13:58:11.391762 16315 feature_matching.cc:217] in 0.152s
2026-05-19T13:58:11 COLMAP[chunk_09_spatial_matcher] I20260519 13:58:11.391819 16315 pairing.cc:631] Processing image [100/179]
2026-05-19T13:58:11 COLMAP[chunk_09_spatial_matcher] I20260519 13:58:11.493983 16315 feature_matching.cc:217] in 0.102s
2026-05-19T13:58:11 COLMAP[chunk_09_spatial_matcher] I20260519 13:58:11.494035 16315 pairing.cc:631] Processing image [101/179]
2026-05-19T13:58:11 COLMAP[chunk_09_spatial_matcher] I20260519 13:58:11.587401 16315 feature_matching.cc:217] in 0.093s
2026-05-19T13:58:11 COLMAP[chunk_09_spatial_matcher] I20260519 13:58:11.587450 16315 pairing.cc:631] Processing image [102/179]
2026-05-19T13:58:11 COLMAP[chunk_09_spatial_matcher] I20260519 13:58:11.639472 16315 feature_matching.cc:217] in 0.052s
2026-05-19T13:58:11 COLMAP[chunk_09_spatial_matcher] I20260519 13:58:11.639526 16315 pairing.cc:631] Processing image [103/179]
2026-05-19T13:58:11 COLMAP[chunk_09_spatial_matcher] I20260519 13:58:11.746796 16315 feature_matching.cc:217] in 0.107s
2026-05-19T13:58:11 COLMAP[chunk_09_spatial_matcher] I20260519 13:58:11.746846 16315 pairing.cc:631] Processing image [104/179]
2026-05-19T13:58:11 COLMAP[chunk_09_spatial_matcher] I20260519 13:58:11.898238 16315 feature_matching.cc:217] in 0.151s
2026-05-19T13:58:11 COLMAP[chunk_09_spatial_matcher] I20260519 13:58:11.898290 16315 pairing.cc:631] Processing image [105/179]
2026-05-19T13:58:12 COLMAP[chunk_09_spatial_matcher] I20260519 13:58:12.035562 16315 feature_matching.cc:217] in 0.137s
2026-05-19T13:58:12 COLMAP[chunk_09_spatial_matcher] I20260519 13:58:12.035619 16315 pairing.cc:631] Processing image [106/179]
2026-05-19T13:58:12 COLMAP[chunk_09_spatial_matcher] I20260519 13:58:12.721896 16315 feature_matching.cc:217] in 0.686s
2026-05-19T13:58:12 COLMAP[chunk_09_spatial_matcher] I20260519 13:58:12.721951 16315 pairing.cc:631] Processing image [107/179]
2026-05-19T13:58:13 COLMAP[chunk_09_spatial_matcher] I20260519 13:58:13.338841 16315 feature_matching.cc:217] in 0.617s
2026-05-19T13:58:13 COLMAP[chunk_09_spatial_matcher] I20260519 13:58:13.338894 16315 pairing.cc:631] Processing image [108/179]
2026-05-19T13:58:13 COLMAP[chunk_09_spatial_matcher] I20260519 13:58:13.660697 16315 feature_matching.cc:217] in 0.322s
2026-05-19T13:58:13 COLMAP[chunk_09_spatial_matcher] I20260519 13:58:13.660749 16315 pairing.cc:631] Processing image [109/179]
2026-05-19T13:58:13 COLMAP[chunk_09_spatial_matcher] I20260519 13:58:13.989871 16315 feature_matching.cc:217] in 0.329s
2026-05-19T13:58:13 COLMAP[chunk_09_spatial_matcher] I20260519 13:58:13.989941 16315 pairing.cc:631] Processing image [110/179]
2026-05-19T13:58:14 COLMAP[chunk_09_spatial_matcher] I20260519 13:58:14.217657 16315 feature_matching.cc:217] in 0.228s
2026-05-19T13:58:14 COLMAP[chunk_09_spatial_matcher] I20260519 13:58:14.217723 16315 pairing.cc:631] Processing image [111/179]
2026-05-19T13:58:14 COLMAP[chunk_09_spatial_matcher] I20260519 13:58:14.454985 16315 feature_matching.cc:217] in 0.237s
2026-05-19T13:58:14 COLMAP[chunk_09_spatial_matcher] I20260519 13:58:14.455037 16315 pairing.cc:631] Processing image [112/179]
2026-05-19T13:58:14 COLMAP[chunk_09_spatial_matcher] I20260519 13:58:14.707335 16315 feature_matching.cc:217] in 0.252s
2026-05-19T13:58:14 COLMAP[chunk_09_spatial_matcher] I20260519 13:58:14.707388 16315 pairing.cc:631] Processing image [113/179]
2026-05-19T13:58:14 COLMAP[chunk_09_spatial_matcher] I20260519 13:58:14.958071 16315 feature_matching.cc:217] in 0.251s
2026-05-19T13:58:14 COLMAP[chunk_09_spatial_matcher] I20260519 13:58:14.958122 16315 pairing.cc:631] Processing image [114/179]
2026-05-19T13:58:15 COLMAP[chunk_09_spatial_matcher] I20260519 13:58:15.213349 16315 feature_matching.cc:217] in 0.255s
2026-05-19T13:58:16 COLMAP[chunk_09_spatial_matcher] I20260519 13:58:15.213400 16315 pairing.cc:631] Processing image [115/179]
2026-05-19T13:58:16 COLMAP[chunk_09_spatial_matcher] I20260519 13:58:15.719398 16315 feature_matching.cc:217] in 0.506s
2026-05-19T13:58:16 COLMAP[chunk_09_spatial_matcher] I20260519 13:58:15.719452 16315 pairing.cc:631] Processing image [116/179]
2026-05-19T13:58:17 COLMAP[chunk_09_spatial_matcher] I20260519 13:58:16.226670 16315 feature_matching.cc:217] in 0.507s
2026-05-19T13:58:17 COLMAP[chunk_09_spatial_matcher] I20260519 13:58:16.226724 16315 pairing.cc:631] Processing image [117/179]
2026-05-19T13:58:17 COLMAP[chunk_09_spatial_matcher] I20260519 13:58:16.456955 16315 feature_matching.cc:217] in 0.230s
2026-05-19T13:58:17 COLMAP[chunk_09_spatial_matcher] I20260519 13:58:16.457010 16315 pairing.cc:631] Processing image [118/179]
2026-05-19T13:58:17 COLMAP[chunk_09_spatial_matcher] I20260519 13:58:16.703583 16315 feature_matching.cc:217] in 0.247s
2026-05-19T13:58:17 COLMAP[chunk_09_spatial_matcher] I20260519 13:58:16.703631 16315 pairing.cc:631] Processing image [119/179]
2026-05-19T13:58:17 COLMAP[chunk_09_spatial_matcher] I20260519 13:58:16.949034 16315 feature_matching.cc:217] in 0.245s
2026-05-19T13:58:17 COLMAP[chunk_09_spatial_matcher] I20260519 13:58:16.949087 16315 pairing.cc:631] Processing image [120/179]
2026-05-19T13:58:18 COLMAP[chunk_09_spatial_matcher] I20260519 13:58:17.211230 16315 feature_matching.cc:217] in 0.262s
2026-05-19T13:58:18 COLMAP[chunk_09_spatial_matcher] I20260519 13:58:17.211283 16315 pairing.cc:631] Processing image [121/179]
2026-05-19T13:58:18 COLMAP[chunk_09_spatial_matcher] I20260519 13:58:17.457535 16315 feature_matching.cc:217] in 0.246s
2026-05-19T13:58:18 COLMAP[chunk_09_spatial_matcher] I20260519 13:58:17.457587 16315 pairing.cc:631] Processing image [122/179]
2026-05-19T13:58:18 COLMAP[chunk_09_spatial_matcher] I20260519 13:58:17.670955 16315 feature_matching.cc:217] in 0.213s
2026-05-19T13:58:18 COLMAP[chunk_09_spatial_matcher] I20260519 13:58:17.671006 16315 pairing.cc:631] Processing image [123/179]
2026-05-19T13:58:18 COLMAP[chunk_09_spatial_matcher] I20260519 13:58:17.920755 16315 feature_matching.cc:217] in 0.250s
2026-05-19T13:58:18 COLMAP[chunk_09_spatial_matcher] I20260519 13:58:17.920806 16315 pairing.cc:631] Processing image [124/179]
2026-05-19T13:58:19 COLMAP[chunk_09_spatial_matcher] I20260519 13:58:18.043445 16315 feature_matching.cc:217] in 0.123s
2026-05-19T13:58:19 COLMAP[chunk_09_spatial_matcher] I20260519 13:58:18.043499 16315 pairing.cc:631] Processing image [125/179]
2026-05-19T13:58:19 COLMAP[chunk_09_spatial_matcher] I20260519 13:58:18.149770 16315 feature_matching.cc:217] in 0.106s
2026-05-19T13:58:19 COLMAP[chunk_09_spatial_matcher] I20260519 13:58:18.149819 16315 pairing.cc:631] Processing image [126/179]
2026-05-19T13:58:19 COLMAP[chunk_09_spatial_matcher] I20260519 13:58:18.241958 16315 feature_matching.cc:217] in 0.092s
2026-05-19T13:58:19 COLMAP[chunk_09_spatial_matcher] I20260519 13:58:18.242008 16315 pairing.cc:631] Processing image [127/179]
2026-05-19T13:58:19 COLMAP[chunk_09_spatial_matcher] I20260519 13:58:18.322454 16315 feature_matching.cc:217] in 0.080s
2026-05-19T13:58:19 COLMAP[chunk_09_spatial_matcher] I20260519 13:58:18.322504 16315 pairing.cc:631] Processing image [128/179]
2026-05-19T13:58:19 COLMAP[chunk_09_spatial_matcher] I20260519 13:58:18.412650 16315 feature_matching.cc:217] in 0.090s
2026-05-19T13:58:19 COLMAP[chunk_09_spatial_matcher] I20260519 13:58:18.412701 16315 pairing.cc:631] Processing image [129/179]
2026-05-19T13:58:19 COLMAP[chunk_09_spatial_matcher] I20260519 13:58:18.805817 16315 feature_matching.cc:217] in 0.393s
2026-05-19T13:58:19 COLMAP[chunk_09_spatial_matcher] I20260519 13:58:18.805869 16315 pairing.cc:631] Processing image [130/179]
2026-05-19T13:58:21 COLMAP[chunk_09_spatial_matcher] I20260519 13:58:20.084728 16315 feature_matching.cc:217] in 1.279s
2026-05-19T13:58:21 COLMAP[chunk_09_spatial_matcher] I20260519 13:58:20.084795 16315 pairing.cc:631] Processing image [131/179]
2026-05-19T13:58:22 COLMAP[chunk_09_spatial_matcher] I20260519 13:58:21.129794 16315 feature_matching.cc:217] in 1.045s
2026-05-19T13:58:22 COLMAP[chunk_09_spatial_matcher] I20260519 13:58:21.129846 16315 pairing.cc:631] Processing image [132/179]
2026-05-19T13:58:22 COLMAP[chunk_09_spatial_matcher] I20260519 13:58:21.851171 16315 feature_matching.cc:217] in 0.721s
2026-05-19T13:58:22 COLMAP[chunk_09_spatial_matcher] I20260519 13:58:21.851222 16315 pairing.cc:631] Processing image [133/179]
2026-05-19T13:58:23 COLMAP[chunk_09_spatial_matcher] I20260519 13:58:22.602967 16315 feature_matching.cc:217] in 0.752s
2026-05-19T13:58:23 COLMAP[chunk_09_spatial_matcher] I20260519 13:58:22.603018 16315 pairing.cc:631] Processing image [134/179]
2026-05-19T13:58:24 COLMAP[chunk_09_spatial_matcher] I20260519 13:58:23.243598 16315 feature_matching.cc:217] in 0.641s
2026-05-19T13:58:24 COLMAP[chunk_09_spatial_matcher] I20260519 13:58:23.243650 16315 pairing.cc:631] Processing image [135/179]
2026-05-19T13:58:24 COLMAP[chunk_09_spatial_matcher] I20260519 13:58:23.802031 16315 feature_matching.cc:217] in 0.558s
2026-05-19T13:58:24 COLMAP[chunk_09_spatial_matcher] I20260519 13:58:23.802084 16315 pairing.cc:631] Processing image [136/179]
2026-05-19T13:58:24 COLMAP[chunk_09_spatial_matcher] I20260519 13:58:23.884943 16315 feature_matching.cc:217] in 0.083s
2026-05-19T13:58:24 COLMAP[chunk_09_spatial_matcher] I20260519 13:58:23.884995 16315 pairing.cc:631] Processing image [137/179]
2026-05-19T13:58:25 COLMAP[chunk_09_spatial_matcher] I20260519 13:58:24.987617 16315 feature_matching.cc:217] in 1.103s
2026-05-19T13:58:25 COLMAP[chunk_09_spatial_matcher] I20260519 13:58:24.987670 16315 pairing.cc:631] Processing image [138/179]
2026-05-19T13:58:26 COLMAP[chunk_09_spatial_matcher] I20260519 13:58:25.389950 16315 feature_matching.cc:217] in 0.402s
2026-05-19T13:58:26 COLMAP[chunk_09_spatial_matcher] I20260519 13:58:25.390008 16315 pairing.cc:631] Processing image [139/179]
2026-05-19T13:58:26 COLMAP[chunk_09_spatial_matcher] I20260519 13:58:25.531020 16315 feature_matching.cc:217] in 0.141s
2026-05-19T13:58:26 COLMAP[chunk_09_spatial_matcher] I20260519 13:58:25.531076 16315 pairing.cc:631] Processing image [140/179]
2026-05-19T13:58:26 COLMAP[chunk_09_spatial_matcher] I20260519 13:58:25.673583 16315 feature_matching.cc:217] in 0.143s
2026-05-19T13:58:26 COLMAP[chunk_09_spatial_matcher] I20260519 13:58:25.673640 16315 pairing.cc:631] Processing image [141/179]
2026-05-19T13:58:26 COLMAP[chunk_09_spatial_matcher] I20260519 13:58:25.780552 16315 feature_matching.cc:217] in 0.107s
2026-05-19T13:58:26 COLMAP[chunk_09_spatial_matcher] I20260519 13:58:25.780604 16315 pairing.cc:631] Processing image [142/179]
2026-05-19T13:58:26 COLMAP[chunk_09_spatial_matcher] I20260519 13:58:25.936295 16315 feature_matching.cc:217] in 0.156s
2026-05-19T13:58:26 COLMAP[chunk_09_spatial_matcher] I20260519 13:58:25.936347 16315 pairing.cc:631] Processing image [143/179]
2026-05-19T13:58:27 COLMAP[chunk_09_spatial_matcher] I20260519 13:58:26.049467 16315 feature_matching.cc:217] in 0.113s
2026-05-19T13:58:27 COLMAP[chunk_09_spatial_matcher] I20260519 13:58:26.049520 16315 pairing.cc:631] Processing image [144/179]
2026-05-19T13:58:27 COLMAP[chunk_09_spatial_matcher] I20260519 13:58:26.166224 16315 feature_matching.cc:217] in 0.117s
2026-05-19T13:58:27 COLMAP[chunk_09_spatial_matcher] I20260519 13:58:26.166278 16315 pairing.cc:631] Processing image [145/179]
2026-05-19T13:58:27 COLMAP[chunk_09_spatial_matcher] I20260519 13:58:26.320210 16315 feature_matching.cc:217] in 0.154s
2026-05-19T13:58:27 COLMAP[chunk_09_spatial_matcher] I20260519 13:58:26.320266 16315 pairing.cc:631] Processing image [146/179]
2026-05-19T13:58:27 COLMAP[chunk_09_spatial_matcher] I20260519 13:58:26.542387 16315 feature_matching.cc:217] in 0.222s
2026-05-19T13:58:27 COLMAP[chunk_09_spatial_matcher] I20260519 13:58:26.542436 16315 pairing.cc:631] Processing image [147/179]
2026-05-19T13:58:27 COLMAP[chunk_09_spatial_matcher] I20260519 13:58:26.741892 16315 feature_matching.cc:217] in 0.199s
2026-05-19T13:58:27 COLMAP[chunk_09_spatial_matcher] I20260519 13:58:26.741940 16315 pairing.cc:631] Processing image [148/179]
2026-05-19T13:58:27 COLMAP[chunk_09_spatial_matcher] I20260519 13:58:26.925262 16315 feature_matching.cc:217] in 0.183s
2026-05-19T13:58:27 COLMAP[chunk_09_spatial_matcher] I20260519 13:58:26.925313 16315 pairing.cc:631] Processing image [149/179]
2026-05-19T13:58:28 COLMAP[chunk_09_spatial_matcher] I20260519 13:58:27.095613 16315 feature_matching.cc:217] in 0.170s
2026-05-19T13:58:28 COLMAP[chunk_09_spatial_matcher] I20260519 13:58:27.095669 16315 pairing.cc:631] Processing image [150/179]
2026-05-19T13:58:28 COLMAP[chunk_09_spatial_matcher] I20260519 13:58:27.257776 16315 feature_matching.cc:217] in 0.162s
2026-05-19T13:58:28 COLMAP[chunk_09_spatial_matcher] I20260519 13:58:27.257828 16315 pairing.cc:631] Processing image [151/179]
2026-05-19T13:58:28 COLMAP[chunk_09_spatial_matcher] I20260519 13:58:27.414590 16315 feature_matching.cc:217] in 0.157s
2026-05-19T13:58:28 COLMAP[chunk_09_spatial_matcher] I20260519 13:58:27.414649 16315 pairing.cc:631] Processing image [152/179]
2026-05-19T13:58:28 COLMAP[chunk_09_spatial_matcher] I20260519 13:58:27.702677 16315 feature_matching.cc:217] in 0.288s
2026-05-19T13:58:28 COLMAP[chunk_09_spatial_matcher] I20260519 13:58:27.702733 16315 pairing.cc:631] Processing image [153/179]
2026-05-19T13:58:29 COLMAP[chunk_09_spatial_matcher] I20260519 13:58:28.213182 16315 feature_matching.cc:217] in 0.510s
2026-05-19T13:58:29 COLMAP[chunk_09_spatial_matcher] I20260519 13:58:28.213239 16315 pairing.cc:631] Processing image [154/179]
2026-05-19T13:58:29 COLMAP[chunk_09_spatial_matcher] I20260519 13:58:28.329916 16315 feature_matching.cc:217] in 0.117s
2026-05-19T13:58:29 COLMAP[chunk_09_spatial_matcher] I20260519 13:58:28.329970 16315 pairing.cc:631] Processing image [155/179]
2026-05-19T13:58:29 COLMAP[chunk_09_spatial_matcher] I20260519 13:58:28.552884 16315 feature_matching.cc:217] in 0.223s
2026-05-19T13:58:29 COLMAP[chunk_09_spatial_matcher] I20260519 13:58:28.552937 16315 pairing.cc:631] Processing image [156/179]
2026-05-19T13:58:29 COLMAP[chunk_09_spatial_matcher] I20260519 13:58:28.632882 16315 feature_matching.cc:217] in 0.080s
2026-05-19T13:58:29 COLMAP[chunk_09_spatial_matcher] I20260519 13:58:28.632936 16315 pairing.cc:631] Processing image [157/179]
2026-05-19T13:58:29 COLMAP[chunk_09_spatial_matcher] I20260519 13:58:28.711331 16315 feature_matching.cc:217] in 0.078s
2026-05-19T13:58:29 COLMAP[chunk_09_spatial_matcher] I20260519 13:58:28.711387 16315 pairing.cc:631] Processing image [158/179]
2026-05-19T13:58:29 COLMAP[chunk_09_spatial_matcher] I20260519 13:58:28.827438 16315 feature_matching.cc:217] in 0.116s
2026-05-19T13:58:29 COLMAP[chunk_09_spatial_matcher] I20260519 13:58:28.827492 16315 pairing.cc:631] Processing image [159/179]
2026-05-19T13:58:29 COLMAP[chunk_09_spatial_matcher] I20260519 13:58:28.911000 16315 feature_matching.cc:217] in 0.084s
2026-05-19T13:58:29 COLMAP[chunk_09_spatial_matcher] I20260519 13:58:28.911079 16315 pairing.cc:631] Processing image [160/179]
2026-05-19T13:58:29 COLMAP[chunk_09_spatial_matcher] I20260519 13:58:28.993058 16315 feature_matching.cc:217] in 0.082s
2026-05-19T13:58:29 COLMAP[chunk_09_spatial_matcher] I20260519 13:58:28.993116 16315 pairing.cc:631] Processing image [161/179]
2026-05-19T13:58:30 COLMAP[chunk_09_spatial_matcher] I20260519 13:58:29.071902 16315 feature_matching.cc:217] in 0.079s
2026-05-19T13:58:30 COLMAP[chunk_09_spatial_matcher] I20260519 13:58:29.071957 16315 pairing.cc:631] Processing image [162/179]
2026-05-19T13:58:30 COLMAP[chunk_09_spatial_matcher] I20260519 13:58:29.162395 16315 feature_matching.cc:217] in 0.090s
2026-05-19T13:58:30 COLMAP[chunk_09_spatial_matcher] I20260519 13:58:29.162447 16315 pairing.cc:631] Processing image [163/179]
2026-05-19T13:58:30 COLMAP[chunk_09_spatial_matcher] I20260519 13:58:29.270756 16315 feature_matching.cc:217] in 0.108s
2026-05-19T13:58:30 COLMAP[chunk_09_spatial_matcher] I20260519 13:58:29.270807 16315 pairing.cc:631] Processing image [164/179]
2026-05-19T13:58:30 COLMAP[chunk_09_spatial_matcher] I20260519 13:58:29.369897 16315 feature_matching.cc:217] in 0.099s
2026-05-19T13:58:30 COLMAP[chunk_09_spatial_matcher] I20260519 13:58:29.369949 16315 pairing.cc:631] Processing image [165/179]
2026-05-19T13:58:30 COLMAP[chunk_09_spatial_matcher] I20260519 13:58:29.503302 16315 feature_matching.cc:217] in 0.133s
2026-05-19T13:58:30 COLMAP[chunk_09_spatial_matcher] I20260519 13:58:29.503356 16315 pairing.cc:631] Processing image [166/179]
2026-05-19T13:58:30 COLMAP[chunk_09_spatial_matcher] I20260519 13:58:29.631430 16315 feature_matching.cc:217] in 0.128s
2026-05-19T13:58:30 COLMAP[chunk_09_spatial_matcher] I20260519 13:58:29.631485 16315 pairing.cc:631] Processing image [167/179]
2026-05-19T13:58:30 COLMAP[chunk_09_spatial_matcher] I20260519 13:58:29.682570 16315 feature_matching.cc:217] in 0.051s
2026-05-19T13:58:30 COLMAP[chunk_09_spatial_matcher] I20260519 13:58:29.682623 16315 pairing.cc:631] Processing image [168/179]
2026-05-19T13:58:30 COLMAP[chunk_09_spatial_matcher] I20260519 13:58:29.815263 16315 feature_matching.cc:217] in 0.133s
2026-05-19T13:58:30 COLMAP[chunk_09_spatial_matcher] I20260519 13:58:29.815313 16315 pairing.cc:631] Processing image [169/179]
2026-05-19T13:58:31 COLMAP[chunk_09_spatial_matcher] I20260519 13:58:30.021009 16315 feature_matching.cc:217] in 0.206s
2026-05-19T13:58:31 COLMAP[chunk_09_spatial_matcher] I20260519 13:58:30.021065 16315 pairing.cc:631] Processing image [170/179]
2026-05-19T13:58:31 COLMAP[chunk_09_spatial_matcher] I20260519 13:58:30.360402 16315 feature_matching.cc:217] in 0.339s
2026-05-19T13:58:31 COLMAP[chunk_09_spatial_matcher] I20260519 13:58:30.360457 16315 pairing.cc:631] Processing image [171/179]
2026-05-19T13:58:31 COLMAP[chunk_09_spatial_matcher] I20260519 13:58:30.469920 16315 feature_matching.cc:217] in 0.109s
2026-05-19T13:58:31 COLMAP[chunk_09_spatial_matcher] I20260519 13:58:30.469971 16315 pairing.cc:631] Processing image [172/179]
2026-05-19T13:58:31 COLMAP[chunk_09_spatial_matcher] I20260519 13:58:30.632746 16315 feature_matching.cc:217] in 0.163s
2026-05-19T13:58:31 COLMAP[chunk_09_spatial_matcher] I20260519 13:58:30.632798 16315 pairing.cc:631] Processing image [173/179]
2026-05-19T13:58:32 COLMAP[chunk_09_spatial_matcher] I20260519 13:58:31.271394 16315 feature_matching.cc:217] in 0.639s
2026-05-19T13:58:32 COLMAP[chunk_09_spatial_matcher] I20260519 13:58:31.271449 16315 pairing.cc:631] Processing image [174/179]
2026-05-19T13:58:32 COLMAP[chunk_09_spatial_matcher] I20260519 13:58:31.461110 16315 feature_matching.cc:217] in 0.190s
2026-05-19T13:58:32 COLMAP[chunk_09_spatial_matcher] I20260519 13:58:31.461164 16315 pairing.cc:631] Processing image [175/179]
2026-05-19T13:58:32 COLMAP[chunk_09_spatial_matcher] I20260519 13:58:31.580405 16315 feature_matching.cc:217] in 0.119s
2026-05-19T13:58:32 COLMAP[chunk_09_spatial_matcher] I20260519 13:58:31.580457 16315 pairing.cc:631] Processing image [176/179]
2026-05-19T13:58:32 COLMAP[chunk_09_spatial_matcher] I20260519 13:58:31.654917 16315 feature_matching.cc:217] in 0.074s
2026-05-19T13:58:32 COLMAP[chunk_09_spatial_matcher] I20260519 13:58:31.654973 16315 pairing.cc:631] Processing image [177/179]
2026-05-19T13:58:32 COLMAP[chunk_09_spatial_matcher] I20260519 13:58:31.711861 16315 feature_matching.cc:217] in 0.057s
2026-05-19T13:58:32 COLMAP[chunk_09_spatial_matcher] I20260519 13:58:31.711910 16315 pairing.cc:631] Processing image [178/179]
2026-05-19T13:58:33 COLMAP[chunk_09_spatial_matcher] I20260519 13:58:32.200299 16315 feature_matching.cc:217] in 0.488s
2026-05-19T13:58:33 COLMAP[chunk_09_spatial_matcher] I20260519 13:58:32.200351 16315 pairing.cc:631] Processing image [179/179]
2026-05-19T13:58:33 COLMAP[chunk_09_spatial_matcher] I20260519 13:58:32.308337 16315 feature_matching.cc:217] in 0.108s
2026-05-19T13:58:33 COLMAP[chunk_09_spatial_matcher] I20260519 13:58:32.308384 16315 timer.cc:90] Elapsed time: 0.712 [minutes]
2026-05-19T13:58:33 2026-05-19 13:58:32,375 - INFO - chunk_09_spatial_matcher added 1289 verified image pairs
2026-05-19T13:58:33 2026-05-19 13:58:32,377 - INFO - [chunk_09_sequential_matcher] colmap sequential_matcher --database_path /tmp/colmap_sfm_rcnmny4o/chunk_09/database.db --SequentialMatching.overlap 8 --SequentialMatching.quadratic_overlap 1 --SequentialMatching.loop_detection 0
2026-05-19T13:58:33 COLMAP[chunk_09_sequential_matcher] I20260519 13:58:32.570940 16350 feature_matching.cc:195] === Feature matching & geometric verification ===
2026-05-19T13:58:33 COLMAP[chunk_09_sequential_matcher] I20260519 13:58:32.630272 16351 feature_matching_utils.cc:80] Bind FeatureMatcherWorker to GPU device 0
2026-05-19T13:58:33 COLMAP[chunk_09_sequential_matcher] I20260519 13:58:32.631060 16351 sift.cc:1547] Creating SIFT GPU feature matcher
2026-05-19T13:58:33 COLMAP[chunk_09_sequential_matcher] I20260519 13:58:32.631726 16350 pairing.cc:415] Generating sequential image pairs...
2026-05-19T13:58:33 COLMAP[chunk_09_sequential_matcher] I20260519 13:58:32.634673 16350 pairing.cc:473] Processing image [1/179]
2026-05-19T13:58:34 COLMAP[chunk_09_sequential_matcher] I20260519 13:58:33.057009 16350 feature_matching.cc:217] in 0.422s
2026-05-19T13:58:34 COLMAP[chunk_09_sequential_matcher] I20260519 13:58:33.057062 16350 pairing.cc:473] Processing image [2/179]
2026-05-19T13:58:34 COLMAP[chunk_09_sequential_matcher] I20260519 13:58:33.430279 16350 feature_matching.cc:217] in 0.373s
2026-05-19T13:58:34 COLMAP[chunk_09_sequential_matcher] I20260519 13:58:33.430334 16350 pairing.cc:473] Processing image [3/179]
2026-05-19T13:58:34 COLMAP[chunk_09_sequential_matcher] I20260519 13:58:33.828297 16350 feature_matching.cc:217] in 0.398s
2026-05-19T13:58:34 COLMAP[chunk_09_sequential_matcher] I20260519 13:58:33.828346 16350 pairing.cc:473] Processing image [4/179]
2026-05-19T13:58:35 COLMAP[chunk_09_sequential_matcher] I20260519 13:58:34.225313 16350 feature_matching.cc:217] in 0.397s
2026-05-19T13:58:35 COLMAP[chunk_09_sequential_matcher] I20260519 13:58:34.225368 16350 pairing.cc:473] Processing image [5/179]
2026-05-19T13:58:35 COLMAP[chunk_09_sequential_matcher] I20260519 13:58:34.381567 16350 feature_matching.cc:217] in 0.156s
2026-05-19T13:58:35 COLMAP[chunk_09_sequential_matcher] I20260519 13:58:34.381623 16350 pairing.cc:473] Processing image [6/179]
2026-05-19T13:58:35 COLMAP[chunk_09_sequential_matcher] I20260519 13:58:34.460932 16350 feature_matching.cc:217] in 0.079s
2026-05-19T13:58:35 COLMAP[chunk_09_sequential_matcher] I20260519 13:58:34.460983 16350 pairing.cc:473] Processing image [7/179]
2026-05-19T13:58:35 COLMAP[chunk_09_sequential_matcher] I20260519 13:58:34.993160 16350 feature_matching.cc:217] in 0.532s
2026-05-19T13:58:35 COLMAP[chunk_09_sequential_matcher] I20260519 13:58:34.993213 16350 pairing.cc:473] Processing image [8/179]
2026-05-19T13:58:36 COLMAP[chunk_09_sequential_matcher] I20260519 13:58:35.501065 16350 feature_matching.cc:217] in 0.508s
2026-05-19T13:58:36 COLMAP[chunk_09_sequential_matcher] I20260519 13:58:35.501120 16350 pairing.cc:473] Processing image [9/179]
2026-05-19T13:58:37 COLMAP[chunk_09_sequential_matcher] I20260519 13:58:36.015750 16350 feature_matching.cc:217] in 0.515s
2026-05-19T13:58:37 COLMAP[chunk_09_sequential_matcher] I20260519 13:58:36.015810 16350 pairing.cc:473] Processing image [10/179]
2026-05-19T13:58:37 COLMAP[chunk_09_sequential_matcher] I20260519 13:58:36.370306 16350 feature_matching.cc:217] in 0.355s
2026-05-19T13:58:37 COLMAP[chunk_09_sequential_matcher] I20260519 13:58:36.370362 16350 pairing.cc:473] Processing image [11/179]
2026-05-19T13:58:37 COLMAP[chunk_09_sequential_matcher] I20260519 13:58:36.812569 16350 feature_matching.cc:217] in 0.442s
2026-05-19T13:58:37 COLMAP[chunk_09_sequential_matcher] I20260519 13:58:36.812625 16350 pairing.cc:473] Processing image [12/179]
2026-05-19T13:58:38 COLMAP[chunk_09_sequential_matcher] I20260519 13:58:37.100508 16350 feature_matching.cc:217] in 0.288s
2026-05-19T13:58:38 COLMAP[chunk_09_sequential_matcher] I20260519 13:58:37.100557 16350 pairing.cc:473] Processing image [13/179]
2026-05-19T13:58:38 COLMAP[chunk_09_sequential_matcher] I20260519 13:58:37.573911 16350 feature_matching.cc:217] in 0.473s
2026-05-19T13:58:38 COLMAP[chunk_09_sequential_matcher] I20260519 13:58:37.573964 16350 pairing.cc:473] Processing image [14/179]
2026-05-19T13:58:38 COLMAP[chunk_09_sequential_matcher] I20260519 13:58:37.940079 16350 feature_matching.cc:217] in 0.366s
2026-05-19T13:58:38 COLMAP[chunk_09_sequential_matcher] I20260519 13:58:37.940132 16350 pairing.cc:473] Processing image [15/179]
2026-05-19T13:58:39 COLMAP[chunk_09_sequential_matcher] I20260519 13:58:38.335080 16350 feature_matching.cc:217] in 0.395s
2026-05-19T13:58:39 COLMAP[chunk_09_sequential_matcher] I20260519 13:58:38.335132 16350 pairing.cc:473] Processing image [16/179]
2026-05-19T13:58:39 COLMAP[chunk_09_sequential_matcher] I20260519 13:58:38.653930 16350 feature_matching.cc:217] in 0.319s
2026-05-19T13:58:39 COLMAP[chunk_09_sequential_matcher] I20260519 13:58:38.653986 16350 pairing.cc:473] Processing image [17/179]
2026-05-19T13:58:39 COLMAP[chunk_09_sequential_matcher] I20260519 13:58:38.892004 16350 feature_matching.cc:217] in 0.238s
2026-05-19T13:58:39 COLMAP[chunk_09_sequential_matcher] I20260519 13:58:38.892056 16350 pairing.cc:473] Processing image [18/179]
2026-05-19T13:58:40 COLMAP[chunk_09_sequential_matcher] I20260519 13:58:39.188566 16350 feature_matching.cc:217] in 0.297s
2026-05-19T13:58:40 COLMAP[chunk_09_sequential_matcher] I20260519 13:58:39.188622 16350 pairing.cc:473] Processing image [19/179]
2026-05-19T13:58:40 COLMAP[chunk_09_sequential_matcher] I20260519 13:58:39.292093 16350 feature_matching.cc:217] in 0.104s
2026-05-19T13:58:40 COLMAP[chunk_09_sequential_matcher] I20260519 13:58:39.292143 16350 pairing.cc:473] Processing image [20/179]
2026-05-19T13:58:40 COLMAP[chunk_09_sequential_matcher] I20260519 13:58:39.720857 16350 feature_matching.cc:217] in 0.429s
2026-05-19T13:58:40 COLMAP[chunk_09_sequential_matcher] I20260519 13:58:39.720916 16350 pairing.cc:473] Processing image [21/179]
2026-05-19T13:58:41 COLMAP[chunk_09_sequential_matcher] I20260519 13:58:40.122517 16350 feature_matching.cc:217] in 0.402s
2026-05-19T13:58:41 COLMAP[chunk_09_sequential_matcher] I20260519 13:58:40.122575 16350 pairing.cc:473] Processing image [22/179]
2026-05-19T13:58:41 COLMAP[chunk_09_sequential_matcher] I20260519 13:58:40.531257 16350 feature_matching.cc:217] in 0.409s
2026-05-19T13:58:41 COLMAP[chunk_09_sequential_matcher] I20260519 13:58:40.531311 16350 pairing.cc:473] Processing image [23/179]
2026-05-19T13:58:41 COLMAP[chunk_09_sequential_matcher] I20260519 13:58:40.920020 16350 feature_matching.cc:217] in 0.389s
2026-05-19T13:58:41 COLMAP[chunk_09_sequential_matcher] I20260519 13:58:40.920070 16350 pairing.cc:473] Processing image [24/179]
2026-05-19T13:58:42 COLMAP[chunk_09_sequential_matcher] I20260519 13:58:41.331226 16350 feature_matching.cc:217] in 0.411s
2026-05-19T13:58:42 COLMAP[chunk_09_sequential_matcher] I20260519 13:58:41.331282 16350 pairing.cc:473] Processing image [25/179]
2026-05-19T13:58:42 COLMAP[chunk_09_sequential_matcher] I20260519 13:58:41.792198 16350 feature_matching.cc:217] in 0.461s
2026-05-19T13:58:42 COLMAP[chunk_09_sequential_matcher] I20260519 13:58:41.792253 16350 pairing.cc:473] Processing image [26/179]
2026-05-19T13:58:43 COLMAP[chunk_09_sequential_matcher] I20260519 13:58:42.058307 16350 feature_matching.cc:217] in 0.266s
2026-05-19T13:58:43 COLMAP[chunk_09_sequential_matcher] I20260519 13:58:42.058362 16350 pairing.cc:473] Processing image [27/179]
2026-05-19T13:58:43 COLMAP[chunk_09_sequential_matcher] I20260519 13:58:42.602468 16350 feature_matching.cc:217] in 0.544s
2026-05-19T13:58:43 COLMAP[chunk_09_sequential_matcher] I20260519 13:58:42.602519 16350 pairing.cc:473] Processing image [28/179]
2026-05-19T13:58:44 COLMAP[chunk_09_sequential_matcher] I20260519 13:58:43.200145 16350 feature_matching.cc:217] in 0.598s
2026-05-19T13:58:44 COLMAP[chunk_09_sequential_matcher] I20260519 13:58:43.200193 16350 pairing.cc:473] Processing image [29/179]
2026-05-19T13:58:45 COLMAP[chunk_09_sequential_matcher] I20260519 13:58:44.031952 16350 feature_matching.cc:217] in 0.832s
2026-05-19T13:58:45 COLMAP[chunk_09_sequential_matcher] I20260519 13:58:44.032008 16350 pairing.cc:473] Processing image [30/179]
2026-05-19T13:58:45 COLMAP[chunk_09_sequential_matcher] I20260519 13:58:44.448489 16350 feature_matching.cc:217] in 0.417s
2026-05-19T13:58:45 COLMAP[chunk_09_sequential_matcher] I20260519 13:58:44.448545 16350 pairing.cc:473] Processing image [31/179]
2026-05-19T13:58:45 COLMAP[chunk_09_sequential_matcher] I20260519 13:58:44.835260 16350 feature_matching.cc:217] in 0.387s
2026-05-19T13:58:45 COLMAP[chunk_09_sequential_matcher] I20260519 13:58:44.835317 16350 pairing.cc:473] Processing image [32/179]
2026-05-19T13:58:46 COLMAP[chunk_09_sequential_matcher] I20260519 13:58:45.224689 16350 feature_matching.cc:217] in 0.389s
2026-05-19T13:58:46 COLMAP[chunk_09_sequential_matcher] I20260519 13:58:45.224748 16350 pairing.cc:473] Processing image [33/179]
2026-05-19T13:58:46 COLMAP[chunk_09_sequential_matcher] I20260519 13:58:45.667914 16350 feature_matching.cc:217] in 0.443s
2026-05-19T13:58:46 COLMAP[chunk_09_sequential_matcher] I20260519 13:58:45.667968 16350 pairing.cc:473] Processing image [34/179]
2026-05-19T13:58:47 COLMAP[chunk_09_sequential_matcher] I20260519 13:58:46.083359 16350 feature_matching.cc:217] in 0.415s
2026-05-19T13:58:47 COLMAP[chunk_09_sequential_matcher] I20260519 13:58:46.083412 16350 pairing.cc:473] Processing image [35/179]
2026-05-19T13:58:47 COLMAP[chunk_09_sequential_matcher] I20260519 13:58:46.511911 16350 feature_matching.cc:217] in 0.429s
2026-05-19T13:58:47 COLMAP[chunk_09_sequential_matcher] I20260519 13:58:46.511963 16350 pairing.cc:473] Processing image [36/179]
2026-05-19T13:58:48 COLMAP[chunk_09_sequential_matcher] I20260519 13:58:47.051327 16350 feature_matching.cc:217] in 0.539s
2026-05-19T13:58:48 COLMAP[chunk_09_sequential_matcher] I20260519 13:58:47.051393 16350 pairing.cc:473] Processing image [37/179]
2026-05-19T13:58:48 COLMAP[chunk_09_sequential_matcher] I20260519 13:58:47.573936 16350 feature_matching.cc:217] in 0.523s
2026-05-19T13:58:48 COLMAP[chunk_09_sequential_matcher] I20260519 13:58:47.573989 16350 pairing.cc:473] Processing image [38/179]
2026-05-19T13:58:48 COLMAP[chunk_09_sequential_matcher] I20260519 13:58:47.914244 16350 feature_matching.cc:217] in 0.340s
2026-05-19T13:58:48 COLMAP[chunk_09_sequential_matcher] I20260519 13:58:47.914299 16350 pairing.cc:473] Processing image [39/179]
2026-05-19T13:58:49 COLMAP[chunk_09_sequential_matcher] I20260519 13:58:48.357144 16350 feature_matching.cc:217] in 0.443s
2026-05-19T13:58:49 COLMAP[chunk_09_sequential_matcher] I20260519 13:58:48.357199 16350 pairing.cc:473] Processing image [40/179]
2026-05-19T13:58:49 COLMAP[chunk_09_sequential_matcher] I20260519 13:58:48.592967 16350 feature_matching.cc:217] in 0.236s
2026-05-19T13:58:49 COLMAP[chunk_09_sequential_matcher] I20260519 13:58:48.593017 16350 pairing.cc:473] Processing image [41/179]
2026-05-19T13:58:49 COLMAP[chunk_09_sequential_matcher] I20260519 13:58:48.961918 16350 feature_matching.cc:217] in 0.369s
2026-05-19T13:58:49 COLMAP[chunk_09_sequential_matcher] I20260519 13:58:48.961972 16350 pairing.cc:473] Processing image [42/179]
2026-05-19T13:58:50 COLMAP[chunk_09_sequential_matcher] I20260519 13:58:49.403972 16350 feature_matching.cc:217] in 0.442s
2026-05-19T13:58:50 COLMAP[chunk_09_sequential_matcher] I20260519 13:58:49.404026 16350 pairing.cc:473] Processing image [43/179]
2026-05-19T13:58:50 COLMAP[chunk_09_sequential_matcher] I20260519 13:58:49.706265 16350 feature_matching.cc:217] in 0.302s
2026-05-19T13:58:50 COLMAP[chunk_09_sequential_matcher] I20260519 13:58:49.706321 16350 pairing.cc:473] Processing image [44/179]
2026-05-19T13:58:51 COLMAP[chunk_09_sequential_matcher] I20260519 13:58:50.169499 16350 feature_matching.cc:217] in 0.463s
2026-05-19T13:58:51 COLMAP[chunk_09_sequential_matcher] I20260519 13:58:50.169550 16350 pairing.cc:473] Processing image [45/179]
2026-05-19T13:58:51 COLMAP[chunk_09_sequential_matcher] I20260519 13:58:50.590826 16350 feature_matching.cc:217] in 0.421s
2026-05-19T13:58:51 COLMAP[chunk_09_sequential_matcher] I20260519 13:58:50.590881 16350 pairing.cc:473] Processing image [46/179]
2026-05-19T13:58:51 COLMAP[chunk_09_sequential_matcher] I20260519 13:58:50.966315 16350 feature_matching.cc:217] in 0.375s
2026-05-19T13:58:51 COLMAP[chunk_09_sequential_matcher] I20260519 13:58:50.966367 16350 pairing.cc:473] Processing image [47/179]
2026-05-19T13:58:52 COLMAP[chunk_09_sequential_matcher] I20260519 13:58:51.405328 16350 feature_matching.cc:217] in 0.439s
2026-05-19T13:58:52 COLMAP[chunk_09_sequential_matcher] I20260519 13:58:51.405385 16350 pairing.cc:473] Processing image [48/179]
2026-05-19T13:58:52 COLMAP[chunk_09_sequential_matcher] I20260519 13:58:51.915623 16350 feature_matching.cc:217] in 0.510s
2026-05-19T13:58:52 COLMAP[chunk_09_sequential_matcher] I20260519 13:58:51.915683 16350 pairing.cc:473] Processing image [49/179]
2026-05-19T13:58:53 COLMAP[chunk_09_sequential_matcher] I20260519 13:58:52.404611 16350 feature_matching.cc:217] in 0.489s
2026-05-19T13:58:53 COLMAP[chunk_09_sequential_matcher] I20260519 13:58:52.404663 16350 pairing.cc:473] Processing image [50/179]
2026-05-19T13:58:54 COLMAP[chunk_09_sequential_matcher] I20260519 13:58:53.042469 16350 feature_matching.cc:217] in 0.638s
2026-05-19T13:58:54 COLMAP[chunk_09_sequential_matcher] I20260519 13:58:53.042515 16350 pairing.cc:473] Processing image [51/179]
2026-05-19T13:58:54 COLMAP[chunk_09_sequential_matcher] I20260519 13:58:53.552055 16350 feature_matching.cc:217] in 0.510s
2026-05-19T13:58:54 COLMAP[chunk_09_sequential_matcher] I20260519 13:58:53.552109 16350 pairing.cc:473] Processing image [52/179]
2026-05-19T13:58:54 COLMAP[chunk_09_sequential_matcher] I20260519 13:58:53.961364 16350 feature_matching.cc:217] in 0.409s
2026-05-19T13:58:54 COLMAP[chunk_09_sequential_matcher] I20260519 13:58:53.961418 16350 pairing.cc:473] Processing image [53/179]
2026-05-19T13:58:55 COLMAP[chunk_09_sequential_matcher] I20260519 13:58:54.341863 16350 feature_matching.cc:217] in 0.380s
2026-05-19T13:58:55 COLMAP[chunk_09_sequential_matcher] I20260519 13:58:54.341920 16350 pairing.cc:473] Processing image [54/179]
2026-05-19T13:58:55 COLMAP[chunk_09_sequential_matcher] I20260519 13:58:54.637027 16350 feature_matching.cc:217] in 0.295s
2026-05-19T13:58:55 COLMAP[chunk_09_sequential_matcher] I20260519 13:58:54.637081 16350 pairing.cc:473] Processing image [55/179]
2026-05-19T13:58:55 COLMAP[chunk_09_sequential_matcher] I20260519 13:58:54.973814 16350 feature_matching.cc:217] in 0.337s
2026-05-19T13:58:55 COLMAP[chunk_09_sequential_matcher] I20260519 13:58:54.973871 16350 pairing.cc:473] Processing image [56/179]
2026-05-19T13:58:56 COLMAP[chunk_09_sequential_matcher] I20260519 13:58:55.233394 16350 feature_matching.cc:217] in 0.260s
2026-05-19T13:58:56 COLMAP[chunk_09_sequential_matcher] I20260519 13:58:55.233451 16350 pairing.cc:473] Processing image [57/179]
2026-05-19T13:58:56 COLMAP[chunk_09_sequential_matcher] I20260519 13:58:55.393402 16350 feature_matching.cc:217] in 0.160s
2026-05-19T13:58:56 COLMAP[chunk_09_sequential_matcher] I20260519 13:58:55.393455 16350 pairing.cc:473] Processing image [58/179]
2026-05-19T13:58:56 COLMAP[chunk_09_sequential_matcher] I20260519 13:58:55.558055 16350 feature_matching.cc:217] in 0.165s
2026-05-19T13:58:56 COLMAP[chunk_09_sequential_matcher] I20260519 13:58:55.558111 16350 pairing.cc:473] Processing image [59/179]
2026-05-19T13:58:56 COLMAP[chunk_09_sequential_matcher] I20260519 13:58:55.712702 16350 feature_matching.cc:217] in 0.155s
2026-05-19T13:58:56 COLMAP[chunk_09_sequential_matcher] I20260519 13:58:55.712759 16350 pairing.cc:473] Processing image [60/179]
2026-05-19T13:58:57 COLMAP[chunk_09_sequential_matcher] I20260519 13:58:56.069267 16350 feature_matching.cc:217] in 0.357s
2026-05-19T13:58:57 COLMAP[chunk_09_sequential_matcher] I20260519 13:58:56.069336 16350 pairing.cc:473] Processing image [61/179]
2026-05-19T13:58:57 COLMAP[chunk_09_sequential_matcher] I20260519 13:58:56.287958 16350 feature_matching.cc:217] in 0.219s
2026-05-19T13:58:57 COLMAP[chunk_09_sequential_matcher] I20260519 13:58:56.288012 16350 pairing.cc:473] Processing image [62/179]
2026-05-19T13:58:57 COLMAP[chunk_09_sequential_matcher] I20260519 13:58:56.583541 16350 feature_matching.cc:217] in 0.296s
2026-05-19T13:58:57 COLMAP[chunk_09_sequential_matcher] I20260519 13:58:56.583595 16350 pairing.cc:473] Processing image [63/179]
2026-05-19T13:58:57 COLMAP[chunk_09_sequential_matcher] I20260519 13:58:56.790621 16350 feature_matching.cc:217] in 0.207s
2026-05-19T13:58:57 COLMAP[chunk_09_sequential_matcher] I20260519 13:58:56.790676 16350 pairing.cc:473] Processing image [64/179]
2026-05-19T13:58:58 COLMAP[chunk_09_sequential_matcher] I20260519 13:58:57.150869 16350 feature_matching.cc:217] in 0.360s
2026-05-19T13:58:58 COLMAP[chunk_09_sequential_matcher] I20260519 13:58:57.150918 16350 pairing.cc:473] Processing image [65/179]
2026-05-19T13:58:58 COLMAP[chunk_09_sequential_matcher] I20260519 13:58:57.444042 16350 feature_matching.cc:217] in 0.293s
2026-05-19T13:58:58 COLMAP[chunk_09_sequential_matcher] I20260519 13:58:57.444100 16350 pairing.cc:473] Processing image [66/179]
2026-05-19T13:58:58 COLMAP[chunk_09_sequential_matcher] I20260519 13:58:57.832880 16350 feature_matching.cc:217] in 0.389s
2026-05-19T13:58:58 COLMAP[chunk_09_sequential_matcher] I20260519 13:58:57.832932 16350 pairing.cc:473] Processing image [67/179]
2026-05-19T13:58:59 COLMAP[chunk_09_sequential_matcher] I20260519 13:58:58.035032 16350 feature_matching.cc:217] in 0.202s
2026-05-19T13:58:59 COLMAP[chunk_09_sequential_matcher] I20260519 13:58:58.035090 16350 pairing.cc:473] Processing image [68/179]
2026-05-19T13:58:59 COLMAP[chunk_09_sequential_matcher] I20260519 13:58:58.343472 16350 feature_matching.cc:217] in 0.308s
2026-05-19T13:58:59 COLMAP[chunk_09_sequential_matcher] I20260519 13:58:58.343523 16350 pairing.cc:473] Processing image [69/179]
2026-05-19T13:58:59 COLMAP[chunk_09_sequential_matcher] I20260519 13:58:58.713470 16350 feature_matching.cc:217] in 0.370s
2026-05-19T13:58:59 COLMAP[chunk_09_sequential_matcher] I20260519 13:58:58.713524 16350 pairing.cc:473] Processing image [70/179]
2026-05-19T13:59:00 COLMAP[chunk_09_sequential_matcher] I20260519 13:58:59.116094 16350 feature_matching.cc:217] in 0.403s
2026-05-19T13:59:00 COLMAP[chunk_09_sequential_matcher] I20260519 13:58:59.116144 16350 pairing.cc:473] Processing image [71/179]
2026-05-19T13:59:00 COLMAP[chunk_09_sequential_matcher] I20260519 13:58:59.265614 16350 feature_matching.cc:217] in 0.150s
2026-05-19T13:59:00 COLMAP[chunk_09_sequential_matcher] I20260519 13:58:59.265668 16350 pairing.cc:473] Processing image [72/179]
2026-05-19T13:59:00 COLMAP[chunk_09_sequential_matcher] I20260519 13:58:59.623385 16350 feature_matching.cc:217] in 0.358s
2026-05-19T13:59:00 COLMAP[chunk_09_sequential_matcher] I20260519 13:58:59.623436 16350 pairing.cc:473] Processing image [73/179]
2026-05-19T13:59:00 COLMAP[chunk_09_sequential_matcher] I20260519 13:59:00.012287 16350 feature_matching.cc:217] in 0.389s
2026-05-19T13:59:00 COLMAP[chunk_09_sequential_matcher] I20260519 13:59:00.012346 16350 pairing.cc:473] Processing image [74/179]
2026-05-19T13:59:01 COLMAP[chunk_09_sequential_matcher] I20260519 13:59:00.524703 16350 feature_matching.cc:217] in 0.512s
2026-05-19T13:59:01 COLMAP[chunk_09_sequential_matcher] I20260519 13:59:00.524760 16350 pairing.cc:473] Processing image [75/179]
2026-05-19T13:59:01 COLMAP[chunk_09_sequential_matcher] I20260519 13:59:00.909289 16350 feature_matching.cc:217] in 0.385s
2026-05-19T13:59:01 COLMAP[chunk_09_sequential_matcher] I20260519 13:59:00.909345 16350 pairing.cc:473] Processing image [76/179]
2026-05-19T13:59:02 COLMAP[chunk_09_sequential_matcher] I20260519 13:59:01.140981 16350 feature_matching.cc:217] in 0.232s
2026-05-19T13:59:02 COLMAP[chunk_09_sequential_matcher] I20260519 13:59:01.141033 16350 pairing.cc:473] Processing image [77/179]
2026-05-19T13:59:02 COLMAP[chunk_09_sequential_matcher] I20260519 13:59:01.355791 16350 feature_matching.cc:217] in 0.215s
2026-05-19T13:59:02 COLMAP[chunk_09_sequential_matcher] I20260519 13:59:01.355849 16350 pairing.cc:473] Processing image [78/179]
2026-05-19T13:59:02 COLMAP[chunk_09_sequential_matcher] I20260519 13:59:01.765189 16350 feature_matching.cc:217] in 0.409s
2026-05-19T13:59:02 COLMAP[chunk_09_sequential_matcher] I20260519 13:59:01.765245 16350 pairing.cc:473] Processing image [79/179]
2026-05-19T13:59:03 COLMAP[chunk_09_sequential_matcher] I20260519 13:59:02.123677 16350 feature_matching.cc:217] in 0.358s
2026-05-19T13:59:03 COLMAP[chunk_09_sequential_matcher] I20260519 13:59:02.123730 16350 pairing.cc:473] Processing image [80/179]
2026-05-19T13:59:03 COLMAP[chunk_09_sequential_matcher] I20260519 13:59:02.364843 16350 feature_matching.cc:217] in 0.241s
2026-05-19T13:59:03 COLMAP[chunk_09_sequential_matcher] I20260519 13:59:02.364895 16350 pairing.cc:473] Processing image [81/179]
2026-05-19T13:59:03 COLMAP[chunk_09_sequential_matcher] I20260519 13:59:02.587533 16350 feature_matching.cc:217] in 0.223s
2026-05-19T13:59:03 COLMAP[chunk_09_sequential_matcher] I20260519 13:59:02.587597 16350 pairing.cc:473] Processing image [82/179]
2026-05-19T13:59:03 COLMAP[chunk_09_sequential_matcher] I20260519 13:59:02.947467 16350 feature_matching.cc:217] in 0.360s
2026-05-19T13:59:03 COLMAP[chunk_09_sequential_matcher] I20260519 13:59:02.947525 16350 pairing.cc:473] Processing image [83/179]
2026-05-19T13:59:04 COLMAP[chunk_09_sequential_matcher] I20260519 13:59:03.324102 16350 feature_matching.cc:217] in 0.377s
2026-05-19T13:59:04 COLMAP[chunk_09_sequential_matcher] I20260519 13:59:03.324157 16350 pairing.cc:473] Processing image [84/179]
2026-05-19T13:59:04 COLMAP[chunk_09_sequential_matcher] I20260519 13:59:03.730743 16350 feature_matching.cc:217] in 0.407s
2026-05-19T13:59:04 COLMAP[chunk_09_sequential_matcher] I20260519 13:59:03.730803 16350 pairing.cc:473] Processing image [85/179]
2026-05-19T13:59:05 COLMAP[chunk_09_sequential_matcher] I20260519 13:59:04.172531 16350 feature_matching.cc:217] in 0.442s
2026-05-19T13:59:05 COLMAP[chunk_09_sequential_matcher] I20260519 13:59:04.172585 16350 pairing.cc:473] Processing image [86/179]
2026-05-19T13:59:05 COLMAP[chunk_09_sequential_matcher] I20260519 13:59:04.538611 16350 feature_matching.cc:217] in 0.366s
2026-05-19T13:59:05 COLMAP[chunk_09_sequential_matcher] I20260519 13:59:04.538666 16350 pairing.cc:473] Processing image [87/179]
2026-05-19T13:59:05 COLMAP[chunk_09_sequential_matcher] I20260519 13:59:04.920961 16350 feature_matching.cc:217] in 0.382s
2026-05-19T13:59:05 COLMAP[chunk_09_sequential_matcher] I20260519 13:59:04.921020 16350 pairing.cc:473] Processing image [88/179]
2026-05-19T13:59:06 COLMAP[chunk_09_sequential_matcher] I20260519 13:59:05.293813 16350 feature_matching.cc:217] in 0.373s
2026-05-19T13:59:06 COLMAP[chunk_09_sequential_matcher] I20260519 13:59:05.293866 16350 pairing.cc:473] Processing image [89/179]
2026-05-19T13:59:06 COLMAP[chunk_09_sequential_matcher] I20260519 13:59:05.694756 16350 feature_matching.cc:217] in 0.401s
2026-05-19T13:59:06 COLMAP[chunk_09_sequential_matcher] I20260519 13:59:05.694811 16350 pairing.cc:473] Processing image [90/179]
2026-05-19T13:59:07 COLMAP[chunk_09_sequential_matcher] I20260519 13:59:06.057142 16350 feature_matching.cc:217] in 0.362s
2026-05-19T13:59:07 COLMAP[chunk_09_sequential_matcher] I20260519 13:59:06.057199 16350 pairing.cc:473] Processing image [91/179]
2026-05-19T13:59:07 COLMAP[chunk_09_sequential_matcher] I20260519 13:59:06.528625 16350 feature_matching.cc:217] in 0.471s
2026-05-19T13:59:07 COLMAP[chunk_09_sequential_matcher] I20260519 13:59:06.528680 16350 pairing.cc:473] Processing image [92/179]
2026-05-19T13:59:07 COLMAP[chunk_09_sequential_matcher] I20260519 13:59:06.762787 16350 feature_matching.cc:217] in 0.234s
2026-05-19T13:59:07 COLMAP[chunk_09_sequential_matcher] I20260519 13:59:06.762846 16350 pairing.cc:473] Processing image [93/179]
2026-05-19T13:59:08 COLMAP[chunk_09_sequential_matcher] I20260519 13:59:07.360414 16350 feature_matching.cc:217] in 0.598s
2026-05-19T13:59:08 COLMAP[chunk_09_sequential_matcher] I20260519 13:59:07.360474 16350 pairing.cc:473] Processing image [94/179]
2026-05-19T13:59:08 COLMAP[chunk_09_sequential_matcher] I20260519 13:59:07.724140 16350 feature_matching.cc:217] in 0.364s
2026-05-19T13:59:08 COLMAP[chunk_09_sequential_matcher] I20260519 13:59:07.724196 16350 pairing.cc:473] Processing image [95/179]
2026-05-19T13:59:09 COLMAP[chunk_09_sequential_matcher] I20260519 13:59:08.128626 16350 feature_matching.cc:217] in 0.404s
2026-05-19T13:59:09 COLMAP[chunk_09_sequential_matcher] I20260519 13:59:08.128679 16350 pairing.cc:473] Processing image [96/179]
2026-05-19T13:59:09 COLMAP[chunk_09_sequential_matcher] I20260519 13:59:08.632551 16350 feature_matching.cc:217] in 0.504s
2026-05-19T13:59:09 COLMAP[chunk_09_sequential_matcher] I20260519 13:59:08.632603 16350 pairing.cc:473] Processing image [97/179]
2026-05-19T13:59:10 COLMAP[chunk_09_sequential_matcher] I20260519 13:59:09.144757 16350 feature_matching.cc:217] in 0.512s
2026-05-19T13:59:10 COLMAP[chunk_09_sequential_matcher] I20260519 13:59:09.144810 16350 pairing.cc:473] Processing image [98/179]
2026-05-19T13:59:10 COLMAP[chunk_09_sequential_matcher] I20260519 13:59:09.741281 16350 feature_matching.cc:217] in 0.597s
2026-05-19T13:59:10 COLMAP[chunk_09_sequential_matcher] I20260519 13:59:09.741333 16350 pairing.cc:473] Processing image [99/179]
2026-05-19T13:59:11 COLMAP[chunk_09_sequential_matcher] I20260519 13:59:10.136431 16350 feature_matching.cc:217] in 0.395s
2026-05-19T13:59:11 COLMAP[chunk_09_sequential_matcher] I20260519 13:59:10.136487 16350 pairing.cc:473] Processing image [100/179]
2026-05-19T13:59:11 COLMAP[chunk_09_sequential_matcher] I20260519 13:59:10.801047 16350 feature_matching.cc:217] in 0.665s
2026-05-19T13:59:11 COLMAP[chunk_09_sequential_matcher] I20260519 13:59:10.801100 16350 pairing.cc:473] Processing image [101/179]
2026-05-19T13:59:12 COLMAP[chunk_09_sequential_matcher] I20260519 13:59:11.452597 16350 feature_matching.cc:217] in 0.652s
2026-05-19T13:59:12 COLMAP[chunk_09_sequential_matcher] I20260519 13:59:11.452651 16350 pairing.cc:473] Processing image [102/179]
2026-05-19T13:59:13 COLMAP[chunk_09_sequential_matcher] I20260519 13:59:12.403029 16350 feature_matching.cc:217] in 0.950s
2026-05-19T13:59:13 COLMAP[chunk_09_sequential_matcher] I20260519 13:59:12.403085 16350 pairing.cc:473] Processing image [103/179]
2026-05-19T13:59:14 COLMAP[chunk_09_sequential_matcher] I20260519 13:59:13.198066 16350 feature_matching.cc:217] in 0.795s
2026-05-19T13:59:14 COLMAP[chunk_09_sequential_matcher] I20260519 13:59:13.198122 16350 pairing.cc:473] Processing image [104/179]
2026-05-19T13:59:15 COLMAP[chunk_09_sequential_matcher] I20260519 13:59:14.096285 16350 feature_matching.cc:217] in 0.898s
2026-05-19T13:59:15 COLMAP[chunk_09_sequential_matcher] I20260519 13:59:14.096343 16350 pairing.cc:473] Processing image [105/179]
2026-05-19T13:59:16 COLMAP[chunk_09_sequential_matcher] I20260519 13:59:15.071687 16350 feature_matching.cc:217] in 0.975s
2026-05-19T13:59:16 COLMAP[chunk_09_sequential_matcher] I20260519 13:59:15.071744 16350 pairing.cc:473] Processing image [106/179]
2026-05-19T13:59:16 COLMAP[chunk_09_sequential_matcher] I20260519 13:59:15.450829 16350 feature_matching.cc:217] in 0.379s
2026-05-19T13:59:16 COLMAP[chunk_09_sequential_matcher] I20260519 13:59:15.450882 16350 pairing.cc:473] Processing image [107/179]
2026-05-19T13:59:16 COLMAP[chunk_09_sequential_matcher] I20260519 13:59:15.998353 16350 feature_matching.cc:217] in 0.548s
2026-05-19T13:59:16 COLMAP[chunk_09_sequential_matcher] I20260519 13:59:15.998405 16350 pairing.cc:473] Processing image [108/179]
2026-05-19T13:59:17 COLMAP[chunk_09_sequential_matcher] I20260519 13:59:16.425081 16350 feature_matching.cc:217] in 0.427s
2026-05-19T13:59:17 COLMAP[chunk_09_sequential_matcher] I20260519 13:59:16.425135 16350 pairing.cc:473] Processing image [109/179]
2026-05-19T13:59:17 COLMAP[chunk_09_sequential_matcher] I20260519 13:59:16.795809 16350 feature_matching.cc:217] in 0.371s
2026-05-19T13:59:17 COLMAP[chunk_09_sequential_matcher] I20260519 13:59:16.795867 16350 pairing.cc:473] Processing image [110/179]
2026-05-19T13:59:18 COLMAP[chunk_09_sequential_matcher] I20260519 13:59:17.344703 16350 feature_matching.cc:217] in 0.549s
2026-05-19T13:59:18 COLMAP[chunk_09_sequential_matcher] I20260519 13:59:17.344784 16350 pairing.cc:473] Processing image [111/179]
2026-05-19T13:59:18 COLMAP[chunk_09_sequential_matcher] I20260519 13:59:17.742525 16350 feature_matching.cc:217] in 0.398s
2026-05-19T13:59:18 COLMAP[chunk_09_sequential_matcher] I20260519 13:59:17.742581 16350 pairing.cc:473] Processing image [112/179]
2026-05-19T13:59:19 COLMAP[chunk_09_sequential_matcher] I20260519 13:59:18.168740 16350 feature_matching.cc:217] in 0.426s
2026-05-19T13:59:19 COLMAP[chunk_09_sequential_matcher] I20260519 13:59:18.168795 16350 pairing.cc:473] Processing image [113/179]
2026-05-19T13:59:19 COLMAP[chunk_09_sequential_matcher] I20260519 13:59:18.583591 16350 feature_matching.cc:217] in 0.415s
2026-05-19T13:59:19 COLMAP[chunk_09_sequential_matcher] I20260519 13:59:18.583647 16350 pairing.cc:473] Processing image [114/179]
2026-05-19T13:59:19 COLMAP[chunk_09_sequential_matcher] I20260519 13:59:19.017406 16350 feature_matching.cc:217] in 0.434s
2026-05-19T13:59:19 COLMAP[chunk_09_sequential_matcher] I20260519 13:59:19.017462 16350 pairing.cc:473] Processing image [115/179]
2026-05-19T13:59:20 COLMAP[chunk_09_sequential_matcher] I20260519 13:59:19.532821 16350 feature_matching.cc:217] in 0.515s
2026-05-19T13:59:20 COLMAP[chunk_09_sequential_matcher] I20260519 13:59:19.532878 16350 pairing.cc:473] Processing image [116/179]
2026-05-19T13:59:20 COLMAP[chunk_09_sequential_matcher] I20260519 13:59:19.892225 16350 feature_matching.cc:217] in 0.359s
2026-05-19T13:59:20 COLMAP[chunk_09_sequential_matcher] I20260519 13:59:19.892282 16350 pairing.cc:473] Processing image [117/179]
2026-05-19T13:59:21 COLMAP[chunk_09_sequential_matcher] I20260519 13:59:20.252691 16350 feature_matching.cc:217] in 0.360s
2026-05-19T13:59:21 COLMAP[chunk_09_sequential_matcher] I20260519 13:59:20.252744 16350 pairing.cc:473] Processing image [118/179]
2026-05-19T13:59:21 COLMAP[chunk_09_sequential_matcher] I20260519 13:59:20.621079 16350 feature_matching.cc:217] in 0.368s
2026-05-19T13:59:21 COLMAP[chunk_09_sequential_matcher] I20260519 13:59:20.621135 16350 pairing.cc:473] Processing image [119/179]
2026-05-19T13:59:21 COLMAP[chunk_09_sequential_matcher] I20260519 13:59:20.971413 16350 feature_matching.cc:217] in 0.350s
2026-05-19T13:59:21 COLMAP[chunk_09_sequential_matcher] I20260519 13:59:20.971467 16350 pairing.cc:473] Processing image [120/179]
2026-05-19T13:59:22 COLMAP[chunk_09_sequential_matcher] I20260519 13:59:21.346728 16350 feature_matching.cc:217] in 0.375s
2026-05-19T13:59:22 COLMAP[chunk_09_sequential_matcher] I20260519 13:59:21.346776 16350 pairing.cc:473] Processing image [121/179]
2026-05-19T13:59:22 COLMAP[chunk_09_sequential_matcher] I20260519 13:59:21.806843 16350 feature_matching.cc:217] in 0.460s
2026-05-19T13:59:22 COLMAP[chunk_09_sequential_matcher] I20260519 13:59:21.806897 16350 pairing.cc:473] Processing image [122/179]
2026-05-19T13:59:23 COLMAP[chunk_09_sequential_matcher] I20260519 13:59:22.313321 16350 feature_matching.cc:217] in 0.506s
2026-05-19T13:59:23 COLMAP[chunk_09_sequential_matcher] I20260519 13:59:22.313376 16350 pairing.cc:473] Processing image [123/179]
2026-05-19T13:59:23 COLMAP[chunk_09_sequential_matcher] I20260519 13:59:22.837566 16350 feature_matching.cc:217] in 0.524s
2026-05-19T13:59:23 COLMAP[chunk_09_sequential_matcher] I20260519 13:59:22.837617 16350 pairing.cc:473] Processing image [124/179]
2026-05-19T13:59:24 COLMAP[chunk_09_sequential_matcher] I20260519 13:59:23.299284 16350 feature_matching.cc:217] in 0.462s
2026-05-19T13:59:24 COLMAP[chunk_09_sequential_matcher] I20260519 13:59:23.299338 16350 pairing.cc:473] Processing image [125/179]
2026-05-19T13:59:24 COLMAP[chunk_09_sequential_matcher] I20260519 13:59:23.770851 16350 feature_matching.cc:217] in 0.472s
2026-05-19T13:59:24 COLMAP[chunk_09_sequential_matcher] I20260519 13:59:23.770905 16350 pairing.cc:473] Processing image [126/179]
2026-05-19T13:59:25 COLMAP[chunk_09_sequential_matcher] I20260519 13:59:24.261436 16350 feature_matching.cc:217] in 0.491s
2026-05-19T13:59:25 COLMAP[chunk_09_sequential_matcher] I20260519 13:59:24.261493 16350 pairing.cc:473] Processing image [127/179]
2026-05-19T13:59:25 COLMAP[chunk_09_sequential_matcher] I20260519 13:59:24.810612 16350 feature_matching.cc:217] in 0.549s
2026-05-19T13:59:25 COLMAP[chunk_09_sequential_matcher] I20260519 13:59:24.810669 16350 pairing.cc:473] Processing image [128/179]
2026-05-19T13:59:26 COLMAP[chunk_09_sequential_matcher] I20260519 13:59:25.362975 16350 feature_matching.cc:217] in 0.552s
2026-05-19T13:59:26 COLMAP[chunk_09_sequential_matcher] I20260519 13:59:25.363030 16350 pairing.cc:473] Processing image [129/179]
2026-05-19T13:59:27 COLMAP[chunk_09_sequential_matcher] I20260519 13:59:26.327394 16350 feature_matching.cc:217] in 0.964s
2026-05-19T13:59:27 COLMAP[chunk_09_sequential_matcher] I20260519 13:59:26.327447 16350 pairing.cc:473] Processing image [130/179]
2026-05-19T13:59:27 COLMAP[chunk_09_sequential_matcher] I20260519 13:59:26.674566 16350 feature_matching.cc:217] in 0.347s
2026-05-19T13:59:27 COLMAP[chunk_09_sequential_matcher] I20260519 13:59:26.674616 16350 pairing.cc:473] Processing image [131/179]
2026-05-19T13:59:27 COLMAP[chunk_09_sequential_matcher] I20260519 13:59:26.696116 16350 feature_matching.cc:217] in 0.022s
2026-05-19T13:59:27 COLMAP[chunk_09_sequential_matcher] I20260519 13:59:26.696156 16350 pairing.cc:473] Processing image [132/179]
2026-05-19T13:59:28 COLMAP[chunk_09_sequential_matcher] I20260519 13:59:27.104931 16350 feature_matching.cc:217] in 0.409s
2026-05-19T13:59:28 COLMAP[chunk_09_sequential_matcher] I20260519 13:59:27.104990 16350 pairing.cc:473] Processing image [133/179]
2026-05-19T13:59:28 COLMAP[chunk_09_sequential_matcher] I20260519 13:59:27.458643 16350 feature_matching.cc:217] in 0.354s
2026-05-19T13:59:28 COLMAP[chunk_09_sequential_matcher] I20260519 13:59:27.458690 16350 pairing.cc:473] Processing image [134/179]
2026-05-19T13:59:28 COLMAP[chunk_09_sequential_matcher] I20260519 13:59:27.860347 16350 feature_matching.cc:217] in 0.402s
2026-05-19T13:59:28 COLMAP[chunk_09_sequential_matcher] I20260519 13:59:27.860399 16350 pairing.cc:473] Processing image [135/179]
2026-05-19T13:59:29 COLMAP[chunk_09_sequential_matcher] I20260519 13:59:28.252799 16350 feature_matching.cc:217] in 0.392s
2026-05-19T13:59:29 COLMAP[chunk_09_sequential_matcher] I20260519 13:59:28.252849 16350 pairing.cc:473] Processing image [136/179]
2026-05-19T13:59:30 COLMAP[chunk_09_sequential_matcher] I20260519 13:59:29.221622 16350 feature_matching.cc:217] in 0.969s
2026-05-19T13:59:30 COLMAP[chunk_09_sequential_matcher] I20260519 13:59:29.221697 16350 pairing.cc:473] Processing image [137/179]
2026-05-19T13:59:30 COLMAP[chunk_09_sequential_matcher] I20260519 13:59:29.578981 16350 feature_matching.cc:217] in 0.357s
2026-05-19T13:59:30 COLMAP[chunk_09_sequential_matcher] I20260519 13:59:29.579036 16350 pairing.cc:473] Processing image [138/179]
2026-05-19T13:59:30 COLMAP[chunk_09_sequential_matcher] I20260519 13:59:29.956246 16350 feature_matching.cc:217] in 0.377s
2026-05-19T13:59:30 COLMAP[chunk_09_sequential_matcher] I20260519 13:59:29.956301 16350 pairing.cc:473] Processing image [139/179]
2026-05-19T13:59:31 COLMAP[chunk_09_sequential_matcher] I20260519 13:59:30.333300 16350 feature_matching.cc:217] in 0.377s
2026-05-19T13:59:31 COLMAP[chunk_09_sequential_matcher] I20260519 13:59:30.333379 16350 pairing.cc:473] Processing image [140/179]
2026-05-19T13:59:31 COLMAP[chunk_09_sequential_matcher] I20260519 13:59:30.719302 16350 feature_matching.cc:217] in 0.386s
2026-05-19T13:59:31 COLMAP[chunk_09_sequential_matcher] I20260519 13:59:30.719357 16350 pairing.cc:473] Processing image [141/179]
2026-05-19T13:59:32 COLMAP[chunk_09_sequential_matcher] I20260519 13:59:31.124768 16350 feature_matching.cc:217] in 0.405s
2026-05-19T13:59:32 COLMAP[chunk_09_sequential_matcher] I20260519 13:59:31.124817 16350 pairing.cc:473] Processing image [142/179]
2026-05-19T13:59:32 COLMAP[chunk_09_sequential_matcher] I20260519 13:59:31.505452 16350 feature_matching.cc:217] in 0.381s
2026-05-19T13:59:32 COLMAP[chunk_09_sequential_matcher] I20260519 13:59:31.505502 16350 pairing.cc:473] Processing image [143/179]
2026-05-19T13:59:32 COLMAP[chunk_09_sequential_matcher] I20260519 13:59:31.918220 16350 feature_matching.cc:217] in 0.413s
2026-05-19T13:59:32 COLMAP[chunk_09_sequential_matcher] I20260519 13:59:31.918274 16350 pairing.cc:473] Processing image [144/179]
2026-05-19T13:59:33 COLMAP[chunk_09_sequential_matcher] I20260519 13:59:32.290333 16350 feature_matching.cc:217] in 0.372s
2026-05-19T13:59:33 COLMAP[chunk_09_sequential_matcher] I20260519 13:59:32.290388 16350 pairing.cc:473] Processing image [145/179]
2026-05-19T13:59:33 COLMAP[chunk_09_sequential_matcher] I20260519 13:59:32.735482 16350 feature_matching.cc:217] in 0.445s
2026-05-19T13:59:33 COLMAP[chunk_09_sequential_matcher] I20260519 13:59:32.735558 16350 pairing.cc:473] Processing image [146/179]
2026-05-19T13:59:33 COLMAP[chunk_09_sequential_matcher] I20260519 13:59:32.815335 16350 feature_matching.cc:217] in 0.080s
2026-05-19T13:59:33 COLMAP[chunk_09_sequential_matcher] I20260519 13:59:32.815385 16350 pairing.cc:473] Processing image [147/179]
2026-05-19T13:59:33 COLMAP[chunk_09_sequential_matcher] I20260519 13:59:32.907724 16350 feature_matching.cc:217] in 0.092s
2026-05-19T13:59:33 COLMAP[chunk_09_sequential_matcher] I20260519 13:59:32.907776 16350 pairing.cc:473] Processing image [148/179]
2026-05-19T13:59:33 COLMAP[chunk_09_sequential_matcher] I20260519 13:59:32.924355 16350 feature_matching.cc:217] in 0.017s
2026-05-19T13:59:33 COLMAP[chunk_09_sequential_matcher] I20260519 13:59:32.924399 16350 pairing.cc:473] Processing image [149/179]
2026-05-19T13:59:34 COLMAP[chunk_09_sequential_matcher] I20260519 13:59:33.264686 16350 feature_matching.cc:217] in 0.340s
2026-05-19T13:59:34 COLMAP[chunk_09_sequential_matcher] I20260519 13:59:33.264744 16350 pairing.cc:473] Processing image [150/179]
2026-05-19T13:59:34 COLMAP[chunk_09_sequential_matcher] I20260519 13:59:33.614686 16350 feature_matching.cc:217] in 0.350s
2026-05-19T13:59:34 COLMAP[chunk_09_sequential_matcher] I20260519 13:59:33.614740 16350 pairing.cc:473] Processing image [151/179]
2026-05-19T13:59:34 COLMAP[chunk_09_sequential_matcher] I20260519 13:59:33.977041 16350 feature_matching.cc:217] in 0.362s
2026-05-19T13:59:34 COLMAP[chunk_09_sequential_matcher] I20260519 13:59:33.977098 16350 pairing.cc:473] Processing image [152/179]
2026-05-19T13:59:35 COLMAP[chunk_09_sequential_matcher] I20260519 13:59:34.351253 16350 feature_matching.cc:217] in 0.374s
2026-05-19T13:59:35 COLMAP[chunk_09_sequential_matcher] I20260519 13:59:34.351312 16350 pairing.cc:473] Processing image [153/179]
2026-05-19T13:59:35 COLMAP[chunk_09_sequential_matcher] I20260519 13:59:34.733559 16350 feature_matching.cc:217] in 0.382s
2026-05-19T13:59:35 COLMAP[chunk_09_sequential_matcher] I20260519 13:59:34.733609 16350 pairing.cc:473] Processing image [154/179]
2026-05-19T13:59:36 COLMAP[chunk_09_sequential_matcher] I20260519 13:59:35.102830 16350 feature_matching.cc:217] in 0.369s
2026-05-19T13:59:36 COLMAP[chunk_09_sequential_matcher] I20260519 13:59:35.102886 16350 pairing.cc:473] Processing image [155/179]
2026-05-19T13:59:36 COLMAP[chunk_09_sequential_matcher] I20260519 13:59:35.127780 16350 feature_matching.cc:217] in 0.025s
2026-05-19T13:59:36 COLMAP[chunk_09_sequential_matcher] I20260519 13:59:35.127835 16350 pairing.cc:473] Processing image [156/179]
2026-05-19T13:59:36 COLMAP[chunk_09_sequential_matcher] I20260519 13:59:35.156555 16350 feature_matching.cc:217] in 0.029s
2026-05-19T13:59:36 COLMAP[chunk_09_sequential_matcher] I20260519 13:59:35.156615 16350 pairing.cc:473] Processing image [157/179]
2026-05-19T13:59:36 COLMAP[chunk_09_sequential_matcher] I20260519 13:59:35.196097 16350 feature_matching.cc:217] in 0.040s
2026-05-19T13:59:36 COLMAP[chunk_09_sequential_matcher] I20260519 13:59:35.196146 16350 pairing.cc:473] Processing image [158/179]
2026-05-19T13:59:36 COLMAP[chunk_09_sequential_matcher] I20260519 13:59:35.594434 16350 feature_matching.cc:217] in 0.398s
2026-05-19T13:59:36 COLMAP[chunk_09_sequential_matcher] I20260519 13:59:35.594489 16350 pairing.cc:473] Processing image [159/179]
2026-05-19T13:59:36 COLMAP[chunk_09_sequential_matcher] I20260519 13:59:35.998378 16350 feature_matching.cc:217] in 0.404s
2026-05-19T13:59:36 COLMAP[chunk_09_sequential_matcher] I20260519 13:59:35.998433 16350 pairing.cc:473] Processing image [160/179]
2026-05-19T13:59:37 COLMAP[chunk_09_sequential_matcher] I20260519 13:59:36.059437 16350 feature_matching.cc:217] in 0.061s
2026-05-19T13:59:37 COLMAP[chunk_09_sequential_matcher] I20260519 13:59:36.059491 16350 pairing.cc:473] Processing image [161/179]
2026-05-19T13:59:37 COLMAP[chunk_09_sequential_matcher] I20260519 13:59:36.094164 16350 feature_matching.cc:217] in 0.035s
2026-05-19T13:59:37 COLMAP[chunk_09_sequential_matcher] I20260519 13:59:36.094209 16350 pairing.cc:473] Processing image [162/179]
2026-05-19T13:59:37 COLMAP[chunk_09_sequential_matcher] I20260519 13:59:36.129122 16350 feature_matching.cc:217] in 0.035s
2026-05-19T13:59:37 COLMAP[chunk_09_sequential_matcher] I20260519 13:59:36.129170 16350 pairing.cc:473] Processing image [163/179]
2026-05-19T13:59:37 COLMAP[chunk_09_sequential_matcher] I20260519 13:59:36.491288 16350 feature_matching.cc:217] in 0.362s
2026-05-19T13:59:37 COLMAP[chunk_09_sequential_matcher] I20260519 13:59:36.491345 16350 pairing.cc:473] Processing image [164/179]
2026-05-19T13:59:37 COLMAP[chunk_09_sequential_matcher] I20260519 13:59:36.858506 16350 feature_matching.cc:217] in 0.367s
2026-05-19T13:59:37 COLMAP[chunk_09_sequential_matcher] I20260519 13:59:36.858559 16350 pairing.cc:473] Processing image [165/179]
2026-05-19T13:59:38 COLMAP[chunk_09_sequential_matcher] I20260519 13:59:37.226600 16350 feature_matching.cc:217] in 0.368s
2026-05-19T13:59:38 COLMAP[chunk_09_sequential_matcher] I20260519 13:59:37.226655 16350 pairing.cc:473] Processing image [166/179]
2026-05-19T13:59:38 COLMAP[chunk_09_sequential_matcher] I20260519 13:59:37.614159 16350 feature_matching.cc:217] in 0.388s
2026-05-19T13:59:38 COLMAP[chunk_09_sequential_matcher] I20260519 13:59:37.614212 16350 pairing.cc:473] Processing image [167/179]
2026-05-19T13:59:38 COLMAP[chunk_09_sequential_matcher] I20260519 13:59:38.035667 16350 feature_matching.cc:217] in 0.421s
2026-05-19T13:59:38 COLMAP[chunk_09_sequential_matcher] I20260519 13:59:38.035724 16350 pairing.cc:473] Processing image [168/179]
2026-05-19T13:59:39 COLMAP[chunk_09_sequential_matcher] I20260519 13:59:38.540323 16350 feature_matching.cc:217] in 0.505s
2026-05-19T13:59:39 COLMAP[chunk_09_sequential_matcher] I20260519 13:59:38.540373 16350 pairing.cc:473] Processing image [169/179]
2026-05-19T13:59:40 COLMAP[chunk_09_sequential_matcher] I20260519 13:59:39.106338 16350 feature_matching.cc:217] in 0.566s
2026-05-19T13:59:40 COLMAP[chunk_09_sequential_matcher] I20260519 13:59:39.106396 16350 pairing.cc:473] Processing image [170/179]
2026-05-19T13:59:40 COLMAP[chunk_09_sequential_matcher] I20260519 13:59:39.627491 16350 feature_matching.cc:217] in 0.521s
2026-05-19T13:59:40 COLMAP[chunk_09_sequential_matcher] I20260519 13:59:39.627542 16350 pairing.cc:473] Processing image [171/179]
2026-05-19T13:59:41 COLMAP[chunk_09_sequential_matcher] I20260519 13:59:40.104142 16350 feature_matching.cc:217] in 0.477s
2026-05-19T13:59:41 COLMAP[chunk_09_sequential_matcher] I20260519 13:59:40.104202 16350 pairing.cc:473] Processing image [172/179]
2026-05-19T13:59:41 COLMAP[chunk_09_sequential_matcher] I20260519 13:59:40.104256 16350 feature_matching.cc:217] in 0.000s
2026-05-19T13:59:41 COLMAP[chunk_09_sequential_matcher] I20260519 13:59:40.104269 16350 pairing.cc:473] Processing image [173/179]
2026-05-19T13:59:41 COLMAP[chunk_09_sequential_matcher] I20260519 13:59:40.104329 16350 feature_matching.cc:217] in 0.000s
2026-05-19T13:59:41 COLMAP[chunk_09_sequential_matcher] I20260519 13:59:40.104346 16350 pairing.cc:473] Processing image [174/179]
2026-05-19T13:59:41 COLMAP[chunk_09_sequential_matcher] I20260519 13:59:40.273336 16350 feature_matching.cc:217] in 0.169s
2026-05-19T13:59:41 COLMAP[chunk_09_sequential_matcher] I20260519 13:59:40.273418 16350 pairing.cc:473] Processing image [175/179]
2026-05-19T13:59:41 COLMAP[chunk_09_sequential_matcher] I20260519 13:59:40.314002 16350 feature_matching.cc:217] in 0.041s
2026-05-19T13:59:41 COLMAP[chunk_09_sequential_matcher] I20260519 13:59:40.314049 16350 pairing.cc:473] Processing image [176/179]
2026-05-19T13:59:41 COLMAP[chunk_09_sequential_matcher] I20260519 13:59:40.314080 16350 feature_matching.cc:217] in 0.000s
2026-05-19T13:59:41 COLMAP[chunk_09_sequential_matcher] I20260519 13:59:40.314088 16350 pairing.cc:473] Processing image [177/179]
2026-05-19T13:59:41 COLMAP[chunk_09_sequential_matcher] I20260519 13:59:40.336192 16350 feature_matching.cc:217] in 0.022s
2026-05-19T13:59:41 COLMAP[chunk_09_sequential_matcher] I20260519 13:59:40.336234 16350 pairing.cc:473] Processing image [178/179]
2026-05-19T13:59:41 COLMAP[chunk_09_sequential_matcher] I20260519 13:59:40.336256 16350 feature_matching.cc:217] in 0.000s
2026-05-19T13:59:41 COLMAP[chunk_09_sequential_matcher] I20260519 13:59:40.336265 16350 pairing.cc:473] Processing image [179/179]
2026-05-19T13:59:41 COLMAP[chunk_09_sequential_matcher] I20260519 13:59:40.336272 16350 feature_matching.cc:217] in 0.000s
2026-05-19T13:59:41 COLMAP[chunk_09_sequential_matcher] I20260519 13:59:40.336279 16350 timer.cc:90] Elapsed time: 1.129 [minutes]
2026-05-19T13:59:41 2026-05-19 13:59:40,395 - INFO - chunk_09_sequential_matcher added 722 verified image pairs
2026-05-19T13:59:41 2026-05-19 13:59:40,396 - INFO - [chunk_09_mapper_initial] colmap mapper --database_path /tmp/colmap_sfm_rcnmny4o/chunk_09/database.db --image_path /tmp/colmap_sfm_rcnmny4o/images --output_path /tmp/colmap_sfm_rcnmny4o/chunk_09/sparse_initial --Mapper.num_threads -1 --Mapper.ba_refine_principal_point 0
2026-05-19T13:59:41 COLMAP[chunk_09_mapper_initial] I20260519 13:59:40.548548 16387 incremental_pipeline.cc:265] Loading database
2026-05-19T13:59:41 COLMAP[chunk_09_mapper_initial] I20260519 13:59:40.549041 16387 database_cache.cc:72] Loading rigs...
2026-05-19T13:59:41 COLMAP[chunk_09_mapper_initial] I20260519 13:59:40.549235 16387 database_cache.cc:82]  1 in 0.000s
2026-05-19T13:59:41 COLMAP[chunk_09_mapper_initial] I20260519 13:59:40.549265 16387 database_cache.cc:90] Loading cameras...
2026-05-19T13:59:41 COLMAP[chunk_09_mapper_initial] I20260519 13:59:40.549293 16387 database_cache.cc:108]  1 in 0.000s
2026-05-19T13:59:41 COLMAP[chunk_09_mapper_initial] I20260519 13:59:40.549314 16387 database_cache.cc:116] Loading frames...
2026-05-19T13:59:41 COLMAP[chunk_09_mapper_initial] I20260519 13:59:40.551545 16387 database_cache.cc:126]  1710 in 0.002s
2026-05-19T13:59:41 COLMAP[chunk_09_mapper_initial] I20260519 13:59:40.551574 16387 database_cache.cc:134] Loading matches...
2026-05-19T13:59:41 COLMAP[chunk_09_mapper_initial] I20260519 13:59:40.581065 16387 database_cache.cc:139]  1686 in 0.030s
2026-05-19T13:59:41 COLMAP[chunk_09_mapper_initial] I20260519 13:59:40.581110 16387 database_cache.cc:147] Loading images...
2026-05-19T13:59:41 COLMAP[chunk_09_mapper_initial] I20260519 13:59:40.651644 16387 database_cache.cc:241]  179 in 0.071s (connected 179, loaded 179)
2026-05-19T13:59:41 COLMAP[chunk_09_mapper_initial] I20260519 13:59:40.651710 16387 database_cache.cc:255] Loading pose priors...
2026-05-19T13:59:41 COLMAP[chunk_09_mapper_initial] I20260519 13:59:40.652642 16387 database_cache.cc:263]  1710 in 0.001s
2026-05-19T13:59:41 COLMAP[chunk_09_mapper_initial] I20260519 13:59:40.652673 16387 database_cache.cc:271] Building correspondence graph...
2026-05-19T13:59:42 COLMAP[chunk_09_mapper_initial] I20260519 13:59:41.138875 16387 database_cache.cc:300]  in 0.486s (ignored 0)
2026-05-19T13:59:42 COLMAP[chunk_09_mapper_initial] I20260519 13:59:41.138998 16387 timer.cc:90] Elapsed time: 0.010 [minutes]
2026-05-19T13:59:42 COLMAP[chunk_09_mapper_initial] I20260519 13:59:41.157393 16387 incremental_pipeline.cc:377] Finding good initial image pair
2026-05-19T13:59:44 COLMAP[chunk_09_mapper_initial] I20260519 13:59:43.327260 16387 incremental_pipeline.cc:401] Registering initial image pair #879 and #1168
2026-05-19T13:59:44 COLMAP[chunk_09_mapper_initial] I20260519 13:59:43.332504 16387 incremental_pipeline.cc:419] Global bundle adjustment
2026-05-19T13:59:44 COLMAP[chunk_09_mapper_initial] I20260519 13:59:43.565122 16387 incremental_pipeline.cc:524] Registering image #1167 (num_reg_frames=2)
2026-05-19T13:59:44 COLMAP[chunk_09_mapper_initial] I20260519 13:59:43.565176 16387 incremental_pipeline.cc:527] => Image sees 34 / 7533 points
2026-05-19T13:59:44 COLMAP[chunk_09_mapper_initial] I20260519 13:59:44.015156 16387 incremental_pipeline.cc:78] Retriangulation and Global bundle adjustment
2026-05-19T13:59:45 COLMAP[chunk_09_mapper_initial] I20260519 13:59:44.551774 16387 incremental_pipeline.cc:524] Registering image #1166 (num_reg_frames=3)
2026-05-19T13:59:45 COLMAP[chunk_09_mapper_initial] I20260519 13:59:44.551839 16387 incremental_pipeline.cc:527] => Image sees 2109 / 7690 points
2026-05-19T13:59:46 COLMAP[chunk_09_mapper_initial] I20260519 13:59:45.291157 16387 incremental_pipeline.cc:78] Retriangulation and Global bundle adjustment
2026-05-19T13:59:46 COLMAP[chunk_09_mapper_initial] I20260519 13:59:45.714716 16387 incremental_pipeline.cc:524] Registering image #1175 (num_reg_frames=4)
2026-05-19T13:59:46 COLMAP[chunk_09_mapper_initial] I20260519 13:59:45.714771 16387 incremental_pipeline.cc:527] => Image sees 2688 / 7388 points
2026-05-19T13:59:47 COLMAP[chunk_09_mapper_initial] I20260519 13:59:46.813848 16387 incremental_pipeline.cc:78] Retriangulation and Global bundle adjustment
2026-05-19T13:59:48 COLMAP[chunk_09_mapper_initial] I20260519 13:59:47.209545 16387 incremental_pipeline.cc:524] Registering image #1169 (num_reg_frames=5)
2026-05-19T13:59:48 COLMAP[chunk_09_mapper_initial] I20260519 13:59:47.209604 16387 incremental_pipeline.cc:527] => Image sees 2929 / 8765 points
2026-05-19T13:59:49 COLMAP[chunk_09_mapper_initial] I20260519 13:59:48.561448 16387 incremental_pipeline.cc:78] Retriangulation and Global bundle adjustment
2026-05-19T13:59:49 COLMAP[chunk_09_mapper_initial] I20260519 13:59:49.042857 16387 incremental_pipeline.cc:524] Registering image #1170 (num_reg_frames=6)
2026-05-19T13:59:49 COLMAP[chunk_09_mapper_initial] I20260519 13:59:49.042915 16387 incremental_pipeline.cc:527] => Image sees 3835 / 8736 points
2026-05-19T13:59:51 COLMAP[chunk_09_mapper_initial] I20260519 13:59:50.222967 16387 incremental_pipeline.cc:78] Retriangulation and Global bundle adjustment
2026-05-19T13:59:52 COLMAP[chunk_09_mapper_initial] I20260519 13:59:51.405097 16387 incremental_pipeline.cc:524] Registering image #1174 (num_reg_frames=7)
2026-05-19T13:59:52 COLMAP[chunk_09_mapper_initial] I20260519 13:59:51.405155 16387 incremental_pipeline.cc:527] => Image sees 3160 / 6582 points
2026-05-19T13:59:53 COLMAP[chunk_09_mapper_initial] I20260519 13:59:52.510846 16387 incremental_pipeline.cc:78] Retriangulation and Global bundle adjustment
2026-05-19T13:59:54 COLMAP[chunk_09_mapper_initial] I20260519 13:59:53.283478 16387 incremental_pipeline.cc:524] Registering image #1176 (num_reg_frames=8)
2026-05-19T13:59:54 COLMAP[chunk_09_mapper_initial] I20260519 13:59:53.283535 16387 incremental_pipeline.cc:527] => Image sees 3015 / 6843 points
2026-05-19T13:59:55 COLMAP[chunk_09_mapper_initial] I20260519 13:59:54.285849 16387 incremental_pipeline.cc:78] Retriangulation and Global bundle adjustment
2026-05-19T13:59:56 COLMAP[chunk_09_mapper_initial] I20260519 13:59:55.836747 16387 incremental_pipeline.cc:524] Registering image #1108 (num_reg_frames=9)
2026-05-19T13:59:56 COLMAP[chunk_09_mapper_initial] I20260519 13:59:55.836802 16387 incremental_pipeline.cc:527] => Image sees 3215 / 5676 points
2026-05-19T13:59:57 COLMAP[chunk_09_mapper_initial] I20260519 13:59:56.821252 16387 incremental_pipeline.cc:78] Retriangulation and Global bundle adjustment
2026-05-19T13:59:59 COLMAP[chunk_09_mapper_initial] I20260519 13:59:58.356391 16387 incremental_pipeline.cc:524] Registering image #1165 (num_reg_frames=10)
2026-05-19T13:59:59 COLMAP[chunk_09_mapper_initial] I20260519 13:59:58.356453 16387 incremental_pipeline.cc:527] => Image sees 2664 / 4983 points
2026-05-19T14:00:00 COLMAP[chunk_09_mapper_initial] I20260519 13:59:59.297552 16387 incremental_pipeline.cc:78] Retriangulation and Global bundle adjustment
2026-05-19T14:00:01 COLMAP[chunk_09_mapper_initial] I20260519 14:00:00.232198 16387 incremental_pipeline.cc:524] Registering image #1107 (num_reg_frames=11)
2026-05-19T14:00:01 COLMAP[chunk_09_mapper_initial] I20260519 14:00:00.232260 16387 incremental_pipeline.cc:527] => Image sees 3066 / 6223 points
2026-05-19T14:00:02 COLMAP[chunk_09_mapper_initial] I20260519 14:00:01.354578 16387 incremental_pipeline.cc:524] Registering image #1106 (num_reg_frames=12)
2026-05-19T14:00:02 COLMAP[chunk_09_mapper_initial] I20260519 14:00:01.354638 16387 incremental_pipeline.cc:527] => Image sees 3524 / 6262 points
2026-05-19T14:00:03 COLMAP[chunk_09_mapper_initial] I20260519 14:00:02.972289 16387 incremental_pipeline.cc:78] Retriangulation and Global bundle adjustment
2026-05-19T14:00:05 COLMAP[chunk_09_mapper_initial] I20260519 14:00:04.729255 16387 incremental_pipeline.cc:524] Registering image #1105 (num_reg_frames=13)
2026-05-19T14:00:05 COLMAP[chunk_09_mapper_initial] I20260519 14:00:04.729317 16387 incremental_pipeline.cc:527] => Image sees 3427 / 5523 points
2026-05-19T14:00:06 COLMAP[chunk_09_mapper_initial] I20260519 14:00:05.884847 16387 incremental_pipeline.cc:524] Registering image #1171 (num_reg_frames=14)
2026-05-19T14:00:06 COLMAP[chunk_09_mapper_initial] I20260519 14:00:05.884903 16387 incremental_pipeline.cc:527] => Image sees 2777 / 5348 points
2026-05-19T14:00:07 COLMAP[chunk_09_mapper_initial] I20260519 14:00:06.957769 16387 incremental_pipeline.cc:78] Retriangulation and Global bundle adjustment
2026-05-19T14:00:09 COLMAP[chunk_09_mapper_initial] I20260519 14:00:08.162448 16387 incremental_pipeline.cc:524] Registering image #1173 (num_reg_frames=15)
2026-05-19T14:00:09 COLMAP[chunk_09_mapper_initial] I20260519 14:00:08.162511 16387 incremental_pipeline.cc:527] => Image sees 3234 / 6849 points
2026-05-19T14:00:10 COLMAP[chunk_09_mapper_initial] I20260519 14:00:09.345351 16387 incremental_pipeline.cc:524] Registering image #1172 (num_reg_frames=16)
2026-05-19T14:00:10 COLMAP[chunk_09_mapper_initial] I20260519 14:00:09.345409 16387 incremental_pipeline.cc:527] => Image sees 3263 / 5905 points
2026-05-19T14:00:11 COLMAP[chunk_09_mapper_initial] I20260519 14:00:10.406080 16387 incremental_pipeline.cc:78] Retriangulation and Global bundle adjustment
2026-05-19T14:00:12 COLMAP[chunk_09_mapper_initial] I20260519 14:00:11.751202 16387 incremental_pipeline.cc:524] Registering image #1109 (num_reg_frames=17)
2026-05-19T14:00:12 COLMAP[chunk_09_mapper_initial] I20260519 14:00:11.751277 16387 incremental_pipeline.cc:527] => Image sees 2992 / 6796 points
2026-05-19T14:00:13 COLMAP[chunk_09_mapper_initial] I20260519 14:00:12.861331 16387 incremental_pipeline.cc:524] Registering image #1110 (num_reg_frames=18)
2026-05-19T14:00:13 COLMAP[chunk_09_mapper_initial] I20260519 14:00:12.861389 16387 incremental_pipeline.cc:527] => Image sees 3227 / 6148 points
2026-05-19T14:00:14 COLMAP[chunk_09_mapper_initial] I20260519 14:00:13.842955 16387 incremental_pipeline.cc:78] Retriangulation and Global bundle adjustment
2026-05-19T14:00:17 COLMAP[chunk_09_mapper_initial] I20260519 14:00:16.743963 16387 incremental_pipeline.cc:524] Registering image #1111 (num_reg_frames=19)
2026-05-19T14:00:17 COLMAP[chunk_09_mapper_initial] I20260519 14:00:16.744024 16387 incremental_pipeline.cc:527] => Image sees 3100 / 5031 points
2026-05-19T14:00:18 COLMAP[chunk_09_mapper_initial] I20260519 14:00:17.873194 16387 incremental_pipeline.cc:524] Registering image #1104 (num_reg_frames=20)
2026-05-19T14:00:18 COLMAP[chunk_09_mapper_initial] I20260519 14:00:17.873253 16387 incremental_pipeline.cc:527] => Image sees 2253 / 4964 points
2026-05-19T14:00:19 COLMAP[chunk_09_mapper_initial] I20260519 14:00:18.712127 16387 incremental_pipeline.cc:78] Retriangulation and Global bundle adjustment
2026-05-19T14:00:22 COLMAP[chunk_09_mapper_initial] I20260519 14:00:21.365722 16387 incremental_pipeline.cc:524] Registering image #1103 (num_reg_frames=21)
2026-05-19T14:00:22 COLMAP[chunk_09_mapper_initial] I20260519 14:00:21.365777 16387 incremental_pipeline.cc:527] => Image sees 1449 / 6611 points
2026-05-19T14:00:23 COLMAP[chunk_09_mapper_initial] I20260519 14:00:22.220925 16387 incremental_pipeline.cc:524] Registering image #1102 (num_reg_frames=22)
2026-05-19T14:00:23 COLMAP[chunk_09_mapper_initial] I20260519 14:00:22.220985 16387 incremental_pipeline.cc:527] => Image sees 2282 / 6690 points
2026-05-19T14:00:23 COLMAP[chunk_09_mapper_initial] I20260519 14:00:23.008128 16387 incremental_pipeline.cc:78] Retriangulation and Global bundle adjustment
2026-05-19T14:00:25 COLMAP[chunk_09_mapper_initial] I20260519 14:00:24.860464 16387 incremental_pipeline.cc:524] Registering image #1306 (num_reg_frames=23)
2026-05-19T14:00:25 COLMAP[chunk_09_mapper_initial] I20260519 14:00:24.860528 16387 incremental_pipeline.cc:527] => Image sees 2006 / 6052 points
2026-05-19T14:00:26 COLMAP[chunk_09_mapper_initial] I20260519 14:00:25.750391 16387 incremental_pipeline.cc:524] Registering image #1101 (num_reg_frames=24)
2026-05-19T14:00:26 COLMAP[chunk_09_mapper_initial] I20260519 14:00:25.750448 16387 incremental_pipeline.cc:527] => Image sees 2498 / 6337 points
2026-05-19T14:00:27 COLMAP[chunk_09_mapper_initial] I20260519 14:00:26.646224 16387 incremental_pipeline.cc:78] Retriangulation and Global bundle adjustment
2026-05-19T14:00:30 COLMAP[chunk_09_mapper_initial] I20260519 14:00:29.807138 16387 incremental_pipeline.cc:524] Registering image #1100 (num_reg_frames=25)
2026-05-19T14:00:30 COLMAP[chunk_09_mapper_initial] I20260519 14:00:29.807202 16387 incremental_pipeline.cc:527] => Image sees 3079 / 6184 points
2026-05-19T14:00:31 COLMAP[chunk_09_mapper_initial] I20260519 14:00:30.901881 16387 incremental_pipeline.cc:524] Registering image #1305 (num_reg_frames=26)
2026-05-19T14:00:31 COLMAP[chunk_09_mapper_initial] I20260519 14:00:30.901937 16387 incremental_pipeline.cc:527] => Image sees 3055 / 6017 points
2026-05-19T14:00:32 COLMAP[chunk_09_mapper_initial] I20260519 14:00:31.999675 16387 incremental_pipeline.cc:524] Registering image #1304 (num_reg_frames=27)
2026-05-19T14:00:32 COLMAP[chunk_09_mapper_initial] I20260519 14:00:31.999737 16387 incremental_pipeline.cc:527] => Image sees 2691 / 5364 points
2026-05-19T14:00:33 COLMAP[chunk_09_mapper_initial] I20260519 14:00:32.900213 16387 incremental_pipeline.cc:78] Retriangulation and Global bundle adjustment
2026-05-19T14:00:36 COLMAP[chunk_09_mapper_initial] I20260519 14:00:35.468262 16387 incremental_pipeline.cc:524] Registering image #1307 (num_reg_frames=28)
2026-05-19T14:00:36 COLMAP[chunk_09_mapper_initial] I20260519 14:00:35.468320 16387 incremental_pipeline.cc:527] => Image sees 2066 / 4283 points
2026-05-19T14:00:37 COLMAP[chunk_09_mapper_initial] I20260519 14:00:36.331163 16387 incremental_pipeline.cc:524] Registering image #1303 (num_reg_frames=29)
2026-05-19T14:00:37 COLMAP[chunk_09_mapper_initial] I20260519 14:00:36.331225 16387 incremental_pipeline.cc:527] => Image sees 2311 / 4948 points
2026-05-19T14:00:38 COLMAP[chunk_09_mapper_initial] I20260519 14:00:37.207723 16387 incremental_pipeline.cc:524] Registering image #1262 (num_reg_frames=30)
2026-05-19T14:00:38 COLMAP[chunk_09_mapper_initial] I20260519 14:00:37.207775 16387 incremental_pipeline.cc:527] => Image sees 1769 / 6311 points
2026-05-19T14:00:38 COLMAP[chunk_09_mapper_initial] I20260519 14:00:38.015388 16387 incremental_pipeline.cc:78] Retriangulation and Global bundle adjustment
2026-05-19T14:00:41 COLMAP[chunk_09_mapper_initial] I20260519 14:00:40.786233 16387 incremental_pipeline.cc:524] Registering image #1308 (num_reg_frames=31)
2026-05-19T14:00:41 COLMAP[chunk_09_mapper_initial] I20260519 14:00:40.786295 16387 incremental_pipeline.cc:527] => Image sees 1814 / 4472 points
2026-05-19T14:00:42 COLMAP[chunk_09_mapper_initial] I20260519 14:00:41.837488 16387 incremental_pipeline.cc:524] Registering image #1302 (num_reg_frames=32)
2026-05-19T14:00:42 COLMAP[chunk_09_mapper_initial] I20260519 14:00:41.837571 16387 incremental_pipeline.cc:527] => Image sees 1844 / 5108 points
2026-05-19T14:00:43 COLMAP[chunk_09_mapper_initial] I20260519 14:00:42.853992 16387 incremental_pipeline.cc:524] Registering image #1260 (num_reg_frames=33)
2026-05-19T14:00:43 COLMAP[chunk_09_mapper_initial] I20260519 14:00:42.854045 16387 incremental_pipeline.cc:527] => Image sees 1442 / 7002 points
2026-05-19T14:00:44 COLMAP[chunk_09_mapper_initial] I20260519 14:00:43.690160 16387 incremental_pipeline.cc:78] Retriangulation and Global bundle adjustment
2026-05-19T14:00:47 COLMAP[chunk_09_mapper_initial] I20260519 14:00:46.684247 16387 incremental_pipeline.cc:524] Registering image #1261 (num_reg_frames=34)
2026-05-19T14:00:47 COLMAP[chunk_09_mapper_initial] I20260519 14:00:46.684307 16387 incremental_pipeline.cc:527] => Image sees 2767 / 7127 points
2026-05-19T14:00:48 COLMAP[chunk_09_mapper_initial] I20260519 14:00:47.801507 16387 incremental_pipeline.cc:524] Registering image #1259 (num_reg_frames=35)
2026-05-19T14:00:48 COLMAP[chunk_09_mapper_initial] I20260519 14:00:47.801563 16387 incremental_pipeline.cc:527] => Image sees 2882 / 5439 points
2026-05-19T14:00:49 COLMAP[chunk_09_mapper_initial] I20260519 14:00:48.775506 16387 incremental_pipeline.cc:78] Retriangulation and Global bundle adjustment
2026-05-19T14:00:53 COLMAP[chunk_09_mapper_initial] I20260519 14:00:52.106635 16387 incremental_pipeline.cc:524] Registering image #1263 (num_reg_frames=36)
2026-05-19T14:00:53 COLMAP[chunk_09_mapper_initial] I20260519 14:00:52.106693 16387 incremental_pipeline.cc:527] => Image sees 3431 / 7234 points
2026-05-19T14:00:54 COLMAP[chunk_09_mapper_initial] I20260519 14:00:53.316181 16387 incremental_pipeline.cc:524] Registering image #1264 (num_reg_frames=37)
2026-05-19T14:00:54 COLMAP[chunk_09_mapper_initial] I20260519 14:00:53.316238 16387 incremental_pipeline.cc:527] => Image sees 3840 / 6645 points
2026-05-19T14:00:55 COLMAP[chunk_09_mapper_initial] I20260519 14:00:54.555088 16387 incremental_pipeline.cc:524] Registering image #1266 (num_reg_frames=38)
2026-05-19T14:00:55 COLMAP[chunk_09_mapper_initial] I20260519 14:00:54.555143 16387 incremental_pipeline.cc:527] => Image sees 3179 / 6806 points
2026-05-19T14:00:56 COLMAP[chunk_09_mapper_initial] I20260519 14:00:55.793335 16387 incremental_pipeline.cc:524] Registering image #1265 (num_reg_frames=39)
2026-05-19T14:00:56 COLMAP[chunk_09_mapper_initial] I20260519 14:00:55.793395 16387 incremental_pipeline.cc:527] => Image sees 3970 / 6859 points
2026-05-19T14:00:57 COLMAP[chunk_09_mapper_initial] I20260519 14:00:57.045645 16387 incremental_pipeline.cc:78] Retriangulation and Global bundle adjustment
2026-05-19T14:01:05 COLMAP[chunk_09_mapper_initial] I20260519 14:01:04.623637 16387 incremental_pipeline.cc:524] Registering image #1267 (num_reg_frames=40)
2026-05-19T14:01:05 COLMAP[chunk_09_mapper_initial] I20260519 14:01:04.623695 16387 incremental_pipeline.cc:527] => Image sees 4449 / 7731 points
2026-05-19T14:01:07 COLMAP[chunk_09_mapper_initial] I20260519 14:01:06.081420 16387 incremental_pipeline.cc:524] Registering image #1268 (num_reg_frames=41)
2026-05-19T14:01:07 COLMAP[chunk_09_mapper_initial] I20260519 14:01:06.081481 16387 incremental_pipeline.cc:527] => Image sees 4684 / 8985 points
2026-05-19T14:01:08 COLMAP[chunk_09_mapper_initial] I20260519 14:01:07.692250 16387 incremental_pipeline.cc:524] Registering image #1269 (num_reg_frames=42)
2026-05-19T14:01:08 COLMAP[chunk_09_mapper_initial] I20260519 14:01:07.692308 16387 incremental_pipeline.cc:527] => Image sees 5417 / 8953 points
2026-05-19T14:01:10 COLMAP[chunk_09_mapper_initial] I20260519 14:01:09.347122 16387 incremental_pipeline.cc:524] Registering image #1258 (num_reg_frames=43)
2026-05-19T14:01:10 COLMAP[chunk_09_mapper_initial] I20260519 14:01:09.347180 16387 incremental_pipeline.cc:527] => Image sees 2300 / 3513 points
2026-05-19T14:01:11 COLMAP[chunk_09_mapper_initial] I20260519 14:01:10.206449 16387 incremental_pipeline.cc:78] Retriangulation and Global bundle adjustment
2026-05-19T14:01:15 COLMAP[chunk_09_mapper_initial] I20260519 14:01:14.926815 16387 incremental_pipeline.cc:524] Registering image #1301 (num_reg_frames=44)
2026-05-19T14:01:15 COLMAP[chunk_09_mapper_initial] I20260519 14:01:14.926904 16387 incremental_pipeline.cc:527] => Image sees 2652 / 5707 points
2026-05-19T14:01:17 COLMAP[chunk_09_mapper_initial] I20260519 14:01:16.142637 16387 incremental_pipeline.cc:524] Registering image #1300 (num_reg_frames=45)
2026-05-19T14:01:17 COLMAP[chunk_09_mapper_initial] I20260519 14:01:16.142699 16387 incremental_pipeline.cc:527] => Image sees 3062 / 6077 points
2026-05-19T14:01:18 COLMAP[chunk_09_mapper_initial] I20260519 14:01:17.342191 16387 incremental_pipeline.cc:524] Registering image #1299 (num_reg_frames=46)
2026-05-19T14:01:18 COLMAP[chunk_09_mapper_initial] I20260519 14:01:17.342250 16387 incremental_pipeline.cc:527] => Image sees 3057 / 5853 points
2026-05-19T14:01:19 COLMAP[chunk_09_mapper_initial] I20260519 14:01:18.584131 16387 incremental_pipeline.cc:524] Registering image #1298 (num_reg_frames=47)
2026-05-19T14:01:19 COLMAP[chunk_09_mapper_initial] I20260519 14:01:18.584188 16387 incremental_pipeline.cc:527] => Image sees 3241 / 6366 points
2026-05-19T14:01:20 COLMAP[chunk_09_mapper_initial] I20260519 14:01:19.862268 16387 incremental_pipeline.cc:524] Registering image #1297 (num_reg_frames=48)
2026-05-19T14:01:20 COLMAP[chunk_09_mapper_initial] I20260519 14:01:19.862325 16387 incremental_pipeline.cc:527] => Image sees 3109 / 6285 points
2026-05-19T14:01:21 COLMAP[chunk_09_mapper_initial] I20260519 14:01:21.043185 16387 incremental_pipeline.cc:78] Retriangulation and Global bundle adjustment
2026-05-19T14:01:27 COLMAP[chunk_09_mapper_initial] I20260519 14:01:26.375001 16387 incremental_pipeline.cc:524] Registering image #1321 (num_reg_frames=49)
2026-05-19T14:01:27 COLMAP[chunk_09_mapper_initial] I20260519 14:01:26.375064 16387 incremental_pipeline.cc:527] => Image sees 1905 / 4756 points
2026-05-19T14:01:28 COLMAP[chunk_09_mapper_initial] I20260519 14:01:27.438937 16387 incremental_pipeline.cc:524] Registering image #1296 (num_reg_frames=50)
2026-05-19T14:01:28 COLMAP[chunk_09_mapper_initial] I20260519 14:01:27.438997 16387 incremental_pipeline.cc:527] => Image sees 2810 / 6690 points
2026-05-19T14:01:29 COLMAP[chunk_09_mapper_initial] I20260519 14:01:28.765123 16387 incremental_pipeline.cc:524] Registering image #1270 (num_reg_frames=51)
2026-05-19T14:01:29 COLMAP[chunk_09_mapper_initial] I20260519 14:01:28.765190 16387 incremental_pipeline.cc:527] => Image sees 3166 / 6696 points
2026-05-19T14:01:31 COLMAP[chunk_09_mapper_initial] I20260519 14:01:30.214233 16387 incremental_pipeline.cc:524] Registering image #1295 (num_reg_frames=52)
2026-05-19T14:01:31 COLMAP[chunk_09_mapper_initial] I20260519 14:01:30.214293 16387 incremental_pipeline.cc:527] => Image sees 3192 / 6423 points
2026-05-19T14:01:32 COLMAP[chunk_09_mapper_initial] I20260519 14:01:31.563660 16387 incremental_pipeline.cc:524] Registering image #1294 (num_reg_frames=53)
2026-05-19T14:01:32 COLMAP[chunk_09_mapper_initial] I20260519 14:01:31.563724 16387 incremental_pipeline.cc:527] => Image sees 2998 / 5985 points
2026-05-19T14:01:33 COLMAP[chunk_09_mapper_initial] I20260519 14:01:32.708532 16387 incremental_pipeline.cc:78] Retriangulation and Global bundle adjustment
2026-05-19T14:01:47 COLMAP[chunk_09_mapper_initial] I20260519 14:01:46.394300 16387 incremental_pipeline.cc:524] Registering image #1293 (num_reg_frames=54)
2026-05-19T14:01:47 COLMAP[chunk_09_mapper_initial] I20260519 14:01:46.394380 16387 incremental_pipeline.cc:527] => Image sees 2757 / 6086 points
2026-05-19T14:01:48 COLMAP[chunk_09_mapper_initial] I20260519 14:01:47.493892 16387 incremental_pipeline.cc:524] Registering image #1271 (num_reg_frames=55)
2026-05-19T14:01:48 COLMAP[chunk_09_mapper_initial] I20260519 14:01:47.493943 16387 incremental_pipeline.cc:527] => Image sees 3663 / 5598 points
2026-05-19T14:01:49 COLMAP[chunk_09_mapper_initial] I20260519 14:01:48.901428 16387 incremental_pipeline.cc:524] Registering image #1309 (num_reg_frames=56)
2026-05-19T14:01:49 COLMAP[chunk_09_mapper_initial] I20260519 14:01:48.901486 16387 incremental_pipeline.cc:527] => Image sees 1737 / 3737 points
2026-05-19T14:01:50 COLMAP[chunk_09_mapper_initial] I20260519 14:01:49.863427 16387 incremental_pipeline.cc:524] Registering image #1292 (num_reg_frames=57)
2026-05-19T14:01:50 COLMAP[chunk_09_mapper_initial] I20260519 14:01:49.863487 16387 incremental_pipeline.cc:527] => Image sees 2278 / 5412 points
2026-05-19T14:01:51 COLMAP[chunk_09_mapper_initial] I20260519 14:01:50.883131 16387 incremental_pipeline.cc:524] Registering image #1272 (num_reg_frames=58)
2026-05-19T14:01:51 COLMAP[chunk_09_mapper_initial] I20260519 14:01:50.883188 16387 incremental_pipeline.cc:527] => Image sees 2853 / 4789 points
2026-05-19T14:01:52 COLMAP[chunk_09_mapper_initial] I20260519 14:01:51.942997 16387 incremental_pipeline.cc:524] Registering image #1273 (num_reg_frames=59)
2026-05-19T14:01:52 COLMAP[chunk_09_mapper_initial] I20260519 14:01:51.943053 16387 incremental_pipeline.cc:527] => Image sees 2943 / 4647 points
2026-05-19T14:01:53 COLMAP[chunk_09_mapper_initial] I20260519 14:01:52.871572 16387 incremental_pipeline.cc:78] Retriangulation and Global bundle adjustment
2026-05-19T14:02:06 COLMAP[chunk_09_mapper_initial] I20260519 14:02:05.724217 16387 incremental_pipeline.cc:524] Registering image #1310 (num_reg_frames=60)
2026-05-19T14:02:06 COLMAP[chunk_09_mapper_initial] I20260519 14:02:05.724275 16387 incremental_pipeline.cc:527] => Image sees 2133 / 4918 points
2026-05-19T14:02:07 COLMAP[chunk_09_mapper_initial] I20260519 14:02:06.623306 16387 incremental_pipeline.cc:524] Registering image #1320 (num_reg_frames=61)
2026-05-19T14:02:07 COLMAP[chunk_09_mapper_initial] I20260519 14:02:06.623361 16387 incremental_pipeline.cc:527] => Image sees 1875 / 4855 points
2026-05-19T14:02:08 COLMAP[chunk_09_mapper_initial] I20260519 14:02:07.514168 16387 incremental_pipeline.cc:524] Registering image #1319 (num_reg_frames=62)
2026-05-19T14:02:08 COLMAP[chunk_09_mapper_initial] I20260519 14:02:07.514222 16387 incremental_pipeline.cc:527] => Image sees 1900 / 5694 points
2026-05-19T14:02:09 COLMAP[chunk_09_mapper_initial] I20260519 14:02:08.410892 16387 incremental_pipeline.cc:524] Registering image #1318 (num_reg_frames=63)
2026-05-19T14:02:09 COLMAP[chunk_09_mapper_initial] I20260519 14:02:08.410948 16387 incremental_pipeline.cc:527] => Image sees 2324 / 5927 points
2026-05-19T14:02:10 COLMAP[chunk_09_mapper_initial] I20260519 14:02:09.328315 16387 incremental_pipeline.cc:524] Registering image #1317 (num_reg_frames=64)
2026-05-19T14:02:10 COLMAP[chunk_09_mapper_initial] I20260519 14:02:09.328374 16387 incremental_pipeline.cc:527] => Image sees 2255 / 5943 points
2026-05-19T14:02:11 COLMAP[chunk_09_mapper_initial] I20260519 14:02:10.436475 16387 incremental_pipeline.cc:524] Registering image #1316 (num_reg_frames=65)
2026-05-19T14:02:11 COLMAP[chunk_09_mapper_initial] I20260519 14:02:10.436530 16387 incremental_pipeline.cc:527] => Image sees 2302 / 4810 points
2026-05-19T14:02:12 COLMAP[chunk_09_mapper_initial] I20260519 14:02:11.358832 16387 incremental_pipeline.cc:78] Retriangulation and Global bundle adjustment
2026-05-19T14:02:24 COLMAP[chunk_09_mapper_initial] I20260519 14:02:23.112344 16387 incremental_pipeline.cc:524] Registering image #1311 (num_reg_frames=66)
2026-05-19T14:02:24 COLMAP[chunk_09_mapper_initial] I20260519 14:02:23.112429 16387 incremental_pipeline.cc:527] => Image sees 2992 / 5244 points
2026-05-19T14:02:25 COLMAP[chunk_09_mapper_initial] I20260519 14:02:24.206077 16387 incremental_pipeline.cc:524] Registering image #1312 (num_reg_frames=67)
2026-05-19T14:02:25 COLMAP[chunk_09_mapper_initial] I20260519 14:02:24.206135 16387 incremental_pipeline.cc:527] => Image sees 2030 / 3602 points
2026-05-19T14:02:26 COLMAP[chunk_09_mapper_initial] I20260519 14:02:25.208835 16387 incremental_pipeline.cc:524] Registering image #1219 (num_reg_frames=68)
2026-05-19T14:02:26 COLMAP[chunk_09_mapper_initial] I20260519 14:02:25.208899 16387 incremental_pipeline.cc:527] => Image sees 1068 / 3132 points
2026-05-19T14:02:26 COLMAP[chunk_09_mapper_initial] I20260519 14:02:26.015836 16387 incremental_pipeline.cc:524] Registering image #1083 (num_reg_frames=69)
2026-05-19T14:02:26 COLMAP[chunk_09_mapper_initial] I20260519 14:02:26.015893 16387 incremental_pipeline.cc:527] => Image sees 1049 / 6424 points
2026-05-19T14:02:27 COLMAP[chunk_09_mapper_initial] I20260519 14:02:26.807927 16387 incremental_pipeline.cc:524] Registering image #1218 (num_reg_frames=70)
2026-05-19T14:02:27 COLMAP[chunk_09_mapper_initial] I20260519 14:02:26.807986 16387 incremental_pipeline.cc:527] => Image sees 983 / 3905 points
2026-05-19T14:02:28 COLMAP[chunk_09_mapper_initial] I20260519 14:02:27.841461 16387 incremental_pipeline.cc:524] Registering image #1257 (num_reg_frames=71)
2026-05-19T14:02:28 COLMAP[chunk_09_mapper_initial] I20260519 14:02:27.841516 16387 incremental_pipeline.cc:527] => Image sees 961 / 1890 points
2026-05-19T14:02:29 COLMAP[chunk_09_mapper_initial] I20260519 14:02:28.632773 16387 incremental_pipeline.cc:524] Registering image #1217 (num_reg_frames=72)
2026-05-19T14:02:29 COLMAP[chunk_09_mapper_initial] I20260519 14:02:28.632831 16387 incremental_pipeline.cc:527] => Image sees 884 / 3681 points
2026-05-19T14:02:30 COLMAP[chunk_09_mapper_initial] I20260519 14:02:29.377748 16387 incremental_pipeline.cc:78] Retriangulation and Global bundle adjustment
2026-05-19T14:02:51 COLMAP[chunk_09_mapper_initial] I20260519 14:02:50.536783 16387 incremental_pipeline.cc:524] Registering image #1082 (num_reg_frames=73)
2026-05-19T14:02:51 COLMAP[chunk_09_mapper_initial] I20260519 14:02:50.536844 16387 incremental_pipeline.cc:527] => Image sees 800 / 6831 points
2026-05-19T14:02:52 COLMAP[chunk_09_mapper_initial] I20260519 14:02:51.542964 16387 incremental_pipeline.cc:524] Registering image #1081 (num_reg_frames=74)
2026-05-19T14:02:52 COLMAP[chunk_09_mapper_initial] I20260519 14:02:51.543023 16387 incremental_pipeline.cc:527] => Image sees 2545 / 6521 points
2026-05-19T14:02:53 COLMAP[chunk_09_mapper_initial] I20260519 14:02:52.588404 16387 incremental_pipeline.cc:524] Registering image #831 (num_reg_frames=75)
2026-05-19T14:02:53 COLMAP[chunk_09_mapper_initial] I20260519 14:02:52.588462 16387 incremental_pipeline.cc:527] => Image sees 2011 / 6641 points
2026-05-19T14:02:54 COLMAP[chunk_09_mapper_initial] I20260519 14:02:53.676662 16387 incremental_pipeline.cc:524] Registering image #832 (num_reg_frames=76)
2026-05-19T14:02:54 COLMAP[chunk_09_mapper_initial] I20260519 14:02:53.676738 16387 incremental_pipeline.cc:527] => Image sees 2125 / 6799 points
2026-05-19T14:02:55 COLMAP[chunk_09_mapper_initial] I20260519 14:02:54.705936 16387 incremental_pipeline.cc:78] Retriangulation and Global bundle adjustment
2026-05-19T14:03:02 COLMAP[chunk_09_mapper_initial] I20260519 14:03:01.976807 16387 incremental_pipeline.cc:524] Registering image #830 (num_reg_frames=77)
2026-05-19T14:03:02 COLMAP[chunk_09_mapper_initial] I20260519 14:03:01.976867 16387 incremental_pipeline.cc:527] => Image sees 2771 / 8383 points
2026-05-19T14:03:04 COLMAP[chunk_09_mapper_initial] I20260519 14:03:03.205140 16387 incremental_pipeline.cc:524] Registering image #1037 (num_reg_frames=78)
2026-05-19T14:03:04 COLMAP[chunk_09_mapper_initial] I20260519 14:03:03.205199 16387 incremental_pipeline.cc:527] => Image sees 2441 / 7709 points
2026-05-19T14:03:05 COLMAP[chunk_09_mapper_initial] I20260519 14:03:04.268409 16387 incremental_pipeline.cc:524] Registering image #1038 (num_reg_frames=79)
2026-05-19T14:03:05 COLMAP[chunk_09_mapper_initial] I20260519 14:03:04.268468 16387 incremental_pipeline.cc:527] => Image sees 3099 / 7655 points
2026-05-19T14:03:06 COLMAP[chunk_09_mapper_initial] I20260519 14:03:05.409085 16387 incremental_pipeline.cc:524] Registering image #1036 (num_reg_frames=80)
2026-05-19T14:03:06 COLMAP[chunk_09_mapper_initial] I20260519 14:03:05.409144 16387 incremental_pipeline.cc:527] => Image sees 3150 / 7420 points
2026-05-19T14:03:07 COLMAP[chunk_09_mapper_initial] I20260519 14:03:06.696123 16387 incremental_pipeline.cc:524] Registering image #1051 (num_reg_frames=81)
2026-05-19T14:03:07 COLMAP[chunk_09_mapper_initial] I20260519 14:03:06.696177 16387 incremental_pipeline.cc:527] => Image sees 3295 / 6080 points
2026-05-19T14:03:08 COLMAP[chunk_09_mapper_initial] I20260519 14:03:08.029893 16387 incremental_pipeline.cc:524] Registering image #1052 (num_reg_frames=82)
2026-05-19T14:03:08 COLMAP[chunk_09_mapper_initial] I20260519 14:03:08.029950 16387 incremental_pipeline.cc:527] => Image sees 3550 / 6753 points
2026-05-19T14:03:10 COLMAP[chunk_09_mapper_initial] I20260519 14:03:09.272074 16387 incremental_pipeline.cc:78] Retriangulation and Global bundle adjustment
2026-05-19T14:03:17 COLMAP[chunk_09_mapper_initial] I20260519 14:03:16.851868 16387 incremental_pipeline.cc:524] Registering image #1039 (num_reg_frames=83)
2026-05-19T14:03:17 COLMAP[chunk_09_mapper_initial] I20260519 14:03:16.851924 16387 incremental_pipeline.cc:527] => Image sees 3659 / 6773 points
2026-05-19T14:03:19 COLMAP[chunk_09_mapper_initial] I20260519 14:03:18.174242 16387 incremental_pipeline.cc:524] Registering image #1024 (num_reg_frames=84)
2026-05-19T14:03:19 COLMAP[chunk_09_mapper_initial] I20260519 14:03:18.174297 16387 incremental_pipeline.cc:527] => Image sees 4140 / 7363 points
2026-05-19T14:03:20 COLMAP[chunk_09_mapper_initial] I20260519 14:03:19.638026 16387 incremental_pipeline.cc:524] Registering image #1025 (num_reg_frames=85)
2026-05-19T14:03:20 COLMAP[chunk_09_mapper_initial] I20260519 14:03:19.638082 16387 incremental_pipeline.cc:527] => Image sees 4402 / 7879 points
2026-05-19T14:03:21 COLMAP[chunk_09_mapper_initial] I20260519 14:03:21.086531 16387 incremental_pipeline.cc:524] Registering image #1023 (num_reg_frames=86)
2026-05-19T14:03:21 COLMAP[chunk_09_mapper_initial] I20260519 14:03:21.086581 16387 incremental_pipeline.cc:527] => Image sees 4441 / 7658 points
2026-05-19T14:03:23 COLMAP[chunk_09_mapper_initial] I20260519 14:03:22.669445 16387 incremental_pipeline.cc:524] Registering image #846 (num_reg_frames=87)
2026-05-19T14:03:23 COLMAP[chunk_09_mapper_initial] I20260519 14:03:22.669497 16387 incremental_pipeline.cc:527] => Image sees 4317 / 7063 points
2026-05-19T14:03:25 COLMAP[chunk_09_mapper_initial] I20260519 14:03:24.209969 16387 incremental_pipeline.cc:524] Registering image #1022 (num_reg_frames=88)
2026-05-19T14:03:25 COLMAP[chunk_09_mapper_initial] I20260519 14:03:24.210047 16387 incremental_pipeline.cc:527] => Image sees 4775 / 7666 points
2026-05-19T14:03:26 COLMAP[chunk_09_mapper_initial] I20260519 14:03:25.849036 16387 incremental_pipeline.cc:524] Registering image #833 (num_reg_frames=89)
2026-05-19T14:03:26 COLMAP[chunk_09_mapper_initial] I20260519 14:03:25.849095 16387 incremental_pipeline.cc:527] => Image sees 3951 / 6586 points
2026-05-19T14:03:28 COLMAP[chunk_09_mapper_initial] I20260519 14:03:27.358769 16387 incremental_pipeline.cc:524] Registering image #845 (num_reg_frames=90)
2026-05-19T14:03:28 COLMAP[chunk_09_mapper_initial] I20260519 14:03:27.358825 16387 incremental_pipeline.cc:527] => Image sees 4431 / 7378 points
2026-05-19T14:03:29 COLMAP[chunk_09_mapper_initial] I20260519 14:03:28.945461 16387 incremental_pipeline.cc:524] Registering image #1021 (num_reg_frames=91)
2026-05-19T14:03:29 COLMAP[chunk_09_mapper_initial] I20260519 14:03:28.945516 16387 incremental_pipeline.cc:527] => Image sees 4498 / 7705 points
2026-05-19T14:03:31 COLMAP[chunk_09_mapper_initial] I20260519 14:03:30.610298 16387 incremental_pipeline.cc:78] Retriangulation and Global bundle adjustment
2026-05-19T14:03:47 COLMAP[chunk_09_mapper_initial] I20260519 14:03:46.589475 16387 incremental_pipeline.cc:524] Registering image #844 (num_reg_frames=92)
2026-05-19T14:03:47 COLMAP[chunk_09_mapper_initial] I20260519 14:03:46.589533 16387 incremental_pipeline.cc:527] => Image sees 4305 / 7411 points
2026-05-19T14:03:48 COLMAP[chunk_09_mapper_initial] I20260519 14:03:48.126113 16387 incremental_pipeline.cc:524] Registering image #1008 (num_reg_frames=93)
2026-05-19T14:03:48 COLMAP[chunk_09_mapper_initial] I20260519 14:03:48.126170 16387 incremental_pipeline.cc:527] => Image sees 4453 / 7626 points
2026-05-19T14:03:50 COLMAP[chunk_09_mapper_initial] I20260519 14:03:49.801313 16387 incremental_pipeline.cc:524] Registering image #1009 (num_reg_frames=94)
2026-05-19T14:03:50 COLMAP[chunk_09_mapper_initial] I20260519 14:03:49.801368 16387 incremental_pipeline.cc:527] => Image sees 4233 / 7737 points
2026-05-19T14:03:52 COLMAP[chunk_09_mapper_initial] I20260519 14:03:51.378224 16387 incremental_pipeline.cc:524] Registering image #866 (num_reg_frames=95)
2026-05-19T14:03:52 COLMAP[chunk_09_mapper_initial] I20260519 14:03:51.378283 16387 incremental_pipeline.cc:527] => Image sees 4580 / 8063 points
2026-05-19T14:03:53 COLMAP[chunk_09_mapper_initial] I20260519 14:03:53.026225 16387 incremental_pipeline.cc:524] Registering image #865 (num_reg_frames=96)
2026-05-19T14:03:53 COLMAP[chunk_09_mapper_initial] I20260519 14:03:53.026279 16387 incremental_pipeline.cc:527] => Image sees 5357 / 7426 points
2026-05-19T14:03:55 COLMAP[chunk_09_mapper_initial] I20260519 14:03:54.792395 16387 incremental_pipeline.cc:524] Registering image #867 (num_reg_frames=97)
2026-05-19T14:03:55 COLMAP[chunk_09_mapper_initial] I20260519 14:03:54.792472 16387 incremental_pipeline.cc:527] => Image sees 4334 / 8053 points
2026-05-19T14:03:57 COLMAP[chunk_09_mapper_initial] I20260519 14:03:56.352500 16387 incremental_pipeline.cc:524] Registering image #1020 (num_reg_frames=98)
2026-05-19T14:03:57 COLMAP[chunk_09_mapper_initial] I20260519 14:03:56.352551 16387 incremental_pipeline.cc:527] => Image sees 5020 / 7356 points
2026-05-19T14:03:59 COLMAP[chunk_09_mapper_initial] I20260519 14:03:58.157811 16387 incremental_pipeline.cc:524] Registering image #878 (num_reg_frames=99)
2026-05-19T14:03:59 COLMAP[chunk_09_mapper_initial] I20260519 14:03:58.157864 16387 incremental_pipeline.cc:527] => Image sees 4761 / 8352 points
2026-05-19T14:04:00 COLMAP[chunk_09_mapper_initial] I20260519 14:03:59.807125 16387 incremental_pipeline.cc:524] Registering image #982 (num_reg_frames=100)
2026-05-19T14:04:00 COLMAP[chunk_09_mapper_initial] I20260519 14:03:59.807183 16387 incremental_pipeline.cc:527] => Image sees 5016 / 7711 points
2026-05-19T14:04:02 COLMAP[chunk_09_mapper_initial] I20260519 14:04:01.622773 16387 incremental_pipeline.cc:524] Registering image #848 (num_reg_frames=101)
2026-05-19T14:04:02 COLMAP[chunk_09_mapper_initial] I20260519 14:04:01.622830 16387 incremental_pipeline.cc:527] => Image sees 4005 / 7284 points
2026-05-19T14:04:03 COLMAP[chunk_09_mapper_initial] I20260519 14:04:03.041358 16387 incremental_pipeline.cc:78] Retriangulation and Global bundle adjustment
2026-05-19T14:04:21 COLMAP[chunk_09_mapper_initial] I20260519 14:04:21.062965 16387 incremental_pipeline.cc:524] Registering image #1035 (num_reg_frames=102)
2026-05-19T14:04:21 COLMAP[chunk_09_mapper_initial] I20260519 14:04:21.063022 16387 incremental_pipeline.cc:527] => Image sees 4068 / 7300 points
2026-05-19T14:04:23 COLMAP[chunk_09_mapper_initial] I20260519 14:04:22.576107 16387 incremental_pipeline.cc:524] Registering image #1026 (num_reg_frames=103)
2026-05-19T14:04:23 COLMAP[chunk_09_mapper_initial] I20260519 14:04:22.576164 16387 incremental_pipeline.cc:527] => Image sees 4359 / 7879 points
2026-05-19T14:04:24 COLMAP[chunk_09_mapper_initial] I20260519 14:04:24.100936 16387 incremental_pipeline.cc:524] Registering image #981 (num_reg_frames=104)
2026-05-19T14:04:24 COLMAP[chunk_09_mapper_initial] I20260519 14:04:24.100991 16387 incremental_pipeline.cc:527] => Image sees 4659 / 7747 points
2026-05-19T14:04:26 COLMAP[chunk_09_mapper_initial] I20260519 14:04:25.757972 16387 incremental_pipeline.cc:524] Registering image #1053 (num_reg_frames=105)
2026-05-19T14:04:26 COLMAP[chunk_09_mapper_initial] I20260519 14:04:25.758049 16387 incremental_pipeline.cc:527] => Image sees 3360 / 6901 points
2026-05-19T14:04:27 COLMAP[chunk_09_mapper_initial] I20260519 14:04:27.093196 16387 incremental_pipeline.cc:524] Registering image #969 (num_reg_frames=106)
2026-05-19T14:04:27 COLMAP[chunk_09_mapper_initial] I20260519 14:04:27.093251 16387 incremental_pipeline.cc:527] => Image sees 5413 / 9327 points
2026-05-19T14:04:29 COLMAP[chunk_09_mapper_initial] I20260519 14:04:28.876757 16387 incremental_pipeline.cc:524] Registering image #849 (num_reg_frames=107)
2026-05-19T14:04:29 COLMAP[chunk_09_mapper_initial] I20260519 14:04:28.876811 16387 incremental_pipeline.cc:527] => Image sees 3666 / 7580 points
2026-05-19T14:04:31 COLMAP[chunk_09_mapper_initial] I20260519 14:04:30.287562 16387 incremental_pipeline.cc:524] Registering image #860 (num_reg_frames=108)
2026-05-19T14:04:31 COLMAP[chunk_09_mapper_initial] I20260519 14:04:30.287618 16387 incremental_pipeline.cc:527] => Image sees 4981 / 8481 points
2026-05-19T14:04:32 COLMAP[chunk_09_mapper_initial] I20260519 14:04:31.977104 16387 incremental_pipeline.cc:524] Registering image #859 (num_reg_frames=109)
2026-05-19T14:04:32 COLMAP[chunk_09_mapper_initial] I20260519 14:04:31.977162 16387 incremental_pipeline.cc:527] => Image sees 5184 / 9166 points
2026-05-19T14:04:34 COLMAP[chunk_09_mapper_initial] I20260519 14:04:33.733767 16387 incremental_pipeline.cc:524] Registering image #1002 (num_reg_frames=110)
2026-05-19T14:04:34 COLMAP[chunk_09_mapper_initial] I20260519 14:04:33.733821 16387 incremental_pipeline.cc:527] => Image sees 6108 / 9324 points
2026-05-19T14:04:36 COLMAP[chunk_09_mapper_initial] I20260519 14:04:35.648965 16387 incremental_pipeline.cc:524] Registering image #829 (num_reg_frames=111)
2026-05-19T14:04:36 COLMAP[chunk_09_mapper_initial] I20260519 14:04:35.649021 16387 incremental_pipeline.cc:527] => Image sees 4069 / 8029 points
2026-05-19T14:04:38 COLMAP[chunk_09_mapper_initial] I20260519 14:04:37.224030 16387 incremental_pipeline.cc:524] Registering image #1034 (num_reg_frames=112)
2026-05-19T14:04:38 COLMAP[chunk_09_mapper_initial] I20260519 14:04:37.224089 16387 incremental_pipeline.cc:527] => Image sees 4140 / 7411 points
2026-05-19T14:04:39 COLMAP[chunk_09_mapper_initial] I20260519 14:04:38.747210 16387 incremental_pipeline.cc:78] Retriangulation and Global bundle adjustment
2026-05-19T14:04:59 COLMAP[chunk_09_mapper_initial] I20260519 14:04:58.480305 16387 incremental_pipeline.cc:524] Registering image #1027 (num_reg_frames=113)
2026-05-19T14:04:59 COLMAP[chunk_09_mapper_initial] I20260519 14:04:58.480381 16387 incremental_pipeline.cc:527] => Image sees 4502 / 7811 points
2026-05-19T14:05:00 COLMAP[chunk_09_mapper_initial] I20260519 14:05:00.136350 16387 incremental_pipeline.cc:524] Registering image #1060 (num_reg_frames=114)
2026-05-19T14:05:00 COLMAP[chunk_09_mapper_initial] I20260519 14:05:00.136404 16387 incremental_pipeline.cc:527] => Image sees 4091 / 7341 points
2026-05-19T14:05:02 COLMAP[chunk_09_mapper_initial] I20260519 14:05:01.632153 16387 incremental_pipeline.cc:524] Registering image #850 (num_reg_frames=115)
2026-05-19T14:05:02 COLMAP[chunk_09_mapper_initial] I20260519 14:05:01.632211 16387 incremental_pipeline.cc:527] => Image sees 3899 / 7209 points
2026-05-19T14:05:04 COLMAP[chunk_09_mapper_initial] I20260519 14:05:03.391408 16387 incremental_pipeline.cc:524] Registering image #858 (num_reg_frames=116)
2026-05-19T14:05:04 COLMAP[chunk_09_mapper_initial] I20260519 14:05:03.391466 16387 incremental_pipeline.cc:527] => Image sees 4458 / 7044 points
2026-05-19T14:05:05 COLMAP[chunk_09_mapper_initial] I20260519 14:05:05.096976 16387 incremental_pipeline.cc:524] Registering image #1001 (num_reg_frames=117)
2026-05-19T14:05:05 COLMAP[chunk_09_mapper_initial] I20260519 14:05:05.097044 16387 incremental_pipeline.cc:527] => Image sees 4883 / 7031 points
2026-05-19T14:05:07 COLMAP[chunk_09_mapper_initial] I20260519 14:05:06.902127 16387 incremental_pipeline.cc:524] Registering image #990 (num_reg_frames=118)
2026-05-19T14:05:07 COLMAP[chunk_09_mapper_initial] I20260519 14:05:06.902184 16387 incremental_pipeline.cc:527] => Image sees 4840 / 6673 points
2026-05-19T14:05:09 COLMAP[chunk_09_mapper_initial] I20260519 14:05:08.651232 16387 incremental_pipeline.cc:524] Registering image #991 (num_reg_frames=119)
2026-05-19T14:05:09 COLMAP[chunk_09_mapper_initial] I20260519 14:05:08.651288 16387 incremental_pipeline.cc:527] => Image sees 4714 / 6679 points
2026-05-19T14:05:11 COLMAP[chunk_09_mapper_initial] I20260519 14:05:10.312036 16387 incremental_pipeline.cc:524] Registering image #1028 (num_reg_frames=120)
2026-05-19T14:05:11 COLMAP[chunk_09_mapper_initial] I20260519 14:05:10.312094 16387 incremental_pipeline.cc:527] => Image sees 3953 / 7818 points
2026-05-19T14:05:12 COLMAP[chunk_09_mapper_initial] I20260519 14:05:11.888250 16387 incremental_pipeline.cc:524] Registering image #1000 (num_reg_frames=121)
2026-05-19T14:05:12 COLMAP[chunk_09_mapper_initial] I20260519 14:05:11.888309 16387 incremental_pipeline.cc:527] => Image sees 4730 / 6864 points
2026-05-19T14:05:14 COLMAP[chunk_09_mapper_initial] I20260519 14:05:13.654506 16387 incremental_pipeline.cc:524] Registering image #857 (num_reg_frames=122)
2026-05-19T14:05:14 COLMAP[chunk_09_mapper_initial] I20260519 14:05:13.654563 16387 incremental_pipeline.cc:527] => Image sees 4662 / 6567 points
2026-05-19T14:05:16 COLMAP[chunk_09_mapper_initial] I20260519 14:05:15.322094 16387 incremental_pipeline.cc:524] Registering image #1033 (num_reg_frames=123)
2026-05-19T14:05:16 COLMAP[chunk_09_mapper_initial] I20260519 14:05:15.322149 16387 incremental_pipeline.cc:527] => Image sees 4673 / 7618 points
2026-05-19T14:05:17 COLMAP[chunk_09_mapper_initial] I20260519 14:05:17.063040 16387 incremental_pipeline.cc:524] Registering image #1029 (num_reg_frames=124)
2026-05-19T14:05:17 COLMAP[chunk_09_mapper_initial] I20260519 14:05:17.063100 16387 incremental_pipeline.cc:527] => Image sees 4471 / 8191 points
2026-05-19T14:05:19 COLMAP[chunk_09_mapper_initial] I20260519 14:05:18.629607 16387 incremental_pipeline.cc:78] Retriangulation and Global bundle adjustment
2026-05-19T14:05:41 COLMAP[chunk_09_mapper_initial] I20260519 14:05:41.024408 16387 incremental_pipeline.cc:524] Registering image #1032 (num_reg_frames=125)
2026-05-19T14:05:41 COLMAP[chunk_09_mapper_initial] I20260519 14:05:41.024489 16387 incremental_pipeline.cc:527] => Image sees 5375 / 8083 points
2026-05-19T14:05:43 COLMAP[chunk_09_mapper_initial] I20260519 14:05:42.773744 16387 incremental_pipeline.cc:524] Registering image #1030 (num_reg_frames=126)
2026-05-19T14:05:43 COLMAP[chunk_09_mapper_initial] I20260519 14:05:42.773792 16387 incremental_pipeline.cc:527] => Image sees 5377 / 8473 points
2026-05-19T14:05:45 COLMAP[chunk_09_mapper_initial] I20260519 14:05:44.561647 16387 incremental_pipeline.cc:524] Registering image #1031 (num_reg_frames=127)
2026-05-19T14:05:45 COLMAP[chunk_09_mapper_initial] I20260519 14:05:44.561718 16387 incremental_pipeline.cc:527] => Image sees 5964 / 8574 points
2026-05-19T14:05:47 COLMAP[chunk_09_mapper_initial] I20260519 14:05:46.477361 16387 incremental_pipeline.cc:524] Registering image #828 (num_reg_frames=128)
2026-05-19T14:05:47 COLMAP[chunk_09_mapper_initial] I20260519 14:05:46.477416 16387 incremental_pipeline.cc:527] => Image sees 4550 / 7795 points
2026-05-19T14:05:48 COLMAP[chunk_09_mapper_initial] I20260519 14:05:48.139210 16387 incremental_pipeline.cc:524] Registering image #1059 (num_reg_frames=129)
2026-05-19T14:05:48 COLMAP[chunk_09_mapper_initial] I20260519 14:05:48.139268 16387 incremental_pipeline.cc:527] => Image sees 4497 / 6751 points
2026-05-19T14:05:50 COLMAP[chunk_09_mapper_initial] I20260519 14:05:49.733491 16387 incremental_pipeline.cc:524] Registering image #822 (num_reg_frames=130)
2026-05-19T14:05:50 COLMAP[chunk_09_mapper_initial] I20260519 14:05:49.733542 16387 incremental_pipeline.cc:527] => Image sees 4526 / 6623 points
2026-05-19T14:05:52 COLMAP[chunk_09_mapper_initial] I20260519 14:05:51.374082 16387 incremental_pipeline.cc:524] Registering image #827 (num_reg_frames=131)
2026-05-19T14:05:52 COLMAP[chunk_09_mapper_initial] I20260519 14:05:51.374138 16387 incremental_pipeline.cc:527] => Image sees 3917 / 8751 points
2026-05-19T14:05:53 COLMAP[chunk_09_mapper_initial] I20260519 14:05:52.887046 16387 incremental_pipeline.cc:524] Registering image #970 (num_reg_frames=132)
2026-05-19T14:05:53 COLMAP[chunk_09_mapper_initial] I20260519 14:05:52.887101 16387 incremental_pipeline.cc:527] => Image sees 4832 / 9584 points
2026-05-19T14:05:55 COLMAP[chunk_09_mapper_initial] I20260519 14:05:54.658218 16387 incremental_pipeline.cc:524] Registering image #980 (num_reg_frames=133)
2026-05-19T14:05:55 COLMAP[chunk_09_mapper_initial] I20260519 14:05:54.658273 16387 incremental_pipeline.cc:527] => Image sees 4664 / 7305 points
2026-05-19T14:05:57 COLMAP[chunk_09_mapper_initial] I20260519 14:05:56.409878 16387 incremental_pipeline.cc:524] Registering image #825 (num_reg_frames=134)
2026-05-19T14:05:57 COLMAP[chunk_09_mapper_initial] I20260519 14:05:56.409930 16387 incremental_pipeline.cc:527] => Image sees 4006 / 9635 points
2026-05-19T14:05:58 COLMAP[chunk_09_mapper_initial] I20260519 14:05:58.021219 16387 incremental_pipeline.cc:524] Registering image #826 (num_reg_frames=135)
2026-05-19T14:05:58 COLMAP[chunk_09_mapper_initial] I20260519 14:05:58.021274 16387 incremental_pipeline.cc:527] => Image sees 5760 / 9713 points
2026-05-19T14:06:00 COLMAP[chunk_09_mapper_initial] I20260519 14:05:59.779533 16387 incremental_pipeline.cc:524] Registering image #915 (num_reg_frames=136)
2026-05-19T14:06:00 COLMAP[chunk_09_mapper_initial] I20260519 14:05:59.779589 16387 incremental_pipeline.cc:527] => Image sees 5085 / 9263 points
2026-05-19T14:06:02 COLMAP[chunk_09_mapper_initial] I20260519 14:06:01.611380 16387 incremental_pipeline.cc:524] Registering image #457 (num_reg_frames=137)
2026-05-19T14:06:02 COLMAP[chunk_09_mapper_initial] I20260519 14:06:01.611440 16387 incremental_pipeline.cc:527] => Image sees 3373 / 7256 points
2026-05-19T14:06:03 COLMAP[chunk_09_mapper_initial] I20260519 14:06:03.044044 16387 incremental_pipeline.cc:78] Retriangulation and Global bundle adjustment
2026-05-19T14:06:42 COLMAP[chunk_09_mapper_initial] I20260519 14:06:41.911327 16387 incremental_pipeline.cc:524] Registering image #458 (num_reg_frames=138)
2026-05-19T14:06:42 COLMAP[chunk_09_mapper_initial] I20260519 14:06:41.911403 16387 incremental_pipeline.cc:527] => Image sees 3816 / 7088 points
2026-05-19T14:06:44 COLMAP[chunk_09_mapper_initial] I20260519 14:06:43.509547 16387 incremental_pipeline.cc:524] Registering image #456 (num_reg_frames=139)
2026-05-19T14:06:44 COLMAP[chunk_09_mapper_initial] I20260519 14:06:43.509603 16387 incremental_pipeline.cc:527] => Image sees 4400 / 7239 points
2026-05-19T14:06:45 COLMAP[chunk_09_mapper_initial] I20260519 14:06:45.180032 16387 incremental_pipeline.cc:524] Registering image #1080 (num_reg_frames=140)
2026-05-19T14:06:45 COLMAP[chunk_09_mapper_initial] I20260519 14:06:45.180091 16387 incremental_pipeline.cc:527] => Image sees 3784 / 7464 points
2026-05-19T14:06:47 COLMAP[chunk_09_mapper_initial] I20260519 14:06:46.642724 16387 incremental_pipeline.cc:524] Registering image #1079 (num_reg_frames=141)
2026-05-19T14:06:47 COLMAP[chunk_09_mapper_initial] I20260519 14:06:46.642774 16387 incremental_pipeline.cc:527] => Image sees 4316 / 7725 points
2026-05-19T14:06:49 COLMAP[chunk_09_mapper_initial] I20260519 14:06:48.227584 16387 incremental_pipeline.cc:524] Registering image #1078 (num_reg_frames=142)
2026-05-19T14:06:49 COLMAP[chunk_09_mapper_initial] I20260519 14:06:48.227636 16387 incremental_pipeline.cc:527] => Image sees 4422 / 6545 points
2026-05-19T14:06:50 COLMAP[chunk_09_mapper_initial] I20260519 14:06:49.757069 16387 incremental_pipeline.cc:524] Registering image #1077 (num_reg_frames=143)
2026-05-19T14:06:50 COLMAP[chunk_09_mapper_initial] I20260519 14:06:49.757126 16387 incremental_pipeline.cc:527] => Image sees 4234 / 5667 points
2026-05-19T14:06:52 COLMAP[chunk_09_mapper_initial] I20260519 14:06:51.212255 16387 incremental_pipeline.cc:524] Registering image #914 (num_reg_frames=144)
2026-05-19T14:06:52 COLMAP[chunk_09_mapper_initial] I20260519 14:06:51.212309 16387 incremental_pipeline.cc:527] => Image sees 4606 / 8975 points
2026-05-19T14:06:53 COLMAP[chunk_09_mapper_initial] I20260519 14:06:53.002488 16387 incremental_pipeline.cc:524] Registering image #927 (num_reg_frames=145)
2026-05-19T14:06:53 COLMAP[chunk_09_mapper_initial] I20260519 14:06:53.002543 16387 incremental_pipeline.cc:527] => Image sees 5653 / 9392 points
2026-05-19T14:06:55 COLMAP[chunk_09_mapper_initial] I20260519 14:06:55.042050 16387 incremental_pipeline.cc:524] Registering image #926 (num_reg_frames=146)
2026-05-19T14:06:55 COLMAP[chunk_09_mapper_initial] I20260519 14:06:55.042107 16387 incremental_pipeline.cc:527] => Image sees 5284 / 8683 points
2026-05-19T14:06:57 COLMAP[chunk_09_mapper_initial] I20260519 14:06:56.961197 16387 incremental_pipeline.cc:524] Registering image #244 (num_reg_frames=147)
2026-05-19T14:06:57 COLMAP[chunk_09_mapper_initial] I20260519 14:06:56.961256 16387 incremental_pipeline.cc:527] => Image sees 3681 / 9174 points
2026-05-19T14:06:59 COLMAP[chunk_09_mapper_initial] I20260519 14:06:58.548437 16387 incremental_pipeline.cc:524] Registering image #246 (num_reg_frames=148)
2026-05-19T14:06:59 COLMAP[chunk_09_mapper_initial] I20260519 14:06:58.548492 16387 incremental_pipeline.cc:527] => Image sees 4618 / 9841 points
2026-05-19T14:07:01 COLMAP[chunk_09_mapper_initial] I20260519 14:07:00.365952 16387 incremental_pipeline.cc:524] Registering image #245 (num_reg_frames=149)
2026-05-19T14:07:01 COLMAP[chunk_09_mapper_initial] I20260519 14:07:00.366014 16387 incremental_pipeline.cc:527] => Image sees 5890 / 9924 points
2026-05-19T14:07:03 COLMAP[chunk_09_mapper_initial] I20260519 14:07:02.333259 16387 incremental_pipeline.cc:524] Registering image #247 (num_reg_frames=150)
2026-05-19T14:07:03 COLMAP[chunk_09_mapper_initial] I20260519 14:07:02.333315 16387 incremental_pipeline.cc:527] => Image sees 4699 / 7171 points
2026-05-19T14:07:04 COLMAP[chunk_09_mapper_initial] I20260519 14:07:04.049599 16387 incremental_pipeline.cc:524] Registering image #248 (num_reg_frames=151)
2026-05-19T14:07:04 COLMAP[chunk_09_mapper_initial] I20260519 14:07:04.049652 16387 incremental_pipeline.cc:527] => Image sees 4024 / 7125 points
2026-05-19T14:07:06 COLMAP[chunk_09_mapper_initial] I20260519 14:07:05.663666 16387 incremental_pipeline.cc:78] Retriangulation and Global bundle adjustment
2026-05-19T14:07:46 COLMAP[chunk_09_mapper_initial] I20260519 14:07:45.937337 16387 incremental_pipeline.cc:524] Registering image #243 (num_reg_frames=152)
2026-05-19T14:07:46 COLMAP[chunk_09_mapper_initial] I20260519 14:07:45.937426 16387 incremental_pipeline.cc:527] => Image sees 5255 / 8081 points
2026-05-19T14:07:48 COLMAP[chunk_09_mapper_initial] I20260519 14:07:47.868825 16387 incremental_pipeline.cc:524] Registering image #430 (num_reg_frames=153)
2026-05-19T14:07:48 COLMAP[chunk_09_mapper_initial] I20260519 14:07:47.868894 16387 incremental_pipeline.cc:527] => Image sees 4593 / 7528 points
2026-05-19T14:07:50 COLMAP[chunk_09_mapper_initial] I20260519 14:07:49.703599 16387 incremental_pipeline.cc:524] Registering image #431 (num_reg_frames=154)
2026-05-19T14:07:50 COLMAP[chunk_09_mapper_initial] I20260519 14:07:49.703655 16387 incremental_pipeline.cc:527] => Image sees 4121 / 7641 points
2026-05-19T14:07:52 COLMAP[chunk_09_mapper_initial] I20260519 14:07:51.458638 16387 incremental_pipeline.cc:524] Registering image #425 (num_reg_frames=155)
2026-05-19T14:07:52 COLMAP[chunk_09_mapper_initial] I20260519 14:07:51.458699 16387 incremental_pipeline.cc:527] => Image sees 5038 / 7887 points
2026-05-19T14:07:54 COLMAP[chunk_09_mapper_initial] I20260519 14:07:53.368561 16387 incremental_pipeline.cc:524] Registering image #424 (num_reg_frames=156)
2026-05-19T14:07:54 COLMAP[chunk_09_mapper_initial] I20260519 14:07:53.368616 16387 incremental_pipeline.cc:527] => Image sees 3932 / 7426 points
2026-05-19T14:07:55 COLMAP[chunk_09_mapper_initial] I20260519 14:07:55.045869 16387 incremental_pipeline.cc:524] Registering image #276 (num_reg_frames=157)
2026-05-19T14:07:55 COLMAP[chunk_09_mapper_initial] I20260519 14:07:55.045925 16387 incremental_pipeline.cc:527] => Image sees 3544 / 7267 points
2026-05-19T14:07:57 COLMAP[chunk_09_mapper_initial] I20260519 14:07:56.576197 16387 incremental_pipeline.cc:524] Registering image #275 (num_reg_frames=158)
2026-05-19T14:07:57 COLMAP[chunk_09_mapper_initial] I20260519 14:07:56.576259 16387 incremental_pipeline.cc:527] => Image sees 3194 / 8194 points
2026-05-19T14:07:58 COLMAP[chunk_09_mapper_initial] I20260519 14:07:58.162187 16387 incremental_pipeline.cc:524] Registering image #284 (num_reg_frames=159)
2026-05-19T14:07:58 COLMAP[chunk_09_mapper_initial] I20260519 14:07:58.162247 16387 incremental_pipeline.cc:527] => Image sees 4008 / 8012 points
2026-05-19T14:08:00 COLMAP[chunk_09_mapper_initial] I20260519 14:07:59.795213 16387 incremental_pipeline.cc:524] Registering image #274 (num_reg_frames=160)
2026-05-19T14:08:00 COLMAP[chunk_09_mapper_initial] I20260519 14:07:59.795274 16387 incremental_pipeline.cc:527] => Image sees 3511 / 7658 points
2026-05-19T14:08:02 COLMAP[chunk_09_mapper_initial] I20260519 14:08:01.396088 16387 incremental_pipeline.cc:524] Registering image #285 (num_reg_frames=161)
2026-05-19T14:08:02 COLMAP[chunk_09_mapper_initial] I20260519 14:08:01.396150 16387 incremental_pipeline.cc:527] => Image sees 4235 / 8263 points
2026-05-19T14:08:03 COLMAP[chunk_09_mapper_initial] I20260519 14:08:03.134958 16387 incremental_pipeline.cc:524] Registering image #393 (num_reg_frames=162)
2026-05-19T14:08:03 COLMAP[chunk_09_mapper_initial] I20260519 14:08:03.135022 16387 incremental_pipeline.cc:527] => Image sees 4497 / 7367 points
2026-05-19T14:08:05 COLMAP[chunk_09_mapper_initial] I20260519 14:08:04.918233 16387 incremental_pipeline.cc:524] Registering image #394 (num_reg_frames=163)
2026-05-19T14:08:05 COLMAP[chunk_09_mapper_initial] I20260519 14:08:04.918290 16387 incremental_pipeline.cc:527] => Image sees 4468 / 7743 points
2026-05-19T14:08:07 COLMAP[chunk_09_mapper_initial] I20260519 14:08:06.675077 16387 incremental_pipeline.cc:524] Registering image #382 (num_reg_frames=164)
2026-05-19T14:08:07 COLMAP[chunk_09_mapper_initial] I20260519 14:08:06.675135 16387 incremental_pipeline.cc:527] => Image sees 5262 / 9139 points
2026-05-19T14:08:09 COLMAP[chunk_09_mapper_initial] I20260519 14:08:08.718708 16387 incremental_pipeline.cc:524] Registering image #381 (num_reg_frames=165)
2026-05-19T14:08:09 COLMAP[chunk_09_mapper_initial] I20260519 14:08:08.718768 16387 incremental_pipeline.cc:527] => Image sees 3529 / 7378 points
2026-05-19T14:08:11 COLMAP[chunk_09_mapper_initial] I20260519 14:08:10.334748 16387 incremental_pipeline.cc:524] Registering image #322 (num_reg_frames=166)
2026-05-19T14:08:11 COLMAP[chunk_09_mapper_initial] I20260519 14:08:10.334808 16387 incremental_pipeline.cc:527] => Image sees 3448 / 7261 points
2026-05-19T14:08:12 COLMAP[chunk_09_mapper_initial] I20260519 14:08:12.080053 16387 incremental_pipeline.cc:524] Registering image #338 (num_reg_frames=167)
2026-05-19T14:08:12 COLMAP[chunk_09_mapper_initial] I20260519 14:08:12.080117 16387 incremental_pipeline.cc:527] => Image sees 3358 / 7046 points
2026-05-19T14:08:14 COLMAP[chunk_09_mapper_initial] I20260519 14:08:13.653033 16387 incremental_pipeline.cc:78] Retriangulation and Global bundle adjustment
2026-05-19T14:09:02 COLMAP[chunk_09_mapper_initial] I20260519 14:09:01.805915 16387 incremental_pipeline.cc:524] Registering image #320 (num_reg_frames=168)
2026-05-19T14:09:02 COLMAP[chunk_09_mapper_initial] I20260519 14:09:01.806005 16387 incremental_pipeline.cc:527] => Image sees 3919 / 7383 points
2026-05-19T14:09:04 COLMAP[chunk_09_mapper_initial] I20260519 14:09:03.573249 16387 incremental_pipeline.cc:524] Registering image #319 (num_reg_frames=169)
2026-05-19T14:09:04 COLMAP[chunk_09_mapper_initial] I20260519 14:09:03.573304 16387 incremental_pipeline.cc:527] => Image sees 3662 / 6642 points
2026-05-19T14:09:05 COLMAP[chunk_09_mapper_initial] I20260519 14:09:05.123194 16387 incremental_pipeline.cc:524] Registering image #339 (num_reg_frames=170)
2026-05-19T14:09:05 COLMAP[chunk_09_mapper_initial] I20260519 14:09:05.123252 16387 incremental_pipeline.cc:527] => Image sees 4075 / 6663 points
2026-05-19T14:09:07 COLMAP[chunk_09_mapper_initial] I20260519 14:09:06.764554 16387 incremental_pipeline.cc:524] Registering image #823 (num_reg_frames=171)
2026-05-19T14:09:07 COLMAP[chunk_09_mapper_initial] I20260519 14:09:06.764613 16387 incremental_pipeline.cc:527] => Image sees 2006 / 4485 points
2026-05-19T14:09:08 COLMAP[chunk_09_mapper_initial] I20260519 14:09:08.095306 16387 incremental_pipeline.cc:524] Registering image #824 (num_reg_frames=172)
2026-05-19T14:09:08 COLMAP[chunk_09_mapper_initial] I20260519 14:09:08.095357 16387 incremental_pipeline.cc:527] => Image sees 2177 / 3928 points
2026-05-19T14:09:10 COLMAP[chunk_09_mapper_initial] I20260519 14:09:09.284598 16387 incremental_pipeline.cc:524] Registering image #808 (num_reg_frames=173)
2026-05-19T14:09:10 COLMAP[chunk_09_mapper_initial] I20260519 14:09:09.284653 16387 incremental_pipeline.cc:527] => Image sees 1979 / 3619 points
2026-05-19T14:09:11 COLMAP[chunk_09_mapper_initial] I20260519 14:09:10.370843 16387 incremental_pipeline.cc:524] Registering image #821 (num_reg_frames=174)
2026-05-19T14:09:11 COLMAP[chunk_09_mapper_initial] I20260519 14:09:10.370900 16387 incremental_pipeline.cc:527] => Image sees 2179 / 4057 points
2026-05-19T14:09:12 COLMAP[chunk_09_mapper_initial] I20260519 14:09:11.376835 16387 incremental_pipeline.cc:524] Registering image #820 (num_reg_frames=175)
2026-05-19T14:09:12 COLMAP[chunk_09_mapper_initial] I20260519 14:09:11.376891 16387 incremental_pipeline.cc:527] => Image sees 2029 / 3314 points
2026-05-19T14:09:13 COLMAP[chunk_09_mapper_initial] I20260519 14:09:12.503485 16387 incremental_pipeline.cc:524] Registering image #1214 (num_reg_frames=176)
2026-05-19T14:09:13 COLMAP[chunk_09_mapper_initial] I20260519 14:09:12.503539 16387 incremental_pipeline.cc:527] => Image sees 638 / 2627 points
2026-05-19T14:09:14 COLMAP[chunk_09_mapper_initial] I20260519 14:09:13.353350 16387 incremental_pipeline.cc:524] Registering image #1216 (num_reg_frames=177)
2026-05-19T14:09:14 COLMAP[chunk_09_mapper_initial] I20260519 14:09:13.353404 16387 incremental_pipeline.cc:527] => Image sees 846 / 4032 points
2026-05-19T14:09:14 COLMAP[chunk_09_mapper_initial] I20260519 14:09:14.126085 16387 incremental_pipeline.cc:524] Registering image #1215 (num_reg_frames=178)
2026-05-19T14:09:14 COLMAP[chunk_09_mapper_initial] I20260519 14:09:14.126133 16387 incremental_pipeline.cc:527] => Image sees 903 / 3440 points
2026-05-19T14:09:15 COLMAP[chunk_09_mapper_initial] I20260519 14:09:14.809509 16387 incremental_pipeline.cc:78] Retriangulation and Global bundle adjustment
2026-05-19T14:09:52 COLMAP[chunk_09_mapper_initial] I20260519 14:09:51.475448 16387 incremental_pipeline.cc:78] Retriangulation and Global bundle adjustment
2026-05-19T14:10:08 COLMAP[chunk_09_mapper_initial] I20260519 14:10:07.275418 16387 incremental_pipeline.cc:710] Keeping successful reconstruction
2026-05-19T14:10:08 COLMAP[chunk_09_mapper_initial] I20260519 14:10:07.561260 16387 timer.cc:90] Elapsed time: 10.440 [minutes]
2026-05-19T14:10:08 2026-05-19 14:10:07,653 - INFO - [chunk_09_mapper_initial_model_converter_0] colmap model_converter --input_path /tmp/colmap_sfm_rcnmny4o/chunk_09/sparse_initial/0 --output_path /tmp/colmap_sfm_rcnmny4o/text_models/chunk_09_mapper_initial/0 --output_type TXT
2026-05-19T14:10:12 2026-05-19 14:10:11,886 - INFO - chunk_09_mapper_initial model 0 registered 179/179 images and 142453 points
2026-05-19T14:11:08 2026-05-19 14:11:07,965 - INFO - Prepared chunk 10 database by pruning global features down to 173 images
2026-05-19T14:11:08 2026-05-19 14:11:07,966 - INFO - [chunk_10_spatial_matcher] colmap spatial_matcher --database_path /tmp/colmap_sfm_rcnmny4o/chunk_10/database.db --FeatureMatching.use_gpu 1 --FeatureMatching.guided_matching 1 --SpatialMatching.ignore_z 0 --SpatialMatching.max_num_neighbors 12 --SpatialMatching.max_distance 120.0
2026-05-19T14:11:08 COLMAP[chunk_10_spatial_matcher] I20260519 14:11:08.172475 17883 feature_matching.cc:195] === Feature matching & geometric verification ===
2026-05-19T14:11:09 COLMAP[chunk_10_spatial_matcher] I20260519 14:11:08.288007 17890 feature_matching_utils.cc:80] Bind FeatureMatcherWorker to GPU device 0
2026-05-19T14:11:09 COLMAP[chunk_10_spatial_matcher] I20260519 14:11:08.288007 17884 feature_matching_utils.cc:80] Bind FeatureMatcherWorker to GPU device 0
2026-05-19T14:11:09 COLMAP[chunk_10_spatial_matcher] I20260519 14:11:08.297753 17884 sift.cc:1547] Creating SIFT GPU feature matcher
2026-05-19T14:11:09 COLMAP[chunk_10_spatial_matcher] I20260519 14:11:08.297753 17890 sift.cc:1547] Creating SIFT GPU feature matcher
2026-05-19T14:11:09 COLMAP[chunk_10_spatial_matcher] I20260519 14:11:08.302800 17883 pairing.cc:560] Generating spatial image pairs...
2026-05-19T14:11:09 COLMAP[chunk_10_spatial_matcher] I20260519 14:11:08.302829 17883 pairing.cc:565] Indexing images...
2026-05-19T14:11:09 COLMAP[chunk_10_spatial_matcher] I20260519 14:11:08.309916 17883 pairing.cc:570]  in 0.007s
2026-05-19T14:11:09 COLMAP[chunk_10_spatial_matcher] I20260519 14:11:08.309947 17883 pairing.cc:584] Building search index...
2026-05-19T14:11:09 COLMAP[chunk_10_spatial_matcher] I20260519 14:11:08.309960 17883 pairing.cc:589]  in 0.000s
2026-05-19T14:11:09 COLMAP[chunk_10_spatial_matcher] I20260519 14:11:08.309968 17883 pairing.cc:592] Searching for nearest neighbors...
2026-05-19T14:11:09 COLMAP[chunk_10_spatial_matcher] I20260519 14:11:08.324467 17883 pairing.cc:608]  in 0.015s
2026-05-19T14:11:09 COLMAP[chunk_10_spatial_matcher] I20260519 14:11:08.324719 17883 pairing.cc:631] Processing image [1/173]
2026-05-19T14:11:09 COLMAP[chunk_10_spatial_matcher] I20260519 14:11:08.672734 17883 feature_matching.cc:217] in 0.348s
2026-05-19T14:11:09 COLMAP[chunk_10_spatial_matcher] I20260519 14:11:08.672784 17883 pairing.cc:631] Processing image [2/173]
2026-05-19T14:11:09 COLMAP[chunk_10_spatial_matcher] I20260519 14:11:08.914177 17883 feature_matching.cc:217] in 0.241s
2026-05-19T14:11:09 COLMAP[chunk_10_spatial_matcher] I20260519 14:11:08.914229 17883 pairing.cc:631] Processing image [3/173]
2026-05-19T14:11:09 COLMAP[chunk_10_spatial_matcher] I20260519 14:11:09.135011 17883 feature_matching.cc:217] in 0.221s
2026-05-19T14:11:09 COLMAP[chunk_10_spatial_matcher] I20260519 14:11:09.135062 17883 pairing.cc:631] Processing image [4/173]
2026-05-19T14:11:10 COLMAP[chunk_10_spatial_matcher] I20260519 14:11:09.298779 17883 feature_matching.cc:217] in 0.164s
2026-05-19T14:11:10 COLMAP[chunk_10_spatial_matcher] I20260519 14:11:09.298834 17883 pairing.cc:631] Processing image [5/173]
2026-05-19T14:11:10 COLMAP[chunk_10_spatial_matcher] I20260519 14:11:09.454613 17883 feature_matching.cc:217] in 0.156s
2026-05-19T14:11:10 COLMAP[chunk_10_spatial_matcher] I20260519 14:11:09.454663 17883 pairing.cc:631] Processing image [6/173]
2026-05-19T14:11:10 COLMAP[chunk_10_spatial_matcher] I20260519 14:11:09.587342 17883 feature_matching.cc:217] in 0.133s
2026-05-19T14:11:10 COLMAP[chunk_10_spatial_matcher] I20260519 14:11:09.587394 17883 pairing.cc:631] Processing image [7/173]
2026-05-19T14:11:10 COLMAP[chunk_10_spatial_matcher] I20260519 14:11:09.791106 17883 feature_matching.cc:217] in 0.204s
2026-05-19T14:11:10 COLMAP[chunk_10_spatial_matcher] I20260519 14:11:09.791162 17883 pairing.cc:631] Processing image [8/173]
2026-05-19T14:11:10 COLMAP[chunk_10_spatial_matcher] I20260519 14:11:10.043453 17883 feature_matching.cc:217] in 0.252s
2026-05-19T14:11:10 COLMAP[chunk_10_spatial_matcher] I20260519 14:11:10.043506 17883 pairing.cc:631] Processing image [9/173]
2026-05-19T14:11:10 COLMAP[chunk_10_spatial_matcher] I20260519 14:11:10.259572 17883 feature_matching.cc:217] in 0.216s
2026-05-19T14:11:10 COLMAP[chunk_10_spatial_matcher] I20260519 14:11:10.259622 17883 pairing.cc:631] Processing image [10/173]
2026-05-19T14:11:11 COLMAP[chunk_10_spatial_matcher] I20260519 14:11:10.472141 17883 feature_matching.cc:217] in 0.213s
2026-05-19T14:11:11 COLMAP[chunk_10_spatial_matcher] I20260519 14:11:10.472193 17883 pairing.cc:631] Processing image [11/173]
2026-05-19T14:11:11 COLMAP[chunk_10_spatial_matcher] I20260519 14:11:10.706971 17883 feature_matching.cc:217] in 0.235s
2026-05-19T14:11:11 COLMAP[chunk_10_spatial_matcher] I20260519 14:11:10.707027 17883 pairing.cc:631] Processing image [12/173]
2026-05-19T14:11:11 COLMAP[chunk_10_spatial_matcher] I20260519 14:11:10.901075 17883 feature_matching.cc:217] in 0.194s
2026-05-19T14:11:11 COLMAP[chunk_10_spatial_matcher] I20260519 14:11:10.901127 17883 pairing.cc:631] Processing image [13/173]
2026-05-19T14:11:11 COLMAP[chunk_10_spatial_matcher] I20260519 14:11:11.134284 17883 feature_matching.cc:217] in 0.233s
2026-05-19T14:11:11 COLMAP[chunk_10_spatial_matcher] I20260519 14:11:11.134351 17883 pairing.cc:631] Processing image [14/173]
2026-05-19T14:11:12 COLMAP[chunk_10_spatial_matcher] I20260519 14:11:11.299007 17883 feature_matching.cc:217] in 0.165s
2026-05-19T14:11:12 COLMAP[chunk_10_spatial_matcher] I20260519 14:11:11.299063 17883 pairing.cc:631] Processing image [15/173]
2026-05-19T14:11:12 COLMAP[chunk_10_spatial_matcher] I20260519 14:11:11.468736 17883 feature_matching.cc:217] in 0.170s
2026-05-19T14:11:12 COLMAP[chunk_10_spatial_matcher] I20260519 14:11:11.468791 17883 pairing.cc:631] Processing image [16/173]
2026-05-19T14:11:12 COLMAP[chunk_10_spatial_matcher] I20260519 14:11:11.606711 17883 feature_matching.cc:217] in 0.138s
2026-05-19T14:11:12 COLMAP[chunk_10_spatial_matcher] I20260519 14:11:11.606763 17883 pairing.cc:631] Processing image [17/173]
2026-05-19T14:11:12 COLMAP[chunk_10_spatial_matcher] I20260519 14:11:11.727216 17883 feature_matching.cc:217] in 0.120s
2026-05-19T14:11:12 COLMAP[chunk_10_spatial_matcher] I20260519 14:11:11.727265 17883 pairing.cc:631] Processing image [18/173]
2026-05-19T14:11:12 COLMAP[chunk_10_spatial_matcher] I20260519 14:11:11.807616 17883 feature_matching.cc:217] in 0.080s
2026-05-19T14:11:12 COLMAP[chunk_10_spatial_matcher] I20260519 14:11:11.807665 17883 pairing.cc:631] Processing image [19/173]
2026-05-19T14:11:12 COLMAP[chunk_10_spatial_matcher] I20260519 14:11:11.966907 17883 feature_matching.cc:217] in 0.159s
2026-05-19T14:11:12 COLMAP[chunk_10_spatial_matcher] I20260519 14:11:11.966956 17883 pairing.cc:631] Processing image [20/173]
2026-05-19T14:11:12 COLMAP[chunk_10_spatial_matcher] I20260519 14:11:12.048044 17883 feature_matching.cc:217] in 0.081s
2026-05-19T14:11:12 COLMAP[chunk_10_spatial_matcher] I20260519 14:11:12.048100 17883 pairing.cc:631] Processing image [21/173]
2026-05-19T14:11:12 COLMAP[chunk_10_spatial_matcher] I20260519 14:11:12.192497 17883 feature_matching.cc:217] in 0.144s
2026-05-19T14:11:12 COLMAP[chunk_10_spatial_matcher] I20260519 14:11:12.192549 17883 pairing.cc:631] Processing image [22/173]
2026-05-19T14:11:13 COLMAP[chunk_10_spatial_matcher] I20260519 14:11:12.296393 17883 feature_matching.cc:217] in 0.104s
2026-05-19T14:11:13 COLMAP[chunk_10_spatial_matcher] I20260519 14:11:12.296444 17883 pairing.cc:631] Processing image [23/173]
2026-05-19T14:11:13 COLMAP[chunk_10_spatial_matcher] I20260519 14:11:12.427426 17883 feature_matching.cc:217] in 0.131s
2026-05-19T14:11:13 COLMAP[chunk_10_spatial_matcher] I20260519 14:11:12.427477 17883 pairing.cc:631] Processing image [24/173]
2026-05-19T14:11:13 COLMAP[chunk_10_spatial_matcher] I20260519 14:11:12.555893 17883 feature_matching.cc:217] in 0.128s
2026-05-19T14:11:13 COLMAP[chunk_10_spatial_matcher] I20260519 14:11:12.555944 17883 pairing.cc:631] Processing image [25/173]
2026-05-19T14:11:13 COLMAP[chunk_10_spatial_matcher] I20260519 14:11:12.680297 17883 feature_matching.cc:217] in 0.124s
2026-05-19T14:11:13 COLMAP[chunk_10_spatial_matcher] I20260519 14:11:12.680347 17883 pairing.cc:631] Processing image [26/173]
2026-05-19T14:11:13 COLMAP[chunk_10_spatial_matcher] I20260519 14:11:12.873907 17883 feature_matching.cc:217] in 0.194s
2026-05-19T14:11:13 COLMAP[chunk_10_spatial_matcher] I20260519 14:11:12.873957 17883 pairing.cc:631] Processing image [27/173]
2026-05-19T14:11:13 COLMAP[chunk_10_spatial_matcher] I20260519 14:11:13.056034 17883 feature_matching.cc:217] in 0.182s
2026-05-19T14:11:13 COLMAP[chunk_10_spatial_matcher] I20260519 14:11:13.056090 17883 pairing.cc:631] Processing image [28/173]
2026-05-19T14:11:13 COLMAP[chunk_10_spatial_matcher] I20260519 14:11:13.240731 17883 feature_matching.cc:217] in 0.185s
2026-05-19T14:11:13 COLMAP[chunk_10_spatial_matcher] I20260519 14:11:13.240783 17883 pairing.cc:631] Processing image [29/173]
2026-05-19T14:11:14 COLMAP[chunk_10_spatial_matcher] I20260519 14:11:13.479987 17883 feature_matching.cc:217] in 0.239s
2026-05-19T14:11:14 COLMAP[chunk_10_spatial_matcher] I20260519 14:11:13.480034 17883 pairing.cc:631] Processing image [30/173]
2026-05-19T14:11:14 COLMAP[chunk_10_spatial_matcher] I20260519 14:11:13.669139 17883 feature_matching.cc:217] in 0.189s
2026-05-19T14:11:14 COLMAP[chunk_10_spatial_matcher] I20260519 14:11:13.669188 17883 pairing.cc:631] Processing image [31/173]
2026-05-19T14:11:14 COLMAP[chunk_10_spatial_matcher] I20260519 14:11:13.786150 17883 feature_matching.cc:217] in 0.117s
2026-05-19T14:11:14 COLMAP[chunk_10_spatial_matcher] I20260519 14:11:13.786207 17883 pairing.cc:631] Processing image [32/173]
2026-05-19T14:11:14 COLMAP[chunk_10_spatial_matcher] I20260519 14:11:13.877188 17883 feature_matching.cc:217] in 0.091s
2026-05-19T14:11:14 COLMAP[chunk_10_spatial_matcher] I20260519 14:11:13.877244 17883 pairing.cc:631] Processing image [33/173]
2026-05-19T14:11:14 COLMAP[chunk_10_spatial_matcher] I20260519 14:11:13.990607 17883 feature_matching.cc:217] in 0.113s
2026-05-19T14:11:14 COLMAP[chunk_10_spatial_matcher] I20260519 14:11:13.990661 17883 pairing.cc:631] Processing image [34/173]
2026-05-19T14:11:14 COLMAP[chunk_10_spatial_matcher] I20260519 14:11:14.202221 17883 feature_matching.cc:217] in 0.212s
2026-05-19T14:11:14 COLMAP[chunk_10_spatial_matcher] I20260519 14:11:14.202273 17883 pairing.cc:631] Processing image [35/173]
2026-05-19T14:11:15 COLMAP[chunk_10_spatial_matcher] I20260519 14:11:14.354692 17883 feature_matching.cc:217] in 0.152s
2026-05-19T14:11:15 COLMAP[chunk_10_spatial_matcher] I20260519 14:11:14.354748 17883 pairing.cc:631] Processing image [36/173]
2026-05-19T14:11:15 COLMAP[chunk_10_spatial_matcher] I20260519 14:11:14.500506 17883 feature_matching.cc:217] in 0.146s
2026-05-19T14:11:15 COLMAP[chunk_10_spatial_matcher] I20260519 14:11:14.500560 17883 pairing.cc:631] Processing image [37/173]
2026-05-19T14:11:15 COLMAP[chunk_10_spatial_matcher] I20260519 14:11:14.639618 17883 feature_matching.cc:217] in 0.139s
2026-05-19T14:11:15 COLMAP[chunk_10_spatial_matcher] I20260519 14:11:14.639670 17883 pairing.cc:631] Processing image [38/173]
2026-05-19T14:11:15 COLMAP[chunk_10_spatial_matcher] I20260519 14:11:14.911208 17883 feature_matching.cc:217] in 0.272s
2026-05-19T14:11:15 COLMAP[chunk_10_spatial_matcher] I20260519 14:11:14.911263 17883 pairing.cc:631] Processing image [39/173]
2026-05-19T14:11:15 COLMAP[chunk_10_spatial_matcher] I20260519 14:11:15.170401 17883 feature_matching.cc:217] in 0.259s
2026-05-19T14:11:15 COLMAP[chunk_10_spatial_matcher] I20260519 14:11:15.170459 17883 pairing.cc:631] Processing image [40/173]
2026-05-19T14:11:16 COLMAP[chunk_10_spatial_matcher] I20260519 14:11:15.419855 17883 feature_matching.cc:217] in 0.249s
2026-05-19T14:11:16 COLMAP[chunk_10_spatial_matcher] I20260519 14:11:15.419914 17883 pairing.cc:631] Processing image [41/173]
2026-05-19T14:11:16 COLMAP[chunk_10_spatial_matcher] I20260519 14:11:15.651754 17883 feature_matching.cc:217] in 0.232s
2026-05-19T14:11:16 COLMAP[chunk_10_spatial_matcher] I20260519 14:11:15.651813 17883 pairing.cc:631] Processing image [42/173]
2026-05-19T14:11:16 COLMAP[chunk_10_spatial_matcher] I20260519 14:11:15.856088 17883 feature_matching.cc:217] in 0.204s
2026-05-19T14:11:16 COLMAP[chunk_10_spatial_matcher] I20260519 14:11:15.856141 17883 pairing.cc:631] Processing image [43/173]
2026-05-19T14:11:16 COLMAP[chunk_10_spatial_matcher] I20260519 14:11:16.030445 17883 feature_matching.cc:217] in 0.174s
2026-05-19T14:11:16 COLMAP[chunk_10_spatial_matcher] I20260519 14:11:16.030503 17883 pairing.cc:631] Processing image [44/173]
2026-05-19T14:11:16 COLMAP[chunk_10_spatial_matcher] I20260519 14:11:16.179953 17883 feature_matching.cc:217] in 0.149s
2026-05-19T14:11:16 COLMAP[chunk_10_spatial_matcher] I20260519 14:11:16.180008 17883 pairing.cc:631] Processing image [45/173]
2026-05-19T14:11:17 COLMAP[chunk_10_spatial_matcher] I20260519 14:11:16.291966 17883 feature_matching.cc:217] in 0.112s
2026-05-19T14:11:17 COLMAP[chunk_10_spatial_matcher] I20260519 14:11:16.292019 17883 pairing.cc:631] Processing image [46/173]
2026-05-19T14:11:17 COLMAP[chunk_10_spatial_matcher] I20260519 14:11:16.387379 17883 feature_matching.cc:217] in 0.095s
2026-05-19T14:11:17 COLMAP[chunk_10_spatial_matcher] I20260519 14:11:16.387432 17883 pairing.cc:631] Processing image [47/173]
2026-05-19T14:11:17 COLMAP[chunk_10_spatial_matcher] I20260519 14:11:16.471144 17883 feature_matching.cc:217] in 0.084s
2026-05-19T14:11:17 COLMAP[chunk_10_spatial_matcher] I20260519 14:11:16.471189 17883 pairing.cc:631] Processing image [48/173]
2026-05-19T14:11:17 COLMAP[chunk_10_spatial_matcher] I20260519 14:11:16.609949 17883 feature_matching.cc:217] in 0.139s
2026-05-19T14:11:17 COLMAP[chunk_10_spatial_matcher] I20260519 14:11:16.610000 17883 pairing.cc:631] Processing image [49/173]
2026-05-19T14:11:17 COLMAP[chunk_10_spatial_matcher] I20260519 14:11:16.763057 17883 feature_matching.cc:217] in 0.153s
2026-05-19T14:11:17 COLMAP[chunk_10_spatial_matcher] I20260519 14:11:16.763113 17883 pairing.cc:631] Processing image [50/173]
2026-05-19T14:11:17 COLMAP[chunk_10_spatial_matcher] I20260519 14:11:16.945271 17883 feature_matching.cc:217] in 0.182s
2026-05-19T14:11:17 COLMAP[chunk_10_spatial_matcher] I20260519 14:11:16.945322 17883 pairing.cc:631] Processing image [51/173]
2026-05-19T14:11:17 COLMAP[chunk_10_spatial_matcher] I20260519 14:11:17.186924 17883 feature_matching.cc:217] in 0.242s
2026-05-19T14:11:17 COLMAP[chunk_10_spatial_matcher] I20260519 14:11:17.186980 17883 pairing.cc:631] Processing image [52/173]
2026-05-19T14:11:18 COLMAP[chunk_10_spatial_matcher] I20260519 14:11:17.419680 17883 feature_matching.cc:217] in 0.233s
2026-05-19T14:11:18 COLMAP[chunk_10_spatial_matcher] I20260519 14:11:17.419737 17883 pairing.cc:631] Processing image [53/173]
2026-05-19T14:11:18 COLMAP[chunk_10_spatial_matcher] I20260519 14:11:17.658164 17883 feature_matching.cc:217] in 0.238s
2026-05-19T14:11:18 COLMAP[chunk_10_spatial_matcher] I20260519 14:11:17.658217 17883 pairing.cc:631] Processing image [54/173]
2026-05-19T14:11:18 COLMAP[chunk_10_spatial_matcher] I20260519 14:11:17.954840 17883 feature_matching.cc:217] in 0.297s
2026-05-19T14:11:18 COLMAP[chunk_10_spatial_matcher] I20260519 14:11:17.954895 17883 pairing.cc:631] Processing image [55/173]
2026-05-19T14:11:18 COLMAP[chunk_10_spatial_matcher] I20260519 14:11:18.192008 17883 feature_matching.cc:217] in 0.237s
2026-05-19T14:11:18 COLMAP[chunk_10_spatial_matcher] I20260519 14:11:18.192058 17883 pairing.cc:631] Processing image [56/173]
2026-05-19T14:11:19 COLMAP[chunk_10_spatial_matcher] I20260519 14:11:18.495011 17883 feature_matching.cc:217] in 0.303s
2026-05-19T14:11:19 COLMAP[chunk_10_spatial_matcher] I20260519 14:11:18.495062 17883 pairing.cc:631] Processing image [57/173]
2026-05-19T14:11:19 COLMAP[chunk_10_spatial_matcher] I20260519 14:11:18.731976 17883 feature_matching.cc:217] in 0.237s
2026-05-19T14:11:19 COLMAP[chunk_10_spatial_matcher] I20260519 14:11:18.732028 17883 pairing.cc:631] Processing image [58/173]
2026-05-19T14:11:19 COLMAP[chunk_10_spatial_matcher] I20260519 14:11:18.931211 17883 feature_matching.cc:217] in 0.199s
2026-05-19T14:11:19 COLMAP[chunk_10_spatial_matcher] I20260519 14:11:18.931267 17883 pairing.cc:631] Processing image [59/173]
2026-05-19T14:11:19 COLMAP[chunk_10_spatial_matcher] I20260519 14:11:19.118363 17883 feature_matching.cc:217] in 0.187s
2026-05-19T14:11:19 COLMAP[chunk_10_spatial_matcher] I20260519 14:11:19.118415 17883 pairing.cc:631] Processing image [60/173]
2026-05-19T14:11:20 COLMAP[chunk_10_spatial_matcher] I20260519 14:11:19.374835 17883 feature_matching.cc:217] in 0.256s
2026-05-19T14:11:20 COLMAP[chunk_10_spatial_matcher] I20260519 14:11:19.374889 17883 pairing.cc:631] Processing image [61/173]
2026-05-19T14:11:20 COLMAP[chunk_10_spatial_matcher] I20260519 14:11:19.720387 17883 feature_matching.cc:217] in 0.346s
2026-05-19T14:11:20 COLMAP[chunk_10_spatial_matcher] I20260519 14:11:19.720443 17883 pairing.cc:631] Processing image [62/173]
2026-05-19T14:11:20 COLMAP[chunk_10_spatial_matcher] I20260519 14:11:20.005776 17883 feature_matching.cc:217] in 0.285s
2026-05-19T14:11:20 COLMAP[chunk_10_spatial_matcher] I20260519 14:11:20.005837 17883 pairing.cc:631] Processing image [63/173]
2026-05-19T14:11:21 COLMAP[chunk_10_spatial_matcher] I20260519 14:11:20.296883 17883 feature_matching.cc:217] in 0.291s
2026-05-19T14:11:21 COLMAP[chunk_10_spatial_matcher] I20260519 14:11:20.296940 17883 pairing.cc:631] Processing image [64/173]
2026-05-19T14:11:21 COLMAP[chunk_10_spatial_matcher] I20260519 14:11:20.578989 17883 feature_matching.cc:217] in 0.282s
2026-05-19T14:11:21 COLMAP[chunk_10_spatial_matcher] I20260519 14:11:20.579041 17883 pairing.cc:631] Processing image [65/173]
2026-05-19T14:11:21 COLMAP[chunk_10_spatial_matcher] I20260519 14:11:20.811527 17883 feature_matching.cc:217] in 0.233s
2026-05-19T14:11:21 COLMAP[chunk_10_spatial_matcher] I20260519 14:11:20.811581 17883 pairing.cc:631] Processing image [66/173]
2026-05-19T14:11:21 COLMAP[chunk_10_spatial_matcher] I20260519 14:11:21.002810 17883 feature_matching.cc:217] in 0.191s
2026-05-19T14:11:21 COLMAP[chunk_10_spatial_matcher] I20260519 14:11:21.002866 17883 pairing.cc:631] Processing image [67/173]
2026-05-19T14:11:21 COLMAP[chunk_10_spatial_matcher] I20260519 14:11:21.221102 17883 feature_matching.cc:217] in 0.218s
2026-05-19T14:11:21 COLMAP[chunk_10_spatial_matcher] I20260519 14:11:21.221158 17883 pairing.cc:631] Processing image [68/173]
2026-05-19T14:11:22 COLMAP[chunk_10_spatial_matcher] I20260519 14:11:21.383930 17883 feature_matching.cc:217] in 0.163s
2026-05-19T14:11:22 COLMAP[chunk_10_spatial_matcher] I20260519 14:11:21.383985 17883 pairing.cc:631] Processing image [69/173]
2026-05-19T14:11:22 COLMAP[chunk_10_spatial_matcher] I20260519 14:11:21.512840 17883 feature_matching.cc:217] in 0.129s
2026-05-19T14:11:22 COLMAP[chunk_10_spatial_matcher] I20260519 14:11:21.512887 17883 pairing.cc:631] Processing image [70/173]
2026-05-19T14:11:22 COLMAP[chunk_10_spatial_matcher] I20260519 14:11:21.613016 17883 feature_matching.cc:217] in 0.100s
2026-05-19T14:11:22 COLMAP[chunk_10_spatial_matcher] I20260519 14:11:21.613070 17883 pairing.cc:631] Processing image [71/173]
2026-05-19T14:11:22 COLMAP[chunk_10_spatial_matcher] I20260519 14:11:21.680254 17883 feature_matching.cc:217] in 0.067s
2026-05-19T14:11:22 COLMAP[chunk_10_spatial_matcher] I20260519 14:11:21.680311 17883 pairing.cc:631] Processing image [72/173]
2026-05-19T14:11:22 COLMAP[chunk_10_spatial_matcher] I20260519 14:11:21.740031 17883 feature_matching.cc:217] in 0.060s
2026-05-19T14:11:22 COLMAP[chunk_10_spatial_matcher] I20260519 14:11:21.740087 17883 pairing.cc:631] Processing image [73/173]
2026-05-19T14:11:22 COLMAP[chunk_10_spatial_matcher] I20260519 14:11:21.799599 17883 feature_matching.cc:217] in 0.060s
2026-05-19T14:11:22 COLMAP[chunk_10_spatial_matcher] I20260519 14:11:21.799652 17883 pairing.cc:631] Processing image [74/173]
2026-05-19T14:11:22 COLMAP[chunk_10_spatial_matcher] I20260519 14:11:21.904785 17883 feature_matching.cc:217] in 0.105s
2026-05-19T14:11:22 COLMAP[chunk_10_spatial_matcher] I20260519 14:11:21.904840 17883 pairing.cc:631] Processing image [75/173]
2026-05-19T14:11:22 COLMAP[chunk_10_spatial_matcher] I20260519 14:11:22.047926 17883 feature_matching.cc:217] in 0.143s
2026-05-19T14:11:22 COLMAP[chunk_10_spatial_matcher] I20260519 14:11:22.047981 17883 pairing.cc:631] Processing image [76/173]
2026-05-19T14:11:22 COLMAP[chunk_10_spatial_matcher] I20260519 14:11:22.198930 17883 feature_matching.cc:217] in 0.151s
2026-05-19T14:11:22 COLMAP[chunk_10_spatial_matcher] I20260519 14:11:22.198982 17883 pairing.cc:631] Processing image [77/173]
2026-05-19T14:11:23 COLMAP[chunk_10_spatial_matcher] I20260519 14:11:22.410971 17883 feature_matching.cc:217] in 0.212s
2026-05-19T14:11:23 COLMAP[chunk_10_spatial_matcher] I20260519 14:11:22.411026 17883 pairing.cc:631] Processing image [78/173]
2026-05-19T14:11:23 COLMAP[chunk_10_spatial_matcher] I20260519 14:11:22.636961 17883 feature_matching.cc:217] in 0.226s
2026-05-19T14:11:23 COLMAP[chunk_10_spatial_matcher] I20260519 14:11:22.637019 17883 pairing.cc:631] Processing image [79/173]
2026-05-19T14:11:23 COLMAP[chunk_10_spatial_matcher] I20260519 14:11:22.872337 17883 feature_matching.cc:217] in 0.235s
2026-05-19T14:11:23 COLMAP[chunk_10_spatial_matcher] I20260519 14:11:22.872396 17883 pairing.cc:631] Processing image [80/173]
2026-05-19T14:11:23 COLMAP[chunk_10_spatial_matcher] I20260519 14:11:23.107098 17883 feature_matching.cc:217] in 0.235s
2026-05-19T14:11:23 COLMAP[chunk_10_spatial_matcher] I20260519 14:11:23.107154 17883 pairing.cc:631] Processing image [81/173]
2026-05-19T14:11:24 COLMAP[chunk_10_spatial_matcher] I20260519 14:11:23.383855 17883 feature_matching.cc:217] in 0.277s
2026-05-19T14:11:24 COLMAP[chunk_10_spatial_matcher] I20260519 14:11:23.383912 17883 pairing.cc:631] Processing image [82/173]
2026-05-19T14:11:24 COLMAP[chunk_10_spatial_matcher] I20260519 14:11:23.722126 17883 feature_matching.cc:217] in 0.338s
2026-05-19T14:11:24 COLMAP[chunk_10_spatial_matcher] I20260519 14:11:23.722180 17883 pairing.cc:631] Processing image [83/173]
2026-05-19T14:11:24 COLMAP[chunk_10_spatial_matcher] I20260519 14:11:24.027055 17883 feature_matching.cc:217] in 0.305s
2026-05-19T14:11:24 COLMAP[chunk_10_spatial_matcher] I20260519 14:11:24.027108 17883 pairing.cc:631] Processing image [84/173]
2026-05-19T14:11:25 COLMAP[chunk_10_spatial_matcher] I20260519 14:11:24.346411 17883 feature_matching.cc:217] in 0.319s
2026-05-19T14:11:25 COLMAP[chunk_10_spatial_matcher] I20260519 14:11:24.346467 17883 pairing.cc:631] Processing image [85/173]
2026-05-19T14:11:25 COLMAP[chunk_10_spatial_matcher] I20260519 14:11:24.701673 17883 feature_matching.cc:217] in 0.355s
2026-05-19T14:11:25 COLMAP[chunk_10_spatial_matcher] I20260519 14:11:24.701741 17883 pairing.cc:631] Processing image [86/173]
2026-05-19T14:11:25 COLMAP[chunk_10_spatial_matcher] I20260519 14:11:25.059911 17883 feature_matching.cc:217] in 0.358s
2026-05-19T14:11:25 COLMAP[chunk_10_spatial_matcher] I20260519 14:11:25.059967 17883 pairing.cc:631] Processing image [87/173]
2026-05-19T14:11:26 COLMAP[chunk_10_spatial_matcher] I20260519 14:11:25.386986 17883 feature_matching.cc:217] in 0.327s
2026-05-19T14:11:26 COLMAP[chunk_10_spatial_matcher] I20260519 14:11:25.387042 17883 pairing.cc:631] Processing image [88/173]
2026-05-19T14:11:26 COLMAP[chunk_10_spatial_matcher] I20260519 14:11:25.727703 17883 feature_matching.cc:217] in 0.341s
2026-05-19T14:11:26 COLMAP[chunk_10_spatial_matcher] I20260519 14:11:25.727757 17883 pairing.cc:631] Processing image [89/173]
2026-05-19T14:11:26 COLMAP[chunk_10_spatial_matcher] I20260519 14:11:26.035945 17883 feature_matching.cc:217] in 0.308s
2026-05-19T14:11:26 COLMAP[chunk_10_spatial_matcher] I20260519 14:11:26.036001 17883 pairing.cc:631] Processing image [90/173]
2026-05-19T14:11:27 COLMAP[chunk_10_spatial_matcher] I20260519 14:11:26.304158 17883 feature_matching.cc:217] in 0.268s
2026-05-19T14:11:27 COLMAP[chunk_10_spatial_matcher] I20260519 14:11:26.304216 17883 pairing.cc:631] Processing image [91/173]
2026-05-19T14:11:27 COLMAP[chunk_10_spatial_matcher] I20260519 14:11:26.532477 17883 feature_matching.cc:217] in 0.228s
2026-05-19T14:11:27 COLMAP[chunk_10_spatial_matcher] I20260519 14:11:26.532531 17883 pairing.cc:631] Processing image [92/173]
2026-05-19T14:11:27 COLMAP[chunk_10_spatial_matcher] I20260519 14:11:26.774645 17883 feature_matching.cc:217] in 0.242s
2026-05-19T14:11:27 COLMAP[chunk_10_spatial_matcher] I20260519 14:11:26.774703 17883 pairing.cc:631] Processing image [93/173]
2026-05-19T14:11:27 COLMAP[chunk_10_spatial_matcher] I20260519 14:11:26.948515 17883 feature_matching.cc:217] in 0.174s
2026-05-19T14:11:27 COLMAP[chunk_10_spatial_matcher] I20260519 14:11:26.948571 17883 pairing.cc:631] Processing image [94/173]
2026-05-19T14:11:27 COLMAP[chunk_10_spatial_matcher] I20260519 14:11:27.150104 17883 feature_matching.cc:217] in 0.202s
2026-05-19T14:11:27 COLMAP[chunk_10_spatial_matcher] I20260519 14:11:27.150158 17883 pairing.cc:631] Processing image [95/173]
2026-05-19T14:11:28 COLMAP[chunk_10_spatial_matcher] I20260519 14:11:27.369782 17883 feature_matching.cc:217] in 0.220s
2026-05-19T14:11:28 COLMAP[chunk_10_spatial_matcher] I20260519 14:11:27.369837 17883 pairing.cc:631] Processing image [96/173]
2026-05-19T14:11:28 COLMAP[chunk_10_spatial_matcher] I20260519 14:11:27.534977 17883 feature_matching.cc:217] in 0.165s
2026-05-19T14:11:28 COLMAP[chunk_10_spatial_matcher] I20260519 14:11:27.535035 17883 pairing.cc:631] Processing image [97/173]
2026-05-19T14:11:28 COLMAP[chunk_10_spatial_matcher] I20260519 14:11:27.761443 17883 feature_matching.cc:217] in 0.226s
2026-05-19T14:11:28 COLMAP[chunk_10_spatial_matcher] I20260519 14:11:27.761500 17883 pairing.cc:631] Processing image [98/173]
2026-05-19T14:11:28 COLMAP[chunk_10_spatial_matcher] I20260519 14:11:27.978889 17883 feature_matching.cc:217] in 0.217s
2026-05-19T14:11:28 COLMAP[chunk_10_spatial_matcher] I20260519 14:11:27.978945 17883 pairing.cc:631] Processing image [99/173]
2026-05-19T14:11:28 COLMAP[chunk_10_spatial_matcher] I20260519 14:11:28.194021 17883 feature_matching.cc:217] in 0.215s
2026-05-19T14:11:28 COLMAP[chunk_10_spatial_matcher] I20260519 14:11:28.194078 17883 pairing.cc:631] Processing image [100/173]
2026-05-19T14:11:29 COLMAP[chunk_10_spatial_matcher] I20260519 14:11:28.372509 17883 feature_matching.cc:217] in 0.178s
2026-05-19T14:11:29 COLMAP[chunk_10_spatial_matcher] I20260519 14:11:28.372561 17883 pairing.cc:631] Processing image [101/173]
2026-05-19T14:11:29 COLMAP[chunk_10_spatial_matcher] I20260519 14:11:28.609164 17883 feature_matching.cc:217] in 0.237s
2026-05-19T14:11:29 COLMAP[chunk_10_spatial_matcher] I20260519 14:11:28.609220 17883 pairing.cc:631] Processing image [102/173]
2026-05-19T14:11:29 COLMAP[chunk_10_spatial_matcher] I20260519 14:11:28.809634 17883 feature_matching.cc:217] in 0.200s
2026-05-19T14:11:29 COLMAP[chunk_10_spatial_matcher] I20260519 14:11:28.809701 17883 pairing.cc:631] Processing image [103/173]
2026-05-19T14:11:29 COLMAP[chunk_10_spatial_matcher] I20260519 14:11:29.012188 17883 feature_matching.cc:217] in 0.203s
2026-05-19T14:11:29 COLMAP[chunk_10_spatial_matcher] I20260519 14:11:29.012244 17883 pairing.cc:631] Processing image [104/173]
2026-05-19T14:11:29 COLMAP[chunk_10_spatial_matcher] I20260519 14:11:29.239851 17883 feature_matching.cc:217] in 0.228s
2026-05-19T14:11:29 COLMAP[chunk_10_spatial_matcher] I20260519 14:11:29.239907 17883 pairing.cc:631] Processing image [105/173]
2026-05-19T14:11:30 COLMAP[chunk_10_spatial_matcher] I20260519 14:11:29.477559 17883 feature_matching.cc:217] in 0.238s
2026-05-19T14:11:30 COLMAP[chunk_10_spatial_matcher] I20260519 14:11:29.477614 17883 pairing.cc:631] Processing image [106/173]
2026-05-19T14:11:30 COLMAP[chunk_10_spatial_matcher] I20260519 14:11:29.706491 17883 feature_matching.cc:217] in 0.229s
2026-05-19T14:11:30 COLMAP[chunk_10_spatial_matcher] I20260519 14:11:29.706557 17883 pairing.cc:631] Processing image [107/173]
2026-05-19T14:11:30 COLMAP[chunk_10_spatial_matcher] I20260519 14:11:29.933895 17883 feature_matching.cc:217] in 0.227s
2026-05-19T14:11:30 COLMAP[chunk_10_spatial_matcher] I20260519 14:11:29.933950 17883 pairing.cc:631] Processing image [108/173]
2026-05-19T14:11:30 COLMAP[chunk_10_spatial_matcher] I20260519 14:11:30.101735 17883 feature_matching.cc:217] in 0.168s
2026-05-19T14:11:30 COLMAP[chunk_10_spatial_matcher] I20260519 14:11:30.101789 17883 pairing.cc:631] Processing image [109/173]
2026-05-19T14:11:30 COLMAP[chunk_10_spatial_matcher] I20260519 14:11:30.224025 17883 feature_matching.cc:217] in 0.122s
2026-05-19T14:11:30 COLMAP[chunk_10_spatial_matcher] I20260519 14:11:30.224077 17883 pairing.cc:631] Processing image [110/173]
2026-05-19T14:11:31 COLMAP[chunk_10_spatial_matcher] I20260519 14:11:30.323752 17883 feature_matching.cc:217] in 0.100s
2026-05-19T14:11:31 COLMAP[chunk_10_spatial_matcher] I20260519 14:11:30.323813 17883 pairing.cc:631] Processing image [111/173]
2026-05-19T14:11:31 COLMAP[chunk_10_spatial_matcher] I20260519 14:11:30.404688 17883 feature_matching.cc:217] in 0.081s
2026-05-19T14:11:31 COLMAP[chunk_10_spatial_matcher] I20260519 14:11:30.404747 17883 pairing.cc:631] Processing image [112/173]
2026-05-19T14:11:31 COLMAP[chunk_10_spatial_matcher] I20260519 14:11:30.465879 17883 feature_matching.cc:217] in 0.061s
2026-05-19T14:11:31 COLMAP[chunk_10_spatial_matcher] I20260519 14:11:30.465932 17883 pairing.cc:631] Processing image [113/173]
2026-05-19T14:11:31 COLMAP[chunk_10_spatial_matcher] I20260519 14:11:30.524492 17883 feature_matching.cc:217] in 0.059s
2026-05-19T14:11:31 COLMAP[chunk_10_spatial_matcher] I20260519 14:11:30.524546 17883 pairing.cc:631] Processing image [114/173]
2026-05-19T14:11:31 COLMAP[chunk_10_spatial_matcher] I20260519 14:11:30.613641 17883 feature_matching.cc:217] in 0.089s
2026-05-19T14:11:31 COLMAP[chunk_10_spatial_matcher] I20260519 14:11:30.613705 17883 pairing.cc:631] Processing image [115/173]
2026-05-19T14:11:31 COLMAP[chunk_10_spatial_matcher] I20260519 14:11:30.715732 17883 feature_matching.cc:217] in 0.102s
2026-05-19T14:11:31 COLMAP[chunk_10_spatial_matcher] I20260519 14:11:30.715780 17883 pairing.cc:631] Processing image [116/173]
2026-05-19T14:11:31 COLMAP[chunk_10_spatial_matcher] I20260519 14:11:30.842979 17883 feature_matching.cc:217] in 0.127s
2026-05-19T14:11:31 COLMAP[chunk_10_spatial_matcher] I20260519 14:11:30.843035 17883 pairing.cc:631] Processing image [117/173]
2026-05-19T14:11:31 COLMAP[chunk_10_spatial_matcher] I20260519 14:11:30.952118 17883 feature_matching.cc:217] in 0.109s
2026-05-19T14:11:31 COLMAP[chunk_10_spatial_matcher] I20260519 14:11:30.952171 17883 pairing.cc:631] Processing image [118/173]
2026-05-19T14:11:31 COLMAP[chunk_10_spatial_matcher] I20260519 14:11:31.035645 17883 feature_matching.cc:217] in 0.084s
2026-05-19T14:11:31 COLMAP[chunk_10_spatial_matcher] I20260519 14:11:31.035699 17883 pairing.cc:631] Processing image [119/173]
2026-05-19T14:11:31 COLMAP[chunk_10_spatial_matcher] I20260519 14:11:31.108024 17883 feature_matching.cc:217] in 0.072s
2026-05-19T14:11:31 COLMAP[chunk_10_spatial_matcher] I20260519 14:11:31.108076 17883 pairing.cc:631] Processing image [120/173]
2026-05-19T14:11:31 COLMAP[chunk_10_spatial_matcher] I20260519 14:11:31.203321 17883 feature_matching.cc:217] in 0.095s
2026-05-19T14:11:31 COLMAP[chunk_10_spatial_matcher] I20260519 14:11:31.203377 17883 pairing.cc:631] Processing image [121/173]
2026-05-19T14:11:31 COLMAP[chunk_10_spatial_matcher] I20260519 14:11:31.274029 17883 feature_matching.cc:217] in 0.071s
2026-05-19T14:11:31 COLMAP[chunk_10_spatial_matcher] I20260519 14:11:31.274082 17883 pairing.cc:631] Processing image [122/173]
2026-05-19T14:11:32 COLMAP[chunk_10_spatial_matcher] I20260519 14:11:31.358726 17883 feature_matching.cc:217] in 0.085s
2026-05-19T14:11:32 COLMAP[chunk_10_spatial_matcher] I20260519 14:11:31.358780 17883 pairing.cc:631] Processing image [123/173]
2026-05-19T14:11:32 COLMAP[chunk_10_spatial_matcher] I20260519 14:11:31.471266 17883 feature_matching.cc:217] in 0.113s
2026-05-19T14:11:32 COLMAP[chunk_10_spatial_matcher] I20260519 14:11:31.471318 17883 pairing.cc:631] Processing image [124/173]
2026-05-19T14:11:32 COLMAP[chunk_10_spatial_matcher] I20260519 14:11:31.609329 17883 feature_matching.cc:217] in 0.138s
2026-05-19T14:11:32 COLMAP[chunk_10_spatial_matcher] I20260519 14:11:31.609383 17883 pairing.cc:631] Processing image [125/173]
2026-05-19T14:11:32 COLMAP[chunk_10_spatial_matcher] I20260519 14:11:31.683267 17883 feature_matching.cc:217] in 0.074s
2026-05-19T14:11:32 COLMAP[chunk_10_spatial_matcher] I20260519 14:11:31.683329 17883 pairing.cc:631] Processing image [126/173]
2026-05-19T14:11:32 COLMAP[chunk_10_spatial_matcher] I20260519 14:11:31.793330 17883 feature_matching.cc:217] in 0.110s
2026-05-19T14:11:32 COLMAP[chunk_10_spatial_matcher] I20260519 14:11:31.793382 17883 pairing.cc:631] Processing image [127/173]
2026-05-19T14:11:32 COLMAP[chunk_10_spatial_matcher] I20260519 14:11:31.906286 17883 feature_matching.cc:217] in 0.113s
2026-05-19T14:11:32 COLMAP[chunk_10_spatial_matcher] I20260519 14:11:31.906339 17883 pairing.cc:631] Processing image [128/173]
2026-05-19T14:11:32 COLMAP[chunk_10_spatial_matcher] I20260519 14:11:32.015302 17883 feature_matching.cc:217] in 0.109s
2026-05-19T14:11:32 COLMAP[chunk_10_spatial_matcher] I20260519 14:11:32.015357 17883 pairing.cc:631] Processing image [129/173]
2026-05-19T14:11:32 COLMAP[chunk_10_spatial_matcher] I20260519 14:11:32.178787 17883 feature_matching.cc:217] in 0.163s
2026-05-19T14:11:32 COLMAP[chunk_10_spatial_matcher] I20260519 14:11:32.178841 17883 pairing.cc:631] Processing image [130/173]
2026-05-19T14:11:33 COLMAP[chunk_10_spatial_matcher] I20260519 14:11:32.336292 17883 feature_matching.cc:217] in 0.157s
2026-05-19T14:11:33 COLMAP[chunk_10_spatial_matcher] I20260519 14:11:32.336345 17883 pairing.cc:631] Processing image [131/173]
2026-05-19T14:11:33 COLMAP[chunk_10_spatial_matcher] I20260519 14:11:32.491015 17883 feature_matching.cc:217] in 0.155s
2026-05-19T14:11:33 COLMAP[chunk_10_spatial_matcher] I20260519 14:11:32.491072 17883 pairing.cc:631] Processing image [132/173]
2026-05-19T14:11:33 COLMAP[chunk_10_spatial_matcher] I20260519 14:11:32.591287 17883 feature_matching.cc:217] in 0.100s
2026-05-19T14:11:33 COLMAP[chunk_10_spatial_matcher] I20260519 14:11:32.591339 17883 pairing.cc:631] Processing image [133/173]
2026-05-19T14:11:33 COLMAP[chunk_10_spatial_matcher] I20260519 14:11:32.678632 17883 feature_matching.cc:217] in 0.087s
2026-05-19T14:11:33 COLMAP[chunk_10_spatial_matcher] I20260519 14:11:32.678682 17883 pairing.cc:631] Processing image [134/173]
2026-05-19T14:11:33 COLMAP[chunk_10_spatial_matcher] I20260519 14:11:32.776925 17883 feature_matching.cc:217] in 0.098s
2026-05-19T14:11:33 COLMAP[chunk_10_spatial_matcher] I20260519 14:11:32.776971 17883 pairing.cc:631] Processing image [135/173]
2026-05-19T14:11:33 COLMAP[chunk_10_spatial_matcher] I20260519 14:11:32.919375 17883 feature_matching.cc:217] in 0.142s
2026-05-19T14:11:33 COLMAP[chunk_10_spatial_matcher] I20260519 14:11:32.919427 17883 pairing.cc:631] Processing image [136/173]
2026-05-19T14:11:33 COLMAP[chunk_10_spatial_matcher] I20260519 14:11:33.055538 17883 feature_matching.cc:217] in 0.136s
2026-05-19T14:11:33 COLMAP[chunk_10_spatial_matcher] I20260519 14:11:33.055591 17883 pairing.cc:631] Processing image [137/173]
2026-05-19T14:11:33 COLMAP[chunk_10_spatial_matcher] I20260519 14:11:33.187781 17883 feature_matching.cc:217] in 0.132s
2026-05-19T14:11:33 COLMAP[chunk_10_spatial_matcher] I20260519 14:11:33.187844 17883 pairing.cc:631] Processing image [138/173]
2026-05-19T14:11:34 COLMAP[chunk_10_spatial_matcher] I20260519 14:11:33.323385 17883 feature_matching.cc:217] in 0.136s
2026-05-19T14:11:34 COLMAP[chunk_10_spatial_matcher] I20260519 14:11:33.323442 17883 pairing.cc:631] Processing image [139/173]
2026-05-19T14:11:34 COLMAP[chunk_10_spatial_matcher] I20260519 14:11:33.437124 17883 feature_matching.cc:217] in 0.114s
2026-05-19T14:11:34 COLMAP[chunk_10_spatial_matcher] I20260519 14:11:33.437177 17883 pairing.cc:631] Processing image [140/173]
2026-05-19T14:11:34 COLMAP[chunk_10_spatial_matcher] I20260519 14:11:33.553196 17883 feature_matching.cc:217] in 0.116s
2026-05-19T14:11:34 COLMAP[chunk_10_spatial_matcher] I20260519 14:11:33.553249 17883 pairing.cc:631] Processing image [141/173]
2026-05-19T14:11:34 COLMAP[chunk_10_spatial_matcher] I20260519 14:11:33.737596 17883 feature_matching.cc:217] in 0.184s
2026-05-19T14:11:34 COLMAP[chunk_10_spatial_matcher] I20260519 14:11:33.737641 17883 pairing.cc:631] Processing image [142/173]
2026-05-19T14:11:34 COLMAP[chunk_10_spatial_matcher] I20260519 14:11:33.887748 17883 feature_matching.cc:217] in 0.150s
2026-05-19T14:11:34 COLMAP[chunk_10_spatial_matcher] I20260519 14:11:33.887811 17883 pairing.cc:631] Processing image [143/173]
2026-05-19T14:11:34 COLMAP[chunk_10_spatial_matcher] I20260519 14:11:34.004154 17883 feature_matching.cc:217] in 0.116s
2026-05-19T14:11:34 COLMAP[chunk_10_spatial_matcher] I20260519 14:11:34.004207 17883 pairing.cc:631] Processing image [144/173]
2026-05-19T14:11:34 COLMAP[chunk_10_spatial_matcher] I20260519 14:11:34.086367 17883 feature_matching.cc:217] in 0.082s
2026-05-19T14:11:34 COLMAP[chunk_10_spatial_matcher] I20260519 14:11:34.086417 17883 pairing.cc:631] Processing image [145/173]
2026-05-19T14:11:34 COLMAP[chunk_10_spatial_matcher] I20260519 14:11:34.167098 17883 feature_matching.cc:217] in 0.081s
2026-05-19T14:11:34 COLMAP[chunk_10_spatial_matcher] I20260519 14:11:34.167153 17883 pairing.cc:631] Processing image [146/173]
2026-05-19T14:11:34 COLMAP[chunk_10_spatial_matcher] I20260519 14:11:34.240913 17883 feature_matching.cc:217] in 0.074s
2026-05-19T14:11:34 COLMAP[chunk_10_spatial_matcher] I20260519 14:11:34.240962 17883 pairing.cc:631] Processing image [147/173]
2026-05-19T14:11:34 COLMAP[chunk_10_spatial_matcher] I20260519 14:11:34.241109 17883 feature_matching.cc:217] in 0.000s
2026-05-19T14:11:34 COLMAP[chunk_10_spatial_matcher] I20260519 14:11:34.241127 17883 pairing.cc:631] Processing image [148/173]
2026-05-19T14:11:35 COLMAP[chunk_10_spatial_matcher] I20260519 14:11:34.292976 17883 feature_matching.cc:217] in 0.052s
2026-05-19T14:11:35 COLMAP[chunk_10_spatial_matcher] I20260519 14:11:34.293025 17883 pairing.cc:631] Processing image [149/173]
2026-05-19T14:11:35 COLMAP[chunk_10_spatial_matcher] I20260519 14:11:34.344271 17883 feature_matching.cc:217] in 0.051s
2026-05-19T14:11:35 COLMAP[chunk_10_spatial_matcher] I20260519 14:11:34.344324 17883 pairing.cc:631] Processing image [150/173]
2026-05-19T14:11:35 COLMAP[chunk_10_spatial_matcher] I20260519 14:11:34.418143 17883 feature_matching.cc:217] in 0.074s
2026-05-19T14:11:35 COLMAP[chunk_10_spatial_matcher] I20260519 14:11:34.418195 17883 pairing.cc:631] Processing image [151/173]
2026-05-19T14:11:35 COLMAP[chunk_10_spatial_matcher] I20260519 14:11:34.477664 17883 feature_matching.cc:217] in 0.060s
2026-05-19T14:11:35 COLMAP[chunk_10_spatial_matcher] I20260519 14:11:34.477730 17883 pairing.cc:631] Processing image [152/173]
2026-05-19T14:11:35 COLMAP[chunk_10_spatial_matcher] I20260519 14:11:34.551119 17883 feature_matching.cc:217] in 0.073s
2026-05-19T14:11:35 COLMAP[chunk_10_spatial_matcher] I20260519 14:11:34.551167 17883 pairing.cc:631] Processing image [153/173]
2026-05-19T14:11:35 COLMAP[chunk_10_spatial_matcher] I20260519 14:11:34.633144 17883 feature_matching.cc:217] in 0.082s
2026-05-19T14:11:35 COLMAP[chunk_10_spatial_matcher] I20260519 14:11:34.633196 17883 pairing.cc:631] Processing image [154/173]
2026-05-19T14:11:35 COLMAP[chunk_10_spatial_matcher] I20260519 14:11:34.693347 17883 feature_matching.cc:217] in 0.060s
2026-05-19T14:11:35 COLMAP[chunk_10_spatial_matcher] I20260519 14:11:34.693401 17883 pairing.cc:631] Processing image [155/173]
2026-05-19T14:11:35 COLMAP[chunk_10_spatial_matcher] I20260519 14:11:34.766220 17883 feature_matching.cc:217] in 0.073s
2026-05-19T14:11:35 COLMAP[chunk_10_spatial_matcher] I20260519 14:11:34.766273 17883 pairing.cc:631] Processing image [156/173]
2026-05-19T14:11:35 COLMAP[chunk_10_spatial_matcher] I20260519 14:11:34.881220 17883 feature_matching.cc:217] in 0.115s
2026-05-19T14:11:35 COLMAP[chunk_10_spatial_matcher] I20260519 14:11:34.881273 17883 pairing.cc:631] Processing image [157/173]
2026-05-19T14:11:36 COLMAP[chunk_10_spatial_matcher] I20260519 14:11:35.307336 17883 feature_matching.cc:217] in 0.426s
2026-05-19T14:11:36 COLMAP[chunk_10_spatial_matcher] I20260519 14:11:35.307390 17883 pairing.cc:631] Processing image [158/173]
2026-05-19T14:11:36 COLMAP[chunk_10_spatial_matcher] I20260519 14:11:35.521302 17883 feature_matching.cc:217] in 0.214s
2026-05-19T14:11:36 COLMAP[chunk_10_spatial_matcher] I20260519 14:11:35.521358 17883 pairing.cc:631] Processing image [159/173]
2026-05-19T14:11:36 COLMAP[chunk_10_spatial_matcher] I20260519 14:11:35.787025 17883 feature_matching.cc:217] in 0.266s
2026-05-19T14:11:36 COLMAP[chunk_10_spatial_matcher] I20260519 14:11:35.787074 17883 pairing.cc:631] Processing image [160/173]
2026-05-19T14:11:36 COLMAP[chunk_10_spatial_matcher] I20260519 14:11:36.186056 17883 feature_matching.cc:217] in 0.399s
2026-05-19T14:11:36 COLMAP[chunk_10_spatial_matcher] I20260519 14:11:36.186110 17883 pairing.cc:631] Processing image [161/173]
2026-05-19T14:11:37 COLMAP[chunk_10_spatial_matcher] I20260519 14:11:36.686062 17883 feature_matching.cc:217] in 0.500s
2026-05-19T14:11:37 COLMAP[chunk_10_spatial_matcher] I20260519 14:11:36.686115 17883 pairing.cc:631] Processing image [162/173]
2026-05-19T14:11:37 COLMAP[chunk_10_spatial_matcher] I20260519 14:11:37.267022 17883 feature_matching.cc:217] in 0.581s
2026-05-19T14:11:37 COLMAP[chunk_10_spatial_matcher] I20260519 14:11:37.267077 17883 pairing.cc:631] Processing image [163/173]
2026-05-19T14:11:38 COLMAP[chunk_10_spatial_matcher] I20260519 14:11:37.742328 17883 feature_matching.cc:217] in 0.475s
2026-05-19T14:11:38 COLMAP[chunk_10_spatial_matcher] I20260519 14:11:37.742385 17883 pairing.cc:631] Processing image [164/173]
2026-05-19T14:11:39 COLMAP[chunk_10_spatial_matcher] I20260519 14:11:38.494688 17883 feature_matching.cc:217] in 0.752s
2026-05-19T14:11:39 COLMAP[chunk_10_spatial_matcher] I20260519 14:11:38.494753 17883 pairing.cc:631] Processing image [165/173]
2026-05-19T14:11:39 COLMAP[chunk_10_spatial_matcher] I20260519 14:11:39.174837 17883 feature_matching.cc:217] in 0.680s
2026-05-19T14:11:39 COLMAP[chunk_10_spatial_matcher] I20260519 14:11:39.174890 17883 pairing.cc:631] Processing image [166/173]
2026-05-19T14:11:40 COLMAP[chunk_10_spatial_matcher] I20260519 14:11:39.782985 17883 feature_matching.cc:217] in 0.608s
2026-05-19T14:11:40 COLMAP[chunk_10_spatial_matcher] I20260519 14:11:39.783036 17883 pairing.cc:631] Processing image [167/173]
2026-05-19T14:11:40 COLMAP[chunk_10_spatial_matcher] I20260519 14:11:39.895041 17883 feature_matching.cc:217] in 0.112s
2026-05-19T14:11:40 COLMAP[chunk_10_spatial_matcher] I20260519 14:11:39.895089 17883 pairing.cc:631] Processing image [168/173]
2026-05-19T14:11:40 COLMAP[chunk_10_spatial_matcher] I20260519 14:11:39.985067 17883 feature_matching.cc:217] in 0.090s
2026-05-19T14:11:40 COLMAP[chunk_10_spatial_matcher] I20260519 14:11:39.985119 17883 pairing.cc:631] Processing image [169/173]
2026-05-19T14:11:40 COLMAP[chunk_10_spatial_matcher] I20260519 14:11:40.082736 17883 feature_matching.cc:217] in 0.098s
2026-05-19T14:11:40 COLMAP[chunk_10_spatial_matcher] I20260519 14:11:40.082792 17883 pairing.cc:631] Processing image [170/173]
2026-05-19T14:11:40 COLMAP[chunk_10_spatial_matcher] I20260519 14:11:40.223910 17883 feature_matching.cc:217] in 0.141s
2026-05-19T14:11:40 COLMAP[chunk_10_spatial_matcher] I20260519 14:11:40.223970 17883 pairing.cc:631] Processing image [171/173]
2026-05-19T14:11:41 COLMAP[chunk_10_spatial_matcher] I20260519 14:11:40.295327 17883 feature_matching.cc:217] in 0.071s
2026-05-19T14:11:41 COLMAP[chunk_10_spatial_matcher] I20260519 14:11:40.295382 17883 pairing.cc:631] Processing image [172/173]
2026-05-19T14:11:41 COLMAP[chunk_10_spatial_matcher] I20260519 14:11:40.322636 17883 feature_matching.cc:217] in 0.027s
2026-05-19T14:11:41 COLMAP[chunk_10_spatial_matcher] I20260519 14:11:40.322685 17883 pairing.cc:631] Processing image [173/173]
2026-05-19T14:11:41 COLMAP[chunk_10_spatial_matcher] I20260519 14:11:40.374629 17883 feature_matching.cc:217] in 0.052s
2026-05-19T14:11:41 COLMAP[chunk_10_spatial_matcher] I20260519 14:11:40.374676 17883 timer.cc:90] Elapsed time: 0.537 [minutes]
2026-05-19T14:11:41 2026-05-19 14:11:40,434 - INFO - chunk_10_spatial_matcher added 1160 verified image pairs
2026-05-19T14:11:41 2026-05-19 14:11:40,436 - INFO - [chunk_10_sequential_matcher] colmap sequential_matcher --database_path /tmp/colmap_sfm_rcnmny4o/chunk_10/database.db --SequentialMatching.overlap 8 --SequentialMatching.quadratic_overlap 1 --SequentialMatching.loop_detection 0
2026-05-19T14:11:41 COLMAP[chunk_10_sequential_matcher] I20260519 14:11:40.626602 17919 feature_matching.cc:195] === Feature matching & geometric verification ===
2026-05-19T14:11:41 COLMAP[chunk_10_sequential_matcher] I20260519 14:11:40.685823 17920 feature_matching_utils.cc:80] Bind FeatureMatcherWorker to GPU device 0
2026-05-19T14:11:41 COLMAP[chunk_10_sequential_matcher] I20260519 14:11:40.686759 17920 sift.cc:1547] Creating SIFT GPU feature matcher
2026-05-19T14:11:41 COLMAP[chunk_10_sequential_matcher] I20260519 14:11:40.687404 17919 pairing.cc:415] Generating sequential image pairs...
2026-05-19T14:11:41 COLMAP[chunk_10_sequential_matcher] I20260519 14:11:40.690455 17919 pairing.cc:473] Processing image [1/173]
2026-05-19T14:11:41 COLMAP[chunk_10_sequential_matcher] I20260519 14:11:41.055061 17919 feature_matching.cc:217] in 0.365s
2026-05-19T14:11:41 COLMAP[chunk_10_sequential_matcher] I20260519 14:11:41.055114 17919 pairing.cc:473] Processing image [2/173]
2026-05-19T14:11:42 COLMAP[chunk_10_sequential_matcher] I20260519 14:11:41.425144 17919 feature_matching.cc:217] in 0.370s
2026-05-19T14:11:42 COLMAP[chunk_10_sequential_matcher] I20260519 14:11:41.425199 17919 pairing.cc:473] Processing image [3/173]
2026-05-19T14:11:42 COLMAP[chunk_10_sequential_matcher] I20260519 14:11:41.666496 17919 feature_matching.cc:217] in 0.241s
2026-05-19T14:11:42 COLMAP[chunk_10_sequential_matcher] I20260519 14:11:41.666546 17919 pairing.cc:473] Processing image [4/173]
2026-05-19T14:11:42 COLMAP[chunk_10_sequential_matcher] I20260519 14:11:42.047112 17919 feature_matching.cc:217] in 0.381s
2026-05-19T14:11:42 COLMAP[chunk_10_sequential_matcher] I20260519 14:11:42.047164 17919 pairing.cc:473] Processing image [5/173]
2026-05-19T14:11:42 COLMAP[chunk_10_sequential_matcher] I20260519 14:11:42.175173 17919 feature_matching.cc:217] in 0.128s
2026-05-19T14:11:42 COLMAP[chunk_10_sequential_matcher] I20260519 14:11:42.175227 17919 pairing.cc:473] Processing image [6/173]
2026-05-19T14:11:43 COLMAP[chunk_10_sequential_matcher] I20260519 14:11:42.560673 17919 feature_matching.cc:217] in 0.385s
2026-05-19T14:11:43 COLMAP[chunk_10_sequential_matcher] I20260519 14:11:42.560731 17919 pairing.cc:473] Processing image [7/173]
2026-05-19T14:11:43 COLMAP[chunk_10_sequential_matcher] I20260519 14:11:42.884651 17919 feature_matching.cc:217] in 0.324s
2026-05-19T14:11:43 COLMAP[chunk_10_sequential_matcher] I20260519 14:11:42.884697 17919 pairing.cc:473] Processing image [8/173]
2026-05-19T14:11:43 COLMAP[chunk_10_sequential_matcher] I20260519 14:11:43.274731 17919 feature_matching.cc:217] in 0.390s
2026-05-19T14:11:43 COLMAP[chunk_10_sequential_matcher] I20260519 14:11:43.274784 17919 pairing.cc:473] Processing image [9/173]
2026-05-19T14:11:44 COLMAP[chunk_10_sequential_matcher] I20260519 14:11:43.639963 17919 feature_matching.cc:217] in 0.365s
2026-05-19T14:11:44 COLMAP[chunk_10_sequential_matcher] I20260519 14:11:43.640013 17919 pairing.cc:473] Processing image [10/173]
2026-05-19T14:11:44 COLMAP[chunk_10_sequential_matcher] I20260519 14:11:43.912793 17919 feature_matching.cc:217] in 0.273s
2026-05-19T14:11:44 COLMAP[chunk_10_sequential_matcher] I20260519 14:11:43.912840 17919 pairing.cc:473] Processing image [11/173]
2026-05-19T14:11:44 COLMAP[chunk_10_sequential_matcher] I20260519 14:11:43.965840 17919 feature_matching.cc:217] in 0.053s
2026-05-19T14:11:44 COLMAP[chunk_10_sequential_matcher] I20260519 14:11:43.965893 17919 pairing.cc:473] Processing image [12/173]
2026-05-19T14:11:44 COLMAP[chunk_10_sequential_matcher] I20260519 14:11:44.016494 17919 feature_matching.cc:217] in 0.051s
2026-05-19T14:11:44 COLMAP[chunk_10_sequential_matcher] I20260519 14:11:44.016541 17919 pairing.cc:473] Processing image [13/173]
2026-05-19T14:11:44 COLMAP[chunk_10_sequential_matcher] I20260519 14:11:44.092512 17919 feature_matching.cc:217] in 0.076s
2026-05-19T14:11:44 COLMAP[chunk_10_sequential_matcher] I20260519 14:11:44.092564 17919 pairing.cc:473] Processing image [14/173]
2026-05-19T14:11:44 COLMAP[chunk_10_sequential_matcher] I20260519 14:11:44.204149 17919 feature_matching.cc:217] in 0.112s
2026-05-19T14:11:44 COLMAP[chunk_10_sequential_matcher] I20260519 14:11:44.204203 17919 pairing.cc:473] Processing image [15/173]
2026-05-19T14:11:45 COLMAP[chunk_10_sequential_matcher] I20260519 14:11:44.603155 17919 feature_matching.cc:217] in 0.399s
2026-05-19T14:11:45 COLMAP[chunk_10_sequential_matcher] I20260519 14:11:44.603204 17919 pairing.cc:473] Processing image [16/173]
2026-05-19T14:11:45 COLMAP[chunk_10_sequential_matcher] I20260519 14:11:44.871007 17919 feature_matching.cc:217] in 0.268s
2026-05-19T14:11:45 COLMAP[chunk_10_sequential_matcher] I20260519 14:11:44.871055 17919 pairing.cc:473] Processing image [17/173]
2026-05-19T14:11:45 COLMAP[chunk_10_sequential_matcher] I20260519 14:11:45.253284 17919 feature_matching.cc:217] in 0.382s
2026-05-19T14:11:45 COLMAP[chunk_10_sequential_matcher] I20260519 14:11:45.253337 17919 pairing.cc:473] Processing image [18/173]
2026-05-19T14:11:46 COLMAP[chunk_10_sequential_matcher] I20260519 14:11:45.370460 17919 feature_matching.cc:217] in 0.117s
2026-05-19T14:11:46 COLMAP[chunk_10_sequential_matcher] I20260519 14:11:45.370512 17919 pairing.cc:473] Processing image [19/173]
2026-05-19T14:11:46 COLMAP[chunk_10_sequential_matcher] I20260519 14:11:45.666611 17919 feature_matching.cc:217] in 0.296s
2026-05-19T14:11:46 COLMAP[chunk_10_sequential_matcher] I20260519 14:11:45.666668 17919 pairing.cc:473] Processing image [20/173]
2026-05-19T14:11:46 COLMAP[chunk_10_sequential_matcher] I20260519 14:11:46.048763 17919 feature_matching.cc:217] in 0.382s
2026-05-19T14:11:46 COLMAP[chunk_10_sequential_matcher] I20260519 14:11:46.048818 17919 pairing.cc:473] Processing image [21/173]
2026-05-19T14:11:47 COLMAP[chunk_10_sequential_matcher] I20260519 14:11:46.417618 17919 feature_matching.cc:217] in 0.369s
2026-05-19T14:11:47 COLMAP[chunk_10_sequential_matcher] I20260519 14:11:46.417670 17919 pairing.cc:473] Processing image [22/173]
2026-05-19T14:11:47 COLMAP[chunk_10_sequential_matcher] I20260519 14:11:46.826152 17919 feature_matching.cc:217] in 0.409s
2026-05-19T14:11:47 COLMAP[chunk_10_sequential_matcher] I20260519 14:11:46.826208 17919 pairing.cc:473] Processing image [23/173]
2026-05-19T14:11:48 COLMAP[chunk_10_sequential_matcher] I20260519 14:11:47.383699 17919 feature_matching.cc:217] in 0.558s
2026-05-19T14:11:48 COLMAP[chunk_10_sequential_matcher] I20260519 14:11:47.383755 17919 pairing.cc:473] Processing image [24/173]
2026-05-19T14:11:48 COLMAP[chunk_10_sequential_matcher] I20260519 14:11:47.832059 17919 feature_matching.cc:217] in 0.448s
2026-05-19T14:11:48 COLMAP[chunk_10_sequential_matcher] I20260519 14:11:47.832110 17919 pairing.cc:473] Processing image [25/173]
2026-05-19T14:11:48 COLMAP[chunk_10_sequential_matcher] I20260519 14:11:48.142519 17919 feature_matching.cc:217] in 0.310s
2026-05-19T14:11:48 COLMAP[chunk_10_sequential_matcher] I20260519 14:11:48.142573 17919 pairing.cc:473] Processing image [26/173]
2026-05-19T14:11:49 COLMAP[chunk_10_sequential_matcher] I20260519 14:11:48.561590 17919 feature_matching.cc:217] in 0.419s
2026-05-19T14:11:49 COLMAP[chunk_10_sequential_matcher] I20260519 14:11:48.561647 17919 pairing.cc:473] Processing image [27/173]
2026-05-19T14:11:49 COLMAP[chunk_10_sequential_matcher] I20260519 14:11:49.045347 17919 feature_matching.cc:217] in 0.484s
2026-05-19T14:11:49 COLMAP[chunk_10_sequential_matcher] I20260519 14:11:49.045405 17919 pairing.cc:473] Processing image [28/173]
2026-05-19T14:11:50 COLMAP[chunk_10_sequential_matcher] I20260519 14:11:49.480669 17919 feature_matching.cc:217] in 0.435s
2026-05-19T14:11:50 COLMAP[chunk_10_sequential_matcher] I20260519 14:11:49.480726 17919 pairing.cc:473] Processing image [29/173]
2026-05-19T14:11:50 COLMAP[chunk_10_sequential_matcher] I20260519 14:11:49.993410 17919 feature_matching.cc:217] in 0.513s
2026-05-19T14:11:50 COLMAP[chunk_10_sequential_matcher] I20260519 14:11:49.993464 17919 pairing.cc:473] Processing image [30/173]
2026-05-19T14:11:51 COLMAP[chunk_10_sequential_matcher] I20260519 14:11:50.376317 17919 feature_matching.cc:217] in 0.383s
2026-05-19T14:11:51 COLMAP[chunk_10_sequential_matcher] I20260519 14:11:50.376374 17919 pairing.cc:473] Processing image [31/173]
2026-05-19T14:11:51 COLMAP[chunk_10_sequential_matcher] I20260519 14:11:50.676482 17919 feature_matching.cc:217] in 0.300s
2026-05-19T14:11:51 COLMAP[chunk_10_sequential_matcher] I20260519 14:11:50.676537 17919 pairing.cc:473] Processing image [32/173]
2026-05-19T14:11:51 COLMAP[chunk_10_sequential_matcher] I20260519 14:11:51.080799 17919 feature_matching.cc:217] in 0.404s
2026-05-19T14:11:51 COLMAP[chunk_10_sequential_matcher] I20260519 14:11:51.080855 17919 pairing.cc:473] Processing image [33/173]
2026-05-19T14:11:52 COLMAP[chunk_10_sequential_matcher] I20260519 14:11:51.438478 17919 feature_matching.cc:217] in 0.358s
2026-05-19T14:11:52 COLMAP[chunk_10_sequential_matcher] I20260519 14:11:51.438535 17919 pairing.cc:473] Processing image [34/173]
2026-05-19T14:11:52 COLMAP[chunk_10_sequential_matcher] I20260519 14:11:51.780854 17919 feature_matching.cc:217] in 0.342s
2026-05-19T14:11:52 COLMAP[chunk_10_sequential_matcher] I20260519 14:11:51.780907 17919 pairing.cc:473] Processing image [35/173]
2026-05-19T14:11:52 COLMAP[chunk_10_sequential_matcher] I20260519 14:11:52.080466 17919 feature_matching.cc:217] in 0.300s
2026-05-19T14:11:52 COLMAP[chunk_10_sequential_matcher] I20260519 14:11:52.080523 17919 pairing.cc:473] Processing image [36/173]
2026-05-19T14:11:53 COLMAP[chunk_10_sequential_matcher] I20260519 14:11:52.395536 17919 feature_matching.cc:217] in 0.315s
2026-05-19T14:11:53 COLMAP[chunk_10_sequential_matcher] I20260519 14:11:52.395594 17919 pairing.cc:473] Processing image [37/173]
2026-05-19T14:11:53 COLMAP[chunk_10_sequential_matcher] I20260519 14:11:52.811504 17919 feature_matching.cc:217] in 0.416s
2026-05-19T14:11:53 COLMAP[chunk_10_sequential_matcher] I20260519 14:11:52.811558 17919 pairing.cc:473] Processing image [38/173]
2026-05-19T14:11:53 COLMAP[chunk_10_sequential_matcher] I20260519 14:11:53.216023 17919 feature_matching.cc:217] in 0.405s
2026-05-19T14:11:53 COLMAP[chunk_10_sequential_matcher] I20260519 14:11:53.216078 17919 pairing.cc:473] Processing image [39/173]
2026-05-19T14:11:54 COLMAP[chunk_10_sequential_matcher] I20260519 14:11:53.531474 17919 feature_matching.cc:217] in 0.315s
2026-05-19T14:11:54 COLMAP[chunk_10_sequential_matcher] I20260519 14:11:53.531530 17919 pairing.cc:473] Processing image [40/173]
2026-05-19T14:11:54 COLMAP[chunk_10_sequential_matcher] I20260519 14:11:53.761935 17919 feature_matching.cc:217] in 0.230s
2026-05-19T14:11:54 COLMAP[chunk_10_sequential_matcher] I20260519 14:11:53.761989 17919 pairing.cc:473] Processing image [41/173]
2026-05-19T14:11:54 COLMAP[chunk_10_sequential_matcher] I20260519 14:11:54.167122 17919 feature_matching.cc:217] in 0.405s
2026-05-19T14:11:54 COLMAP[chunk_10_sequential_matcher] I20260519 14:11:54.167174 17919 pairing.cc:473] Processing image [42/173]
2026-05-19T14:11:55 COLMAP[chunk_10_sequential_matcher] I20260519 14:11:54.416033 17919 feature_matching.cc:217] in 0.249s
2026-05-19T14:11:55 COLMAP[chunk_10_sequential_matcher] I20260519 14:11:54.416087 17919 pairing.cc:473] Processing image [43/173]
2026-05-19T14:11:55 COLMAP[chunk_10_sequential_matcher] I20260519 14:11:54.666863 17919 feature_matching.cc:217] in 0.251s
2026-05-19T14:11:55 COLMAP[chunk_10_sequential_matcher] I20260519 14:11:54.666917 17919 pairing.cc:473] Processing image [44/173]
2026-05-19T14:11:55 COLMAP[chunk_10_sequential_matcher] I20260519 14:11:54.932997 17919 feature_matching.cc:217] in 0.266s
2026-05-19T14:11:55 COLMAP[chunk_10_sequential_matcher] I20260519 14:11:54.933053 17919 pairing.cc:473] Processing image [45/173]
2026-05-19T14:11:56 COLMAP[chunk_10_sequential_matcher] I20260519 14:11:55.455684 17919 feature_matching.cc:217] in 0.523s
2026-05-19T14:11:56 COLMAP[chunk_10_sequential_matcher] I20260519 14:11:55.455739 17919 pairing.cc:473] Processing image [46/173]
2026-05-19T14:11:56 COLMAP[chunk_10_sequential_matcher] I20260519 14:11:55.823428 17919 feature_matching.cc:217] in 0.368s
2026-05-19T14:11:56 COLMAP[chunk_10_sequential_matcher] I20260519 14:11:55.823486 17919 pairing.cc:473] Processing image [47/173]
2026-05-19T14:11:56 COLMAP[chunk_10_sequential_matcher] I20260519 14:11:56.220988 17919 feature_matching.cc:217] in 0.398s
2026-05-19T14:11:56 COLMAP[chunk_10_sequential_matcher] I20260519 14:11:56.221046 17919 pairing.cc:473] Processing image [48/173]
2026-05-19T14:11:57 COLMAP[chunk_10_sequential_matcher] I20260519 14:11:56.588898 17919 feature_matching.cc:217] in 0.368s
2026-05-19T14:11:57 COLMAP[chunk_10_sequential_matcher] I20260519 14:11:56.588959 17919 pairing.cc:473] Processing image [49/173]
2026-05-19T14:11:57 COLMAP[chunk_10_sequential_matcher] I20260519 14:11:56.752236 17919 feature_matching.cc:217] in 0.163s
2026-05-19T14:11:57 COLMAP[chunk_10_sequential_matcher] I20260519 14:11:56.752292 17919 pairing.cc:473] Processing image [50/173]
2026-05-19T14:11:57 COLMAP[chunk_10_sequential_matcher] I20260519 14:11:56.833993 17919 feature_matching.cc:217] in 0.082s
2026-05-19T14:11:57 COLMAP[chunk_10_sequential_matcher] I20260519 14:11:56.834048 17919 pairing.cc:473] Processing image [51/173]
2026-05-19T14:11:57 COLMAP[chunk_10_sequential_matcher] I20260519 14:11:56.924237 17919 feature_matching.cc:217] in 0.090s
2026-05-19T14:11:57 COLMAP[chunk_10_sequential_matcher] I20260519 14:11:56.924290 17919 pairing.cc:473] Processing image [52/173]
2026-05-19T14:11:57 COLMAP[chunk_10_sequential_matcher] I20260519 14:11:57.011669 17919 feature_matching.cc:217] in 0.087s
2026-05-19T14:11:57 COLMAP[chunk_10_sequential_matcher] I20260519 14:11:57.011721 17919 pairing.cc:473] Processing image [53/173]
2026-05-19T14:11:57 COLMAP[chunk_10_sequential_matcher] I20260519 14:11:57.137130 17919 feature_matching.cc:217] in 0.125s
2026-05-19T14:11:57 COLMAP[chunk_10_sequential_matcher] I20260519 14:11:57.137184 17919 pairing.cc:473] Processing image [54/173]
2026-05-19T14:11:58 COLMAP[chunk_10_sequential_matcher] I20260519 14:11:57.469805 17919 feature_matching.cc:217] in 0.333s
2026-05-19T14:11:58 COLMAP[chunk_10_sequential_matcher] I20260519 14:11:57.469859 17919 pairing.cc:473] Processing image [55/173]
2026-05-19T14:11:58 COLMAP[chunk_10_sequential_matcher] I20260519 14:11:57.825835 17919 feature_matching.cc:217] in 0.356s
2026-05-19T14:11:58 COLMAP[chunk_10_sequential_matcher] I20260519 14:11:57.825888 17919 pairing.cc:473] Processing image [56/173]
2026-05-19T14:11:58 COLMAP[chunk_10_sequential_matcher] I20260519 14:11:58.202978 17919 feature_matching.cc:217] in 0.377s
2026-05-19T14:11:58 COLMAP[chunk_10_sequential_matcher] I20260519 14:11:58.203037 17919 pairing.cc:473] Processing image [57/173]
2026-05-19T14:11:59 COLMAP[chunk_10_sequential_matcher] I20260519 14:11:58.580469 17919 feature_matching.cc:217] in 0.377s
2026-05-19T14:11:59 COLMAP[chunk_10_sequential_matcher] I20260519 14:11:58.580526 17919 pairing.cc:473] Processing image [58/173]
2026-05-19T14:11:59 COLMAP[chunk_10_sequential_matcher] I20260519 14:11:58.686398 17919 feature_matching.cc:217] in 0.106s
2026-05-19T14:11:59 COLMAP[chunk_10_sequential_matcher] I20260519 14:11:58.686451 17919 pairing.cc:473] Processing image [59/173]
2026-05-19T14:11:59 COLMAP[chunk_10_sequential_matcher] I20260519 14:11:58.870473 17919 feature_matching.cc:217] in 0.184s
2026-05-19T14:11:59 COLMAP[chunk_10_sequential_matcher] I20260519 14:11:58.870527 17919 pairing.cc:473] Processing image [60/173]
2026-05-19T14:11:59 COLMAP[chunk_10_sequential_matcher] I20260519 14:11:59.143471 17919 feature_matching.cc:217] in 0.273s
2026-05-19T14:11:59 COLMAP[chunk_10_sequential_matcher] I20260519 14:11:59.143523 17919 pairing.cc:473] Processing image [61/173]
2026-05-19T14:11:59 COLMAP[chunk_10_sequential_matcher] I20260519 14:11:59.252532 17919 feature_matching.cc:217] in 0.109s
2026-05-19T14:11:59 COLMAP[chunk_10_sequential_matcher] I20260519 14:11:59.252584 17919 pairing.cc:473] Processing image [62/173]
2026-05-19T14:12:00 COLMAP[chunk_10_sequential_matcher] I20260519 14:11:59.323017 17919 feature_matching.cc:217] in 0.070s
2026-05-19T14:12:00 COLMAP[chunk_10_sequential_matcher] I20260519 14:11:59.323069 17919 pairing.cc:473] Processing image [63/173]
2026-05-19T14:12:00 COLMAP[chunk_10_sequential_matcher] I20260519 14:11:59.386937 17919 feature_matching.cc:217] in 0.064s
2026-05-19T14:12:00 COLMAP[chunk_10_sequential_matcher] I20260519 14:11:59.386988 17919 pairing.cc:473] Processing image [64/173]
2026-05-19T14:12:00 COLMAP[chunk_10_sequential_matcher] I20260519 14:11:59.480551 17919 feature_matching.cc:217] in 0.094s
2026-05-19T14:12:00 COLMAP[chunk_10_sequential_matcher] I20260519 14:11:59.480602 17919 pairing.cc:473] Processing image [65/173]
2026-05-19T14:12:00 COLMAP[chunk_10_sequential_matcher] I20260519 14:11:59.695125 17919 feature_matching.cc:217] in 0.215s
2026-05-19T14:12:00 COLMAP[chunk_10_sequential_matcher] I20260519 14:11:59.695180 17919 pairing.cc:473] Processing image [66/173]
2026-05-19T14:12:00 COLMAP[chunk_10_sequential_matcher] I20260519 14:12:00.062845 17919 feature_matching.cc:217] in 0.368s
2026-05-19T14:12:00 COLMAP[chunk_10_sequential_matcher] I20260519 14:12:00.062902 17919 pairing.cc:473] Processing image [67/173]
2026-05-19T14:12:01 COLMAP[chunk_10_sequential_matcher] I20260519 14:12:00.437525 17919 feature_matching.cc:217] in 0.375s
2026-05-19T14:12:01 COLMAP[chunk_10_sequential_matcher] I20260519 14:12:00.437584 17919 pairing.cc:473] Processing image [68/173]
2026-05-19T14:12:01 COLMAP[chunk_10_sequential_matcher] I20260519 14:12:00.829545 17919 feature_matching.cc:217] in 0.392s
2026-05-19T14:12:01 COLMAP[chunk_10_sequential_matcher] I20260519 14:12:00.829602 17919 pairing.cc:473] Processing image [69/173]
2026-05-19T14:12:01 COLMAP[chunk_10_sequential_matcher] I20260519 14:12:01.205788 17919 feature_matching.cc:217] in 0.376s
2026-05-19T14:12:01 COLMAP[chunk_10_sequential_matcher] I20260519 14:12:01.205844 17919 pairing.cc:473] Processing image [70/173]
2026-05-19T14:12:02 COLMAP[chunk_10_sequential_matcher] I20260519 14:12:01.597436 17919 feature_matching.cc:217] in 0.392s
2026-05-19T14:12:02 COLMAP[chunk_10_sequential_matcher] I20260519 14:12:01.597493 17919 pairing.cc:473] Processing image [71/173]
2026-05-19T14:12:02 COLMAP[chunk_10_sequential_matcher] I20260519 14:12:02.062410 17919 feature_matching.cc:217] in 0.465s
2026-05-19T14:12:02 COLMAP[chunk_10_sequential_matcher] I20260519 14:12:02.062465 17919 pairing.cc:473] Processing image [72/173]
2026-05-19T14:12:03 COLMAP[chunk_10_sequential_matcher] I20260519 14:12:02.459296 17919 feature_matching.cc:217] in 0.397s
2026-05-19T14:12:03 COLMAP[chunk_10_sequential_matcher] I20260519 14:12:02.459354 17919 pairing.cc:473] Processing image [73/173]
2026-05-19T14:12:03 COLMAP[chunk_10_sequential_matcher] I20260519 14:12:02.841619 17919 feature_matching.cc:217] in 0.382s
2026-05-19T14:12:03 COLMAP[chunk_10_sequential_matcher] I20260519 14:12:02.841667 17919 pairing.cc:473] Processing image [74/173]
2026-05-19T14:12:03 COLMAP[chunk_10_sequential_matcher] I20260519 14:12:03.226828 17919 feature_matching.cc:217] in 0.385s
2026-05-19T14:12:03 COLMAP[chunk_10_sequential_matcher] I20260519 14:12:03.226881 17919 pairing.cc:473] Processing image [75/173]
2026-05-19T14:12:04 COLMAP[chunk_10_sequential_matcher] I20260519 14:12:03.614431 17919 feature_matching.cc:217] in 0.388s
2026-05-19T14:12:04 COLMAP[chunk_10_sequential_matcher] I20260519 14:12:03.614485 17919 pairing.cc:473] Processing image [76/173]
2026-05-19T14:12:04 COLMAP[chunk_10_sequential_matcher] I20260519 14:12:03.721552 17919 feature_matching.cc:217] in 0.107s
2026-05-19T14:12:04 COLMAP[chunk_10_sequential_matcher] I20260519 14:12:03.721606 17919 pairing.cc:473] Processing image [77/173]
2026-05-19T14:12:04 COLMAP[chunk_10_sequential_matcher] I20260519 14:12:03.827541 17919 feature_matching.cc:217] in 0.106s
2026-05-19T14:12:04 COLMAP[chunk_10_sequential_matcher] I20260519 14:12:03.827589 17919 pairing.cc:473] Processing image [78/173]
2026-05-19T14:12:04 COLMAP[chunk_10_sequential_matcher] I20260519 14:12:03.916693 17919 feature_matching.cc:217] in 0.089s
2026-05-19T14:12:04 COLMAP[chunk_10_sequential_matcher] I20260519 14:12:03.916740 17919 pairing.cc:473] Processing image [79/173]
2026-05-19T14:12:04 COLMAP[chunk_10_sequential_matcher] I20260519 14:12:04.036276 17919 feature_matching.cc:217] in 0.120s
2026-05-19T14:12:04 COLMAP[chunk_10_sequential_matcher] I20260519 14:12:04.036320 17919 pairing.cc:473] Processing image [80/173]
2026-05-19T14:12:04 COLMAP[chunk_10_sequential_matcher] I20260519 14:12:04.206137 17919 feature_matching.cc:217] in 0.170s
2026-05-19T14:12:04 COLMAP[chunk_10_sequential_matcher] I20260519 14:12:04.206188 17919 pairing.cc:473] Processing image [81/173]
2026-05-19T14:12:05 COLMAP[chunk_10_sequential_matcher] I20260519 14:12:04.583102 17919 feature_matching.cc:217] in 0.377s
2026-05-19T14:12:05 COLMAP[chunk_10_sequential_matcher] I20260519 14:12:04.583156 17919 pairing.cc:473] Processing image [82/173]
2026-05-19T14:12:05 COLMAP[chunk_10_sequential_matcher] I20260519 14:12:04.796749 17919 feature_matching.cc:217] in 0.214s
2026-05-19T14:12:05 COLMAP[chunk_10_sequential_matcher] I20260519 14:12:04.796799 17919 pairing.cc:473] Processing image [83/173]
2026-05-19T14:12:05 COLMAP[chunk_10_sequential_matcher] I20260519 14:12:05.123658 17919 feature_matching.cc:217] in 0.327s
2026-05-19T14:12:05 COLMAP[chunk_10_sequential_matcher] I20260519 14:12:05.123709 17919 pairing.cc:473] Processing image [84/173]
2026-05-19T14:12:05 COLMAP[chunk_10_sequential_matcher] I20260519 14:12:05.213442 17919 feature_matching.cc:217] in 0.090s
2026-05-19T14:12:05 COLMAP[chunk_10_sequential_matcher] I20260519 14:12:05.213487 17919 pairing.cc:473] Processing image [85/173]
2026-05-19T14:12:06 COLMAP[chunk_10_sequential_matcher] I20260519 14:12:05.348410 17919 feature_matching.cc:217] in 0.135s
2026-05-19T14:12:06 COLMAP[chunk_10_sequential_matcher] I20260519 14:12:05.348459 17919 pairing.cc:473] Processing image [86/173]
2026-05-19T14:12:06 COLMAP[chunk_10_sequential_matcher] I20260519 14:12:05.402535 17919 feature_matching.cc:217] in 0.054s
2026-05-19T14:12:06 COLMAP[chunk_10_sequential_matcher] I20260519 14:12:05.402575 17919 pairing.cc:473] Processing image [87/173]
2026-05-19T14:12:06 COLMAP[chunk_10_sequential_matcher] I20260519 14:12:05.476259 17919 feature_matching.cc:217] in 0.074s
2026-05-19T14:12:06 COLMAP[chunk_10_sequential_matcher] I20260519 14:12:05.476306 17919 pairing.cc:473] Processing image [88/173]
2026-05-19T14:12:06 COLMAP[chunk_10_sequential_matcher] I20260519 14:12:05.849035 17919 feature_matching.cc:217] in 0.373s
2026-05-19T14:12:06 COLMAP[chunk_10_sequential_matcher] I20260519 14:12:05.849087 17919 pairing.cc:473] Processing image [89/173]
2026-05-19T14:12:06 COLMAP[chunk_10_sequential_matcher] I20260519 14:12:06.205142 17919 feature_matching.cc:217] in 0.356s
2026-05-19T14:12:06 COLMAP[chunk_10_sequential_matcher] I20260519 14:12:06.205188 17919 pairing.cc:473] Processing image [90/173]
2026-05-19T14:12:07 COLMAP[chunk_10_sequential_matcher] I20260519 14:12:06.575776 17919 feature_matching.cc:217] in 0.371s
2026-05-19T14:12:07 COLMAP[chunk_10_sequential_matcher] I20260519 14:12:06.575836 17919 pairing.cc:473] Processing image [91/173]
2026-05-19T14:12:07 COLMAP[chunk_10_sequential_matcher] I20260519 14:12:06.964912 17919 feature_matching.cc:217] in 0.389s
2026-05-19T14:12:07 COLMAP[chunk_10_sequential_matcher] I20260519 14:12:06.964965 17919 pairing.cc:473] Processing image [92/173]
2026-05-19T14:12:08 COLMAP[chunk_10_sequential_matcher] I20260519 14:12:07.342319 17919 feature_matching.cc:217] in 0.377s
2026-05-19T14:12:08 COLMAP[chunk_10_sequential_matcher] I20260519 14:12:07.342373 17919 pairing.cc:473] Processing image [93/173]
2026-05-19T14:12:08 COLMAP[chunk_10_sequential_matcher] I20260519 14:12:07.722743 17919 feature_matching.cc:217] in 0.380s
2026-05-19T14:12:08 COLMAP[chunk_10_sequential_matcher] I20260519 14:12:07.722797 17919 pairing.cc:473] Processing image [94/173]
2026-05-19T14:12:08 COLMAP[chunk_10_sequential_matcher] I20260519 14:12:08.076640 17919 feature_matching.cc:217] in 0.354s
2026-05-19T14:12:08 COLMAP[chunk_10_sequential_matcher] I20260519 14:12:08.076695 17919 pairing.cc:473] Processing image [95/173]
2026-05-19T14:12:09 COLMAP[chunk_10_sequential_matcher] I20260519 14:12:08.440186 17919 feature_matching.cc:217] in 0.364s
2026-05-19T14:12:09 COLMAP[chunk_10_sequential_matcher] I20260519 14:12:08.440239 17919 pairing.cc:473] Processing image [96/173]
2026-05-19T14:12:09 COLMAP[chunk_10_sequential_matcher] I20260519 14:12:08.808862 17919 feature_matching.cc:217] in 0.369s
2026-05-19T14:12:09 COLMAP[chunk_10_sequential_matcher] I20260519 14:12:08.808917 17919 pairing.cc:473] Processing image [97/173]
2026-05-19T14:12:09 COLMAP[chunk_10_sequential_matcher] I20260519 14:12:09.210537 17919 feature_matching.cc:217] in 0.402s
2026-05-19T14:12:09 COLMAP[chunk_10_sequential_matcher] I20260519 14:12:09.210587 17919 pairing.cc:473] Processing image [98/173]
2026-05-19T14:12:10 COLMAP[chunk_10_sequential_matcher] I20260519 14:12:09.596611 17919 feature_matching.cc:217] in 0.386s
2026-05-19T14:12:10 COLMAP[chunk_10_sequential_matcher] I20260519 14:12:09.596662 17919 pairing.cc:473] Processing image [99/173]
2026-05-19T14:12:10 COLMAP[chunk_10_sequential_matcher] I20260519 14:12:09.858944 17919 feature_matching.cc:217] in 0.262s
2026-05-19T14:12:10 COLMAP[chunk_10_sequential_matcher] I20260519 14:12:09.858999 17919 pairing.cc:473] Processing image [100/173]
2026-05-19T14:12:10 COLMAP[chunk_10_sequential_matcher] I20260519 14:12:10.012475 17919 feature_matching.cc:217] in 0.154s
2026-05-19T14:12:10 COLMAP[chunk_10_sequential_matcher] I20260519 14:12:10.012527 17919 pairing.cc:473] Processing image [101/173]
2026-05-19T14:12:10 COLMAP[chunk_10_sequential_matcher] I20260519 14:12:10.270612 17919 feature_matching.cc:217] in 0.258s
2026-05-19T14:12:10 COLMAP[chunk_10_sequential_matcher] I20260519 14:12:10.270661 17919 pairing.cc:473] Processing image [102/173]
2026-05-19T14:12:11 COLMAP[chunk_10_sequential_matcher] I20260519 14:12:10.446779 17919 feature_matching.cc:217] in 0.176s
2026-05-19T14:12:11 COLMAP[chunk_10_sequential_matcher] I20260519 14:12:10.446826 17919 pairing.cc:473] Processing image [103/173]
2026-05-19T14:12:11 COLMAP[chunk_10_sequential_matcher] I20260519 14:12:10.527277 17919 feature_matching.cc:217] in 0.080s
2026-05-19T14:12:11 COLMAP[chunk_10_sequential_matcher] I20260519 14:12:10.527323 17919 pairing.cc:473] Processing image [104/173]
2026-05-19T14:12:11 COLMAP[chunk_10_sequential_matcher] I20260519 14:12:10.602336 17919 feature_matching.cc:217] in 0.075s
2026-05-19T14:12:11 COLMAP[chunk_10_sequential_matcher] I20260519 14:12:10.602384 17919 pairing.cc:473] Processing image [105/173]
2026-05-19T14:12:11 COLMAP[chunk_10_sequential_matcher] I20260519 14:12:10.669421 17919 feature_matching.cc:217] in 0.067s
2026-05-19T14:12:11 COLMAP[chunk_10_sequential_matcher] I20260519 14:12:10.669481 17919 pairing.cc:473] Processing image [106/173]
2026-05-19T14:12:11 COLMAP[chunk_10_sequential_matcher] I20260519 14:12:10.763391 17919 feature_matching.cc:217] in 0.094s
2026-05-19T14:12:11 COLMAP[chunk_10_sequential_matcher] I20260519 14:12:10.763438 17919 pairing.cc:473] Processing image [107/173]
2026-05-19T14:12:11 COLMAP[chunk_10_sequential_matcher] I20260519 14:12:11.136137 17919 feature_matching.cc:217] in 0.373s
2026-05-19T14:12:11 COLMAP[chunk_10_sequential_matcher] I20260519 14:12:11.136181 17919 pairing.cc:473] Processing image [108/173]
2026-05-19T14:12:12 COLMAP[chunk_10_sequential_matcher] I20260519 14:12:11.515404 17919 feature_matching.cc:217] in 0.379s
2026-05-19T14:12:12 COLMAP[chunk_10_sequential_matcher] I20260519 14:12:11.515458 17919 pairing.cc:473] Processing image [109/173]
2026-05-19T14:12:12 COLMAP[chunk_10_sequential_matcher] I20260519 14:12:11.654048 17919 feature_matching.cc:217] in 0.139s
2026-05-19T14:12:12 COLMAP[chunk_10_sequential_matcher] I20260519 14:12:11.654206 17919 pairing.cc:473] Processing image [110/173]
2026-05-19T14:12:12 COLMAP[chunk_10_sequential_matcher] I20260519 14:12:12.007368 17919 feature_matching.cc:217] in 0.353s
2026-05-19T14:12:12 COLMAP[chunk_10_sequential_matcher] I20260519 14:12:12.007426 17919 pairing.cc:473] Processing image [111/173]
2026-05-19T14:12:13 COLMAP[chunk_10_sequential_matcher] I20260519 14:12:12.368188 17919 feature_matching.cc:217] in 0.361s
2026-05-19T14:12:13 COLMAP[chunk_10_sequential_matcher] I20260519 14:12:12.368242 17919 pairing.cc:473] Processing image [112/173]
2026-05-19T14:12:13 COLMAP[chunk_10_sequential_matcher] I20260519 14:12:12.718605 17919 feature_matching.cc:217] in 0.350s
2026-05-19T14:12:13 COLMAP[chunk_10_sequential_matcher] I20260519 14:12:12.718658 17919 pairing.cc:473] Processing image [113/173]
2026-05-19T14:12:13 COLMAP[chunk_10_sequential_matcher] I20260519 14:12:13.049017 17919 feature_matching.cc:217] in 0.330s
2026-05-19T14:12:13 COLMAP[chunk_10_sequential_matcher] I20260519 14:12:13.049067 17919 pairing.cc:473] Processing image [114/173]
2026-05-19T14:12:14 COLMAP[chunk_10_sequential_matcher] I20260519 14:12:13.416162 17919 feature_matching.cc:217] in 0.367s
2026-05-19T14:12:14 COLMAP[chunk_10_sequential_matcher] I20260519 14:12:13.416215 17919 pairing.cc:473] Processing image [115/173]
2026-05-19T14:12:14 COLMAP[chunk_10_sequential_matcher] I20260519 14:12:13.759492 17919 feature_matching.cc:217] in 0.343s
2026-05-19T14:12:14 COLMAP[chunk_10_sequential_matcher] I20260519 14:12:13.759547 17919 pairing.cc:473] Processing image [116/173]
2026-05-19T14:12:14 COLMAP[chunk_10_sequential_matcher] I20260519 14:12:14.092650 17919 feature_matching.cc:217] in 0.333s
2026-05-19T14:12:14 COLMAP[chunk_10_sequential_matcher] I20260519 14:12:14.092700 17919 pairing.cc:473] Processing image [117/173]
2026-05-19T14:12:14 COLMAP[chunk_10_sequential_matcher] I20260519 14:12:14.174036 17919 feature_matching.cc:217] in 0.081s
2026-05-19T14:12:14 COLMAP[chunk_10_sequential_matcher] I20260519 14:12:14.174081 17919 pairing.cc:473] Processing image [118/173]
2026-05-19T14:12:14 COLMAP[chunk_10_sequential_matcher] I20260519 14:12:14.245429 17919 feature_matching.cc:217] in 0.071s
2026-05-19T14:12:14 COLMAP[chunk_10_sequential_matcher] I20260519 14:12:14.245468 17919 pairing.cc:473] Processing image [119/173]
2026-05-19T14:12:15 COLMAP[chunk_10_sequential_matcher] I20260519 14:12:14.309476 17919 feature_matching.cc:217] in 0.064s
2026-05-19T14:12:15 COLMAP[chunk_10_sequential_matcher] I20260519 14:12:14.309517 17919 pairing.cc:473] Processing image [120/173]
2026-05-19T14:12:15 COLMAP[chunk_10_sequential_matcher] I20260519 14:12:14.376108 17919 feature_matching.cc:217] in 0.067s
2026-05-19T14:12:15 COLMAP[chunk_10_sequential_matcher] I20260519 14:12:14.376152 17919 pairing.cc:473] Processing image [121/173]
2026-05-19T14:12:15 COLMAP[chunk_10_sequential_matcher] I20260519 14:12:14.439965 17919 feature_matching.cc:217] in 0.064s
2026-05-19T14:12:15 COLMAP[chunk_10_sequential_matcher] I20260519 14:12:14.440016 17919 pairing.cc:473] Processing image [122/173]
2026-05-19T14:12:15 COLMAP[chunk_10_sequential_matcher] I20260519 14:12:14.508481 17919 feature_matching.cc:217] in 0.068s
2026-05-19T14:12:15 COLMAP[chunk_10_sequential_matcher] I20260519 14:12:14.508534 17919 pairing.cc:473] Processing image [123/173]
2026-05-19T14:12:15 COLMAP[chunk_10_sequential_matcher] I20260519 14:12:14.573139 17919 feature_matching.cc:217] in 0.065s
2026-05-19T14:12:15 COLMAP[chunk_10_sequential_matcher] I20260519 14:12:14.573192 17919 pairing.cc:473] Processing image [124/173]
2026-05-19T14:12:15 COLMAP[chunk_10_sequential_matcher] I20260519 14:12:14.646380 17919 feature_matching.cc:217] in 0.073s
2026-05-19T14:12:15 COLMAP[chunk_10_sequential_matcher] I20260519 14:12:14.646430 17919 pairing.cc:473] Processing image [125/173]
2026-05-19T14:12:15 COLMAP[chunk_10_sequential_matcher] I20260519 14:12:14.716089 17919 feature_matching.cc:217] in 0.070s
2026-05-19T14:12:15 COLMAP[chunk_10_sequential_matcher] I20260519 14:12:14.716135 17919 pairing.cc:473] Processing image [126/173]
2026-05-19T14:12:15 COLMAP[chunk_10_sequential_matcher] I20260519 14:12:14.910967 17919 feature_matching.cc:217] in 0.195s
2026-05-19T14:12:15 COLMAP[chunk_10_sequential_matcher] I20260519 14:12:14.911018 17919 pairing.cc:473] Processing image [127/173]
2026-05-19T14:12:15 COLMAP[chunk_10_sequential_matcher] I20260519 14:12:15.269394 17919 feature_matching.cc:217] in 0.358s
2026-05-19T14:12:15 COLMAP[chunk_10_sequential_matcher] I20260519 14:12:15.269440 17919 pairing.cc:473] Processing image [128/173]
2026-05-19T14:12:16 COLMAP[chunk_10_sequential_matcher] I20260519 14:12:15.656872 17919 feature_matching.cc:217] in 0.387s
2026-05-19T14:12:16 COLMAP[chunk_10_sequential_matcher] I20260519 14:12:15.656920 17919 pairing.cc:473] Processing image [129/173]
2026-05-19T14:12:16 COLMAP[chunk_10_sequential_matcher] I20260519 14:12:16.016857 17919 feature_matching.cc:217] in 0.360s
2026-05-19T14:12:16 COLMAP[chunk_10_sequential_matcher] I20260519 14:12:16.016911 17919 pairing.cc:473] Processing image [130/173]
2026-05-19T14:12:16 COLMAP[chunk_10_sequential_matcher] I20260519 14:12:16.231509 17919 feature_matching.cc:217] in 0.215s
2026-05-19T14:12:16 COLMAP[chunk_10_sequential_matcher] I20260519 14:12:16.231555 17919 pairing.cc:473] Processing image [131/173]
2026-05-19T14:12:17 COLMAP[chunk_10_sequential_matcher] I20260519 14:12:16.596247 17919 feature_matching.cc:217] in 0.365s
2026-05-19T14:12:17 COLMAP[chunk_10_sequential_matcher] I20260519 14:12:16.596302 17919 pairing.cc:473] Processing image [132/173]
2026-05-19T14:12:17 COLMAP[chunk_10_sequential_matcher] I20260519 14:12:16.969477 17919 feature_matching.cc:217] in 0.373s
2026-05-19T14:12:17 COLMAP[chunk_10_sequential_matcher] I20260519 14:12:16.969525 17919 pairing.cc:473] Processing image [133/173]
2026-05-19T14:12:17 COLMAP[chunk_10_sequential_matcher] I20260519 14:12:17.276484 17919 feature_matching.cc:217] in 0.307s
2026-05-19T14:12:17 COLMAP[chunk_10_sequential_matcher] I20260519 14:12:17.276531 17919 pairing.cc:473] Processing image [134/173]
2026-05-19T14:12:18 COLMAP[chunk_10_sequential_matcher] I20260519 14:12:17.412652 17919 feature_matching.cc:217] in 0.136s
2026-05-19T14:12:18 COLMAP[chunk_10_sequential_matcher] I20260519 14:12:17.412724 17919 pairing.cc:473] Processing image [135/173]
2026-05-19T14:12:18 COLMAP[chunk_10_sequential_matcher] I20260519 14:12:17.785629 17919 feature_matching.cc:217] in 0.373s
2026-05-19T14:12:18 COLMAP[chunk_10_sequential_matcher] I20260519 14:12:17.785677 17919 pairing.cc:473] Processing image [136/173]
2026-05-19T14:12:18 COLMAP[chunk_10_sequential_matcher] I20260519 14:12:18.168088 17919 feature_matching.cc:217] in 0.382s
2026-05-19T14:12:18 COLMAP[chunk_10_sequential_matcher] I20260519 14:12:18.168138 17919 pairing.cc:473] Processing image [137/173]
2026-05-19T14:12:18 COLMAP[chunk_10_sequential_matcher] I20260519 14:12:18.301510 17919 feature_matching.cc:217] in 0.133s
2026-05-19T14:12:18 COLMAP[chunk_10_sequential_matcher] I20260519 14:12:18.301556 17919 pairing.cc:473] Processing image [138/173]
2026-05-19T14:12:19 COLMAP[chunk_10_sequential_matcher] I20260519 14:12:18.367350 17919 feature_matching.cc:217] in 0.066s
2026-05-19T14:12:19 COLMAP[chunk_10_sequential_matcher] I20260519 14:12:18.367391 17919 pairing.cc:473] Processing image [139/173]
2026-05-19T14:12:19 COLMAP[chunk_10_sequential_matcher] I20260519 14:12:18.740171 17919 feature_matching.cc:217] in 0.373s
2026-05-19T14:12:19 COLMAP[chunk_10_sequential_matcher] I20260519 14:12:18.740231 17919 pairing.cc:473] Processing image [140/173]
2026-05-19T14:12:19 COLMAP[chunk_10_sequential_matcher] I20260519 14:12:18.828161 17919 feature_matching.cc:217] in 0.088s
2026-05-19T14:12:19 COLMAP[chunk_10_sequential_matcher] I20260519 14:12:18.828212 17919 pairing.cc:473] Processing image [141/173]
2026-05-19T14:12:19 COLMAP[chunk_10_sequential_matcher] I20260519 14:12:18.879534 17919 feature_matching.cc:217] in 0.051s
2026-05-19T14:12:19 COLMAP[chunk_10_sequential_matcher] I20260519 14:12:18.879581 17919 pairing.cc:473] Processing image [142/173]
2026-05-19T14:12:19 COLMAP[chunk_10_sequential_matcher] I20260519 14:12:18.914229 17919 feature_matching.cc:217] in 0.035s
2026-05-19T14:12:19 COLMAP[chunk_10_sequential_matcher] I20260519 14:12:18.914269 17919 pairing.cc:473] Processing image [143/173]
2026-05-19T14:12:19 COLMAP[chunk_10_sequential_matcher] I20260519 14:12:18.955224 17919 feature_matching.cc:217] in 0.041s
2026-05-19T14:12:19 COLMAP[chunk_10_sequential_matcher] I20260519 14:12:18.955261 17919 pairing.cc:473] Processing image [144/173]
2026-05-19T14:12:19 COLMAP[chunk_10_sequential_matcher] I20260519 14:12:19.006819 17919 feature_matching.cc:217] in 0.052s
2026-05-19T14:12:19 COLMAP[chunk_10_sequential_matcher] I20260519 14:12:19.006855 17919 pairing.cc:473] Processing image [145/173]
2026-05-19T14:12:19 COLMAP[chunk_10_sequential_matcher] I20260519 14:12:19.298879 17919 feature_matching.cc:217] in 0.292s
2026-05-19T14:12:19 COLMAP[chunk_10_sequential_matcher] I20260519 14:12:19.298929 17919 pairing.cc:473] Processing image [146/173]
2026-05-19T14:12:20 COLMAP[chunk_10_sequential_matcher] I20260519 14:12:19.659161 17919 feature_matching.cc:217] in 0.360s
2026-05-19T14:12:20 COLMAP[chunk_10_sequential_matcher] I20260519 14:12:19.659216 17919 pairing.cc:473] Processing image [147/173]
2026-05-19T14:12:20 COLMAP[chunk_10_sequential_matcher] I20260519 14:12:20.003909 17919 feature_matching.cc:217] in 0.345s
2026-05-19T14:12:20 COLMAP[chunk_10_sequential_matcher] I20260519 14:12:20.003959 17919 pairing.cc:473] Processing image [148/173]
2026-05-19T14:12:20 COLMAP[chunk_10_sequential_matcher] I20260519 14:12:20.239734 17919 feature_matching.cc:217] in 0.236s
2026-05-19T14:12:20 COLMAP[chunk_10_sequential_matcher] I20260519 14:12:20.239784 17919 pairing.cc:473] Processing image [149/173]
2026-05-19T14:12:21 COLMAP[chunk_10_sequential_matcher] I20260519 14:12:20.350764 17919 feature_matching.cc:217] in 0.111s
2026-05-19T14:12:21 COLMAP[chunk_10_sequential_matcher] I20260519 14:12:20.350816 17919 pairing.cc:473] Processing image [150/173]
2026-05-19T14:12:21 COLMAP[chunk_10_sequential_matcher] I20260519 14:12:20.662134 17919 feature_matching.cc:217] in 0.311s
2026-05-19T14:12:21 COLMAP[chunk_10_sequential_matcher] I20260519 14:12:20.662187 17919 pairing.cc:473] Processing image [151/173]
2026-05-19T14:12:21 COLMAP[chunk_10_sequential_matcher] I20260519 14:12:20.773170 17919 feature_matching.cc:217] in 0.111s
2026-05-19T14:12:21 COLMAP[chunk_10_sequential_matcher] I20260519 14:12:20.773222 17919 pairing.cc:473] Processing image [152/173]
2026-05-19T14:12:21 COLMAP[chunk_10_sequential_matcher] I20260519 14:12:21.132368 17919 feature_matching.cc:217] in 0.359s
2026-05-19T14:12:21 COLMAP[chunk_10_sequential_matcher] I20260519 14:12:21.132422 17919 pairing.cc:473] Processing image [153/173]
2026-05-19T14:12:22 COLMAP[chunk_10_sequential_matcher] I20260519 14:12:21.499372 17919 feature_matching.cc:217] in 0.367s
2026-05-19T14:12:22 COLMAP[chunk_10_sequential_matcher] I20260519 14:12:21.499425 17919 pairing.cc:473] Processing image [154/173]
2026-05-19T14:12:22 COLMAP[chunk_10_sequential_matcher] I20260519 14:12:21.869539 17919 feature_matching.cc:217] in 0.370s
2026-05-19T14:12:22 COLMAP[chunk_10_sequential_matcher] I20260519 14:12:21.869590 17919 pairing.cc:473] Processing image [155/173]
2026-05-19T14:12:22 COLMAP[chunk_10_sequential_matcher] I20260519 14:12:22.182056 17919 feature_matching.cc:217] in 0.313s
2026-05-19T14:12:22 COLMAP[chunk_10_sequential_matcher] I20260519 14:12:22.182111 17919 pairing.cc:473] Processing image [156/173]
2026-05-19T14:12:23 COLMAP[chunk_10_sequential_matcher] I20260519 14:12:22.372344 17919 feature_matching.cc:217] in 0.190s
2026-05-19T14:12:23 COLMAP[chunk_10_sequential_matcher] I20260519 14:12:22.372391 17919 pairing.cc:473] Processing image [157/173]
2026-05-19T14:12:23 COLMAP[chunk_10_sequential_matcher] I20260519 14:12:22.698971 17919 feature_matching.cc:217] in 0.327s
2026-05-19T14:12:23 COLMAP[chunk_10_sequential_matcher] I20260519 14:12:22.699023 17919 pairing.cc:473] Processing image [158/173]
2026-05-19T14:12:23 COLMAP[chunk_10_sequential_matcher] I20260519 14:12:23.048720 17919 feature_matching.cc:217] in 0.350s
2026-05-19T14:12:23 COLMAP[chunk_10_sequential_matcher] I20260519 14:12:23.048769 17919 pairing.cc:473] Processing image [159/173]
2026-05-19T14:12:24 COLMAP[chunk_10_sequential_matcher] I20260519 14:12:23.541803 17919 feature_matching.cc:217] in 0.493s
2026-05-19T14:12:24 COLMAP[chunk_10_sequential_matcher] I20260519 14:12:23.541858 17919 pairing.cc:473] Processing image [160/173]
2026-05-19T14:12:24 COLMAP[chunk_10_sequential_matcher] I20260519 14:12:24.139372 17919 feature_matching.cc:217] in 0.598s
2026-05-19T14:12:24 COLMAP[chunk_10_sequential_matcher] I20260519 14:12:24.139420 17919 pairing.cc:473] Processing image [161/173]
2026-05-19T14:12:24 COLMAP[chunk_10_sequential_matcher] I20260519 14:12:24.139497 17919 feature_matching.cc:217] in 0.000s
2026-05-19T14:12:24 COLMAP[chunk_10_sequential_matcher] I20260519 14:12:24.139515 17919 pairing.cc:473] Processing image [162/173]
2026-05-19T14:12:24 COLMAP[chunk_10_sequential_matcher] I20260519 14:12:24.139618 17919 feature_matching.cc:217] in 0.000s
2026-05-19T14:12:24 COLMAP[chunk_10_sequential_matcher] I20260519 14:12:24.139636 17919 pairing.cc:473] Processing image [163/173]
2026-05-19T14:12:24 COLMAP[chunk_10_sequential_matcher] I20260519 14:12:24.139714 17919 feature_matching.cc:217] in 0.000s
2026-05-19T14:12:24 COLMAP[chunk_10_sequential_matcher] I20260519 14:12:24.139756 17919 pairing.cc:473] Processing image [164/173]
2026-05-19T14:12:24 COLMAP[chunk_10_sequential_matcher] I20260519 14:12:24.139835 17919 feature_matching.cc:217] in 0.000s
2026-05-19T14:12:24 COLMAP[chunk_10_sequential_matcher] I20260519 14:12:24.139854 17919 pairing.cc:473] Processing image [165/173]
2026-05-19T14:12:24 COLMAP[chunk_10_sequential_matcher] I20260519 14:12:24.139930 17919 feature_matching.cc:217] in 0.000s
2026-05-19T14:12:24 COLMAP[chunk_10_sequential_matcher] I20260519 14:12:24.139945 17919 pairing.cc:473] Processing image [166/173]
2026-05-19T14:12:24 COLMAP[chunk_10_sequential_matcher] I20260519 14:12:24.140004 17919 feature_matching.cc:217] in 0.000s
2026-05-19T14:12:24 COLMAP[chunk_10_sequential_matcher] I20260519 14:12:24.140018 17919 pairing.cc:473] Processing image [167/173]
2026-05-19T14:12:24 COLMAP[chunk_10_sequential_matcher] I20260519 14:12:24.140076 17919 feature_matching.cc:217] in 0.000s
2026-05-19T14:12:24 COLMAP[chunk_10_sequential_matcher] I20260519 14:12:24.140090 17919 pairing.cc:473] Processing image [168/173]
2026-05-19T14:12:24 COLMAP[chunk_10_sequential_matcher] I20260519 14:12:24.140151 17919 feature_matching.cc:217] in 0.000s
2026-05-19T14:12:24 COLMAP[chunk_10_sequential_matcher] I20260519 14:12:24.140166 17919 pairing.cc:473] Processing image [169/173]
2026-05-19T14:12:24 COLMAP[chunk_10_sequential_matcher] I20260519 14:12:24.140223 17919 feature_matching.cc:217] in 0.000s
2026-05-19T14:12:24 COLMAP[chunk_10_sequential_matcher] I20260519 14:12:24.140236 17919 pairing.cc:473] Processing image [170/173]
2026-05-19T14:12:24 COLMAP[chunk_10_sequential_matcher] I20260519 14:12:24.140273 17919 feature_matching.cc:217] in 0.000s
2026-05-19T14:12:24 COLMAP[chunk_10_sequential_matcher] I20260519 14:12:24.140285 17919 pairing.cc:473] Processing image [171/173]
2026-05-19T14:12:24 COLMAP[chunk_10_sequential_matcher] I20260519 14:12:24.140329 17919 feature_matching.cc:217] in 0.000s
2026-05-19T14:12:24 COLMAP[chunk_10_sequential_matcher] I20260519 14:12:24.140341 17919 pairing.cc:473] Processing image [172/173]
2026-05-19T14:12:24 COLMAP[chunk_10_sequential_matcher] I20260519 14:12:24.140364 17919 feature_matching.cc:217] in 0.000s
2026-05-19T14:12:24 COLMAP[chunk_10_sequential_matcher] I20260519 14:12:24.140376 17919 pairing.cc:473] Processing image [173/173]
2026-05-19T14:12:24 COLMAP[chunk_10_sequential_matcher] I20260519 14:12:24.140386 17919 feature_matching.cc:217] in 0.000s
2026-05-19T14:12:24 COLMAP[chunk_10_sequential_matcher] I20260519 14:12:24.140398 17919 timer.cc:90] Elapsed time: 0.725 [minutes]
2026-05-19T14:12:24 2026-05-19 14:12:24,200 - INFO - chunk_10_sequential_matcher added 745 verified image pairs
2026-05-19T14:12:24 2026-05-19 14:12:24,200 - INFO - [chunk_10_mapper_initial] colmap mapper --database_path /tmp/colmap_sfm_rcnmny4o/chunk_10/database.db --image_path /tmp/colmap_sfm_rcnmny4o/images --output_path /tmp/colmap_sfm_rcnmny4o/chunk_10/sparse_initial --Mapper.num_threads -1 --Mapper.ba_refine_principal_point 0
2026-05-19T14:12:25 COLMAP[chunk_10_mapper_initial] I20260519 14:12:24.351346 17955 incremental_pipeline.cc:265] Loading database
2026-05-19T14:12:25 COLMAP[chunk_10_mapper_initial] I20260519 14:12:24.351891 17955 database_cache.cc:72] Loading rigs...
2026-05-19T14:12:25 COLMAP[chunk_10_mapper_initial] I20260519 14:12:24.352088 17955 database_cache.cc:82]  1 in 0.000s
2026-05-19T14:12:25 COLMAP[chunk_10_mapper_initial] I20260519 14:12:24.352113 17955 database_cache.cc:90] Loading cameras...
2026-05-19T14:12:25 COLMAP[chunk_10_mapper_initial] I20260519 14:12:24.352151 17955 database_cache.cc:108]  1 in 0.000s
2026-05-19T14:12:25 COLMAP[chunk_10_mapper_initial] I20260519 14:12:24.352167 17955 database_cache.cc:116] Loading frames...
2026-05-19T14:12:25 COLMAP[chunk_10_mapper_initial] I20260519 14:12:24.354372 17955 database_cache.cc:126]  1710 in 0.002s
2026-05-19T14:12:25 COLMAP[chunk_10_mapper_initial] I20260519 14:12:24.354400 17955 database_cache.cc:134] Loading matches...
2026-05-19T14:12:25 COLMAP[chunk_10_mapper_initial] I20260519 14:12:24.395498 17955 database_cache.cc:139]  1733 in 0.041s
2026-05-19T14:12:25 COLMAP[chunk_10_mapper_initial] I20260519 14:12:24.395548 17955 database_cache.cc:147] Loading images...
2026-05-19T14:12:25 COLMAP[chunk_10_mapper_initial] I20260519 14:12:24.465018 17955 database_cache.cc:241]  173 in 0.070s (connected 173, loaded 173)
2026-05-19T14:12:25 COLMAP[chunk_10_mapper_initial] I20260519 14:12:24.465083 17955 database_cache.cc:255] Loading pose priors...
2026-05-19T14:12:25 COLMAP[chunk_10_mapper_initial] I20260519 14:12:24.466017 17955 database_cache.cc:263]  1710 in 0.001s
2026-05-19T14:12:25 COLMAP[chunk_10_mapper_initial] I20260519 14:12:24.466049 17955 database_cache.cc:271] Building correspondence graph...
2026-05-19T14:12:25 COLMAP[chunk_10_mapper_initial] I20260519 14:12:25.200224 17955 database_cache.cc:300]  in 0.734s (ignored 0)
2026-05-19T14:12:25 COLMAP[chunk_10_mapper_initial] I20260519 14:12:25.200349 17955 timer.cc:90] Elapsed time: 0.014 [minutes]
2026-05-19T14:12:25 COLMAP[chunk_10_mapper_initial] I20260519 14:12:25.211768 17955 incremental_pipeline.cc:377] Finding good initial image pair
2026-05-19T14:12:27 COLMAP[chunk_10_mapper_initial] I20260519 14:12:26.320752 17955 incremental_pipeline.cc:401] Registering initial image pair #964 and #968
2026-05-19T14:12:27 COLMAP[chunk_10_mapper_initial] I20260519 14:12:26.330986 17955 incremental_pipeline.cc:419] Global bundle adjustment
2026-05-19T14:12:27 COLMAP[chunk_10_mapper_initial] I20260519 14:12:26.581424 17955 incremental_pipeline.cc:524] Registering image #880 (num_reg_frames=2)
2026-05-19T14:12:27 COLMAP[chunk_10_mapper_initial] I20260519 14:12:26.581478 17955 incremental_pipeline.cc:527] => Image sees 197 / 7974 points
2026-05-19T14:12:27 COLMAP[chunk_10_mapper_initial] I20260519 14:12:26.898088 17955 incremental_pipeline.cc:78] Retriangulation and Global bundle adjustment
2026-05-19T14:12:27 COLMAP[chunk_10_mapper_initial] I20260519 14:12:27.125195 17955 incremental_pipeline.cc:524] Registering image #983 (num_reg_frames=3)
2026-05-19T14:12:27 COLMAP[chunk_10_mapper_initial] I20260519 14:12:27.125250 17955 incremental_pipeline.cc:527] => Image sees 2113 / 7644 points
2026-05-19T14:12:28 COLMAP[chunk_10_mapper_initial] I20260519 14:12:27.659204 17955 incremental_pipeline.cc:78] Retriangulation and Global bundle adjustment
2026-05-19T14:12:28 COLMAP[chunk_10_mapper_initial] I20260519 14:12:27.972169 17955 incremental_pipeline.cc:524] Registering image #984 (num_reg_frames=4)
2026-05-19T14:12:28 COLMAP[chunk_10_mapper_initial] I20260519 14:12:27.972221 17955 incremental_pipeline.cc:527] => Image sees 2249 / 7471 points
2026-05-19T14:12:29 COLMAP[chunk_10_mapper_initial] I20260519 14:12:29.140770 17955 incremental_pipeline.cc:78] Retriangulation and Global bundle adjustment
2026-05-19T14:12:30 COLMAP[chunk_10_mapper_initial] I20260519 14:12:29.476722 17955 incremental_pipeline.cc:524] Registering image #881 (num_reg_frames=5)
2026-05-19T14:12:30 COLMAP[chunk_10_mapper_initial] I20260519 14:12:29.476775 17955 incremental_pipeline.cc:527] => Image sees 3867 / 7811 points
2026-05-19T14:12:31 COLMAP[chunk_10_mapper_initial] I20260519 14:12:30.769290 17955 incremental_pipeline.cc:78] Retriangulation and Global bundle adjustment
2026-05-19T14:12:31 COLMAP[chunk_10_mapper_initial] I20260519 14:12:31.137459 17955 incremental_pipeline.cc:524] Registering image #985 (num_reg_frames=6)
2026-05-19T14:12:31 COLMAP[chunk_10_mapper_initial] I20260519 14:12:31.137518 17955 incremental_pipeline.cc:527] => Image sees 3439 / 7708 points
2026-05-19T14:12:32 COLMAP[chunk_10_mapper_initial] I20260519 14:12:32.204115 17955 incremental_pipeline.cc:78] Retriangulation and Global bundle adjustment
2026-05-19T14:12:33 COLMAP[chunk_10_mapper_initial] I20260519 14:12:32.696707 17955 incremental_pipeline.cc:524] Registering image #882 (num_reg_frames=7)
2026-05-19T14:12:33 COLMAP[chunk_10_mapper_initial] I20260519 14:12:32.696761 17955 incremental_pipeline.cc:527] => Image sees 4251 / 7782 points
2026-05-19T14:12:34 COLMAP[chunk_10_mapper_initial] I20260519 14:12:33.880465 17955 incremental_pipeline.cc:78] Retriangulation and Global bundle adjustment
2026-05-19T14:12:35 COLMAP[chunk_10_mapper_initial] I20260519 14:12:34.462517 17955 incremental_pipeline.cc:524] Registering image #864 (num_reg_frames=8)
2026-05-19T14:12:35 COLMAP[chunk_10_mapper_initial] I20260519 14:12:34.462574 17955 incremental_pipeline.cc:527] => Image sees 3990 / 7329 points
2026-05-19T14:12:36 COLMAP[chunk_10_mapper_initial] I20260519 14:12:35.651849 17955 incremental_pipeline.cc:78] Retriangulation and Global bundle adjustment
2026-05-19T14:12:37 COLMAP[chunk_10_mapper_initial] I20260519 14:12:36.778281 17955 incremental_pipeline.cc:524] Registering image #1007 (num_reg_frames=9)
2026-05-19T14:12:37 COLMAP[chunk_10_mapper_initial] I20260519 14:12:36.778337 17955 incremental_pipeline.cc:527] => Image sees 3600 / 7089 points
2026-05-19T14:12:38 COLMAP[chunk_10_mapper_initial] I20260519 14:12:37.972954 17955 incremental_pipeline.cc:78] Retriangulation and Global bundle adjustment
2026-05-19T14:12:39 COLMAP[chunk_10_mapper_initial] I20260519 14:12:39.037518 17955 incremental_pipeline.cc:524] Registering image #863 (num_reg_frames=10)
2026-05-19T14:12:39 COLMAP[chunk_10_mapper_initial] I20260519 14:12:39.037568 17955 incremental_pipeline.cc:527] => Image sees 3764 / 7544 points
2026-05-19T14:12:40 COLMAP[chunk_10_mapper_initial] I20260519 14:12:40.262425 17955 incremental_pipeline.cc:78] Retriangulation and Global bundle adjustment
2026-05-19T14:12:41 COLMAP[chunk_10_mapper_initial] I20260519 14:12:40.986848 17955 incremental_pipeline.cc:524] Registering image #986 (num_reg_frames=11)
2026-05-19T14:12:41 COLMAP[chunk_10_mapper_initial] I20260519 14:12:40.986901 17955 incremental_pipeline.cc:527] => Image sees 4187 / 7453 points
2026-05-19T14:12:43 COLMAP[chunk_10_mapper_initial] I20260519 14:12:42.410801 17955 incremental_pipeline.cc:524] Registering image #883 (num_reg_frames=12)
2026-05-19T14:12:43 COLMAP[chunk_10_mapper_initial] I20260519 14:12:42.410856 17955 incremental_pipeline.cc:527] => Image sees 4615 / 7466 points
2026-05-19T14:12:44 COLMAP[chunk_10_mapper_initial] I20260519 14:12:43.897225 17955 incremental_pipeline.cc:78] Retriangulation and Global bundle adjustment
2026-05-19T14:12:45 COLMAP[chunk_10_mapper_initial] I20260519 14:12:44.803534 17955 incremental_pipeline.cc:524] Registering image #862 (num_reg_frames=13)
2026-05-19T14:12:45 COLMAP[chunk_10_mapper_initial] I20260519 14:12:44.803592 17955 incremental_pipeline.cc:527] => Image sees 4333 / 7586 points
2026-05-19T14:12:47 COLMAP[chunk_10_mapper_initial] I20260519 14:12:46.346957 17955 incremental_pipeline.cc:524] Registering image #1006 (num_reg_frames=14)
2026-05-19T14:12:47 COLMAP[chunk_10_mapper_initial] I20260519 14:12:46.347008 17955 incremental_pipeline.cc:527] => Image sees 4732 / 7803 points
2026-05-19T14:12:48 COLMAP[chunk_10_mapper_initial] I20260519 14:12:47.947714 17955 incremental_pipeline.cc:78] Retriangulation and Global bundle adjustment
2026-05-19T14:12:50 COLMAP[chunk_10_mapper_initial] I20260519 14:12:49.658753 17955 incremental_pipeline.cc:524] Registering image #1005 (num_reg_frames=15)
2026-05-19T14:12:50 COLMAP[chunk_10_mapper_initial] I20260519 14:12:49.658807 17955 incremental_pipeline.cc:527] => Image sees 5041 / 7759 points
2026-05-19T14:12:51 COLMAP[chunk_10_mapper_initial] I20260519 14:12:51.320967 17955 incremental_pipeline.cc:524] Registering image #884 (num_reg_frames=16)
2026-05-19T14:12:51 COLMAP[chunk_10_mapper_initial] I20260519 14:12:51.321024 17955 incremental_pipeline.cc:527] => Image sees 5016 / 10270 points
2026-05-19T14:12:53 COLMAP[chunk_10_mapper_initial] I20260519 14:12:52.843273 17955 incremental_pipeline.cc:78] Retriangulation and Global bundle adjustment
2026-05-19T14:12:54 COLMAP[chunk_10_mapper_initial] I20260519 14:12:54.037385 17955 incremental_pipeline.cc:524] Registering image #987 (num_reg_frames=17)
2026-05-19T14:12:54 COLMAP[chunk_10_mapper_initial] I20260519 14:12:54.037438 17955 incremental_pipeline.cc:527] => Image sees 4644 / 7491 points
2026-05-19T14:12:56 COLMAP[chunk_10_mapper_initial] I20260519 14:12:55.616724 17955 incremental_pipeline.cc:524] Registering image #861 (num_reg_frames=18)
2026-05-19T14:12:56 COLMAP[chunk_10_mapper_initial] I20260519 14:12:55.616791 17955 incremental_pipeline.cc:527] => Image sees 4021 / 7388 points
2026-05-19T14:12:57 COLMAP[chunk_10_mapper_initial] I20260519 14:12:56.937191 17955 incremental_pipeline.cc:78] Retriangulation and Global bundle adjustment
2026-05-19T14:12:59 COLMAP[chunk_10_mapper_initial] I20260519 14:12:59.102417 17955 incremental_pipeline.cc:524] Registering image #847 (num_reg_frames=19)
2026-05-19T14:12:59 COLMAP[chunk_10_mapper_initial] I20260519 14:12:59.102470 17955 incremental_pipeline.cc:527] => Image sees 4092 / 7039 points
2026-05-19T14:13:01 COLMAP[chunk_10_mapper_initial] I20260519 14:13:00.483608 17955 incremental_pipeline.cc:524] Registering image #1004 (num_reg_frames=20)
2026-05-19T14:13:01 COLMAP[chunk_10_mapper_initial] I20260519 14:13:00.483661 17955 incremental_pipeline.cc:527] => Image sees 4850 / 7523 points
2026-05-19T14:13:02 COLMAP[chunk_10_mapper_initial] I20260519 14:13:02.064994 17955 incremental_pipeline.cc:78] Retriangulation and Global bundle adjustment
2026-05-19T14:13:05 COLMAP[chunk_10_mapper_initial] I20260519 14:13:04.669716 17955 incremental_pipeline.cc:524] Registering image #988 (num_reg_frames=21)
2026-05-19T14:13:05 COLMAP[chunk_10_mapper_initial] I20260519 14:13:04.669770 17955 incremental_pipeline.cc:527] => Image sees 5146 / 10168 points
2026-05-19T14:13:06 COLMAP[chunk_10_mapper_initial] I20260519 14:13:06.268410 17955 incremental_pipeline.cc:524] Registering image #885 (num_reg_frames=22)
2026-05-19T14:13:06 COLMAP[chunk_10_mapper_initial] I20260519 14:13:06.268465 17955 incremental_pipeline.cc:527] => Image sees 5897 / 10201 points
2026-05-19T14:13:08 COLMAP[chunk_10_mapper_initial] I20260519 14:13:08.094349 17955 incremental_pipeline.cc:524] Registering image #860 (num_reg_frames=23)
2026-05-19T14:13:08 COLMAP[chunk_10_mapper_initial] I20260519 14:13:08.094404 17955 incremental_pipeline.cc:527] => Image sees 4179 / 9380 points
2026-05-19T14:13:10 COLMAP[chunk_10_mapper_initial] I20260519 14:13:09.452219 17955 incremental_pipeline.cc:78] Retriangulation and Global bundle adjustment
2026-05-19T14:13:13 COLMAP[chunk_10_mapper_initial] I20260519 14:13:12.591288 17955 incremental_pipeline.cc:524] Registering image #848 (num_reg_frames=24)
2026-05-19T14:13:13 COLMAP[chunk_10_mapper_initial] I20260519 14:13:12.591346 17955 incremental_pipeline.cc:527] => Image sees 3774 / 7387 points
2026-05-19T14:13:14 COLMAP[chunk_10_mapper_initial] I20260519 14:13:13.916286 17955 incremental_pipeline.cc:524] Registering image #1003 (num_reg_frames=25)
2026-05-19T14:13:14 COLMAP[chunk_10_mapper_initial] I20260519 14:13:13.916339 17955 incremental_pipeline.cc:527] => Image sees 4732 / 7444 points
2026-05-19T14:13:16 COLMAP[chunk_10_mapper_initial] I20260519 14:13:15.531378 17955 incremental_pipeline.cc:524] Registering image #989 (num_reg_frames=26)
2026-05-19T14:13:16 COLMAP[chunk_10_mapper_initial] I20260519 14:13:15.531436 17955 incremental_pipeline.cc:527] => Image sees 4560 / 7550 points
2026-05-19T14:13:17 COLMAP[chunk_10_mapper_initial] I20260519 14:13:17.017216 17955 incremental_pipeline.cc:78] Retriangulation and Global bundle adjustment
2026-05-19T14:13:21 COLMAP[chunk_10_mapper_initial] I20260519 14:13:20.549247 17955 incremental_pipeline.cc:524] Registering image #886 (num_reg_frames=27)
2026-05-19T14:13:21 COLMAP[chunk_10_mapper_initial] I20260519 14:13:20.549309 17955 incremental_pipeline.cc:527] => Image sees 5573 / 9967 points
2026-05-19T14:13:23 COLMAP[chunk_10_mapper_initial] I20260519 14:13:22.355888 17955 incremental_pipeline.cc:524] Registering image #1025 (num_reg_frames=28)
2026-05-19T14:13:23 COLMAP[chunk_10_mapper_initial] I20260519 14:13:22.355942 17955 incremental_pipeline.cc:527] => Image sees 3772 / 7337 points
2026-05-19T14:13:24 COLMAP[chunk_10_mapper_initial] I20260519 14:13:23.721880 17955 incremental_pipeline.cc:524] Registering image #990 (num_reg_frames=29)
2026-05-19T14:13:24 COLMAP[chunk_10_mapper_initial] I20260519 14:13:23.721935 17955 incremental_pipeline.cc:527] => Image sees 3883 / 7490 points
2026-05-19T14:13:25 COLMAP[chunk_10_mapper_initial] I20260519 14:13:25.041069 17955 incremental_pipeline.cc:78] Retriangulation and Global bundle adjustment
2026-05-19T14:13:29 COLMAP[chunk_10_mapper_initial] I20260519 14:13:28.915896 17955 incremental_pipeline.cc:524] Registering image #859 (num_reg_frames=30)
2026-05-19T14:13:29 COLMAP[chunk_10_mapper_initial] I20260519 14:13:28.915982 17955 incremental_pipeline.cc:527] => Image sees 4785 / 9190 points
2026-05-19T14:13:31 COLMAP[chunk_10_mapper_initial] I20260519 14:13:30.469295 17955 incremental_pipeline.cc:524] Registering image #1002 (num_reg_frames=31)
2026-05-19T14:13:31 COLMAP[chunk_10_mapper_initial] I20260519 14:13:30.469347 17955 incremental_pipeline.cc:527] => Image sees 5799 / 9639 points
2026-05-19T14:13:32 COLMAP[chunk_10_mapper_initial] I20260519 14:13:32.271427 17955 incremental_pipeline.cc:524] Registering image #849 (num_reg_frames=32)
2026-05-19T14:13:32 COLMAP[chunk_10_mapper_initial] I20260519 14:13:32.271482 17955 incremental_pipeline.cc:527] => Image sees 4599 / 7391 points
2026-05-19T14:13:34 COLMAP[chunk_10_mapper_initial] I20260519 14:13:33.633606 17955 incremental_pipeline.cc:78] Retriangulation and Global bundle adjustment
2026-05-19T14:13:38 COLMAP[chunk_10_mapper_initial] I20260519 14:13:38.257310 17955 incremental_pipeline.cc:524] Registering image #887 (num_reg_frames=33)
2026-05-19T14:13:38 COLMAP[chunk_10_mapper_initial] I20260519 14:13:38.257367 17955 incremental_pipeline.cc:527] => Image sees 5764 / 9826 points
2026-05-19T14:13:40 COLMAP[chunk_10_mapper_initial] I20260519 14:13:40.020785 17955 incremental_pipeline.cc:524] Registering image #1026 (num_reg_frames=34)
2026-05-19T14:13:40 COLMAP[chunk_10_mapper_initial] I20260519 14:13:40.020843 17955 incremental_pipeline.cc:527] => Image sees 3914 / 7494 points
2026-05-19T14:13:42 COLMAP[chunk_10_mapper_initial] I20260519 14:13:41.363391 17955 incremental_pipeline.cc:524] Registering image #1035 (num_reg_frames=35)
2026-05-19T14:13:42 COLMAP[chunk_10_mapper_initial] I20260519 14:13:41.363443 17955 incremental_pipeline.cc:527] => Image sees 4133 / 6586 points
2026-05-19T14:13:43 COLMAP[chunk_10_mapper_initial] I20260519 14:13:42.715610 17955 incremental_pipeline.cc:524] Registering image #858 (num_reg_frames=36)
2026-05-19T14:13:43 COLMAP[chunk_10_mapper_initial] I20260519 14:13:42.715662 17955 incremental_pipeline.cc:527] => Image sees 4038 / 7142 points
2026-05-19T14:13:44 COLMAP[chunk_10_mapper_initial] I20260519 14:13:44.044166 17955 incremental_pipeline.cc:78] Retriangulation and Global bundle adjustment
2026-05-19T14:13:49 COLMAP[chunk_10_mapper_initial] I20260519 14:13:49.064167 17955 incremental_pipeline.cc:524] Registering image #850 (num_reg_frames=37)
2026-05-19T14:13:49 COLMAP[chunk_10_mapper_initial] I20260519 14:13:49.064224 17955 incremental_pipeline.cc:527] => Image sees 3942 / 7218 points
2026-05-19T14:13:51 COLMAP[chunk_10_mapper_initial] I20260519 14:13:50.416879 17955 incremental_pipeline.cc:524] Registering image #1027 (num_reg_frames=38)
2026-05-19T14:13:51 COLMAP[chunk_10_mapper_initial] I20260519 14:13:50.416934 17955 incremental_pipeline.cc:527] => Image sees 4039 / 7088 points
2026-05-19T14:13:52 COLMAP[chunk_10_mapper_initial] I20260519 14:13:51.754307 17955 incremental_pipeline.cc:524] Registering image #1034 (num_reg_frames=39)
2026-05-19T14:13:52 COLMAP[chunk_10_mapper_initial] I20260519 14:13:51.754356 17955 incremental_pipeline.cc:527] => Image sees 4368 / 6539 points
2026-05-19T14:13:53 COLMAP[chunk_10_mapper_initial] I20260519 14:13:53.151448 17955 incremental_pipeline.cc:524] Registering image #1001 (num_reg_frames=40)
2026-05-19T14:13:53 COLMAP[chunk_10_mapper_initial] I20260519 14:13:53.151499 17955 incremental_pipeline.cc:527] => Image sees 5038 / 7239 points
2026-05-19T14:13:55 COLMAP[chunk_10_mapper_initial] I20260519 14:13:54.750437 17955 incremental_pipeline.cc:78] Retriangulation and Global bundle adjustment
2026-05-19T14:14:03 COLMAP[chunk_10_mapper_initial] I20260519 14:14:02.935787 17955 incremental_pipeline.cc:524] Registering image #991 (num_reg_frames=41)
2026-05-19T14:14:03 COLMAP[chunk_10_mapper_initial] I20260519 14:14:02.935861 17955 incremental_pipeline.cc:527] => Image sees 4692 / 7289 points
2026-05-19T14:14:05 COLMAP[chunk_10_mapper_initial] I20260519 14:14:04.434208 17955 incremental_pipeline.cc:524] Registering image #888 (num_reg_frames=42)
2026-05-19T14:14:05 COLMAP[chunk_10_mapper_initial] I20260519 14:14:04.434257 17955 incremental_pipeline.cc:527] => Image sees 5682 / 9530 points
2026-05-19T14:14:06 COLMAP[chunk_10_mapper_initial] I20260519 14:14:06.198966 17955 incremental_pipeline.cc:524] Registering image #1000 (num_reg_frames=43)
2026-05-19T14:14:06 COLMAP[chunk_10_mapper_initial] I20260519 14:14:06.199018 17955 incremental_pipeline.cc:527] => Image sees 4308 / 7343 points
2026-05-19T14:14:08 COLMAP[chunk_10_mapper_initial] I20260519 14:14:07.611510 17955 incremental_pipeline.cc:524] Registering image #857 (num_reg_frames=44)
2026-05-19T14:14:08 COLMAP[chunk_10_mapper_initial] I20260519 14:14:07.611567 17955 incremental_pipeline.cc:527] => Image sees 4382 / 7312 points
2026-05-19T14:14:09 COLMAP[chunk_10_mapper_initial] I20260519 14:14:09.098184 17955 incremental_pipeline.cc:524] Registering image #992 (num_reg_frames=45)
2026-05-19T14:14:09 COLMAP[chunk_10_mapper_initial] I20260519 14:14:09.098237 17955 incremental_pipeline.cc:527] => Image sees 4643 / 7388 points
2026-05-19T14:14:11 COLMAP[chunk_10_mapper_initial] I20260519 14:14:10.491971 17955 incremental_pipeline.cc:78] Retriangulation and Global bundle adjustment
2026-05-19T14:14:18 COLMAP[chunk_10_mapper_initial] I20260519 14:14:17.382177 17955 incremental_pipeline.cc:524] Registering image #851 (num_reg_frames=46)
2026-05-19T14:14:18 COLMAP[chunk_10_mapper_initial] I20260519 14:14:17.382229 17955 incremental_pipeline.cc:527] => Image sees 4355 / 7456 points
2026-05-19T14:14:19 COLMAP[chunk_10_mapper_initial] I20260519 14:14:18.806950 17955 incremental_pipeline.cc:524] Registering image #903 (num_reg_frames=47)
2026-05-19T14:14:19 COLMAP[chunk_10_mapper_initial] I20260519 14:14:18.807006 17955 incremental_pipeline.cc:527] => Image sees 5677 / 9687 points
2026-05-19T14:14:21 COLMAP[chunk_10_mapper_initial] I20260519 14:14:20.653292 17955 incremental_pipeline.cc:524] Registering image #902 (num_reg_frames=48)
2026-05-19T14:14:21 COLMAP[chunk_10_mapper_initial] I20260519 14:14:20.653344 17955 incremental_pipeline.cc:527] => Image sees 6081 / 9723 points
2026-05-19T14:14:23 COLMAP[chunk_10_mapper_initial] I20260519 14:14:22.435487 17955 incremental_pipeline.cc:524] Registering image #901 (num_reg_frames=49)
2026-05-19T14:14:23 COLMAP[chunk_10_mapper_initial] I20260519 14:14:22.435544 17955 incremental_pipeline.cc:527] => Image sees 6060 / 9862 points
2026-05-19T14:14:24 COLMAP[chunk_10_mapper_initial] I20260519 14:14:24.262887 17955 incremental_pipeline.cc:524] Registering image #904 (num_reg_frames=50)
2026-05-19T14:14:24 COLMAP[chunk_10_mapper_initial] I20260519 14:14:24.262935 17955 incremental_pipeline.cc:527] => Image sees 5874 / 9635 points
2026-05-19T14:14:26 COLMAP[chunk_10_mapper_initial] I20260519 14:14:25.972893 17955 incremental_pipeline.cc:78] Retriangulation and Global bundle adjustment
2026-05-19T14:14:34 COLMAP[chunk_10_mapper_initial] I20260519 14:14:34.275228 17955 incremental_pipeline.cc:524] Registering image #905 (num_reg_frames=51)
2026-05-19T14:14:34 COLMAP[chunk_10_mapper_initial] I20260519 14:14:34.275322 17955 incremental_pipeline.cc:527] => Image sees 5584 / 9641 points
2026-05-19T14:14:36 COLMAP[chunk_10_mapper_initial] I20260519 14:14:35.961017 17955 incremental_pipeline.cc:524] Registering image #889 (num_reg_frames=52)
2026-05-19T14:14:36 COLMAP[chunk_10_mapper_initial] I20260519 14:14:35.961071 17955 incremental_pipeline.cc:527] => Image sees 4584 / 7146 points
2026-05-19T14:14:38 COLMAP[chunk_10_mapper_initial] I20260519 14:14:37.474262 17955 incremental_pipeline.cc:524] Registering image #998 (num_reg_frames=53)
2026-05-19T14:14:38 COLMAP[chunk_10_mapper_initial] I20260519 14:14:37.474313 17955 incremental_pipeline.cc:527] => Image sees 4381 / 7596 points
2026-05-19T14:14:39 COLMAP[chunk_10_mapper_initial] I20260519 14:14:38.931591 17955 incremental_pipeline.cc:524] Registering image #993 (num_reg_frames=54)
2026-05-19T14:14:39 COLMAP[chunk_10_mapper_initial] I20260519 14:14:38.931643 17955 incremental_pipeline.cc:527] => Image sees 4475 / 7629 points
2026-05-19T14:14:41 COLMAP[chunk_10_mapper_initial] I20260519 14:14:40.387212 17955 incremental_pipeline.cc:524] Registering image #856 (num_reg_frames=55)
2026-05-19T14:14:41 COLMAP[chunk_10_mapper_initial] I20260519 14:14:40.387259 17955 incremental_pipeline.cc:527] => Image sees 4545 / 7539 points
2026-05-19T14:14:42 COLMAP[chunk_10_mapper_initial] I20260519 14:14:41.826260 17955 incremental_pipeline.cc:524] Registering image #852 (num_reg_frames=56)
2026-05-19T14:14:42 COLMAP[chunk_10_mapper_initial] I20260519 14:14:41.826311 17955 incremental_pipeline.cc:527] => Image sees 4782 / 7933 points
2026-05-19T14:14:43 COLMAP[chunk_10_mapper_initial] I20260519 14:14:43.210162 17955 incremental_pipeline.cc:78] Retriangulation and Global bundle adjustment
2026-05-19T14:14:54 COLMAP[chunk_10_mapper_initial] I20260519 14:14:53.888795 17955 incremental_pipeline.cc:524] Registering image #855 (num_reg_frames=57)
2026-05-19T14:14:54 COLMAP[chunk_10_mapper_initial] I20260519 14:14:53.888855 17955 incremental_pipeline.cc:527] => Image sees 4663 / 7746 points
2026-05-19T14:14:56 COLMAP[chunk_10_mapper_initial] I20260519 14:14:55.405867 17955 incremental_pipeline.cc:524] Registering image #853 (num_reg_frames=58)
2026-05-19T14:14:56 COLMAP[chunk_10_mapper_initial] I20260519 14:14:55.405918 17955 incremental_pipeline.cc:527] => Image sees 4882 / 7985 points
2026-05-19T14:14:57 COLMAP[chunk_10_mapper_initial] I20260519 14:14:56.964601 17955 incremental_pipeline.cc:524] Registering image #854 (num_reg_frames=59)
2026-05-19T14:14:57 COLMAP[chunk_10_mapper_initial] I20260519 14:14:56.964654 17955 incremental_pipeline.cc:527] => Image sees 5231 / 7865 points
2026-05-19T14:14:59 COLMAP[chunk_10_mapper_initial] I20260519 14:14:58.597039 17955 incremental_pipeline.cc:524] Registering image #999 (num_reg_frames=60)
2026-05-19T14:14:59 COLMAP[chunk_10_mapper_initial] I20260519 14:14:58.597093 17955 incremental_pipeline.cc:527] => Image sees 4836 / 7615 points
2026-05-19T14:15:00 COLMAP[chunk_10_mapper_initial] I20260519 14:15:00.169499 17955 incremental_pipeline.cc:524] Registering image #994 (num_reg_frames=61)
2026-05-19T14:15:00 COLMAP[chunk_10_mapper_initial] I20260519 14:15:00.169562 17955 incremental_pipeline.cc:527] => Image sees 4942 / 7873 points
2026-05-19T14:15:02 COLMAP[chunk_10_mapper_initial] I20260519 14:15:01.911165 17955 incremental_pipeline.cc:524] Registering image #997 (num_reg_frames=62)
2026-05-19T14:15:02 COLMAP[chunk_10_mapper_initial] I20260519 14:15:01.911221 17955 incremental_pipeline.cc:527] => Image sees 4326 / 7866 points
2026-05-19T14:15:03 COLMAP[chunk_10_mapper_initial] I20260519 14:15:03.336957 17955 incremental_pipeline.cc:78] Retriangulation and Global bundle adjustment
2026-05-19T14:15:15 COLMAP[chunk_10_mapper_initial] I20260519 14:15:15.340006 17955 incremental_pipeline.cc:524] Registering image #995 (num_reg_frames=63)
2026-05-19T14:15:15 COLMAP[chunk_10_mapper_initial] I20260519 14:15:15.340090 17955 incremental_pipeline.cc:527] => Image sees 4626 / 8083 points
2026-05-19T14:15:17 COLMAP[chunk_10_mapper_initial] I20260519 14:15:16.853304 17955 incremental_pipeline.cc:524] Registering image #996 (num_reg_frames=64)
2026-05-19T14:15:17 COLMAP[chunk_10_mapper_initial] I20260519 14:15:16.853358 17955 incremental_pipeline.cc:527] => Image sees 4600 / 7736 points
2026-05-19T14:15:19 COLMAP[chunk_10_mapper_initial] I20260519 14:15:18.454145 17955 incremental_pipeline.cc:524] Registering image #900 (num_reg_frames=65)
2026-05-19T14:15:19 COLMAP[chunk_10_mapper_initial] I20260519 14:15:18.454200 17955 incremental_pipeline.cc:527] => Image sees 4741 / 7374 points
2026-05-19T14:15:20 COLMAP[chunk_10_mapper_initial] I20260519 14:15:20.043762 17955 incremental_pipeline.cc:524] Registering image #890 (num_reg_frames=66)
2026-05-19T14:15:20 COLMAP[chunk_10_mapper_initial] I20260519 14:15:20.043823 17955 incremental_pipeline.cc:527] => Image sees 4772 / 7126 points
2026-05-19T14:15:22 COLMAP[chunk_10_mapper_initial] I20260519 14:15:21.612075 17955 incremental_pipeline.cc:524] Registering image #899 (num_reg_frames=67)
2026-05-19T14:15:22 COLMAP[chunk_10_mapper_initial] I20260519 14:15:21.612121 17955 incremental_pipeline.cc:527] => Image sees 4719 / 7190 points
2026-05-19T14:15:23 COLMAP[chunk_10_mapper_initial] I20260519 14:15:23.121204 17955 incremental_pipeline.cc:524] Registering image #891 (num_reg_frames=68)
2026-05-19T14:15:23 COLMAP[chunk_10_mapper_initial] I20260519 14:15:23.121258 17955 incremental_pipeline.cc:527] => Image sees 4285 / 7134 points
2026-05-19T14:15:25 COLMAP[chunk_10_mapper_initial] I20260519 14:15:24.541191 17955 incremental_pipeline.cc:524] Registering image #898 (num_reg_frames=69)
2026-05-19T14:15:25 COLMAP[chunk_10_mapper_initial] I20260519 14:15:24.541244 17955 incremental_pipeline.cc:527] => Image sees 4792 / 7207 points
2026-05-19T14:15:26 COLMAP[chunk_10_mapper_initial] I20260519 14:15:25.968225 17955 incremental_pipeline.cc:78] Retriangulation and Global bundle adjustment
2026-05-19T14:15:39 COLMAP[chunk_10_mapper_initial] I20260519 14:15:38.616514 17955 incremental_pipeline.cc:524] Registering image #959 (num_reg_frames=70)
2026-05-19T14:15:39 COLMAP[chunk_10_mapper_initial] I20260519 14:15:38.616570 17955 incremental_pipeline.cc:527] => Image sees 5717 / 8768 points
2026-05-19T14:15:41 COLMAP[chunk_10_mapper_initial] I20260519 14:15:40.383388 17955 incremental_pipeline.cc:524] Registering image #960 (num_reg_frames=71)
2026-05-19T14:15:41 COLMAP[chunk_10_mapper_initial] I20260519 14:15:40.383442 17955 incremental_pipeline.cc:527] => Image sees 5696 / 8810 points
2026-05-19T14:15:42 COLMAP[chunk_10_mapper_initial] I20260519 14:15:42.178714 17955 incremental_pipeline.cc:524] Registering image #961 (num_reg_frames=72)
2026-05-19T14:15:42 COLMAP[chunk_10_mapper_initial] I20260519 14:15:42.178773 17955 incremental_pipeline.cc:527] => Image sees 5928 / 9311 points
2026-05-19T14:15:44 COLMAP[chunk_10_mapper_initial] I20260519 14:15:44.006605 17955 incremental_pipeline.cc:524] Registering image #906 (num_reg_frames=73)
2026-05-19T14:15:44 COLMAP[chunk_10_mapper_initial] I20260519 14:15:44.006659 17955 incremental_pipeline.cc:527] => Image sees 5668 / 9682 points
2026-05-19T14:15:46 COLMAP[chunk_10_mapper_initial] I20260519 14:15:45.781630 17955 incremental_pipeline.cc:524] Registering image #963 (num_reg_frames=74)
2026-05-19T14:15:46 COLMAP[chunk_10_mapper_initial] I20260519 14:15:45.781724 17955 incremental_pipeline.cc:527] => Image sees 6291 / 9628 points
2026-05-19T14:15:48 COLMAP[chunk_10_mapper_initial] I20260519 14:15:47.658667 17955 incremental_pipeline.cc:524] Registering image #907 (num_reg_frames=75)
2026-05-19T14:15:48 COLMAP[chunk_10_mapper_initial] I20260519 14:15:47.658720 17955 incremental_pipeline.cc:527] => Image sees 6158 / 10059 points
2026-05-19T14:15:50 COLMAP[chunk_10_mapper_initial] I20260519 14:15:49.516474 17955 incremental_pipeline.cc:524] Registering image #962 (num_reg_frames=76)
2026-05-19T14:15:50 COLMAP[chunk_10_mapper_initial] I20260519 14:15:49.516526 17955 incremental_pipeline.cc:527] => Image sees 6796 / 9622 points
2026-05-19T14:15:51 COLMAP[chunk_10_mapper_initial] I20260519 14:15:51.364342 17955 incremental_pipeline.cc:78] Retriangulation and Global bundle adjustment
2026-05-19T14:16:08 COLMAP[chunk_10_mapper_initial] I20260519 14:16:07.394196 17955 incremental_pipeline.cc:524] Registering image #965 (num_reg_frames=77)
2026-05-19T14:16:08 COLMAP[chunk_10_mapper_initial] I20260519 14:16:07.394256 17955 incremental_pipeline.cc:527] => Image sees 6059 / 9939 points
2026-05-19T14:16:09 COLMAP[chunk_10_mapper_initial] I20260519 14:16:09.256565 17955 incremental_pipeline.cc:524] Registering image #908 (num_reg_frames=78)
2026-05-19T14:16:09 COLMAP[chunk_10_mapper_initial] I20260519 14:16:09.256618 17955 incremental_pipeline.cc:527] => Image sees 6212 / 9664 points
2026-05-19T14:16:11 COLMAP[chunk_10_mapper_initial] I20260519 14:16:11.141664 17955 incremental_pipeline.cc:524] Registering image #966 (num_reg_frames=79)
2026-05-19T14:16:11 COLMAP[chunk_10_mapper_initial] I20260519 14:16:11.141739 17955 incremental_pipeline.cc:527] => Image sees 5939 / 9910 points
2026-05-19T14:16:13 COLMAP[chunk_10_mapper_initial] I20260519 14:16:12.997306 17955 incremental_pipeline.cc:524] Registering image #909 (num_reg_frames=80)
2026-05-19T14:16:13 COLMAP[chunk_10_mapper_initial] I20260519 14:16:12.997356 17955 incremental_pipeline.cc:527] => Image sees 6537 / 9901 points
2026-05-19T14:16:15 COLMAP[chunk_10_mapper_initial] I20260519 14:16:14.952478 17955 incremental_pipeline.cc:524] Registering image #967 (num_reg_frames=81)
2026-05-19T14:16:15 COLMAP[chunk_10_mapper_initial] I20260519 14:16:14.952534 17955 incremental_pipeline.cc:527] => Image sees 5819 / 9969 points
2026-05-19T14:16:17 COLMAP[chunk_10_mapper_initial] I20260519 14:16:16.781540 17955 incremental_pipeline.cc:524] Registering image #911 (num_reg_frames=82)
2026-05-19T14:16:17 COLMAP[chunk_10_mapper_initial] I20260519 14:16:16.781616 17955 incremental_pipeline.cc:527] => Image sees 6498 / 9858 points
2026-05-19T14:16:19 COLMAP[chunk_10_mapper_initial] I20260519 14:16:18.803733 17955 incremental_pipeline.cc:524] Registering image #910 (num_reg_frames=83)
2026-05-19T14:16:19 COLMAP[chunk_10_mapper_initial] I20260519 14:16:18.803791 17955 incremental_pipeline.cc:527] => Image sees 6157 / 9688 points
2026-05-19T14:16:21 COLMAP[chunk_10_mapper_initial] I20260519 14:16:20.697137 17955 incremental_pipeline.cc:524] Registering image #957 (num_reg_frames=84)
2026-05-19T14:16:21 COLMAP[chunk_10_mapper_initial] I20260519 14:16:20.697196 17955 incremental_pipeline.cc:527] => Image sees 5858 / 8747 points
2026-05-19T14:16:23 COLMAP[chunk_10_mapper_initial] I20260519 14:16:22.446683 17955 incremental_pipeline.cc:78] Retriangulation and Global bundle adjustment
2026-05-19T14:16:39 COLMAP[chunk_10_mapper_initial] I20260519 14:16:38.819798 17955 incremental_pipeline.cc:524] Registering image #956 (num_reg_frames=85)
2026-05-19T14:16:39 COLMAP[chunk_10_mapper_initial] I20260519 14:16:38.819864 17955 incremental_pipeline.cc:527] => Image sees 5975 / 9470 points
2026-05-19T14:16:41 COLMAP[chunk_10_mapper_initial] I20260519 14:16:40.680022 17955 incremental_pipeline.cc:524] Registering image #958 (num_reg_frames=86)
2026-05-19T14:16:41 COLMAP[chunk_10_mapper_initial] I20260519 14:16:40.680076 17955 incremental_pipeline.cc:527] => Image sees 4698 / 6031 points
2026-05-19T14:16:42 COLMAP[chunk_10_mapper_initial] I20260519 14:16:42.348898 17955 incremental_pipeline.cc:524] Registering image #954 (num_reg_frames=87)
2026-05-19T14:16:42 COLMAP[chunk_10_mapper_initial] I20260519 14:16:42.348954 17955 incremental_pipeline.cc:527] => Image sees 5737 / 9557 points
2026-05-19T14:16:44 COLMAP[chunk_10_mapper_initial] I20260519 14:16:44.145092 17955 incremental_pipeline.cc:524] Registering image #955 (num_reg_frames=88)
2026-05-19T14:16:44 COLMAP[chunk_10_mapper_initial] I20260519 14:16:44.145146 17955 incremental_pipeline.cc:527] => Image sees 5848 / 9581 points
2026-05-19T14:16:46 COLMAP[chunk_10_mapper_initial] I20260519 14:16:45.926090 17955 incremental_pipeline.cc:524] Registering image #942 (num_reg_frames=89)
2026-05-19T14:16:46 COLMAP[chunk_10_mapper_initial] I20260519 14:16:45.926143 17955 incremental_pipeline.cc:527] => Image sees 6132 / 9391 points
2026-05-19T14:16:48 COLMAP[chunk_10_mapper_initial] I20260519 14:16:47.824702 17955 incremental_pipeline.cc:524] Registering image #943 (num_reg_frames=90)
2026-05-19T14:16:48 COLMAP[chunk_10_mapper_initial] I20260519 14:16:47.824781 17955 incremental_pipeline.cc:527] => Image sees 6225 / 9505 points
2026-05-19T14:16:50 COLMAP[chunk_10_mapper_initial] I20260519 14:16:49.759928 17955 incremental_pipeline.cc:524] Registering image #941 (num_reg_frames=91)
2026-05-19T14:16:50 COLMAP[chunk_10_mapper_initial] I20260519 14:16:49.759981 17955 incremental_pipeline.cc:527] => Image sees 6584 / 9026 points
2026-05-19T14:16:52 COLMAP[chunk_10_mapper_initial] I20260519 14:16:51.800479 17955 incremental_pipeline.cc:524] Registering image #944 (num_reg_frames=92)
2026-05-19T14:16:52 COLMAP[chunk_10_mapper_initial] I20260519 14:16:51.800539 17955 incremental_pipeline.cc:527] => Image sees 6106 / 9348 points
2026-05-19T14:16:54 COLMAP[chunk_10_mapper_initial] I20260519 14:16:53.715806 17955 incremental_pipeline.cc:524] Registering image #940 (num_reg_frames=93)
2026-05-19T14:16:54 COLMAP[chunk_10_mapper_initial] I20260519 14:16:53.715871 17955 incremental_pipeline.cc:527] => Image sees 6732 / 9001 points
2026-05-19T14:16:56 COLMAP[chunk_10_mapper_initial] I20260519 14:16:55.804863 17955 incremental_pipeline.cc:78] Retriangulation and Global bundle adjustment
2026-05-19T14:17:25 COLMAP[chunk_10_mapper_initial] I20260519 14:17:25.089537 17955 incremental_pipeline.cc:524] Registering image #939 (num_reg_frames=94)
2026-05-19T14:17:25 COLMAP[chunk_10_mapper_initial] I20260519 14:17:25.089622 17955 incremental_pipeline.cc:527] => Image sees 6648 / 8990 points
2026-05-19T14:17:27 COLMAP[chunk_10_mapper_initial] I20260519 14:17:27.220569 17955 incremental_pipeline.cc:524] Registering image #938 (num_reg_frames=95)
2026-05-19T14:17:27 COLMAP[chunk_10_mapper_initial] I20260519 14:17:27.220629 17955 incremental_pipeline.cc:527] => Image sees 6553 / 8951 points
2026-05-19T14:17:29 COLMAP[chunk_10_mapper_initial] I20260519 14:17:29.295570 17955 incremental_pipeline.cc:524] Registering image #937 (num_reg_frames=96)
2026-05-19T14:17:29 COLMAP[chunk_10_mapper_initial] I20260519 14:17:29.295634 17955 incremental_pipeline.cc:527] => Image sees 6490 / 8910 points
2026-05-19T14:17:31 COLMAP[chunk_10_mapper_initial] I20260519 14:17:31.327898 17955 incremental_pipeline.cc:524] Registering image #936 (num_reg_frames=97)
2026-05-19T14:17:31 COLMAP[chunk_10_mapper_initial] I20260519 14:17:31.327953 17955 incremental_pipeline.cc:527] => Image sees 6545 / 9056 points
2026-05-19T14:17:33 COLMAP[chunk_10_mapper_initial] I20260519 14:17:33.354151 17955 incremental_pipeline.cc:524] Registering image #935 (num_reg_frames=98)
2026-05-19T14:17:33 COLMAP[chunk_10_mapper_initial] I20260519 14:17:33.354209 17955 incremental_pipeline.cc:527] => Image sees 6615 / 9208 points
2026-05-19T14:17:36 COLMAP[chunk_10_mapper_initial] I20260519 14:17:35.483031 17955 incremental_pipeline.cc:524] Registering image #933 (num_reg_frames=99)
2026-05-19T14:17:36 COLMAP[chunk_10_mapper_initial] I20260519 14:17:35.483093 17955 incremental_pipeline.cc:527] => Image sees 6697 / 9356 points
2026-05-19T14:17:38 COLMAP[chunk_10_mapper_initial] I20260519 14:17:37.606055 17955 incremental_pipeline.cc:524] Registering image #934 (num_reg_frames=100)
2026-05-19T14:17:38 COLMAP[chunk_10_mapper_initial] I20260519 14:17:37.606106 17955 incremental_pipeline.cc:527] => Image sees 6624 / 9325 points
2026-05-19T14:17:40 COLMAP[chunk_10_mapper_initial] I20260519 14:17:39.786468 17955 incremental_pipeline.cc:524] Registering image #932 (num_reg_frames=101)
2026-05-19T14:17:40 COLMAP[chunk_10_mapper_initial] I20260519 14:17:39.786522 17955 incremental_pipeline.cc:527] => Image sees 6922 / 9651 points
2026-05-19T14:17:42 COLMAP[chunk_10_mapper_initial] I20260519 14:17:41.991145 17955 incremental_pipeline.cc:524] Registering image #930 (num_reg_frames=102)
2026-05-19T14:17:42 COLMAP[chunk_10_mapper_initial] I20260519 14:17:41.991205 17955 incremental_pipeline.cc:527] => Image sees 6683 / 9537 points
2026-05-19T14:17:44 COLMAP[chunk_10_mapper_initial] I20260519 14:17:44.199148 17955 incremental_pipeline.cc:524] Registering image #912 (num_reg_frames=103)
2026-05-19T14:17:44 COLMAP[chunk_10_mapper_initial] I20260519 14:17:44.199210 17955 incremental_pipeline.cc:527] => Image sees 5913 / 9741 points
2026-05-19T14:17:46 COLMAP[chunk_10_mapper_initial] I20260519 14:17:46.165241 17955 incremental_pipeline.cc:78] Retriangulation and Global bundle adjustment
2026-05-19T14:18:23 COLMAP[chunk_10_mapper_initial] I20260519 14:18:22.654739 17955 incremental_pipeline.cc:524] Registering image #931 (num_reg_frames=104)
2026-05-19T14:18:23 COLMAP[chunk_10_mapper_initial] I20260519 14:18:22.654829 17955 incremental_pipeline.cc:527] => Image sees 6442 / 9486 points
2026-05-19T14:18:25 COLMAP[chunk_10_mapper_initial] I20260519 14:18:24.763293 17955 incremental_pipeline.cc:524] Registering image #929 (num_reg_frames=105)
2026-05-19T14:18:25 COLMAP[chunk_10_mapper_initial] I20260519 14:18:24.763343 17955 incremental_pipeline.cc:527] => Image sees 6096 / 9569 points
2026-05-19T14:18:27 COLMAP[chunk_10_mapper_initial] I20260519 14:18:26.798337 17955 incremental_pipeline.cc:524] Registering image #913 (num_reg_frames=106)
2026-05-19T14:18:27 COLMAP[chunk_10_mapper_initial] I20260519 14:18:26.798393 17955 incremental_pipeline.cc:527] => Image sees 5557 / 8785 points
2026-05-19T14:18:29 COLMAP[chunk_10_mapper_initial] I20260519 14:18:28.839608 17955 incremental_pipeline.cc:524] Registering image #953 (num_reg_frames=107)
2026-05-19T14:18:29 COLMAP[chunk_10_mapper_initial] I20260519 14:18:28.839669 17955 incremental_pipeline.cc:527] => Image sees 4653 / 6982 points
2026-05-19T14:18:31 COLMAP[chunk_10_mapper_initial] I20260519 14:18:30.509292 17955 incremental_pipeline.cc:524] Registering image #945 (num_reg_frames=108)
2026-05-19T14:18:31 COLMAP[chunk_10_mapper_initial] I20260519 14:18:30.509346 17955 incremental_pipeline.cc:527] => Image sees 5529 / 9146 points
2026-05-19T14:18:32 COLMAP[chunk_10_mapper_initial] I20260519 14:18:32.239071 17955 incremental_pipeline.cc:524] Registering image #897 (num_reg_frames=109)
2026-05-19T14:18:32 COLMAP[chunk_10_mapper_initial] I20260519 14:18:32.239128 17955 incremental_pipeline.cc:527] => Image sees 4697 / 7297 points
2026-05-19T14:18:34 COLMAP[chunk_10_mapper_initial] I20260519 14:18:33.937981 17955 incremental_pipeline.cc:524] Registering image #892 (num_reg_frames=110)
2026-05-19T14:18:34 COLMAP[chunk_10_mapper_initial] I20260519 14:18:33.938035 17955 incremental_pipeline.cc:527] => Image sees 4886 / 7410 points
2026-05-19T14:18:36 COLMAP[chunk_10_mapper_initial] I20260519 14:18:35.641829 17955 incremental_pipeline.cc:524] Registering image #896 (num_reg_frames=111)
2026-05-19T14:18:36 COLMAP[chunk_10_mapper_initial] I20260519 14:18:35.641884 17955 incremental_pipeline.cc:527] => Image sees 4395 / 7409 points
2026-05-19T14:18:37 COLMAP[chunk_10_mapper_initial] I20260519 14:18:37.164569 17955 incremental_pipeline.cc:524] Registering image #893 (num_reg_frames=112)
2026-05-19T14:18:37 COLMAP[chunk_10_mapper_initial] I20260519 14:18:37.164625 17955 incremental_pipeline.cc:527] => Image sees 4582 / 7482 points
2026-05-19T14:18:39 COLMAP[chunk_10_mapper_initial] I20260519 14:18:38.732369 17955 incremental_pipeline.cc:524] Registering image #895 (num_reg_frames=113)
2026-05-19T14:18:39 COLMAP[chunk_10_mapper_initial] I20260519 14:18:38.732424 17955 incremental_pipeline.cc:527] => Image sees 4547 / 7721 points
2026-05-19T14:18:40 COLMAP[chunk_10_mapper_initial] I20260519 14:18:40.363260 17955 incremental_pipeline.cc:524] Registering image #894 (num_reg_frames=114)
2026-05-19T14:18:40 COLMAP[chunk_10_mapper_initial] I20260519 14:18:40.363317 17955 incremental_pipeline.cc:527] => Image sees 4879 / 7570 points
2026-05-19T14:18:42 COLMAP[chunk_10_mapper_initial] I20260519 14:18:41.939869 17955 incremental_pipeline.cc:78] Retriangulation and Global bundle adjustment
2026-05-19T14:19:20 COLMAP[chunk_10_mapper_initial] I20260519 14:19:19.528263 17955 incremental_pipeline.cc:524] Registering image #928 (num_reg_frames=115)
2026-05-19T14:19:20 COLMAP[chunk_10_mapper_initial] I20260519 14:19:19.528344 17955 incremental_pipeline.cc:527] => Image sees 5665 / 8319 points
2026-05-19T14:19:22 COLMAP[chunk_10_mapper_initial] I20260519 14:19:21.535351 17955 incremental_pipeline.cc:524] Registering image #952 (num_reg_frames=116)
2026-05-19T14:19:22 COLMAP[chunk_10_mapper_initial] I20260519 14:19:21.535404 17955 incremental_pipeline.cc:527] => Image sees 4636 / 6985 points
2026-05-19T14:19:23 COLMAP[chunk_10_mapper_initial] I20260519 14:19:23.200055 17955 incremental_pipeline.cc:524] Registering image #946 (num_reg_frames=117)
2026-05-19T14:19:23 COLMAP[chunk_10_mapper_initial] I20260519 14:19:23.200111 17955 incremental_pipeline.cc:527] => Image sees 4187 / 6917 points
2026-05-19T14:19:25 COLMAP[chunk_10_mapper_initial] I20260519 14:19:24.732451 17955 incremental_pipeline.cc:524] Registering image #951 (num_reg_frames=118)
2026-05-19T14:19:25 COLMAP[chunk_10_mapper_initial] I20260519 14:19:24.732503 17955 incremental_pipeline.cc:527] => Image sees 4058 / 7018 points
2026-05-19T14:19:26 COLMAP[chunk_10_mapper_initial] I20260519 14:19:26.266069 17955 incremental_pipeline.cc:524] Registering image #947 (num_reg_frames=119)
2026-05-19T14:19:26 COLMAP[chunk_10_mapper_initial] I20260519 14:19:26.266124 17955 incremental_pipeline.cc:527] => Image sees 4133 / 7324 points
2026-05-19T14:19:28 COLMAP[chunk_10_mapper_initial] I20260519 14:19:27.832799 17955 incremental_pipeline.cc:524] Registering image #950 (num_reg_frames=120)
2026-05-19T14:19:28 COLMAP[chunk_10_mapper_initial] I20260519 14:19:27.832851 17955 incremental_pipeline.cc:527] => Image sees 4489 / 7529 points
2026-05-19T14:19:29 COLMAP[chunk_10_mapper_initial] I20260519 14:19:29.407294 17955 incremental_pipeline.cc:524] Registering image #948 (num_reg_frames=121)
2026-05-19T14:19:29 COLMAP[chunk_10_mapper_initial] I20260519 14:19:29.407353 17955 incremental_pipeline.cc:527] => Image sees 4563 / 7608 points
2026-05-19T14:19:31 COLMAP[chunk_10_mapper_initial] I20260519 14:19:31.034371 17955 incremental_pipeline.cc:524] Registering image #949 (num_reg_frames=122)
2026-05-19T14:19:31 COLMAP[chunk_10_mapper_initial] I20260519 14:19:31.034427 17955 incremental_pipeline.cc:527] => Image sees 5172 / 7623 points
2026-05-19T14:19:33 COLMAP[chunk_10_mapper_initial] I20260519 14:19:32.758941 17955 incremental_pipeline.cc:524] Registering image #427 (num_reg_frames=123)
2026-05-19T14:19:33 COLMAP[chunk_10_mapper_initial] I20260519 14:19:32.759007 17955 incremental_pipeline.cc:527] => Image sees 3400 / 8346 points
2026-05-19T14:19:34 COLMAP[chunk_10_mapper_initial] I20260519 14:19:34.208406 17955 incremental_pipeline.cc:524] Registering image #428 (num_reg_frames=124)
2026-05-19T14:19:34 COLMAP[chunk_10_mapper_initial] I20260519 14:19:34.208460 17955 incremental_pipeline.cc:527] => Image sees 3910 / 8286 points
2026-05-19T14:19:36 COLMAP[chunk_10_mapper_initial] I20260519 14:19:35.704875 17955 incremental_pipeline.cc:524] Registering image #429 (num_reg_frames=125)
2026-05-19T14:19:36 COLMAP[chunk_10_mapper_initial] I20260519 14:19:35.704933 17955 incremental_pipeline.cc:527] => Image sees 3708 / 7991 points
2026-05-19T14:19:37 COLMAP[chunk_10_mapper_initial] I20260519 14:19:37.279080 17955 incremental_pipeline.cc:524] Registering image #426 (num_reg_frames=126)
2026-05-19T14:19:37 COLMAP[chunk_10_mapper_initial] I20260519 14:19:37.279136 17955 incremental_pipeline.cc:527] => Image sees 3832 / 7873 points
2026-05-19T14:19:39 COLMAP[chunk_10_mapper_initial] I20260519 14:19:38.836627 17955 incremental_pipeline.cc:78] Retriangulation and Global bundle adjustment
2026-05-19T14:20:43 COLMAP[chunk_10_mapper_initial] I20260519 14:20:42.905258 17955 incremental_pipeline.cc:524] Registering image #282 (num_reg_frames=127)
2026-05-19T14:20:43 COLMAP[chunk_10_mapper_initial] I20260519 14:20:42.905346 17955 incremental_pipeline.cc:527] => Image sees 3746 / 7898 points
2026-05-19T14:20:44 COLMAP[chunk_10_mapper_initial] I20260519 14:20:44.430915 17955 incremental_pipeline.cc:524] Registering image #280 (num_reg_frames=128)
2026-05-19T14:20:44 COLMAP[chunk_10_mapper_initial] I20260519 14:20:44.430972 17955 incremental_pipeline.cc:527] => Image sees 4476 / 7847 points
2026-05-19T14:20:46 COLMAP[chunk_10_mapper_initial] I20260519 14:20:46.042399 17955 incremental_pipeline.cc:524] Registering image #279 (num_reg_frames=129)
2026-05-19T14:20:46 COLMAP[chunk_10_mapper_initial] I20260519 14:20:46.042456 17955 incremental_pipeline.cc:527] => Image sees 5136 / 7948 points
2026-05-19T14:20:48 COLMAP[chunk_10_mapper_initial] I20260519 14:20:47.739894 17955 incremental_pipeline.cc:524] Registering image #278 (num_reg_frames=130)
2026-05-19T14:20:48 COLMAP[chunk_10_mapper_initial] I20260519 14:20:47.739946 17955 incremental_pipeline.cc:527] => Image sees 5222 / 8039 points
2026-05-19T14:20:50 COLMAP[chunk_10_mapper_initial] I20260519 14:20:49.637883 17955 incremental_pipeline.cc:524] Registering image #281 (num_reg_frames=131)
2026-05-19T14:20:50 COLMAP[chunk_10_mapper_initial] I20260519 14:20:49.637938 17955 incremental_pipeline.cc:527] => Image sees 4744 / 7916 points
2026-05-19T14:20:51 COLMAP[chunk_10_mapper_initial] I20260519 14:20:51.466341 17955 incremental_pipeline.cc:524] Registering image #277 (num_reg_frames=132)
2026-05-19T14:20:51 COLMAP[chunk_10_mapper_initial] I20260519 14:20:51.466395 17955 incremental_pipeline.cc:527] => Image sees 5254 / 7957 points
2026-05-19T14:20:53 COLMAP[chunk_10_mapper_initial] I20260519 14:20:53.404477 17955 incremental_pipeline.cc:524] Registering image #283 (num_reg_frames=133)
2026-05-19T14:20:53 COLMAP[chunk_10_mapper_initial] I20260519 14:20:53.404537 17955 incremental_pipeline.cc:527] => Image sees 4045 / 7327 points
2026-05-19T14:20:55 COLMAP[chunk_10_mapper_initial] I20260519 14:20:55.126701 17955 incremental_pipeline.cc:524] Registering image #389 (num_reg_frames=134)
2026-05-19T14:20:55 COLMAP[chunk_10_mapper_initial] I20260519 14:20:55.126760 17955 incremental_pipeline.cc:527] => Image sees 3795 / 7374 points
2026-05-19T14:20:57 COLMAP[chunk_10_mapper_initial] I20260519 14:20:56.660341 17955 incremental_pipeline.cc:524] Registering image #390 (num_reg_frames=135)
2026-05-19T14:20:57 COLMAP[chunk_10_mapper_initial] I20260519 14:20:56.660398 17955 incremental_pipeline.cc:527] => Image sees 4051 / 7403 points
2026-05-19T14:20:58 COLMAP[chunk_10_mapper_initial] I20260519 14:20:58.251808 17955 incremental_pipeline.cc:524] Registering image #387 (num_reg_frames=136)
2026-05-19T14:20:58 COLMAP[chunk_10_mapper_initial] I20260519 14:20:58.251861 17955 incremental_pipeline.cc:527] => Image sees 4709 / 7319 points
2026-05-19T14:21:00 COLMAP[chunk_10_mapper_initial] I20260519 14:20:59.897976 17955 incremental_pipeline.cc:524] Registering image #388 (num_reg_frames=137)
2026-05-19T14:21:00 COLMAP[chunk_10_mapper_initial] I20260519 14:20:59.898028 17955 incremental_pipeline.cc:527] => Image sees 4905 / 7275 points
2026-05-19T14:21:02 COLMAP[chunk_10_mapper_initial] I20260519 14:21:01.700784 17955 incremental_pipeline.cc:524] Registering image #386 (num_reg_frames=138)
2026-05-19T14:21:02 COLMAP[chunk_10_mapper_initial] I20260519 14:21:01.700848 17955 incremental_pipeline.cc:527] => Image sees 4946 / 7354 points
2026-05-19T14:21:04 COLMAP[chunk_10_mapper_initial] I20260519 14:21:03.663538 17955 incremental_pipeline.cc:524] Registering image #391 (num_reg_frames=139)
2026-05-19T14:21:04 COLMAP[chunk_10_mapper_initial] I20260519 14:21:03.663595 17955 incremental_pipeline.cc:527] => Image sees 4751 / 7547 points
2026-05-19T14:21:05 COLMAP[chunk_10_mapper_initial] I20260519 14:21:05.433552 17955 incremental_pipeline.cc:78] Retriangulation and Global bundle adjustment
2026-05-19T14:22:03 COLMAP[chunk_10_mapper_initial] I20260519 14:22:02.821395 17955 incremental_pipeline.cc:524] Registering image #385 (num_reg_frames=140)
2026-05-19T14:22:03 COLMAP[chunk_10_mapper_initial] I20260519 14:22:02.821467 17955 incremental_pipeline.cc:527] => Image sees 4837 / 7316 points
2026-05-19T14:22:05 COLMAP[chunk_10_mapper_initial] I20260519 14:22:04.581740 17955 incremental_pipeline.cc:524] Registering image #392 (num_reg_frames=141)
2026-05-19T14:22:05 COLMAP[chunk_10_mapper_initial] I20260519 14:22:04.581785 17955 incremental_pipeline.cc:527] => Image sees 4268 / 7396 points
2026-05-19T14:22:06 COLMAP[chunk_10_mapper_initial] I20260519 14:22:06.215874 17955 incremental_pipeline.cc:524] Registering image #384 (num_reg_frames=142)
2026-05-19T14:22:06 COLMAP[chunk_10_mapper_initial] I20260519 14:22:06.215927 17955 incremental_pipeline.cc:527] => Image sees 4570 / 7303 points
2026-05-19T14:22:08 COLMAP[chunk_10_mapper_initial] I20260519 14:22:07.896392 17955 incremental_pipeline.cc:524] Registering image #327 (num_reg_frames=143)
2026-05-19T14:22:08 COLMAP[chunk_10_mapper_initial] I20260519 14:22:07.896449 17955 incremental_pipeline.cc:527] => Image sees 3725 / 7473 points
2026-05-19T14:22:09 COLMAP[chunk_10_mapper_initial] I20260519 14:22:09.414779 17955 incremental_pipeline.cc:524] Registering image #330 (num_reg_frames=144)
2026-05-19T14:22:09 COLMAP[chunk_10_mapper_initial] I20260519 14:22:09.414831 17955 incremental_pipeline.cc:527] => Image sees 4056 / 7506 points
2026-05-19T14:22:11 COLMAP[chunk_10_mapper_initial] I20260519 14:22:10.952145 17955 incremental_pipeline.cc:524] Registering image #329 (num_reg_frames=145)
2026-05-19T14:22:11 COLMAP[chunk_10_mapper_initial] I20260519 14:22:10.952199 17955 incremental_pipeline.cc:527] => Image sees 4343 / 7599 points
2026-05-19T14:22:13 COLMAP[chunk_10_mapper_initial] I20260519 14:22:12.631101 17955 incremental_pipeline.cc:524] Registering image #331 (num_reg_frames=146)
2026-05-19T14:22:13 COLMAP[chunk_10_mapper_initial] I20260519 14:22:12.631153 17955 incremental_pipeline.cc:527] => Image sees 4236 / 7351 points
2026-05-19T14:22:14 COLMAP[chunk_10_mapper_initial] I20260519 14:22:14.350214 17955 incremental_pipeline.cc:524] Registering image #328 (num_reg_frames=147)
2026-05-19T14:22:14 COLMAP[chunk_10_mapper_initial] I20260519 14:22:14.350274 17955 incremental_pipeline.cc:527] => Image sees 4373 / 7283 points
2026-05-19T14:22:16 COLMAP[chunk_10_mapper_initial] I20260519 14:22:16.004344 17955 incremental_pipeline.cc:524] Registering image #332 (num_reg_frames=148)
2026-05-19T14:22:16 COLMAP[chunk_10_mapper_initial] I20260519 14:22:16.004403 17955 incremental_pipeline.cc:527] => Image sees 4981 / 7251 points
2026-05-19T14:22:18 COLMAP[chunk_10_mapper_initial] I20260519 14:22:17.741842 17955 incremental_pipeline.cc:524] Registering image #325 (num_reg_frames=149)
2026-05-19T14:22:18 COLMAP[chunk_10_mapper_initial] I20260519 14:22:17.741897 17955 incremental_pipeline.cc:527] => Image sees 4488 / 7312 points
2026-05-19T14:22:19 COLMAP[chunk_10_mapper_initial] I20260519 14:22:19.361820 17955 incremental_pipeline.cc:524] Registering image #334 (num_reg_frames=150)
2026-05-19T14:22:19 COLMAP[chunk_10_mapper_initial] I20260519 14:22:19.361872 17955 incremental_pipeline.cc:527] => Image sees 4686 / 7135 points
2026-05-19T14:22:21 COLMAP[chunk_10_mapper_initial] I20260519 14:22:21.022241 17955 incremental_pipeline.cc:524] Registering image #326 (num_reg_frames=151)
2026-05-19T14:22:21 COLMAP[chunk_10_mapper_initial] I20260519 14:22:21.022298 17955 incremental_pipeline.cc:527] => Image sees 4818 / 7216 points
2026-05-19T14:22:23 COLMAP[chunk_10_mapper_initial] I20260519 14:22:22.702353 17955 incremental_pipeline.cc:524] Registering image #333 (num_reg_frames=152)
2026-05-19T14:22:23 COLMAP[chunk_10_mapper_initial] I20260519 14:22:22.702402 17955 incremental_pipeline.cc:527] => Image sees 4680 / 7232 points
2026-05-19T14:22:24 COLMAP[chunk_10_mapper_initial] I20260519 14:22:24.424247 17955 incremental_pipeline.cc:524] Registering image #324 (num_reg_frames=153)
2026-05-19T14:22:24 COLMAP[chunk_10_mapper_initial] I20260519 14:22:24.424306 17955 incremental_pipeline.cc:527] => Image sees 4783 / 7422 points
2026-05-19T14:22:26 COLMAP[chunk_10_mapper_initial] I20260519 14:22:26.034528 17955 incremental_pipeline.cc:78] Retriangulation and Global bundle adjustment
2026-05-19T14:23:10 COLMAP[chunk_10_mapper_initial] I20260519 14:23:10.297715 17955 incremental_pipeline.cc:524] Registering image #336 (num_reg_frames=154)
2026-05-19T14:23:10 COLMAP[chunk_10_mapper_initial] I20260519 14:23:10.297801 17955 incremental_pipeline.cc:527] => Image sees 4286 / 7219 points
2026-05-19T14:23:12 COLMAP[chunk_10_mapper_initial] I20260519 14:23:11.929265 17955 incremental_pipeline.cc:524] Registering image #323 (num_reg_frames=155)
2026-05-19T14:23:12 COLMAP[chunk_10_mapper_initial] I20260519 14:23:11.929315 17955 incremental_pipeline.cc:527] => Image sees 4581 / 7615 points
2026-05-19T14:23:14 COLMAP[chunk_10_mapper_initial] I20260519 14:23:13.604617 17955 incremental_pipeline.cc:524] Registering image #335 (num_reg_frames=156)
2026-05-19T14:23:14 COLMAP[chunk_10_mapper_initial] I20260519 14:23:13.604674 17955 incremental_pipeline.cc:527] => Image sees 4015 / 7144 points
2026-05-19T14:23:15 COLMAP[chunk_10_mapper_initial] I20260519 14:23:15.176705 17955 incremental_pipeline.cc:524] Registering image #321 (num_reg_frames=157)
2026-05-19T14:23:15 COLMAP[chunk_10_mapper_initial] I20260519 14:23:15.176764 17955 incremental_pipeline.cc:527] => Image sees 4451 / 7169 points
2026-05-19T14:23:17 COLMAP[chunk_10_mapper_initial] I20260519 14:23:16.818557 17955 incremental_pipeline.cc:524] Registering image #383 (num_reg_frames=158)
2026-05-19T14:23:17 COLMAP[chunk_10_mapper_initial] I20260519 14:23:16.818609 17955 incremental_pipeline.cc:527] => Image sees 4938 / 6803 points
2026-05-19T14:23:19 COLMAP[chunk_10_mapper_initial] I20260519 14:23:18.554798 17955 incremental_pipeline.cc:524] Registering image #337 (num_reg_frames=159)
2026-05-19T14:23:19 COLMAP[chunk_10_mapper_initial] I20260519 14:23:18.554850 17955 incremental_pipeline.cc:527] => Image sees 4113 / 6077 points
2026-05-19T14:23:20 COLMAP[chunk_10_mapper_initial] I20260519 14:23:20.133970 17955 incremental_pipeline.cc:524] Registering image #1321 (num_reg_frames=160)
2026-05-19T14:23:20 COLMAP[chunk_10_mapper_initial] I20260519 14:23:20.134025 17955 incremental_pipeline.cc:527] => Image sees 283 / 3036 points
2026-05-19T14:23:21 COLMAP[chunk_10_mapper_initial] I20260519 14:23:21.156854 17955 incremental_pipeline.cc:524] Registering image #1304 (num_reg_frames=161)
2026-05-19T14:23:21 COLMAP[chunk_10_mapper_initial] I20260519 14:23:21.156910 17955 incremental_pipeline.cc:527] => Image sees 71 / 5243 points
2026-05-19T14:23:22 COLMAP[chunk_10_mapper_initial] I20260519 14:23:22.182377 17955 incremental_pipeline.cc:524] Registering image #1305 (num_reg_frames=162)
2026-05-19T14:23:22 COLMAP[chunk_10_mapper_initial] I20260519 14:23:22.182437 17955 incremental_pipeline.cc:527] => Image sees 456 / 5891 points
2026-05-19T14:23:23 COLMAP[chunk_10_mapper_initial] I20260519 14:23:23.321630 17955 incremental_pipeline.cc:524] Registering image #1306 (num_reg_frames=163)
2026-05-19T14:23:23 COLMAP[chunk_10_mapper_initial] I20260519 14:23:23.321702 17955 incremental_pipeline.cc:527] => Image sees 1632 / 5813 points
2026-05-19T14:23:24 COLMAP[chunk_10_mapper_initial] I20260519 14:23:24.491160 17955 incremental_pipeline.cc:524] Registering image #1101 (num_reg_frames=164)
2026-05-19T14:23:24 COLMAP[chunk_10_mapper_initial] I20260519 14:23:24.491215 17955 incremental_pipeline.cc:527] => Image sees 1633 / 5364 points
2026-05-19T14:23:26 COLMAP[chunk_10_mapper_initial] I20260519 14:23:25.626209 17955 incremental_pipeline.cc:524] Registering image #1102 (num_reg_frames=165)
2026-05-19T14:23:26 COLMAP[chunk_10_mapper_initial] I20260519 14:23:25.626264 17955 incremental_pipeline.cc:527] => Image sees 2415 / 6396 points
2026-05-19T14:23:27 COLMAP[chunk_10_mapper_initial] I20260519 14:23:26.683444 17955 incremental_pipeline.cc:78] Retriangulation and Global bundle adjustment
2026-05-19T14:24:13 COLMAP[chunk_10_mapper_initial] I20260519 14:24:12.584749 17955 incremental_pipeline.cc:524] Registering image #1103 (num_reg_frames=166)
2026-05-19T14:24:13 COLMAP[chunk_10_mapper_initial] I20260519 14:24:12.584837 17955 incremental_pipeline.cc:527] => Image sees 3411 / 6308 points
2026-05-19T14:24:14 COLMAP[chunk_10_mapper_initial] I20260519 14:24:13.978681 17955 incremental_pipeline.cc:524] Registering image #1307 (num_reg_frames=167)
2026-05-19T14:24:14 COLMAP[chunk_10_mapper_initial] I20260519 14:24:13.978739 17955 incremental_pipeline.cc:527] => Image sees 2132 / 3856 points
2026-05-19T14:24:15 COLMAP[chunk_10_mapper_initial] I20260519 14:24:15.265754 17955 incremental_pipeline.cc:524] Registering image #1104 (num_reg_frames=168)
2026-05-19T14:24:15 COLMAP[chunk_10_mapper_initial] I20260519 14:24:15.265802 17955 incremental_pipeline.cc:527] => Image sees 2448 / 3686 points
2026-05-19T14:24:16 COLMAP[chunk_10_mapper_initial] I20260519 14:24:16.510727 17955 incremental_pipeline.cc:524] Registering image #1303 (num_reg_frames=169)
2026-05-19T14:24:16 COLMAP[chunk_10_mapper_initial] I20260519 14:24:16.510778 17955 incremental_pipeline.cc:527] => Image sees 2409 / 4625 points
2026-05-19T14:24:18 COLMAP[chunk_10_mapper_initial] I20260519 14:24:17.724978 17955 incremental_pipeline.cc:524] Registering image #1302 (num_reg_frames=170)
2026-05-19T14:24:18 COLMAP[chunk_10_mapper_initial] I20260519 14:24:17.725028 17955 incremental_pipeline.cc:527] => Image sees 1828 / 3884 points
2026-05-19T14:24:19 COLMAP[chunk_10_mapper_initial] I20260519 14:24:18.747582 17955 incremental_pipeline.cc:524] Registering image #1263 (num_reg_frames=171)
2026-05-19T14:24:19 COLMAP[chunk_10_mapper_initial] I20260519 14:24:18.747633 17955 incremental_pipeline.cc:527] => Image sees 1643 / 5740 points
2026-05-19T14:24:20 COLMAP[chunk_10_mapper_initial] I20260519 14:24:19.823414 17955 incremental_pipeline.cc:524] Registering image #1264 (num_reg_frames=172)
2026-05-19T14:24:20 COLMAP[chunk_10_mapper_initial] I20260519 14:24:19.823473 17955 incremental_pipeline.cc:527] => Image sees 2094 / 5541 points
2026-05-19T14:24:21 COLMAP[chunk_10_mapper_initial] I20260519 14:24:21.029206 17955 incremental_pipeline.cc:78] Retriangulation and Global bundle adjustment
2026-05-19T14:24:49 COLMAP[chunk_10_mapper_initial] I20260519 14:24:49.292227 17955 incremental_pipeline.cc:78] Retriangulation and Global bundle adjustment
2026-05-19T14:25:15 COLMAP[chunk_10_mapper_initial] I20260519 14:25:14.963256 17955 incremental_pipeline.cc:710] Keeping successful reconstruction
2026-05-19T14:25:15 COLMAP[chunk_10_mapper_initial] I20260519 14:25:15.228514 17955 timer.cc:90] Elapsed time: 12.834 [minutes]
2026-05-19T14:25:15 2026-05-19 14:25:15,309 - INFO - [chunk_10_mapper_initial_model_converter_0] colmap model_converter --input_path /tmp/colmap_sfm_rcnmny4o/chunk_10/sparse_initial/0 --output_path /tmp/colmap_sfm_rcnmny4o/text_models/chunk_10_mapper_initial/0 --output_type TXT
2026-05-19T14:25:19 2026-05-19 14:25:19,311 - INFO - chunk_10_mapper_initial model 0 registered 173/173 images and 108150 points
2026-05-19T14:25:20 2026-05-19 14:25:19,602 - INFO - [chunk_model_merger_01] colmap model_merger --input_path1 /tmp/colmap_sfm_rcnmny4o/chunk_00/sparse_initial/0 --input_path2 /tmp/colmap_sfm_rcnmny4o/chunk_01/sparse_initial/0 --output_path /tmp/colmap_sfm_rcnmny4o/merged_chunk_model_01 --max_reproj_error 64
2026-05-19T14:25:20 COLMAP[chunk_model_merger_01] I20260519 14:25:20.073158 19490 model.cc:776] --- Reconstruction 1 ---
2026-05-19T14:25:20 COLMAP[chunk_model_merger_01] I20260519 14:25:20.073655 19490 model.cc:777] Images: 172
2026-05-19T14:25:20 COLMAP[chunk_model_merger_01] I20260519 14:25:20.073671 19490 model.cc:778] Points: 111665
2026-05-19T14:25:20 COLMAP[chunk_model_merger_01] I20260519 14:25:20.409288 19490 model.cc:782] --- Reconstruction 2 ---
2026-05-19T14:25:20 COLMAP[chunk_model_merger_01] I20260519 14:25:20.409336 19490 model.cc:783] Images: 184
2026-05-19T14:25:20 COLMAP[chunk_model_merger_01] I20260519 14:25:20.409348 19490 model.cc:784] Points: 152743
2026-05-19T14:25:20 COLMAP[chunk_model_merger_01] I20260519 14:25:20.409355 19490 model.cc:786] --- Merging reconstructions ---
2026-05-19T14:25:21 COLMAP[chunk_model_merger_01] I20260519 14:25:21.174690 19490 model.cc:789] => Merge succeeded
2026-05-19T14:25:21 COLMAP[chunk_model_merger_01] I20260519 14:25:21.174742 19490 model.cc:790] --- Merged reconstruction ---
2026-05-19T14:25:21 COLMAP[chunk_model_merger_01] I20260519 14:25:21.174750 19490 model.cc:791] Images: 326
2026-05-19T14:25:21 COLMAP[chunk_model_merger_01] I20260519 14:25:21.174762 19490 model.cc:792] Points: 235554
2026-05-19T14:25:22 2026-05-19 14:25:21,660 - INFO - [chunk_model_merger_02] colmap model_merger --input_path1 /tmp/colmap_sfm_rcnmny4o/merged_chunk_model_01 --input_path2 /tmp/colmap_sfm_rcnmny4o/chunk_02/sparse_initial/0 --output_path /tmp/colmap_sfm_rcnmny4o/merged_chunk_model_02 --max_reproj_error 64
2026-05-19T14:25:22 COLMAP[chunk_model_merger_02] I20260519 14:25:22.393095 19498 model.cc:776] --- Reconstruction 1 ---
2026-05-19T14:25:22 COLMAP[chunk_model_merger_02] I20260519 14:25:22.393433 19498 model.cc:777] Images: 326
2026-05-19T14:25:22 COLMAP[chunk_model_merger_02] I20260519 14:25:22.393447 19498 model.cc:778] Points: 235554
2026-05-19T14:25:23 COLMAP[chunk_model_merger_02] I20260519 14:25:22.728790 19498 model.cc:782] --- Reconstruction 2 ---
2026-05-19T14:25:23 COLMAP[chunk_model_merger_02] I20260519 14:25:22.728837 19498 model.cc:783] Images: 186
2026-05-19T14:25:23 COLMAP[chunk_model_merger_02] I20260519 14:25:22.728847 19498 model.cc:784] Points: 165804
2026-05-19T14:25:23 COLMAP[chunk_model_merger_02] I20260519 14:25:22.728854 19498 model.cc:786] --- Merging reconstructions ---
2026-05-19T14:25:24 COLMAP[chunk_model_merger_02] I20260519 14:25:23.857087 19498 model.cc:789] => Merge succeeded
2026-05-19T14:25:24 COLMAP[chunk_model_merger_02] I20260519 14:25:23.857146 19498 model.cc:790] --- Merged reconstruction ---
2026-05-19T14:25:24 COLMAP[chunk_model_merger_02] I20260519 14:25:23.857154 19498 model.cc:791] Images: 483
2026-05-19T14:25:24 COLMAP[chunk_model_merger_02] I20260519 14:25:23.857167 19498 model.cc:792] Points: 369554
2026-05-19T14:25:25 2026-05-19 14:25:24,599 - INFO - [chunk_model_merger_03] colmap model_merger --input_path1 /tmp/colmap_sfm_rcnmny4o/merged_chunk_model_02 --input_path2 /tmp/colmap_sfm_rcnmny4o/chunk_03/sparse_recovery/1 --output_path /tmp/colmap_sfm_rcnmny4o/merged_chunk_model_03 --max_reproj_error 64
2026-05-19T14:25:26 COLMAP[chunk_model_merger_03] I20260519 14:25:25.634114 19506 model.cc:776] --- Reconstruction 1 ---
2026-05-19T14:25:26 COLMAP[chunk_model_merger_03] I20260519 14:25:25.634471 19506 model.cc:777] Images: 483
2026-05-19T14:25:26 COLMAP[chunk_model_merger_03] I20260519 14:25:25.634487 19506 model.cc:778] Points: 369554
2026-05-19T14:25:26 COLMAP[chunk_model_merger_03] I20260519 14:25:25.954787 19506 model.cc:782] --- Reconstruction 2 ---
2026-05-19T14:25:26 COLMAP[chunk_model_merger_03] I20260519 14:25:25.954831 19506 model.cc:783] Images: 185
2026-05-19T14:25:26 COLMAP[chunk_model_merger_03] I20260519 14:25:25.954843 19506 model.cc:784] Points: 162944
2026-05-19T14:25:26 COLMAP[chunk_model_merger_03] I20260519 14:25:25.954850 19506 model.cc:786] --- Merging reconstructions ---
2026-05-19T14:25:28 COLMAP[chunk_model_merger_03] I20260519 14:25:28.104636 19506 model.cc:789] => Merge succeeded
2026-05-19T14:25:28 COLMAP[chunk_model_merger_03] I20260519 14:25:28.104696 19506 model.cc:790] --- Merged reconstruction ---
2026-05-19T14:25:28 COLMAP[chunk_model_merger_03] I20260519 14:25:28.104703 19506 model.cc:791] Images: 638
2026-05-19T14:25:28 COLMAP[chunk_model_merger_03] I20260519 14:25:28.104713 19506 model.cc:792] Points: 491700
2026-05-19T14:25:29 2026-05-19 14:25:29,091 - INFO - [chunk_model_merger_04] colmap model_merger --input_path1 /tmp/colmap_sfm_rcnmny4o/merged_chunk_model_03 --input_path2 /tmp/colmap_sfm_rcnmny4o/chunk_04/sparse_recovery/0 --output_path /tmp/colmap_sfm_rcnmny4o/merged_chunk_model_04 --max_reproj_error 64
2026-05-19T14:25:30 COLMAP[chunk_model_merger_04] I20260519 14:25:30.387230 19514 model.cc:776] --- Reconstruction 1 ---
2026-05-19T14:25:30 COLMAP[chunk_model_merger_04] I20260519 14:25:30.387565 19514 model.cc:777] Images: 638
2026-05-19T14:25:30 COLMAP[chunk_model_merger_04] I20260519 14:25:30.387581 19514 model.cc:778] Points: 491700
2026-05-19T14:25:31 COLMAP[chunk_model_merger_04] I20260519 14:25:30.703931 19514 model.cc:782] --- Reconstruction 2 ---
2026-05-19T14:25:31 COLMAP[chunk_model_merger_04] I20260519 14:25:30.703979 19514 model.cc:783] Images: 183
2026-05-19T14:25:31 COLMAP[chunk_model_merger_04] I20260519 14:25:30.703994 19514 model.cc:784] Points: 150974
2026-05-19T14:25:31 COLMAP[chunk_model_merger_04] I20260519 14:25:30.704003 19514 model.cc:786] --- Merging reconstructions ---
2026-05-19T14:25:34 COLMAP[chunk_model_merger_04] I20260519 14:25:33.896488 19514 model.cc:789] => Merge succeeded
2026-05-19T14:25:34 COLMAP[chunk_model_merger_04] I20260519 14:25:33.896544 19514 model.cc:790] --- Merged reconstruction ---
2026-05-19T14:25:34 COLMAP[chunk_model_merger_04] I20260519 14:25:33.896555 19514 model.cc:791] Images: 794
2026-05-19T14:25:34 COLMAP[chunk_model_merger_04] I20260519 14:25:33.896567 19514 model.cc:792] Points: 626163
2026-05-19T14:25:35 2026-05-19 14:25:35,125 - INFO - [chunk_model_merger_05] colmap model_merger --input_path1 /tmp/colmap_sfm_rcnmny4o/merged_chunk_model_04 --input_path2 /tmp/colmap_sfm_rcnmny4o/chunk_05/sparse_recovery/0 --output_path /tmp/colmap_sfm_rcnmny4o/merged_chunk_model_05 --max_reproj_error 64
2026-05-19T14:25:37 COLMAP[chunk_model_merger_05] I20260519 14:25:36.698578 19522 model.cc:776] --- Reconstruction 1 ---
2026-05-19T14:25:37 COLMAP[chunk_model_merger_05] I20260519 14:25:36.698922 19522 model.cc:777] Images: 794
2026-05-19T14:25:37 COLMAP[chunk_model_merger_05] I20260519 14:25:36.698937 19522 model.cc:778] Points: 626163
2026-05-19T14:25:37 COLMAP[chunk_model_merger_05] I20260519 14:25:37.012774 19522 model.cc:782] --- Reconstruction 2 ---
2026-05-19T14:25:37 COLMAP[chunk_model_merger_05] I20260519 14:25:37.012823 19522 model.cc:783] Images: 173
2026-05-19T14:25:37 COLMAP[chunk_model_merger_05] I20260519 14:25:37.012835 19522 model.cc:784] Points: 153990
2026-05-19T14:25:37 COLMAP[chunk_model_merger_05] I20260519 14:25:37.012841 19522 model.cc:786] --- Merging reconstructions ---
2026-05-19T14:25:41 COLMAP[chunk_model_merger_05] I20260519 14:25:40.700577 19522 model.cc:789] => Merge succeeded
2026-05-19T14:25:41 COLMAP[chunk_model_merger_05] I20260519 14:25:40.700634 19522 model.cc:790] --- Merged reconstruction ---
2026-05-19T14:25:41 COLMAP[chunk_model_merger_05] I20260519 14:25:40.700641 19522 model.cc:791] Images: 937
2026-05-19T14:25:41 COLMAP[chunk_model_merger_05] I20260519 14:25:40.700651 19522 model.cc:792] Points: 742030
2026-05-19T14:25:42 2026-05-19 14:25:42,297 - INFO - [chunk_model_merger_06] colmap model_merger --input_path1 /tmp/colmap_sfm_rcnmny4o/merged_chunk_model_05 --input_path2 /tmp/colmap_sfm_rcnmny4o/chunk_06/sparse_recovery/0 --output_path /tmp/colmap_sfm_rcnmny4o/merged_chunk_model_06 --max_reproj_error 64
2026-05-19T14:25:44 COLMAP[chunk_model_merger_06] I20260519 14:25:44.147132 19545 model.cc:776] --- Reconstruction 1 ---
2026-05-19T14:25:44 COLMAP[chunk_model_merger_06] I20260519 14:25:44.147482 19545 model.cc:777] Images: 937
2026-05-19T14:25:44 COLMAP[chunk_model_merger_06] I20260519 14:25:44.147496 19545 model.cc:778] Points: 742030
2026-05-19T14:25:44 COLMAP[chunk_model_merger_06] I20260519 14:25:44.483074 19545 model.cc:782] --- Reconstruction 2 ---
2026-05-19T14:25:44 COLMAP[chunk_model_merger_06] I20260519 14:25:44.483120 19545 model.cc:783] Images: 185
2026-05-19T14:25:44 COLMAP[chunk_model_merger_06] I20260519 14:25:44.483132 19545 model.cc:784] Points: 172707
2026-05-19T14:25:44 COLMAP[chunk_model_merger_06] I20260519 14:25:44.483139 19545 model.cc:786] --- Merging reconstructions ---
2026-05-19T14:25:50 COLMAP[chunk_model_merger_06] I20260519 14:25:50.448459 19545 model.cc:789] => Merge succeeded
2026-05-19T14:25:50 COLMAP[chunk_model_merger_06] I20260519 14:25:50.448518 19545 model.cc:790] --- Merged reconstruction ---
2026-05-19T14:25:50 COLMAP[chunk_model_merger_06] I20260519 14:25:50.448527 19545 model.cc:791] Images: 1092
2026-05-19T14:25:50 COLMAP[chunk_model_merger_06] I20260519 14:25:50.448537 19545 model.cc:792] Points: 865620
2026-05-19T14:25:52 2026-05-19 14:25:52,152 - INFO - [chunk_model_merger_07] colmap model_merger --input_path1 /tmp/colmap_sfm_rcnmny4o/merged_chunk_model_06 --input_path2 /tmp/colmap_sfm_rcnmny4o/chunk_07/sparse_initial/0 --output_path /tmp/colmap_sfm_rcnmny4o/merged_chunk_model_07 --max_reproj_error 64
2026-05-19T14:25:54 COLMAP[chunk_model_merger_07] I20260519 14:25:54.258948 19553 model.cc:776] --- Reconstruction 1 ---
2026-05-19T14:25:54 COLMAP[chunk_model_merger_07] I20260519 14:25:54.259286 19553 model.cc:777] Images: 1092
2026-05-19T14:25:54 COLMAP[chunk_model_merger_07] I20260519 14:25:54.259301 19553 model.cc:778] Points: 865620
2026-05-19T14:25:55 COLMAP[chunk_model_merger_07] I20260519 14:25:54.567436 19553 model.cc:782] --- Reconstruction 2 ---
2026-05-19T14:25:55 COLMAP[chunk_model_merger_07] I20260519 14:25:54.567485 19553 model.cc:783] Images: 181
2026-05-19T14:25:55 COLMAP[chunk_model_merger_07] I20260519 14:25:54.567502 19553 model.cc:784] Points: 147531
2026-05-19T14:25:55 COLMAP[chunk_model_merger_07] I20260519 14:25:54.567510 19553 model.cc:786] --- Merging reconstructions ---
2026-05-19T14:25:57 COLMAP[chunk_model_merger_07] I20260519 14:25:57.097581 19553 model.cc:789] => Merge succeeded
2026-05-19T14:25:57 COLMAP[chunk_model_merger_07] I20260519 14:25:57.097640 19553 model.cc:790] --- Merged reconstruction ---
2026-05-19T14:25:57 COLMAP[chunk_model_merger_07] I20260519 14:25:57.097651 19553 model.cc:791] Images: 1249
2026-05-19T14:25:57 COLMAP[chunk_model_merger_07] I20260519 14:25:57.097664 19553 model.cc:792] Points: 997426
2026-05-19T14:25:59 2026-05-19 14:25:59,027 - INFO - [chunk_model_merger_08] colmap model_merger --input_path1 /tmp/colmap_sfm_rcnmny4o/merged_chunk_model_07 --input_path2 /tmp/colmap_sfm_rcnmny4o/chunk_08/sparse_initial/0 --output_path /tmp/colmap_sfm_rcnmny4o/merged_chunk_model_08 --max_reproj_error 64
2026-05-19T14:26:01 COLMAP[chunk_model_merger_08] I20260519 14:26:01.333434 19561 model.cc:776] --- Reconstruction 1 ---
2026-05-19T14:26:01 COLMAP[chunk_model_merger_08] I20260519 14:26:01.333796 19561 model.cc:777] Images: 1249
2026-05-19T14:26:01 COLMAP[chunk_model_merger_08] I20260519 14:26:01.333812 19561 model.cc:778] Points: 997426
2026-05-19T14:26:02 COLMAP[chunk_model_merger_08] I20260519 14:26:01.697330 19561 model.cc:782] --- Reconstruction 2 ---
2026-05-19T14:26:02 COLMAP[chunk_model_merger_08] I20260519 14:26:01.697381 19561 model.cc:783] Images: 182
2026-05-19T14:26:02 COLMAP[chunk_model_merger_08] I20260519 14:26:01.697391 19561 model.cc:784] Points: 154588
2026-05-19T14:26:02 COLMAP[chunk_model_merger_08] I20260519 14:26:01.697398 19561 model.cc:786] --- Merging reconstructions ---
2026-05-19T14:26:05 COLMAP[chunk_model_merger_08] I20260519 14:26:04.607389 19561 model.cc:789] => Merge succeeded
2026-05-19T14:26:05 COLMAP[chunk_model_merger_08] I20260519 14:26:04.607450 19561 model.cc:790] --- Merged reconstruction ---
2026-05-19T14:26:05 COLMAP[chunk_model_merger_08] I20260519 14:26:04.607458 19561 model.cc:791] Images: 1402
2026-05-19T14:26:05 COLMAP[chunk_model_merger_08] I20260519 14:26:04.607468 19561 model.cc:792] Points: 1129592
2026-05-19T14:26:07 2026-05-19 14:26:06,838 - INFO - [chunk_model_merger_09] colmap model_merger --input_path1 /tmp/colmap_sfm_rcnmny4o/merged_chunk_model_08 --input_path2 /tmp/colmap_sfm_rcnmny4o/chunk_09/sparse_initial/0 --output_path /tmp/colmap_sfm_rcnmny4o/merged_chunk_model_09 --max_reproj_error 64
2026-05-19T14:26:09 COLMAP[chunk_model_merger_09] I20260519 14:26:09.463110 19569 model.cc:776] --- Reconstruction 1 ---
2026-05-19T14:26:09 COLMAP[chunk_model_merger_09] I20260519 14:26:09.463457 19569 model.cc:777] Images: 1402
2026-05-19T14:26:09 COLMAP[chunk_model_merger_09] I20260519 14:26:09.463472 19569 model.cc:778] Points: 1129592
2026-05-19T14:26:10 COLMAP[chunk_model_merger_09] I20260519 14:26:09.780339 19569 model.cc:782] --- Reconstruction 2 ---
2026-05-19T14:26:10 COLMAP[chunk_model_merger_09] I20260519 14:26:09.780387 19569 model.cc:783] Images: 179
2026-05-19T14:26:10 COLMAP[chunk_model_merger_09] I20260519 14:26:09.780398 19569 model.cc:784] Points: 142453
2026-05-19T14:26:10 COLMAP[chunk_model_merger_09] I20260519 14:26:09.780406 19569 model.cc:786] --- Merging reconstructions ---
2026-05-19T14:26:13 COLMAP[chunk_model_merger_09] I20260519 14:26:13.013535 19569 model.cc:789] => Merge succeeded
2026-05-19T14:26:13 COLMAP[chunk_model_merger_09] I20260519 14:26:13.013585 19569 model.cc:790] --- Merged reconstruction ---
2026-05-19T14:26:13 COLMAP[chunk_model_merger_09] I20260519 14:26:13.013593 19569 model.cc:791] Images: 1551
2026-05-19T14:26:13 COLMAP[chunk_model_merger_09] I20260519 14:26:13.013604 19569 model.cc:792] Points: 1243974
2026-05-19T14:26:15 2026-05-19 14:26:15,558 - INFO - [chunk_model_merger_10] colmap model_merger --input_path1 /tmp/colmap_sfm_rcnmny4o/merged_chunk_model_09 --input_path2 /tmp/colmap_sfm_rcnmny4o/chunk_10/sparse_initial/0 --output_path /tmp/colmap_sfm_rcnmny4o/merged_chunk_model_10 --max_reproj_error 64
2026-05-19T14:26:18 COLMAP[chunk_model_merger_10] I20260519 14:26:18.403110 19591 model.cc:776] --- Reconstruction 1 ---
2026-05-19T14:26:18 COLMAP[chunk_model_merger_10] I20260519 14:26:18.403674 19591 model.cc:777] Images: 1551
2026-05-19T14:26:18 COLMAP[chunk_model_merger_10] I20260519 14:26:18.403694 19591 model.cc:778] Points: 1243974
2026-05-19T14:26:19 COLMAP[chunk_model_merger_10] I20260519 14:26:18.714833 19591 model.cc:782] --- Reconstruction 2 ---
2026-05-19T14:26:19 COLMAP[chunk_model_merger_10] I20260519 14:26:18.714883 19591 model.cc:783] Images: 173
2026-05-19T14:26:19 COLMAP[chunk_model_merger_10] I20260519 14:26:18.714895 19591 model.cc:784] Points: 108150
2026-05-19T14:26:19 COLMAP[chunk_model_merger_10] I20260519 14:26:18.714901 19591 model.cc:786] --- Merging reconstructions ---
2026-05-19T14:26:22 COLMAP[chunk_model_merger_10] I20260519 14:26:22.287788 19591 model.cc:789] => Merge succeeded
2026-05-19T14:26:22 COLMAP[chunk_model_merger_10] I20260519 14:26:22.287855 19591 model.cc:790] --- Merged reconstruction ---
2026-05-19T14:26:22 COLMAP[chunk_model_merger_10] I20260519 14:26:22.287863 19591 model.cc:791] Images: 1694
2026-05-19T14:26:22 COLMAP[chunk_model_merger_10] I20260519 14:26:22.287874 19591 model.cc:792] Points: 1325268
2026-05-19T14:26:25 2026-05-19 14:26:24,945 - INFO - [chunk_bundle_adjuster] colmap bundle_adjuster --input_path /tmp/colmap_sfm_rcnmny4o/merged_chunk_model_10 --output_path /tmp/colmap_sfm_rcnmny4o/chunk_bundle_adjuster --BundleAdjustment.refine_principal_point 0 --BundleAdjustment.use_gpu 1
2026-05-19T14:26:25 COLMAP[chunk_bundle_adjuster] E20260519 14:26:25.098209 19599 base_option_manager.cc:264] Failed to parse options - unrecognised option '--BundleAdjustment.use_gpu'.
2026-05-19T14:26:25 2026-05-19 14:26:25,111 - WARNING - bundle_adjuster rejected BundleAdjustment.use_gpu; retrying with older COLMAP-compatible flags
2026-05-19T14:26:25 2026-05-19 14:26:25,111 - INFO - [chunk_bundle_adjuster] colmap bundle_adjuster --input_path /tmp/colmap_sfm_rcnmny4o/merged_chunk_model_10 --output_path /tmp/colmap_sfm_rcnmny4o/chunk_bundle_adjuster --BundleAdjustment.refine_principal_point 0
2026-05-19T14:26:28 COLMAP[chunk_bundle_adjuster] I20260519 14:26:28.238437 19607 bundle_adjustment.cc:70] === Global bundle adjustment ===
2026-05-19T17:14:17 COLMAP[chunk_bundle_adjuster] W20260519 17:14:16.425400 19607 levenberg_marquardt_strategy.cc:126] Linear solver failure. Failed to compute a finite step.
2026-05-19T17:17:23 COLMAP[chunk_bundle_adjuster] W20260519 17:17:22.898662 19607 levenberg_marquardt_strategy.cc:126] Linear solver failure. Failed to compute a finite step.
2026-05-19T17:20:31 COLMAP[chunk_bundle_adjuster] W20260519 17:20:30.613982 19607 levenberg_marquardt_strategy.cc:126] Linear solver failure. Failed to compute a finite step.
2026-05-19T17:23:55 COLMAP[chunk_bundle_adjuster] W20260519 17:23:55.271999 19607 levenberg_marquardt_strategy.cc:126] Linear solver failure. Failed to compute a finite step.
2026-05-19T17:27:05 COLMAP[chunk_bundle_adjuster] W20260519 17:27:05.202955 19607 levenberg_marquardt_strategy.cc:126] Linear solver failure. Failed to compute a finite step.
2026-05-19T17:30:23 COLMAP[chunk_bundle_adjuster] W20260519 17:30:23.538733 19607 levenberg_marquardt_strategy.cc:126] Linear solver failure. Failed to compute a finite step.
2026-05-19T17:34:23 COLMAP[chunk_bundle_adjuster] W20260519 17:34:22.799202 19607 levenberg_marquardt_strategy.cc:126] Linear solver failure. Failed to compute a finite step.
