2026-05-18T18:49:17 COLMAP[chunk_00_mapper_initial] I20260518 18:49:17.041458  2120 incremental_pipeline.cc:524] Registering image #306 (num_reg_frames=107)
2026-05-18T18:49:17 COLMAP[chunk_00_mapper_initial] I20260518 18:49:17.041553  2120 incremental_pipeline.cc:527] => Image sees 5310 / 8585 points
2026-05-18T18:49:19 COLMAP[chunk_00_mapper_initial] I20260518 18:49:18.966663  2120 incremental_pipeline.cc:524] Registering image #296 (num_reg_frames=108)
2026-05-18T18:49:19 COLMAP[chunk_00_mapper_initial] I20260518 18:49:18.966722  2120 incremental_pipeline.cc:527] => Image sees 4193 / 8149 points
2026-05-18T18:49:21 COLMAP[chunk_00_mapper_initial] I20260518 18:49:20.701261  2120 incremental_pipeline.cc:524] Registering image #307 (num_reg_frames=109)
2026-05-18T18:49:21 COLMAP[chunk_00_mapper_initial] I20260518 18:49:20.701321  2120 incremental_pipeline.cc:527] => Image sees 4674 / 8492 points
2026-05-18T18:49:22 COLMAP[chunk_00_mapper_initial] I20260518 18:49:22.461437  2120 incremental_pipeline.cc:524] Registering image #406 (num_reg_frames=110)
2026-05-18T18:49:22 COLMAP[chunk_00_mapper_initial] I20260518 18:49:22.461493  2120 incremental_pipeline.cc:527] => Image sees 4842 / 7617 points
2026-05-18T18:49:24 COLMAP[chunk_00_mapper_initial] I20260518 18:49:24.337378  2120 incremental_pipeline.cc:524] Registering image #308 (num_reg_frames=111)
2026-05-18T18:49:24 COLMAP[chunk_00_mapper_initial] I20260518 18:49:24.337440  2120 incremental_pipeline.cc:527] => Image sees 4256 / 8054 points
2026-05-18T18:49:26 COLMAP[chunk_00_mapper_initial] I20260518 18:49:25.928053  2120 incremental_pipeline.cc:524] Registering image #364 (num_reg_frames=112)
2026-05-18T18:49:26 COLMAP[chunk_00_mapper_initial] I20260518 18:49:25.928102  2120 incremental_pipeline.cc:527] => Image sees 4653 / 8266 points
2026-05-18T18:49:28 COLMAP[chunk_00_mapper_initial] I20260518 18:49:27.627445  2120 incremental_pipeline.cc:524] Registering image #365 (num_reg_frames=113)
2026-05-18T18:49:28 COLMAP[chunk_00_mapper_initial] I20260518 18:49:27.627501  2120 incremental_pipeline.cc:527] => Image sees 4852 / 8351 points
2026-05-18T18:49:29 COLMAP[chunk_00_mapper_initial] I20260518 18:49:29.412354  2120 incremental_pipeline.cc:524] Registering image #366 (num_reg_frames=114)
2026-05-18T18:49:29 COLMAP[chunk_00_mapper_initial] I20260518 18:49:29.412410  2120 incremental_pipeline.cc:527] => Image sees 5022 / 8232 points
2026-05-18T18:49:31 COLMAP[chunk_00_mapper_initial] I20260518 18:49:31.183880  2120 incremental_pipeline.cc:524] Registering image #363 (num_reg_frames=115)
2026-05-18T18:49:31 COLMAP[chunk_00_mapper_initial] I20260518 18:49:31.183939  2120 incremental_pipeline.cc:527] => Image sees 5367 / 8168 points
2026-05-18T18:49:33 COLMAP[chunk_00_mapper_initial] I20260518 18:49:32.981600  2120 incremental_pipeline.cc:524] Registering image #362 (num_reg_frames=116)
2026-05-18T18:49:33 COLMAP[chunk_00_mapper_initial] I20260518 18:49:32.981652  2120 incremental_pipeline.cc:527] => Image sees 5262 / 8147 points
2026-05-18T18:49:35 COLMAP[chunk_00_mapper_initial] I20260518 18:49:34.803551  2120 incremental_pipeline.cc:524] Registering image #361 (num_reg_frames=117)
2026-05-18T18:49:35 COLMAP[chunk_00_mapper_initial] I20260518 18:49:34.803610  2120 incremental_pipeline.cc:527] => Image sees 5041 / 8179 points
2026-05-18T18:49:36 COLMAP[chunk_00_mapper_initial] I20260518 18:49:36.413331  2120 incremental_pipeline.cc:78] Retriangulation and Global bundle adjustment
2026-05-18T18:50:19 COLMAP[chunk_00_mapper_initial] I20260518 18:50:18.882061  2120 incremental_pipeline.cc:524] Registering image #353 (num_reg_frames=118)
2026-05-18T18:50:19 COLMAP[chunk_00_mapper_initial] I20260518 18:50:18.882139  2120 incremental_pipeline.cc:527] => Image sees 4947 / 7784 points
2026-05-18T18:50:21 COLMAP[chunk_00_mapper_initial] I20260518 18:50:20.814729  2120 incremental_pipeline.cc:524] Registering image #351 (num_reg_frames=119)
2026-05-18T18:50:21 COLMAP[chunk_00_mapper_initial] I20260518 18:50:20.814792  2120 incremental_pipeline.cc:527] => Image sees 4914 / 7684 points
2026-05-18T18:50:23 COLMAP[chunk_00_mapper_initial] I20260518 18:50:22.781322  2120 incremental_pipeline.cc:524] Registering image #354 (num_reg_frames=120)
2026-05-18T18:50:23 COLMAP[chunk_00_mapper_initial] I20260518 18:50:22.781376  2120 incremental_pipeline.cc:527] => Image sees 5263 / 7788 points
2026-05-18T18:50:25 COLMAP[chunk_00_mapper_initial] I20260518 18:50:24.734431  2120 incremental_pipeline.cc:524] Registering image #352 (num_reg_frames=121)
2026-05-18T18:50:25 COLMAP[chunk_00_mapper_initial] I20260518 18:50:24.734485  2120 incremental_pipeline.cc:527] => Image sees 4990 / 7727 points
2026-05-18T18:50:27 COLMAP[chunk_00_mapper_initial] I20260518 18:50:26.626632  2120 incremental_pipeline.cc:524] Registering image #360 (num_reg_frames=122)
2026-05-18T18:50:27 COLMAP[chunk_00_mapper_initial] I20260518 18:50:26.626689  2120 incremental_pipeline.cc:527] => Image sees 4930 / 8234 points
2026-05-18T18:50:28 COLMAP[chunk_00_mapper_initial] I20260518 18:50:28.308923  2120 incremental_pipeline.cc:524] Registering image #355 (num_reg_frames=123)
2026-05-18T18:50:28 COLMAP[chunk_00_mapper_initial] I20260518 18:50:28.308979  2120 incremental_pipeline.cc:527] => Image sees 5171 / 7805 points
2026-05-18T18:50:30 COLMAP[chunk_00_mapper_initial] I20260518 18:50:30.155774  2120 incremental_pipeline.cc:524] Registering image #356 (num_reg_frames=124)
2026-05-18T18:50:30 COLMAP[chunk_00_mapper_initial] I20260518 18:50:30.155838  2120 incremental_pipeline.cc:527] => Image sees 5060 / 8100 points
2026-05-18T18:50:32 COLMAP[chunk_00_mapper_initial] I20260518 18:50:31.954483  2120 incremental_pipeline.cc:524] Registering image #359 (num_reg_frames=125)
2026-05-18T18:50:32 COLMAP[chunk_00_mapper_initial] I20260518 18:50:31.954540  2120 incremental_pipeline.cc:527] => Image sees 5535 / 8323 points
2026-05-18T18:50:34 COLMAP[chunk_00_mapper_initial] I20260518 18:50:33.886703  2120 incremental_pipeline.cc:524] Registering image #357 (num_reg_frames=126)
2026-05-18T18:50:34 COLMAP[chunk_00_mapper_initial] I20260518 18:50:33.886755  2120 incremental_pipeline.cc:527] => Image sees 5518 / 8491 points
2026-05-18T18:50:36 COLMAP[chunk_00_mapper_initial] I20260518 18:50:35.748858  2120 incremental_pipeline.cc:524] Registering image #358 (num_reg_frames=127)
2026-05-18T18:50:36 COLMAP[chunk_00_mapper_initial] I20260518 18:50:35.748914  2120 incremental_pipeline.cc:527] => Image sees 5941 / 8473 points
2026-05-18T18:50:38 COLMAP[chunk_00_mapper_initial] I20260518 18:50:37.653988  2120 incremental_pipeline.cc:524] Registering image #1450 (num_reg_frames=128)
2026-05-18T18:50:38 COLMAP[chunk_00_mapper_initial] I20260518 18:50:37.654037  2120 incremental_pipeline.cc:527] => Image sees 4679 / 8305 points
2026-05-18T18:50:39 COLMAP[chunk_00_mapper_initial] I20260518 18:50:39.343901  2120 incremental_pipeline.cc:524] Registering image #1452 (num_reg_frames=129)
2026-05-18T18:50:39 COLMAP[chunk_00_mapper_initial] I20260518 18:50:39.343954  2120 incremental_pipeline.cc:527] => Image sees 5189 / 8404 points
2026-05-18T18:50:41 COLMAP[chunk_00_mapper_initial] I20260518 18:50:41.071956  2120 incremental_pipeline.cc:78] Retriangulation and Global bundle adjustment
2026-05-18T18:51:38 COLMAP[chunk_00_mapper_initial] I20260518 18:51:38.058473  2120 incremental_pipeline.cc:524] Registering image #1453 (num_reg_frames=130)
2026-05-18T18:51:38 COLMAP[chunk_00_mapper_initial] I20260518 18:51:38.058568  2120 incremental_pipeline.cc:527] => Image sees 5629 / 8262 points
2026-05-18T18:51:40 COLMAP[chunk_00_mapper_initial] I20260518 18:51:39.928467  2120 incremental_pipeline.cc:524] Registering image #1451 (num_reg_frames=131)
2026-05-18T18:51:40 COLMAP[chunk_00_mapper_initial] I20260518 18:51:39.928521  2120 incremental_pipeline.cc:527] => Image sees 5855 / 8171 points
2026-05-18T18:51:42 COLMAP[chunk_00_mapper_initial] I20260518 18:51:41.785254  2120 incremental_pipeline.cc:524] Registering image #1454 (num_reg_frames=132)
2026-05-18T18:51:42 COLMAP[chunk_00_mapper_initial] I20260518 18:51:41.785306  2120 incremental_pipeline.cc:527] => Image sees 5529 / 7989 points
2026-05-18T18:51:44 COLMAP[chunk_00_mapper_initial] I20260518 18:51:43.706897  2120 incremental_pipeline.cc:524] Registering image #1449 (num_reg_frames=133)
2026-05-18T18:51:44 COLMAP[chunk_00_mapper_initial] I20260518 18:51:43.706950  2120 incremental_pipeline.cc:527] => Image sees 5640 / 7211 points
2026-05-18T18:51:45 COLMAP[chunk_00_mapper_initial] I20260518 18:51:45.571292  2120 incremental_pipeline.cc:524] Registering image #1455 (num_reg_frames=134)
2026-05-18T18:51:45 COLMAP[chunk_00_mapper_initial] I20260518 18:51:45.571347  2120 incremental_pipeline.cc:527] => Image sees 5650 / 7534 points
2026-05-18T18:51:47 COLMAP[chunk_00_mapper_initial] I20260518 18:51:47.462062  2120 incremental_pipeline.cc:524] Registering image #1456 (num_reg_frames=135)
2026-05-18T18:51:47 COLMAP[chunk_00_mapper_initial] I20260518 18:51:47.462112  2120 incremental_pipeline.cc:527] => Image sees 5619 / 7421 points
2026-05-18T18:51:49 COLMAP[chunk_00_mapper_initial] I20260518 18:51:49.280987  2120 incremental_pipeline.cc:524] Registering image #1457 (num_reg_frames=136)
2026-05-18T18:51:49 COLMAP[chunk_00_mapper_initial] I20260518 18:51:49.281040  2120 incremental_pipeline.cc:527] => Image sees 5575 / 7403 points
2026-05-18T18:51:51 COLMAP[chunk_00_mapper_initial] I20260518 18:51:51.149652  2120 incremental_pipeline.cc:524] Registering image #1458 (num_reg_frames=137)
2026-05-18T18:51:51 COLMAP[chunk_00_mapper_initial] I20260518 18:51:51.149729  2120 incremental_pipeline.cc:527] => Image sees 5613 / 7458 points
2026-05-18T18:51:53 COLMAP[chunk_00_mapper_initial] I20260518 18:51:52.888525  2120 incremental_pipeline.cc:524] Registering image #1459 (num_reg_frames=138)
2026-05-18T18:51:53 COLMAP[chunk_00_mapper_initial] I20260518 18:51:52.888581  2120 incremental_pipeline.cc:527] => Image sees 5349 / 7156 points
2026-05-18T18:51:55 COLMAP[chunk_00_mapper_initial] I20260518 18:51:54.660980  2120 incremental_pipeline.cc:524] Registering image #1460 (num_reg_frames=139)
2026-05-18T18:51:55 COLMAP[chunk_00_mapper_initial] I20260518 18:51:54.661031  2120 incremental_pipeline.cc:527] => Image sees 5258 / 7052 points
2026-05-18T18:51:56 COLMAP[chunk_00_mapper_initial] I20260518 18:51:56.422585  2120 incremental_pipeline.cc:524] Registering image #1461 (num_reg_frames=140)
2026-05-18T18:51:56 COLMAP[chunk_00_mapper_initial] I20260518 18:51:56.422636  2120 incremental_pipeline.cc:527] => Image sees 5209 / 6867 points
2026-05-18T18:51:58 COLMAP[chunk_00_mapper_initial] I20260518 18:51:58.192539  2120 incremental_pipeline.cc:524] Registering image #350 (num_reg_frames=141)
2026-05-18T18:51:58 COLMAP[chunk_00_mapper_initial] I20260518 18:51:58.192597  2120 incremental_pipeline.cc:527] => Image sees 4341 / 6701 points
2026-05-18T18:52:00 COLMAP[chunk_00_mapper_initial] I20260518 18:51:59.940819  2120 incremental_pipeline.cc:524] Registering image #1462 (num_reg_frames=142)
2026-05-18T18:52:00 COLMAP[chunk_00_mapper_initial] I20260518 18:51:59.940878  2120 incremental_pipeline.cc:527] => Image sees 5020 / 6687 points
2026-05-18T18:52:02 COLMAP[chunk_00_mapper_initial] I20260518 18:52:01.721342  2120 incremental_pipeline.cc:78] Retriangulation and Global bundle adjustment
2026-05-18T18:52:58 COLMAP[chunk_00_mapper_initial] I20260518 18:52:57.939278  2120 incremental_pipeline.cc:524] Registering image #367 (num_reg_frames=143)
2026-05-18T18:52:58 COLMAP[chunk_00_mapper_initial] I20260518 18:52:57.939361  2120 incremental_pipeline.cc:527] => Image sees 4779 / 6745 points
2026-05-18T18:53:00 COLMAP[chunk_00_mapper_initial] I20260518 18:52:59.780462  2120 incremental_pipeline.cc:524] Registering image #1434 (num_reg_frames=144)
2026-05-18T18:53:00 COLMAP[chunk_00_mapper_initial] I20260518 18:52:59.780516  2120 incremental_pipeline.cc:527] => Image sees 5219 / 9750 points
2026-05-18T18:53:02 COLMAP[chunk_00_mapper_initial] I20260518 18:53:01.755832  2120 incremental_pipeline.cc:524] Registering image #1463 (num_reg_frames=145)
2026-05-18T18:53:02 COLMAP[chunk_00_mapper_initial] I20260518 18:53:01.755883  2120 incremental_pipeline.cc:527] => Image sees 4766 / 6564 points
2026-05-18T18:53:03 COLMAP[chunk_00_mapper_initial] I20260518 18:53:03.460409  2120 incremental_pipeline.cc:524] Registering image #1465 (num_reg_frames=146)
2026-05-18T18:53:03 COLMAP[chunk_00_mapper_initial] I20260518 18:53:03.460462  2120 incremental_pipeline.cc:527] => Image sees 5811 / 8895 points
2026-05-18T18:53:05 COLMAP[chunk_00_mapper_initial] I20260518 18:53:05.459332  2120 incremental_pipeline.cc:524] Registering image #1464 (num_reg_frames=147)
2026-05-18T18:53:05 COLMAP[chunk_00_mapper_initial] I20260518 18:53:05.459393  2120 incremental_pipeline.cc:527] => Image sees 4850 / 6492 points
2026-05-18T18:53:07 COLMAP[chunk_00_mapper_initial] I20260518 18:53:07.303501  2120 incremental_pipeline.cc:524] Registering image #1466 (num_reg_frames=148)
2026-05-18T18:53:07 COLMAP[chunk_00_mapper_initial] I20260518 18:53:07.303565  2120 incremental_pipeline.cc:527] => Image sees 6225 / 9118 points
2026-05-18T18:53:09 COLMAP[chunk_00_mapper_initial] I20260518 18:53:09.455425  2120 incremental_pipeline.cc:524] Registering image #1467 (num_reg_frames=149)
2026-05-18T18:53:09 COLMAP[chunk_00_mapper_initial] I20260518 18:53:09.455480  2120 incremental_pipeline.cc:527] => Image sees 6265 / 9068 points
2026-05-18T18:53:11 COLMAP[chunk_00_mapper_initial] I20260518 18:53:11.492272  2120 incremental_pipeline.cc:524] Registering image #1468 (num_reg_frames=150)
2026-05-18T18:53:11 COLMAP[chunk_00_mapper_initial] I20260518 18:53:11.492328  2120 incremental_pipeline.cc:527] => Image sees 5909 / 9154 points
2026-05-18T18:53:13 COLMAP[chunk_00_mapper_initial] I20260518 18:53:13.467540  2120 incremental_pipeline.cc:524] Registering image #1491 (num_reg_frames=151)
2026-05-18T18:53:13 COLMAP[chunk_00_mapper_initial] I20260518 18:53:13.467593  2120 incremental_pipeline.cc:527] => Image sees 4926 / 7044 points
2026-05-18T18:53:15 COLMAP[chunk_00_mapper_initial] I20260518 18:53:15.365152  2120 incremental_pipeline.cc:524] Registering image #1469 (num_reg_frames=152)
2026-05-18T18:53:15 COLMAP[chunk_00_mapper_initial] I20260518 18:53:15.365211  2120 incremental_pipeline.cc:527] => Image sees 5553 / 9103 points
2026-05-18T18:53:17 COLMAP[chunk_00_mapper_initial] I20260518 18:53:17.306779  2120 incremental_pipeline.cc:524] Registering image #1433 (num_reg_frames=153)
2026-05-18T18:53:17 COLMAP[chunk_00_mapper_initial] I20260518 18:53:17.306841  2120 incremental_pipeline.cc:527] => Image sees 5231 / 9553 points
2026-05-18T18:53:19 COLMAP[chunk_00_mapper_initial] I20260518 18:53:19.304318  2120 incremental_pipeline.cc:524] Registering image #1490 (num_reg_frames=154)
2026-05-18T18:53:19 COLMAP[chunk_00_mapper_initial] I20260518 18:53:19.304375  2120 incremental_pipeline.cc:527] => Image sees 6488 / 9884 points
2026-05-18T18:53:21 COLMAP[chunk_00_mapper_initial] I20260518 18:53:21.410517  2120 incremental_pipeline.cc:524] Registering image #1470 (num_reg_frames=155)
2026-05-18T18:53:21 COLMAP[chunk_00_mapper_initial] I20260518 18:53:21.410563  2120 incremental_pipeline.cc:527] => Image sees 5935 / 9407 points
2026-05-18T18:53:23 COLMAP[chunk_00_mapper_initial] I20260518 18:53:23.388545  2120 incremental_pipeline.cc:524] Registering image #1489 (num_reg_frames=156)
2026-05-18T18:53:23 COLMAP[chunk_00_mapper_initial] I20260518 18:53:23.388600  2120 incremental_pipeline.cc:527] => Image sees 6051 / 9086 points
2026-05-18T18:53:25 COLMAP[chunk_00_mapper_initial] I20260518 18:53:25.398518  2120 incremental_pipeline.cc:524] Registering image #1471 (num_reg_frames=157)
2026-05-18T18:53:25 COLMAP[chunk_00_mapper_initial] I20260518 18:53:25.398576  2120 incremental_pipeline.cc:527] => Image sees 5571 / 7782 points
2026-05-18T18:53:27 COLMAP[chunk_00_mapper_initial] I20260518 18:53:27.241926  2120 incremental_pipeline.cc:78] Retriangulation and Global bundle adjustment
2026-05-18T18:54:33 COLMAP[chunk_00_mapper_initial] I20260518 18:54:33.386251  2120 incremental_pipeline.cc:524] Registering image #1555 (num_reg_frames=158)
2026-05-18T18:54:33 COLMAP[chunk_00_mapper_initial] I20260518 18:54:33.386333  2120 incremental_pipeline.cc:527] => Image sees 4455 / 7038 points
2026-05-18T18:54:35 COLMAP[chunk_00_mapper_initial] I20260518 18:54:35.036871  2120 incremental_pipeline.cc:524] Registering image #1554 (num_reg_frames=159)
2026-05-18T18:54:35 COLMAP[chunk_00_mapper_initial] I20260518 18:54:35.036926  2120 incremental_pipeline.cc:527] => Image sees 4545 / 6894 points
2026-05-18T18:54:36 COLMAP[chunk_00_mapper_initial] I20260518 18:54:36.640386  2120 incremental_pipeline.cc:524] Registering image #1636 (num_reg_frames=160)
2026-05-18T18:54:36 COLMAP[chunk_00_mapper_initial] I20260518 18:54:36.640436  2120 incremental_pipeline.cc:527] => Image sees 117 / 6551 points
2026-05-18T18:54:37 COLMAP[chunk_00_mapper_initial] I20260518 18:54:37.486152  2120 incremental_pipeline.cc:524] Registering image #1681 (num_reg_frames=161)
2026-05-18T18:54:37 COLMAP[chunk_00_mapper_initial] I20260518 18:54:37.486202  2120 incremental_pipeline.cc:527] => Image sees 143 / 6303 points
2026-05-18T18:54:38 COLMAP[chunk_00_mapper_initial] I20260518 18:54:38.583747  2120 incremental_pipeline.cc:524] Registering image #1637 (num_reg_frames=162)
2026-05-18T18:54:38 COLMAP[chunk_00_mapper_initial] I20260518 18:54:38.583810  2120 incremental_pipeline.cc:527] => Image sees 1694 / 6753 points
2026-05-18T18:54:40 COLMAP[chunk_00_mapper_initial] I20260518 18:54:39.841085  2120 incremental_pipeline.cc:524] Registering image #1638 (num_reg_frames=163)
2026-05-18T18:54:40 COLMAP[chunk_00_mapper_initial] I20260518 18:54:39.841143  2120 incremental_pipeline.cc:527] => Image sees 2471 / 6128 points
2026-05-18T18:54:41 COLMAP[chunk_00_mapper_initial] I20260518 18:54:41.197139  2120 incremental_pipeline.cc:524] Registering image #1639 (num_reg_frames=164)
2026-05-18T18:54:41 COLMAP[chunk_00_mapper_initial] I20260518 18:54:41.197191  2120 incremental_pipeline.cc:527] => Image sees 2545 / 5298 points
2026-05-18T18:54:43 COLMAP[chunk_00_mapper_initial] I20260518 18:54:42.830870  2120 incremental_pipeline.cc:524] Registering image #1683 (num_reg_frames=165)
2026-05-18T18:54:43 COLMAP[chunk_00_mapper_initial] I20260518 18:54:42.830930  2120 incremental_pipeline.cc:527] => Image sees 2555 / 5587 points
2026-05-18T18:54:44 COLMAP[chunk_00_mapper_initial] I20260518 18:54:44.198432  2120 incremental_pipeline.cc:524] Registering image #1678 (num_reg_frames=166)
2026-05-18T18:54:44 COLMAP[chunk_00_mapper_initial] I20260518 18:54:44.198490  2120 incremental_pipeline.cc:527] => Image sees 3281 / 6136 points
2026-05-18T18:54:45 COLMAP[chunk_00_mapper_initial] I20260518 18:54:45.492606  2120 incremental_pipeline.cc:524] Registering image #1682 (num_reg_frames=167)
2026-05-18T18:54:45 COLMAP[chunk_00_mapper_initial] I20260518 18:54:45.492657  2120 incremental_pipeline.cc:527] => Image sees 3626 / 6023 points
2026-05-18T18:54:47 COLMAP[chunk_00_mapper_initial] I20260518 18:54:46.867077  2120 incremental_pipeline.cc:524] Registering image #1679 (num_reg_frames=168)
2026-05-18T18:54:47 COLMAP[chunk_00_mapper_initial] I20260518 18:54:46.867142  2120 incremental_pipeline.cc:527] => Image sees 3931 / 6379 points
2026-05-18T18:54:48 COLMAP[chunk_00_mapper_initial] I20260518 18:54:48.302537  2120 incremental_pipeline.cc:78] Retriangulation and Global bundle adjustment
2026-05-18T18:55:50 COLMAP[chunk_00_mapper_initial] I20260518 18:55:50.508287  2120 incremental_pipeline.cc:524] Registering image #1635 (num_reg_frames=169)
2026-05-18T18:55:50 COLMAP[chunk_00_mapper_initial] I20260518 18:55:50.508374  2120 incremental_pipeline.cc:527] => Image sees 3270 / 5080 points
2026-05-18T18:55:52 COLMAP[chunk_00_mapper_initial] I20260518 18:55:51.870796  2120 incremental_pipeline.cc:524] Registering image #1677 (num_reg_frames=170)
2026-05-18T18:55:52 COLMAP[chunk_00_mapper_initial] I20260518 18:55:51.870853  2120 incremental_pipeline.cc:527] => Image sees 3401 / 4447 points
2026-05-18T18:55:53 COLMAP[chunk_00_mapper_initial] I20260518 18:55:53.273159  2120 incremental_pipeline.cc:524] Registering image #1680 (num_reg_frames=171)
2026-05-18T18:55:53 COLMAP[chunk_00_mapper_initial] I20260518 18:55:53.273219  2120 incremental_pipeline.cc:527] => Image sees 3162 / 4796 points
2026-05-18T18:55:54 COLMAP[chunk_00_mapper_initial] I20260518 18:55:54.685870  2120 incremental_pipeline.cc:78] Retriangulation and Global bundle adjustment
2026-05-18T18:56:24 COLMAP[chunk_00_mapper_initial] I20260518 18:56:24.465121  2120 incremental_pipeline.cc:78] Retriangulation and Global bundle adjustment
2026-05-18T18:56:48 COLMAP[chunk_00_mapper_initial] I20260518 18:56:48.603108  2120 incremental_pipeline.cc:710] Keeping successful reconstruction
2026-05-18T18:56:49 COLMAP[chunk_00_mapper_initial] I20260518 18:56:48.870784  2120 timer.cc:90] Elapsed time: 14.042 [minutes]
2026-05-18T18:56:49 2026-05-18 18:56:48,948 - INFO - [chunk_00_mapper_initial_model_converter_0] colmap model_converter --input_path /tmp/colmap_sfm_rcnmny4o/chunk_00/sparse_initial/0 --output_path /tmp/colmap_sfm_rcnmny4o/text_models/chunk_00_mapper_initial/0 --output_type TXT
2026-05-18T18:56:53 2026-05-18 18:56:53,010 - INFO - chunk_00_mapper_initial model 0 registered 172/172 images and 111665 points
2026-05-18T18:57:47 2026-05-18 18:57:47,659 - INFO - Prepared chunk 1 database by pruning global features down to 185 images
2026-05-18T18:57:47 2026-05-18 18:57:47,660 - INFO - [chunk_01_spatial_matcher] colmap spatial_matcher --database_path /tmp/colmap_sfm_rcnmny4o/chunk_01/database.db --FeatureMatching.use_gpu 1 --FeatureMatching.guided_matching 1 --SpatialMatching.ignore_z 0 --SpatialMatching.max_num_neighbors 12 --SpatialMatching.max_distance 120.0
2026-05-18T18:57:48 COLMAP[chunk_01_spatial_matcher] I20260518 18:57:47.859951  3756 feature_matching.cc:195] === Feature matching & geometric verification ===
2026-05-18T18:57:48 COLMAP[chunk_01_spatial_matcher] I20260518 18:57:47.942165  3757 feature_matching_utils.cc:80] Bind FeatureMatcherWorker to GPU device 0
2026-05-18T18:57:48 COLMAP[chunk_01_spatial_matcher] I20260518 18:57:47.942168  3763 feature_matching_utils.cc:80] Bind FeatureMatcherWorker to GPU device 0
2026-05-18T18:57:48 COLMAP[chunk_01_spatial_matcher] I20260518 18:57:47.942874  3757 sift.cc:1547] Creating SIFT GPU feature matcher
2026-05-18T18:57:48 COLMAP[chunk_01_spatial_matcher] I20260518 18:57:47.942879  3763 sift.cc:1547] Creating SIFT GPU feature matcher
2026-05-18T18:57:48 COLMAP[chunk_01_spatial_matcher] I20260518 18:57:47.946493  3756 pairing.cc:560] Generating spatial image pairs...
2026-05-18T18:57:48 COLMAP[chunk_01_spatial_matcher] I20260518 18:57:47.946523  3756 pairing.cc:565] Indexing images...
2026-05-18T18:57:48 COLMAP[chunk_01_spatial_matcher] I20260518 18:57:47.947921  3756 pairing.cc:570]  in 0.001s
2026-05-18T18:57:48 COLMAP[chunk_01_spatial_matcher] I20260518 18:57:47.947949  3756 pairing.cc:584] Building search index...
2026-05-18T18:57:48 COLMAP[chunk_01_spatial_matcher] I20260518 18:57:47.948123  3756 pairing.cc:589]  in 0.000s
2026-05-18T18:57:48 COLMAP[chunk_01_spatial_matcher] I20260518 18:57:47.948144  3756 pairing.cc:592] Searching for nearest neighbors...
2026-05-18T18:57:48 COLMAP[chunk_01_spatial_matcher] I20260518 18:57:47.959105  3756 pairing.cc:608]  in 0.011s
2026-05-18T18:57:48 COLMAP[chunk_01_spatial_matcher] I20260518 18:57:47.959455  3756 pairing.cc:631] Processing image [1/185]
2026-05-18T18:57:48 COLMAP[chunk_01_spatial_matcher] I20260518 18:57:48.329113  3756 feature_matching.cc:217] in 0.370s
2026-05-18T18:57:48 COLMAP[chunk_01_spatial_matcher] I20260518 18:57:48.329159  3756 pairing.cc:631] Processing image [2/185]
2026-05-18T18:57:48 COLMAP[chunk_01_spatial_matcher] I20260518 18:57:48.546497  3756 feature_matching.cc:217] in 0.217s
2026-05-18T18:57:48 COLMAP[chunk_01_spatial_matcher] I20260518 18:57:48.546550  3756 pairing.cc:631] Processing image [3/185]
2026-05-18T18:57:49 COLMAP[chunk_01_spatial_matcher] I20260518 18:57:48.812390  3756 feature_matching.cc:217] in 0.266s
2026-05-18T18:57:49 COLMAP[chunk_01_spatial_matcher] I20260518 18:57:48.812443  3756 pairing.cc:631] Processing image [4/185]
2026-05-18T18:57:49 COLMAP[chunk_01_spatial_matcher] I20260518 18:57:49.282491  3756 feature_matching.cc:217] in 0.470s
2026-05-18T18:57:49 COLMAP[chunk_01_spatial_matcher] I20260518 18:57:49.282544  3756 pairing.cc:631] Processing image [5/185]
2026-05-18T18:57:49 COLMAP[chunk_01_spatial_matcher] I20260518 18:57:49.452185  3756 feature_matching.cc:217] in 0.170s
2026-05-18T18:57:49 COLMAP[chunk_01_spatial_matcher] I20260518 18:57:49.452237  3756 pairing.cc:631] Processing image [6/185]
2026-05-18T18:57:49 COLMAP[chunk_01_spatial_matcher] I20260518 18:57:49.658718  3756 feature_matching.cc:217] in 0.207s
2026-05-18T18:57:49 COLMAP[chunk_01_spatial_matcher] I20260518 18:57:49.658771  3756 pairing.cc:631] Processing image [7/185]
2026-05-18T18:57:50 COLMAP[chunk_01_spatial_matcher] I20260518 18:57:49.902493  3756 feature_matching.cc:217] in 0.244s
2026-05-18T18:57:50 COLMAP[chunk_01_spatial_matcher] I20260518 18:57:49.902547  3756 pairing.cc:631] Processing image [8/185]
2026-05-18T18:57:50 COLMAP[chunk_01_spatial_matcher] I20260518 18:57:50.160631  3756 feature_matching.cc:217] in 0.258s
2026-05-18T18:57:50 COLMAP[chunk_01_spatial_matcher] I20260518 18:57:50.160683  3756 pairing.cc:631] Processing image [9/185]
2026-05-18T18:57:50 COLMAP[chunk_01_spatial_matcher] I20260518 18:57:50.383587  3756 feature_matching.cc:217] in 0.223s
2026-05-18T18:57:50 COLMAP[chunk_01_spatial_matcher] I20260518 18:57:50.383634  3756 pairing.cc:631] Processing image [10/185]
2026-05-18T18:57:50 COLMAP[chunk_01_spatial_matcher] I20260518 18:57:50.618695  3756 feature_matching.cc:217] in 0.235s
2026-05-18T18:57:50 COLMAP[chunk_01_spatial_matcher] I20260518 18:57:50.618747  3756 pairing.cc:631] Processing image [11/185]
2026-05-18T18:57:51 COLMAP[chunk_01_spatial_matcher] I20260518 18:57:50.906579  3756 feature_matching.cc:217] in 0.288s
2026-05-18T18:57:51 COLMAP[chunk_01_spatial_matcher] I20260518 18:57:50.906630  3756 pairing.cc:631] Processing image [12/185]
2026-05-18T18:57:51 COLMAP[chunk_01_spatial_matcher] I20260518 18:57:51.306437  3756 feature_matching.cc:217] in 0.400s
2026-05-18T18:57:51 COLMAP[chunk_01_spatial_matcher] I20260518 18:57:51.306485  3756 pairing.cc:631] Processing image [13/185]
2026-05-18T18:57:51 COLMAP[chunk_01_spatial_matcher] I20260518 18:57:51.497293  3756 feature_matching.cc:217] in 0.191s
2026-05-18T18:57:51 COLMAP[chunk_01_spatial_matcher] I20260518 18:57:51.497339  3756 pairing.cc:631] Processing image [14/185]
2026-05-18T18:57:51 COLMAP[chunk_01_spatial_matcher] I20260518 18:57:51.659729  3756 feature_matching.cc:217] in 0.162s
2026-05-18T18:57:51 COLMAP[chunk_01_spatial_matcher] I20260518 18:57:51.659780  3756 pairing.cc:631] Processing image [15/185]
2026-05-18T18:57:52 COLMAP[chunk_01_spatial_matcher] I20260518 18:57:51.841759  3756 feature_matching.cc:217] in 0.182s
2026-05-18T18:57:52 COLMAP[chunk_01_spatial_matcher] I20260518 18:57:51.841812  3756 pairing.cc:631] Processing image [16/185]
2026-05-18T18:57:52 COLMAP[chunk_01_spatial_matcher] I20260518 18:57:52.032894  3756 feature_matching.cc:217] in 0.191s
2026-05-18T18:57:52 COLMAP[chunk_01_spatial_matcher] I20260518 18:57:52.032948  3756 pairing.cc:631] Processing image [17/185]
2026-05-18T18:57:52 COLMAP[chunk_01_spatial_matcher] I20260518 18:57:52.184965  3756 feature_matching.cc:217] in 0.152s
2026-05-18T18:57:52 COLMAP[chunk_01_spatial_matcher] I20260518 18:57:52.185019  3756 pairing.cc:631] Processing image [18/185]
2026-05-18T18:57:52 COLMAP[chunk_01_spatial_matcher] I20260518 18:57:52.298852  3756 feature_matching.cc:217] in 0.114s
2026-05-18T18:57:52 COLMAP[chunk_01_spatial_matcher] I20260518 18:57:52.298905  3756 pairing.cc:631] Processing image [19/185]
2026-05-18T18:57:52 COLMAP[chunk_01_spatial_matcher] I20260518 18:57:52.440483  3756 feature_matching.cc:217] in 0.142s
2026-05-18T18:57:52 COLMAP[chunk_01_spatial_matcher] I20260518 18:57:52.440537  3756 pairing.cc:631] Processing image [20/185]
2026-05-18T18:57:53 COLMAP[chunk_01_spatial_matcher] I20260518 18:57:52.879499  3756 feature_matching.cc:217] in 0.439s
2026-05-18T18:57:53 COLMAP[chunk_01_spatial_matcher] I20260518 18:57:52.879550  3756 pairing.cc:631] Processing image [21/185]
2026-05-18T18:57:53 COLMAP[chunk_01_spatial_matcher] I20260518 18:57:53.262158  3756 feature_matching.cc:217] in 0.383s
2026-05-18T18:57:53 COLMAP[chunk_01_spatial_matcher] I20260518 18:57:53.262215  3756 pairing.cc:631] Processing image [22/185]
2026-05-18T18:57:53 COLMAP[chunk_01_spatial_matcher] I20260518 18:57:53.334337  3756 feature_matching.cc:217] in 0.072s
2026-05-18T18:57:53 COLMAP[chunk_01_spatial_matcher] I20260518 18:57:53.334398  3756 pairing.cc:631] Processing image [23/185]
2026-05-18T18:57:53 COLMAP[chunk_01_spatial_matcher] I20260518 18:57:53.406579  3756 feature_matching.cc:217] in 0.072s
2026-05-18T18:57:53 COLMAP[chunk_01_spatial_matcher] I20260518 18:57:53.406625  3756 pairing.cc:631] Processing image [24/185]
2026-05-18T18:57:53 COLMAP[chunk_01_spatial_matcher] I20260518 18:57:53.480516  3756 feature_matching.cc:217] in 0.074s
2026-05-18T18:57:53 COLMAP[chunk_01_spatial_matcher] I20260518 18:57:53.480563  3756 pairing.cc:631] Processing image [25/185]
2026-05-18T18:57:53 COLMAP[chunk_01_spatial_matcher] I20260518 18:57:53.550335  3756 feature_matching.cc:217] in 0.070s
2026-05-18T18:57:53 COLMAP[chunk_01_spatial_matcher] I20260518 18:57:53.550381  3756 pairing.cc:631] Processing image [26/185]
2026-05-18T18:57:54 COLMAP[chunk_01_spatial_matcher] I20260518 18:57:54.007047  3756 feature_matching.cc:217] in 0.457s
2026-05-18T18:57:54 COLMAP[chunk_01_spatial_matcher] I20260518 18:57:54.007103  3756 pairing.cc:631] Processing image [27/185]
2026-05-18T18:57:54 COLMAP[chunk_01_spatial_matcher] I20260518 18:57:54.580163  3756 feature_matching.cc:217] in 0.573s
2026-05-18T18:57:54 COLMAP[chunk_01_spatial_matcher] I20260518 18:57:54.580211  3756 pairing.cc:631] Processing image [28/185]
2026-05-18T18:57:55 COLMAP[chunk_01_spatial_matcher] I20260518 18:57:54.808297  3756 feature_matching.cc:217] in 0.228s
2026-05-18T18:57:55 COLMAP[chunk_01_spatial_matcher] I20260518 18:57:54.808346  3756 pairing.cc:631] Processing image [29/185]
2026-05-18T18:57:55 COLMAP[chunk_01_spatial_matcher] I20260518 18:57:55.014878  3756 feature_matching.cc:217] in 0.207s
2026-05-18T18:57:55 COLMAP[chunk_01_spatial_matcher] I20260518 18:57:55.014931  3756 pairing.cc:631] Processing image [30/185]
2026-05-18T18:57:55 COLMAP[chunk_01_spatial_matcher] I20260518 18:57:55.203238  3756 feature_matching.cc:217] in 0.188s
2026-05-18T18:57:55 COLMAP[chunk_01_spatial_matcher] I20260518 18:57:55.203289  3756 pairing.cc:631] Processing image [31/185]
2026-05-18T18:57:55 COLMAP[chunk_01_spatial_matcher] I20260518 18:57:55.493712  3756 feature_matching.cc:217] in 0.290s
2026-05-18T18:57:55 COLMAP[chunk_01_spatial_matcher] I20260518 18:57:55.493760  3756 pairing.cc:631] Processing image [32/185]
2026-05-18T18:57:55 COLMAP[chunk_01_spatial_matcher] I20260518 18:57:55.714442  3756 feature_matching.cc:217] in 0.221s
2026-05-18T18:57:55 COLMAP[chunk_01_spatial_matcher] I20260518 18:57:55.714491  3756 pairing.cc:631] Processing image [33/185]
2026-05-18T18:57:56 COLMAP[chunk_01_spatial_matcher] I20260518 18:57:55.912405  3756 feature_matching.cc:217] in 0.198s
2026-05-18T18:57:56 COLMAP[chunk_01_spatial_matcher] I20260518 18:57:55.912457  3756 pairing.cc:631] Processing image [34/185]
2026-05-18T18:57:56 COLMAP[chunk_01_spatial_matcher] I20260518 18:57:56.111042  3756 feature_matching.cc:217] in 0.199s
2026-05-18T18:57:56 COLMAP[chunk_01_spatial_matcher] I20260518 18:57:56.111094  3756 pairing.cc:631] Processing image [35/185]
2026-05-18T18:57:56 COLMAP[chunk_01_spatial_matcher] I20260518 18:57:56.298895  3756 feature_matching.cc:217] in 0.188s
2026-05-18T18:57:56 COLMAP[chunk_01_spatial_matcher] I20260518 18:57:56.298949  3756 pairing.cc:631] Processing image [36/185]
2026-05-18T18:57:56 COLMAP[chunk_01_spatial_matcher] I20260518 18:57:56.593189  3756 feature_matching.cc:217] in 0.294s
2026-05-18T18:57:56 COLMAP[chunk_01_spatial_matcher] I20260518 18:57:56.593237  3756 pairing.cc:631] Processing image [37/185]
2026-05-18T18:57:57 COLMAP[chunk_01_spatial_matcher] I20260518 18:57:56.824368  3756 feature_matching.cc:217] in 0.231s
2026-05-18T18:57:57 COLMAP[chunk_01_spatial_matcher] I20260518 18:57:56.824419  3756 pairing.cc:631] Processing image [38/185]
2026-05-18T18:57:57 COLMAP[chunk_01_spatial_matcher] I20260518 18:57:57.083572  3756 feature_matching.cc:217] in 0.259s
2026-05-18T18:57:57 COLMAP[chunk_01_spatial_matcher] I20260518 18:57:57.083623  3756 pairing.cc:631] Processing image [39/185]
2026-05-18T18:57:57 COLMAP[chunk_01_spatial_matcher] I20260518 18:57:57.304412  3756 feature_matching.cc:217] in 0.221s
2026-05-18T18:57:57 COLMAP[chunk_01_spatial_matcher] I20260518 18:57:57.304463  3756 pairing.cc:631] Processing image [40/185]
2026-05-18T18:57:57 COLMAP[chunk_01_spatial_matcher] I20260518 18:57:57.491853  3756 feature_matching.cc:217] in 0.187s
2026-05-18T18:57:57 COLMAP[chunk_01_spatial_matcher] I20260518 18:57:57.491899  3756 pairing.cc:631] Processing image [41/185]
2026-05-18T18:57:57 COLMAP[chunk_01_spatial_matcher] I20260518 18:57:57.699374  3756 feature_matching.cc:217] in 0.208s
2026-05-18T18:57:57 COLMAP[chunk_01_spatial_matcher] I20260518 18:57:57.699424  3756 pairing.cc:631] Processing image [42/185]
2026-05-18T18:57:58 COLMAP[chunk_01_spatial_matcher] I20260518 18:57:57.911067  3756 feature_matching.cc:217] in 0.212s
2026-05-18T18:57:58 COLMAP[chunk_01_spatial_matcher] I20260518 18:57:57.911114  3756 pairing.cc:631] Processing image [43/185]
2026-05-18T18:57:58 COLMAP[chunk_01_spatial_matcher] I20260518 18:57:58.057974  3756 feature_matching.cc:217] in 0.147s
2026-05-18T18:57:58 COLMAP[chunk_01_spatial_matcher] I20260518 18:57:58.058022  3756 pairing.cc:631] Processing image [44/185]
2026-05-18T18:57:58 COLMAP[chunk_01_spatial_matcher] I20260518 18:57:58.185854  3756 feature_matching.cc:217] in 0.128s
2026-05-18T18:57:58 COLMAP[chunk_01_spatial_matcher] I20260518 18:57:58.185904  3756 pairing.cc:631] Processing image [45/185]
2026-05-18T18:57:58 COLMAP[chunk_01_spatial_matcher] I20260518 18:57:58.279687  3756 feature_matching.cc:217] in 0.094s
2026-05-18T18:57:58 COLMAP[chunk_01_spatial_matcher] I20260518 18:57:58.279738  3756 pairing.cc:631] Processing image [46/185]
2026-05-18T18:57:58 COLMAP[chunk_01_spatial_matcher] I20260518 18:57:58.345263  3756 feature_matching.cc:217] in 0.066s
2026-05-18T18:57:58 COLMAP[chunk_01_spatial_matcher] I20260518 18:57:58.345309  3756 pairing.cc:631] Processing image [47/185]
2026-05-18T18:57:58 COLMAP[chunk_01_spatial_matcher] I20260518 18:57:58.485963  3756 feature_matching.cc:217] in 0.141s
2026-05-18T18:57:58 COLMAP[chunk_01_spatial_matcher] I20260518 18:57:58.486011  3756 pairing.cc:631] Processing image [48/185]
2026-05-18T18:57:58 COLMAP[chunk_01_spatial_matcher] I20260518 18:57:58.643884  3756 feature_matching.cc:217] in 0.158s
2026-05-18T18:57:58 COLMAP[chunk_01_spatial_matcher] I20260518 18:57:58.643932  3756 pairing.cc:631] Processing image [49/185]
2026-05-18T18:57:59 COLMAP[chunk_01_spatial_matcher] I20260518 18:57:58.764228  3756 feature_matching.cc:217] in 0.120s
2026-05-18T18:57:59 COLMAP[chunk_01_spatial_matcher] I20260518 18:57:58.764281  3756 pairing.cc:631] Processing image [50/185]
2026-05-18T18:57:59 COLMAP[chunk_01_spatial_matcher] I20260518 18:57:58.869861  3756 feature_matching.cc:217] in 0.106s
2026-05-18T18:57:59 COLMAP[chunk_01_spatial_matcher] I20260518 18:57:58.869912  3756 pairing.cc:631] Processing image [51/185]
2026-05-18T18:57:59 COLMAP[chunk_01_spatial_matcher] I20260518 18:57:58.954589  3756 feature_matching.cc:217] in 0.085s
2026-05-18T18:57:59 COLMAP[chunk_01_spatial_matcher] I20260518 18:57:58.954638  3756 pairing.cc:631] Processing image [52/185]
2026-05-18T18:57:59 COLMAP[chunk_01_spatial_matcher] I20260518 18:57:59.097157  3756 feature_matching.cc:217] in 0.143s
2026-05-18T18:57:59 COLMAP[chunk_01_spatial_matcher] I20260518 18:57:59.097208  3756 pairing.cc:631] Processing image [53/185]
2026-05-18T18:57:59 COLMAP[chunk_01_spatial_matcher] I20260518 18:57:59.284006  3756 feature_matching.cc:217] in 0.187s
2026-05-18T18:57:59 COLMAP[chunk_01_spatial_matcher] I20260518 18:57:59.284058  3756 pairing.cc:631] Processing image [54/185]
2026-05-18T18:57:59 COLMAP[chunk_01_spatial_matcher] I20260518 18:57:59.524433  3756 feature_matching.cc:217] in 0.240s
2026-05-18T18:57:59 COLMAP[chunk_01_spatial_matcher] I20260518 18:57:59.524484  3756 pairing.cc:631] Processing image [55/185]
2026-05-18T18:57:59 COLMAP[chunk_01_spatial_matcher] I20260518 18:57:59.713773  3756 feature_matching.cc:217] in 0.189s
2026-05-18T18:57:59 COLMAP[chunk_01_spatial_matcher] I20260518 18:57:59.713824  3756 pairing.cc:631] Processing image [56/185]
2026-05-18T18:58:00 COLMAP[chunk_01_spatial_matcher] I20260518 18:57:59.883049  3756 feature_matching.cc:217] in 0.169s
2026-05-18T18:58:00 COLMAP[chunk_01_spatial_matcher] I20260518 18:57:59.883100  3756 pairing.cc:631] Processing image [57/185]
2026-05-18T18:58:00 COLMAP[chunk_01_spatial_matcher] I20260518 18:58:00.006688  3756 feature_matching.cc:217] in 0.124s
2026-05-18T18:58:00 COLMAP[chunk_01_spatial_matcher] I20260518 18:58:00.006739  3756 pairing.cc:631] Processing image [58/185]
2026-05-18T18:58:00 COLMAP[chunk_01_spatial_matcher] I20260518 18:58:00.149020  3756 feature_matching.cc:217] in 0.142s
2026-05-18T18:58:00 COLMAP[chunk_01_spatial_matcher] I20260518 18:58:00.149072  3756 pairing.cc:631] Processing image [59/185]
2026-05-18T18:58:00 COLMAP[chunk_01_spatial_matcher] I20260518 18:58:00.491881  3756 feature_matching.cc:217] in 0.343s
2026-05-18T18:58:00 COLMAP[chunk_01_spatial_matcher] I20260518 18:58:00.491927  3756 pairing.cc:631] Processing image [60/185]
2026-05-18T18:58:01 COLMAP[chunk_01_spatial_matcher] I20260518 18:58:00.739352  3756 feature_matching.cc:217] in 0.247s
2026-05-18T18:58:01 COLMAP[chunk_01_spatial_matcher] I20260518 18:58:00.739401  3756 pairing.cc:631] Processing image [61/185]
2026-05-18T18:58:01 COLMAP[chunk_01_spatial_matcher] I20260518 18:58:00.999238  3756 feature_matching.cc:217] in 0.260s
2026-05-18T18:58:01 COLMAP[chunk_01_spatial_matcher] I20260518 18:58:00.999289  3756 pairing.cc:631] Processing image [62/185]
2026-05-18T18:58:01 COLMAP[chunk_01_spatial_matcher] I20260518 18:58:01.203765  3756 feature_matching.cc:217] in 0.205s
2026-05-18T18:58:01 COLMAP[chunk_01_spatial_matcher] I20260518 18:58:01.203835  3756 pairing.cc:631] Processing image [63/185]
2026-05-18T18:58:01 COLMAP[chunk_01_spatial_matcher] I20260518 18:58:01.396170  3756 feature_matching.cc:217] in 0.192s
2026-05-18T18:58:01 COLMAP[chunk_01_spatial_matcher] I20260518 18:58:01.396219  3756 pairing.cc:631] Processing image [64/185]
2026-05-18T18:58:01 COLMAP[chunk_01_spatial_matcher] I20260518 18:58:01.546451  3756 feature_matching.cc:217] in 0.150s
2026-05-18T18:58:01 COLMAP[chunk_01_spatial_matcher] I20260518 18:58:01.546499  3756 pairing.cc:631] Processing image [65/185]
2026-05-18T18:58:01 COLMAP[chunk_01_spatial_matcher] I20260518 18:58:01.663327  3756 feature_matching.cc:217] in 0.117s
2026-05-18T18:58:01 COLMAP[chunk_01_spatial_matcher] I20260518 18:58:01.663376  3756 pairing.cc:631] Processing image [66/185]
2026-05-18T18:58:02 COLMAP[chunk_01_spatial_matcher] I20260518 18:58:01.816725  3756 feature_matching.cc:217] in 0.153s
2026-05-18T18:58:02 COLMAP[chunk_01_spatial_matcher] I20260518 18:58:01.816779  3756 pairing.cc:631] Processing image [67/185]
2026-05-18T18:58:02 COLMAP[chunk_01_spatial_matcher] I20260518 18:58:01.981969  3756 feature_matching.cc:217] in 0.165s
2026-05-18T18:58:02 COLMAP[chunk_01_spatial_matcher] I20260518 18:58:01.982021  3756 pairing.cc:631] Processing image [68/185]
2026-05-18T18:58:02 COLMAP[chunk_01_spatial_matcher] I20260518 18:58:02.088575  3756 feature_matching.cc:217] in 0.107s
2026-05-18T18:58:02 COLMAP[chunk_01_spatial_matcher] I20260518 18:58:02.088629  3756 pairing.cc:631] Processing image [69/185]
2026-05-18T18:58:02 COLMAP[chunk_01_spatial_matcher] I20260518 18:58:02.311269  3756 feature_matching.cc:217] in 0.223s
2026-05-18T18:58:02 COLMAP[chunk_01_spatial_matcher] I20260518 18:58:02.311322  3756 pairing.cc:631] Processing image [70/185]
2026-05-18T18:58:02 COLMAP[chunk_01_spatial_matcher] I20260518 18:58:02.584009  3756 feature_matching.cc:217] in 0.273s
2026-05-18T18:58:02 COLMAP[chunk_01_spatial_matcher] I20260518 18:58:02.584059  3756 pairing.cc:631] Processing image [71/185]
2026-05-18T18:58:03 COLMAP[chunk_01_spatial_matcher] I20260518 18:58:02.815546  3756 feature_matching.cc:217] in 0.232s
2026-05-18T18:58:03 COLMAP[chunk_01_spatial_matcher] I20260518 18:58:02.815594  3756 pairing.cc:631] Processing image [72/185]
2026-05-18T18:58:03 COLMAP[chunk_01_spatial_matcher] I20260518 18:58:02.878504  3756 feature_matching.cc:217] in 0.063s
2026-05-18T18:58:03 COLMAP[chunk_01_spatial_matcher] I20260518 18:58:02.878552  3756 pairing.cc:631] Processing image [73/185]
2026-05-18T18:58:03 COLMAP[chunk_01_spatial_matcher] I20260518 18:58:02.937489  3756 feature_matching.cc:217] in 0.059s
2026-05-18T18:58:03 COLMAP[chunk_01_spatial_matcher] I20260518 18:58:02.937533  3756 pairing.cc:631] Processing image [74/185]
2026-05-18T18:58:03 COLMAP[chunk_01_spatial_matcher] I20260518 18:58:03.501276  3756 feature_matching.cc:217] in 0.564s
2026-05-18T18:58:03 COLMAP[chunk_01_spatial_matcher] I20260518 18:58:03.501322  3756 pairing.cc:631] Processing image [75/185]
2026-05-18T18:58:03 COLMAP[chunk_01_spatial_matcher] I20260518 18:58:03.613265  3756 feature_matching.cc:217] in 0.112s
2026-05-18T18:58:03 COLMAP[chunk_01_spatial_matcher] I20260518 18:58:03.613315  3756 pairing.cc:631] Processing image [76/185]
2026-05-18T18:58:03 COLMAP[chunk_01_spatial_matcher] I20260518 18:58:03.698793  3756 feature_matching.cc:217] in 0.086s
2026-05-18T18:58:03 COLMAP[chunk_01_spatial_matcher] I20260518 18:58:03.698841  3756 pairing.cc:631] Processing image [77/185]
2026-05-18T18:58:04 COLMAP[chunk_01_spatial_matcher] I20260518 18:58:04.129871  3756 feature_matching.cc:217] in 0.431s
2026-05-18T18:58:04 COLMAP[chunk_01_spatial_matcher] I20260518 18:58:04.129923  3756 pairing.cc:631] Processing image [78/185]
2026-05-18T18:58:05 COLMAP[chunk_01_spatial_matcher] I20260518 18:58:05.321450  3756 feature_matching.cc:217] in 1.192s
2026-05-18T18:58:05 COLMAP[chunk_01_spatial_matcher] I20260518 18:58:05.321514  3756 pairing.cc:631] Processing image [79/185]
2026-05-18T18:58:06 COLMAP[chunk_01_spatial_matcher] I20260518 18:58:06.333819  3756 feature_matching.cc:217] in 1.012s
2026-05-18T18:58:06 COLMAP[chunk_01_spatial_matcher] I20260518 18:58:06.333875  3756 pairing.cc:631] Processing image [80/185]
2026-05-18T18:58:07 COLMAP[chunk_01_spatial_matcher] I20260518 18:58:07.245222  3756 feature_matching.cc:217] in 0.911s
2026-05-18T18:58:07 COLMAP[chunk_01_spatial_matcher] I20260518 18:58:07.245275  3756 pairing.cc:631] Processing image [81/185]
2026-05-18T18:58:07 COLMAP[chunk_01_spatial_matcher] I20260518 18:58:07.523779  3756 feature_matching.cc:217] in 0.279s
2026-05-18T18:58:07 COLMAP[chunk_01_spatial_matcher] I20260518 18:58:07.523844  3756 pairing.cc:631] Processing image [82/185]
2026-05-18T18:58:08 COLMAP[chunk_01_spatial_matcher] I20260518 18:58:07.777446  3756 feature_matching.cc:217] in 0.254s
2026-05-18T18:58:08 COLMAP[chunk_01_spatial_matcher] I20260518 18:58:07.777508  3756 pairing.cc:631] Processing image [83/185]
2026-05-18T18:58:08 COLMAP[chunk_01_spatial_matcher] I20260518 18:58:08.029935  3756 feature_matching.cc:217] in 0.252s
2026-05-18T18:58:08 COLMAP[chunk_01_spatial_matcher] I20260518 18:58:08.029989  3756 pairing.cc:631] Processing image [84/185]
2026-05-18T18:58:08 COLMAP[chunk_01_spatial_matcher] I20260518 18:58:08.268395  3756 feature_matching.cc:217] in 0.238s
2026-05-18T18:58:08 COLMAP[chunk_01_spatial_matcher] I20260518 18:58:08.268450  3756 pairing.cc:631] Processing image [85/185]
2026-05-18T18:58:08 COLMAP[chunk_01_spatial_matcher] I20260518 18:58:08.471457  3756 feature_matching.cc:217] in 0.203s
2026-05-18T18:58:08 COLMAP[chunk_01_spatial_matcher] I20260518 18:58:08.471513  3756 pairing.cc:631] Processing image [86/185]
2026-05-18T18:58:08 COLMAP[chunk_01_spatial_matcher] I20260518 18:58:08.633075  3756 feature_matching.cc:217] in 0.162s
2026-05-18T18:58:08 COLMAP[chunk_01_spatial_matcher] I20260518 18:58:08.633122  3756 pairing.cc:631] Processing image [87/185]
2026-05-18T18:58:08 COLMAP[chunk_01_spatial_matcher] I20260518 18:58:08.731277  3756 feature_matching.cc:217] in 0.098s
2026-05-18T18:58:08 COLMAP[chunk_01_spatial_matcher] I20260518 18:58:08.731333  3756 pairing.cc:631] Processing image [88/185]
2026-05-18T18:58:09 COLMAP[chunk_01_spatial_matcher] I20260518 18:58:08.800500  3756 feature_matching.cc:217] in 0.069s
2026-05-18T18:58:09 COLMAP[chunk_01_spatial_matcher] I20260518 18:58:08.800551  3756 pairing.cc:631] Processing image [89/185]
2026-05-18T18:58:09 COLMAP[chunk_01_spatial_matcher] I20260518 18:58:08.873750  3756 feature_matching.cc:217] in 0.073s
2026-05-18T18:58:09 COLMAP[chunk_01_spatial_matcher] I20260518 18:58:08.873800  3756 pairing.cc:631] Processing image [90/185]
2026-05-18T18:58:09 COLMAP[chunk_01_spatial_matcher] I20260518 18:58:08.997212  3756 feature_matching.cc:217] in 0.123s
2026-05-18T18:58:09 COLMAP[chunk_01_spatial_matcher] I20260518 18:58:08.997262  3756 pairing.cc:631] Processing image [91/185]
2026-05-18T18:58:09 COLMAP[chunk_01_spatial_matcher] I20260518 18:58:09.167935  3756 feature_matching.cc:217] in 0.171s
2026-05-18T18:58:09 COLMAP[chunk_01_spatial_matcher] I20260518 18:58:09.167990  3756 pairing.cc:631] Processing image [92/185]
2026-05-18T18:58:09 COLMAP[chunk_01_spatial_matcher] I20260518 18:58:09.369762  3756 feature_matching.cc:217] in 0.202s
2026-05-18T18:58:09 COLMAP[chunk_01_spatial_matcher] I20260518 18:58:09.369823  3756 pairing.cc:631] Processing image [93/185]
2026-05-18T18:58:09 COLMAP[chunk_01_spatial_matcher] I20260518 18:58:09.594385  3756 feature_matching.cc:217] in 0.225s
2026-05-18T18:58:09 COLMAP[chunk_01_spatial_matcher] I20260518 18:58:09.594453  3756 pairing.cc:631] Processing image [94/185]
2026-05-18T18:58:10 COLMAP[chunk_01_spatial_matcher] I20260518 18:58:09.836535  3756 feature_matching.cc:217] in 0.242s
2026-05-18T18:58:10 COLMAP[chunk_01_spatial_matcher] I20260518 18:58:09.836582  3756 pairing.cc:631] Processing image [95/185]
2026-05-18T18:58:10 COLMAP[chunk_01_spatial_matcher] I20260518 18:58:10.073879  3756 feature_matching.cc:217] in 0.237s
2026-05-18T18:58:10 COLMAP[chunk_01_spatial_matcher] I20260518 18:58:10.073933  3756 pairing.cc:631] Processing image [96/185]
2026-05-18T18:58:10 COLMAP[chunk_01_spatial_matcher] I20260518 18:58:10.304292  3756 feature_matching.cc:217] in 0.230s
2026-05-18T18:58:10 COLMAP[chunk_01_spatial_matcher] I20260518 18:58:10.304342  3756 pairing.cc:631] Processing image [97/185]
2026-05-18T18:58:10 COLMAP[chunk_01_spatial_matcher] I20260518 18:58:10.556684  3756 feature_matching.cc:217] in 0.252s
2026-05-18T18:58:10 COLMAP[chunk_01_spatial_matcher] I20260518 18:58:10.556736  3756 pairing.cc:631] Processing image [98/185]
2026-05-18T18:58:11 COLMAP[chunk_01_spatial_matcher] I20260518 18:58:10.733626  3756 feature_matching.cc:217] in 0.177s
2026-05-18T18:58:11 COLMAP[chunk_01_spatial_matcher] I20260518 18:58:10.733676  3756 pairing.cc:631] Processing image [99/185]
2026-05-18T18:58:11 COLMAP[chunk_01_spatial_matcher] I20260518 18:58:10.974086  3756 feature_matching.cc:217] in 0.240s
2026-05-18T18:58:11 COLMAP[chunk_01_spatial_matcher] I20260518 18:58:10.974138  3756 pairing.cc:631] Processing image [100/185]
2026-05-18T18:58:11 COLMAP[chunk_01_spatial_matcher] I20260518 18:58:11.203739  3756 feature_matching.cc:217] in 0.230s
2026-05-18T18:58:11 COLMAP[chunk_01_spatial_matcher] I20260518 18:58:11.203791  3756 pairing.cc:631] Processing image [101/185]
2026-05-18T18:58:11 COLMAP[chunk_01_spatial_matcher] I20260518 18:58:11.425271  3756 feature_matching.cc:217] in 0.222s
2026-05-18T18:58:11 COLMAP[chunk_01_spatial_matcher] I20260518 18:58:11.425323  3756 pairing.cc:631] Processing image [102/185]
2026-05-18T18:58:11 COLMAP[chunk_01_spatial_matcher] I20260518 18:58:11.628597  3756 feature_matching.cc:217] in 0.203s
2026-05-18T18:58:11 COLMAP[chunk_01_spatial_matcher] I20260518 18:58:11.628644  3756 pairing.cc:631] Processing image [103/185]
2026-05-18T18:58:12 COLMAP[chunk_01_spatial_matcher] I20260518 18:58:11.801555  3756 feature_matching.cc:217] in 0.173s
2026-05-18T18:58:12 COLMAP[chunk_01_spatial_matcher] I20260518 18:58:11.801607  3756 pairing.cc:631] Processing image [104/185]
2026-05-18T18:58:12 COLMAP[chunk_01_spatial_matcher] I20260518 18:58:11.948210  3756 feature_matching.cc:217] in 0.147s
2026-05-18T18:58:12 COLMAP[chunk_01_spatial_matcher] I20260518 18:58:11.948266  3756 pairing.cc:631] Processing image [105/185]
2026-05-18T18:58:12 COLMAP[chunk_01_spatial_matcher] I20260518 18:58:12.169019  3756 feature_matching.cc:217] in 0.221s
2026-05-18T18:58:12 COLMAP[chunk_01_spatial_matcher] I20260518 18:58:12.169075  3756 pairing.cc:631] Processing image [106/185]
2026-05-18T18:58:12 COLMAP[chunk_01_spatial_matcher] I20260518 18:58:12.400444  3756 feature_matching.cc:217] in 0.231s
2026-05-18T18:58:12 COLMAP[chunk_01_spatial_matcher] I20260518 18:58:12.400501  3756 pairing.cc:631] Processing image [107/185]
2026-05-18T18:58:12 COLMAP[chunk_01_spatial_matcher] I20260518 18:58:12.614306  3756 feature_matching.cc:217] in 0.214s
2026-05-18T18:58:12 COLMAP[chunk_01_spatial_matcher] I20260518 18:58:12.614368  3756 pairing.cc:631] Processing image [108/185]
2026-05-18T18:58:13 COLMAP[chunk_01_spatial_matcher] I20260518 18:58:12.842427  3756 feature_matching.cc:217] in 0.228s
2026-05-18T18:58:13 COLMAP[chunk_01_spatial_matcher] I20260518 18:58:12.842475  3756 pairing.cc:631] Processing image [109/185]
2026-05-18T18:58:13 COLMAP[chunk_01_spatial_matcher] I20260518 18:58:13.033420  3756 feature_matching.cc:217] in 0.191s
2026-05-18T18:58:13 COLMAP[chunk_01_spatial_matcher] I20260518 18:58:13.033469  3756 pairing.cc:631] Processing image [110/185]
2026-05-18T18:58:13 COLMAP[chunk_01_spatial_matcher] I20260518 18:58:13.169613  3756 feature_matching.cc:217] in 0.136s
2026-05-18T18:58:13 COLMAP[chunk_01_spatial_matcher] I20260518 18:58:13.169661  3756 pairing.cc:631] Processing image [111/185]
2026-05-18T18:58:13 COLMAP[chunk_01_spatial_matcher] I20260518 18:58:13.296591  3756 feature_matching.cc:217] in 0.127s
2026-05-18T18:58:13 COLMAP[chunk_01_spatial_matcher] I20260518 18:58:13.296643  3756 pairing.cc:631] Processing image [112/185]
2026-05-18T18:58:13 COLMAP[chunk_01_spatial_matcher] I20260518 18:58:13.413640  3756 feature_matching.cc:217] in 0.117s
2026-05-18T18:58:13 COLMAP[chunk_01_spatial_matcher] I20260518 18:58:13.413713  3756 pairing.cc:631] Processing image [113/185]
2026-05-18T18:58:13 COLMAP[chunk_01_spatial_matcher] I20260518 18:58:13.549834  3756 feature_matching.cc:217] in 0.136s
2026-05-18T18:58:13 COLMAP[chunk_01_spatial_matcher] I20260518 18:58:13.549885  3756 pairing.cc:631] Processing image [114/185]
2026-05-18T18:58:13 COLMAP[chunk_01_spatial_matcher] I20260518 18:58:13.653894  3756 feature_matching.cc:217] in 0.104s
2026-05-18T18:58:13 COLMAP[chunk_01_spatial_matcher] I20260518 18:58:13.653942  3756 pairing.cc:631] Processing image [115/185]
2026-05-18T18:58:14 COLMAP[chunk_01_spatial_matcher] I20260518 18:58:13.754855  3756 feature_matching.cc:217] in 0.101s
2026-05-18T18:58:14 COLMAP[chunk_01_spatial_matcher] I20260518 18:58:13.754907  3756 pairing.cc:631] Processing image [116/185]
2026-05-18T18:58:14 COLMAP[chunk_01_spatial_matcher] I20260518 18:58:13.848862  3756 feature_matching.cc:217] in 0.094s
2026-05-18T18:58:14 COLMAP[chunk_01_spatial_matcher] I20260518 18:58:13.848917  3756 pairing.cc:631] Processing image [117/185]
2026-05-18T18:58:14 COLMAP[chunk_01_spatial_matcher] I20260518 18:58:13.958181  3756 feature_matching.cc:217] in 0.109s
2026-05-18T18:58:14 COLMAP[chunk_01_spatial_matcher] I20260518 18:58:13.958235  3756 pairing.cc:631] Processing image [118/185]
2026-05-18T18:58:14 COLMAP[chunk_01_spatial_matcher] I20260518 18:58:14.084615  3756 feature_matching.cc:217] in 0.126s
2026-05-18T18:58:14 COLMAP[chunk_01_spatial_matcher] I20260518 18:58:14.084669  3756 pairing.cc:631] Processing image [119/185]
2026-05-18T18:58:14 COLMAP[chunk_01_spatial_matcher] I20260518 18:58:14.201239  3756 feature_matching.cc:217] in 0.117s
2026-05-18T18:58:14 COLMAP[chunk_01_spatial_matcher] I20260518 18:58:14.201290  3756 pairing.cc:631] Processing image [120/185]
2026-05-18T18:58:14 COLMAP[chunk_01_spatial_matcher] I20260518 18:58:14.339498  3756 feature_matching.cc:217] in 0.138s
2026-05-18T18:58:14 COLMAP[chunk_01_spatial_matcher] I20260518 18:58:14.339550  3756 pairing.cc:631] Processing image [121/185]
2026-05-18T18:58:14 COLMAP[chunk_01_spatial_matcher] I20260518 18:58:14.556460  3756 feature_matching.cc:217] in 0.217s
2026-05-18T18:58:14 COLMAP[chunk_01_spatial_matcher] I20260518 18:58:14.556510  3756 pairing.cc:631] Processing image [122/185]
2026-05-18T18:58:15 COLMAP[chunk_01_spatial_matcher] I20260518 18:58:14.754105  3756 feature_matching.cc:217] in 0.198s
2026-05-18T18:58:15 COLMAP[chunk_01_spatial_matcher] I20260518 18:58:14.754158  3756 pairing.cc:631] Processing image [123/185]
2026-05-18T18:58:15 COLMAP[chunk_01_spatial_matcher] I20260518 18:58:14.842969  3756 feature_matching.cc:217] in 0.089s
2026-05-18T18:58:15 COLMAP[chunk_01_spatial_matcher] I20260518 18:58:14.843019  3756 pairing.cc:631] Processing image [124/185]
2026-05-18T18:58:15 COLMAP[chunk_01_spatial_matcher] I20260518 18:58:14.904433  3756 feature_matching.cc:217] in 0.061s
2026-05-18T18:58:15 COLMAP[chunk_01_spatial_matcher] I20260518 18:58:14.904484  3756 pairing.cc:631] Processing image [125/185]
2026-05-18T18:58:15 COLMAP[chunk_01_spatial_matcher] I20260518 18:58:14.992163  3756 feature_matching.cc:217] in 0.088s
2026-05-18T18:58:15 COLMAP[chunk_01_spatial_matcher] I20260518 18:58:14.992214  3756 pairing.cc:631] Processing image [126/185]
2026-05-18T18:58:15 COLMAP[chunk_01_spatial_matcher] I20260518 18:58:15.146899  3756 feature_matching.cc:217] in 0.155s
2026-05-18T18:58:15 COLMAP[chunk_01_spatial_matcher] I20260518 18:58:15.146953  3756 pairing.cc:631] Processing image [127/185]
2026-05-18T18:58:15 COLMAP[chunk_01_spatial_matcher] I20260518 18:58:15.265205  3756 feature_matching.cc:217] in 0.118s
2026-05-18T18:58:15 COLMAP[chunk_01_spatial_matcher] I20260518 18:58:15.265259  3756 pairing.cc:631] Processing image [128/185]
2026-05-18T18:58:15 COLMAP[chunk_01_spatial_matcher] I20260518 18:58:15.363044  3756 feature_matching.cc:217] in 0.098s
2026-05-18T18:58:15 COLMAP[chunk_01_spatial_matcher] I20260518 18:58:15.363095  3756 pairing.cc:631] Processing image [129/185]
2026-05-18T18:58:15 COLMAP[chunk_01_spatial_matcher] I20260518 18:58:15.415714  3756 feature_matching.cc:217] in 0.053s
2026-05-18T18:58:15 COLMAP[chunk_01_spatial_matcher] I20260518 18:58:15.415766  3756 pairing.cc:631] Processing image [130/185]
2026-05-18T18:58:15 COLMAP[chunk_01_spatial_matcher] I20260518 18:58:15.518651  3756 feature_matching.cc:217] in 0.103s
2026-05-18T18:58:15 COLMAP[chunk_01_spatial_matcher] I20260518 18:58:15.518705  3756 pairing.cc:631] Processing image [131/185]
2026-05-18T18:58:15 COLMAP[chunk_01_spatial_matcher] I20260518 18:58:15.594738  3756 feature_matching.cc:217] in 0.076s
2026-05-18T18:58:15 COLMAP[chunk_01_spatial_matcher] I20260518 18:58:15.594784  3756 pairing.cc:631] Processing image [132/185]
2026-05-18T18:58:15 COLMAP[chunk_01_spatial_matcher] I20260518 18:58:15.696285  3756 feature_matching.cc:217] in 0.102s
2026-05-18T18:58:15 COLMAP[chunk_01_spatial_matcher] I20260518 18:58:15.696327  3756 pairing.cc:631] Processing image [133/185]
2026-05-18T18:58:16 COLMAP[chunk_01_spatial_matcher] I20260518 18:58:15.805109  3756 feature_matching.cc:217] in 0.109s
2026-05-18T18:58:16 COLMAP[chunk_01_spatial_matcher] I20260518 18:58:15.805161  3756 pairing.cc:631] Processing image [134/185]
2026-05-18T18:58:16 COLMAP[chunk_01_spatial_matcher] I20260518 18:58:15.939462  3756 feature_matching.cc:217] in 0.134s
2026-05-18T18:58:16 COLMAP[chunk_01_spatial_matcher] I20260518 18:58:15.939512  3756 pairing.cc:631] Processing image [135/185]
2026-05-18T18:58:16 COLMAP[chunk_01_spatial_matcher] I20260518 18:58:16.112792  3756 feature_matching.cc:217] in 0.173s
2026-05-18T18:58:16 COLMAP[chunk_01_spatial_matcher] I20260518 18:58:16.112841  3756 pairing.cc:631] Processing image [136/185]
2026-05-18T18:58:16 COLMAP[chunk_01_spatial_matcher] I20260518 18:58:16.220177  3756 feature_matching.cc:217] in 0.107s
2026-05-18T18:58:16 COLMAP[chunk_01_spatial_matcher] I20260518 18:58:16.220224  3756 pairing.cc:631] Processing image [137/185]
2026-05-18T18:58:16 COLMAP[chunk_01_spatial_matcher] I20260518 18:58:16.320036  3756 feature_matching.cc:217] in 0.100s
2026-05-18T18:58:16 COLMAP[chunk_01_spatial_matcher] I20260518 18:58:16.320091  3756 pairing.cc:631] Processing image [138/185]
2026-05-18T18:58:16 COLMAP[chunk_01_spatial_matcher] I20260518 18:58:16.383864  3756 feature_matching.cc:217] in 0.064s
2026-05-18T18:58:16 COLMAP[chunk_01_spatial_matcher] I20260518 18:58:16.383917  3756 pairing.cc:631] Processing image [139/185]
2026-05-18T18:58:16 COLMAP[chunk_01_spatial_matcher] I20260518 18:58:16.453043  3756 feature_matching.cc:217] in 0.069s
2026-05-18T18:58:16 COLMAP[chunk_01_spatial_matcher] I20260518 18:58:16.453095  3756 pairing.cc:631] Processing image [140/185]
2026-05-18T18:58:16 COLMAP[chunk_01_spatial_matcher] I20260518 18:58:16.533510  3756 feature_matching.cc:217] in 0.080s
2026-05-18T18:58:16 COLMAP[chunk_01_spatial_matcher] I20260518 18:58:16.533561  3756 pairing.cc:631] Processing image [141/185]
2026-05-18T18:58:16 COLMAP[chunk_01_spatial_matcher] I20260518 18:58:16.626362  3756 feature_matching.cc:217] in 0.093s
2026-05-18T18:58:16 COLMAP[chunk_01_spatial_matcher] I20260518 18:58:16.626411  3756 pairing.cc:631] Processing image [142/185]
2026-05-18T18:58:16 COLMAP[chunk_01_spatial_matcher] I20260518 18:58:16.702371  3756 feature_matching.cc:217] in 0.076s
2026-05-18T18:58:16 COLMAP[chunk_01_spatial_matcher] I20260518 18:58:16.702414  3756 pairing.cc:631] Processing image [143/185]
2026-05-18T18:58:17 COLMAP[chunk_01_spatial_matcher] I20260518 18:58:16.917127  3756 feature_matching.cc:217] in 0.215s
2026-05-18T18:58:17 COLMAP[chunk_01_spatial_matcher] I20260518 18:58:16.917179  3756 pairing.cc:631] Processing image [144/185]
2026-05-18T18:58:17 COLMAP[chunk_01_spatial_matcher] I20260518 18:58:17.077257  3756 feature_matching.cc:217] in 0.160s
2026-05-18T18:58:17 COLMAP[chunk_01_spatial_matcher] I20260518 18:58:17.077308  3756 pairing.cc:631] Processing image [145/185]
2026-05-18T18:58:17 COLMAP[chunk_01_spatial_matcher] I20260518 18:58:17.242277  3756 feature_matching.cc:217] in 0.165s
2026-05-18T18:58:17 COLMAP[chunk_01_spatial_matcher] I20260518 18:58:17.242331  3756 pairing.cc:631] Processing image [146/185]
2026-05-18T18:58:17 COLMAP[chunk_01_spatial_matcher] I20260518 18:58:17.406401  3756 feature_matching.cc:217] in 0.164s
2026-05-18T18:58:17 COLMAP[chunk_01_spatial_matcher] I20260518 18:58:17.406453  3756 pairing.cc:631] Processing image [147/185]
2026-05-18T18:58:17 COLMAP[chunk_01_spatial_matcher] I20260518 18:58:17.566047  3756 feature_matching.cc:217] in 0.160s
2026-05-18T18:58:17 COLMAP[chunk_01_spatial_matcher] I20260518 18:58:17.566100  3756 pairing.cc:631] Processing image [148/185]
2026-05-18T18:58:17 COLMAP[chunk_01_spatial_matcher] I20260518 18:58:17.736315  3756 feature_matching.cc:217] in 0.170s
2026-05-18T18:58:17 COLMAP[chunk_01_spatial_matcher] I20260518 18:58:17.736364  3756 pairing.cc:631] Processing image [149/185]
2026-05-18T18:58:18 COLMAP[chunk_01_spatial_matcher] I20260518 18:58:17.919427  3756 feature_matching.cc:217] in 0.183s
2026-05-18T18:58:18 COLMAP[chunk_01_spatial_matcher] I20260518 18:58:17.919484  3756 pairing.cc:631] Processing image [150/185]
2026-05-18T18:58:18 COLMAP[chunk_01_spatial_matcher] I20260518 18:58:18.098235  3756 feature_matching.cc:217] in 0.179s
2026-05-18T18:58:18 COLMAP[chunk_01_spatial_matcher] I20260518 18:58:18.098285  3756 pairing.cc:631] Processing image [151/185]
2026-05-18T18:58:18 COLMAP[chunk_01_spatial_matcher] I20260518 18:58:18.254539  3756 feature_matching.cc:217] in 0.156s
2026-05-18T18:58:18 COLMAP[chunk_01_spatial_matcher] I20260518 18:58:18.254591  3756 pairing.cc:631] Processing image [152/185]
2026-05-18T18:58:18 COLMAP[chunk_01_spatial_matcher] I20260518 18:58:18.429515  3756 feature_matching.cc:217] in 0.175s
2026-05-18T18:58:18 COLMAP[chunk_01_spatial_matcher] I20260518 18:58:18.429567  3756 pairing.cc:631] Processing image [153/185]
2026-05-18T18:58:18 COLMAP[chunk_01_spatial_matcher] I20260518 18:58:18.603714  3756 feature_matching.cc:217] in 0.174s
2026-05-18T18:58:18 COLMAP[chunk_01_spatial_matcher] I20260518 18:58:18.603766  3756 pairing.cc:631] Processing image [154/185]
2026-05-18T18:58:19 COLMAP[chunk_01_spatial_matcher] I20260518 18:58:18.789565  3756 feature_matching.cc:217] in 0.186s
2026-05-18T18:58:19 COLMAP[chunk_01_spatial_matcher] I20260518 18:58:18.789621  3756 pairing.cc:631] Processing image [155/185]
2026-05-18T18:58:19 COLMAP[chunk_01_spatial_matcher] I20260518 18:58:18.967835  3756 feature_matching.cc:217] in 0.178s
2026-05-18T18:58:19 COLMAP[chunk_01_spatial_matcher] I20260518 18:58:18.967896  3756 pairing.cc:631] Processing image [156/185]
2026-05-18T18:58:19 COLMAP[chunk_01_spatial_matcher] I20260518 18:58:19.155877  3756 feature_matching.cc:217] in 0.188s
2026-05-18T18:58:19 COLMAP[chunk_01_spatial_matcher] I20260518 18:58:19.155929  3756 pairing.cc:631] Processing image [157/185]
2026-05-18T18:58:19 COLMAP[chunk_01_spatial_matcher] I20260518 18:58:19.341651  3756 feature_matching.cc:217] in 0.186s
2026-05-18T18:58:19 COLMAP[chunk_01_spatial_matcher] I20260518 18:58:19.341714  3756 pairing.cc:631] Processing image [158/185]
2026-05-18T18:58:19 COLMAP[chunk_01_spatial_matcher] I20260518 18:58:19.530441  3756 feature_matching.cc:217] in 0.189s
2026-05-18T18:58:19 COLMAP[chunk_01_spatial_matcher] I20260518 18:58:19.530493  3756 pairing.cc:631] Processing image [159/185]
2026-05-18T18:58:19 COLMAP[chunk_01_spatial_matcher] I20260518 18:58:19.689452  3756 feature_matching.cc:217] in 0.159s
2026-05-18T18:58:19 COLMAP[chunk_01_spatial_matcher] I20260518 18:58:19.689499  3756 pairing.cc:631] Processing image [160/185]
2026-05-18T18:58:20 COLMAP[chunk_01_spatial_matcher] I20260518 18:58:19.827049  3756 feature_matching.cc:217] in 0.138s
2026-05-18T18:58:20 COLMAP[chunk_01_spatial_matcher] I20260518 18:58:19.827096  3756 pairing.cc:631] Processing image [161/185]
2026-05-18T18:58:20 COLMAP[chunk_01_spatial_matcher] I20260518 18:58:19.941859  3756 feature_matching.cc:217] in 0.115s
2026-05-18T18:58:20 COLMAP[chunk_01_spatial_matcher] I20260518 18:58:19.941910  3756 pairing.cc:631] Processing image [162/185]
2026-05-18T18:58:20 COLMAP[chunk_01_spatial_matcher] I20260518 18:58:20.041986  3756 feature_matching.cc:217] in 0.100s
2026-05-18T18:58:20 COLMAP[chunk_01_spatial_matcher] I20260518 18:58:20.042037  3756 pairing.cc:631] Processing image [163/185]
2026-05-18T18:58:20 COLMAP[chunk_01_spatial_matcher] I20260518 18:58:20.146869  3756 feature_matching.cc:217] in 0.105s
2026-05-18T18:58:20 COLMAP[chunk_01_spatial_matcher] I20260518 18:58:20.146924  3756 pairing.cc:631] Processing image [164/185]
2026-05-18T18:58:20 COLMAP[chunk_01_spatial_matcher] I20260518 18:58:20.251793  3756 feature_matching.cc:217] in 0.105s
2026-05-18T18:58:20 COLMAP[chunk_01_spatial_matcher] I20260518 18:58:20.251843  3756 pairing.cc:631] Processing image [165/185]
2026-05-18T18:58:20 COLMAP[chunk_01_spatial_matcher] I20260518 18:58:20.377218  3756 feature_matching.cc:217] in 0.125s
2026-05-18T18:58:20 COLMAP[chunk_01_spatial_matcher] I20260518 18:58:20.377269  3756 pairing.cc:631] Processing image [166/185]
2026-05-18T18:58:20 COLMAP[chunk_01_spatial_matcher] I20260518 18:58:20.479061  3756 feature_matching.cc:217] in 0.102s
2026-05-18T18:58:20 COLMAP[chunk_01_spatial_matcher] I20260518 18:58:20.479111  3756 pairing.cc:631] Processing image [167/185]
2026-05-18T18:58:20 COLMAP[chunk_01_spatial_matcher] I20260518 18:58:20.549331  3756 feature_matching.cc:217] in 0.070s
2026-05-18T18:58:20 COLMAP[chunk_01_spatial_matcher] I20260518 18:58:20.549379  3756 pairing.cc:631] Processing image [168/185]
2026-05-18T18:58:20 COLMAP[chunk_01_spatial_matcher] I20260518 18:58:20.643069  3756 feature_matching.cc:217] in 0.094s
2026-05-18T18:58:20 COLMAP[chunk_01_spatial_matcher] I20260518 18:58:20.643121  3756 pairing.cc:631] Processing image [169/185]
2026-05-18T18:58:20 COLMAP[chunk_01_spatial_matcher] I20260518 18:58:20.733352  3756 feature_matching.cc:217] in 0.090s
2026-05-18T18:58:20 COLMAP[chunk_01_spatial_matcher] I20260518 18:58:20.733400  3756 pairing.cc:631] Processing image [170/185]
2026-05-18T18:58:21 COLMAP[chunk_01_spatial_matcher] I20260518 18:58:20.849011  3756 feature_matching.cc:217] in 0.116s
2026-05-18T18:58:21 COLMAP[chunk_01_spatial_matcher] I20260518 18:58:20.849061  3756 pairing.cc:631] Processing image [171/185]
2026-05-18T18:58:21 COLMAP[chunk_01_spatial_matcher] I20260518 18:58:20.970587  3756 feature_matching.cc:217] in 0.122s
2026-05-18T18:58:21 COLMAP[chunk_01_spatial_matcher] I20260518 18:58:20.970638  3756 pairing.cc:631] Processing image [172/185]
2026-05-18T18:58:21 COLMAP[chunk_01_spatial_matcher] I20260518 18:58:21.110559  3756 feature_matching.cc:217] in 0.140s
2026-05-18T18:58:21 COLMAP[chunk_01_spatial_matcher] I20260518 18:58:21.110610  3756 pairing.cc:631] Processing image [173/185]
2026-05-18T18:58:21 COLMAP[chunk_01_spatial_matcher] I20260518 18:58:21.162550  3756 feature_matching.cc:217] in 0.052s
2026-05-18T18:58:21 COLMAP[chunk_01_spatial_matcher] I20260518 18:58:21.162603  3756 pairing.cc:631] Processing image [174/185]
2026-05-18T18:58:21 COLMAP[chunk_01_spatial_matcher] I20260518 18:58:21.209357  3756 feature_matching.cc:217] in 0.047s
2026-05-18T18:58:21 COLMAP[chunk_01_spatial_matcher] I20260518 18:58:21.209409  3756 pairing.cc:631] Processing image [175/185]
2026-05-18T18:58:21 COLMAP[chunk_01_spatial_matcher] I20260518 18:58:21.286257  3756 feature_matching.cc:217] in 0.077s
2026-05-18T18:58:21 COLMAP[chunk_01_spatial_matcher] I20260518 18:58:21.286309  3756 pairing.cc:631] Processing image [176/185]
2026-05-18T18:58:21 COLMAP[chunk_01_spatial_matcher] I20260518 18:58:21.352613  3756 feature_matching.cc:217] in 0.066s
2026-05-18T18:58:21 COLMAP[chunk_01_spatial_matcher] I20260518 18:58:21.352659  3756 pairing.cc:631] Processing image [177/185]
2026-05-18T18:58:21 COLMAP[chunk_01_spatial_matcher] I20260518 18:58:21.435117  3756 feature_matching.cc:217] in 0.082s
2026-05-18T18:58:21 COLMAP[chunk_01_spatial_matcher] I20260518 18:58:21.435163  3756 pairing.cc:631] Processing image [178/185]
2026-05-18T18:58:21 COLMAP[chunk_01_spatial_matcher] I20260518 18:58:21.510074  3756 feature_matching.cc:217] in 0.075s
2026-05-18T18:58:21 COLMAP[chunk_01_spatial_matcher] I20260518 18:58:21.510149  3756 pairing.cc:631] Processing image [179/185]
2026-05-18T18:58:21 COLMAP[chunk_01_spatial_matcher] I20260518 18:58:21.605188  3756 feature_matching.cc:217] in 0.095s
2026-05-18T18:58:21 COLMAP[chunk_01_spatial_matcher] I20260518 18:58:21.605238  3756 pairing.cc:631] Processing image [180/185]
2026-05-18T18:58:21 COLMAP[chunk_01_spatial_matcher] I20260518 18:58:21.666129  3756 feature_matching.cc:217] in 0.061s
2026-05-18T18:58:21 COLMAP[chunk_01_spatial_matcher] I20260518 18:58:21.666181  3756 pairing.cc:631] Processing image [181/185]
2026-05-18T18:58:22 COLMAP[chunk_01_spatial_matcher] I20260518 18:58:21.785117  3756 feature_matching.cc:217] in 0.119s
2026-05-18T18:58:22 COLMAP[chunk_01_spatial_matcher] I20260518 18:58:21.785163  3756 pairing.cc:631] Processing image [182/185]
2026-05-18T18:58:22 COLMAP[chunk_01_spatial_matcher] I20260518 18:58:21.862934  3756 feature_matching.cc:217] in 0.078s
2026-05-18T18:58:22 COLMAP[chunk_01_spatial_matcher] I20260518 18:58:21.862982  3756 pairing.cc:631] Processing image [183/185]
2026-05-18T18:58:22 COLMAP[chunk_01_spatial_matcher] I20260518 18:58:21.928435  3756 feature_matching.cc:217] in 0.065s
2026-05-18T18:58:22 COLMAP[chunk_01_spatial_matcher] I20260518 18:58:21.928483  3756 pairing.cc:631] Processing image [184/185]
2026-05-18T18:58:22 COLMAP[chunk_01_spatial_matcher] I20260518 18:58:22.035991  3756 feature_matching.cc:217] in 0.108s
2026-05-18T18:58:22 COLMAP[chunk_01_spatial_matcher] I20260518 18:58:22.036046  3756 pairing.cc:631] Processing image [185/185]
2026-05-18T18:58:22 COLMAP[chunk_01_spatial_matcher] I20260518 18:58:22.152822  3756 feature_matching.cc:217] in 0.117s
2026-05-18T18:58:22 COLMAP[chunk_01_spatial_matcher] I20260518 18:58:22.152875  3756 timer.cc:90] Elapsed time: 0.572 [minutes]
2026-05-18T18:58:22 2026-05-18 18:58:22,232 - INFO - chunk_01_spatial_matcher added 1299 verified image pairs
2026-05-18T18:58:22 2026-05-18 18:58:22,235 - INFO - [chunk_01_sequential_matcher] colmap sequential_matcher --database_path /tmp/colmap_sfm_rcnmny4o/chunk_01/database.db --SequentialMatching.overlap 8 --SequentialMatching.quadratic_overlap 1 --SequentialMatching.loop_detection 0
2026-05-18T18:58:22 COLMAP[chunk_01_sequential_matcher] I20260518 18:58:22.426384  3791 feature_matching.cc:195] === Feature matching & geometric verification ===
2026-05-18T18:58:22 COLMAP[chunk_01_sequential_matcher] I20260518 18:58:22.484442  3792 feature_matching_utils.cc:80] Bind FeatureMatcherWorker to GPU device 0
2026-05-18T18:58:22 COLMAP[chunk_01_sequential_matcher] I20260518 18:58:22.485139  3792 sift.cc:1547] Creating SIFT GPU feature matcher
2026-05-18T18:58:22 COLMAP[chunk_01_sequential_matcher] I20260518 18:58:22.485821  3791 pairing.cc:415] Generating sequential image pairs...
2026-05-18T18:58:22 COLMAP[chunk_01_sequential_matcher] I20260518 18:58:22.488940  3791 pairing.cc:473] Processing image [1/185]
2026-05-18T18:58:23 COLMAP[chunk_01_sequential_matcher] I20260518 18:58:22.925890  3791 feature_matching.cc:217] in 0.437s
2026-05-18T18:58:23 COLMAP[chunk_01_sequential_matcher] I20260518 18:58:22.925944  3791 pairing.cc:473] Processing image [2/185]
2026-05-18T18:58:23 COLMAP[chunk_01_sequential_matcher] I20260518 18:58:23.329671  3791 feature_matching.cc:217] in 0.404s
2026-05-18T18:58:23 COLMAP[chunk_01_sequential_matcher] I20260518 18:58:23.329744  3791 pairing.cc:473] Processing image [3/185]
2026-05-18T18:58:24 COLMAP[chunk_01_sequential_matcher] I20260518 18:58:23.834453  3791 feature_matching.cc:217] in 0.505s
2026-05-18T18:58:24 COLMAP[chunk_01_sequential_matcher] I20260518 18:58:23.834510  3791 pairing.cc:473] Processing image [4/185]
2026-05-18T18:58:24 COLMAP[chunk_01_sequential_matcher] I20260518 18:58:24.269243  3791 feature_matching.cc:217] in 0.435s
2026-05-18T18:58:24 COLMAP[chunk_01_sequential_matcher] I20260518 18:58:24.269300  3791 pairing.cc:473] Processing image [5/185]
2026-05-18T18:58:24 COLMAP[chunk_01_sequential_matcher] I20260518 18:58:24.642695  3791 feature_matching.cc:217] in 0.373s
2026-05-18T18:58:24 COLMAP[chunk_01_sequential_matcher] I20260518 18:58:24.642752  3791 pairing.cc:473] Processing image [6/185]
2026-05-18T18:58:25 COLMAP[chunk_01_sequential_matcher] I20260518 18:58:24.856727  3791 feature_matching.cc:217] in 0.214s
2026-05-18T18:58:25 COLMAP[chunk_01_sequential_matcher] I20260518 18:58:24.856784  3791 pairing.cc:473] Processing image [7/185]
2026-05-18T18:58:25 COLMAP[chunk_01_sequential_matcher] I20260518 18:58:25.423614  3791 feature_matching.cc:217] in 0.567s
2026-05-18T18:58:25 COLMAP[chunk_01_sequential_matcher] I20260518 18:58:25.423669  3791 pairing.cc:473] Processing image [8/185]
2026-05-18T18:58:26 COLMAP[chunk_01_sequential_matcher] I20260518 18:58:26.023512  3791 feature_matching.cc:217] in 0.600s
2026-05-18T18:58:26 COLMAP[chunk_01_sequential_matcher] I20260518 18:58:26.023567  3791 pairing.cc:473] Processing image [9/185]
2026-05-18T18:58:26 COLMAP[chunk_01_sequential_matcher] I20260518 18:58:26.502646  3791 feature_matching.cc:217] in 0.479s
2026-05-18T18:58:26 COLMAP[chunk_01_sequential_matcher] I20260518 18:58:26.502698  3791 pairing.cc:473] Processing image [10/185]
2026-05-18T18:58:27 COLMAP[chunk_01_sequential_matcher] I20260518 18:58:26.894426  3791 feature_matching.cc:217] in 0.392s
2026-05-18T18:58:27 COLMAP[chunk_01_sequential_matcher] I20260518 18:58:26.894481  3791 pairing.cc:473] Processing image [11/185]
2026-05-18T18:58:27 COLMAP[chunk_01_sequential_matcher] I20260518 18:58:27.361105  3791 feature_matching.cc:217] in 0.467s
2026-05-18T18:58:27 COLMAP[chunk_01_sequential_matcher] I20260518 18:58:27.361161  3791 pairing.cc:473] Processing image [12/185]
2026-05-18T18:58:28 COLMAP[chunk_01_sequential_matcher] I20260518 18:58:27.910673  3791 feature_matching.cc:217] in 0.550s
2026-05-18T18:58:28 COLMAP[chunk_01_sequential_matcher] I20260518 18:58:27.910735  3791 pairing.cc:473] Processing image [13/185]
2026-05-18T18:58:28 COLMAP[chunk_01_sequential_matcher] I20260518 18:58:28.406903  3791 feature_matching.cc:217] in 0.496s
2026-05-18T18:58:28 COLMAP[chunk_01_sequential_matcher] I20260518 18:58:28.406956  3791 pairing.cc:473] Processing image [14/185]
2026-05-18T18:58:29 COLMAP[chunk_01_sequential_matcher] I20260518 18:58:29.021297  3791 feature_matching.cc:217] in 0.614s
2026-05-18T18:58:29 COLMAP[chunk_01_sequential_matcher] I20260518 18:58:29.021353  3791 pairing.cc:473] Processing image [15/185]
2026-05-18T18:58:29 COLMAP[chunk_01_sequential_matcher] I20260518 18:58:29.557313  3791 feature_matching.cc:217] in 0.536s
2026-05-18T18:58:29 COLMAP[chunk_01_sequential_matcher] I20260518 18:58:29.557370  3791 pairing.cc:473] Processing image [16/185]
2026-05-18T18:58:30 COLMAP[chunk_01_sequential_matcher] I20260518 18:58:29.832702  3791 feature_matching.cc:217] in 0.275s
2026-05-18T18:58:30 COLMAP[chunk_01_sequential_matcher] I20260518 18:58:29.832749  3791 pairing.cc:473] Processing image [17/185]
2026-05-18T18:58:30 COLMAP[chunk_01_sequential_matcher] I20260518 18:58:30.216574  3791 feature_matching.cc:217] in 0.384s
2026-05-18T18:58:30 COLMAP[chunk_01_sequential_matcher] I20260518 18:58:30.216629  3791 pairing.cc:473] Processing image [18/185]
2026-05-18T18:58:30 COLMAP[chunk_01_sequential_matcher] I20260518 18:58:30.256548  3791 feature_matching.cc:217] in 0.040s
2026-05-18T18:58:30 COLMAP[chunk_01_sequential_matcher] I20260518 18:58:30.256603  3791 pairing.cc:473] Processing image [19/185]
2026-05-18T18:58:30 COLMAP[chunk_01_sequential_matcher] I20260518 18:58:30.591572  3791 feature_matching.cc:217] in 0.335s
2026-05-18T18:58:30 COLMAP[chunk_01_sequential_matcher] I20260518 18:58:30.591625  3791 pairing.cc:473] Processing image [20/185]
2026-05-18T18:58:31 COLMAP[chunk_01_sequential_matcher] I20260518 18:58:30.763756  3791 feature_matching.cc:217] in 0.172s
2026-05-18T18:58:31 COLMAP[chunk_01_sequential_matcher] I20260518 18:58:30.763818  3791 pairing.cc:473] Processing image [21/185]
2026-05-18T18:58:31 COLMAP[chunk_01_sequential_matcher] I20260518 18:58:30.830080  3791 feature_matching.cc:217] in 0.066s
2026-05-18T18:58:31 COLMAP[chunk_01_sequential_matcher] I20260518 18:58:30.830128  3791 pairing.cc:473] Processing image [22/185]
2026-05-18T18:58:31 COLMAP[chunk_01_sequential_matcher] I20260518 18:58:30.887399  3791 feature_matching.cc:217] in 0.057s
2026-05-18T18:58:31 COLMAP[chunk_01_sequential_matcher] I20260518 18:58:30.887445  3791 pairing.cc:473] Processing image [23/185]
2026-05-18T18:58:31 COLMAP[chunk_01_sequential_matcher] I20260518 18:58:30.952365  3791 feature_matching.cc:217] in 0.065s
2026-05-18T18:58:31 COLMAP[chunk_01_sequential_matcher] I20260518 18:58:30.952409  3791 pairing.cc:473] Processing image [24/185]
2026-05-18T18:58:31 COLMAP[chunk_01_sequential_matcher] I20260518 18:58:31.095182  3791 feature_matching.cc:217] in 0.143s
2026-05-18T18:58:31 COLMAP[chunk_01_sequential_matcher] I20260518 18:58:31.095228  3791 pairing.cc:473] Processing image [25/185]
2026-05-18T18:58:31 COLMAP[chunk_01_sequential_matcher] I20260518 18:58:31.193809  3791 feature_matching.cc:217] in 0.099s
2026-05-18T18:58:31 COLMAP[chunk_01_sequential_matcher] I20260518 18:58:31.193856  3791 pairing.cc:473] Processing image [26/185]
2026-05-18T18:58:31 COLMAP[chunk_01_sequential_matcher] I20260518 18:58:31.320488  3791 feature_matching.cc:217] in 0.127s
2026-05-18T18:58:31 COLMAP[chunk_01_sequential_matcher] I20260518 18:58:31.320531  3791 pairing.cc:473] Processing image [27/185]
2026-05-18T18:58:31 COLMAP[chunk_01_sequential_matcher] I20260518 18:58:31.542109  3791 feature_matching.cc:217] in 0.222s
2026-05-18T18:58:31 COLMAP[chunk_01_sequential_matcher] I20260518 18:58:31.542155  3791 pairing.cc:473] Processing image [28/185]
2026-05-18T18:58:32 COLMAP[chunk_01_sequential_matcher] I20260518 18:58:31.942999  3791 feature_matching.cc:217] in 0.401s
2026-05-18T18:58:32 COLMAP[chunk_01_sequential_matcher] I20260518 18:58:31.943050  3791 pairing.cc:473] Processing image [29/185]
2026-05-18T18:58:32 COLMAP[chunk_01_sequential_matcher] I20260518 18:58:32.386968  3791 feature_matching.cc:217] in 0.444s
2026-05-18T18:58:32 COLMAP[chunk_01_sequential_matcher] I20260518 18:58:32.387019  3791 pairing.cc:473] Processing image [30/185]
2026-05-18T18:58:33 COLMAP[chunk_01_sequential_matcher] I20260518 18:58:32.844846  3791 feature_matching.cc:217] in 0.458s
2026-05-18T18:58:33 COLMAP[chunk_01_sequential_matcher] I20260518 18:58:32.844894  3791 pairing.cc:473] Processing image [31/185]
2026-05-18T18:58:33 COLMAP[chunk_01_sequential_matcher] I20260518 18:58:33.162796  3791 feature_matching.cc:217] in 0.318s
2026-05-18T18:58:33 COLMAP[chunk_01_sequential_matcher] I20260518 18:58:33.162847  3791 pairing.cc:473] Processing image [32/185]
2026-05-18T18:58:33 COLMAP[chunk_01_sequential_matcher] I20260518 18:58:33.599328  3791 feature_matching.cc:217] in 0.437s
2026-05-18T18:58:33 COLMAP[chunk_01_sequential_matcher] I20260518 18:58:33.599382  3791 pairing.cc:473] Processing image [33/185]
2026-05-18T18:58:34 COLMAP[chunk_01_sequential_matcher] I20260518 18:58:33.991318  3791 feature_matching.cc:217] in 0.392s
2026-05-18T18:58:34 COLMAP[chunk_01_sequential_matcher] I20260518 18:58:33.991370  3791 pairing.cc:473] Processing image [34/185]
2026-05-18T18:58:34 COLMAP[chunk_01_sequential_matcher] I20260518 18:58:34.400434  3791 feature_matching.cc:217] in 0.409s
2026-05-18T18:58:34 COLMAP[chunk_01_sequential_matcher] I20260518 18:58:34.400483  3791 pairing.cc:473] Processing image [35/185]
2026-05-18T18:58:35 COLMAP[chunk_01_sequential_matcher] I20260518 18:58:34.818183  3791 feature_matching.cc:217] in 0.418s
2026-05-18T18:58:35 COLMAP[chunk_01_sequential_matcher] I20260518 18:58:34.818231  3791 pairing.cc:473] Processing image [36/185]
2026-05-18T18:58:35 COLMAP[chunk_01_sequential_matcher] I20260518 18:58:35.040465  3791 feature_matching.cc:217] in 0.222s
2026-05-18T18:58:35 COLMAP[chunk_01_sequential_matcher] I20260518 18:58:35.040519  3791 pairing.cc:473] Processing image [37/185]
2026-05-18T18:58:35 COLMAP[chunk_01_sequential_matcher] I20260518 18:58:35.515625  3791 feature_matching.cc:217] in 0.475s
2026-05-18T18:58:35 COLMAP[chunk_01_sequential_matcher] I20260518 18:58:35.515678  3791 pairing.cc:473] Processing image [38/185]
2026-05-18T18:58:36 COLMAP[chunk_01_sequential_matcher] I20260518 18:58:35.860752  3791 feature_matching.cc:217] in 0.345s
2026-05-18T18:58:36 COLMAP[chunk_01_sequential_matcher] I20260518 18:58:35.860800  3791 pairing.cc:473] Processing image [39/185]
2026-05-18T18:58:36 COLMAP[chunk_01_sequential_matcher] I20260518 18:58:36.110790  3791 feature_matching.cc:217] in 0.250s
2026-05-18T18:58:36 COLMAP[chunk_01_sequential_matcher] I20260518 18:58:36.110846  3791 pairing.cc:473] Processing image [40/185]
2026-05-18T18:58:36 COLMAP[chunk_01_sequential_matcher] I20260518 18:58:36.459733  3791 feature_matching.cc:217] in 0.349s
2026-05-18T18:58:36 COLMAP[chunk_01_sequential_matcher] I20260518 18:58:36.459785  3791 pairing.cc:473] Processing image [41/185]
2026-05-18T18:58:37 COLMAP[chunk_01_sequential_matcher] I20260518 18:58:36.900254  3791 feature_matching.cc:217] in 0.440s
2026-05-18T18:58:37 COLMAP[chunk_01_sequential_matcher] I20260518 18:58:36.900305  3791 pairing.cc:473] Processing image [42/185]
2026-05-18T18:58:37 COLMAP[chunk_01_sequential_matcher] I20260518 18:58:37.276221  3791 feature_matching.cc:217] in 0.376s
2026-05-18T18:58:37 COLMAP[chunk_01_sequential_matcher] I20260518 18:58:37.276274  3791 pairing.cc:473] Processing image [43/185]
2026-05-18T18:58:37 COLMAP[chunk_01_sequential_matcher] I20260518 18:58:37.440109  3791 feature_matching.cc:217] in 0.164s
2026-05-18T18:58:37 COLMAP[chunk_01_sequential_matcher] I20260518 18:58:37.440165  3791 pairing.cc:473] Processing image [44/185]
2026-05-18T18:58:38 COLMAP[chunk_01_sequential_matcher] I20260518 18:58:37.808104  3791 feature_matching.cc:217] in 0.368s
2026-05-18T18:58:38 COLMAP[chunk_01_sequential_matcher] I20260518 18:58:37.808153  3791 pairing.cc:473] Processing image [45/185]
2026-05-18T18:58:38 COLMAP[chunk_01_sequential_matcher] I20260518 18:58:37.946539  3791 feature_matching.cc:217] in 0.138s
2026-05-18T18:58:38 COLMAP[chunk_01_sequential_matcher] I20260518 18:58:37.946587  3791 pairing.cc:473] Processing image [46/185]
2026-05-18T18:58:38 COLMAP[chunk_01_sequential_matcher] I20260518 18:58:38.318538  3791 feature_matching.cc:217] in 0.372s
2026-05-18T18:58:38 COLMAP[chunk_01_sequential_matcher] I20260518 18:58:38.318593  3791 pairing.cc:473] Processing image [47/185]
2026-05-18T18:58:38 COLMAP[chunk_01_sequential_matcher] I20260518 18:58:38.526758  3791 feature_matching.cc:217] in 0.208s
2026-05-18T18:58:38 COLMAP[chunk_01_sequential_matcher] I20260518 18:58:38.526813  3791 pairing.cc:473] Processing image [48/185]
2026-05-18T18:58:39 COLMAP[chunk_01_sequential_matcher] I20260518 18:58:38.999346  3791 feature_matching.cc:217] in 0.473s
2026-05-18T18:58:39 COLMAP[chunk_01_sequential_matcher] I20260518 18:58:38.999400  3791 pairing.cc:473] Processing image [49/185]
2026-05-18T18:58:39 COLMAP[chunk_01_sequential_matcher] I20260518 18:58:39.478609  3791 feature_matching.cc:217] in 0.479s
2026-05-18T18:58:39 COLMAP[chunk_01_sequential_matcher] I20260518 18:58:39.478660  3791 pairing.cc:473] Processing image [50/185]
2026-05-18T18:58:40 COLMAP[chunk_01_sequential_matcher] I20260518 18:58:40.040084  3791 feature_matching.cc:217] in 0.561s
2026-05-18T18:58:40 COLMAP[chunk_01_sequential_matcher] I20260518 18:58:40.040158  3791 pairing.cc:473] Processing image [51/185]
2026-05-18T18:58:40 COLMAP[chunk_01_sequential_matcher] I20260518 18:58:40.622476  3791 feature_matching.cc:217] in 0.582s
2026-05-18T18:58:40 COLMAP[chunk_01_sequential_matcher] I20260518 18:58:40.622519  3791 pairing.cc:473] Processing image [52/185]
2026-05-18T18:58:41 COLMAP[chunk_01_sequential_matcher] I20260518 18:58:41.188395  3791 feature_matching.cc:217] in 0.566s
2026-05-18T18:58:41 COLMAP[chunk_01_sequential_matcher] I20260518 18:58:41.188453  3791 pairing.cc:473] Processing image [53/185]
2026-05-18T18:58:41 COLMAP[chunk_01_sequential_matcher] I20260518 18:58:41.561373  3791 feature_matching.cc:217] in 0.373s
2026-05-18T18:58:41 COLMAP[chunk_01_sequential_matcher] I20260518 18:58:41.561427  3791 pairing.cc:473] Processing image [54/185]
2026-05-18T18:58:42 COLMAP[chunk_01_sequential_matcher] I20260518 18:58:41.824883  3791 feature_matching.cc:217] in 0.263s
2026-05-18T18:58:42 COLMAP[chunk_01_sequential_matcher] I20260518 18:58:41.824942  3791 pairing.cc:473] Processing image [55/185]
2026-05-18T18:58:42 COLMAP[chunk_01_sequential_matcher] I20260518 18:58:42.280351  3791 feature_matching.cc:217] in 0.455s
2026-05-18T18:58:42 COLMAP[chunk_01_sequential_matcher] I20260518 18:58:42.280405  3791 pairing.cc:473] Processing image [56/185]
2026-05-18T18:58:42 COLMAP[chunk_01_sequential_matcher] I20260518 18:58:42.645357  3791 feature_matching.cc:217] in 0.365s
2026-05-18T18:58:42 COLMAP[chunk_01_sequential_matcher] I20260518 18:58:42.645406  3791 pairing.cc:473] Processing image [57/185]
2026-05-18T18:58:43 COLMAP[chunk_01_sequential_matcher] I20260518 18:58:43.094044  3791 feature_matching.cc:217] in 0.449s
2026-05-18T18:58:43 COLMAP[chunk_01_sequential_matcher] I20260518 18:58:43.094091  3791 pairing.cc:473] Processing image [58/185]
2026-05-18T18:58:43 COLMAP[chunk_01_sequential_matcher] I20260518 18:58:43.358003  3791 feature_matching.cc:217] in 0.264s
2026-05-18T18:58:43 COLMAP[chunk_01_sequential_matcher] I20260518 18:58:43.358050  3791 pairing.cc:473] Processing image [59/185]
2026-05-18T18:58:43 COLMAP[chunk_01_sequential_matcher] I20260518 18:58:43.471066  3791 feature_matching.cc:217] in 0.113s
2026-05-18T18:58:43 COLMAP[chunk_01_sequential_matcher] I20260518 18:58:43.471117  3791 pairing.cc:473] Processing image [60/185]
2026-05-18T18:58:43 COLMAP[chunk_01_sequential_matcher] I20260518 18:58:43.662487  3791 feature_matching.cc:217] in 0.191s
2026-05-18T18:58:43 COLMAP[chunk_01_sequential_matcher] I20260518 18:58:43.662539  3791 pairing.cc:473] Processing image [61/185]
2026-05-18T18:58:43 COLMAP[chunk_01_sequential_matcher] I20260518 18:58:43.735235  3791 feature_matching.cc:217] in 0.073s
2026-05-18T18:58:43 COLMAP[chunk_01_sequential_matcher] I20260518 18:58:43.735277  3791 pairing.cc:473] Processing image [62/185]
2026-05-18T18:58:44 COLMAP[chunk_01_sequential_matcher] I20260518 18:58:44.077514  3791 feature_matching.cc:217] in 0.342s
2026-05-18T18:58:44 COLMAP[chunk_01_sequential_matcher] I20260518 18:58:44.077567  3791 pairing.cc:473] Processing image [63/185]
2026-05-18T18:58:44 COLMAP[chunk_01_sequential_matcher] I20260518 18:58:44.414395  3791 feature_matching.cc:217] in 0.337s
2026-05-18T18:58:44 COLMAP[chunk_01_sequential_matcher] I20260518 18:58:44.414450  3791 pairing.cc:473] Processing image [64/185]
2026-05-18T18:58:45 COLMAP[chunk_01_sequential_matcher] I20260518 18:58:44.980878  3791 feature_matching.cc:217] in 0.566s
2026-05-18T18:58:45 COLMAP[chunk_01_sequential_matcher] I20260518 18:58:44.980923  3791 pairing.cc:473] Processing image [65/185]
2026-05-18T18:58:45 COLMAP[chunk_01_sequential_matcher] I20260518 18:58:45.496284  3791 feature_matching.cc:217] in 0.515s
2026-05-18T18:58:45 COLMAP[chunk_01_sequential_matcher] I20260518 18:58:45.496333  3791 pairing.cc:473] Processing image [66/185]
2026-05-18T18:58:46 COLMAP[chunk_01_sequential_matcher] I20260518 18:58:45.847262  3791 feature_matching.cc:217] in 0.351s
2026-05-18T18:58:46 COLMAP[chunk_01_sequential_matcher] I20260518 18:58:45.847316  3791 pairing.cc:473] Processing image [67/185]
2026-05-18T18:58:46 COLMAP[chunk_01_sequential_matcher] I20260518 18:58:46.283032  3791 feature_matching.cc:217] in 0.436s
2026-05-18T18:58:46 COLMAP[chunk_01_sequential_matcher] I20260518 18:58:46.283084  3791 pairing.cc:473] Processing image [68/185]
2026-05-18T18:58:46 COLMAP[chunk_01_sequential_matcher] I20260518 18:58:46.618685  3791 feature_matching.cc:217] in 0.336s
2026-05-18T18:58:46 COLMAP[chunk_01_sequential_matcher] I20260518 18:58:46.618734  3791 pairing.cc:473] Processing image [69/185]
2026-05-18T18:58:47 COLMAP[chunk_01_sequential_matcher] I20260518 18:58:47.064697  3791 feature_matching.cc:217] in 0.446s
2026-05-18T18:58:47 COLMAP[chunk_01_sequential_matcher] I20260518 18:58:47.064743  3791 pairing.cc:473] Processing image [70/185]
2026-05-18T18:58:47 COLMAP[chunk_01_sequential_matcher] I20260518 18:58:47.587904  3791 feature_matching.cc:217] in 0.523s
2026-05-18T18:58:47 COLMAP[chunk_01_sequential_matcher] I20260518 18:58:47.587955  3791 pairing.cc:473] Processing image [71/185]
2026-05-18T18:58:48 COLMAP[chunk_01_sequential_matcher] I20260518 18:58:48.158233  3791 feature_matching.cc:217] in 0.570s
2026-05-18T18:58:48 COLMAP[chunk_01_sequential_matcher] I20260518 18:58:48.158284  3791 pairing.cc:473] Processing image [72/185]
2026-05-18T18:58:49 COLMAP[chunk_01_sequential_matcher] I20260518 18:58:48.982342  3791 feature_matching.cc:217] in 0.824s
2026-05-18T18:58:49 COLMAP[chunk_01_sequential_matcher] I20260518 18:58:48.982391  3791 pairing.cc:473] Processing image [73/185]
2026-05-18T18:58:49 COLMAP[chunk_01_sequential_matcher] I20260518 18:58:49.377902  3791 feature_matching.cc:217] in 0.396s
2026-05-18T18:58:49 COLMAP[chunk_01_sequential_matcher] I20260518 18:58:49.377951  3791 pairing.cc:473] Processing image [74/185]
2026-05-18T18:58:50 COLMAP[chunk_01_sequential_matcher] I20260518 18:58:50.440325  3791 feature_matching.cc:217] in 1.062s
2026-05-18T18:58:50 COLMAP[chunk_01_sequential_matcher] I20260518 18:58:50.440379  3791 pairing.cc:473] Processing image [75/185]
2026-05-18T18:58:51 COLMAP[chunk_01_sequential_matcher] I20260518 18:58:50.910750  3791 feature_matching.cc:217] in 0.470s
2026-05-18T18:58:51 COLMAP[chunk_01_sequential_matcher] I20260518 18:58:50.910804  3791 pairing.cc:473] Processing image [76/185]
2026-05-18T18:58:51 COLMAP[chunk_01_sequential_matcher] I20260518 18:58:51.401538  3791 feature_matching.cc:217] in 0.491s
2026-05-18T18:58:51 COLMAP[chunk_01_sequential_matcher] I20260518 18:58:51.401592  3791 pairing.cc:473] Processing image [77/185]
2026-05-18T18:58:52 COLMAP[chunk_01_sequential_matcher] I20260518 18:58:51.850086  3791 feature_matching.cc:217] in 0.449s
2026-05-18T18:58:52 COLMAP[chunk_01_sequential_matcher] I20260518 18:58:51.850142  3791 pairing.cc:473] Processing image [78/185]
2026-05-18T18:58:52 COLMAP[chunk_01_sequential_matcher] I20260518 18:58:51.991317  3791 feature_matching.cc:217] in 0.141s
2026-05-18T18:58:52 COLMAP[chunk_01_sequential_matcher] I20260518 18:58:51.991371  3791 pairing.cc:473] Processing image [79/185]
2026-05-18T18:58:52 COLMAP[chunk_01_sequential_matcher] I20260518 18:58:52.447669  3791 feature_matching.cc:217] in 0.456s
2026-05-18T18:58:52 COLMAP[chunk_01_sequential_matcher] I20260518 18:58:52.447732  3791 pairing.cc:473] Processing image [80/185]
2026-05-18T18:58:53 COLMAP[chunk_01_sequential_matcher] I20260518 18:58:52.853668  3791 feature_matching.cc:217] in 0.406s
2026-05-18T18:58:53 COLMAP[chunk_01_sequential_matcher] I20260518 18:58:52.853742  3791 pairing.cc:473] Processing image [81/185]
2026-05-18T18:58:53 COLMAP[chunk_01_sequential_matcher] I20260518 18:58:53.074391  3791 feature_matching.cc:217] in 0.221s
2026-05-18T18:58:53 COLMAP[chunk_01_sequential_matcher] I20260518 18:58:53.074437  3791 pairing.cc:473] Processing image [82/185]
2026-05-18T18:58:53 COLMAP[chunk_01_sequential_matcher] I20260518 18:58:53.458956  3791 feature_matching.cc:217] in 0.385s
2026-05-18T18:58:53 COLMAP[chunk_01_sequential_matcher] I20260518 18:58:53.459010  3791 pairing.cc:473] Processing image [83/185]
2026-05-18T18:58:53 COLMAP[chunk_01_sequential_matcher] I20260518 18:58:53.649639  3791 feature_matching.cc:217] in 0.191s
2026-05-18T18:58:53 COLMAP[chunk_01_sequential_matcher] I20260518 18:58:53.649710  3791 pairing.cc:473] Processing image [84/185]
2026-05-18T18:58:54 COLMAP[chunk_01_sequential_matcher] I20260518 18:58:54.034654  3791 feature_matching.cc:217] in 0.385s
2026-05-18T18:58:54 COLMAP[chunk_01_sequential_matcher] I20260518 18:58:54.034708  3791 pairing.cc:473] Processing image [85/185]
2026-05-18T18:58:54 COLMAP[chunk_01_sequential_matcher] I20260518 18:58:54.400199  3791 feature_matching.cc:217] in 0.366s
2026-05-18T18:58:54 COLMAP[chunk_01_sequential_matcher] I20260518 18:58:54.400254  3791 pairing.cc:473] Processing image [86/185]
2026-05-18T18:58:54 COLMAP[chunk_01_sequential_matcher] I20260518 18:58:54.536608  3791 feature_matching.cc:217] in 0.136s
2026-05-18T18:58:54 COLMAP[chunk_01_sequential_matcher] I20260518 18:58:54.536657  3791 pairing.cc:473] Processing image [87/185]
2026-05-18T18:58:55 COLMAP[chunk_01_sequential_matcher] I20260518 18:58:54.912709  3791 feature_matching.cc:217] in 0.376s
2026-05-18T18:58:55 COLMAP[chunk_01_sequential_matcher] I20260518 18:58:54.912763  3791 pairing.cc:473] Processing image [88/185]
2026-05-18T18:58:55 COLMAP[chunk_01_sequential_matcher] I20260518 18:58:55.284835  3791 feature_matching.cc:217] in 0.372s
2026-05-18T18:58:55 COLMAP[chunk_01_sequential_matcher] I20260518 18:58:55.284890  3791 pairing.cc:473] Processing image [89/185]
2026-05-18T18:58:55 COLMAP[chunk_01_sequential_matcher] I20260518 18:58:55.670517  3791 feature_matching.cc:217] in 0.386s
2026-05-18T18:58:55 COLMAP[chunk_01_sequential_matcher] I20260518 18:58:55.670571  3791 pairing.cc:473] Processing image [90/185]
2026-05-18T18:58:56 COLMAP[chunk_01_sequential_matcher] I20260518 18:58:56.181111  3791 feature_matching.cc:217] in 0.511s
2026-05-18T18:58:56 COLMAP[chunk_01_sequential_matcher] I20260518 18:58:56.181164  3791 pairing.cc:473] Processing image [91/185]
2026-05-18T18:58:56 COLMAP[chunk_01_sequential_matcher] I20260518 18:58:56.267930  3791 feature_matching.cc:217] in 0.087s
2026-05-18T18:58:56 COLMAP[chunk_01_sequential_matcher] I20260518 18:58:56.267979  3791 pairing.cc:473] Processing image [92/185]
2026-05-18T18:58:56 COLMAP[chunk_01_sequential_matcher] I20260518 18:58:56.408524  3791 feature_matching.cc:217] in 0.141s
2026-05-18T18:58:56 COLMAP[chunk_01_sequential_matcher] I20260518 18:58:56.408576  3791 pairing.cc:473] Processing image [93/185]
2026-05-18T18:58:56 COLMAP[chunk_01_sequential_matcher] I20260518 18:58:56.629381  3791 feature_matching.cc:217] in 0.221s
2026-05-18T18:58:56 COLMAP[chunk_01_sequential_matcher] I20260518 18:58:56.629429  3791 pairing.cc:473] Processing image [94/185]
2026-05-18T18:58:56 COLMAP[chunk_01_sequential_matcher] I20260518 18:58:56.687721  3791 feature_matching.cc:217] in 0.058s
2026-05-18T18:58:56 COLMAP[chunk_01_sequential_matcher] I20260518 18:58:56.687765  3791 pairing.cc:473] Processing image [95/185]
2026-05-18T18:58:56 COLMAP[chunk_01_sequential_matcher] I20260518 18:58:56.748948  3791 feature_matching.cc:217] in 0.061s
2026-05-18T18:58:56 COLMAP[chunk_01_sequential_matcher] I20260518 18:58:56.748991  3791 pairing.cc:473] Processing image [96/185]
2026-05-18T18:58:57 COLMAP[chunk_01_sequential_matcher] I20260518 18:58:56.806846  3791 feature_matching.cc:217] in 0.058s
2026-05-18T18:58:57 COLMAP[chunk_01_sequential_matcher] I20260518 18:58:56.806892  3791 pairing.cc:473] Processing image [97/185]
2026-05-18T18:58:57 COLMAP[chunk_01_sequential_matcher] I20260518 18:58:56.848946  3791 feature_matching.cc:217] in 0.042s
2026-05-18T18:58:57 COLMAP[chunk_01_sequential_matcher] I20260518 18:58:56.848989  3791 pairing.cc:473] Processing image [98/185]
2026-05-18T18:58:57 COLMAP[chunk_01_sequential_matcher] I20260518 18:58:56.958267  3791 feature_matching.cc:217] in 0.109s
2026-05-18T18:58:57 COLMAP[chunk_01_sequential_matcher] I20260518 18:58:56.958312  3791 pairing.cc:473] Processing image [99/185]
2026-05-18T18:58:57 COLMAP[chunk_01_sequential_matcher] I20260518 18:58:57.022439  3791 feature_matching.cc:217] in 0.064s
2026-05-18T18:58:57 COLMAP[chunk_01_sequential_matcher] I20260518 18:58:57.022482  3791 pairing.cc:473] Processing image [100/185]
2026-05-18T18:58:57 COLMAP[chunk_01_sequential_matcher] I20260518 18:58:57.234334  3791 feature_matching.cc:217] in 0.212s
2026-05-18T18:58:57 COLMAP[chunk_01_sequential_matcher] I20260518 18:58:57.234386  3791 pairing.cc:473] Processing image [101/185]
2026-05-18T18:58:57 COLMAP[chunk_01_sequential_matcher] I20260518 18:58:57.575412  3791 feature_matching.cc:217] in 0.341s
2026-05-18T18:58:57 COLMAP[chunk_01_sequential_matcher] I20260518 18:58:57.575462  3791 pairing.cc:473] Processing image [102/185]
2026-05-18T18:58:57 COLMAP[chunk_01_sequential_matcher] I20260518 18:58:57.751034  3791 feature_matching.cc:217] in 0.176s
2026-05-18T18:58:57 COLMAP[chunk_01_sequential_matcher] I20260518 18:58:57.751089  3791 pairing.cc:473] Processing image [103/185]
2026-05-18T18:58:58 COLMAP[chunk_01_sequential_matcher] I20260518 18:58:58.125161  3791 feature_matching.cc:217] in 0.374s
2026-05-18T18:58:58 COLMAP[chunk_01_sequential_matcher] I20260518 18:58:58.125212  3791 pairing.cc:473] Processing image [104/185]
2026-05-18T18:58:58 COLMAP[chunk_01_sequential_matcher] I20260518 18:58:58.273247  3791 feature_matching.cc:217] in 0.148s
2026-05-18T18:58:58 COLMAP[chunk_01_sequential_matcher] I20260518 18:58:58.273300  3791 pairing.cc:473] Processing image [105/185]
2026-05-18T18:58:58 COLMAP[chunk_01_sequential_matcher] I20260518 18:58:58.468763  3791 feature_matching.cc:217] in 0.195s
2026-05-18T18:58:58 COLMAP[chunk_01_sequential_matcher] I20260518 18:58:58.468823  3791 pairing.cc:473] Processing image [106/185]
2026-05-18T18:58:59 COLMAP[chunk_01_sequential_matcher] I20260518 18:58:58.840693  3791 feature_matching.cc:217] in 0.372s
2026-05-18T18:58:59 COLMAP[chunk_01_sequential_matcher] I20260518 18:58:58.840749  3791 pairing.cc:473] Processing image [107/185]
2026-05-18T18:58:59 COLMAP[chunk_01_sequential_matcher] I20260518 18:58:59.000051  3791 feature_matching.cc:217] in 0.159s
2026-05-18T18:58:59 COLMAP[chunk_01_sequential_matcher] I20260518 18:58:59.000108  3791 pairing.cc:473] Processing image [108/185]
2026-05-18T18:58:59 COLMAP[chunk_01_sequential_matcher] I20260518 18:58:59.171696  3791 feature_matching.cc:217] in 0.172s
2026-05-18T18:58:59 COLMAP[chunk_01_sequential_matcher] I20260518 18:58:59.171775  3791 pairing.cc:473] Processing image [109/185]
2026-05-18T18:58:59 COLMAP[chunk_01_sequential_matcher] I20260518 18:58:59.558975  3791 feature_matching.cc:217] in 0.387s
2026-05-18T18:58:59 COLMAP[chunk_01_sequential_matcher] I20260518 18:58:59.559029  3791 pairing.cc:473] Processing image [110/185]
2026-05-18T18:59:00 COLMAP[chunk_01_sequential_matcher] I20260518 18:58:59.927830  3791 feature_matching.cc:217] in 0.369s
2026-05-18T18:59:00 COLMAP[chunk_01_sequential_matcher] I20260518 18:58:59.927884  3791 pairing.cc:473] Processing image [111/185]
2026-05-18T18:59:00 COLMAP[chunk_01_sequential_matcher] I20260518 18:59:00.226078  3791 feature_matching.cc:217] in 0.298s
2026-05-18T18:59:00 COLMAP[chunk_01_sequential_matcher] I20260518 18:59:00.226135  3791 pairing.cc:473] Processing image [112/185]
2026-05-18T18:59:00 COLMAP[chunk_01_sequential_matcher] I20260518 18:59:00.596570  3791 feature_matching.cc:217] in 0.370s
2026-05-18T18:59:00 COLMAP[chunk_01_sequential_matcher] I20260518 18:59:00.596621  3791 pairing.cc:473] Processing image [113/185]
2026-05-18T18:59:00 COLMAP[chunk_01_sequential_matcher] I20260518 18:59:00.685248  3791 feature_matching.cc:217] in 0.089s
2026-05-18T18:59:00 COLMAP[chunk_01_sequential_matcher] I20260518 18:59:00.685294  3791 pairing.cc:473] Processing image [114/185]
2026-05-18T18:59:01 COLMAP[chunk_01_sequential_matcher] I20260518 18:59:01.052119  3791 feature_matching.cc:217] in 0.367s
2026-05-18T18:59:01 COLMAP[chunk_01_sequential_matcher] I20260518 18:59:01.052175  3791 pairing.cc:473] Processing image [115/185]
2026-05-18T18:59:01 COLMAP[chunk_01_sequential_matcher] I20260518 18:59:01.299700  3791 feature_matching.cc:217] in 0.248s
2026-05-18T18:59:01 COLMAP[chunk_01_sequential_matcher] I20260518 18:59:01.299769  3791 pairing.cc:473] Processing image [116/185]
2026-05-18T18:59:02 COLMAP[chunk_01_sequential_matcher] I20260518 18:59:01.829888  3791 feature_matching.cc:217] in 0.530s
2026-05-18T18:59:02 COLMAP[chunk_01_sequential_matcher] I20260518 18:59:01.829944  3791 pairing.cc:473] Processing image [117/185]
2026-05-18T18:59:02 COLMAP[chunk_01_sequential_matcher] I20260518 18:59:02.215905  3791 feature_matching.cc:217] in 0.386s
2026-05-18T18:59:02 COLMAP[chunk_01_sequential_matcher] I20260518 18:59:02.215955  3791 pairing.cc:473] Processing image [118/185]
2026-05-18T18:59:02 COLMAP[chunk_01_sequential_matcher] I20260518 18:59:02.416687  3791 feature_matching.cc:217] in 0.201s
2026-05-18T18:59:02 COLMAP[chunk_01_sequential_matcher] I20260518 18:59:02.416740  3791 pairing.cc:473] Processing image [119/185]
2026-05-18T18:59:03 COLMAP[chunk_01_sequential_matcher] I20260518 18:59:02.784529  3791 feature_matching.cc:217] in 0.368s
2026-05-18T18:59:03 COLMAP[chunk_01_sequential_matcher] I20260518 18:59:02.784595  3791 pairing.cc:473] Processing image [120/185]
2026-05-18T18:59:03 COLMAP[chunk_01_sequential_matcher] I20260518 18:59:02.924957  3791 feature_matching.cc:217] in 0.140s
2026-05-18T18:59:03 COLMAP[chunk_01_sequential_matcher] I20260518 18:59:02.925009  3791 pairing.cc:473] Processing image [121/185]
2026-05-18T18:59:03 COLMAP[chunk_01_sequential_matcher] I20260518 18:59:02.987016  3791 feature_matching.cc:217] in 0.062s
2026-05-18T18:59:03 COLMAP[chunk_01_sequential_matcher] I20260518 18:59:02.987064  3791 pairing.cc:473] Processing image [122/185]
2026-05-18T18:59:03 COLMAP[chunk_01_sequential_matcher] I20260518 18:59:03.165591  3791 feature_matching.cc:217] in 0.179s
2026-05-18T18:59:03 COLMAP[chunk_01_sequential_matcher] I20260518 18:59:03.165638  3791 pairing.cc:473] Processing image [123/185]
2026-05-18T18:59:03 COLMAP[chunk_01_sequential_matcher] I20260518 18:59:03.274739  3791 feature_matching.cc:217] in 0.109s
2026-05-18T18:59:03 COLMAP[chunk_01_sequential_matcher] I20260518 18:59:03.274788  3791 pairing.cc:473] Processing image [124/185]
2026-05-18T18:59:03 COLMAP[chunk_01_sequential_matcher] I20260518 18:59:03.454306  3791 feature_matching.cc:217] in 0.180s
2026-05-18T18:59:03 COLMAP[chunk_01_sequential_matcher] I20260518 18:59:03.454361  3791 pairing.cc:473] Processing image [125/185]
2026-05-18T18:59:04 COLMAP[chunk_01_sequential_matcher] I20260518 18:59:03.818339  3791 feature_matching.cc:217] in 0.364s
2026-05-18T18:59:04 COLMAP[chunk_01_sequential_matcher] I20260518 18:59:03.818395  3791 pairing.cc:473] Processing image [126/185]
2026-05-18T18:59:04 COLMAP[chunk_01_sequential_matcher] I20260518 18:59:04.122167  3791 feature_matching.cc:217] in 0.304s
2026-05-18T18:59:04 COLMAP[chunk_01_sequential_matcher] I20260518 18:59:04.122223  3791 pairing.cc:473] Processing image [127/185]
2026-05-18T18:59:04 COLMAP[chunk_01_sequential_matcher] I20260518 18:59:04.262012  3791 feature_matching.cc:217] in 0.140s
2026-05-18T18:59:04 COLMAP[chunk_01_sequential_matcher] I20260518 18:59:04.262065  3791 pairing.cc:473] Processing image [128/185]
2026-05-18T18:59:04 COLMAP[chunk_01_sequential_matcher] I20260518 18:59:04.693485  3791 feature_matching.cc:217] in 0.431s
2026-05-18T18:59:04 COLMAP[chunk_01_sequential_matcher] I20260518 18:59:04.693537  3791 pairing.cc:473] Processing image [129/185]
2026-05-18T18:59:05 COLMAP[chunk_01_sequential_matcher] I20260518 18:59:04.800906  3791 feature_matching.cc:217] in 0.107s
2026-05-18T18:59:05 COLMAP[chunk_01_sequential_matcher] I20260518 18:59:04.800952  3791 pairing.cc:473] Processing image [130/185]
2026-05-18T18:59:05 COLMAP[chunk_01_sequential_matcher] I20260518 18:59:04.919734  3791 feature_matching.cc:217] in 0.119s
2026-05-18T18:59:05 COLMAP[chunk_01_sequential_matcher] I20260518 18:59:04.919790  3791 pairing.cc:473] Processing image [131/185]
2026-05-18T18:59:05 COLMAP[chunk_01_sequential_matcher] I20260518 18:59:05.293221  3791 feature_matching.cc:217] in 0.373s
2026-05-18T18:59:05 COLMAP[chunk_01_sequential_matcher] I20260518 18:59:05.293272  3791 pairing.cc:473] Processing image [132/185]
2026-05-18T18:59:05 COLMAP[chunk_01_sequential_matcher] I20260518 18:59:05.735814  3791 feature_matching.cc:217] in 0.443s
2026-05-18T18:59:05 COLMAP[chunk_01_sequential_matcher] I20260518 18:59:05.735869  3791 pairing.cc:473] Processing image [133/185]
2026-05-18T18:59:06 COLMAP[chunk_01_sequential_matcher] I20260518 18:59:06.111830  3791 feature_matching.cc:217] in 0.376s
2026-05-18T18:59:06 COLMAP[chunk_01_sequential_matcher] I20260518 18:59:06.111886  3791 pairing.cc:473] Processing image [134/185]
2026-05-18T18:59:06 COLMAP[chunk_01_sequential_matcher] I20260518 18:59:06.341513  3791 feature_matching.cc:217] in 0.230s
2026-05-18T18:59:06 COLMAP[chunk_01_sequential_matcher] I20260518 18:59:06.341562  3791 pairing.cc:473] Processing image [135/185]
2026-05-18T18:59:06 COLMAP[chunk_01_sequential_matcher] I20260518 18:59:06.626921  3791 feature_matching.cc:217] in 0.285s
2026-05-18T18:59:06 COLMAP[chunk_01_sequential_matcher] I20260518 18:59:06.626971  3791 pairing.cc:473] Processing image [136/185]
2026-05-18T18:59:07 COLMAP[chunk_01_sequential_matcher] I20260518 18:59:07.124636  3791 feature_matching.cc:217] in 0.498s
2026-05-18T18:59:07 COLMAP[chunk_01_sequential_matcher] I20260518 18:59:07.124694  3791 pairing.cc:473] Processing image [137/185]
2026-05-18T18:59:07 COLMAP[chunk_01_sequential_matcher] I20260518 18:59:07.497980  3791 feature_matching.cc:217] in 0.373s
2026-05-18T18:59:07 COLMAP[chunk_01_sequential_matcher] I20260518 18:59:07.498061  3791 pairing.cc:473] Processing image [138/185]
2026-05-18T18:59:07 COLMAP[chunk_01_sequential_matcher] I20260518 18:59:07.612951  3791 feature_matching.cc:217] in 0.115s
2026-05-18T18:59:07 COLMAP[chunk_01_sequential_matcher] I20260518 18:59:07.613006  3791 pairing.cc:473] Processing image [139/185]
2026-05-18T18:59:08 COLMAP[chunk_01_sequential_matcher] I20260518 18:59:08.175572  3791 feature_matching.cc:217] in 0.563s
2026-05-18T18:59:08 COLMAP[chunk_01_sequential_matcher] I20260518 18:59:08.175629  3791 pairing.cc:473] Processing image [140/185]
2026-05-18T18:59:08 COLMAP[chunk_01_sequential_matcher] I20260518 18:59:08.741039  3791 feature_matching.cc:217] in 0.565s
2026-05-18T18:59:08 COLMAP[chunk_01_sequential_matcher] I20260518 18:59:08.741094  3791 pairing.cc:473] Processing image [141/185]
2026-05-18T18:59:09 COLMAP[chunk_01_sequential_matcher] I20260518 18:59:09.566617  3791 feature_matching.cc:217] in 0.826s
2026-05-18T18:59:09 COLMAP[chunk_01_sequential_matcher] I20260518 18:59:09.566672  3791 pairing.cc:473] Processing image [142/185]
2026-05-18T18:59:10 COLMAP[chunk_01_sequential_matcher] I20260518 18:59:09.997665  3791 feature_matching.cc:217] in 0.431s
2026-05-18T18:59:10 COLMAP[chunk_01_sequential_matcher] I20260518 18:59:09.997732  3791 pairing.cc:473] Processing image [143/185]
2026-05-18T18:59:10 COLMAP[chunk_01_sequential_matcher] I20260518 18:59:10.395233  3791 feature_matching.cc:217] in 0.398s
2026-05-18T18:59:10 COLMAP[chunk_01_sequential_matcher] I20260518 18:59:10.395288  3791 pairing.cc:473] Processing image [144/185]
2026-05-18T18:59:11 COLMAP[chunk_01_sequential_matcher] I20260518 18:59:10.852682  3791 feature_matching.cc:217] in 0.457s
2026-05-18T18:59:11 COLMAP[chunk_01_sequential_matcher] I20260518 18:59:10.852736  3791 pairing.cc:473] Processing image [145/185]
2026-05-18T18:59:11 COLMAP[chunk_01_sequential_matcher] I20260518 18:59:11.485852  3791 feature_matching.cc:217] in 0.633s
2026-05-18T18:59:11 COLMAP[chunk_01_sequential_matcher] I20260518 18:59:11.485908  3791 pairing.cc:473] Processing image [146/185]
2026-05-18T18:59:12 COLMAP[chunk_01_sequential_matcher] I20260518 18:59:12.120512  3791 feature_matching.cc:217] in 0.635s
2026-05-18T18:59:12 COLMAP[chunk_01_sequential_matcher] I20260518 18:59:12.120566  3791 pairing.cc:473] Processing image [147/185]
2026-05-18T18:59:12 COLMAP[chunk_01_sequential_matcher] I20260518 18:59:12.549391  3791 feature_matching.cc:217] in 0.429s
2026-05-18T18:59:12 COLMAP[chunk_01_sequential_matcher] I20260518 18:59:12.549444  3791 pairing.cc:473] Processing image [148/185]
2026-05-18T18:59:12 COLMAP[chunk_01_sequential_matcher] I20260518 18:59:12.692040  3791 feature_matching.cc:217] in 0.143s
2026-05-18T18:59:12 COLMAP[chunk_01_sequential_matcher] I20260518 18:59:12.692095  3791 pairing.cc:473] Processing image [149/185]
2026-05-18T18:59:13 COLMAP[chunk_01_sequential_matcher] I20260518 18:59:12.840577  3791 feature_matching.cc:217] in 0.149s
2026-05-18T18:59:13 COLMAP[chunk_01_sequential_matcher] I20260518 18:59:12.840629  3791 pairing.cc:473] Processing image [150/185]
2026-05-18T18:59:13 COLMAP[chunk_01_sequential_matcher] I20260518 18:59:12.897574  3791 feature_matching.cc:217] in 0.057s
2026-05-18T18:59:13 COLMAP[chunk_01_sequential_matcher] I20260518 18:59:12.897622  3791 pairing.cc:473] Processing image [151/185]
2026-05-18T18:59:13 COLMAP[chunk_01_sequential_matcher] I20260518 18:59:12.942251  3791 feature_matching.cc:217] in 0.045s
2026-05-18T18:59:13 COLMAP[chunk_01_sequential_matcher] I20260518 18:59:12.942302  3791 pairing.cc:473] Processing image [152/185]
2026-05-18T18:59:13 COLMAP[chunk_01_sequential_matcher] I20260518 18:59:12.989636  3791 feature_matching.cc:217] in 0.047s
2026-05-18T18:59:13 COLMAP[chunk_01_sequential_matcher] I20260518 18:59:12.989722  3791 pairing.cc:473] Processing image [153/185]
2026-05-18T18:59:13 COLMAP[chunk_01_sequential_matcher] I20260518 18:59:13.049561  3791 feature_matching.cc:217] in 0.060s
2026-05-18T18:59:13 COLMAP[chunk_01_sequential_matcher] I20260518 18:59:13.049613  3791 pairing.cc:473] Processing image [154/185]
2026-05-18T18:59:13 COLMAP[chunk_01_sequential_matcher] I20260518 18:59:13.152472  3791 feature_matching.cc:217] in 0.103s
2026-05-18T18:59:13 COLMAP[chunk_01_sequential_matcher] I20260518 18:59:13.152526  3791 pairing.cc:473] Processing image [155/185]
2026-05-18T18:59:13 COLMAP[chunk_01_sequential_matcher] I20260518 18:59:13.341949  3791 feature_matching.cc:217] in 0.189s
2026-05-18T18:59:13 COLMAP[chunk_01_sequential_matcher] I20260518 18:59:13.342002  3791 pairing.cc:473] Processing image [156/185]
2026-05-18T18:59:13 COLMAP[chunk_01_sequential_matcher] I20260518 18:59:13.501222  3791 feature_matching.cc:217] in 0.159s
2026-05-18T18:59:13 COLMAP[chunk_01_sequential_matcher] I20260518 18:59:13.501282  3791 pairing.cc:473] Processing image [157/185]
2026-05-18T18:59:14 COLMAP[chunk_01_sequential_matcher] I20260518 18:59:13.918280  3791 feature_matching.cc:217] in 0.417s
2026-05-18T18:59:14 COLMAP[chunk_01_sequential_matcher] I20260518 18:59:13.918335  3791 pairing.cc:473] Processing image [158/185]
2026-05-18T18:59:14 COLMAP[chunk_01_sequential_matcher] I20260518 18:59:14.292565  3791 feature_matching.cc:217] in 0.374s
2026-05-18T18:59:14 COLMAP[chunk_01_sequential_matcher] I20260518 18:59:14.292619  3791 pairing.cc:473] Processing image [159/185]
2026-05-18T18:59:14 COLMAP[chunk_01_sequential_matcher] I20260518 18:59:14.732355  3791 feature_matching.cc:217] in 0.440s
2026-05-18T18:59:14 COLMAP[chunk_01_sequential_matcher] I20260518 18:59:14.732414  3791 pairing.cc:473] Processing image [160/185]
2026-05-18T18:59:15 COLMAP[chunk_01_sequential_matcher] I20260518 18:59:14.876348  3791 feature_matching.cc:217] in 0.144s
2026-05-18T18:59:15 COLMAP[chunk_01_sequential_matcher] I20260518 18:59:14.876406  3791 pairing.cc:473] Processing image [161/185]
2026-05-18T18:59:15 COLMAP[chunk_01_sequential_matcher] I20260518 18:59:14.919911  3791 feature_matching.cc:217] in 0.044s
2026-05-18T18:59:15 COLMAP[chunk_01_sequential_matcher] I20260518 18:59:14.919966  3791 pairing.cc:473] Processing image [162/185]
2026-05-18T18:59:15 COLMAP[chunk_01_sequential_matcher] I20260518 18:59:15.064237  3791 feature_matching.cc:217] in 0.144s
2026-05-18T18:59:15 COLMAP[chunk_01_sequential_matcher] I20260518 18:59:15.064293  3791 pairing.cc:473] Processing image [163/185]
2026-05-18T18:59:15 COLMAP[chunk_01_sequential_matcher] I20260518 18:59:15.102469  3791 feature_matching.cc:217] in 0.038s
2026-05-18T18:59:15 COLMAP[chunk_01_sequential_matcher] I20260518 18:59:15.102521  3791 pairing.cc:473] Processing image [164/185]
2026-05-18T18:59:15 COLMAP[chunk_01_sequential_matcher] I20260518 18:59:15.129238  3791 feature_matching.cc:217] in 0.027s
2026-05-18T18:59:15 COLMAP[chunk_01_sequential_matcher] I20260518 18:59:15.129293  3791 pairing.cc:473] Processing image [165/185]
2026-05-18T18:59:15 COLMAP[chunk_01_sequential_matcher] I20260518 18:59:15.555984  3791 feature_matching.cc:217] in 0.427s
2026-05-18T18:59:15 COLMAP[chunk_01_sequential_matcher] I20260518 18:59:15.556034  3791 pairing.cc:473] Processing image [166/185]
2026-05-18T18:59:15 COLMAP[chunk_01_sequential_matcher] I20260518 18:59:15.596305  3791 feature_matching.cc:217] in 0.040s
2026-05-18T18:59:15 COLMAP[chunk_01_sequential_matcher] I20260518 18:59:15.596369  3791 pairing.cc:473] Processing image [167/185]
2026-05-18T18:59:15 COLMAP[chunk_01_sequential_matcher] I20260518 18:59:15.627823  3791 feature_matching.cc:217] in 0.031s
2026-05-18T18:59:15 COLMAP[chunk_01_sequential_matcher] I20260518 18:59:15.627859  3791 pairing.cc:473] Processing image [168/185]
2026-05-18T18:59:15 COLMAP[chunk_01_sequential_matcher] I20260518 18:59:15.666981  3791 feature_matching.cc:217] in 0.039s
2026-05-18T18:59:15 COLMAP[chunk_01_sequential_matcher] I20260518 18:59:15.667022  3791 pairing.cc:473] Processing image [169/185]
2026-05-18T18:59:15 COLMAP[chunk_01_sequential_matcher] I20260518 18:59:15.706204  3791 feature_matching.cc:217] in 0.039s
2026-05-18T18:59:15 COLMAP[chunk_01_sequential_matcher] I20260518 18:59:15.706250  3791 pairing.cc:473] Processing image [170/185]
2026-05-18T18:59:15 COLMAP[chunk_01_sequential_matcher] I20260518 18:59:15.764704  3791 feature_matching.cc:217] in 0.058s
2026-05-18T18:59:15 COLMAP[chunk_01_sequential_matcher] I20260518 18:59:15.764756  3791 pairing.cc:473] Processing image [171/185]
2026-05-18T18:59:16 COLMAP[chunk_01_sequential_matcher] I20260518 18:59:16.163002  3791 feature_matching.cc:217] in 0.398s
2026-05-18T18:59:16 COLMAP[chunk_01_sequential_matcher] I20260518 18:59:16.163055  3791 pairing.cc:473] Processing image [172/185]
2026-05-18T18:59:16 COLMAP[chunk_01_sequential_matcher] I20260518 18:59:16.374712  3791 feature_matching.cc:217] in 0.212s
2026-05-18T18:59:16 COLMAP[chunk_01_sequential_matcher] I20260518 18:59:16.374759  3791 pairing.cc:473] Processing image [173/185]
2026-05-18T18:59:16 COLMAP[chunk_01_sequential_matcher] I20260518 18:59:16.437165  3791 feature_matching.cc:217] in 0.062s
2026-05-18T18:59:16 COLMAP[chunk_01_sequential_matcher] I20260518 18:59:16.437215  3791 pairing.cc:473] Processing image [174/185]
2026-05-18T18:59:16 COLMAP[chunk_01_sequential_matcher] I20260518 18:59:16.755775  3791 feature_matching.cc:217] in 0.319s
2026-05-18T18:59:16 COLMAP[chunk_01_sequential_matcher] I20260518 18:59:16.755837  3791 pairing.cc:473] Processing image [175/185]
2026-05-18T18:59:17 COLMAP[chunk_01_sequential_matcher] I20260518 18:59:16.834645  3791 feature_matching.cc:217] in 0.079s
2026-05-18T18:59:17 COLMAP[chunk_01_sequential_matcher] I20260518 18:59:16.834692  3791 pairing.cc:473] Processing image [176/185]
2026-05-18T18:59:17 COLMAP[chunk_01_sequential_matcher] I20260518 18:59:16.907712  3791 feature_matching.cc:217] in 0.073s
2026-05-18T18:59:17 COLMAP[chunk_01_sequential_matcher] I20260518 18:59:16.907757  3791 pairing.cc:473] Processing image [177/185]
2026-05-18T18:59:17 COLMAP[chunk_01_sequential_matcher] I20260518 18:59:16.953409  3791 feature_matching.cc:217] in 0.046s
2026-05-18T18:59:17 COLMAP[chunk_01_sequential_matcher] I20260518 18:59:16.953457  3791 pairing.cc:473] Processing image [178/185]
2026-05-18T18:59:17 COLMAP[chunk_01_sequential_matcher] I20260518 18:59:16.953524  3791 feature_matching.cc:217] in 0.000s
2026-05-18T18:59:17 COLMAP[chunk_01_sequential_matcher] I20260518 18:59:16.953538  3791 pairing.cc:473] Processing image [179/185]
2026-05-18T18:59:17 COLMAP[chunk_01_sequential_matcher] I20260518 18:59:16.991668  3791 feature_matching.cc:217] in 0.038s
2026-05-18T18:59:17 COLMAP[chunk_01_sequential_matcher] I20260518 18:59:16.991714  3791 pairing.cc:473] Processing image [180/185]
2026-05-18T18:59:17 COLMAP[chunk_01_sequential_matcher] I20260518 18:59:17.049391  3791 feature_matching.cc:217] in 0.058s
2026-05-18T18:59:17 COLMAP[chunk_01_sequential_matcher] I20260518 18:59:17.049435  3791 pairing.cc:473] Processing image [181/185]
2026-05-18T18:59:17 COLMAP[chunk_01_sequential_matcher] I20260518 18:59:17.525877  3791 feature_matching.cc:217] in 0.476s
2026-05-18T18:59:17 COLMAP[chunk_01_sequential_matcher] I20260518 18:59:17.525928  3791 pairing.cc:473] Processing image [182/185]
2026-05-18T18:59:17 COLMAP[chunk_01_sequential_matcher] I20260518 18:59:17.525967  3791 feature_matching.cc:217] in 0.000s
2026-05-18T18:59:17 COLMAP[chunk_01_sequential_matcher] I20260518 18:59:17.525979  3791 pairing.cc:473] Processing image [183/185]
2026-05-18T18:59:17 COLMAP[chunk_01_sequential_matcher] I20260518 18:59:17.553915  3791 feature_matching.cc:217] in 0.028s
2026-05-18T18:59:17 COLMAP[chunk_01_sequential_matcher] I20260518 18:59:17.553951  3791 pairing.cc:473] Processing image [184/185]
2026-05-18T18:59:17 COLMAP[chunk_01_sequential_matcher] I20260518 18:59:17.553978  3791 feature_matching.cc:217] in 0.000s
2026-05-18T18:59:17 COLMAP[chunk_01_sequential_matcher] I20260518 18:59:17.553990  3791 pairing.cc:473] Processing image [185/185]
2026-05-18T18:59:17 COLMAP[chunk_01_sequential_matcher] I20260518 18:59:17.554000  3791 feature_matching.cc:217] in 0.000s
2026-05-18T18:59:17 COLMAP[chunk_01_sequential_matcher] I20260518 18:59:17.554011  3791 timer.cc:90] Elapsed time: 0.919 [minutes]
2026-05-18T18:59:17 2026-05-18 18:59:17,608 - INFO - chunk_01_sequential_matcher added 789 verified image pairs
2026-05-18T18:59:17 2026-05-18 18:59:17,608 - INFO - [chunk_01_mapper_initial] colmap mapper --database_path /tmp/colmap_sfm_rcnmny4o/chunk_01/database.db --image_path /tmp/colmap_sfm_rcnmny4o/images --output_path /tmp/colmap_sfm_rcnmny4o/chunk_01/sparse_initial --Mapper.num_threads -1 --Mapper.ba_refine_principal_point 0
2026-05-18T18:59:17 COLMAP[chunk_01_mapper_initial] I20260518 18:59:17.758504  3828 incremental_pipeline.cc:265] Loading database
2026-05-18T18:59:17 COLMAP[chunk_01_mapper_initial] I20260518 18:59:17.758839  3828 database_cache.cc:72] Loading rigs...
2026-05-18T18:59:17 COLMAP[chunk_01_mapper_initial] I20260518 18:59:17.758909  3828 database_cache.cc:82]  1 in 0.000s
2026-05-18T18:59:17 COLMAP[chunk_01_mapper_initial] I20260518 18:59:17.758930  3828 database_cache.cc:90] Loading cameras...
2026-05-18T18:59:17 COLMAP[chunk_01_mapper_initial] I20260518 18:59:17.758955  3828 database_cache.cc:108]  1 in 0.000s
2026-05-18T18:59:17 COLMAP[chunk_01_mapper_initial] I20260518 18:59:17.759030  3828 database_cache.cc:116] Loading frames...
2026-05-18T18:59:17 COLMAP[chunk_01_mapper_initial] I20260518 18:59:17.761230  3828 database_cache.cc:126]  1710 in 0.002s
2026-05-18T18:59:17 COLMAP[chunk_01_mapper_initial] I20260518 18:59:17.761260  3828 database_cache.cc:134] Loading matches...
2026-05-18T18:59:18 COLMAP[chunk_01_mapper_initial] I20260518 18:59:17.794395  3828 database_cache.cc:139]  1677 in 0.033s
2026-05-18T18:59:18 COLMAP[chunk_01_mapper_initial] I20260518 18:59:17.794442  3828 database_cache.cc:147] Loading images...
2026-05-18T18:59:18 COLMAP[chunk_01_mapper_initial] I20260518 18:59:17.869314  3828 database_cache.cc:241]  185 in 0.075s (connected 185, loaded 185)
2026-05-18T18:59:18 COLMAP[chunk_01_mapper_initial] I20260518 18:59:17.869379  3828 database_cache.cc:255] Loading pose priors...
2026-05-18T18:59:18 COLMAP[chunk_01_mapper_initial] I20260518 18:59:17.870364  3828 database_cache.cc:263]  1710 in 0.001s
2026-05-18T18:59:18 COLMAP[chunk_01_mapper_initial] I20260518 18:59:17.870396  3828 database_cache.cc:271] Building correspondence graph...
2026-05-18T18:59:18 COLMAP[chunk_01_mapper_initial] I20260518 18:59:18.403481  3828 database_cache.cc:300]  in 0.533s (ignored 0)
2026-05-18T18:59:18 COLMAP[chunk_01_mapper_initial] I20260518 18:59:18.403604  3828 timer.cc:90] Elapsed time: 0.011 [minutes]
2026-05-18T18:59:18 COLMAP[chunk_01_mapper_initial] I20260518 18:59:18.423602  3828 incremental_pipeline.cc:377] Finding good initial image pair
2026-05-18T18:59:21 COLMAP[chunk_01_mapper_initial] I20260518 18:59:21.654037  3828 incremental_pipeline.cc:401] Registering initial image pair #369 and #413
2026-05-18T18:59:21 COLMAP[chunk_01_mapper_initial] I20260518 18:59:21.660104  3828 incremental_pipeline.cc:419] Global bundle adjustment
2026-05-18T18:59:22 COLMAP[chunk_01_mapper_initial] I20260518 18:59:21.897886  3828 incremental_pipeline.cc:524] Registering image #368 (num_reg_frames=2)
2026-05-18T18:59:22 COLMAP[chunk_01_mapper_initial] I20260518 18:59:21.897938  3828 incremental_pipeline.cc:527] => Image sees 108 / 7228 points
2026-05-18T18:59:22 COLMAP[chunk_01_mapper_initial] I20260518 18:59:22.213660  3828 incremental_pipeline.cc:78] Retriangulation and Global bundle adjustment
2026-05-18T18:59:22 COLMAP[chunk_01_mapper_initial] I20260518 18:59:22.550645  3828 incremental_pipeline.cc:524] Registering image #310 (num_reg_frames=3)
2026-05-18T18:59:22 COLMAP[chunk_01_mapper_initial] I20260518 18:59:22.550700  3828 incremental_pipeline.cc:527] => Image sees 1938 / 8816 points
2026-05-18T18:59:23 COLMAP[chunk_01_mapper_initial] I20260518 18:59:23.117718  3828 incremental_pipeline.cc:78] Retriangulation and Global bundle adjustment
2026-05-18T18:59:23 COLMAP[chunk_01_mapper_initial] I20260518 18:59:23.416178  3828 incremental_pipeline.cc:524] Registering image #309 (num_reg_frames=4)
2026-05-18T18:59:23 COLMAP[chunk_01_mapper_initial] I20260518 18:59:23.416232  3828 incremental_pipeline.cc:527] => Image sees 2781 / 8516 points
2026-05-18T18:59:24 COLMAP[chunk_01_mapper_initial] I20260518 18:59:24.339756  3828 incremental_pipeline.cc:78] Retriangulation and Global bundle adjustment
2026-05-18T18:59:25 COLMAP[chunk_01_mapper_initial] I20260518 18:59:24.796370  3828 incremental_pipeline.cc:524] Registering image #311 (num_reg_frames=5)
2026-05-18T18:59:25 COLMAP[chunk_01_mapper_initial] I20260518 18:59:24.796427  3828 incremental_pipeline.cc:527] => Image sees 3359 / 8203 points
2026-05-18T18:59:26 COLMAP[chunk_01_mapper_initial] I20260518 18:59:26.137233  3828 incremental_pipeline.cc:78] Retriangulation and Global bundle adjustment
2026-05-18T18:59:26 COLMAP[chunk_01_mapper_initial] I20260518 18:59:26.509666  3828 incremental_pipeline.cc:524] Registering image #294 (num_reg_frames=6)
2026-05-18T18:59:26 COLMAP[chunk_01_mapper_initial] I20260518 18:59:26.509737  3828 incremental_pipeline.cc:527] => Image sees 3690 / 8473 points
2026-05-18T18:59:27 COLMAP[chunk_01_mapper_initial] I20260518 18:59:27.729692  3828 incremental_pipeline.cc:78] Retriangulation and Global bundle adjustment
2026-05-18T18:59:28 COLMAP[chunk_01_mapper_initial] I20260518 18:59:28.557147  3828 incremental_pipeline.cc:524] Registering image #295 (num_reg_frames=7)
2026-05-18T18:59:28 COLMAP[chunk_01_mapper_initial] I20260518 18:59:28.557207  3828 incremental_pipeline.cc:527] => Image sees 3774 / 7788 points
2026-05-18T18:59:29 COLMAP[chunk_01_mapper_initial] I20260518 18:59:29.751434  3828 incremental_pipeline.cc:78] Retriangulation and Global bundle adjustment
2026-05-18T18:59:31 COLMAP[chunk_01_mapper_initial] I20260518 18:59:30.805500  3828 incremental_pipeline.cc:524] Registering image #403 (num_reg_frames=8)
2026-05-18T18:59:31 COLMAP[chunk_01_mapper_initial] I20260518 18:59:30.805559  3828 incremental_pipeline.cc:527] => Image sees 4155 / 8159 points
2026-05-18T18:59:32 COLMAP[chunk_01_mapper_initial] I20260518 18:59:32.126123  3828 incremental_pipeline.cc:78] Retriangulation and Global bundle adjustment
2026-05-18T18:59:33 COLMAP[chunk_01_mapper_initial] I20260518 18:59:33.229080  3828 incremental_pipeline.cc:524] Registering image #404 (num_reg_frames=9)
2026-05-18T18:59:33 COLMAP[chunk_01_mapper_initial] I20260518 18:59:33.229140  3828 incremental_pipeline.cc:527] => Image sees 4336 / 8334 points
2026-05-18T18:59:34 COLMAP[chunk_01_mapper_initial] I20260518 18:59:34.651755  3828 incremental_pipeline.cc:78] Retriangulation and Global bundle adjustment
2026-05-18T18:59:36 COLMAP[chunk_01_mapper_initial] I20260518 18:59:35.789225  3828 incremental_pipeline.cc:524] Registering image #415 (num_reg_frames=10)
2026-05-18T18:59:36 COLMAP[chunk_01_mapper_initial] I20260518 18:59:35.789283  3828 incremental_pipeline.cc:527] => Image sees 4406 / 8098 points
2026-05-18T18:59:37 COLMAP[chunk_01_mapper_initial] I20260518 18:59:37.267637  3828 incremental_pipeline.cc:78] Retriangulation and Global bundle adjustment
2026-05-18T18:59:38 COLMAP[chunk_01_mapper_initial] I20260518 18:59:38.632984  3828 incremental_pipeline.cc:524] Registering image #265 (num_reg_frames=11)
2026-05-18T18:59:38 COLMAP[chunk_01_mapper_initial] I20260518 18:59:38.633035  3828 incremental_pipeline.cc:527] => Image sees 4114 / 7787 points
2026-05-18T18:59:40 COLMAP[chunk_01_mapper_initial] I20260518 18:59:40.024411  3828 incremental_pipeline.cc:524] Registering image #414 (num_reg_frames=12)
2026-05-18T18:59:40 COLMAP[chunk_01_mapper_initial] I20260518 18:59:40.024472  3828 incremental_pipeline.cc:527] => Image sees 4766 / 8157 points
2026-05-18T18:59:41 COLMAP[chunk_01_mapper_initial] I20260518 18:59:41.472947  3828 incremental_pipeline.cc:78] Retriangulation and Global bundle adjustment
2026-05-18T18:59:43 COLMAP[chunk_01_mapper_initial] I20260518 18:59:43.091835  3828 incremental_pipeline.cc:524] Registering image #370 (num_reg_frames=13)
2026-05-18T18:59:43 COLMAP[chunk_01_mapper_initial] I20260518 18:59:43.091892  3828 incremental_pipeline.cc:527] => Image sees 4802 / 7945 points
2026-05-18T18:59:44 COLMAP[chunk_01_mapper_initial] I20260518 18:59:44.602425  3828 incremental_pipeline.cc:524] Registering image #264 (num_reg_frames=14)
2026-05-18T18:59:44 COLMAP[chunk_01_mapper_initial] I20260518 18:59:44.602479  3828 incremental_pipeline.cc:527] => Image sees 3881 / 7929 points
2026-05-18T18:59:46 COLMAP[chunk_01_mapper_initial] I20260518 18:59:45.975500  3828 incremental_pipeline.cc:78] Retriangulation and Global bundle adjustment
2026-05-18T18:59:47 COLMAP[chunk_01_mapper_initial] I20260518 18:59:47.011264  3828 incremental_pipeline.cc:524] Registering image #257 (num_reg_frames=15)
2026-05-18T18:59:47 COLMAP[chunk_01_mapper_initial] I20260518 18:59:47.011322  3828 incremental_pipeline.cc:527] => Image sees 4032 / 7017 points
2026-05-18T18:59:48 COLMAP[chunk_01_mapper_initial] I20260518 18:59:48.554774  3828 incremental_pipeline.cc:524] Registering image #258 (num_reg_frames=16)
2026-05-18T18:59:48 COLMAP[chunk_01_mapper_initial] I20260518 18:59:48.554843  3828 incremental_pipeline.cc:527] => Image sees 3822 / 7386 points
2026-05-18T18:59:50 COLMAP[chunk_01_mapper_initial] I20260518 18:59:49.845556  3828 incremental_pipeline.cc:78] Retriangulation and Global bundle adjustment
2026-05-18T18:59:52 COLMAP[chunk_01_mapper_initial] I20260518 18:59:51.899396  3828 incremental_pipeline.cc:524] Registering image #263 (num_reg_frames=17)
2026-05-18T18:59:52 COLMAP[chunk_01_mapper_initial] I20260518 18:59:51.899454  3828 incremental_pipeline.cc:527] => Image sees 4101 / 7337 points
2026-05-18T18:59:53 COLMAP[chunk_01_mapper_initial] I20260518 18:59:53.255573  3828 incremental_pipeline.cc:524] Registering image #440 (num_reg_frames=18)
2026-05-18T18:59:53 COLMAP[chunk_01_mapper_initial] I20260518 18:59:53.255628  3828 incremental_pipeline.cc:527] => Image sees 3741 / 7152 points
2026-05-18T18:59:54 COLMAP[chunk_01_mapper_initial] I20260518 18:59:54.506167  3828 incremental_pipeline.cc:78] Retriangulation and Global bundle adjustment
2026-05-18T18:59:57 COLMAP[chunk_01_mapper_initial] I20260518 18:59:56.793895  3828 incremental_pipeline.cc:524] Registering image #441 (num_reg_frames=19)
2026-05-18T18:59:57 COLMAP[chunk_01_mapper_initial] I20260518 18:59:56.793946  3828 incremental_pipeline.cc:527] => Image sees 3665 / 7743 points
2026-05-18T18:59:58 COLMAP[chunk_01_mapper_initial] I20260518 18:59:58.195667  3828 incremental_pipeline.cc:524] Registering image #446 (num_reg_frames=20)
2026-05-18T18:59:58 COLMAP[chunk_01_mapper_initial] I20260518 18:59:58.195726  3828 incremental_pipeline.cc:527] => Image sees 4332 / 7636 points
2026-05-18T18:59:59 COLMAP[chunk_01_mapper_initial] I20260518 18:59:59.567309  3828 incremental_pipeline.cc:78] Retriangulation and Global bundle adjustment
2026-05-18T19:00:02 COLMAP[chunk_01_mapper_initial] I20260518 19:00:02.679975  3828 incremental_pipeline.cc:524] Registering image #445 (num_reg_frames=21)
2026-05-18T19:00:02 COLMAP[chunk_01_mapper_initial] I20260518 19:00:02.680034  3828 incremental_pipeline.cc:527] => Image sees 4546 / 8231 points
2026-05-18T19:00:04 COLMAP[chunk_01_mapper_initial] I20260518 19:00:04.240128  3828 incremental_pipeline.cc:524] Registering image #442 (num_reg_frames=22)
2026-05-18T19:00:04 COLMAP[chunk_01_mapper_initial] I20260518 19:00:04.240190  3828 incremental_pipeline.cc:527] => Image sees 4741 / 8452 points
2026-05-18T19:00:05 COLMAP[chunk_01_mapper_initial] I20260518 19:00:05.688010  3828 incremental_pipeline.cc:78] Retriangulation and Global bundle adjustment
2026-05-18T19:00:08 COLMAP[chunk_01_mapper_initial] I20260518 19:00:08.559207  3828 incremental_pipeline.cc:524] Registering image #444 (num_reg_frames=23)
2026-05-18T19:00:08 COLMAP[chunk_01_mapper_initial] I20260518 19:00:08.559266  3828 incremental_pipeline.cc:527] => Image sees 5480 / 8523 points
2026-05-18T19:00:10 COLMAP[chunk_01_mapper_initial] I20260518 19:00:10.171027  3828 incremental_pipeline.cc:524] Registering image #443 (num_reg_frames=24)
2026-05-18T19:00:10 COLMAP[chunk_01_mapper_initial] I20260518 19:00:10.171087  3828 incremental_pipeline.cc:527] => Image sees 5696 / 8404 points
2026-05-18T19:00:12 COLMAP[chunk_01_mapper_initial] I20260518 19:00:11.841820  3828 incremental_pipeline.cc:524] Registering image #349 (num_reg_frames=25)
2026-05-18T19:00:12 COLMAP[chunk_01_mapper_initial] I20260518 19:00:11.841869  3828 incremental_pipeline.cc:527] => Image sees 4434 / 7472 points
2026-05-18T19:00:13 COLMAP[chunk_01_mapper_initial] I20260518 19:00:13.375253  3828 incremental_pipeline.cc:78] Retriangulation and Global bundle adjustment
2026-05-18T19:00:17 COLMAP[chunk_01_mapper_initial] I20260518 19:00:16.799157  3828 incremental_pipeline.cc:524] Registering image #348 (num_reg_frames=26)
2026-05-18T19:00:17 COLMAP[chunk_01_mapper_initial] I20260518 19:00:16.799211  3828 incremental_pipeline.cc:527] => Image sees 4219 / 7680 points
2026-05-18T19:00:18 COLMAP[chunk_01_mapper_initial] I20260518 19:00:18.372457  3828 incremental_pipeline.cc:524] Registering image #347 (num_reg_frames=27)
2026-05-18T19:00:18 COLMAP[chunk_01_mapper_initial] I20260518 19:00:18.372509  3828 incremental_pipeline.cc:527] => Image sees 3936 / 6334 points
2026-05-18T19:00:20 COLMAP[chunk_01_mapper_initial] I20260518 19:00:19.811113  3828 incremental_pipeline.cc:524] Registering image #1368 (num_reg_frames=28)
2026-05-18T19:00:20 COLMAP[chunk_01_mapper_initial] I20260518 19:00:19.811198  3828 incremental_pipeline.cc:527] => Image sees 3029 / 8181 points
2026-05-18T19:00:21 COLMAP[chunk_01_mapper_initial] I20260518 19:00:21.017450  3828 incremental_pipeline.cc:78] Retriangulation and Global bundle adjustment
2026-05-18T19:00:25 COLMAP[chunk_01_mapper_initial] I20260518 19:00:24.909739  3828 incremental_pipeline.cc:524] Registering image #1367 (num_reg_frames=29)
2026-05-18T19:00:25 COLMAP[chunk_01_mapper_initial] I20260518 19:00:24.909790  3828 incremental_pipeline.cc:527] => Image sees 3554 / 8314 points
2026-05-18T19:00:26 COLMAP[chunk_01_mapper_initial] I20260518 19:00:26.250376  3828 incremental_pipeline.cc:524] Registering image #1369 (num_reg_frames=30)
2026-05-18T19:00:26 COLMAP[chunk_01_mapper_initial] I20260518 19:00:26.250429  3828 incremental_pipeline.cc:527] => Image sees 3457 / 8128 points
2026-05-18T19:00:27 COLMAP[chunk_01_mapper_initial] I20260518 19:00:27.671316  3828 incremental_pipeline.cc:524] Registering image #1366 (num_reg_frames=31)
2026-05-18T19:00:27 COLMAP[chunk_01_mapper_initial] I20260518 19:00:27.671373  3828 incremental_pipeline.cc:527] => Image sees 4565 / 8085 points
2026-05-18T19:00:29 COLMAP[chunk_01_mapper_initial] I20260518 19:00:29.079180  3828 incremental_pipeline.cc:78] Retriangulation and Global bundle adjustment
2026-05-18T19:00:33 COLMAP[chunk_01_mapper_initial] I20260518 19:00:33.403262  3828 incremental_pipeline.cc:524] Registering image #1552 (num_reg_frames=32)
2026-05-18T19:00:33 COLMAP[chunk_01_mapper_initial] I20260518 19:00:33.403321  3828 incremental_pipeline.cc:527] => Image sees 4011 / 8061 points
2026-05-18T19:00:35 COLMAP[chunk_01_mapper_initial] I20260518 19:00:34.990010  3828 incremental_pipeline.cc:524] Registering image #1370 (num_reg_frames=33)
2026-05-18T19:00:35 COLMAP[chunk_01_mapper_initial] I20260518 19:00:34.990069  3828 incremental_pipeline.cc:527] => Image sees 4207 / 7436 points
2026-05-18T19:00:36 COLMAP[chunk_01_mapper_initial] I20260518 19:00:36.561810  3828 incremental_pipeline.cc:524] Registering image #1365 (num_reg_frames=34)
2026-05-18T19:00:36 COLMAP[chunk_01_mapper_initial] I20260518 19:00:36.561857  3828 incremental_pipeline.cc:527] => Image sees 4343 / 7377 points
2026-05-18T19:00:38 COLMAP[chunk_01_mapper_initial] I20260518 19:00:38.083365  3828 incremental_pipeline.cc:524] Registering image #1579 (num_reg_frames=35)
2026-05-18T19:00:38 COLMAP[chunk_01_mapper_initial] I20260518 19:00:38.083421  3828 incremental_pipeline.cc:527] => Image sees 3842 / 7834 points
2026-05-18T19:00:39 COLMAP[chunk_01_mapper_initial] I20260518 19:00:39.469110  3828 incremental_pipeline.cc:78] Retriangulation and Global bundle adjustment
2026-05-18T19:00:44 COLMAP[chunk_01_mapper_initial] I20260518 19:00:44.178505  3828 incremental_pipeline.cc:524] Registering image #1580 (num_reg_frames=36)
2026-05-18T19:00:44 COLMAP[chunk_01_mapper_initial] I20260518 19:00:44.178565  3828 incremental_pipeline.cc:527] => Image sees 4220 / 7459 points
2026-05-18T19:00:45 COLMAP[chunk_01_mapper_initial] I20260518 19:00:45.720252  3828 incremental_pipeline.cc:524] Registering image #234 (num_reg_frames=37)
2026-05-18T19:00:45 COLMAP[chunk_01_mapper_initial] I20260518 19:00:45.720307  3828 incremental_pipeline.cc:527] => Image sees 4034 / 6778 points
2026-05-18T19:00:47 COLMAP[chunk_01_mapper_initial] I20260518 19:00:47.188840  3828 incremental_pipeline.cc:524] Registering image #233 (num_reg_frames=38)
2026-05-18T19:00:47 COLMAP[chunk_01_mapper_initial] I20260518 19:00:47.188894  3828 incremental_pipeline.cc:527] => Image sees 4426 / 8835 points
2026-05-18T19:00:48 COLMAP[chunk_01_mapper_initial] I20260518 19:00:48.786975  3828 incremental_pipeline.cc:524] Registering image #232 (num_reg_frames=39)
2026-05-18T19:00:48 COLMAP[chunk_01_mapper_initial] I20260518 19:00:48.787045  3828 incremental_pipeline.cc:527] => Image sees 5507 / 8829 points
2026-05-18T19:00:50 COLMAP[chunk_01_mapper_initial] I20260518 19:00:50.352723  3828 incremental_pipeline.cc:78] Retriangulation and Global bundle adjustment
2026-05-18T19:00:55 COLMAP[chunk_01_mapper_initial] I20260518 19:00:55.633817  3828 incremental_pipeline.cc:524] Registering image #231 (num_reg_frames=40)
2026-05-18T19:00:55 COLMAP[chunk_01_mapper_initial] I20260518 19:00:55.633872  3828 incremental_pipeline.cc:527] => Image sees 4960 / 7235 points
2026-05-18T19:00:57 COLMAP[chunk_01_mapper_initial] I20260518 19:00:57.224210  3828 incremental_pipeline.cc:524] Registering image #1581 (num_reg_frames=41)
2026-05-18T19:00:57 COLMAP[chunk_01_mapper_initial] I20260518 19:00:57.224268  3828 incremental_pipeline.cc:527] => Image sees 4359 / 7313 points
2026-05-18T19:00:58 COLMAP[chunk_01_mapper_initial] I20260518 19:00:58.795132  3828 incremental_pipeline.cc:524] Registering image #1578 (num_reg_frames=42)
2026-05-18T19:00:58 COLMAP[chunk_01_mapper_initial] I20260518 19:00:58.795187  3828 incremental_pipeline.cc:527] => Image sees 4746 / 6880 points
2026-05-18T19:01:00 COLMAP[chunk_01_mapper_initial] I20260518 19:01:00.271625  3828 incremental_pipeline.cc:524] Registering image #1582 (num_reg_frames=43)
2026-05-18T19:01:00 COLMAP[chunk_01_mapper_initial] I20260518 19:01:00.271682  3828 incremental_pipeline.cc:527] => Image sees 4284 / 8190 points
2026-05-18T19:01:01 COLMAP[chunk_01_mapper_initial] I20260518 19:01:01.749389  3828 incremental_pipeline.cc:78] Retriangulation and Global bundle adjustment
2026-05-18T19:01:08 COLMAP[chunk_01_mapper_initial] I20260518 19:01:08.665414  3828 incremental_pipeline.cc:524] Registering image #1577 (num_reg_frames=44)
2026-05-18T19:01:08 COLMAP[chunk_01_mapper_initial] I20260518 19:01:08.665467  3828 incremental_pipeline.cc:527] => Image sees 4395 / 7199 points
2026-05-18T19:01:10 COLMAP[chunk_01_mapper_initial] I20260518 19:01:10.217471  3828 incremental_pipeline.cc:524] Registering image #1553 (num_reg_frames=45)
2026-05-18T19:01:10 COLMAP[chunk_01_mapper_initial] I20260518 19:01:10.217527  3828 incremental_pipeline.cc:527] => Image sees 4159 / 8066 points
2026-05-18T19:01:11 COLMAP[chunk_01_mapper_initial] I20260518 19:01:11.723435  3828 incremental_pipeline.cc:524] Registering image #1371 (num_reg_frames=46)
2026-05-18T19:01:11 COLMAP[chunk_01_mapper_initial] I20260518 19:01:11.723489  3828 incremental_pipeline.cc:527] => Image sees 4144 / 6963 points
2026-05-18T19:01:13 COLMAP[chunk_01_mapper_initial] I20260518 19:01:13.220788  3828 incremental_pipeline.cc:524] Registering image #1547 (num_reg_frames=47)
2026-05-18T19:01:13 COLMAP[chunk_01_mapper_initial] I20260518 19:01:13.220846  3828 incremental_pipeline.cc:527] => Image sees 5000 / 8332 points
2026-05-18T19:01:15 COLMAP[chunk_01_mapper_initial] I20260518 19:01:14.855381  3828 incremental_pipeline.cc:524] Registering image #1583 (num_reg_frames=48)
2026-05-18T19:01:15 COLMAP[chunk_01_mapper_initial] I20260518 19:01:14.855429  3828 incremental_pipeline.cc:527] => Image sees 3518 / 7813 points
2026-05-18T19:01:16 COLMAP[chunk_01_mapper_initial] I20260518 19:01:16.230247  3828 incremental_pipeline.cc:78] Retriangulation and Global bundle adjustment
2026-05-18T19:01:24 COLMAP[chunk_01_mapper_initial] I20260518 19:01:24.808346  3828 incremental_pipeline.cc:524] Registering image #1364 (num_reg_frames=49)
2026-05-18T19:01:24 COLMAP[chunk_01_mapper_initial] I20260518 19:01:24.808442  3828 incremental_pipeline.cc:527] => Image sees 3383 / 6368 points
2026-05-18T19:01:26 COLMAP[chunk_01_mapper_initial] I20260518 19:01:26.225627  3828 incremental_pipeline.cc:524] Registering image #1372 (num_reg_frames=50)
2026-05-18T19:01:26 COLMAP[chunk_01_mapper_initial] I20260518 19:01:26.225705  3828 incremental_pipeline.cc:527] => Image sees 2955 / 7038 points
2026-05-18T19:01:27 COLMAP[chunk_01_mapper_initial] I20260518 19:01:27.493239  3828 incremental_pipeline.cc:524] Registering image #1576 (num_reg_frames=51)
2026-05-18T19:01:27 COLMAP[chunk_01_mapper_initial] I20260518 19:01:27.493300  3828 incremental_pipeline.cc:527] => Image sees 3433 / 7218 points
2026-05-18T19:01:29 COLMAP[chunk_01_mapper_initial] I20260518 19:01:28.858114  3828 incremental_pipeline.cc:524] Registering image #1346 (num_reg_frames=52)
2026-05-18T19:01:29 COLMAP[chunk_01_mapper_initial] I20260518 19:01:28.858168  3828 incremental_pipeline.cc:527] => Image sees 3137 / 5068 points
2026-05-18T19:01:30 COLMAP[chunk_01_mapper_initial] I20260518 19:01:30.091456  3828 incremental_pipeline.cc:524] Registering image #1546 (num_reg_frames=53)
2026-05-18T19:01:30 COLMAP[chunk_01_mapper_initial] I20260518 19:01:30.091512  3828 incremental_pipeline.cc:527] => Image sees 3691 / 8046 points
2026-05-18T19:01:31 COLMAP[chunk_01_mapper_initial] I20260518 19:01:31.395473  3828 incremental_pipeline.cc:78] Retriangulation and Global bundle adjustment
2026-05-18T19:01:41 COLMAP[chunk_01_mapper_initial] I20260518 19:01:41.014742  3828 incremental_pipeline.cc:524] Registering image #1399 (num_reg_frames=54)
2026-05-18T19:01:41 COLMAP[chunk_01_mapper_initial] I20260518 19:01:41.014801  3828 incremental_pipeline.cc:527] => Image sees 4047 / 7631 points
2026-05-18T19:01:42 COLMAP[chunk_01_mapper_initial] I20260518 19:01:42.506749  3828 incremental_pipeline.cc:524] Registering image #1398 (num_reg_frames=55)
2026-05-18T19:01:42 COLMAP[chunk_01_mapper_initial] I20260518 19:01:42.506803  3828 incremental_pipeline.cc:527] => Image sees 3766 / 7967 points
2026-05-18T19:01:44 COLMAP[chunk_01_mapper_initial] I20260518 19:01:43.938565  3828 incremental_pipeline.cc:524] Registering image #1407 (num_reg_frames=56)
2026-05-18T19:01:44 COLMAP[chunk_01_mapper_initial] I20260518 19:01:43.938616  3828 incremental_pipeline.cc:527] => Image sees 4555 / 7630 points
2026-05-18T19:01:45 COLMAP[chunk_01_mapper_initial] I20260518 19:01:45.488569  3828 incremental_pipeline.cc:524] Registering image #1408 (num_reg_frames=57)
2026-05-18T19:01:45 COLMAP[chunk_01_mapper_initial] I20260518 19:01:45.488627  3828 incremental_pipeline.cc:527] => Image sees 4047 / 7504 points
2026-05-18T19:01:47 COLMAP[chunk_01_mapper_initial] I20260518 19:01:46.939388  3828 incremental_pipeline.cc:524] Registering image #1397 (num_reg_frames=58)
2026-05-18T19:01:47 COLMAP[chunk_01_mapper_initial] I20260518 19:01:46.939440  3828 incremental_pipeline.cc:527] => Image sees 4287 / 7755 points
2026-05-18T19:01:48 COLMAP[chunk_01_mapper_initial] I20260518 19:01:48.479010  3828 incremental_pipeline.cc:524] Registering image #1545 (num_reg_frames=59)
2026-05-18T19:01:48 COLMAP[chunk_01_mapper_initial] I20260518 19:01:48.479063  3828 incremental_pipeline.cc:527] => Image sees 4496 / 7918 points
2026-05-18T19:01:50 COLMAP[chunk_01_mapper_initial] I20260518 19:01:49.924187  3828 incremental_pipeline.cc:78] Retriangulation and Global bundle adjustment
2026-05-18T19:02:00 COLMAP[chunk_01_mapper_initial] I20260518 19:02:00.500869  3828 incremental_pipeline.cc:524] Registering image #1396 (num_reg_frames=60)
2026-05-18T19:02:00 COLMAP[chunk_01_mapper_initial] I20260518 19:02:00.500950  3828 incremental_pipeline.cc:527] => Image sees 4057 / 7221 points
2026-05-18T19:02:02 COLMAP[chunk_01_mapper_initial] I20260518 19:02:02.051966  3828 incremental_pipeline.cc:524] Registering image #1544 (num_reg_frames=61)
2026-05-18T19:02:02 COLMAP[chunk_01_mapper_initial] I20260518 19:02:02.052016  3828 incremental_pipeline.cc:527] => Image sees 4616 / 7842 points
2026-05-18T19:02:03 COLMAP[chunk_01_mapper_initial] I20260518 19:02:03.591039  3828 incremental_pipeline.cc:524] Registering image #1363 (num_reg_frames=62)
2026-05-18T19:02:03 COLMAP[chunk_01_mapper_initial] I20260518 19:02:03.591090  3828 incremental_pipeline.cc:527] => Image sees 4108 / 6371 points
2026-05-18T19:02:05 COLMAP[chunk_01_mapper_initial] I20260518 19:02:04.968364  3828 incremental_pipeline.cc:524] Registering image #1373 (num_reg_frames=63)
2026-05-18T19:02:05 COLMAP[chunk_01_mapper_initial] I20260518 19:02:04.968420  3828 incremental_pipeline.cc:527] => Image sees 3894 / 6847 points
2026-05-18T19:02:06 COLMAP[chunk_01_mapper_initial] I20260518 19:02:06.323570  3828 incremental_pipeline.cc:524] Registering image #1575 (num_reg_frames=64)
2026-05-18T19:02:06 COLMAP[chunk_01_mapper_initial] I20260518 19:02:06.323626  3828 incremental_pipeline.cc:527] => Image sees 3527 / 7277 points
2026-05-18T19:02:07 COLMAP[chunk_01_mapper_initial] I20260518 19:02:07.713656  3828 incremental_pipeline.cc:524] Registering image #1584 (num_reg_frames=65)
2026-05-18T19:02:07 COLMAP[chunk_01_mapper_initial] I20260518 19:02:07.713730  3828 incremental_pipeline.cc:527] => Image sees 4221 / 7169 points
2026-05-18T19:02:09 COLMAP[chunk_01_mapper_initial] I20260518 19:02:09.084527  3828 incremental_pipeline.cc:78] Retriangulation and Global bundle adjustment
2026-05-18T19:02:22 COLMAP[chunk_01_mapper_initial] I20260518 19:02:22.397776  3828 incremental_pipeline.cc:524] Registering image #1556 (num_reg_frames=66)
2026-05-18T19:02:22 COLMAP[chunk_01_mapper_initial] I20260518 19:02:22.397831  3828 incremental_pipeline.cc:527] => Image sees 4330 / 8686 points
2026-05-18T19:02:24 COLMAP[chunk_01_mapper_initial] I20260518 19:02:23.847606  3828 incremental_pipeline.cc:524] Registering image #1555 (num_reg_frames=67)
2026-05-18T19:02:24 COLMAP[chunk_01_mapper_initial] I20260518 19:02:23.847658  3828 incremental_pipeline.cc:527] => Image sees 5019 / 8109 points
2026-05-18T19:02:25 COLMAP[chunk_01_mapper_initial] I20260518 19:02:25.547861  3828 incremental_pipeline.cc:524] Registering image #1362 (num_reg_frames=68)
2026-05-18T19:02:25 COLMAP[chunk_01_mapper_initial] I20260518 19:02:25.547911  3828 incremental_pipeline.cc:527] => Image sees 3300 / 6102 points
2026-05-18T19:02:26 COLMAP[chunk_01_mapper_initial] I20260518 19:02:26.819941  3828 incremental_pipeline.cc:524] Registering image #1374 (num_reg_frames=69)
2026-05-18T19:02:26 COLMAP[chunk_01_mapper_initial] I20260518 19:02:26.819996  3828 incremental_pipeline.cc:527] => Image sees 3691 / 6660 points
2026-05-18T19:02:28 COLMAP[chunk_01_mapper_initial] I20260518 19:02:28.172185  3828 incremental_pipeline.cc:524] Registering image #1574 (num_reg_frames=70)
2026-05-18T19:02:28 COLMAP[chunk_01_mapper_initial] I20260518 19:02:28.172237  3828 incremental_pipeline.cc:527] => Image sees 4040 / 7295 points
2026-05-18T19:02:29 COLMAP[chunk_01_mapper_initial] I20260518 19:02:29.571717  3828 incremental_pipeline.cc:524] Registering image #1557 (num_reg_frames=71)
2026-05-18T19:02:29 COLMAP[chunk_01_mapper_initial] I20260518 19:02:29.571774  3828 incremental_pipeline.cc:527] => Image sees 4045 / 7147 points
2026-05-18T19:02:31 COLMAP[chunk_01_mapper_initial] I20260518 19:02:30.953289  3828 incremental_pipeline.cc:524] Registering image #1558 (num_reg_frames=72)
2026-05-18T19:02:31 COLMAP[chunk_01_mapper_initial] I20260518 19:02:30.953363  3828 incremental_pipeline.cc:527] => Image sees 3578 / 7461 points
2026-05-18T19:02:32 COLMAP[chunk_01_mapper_initial] I20260518 19:02:32.207858  3828 incremental_pipeline.cc:78] Retriangulation and Global bundle adjustment
2026-05-18T19:02:46 COLMAP[chunk_01_mapper_initial] I20260518 19:02:46.396339  3828 incremental_pipeline.cc:524] Registering image #1375 (num_reg_frames=73)
2026-05-18T19:02:46 COLMAP[chunk_01_mapper_initial] I20260518 19:02:46.396402  3828 incremental_pipeline.cc:527] => Image sees 3667 / 7113 points
2026-05-18T19:02:47 COLMAP[chunk_01_mapper_initial] I20260518 19:02:47.842641  3828 incremental_pipeline.cc:524] Registering image #1573 (num_reg_frames=74)
2026-05-18T19:02:47 COLMAP[chunk_01_mapper_initial] I20260518 19:02:47.842695  3828 incremental_pipeline.cc:527] => Image sees 3872 / 7407 points
2026-05-18T19:02:49 COLMAP[chunk_01_mapper_initial] I20260518 19:02:49.342789  3828 incremental_pipeline.cc:524] Registering image #1361 (num_reg_frames=75)
2026-05-18T19:02:49 COLMAP[chunk_01_mapper_initial] I20260518 19:02:49.342847  3828 incremental_pipeline.cc:527] => Image sees 3908 / 5919 points
2026-05-18T19:02:50 COLMAP[chunk_01_mapper_initial] I20260518 19:02:50.713835  3828 incremental_pipeline.cc:524] Registering image #1572 (num_reg_frames=76)
2026-05-18T19:02:50 COLMAP[chunk_01_mapper_initial] I20260518 19:02:50.713883  3828 incremental_pipeline.cc:527] => Image sees 4285 / 6547 points
2026-05-18T19:02:52 COLMAP[chunk_01_mapper_initial] I20260518 19:02:52.081902  3828 incremental_pipeline.cc:524] Registering image #1559 (num_reg_frames=77)
2026-05-18T19:02:52 COLMAP[chunk_01_mapper_initial] I20260518 19:02:52.081955  3828 incremental_pipeline.cc:527] => Image sees 4045 / 6890 points
2026-05-18T19:02:53 COLMAP[chunk_01_mapper_initial] I20260518 19:02:53.507167  3828 incremental_pipeline.cc:524] Registering image #1376 (num_reg_frames=78)
2026-05-18T19:02:53 COLMAP[chunk_01_mapper_initial] I20260518 19:02:53.507229  3828 incremental_pipeline.cc:527] => Image sees 3884 / 6810 points
2026-05-18T19:02:55 COLMAP[chunk_01_mapper_initial] I20260518 19:02:54.905336  3828 incremental_pipeline.cc:524] Registering image #1348 (num_reg_frames=79)
2026-05-18T19:02:55 COLMAP[chunk_01_mapper_initial] I20260518 19:02:54.905392  3828 incremental_pipeline.cc:527] => Image sees 3562 / 5403 points
2026-05-18T19:02:56 COLMAP[chunk_01_mapper_initial] I20260518 19:02:56.246928  3828 incremental_pipeline.cc:524] Registering image #1341 (num_reg_frames=80)
2026-05-18T19:02:56 COLMAP[chunk_01_mapper_initial] I20260518 19:02:56.246985  3828 incremental_pipeline.cc:527] => Image sees 3445 / 4747 points
2026-05-18T19:02:57 COLMAP[chunk_01_mapper_initial] I20260518 19:02:57.378700  3828 incremental_pipeline.cc:78] Retriangulation and Global bundle adjustment
2026-05-18T19:03:13 COLMAP[chunk_01_mapper_initial] I20260518 19:03:13.059651  3828 incremental_pipeline.cc:524] Registering image #1391 (num_reg_frames=81)
2026-05-18T19:03:13 COLMAP[chunk_01_mapper_initial] I20260518 19:03:13.059723  3828 incremental_pipeline.cc:527] => Image sees 3555 / 7337 points
2026-05-18T19:03:14 COLMAP[chunk_01_mapper_initial] I20260518 19:03:14.367048  3828 incremental_pipeline.cc:524] Registering image #1538 (num_reg_frames=82)
2026-05-18T19:03:14 COLMAP[chunk_01_mapper_initial] I20260518 19:03:14.367100  3828 incremental_pipeline.cc:527] => Image sees 3950 / 7810 points
2026-05-18T19:03:15 COLMAP[chunk_01_mapper_initial] I20260518 19:03:15.824623  3828 incremental_pipeline.cc:524] Registering image #1390 (num_reg_frames=83)
2026-05-18T19:03:15 COLMAP[chunk_01_mapper_initial] I20260518 19:03:15.824673  3828 incremental_pipeline.cc:527] => Image sees 3784 / 7756 points
2026-05-18T19:03:17 COLMAP[chunk_01_mapper_initial] I20260518 19:03:17.251924  3828 incremental_pipeline.cc:524] Registering image #1537 (num_reg_frames=84)
2026-05-18T19:03:17 COLMAP[chunk_01_mapper_initial] I20260518 19:03:17.251976  3828 incremental_pipeline.cc:527] => Image sees 4459 / 8206 points
2026-05-18T19:03:19 COLMAP[chunk_01_mapper_initial] I20260518 19:03:18.883621  3828 incremental_pipeline.cc:524] Registering image #1536 (num_reg_frames=85)
2026-05-18T19:03:19 COLMAP[chunk_01_mapper_initial] I20260518 19:03:18.883683  3828 incremental_pipeline.cc:527] => Image sees 3918 / 7554 points
2026-05-18T19:03:20 COLMAP[chunk_01_mapper_initial] I20260518 19:03:20.474097  3828 incremental_pipeline.cc:524] Registering image #1522 (num_reg_frames=86)
2026-05-18T19:03:20 COLMAP[chunk_01_mapper_initial] I20260518 19:03:20.474155  3828 incremental_pipeline.cc:527] => Image sees 4360 / 7042 points
2026-05-18T19:03:22 COLMAP[chunk_01_mapper_initial] I20260518 19:03:22.024072  3828 incremental_pipeline.cc:524] Registering image #1524 (num_reg_frames=87)
2026-05-18T19:03:22 COLMAP[chunk_01_mapper_initial] I20260518 19:03:22.024125  3828 incremental_pipeline.cc:527] => Image sees 4189 / 7322 points
2026-05-18T19:03:23 COLMAP[chunk_01_mapper_initial] I20260518 19:03:23.604005  3828 incremental_pipeline.cc:524] Registering image #1416 (num_reg_frames=88)
2026-05-18T19:03:23 COLMAP[chunk_01_mapper_initial] I20260518 19:03:23.604058  3828 incremental_pipeline.cc:527] => Image sees 4559 / 7175 points
2026-05-18T19:03:25 COLMAP[chunk_01_mapper_initial] I20260518 19:03:25.171336  3828 incremental_pipeline.cc:524] Registering image #1417 (num_reg_frames=89)
2026-05-18T19:03:25 COLMAP[chunk_01_mapper_initial] I20260518 19:03:25.171386  3828 incremental_pipeline.cc:527] => Image sees 4190 / 6941 points
2026-05-18T19:03:26 COLMAP[chunk_01_mapper_initial] I20260518 19:03:26.605731  3828 incremental_pipeline.cc:78] Retriangulation and Global bundle adjustment
2026-05-18T19:03:45 COLMAP[chunk_01_mapper_initial] I20260518 19:03:45.183463  3828 incremental_pipeline.cc:524] Registering image #1554 (num_reg_frames=90)
2026-05-18T19:03:45 COLMAP[chunk_01_mapper_initial] I20260518 19:03:45.183552  3828 incremental_pipeline.cc:527] => Image sees 4885 / 7215 points
2026-05-18T19:03:47 COLMAP[chunk_01_mapper_initial] I20260518 19:03:46.991737  3828 incremental_pipeline.cc:524] Registering image #1432 (num_reg_frames=91)
2026-05-18T19:03:47 COLMAP[chunk_01_mapper_initial] I20260518 19:03:46.991798  3828 incremental_pipeline.cc:527] => Image sees 3572 / 7031 points
2026-05-18T19:03:48 COLMAP[chunk_01_mapper_initial] I20260518 19:03:48.440338  3828 incremental_pipeline.cc:524] Registering image #1431 (num_reg_frames=92)
2026-05-18T19:03:48 COLMAP[chunk_01_mapper_initial] I20260518 19:03:48.440397  3828 incremental_pipeline.cc:527] => Image sees 3436 / 7064 points
2026-05-18T19:03:50 COLMAP[chunk_01_mapper_initial] I20260518 19:03:49.874075  3828 incremental_pipeline.cc:524] Registering image #1488 (num_reg_frames=93)
2026-05-18T19:03:50 COLMAP[chunk_01_mapper_initial] I20260518 19:03:49.874130  3828 incremental_pipeline.cc:527] => Image sees 4956 / 8923 points
2026-05-18T19:03:51 COLMAP[chunk_01_mapper_initial] I20260518 19:03:51.736927  3828 incremental_pipeline.cc:524] Registering image #1487 (num_reg_frames=94)
2026-05-18T19:03:51 COLMAP[chunk_01_mapper_initial] I20260518 19:03:51.736989  3828 incremental_pipeline.cc:527] => Image sees 4971 / 8923 points
2026-05-18T19:03:53 COLMAP[chunk_01_mapper_initial] I20260518 19:03:53.432528  3828 incremental_pipeline.cc:524] Registering image #1472 (num_reg_frames=95)
2026-05-18T19:03:53 COLMAP[chunk_01_mapper_initial] I20260518 19:03:53.432590  3828 incremental_pipeline.cc:527] => Image sees 4976 / 8120 points
2026-05-18T19:03:55 COLMAP[chunk_01_mapper_initial] I20260518 19:03:55.240846  3828 incremental_pipeline.cc:524] Registering image #1473 (num_reg_frames=96)
2026-05-18T19:03:55 COLMAP[chunk_01_mapper_initial] I20260518 19:03:55.240895  3828 incremental_pipeline.cc:527] => Image sees 4899 / 7729 points
2026-05-18T19:03:57 COLMAP[chunk_01_mapper_initial] I20260518 19:03:56.916090  3828 incremental_pipeline.cc:524] Registering image #1650 (num_reg_frames=97)
2026-05-18T19:03:57 COLMAP[chunk_01_mapper_initial] I20260518 19:03:56.916144  3828 incremental_pipeline.cc:527] => Image sees 89 / 7752 points
2026-05-18T19:03:57 COLMAP[chunk_01_mapper_initial] I20260518 19:03:57.620003  3828 incremental_pipeline.cc:524] Registering image #1652 (num_reg_frames=98)
2026-05-18T19:03:57 COLMAP[chunk_01_mapper_initial] I20260518 19:03:57.620054  3828 incremental_pipeline.cc:527] => Image sees 119 / 6651 points
2026-05-18T19:03:58 COLMAP[chunk_01_mapper_initial] I20260518 19:03:58.633674  3828 incremental_pipeline.cc:78] Retriangulation and Global bundle adjustment
2026-05-18T19:04:21 COLMAP[chunk_01_mapper_initial] I20260518 19:04:20.924033  3828 incremental_pipeline.cc:524] Registering image #1651 (num_reg_frames=99)
2026-05-18T19:04:21 COLMAP[chunk_01_mapper_initial] I20260518 19:04:20.924113  3828 incremental_pipeline.cc:527] => Image sees 2929 / 7769 points
2026-05-18T19:04:22 COLMAP[chunk_01_mapper_initial] I20260518 19:04:22.249655  3828 incremental_pipeline.cc:524] Registering image #1653 (num_reg_frames=100)
2026-05-18T19:04:22 COLMAP[chunk_01_mapper_initial] I20260518 19:04:22.249735  3828 incremental_pipeline.cc:527] => Image sees 3484 / 7343 points
2026-05-18T19:04:23 COLMAP[chunk_01_mapper_initial] I20260518 19:04:23.722607  3828 incremental_pipeline.cc:524] Registering image #1649 (num_reg_frames=101)
2026-05-18T19:04:23 COLMAP[chunk_01_mapper_initial] I20260518 19:04:23.722661  3828 incremental_pipeline.cc:527] => Image sees 4348 / 7619 points
2026-05-18T19:04:25 COLMAP[chunk_01_mapper_initial] I20260518 19:04:25.389266  3828 incremental_pipeline.cc:524] Registering image #1648 (num_reg_frames=102)
2026-05-18T19:04:25 COLMAP[chunk_01_mapper_initial] I20260518 19:04:25.389326  3828 incremental_pipeline.cc:527] => Image sees 3496 / 7171 points
2026-05-18T19:04:27 COLMAP[chunk_01_mapper_initial] I20260518 19:04:27.070823  3828 incremental_pipeline.cc:524] Registering image #1647 (num_reg_frames=103)
2026-05-18T19:04:27 COLMAP[chunk_01_mapper_initial] I20260518 19:04:27.070874  3828 incremental_pipeline.cc:527] => Image sees 4500 / 7343 points
2026-05-18T19:04:28 COLMAP[chunk_01_mapper_initial] I20260518 19:04:28.667121  3828 incremental_pipeline.cc:524] Registering image #1646 (num_reg_frames=104)
2026-05-18T19:04:28 COLMAP[chunk_01_mapper_initial] I20260518 19:04:28.667174  3828 incremental_pipeline.cc:527] => Image sees 4164 / 7285 points
2026-05-18T19:04:30 COLMAP[chunk_01_mapper_initial] I20260518 19:04:30.227173  3828 incremental_pipeline.cc:524] Registering image #1688 (num_reg_frames=105)
2026-05-18T19:04:30 COLMAP[chunk_01_mapper_initial] I20260518 19:04:30.227226  3828 incremental_pipeline.cc:527] => Image sees 3752 / 6477 points
2026-05-18T19:04:31 COLMAP[chunk_01_mapper_initial] I20260518 19:04:31.684036  3828 incremental_pipeline.cc:524] Registering image #1689 (num_reg_frames=106)
2026-05-18T19:04:31 COLMAP[chunk_01_mapper_initial] I20260518 19:04:31.684093  3828 incremental_pipeline.cc:527] => Image sees 3958 / 5413 points
2026-05-18T19:04:33 COLMAP[chunk_01_mapper_initial] I20260518 19:04:33.113288  3828 incremental_pipeline.cc:78] Retriangulation and Global bundle adjustment
2026-05-18T19:04:48 COLMAP[chunk_01_mapper_initial] I20260518 19:04:48.363720  3828 incremental_pipeline.cc:524] Registering image #1645 (num_reg_frames=107)
2026-05-18T19:04:48 COLMAP[chunk_01_mapper_initial] I20260518 19:04:48.363780  3828 incremental_pipeline.cc:527] => Image sees 4094 / 7397 points
2026-05-18T19:04:50 COLMAP[chunk_01_mapper_initial] I20260518 19:04:50.020578  3828 incremental_pipeline.cc:524] Registering image #1687 (num_reg_frames=108)
2026-05-18T19:04:50 COLMAP[chunk_01_mapper_initial] I20260518 19:04:50.020633  3828 incremental_pipeline.cc:527] => Image sees 3929 / 6555 points
2026-05-18T19:04:51 COLMAP[chunk_01_mapper_initial] I20260518 19:04:51.643141  3828 incremental_pipeline.cc:524] Registering image #1707 (num_reg_frames=109)
2026-05-18T19:04:51 COLMAP[chunk_01_mapper_initial] I20260518 19:04:51.643224  3828 incremental_pipeline.cc:527] => Image sees 3244 / 5490 points
2026-05-18T19:04:53 COLMAP[chunk_01_mapper_initial] I20260518 19:04:53.199754  3828 incremental_pipeline.cc:524] Registering image #1671 (num_reg_frames=110)
2026-05-18T19:04:53 COLMAP[chunk_01_mapper_initial] I20260518 19:04:53.199811  3828 incremental_pipeline.cc:527] => Image sees 3731 / 6051 points
2026-05-18T19:04:54 COLMAP[chunk_01_mapper_initial] I20260518 19:04:54.645177  3828 incremental_pipeline.cc:524] Registering image #1686 (num_reg_frames=111)
2026-05-18T19:04:54 COLMAP[chunk_01_mapper_initial] I20260518 19:04:54.645234  3828 incremental_pipeline.cc:527] => Image sees 4056 / 6608 points
2026-05-18T19:04:56 COLMAP[chunk_01_mapper_initial] I20260518 19:04:56.331276  3828 incremental_pipeline.cc:524] Registering image #1644 (num_reg_frames=112)
2026-05-18T19:04:56 COLMAP[chunk_01_mapper_initial] I20260518 19:04:56.331336  3828 incremental_pipeline.cc:527] => Image sees 4467 / 7263 points
2026-05-18T19:04:58 COLMAP[chunk_01_mapper_initial] I20260518 19:04:58.039153  3828 incremental_pipeline.cc:524] Registering image #1708 (num_reg_frames=113)
2026-05-18T19:04:58 COLMAP[chunk_01_mapper_initial] I20260518 19:04:58.039209  3828 incremental_pipeline.cc:527] => Image sees 3318 / 5633 points
2026-05-18T19:04:59 COLMAP[chunk_01_mapper_initial] I20260518 19:04:59.489923  3828 incremental_pipeline.cc:524] Registering image #1672 (num_reg_frames=114)
2026-05-18T19:04:59 COLMAP[chunk_01_mapper_initial] I20260518 19:04:59.489979  3828 incremental_pipeline.cc:527] => Image sees 3606 / 5905 points
2026-05-18T19:05:01 COLMAP[chunk_01_mapper_initial] I20260518 19:05:00.944831  3828 incremental_pipeline.cc:524] Registering image #1709 (num_reg_frames=115)
2026-05-18T19:05:01 COLMAP[chunk_01_mapper_initial] I20260518 19:05:00.944886  3828 incremental_pipeline.cc:527] => Image sees 3327 / 7648 points
2026-05-18T19:05:02 COLMAP[chunk_01_mapper_initial] I20260518 19:05:02.435413  3828 incremental_pipeline.cc:524] Registering image #1685 (num_reg_frames=116)
2026-05-18T19:05:02 COLMAP[chunk_01_mapper_initial] I20260518 19:05:02.435472  3828 incremental_pipeline.cc:527] => Image sees 4126 / 7556 points
2026-05-18T19:05:04 COLMAP[chunk_01_mapper_initial] I20260518 19:05:04.142755  3828 incremental_pipeline.cc:524] Registering image #1643 (num_reg_frames=117)
2026-05-18T19:05:04 COLMAP[chunk_01_mapper_initial] I20260518 19:05:04.142807  3828 incremental_pipeline.cc:527] => Image sees 4045 / 6332 points
2026-05-18T19:05:05 COLMAP[chunk_01_mapper_initial] I20260518 19:05:05.664543  3828 incremental_pipeline.cc:78] Retriangulation and Global bundle adjustment
2026-05-18T19:05:36 COLMAP[chunk_01_mapper_initial] I20260518 19:05:35.971230  3828 incremental_pipeline.cc:524] Registering image #1642 (num_reg_frames=118)
2026-05-18T19:05:36 COLMAP[chunk_01_mapper_initial] I20260518 19:05:35.971310  3828 incremental_pipeline.cc:527] => Image sees 3968 / 6615 points
2026-05-18T19:05:37 COLMAP[chunk_01_mapper_initial] I20260518 19:05:37.496541  3828 incremental_pipeline.cc:524] Registering image #1641 (num_reg_frames=119)
2026-05-18T19:05:37 COLMAP[chunk_01_mapper_initial] I20260518 19:05:37.496594  3828 incremental_pipeline.cc:527] => Image sees 3963 / 6877 points
2026-05-18T19:05:39 COLMAP[chunk_01_mapper_initial] I20260518 19:05:38.968186  3828 incremental_pipeline.cc:524] Registering image #1640 (num_reg_frames=120)
2026-05-18T19:05:39 COLMAP[chunk_01_mapper_initial] I20260518 19:05:38.968240  3828 incremental_pipeline.cc:527] => Image sees 3971 / 6920 points
2026-05-18T19:05:40 COLMAP[chunk_01_mapper_initial] I20260518 19:05:40.414042  3828 incremental_pipeline.cc:524] Registering image #1639 (num_reg_frames=121)
2026-05-18T19:05:40 COLMAP[chunk_01_mapper_initial] I20260518 19:05:40.414106  3828 incremental_pipeline.cc:527] => Image sees 4019 / 6705 points
2026-05-18T19:05:41 COLMAP[chunk_01_mapper_initial] I20260518 19:05:41.855798  3828 incremental_pipeline.cc:524] Registering image #1684 (num_reg_frames=122)
2026-05-18T19:05:41 COLMAP[chunk_01_mapper_initial] I20260518 19:05:41.855854  3828 incremental_pipeline.cc:527] => Image sees 4411 / 7597 points
2026-05-18T19:05:43 COLMAP[chunk_01_mapper_initial] I20260518 19:05:43.440965  3828 incremental_pipeline.cc:524] Registering image #1673 (num_reg_frames=123)
2026-05-18T19:05:43 COLMAP[chunk_01_mapper_initial] I20260518 19:05:43.441021  3828 incremental_pipeline.cc:527] => Image sees 3621 / 5564 points
2026-05-18T19:05:44 COLMAP[chunk_01_mapper_initial] I20260518 19:05:44.851846  3828 incremental_pipeline.cc:524] Registering image #1674 (num_reg_frames=124)
2026-05-18T19:05:44 COLMAP[chunk_01_mapper_initial] I20260518 19:05:44.851899  3828 incremental_pipeline.cc:527] => Image sees 3448 / 5529 points
2026-05-18T19:05:46 COLMAP[chunk_01_mapper_initial] I20260518 19:05:46.270628  3828 incremental_pipeline.cc:524] Registering image #1710 (num_reg_frames=125)
2026-05-18T19:05:46 COLMAP[chunk_01_mapper_initial] I20260518 19:05:46.270686  3828 incremental_pipeline.cc:527] => Image sees 3443 / 8547 points
2026-05-18T19:05:47 COLMAP[chunk_01_mapper_initial] I20260518 19:05:47.812417  3828 incremental_pipeline.cc:524] Registering image #1675 (num_reg_frames=126)
2026-05-18T19:05:47 COLMAP[chunk_01_mapper_initial] I20260518 19:05:47.812469  3828 incremental_pipeline.cc:527] => Image sees 3710 / 5887 points
2026-05-18T19:05:49 COLMAP[chunk_01_mapper_initial] I20260518 19:05:49.378239  3828 incremental_pipeline.cc:524] Registering image #1683 (num_reg_frames=127)
2026-05-18T19:05:49 COLMAP[chunk_01_mapper_initial] I20260518 19:05:49.378298  3828 incremental_pipeline.cc:527] => Image sees 4253 / 6969 points
2026-05-18T19:05:51 COLMAP[chunk_01_mapper_initial] I20260518 19:05:51.031885  3828 incremental_pipeline.cc:524] Registering image #1676 (num_reg_frames=128)
2026-05-18T19:05:51 COLMAP[chunk_01_mapper_initial] I20260518 19:05:51.031946  3828 incremental_pipeline.cc:527] => Image sees 3785 / 5308 points
2026-05-18T19:05:52 COLMAP[chunk_01_mapper_initial] I20260518 19:05:52.541162  3828 incremental_pipeline.cc:524] Registering image #1638 (num_reg_frames=129)
2026-05-18T19:05:52 COLMAP[chunk_01_mapper_initial] I20260518 19:05:52.541222  3828 incremental_pipeline.cc:527] => Image sees 3505 / 6368 points
2026-05-18T19:05:53 COLMAP[chunk_01_mapper_initial] I20260518 19:05:53.833652  3828 incremental_pipeline.cc:78] Retriangulation and Global bundle adjustment
2026-05-18T19:06:28 COLMAP[chunk_01_mapper_initial] I20260518 19:06:28.368495  3828 incremental_pipeline.cc:524] Registering image #1677 (num_reg_frames=130)
2026-05-18T19:06:28 COLMAP[chunk_01_mapper_initial] I20260518 19:06:28.368583  3828 incremental_pipeline.cc:527] => Image sees 3425 / 5087 points
2026-05-18T19:06:29 COLMAP[chunk_01_mapper_initial] I20260518 19:06:29.706415  3828 incremental_pipeline.cc:524] Registering image #1678 (num_reg_frames=131)
2026-05-18T19:06:29 COLMAP[chunk_01_mapper_initial] I20260518 19:06:29.706470  3828 incremental_pipeline.cc:527] => Image sees 3598 / 6221 points
2026-05-18T19:06:31 COLMAP[chunk_01_mapper_initial] I20260518 19:06:31.063592  3828 incremental_pipeline.cc:524] Registering image #1682 (num_reg_frames=132)
2026-05-18T19:06:31 COLMAP[chunk_01_mapper_initial] I20260518 19:06:31.063649  3828 incremental_pipeline.cc:527] => Image sees 3572 / 6621 points
2026-05-18T19:06:32 COLMAP[chunk_01_mapper_initial] I20260518 19:06:32.519673  3828 incremental_pipeline.cc:524] Registering image #1637 (num_reg_frames=133)
2026-05-18T19:06:32 COLMAP[chunk_01_mapper_initial] I20260518 19:06:32.519726  3828 incremental_pipeline.cc:527] => Image sees 3446 / 6778 points
2026-05-18T19:06:33 COLMAP[chunk_01_mapper_initial] I20260518 19:06:33.825711  3828 incremental_pipeline.cc:524] Registering image #1636 (num_reg_frames=134)
2026-05-18T19:06:33 COLMAP[chunk_01_mapper_initial] I20260518 19:06:33.825759  3828 incremental_pipeline.cc:527] => Image sees 3636 / 6691 points
2026-05-18T19:06:35 COLMAP[chunk_01_mapper_initial] I20260518 19:06:35.203540  3828 incremental_pipeline.cc:524] Registering image #1679 (num_reg_frames=135)
2026-05-18T19:06:35 COLMAP[chunk_01_mapper_initial] I20260518 19:06:35.203599  3828 incremental_pipeline.cc:527] => Image sees 3559 / 6436 points
2026-05-18T19:06:36 COLMAP[chunk_01_mapper_initial] I20260518 19:06:36.590585  3828 incremental_pipeline.cc:524] Registering image #1681 (num_reg_frames=136)
2026-05-18T19:06:36 COLMAP[chunk_01_mapper_initial] I20260518 19:06:36.590643  3828 incremental_pipeline.cc:527] => Image sees 3672 / 6763 points
2026-05-18T19:06:38 COLMAP[chunk_01_mapper_initial] I20260518 19:06:37.994113  3828 incremental_pipeline.cc:524] Registering image #1634 (num_reg_frames=137)
2026-05-18T19:06:38 COLMAP[chunk_01_mapper_initial] I20260518 19:06:37.994169  3828 incremental_pipeline.cc:527] => Image sees 3188 / 6955 points
2026-05-18T19:06:39 COLMAP[chunk_01_mapper_initial] I20260518 19:06:39.283710  3828 incremental_pipeline.cc:524] Registering image #1635 (num_reg_frames=138)
2026-05-18T19:06:39 COLMAP[chunk_01_mapper_initial] I20260518 19:06:39.283763  3828 incremental_pipeline.cc:527] => Image sees 3605 / 7134 points
2026-05-18T19:06:40 COLMAP[chunk_01_mapper_initial] I20260518 19:06:40.660616  3828 incremental_pipeline.cc:524] Registering image #7 (num_reg_frames=139)
2026-05-18T19:06:40 COLMAP[chunk_01_mapper_initial] I20260518 19:06:40.660677  3828 incremental_pipeline.cc:527] => Image sees 2277 / 8925 points
2026-05-18T19:06:41 COLMAP[chunk_01_mapper_initial] I20260518 19:06:41.897990  3828 incremental_pipeline.cc:524] Registering image #1680 (num_reg_frames=140)
2026-05-18T19:06:41 COLMAP[chunk_01_mapper_initial] I20260518 19:06:41.898039  3828 incremental_pipeline.cc:527] => Image sees 3290 / 5346 points
2026-05-18T19:06:43 COLMAP[chunk_01_mapper_initial] I20260518 19:06:43.231037  3828 incremental_pipeline.cc:524] Registering image #1 (num_reg_frames=141)
2026-05-18T19:06:43 COLMAP[chunk_01_mapper_initial] I20260518 19:06:43.231087  3828 incremental_pipeline.cc:527] => Image sees 2522 / 5378 points
2026-05-18T19:06:44 COLMAP[chunk_01_mapper_initial] I20260518 19:06:44.411365  3828 incremental_pipeline.cc:524] Registering image #6 (num_reg_frames=142)
2026-05-18T19:06:44 COLMAP[chunk_01_mapper_initial] I20260518 19:06:44.411420  3828 incremental_pipeline.cc:527] => Image sees 2292 / 7470 points
2026-05-18T19:06:45 COLMAP[chunk_01_mapper_initial] I20260518 19:06:45.665117  3828 incremental_pipeline.cc:78] Retriangulation and Global bundle adjustment
2026-05-18T19:07:23 COLMAP[chunk_01_mapper_initial] I20260518 19:07:23.872531  3828 incremental_pipeline.cc:524] Registering image #5 (num_reg_frames=143)
2026-05-18T19:07:23 COLMAP[chunk_01_mapper_initial] I20260518 19:07:23.872619  3828 incremental_pipeline.cc:527] => Image sees 2360 / 7396 points
2026-05-18T19:07:25 COLMAP[chunk_01_mapper_initial] I20260518 19:07:25.184202  3828 incremental_pipeline.cc:524] Registering image #174 (num_reg_frames=144)
2026-05-18T19:07:25 COLMAP[chunk_01_mapper_initial] I20260518 19:07:25.184260  3828 incremental_pipeline.cc:527] => Image sees 2825 / 7179 points
2026-05-18T19:07:26 COLMAP[chunk_01_mapper_initial] I20260518 19:07:26.601219  3828 incremental_pipeline.cc:524] Registering image #32 (num_reg_frames=145)
2026-05-18T19:07:26 COLMAP[chunk_01_mapper_initial] I20260518 19:07:26.601281  3828 incremental_pipeline.cc:527] => Image sees 2560 / 5542 points
2026-05-18T19:07:27 COLMAP[chunk_01_mapper_initial] I20260518 19:07:27.913730  3828 incremental_pipeline.cc:524] Registering image #33 (num_reg_frames=146)
2026-05-18T19:07:27 COLMAP[chunk_01_mapper_initial] I20260518 19:07:27.913786  3828 incremental_pipeline.cc:527] => Image sees 3229 / 6427 points
2026-05-18T19:07:29 COLMAP[chunk_01_mapper_initial] I20260518 19:07:29.398500  3828 incremental_pipeline.cc:524] Registering image #173 (num_reg_frames=147)
2026-05-18T19:07:29 COLMAP[chunk_01_mapper_initial] I20260518 19:07:29.398561  3828 incremental_pipeline.cc:527] => Image sees 3448 / 7581 points
2026-05-18T19:07:31 COLMAP[chunk_01_mapper_initial] I20260518 19:07:31.118165  3828 incremental_pipeline.cc:524] Registering image #169 (num_reg_frames=148)
2026-05-18T19:07:31 COLMAP[chunk_01_mapper_initial] I20260518 19:07:31.118224  3828 incremental_pipeline.cc:527] => Image sees 3147 / 6607 points
2026-05-18T19:07:32 COLMAP[chunk_01_mapper_initial] I20260518 19:07:32.682806  3828 incremental_pipeline.cc:524] Registering image #170 (num_reg_frames=149)
2026-05-18T19:07:32 COLMAP[chunk_01_mapper_initial] I20260518 19:07:32.682863  3828 incremental_pipeline.cc:527] => Image sees 3567 / 7826 points
2026-05-18T19:07:34 COLMAP[chunk_01_mapper_initial] I20260518 19:07:34.347508  3828 incremental_pipeline.cc:524] Registering image #171 (num_reg_frames=150)
2026-05-18T19:07:34 COLMAP[chunk_01_mapper_initial] I20260518 19:07:34.347560  3828 incremental_pipeline.cc:527] => Image sees 3877 / 6341 points
2026-05-18T19:07:35 COLMAP[chunk_01_mapper_initial] I20260518 19:07:35.876351  3828 incremental_pipeline.cc:524] Registering image #172 (num_reg_frames=151)
2026-05-18T19:07:35 COLMAP[chunk_01_mapper_initial] I20260518 19:07:35.876407  3828 incremental_pipeline.cc:527] => Image sees 5092 / 6643 points
2026-05-18T19:07:37 COLMAP[chunk_01_mapper_initial] I20260518 19:07:37.684610  3828 incremental_pipeline.cc:524] Registering image #4 (num_reg_frames=152)
2026-05-18T19:07:37 COLMAP[chunk_01_mapper_initial] I20260518 19:07:37.684666  3828 incremental_pipeline.cc:527] => Image sees 4852 / 7624 points
2026-05-18T19:07:39 COLMAP[chunk_01_mapper_initial] I20260518 19:07:39.346393  3828 incremental_pipeline.cc:78] Retriangulation and Global bundle adjustment
2026-05-18T19:08:40 COLMAP[chunk_01_mapper_initial] I20260518 19:08:40.395387  3828 incremental_pipeline.cc:524] Registering image #168 (num_reg_frames=153)
2026-05-18T19:08:40 COLMAP[chunk_01_mapper_initial] I20260518 19:08:40.395466  3828 incremental_pipeline.cc:527] => Image sees 3813 / 6455 points
2026-05-18T19:08:42 COLMAP[chunk_01_mapper_initial] I20260518 19:08:41.989198  3828 incremental_pipeline.cc:524] Registering image #167 (num_reg_frames=154)
2026-05-18T19:08:42 COLMAP[chunk_01_mapper_initial] I20260518 19:08:41.989252  3828 incremental_pipeline.cc:527] => Image sees 3778 / 6115 points
2026-05-18T19:08:43 COLMAP[chunk_01_mapper_initial] I20260518 19:08:43.472729  3828 incremental_pipeline.cc:524] Registering image #176 (num_reg_frames=155)
2026-05-18T19:08:43 COLMAP[chunk_01_mapper_initial] I20260518 19:08:43.472785  3828 incremental_pipeline.cc:527] => Image sees 4244 / 6952 points
2026-05-18T19:08:45 COLMAP[chunk_01_mapper_initial] I20260518 19:08:45.137091  3828 incremental_pipeline.cc:524] Registering image #177 (num_reg_frames=156)
2026-05-18T19:08:45 COLMAP[chunk_01_mapper_initial] I20260518 19:08:45.137149  3828 incremental_pipeline.cc:527] => Image sees 4160 / 6379 points
2026-05-18T19:08:46 COLMAP[chunk_01_mapper_initial] I20260518 19:08:46.686098  3828 incremental_pipeline.cc:524] Registering image #175 (num_reg_frames=157)
2026-05-18T19:08:46 COLMAP[chunk_01_mapper_initial] I20260518 19:08:46.686146  3828 incremental_pipeline.cc:527] => Image sees 5019 / 6346 points
2026-05-18T19:08:48 COLMAP[chunk_01_mapper_initial] I20260518 19:08:48.508669  3828 incremental_pipeline.cc:524] Registering image #2 (num_reg_frames=158)
2026-05-18T19:08:48 COLMAP[chunk_01_mapper_initial] I20260518 19:08:48.508723  3828 incremental_pipeline.cc:527] => Image sees 2169 / 5174 points
2026-05-18T19:08:49 COLMAP[chunk_01_mapper_initial] I20260518 19:08:49.643813  3828 incremental_pipeline.cc:524] Registering image #34 (num_reg_frames=159)
2026-05-18T19:08:49 COLMAP[chunk_01_mapper_initial] I20260518 19:08:49.643869  3828 incremental_pipeline.cc:527] => Image sees 2431 / 5184 points
2026-05-18T19:08:50 COLMAP[chunk_01_mapper_initial] I20260518 19:08:50.892454  3828 incremental_pipeline.cc:524] Registering image #38 (num_reg_frames=160)
2026-05-18T19:08:50 COLMAP[chunk_01_mapper_initial] I20260518 19:08:50.892511  3828 incremental_pipeline.cc:527] => Image sees 2033 / 5066 points
2026-05-18T19:08:52 COLMAP[chunk_01_mapper_initial] I20260518 19:08:51.984268  3828 incremental_pipeline.cc:524] Registering image #39 (num_reg_frames=161)
2026-05-18T19:08:52 COLMAP[chunk_01_mapper_initial] I20260518 19:08:51.984329  3828 incremental_pipeline.cc:527] => Image sees 2076 / 4138 points
2026-05-18T19:08:53 COLMAP[chunk_01_mapper_initial] I20260518 19:08:53.101790  3828 incremental_pipeline.cc:524] Registering image #37 (num_reg_frames=162)
2026-05-18T19:08:53 COLMAP[chunk_01_mapper_initial] I20260518 19:08:53.101842  3828 incremental_pipeline.cc:527] => Image sees 2460 / 5727 points
2026-05-18T19:08:54 COLMAP[chunk_01_mapper_initial] I20260518 19:08:54.410486  3828 incremental_pipeline.cc:524] Registering image #35 (num_reg_frames=163)
2026-05-18T19:08:54 COLMAP[chunk_01_mapper_initial] I20260518 19:08:54.410547  3828 incremental_pipeline.cc:527] => Image sees 2571 / 5779 points
2026-05-18T19:08:55 COLMAP[chunk_01_mapper_initial] I20260518 19:08:55.695196  3828 incremental_pipeline.cc:524] Registering image #36 (num_reg_frames=164)
2026-05-18T19:08:55 COLMAP[chunk_01_mapper_initial] I20260518 19:08:55.695257  3828 incremental_pipeline.cc:527] => Image sees 3330 / 5656 points
2026-05-18T19:08:56 COLMAP[chunk_01_mapper_initial] I20260518 19:08:56.917289  3828 incremental_pipeline.cc:524] Registering image #3 (num_reg_frames=165)
2026-05-18T19:08:56 COLMAP[chunk_01_mapper_initial] I20260518 19:08:56.917349  3828 incremental_pipeline.cc:527] => Image sees 2173 / 4241 points
2026-05-18T19:08:58 COLMAP[chunk_01_mapper_initial] I20260518 19:08:58.019222  3828 incremental_pipeline.cc:524] Registering image #1322 (num_reg_frames=166)
2026-05-18T19:08:58 COLMAP[chunk_01_mapper_initial] I20260518 19:08:58.019280  3828 incremental_pipeline.cc:527] => Image sees 4149 / 5125 points
2026-05-18T19:08:59 COLMAP[chunk_01_mapper_initial] I20260518 19:08:59.813308  3828 incremental_pipeline.cc:524] Registering image #787 (num_reg_frames=167)
2026-05-18T19:08:59 COLMAP[chunk_01_mapper_initial] I20260518 19:08:59.813355  3828 incremental_pipeline.cc:527] => Image sees 586 / 3707 points
2026-05-18T19:09:00 COLMAP[chunk_01_mapper_initial] I20260518 19:09:00.794412  3828 incremental_pipeline.cc:524] Registering image #788 (num_reg_frames=168)
2026-05-18T19:09:00 COLMAP[chunk_01_mapper_initial] I20260518 19:09:00.794464  3828 incremental_pipeline.cc:527] => Image sees 502 / 3237 points
2026-05-18T19:09:01 COLMAP[chunk_01_mapper_initial] I20260518 19:09:01.642931  3828 incremental_pipeline.cc:78] Retriangulation and Global bundle adjustment
2026-05-18T19:09:41 COLMAP[chunk_01_mapper_initial] I20260518 19:09:41.136541  3828 incremental_pipeline.cc:524] Registering image #786 (num_reg_frames=169)
2026-05-18T19:09:41 COLMAP[chunk_01_mapper_initial] I20260518 19:09:41.136631  3828 incremental_pipeline.cc:527] => Image sees 813 / 5589 points
2026-05-18T19:09:42 COLMAP[chunk_01_mapper_initial] I20260518 19:09:42.016000  3828 incremental_pipeline.cc:524] Registering image #742 (num_reg_frames=170)
2026-05-18T19:09:42 COLMAP[chunk_01_mapper_initial] I20260518 19:09:42.016062  3828 incremental_pipeline.cc:527] => Image sees 1162 / 5125 points
2026-05-18T19:09:42 COLMAP[chunk_01_mapper_initial] I20260518 19:09:42.955338  3828 incremental_pipeline.cc:524] Registering image #741 (num_reg_frames=171)
2026-05-18T19:09:42 COLMAP[chunk_01_mapper_initial] I20260518 19:09:42.955402  3828 incremental_pipeline.cc:527] => Image sees 1815 / 5075 points
2026-05-18T19:09:44 COLMAP[chunk_01_mapper_initial] I20260518 19:09:43.979473  3828 incremental_pipeline.cc:524] Registering image #743 (num_reg_frames=172)
2026-05-18T19:09:44 COLMAP[chunk_01_mapper_initial] I20260518 19:09:43.979529  3828 incremental_pipeline.cc:527] => Image sees 1820 / 5017 points
2026-05-18T19:09:45 COLMAP[chunk_01_mapper_initial] I20260518 19:09:45.030884  3828 incremental_pipeline.cc:524] Registering image #744 (num_reg_frames=173)
2026-05-18T19:09:45 COLMAP[chunk_01_mapper_initial] I20260518 19:09:45.030941  3828 incremental_pipeline.cc:527] => Image sees 1818 / 4546 points
2026-05-18T19:09:46 COLMAP[chunk_01_mapper_initial] I20260518 19:09:46.098875  3828 incremental_pipeline.cc:524] Registering image #740 (num_reg_frames=174)
2026-05-18T19:09:46 COLMAP[chunk_01_mapper_initial] I20260518 19:09:46.098934  3828 incremental_pipeline.cc:527] => Image sees 2224 / 5715 points
2026-05-18T19:09:47 COLMAP[chunk_01_mapper_initial] I20260518 19:09:47.256057  3828 incremental_pipeline.cc:524] Registering image #701 (num_reg_frames=175)
2026-05-18T19:09:47 COLMAP[chunk_01_mapper_initial] I20260518 19:09:47.256119  3828 incremental_pipeline.cc:527] => Image sees 2017 / 6624 points
2026-05-18T19:09:48 COLMAP[chunk_01_mapper_initial] I20260518 19:09:48.465111  3828 incremental_pipeline.cc:524] Registering image #700 (num_reg_frames=176)
2026-05-18T19:09:48 COLMAP[chunk_01_mapper_initial] I20260518 19:09:48.465169  3828 incremental_pipeline.cc:527] => Image sees 2263 / 6543 points
2026-05-18T19:09:49 COLMAP[chunk_01_mapper_initial] I20260518 19:09:49.702044  3828 incremental_pipeline.cc:524] Registering image #699 (num_reg_frames=177)
2026-05-18T19:09:49 COLMAP[chunk_01_mapper_initial] I20260518 19:09:49.702096  3828 incremental_pipeline.cc:527] => Image sees 2272 / 6301 points
2026-05-18T19:09:51 COLMAP[chunk_01_mapper_initial] I20260518 19:09:51.036594  3828 incremental_pipeline.cc:524] Registering image #698 (num_reg_frames=178)
2026-05-18T19:09:51 COLMAP[chunk_01_mapper_initial] I20260518 19:09:51.036649  3828 incremental_pipeline.cc:527] => Image sees 2595 / 5248 points
2026-05-18T19:09:52 COLMAP[chunk_01_mapper_initial] I20260518 19:09:52.351094  3828 incremental_pipeline.cc:524] Registering image #697 (num_reg_frames=179)
2026-05-18T19:09:52 COLMAP[chunk_01_mapper_initial] I20260518 19:09:52.351150  3828 incremental_pipeline.cc:527] => Image sees 3044 / 6025 points
2026-05-18T19:09:53 COLMAP[chunk_01_mapper_initial] I20260518 19:09:53.587357  3828 incremental_pipeline.cc:524] Registering image #739 (num_reg_frames=180)
2026-05-18T19:09:53 COLMAP[chunk_01_mapper_initial] I20260518 19:09:53.587415  3828 incremental_pipeline.cc:527] => Image sees 2684 / 4950 points
2026-05-18T19:09:54 COLMAP[chunk_01_mapper_initial] I20260518 19:09:54.759724  3828 incremental_pipeline.cc:524] Registering image #784 (num_reg_frames=181)
2026-05-18T19:09:54 COLMAP[chunk_01_mapper_initial] I20260518 19:09:54.759780  3828 incremental_pipeline.cc:527] => Image sees 2862 / 5131 points
2026-05-18T19:09:55 COLMAP[chunk_01_mapper_initial] I20260518 19:09:55.915550  3828 incremental_pipeline.cc:524] Registering image #785 (num_reg_frames=182)
2026-05-18T19:09:55 COLMAP[chunk_01_mapper_initial] I20260518 19:09:55.915606  3828 incremental_pipeline.cc:527] => Image sees 2323 / 3890 points
2026-05-18T19:09:57 COLMAP[chunk_01_mapper_initial] I20260518 19:09:57.104394  3828 incremental_pipeline.cc:524] Registering image #1323 (num_reg_frames=183)
2026-05-18T19:09:57 COLMAP[chunk_01_mapper_initial] I20260518 19:09:57.104452  3828 incremental_pipeline.cc:527] => Image sees 518 / 1033 points
2026-05-18T19:09:58 COLMAP[chunk_01_mapper_initial] I20260518 19:09:58.019542  3828 incremental_pipeline.cc:78] Retriangulation and Global bundle adjustment
2026-05-18T19:10:38 COLMAP[chunk_01_mapper_initial] I20260518 19:10:38.835429  3828 incremental_pipeline.cc:78] Retriangulation and Global bundle adjustment
2026-05-18T19:10:59 COLMAP[chunk_01_mapper_initial] I20260518 19:10:59.463519  3828 incremental_pipeline.cc:710] Keeping successful reconstruction
2026-05-18T19:10:59 COLMAP[chunk_01_mapper_initial] I20260518 19:10:59.765470  3828 timer.cc:90] Elapsed time: 11.689 [minutes]
2026-05-18T19:10:59 2026-05-18 19:10:59,854 - INFO - [chunk_01_mapper_initial_model_converter_0] colmap model_converter --input_path /tmp/colmap_sfm_rcnmny4o/chunk_01/sparse_initial/0 --output_path /tmp/colmap_sfm_rcnmny4o/text_models/chunk_01_mapper_initial/0 --output_type TXT
2026-05-18T19:11:04 2026-05-18 19:11:04,301 - INFO - chunk_01_mapper_initial model 0 registered 184/185 images and 152743 points
2026-05-18T19:11:49 2026-05-18 19:11:48,283 - INFO - Prepared chunk 2 database by pruning global features down to 186 images
2026-05-18T19:11:49 2026-05-18 19:11:48,284 - INFO - [chunk_02_spatial_matcher] colmap spatial_matcher --database_path /tmp/colmap_sfm_rcnmny4o/chunk_02/database.db --FeatureMatching.use_gpu 1 --FeatureMatching.guided_matching 1 --SpatialMatching.ignore_z 0 --SpatialMatching.max_num_neighbors 12 --SpatialMatching.max_distance 120.0
2026-05-18T19:11:49 COLMAP[chunk_02_spatial_matcher] I20260518 19:11:48.472795  5394 feature_matching.cc:195] === Feature matching & geometric verification ===
2026-05-18T19:11:49 COLMAP[chunk_02_spatial_matcher] I20260518 19:11:48.554090  5395 feature_matching_utils.cc:80] Bind FeatureMatcherWorker to GPU device 0
2026-05-18T19:11:49 COLMAP[chunk_02_spatial_matcher] I20260518 19:11:48.554095  5401 feature_matching_utils.cc:80] Bind FeatureMatcherWorker to GPU device 0
2026-05-18T19:11:49 COLMAP[chunk_02_spatial_matcher] I20260518 19:11:48.554976  5395 sift.cc:1547] Creating SIFT GPU feature matcher
2026-05-18T19:11:49 COLMAP[chunk_02_spatial_matcher] I20260518 19:11:48.554981  5401 sift.cc:1547] Creating SIFT GPU feature matcher
2026-05-18T19:11:49 COLMAP[chunk_02_spatial_matcher] I20260518 19:11:48.558642  5394 pairing.cc:560] Generating spatial image pairs...
2026-05-18T19:11:49 COLMAP[chunk_02_spatial_matcher] I20260518 19:11:48.558673  5394 pairing.cc:565] Indexing images...
2026-05-18T19:11:49 COLMAP[chunk_02_spatial_matcher] I20260518 19:11:48.560096  5394 pairing.cc:570]  in 0.001s
2026-05-18T19:11:49 COLMAP[chunk_02_spatial_matcher] I20260518 19:11:48.560124  5394 pairing.cc:584] Building search index...
2026-05-18T19:11:49 COLMAP[chunk_02_spatial_matcher] I20260518 19:11:48.560140  5394 pairing.cc:589]  in 0.000s
2026-05-18T19:11:49 COLMAP[chunk_02_spatial_matcher] I20260518 19:11:48.560151  5394 pairing.cc:592] Searching for nearest neighbors...
2026-05-18T19:11:49 COLMAP[chunk_02_spatial_matcher] I20260518 19:11:48.572218  5394 pairing.cc:608]  in 0.012s
2026-05-18T19:11:49 COLMAP[chunk_02_spatial_matcher] I20260518 19:11:48.572314  5394 pairing.cc:631] Processing image [1/186]
2026-05-18T19:11:49 COLMAP[chunk_02_spatial_matcher] I20260518 19:11:48.905575  5394 feature_matching.cc:217] in 0.333s
2026-05-18T19:11:49 COLMAP[chunk_02_spatial_matcher] I20260518 19:11:48.905627  5394 pairing.cc:631] Processing image [2/186]
2026-05-18T19:11:50 COLMAP[chunk_02_spatial_matcher] I20260518 19:11:49.347334  5394 feature_matching.cc:217] in 0.442s
2026-05-18T19:11:50 COLMAP[chunk_02_spatial_matcher] I20260518 19:11:49.347389  5394 pairing.cc:631] Processing image [3/186]
2026-05-18T19:11:50 COLMAP[chunk_02_spatial_matcher] I20260518 19:11:49.515909  5394 feature_matching.cc:217] in 0.169s
2026-05-18T19:11:50 COLMAP[chunk_02_spatial_matcher] I20260518 19:11:49.515962  5394 pairing.cc:631] Processing image [4/186]
2026-05-18T19:11:50 COLMAP[chunk_02_spatial_matcher] I20260518 19:11:49.714277  5394 feature_matching.cc:217] in 0.198s
2026-05-18T19:11:50 COLMAP[chunk_02_spatial_matcher] I20260518 19:11:49.714329  5394 pairing.cc:631] Processing image [5/186]
2026-05-18T19:11:50 COLMAP[chunk_02_spatial_matcher] I20260518 19:11:49.968441  5394 feature_matching.cc:217] in 0.254s
2026-05-18T19:11:50 COLMAP[chunk_02_spatial_matcher] I20260518 19:11:49.968492  5394 pairing.cc:631] Processing image [6/186]
2026-05-18T19:11:51 COLMAP[chunk_02_spatial_matcher] I20260518 19:11:50.268762  5394 feature_matching.cc:217] in 0.300s
2026-05-18T19:11:51 COLMAP[chunk_02_spatial_matcher] I20260518 19:11:50.268818  5394 pairing.cc:631] Processing image [7/186]
2026-05-18T19:11:51 COLMAP[chunk_02_spatial_matcher] I20260518 19:11:50.559096  5394 feature_matching.cc:217] in 0.290s
2026-05-18T19:11:51 COLMAP[chunk_02_spatial_matcher] I20260518 19:11:50.559149  5394 pairing.cc:631] Processing image [8/186]
2026-05-18T19:11:51 COLMAP[chunk_02_spatial_matcher] I20260518 19:11:50.848394  5394 feature_matching.cc:217] in 0.289s
2026-05-18T19:11:51 COLMAP[chunk_02_spatial_matcher] I20260518 19:11:50.848448  5394 pairing.cc:631] Processing image [9/186]
2026-05-18T19:11:52 COLMAP[chunk_02_spatial_matcher] I20260518 19:11:51.114734  5394 feature_matching.cc:217] in 0.266s
2026-05-18T19:11:52 COLMAP[chunk_02_spatial_matcher] I20260518 19:11:51.114786  5394 pairing.cc:631] Processing image [10/186]
2026-05-18T19:11:52 COLMAP[chunk_02_spatial_matcher] I20260518 19:11:51.365615  5394 feature_matching.cc:217] in 0.251s
2026-05-18T19:11:52 COLMAP[chunk_02_spatial_matcher] I20260518 19:11:51.365669  5394 pairing.cc:631] Processing image [11/186]
2026-05-18T19:11:52 COLMAP[chunk_02_spatial_matcher] I20260518 19:11:51.606178  5394 feature_matching.cc:217] in 0.241s
2026-05-18T19:11:52 COLMAP[chunk_02_spatial_matcher] I20260518 19:11:51.606231  5394 pairing.cc:631] Processing image [12/186]
2026-05-18T19:11:53 COLMAP[chunk_02_spatial_matcher] I20260518 19:11:52.124672  5394 feature_matching.cc:217] in 0.518s
2026-05-18T19:11:53 COLMAP[chunk_02_spatial_matcher] I20260518 19:11:52.124725  5394 pairing.cc:631] Processing image [13/186]
2026-05-18T19:11:53 COLMAP[chunk_02_spatial_matcher] I20260518 19:11:52.936894  5394 feature_matching.cc:217] in 0.812s
2026-05-18T19:11:53 COLMAP[chunk_02_spatial_matcher] I20260518 19:11:52.936949  5394 pairing.cc:631] Processing image [14/186]
2026-05-18T19:11:54 COLMAP[chunk_02_spatial_matcher] I20260518 19:11:53.203018  5394 feature_matching.cc:217] in 0.266s
2026-05-18T19:11:54 COLMAP[chunk_02_spatial_matcher] I20260518 19:11:53.203071  5394 pairing.cc:631] Processing image [15/186]
2026-05-18T19:11:54 COLMAP[chunk_02_spatial_matcher] I20260518 19:11:53.419188  5394 feature_matching.cc:217] in 0.216s
2026-05-18T19:11:54 COLMAP[chunk_02_spatial_matcher] I20260518 19:11:53.419242  5394 pairing.cc:631] Processing image [16/186]
2026-05-18T19:11:54 COLMAP[chunk_02_spatial_matcher] I20260518 19:11:53.750042  5394 feature_matching.cc:217] in 0.331s
2026-05-18T19:11:54 COLMAP[chunk_02_spatial_matcher] I20260518 19:11:53.750097  5394 pairing.cc:631] Processing image [17/186]
2026-05-18T19:11:55 COLMAP[chunk_02_spatial_matcher] I20260518 19:11:54.034284  5394 feature_matching.cc:217] in 0.284s
2026-05-18T19:11:55 COLMAP[chunk_02_spatial_matcher] I20260518 19:11:54.034338  5394 pairing.cc:631] Processing image [18/186]
2026-05-18T19:11:55 COLMAP[chunk_02_spatial_matcher] I20260518 19:11:54.285365  5394 feature_matching.cc:217] in 0.251s
2026-05-18T19:11:55 COLMAP[chunk_02_spatial_matcher] I20260518 19:11:54.285422  5394 pairing.cc:631] Processing image [19/186]
2026-05-18T19:11:55 COLMAP[chunk_02_spatial_matcher] I20260518 19:11:54.510509  5394 feature_matching.cc:217] in 0.225s
2026-05-18T19:11:55 COLMAP[chunk_02_spatial_matcher] I20260518 19:11:54.510572  5394 pairing.cc:631] Processing image [20/186]
2026-05-18T19:11:55 COLMAP[chunk_02_spatial_matcher] I20260518 19:11:54.746721  5394 feature_matching.cc:217] in 0.236s
2026-05-18T19:11:55 COLMAP[chunk_02_spatial_matcher] I20260518 19:11:54.746776  5394 pairing.cc:631] Processing image [21/186]
2026-05-18T19:11:55 COLMAP[chunk_02_spatial_matcher] I20260518 19:11:54.975406  5394 feature_matching.cc:217] in 0.229s
2026-05-18T19:11:55 COLMAP[chunk_02_spatial_matcher] I20260518 19:11:54.975461  5394 pairing.cc:631] Processing image [22/186]
2026-05-18T19:11:56 COLMAP[chunk_02_spatial_matcher] I20260518 19:11:55.215288  5394 feature_matching.cc:217] in 0.240s
2026-05-18T19:11:56 COLMAP[chunk_02_spatial_matcher] I20260518 19:11:55.215342  5394 pairing.cc:631] Processing image [23/186]
2026-05-18T19:11:56 COLMAP[chunk_02_spatial_matcher] I20260518 19:11:55.616331  5394 feature_matching.cc:217] in 0.401s
2026-05-18T19:11:56 COLMAP[chunk_02_spatial_matcher] I20260518 19:11:55.616385  5394 pairing.cc:631] Processing image [24/186]
2026-05-18T19:11:57 COLMAP[chunk_02_spatial_matcher] I20260518 19:11:56.092321  5394 feature_matching.cc:217] in 0.476s
2026-05-18T19:11:57 COLMAP[chunk_02_spatial_matcher] I20260518 19:11:56.092377  5394 pairing.cc:631] Processing image [25/186]
2026-05-18T19:11:57 COLMAP[chunk_02_spatial_matcher] I20260518 19:11:56.253145  5394 feature_matching.cc:217] in 0.161s
2026-05-18T19:11:57 COLMAP[chunk_02_spatial_matcher] I20260518 19:11:56.253202  5394 pairing.cc:631] Processing image [26/186]
2026-05-18T19:11:57 COLMAP[chunk_02_spatial_matcher] I20260518 19:11:56.419947  5394 feature_matching.cc:217] in 0.167s
2026-05-18T19:11:57 COLMAP[chunk_02_spatial_matcher] I20260518 19:11:56.420007  5394 pairing.cc:631] Processing image [27/186]
2026-05-18T19:11:57 COLMAP[chunk_02_spatial_matcher] I20260518 19:11:56.638530  5394 feature_matching.cc:217] in 0.219s
2026-05-18T19:11:57 COLMAP[chunk_02_spatial_matcher] I20260518 19:11:56.638584  5394 pairing.cc:631] Processing image [28/186]
2026-05-18T19:11:57 COLMAP[chunk_02_spatial_matcher] I20260518 19:11:56.795493  5394 feature_matching.cc:217] in 0.157s
2026-05-18T19:11:57 COLMAP[chunk_02_spatial_matcher] I20260518 19:11:56.795548  5394 pairing.cc:631] Processing image [29/186]
2026-05-18T19:11:57 COLMAP[chunk_02_spatial_matcher] I20260518 19:11:56.941025  5394 feature_matching.cc:217] in 0.146s
2026-05-18T19:11:57 COLMAP[chunk_02_spatial_matcher] I20260518 19:11:56.941082  5394 pairing.cc:631] Processing image [30/186]
2026-05-18T19:11:58 COLMAP[chunk_02_spatial_matcher] I20260518 19:11:57.076901  5394 feature_matching.cc:217] in 0.136s
2026-05-18T19:11:58 COLMAP[chunk_02_spatial_matcher] I20260518 19:11:57.076954  5394 pairing.cc:631] Processing image [31/186]
2026-05-18T19:11:58 COLMAP[chunk_02_spatial_matcher] I20260518 19:11:57.219753  5394 feature_matching.cc:217] in 0.143s
2026-05-18T19:11:58 COLMAP[chunk_02_spatial_matcher] I20260518 19:11:57.219813  5394 pairing.cc:631] Processing image [32/186]
2026-05-18T19:11:58 COLMAP[chunk_02_spatial_matcher] I20260518 19:11:57.395246  5394 feature_matching.cc:217] in 0.175s
2026-05-18T19:11:58 COLMAP[chunk_02_spatial_matcher] I20260518 19:11:57.395300  5394 pairing.cc:631] Processing image [33/186]
2026-05-18T19:11:58 COLMAP[chunk_02_spatial_matcher] I20260518 19:11:57.539613  5394 feature_matching.cc:217] in 0.144s
2026-05-18T19:11:58 COLMAP[chunk_02_spatial_matcher] I20260518 19:11:57.539667  5394 pairing.cc:631] Processing image [34/186]
2026-05-18T19:11:58 COLMAP[chunk_02_spatial_matcher] I20260518 19:11:57.681098  5394 feature_matching.cc:217] in 0.141s
2026-05-18T19:11:58 COLMAP[chunk_02_spatial_matcher] I20260518 19:11:57.681150  5394 pairing.cc:631] Processing image [35/186]
2026-05-18T19:11:58 COLMAP[chunk_02_spatial_matcher] I20260518 19:11:57.823143  5394 feature_matching.cc:217] in 0.142s
2026-05-18T19:11:58 COLMAP[chunk_02_spatial_matcher] I20260518 19:11:57.823199  5394 pairing.cc:631] Processing image [36/186]
2026-05-18T19:11:58 COLMAP[chunk_02_spatial_matcher] I20260518 19:11:57.950456  5394 feature_matching.cc:217] in 0.127s
2026-05-18T19:11:58 COLMAP[chunk_02_spatial_matcher] I20260518 19:11:57.950513  5394 pairing.cc:631] Processing image [37/186]
2026-05-18T19:11:59 COLMAP[chunk_02_spatial_matcher] I20260518 19:11:58.091372  5394 feature_matching.cc:217] in 0.141s
2026-05-18T19:11:59 COLMAP[chunk_02_spatial_matcher] I20260518 19:11:58.091428  5394 pairing.cc:631] Processing image [38/186]
2026-05-18T19:11:59 COLMAP[chunk_02_spatial_matcher] I20260518 19:11:58.507962  5394 feature_matching.cc:217] in 0.417s
2026-05-18T19:11:59 COLMAP[chunk_02_spatial_matcher] I20260518 19:11:58.508013  5394 pairing.cc:631] Processing image [39/186]
2026-05-18T19:11:59 COLMAP[chunk_02_spatial_matcher] I20260518 19:11:58.890271  5394 feature_matching.cc:217] in 0.382s
2026-05-18T19:11:59 COLMAP[chunk_02_spatial_matcher] I20260518 19:11:58.890328  5394 pairing.cc:631] Processing image [40/186]
2026-05-18T19:11:59 COLMAP[chunk_02_spatial_matcher] I20260518 19:11:58.964882  5394 feature_matching.cc:217] in 0.075s
2026-05-18T19:11:59 COLMAP[chunk_02_spatial_matcher] I20260518 19:11:58.964931  5394 pairing.cc:631] Processing image [41/186]
2026-05-18T19:12:00 COLMAP[chunk_02_spatial_matcher] I20260518 19:11:59.039089  5394 feature_matching.cc:217] in 0.074s
2026-05-18T19:12:00 COLMAP[chunk_02_spatial_matcher] I20260518 19:11:59.039139  5394 pairing.cc:631] Processing image [42/186]
2026-05-18T19:12:00 COLMAP[chunk_02_spatial_matcher] I20260518 19:11:59.129491  5394 feature_matching.cc:217] in 0.090s
2026-05-18T19:12:00 COLMAP[chunk_02_spatial_matcher] I20260518 19:11:59.129541  5394 pairing.cc:631] Processing image [43/186]
2026-05-18T19:12:00 COLMAP[chunk_02_spatial_matcher] I20260518 19:11:59.204607  5394 feature_matching.cc:217] in 0.075s
2026-05-18T19:12:00 COLMAP[chunk_02_spatial_matcher] I20260518 19:11:59.204660  5394 pairing.cc:631] Processing image [44/186]
2026-05-18T19:12:00 COLMAP[chunk_02_spatial_matcher] I20260518 19:11:59.313836  5394 feature_matching.cc:217] in 0.109s
2026-05-18T19:12:00 COLMAP[chunk_02_spatial_matcher] I20260518 19:11:59.313887  5394 pairing.cc:631] Processing image [45/186]
2026-05-18T19:12:00 COLMAP[chunk_02_spatial_matcher] I20260518 19:11:59.374235  5394 feature_matching.cc:217] in 0.060s
2026-05-18T19:12:00 COLMAP[chunk_02_spatial_matcher] I20260518 19:11:59.374289  5394 pairing.cc:631] Processing image [46/186]
2026-05-18T19:12:00 COLMAP[chunk_02_spatial_matcher] I20260518 19:11:59.471683  5394 feature_matching.cc:217] in 0.097s
2026-05-18T19:12:00 COLMAP[chunk_02_spatial_matcher] I20260518 19:11:59.471735  5394 pairing.cc:631] Processing image [47/186]
2026-05-18T19:12:00 COLMAP[chunk_02_spatial_matcher] I20260518 19:11:59.572589  5394 feature_matching.cc:217] in 0.101s
2026-05-18T19:12:00 COLMAP[chunk_02_spatial_matcher] I20260518 19:11:59.572642  5394 pairing.cc:631] Processing image [48/186]
2026-05-18T19:12:00 COLMAP[chunk_02_spatial_matcher] I20260518 19:11:59.656766  5394 feature_matching.cc:217] in 0.084s
2026-05-18T19:12:00 COLMAP[chunk_02_spatial_matcher] I20260518 19:11:59.656819  5394 pairing.cc:631] Processing image [49/186]
2026-05-18T19:12:00 COLMAP[chunk_02_spatial_matcher] I20260518 19:11:59.716917  5394 feature_matching.cc:217] in 0.060s
2026-05-18T19:12:00 COLMAP[chunk_02_spatial_matcher] I20260518 19:11:59.716976  5394 pairing.cc:631] Processing image [50/186]
2026-05-18T19:12:00 COLMAP[chunk_02_spatial_matcher] I20260518 19:11:59.766085  5394 feature_matching.cc:217] in 0.049s
2026-05-18T19:12:00 COLMAP[chunk_02_spatial_matcher] I20260518 19:11:59.766135  5394 pairing.cc:631] Processing image [51/186]
2026-05-18T19:12:00 COLMAP[chunk_02_spatial_matcher] I20260518 19:11:59.867345  5394 feature_matching.cc:217] in 0.101s
2026-05-18T19:12:00 COLMAP[chunk_02_spatial_matcher] I20260518 19:11:59.867398  5394 pairing.cc:631] Processing image [52/186]
2026-05-18T19:12:01 COLMAP[chunk_02_spatial_matcher] I20260518 19:12:00.349262  5394 feature_matching.cc:217] in 0.482s
2026-05-18T19:12:01 COLMAP[chunk_02_spatial_matcher] I20260518 19:12:00.349318  5394 pairing.cc:631] Processing image [53/186]
2026-05-18T19:12:01 COLMAP[chunk_02_spatial_matcher] I20260518 19:12:00.443310  5394 feature_matching.cc:217] in 0.094s
2026-05-18T19:12:01 COLMAP[chunk_02_spatial_matcher] I20260518 19:12:00.443367  5394 pairing.cc:631] Processing image [54/186]
2026-05-18T19:12:01 COLMAP[chunk_02_spatial_matcher] I20260518 19:12:00.513732  5394 feature_matching.cc:217] in 0.070s
2026-05-18T19:12:01 COLMAP[chunk_02_spatial_matcher] I20260518 19:12:00.513787  5394 pairing.cc:631] Processing image [55/186]
2026-05-18T19:12:01 COLMAP[chunk_02_spatial_matcher] I20260518 19:12:00.574072  5394 feature_matching.cc:217] in 0.060s
2026-05-18T19:12:01 COLMAP[chunk_02_spatial_matcher] I20260518 19:12:00.574127  5394 pairing.cc:631] Processing image [56/186]
2026-05-18T19:12:02 COLMAP[chunk_02_spatial_matcher] I20260518 19:12:01.103477  5394 feature_matching.cc:217] in 0.529s
2026-05-18T19:12:02 COLMAP[chunk_02_spatial_matcher] I20260518 19:12:01.103528  5394 pairing.cc:631] Processing image [57/186]
2026-05-18T19:12:02 COLMAP[chunk_02_spatial_matcher] I20260518 19:12:01.749338  5394 feature_matching.cc:217] in 0.646s
2026-05-18T19:12:02 COLMAP[chunk_02_spatial_matcher] I20260518 19:12:01.749389  5394 pairing.cc:631] Processing image [58/186]
2026-05-18T19:12:03 COLMAP[chunk_02_spatial_matcher] I20260518 19:12:02.343894  5394 feature_matching.cc:217] in 0.595s
2026-05-18T19:12:03 COLMAP[chunk_02_spatial_matcher] I20260518 19:12:02.343947  5394 pairing.cc:631] Processing image [59/186]
2026-05-18T19:12:03 COLMAP[chunk_02_spatial_matcher] I20260518 19:12:02.942858  5394 feature_matching.cc:217] in 0.599s
2026-05-18T19:12:03 COLMAP[chunk_02_spatial_matcher] I20260518 19:12:02.942907  5394 pairing.cc:631] Processing image [60/186]
2026-05-18T19:12:04 COLMAP[chunk_02_spatial_matcher] I20260518 19:12:03.485137  5394 feature_matching.cc:217] in 0.542s
2026-05-18T19:12:04 COLMAP[chunk_02_spatial_matcher] I20260518 19:12:03.485189  5394 pairing.cc:631] Processing image [61/186]
2026-05-18T19:12:04 COLMAP[chunk_02_spatial_matcher] I20260518 19:12:03.774380  5394 feature_matching.cc:217] in 0.289s
2026-05-18T19:12:04 COLMAP[chunk_02_spatial_matcher] I20260518 19:12:03.774427  5394 pairing.cc:631] Processing image [62/186]
2026-05-18T19:12:04 COLMAP[chunk_02_spatial_matcher] I20260518 19:12:03.978572  5394 feature_matching.cc:217] in 0.204s
2026-05-18T19:12:04 COLMAP[chunk_02_spatial_matcher] I20260518 19:12:03.978621  5394 pairing.cc:631] Processing image [63/186]
2026-05-18T19:12:05 COLMAP[chunk_02_spatial_matcher] I20260518 19:12:04.219614  5394 feature_matching.cc:217] in 0.241s
2026-05-18T19:12:05 COLMAP[chunk_02_spatial_matcher] I20260518 19:12:04.219666  5394 pairing.cc:631] Processing image [64/186]
2026-05-18T19:12:05 COLMAP[chunk_02_spatial_matcher] I20260518 19:12:04.425150  5394 feature_matching.cc:217] in 0.206s
2026-05-18T19:12:05 COLMAP[chunk_02_spatial_matcher] I20260518 19:12:04.425199  5394 pairing.cc:631] Processing image [65/186]
2026-05-18T19:12:05 COLMAP[chunk_02_spatial_matcher] I20260518 19:12:04.720413  5394 feature_matching.cc:217] in 0.295s
2026-05-18T19:12:05 COLMAP[chunk_02_spatial_matcher] I20260518 19:12:04.720466  5394 pairing.cc:631] Processing image [66/186]
2026-05-18T19:12:05 COLMAP[chunk_02_spatial_matcher] I20260518 19:12:04.954843  5394 feature_matching.cc:217] in 0.234s
2026-05-18T19:12:05 COLMAP[chunk_02_spatial_matcher] I20260518 19:12:04.954891  5394 pairing.cc:631] Processing image [67/186]
2026-05-18T19:12:06 COLMAP[chunk_02_spatial_matcher] I20260518 19:12:05.166592  5394 feature_matching.cc:217] in 0.212s
2026-05-18T19:12:06 COLMAP[chunk_02_spatial_matcher] I20260518 19:12:05.166644  5394 pairing.cc:631] Processing image [68/186]
2026-05-18T19:12:06 COLMAP[chunk_02_spatial_matcher] I20260518 19:12:05.268579  5394 feature_matching.cc:217] in 0.102s
2026-05-18T19:12:06 COLMAP[chunk_02_spatial_matcher] I20260518 19:12:05.268635  5394 pairing.cc:631] Processing image [69/186]
2026-05-18T19:12:06 COLMAP[chunk_02_spatial_matcher] I20260518 19:12:05.395829  5394 feature_matching.cc:217] in 0.127s
2026-05-18T19:12:06 COLMAP[chunk_02_spatial_matcher] I20260518 19:12:05.395876  5394 pairing.cc:631] Processing image [70/186]
2026-05-18T19:12:06 COLMAP[chunk_02_spatial_matcher] I20260518 19:12:05.533797  5394 feature_matching.cc:217] in 0.138s
2026-05-18T19:12:06 COLMAP[chunk_02_spatial_matcher] I20260518 19:12:05.533849  5394 pairing.cc:631] Processing image [71/186]
2026-05-18T19:12:06 COLMAP[chunk_02_spatial_matcher] I20260518 19:12:05.736317  5394 feature_matching.cc:217] in 0.203s
2026-05-18T19:12:06 COLMAP[chunk_02_spatial_matcher] I20260518 19:12:05.736373  5394 pairing.cc:631] Processing image [72/186]
2026-05-18T19:12:06 COLMAP[chunk_02_spatial_matcher] I20260518 19:12:05.812664  5394 feature_matching.cc:217] in 0.076s
2026-05-18T19:12:06 COLMAP[chunk_02_spatial_matcher] I20260518 19:12:05.812711  5394 pairing.cc:631] Processing image [73/186]
2026-05-18T19:12:06 COLMAP[chunk_02_spatial_matcher] I20260518 19:12:05.897619  5394 feature_matching.cc:217] in 0.085s
2026-05-18T19:12:06 COLMAP[chunk_02_spatial_matcher] I20260518 19:12:05.897671  5394 pairing.cc:631] Processing image [74/186]
2026-05-18T19:12:07 COLMAP[chunk_02_spatial_matcher] I20260518 19:12:06.045162  5394 feature_matching.cc:217] in 0.148s
2026-05-18T19:12:07 COLMAP[chunk_02_spatial_matcher] I20260518 19:12:06.045217  5394 pairing.cc:631] Processing image [75/186]
2026-05-18T19:12:07 COLMAP[chunk_02_spatial_matcher] I20260518 19:12:06.218066  5394 feature_matching.cc:217] in 0.173s
2026-05-18T19:12:07 COLMAP[chunk_02_spatial_matcher] I20260518 19:12:06.218119  5394 pairing.cc:631] Processing image [76/186]
2026-05-18T19:12:07 COLMAP[chunk_02_spatial_matcher] I20260518 19:12:06.332860  5394 feature_matching.cc:217] in 0.115s
2026-05-18T19:12:07 COLMAP[chunk_02_spatial_matcher] I20260518 19:12:06.332914  5394 pairing.cc:631] Processing image [77/186]
2026-05-18T19:12:07 COLMAP[chunk_02_spatial_matcher] I20260518 19:12:06.555980  5394 feature_matching.cc:217] in 0.223s
2026-05-18T19:12:07 COLMAP[chunk_02_spatial_matcher] I20260518 19:12:06.556035  5394 pairing.cc:631] Processing image [78/186]
2026-05-18T19:12:07 COLMAP[chunk_02_spatial_matcher] I20260518 19:12:06.813194  5394 feature_matching.cc:217] in 0.257s
2026-05-18T19:12:07 COLMAP[chunk_02_spatial_matcher] I20260518 19:12:06.813239  5394 pairing.cc:631] Processing image [79/186]
2026-05-18T19:12:08 COLMAP[chunk_02_spatial_matcher] I20260518 19:12:07.047626  5394 feature_matching.cc:217] in 0.234s
2026-05-18T19:12:08 COLMAP[chunk_02_spatial_matcher] I20260518 19:12:07.047683  5394 pairing.cc:631] Processing image [80/186]
2026-05-18T19:12:08 COLMAP[chunk_02_spatial_matcher] I20260518 19:12:07.235988  5394 feature_matching.cc:217] in 0.188s
2026-05-18T19:12:08 COLMAP[chunk_02_spatial_matcher] I20260518 19:12:07.236044  5394 pairing.cc:631] Processing image [81/186]
2026-05-18T19:12:08 COLMAP[chunk_02_spatial_matcher] I20260518 19:12:07.551169  5394 feature_matching.cc:217] in 0.315s
2026-05-18T19:12:08 COLMAP[chunk_02_spatial_matcher] I20260518 19:12:07.551222  5394 pairing.cc:631] Processing image [82/186]
2026-05-18T19:12:08 COLMAP[chunk_02_spatial_matcher] I20260518 19:12:07.637527  5394 feature_matching.cc:217] in 0.086s
2026-05-18T19:12:08 COLMAP[chunk_02_spatial_matcher] I20260518 19:12:07.637581  5394 pairing.cc:631] Processing image [83/186]
2026-05-18T19:12:09 COLMAP[chunk_02_spatial_matcher] I20260518 19:12:08.368479  5394 feature_matching.cc:217] in 0.731s
2026-05-18T19:12:09 COLMAP[chunk_02_spatial_matcher] I20260518 19:12:08.368533  5394 pairing.cc:631] Processing image [84/186]
2026-05-18T19:12:09 COLMAP[chunk_02_spatial_matcher] I20260518 19:12:08.970561  5394 feature_matching.cc:217] in 0.602s
2026-05-18T19:12:09 COLMAP[chunk_02_spatial_matcher] I20260518 19:12:08.970609  5394 pairing.cc:631] Processing image [85/186]
2026-05-18T19:12:10 COLMAP[chunk_02_spatial_matcher] I20260518 19:12:09.596832  5394 feature_matching.cc:217] in 0.626s
2026-05-18T19:12:10 COLMAP[chunk_02_spatial_matcher] I20260518 19:12:09.596885  5394 pairing.cc:631] Processing image [86/186]
2026-05-18T19:12:11 COLMAP[chunk_02_spatial_matcher] I20260518 19:12:10.253430  5394 feature_matching.cc:217] in 0.657s
2026-05-18T19:12:11 COLMAP[chunk_02_spatial_matcher] I20260518 19:12:10.253484  5394 pairing.cc:631] Processing image [87/186]
2026-05-18T19:12:11 COLMAP[chunk_02_spatial_matcher] I20260518 19:12:10.874552  5394 feature_matching.cc:217] in 0.621s
2026-05-18T19:12:11 COLMAP[chunk_02_spatial_matcher] I20260518 19:12:10.874601  5394 pairing.cc:631] Processing image [88/186]
2026-05-18T19:12:12 COLMAP[chunk_02_spatial_matcher] I20260518 19:12:11.646418  5394 feature_matching.cc:217] in 0.772s
2026-05-18T19:12:12 COLMAP[chunk_02_spatial_matcher] I20260518 19:12:11.646473  5394 pairing.cc:631] Processing image [89/186]
2026-05-18T19:12:13 COLMAP[chunk_02_spatial_matcher] I20260518 19:12:12.610965  5394 feature_matching.cc:217] in 0.965s
2026-05-18T19:12:13 COLMAP[chunk_02_spatial_matcher] I20260518 19:12:12.611021  5394 pairing.cc:631] Processing image [90/186]
2026-05-18T19:12:14 COLMAP[chunk_02_spatial_matcher] I20260518 19:12:13.324757  5394 feature_matching.cc:217] in 0.714s
2026-05-18T19:12:14 COLMAP[chunk_02_spatial_matcher] I20260518 19:12:13.324811  5394 pairing.cc:631] Processing image [91/186]
2026-05-18T19:12:14 COLMAP[chunk_02_spatial_matcher] I20260518 19:12:13.596997  5394 feature_matching.cc:217] in 0.272s
2026-05-18T19:12:14 COLMAP[chunk_02_spatial_matcher] I20260518 19:12:13.597048  5394 pairing.cc:631] Processing image [92/186]
2026-05-18T19:12:15 COLMAP[chunk_02_spatial_matcher] I20260518 19:12:14.042510  5394 feature_matching.cc:217] in 0.445s
2026-05-18T19:12:15 COLMAP[chunk_02_spatial_matcher] I20260518 19:12:14.042562  5394 pairing.cc:631] Processing image [93/186]
2026-05-18T19:12:15 COLMAP[chunk_02_spatial_matcher] I20260518 19:12:14.169597  5394 feature_matching.cc:217] in 0.127s
2026-05-18T19:12:15 COLMAP[chunk_02_spatial_matcher] I20260518 19:12:14.169651  5394 pairing.cc:631] Processing image [94/186]
2026-05-18T19:12:15 COLMAP[chunk_02_spatial_matcher] I20260518 19:12:14.279292  5394 feature_matching.cc:217] in 0.110s
2026-05-18T19:12:15 COLMAP[chunk_02_spatial_matcher] I20260518 19:12:14.279349  5394 pairing.cc:631] Processing image [95/186]
2026-05-18T19:12:15 COLMAP[chunk_02_spatial_matcher] I20260518 19:12:14.279475  5394 feature_matching.cc:217] in 0.000s
2026-05-18T19:12:15 COLMAP[chunk_02_spatial_matcher] I20260518 19:12:14.279492  5394 pairing.cc:631] Processing image [96/186]
2026-05-18T19:12:15 COLMAP[chunk_02_spatial_matcher] I20260518 19:12:14.623991  5394 feature_matching.cc:217] in 0.345s
2026-05-18T19:12:15 COLMAP[chunk_02_spatial_matcher] I20260518 19:12:14.624043  5394 pairing.cc:631] Processing image [97/186]
2026-05-18T19:12:15 COLMAP[chunk_02_spatial_matcher] I20260518 19:12:14.821717  5394 feature_matching.cc:217] in 0.198s
2026-05-18T19:12:15 COLMAP[chunk_02_spatial_matcher] I20260518 19:12:14.821767  5394 pairing.cc:631] Processing image [98/186]
2026-05-18T19:12:15 COLMAP[chunk_02_spatial_matcher] I20260518 19:12:15.018573  5394 feature_matching.cc:217] in 0.197s
2026-05-18T19:12:15 COLMAP[chunk_02_spatial_matcher] I20260518 19:12:15.018628  5394 pairing.cc:631] Processing image [99/186]
2026-05-18T19:12:16 COLMAP[chunk_02_spatial_matcher] I20260518 19:12:15.191588  5394 feature_matching.cc:217] in 0.173s
2026-05-18T19:12:16 COLMAP[chunk_02_spatial_matcher] I20260518 19:12:15.191646  5394 pairing.cc:631] Processing image [100/186]
2026-05-18T19:12:16 COLMAP[chunk_02_spatial_matcher] I20260518 19:12:15.355423  5394 feature_matching.cc:217] in 0.164s
2026-05-18T19:12:16 COLMAP[chunk_02_spatial_matcher] I20260518 19:12:15.355479  5394 pairing.cc:631] Processing image [101/186]
2026-05-18T19:12:16 COLMAP[chunk_02_spatial_matcher] I20260518 19:12:16.019517  5394 feature_matching.cc:217] in 0.664s
2026-05-18T19:12:16 COLMAP[chunk_02_spatial_matcher] I20260518 19:12:16.019575  5394 pairing.cc:631] Processing image [102/186]
2026-05-18T19:12:17 COLMAP[chunk_02_spatial_matcher] I20260518 19:12:16.270571  5394 feature_matching.cc:217] in 0.251s
2026-05-18T19:12:17 COLMAP[chunk_02_spatial_matcher] I20260518 19:12:16.270628  5394 pairing.cc:631] Processing image [103/186]
2026-05-18T19:12:17 COLMAP[chunk_02_spatial_matcher] I20260518 19:12:16.422823  5394 feature_matching.cc:217] in 0.152s
2026-05-18T19:12:17 COLMAP[chunk_02_spatial_matcher] I20260518 19:12:16.422878  5394 pairing.cc:631] Processing image [104/186]
2026-05-18T19:12:17 COLMAP[chunk_02_spatial_matcher] I20260518 19:12:16.790257  5394 feature_matching.cc:217] in 0.367s
2026-05-18T19:12:17 COLMAP[chunk_02_spatial_matcher] I20260518 19:12:16.790308  5394 pairing.cc:631] Processing image [105/186]
2026-05-18T19:12:18 COLMAP[chunk_02_spatial_matcher] I20260518 19:12:17.167316  5394 feature_matching.cc:217] in 0.377s
2026-05-18T19:12:18 COLMAP[chunk_02_spatial_matcher] I20260518 19:12:17.167373  5394 pairing.cc:631] Processing image [106/186]
2026-05-18T19:12:18 COLMAP[chunk_02_spatial_matcher] I20260518 19:12:17.286509  5394 feature_matching.cc:217] in 0.119s
2026-05-18T19:12:18 COLMAP[chunk_02_spatial_matcher] I20260518 19:12:17.286564  5394 pairing.cc:631] Processing image [107/186]
2026-05-18T19:12:18 COLMAP[chunk_02_spatial_matcher] I20260518 19:12:17.697355  5394 feature_matching.cc:217] in 0.411s
2026-05-18T19:12:18 COLMAP[chunk_02_spatial_matcher] I20260518 19:12:17.697410  5394 pairing.cc:631] Processing image [108/186]
2026-05-18T19:12:18 COLMAP[chunk_02_spatial_matcher] I20260518 19:12:17.851676  5394 feature_matching.cc:217] in 0.154s
2026-05-18T19:12:18 COLMAP[chunk_02_spatial_matcher] I20260518 19:12:17.851723  5394 pairing.cc:631] Processing image [109/186]
2026-05-18T19:12:18 COLMAP[chunk_02_spatial_matcher] I20260518 19:12:17.933034  5394 feature_matching.cc:217] in 0.081s
2026-05-18T19:12:18 COLMAP[chunk_02_spatial_matcher] I20260518 19:12:17.933079  5394 pairing.cc:631] Processing image [110/186]
2026-05-18T19:12:18 COLMAP[chunk_02_spatial_matcher] I20260518 19:12:17.992961  5394 feature_matching.cc:217] in 0.060s
2026-05-18T19:12:18 COLMAP[chunk_02_spatial_matcher] I20260518 19:12:17.993002  5394 pairing.cc:631] Processing image [111/186]
2026-05-18T19:12:19 COLMAP[chunk_02_spatial_matcher] I20260518 19:12:18.374819  5394 feature_matching.cc:217] in 0.382s
2026-05-18T19:12:19 COLMAP[chunk_02_spatial_matcher] I20260518 19:12:18.374873  5394 pairing.cc:631] Processing image [112/186]
2026-05-18T19:12:21 COLMAP[chunk_02_spatial_matcher] I20260518 19:12:20.048707  5394 feature_matching.cc:217] in 1.674s
2026-05-18T19:12:21 COLMAP[chunk_02_spatial_matcher] I20260518 19:12:20.048766  5394 pairing.cc:631] Processing image [113/186]
2026-05-18T19:12:22 COLMAP[chunk_02_spatial_matcher] I20260518 19:12:21.567628  5394 feature_matching.cc:217] in 1.519s
2026-05-18T19:12:22 COLMAP[chunk_02_spatial_matcher] I20260518 19:12:21.567682  5394 pairing.cc:631] Processing image [114/186]
2026-05-18T19:12:23 COLMAP[chunk_02_spatial_matcher] I20260518 19:12:22.746551  5394 feature_matching.cc:217] in 1.179s
2026-05-18T19:12:23 COLMAP[chunk_02_spatial_matcher] I20260518 19:12:22.746604  5394 pairing.cc:631] Processing image [115/186]
2026-05-18T19:12:24 COLMAP[chunk_02_spatial_matcher] I20260518 19:12:23.825726  5394 feature_matching.cc:217] in 1.079s
2026-05-18T19:12:24 COLMAP[chunk_02_spatial_matcher] I20260518 19:12:23.825776  5394 pairing.cc:631] Processing image [116/186]
2026-05-18T19:12:24 COLMAP[chunk_02_spatial_matcher] I20260518 19:12:23.933792  5394 feature_matching.cc:217] in 0.108s
2026-05-18T19:12:24 COLMAP[chunk_02_spatial_matcher] I20260518 19:12:23.933843  5394 pairing.cc:631] Processing image [117/186]
2026-05-18T19:12:24 COLMAP[chunk_02_spatial_matcher] I20260518 19:12:24.019870  5394 feature_matching.cc:217] in 0.086s
2026-05-18T19:12:24 COLMAP[chunk_02_spatial_matcher] I20260518 19:12:24.019917  5394 pairing.cc:631] Processing image [118/186]
2026-05-18T19:12:25 COLMAP[chunk_02_spatial_matcher] I20260518 19:12:24.465276  5394 feature_matching.cc:217] in 0.445s
2026-05-18T19:12:25 COLMAP[chunk_02_spatial_matcher] I20260518 19:12:24.465332  5394 pairing.cc:631] Processing image [119/186]
2026-05-18T19:12:25 COLMAP[chunk_02_spatial_matcher] I20260518 19:12:25.020044  5394 feature_matching.cc:217] in 0.555s
2026-05-18T19:12:25 COLMAP[chunk_02_spatial_matcher] I20260518 19:12:25.020094  5394 pairing.cc:631] Processing image [120/186]
2026-05-18T19:12:26 COLMAP[chunk_02_spatial_matcher] I20260518 19:12:25.576223  5394 feature_matching.cc:217] in 0.556s
2026-05-18T19:12:26 COLMAP[chunk_02_spatial_matcher] I20260518 19:12:25.576280  5394 pairing.cc:631] Processing image [121/186]
2026-05-18T19:12:27 COLMAP[chunk_02_spatial_matcher] I20260518 19:12:26.385579  5394 feature_matching.cc:217] in 0.809s
2026-05-18T19:12:27 COLMAP[chunk_02_spatial_matcher] I20260518 19:12:26.385633  5394 pairing.cc:631] Processing image [122/186]
2026-05-18T19:12:28 COLMAP[chunk_02_spatial_matcher] I20260518 19:12:27.455117  5394 feature_matching.cc:217] in 1.070s
2026-05-18T19:12:28 COLMAP[chunk_02_spatial_matcher] I20260518 19:12:27.455174  5394 pairing.cc:631] Processing image [123/186]
2026-05-18T19:12:29 COLMAP[chunk_02_spatial_matcher] I20260518 19:12:28.221355  5394 feature_matching.cc:217] in 0.766s
2026-05-18T19:12:29 COLMAP[chunk_02_spatial_matcher] I20260518 19:12:28.221410  5394 pairing.cc:631] Processing image [124/186]
2026-05-18T19:12:29 COLMAP[chunk_02_spatial_matcher] I20260518 19:12:28.390163  5394 feature_matching.cc:217] in 0.169s
2026-05-18T19:12:29 COLMAP[chunk_02_spatial_matcher] I20260518 19:12:28.390219  5394 pairing.cc:631] Processing image [125/186]
2026-05-18T19:12:29 COLMAP[chunk_02_spatial_matcher] I20260518 19:12:28.623670  5394 feature_matching.cc:217] in 0.233s
2026-05-18T19:12:29 COLMAP[chunk_02_spatial_matcher] I20260518 19:12:28.623728  5394 pairing.cc:631] Processing image [126/186]
2026-05-18T19:12:29 COLMAP[chunk_02_spatial_matcher] I20260518 19:12:28.747967  5394 feature_matching.cc:217] in 0.124s
2026-05-18T19:12:29 COLMAP[chunk_02_spatial_matcher] I20260518 19:12:28.748023  5394 pairing.cc:631] Processing image [127/186]
2026-05-18T19:12:29 COLMAP[chunk_02_spatial_matcher] I20260518 19:12:28.848713  5394 feature_matching.cc:217] in 0.101s
2026-05-18T19:12:29 COLMAP[chunk_02_spatial_matcher] I20260518 19:12:28.848768  5394 pairing.cc:631] Processing image [128/186]
2026-05-18T19:12:29 COLMAP[chunk_02_spatial_matcher] I20260518 19:12:28.930467  5394 feature_matching.cc:217] in 0.082s
2026-05-18T19:12:29 COLMAP[chunk_02_spatial_matcher] I20260518 19:12:28.930522  5394 pairing.cc:631] Processing image [129/186]
2026-05-18T19:12:29 COLMAP[chunk_02_spatial_matcher] I20260518 19:12:29.002735  5394 feature_matching.cc:217] in 0.072s
2026-05-18T19:12:29 COLMAP[chunk_02_spatial_matcher] I20260518 19:12:29.002789  5394 pairing.cc:631] Processing image [130/186]
2026-05-18T19:12:30 COLMAP[chunk_02_spatial_matcher] I20260518 19:12:29.726603  5394 feature_matching.cc:217] in 0.724s
2026-05-18T19:12:30 COLMAP[chunk_02_spatial_matcher] I20260518 19:12:29.726660  5394 pairing.cc:631] Processing image [131/186]
2026-05-18T19:12:31 COLMAP[chunk_02_spatial_matcher] I20260518 19:12:30.262673  5394 feature_matching.cc:217] in 0.536s
2026-05-18T19:12:31 COLMAP[chunk_02_spatial_matcher] I20260518 19:12:30.262724  5394 pairing.cc:631] Processing image [132/186]
2026-05-18T19:12:31 COLMAP[chunk_02_spatial_matcher] I20260518 19:12:30.927515  5394 feature_matching.cc:217] in 0.665s
2026-05-18T19:12:31 COLMAP[chunk_02_spatial_matcher] I20260518 19:12:30.927570  5394 pairing.cc:631] Processing image [133/186]
2026-05-18T19:12:32 COLMAP[chunk_02_spatial_matcher] I20260518 19:12:31.719835  5394 feature_matching.cc:217] in 0.792s
2026-05-18T19:12:32 COLMAP[chunk_02_spatial_matcher] I20260518 19:12:31.719885  5394 pairing.cc:631] Processing image [134/186]
2026-05-18T19:12:33 COLMAP[chunk_02_spatial_matcher] I20260518 19:12:32.416328  5394 feature_matching.cc:217] in 0.696s
2026-05-18T19:12:33 COLMAP[chunk_02_spatial_matcher] I20260518 19:12:32.416386  5394 pairing.cc:631] Processing image [135/186]
2026-05-18T19:12:33 COLMAP[chunk_02_spatial_matcher] I20260518 19:12:32.904330  5394 feature_matching.cc:217] in 0.488s
2026-05-18T19:12:33 COLMAP[chunk_02_spatial_matcher] I20260518 19:12:32.904379  5394 pairing.cc:631] Processing image [136/186]
2026-05-18T19:12:34 COLMAP[chunk_02_spatial_matcher] I20260518 19:12:33.159534  5394 feature_matching.cc:217] in 0.255s
2026-05-18T19:12:34 COLMAP[chunk_02_spatial_matcher] I20260518 19:12:33.159582  5394 pairing.cc:631] Processing image [137/186]
2026-05-18T19:12:34 COLMAP[chunk_02_spatial_matcher] I20260518 19:12:33.401626  5394 feature_matching.cc:217] in 0.242s
2026-05-18T19:12:34 COLMAP[chunk_02_spatial_matcher] I20260518 19:12:33.401701  5394 pairing.cc:631] Processing image [138/186]
2026-05-18T19:12:34 COLMAP[chunk_02_spatial_matcher] I20260518 19:12:33.793887  5394 feature_matching.cc:217] in 0.392s
2026-05-18T19:12:34 COLMAP[chunk_02_spatial_matcher] I20260518 19:12:33.793941  5394 pairing.cc:631] Processing image [139/186]
2026-05-18T19:12:34 COLMAP[chunk_02_spatial_matcher] I20260518 19:12:34.017508  5394 feature_matching.cc:217] in 0.224s
2026-05-18T19:12:34 COLMAP[chunk_02_spatial_matcher] I20260518 19:12:34.017561  5394 pairing.cc:631] Processing image [140/186]
2026-05-18T19:12:35 COLMAP[chunk_02_spatial_matcher] I20260518 19:12:34.227025  5394 feature_matching.cc:217] in 0.209s
2026-05-18T19:12:35 COLMAP[chunk_02_spatial_matcher] I20260518 19:12:34.227078  5394 pairing.cc:631] Processing image [141/186]
2026-05-18T19:12:35 COLMAP[chunk_02_spatial_matcher] I20260518 19:12:34.413288  5394 feature_matching.cc:217] in 0.186s
2026-05-18T19:12:35 COLMAP[chunk_02_spatial_matcher] I20260518 19:12:34.413368  5394 pairing.cc:631] Processing image [142/186]
2026-05-18T19:12:35 COLMAP[chunk_02_spatial_matcher] I20260518 19:12:34.596839  5394 feature_matching.cc:217] in 0.184s
2026-05-18T19:12:35 COLMAP[chunk_02_spatial_matcher] I20260518 19:12:34.596896  5394 pairing.cc:631] Processing image [143/186]
2026-05-18T19:12:35 COLMAP[chunk_02_spatial_matcher] I20260518 19:12:34.711215  5394 feature_matching.cc:217] in 0.114s
2026-05-18T19:12:35 COLMAP[chunk_02_spatial_matcher] I20260518 19:12:34.711265  5394 pairing.cc:631] Processing image [144/186]
2026-05-18T19:12:35 COLMAP[chunk_02_spatial_matcher] I20260518 19:12:34.818014  5394 feature_matching.cc:217] in 0.107s
2026-05-18T19:12:35 COLMAP[chunk_02_spatial_matcher] I20260518 19:12:34.818071  5394 pairing.cc:631] Processing image [145/186]
2026-05-18T19:12:35 COLMAP[chunk_02_spatial_matcher] I20260518 19:12:34.890069  5394 feature_matching.cc:217] in 0.072s
2026-05-18T19:12:35 COLMAP[chunk_02_spatial_matcher] I20260518 19:12:34.890120  5394 pairing.cc:631] Processing image [146/186]
2026-05-18T19:12:35 COLMAP[chunk_02_spatial_matcher] I20260518 19:12:34.978567  5394 feature_matching.cc:217] in 0.088s
2026-05-18T19:12:35 COLMAP[chunk_02_spatial_matcher] I20260518 19:12:34.978615  5394 pairing.cc:631] Processing image [147/186]
2026-05-18T19:12:36 COLMAP[chunk_02_spatial_matcher] I20260518 19:12:35.056419  5394 feature_matching.cc:217] in 0.078s
2026-05-18T19:12:36 COLMAP[chunk_02_spatial_matcher] I20260518 19:12:35.056468  5394 pairing.cc:631] Processing image [148/186]
2026-05-18T19:12:36 COLMAP[chunk_02_spatial_matcher] I20260518 19:12:35.131582  5394 feature_matching.cc:217] in 0.075s
2026-05-18T19:12:36 COLMAP[chunk_02_spatial_matcher] I20260518 19:12:35.131634  5394 pairing.cc:631] Processing image [149/186]
2026-05-18T19:12:36 COLMAP[chunk_02_spatial_matcher] I20260518 19:12:35.241281  5394 feature_matching.cc:217] in 0.110s
2026-05-18T19:12:36 COLMAP[chunk_02_spatial_matcher] I20260518 19:12:35.241326  5394 pairing.cc:631] Processing image [150/186]
2026-05-18T19:12:36 COLMAP[chunk_02_spatial_matcher] I20260518 19:12:35.369257  5394 feature_matching.cc:217] in 0.128s
2026-05-18T19:12:36 COLMAP[chunk_02_spatial_matcher] I20260518 19:12:35.369311  5394 pairing.cc:631] Processing image [151/186]
2026-05-18T19:12:36 COLMAP[chunk_02_spatial_matcher] I20260518 19:12:35.648527  5394 feature_matching.cc:217] in 0.279s
2026-05-18T19:12:36 COLMAP[chunk_02_spatial_matcher] I20260518 19:12:35.648582  5394 pairing.cc:631] Processing image [152/186]
2026-05-18T19:12:36 COLMAP[chunk_02_spatial_matcher] I20260518 19:12:35.933770  5394 feature_matching.cc:217] in 0.285s
2026-05-18T19:12:36 COLMAP[chunk_02_spatial_matcher] I20260518 19:12:35.933825  5394 pairing.cc:631] Processing image [153/186]
2026-05-18T19:12:37 COLMAP[chunk_02_spatial_matcher] I20260518 19:12:36.084703  5394 feature_matching.cc:217] in 0.151s
2026-05-18T19:12:37 COLMAP[chunk_02_spatial_matcher] I20260518 19:12:36.084755  5394 pairing.cc:631] Processing image [154/186]
2026-05-18T19:12:37 COLMAP[chunk_02_spatial_matcher] I20260518 19:12:36.205577  5394 feature_matching.cc:217] in 0.121s
2026-05-18T19:12:37 COLMAP[chunk_02_spatial_matcher] I20260518 19:12:36.205626  5394 pairing.cc:631] Processing image [155/186]
2026-05-18T19:12:37 COLMAP[chunk_02_spatial_matcher] I20260518 19:12:36.372001  5394 feature_matching.cc:217] in 0.166s
2026-05-18T19:12:37 COLMAP[chunk_02_spatial_matcher] I20260518 19:12:36.372048  5394 pairing.cc:631] Processing image [156/186]
2026-05-18T19:12:37 COLMAP[chunk_02_spatial_matcher] I20260518 19:12:36.539220  5394 feature_matching.cc:217] in 0.167s
2026-05-18T19:12:37 COLMAP[chunk_02_spatial_matcher] I20260518 19:12:36.539275  5394 pairing.cc:631] Processing image [157/186]
2026-05-18T19:12:37 COLMAP[chunk_02_spatial_matcher] I20260518 19:12:36.752202  5394 feature_matching.cc:217] in 0.213s
2026-05-18T19:12:37 COLMAP[chunk_02_spatial_matcher] I20260518 19:12:36.752259  5394 pairing.cc:631] Processing image [158/186]
2026-05-18T19:12:37 COLMAP[chunk_02_spatial_matcher] I20260518 19:12:36.862701  5394 feature_matching.cc:217] in 0.110s
2026-05-18T19:12:37 COLMAP[chunk_02_spatial_matcher] I20260518 19:12:36.862751  5394 pairing.cc:631] Processing image [159/186]
2026-05-18T19:12:37 COLMAP[chunk_02_spatial_matcher] I20260518 19:12:36.969658  5394 feature_matching.cc:217] in 0.107s
2026-05-18T19:12:37 COLMAP[chunk_02_spatial_matcher] I20260518 19:12:36.969724  5394 pairing.cc:631] Processing image [160/186]
2026-05-18T19:12:38 COLMAP[chunk_02_spatial_matcher] I20260518 19:12:37.047514  5394 feature_matching.cc:217] in 0.078s
2026-05-18T19:12:38 COLMAP[chunk_02_spatial_matcher] I20260518 19:12:37.047574  5394 pairing.cc:631] Processing image [161/186]
2026-05-18T19:12:38 COLMAP[chunk_02_spatial_matcher] I20260518 19:12:37.082757  5394 feature_matching.cc:217] in 0.035s
2026-05-18T19:12:38 COLMAP[chunk_02_spatial_matcher] I20260518 19:12:37.082808  5394 pairing.cc:631] Processing image [162/186]
2026-05-18T19:12:38 COLMAP[chunk_02_spatial_matcher] I20260518 19:12:37.171631  5394 feature_matching.cc:217] in 0.089s
2026-05-18T19:12:38 COLMAP[chunk_02_spatial_matcher] I20260518 19:12:37.171682  5394 pairing.cc:631] Processing image [163/186]
2026-05-18T19:12:38 COLMAP[chunk_02_spatial_matcher] I20260518 19:12:37.252844  5394 feature_matching.cc:217] in 0.081s
2026-05-18T19:12:38 COLMAP[chunk_02_spatial_matcher] I20260518 19:12:37.252892  5394 pairing.cc:631] Processing image [164/186]
2026-05-18T19:12:38 COLMAP[chunk_02_spatial_matcher] I20260518 19:12:37.525002  5394 feature_matching.cc:217] in 0.272s
2026-05-18T19:12:38 COLMAP[chunk_02_spatial_matcher] I20260518 19:12:37.525058  5394 pairing.cc:631] Processing image [165/186]
2026-05-18T19:12:38 COLMAP[chunk_02_spatial_matcher] I20260518 19:12:37.866766  5394 feature_matching.cc:217] in 0.342s
2026-05-18T19:12:38 COLMAP[chunk_02_spatial_matcher] I20260518 19:12:37.866820  5394 pairing.cc:631] Processing image [166/186]
2026-05-18T19:12:39 COLMAP[chunk_02_spatial_matcher] I20260518 19:12:38.084695  5394 feature_matching.cc:217] in 0.218s
2026-05-18T19:12:39 COLMAP[chunk_02_spatial_matcher] I20260518 19:12:38.084753  5394 pairing.cc:631] Processing image [167/186]
2026-05-18T19:12:39 COLMAP[chunk_02_spatial_matcher] I20260518 19:12:38.287915  5394 feature_matching.cc:217] in 0.203s
2026-05-18T19:12:39 COLMAP[chunk_02_spatial_matcher] I20260518 19:12:38.287971  5394 pairing.cc:631] Processing image [168/186]
2026-05-18T19:12:39 COLMAP[chunk_02_spatial_matcher] I20260518 19:12:38.492112  5394 feature_matching.cc:217] in 0.204s
2026-05-18T19:12:39 COLMAP[chunk_02_spatial_matcher] I20260518 19:12:38.492168  5394 pairing.cc:631] Processing image [169/186]
2026-05-18T19:12:39 COLMAP[chunk_02_spatial_matcher] I20260518 19:12:38.677127  5394 feature_matching.cc:217] in 0.185s
2026-05-18T19:12:39 COLMAP[chunk_02_spatial_matcher] I20260518 19:12:38.677186  5394 pairing.cc:631] Processing image [170/186]
2026-05-18T19:12:40 COLMAP[chunk_02_spatial_matcher] I20260518 19:12:39.220470  5394 feature_matching.cc:217] in 0.543s
2026-05-18T19:12:40 COLMAP[chunk_02_spatial_matcher] I20260518 19:12:39.220541  5394 pairing.cc:631] Processing image [171/186]
2026-05-18T19:12:40 COLMAP[chunk_02_spatial_matcher] I20260518 19:12:39.425776  5394 feature_matching.cc:217] in 0.205s
2026-05-18T19:12:40 COLMAP[chunk_02_spatial_matcher] I20260518 19:12:39.425830  5394 pairing.cc:631] Processing image [172/186]
2026-05-18T19:12:40 COLMAP[chunk_02_spatial_matcher] I20260518 19:12:39.611023  5394 feature_matching.cc:217] in 0.185s
2026-05-18T19:12:40 COLMAP[chunk_02_spatial_matcher] I20260518 19:12:39.611076  5394 pairing.cc:631] Processing image [173/186]
2026-05-18T19:12:40 COLMAP[chunk_02_spatial_matcher] I20260518 19:12:39.777140  5394 feature_matching.cc:217] in 0.166s
2026-05-18T19:12:40 COLMAP[chunk_02_spatial_matcher] I20260518 19:12:39.777192  5394 pairing.cc:631] Processing image [174/186]
2026-05-18T19:12:40 COLMAP[chunk_02_spatial_matcher] I20260518 19:12:39.907814  5394 feature_matching.cc:217] in 0.131s
2026-05-18T19:12:40 COLMAP[chunk_02_spatial_matcher] I20260518 19:12:39.907868  5394 pairing.cc:631] Processing image [175/186]
2026-05-18T19:12:41 COLMAP[chunk_02_spatial_matcher] I20260518 19:12:40.061635  5394 feature_matching.cc:217] in 0.154s
2026-05-18T19:12:41 COLMAP[chunk_02_spatial_matcher] I20260518 19:12:40.061709  5394 pairing.cc:631] Processing image [176/186]
2026-05-18T19:12:41 COLMAP[chunk_02_spatial_matcher] I20260518 19:12:40.250576  5394 feature_matching.cc:217] in 0.189s
2026-05-18T19:12:41 COLMAP[chunk_02_spatial_matcher] I20260518 19:12:40.250627  5394 pairing.cc:631] Processing image [177/186]
2026-05-18T19:12:41 COLMAP[chunk_02_spatial_matcher] I20260518 19:12:40.446875  5394 feature_matching.cc:217] in 0.196s
2026-05-18T19:12:41 COLMAP[chunk_02_spatial_matcher] I20260518 19:12:40.446930  5394 pairing.cc:631] Processing image [178/186]
2026-05-18T19:12:41 COLMAP[chunk_02_spatial_matcher] I20260518 19:12:40.579393  5394 feature_matching.cc:217] in 0.132s
2026-05-18T19:12:41 COLMAP[chunk_02_spatial_matcher] I20260518 19:12:40.579449  5394 pairing.cc:631] Processing image [179/186]
2026-05-18T19:12:41 COLMAP[chunk_02_spatial_matcher] I20260518 19:12:40.659701  5394 feature_matching.cc:217] in 0.080s
2026-05-18T19:12:41 COLMAP[chunk_02_spatial_matcher] I20260518 19:12:40.659756  5394 pairing.cc:631] Processing image [180/186]
2026-05-18T19:12:41 COLMAP[chunk_02_spatial_matcher] I20260518 19:12:40.754472  5394 feature_matching.cc:217] in 0.095s
2026-05-18T19:12:41 COLMAP[chunk_02_spatial_matcher] I20260518 19:12:40.754528  5394 pairing.cc:631] Processing image [181/186]
2026-05-18T19:12:42 COLMAP[chunk_02_spatial_matcher] I20260518 19:12:41.074393  5394 feature_matching.cc:217] in 0.320s
2026-05-18T19:12:42 COLMAP[chunk_02_spatial_matcher] I20260518 19:12:41.074450  5394 pairing.cc:631] Processing image [182/186]
2026-05-18T19:12:42 COLMAP[chunk_02_spatial_matcher] I20260518 19:12:41.455052  5394 feature_matching.cc:217] in 0.381s
2026-05-18T19:12:42 COLMAP[chunk_02_spatial_matcher] I20260518 19:12:41.455104  5394 pairing.cc:631] Processing image [183/186]
2026-05-18T19:12:42 COLMAP[chunk_02_spatial_matcher] I20260518 19:12:41.509627  5394 feature_matching.cc:217] in 0.055s
2026-05-18T19:12:42 COLMAP[chunk_02_spatial_matcher] I20260518 19:12:41.509678  5394 pairing.cc:631] Processing image [184/186]
2026-05-18T19:12:42 COLMAP[chunk_02_spatial_matcher] I20260518 19:12:41.548666  5394 feature_matching.cc:217] in 0.039s
2026-05-18T19:12:42 COLMAP[chunk_02_spatial_matcher] I20260518 19:12:41.548710  5394 pairing.cc:631] Processing image [185/186]
2026-05-18T19:12:42 COLMAP[chunk_02_spatial_matcher] I20260518 19:12:41.595062  5394 feature_matching.cc:217] in 0.046s
2026-05-18T19:12:42 COLMAP[chunk_02_spatial_matcher] I20260518 19:12:41.595114  5394 pairing.cc:631] Processing image [186/186]
2026-05-18T19:12:42 COLMAP[chunk_02_spatial_matcher] I20260518 19:12:41.798635  5394 feature_matching.cc:217] in 0.204s
2026-05-18T19:12:42 COLMAP[chunk_02_spatial_matcher] I20260518 19:12:41.798684  5394 timer.cc:90] Elapsed time: 0.889 [minutes]
2026-05-18T19:12:42 2026-05-18 19:12:41,881 - INFO - chunk_02_spatial_matcher added 1334 verified image pairs
2026-05-18T19:12:42 2026-05-18 19:12:41,884 - INFO - [chunk_02_sequential_matcher] colmap sequential_matcher --database_path /tmp/colmap_sfm_rcnmny4o/chunk_02/database.db --SequentialMatching.overlap 8 --SequentialMatching.quadratic_overlap 1 --SequentialMatching.loop_detection 0
2026-05-18T19:12:43 COLMAP[chunk_02_sequential_matcher] I20260518 19:12:42.075318  5444 feature_matching.cc:195] === Feature matching & geometric verification ===
2026-05-18T19:12:43 COLMAP[chunk_02_sequential_matcher] I20260518 19:12:42.138129  5445 feature_matching_utils.cc:80] Bind FeatureMatcherWorker to GPU device 0
2026-05-18T19:12:43 COLMAP[chunk_02_sequential_matcher] I20260518 19:12:42.138859  5445 sift.cc:1547] Creating SIFT GPU feature matcher
2026-05-18T19:12:43 COLMAP[chunk_02_sequential_matcher] I20260518 19:12:42.139501  5444 pairing.cc:415] Generating sequential image pairs...
2026-05-18T19:12:43 COLMAP[chunk_02_sequential_matcher] I20260518 19:12:42.142378  5444 pairing.cc:473] Processing image [1/186]
2026-05-18T19:12:44 COLMAP[chunk_02_sequential_matcher] I20260518 19:12:43.176641  5444 feature_matching.cc:217] in 1.034s
2026-05-18T19:12:44 COLMAP[chunk_02_sequential_matcher] I20260518 19:12:43.176697  5444 pairing.cc:473] Processing image [2/186]
2026-05-18T19:12:44 COLMAP[chunk_02_sequential_matcher] I20260518 19:12:43.978046  5444 feature_matching.cc:217] in 0.801s
2026-05-18T19:12:44 COLMAP[chunk_02_sequential_matcher] I20260518 19:12:43.978097  5444 pairing.cc:473] Processing image [3/186]
2026-05-18T19:12:45 COLMAP[chunk_02_sequential_matcher] I20260518 19:12:44.722744  5444 feature_matching.cc:217] in 0.745s
2026-05-18T19:12:45 COLMAP[chunk_02_sequential_matcher] I20260518 19:12:44.722797  5444 pairing.cc:473] Processing image [4/186]
2026-05-18T19:12:46 COLMAP[chunk_02_sequential_matcher] I20260518 19:12:45.253172  5444 feature_matching.cc:217] in 0.530s
2026-05-18T19:12:46 COLMAP[chunk_02_sequential_matcher] I20260518 19:12:45.253227  5444 pairing.cc:473] Processing image [5/186]
2026-05-18T19:12:46 COLMAP[chunk_02_sequential_matcher] I20260518 19:12:45.770321  5444 feature_matching.cc:217] in 0.517s
2026-05-18T19:12:46 COLMAP[chunk_02_sequential_matcher] I20260518 19:12:45.770376  5444 pairing.cc:473] Processing image [6/186]
2026-05-18T19:12:47 COLMAP[chunk_02_sequential_matcher] I20260518 19:12:46.404805  5444 feature_matching.cc:217] in 0.634s
2026-05-18T19:12:47 COLMAP[chunk_02_sequential_matcher] I20260518 19:12:46.404853  5444 pairing.cc:473] Processing image [7/186]
2026-05-18T19:12:47 COLMAP[chunk_02_sequential_matcher] I20260518 19:12:47.007105  5444 feature_matching.cc:217] in 0.602s
2026-05-18T19:12:47 COLMAP[chunk_02_sequential_matcher] I20260518 19:12:47.007156  5444 pairing.cc:473] Processing image [8/186]
2026-05-18T19:12:48 COLMAP[chunk_02_sequential_matcher] I20260518 19:12:47.617015  5444 feature_matching.cc:217] in 0.610s
2026-05-18T19:12:48 COLMAP[chunk_02_sequential_matcher] I20260518 19:12:47.617069  5444 pairing.cc:473] Processing image [9/186]
2026-05-18T19:12:49 COLMAP[chunk_02_sequential_matcher] I20260518 19:12:48.183562  5444 feature_matching.cc:217] in 0.567s
2026-05-18T19:12:49 COLMAP[chunk_02_sequential_matcher] I20260518 19:12:48.183620  5444 pairing.cc:473] Processing image [10/186]
2026-05-18T19:12:49 COLMAP[chunk_02_sequential_matcher] I20260518 19:12:48.615861  5444 feature_matching.cc:217] in 0.432s
2026-05-18T19:12:49 COLMAP[chunk_02_sequential_matcher] I20260518 19:12:48.615916  5444 pairing.cc:473] Processing image [11/186]
2026-05-18T19:12:50 COLMAP[chunk_02_sequential_matcher] I20260518 19:12:49.049927  5444 feature_matching.cc:217] in 0.434s
2026-05-18T19:12:50 COLMAP[chunk_02_sequential_matcher] I20260518 19:12:49.049981  5444 pairing.cc:473] Processing image [12/186]
2026-05-18T19:12:50 COLMAP[chunk_02_sequential_matcher] I20260518 19:12:49.712574  5444 feature_matching.cc:217] in 0.663s
2026-05-18T19:12:50 COLMAP[chunk_02_sequential_matcher] I20260518 19:12:49.712620  5444 pairing.cc:473] Processing image [13/186]
2026-05-18T19:12:51 COLMAP[chunk_02_sequential_matcher] I20260518 19:12:50.796026  5444 feature_matching.cc:217] in 1.083s
2026-05-18T19:12:51 COLMAP[chunk_02_sequential_matcher] I20260518 19:12:50.796083  5444 pairing.cc:473] Processing image [14/186]
2026-05-18T19:12:52 COLMAP[chunk_02_sequential_matcher] I20260518 19:12:51.640787  5444 feature_matching.cc:217] in 0.845s
2026-05-18T19:12:52 COLMAP[chunk_02_sequential_matcher] I20260518 19:12:51.640847  5444 pairing.cc:473] Processing image [15/186]
2026-05-18T19:12:53 COLMAP[chunk_02_sequential_matcher] I20260518 19:12:52.341648  5444 feature_matching.cc:217] in 0.701s
2026-05-18T19:12:53 COLMAP[chunk_02_sequential_matcher] I20260518 19:12:52.341722  5444 pairing.cc:473] Processing image [16/186]
2026-05-18T19:12:54 COLMAP[chunk_02_sequential_matcher] I20260518 19:12:53.145485  5444 feature_matching.cc:217] in 0.804s
2026-05-18T19:12:54 COLMAP[chunk_02_sequential_matcher] I20260518 19:12:53.145537  5444 pairing.cc:473] Processing image [17/186]
2026-05-18T19:12:55 COLMAP[chunk_02_sequential_matcher] I20260518 19:12:54.062777  5444 feature_matching.cc:217] in 0.917s
2026-05-18T19:12:55 COLMAP[chunk_02_sequential_matcher] I20260518 19:12:54.062834  5444 pairing.cc:473] Processing image [18/186]
2026-05-18T19:12:55 COLMAP[chunk_02_sequential_matcher] I20260518 19:12:54.709446  5444 feature_matching.cc:217] in 0.647s
2026-05-18T19:12:55 COLMAP[chunk_02_sequential_matcher] I20260518 19:12:54.709496  5444 pairing.cc:473] Processing image [19/186]
2026-05-18T19:12:56 COLMAP[chunk_02_sequential_matcher] I20260518 19:12:55.609460  5444 feature_matching.cc:217] in 0.900s
2026-05-18T19:12:56 COLMAP[chunk_02_sequential_matcher] I20260518 19:12:55.609511  5444 pairing.cc:473] Processing image [20/186]
2026-05-18T19:12:57 COLMAP[chunk_02_sequential_matcher] I20260518 19:12:56.559338  5444 feature_matching.cc:217] in 0.950s
2026-05-18T19:12:57 COLMAP[chunk_02_sequential_matcher] I20260518 19:12:56.559394  5444 pairing.cc:473] Processing image [21/186]
2026-05-18T19:12:58 COLMAP[chunk_02_sequential_matcher] I20260518 19:12:57.339871  5444 feature_matching.cc:217] in 0.781s
2026-05-18T19:12:58 COLMAP[chunk_02_sequential_matcher] I20260518 19:12:57.339927  5444 pairing.cc:473] Processing image [22/186]
2026-05-18T19:12:59 COLMAP[chunk_02_sequential_matcher] I20260518 19:12:58.401968  5444 feature_matching.cc:217] in 1.062s
2026-05-18T19:12:59 COLMAP[chunk_02_sequential_matcher] I20260518 19:12:58.402024  5444 pairing.cc:473] Processing image [23/186]
2026-05-18T19:13:00 COLMAP[chunk_02_sequential_matcher] I20260518 19:12:59.499918  5444 feature_matching.cc:217] in 1.098s
2026-05-18T19:13:00 COLMAP[chunk_02_sequential_matcher] I20260518 19:12:59.499966  5444 pairing.cc:473] Processing image [24/186]
2026-05-18T19:13:00 COLMAP[chunk_02_sequential_matcher] I20260518 19:12:59.985497  5444 feature_matching.cc:217] in 0.486s
2026-05-18T19:13:00 COLMAP[chunk_02_sequential_matcher] I20260518 19:12:59.985550  5444 pairing.cc:473] Processing image [25/186]
2026-05-18T19:13:01 COLMAP[chunk_02_sequential_matcher] I20260518 19:13:00.518877  5444 feature_matching.cc:217] in 0.533s
2026-05-18T19:13:01 COLMAP[chunk_02_sequential_matcher] I20260518 19:13:00.518929  5444 pairing.cc:473] Processing image [26/186]
2026-05-18T19:13:02 COLMAP[chunk_02_sequential_matcher] I20260518 19:13:01.067577  5444 feature_matching.cc:217] in 0.549s
2026-05-18T19:13:02 COLMAP[chunk_02_sequential_matcher] I20260518 19:13:01.067632  5444 pairing.cc:473] Processing image [27/186]
2026-05-18T19:13:02 COLMAP[chunk_02_sequential_matcher] I20260518 19:13:01.924013  5444 feature_matching.cc:217] in 0.856s
2026-05-18T19:13:02 COLMAP[chunk_02_sequential_matcher] I20260518 19:13:01.924070  5444 pairing.cc:473] Processing image [28/186]
2026-05-18T19:13:03 COLMAP[chunk_02_sequential_matcher] I20260518 19:13:02.504129  5444 feature_matching.cc:217] in 0.580s
2026-05-18T19:13:03 COLMAP[chunk_02_sequential_matcher] I20260518 19:13:02.504186  5444 pairing.cc:473] Processing image [29/186]
2026-05-18T19:13:03 COLMAP[chunk_02_sequential_matcher] I20260518 19:13:02.997284  5444 feature_matching.cc:217] in 0.493s
2026-05-18T19:13:03 COLMAP[chunk_02_sequential_matcher] I20260518 19:13:02.997339  5444 pairing.cc:473] Processing image [30/186]
2026-05-18T19:13:04 COLMAP[chunk_02_sequential_matcher] I20260518 19:13:03.425225  5444 feature_matching.cc:217] in 0.428s
2026-05-18T19:13:04 COLMAP[chunk_02_sequential_matcher] I20260518 19:13:03.425282  5444 pairing.cc:473] Processing image [31/186]
2026-05-18T19:13:04 COLMAP[chunk_02_sequential_matcher] I20260518 19:13:03.974334  5444 feature_matching.cc:217] in 0.549s
2026-05-18T19:13:04 COLMAP[chunk_02_sequential_matcher] I20260518 19:13:03.974395  5444 pairing.cc:473] Processing image [32/186]
2026-05-18T19:13:05 COLMAP[chunk_02_sequential_matcher] I20260518 19:13:04.542696  5444 feature_matching.cc:217] in 0.568s
2026-05-18T19:13:05 COLMAP[chunk_02_sequential_matcher] I20260518 19:13:04.542752  5444 pairing.cc:473] Processing image [33/186]
2026-05-18T19:13:05 COLMAP[chunk_02_sequential_matcher] I20260518 19:13:05.010552  5444 feature_matching.cc:217] in 0.468s
2026-05-18T19:13:05 COLMAP[chunk_02_sequential_matcher] I20260518 19:13:05.010605  5444 pairing.cc:473] Processing image [34/186]
2026-05-18T19:13:06 COLMAP[chunk_02_sequential_matcher] I20260518 19:13:05.401648  5444 feature_matching.cc:217] in 0.391s
2026-05-18T19:13:06 COLMAP[chunk_02_sequential_matcher] I20260518 19:13:05.401732  5444 pairing.cc:473] Processing image [35/186]
2026-05-18T19:13:06 COLMAP[chunk_02_sequential_matcher] I20260518 19:13:05.802692  5444 feature_matching.cc:217] in 0.401s
2026-05-18T19:13:06 COLMAP[chunk_02_sequential_matcher] I20260518 19:13:05.802745  5444 pairing.cc:473] Processing image [36/186]
2026-05-18T19:13:07 COLMAP[chunk_02_sequential_matcher] I20260518 19:13:06.165077  5444 feature_matching.cc:217] in 0.362s
2026-05-18T19:13:07 COLMAP[chunk_02_sequential_matcher] I20260518 19:13:06.165134  5444 pairing.cc:473] Processing image [37/186]
2026-05-18T19:13:07 COLMAP[chunk_02_sequential_matcher] I20260518 19:13:06.697746  5444 feature_matching.cc:217] in 0.533s
2026-05-18T19:13:07 COLMAP[chunk_02_sequential_matcher] I20260518 19:13:06.697803  5444 pairing.cc:473] Processing image [38/186]
2026-05-18T19:13:08 COLMAP[chunk_02_sequential_matcher] I20260518 19:13:07.525238  5444 feature_matching.cc:217] in 0.827s
2026-05-18T19:13:08 COLMAP[chunk_02_sequential_matcher] I20260518 19:13:07.525293  5444 pairing.cc:473] Processing image [39/186]
2026-05-18T19:13:09 COLMAP[chunk_02_sequential_matcher] I20260518 19:13:08.305282  5444 feature_matching.cc:217] in 0.780s
2026-05-18T19:13:09 COLMAP[chunk_02_sequential_matcher] I20260518 19:13:08.305337  5444 pairing.cc:473] Processing image [40/186]
2026-05-18T19:13:09 COLMAP[chunk_02_sequential_matcher] I20260518 19:13:08.871762  5444 feature_matching.cc:217] in 0.566s
2026-05-18T19:13:09 COLMAP[chunk_02_sequential_matcher] I20260518 19:13:08.871819  5444 pairing.cc:473] Processing image [41/186]
2026-05-18T19:13:10 COLMAP[chunk_02_sequential_matcher] I20260518 19:13:09.495064  5444 feature_matching.cc:217] in 0.623s
2026-05-18T19:13:10 COLMAP[chunk_02_sequential_matcher] I20260518 19:13:09.495119  5444 pairing.cc:473] Processing image [42/186]
2026-05-18T19:13:11 COLMAP[chunk_02_sequential_matcher] I20260518 19:13:10.244055  5444 feature_matching.cc:217] in 0.749s
2026-05-18T19:13:11 COLMAP[chunk_02_sequential_matcher] I20260518 19:13:10.244112  5444 pairing.cc:473] Processing image [43/186]
2026-05-18T19:13:11 COLMAP[chunk_02_sequential_matcher] I20260518 19:13:10.990653  5444 feature_matching.cc:217] in 0.747s
2026-05-18T19:13:11 COLMAP[chunk_02_sequential_matcher] I20260518 19:13:10.990705  5444 pairing.cc:473] Processing image [44/186]
2026-05-18T19:13:12 COLMAP[chunk_02_sequential_matcher] I20260518 19:13:11.682766  5444 feature_matching.cc:217] in 0.692s
2026-05-18T19:13:12 COLMAP[chunk_02_sequential_matcher] I20260518 19:13:11.682819  5444 pairing.cc:473] Processing image [45/186]
2026-05-18T19:13:13 COLMAP[chunk_02_sequential_matcher] I20260518 19:13:12.471354  5444 feature_matching.cc:217] in 0.789s
2026-05-18T19:13:13 COLMAP[chunk_02_sequential_matcher] I20260518 19:13:12.471423  5444 pairing.cc:473] Processing image [46/186]
2026-05-18T19:13:13 COLMAP[chunk_02_sequential_matcher] I20260518 19:13:12.966687  5444 feature_matching.cc:217] in 0.495s
2026-05-18T19:13:13 COLMAP[chunk_02_sequential_matcher] I20260518 19:13:12.966744  5444 pairing.cc:473] Processing image [47/186]
2026-05-18T19:13:14 COLMAP[chunk_02_sequential_matcher] I20260518 19:13:13.366400  5444 feature_matching.cc:217] in 0.400s
2026-05-18T19:13:14 COLMAP[chunk_02_sequential_matcher] I20260518 19:13:13.366456  5444 pairing.cc:473] Processing image [48/186]
2026-05-18T19:13:14 COLMAP[chunk_02_sequential_matcher] I20260518 19:13:13.659632  5444 feature_matching.cc:217] in 0.293s
2026-05-18T19:13:14 COLMAP[chunk_02_sequential_matcher] I20260518 19:13:13.659693  5444 pairing.cc:473] Processing image [49/186]
2026-05-18T19:13:14 COLMAP[chunk_02_sequential_matcher] I20260518 19:13:13.887457  5444 feature_matching.cc:217] in 0.228s
2026-05-18T19:13:14 COLMAP[chunk_02_sequential_matcher] I20260518 19:13:13.887511  5444 pairing.cc:473] Processing image [50/186]
2026-05-18T19:13:14 COLMAP[chunk_02_sequential_matcher] I20260518 19:13:13.984680  5444 feature_matching.cc:217] in 0.097s
2026-05-18T19:13:14 COLMAP[chunk_02_sequential_matcher] I20260518 19:13:13.984731  5444 pairing.cc:473] Processing image [51/186]
2026-05-18T19:13:15 COLMAP[chunk_02_sequential_matcher] I20260518 19:13:14.567178  5444 feature_matching.cc:217] in 0.582s
2026-05-18T19:13:15 COLMAP[chunk_02_sequential_matcher] I20260518 19:13:14.567230  5444 pairing.cc:473] Processing image [52/186]
2026-05-18T19:13:16 COLMAP[chunk_02_sequential_matcher] I20260518 19:13:15.563001  5444 feature_matching.cc:217] in 0.996s
2026-05-18T19:13:16 COLMAP[chunk_02_sequential_matcher] I20260518 19:13:15.563055  5444 pairing.cc:473] Processing image [53/186]
2026-05-18T19:13:16 COLMAP[chunk_02_sequential_matcher] I20260518 19:13:16.006608  5444 feature_matching.cc:217] in 0.444s
2026-05-18T19:13:16 COLMAP[chunk_02_sequential_matcher] I20260518 19:13:16.006664  5444 pairing.cc:473] Processing image [54/186]
2026-05-18T19:13:17 COLMAP[chunk_02_sequential_matcher] I20260518 19:13:16.746034  5444 feature_matching.cc:217] in 0.739s
2026-05-18T19:13:17 COLMAP[chunk_02_sequential_matcher] I20260518 19:13:16.746080  5444 pairing.cc:473] Processing image [55/186]
2026-05-18T19:13:18 COLMAP[chunk_02_sequential_matcher] I20260518 19:13:17.817729  5444 feature_matching.cc:217] in 1.072s
2026-05-18T19:13:18 COLMAP[chunk_02_sequential_matcher] I20260518 19:13:17.817775  5444 pairing.cc:473] Processing image [56/186]
2026-05-18T19:13:19 COLMAP[chunk_02_sequential_matcher] I20260518 19:13:18.373212  5444 feature_matching.cc:217] in 0.555s
2026-05-18T19:13:19 COLMAP[chunk_02_sequential_matcher] I20260518 19:13:18.373267  5444 pairing.cc:473] Processing image [57/186]
2026-05-18T19:13:20 COLMAP[chunk_02_sequential_matcher] I20260518 19:13:19.153024  5444 feature_matching.cc:217] in 0.780s
2026-05-18T19:13:20 COLMAP[chunk_02_sequential_matcher] I20260518 19:13:19.153079  5444 pairing.cc:473] Processing image [58/186]
2026-05-18T19:13:20 COLMAP[chunk_02_sequential_matcher] I20260518 19:13:19.550351  5444 feature_matching.cc:217] in 0.397s
2026-05-18T19:13:20 COLMAP[chunk_02_sequential_matcher] I20260518 19:13:19.550406  5444 pairing.cc:473] Processing image [59/186]
2026-05-18T19:13:20 COLMAP[chunk_02_sequential_matcher] I20260518 19:13:19.913425  5444 feature_matching.cc:217] in 0.363s
2026-05-18T19:13:20 COLMAP[chunk_02_sequential_matcher] I20260518 19:13:19.913475  5444 pairing.cc:473] Processing image [60/186]
2026-05-18T19:13:21 COLMAP[chunk_02_sequential_matcher] I20260518 19:13:20.163281  5444 feature_matching.cc:217] in 0.250s
2026-05-18T19:13:21 COLMAP[chunk_02_sequential_matcher] I20260518 19:13:20.163342  5444 pairing.cc:473] Processing image [61/186]
2026-05-18T19:13:21 COLMAP[chunk_02_sequential_matcher] I20260518 19:13:20.598766  5444 feature_matching.cc:217] in 0.435s
2026-05-18T19:13:21 COLMAP[chunk_02_sequential_matcher] I20260518 19:13:20.598821  5444 pairing.cc:473] Processing image [62/186]
2026-05-18T19:13:21 COLMAP[chunk_02_sequential_matcher] I20260518 19:13:20.998750  5444 feature_matching.cc:217] in 0.400s
2026-05-18T19:13:21 COLMAP[chunk_02_sequential_matcher] I20260518 19:13:20.998801  5444 pairing.cc:473] Processing image [63/186]
2026-05-18T19:13:22 COLMAP[chunk_02_sequential_matcher] I20260518 19:13:21.443346  5444 feature_matching.cc:217] in 0.445s
2026-05-18T19:13:22 COLMAP[chunk_02_sequential_matcher] I20260518 19:13:21.443403  5444 pairing.cc:473] Processing image [64/186]
2026-05-18T19:13:22 COLMAP[chunk_02_sequential_matcher] I20260518 19:13:21.851869  5444 feature_matching.cc:217] in 0.408s
2026-05-18T19:13:22 COLMAP[chunk_02_sequential_matcher] I20260518 19:13:21.851922  5444 pairing.cc:473] Processing image [65/186]
2026-05-18T19:13:23 COLMAP[chunk_02_sequential_matcher] I20260518 19:13:22.181643  5444 feature_matching.cc:217] in 0.330s
2026-05-18T19:13:23 COLMAP[chunk_02_sequential_matcher] I20260518 19:13:22.181734  5444 pairing.cc:473] Processing image [66/186]
2026-05-18T19:13:23 COLMAP[chunk_02_sequential_matcher] I20260518 19:13:22.554529  5444 feature_matching.cc:217] in 0.373s
2026-05-18T19:13:23 COLMAP[chunk_02_sequential_matcher] I20260518 19:13:22.554589  5444 pairing.cc:473] Processing image [67/186]
2026-05-18T19:13:23 COLMAP[chunk_02_sequential_matcher] I20260518 19:13:22.592561  5444 feature_matching.cc:217] in 0.038s
2026-05-18T19:13:23 COLMAP[chunk_02_sequential_matcher] I20260518 19:13:22.592620  5444 pairing.cc:473] Processing image [68/186]
2026-05-18T19:13:23 COLMAP[chunk_02_sequential_matcher] I20260518 19:13:22.636368  5444 feature_matching.cc:217] in 0.044s
2026-05-18T19:13:23 COLMAP[chunk_02_sequential_matcher] I20260518 19:13:22.636416  5444 pairing.cc:473] Processing image [69/186]
2026-05-18T19:13:23 COLMAP[chunk_02_sequential_matcher] I20260518 19:13:23.026638  5444 feature_matching.cc:217] in 0.390s
2026-05-18T19:13:23 COLMAP[chunk_02_sequential_matcher] I20260518 19:13:23.026693  5444 pairing.cc:473] Processing image [70/186]
2026-05-18T19:13:24 COLMAP[chunk_02_sequential_matcher] I20260518 19:13:23.437330  5444 feature_matching.cc:217] in 0.411s
2026-05-18T19:13:24 COLMAP[chunk_02_sequential_matcher] I20260518 19:13:23.437383  5444 pairing.cc:473] Processing image [71/186]
2026-05-18T19:13:24 COLMAP[chunk_02_sequential_matcher] I20260518 19:13:23.884027  5444 feature_matching.cc:217] in 0.447s
2026-05-18T19:13:24 COLMAP[chunk_02_sequential_matcher] I20260518 19:13:23.884084  5444 pairing.cc:473] Processing image [72/186]
2026-05-18T19:13:25 COLMAP[chunk_02_sequential_matcher] I20260518 19:13:24.257185  5444 feature_matching.cc:217] in 0.373s
2026-05-18T19:13:25 COLMAP[chunk_02_sequential_matcher] I20260518 19:13:24.257241  5444 pairing.cc:473] Processing image [73/186]
2026-05-18T19:13:25 COLMAP[chunk_02_sequential_matcher] I20260518 19:13:24.759657  5444 feature_matching.cc:217] in 0.502s
2026-05-18T19:13:25 COLMAP[chunk_02_sequential_matcher] I20260518 19:13:24.759711  5444 pairing.cc:473] Processing image [74/186]
2026-05-18T19:13:25 COLMAP[chunk_02_sequential_matcher] I20260518 19:13:24.983894  5444 feature_matching.cc:217] in 0.224s
2026-05-18T19:13:25 COLMAP[chunk_02_sequential_matcher] I20260518 19:13:24.983948  5444 pairing.cc:473] Processing image [75/186]
2026-05-18T19:13:26 COLMAP[chunk_02_sequential_matcher] I20260518 19:13:25.441883  5444 feature_matching.cc:217] in 0.458s
2026-05-18T19:13:26 COLMAP[chunk_02_sequential_matcher] I20260518 19:13:25.441941  5444 pairing.cc:473] Processing image [76/186]
2026-05-18T19:13:26 COLMAP[chunk_02_sequential_matcher] I20260518 19:13:25.914261  5444 feature_matching.cc:217] in 0.472s
2026-05-18T19:13:26 COLMAP[chunk_02_sequential_matcher] I20260518 19:13:25.914317  5444 pairing.cc:473] Processing image [77/186]
2026-05-18T19:13:27 COLMAP[chunk_02_sequential_matcher] I20260518 19:13:26.420146  5444 feature_matching.cc:217] in 0.506s
2026-05-18T19:13:27 COLMAP[chunk_02_sequential_matcher] I20260518 19:13:26.420207  5444 pairing.cc:473] Processing image [78/186]
2026-05-18T19:13:27 COLMAP[chunk_02_sequential_matcher] I20260518 19:13:27.041364  5444 feature_matching.cc:217] in 0.621s
2026-05-18T19:13:27 COLMAP[chunk_02_sequential_matcher] I20260518 19:13:27.041419  5444 pairing.cc:473] Processing image [79/186]
2026-05-18T19:13:28 COLMAP[chunk_02_sequential_matcher] I20260518 19:13:27.719691  5444 feature_matching.cc:217] in 0.678s
2026-05-18T19:13:28 COLMAP[chunk_02_sequential_matcher] I20260518 19:13:27.719743  5444 pairing.cc:473] Processing image [80/186]
2026-05-18T19:13:29 COLMAP[chunk_02_sequential_matcher] I20260518 19:13:28.325052  5444 feature_matching.cc:217] in 0.605s
2026-05-18T19:13:29 COLMAP[chunk_02_sequential_matcher] I20260518 19:13:28.325111  5444 pairing.cc:473] Processing image [81/186]
2026-05-18T19:13:29 COLMAP[chunk_02_sequential_matcher] I20260518 19:13:28.734963  5444 feature_matching.cc:217] in 0.410s
2026-05-18T19:13:29 COLMAP[chunk_02_sequential_matcher] I20260518 19:13:28.735018  5444 pairing.cc:473] Processing image [82/186]
2026-05-18T19:13:30 COLMAP[chunk_02_sequential_matcher] I20260518 19:13:29.657331  5444 feature_matching.cc:217] in 0.922s
2026-05-18T19:13:30 COLMAP[chunk_02_sequential_matcher] I20260518 19:13:29.657385  5444 pairing.cc:473] Processing image [83/186]
2026-05-18T19:13:30 COLMAP[chunk_02_sequential_matcher] I20260518 19:13:30.000970  5444 feature_matching.cc:217] in 0.344s
2026-05-18T19:13:30 COLMAP[chunk_02_sequential_matcher] I20260518 19:13:30.001017  5444 pairing.cc:473] Processing image [84/186]
2026-05-18T19:13:31 COLMAP[chunk_02_sequential_matcher] I20260518 19:13:30.363552  5444 feature_matching.cc:217] in 0.363s
2026-05-18T19:13:31 COLMAP[chunk_02_sequential_matcher] I20260518 19:13:30.363603  5444 pairing.cc:473] Processing image [85/186]
2026-05-18T19:13:31 COLMAP[chunk_02_sequential_matcher] I20260518 19:13:30.864760  5444 feature_matching.cc:217] in 0.501s
2026-05-18T19:13:31 COLMAP[chunk_02_sequential_matcher] I20260518 19:13:30.864812  5444 pairing.cc:473] Processing image [86/186]
2026-05-18T19:13:32 COLMAP[chunk_02_sequential_matcher] I20260518 19:13:31.274031  5444 feature_matching.cc:217] in 0.409s
2026-05-18T19:13:32 COLMAP[chunk_02_sequential_matcher] I20260518 19:13:31.274085  5444 pairing.cc:473] Processing image [87/186]
2026-05-18T19:13:32 COLMAP[chunk_02_sequential_matcher] I20260518 19:13:31.695820  5444 feature_matching.cc:217] in 0.422s
2026-05-18T19:13:32 COLMAP[chunk_02_sequential_matcher] I20260518 19:13:31.695873  5444 pairing.cc:473] Processing image [88/186]
2026-05-18T19:13:33 COLMAP[chunk_02_sequential_matcher] I20260518 19:13:32.061162  5444 feature_matching.cc:217] in 0.365s
2026-05-18T19:13:33 COLMAP[chunk_02_sequential_matcher] I20260518 19:13:32.061216  5444 pairing.cc:473] Processing image [89/186]
2026-05-18T19:13:33 COLMAP[chunk_02_sequential_matcher] I20260518 19:13:32.414201  5444 feature_matching.cc:217] in 0.353s
2026-05-18T19:13:33 COLMAP[chunk_02_sequential_matcher] I20260518 19:13:32.414256  5444 pairing.cc:473] Processing image [90/186]
2026-05-18T19:13:33 COLMAP[chunk_02_sequential_matcher] I20260518 19:13:32.760318  5444 feature_matching.cc:217] in 0.346s
2026-05-18T19:13:33 COLMAP[chunk_02_sequential_matcher] I20260518 19:13:32.760370  5444 pairing.cc:473] Processing image [91/186]
2026-05-18T19:13:34 COLMAP[chunk_02_sequential_matcher] I20260518 19:13:33.403170  5444 feature_matching.cc:217] in 0.643s
2026-05-18T19:13:34 COLMAP[chunk_02_sequential_matcher] I20260518 19:13:33.403225  5444 pairing.cc:473] Processing image [92/186]
2026-05-18T19:13:35 COLMAP[chunk_02_sequential_matcher] I20260518 19:13:34.077382  5444 feature_matching.cc:217] in 0.674s
2026-05-18T19:13:35 COLMAP[chunk_02_sequential_matcher] I20260518 19:13:34.077438  5444 pairing.cc:473] Processing image [93/186]
2026-05-18T19:13:35 COLMAP[chunk_02_sequential_matcher] I20260518 19:13:35.017267  5444 feature_matching.cc:217] in 0.940s
2026-05-18T19:13:35 COLMAP[chunk_02_sequential_matcher] I20260518 19:13:35.017321  5444 pairing.cc:473] Processing image [94/186]
2026-05-18T19:13:36 COLMAP[chunk_02_sequential_matcher] I20260518 19:13:35.995190  5444 feature_matching.cc:217] in 0.978s
2026-05-18T19:13:36 COLMAP[chunk_02_sequential_matcher] I20260518 19:13:35.995241  5444 pairing.cc:473] Processing image [95/186]
2026-05-18T19:13:37 COLMAP[chunk_02_sequential_matcher] I20260518 19:13:36.978242  5444 feature_matching.cc:217] in 0.983s
2026-05-18T19:13:37 COLMAP[chunk_02_sequential_matcher] I20260518 19:13:36.978295  5444 pairing.cc:473] Processing image [96/186]
2026-05-18T19:13:38 COLMAP[chunk_02_sequential_matcher] I20260518 19:13:37.320616  5444 feature_matching.cc:217] in 0.342s
2026-05-18T19:13:38 COLMAP[chunk_02_sequential_matcher] I20260518 19:13:37.320672  5444 pairing.cc:473] Processing image [97/186]
2026-05-18T19:13:38 COLMAP[chunk_02_sequential_matcher] I20260518 19:13:37.677879  5444 feature_matching.cc:217] in 0.357s
2026-05-18T19:13:38 COLMAP[chunk_02_sequential_matcher] I20260518 19:13:37.677932  5444 pairing.cc:473] Processing image [98/186]
2026-05-18T19:13:38 COLMAP[chunk_02_sequential_matcher] I20260518 19:13:38.026609  5444 feature_matching.cc:217] in 0.349s
2026-05-18T19:13:38 COLMAP[chunk_02_sequential_matcher] I20260518 19:13:38.026656  5444 pairing.cc:473] Processing image [99/186]
2026-05-18T19:13:39 COLMAP[chunk_02_sequential_matcher] I20260518 19:13:38.222868  5444 feature_matching.cc:217] in 0.196s
2026-05-18T19:13:39 COLMAP[chunk_02_sequential_matcher] I20260518 19:13:38.222918  5444 pairing.cc:473] Processing image [100/186]
2026-05-18T19:13:39 COLMAP[chunk_02_sequential_matcher] I20260518 19:13:38.369460  5444 feature_matching.cc:217] in 0.147s
2026-05-18T19:13:39 COLMAP[chunk_02_sequential_matcher] I20260518 19:13:38.369503  5444 pairing.cc:473] Processing image [101/186]
2026-05-18T19:13:39 COLMAP[chunk_02_sequential_matcher] I20260518 19:13:38.867511  5444 feature_matching.cc:217] in 0.498s
2026-05-18T19:13:39 COLMAP[chunk_02_sequential_matcher] I20260518 19:13:38.867565  5444 pairing.cc:473] Processing image [102/186]
2026-05-18T19:13:40 COLMAP[chunk_02_sequential_matcher] I20260518 19:13:39.311818  5444 feature_matching.cc:217] in 0.444s
2026-05-18T19:13:40 COLMAP[chunk_02_sequential_matcher] I20260518 19:13:39.311873  5444 pairing.cc:473] Processing image [103/186]
2026-05-18T19:13:40 COLMAP[chunk_02_sequential_matcher] I20260518 19:13:39.681838  5444 feature_matching.cc:217] in 0.370s
2026-05-18T19:13:40 COLMAP[chunk_02_sequential_matcher] I20260518 19:13:39.681893  5444 pairing.cc:473] Processing image [104/186]
2026-05-18T19:13:41 COLMAP[chunk_02_sequential_matcher] I20260518 19:13:40.135888  5444 feature_matching.cc:217] in 0.454s
2026-05-18T19:13:41 COLMAP[chunk_02_sequential_matcher] I20260518 19:13:40.135942  5444 pairing.cc:473] Processing image [105/186]
2026-05-18T19:13:41 COLMAP[chunk_02_sequential_matcher] I20260518 19:13:40.592779  5444 feature_matching.cc:217] in 0.457s
2026-05-18T19:13:41 COLMAP[chunk_02_sequential_matcher] I20260518 19:13:40.592835  5444 pairing.cc:473] Processing image [106/186]
2026-05-18T19:13:41 COLMAP[chunk_02_sequential_matcher] I20260518 19:13:40.957448  5444 feature_matching.cc:217] in 0.365s
2026-05-18T19:13:41 COLMAP[chunk_02_sequential_matcher] I20260518 19:13:40.957501  5444 pairing.cc:473] Processing image [107/186]
2026-05-18T19:13:42 COLMAP[chunk_02_sequential_matcher] I20260518 19:13:41.459920  5444 feature_matching.cc:217] in 0.502s
2026-05-18T19:13:42 COLMAP[chunk_02_sequential_matcher] I20260518 19:13:41.459975  5444 pairing.cc:473] Processing image [108/186]
2026-05-18T19:13:42 COLMAP[chunk_02_sequential_matcher] I20260518 19:13:41.877671  5444 feature_matching.cc:217] in 0.418s
2026-05-18T19:13:42 COLMAP[chunk_02_sequential_matcher] I20260518 19:13:41.877739  5444 pairing.cc:473] Processing image [109/186]
2026-05-18T19:13:43 COLMAP[chunk_02_sequential_matcher] I20260518 19:13:42.482654  5444 feature_matching.cc:217] in 0.605s
2026-05-18T19:13:43 COLMAP[chunk_02_sequential_matcher] I20260518 19:13:42.482718  5444 pairing.cc:473] Processing image [110/186]
2026-05-18T19:13:44 COLMAP[chunk_02_sequential_matcher] I20260518 19:13:43.126629  5444 feature_matching.cc:217] in 0.644s
2026-05-18T19:13:44 COLMAP[chunk_02_sequential_matcher] I20260518 19:13:43.126684  5444 pairing.cc:473] Processing image [111/186]
2026-05-18T19:13:44 COLMAP[chunk_02_sequential_matcher] I20260518 19:13:43.923480  5444 feature_matching.cc:217] in 0.797s
2026-05-18T19:13:44 COLMAP[chunk_02_sequential_matcher] I20260518 19:13:43.923532  5444 pairing.cc:473] Processing image [112/186]
2026-05-18T19:13:45 COLMAP[chunk_02_sequential_matcher] I20260518 19:13:44.634307  5444 feature_matching.cc:217] in 0.711s
2026-05-18T19:13:45 COLMAP[chunk_02_sequential_matcher] I20260518 19:13:44.634364  5444 pairing.cc:473] Processing image [113/186]
2026-05-18T19:13:46 COLMAP[chunk_02_sequential_matcher] I20260518 19:13:45.278304  5444 feature_matching.cc:217] in 0.644s
2026-05-18T19:13:46 COLMAP[chunk_02_sequential_matcher] I20260518 19:13:45.278362  5444 pairing.cc:473] Processing image [114/186]
2026-05-18T19:13:46 COLMAP[chunk_02_sequential_matcher] I20260518 19:13:45.921748  5444 feature_matching.cc:217] in 0.643s
2026-05-18T19:13:46 COLMAP[chunk_02_sequential_matcher] I20260518 19:13:45.921804  5444 pairing.cc:473] Processing image [115/186]
2026-05-18T19:13:47 COLMAP[chunk_02_sequential_matcher] I20260518 19:13:46.451171  5444 feature_matching.cc:217] in 0.529s
2026-05-18T19:13:47 COLMAP[chunk_02_sequential_matcher] I20260518 19:13:46.451229  5444 pairing.cc:473] Processing image [116/186]
2026-05-18T19:13:48 COLMAP[chunk_02_sequential_matcher] I20260518 19:13:47.387766  5444 feature_matching.cc:217] in 0.937s
2026-05-18T19:13:48 COLMAP[chunk_02_sequential_matcher] I20260518 19:13:47.387825  5444 pairing.cc:473] Processing image [117/186]
2026-05-18T19:13:49 COLMAP[chunk_02_sequential_matcher] I20260518 19:13:48.209383  5444 feature_matching.cc:217] in 0.822s
2026-05-18T19:13:49 COLMAP[chunk_02_sequential_matcher] I20260518 19:13:48.209438  5444 pairing.cc:473] Processing image [118/186]
2026-05-18T19:13:50 COLMAP[chunk_02_sequential_matcher] I20260518 19:13:49.123214  5444 feature_matching.cc:217] in 0.914s
2026-05-18T19:13:50 COLMAP[chunk_02_sequential_matcher] I20260518 19:13:49.123265  5444 pairing.cc:473] Processing image [119/186]
2026-05-18T19:13:50 COLMAP[chunk_02_sequential_matcher] I20260518 19:13:49.500607  5444 feature_matching.cc:217] in 0.377s
2026-05-18T19:13:50 COLMAP[chunk_02_sequential_matcher] I20260518 19:13:49.500662  5444 pairing.cc:473] Processing image [120/186]
2026-05-18T19:13:50 COLMAP[chunk_02_sequential_matcher] I20260518 19:13:49.896730  5444 feature_matching.cc:217] in 0.396s
2026-05-18T19:13:50 COLMAP[chunk_02_sequential_matcher] I20260518 19:13:49.896783  5444 pairing.cc:473] Processing image [121/186]
2026-05-18T19:13:51 COLMAP[chunk_02_sequential_matcher] I20260518 19:13:50.284312  5444 feature_matching.cc:217] in 0.388s
2026-05-18T19:13:51 COLMAP[chunk_02_sequential_matcher] I20260518 19:13:50.284366  5444 pairing.cc:473] Processing image [122/186]
2026-05-18T19:13:51 COLMAP[chunk_02_sequential_matcher] I20260518 19:13:50.671176  5444 feature_matching.cc:217] in 0.387s
2026-05-18T19:13:51 COLMAP[chunk_02_sequential_matcher] I20260518 19:13:50.671232  5444 pairing.cc:473] Processing image [123/186]
2026-05-18T19:13:51 COLMAP[chunk_02_sequential_matcher] I20260518 19:13:50.750309  5444 feature_matching.cc:217] in 0.079s
2026-05-18T19:13:51 COLMAP[chunk_02_sequential_matcher] I20260518 19:13:50.750363  5444 pairing.cc:473] Processing image [124/186]
2026-05-18T19:13:51 COLMAP[chunk_02_sequential_matcher] I20260518 19:13:50.800488  5444 feature_matching.cc:217] in 0.050s
2026-05-18T19:13:51 COLMAP[chunk_02_sequential_matcher] I20260518 19:13:50.800532  5444 pairing.cc:473] Processing image [125/186]
2026-05-18T19:13:51 COLMAP[chunk_02_sequential_matcher] I20260518 19:13:50.878561  5444 feature_matching.cc:217] in 0.078s
2026-05-18T19:13:51 COLMAP[chunk_02_sequential_matcher] I20260518 19:13:50.878602  5444 pairing.cc:473] Processing image [126/186]
2026-05-18T19:13:51 COLMAP[chunk_02_sequential_matcher] I20260518 19:13:51.050696  5444 feature_matching.cc:217] in 0.172s
2026-05-18T19:13:51 COLMAP[chunk_02_sequential_matcher] I20260518 19:13:51.050745  5444 pairing.cc:473] Processing image [127/186]
2026-05-18T19:13:52 COLMAP[chunk_02_sequential_matcher] I20260518 19:13:51.452250  5444 feature_matching.cc:217] in 0.402s
2026-05-18T19:13:52 COLMAP[chunk_02_sequential_matcher] I20260518 19:13:51.452306  5444 pairing.cc:473] Processing image [128/186]
2026-05-18T19:13:52 COLMAP[chunk_02_sequential_matcher] I20260518 19:13:51.846932  5444 feature_matching.cc:217] in 0.395s
2026-05-18T19:13:52 COLMAP[chunk_02_sequential_matcher] I20260518 19:13:51.846989  5444 pairing.cc:473] Processing image [129/186]
2026-05-18T19:13:52 COLMAP[chunk_02_sequential_matcher] I20260518 19:13:51.977865  5444 feature_matching.cc:217] in 0.131s
2026-05-18T19:13:52 COLMAP[chunk_02_sequential_matcher] I20260518 19:13:51.977916  5444 pairing.cc:473] Processing image [130/186]
2026-05-18T19:13:52 COLMAP[chunk_02_sequential_matcher] I20260518 19:13:52.057817  5444 feature_matching.cc:217] in 0.080s
2026-05-18T19:13:52 COLMAP[chunk_02_sequential_matcher] I20260518 19:13:52.057865  5444 pairing.cc:473] Processing image [131/186]
2026-05-18T19:13:53 COLMAP[chunk_02_sequential_matcher] I20260518 19:13:52.144946  5444 feature_matching.cc:217] in 0.087s
2026-05-18T19:13:53 COLMAP[chunk_02_sequential_matcher] I20260518 19:13:52.144999  5444 pairing.cc:473] Processing image [132/186]
2026-05-18T19:13:53 COLMAP[chunk_02_sequential_matcher] I20260518 19:13:52.514348  5444 feature_matching.cc:217] in 0.369s
2026-05-18T19:13:53 COLMAP[chunk_02_sequential_matcher] I20260518 19:13:52.514406  5444 pairing.cc:473] Processing image [133/186]
2026-05-18T19:13:53 COLMAP[chunk_02_sequential_matcher] I20260518 19:13:52.855940  5444 feature_matching.cc:217] in 0.342s
2026-05-18T19:13:53 COLMAP[chunk_02_sequential_matcher] I20260518 19:13:52.855993  5444 pairing.cc:473] Processing image [134/186]
