2026-05-18T22:54:32 COLMAP[chunk_01_mapper_initial] I20260518 22:54:31.954300  3742 incremental_pipeline.cc:524] Registering image #5 (num_reg_frames=143)
2026-05-18T22:54:32 COLMAP[chunk_01_mapper_initial] I20260518 22:54:31.954376  3742 incremental_pipeline.cc:527] => Image sees 2369 / 7461 points
2026-05-18T22:54:34 COLMAP[chunk_01_mapper_initial] I20260518 22:54:33.187852  3742 incremental_pipeline.cc:524] Registering image #173 (num_reg_frames=144)
2026-05-18T22:54:34 COLMAP[chunk_01_mapper_initial] I20260518 22:54:33.187906  3742 incremental_pipeline.cc:527] => Image sees 2793 / 7193 points
2026-05-18T22:54:35 COLMAP[chunk_01_mapper_initial] I20260518 22:54:34.533337  3742 incremental_pipeline.cc:524] Registering image #32 (num_reg_frames=145)
2026-05-18T22:54:35 COLMAP[chunk_01_mapper_initial] I20260518 22:54:34.533401  3742 incremental_pipeline.cc:527] => Image sees 2561 / 5541 points
2026-05-18T22:54:36 COLMAP[chunk_01_mapper_initial] I20260518 22:54:35.727753  3742 incremental_pipeline.cc:524] Registering image #33 (num_reg_frames=146)
2026-05-18T22:54:36 COLMAP[chunk_01_mapper_initial] I20260518 22:54:35.727804  3742 incremental_pipeline.cc:527] => Image sees 3191 / 6366 points
2026-05-18T22:54:37 COLMAP[chunk_01_mapper_initial] I20260518 22:54:37.067165  3742 incremental_pipeline.cc:524] Registering image #174 (num_reg_frames=147)
2026-05-18T22:54:37 COLMAP[chunk_01_mapper_initial] I20260518 22:54:37.067219  3742 incremental_pipeline.cc:527] => Image sees 3453 / 7589 points
2026-05-18T22:54:39 COLMAP[chunk_01_mapper_initial] I20260518 22:54:38.637499  3742 incremental_pipeline.cc:524] Registering image #169 (num_reg_frames=148)
2026-05-18T22:54:39 COLMAP[chunk_01_mapper_initial] I20260518 22:54:38.637553  3742 incremental_pipeline.cc:527] => Image sees 3118 / 6627 points
2026-05-18T22:54:41 COLMAP[chunk_01_mapper_initial] I20260518 22:54:40.180059  3742 incremental_pipeline.cc:524] Registering image #170 (num_reg_frames=149)
2026-05-18T22:54:41 COLMAP[chunk_01_mapper_initial] I20260518 22:54:40.180114  3742 incremental_pipeline.cc:527] => Image sees 3518 / 7841 points
2026-05-18T22:54:42 COLMAP[chunk_01_mapper_initial] I20260518 22:54:41.767570  3742 incremental_pipeline.cc:524] Registering image #171 (num_reg_frames=150)
2026-05-18T22:54:42 COLMAP[chunk_01_mapper_initial] I20260518 22:54:41.767616  3742 incremental_pipeline.cc:527] => Image sees 3860 / 6328 points
2026-05-18T22:54:44 COLMAP[chunk_01_mapper_initial] I20260518 22:54:43.242976  3742 incremental_pipeline.cc:524] Registering image #172 (num_reg_frames=151)
2026-05-18T22:54:44 COLMAP[chunk_01_mapper_initial] I20260518 22:54:43.243029  3742 incremental_pipeline.cc:527] => Image sees 5103 / 6661 points
2026-05-18T22:54:45 COLMAP[chunk_01_mapper_initial] I20260518 22:54:44.924997  3742 incremental_pipeline.cc:524] Registering image #168 (num_reg_frames=152)
2026-05-18T22:54:45 COLMAP[chunk_01_mapper_initial] I20260518 22:54:44.925047  3742 incremental_pipeline.cc:527] => Image sees 3785 / 6466 points
2026-05-18T22:54:47 COLMAP[chunk_01_mapper_initial] I20260518 22:54:46.363859  3742 incremental_pipeline.cc:78] Retriangulation and Global bundle adjustment
2026-05-18T22:55:24 COLMAP[chunk_01_mapper_initial] I20260518 22:55:23.454921  3742 incremental_pipeline.cc:524] Registering image #4 (num_reg_frames=153)
2026-05-18T22:55:24 COLMAP[chunk_01_mapper_initial] I20260518 22:55:23.454998  3742 incremental_pipeline.cc:527] => Image sees 4887 / 7666 points
2026-05-18T22:55:25 COLMAP[chunk_01_mapper_initial] I20260518 22:55:25.171398  3742 incremental_pipeline.cc:524] Registering image #167 (num_reg_frames=154)
2026-05-18T22:55:25 COLMAP[chunk_01_mapper_initial] I20260518 22:55:25.171447  3742 incremental_pipeline.cc:527] => Image sees 3687 / 6091 points
2026-05-18T22:55:27 COLMAP[chunk_01_mapper_initial] I20260518 22:55:26.619065  3742 incremental_pipeline.cc:524] Registering image #175 (num_reg_frames=155)
2026-05-18T22:55:27 COLMAP[chunk_01_mapper_initial] I20260518 22:55:26.619117  3742 incremental_pipeline.cc:527] => Image sees 4437 / 6445 points
2026-05-18T22:55:29 COLMAP[chunk_01_mapper_initial] I20260518 22:55:28.364699  3742 incremental_pipeline.cc:524] Registering image #176 (num_reg_frames=156)
2026-05-18T22:55:29 COLMAP[chunk_01_mapper_initial] I20260518 22:55:28.364753  3742 incremental_pipeline.cc:527] => Image sees 4592 / 6890 points
2026-05-18T22:55:30 COLMAP[chunk_01_mapper_initial] I20260518 22:55:30.055408  3742 incremental_pipeline.cc:524] Registering image #177 (num_reg_frames=157)
2026-05-18T22:55:30 COLMAP[chunk_01_mapper_initial] I20260518 22:55:30.055454  3742 incremental_pipeline.cc:527] => Image sees 4495 / 6363 points
2026-05-18T22:55:32 COLMAP[chunk_01_mapper_initial] I20260518 22:55:31.604367  3742 incremental_pipeline.cc:524] Registering image #34 (num_reg_frames=158)
2026-05-18T22:55:32 COLMAP[chunk_01_mapper_initial] I20260518 22:55:31.604416  3742 incremental_pipeline.cc:527] => Image sees 2461 / 5160 points
2026-05-18T22:55:33 COLMAP[chunk_01_mapper_initial] I20260518 22:55:32.774156  3742 incremental_pipeline.cc:524] Registering image #2 (num_reg_frames=159)
2026-05-18T22:55:33 COLMAP[chunk_01_mapper_initial] I20260518 22:55:32.774207  3742 incremental_pipeline.cc:527] => Image sees 2129 / 5137 points
2026-05-18T22:55:34 COLMAP[chunk_01_mapper_initial] I20260518 22:55:33.886204  3742 incremental_pipeline.cc:524] Registering image #38 (num_reg_frames=160)
2026-05-18T22:55:34 COLMAP[chunk_01_mapper_initial] I20260518 22:55:33.886255  3742 incremental_pipeline.cc:527] => Image sees 2029 / 5053 points
2026-05-18T22:55:35 COLMAP[chunk_01_mapper_initial] I20260518 22:55:34.929402  3742 incremental_pipeline.cc:524] Registering image #37 (num_reg_frames=161)
2026-05-18T22:55:35 COLMAP[chunk_01_mapper_initial] I20260518 22:55:34.929457  3742 incremental_pipeline.cc:527] => Image sees 2185 / 5722 points
2026-05-18T22:55:36 COLMAP[chunk_01_mapper_initial] I20260518 22:55:36.158828  3742 incremental_pipeline.cc:524] Registering image #39 (num_reg_frames=162)
2026-05-18T22:55:36 COLMAP[chunk_01_mapper_initial] I20260518 22:55:36.158880  3742 incremental_pipeline.cc:527] => Image sees 2373 / 4159 points
2026-05-18T22:55:38 COLMAP[chunk_01_mapper_initial] I20260518 22:55:37.202620  3742 incremental_pipeline.cc:524] Registering image #36 (num_reg_frames=163)
2026-05-18T22:55:38 COLMAP[chunk_01_mapper_initial] I20260518 22:55:37.202674  3742 incremental_pipeline.cc:527] => Image sees 2542 / 5756 points
2026-05-18T22:55:39 COLMAP[chunk_01_mapper_initial] I20260518 22:55:38.363957  3742 incremental_pipeline.cc:524] Registering image #35 (num_reg_frames=164)
2026-05-18T22:55:39 COLMAP[chunk_01_mapper_initial] I20260518 22:55:38.364007  3742 incremental_pipeline.cc:527] => Image sees 3311 / 5681 points
2026-05-18T22:55:40 COLMAP[chunk_01_mapper_initial] I20260518 22:55:39.500542  3742 incremental_pipeline.cc:524] Registering image #3 (num_reg_frames=165)
2026-05-18T22:55:40 COLMAP[chunk_01_mapper_initial] I20260518 22:55:39.500593  3742 incremental_pipeline.cc:527] => Image sees 2177 / 4229 points
2026-05-18T22:55:41 COLMAP[chunk_01_mapper_initial] I20260518 22:55:40.540776  3742 incremental_pipeline.cc:524] Registering image #1322 (num_reg_frames=166)
2026-05-18T22:55:41 COLMAP[chunk_01_mapper_initial] I20260518 22:55:40.540828  3742 incremental_pipeline.cc:527] => Image sees 4180 / 5135 points
2026-05-18T22:55:42 COLMAP[chunk_01_mapper_initial] I20260518 22:55:42.193750  3742 incremental_pipeline.cc:524] Registering image #787 (num_reg_frames=167)
2026-05-18T22:55:42 COLMAP[chunk_01_mapper_initial] I20260518 22:55:42.193804  3742 incremental_pipeline.cc:527] => Image sees 584 / 3660 points
2026-05-18T22:55:43 COLMAP[chunk_01_mapper_initial] I20260518 22:55:43.101924  3742 incremental_pipeline.cc:524] Registering image #788 (num_reg_frames=168)
2026-05-18T22:55:43 COLMAP[chunk_01_mapper_initial] I20260518 22:55:43.101979  3742 incremental_pipeline.cc:527] => Image sees 541 / 3298 points
2026-05-18T22:55:44 COLMAP[chunk_01_mapper_initial] I20260518 22:55:43.826974  3742 incremental_pipeline.cc:78] Retriangulation and Global bundle adjustment
2026-05-18T22:56:22 COLMAP[chunk_01_mapper_initial] I20260518 22:56:21.527581  3742 incremental_pipeline.cc:524] Registering image #786 (num_reg_frames=169)
2026-05-18T22:56:22 COLMAP[chunk_01_mapper_initial] I20260518 22:56:21.527662  3742 incremental_pipeline.cc:527] => Image sees 832 / 5607 points
2026-05-18T22:56:23 COLMAP[chunk_01_mapper_initial] I20260518 22:56:22.362016  3742 incremental_pipeline.cc:524] Registering image #741 (num_reg_frames=170)
2026-05-18T22:56:23 COLMAP[chunk_01_mapper_initial] I20260518 22:56:22.362071  3742 incremental_pipeline.cc:527] => Image sees 1144 / 5135 points
2026-05-18T22:56:23 COLMAP[chunk_01_mapper_initial] I20260518 22:56:23.229012  3742 incremental_pipeline.cc:524] Registering image #742 (num_reg_frames=171)
2026-05-18T22:56:23 COLMAP[chunk_01_mapper_initial] I20260518 22:56:23.229066  3742 incremental_pipeline.cc:527] => Image sees 1820 / 5081 points
2026-05-18T22:56:24 COLMAP[chunk_01_mapper_initial] I20260518 22:56:24.169986  3742 incremental_pipeline.cc:524] Registering image #743 (num_reg_frames=172)
2026-05-18T22:56:24 COLMAP[chunk_01_mapper_initial] I20260518 22:56:24.170034  3742 incremental_pipeline.cc:527] => Image sees 1812 / 4996 points
2026-05-18T22:56:25 COLMAP[chunk_01_mapper_initial] I20260518 22:56:25.186646  3742 incremental_pipeline.cc:524] Registering image #744 (num_reg_frames=173)
2026-05-18T22:56:25 COLMAP[chunk_01_mapper_initial] I20260518 22:56:25.186694  3742 incremental_pipeline.cc:527] => Image sees 1851 / 4549 points
2026-05-18T22:56:26 COLMAP[chunk_01_mapper_initial] I20260518 22:56:26.202060  3742 incremental_pipeline.cc:524] Registering image #740 (num_reg_frames=174)
2026-05-18T22:56:26 COLMAP[chunk_01_mapper_initial] I20260518 22:56:26.202111  3742 incremental_pipeline.cc:527] => Image sees 2265 / 5724 points
2026-05-18T22:56:28 COLMAP[chunk_01_mapper_initial] I20260518 22:56:27.323643  3742 incremental_pipeline.cc:524] Registering image #701 (num_reg_frames=175)
2026-05-18T22:56:28 COLMAP[chunk_01_mapper_initial] I20260518 22:56:27.323693  3742 incremental_pipeline.cc:527] => Image sees 2012 / 6632 points
2026-05-18T22:56:29 COLMAP[chunk_01_mapper_initial] I20260518 22:56:28.503273  3742 incremental_pipeline.cc:524] Registering image #700 (num_reg_frames=176)
2026-05-18T22:56:29 COLMAP[chunk_01_mapper_initial] I20260518 22:56:28.503324  3742 incremental_pipeline.cc:527] => Image sees 2291 / 6563 points
2026-05-18T22:56:30 COLMAP[chunk_01_mapper_initial] I20260518 22:56:29.710969  3742 incremental_pipeline.cc:524] Registering image #699 (num_reg_frames=177)
2026-05-18T22:56:30 COLMAP[chunk_01_mapper_initial] I20260518 22:56:29.711023  3742 incremental_pipeline.cc:527] => Image sees 2258 / 6305 points
2026-05-18T22:56:31 COLMAP[chunk_01_mapper_initial] I20260518 22:56:30.969282  3742 incremental_pipeline.cc:524] Registering image #698 (num_reg_frames=178)
2026-05-18T22:56:31 COLMAP[chunk_01_mapper_initial] I20260518 22:56:30.969336  3742 incremental_pipeline.cc:527] => Image sees 2600 / 5211 points
2026-05-18T22:56:32 COLMAP[chunk_01_mapper_initial] I20260518 22:56:32.229694  3742 incremental_pipeline.cc:524] Registering image #697 (num_reg_frames=179)
2026-05-18T22:56:32 COLMAP[chunk_01_mapper_initial] I20260518 22:56:32.229743  3742 incremental_pipeline.cc:527] => Image sees 3046 / 5961 points
2026-05-18T22:56:34 COLMAP[chunk_01_mapper_initial] I20260518 22:56:33.429563  3742 incremental_pipeline.cc:524] Registering image #739 (num_reg_frames=180)
2026-05-18T22:56:34 COLMAP[chunk_01_mapper_initial] I20260518 22:56:33.429617  3742 incremental_pipeline.cc:527] => Image sees 2705 / 4966 points
2026-05-18T22:56:35 COLMAP[chunk_01_mapper_initial] I20260518 22:56:34.582561  3742 incremental_pipeline.cc:524] Registering image #785 (num_reg_frames=181)
2026-05-18T22:56:35 COLMAP[chunk_01_mapper_initial] I20260518 22:56:34.582612  3742 incremental_pipeline.cc:527] => Image sees 2842 / 5110 points
2026-05-18T22:56:36 COLMAP[chunk_01_mapper_initial] I20260518 22:56:35.737792  3742 incremental_pipeline.cc:524] Registering image #784 (num_reg_frames=182)
2026-05-18T22:56:36 COLMAP[chunk_01_mapper_initial] I20260518 22:56:35.737843  3742 incremental_pipeline.cc:527] => Image sees 2329 / 3906 points
2026-05-18T22:56:37 COLMAP[chunk_01_mapper_initial] I20260518 22:56:36.901083  3742 incremental_pipeline.cc:524] Registering image #1323 (num_reg_frames=183)
2026-05-18T22:56:37 COLMAP[chunk_01_mapper_initial] I20260518 22:56:36.901132  3742 incremental_pipeline.cc:527] => Image sees 574 / 1091 points
2026-05-18T22:56:38 COLMAP[chunk_01_mapper_initial] I20260518 22:56:37.785566  3742 incremental_pipeline.cc:78] Retriangulation and Global bundle adjustment
2026-05-18T22:57:17 COLMAP[chunk_01_mapper_initial] I20260518 22:57:16.703186  3742 incremental_pipeline.cc:78] Retriangulation and Global bundle adjustment
2026-05-18T22:57:35 COLMAP[chunk_01_mapper_initial] I20260518 22:57:34.813659  3742 incremental_pipeline.cc:710] Keeping successful reconstruction
2026-05-18T22:57:35 COLMAP[chunk_01_mapper_initial] I20260518 22:57:35.111768  3742 timer.cc:90] Elapsed time: 10.957 [minutes]
2026-05-18T22:57:35 2026-05-18 22:57:35,188 - INFO - [chunk_01_mapper_initial_model_converter_0] colmap model_converter --input_path /tmp/colmap_sfm_gefg0_n4/chunk_01/sparse_initial/0 --output_path /tmp/colmap_sfm_gefg0_n4/text_models/chunk_01_mapper_initial/0 --output_type TXT
2026-05-18T22:57:40 2026-05-18 22:57:39,556 - INFO - chunk_01_mapper_initial model 0 registered 184/185 images and 152552 points
2026-05-18T22:58:34 2026-05-18 22:58:33,707 - INFO - Prepared chunk 2 database by pruning global features down to 186 images
2026-05-18T22:58:34 2026-05-18 22:58:33,708 - INFO - [chunk_02_spatial_matcher] colmap spatial_matcher --database_path /tmp/colmap_sfm_gefg0_n4/chunk_02/database.db --FeatureMatching.use_gpu 1 --FeatureMatching.guided_matching 1 --SpatialMatching.ignore_z 0 --SpatialMatching.max_num_neighbors 12 --SpatialMatching.max_distance 120.0
2026-05-18T22:58:34 COLMAP[chunk_02_spatial_matcher] I20260518 22:58:33.905392  5300 feature_matching.cc:195] === Feature matching & geometric verification ===
2026-05-18T22:58:34 COLMAP[chunk_02_spatial_matcher] I20260518 22:58:33.994403  5301 feature_matching_utils.cc:80] Bind FeatureMatcherWorker to GPU device 0
2026-05-18T22:58:34 COLMAP[chunk_02_spatial_matcher] I20260518 22:58:33.994408  5307 feature_matching_utils.cc:80] Bind FeatureMatcherWorker to GPU device 0
2026-05-18T22:58:34 COLMAP[chunk_02_spatial_matcher] I20260518 22:58:33.995206  5301 sift.cc:1547] Creating SIFT GPU feature matcher
2026-05-18T22:58:34 COLMAP[chunk_02_spatial_matcher] I20260518 22:58:33.995213  5307 sift.cc:1547] Creating SIFT GPU feature matcher
2026-05-18T22:58:34 COLMAP[chunk_02_spatial_matcher] I20260518 22:58:33.998854  5300 pairing.cc:560] Generating spatial image pairs...
2026-05-18T22:58:34 COLMAP[chunk_02_spatial_matcher] I20260518 22:58:33.998884  5300 pairing.cc:565] Indexing images...
2026-05-18T22:58:34 COLMAP[chunk_02_spatial_matcher] I20260518 22:58:34.000303  5300 pairing.cc:570]  in 0.001s
2026-05-18T22:58:34 COLMAP[chunk_02_spatial_matcher] I20260518 22:58:34.000332  5300 pairing.cc:584] Building search index...
2026-05-18T22:58:34 COLMAP[chunk_02_spatial_matcher] I20260518 22:58:34.000346  5300 pairing.cc:589]  in 0.000s
2026-05-18T22:58:34 COLMAP[chunk_02_spatial_matcher] I20260518 22:58:34.000353  5300 pairing.cc:592] Searching for nearest neighbors...
2026-05-18T22:58:34 COLMAP[chunk_02_spatial_matcher] I20260518 22:58:34.012488  5300 pairing.cc:608]  in 0.012s
2026-05-18T22:58:34 COLMAP[chunk_02_spatial_matcher] I20260518 22:58:34.012657  5300 pairing.cc:631] Processing image [1/186]
2026-05-18T22:58:34 COLMAP[chunk_02_spatial_matcher] I20260518 22:58:34.323912  5300 feature_matching.cc:217] in 0.311s
2026-05-18T22:58:34 COLMAP[chunk_02_spatial_matcher] I20260518 22:58:34.323966  5300 pairing.cc:631] Processing image [2/186]
2026-05-18T22:58:35 COLMAP[chunk_02_spatial_matcher] I20260518 22:58:34.813596  5300 feature_matching.cc:217] in 0.490s
2026-05-18T22:58:35 COLMAP[chunk_02_spatial_matcher] I20260518 22:58:34.813652  5300 pairing.cc:631] Processing image [3/186]
2026-05-18T22:58:35 COLMAP[chunk_02_spatial_matcher] I20260518 22:58:34.982645  5300 feature_matching.cc:217] in 0.169s
2026-05-18T22:58:35 COLMAP[chunk_02_spatial_matcher] I20260518 22:58:34.982699  5300 pairing.cc:631] Processing image [4/186]
2026-05-18T22:58:35 COLMAP[chunk_02_spatial_matcher] I20260518 22:58:35.186053  5300 feature_matching.cc:217] in 0.203s
2026-05-18T22:58:35 COLMAP[chunk_02_spatial_matcher] I20260518 22:58:35.186108  5300 pairing.cc:631] Processing image [5/186]
2026-05-18T22:58:36 COLMAP[chunk_02_spatial_matcher] I20260518 22:58:35.443161  5300 feature_matching.cc:217] in 0.257s
2026-05-18T22:58:36 COLMAP[chunk_02_spatial_matcher] I20260518 22:58:35.443218  5300 pairing.cc:631] Processing image [6/186]
2026-05-18T22:58:36 COLMAP[chunk_02_spatial_matcher] I20260518 22:58:35.743182  5300 feature_matching.cc:217] in 0.300s
2026-05-18T22:58:36 COLMAP[chunk_02_spatial_matcher] I20260518 22:58:35.743240  5300 pairing.cc:631] Processing image [7/186]
2026-05-18T22:58:36 COLMAP[chunk_02_spatial_matcher] I20260518 22:58:36.033990  5300 feature_matching.cc:217] in 0.291s
2026-05-18T22:58:36 COLMAP[chunk_02_spatial_matcher] I20260518 22:58:36.034044  5300 pairing.cc:631] Processing image [8/186]
2026-05-18T22:58:36 COLMAP[chunk_02_spatial_matcher] I20260518 22:58:36.322680  5300 feature_matching.cc:217] in 0.289s
2026-05-18T22:58:36 COLMAP[chunk_02_spatial_matcher] I20260518 22:58:36.322736  5300 pairing.cc:631] Processing image [9/186]
2026-05-18T22:58:37 COLMAP[chunk_02_spatial_matcher] I20260518 22:58:36.600508  5300 feature_matching.cc:217] in 0.278s
2026-05-18T22:58:37 COLMAP[chunk_02_spatial_matcher] I20260518 22:58:36.600562  5300 pairing.cc:631] Processing image [10/186]
2026-05-18T22:58:37 COLMAP[chunk_02_spatial_matcher] I20260518 22:58:36.850005  5300 feature_matching.cc:217] in 0.249s
2026-05-18T22:58:37 COLMAP[chunk_02_spatial_matcher] I20260518 22:58:36.850059  5300 pairing.cc:631] Processing image [11/186]
2026-05-18T22:58:37 COLMAP[chunk_02_spatial_matcher] I20260518 22:58:37.093510  5300 feature_matching.cc:217] in 0.243s
2026-05-18T22:58:37 COLMAP[chunk_02_spatial_matcher] I20260518 22:58:37.093564  5300 pairing.cc:631] Processing image [12/186]
2026-05-18T22:58:38 COLMAP[chunk_02_spatial_matcher] I20260518 22:58:37.590529  5300 feature_matching.cc:217] in 0.497s
2026-05-18T22:58:38 COLMAP[chunk_02_spatial_matcher] I20260518 22:58:37.590579  5300 pairing.cc:631] Processing image [13/186]
2026-05-18T22:58:38 COLMAP[chunk_02_spatial_matcher] I20260518 22:58:38.360176  5300 feature_matching.cc:217] in 0.770s
2026-05-18T22:58:38 COLMAP[chunk_02_spatial_matcher] I20260518 22:58:38.360232  5300 pairing.cc:631] Processing image [14/186]
2026-05-18T22:58:39 COLMAP[chunk_02_spatial_matcher] I20260518 22:58:38.624557  5300 feature_matching.cc:217] in 0.264s
2026-05-18T22:58:39 COLMAP[chunk_02_spatial_matcher] I20260518 22:58:38.624612  5300 pairing.cc:631] Processing image [15/186]
2026-05-18T22:58:39 COLMAP[chunk_02_spatial_matcher] I20260518 22:58:38.842320  5300 feature_matching.cc:217] in 0.218s
2026-05-18T22:58:39 COLMAP[chunk_02_spatial_matcher] I20260518 22:58:38.842375  5300 pairing.cc:631] Processing image [16/186]
2026-05-18T22:58:39 COLMAP[chunk_02_spatial_matcher] I20260518 22:58:39.153143  5300 feature_matching.cc:217] in 0.311s
2026-05-18T22:58:39 COLMAP[chunk_02_spatial_matcher] I20260518 22:58:39.153200  5300 pairing.cc:631] Processing image [17/186]
2026-05-18T22:58:40 COLMAP[chunk_02_spatial_matcher] I20260518 22:58:39.428742  5300 feature_matching.cc:217] in 0.276s
2026-05-18T22:58:40 COLMAP[chunk_02_spatial_matcher] I20260518 22:58:39.428795  5300 pairing.cc:631] Processing image [18/186]
2026-05-18T22:58:40 COLMAP[chunk_02_spatial_matcher] I20260518 22:58:39.685037  5300 feature_matching.cc:217] in 0.256s
2026-05-18T22:58:40 COLMAP[chunk_02_spatial_matcher] I20260518 22:58:39.685089  5300 pairing.cc:631] Processing image [19/186]
2026-05-18T22:58:40 COLMAP[chunk_02_spatial_matcher] I20260518 22:58:39.917632  5300 feature_matching.cc:217] in 0.233s
2026-05-18T22:58:40 COLMAP[chunk_02_spatial_matcher] I20260518 22:58:39.917686  5300 pairing.cc:631] Processing image [20/186]
2026-05-18T22:58:40 COLMAP[chunk_02_spatial_matcher] I20260518 22:58:40.154773  5300 feature_matching.cc:217] in 0.237s
2026-05-18T22:58:40 COLMAP[chunk_02_spatial_matcher] I20260518 22:58:40.154829  5300 pairing.cc:631] Processing image [21/186]
2026-05-18T22:58:41 COLMAP[chunk_02_spatial_matcher] I20260518 22:58:40.423632  5300 feature_matching.cc:217] in 0.269s
2026-05-18T22:58:41 COLMAP[chunk_02_spatial_matcher] I20260518 22:58:40.423683  5300 pairing.cc:631] Processing image [22/186]
2026-05-18T22:58:41 COLMAP[chunk_02_spatial_matcher] I20260518 22:58:40.846907  5300 feature_matching.cc:217] in 0.423s
2026-05-18T22:58:41 COLMAP[chunk_02_spatial_matcher] I20260518 22:58:40.846958  5300 pairing.cc:631] Processing image [23/186]
2026-05-18T22:58:41 COLMAP[chunk_02_spatial_matcher] I20260518 22:58:41.077168  5300 feature_matching.cc:217] in 0.230s
2026-05-18T22:58:41 COLMAP[chunk_02_spatial_matcher] I20260518 22:58:41.077222  5300 pairing.cc:631] Processing image [24/186]
2026-05-18T22:58:42 COLMAP[chunk_02_spatial_matcher] I20260518 22:58:41.551877  5300 feature_matching.cc:217] in 0.475s
2026-05-18T22:58:42 COLMAP[chunk_02_spatial_matcher] I20260518 22:58:41.551925  5300 pairing.cc:631] Processing image [25/186]
2026-05-18T22:58:42 COLMAP[chunk_02_spatial_matcher] I20260518 22:58:41.709225  5300 feature_matching.cc:217] in 0.157s
2026-05-18T22:58:42 COLMAP[chunk_02_spatial_matcher] I20260518 22:58:41.709271  5300 pairing.cc:631] Processing image [26/186]
2026-05-18T22:58:42 COLMAP[chunk_02_spatial_matcher] I20260518 22:58:41.893700  5300 feature_matching.cc:217] in 0.184s
2026-05-18T22:58:42 COLMAP[chunk_02_spatial_matcher] I20260518 22:58:41.893752  5300 pairing.cc:631] Processing image [27/186]
2026-05-18T22:58:42 COLMAP[chunk_02_spatial_matcher] I20260518 22:58:42.114871  5300 feature_matching.cc:217] in 0.221s
2026-05-18T22:58:42 COLMAP[chunk_02_spatial_matcher] I20260518 22:58:42.114920  5300 pairing.cc:631] Processing image [28/186]
2026-05-18T22:58:42 COLMAP[chunk_02_spatial_matcher] I20260518 22:58:42.309113  5300 feature_matching.cc:217] in 0.194s
2026-05-18T22:58:42 COLMAP[chunk_02_spatial_matcher] I20260518 22:58:42.309158  5300 pairing.cc:631] Processing image [29/186]
2026-05-18T22:58:43 COLMAP[chunk_02_spatial_matcher] I20260518 22:58:42.440433  5300 feature_matching.cc:217] in 0.131s
2026-05-18T22:58:43 COLMAP[chunk_02_spatial_matcher] I20260518 22:58:42.440477  5300 pairing.cc:631] Processing image [30/186]
2026-05-18T22:58:43 COLMAP[chunk_02_spatial_matcher] I20260518 22:58:42.584808  5300 feature_matching.cc:217] in 0.144s
2026-05-18T22:58:43 COLMAP[chunk_02_spatial_matcher] I20260518 22:58:42.584851  5300 pairing.cc:631] Processing image [31/186]
2026-05-18T22:58:43 COLMAP[chunk_02_spatial_matcher] I20260518 22:58:42.723738  5300 feature_matching.cc:217] in 0.139s
2026-05-18T22:58:43 COLMAP[chunk_02_spatial_matcher] I20260518 22:58:42.723784  5300 pairing.cc:631] Processing image [32/186]
2026-05-18T22:58:43 COLMAP[chunk_02_spatial_matcher] I20260518 22:58:42.895112  5300 feature_matching.cc:217] in 0.171s
2026-05-18T22:58:43 COLMAP[chunk_02_spatial_matcher] I20260518 22:58:42.895159  5300 pairing.cc:631] Processing image [33/186]
2026-05-18T22:58:43 COLMAP[chunk_02_spatial_matcher] I20260518 22:58:43.041687  5300 feature_matching.cc:217] in 0.147s
2026-05-18T22:58:43 COLMAP[chunk_02_spatial_matcher] I20260518 22:58:43.041733  5300 pairing.cc:631] Processing image [34/186]
2026-05-18T22:58:43 COLMAP[chunk_02_spatial_matcher] I20260518 22:58:43.182512  5300 feature_matching.cc:217] in 0.141s
2026-05-18T22:58:43 COLMAP[chunk_02_spatial_matcher] I20260518 22:58:43.182555  5300 pairing.cc:631] Processing image [35/186]
2026-05-18T22:58:43 COLMAP[chunk_02_spatial_matcher] I20260518 22:58:43.322763  5300 feature_matching.cc:217] in 0.140s
2026-05-18T22:58:43 COLMAP[chunk_02_spatial_matcher] I20260518 22:58:43.322811  5300 pairing.cc:631] Processing image [36/186]
2026-05-18T22:58:44 COLMAP[chunk_02_spatial_matcher] I20260518 22:58:43.469776  5300 feature_matching.cc:217] in 0.147s
2026-05-18T22:58:44 COLMAP[chunk_02_spatial_matcher] I20260518 22:58:43.469825  5300 pairing.cc:631] Processing image [37/186]
2026-05-18T22:58:44 COLMAP[chunk_02_spatial_matcher] I20260518 22:58:43.609342  5300 feature_matching.cc:217] in 0.140s
2026-05-18T22:58:44 COLMAP[chunk_02_spatial_matcher] I20260518 22:58:43.609395  5300 pairing.cc:631] Processing image [38/186]
2026-05-18T22:58:44 COLMAP[chunk_02_spatial_matcher] I20260518 22:58:44.043499  5300 feature_matching.cc:217] in 0.434s
2026-05-18T22:58:44 COLMAP[chunk_02_spatial_matcher] I20260518 22:58:44.043546  5300 pairing.cc:631] Processing image [39/186]
2026-05-18T22:58:45 COLMAP[chunk_02_spatial_matcher] I20260518 22:58:44.414913  5300 feature_matching.cc:217] in 0.371s
2026-05-18T22:58:45 COLMAP[chunk_02_spatial_matcher] I20260518 22:58:44.414965  5300 pairing.cc:631] Processing image [40/186]
2026-05-18T22:58:45 COLMAP[chunk_02_spatial_matcher] I20260518 22:58:44.502455  5300 feature_matching.cc:217] in 0.088s
2026-05-18T22:58:45 COLMAP[chunk_02_spatial_matcher] I20260518 22:58:44.502504  5300 pairing.cc:631] Processing image [41/186]
2026-05-18T22:58:45 COLMAP[chunk_02_spatial_matcher] I20260518 22:58:44.560242  5300 feature_matching.cc:217] in 0.058s
2026-05-18T22:58:45 COLMAP[chunk_02_spatial_matcher] I20260518 22:58:44.560289  5300 pairing.cc:631] Processing image [42/186]
2026-05-18T22:58:45 COLMAP[chunk_02_spatial_matcher] I20260518 22:58:44.644557  5300 feature_matching.cc:217] in 0.084s
2026-05-18T22:58:45 COLMAP[chunk_02_spatial_matcher] I20260518 22:58:44.644606  5300 pairing.cc:631] Processing image [43/186]
2026-05-18T22:58:45 COLMAP[chunk_02_spatial_matcher] I20260518 22:58:44.715873  5300 feature_matching.cc:217] in 0.071s
2026-05-18T22:58:45 COLMAP[chunk_02_spatial_matcher] I20260518 22:58:44.715914  5300 pairing.cc:631] Processing image [44/186]
2026-05-18T22:58:45 COLMAP[chunk_02_spatial_matcher] I20260518 22:58:44.825657  5300 feature_matching.cc:217] in 0.110s
2026-05-18T22:58:45 COLMAP[chunk_02_spatial_matcher] I20260518 22:58:44.825697  5300 pairing.cc:631] Processing image [45/186]
2026-05-18T22:58:45 COLMAP[chunk_02_spatial_matcher] I20260518 22:58:44.891433  5300 feature_matching.cc:217] in 0.066s
2026-05-18T22:58:45 COLMAP[chunk_02_spatial_matcher] I20260518 22:58:44.891471  5300 pairing.cc:631] Processing image [46/186]
2026-05-18T22:58:45 COLMAP[chunk_02_spatial_matcher] I20260518 22:58:44.988751  5300 feature_matching.cc:217] in 0.097s
2026-05-18T22:58:45 COLMAP[chunk_02_spatial_matcher] I20260518 22:58:44.988791  5300 pairing.cc:631] Processing image [47/186]
2026-05-18T22:58:45 COLMAP[chunk_02_spatial_matcher] I20260518 22:58:45.097257  5300 feature_matching.cc:217] in 0.108s
2026-05-18T22:58:45 COLMAP[chunk_02_spatial_matcher] I20260518 22:58:45.097306  5300 pairing.cc:631] Processing image [48/186]
2026-05-18T22:58:45 COLMAP[chunk_02_spatial_matcher] I20260518 22:58:45.180879  5300 feature_matching.cc:217] in 0.084s
2026-05-18T22:58:45 COLMAP[chunk_02_spatial_matcher] I20260518 22:58:45.180924  5300 pairing.cc:631] Processing image [49/186]
2026-05-18T22:58:45 COLMAP[chunk_02_spatial_matcher] I20260518 22:58:45.241344  5300 feature_matching.cc:217] in 0.060s
2026-05-18T22:58:45 COLMAP[chunk_02_spatial_matcher] I20260518 22:58:45.241390  5300 pairing.cc:631] Processing image [50/186]
2026-05-18T22:58:45 COLMAP[chunk_02_spatial_matcher] I20260518 22:58:45.294649  5300 feature_matching.cc:217] in 0.053s
2026-05-18T22:58:45 COLMAP[chunk_02_spatial_matcher] I20260518 22:58:45.294683  5300 pairing.cc:631] Processing image [51/186]
2026-05-18T22:58:45 COLMAP[chunk_02_spatial_matcher] I20260518 22:58:45.396459  5300 feature_matching.cc:217] in 0.102s
2026-05-18T22:58:45 COLMAP[chunk_02_spatial_matcher] I20260518 22:58:45.396494  5300 pairing.cc:631] Processing image [52/186]
2026-05-18T22:58:46 COLMAP[chunk_02_spatial_matcher] I20260518 22:58:45.874907  5300 feature_matching.cc:217] in 0.478s
2026-05-18T22:58:46 COLMAP[chunk_02_spatial_matcher] I20260518 22:58:45.874953  5300 pairing.cc:631] Processing image [53/186]
2026-05-18T22:58:46 COLMAP[chunk_02_spatial_matcher] I20260518 22:58:45.969489  5300 feature_matching.cc:217] in 0.095s
2026-05-18T22:58:46 COLMAP[chunk_02_spatial_matcher] I20260518 22:58:45.969533  5300 pairing.cc:631] Processing image [54/186]
2026-05-18T22:58:46 COLMAP[chunk_02_spatial_matcher] I20260518 22:58:46.036108  5300 feature_matching.cc:217] in 0.067s
2026-05-18T22:58:46 COLMAP[chunk_02_spatial_matcher] I20260518 22:58:46.036149  5300 pairing.cc:631] Processing image [55/186]
2026-05-18T22:58:46 COLMAP[chunk_02_spatial_matcher] I20260518 22:58:46.096949  5300 feature_matching.cc:217] in 0.061s
2026-05-18T22:58:46 COLMAP[chunk_02_spatial_matcher] I20260518 22:58:46.096989  5300 pairing.cc:631] Processing image [56/186]
2026-05-18T22:58:47 COLMAP[chunk_02_spatial_matcher] I20260518 22:58:46.653254  5300 feature_matching.cc:217] in 0.556s
2026-05-18T22:58:47 COLMAP[chunk_02_spatial_matcher] I20260518 22:58:46.653301  5300 pairing.cc:631] Processing image [57/186]
2026-05-18T22:58:47 COLMAP[chunk_02_spatial_matcher] I20260518 22:58:47.131938  5300 feature_matching.cc:217] in 0.479s
2026-05-18T22:58:47 COLMAP[chunk_02_spatial_matcher] I20260518 22:58:47.131989  5300 pairing.cc:631] Processing image [58/186]
2026-05-18T22:58:48 COLMAP[chunk_02_spatial_matcher] I20260518 22:58:47.704241  5300 feature_matching.cc:217] in 0.572s
2026-05-18T22:58:48 COLMAP[chunk_02_spatial_matcher] I20260518 22:58:47.704288  5300 pairing.cc:631] Processing image [59/186]
2026-05-18T22:58:48 COLMAP[chunk_02_spatial_matcher] I20260518 22:58:48.254928  5300 feature_matching.cc:217] in 0.551s
2026-05-18T22:58:48 COLMAP[chunk_02_spatial_matcher] I20260518 22:58:48.254982  5300 pairing.cc:631] Processing image [60/186]
2026-05-18T22:58:49 COLMAP[chunk_02_spatial_matcher] I20260518 22:58:48.803802  5300 feature_matching.cc:217] in 0.549s
2026-05-18T22:58:49 COLMAP[chunk_02_spatial_matcher] I20260518 22:58:48.803851  5300 pairing.cc:631] Processing image [61/186]
2026-05-18T22:58:49 COLMAP[chunk_02_spatial_matcher] I20260518 22:58:49.093585  5300 feature_matching.cc:217] in 0.290s
2026-05-18T22:58:49 COLMAP[chunk_02_spatial_matcher] I20260518 22:58:49.093634  5300 pairing.cc:631] Processing image [62/186]
2026-05-18T22:58:49 COLMAP[chunk_02_spatial_matcher] I20260518 22:58:49.290911  5300 feature_matching.cc:217] in 0.197s
2026-05-18T22:58:49 COLMAP[chunk_02_spatial_matcher] I20260518 22:58:49.290962  5300 pairing.cc:631] Processing image [63/186]
2026-05-18T22:58:50 COLMAP[chunk_02_spatial_matcher] I20260518 22:58:49.499089  5300 feature_matching.cc:217] in 0.208s
2026-05-18T22:58:50 COLMAP[chunk_02_spatial_matcher] I20260518 22:58:49.499140  5300 pairing.cc:631] Processing image [64/186]
2026-05-18T22:58:50 COLMAP[chunk_02_spatial_matcher] I20260518 22:58:49.700220  5300 feature_matching.cc:217] in 0.201s
2026-05-18T22:58:50 COLMAP[chunk_02_spatial_matcher] I20260518 22:58:49.700263  5300 pairing.cc:631] Processing image [65/186]
2026-05-18T22:58:50 COLMAP[chunk_02_spatial_matcher] I20260518 22:58:49.973222  5300 feature_matching.cc:217] in 0.273s
2026-05-18T22:58:50 COLMAP[chunk_02_spatial_matcher] I20260518 22:58:49.973268  5300 pairing.cc:631] Processing image [66/186]
2026-05-18T22:58:50 COLMAP[chunk_02_spatial_matcher] I20260518 22:58:50.199281  5300 feature_matching.cc:217] in 0.226s
2026-05-18T22:58:50 COLMAP[chunk_02_spatial_matcher] I20260518 22:58:50.199332  5300 pairing.cc:631] Processing image [67/186]
2026-05-18T22:58:50 COLMAP[chunk_02_spatial_matcher] I20260518 22:58:50.396441  5300 feature_matching.cc:217] in 0.197s
2026-05-18T22:58:50 COLMAP[chunk_02_spatial_matcher] I20260518 22:58:50.396492  5300 pairing.cc:631] Processing image [68/186]
2026-05-18T22:58:51 COLMAP[chunk_02_spatial_matcher] I20260518 22:58:50.495648  5300 feature_matching.cc:217] in 0.099s
2026-05-18T22:58:51 COLMAP[chunk_02_spatial_matcher] I20260518 22:58:50.495694  5300 pairing.cc:631] Processing image [69/186]
2026-05-18T22:58:51 COLMAP[chunk_02_spatial_matcher] I20260518 22:58:50.622483  5300 feature_matching.cc:217] in 0.127s
2026-05-18T22:58:51 COLMAP[chunk_02_spatial_matcher] I20260518 22:58:50.622525  5300 pairing.cc:631] Processing image [70/186]
2026-05-18T22:58:51 COLMAP[chunk_02_spatial_matcher] I20260518 22:58:50.718504  5300 feature_matching.cc:217] in 0.096s
2026-05-18T22:58:51 COLMAP[chunk_02_spatial_matcher] I20260518 22:58:50.718545  5300 pairing.cc:631] Processing image [71/186]
2026-05-18T22:58:51 COLMAP[chunk_02_spatial_matcher] I20260518 22:58:50.847254  5300 feature_matching.cc:217] in 0.129s
2026-05-18T22:58:51 COLMAP[chunk_02_spatial_matcher] I20260518 22:58:50.847299  5300 pairing.cc:631] Processing image [72/186]
2026-05-18T22:58:51 COLMAP[chunk_02_spatial_matcher] I20260518 22:58:50.919603  5300 feature_matching.cc:217] in 0.072s
2026-05-18T22:58:51 COLMAP[chunk_02_spatial_matcher] I20260518 22:58:50.919648  5300 pairing.cc:631] Processing image [73/186]
2026-05-18T22:58:51 COLMAP[chunk_02_spatial_matcher] I20260518 22:58:51.007346  5300 feature_matching.cc:217] in 0.088s
2026-05-18T22:58:51 COLMAP[chunk_02_spatial_matcher] I20260518 22:58:51.007400  5300 pairing.cc:631] Processing image [74/186]
2026-05-18T22:58:51 COLMAP[chunk_02_spatial_matcher] I20260518 22:58:51.156390  5300 feature_matching.cc:217] in 0.149s
2026-05-18T22:58:51 COLMAP[chunk_02_spatial_matcher] I20260518 22:58:51.156436  5300 pairing.cc:631] Processing image [75/186]
2026-05-18T22:58:51 COLMAP[chunk_02_spatial_matcher] I20260518 22:58:51.333226  5300 feature_matching.cc:217] in 0.177s
2026-05-18T22:58:51 COLMAP[chunk_02_spatial_matcher] I20260518 22:58:51.333269  5300 pairing.cc:631] Processing image [76/186]
2026-05-18T22:58:52 COLMAP[chunk_02_spatial_matcher] I20260518 22:58:51.448755  5300 feature_matching.cc:217] in 0.116s
2026-05-18T22:58:52 COLMAP[chunk_02_spatial_matcher] I20260518 22:58:51.448794  5300 pairing.cc:631] Processing image [77/186]
2026-05-18T22:58:52 COLMAP[chunk_02_spatial_matcher] I20260518 22:58:51.659493  5300 feature_matching.cc:217] in 0.211s
2026-05-18T22:58:52 COLMAP[chunk_02_spatial_matcher] I20260518 22:58:51.659536  5300 pairing.cc:631] Processing image [78/186]
2026-05-18T22:58:52 COLMAP[chunk_02_spatial_matcher] I20260518 22:58:51.932464  5300 feature_matching.cc:217] in 0.273s
2026-05-18T22:58:52 COLMAP[chunk_02_spatial_matcher] I20260518 22:58:51.932513  5300 pairing.cc:631] Processing image [79/186]
2026-05-18T22:58:52 COLMAP[chunk_02_spatial_matcher] I20260518 22:58:52.162508  5300 feature_matching.cc:217] in 0.230s
2026-05-18T22:58:52 COLMAP[chunk_02_spatial_matcher] I20260518 22:58:52.162554  5300 pairing.cc:631] Processing image [80/186]
2026-05-18T22:58:52 COLMAP[chunk_02_spatial_matcher] I20260518 22:58:52.351850  5300 feature_matching.cc:217] in 0.189s
2026-05-18T22:58:52 COLMAP[chunk_02_spatial_matcher] I20260518 22:58:52.351902  5300 pairing.cc:631] Processing image [81/186]
2026-05-18T22:58:53 COLMAP[chunk_02_spatial_matcher] I20260518 22:58:52.682391  5300 feature_matching.cc:217] in 0.331s
2026-05-18T22:58:53 COLMAP[chunk_02_spatial_matcher] I20260518 22:58:52.682437  5300 pairing.cc:631] Processing image [82/186]
2026-05-18T22:58:53 COLMAP[chunk_02_spatial_matcher] I20260518 22:58:52.770205  5300 feature_matching.cc:217] in 0.088s
2026-05-18T22:58:53 COLMAP[chunk_02_spatial_matcher] I20260518 22:58:52.770263  5300 pairing.cc:631] Processing image [83/186]
2026-05-18T22:58:54 COLMAP[chunk_02_spatial_matcher] I20260518 22:58:53.483944  5300 feature_matching.cc:217] in 0.714s
2026-05-18T22:58:54 COLMAP[chunk_02_spatial_matcher] I20260518 22:58:53.483994  5300 pairing.cc:631] Processing image [84/186]
2026-05-18T22:58:54 COLMAP[chunk_02_spatial_matcher] I20260518 22:58:54.100836  5300 feature_matching.cc:217] in 0.617s
2026-05-18T22:58:54 COLMAP[chunk_02_spatial_matcher] I20260518 22:58:54.100883  5300 pairing.cc:631] Processing image [85/186]
2026-05-18T22:58:55 COLMAP[chunk_02_spatial_matcher] I20260518 22:58:54.717846  5300 feature_matching.cc:217] in 0.617s
2026-05-18T22:58:55 COLMAP[chunk_02_spatial_matcher] I20260518 22:58:54.717895  5300 pairing.cc:631] Processing image [86/186]
2026-05-18T22:58:55 COLMAP[chunk_02_spatial_matcher] I20260518 22:58:55.388630  5300 feature_matching.cc:217] in 0.671s
2026-05-18T22:58:55 COLMAP[chunk_02_spatial_matcher] I20260518 22:58:55.388680  5300 pairing.cc:631] Processing image [87/186]
2026-05-18T22:58:56 COLMAP[chunk_02_spatial_matcher] I20260518 22:58:55.990074  5300 feature_matching.cc:217] in 0.601s
2026-05-18T22:58:56 COLMAP[chunk_02_spatial_matcher] I20260518 22:58:55.990121  5300 pairing.cc:631] Processing image [88/186]
2026-05-18T22:58:57 COLMAP[chunk_02_spatial_matcher] I20260518 22:58:56.771529  5300 feature_matching.cc:217] in 0.781s
2026-05-18T22:58:57 COLMAP[chunk_02_spatial_matcher] I20260518 22:58:56.771579  5300 pairing.cc:631] Processing image [89/186]
2026-05-18T22:58:58 COLMAP[chunk_02_spatial_matcher] I20260518 22:58:57.745615  5300 feature_matching.cc:217] in 0.974s
2026-05-18T22:58:58 COLMAP[chunk_02_spatial_matcher] I20260518 22:58:57.745662  5300 pairing.cc:631] Processing image [90/186]
2026-05-18T22:58:58 COLMAP[chunk_02_spatial_matcher] I20260518 22:58:58.396162  5300 feature_matching.cc:217] in 0.651s
2026-05-18T22:58:58 COLMAP[chunk_02_spatial_matcher] I20260518 22:58:58.396211  5300 pairing.cc:631] Processing image [91/186]
2026-05-18T22:58:59 COLMAP[chunk_02_spatial_matcher] I20260518 22:58:58.700376  5300 feature_matching.cc:217] in 0.304s
2026-05-18T22:58:59 COLMAP[chunk_02_spatial_matcher] I20260518 22:58:58.700423  5300 pairing.cc:631] Processing image [92/186]
2026-05-18T22:58:59 COLMAP[chunk_02_spatial_matcher] I20260518 22:58:59.215423  5300 feature_matching.cc:217] in 0.515s
2026-05-18T22:58:59 COLMAP[chunk_02_spatial_matcher] I20260518 22:58:59.215466  5300 pairing.cc:631] Processing image [93/186]
2026-05-18T22:58:59 COLMAP[chunk_02_spatial_matcher] I20260518 22:58:59.332335  5300 feature_matching.cc:217] in 0.117s
2026-05-18T22:58:59 COLMAP[chunk_02_spatial_matcher] I20260518 22:58:59.332376  5300 pairing.cc:631] Processing image [94/186]
2026-05-18T22:59:00 COLMAP[chunk_02_spatial_matcher] I20260518 22:58:59.443042  5300 feature_matching.cc:217] in 0.111s
2026-05-18T22:59:00 COLMAP[chunk_02_spatial_matcher] I20260518 22:58:59.443080  5300 pairing.cc:631] Processing image [95/186]
2026-05-18T22:59:00 COLMAP[chunk_02_spatial_matcher] I20260518 22:58:59.443200  5300 feature_matching.cc:217] in 0.000s
2026-05-18T22:59:00 COLMAP[chunk_02_spatial_matcher] I20260518 22:58:59.443217  5300 pairing.cc:631] Processing image [96/186]
2026-05-18T22:59:00 COLMAP[chunk_02_spatial_matcher] I20260518 22:58:59.780485  5300 feature_matching.cc:217] in 0.337s
2026-05-18T22:59:00 COLMAP[chunk_02_spatial_matcher] I20260518 22:58:59.780531  5300 pairing.cc:631] Processing image [97/186]
2026-05-18T22:59:00 COLMAP[chunk_02_spatial_matcher] I20260518 22:59:00.025074  5300 feature_matching.cc:217] in 0.245s
2026-05-18T22:59:00 COLMAP[chunk_02_spatial_matcher] I20260518 22:59:00.025125  5300 pairing.cc:631] Processing image [98/186]
2026-05-18T22:59:00 COLMAP[chunk_02_spatial_matcher] I20260518 22:59:00.220149  5300 feature_matching.cc:217] in 0.195s
2026-05-18T22:59:00 COLMAP[chunk_02_spatial_matcher] I20260518 22:59:00.220201  5300 pairing.cc:631] Processing image [99/186]
2026-05-18T22:59:00 COLMAP[chunk_02_spatial_matcher] I20260518 22:59:00.393524  5300 feature_matching.cc:217] in 0.173s
2026-05-18T22:59:00 COLMAP[chunk_02_spatial_matcher] I20260518 22:59:00.393572  5300 pairing.cc:631] Processing image [100/186]
2026-05-18T22:59:01 COLMAP[chunk_02_spatial_matcher] I20260518 22:59:00.567047  5300 feature_matching.cc:217] in 0.174s
2026-05-18T22:59:01 COLMAP[chunk_02_spatial_matcher] I20260518 22:59:00.567095  5300 pairing.cc:631] Processing image [101/186]
2026-05-18T22:59:01 COLMAP[chunk_02_spatial_matcher] I20260518 22:59:01.295835  5300 feature_matching.cc:217] in 0.729s
2026-05-18T22:59:01 COLMAP[chunk_02_spatial_matcher] I20260518 22:59:01.295881  5300 pairing.cc:631] Processing image [102/186]
2026-05-18T22:59:02 COLMAP[chunk_02_spatial_matcher] I20260518 22:59:01.507921  5300 feature_matching.cc:217] in 0.212s
2026-05-18T22:59:02 COLMAP[chunk_02_spatial_matcher] I20260518 22:59:01.507967  5300 pairing.cc:631] Processing image [103/186]
2026-05-18T22:59:02 COLMAP[chunk_02_spatial_matcher] I20260518 22:59:01.923959  5300 feature_matching.cc:217] in 0.416s
2026-05-18T22:59:02 COLMAP[chunk_02_spatial_matcher] I20260518 22:59:01.924000  5300 pairing.cc:631] Processing image [104/186]
2026-05-18T22:59:02 COLMAP[chunk_02_spatial_matcher] I20260518 22:59:02.037819  5300 feature_matching.cc:217] in 0.114s
2026-05-18T22:59:02 COLMAP[chunk_02_spatial_matcher] I20260518 22:59:02.037863  5300 pairing.cc:631] Processing image [105/186]
2026-05-18T22:59:02 COLMAP[chunk_02_spatial_matcher] I20260518 22:59:02.179059  5300 feature_matching.cc:217] in 0.141s
2026-05-18T22:59:02 COLMAP[chunk_02_spatial_matcher] I20260518 22:59:02.179102  5300 pairing.cc:631] Processing image [106/186]
2026-05-18T22:59:03 COLMAP[chunk_02_spatial_matcher] I20260518 22:59:02.574533  5300 feature_matching.cc:217] in 0.395s
2026-05-18T22:59:03 COLMAP[chunk_02_spatial_matcher] I20260518 22:59:02.574575  5300 pairing.cc:631] Processing image [107/186]
2026-05-18T22:59:03 COLMAP[chunk_02_spatial_matcher] I20260518 22:59:02.963505  5300 feature_matching.cc:217] in 0.389s
2026-05-18T22:59:03 COLMAP[chunk_02_spatial_matcher] I20260518 22:59:02.963547  5300 pairing.cc:631] Processing image [108/186]
2026-05-18T22:59:03 COLMAP[chunk_02_spatial_matcher] I20260518 22:59:03.104882  5300 feature_matching.cc:217] in 0.141s
2026-05-18T22:59:03 COLMAP[chunk_02_spatial_matcher] I20260518 22:59:03.104925  5300 pairing.cc:631] Processing image [109/186]
2026-05-18T22:59:03 COLMAP[chunk_02_spatial_matcher] I20260518 22:59:03.181963  5300 feature_matching.cc:217] in 0.077s
2026-05-18T22:59:03 COLMAP[chunk_02_spatial_matcher] I20260518 22:59:03.182001  5300 pairing.cc:631] Processing image [110/186]
2026-05-18T22:59:03 COLMAP[chunk_02_spatial_matcher] I20260518 22:59:03.240302  5300 feature_matching.cc:217] in 0.058s
2026-05-18T22:59:03 COLMAP[chunk_02_spatial_matcher] I20260518 22:59:03.240337  5300 pairing.cc:631] Processing image [111/186]
2026-05-18T22:59:04 COLMAP[chunk_02_spatial_matcher] I20260518 22:59:03.632210  5300 feature_matching.cc:217] in 0.392s
2026-05-18T22:59:04 COLMAP[chunk_02_spatial_matcher] I20260518 22:59:03.632256  5300 pairing.cc:631] Processing image [112/186]
2026-05-18T22:59:05 COLMAP[chunk_02_spatial_matcher] I20260518 22:59:05.262306  5300 feature_matching.cc:217] in 1.630s
2026-05-18T22:59:05 COLMAP[chunk_02_spatial_matcher] I20260518 22:59:05.262365  5300 pairing.cc:631] Processing image [113/186]
2026-05-18T22:59:07 COLMAP[chunk_02_spatial_matcher] I20260518 22:59:06.750593  5300 feature_matching.cc:217] in 1.488s
2026-05-18T22:59:07 COLMAP[chunk_02_spatial_matcher] I20260518 22:59:06.750643  5300 pairing.cc:631] Processing image [114/186]
2026-05-18T22:59:08 COLMAP[chunk_02_spatial_matcher] I20260518 22:59:07.926036  5300 feature_matching.cc:217] in 1.175s
2026-05-18T22:59:08 COLMAP[chunk_02_spatial_matcher] I20260518 22:59:07.926082  5300 pairing.cc:631] Processing image [115/186]
2026-05-18T22:59:09 COLMAP[chunk_02_spatial_matcher] I20260518 22:59:08.976050  5300 feature_matching.cc:217] in 1.050s
2026-05-18T22:59:09 COLMAP[chunk_02_spatial_matcher] I20260518 22:59:08.976094  5300 pairing.cc:631] Processing image [116/186]
2026-05-18T22:59:09 COLMAP[chunk_02_spatial_matcher] I20260518 22:59:09.082551  5300 feature_matching.cc:217] in 0.106s
2026-05-18T22:59:09 COLMAP[chunk_02_spatial_matcher] I20260518 22:59:09.082594  5300 pairing.cc:631] Processing image [117/186]
2026-05-18T22:59:09 COLMAP[chunk_02_spatial_matcher] I20260518 22:59:09.169800  5300 feature_matching.cc:217] in 0.087s
2026-05-18T22:59:09 COLMAP[chunk_02_spatial_matcher] I20260518 22:59:09.169847  5300 pairing.cc:631] Processing image [118/186]
2026-05-18T22:59:10 COLMAP[chunk_02_spatial_matcher] I20260518 22:59:09.622382  5300 feature_matching.cc:217] in 0.453s
2026-05-18T22:59:10 COLMAP[chunk_02_spatial_matcher] I20260518 22:59:09.622427  5300 pairing.cc:631] Processing image [119/186]
2026-05-18T22:59:10 COLMAP[chunk_02_spatial_matcher] I20260518 22:59:10.154543  5300 feature_matching.cc:217] in 0.532s
2026-05-18T22:59:10 COLMAP[chunk_02_spatial_matcher] I20260518 22:59:10.154587  5300 pairing.cc:631] Processing image [120/186]
2026-05-18T22:59:11 COLMAP[chunk_02_spatial_matcher] I20260518 22:59:10.740408  5300 feature_matching.cc:217] in 0.586s
2026-05-18T22:59:11 COLMAP[chunk_02_spatial_matcher] I20260518 22:59:10.740458  5300 pairing.cc:631] Processing image [121/186]
2026-05-18T22:59:12 COLMAP[chunk_02_spatial_matcher] I20260518 22:59:11.818374  5300 feature_matching.cc:217] in 1.078s
2026-05-18T22:59:12 COLMAP[chunk_02_spatial_matcher] I20260518 22:59:11.818423  5300 pairing.cc:631] Processing image [122/186]
2026-05-18T22:59:13 COLMAP[chunk_02_spatial_matcher] I20260518 22:59:12.863296  5300 feature_matching.cc:217] in 1.045s
2026-05-18T22:59:13 COLMAP[chunk_02_spatial_matcher] I20260518 22:59:12.863345  5300 pairing.cc:631] Processing image [123/186]
2026-05-18T22:59:14 COLMAP[chunk_02_spatial_matcher] I20260518 22:59:13.597708  5300 feature_matching.cc:217] in 0.734s
2026-05-18T22:59:14 COLMAP[chunk_02_spatial_matcher] I20260518 22:59:13.597759  5300 pairing.cc:631] Processing image [124/186]
2026-05-18T22:59:14 COLMAP[chunk_02_spatial_matcher] I20260518 22:59:13.772969  5300 feature_matching.cc:217] in 0.175s
2026-05-18T22:59:14 COLMAP[chunk_02_spatial_matcher] I20260518 22:59:13.773012  5300 pairing.cc:631] Processing image [125/186]
2026-05-18T22:59:14 COLMAP[chunk_02_spatial_matcher] I20260518 22:59:13.997604  5300 feature_matching.cc:217] in 0.225s
2026-05-18T22:59:14 COLMAP[chunk_02_spatial_matcher] I20260518 22:59:13.997648  5300 pairing.cc:631] Processing image [126/186]
2026-05-18T22:59:14 COLMAP[chunk_02_spatial_matcher] I20260518 22:59:14.123162  5300 feature_matching.cc:217] in 0.126s
2026-05-18T22:59:14 COLMAP[chunk_02_spatial_matcher] I20260518 22:59:14.123205  5300 pairing.cc:631] Processing image [127/186]
2026-05-18T22:59:14 COLMAP[chunk_02_spatial_matcher] I20260518 22:59:14.213582  5300 feature_matching.cc:217] in 0.090s
2026-05-18T22:59:14 COLMAP[chunk_02_spatial_matcher] I20260518 22:59:14.213625  5300 pairing.cc:631] Processing image [128/186]
2026-05-18T22:59:14 COLMAP[chunk_02_spatial_matcher] I20260518 22:59:14.293663  5300 feature_matching.cc:217] in 0.080s
2026-05-18T22:59:14 COLMAP[chunk_02_spatial_matcher] I20260518 22:59:14.293699  5300 pairing.cc:631] Processing image [129/186]
2026-05-18T22:59:14 COLMAP[chunk_02_spatial_matcher] I20260518 22:59:14.367475  5300 feature_matching.cc:217] in 0.074s
2026-05-18T22:59:14 COLMAP[chunk_02_spatial_matcher] I20260518 22:59:14.367511  5300 pairing.cc:631] Processing image [130/186]
2026-05-18T22:59:15 COLMAP[chunk_02_spatial_matcher] I20260518 22:59:14.922216  5300 feature_matching.cc:217] in 0.555s
2026-05-18T22:59:15 COLMAP[chunk_02_spatial_matcher] I20260518 22:59:14.922259  5300 pairing.cc:631] Processing image [131/186]
2026-05-18T22:59:16 COLMAP[chunk_02_spatial_matcher] I20260518 22:59:15.622072  5300 feature_matching.cc:217] in 0.700s
2026-05-18T22:59:16 COLMAP[chunk_02_spatial_matcher] I20260518 22:59:15.622123  5300 pairing.cc:631] Processing image [132/186]
2026-05-18T22:59:16 COLMAP[chunk_02_spatial_matcher] I20260518 22:59:16.300182  5300 feature_matching.cc:217] in 0.678s
2026-05-18T22:59:16 COLMAP[chunk_02_spatial_matcher] I20260518 22:59:16.300230  5300 pairing.cc:631] Processing image [133/186]
2026-05-18T22:59:17 COLMAP[chunk_02_spatial_matcher] I20260518 22:59:17.026803  5300 feature_matching.cc:217] in 0.727s
2026-05-18T22:59:17 COLMAP[chunk_02_spatial_matcher] I20260518 22:59:17.026846  5300 pairing.cc:631] Processing image [134/186]
2026-05-18T22:59:18 COLMAP[chunk_02_spatial_matcher] I20260518 22:59:17.515784  5300 feature_matching.cc:217] in 0.489s
2026-05-18T22:59:18 COLMAP[chunk_02_spatial_matcher] I20260518 22:59:17.515836  5300 pairing.cc:631] Processing image [135/186]
2026-05-18T22:59:18 COLMAP[chunk_02_spatial_matcher] I20260518 22:59:17.760185  5300 feature_matching.cc:217] in 0.244s
2026-05-18T22:59:18 COLMAP[chunk_02_spatial_matcher] I20260518 22:59:17.760231  5300 pairing.cc:631] Processing image [136/186]
2026-05-18T22:59:18 COLMAP[chunk_02_spatial_matcher] I20260518 22:59:18.078796  5300 feature_matching.cc:217] in 0.319s
2026-05-18T22:59:18 COLMAP[chunk_02_spatial_matcher] I20260518 22:59:18.078843  5300 pairing.cc:631] Processing image [137/186]
2026-05-18T22:59:19 COLMAP[chunk_02_spatial_matcher] I20260518 22:59:18.462739  5300 feature_matching.cc:217] in 0.384s
2026-05-18T22:59:19 COLMAP[chunk_02_spatial_matcher] I20260518 22:59:18.462787  5300 pairing.cc:631] Processing image [138/186]
2026-05-18T22:59:19 COLMAP[chunk_02_spatial_matcher] I20260518 22:59:18.668249  5300 feature_matching.cc:217] in 0.205s
2026-05-18T22:59:19 COLMAP[chunk_02_spatial_matcher] I20260518 22:59:18.668293  5300 pairing.cc:631] Processing image [139/186]
2026-05-18T22:59:19 COLMAP[chunk_02_spatial_matcher] I20260518 22:59:18.878602  5300 feature_matching.cc:217] in 0.210s
2026-05-18T22:59:19 COLMAP[chunk_02_spatial_matcher] I20260518 22:59:18.878648  5300 pairing.cc:631] Processing image [140/186]
2026-05-18T22:59:19 COLMAP[chunk_02_spatial_matcher] I20260518 22:59:19.099037  5300 feature_matching.cc:217] in 0.220s
2026-05-18T22:59:19 COLMAP[chunk_02_spatial_matcher] I20260518 22:59:19.099084  5300 pairing.cc:631] Processing image [141/186]
2026-05-18T22:59:19 COLMAP[chunk_02_spatial_matcher] I20260518 22:59:19.301069  5300 feature_matching.cc:217] in 0.202s
2026-05-18T22:59:19 COLMAP[chunk_02_spatial_matcher] I20260518 22:59:19.301138  5300 pairing.cc:631] Processing image [142/186]
2026-05-18T22:59:19 COLMAP[chunk_02_spatial_matcher] I20260518 22:59:19.423867  5300 feature_matching.cc:217] in 0.123s
2026-05-18T22:59:19 COLMAP[chunk_02_spatial_matcher] I20260518 22:59:19.423913  5300 pairing.cc:631] Processing image [143/186]
2026-05-18T22:59:20 COLMAP[chunk_02_spatial_matcher] I20260518 22:59:19.531383  5300 feature_matching.cc:217] in 0.107s
2026-05-18T22:59:20 COLMAP[chunk_02_spatial_matcher] I20260518 22:59:19.531425  5300 pairing.cc:631] Processing image [144/186]
2026-05-18T22:59:20 COLMAP[chunk_02_spatial_matcher] I20260518 22:59:19.614452  5300 feature_matching.cc:217] in 0.083s
2026-05-18T22:59:20 COLMAP[chunk_02_spatial_matcher] I20260518 22:59:19.614488  5300 pairing.cc:631] Processing image [145/186]
2026-05-18T22:59:20 COLMAP[chunk_02_spatial_matcher] I20260518 22:59:19.700793  5300 feature_matching.cc:217] in 0.086s
2026-05-18T22:59:20 COLMAP[chunk_02_spatial_matcher] I20260518 22:59:19.700825  5300 pairing.cc:631] Processing image [146/186]
2026-05-18T22:59:20 COLMAP[chunk_02_spatial_matcher] I20260518 22:59:19.783102  5300 feature_matching.cc:217] in 0.082s
2026-05-18T22:59:20 COLMAP[chunk_02_spatial_matcher] I20260518 22:59:19.783134  5300 pairing.cc:631] Processing image [147/186]
2026-05-18T22:59:20 COLMAP[chunk_02_spatial_matcher] I20260518 22:59:19.857255  5300 feature_matching.cc:217] in 0.074s
2026-05-18T22:59:20 COLMAP[chunk_02_spatial_matcher] I20260518 22:59:19.857290  5300 pairing.cc:631] Processing image [148/186]
2026-05-18T22:59:20 COLMAP[chunk_02_spatial_matcher] I20260518 22:59:19.955179  5300 feature_matching.cc:217] in 0.098s
2026-05-18T22:59:20 COLMAP[chunk_02_spatial_matcher] I20260518 22:59:19.955214  5300 pairing.cc:631] Processing image [149/186]
2026-05-18T22:59:20 COLMAP[chunk_02_spatial_matcher] I20260518 22:59:20.074579  5300 feature_matching.cc:217] in 0.119s
2026-05-18T22:59:20 COLMAP[chunk_02_spatial_matcher] I20260518 22:59:20.074617  5300 pairing.cc:631] Processing image [150/186]
2026-05-18T22:59:20 COLMAP[chunk_02_spatial_matcher] I20260518 22:59:20.353608  5300 feature_matching.cc:217] in 0.279s
2026-05-18T22:59:20 COLMAP[chunk_02_spatial_matcher] I20260518 22:59:20.353657  5300 pairing.cc:631] Processing image [151/186]
2026-05-18T22:59:21 COLMAP[chunk_02_spatial_matcher] I20260518 22:59:20.608804  5300 feature_matching.cc:217] in 0.255s
2026-05-18T22:59:21 COLMAP[chunk_02_spatial_matcher] I20260518 22:59:20.608856  5300 pairing.cc:631] Processing image [152/186]
2026-05-18T22:59:21 COLMAP[chunk_02_spatial_matcher] I20260518 22:59:20.764429  5300 feature_matching.cc:217] in 0.156s
2026-05-18T22:59:21 COLMAP[chunk_02_spatial_matcher] I20260518 22:59:20.764477  5300 pairing.cc:631] Processing image [153/186]
2026-05-18T22:59:21 COLMAP[chunk_02_spatial_matcher] I20260518 22:59:20.886919  5300 feature_matching.cc:217] in 0.122s
2026-05-18T22:59:21 COLMAP[chunk_02_spatial_matcher] I20260518 22:59:20.886967  5300 pairing.cc:631] Processing image [154/186]
2026-05-18T22:59:21 COLMAP[chunk_02_spatial_matcher] I20260518 22:59:21.013836  5300 feature_matching.cc:217] in 0.127s
2026-05-18T22:59:21 COLMAP[chunk_02_spatial_matcher] I20260518 22:59:21.013886  5300 pairing.cc:631] Processing image [155/186]
2026-05-18T22:59:21 COLMAP[chunk_02_spatial_matcher] I20260518 22:59:21.175578  5300 feature_matching.cc:217] in 0.162s
2026-05-18T22:59:21 COLMAP[chunk_02_spatial_matcher] I20260518 22:59:21.175623  5300 pairing.cc:631] Processing image [156/186]
2026-05-18T22:59:21 COLMAP[chunk_02_spatial_matcher] I20260518 22:59:21.375341  5300 feature_matching.cc:217] in 0.200s
2026-05-18T22:59:21 COLMAP[chunk_02_spatial_matcher] I20260518 22:59:21.375401  5300 pairing.cc:631] Processing image [157/186]
2026-05-18T22:59:22 COLMAP[chunk_02_spatial_matcher] I20260518 22:59:21.494475  5300 feature_matching.cc:217] in 0.119s
2026-05-18T22:59:22 COLMAP[chunk_02_spatial_matcher] I20260518 22:59:21.494519  5300 pairing.cc:631] Processing image [158/186]
2026-05-18T22:59:22 COLMAP[chunk_02_spatial_matcher] I20260518 22:59:21.589890  5300 feature_matching.cc:217] in 0.095s
2026-05-18T22:59:22 COLMAP[chunk_02_spatial_matcher] I20260518 22:59:21.589941  5300 pairing.cc:631] Processing image [159/186]
2026-05-18T22:59:22 COLMAP[chunk_02_spatial_matcher] I20260518 22:59:21.667335  5300 feature_matching.cc:217] in 0.077s
2026-05-18T22:59:22 COLMAP[chunk_02_spatial_matcher] I20260518 22:59:21.667398  5300 pairing.cc:631] Processing image [160/186]
2026-05-18T22:59:22 COLMAP[chunk_02_spatial_matcher] I20260518 22:59:21.703317  5300 feature_matching.cc:217] in 0.036s
2026-05-18T22:59:22 COLMAP[chunk_02_spatial_matcher] I20260518 22:59:21.703354  5300 pairing.cc:631] Processing image [161/186]
2026-05-18T22:59:22 COLMAP[chunk_02_spatial_matcher] I20260518 22:59:21.803242  5300 feature_matching.cc:217] in 0.100s
2026-05-18T22:59:22 COLMAP[chunk_02_spatial_matcher] I20260518 22:59:21.803278  5300 pairing.cc:631] Processing image [162/186]
2026-05-18T22:59:22 COLMAP[chunk_02_spatial_matcher] I20260518 22:59:21.873512  5300 feature_matching.cc:217] in 0.070s
2026-05-18T22:59:22 COLMAP[chunk_02_spatial_matcher] I20260518 22:59:21.873551  5300 pairing.cc:631] Processing image [163/186]
2026-05-18T22:59:22 COLMAP[chunk_02_spatial_matcher] I20260518 22:59:22.194159  5300 feature_matching.cc:217] in 0.321s
2026-05-18T22:59:22 COLMAP[chunk_02_spatial_matcher] I20260518 22:59:22.194202  5300 pairing.cc:631] Processing image [164/186]
2026-05-18T22:59:22 COLMAP[chunk_02_spatial_matcher] I20260518 22:59:22.422433  5300 feature_matching.cc:217] in 0.228s
2026-05-18T22:59:22 COLMAP[chunk_02_spatial_matcher] I20260518 22:59:22.422487  5300 pairing.cc:631] Processing image [165/186]
2026-05-18T22:59:23 COLMAP[chunk_02_spatial_matcher] I20260518 22:59:22.637739  5300 feature_matching.cc:217] in 0.215s
2026-05-18T22:59:23 COLMAP[chunk_02_spatial_matcher] I20260518 22:59:22.637785  5300 pairing.cc:631] Processing image [166/186]
2026-05-18T22:59:23 COLMAP[chunk_02_spatial_matcher] I20260518 22:59:22.838225  5300 feature_matching.cc:217] in 0.200s
2026-05-18T22:59:23 COLMAP[chunk_02_spatial_matcher] I20260518 22:59:22.838274  5300 pairing.cc:631] Processing image [167/186]
2026-05-18T22:59:23 COLMAP[chunk_02_spatial_matcher] I20260518 22:59:23.038632  5300 feature_matching.cc:217] in 0.200s
2026-05-18T22:59:23 COLMAP[chunk_02_spatial_matcher] I20260518 22:59:23.038681  5300 pairing.cc:631] Processing image [168/186]
2026-05-18T22:59:23 COLMAP[chunk_02_spatial_matcher] I20260518 22:59:23.228410  5300 feature_matching.cc:217] in 0.190s
2026-05-18T22:59:23 COLMAP[chunk_02_spatial_matcher] I20260518 22:59:23.228458  5300 pairing.cc:631] Processing image [169/186]
2026-05-18T22:59:23 COLMAP[chunk_02_spatial_matcher] I20260518 22:59:23.403950  5300 feature_matching.cc:217] in 0.176s
2026-05-18T22:59:23 COLMAP[chunk_02_spatial_matcher] I20260518 22:59:23.403999  5300 pairing.cc:631] Processing image [170/186]
2026-05-18T22:59:24 COLMAP[chunk_02_spatial_matcher] I20260518 22:59:23.715408  5300 feature_matching.cc:217] in 0.311s
2026-05-18T22:59:24 COLMAP[chunk_02_spatial_matcher] I20260518 22:59:23.715481  5300 pairing.cc:631] Processing image [171/186]
2026-05-18T22:59:24 COLMAP[chunk_02_spatial_matcher] I20260518 22:59:23.924149  5300 feature_matching.cc:217] in 0.209s
2026-05-18T22:59:24 COLMAP[chunk_02_spatial_matcher] I20260518 22:59:23.924198  5300 pairing.cc:631] Processing image [172/186]
2026-05-18T22:59:24 COLMAP[chunk_02_spatial_matcher] I20260518 22:59:24.106364  5300 feature_matching.cc:217] in 0.182s
2026-05-18T22:59:24 COLMAP[chunk_02_spatial_matcher] I20260518 22:59:24.106413  5300 pairing.cc:631] Processing image [173/186]
2026-05-18T22:59:24 COLMAP[chunk_02_spatial_matcher] I20260518 22:59:24.273133  5300 feature_matching.cc:217] in 0.167s
2026-05-18T22:59:24 COLMAP[chunk_02_spatial_matcher] I20260518 22:59:24.273182  5300 pairing.cc:631] Processing image [174/186]
2026-05-18T22:59:24 COLMAP[chunk_02_spatial_matcher] I20260518 22:59:24.405493  5300 feature_matching.cc:217] in 0.132s
2026-05-18T22:59:24 COLMAP[chunk_02_spatial_matcher] I20260518 22:59:24.405541  5300 pairing.cc:631] Processing image [175/186]
2026-05-18T22:59:25 COLMAP[chunk_02_spatial_matcher] I20260518 22:59:24.558135  5300 feature_matching.cc:217] in 0.153s
2026-05-18T22:59:25 COLMAP[chunk_02_spatial_matcher] I20260518 22:59:24.558180  5300 pairing.cc:631] Processing image [176/186]
2026-05-18T22:59:25 COLMAP[chunk_02_spatial_matcher] I20260518 22:59:24.746131  5300 feature_matching.cc:217] in 0.188s
2026-05-18T22:59:25 COLMAP[chunk_02_spatial_matcher] I20260518 22:59:24.746177  5300 pairing.cc:631] Processing image [177/186]
2026-05-18T22:59:25 COLMAP[chunk_02_spatial_matcher] I20260518 22:59:24.942047  5300 feature_matching.cc:217] in 0.196s
2026-05-18T22:59:25 COLMAP[chunk_02_spatial_matcher] I20260518 22:59:24.942094  5300 pairing.cc:631] Processing image [178/186]
2026-05-18T22:59:25 COLMAP[chunk_02_spatial_matcher] I20260518 22:59:25.071382  5300 feature_matching.cc:217] in 0.129s
2026-05-18T22:59:25 COLMAP[chunk_02_spatial_matcher] I20260518 22:59:25.071430  5300 pairing.cc:631] Processing image [179/186]
2026-05-18T22:59:25 COLMAP[chunk_02_spatial_matcher] I20260518 22:59:25.152202  5300 feature_matching.cc:217] in 0.081s
2026-05-18T22:59:25 COLMAP[chunk_02_spatial_matcher] I20260518 22:59:25.152244  5300 pairing.cc:631] Processing image [180/186]
2026-05-18T22:59:25 COLMAP[chunk_02_spatial_matcher] I20260518 22:59:25.263067  5300 feature_matching.cc:217] in 0.111s
2026-05-18T22:59:25 COLMAP[chunk_02_spatial_matcher] I20260518 22:59:25.263110  5300 pairing.cc:631] Processing image [181/186]
2026-05-18T22:59:25 COLMAP[chunk_02_spatial_matcher] I20260518 22:59:25.346359  5300 feature_matching.cc:217] in 0.083s
2026-05-18T22:59:25 COLMAP[chunk_02_spatial_matcher] I20260518 22:59:25.346402  5300 pairing.cc:631] Processing image [182/186]
2026-05-18T22:59:26 COLMAP[chunk_02_spatial_matcher] I20260518 22:59:25.469668  5300 feature_matching.cc:217] in 0.123s
2026-05-18T22:59:26 COLMAP[chunk_02_spatial_matcher] I20260518 22:59:25.469720  5300 pairing.cc:631] Processing image [183/186]
2026-05-18T22:59:26 COLMAP[chunk_02_spatial_matcher] I20260518 22:59:25.518031  5300 feature_matching.cc:217] in 0.048s
2026-05-18T22:59:26 COLMAP[chunk_02_spatial_matcher] I20260518 22:59:25.518086  5300 pairing.cc:631] Processing image [184/186]
2026-05-18T22:59:26 COLMAP[chunk_02_spatial_matcher] I20260518 22:59:25.556659  5300 feature_matching.cc:217] in 0.039s
2026-05-18T22:59:26 COLMAP[chunk_02_spatial_matcher] I20260518 22:59:25.556715  5300 pairing.cc:631] Processing image [185/186]
2026-05-18T22:59:26 COLMAP[chunk_02_spatial_matcher] I20260518 22:59:25.603770  5300 feature_matching.cc:217] in 0.047s
2026-05-18T22:59:26 COLMAP[chunk_02_spatial_matcher] I20260518 22:59:25.603824  5300 pairing.cc:631] Processing image [186/186]
2026-05-18T22:59:26 COLMAP[chunk_02_spatial_matcher] I20260518 22:59:25.809252  5300 feature_matching.cc:217] in 0.205s
2026-05-18T22:59:26 COLMAP[chunk_02_spatial_matcher] I20260518 22:59:25.809305  5300 timer.cc:90] Elapsed time: 0.865 [minutes]
2026-05-18T22:59:26 2026-05-18 22:59:25,891 - INFO - chunk_02_spatial_matcher added 1334 verified image pairs
2026-05-18T22:59:26 2026-05-18 22:59:25,894 - INFO - [chunk_02_sequential_matcher] colmap sequential_matcher --database_path /tmp/colmap_sfm_gefg0_n4/chunk_02/database.db --SequentialMatching.overlap 8 --SequentialMatching.quadratic_overlap 1 --SequentialMatching.loop_detection 0
2026-05-18T22:59:26 COLMAP[chunk_02_sequential_matcher] I20260518 22:59:26.084635  5334 feature_matching.cc:195] === Feature matching & geometric verification ===
2026-05-18T22:59:26 COLMAP[chunk_02_sequential_matcher] I20260518 22:59:26.150502  5335 feature_matching_utils.cc:80] Bind FeatureMatcherWorker to GPU device 0
2026-05-18T22:59:26 COLMAP[chunk_02_sequential_matcher] I20260518 22:59:26.151219  5335 sift.cc:1547] Creating SIFT GPU feature matcher
2026-05-18T22:59:26 COLMAP[chunk_02_sequential_matcher] I20260518 22:59:26.151889  5334 pairing.cc:415] Generating sequential image pairs...
2026-05-18T22:59:26 COLMAP[chunk_02_sequential_matcher] I20260518 22:59:26.154747  5334 pairing.cc:473] Processing image [1/186]
2026-05-18T22:59:27 COLMAP[chunk_02_sequential_matcher] I20260518 22:59:27.164671  5334 feature_matching.cc:217] in 1.010s
2026-05-18T22:59:27 COLMAP[chunk_02_sequential_matcher] I20260518 22:59:27.164719  5334 pairing.cc:473] Processing image [2/186]
2026-05-18T22:59:28 COLMAP[chunk_02_sequential_matcher] I20260518 22:59:27.956364  5334 feature_matching.cc:217] in 0.792s
2026-05-18T22:59:28 COLMAP[chunk_02_sequential_matcher] I20260518 22:59:27.956418  5334 pairing.cc:473] Processing image [3/186]
2026-05-18T22:59:29 COLMAP[chunk_02_sequential_matcher] I20260518 22:59:28.728118  5334 feature_matching.cc:217] in 0.772s
2026-05-18T22:59:29 COLMAP[chunk_02_sequential_matcher] I20260518 22:59:28.728175  5334 pairing.cc:473] Processing image [4/186]
2026-05-18T22:59:29 COLMAP[chunk_02_sequential_matcher] I20260518 22:59:29.248323  5334 feature_matching.cc:217] in 0.520s
2026-05-18T22:59:29 COLMAP[chunk_02_sequential_matcher] I20260518 22:59:29.248368  5334 pairing.cc:473] Processing image [5/186]
2026-05-18T22:59:30 COLMAP[chunk_02_sequential_matcher] I20260518 22:59:29.762737  5334 feature_matching.cc:217] in 0.514s
2026-05-18T22:59:30 COLMAP[chunk_02_sequential_matcher] I20260518 22:59:29.762784  5334 pairing.cc:473] Processing image [6/186]
2026-05-18T22:59:30 COLMAP[chunk_02_sequential_matcher] I20260518 22:59:30.434406  5334 feature_matching.cc:217] in 0.672s
2026-05-18T22:59:30 COLMAP[chunk_02_sequential_matcher] I20260518 22:59:30.434459  5334 pairing.cc:473] Processing image [7/186]
2026-05-18T22:59:31 COLMAP[chunk_02_sequential_matcher] I20260518 22:59:31.072439  5334 feature_matching.cc:217] in 0.638s
2026-05-18T22:59:31 COLMAP[chunk_02_sequential_matcher] I20260518 22:59:31.072494  5334 pairing.cc:473] Processing image [8/186]
2026-05-18T22:59:32 COLMAP[chunk_02_sequential_matcher] I20260518 22:59:31.609386  5334 feature_matching.cc:217] in 0.537s
2026-05-18T22:59:32 COLMAP[chunk_02_sequential_matcher] I20260518 22:59:31.609437  5334 pairing.cc:473] Processing image [9/186]
2026-05-18T22:59:32 COLMAP[chunk_02_sequential_matcher] I20260518 22:59:32.154623  5334 feature_matching.cc:217] in 0.545s
2026-05-18T22:59:32 COLMAP[chunk_02_sequential_matcher] I20260518 22:59:32.154673  5334 pairing.cc:473] Processing image [10/186]
2026-05-18T22:59:33 COLMAP[chunk_02_sequential_matcher] I20260518 22:59:32.593139  5334 feature_matching.cc:217] in 0.438s
2026-05-18T22:59:33 COLMAP[chunk_02_sequential_matcher] I20260518 22:59:32.593189  5334 pairing.cc:473] Processing image [11/186]
2026-05-18T22:59:33 COLMAP[chunk_02_sequential_matcher] I20260518 22:59:33.016191  5334 feature_matching.cc:217] in 0.423s
2026-05-18T22:59:33 COLMAP[chunk_02_sequential_matcher] I20260518 22:59:33.016237  5334 pairing.cc:473] Processing image [12/186]
2026-05-18T22:59:34 COLMAP[chunk_02_sequential_matcher] I20260518 22:59:33.678769  5334 feature_matching.cc:217] in 0.663s
2026-05-18T22:59:34 COLMAP[chunk_02_sequential_matcher] I20260518 22:59:33.678814  5334 pairing.cc:473] Processing image [13/186]
2026-05-18T22:59:35 COLMAP[chunk_02_sequential_matcher] I20260518 22:59:34.761400  5334 feature_matching.cc:217] in 1.083s
2026-05-18T22:59:35 COLMAP[chunk_02_sequential_matcher] I20260518 22:59:34.761452  5334 pairing.cc:473] Processing image [14/186]
2026-05-18T22:59:36 COLMAP[chunk_02_sequential_matcher] I20260518 22:59:35.587175  5334 feature_matching.cc:217] in 0.826s
2026-05-18T22:59:36 COLMAP[chunk_02_sequential_matcher] I20260518 22:59:35.587224  5334 pairing.cc:473] Processing image [15/186]
2026-05-18T22:59:37 COLMAP[chunk_02_sequential_matcher] I20260518 22:59:36.526948  5334 feature_matching.cc:217] in 0.940s
2026-05-18T22:59:37 COLMAP[chunk_02_sequential_matcher] I20260518 22:59:36.527009  5334 pairing.cc:473] Processing image [16/186]
2026-05-18T22:59:37 COLMAP[chunk_02_sequential_matcher] I20260518 22:59:37.304777  5334 feature_matching.cc:217] in 0.778s
2026-05-18T22:59:37 COLMAP[chunk_02_sequential_matcher] I20260518 22:59:37.304824  5334 pairing.cc:473] Processing image [17/186]
2026-05-18T22:59:38 COLMAP[chunk_02_sequential_matcher] I20260518 22:59:38.038371  5334 feature_matching.cc:217] in 0.734s
2026-05-18T22:59:38 COLMAP[chunk_02_sequential_matcher] I20260518 22:59:38.038421  5334 pairing.cc:473] Processing image [18/186]
2026-05-18T22:59:39 COLMAP[chunk_02_sequential_matcher] I20260518 22:59:38.931802  5334 feature_matching.cc:217] in 0.893s
2026-05-18T22:59:39 COLMAP[chunk_02_sequential_matcher] I20260518 22:59:38.931856  5334 pairing.cc:473] Processing image [19/186]
2026-05-18T22:59:40 COLMAP[chunk_02_sequential_matcher] I20260518 22:59:39.817123  5334 feature_matching.cc:217] in 0.885s
2026-05-18T22:59:40 COLMAP[chunk_02_sequential_matcher] I20260518 22:59:39.817180  5334 pairing.cc:473] Processing image [20/186]
2026-05-18T22:59:41 COLMAP[chunk_02_sequential_matcher] I20260518 22:59:40.678068  5334 feature_matching.cc:217] in 0.861s
2026-05-18T22:59:41 COLMAP[chunk_02_sequential_matcher] I20260518 22:59:40.678117  5334 pairing.cc:473] Processing image [21/186]
2026-05-18T22:59:42 COLMAP[chunk_02_sequential_matcher] I20260518 22:59:41.540056  5334 feature_matching.cc:217] in 0.862s
2026-05-18T22:59:42 COLMAP[chunk_02_sequential_matcher] I20260518 22:59:41.540112  5334 pairing.cc:473] Processing image [22/186]
2026-05-18T22:59:43 COLMAP[chunk_02_sequential_matcher] I20260518 22:59:42.574682  5334 feature_matching.cc:217] in 1.035s
2026-05-18T22:59:43 COLMAP[chunk_02_sequential_matcher] I20260518 22:59:42.574729  5334 pairing.cc:473] Processing image [23/186]
2026-05-18T22:59:44 COLMAP[chunk_02_sequential_matcher] I20260518 22:59:43.680990  5334 feature_matching.cc:217] in 1.106s
2026-05-18T22:59:44 COLMAP[chunk_02_sequential_matcher] I20260518 22:59:43.681038  5334 pairing.cc:473] Processing image [24/186]
2026-05-18T22:59:44 COLMAP[chunk_02_sequential_matcher] I20260518 22:59:44.145829  5334 feature_matching.cc:217] in 0.465s
2026-05-18T22:59:44 COLMAP[chunk_02_sequential_matcher] I20260518 22:59:44.145884  5334 pairing.cc:473] Processing image [25/186]
2026-05-18T22:59:45 COLMAP[chunk_02_sequential_matcher] I20260518 22:59:44.684656  5334 feature_matching.cc:217] in 0.539s
2026-05-18T22:59:45 COLMAP[chunk_02_sequential_matcher] I20260518 22:59:44.684705  5334 pairing.cc:473] Processing image [26/186]
2026-05-18T22:59:45 COLMAP[chunk_02_sequential_matcher] I20260518 22:59:45.191583  5334 feature_matching.cc:217] in 0.507s
2026-05-18T22:59:45 COLMAP[chunk_02_sequential_matcher] I20260518 22:59:45.191633  5334 pairing.cc:473] Processing image [27/186]
2026-05-18T22:59:46 COLMAP[chunk_02_sequential_matcher] I20260518 22:59:45.857117  5334 feature_matching.cc:217] in 0.666s
2026-05-18T22:59:46 COLMAP[chunk_02_sequential_matcher] I20260518 22:59:45.857164  5334 pairing.cc:473] Processing image [28/186]
2026-05-18T22:59:46 COLMAP[chunk_02_sequential_matcher] I20260518 22:59:46.467155  5334 feature_matching.cc:217] in 0.610s
2026-05-18T22:59:46 COLMAP[chunk_02_sequential_matcher] I20260518 22:59:46.467207  5334 pairing.cc:473] Processing image [29/186]
2026-05-18T22:59:47 COLMAP[chunk_02_sequential_matcher] I20260518 22:59:47.066092  5334 feature_matching.cc:217] in 0.599s
2026-05-18T22:59:47 COLMAP[chunk_02_sequential_matcher] I20260518 22:59:47.066143  5334 pairing.cc:473] Processing image [30/186]
2026-05-18T22:59:47 COLMAP[chunk_02_sequential_matcher] I20260518 22:59:47.524792  5334 feature_matching.cc:217] in 0.459s
2026-05-18T22:59:47 COLMAP[chunk_02_sequential_matcher] I20260518 22:59:47.524839  5334 pairing.cc:473] Processing image [31/186]
2026-05-18T22:59:48 COLMAP[chunk_02_sequential_matcher] I20260518 22:59:48.075842  5334 feature_matching.cc:217] in 0.551s
2026-05-18T22:59:48 COLMAP[chunk_02_sequential_matcher] I20260518 22:59:48.075888  5334 pairing.cc:473] Processing image [32/186]
2026-05-18T22:59:48 COLMAP[chunk_02_sequential_matcher] I20260518 22:59:48.633213  5334 feature_matching.cc:217] in 0.557s
2026-05-18T22:59:48 COLMAP[chunk_02_sequential_matcher] I20260518 22:59:48.633262  5334 pairing.cc:473] Processing image [33/186]
2026-05-18T22:59:49 COLMAP[chunk_02_sequential_matcher] I20260518 22:59:49.093326  5334 feature_matching.cc:217] in 0.460s
2026-05-18T22:59:49 COLMAP[chunk_02_sequential_matcher] I20260518 22:59:49.093381  5334 pairing.cc:473] Processing image [34/186]
2026-05-18T22:59:49 COLMAP[chunk_02_sequential_matcher] I20260518 22:59:49.499645  5334 feature_matching.cc:217] in 0.406s
2026-05-18T22:59:49 COLMAP[chunk_02_sequential_matcher] I20260518 22:59:49.499696  5334 pairing.cc:473] Processing image [35/186]
2026-05-18T22:59:50 COLMAP[chunk_02_sequential_matcher] I20260518 22:59:49.919878  5334 feature_matching.cc:217] in 0.420s
2026-05-18T22:59:50 COLMAP[chunk_02_sequential_matcher] I20260518 22:59:49.919922  5334 pairing.cc:473] Processing image [36/186]
2026-05-18T22:59:50 COLMAP[chunk_02_sequential_matcher] I20260518 22:59:50.292085  5334 feature_matching.cc:217] in 0.372s
2026-05-18T22:59:50 COLMAP[chunk_02_sequential_matcher] I20260518 22:59:50.292133  5334 pairing.cc:473] Processing image [37/186]
2026-05-18T22:59:51 COLMAP[chunk_02_sequential_matcher] I20260518 22:59:50.958336  5334 feature_matching.cc:217] in 0.666s
2026-05-18T22:59:51 COLMAP[chunk_02_sequential_matcher] I20260518 22:59:50.958387  5334 pairing.cc:473] Processing image [38/186]
2026-05-18T22:59:51 COLMAP[chunk_02_sequential_matcher] I20260518 22:59:51.668144  5334 feature_matching.cc:217] in 0.710s
2026-05-18T22:59:51 COLMAP[chunk_02_sequential_matcher] I20260518 22:59:51.668193  5334 pairing.cc:473] Processing image [39/186]
2026-05-18T22:59:52 COLMAP[chunk_02_sequential_matcher] I20260518 22:59:52.387333  5334 feature_matching.cc:217] in 0.719s
2026-05-18T22:59:52 COLMAP[chunk_02_sequential_matcher] I20260518 22:59:52.387399  5334 pairing.cc:473] Processing image [40/186]
2026-05-18T22:59:53 COLMAP[chunk_02_sequential_matcher] I20260518 22:59:52.987004  5334 feature_matching.cc:217] in 0.600s
2026-05-18T22:59:53 COLMAP[chunk_02_sequential_matcher] I20260518 22:59:52.987054  5334 pairing.cc:473] Processing image [41/186]
2026-05-18T22:59:53 COLMAP[chunk_02_sequential_matcher] I20260518 22:59:53.523811  5334 feature_matching.cc:217] in 0.537s
2026-05-18T22:59:53 COLMAP[chunk_02_sequential_matcher] I20260518 22:59:53.523856  5334 pairing.cc:473] Processing image [42/186]
2026-05-18T22:59:54 COLMAP[chunk_02_sequential_matcher] I20260518 22:59:54.244992  5334 feature_matching.cc:217] in 0.721s
2026-05-18T22:59:54 COLMAP[chunk_02_sequential_matcher] I20260518 22:59:54.245039  5334 pairing.cc:473] Processing image [43/186]
2026-05-18T22:59:55 COLMAP[chunk_02_sequential_matcher] I20260518 22:59:55.017580  5334 feature_matching.cc:217] in 0.773s
2026-05-18T22:59:55 COLMAP[chunk_02_sequential_matcher] I20260518 22:59:55.017624  5334 pairing.cc:473] Processing image [44/186]
2026-05-18T22:59:55 COLMAP[chunk_02_sequential_matcher] I20260518 22:59:55.727849  5334 feature_matching.cc:217] in 0.710s
2026-05-18T22:59:55 COLMAP[chunk_02_sequential_matcher] I20260518 22:59:55.727895  5334 pairing.cc:473] Processing image [45/186]
2026-05-18T22:59:56 COLMAP[chunk_02_sequential_matcher] I20260518 22:59:56.510769  5334 feature_matching.cc:217] in 0.783s
2026-05-18T22:59:56 COLMAP[chunk_02_sequential_matcher] I20260518 22:59:56.510826  5334 pairing.cc:473] Processing image [46/186]
2026-05-18T22:59:57 COLMAP[chunk_02_sequential_matcher] I20260518 22:59:57.002985  5334 feature_matching.cc:217] in 0.492s
2026-05-18T22:59:57 COLMAP[chunk_02_sequential_matcher] I20260518 22:59:57.003036  5334 pairing.cc:473] Processing image [47/186]
2026-05-18T22:59:57 COLMAP[chunk_02_sequential_matcher] I20260518 22:59:57.403326  5334 feature_matching.cc:217] in 0.400s
2026-05-18T22:59:57 COLMAP[chunk_02_sequential_matcher] I20260518 22:59:57.403390  5334 pairing.cc:473] Processing image [48/186]
2026-05-18T22:59:57 COLMAP[chunk_02_sequential_matcher] I20260518 22:59:57.692787  5334 feature_matching.cc:217] in 0.289s
2026-05-18T22:59:57 COLMAP[chunk_02_sequential_matcher] I20260518 22:59:57.692835  5334 pairing.cc:473] Processing image [49/186]
2026-05-18T22:59:58 COLMAP[chunk_02_sequential_matcher] I20260518 22:59:57.926985  5334 feature_matching.cc:217] in 0.234s
2026-05-18T22:59:58 COLMAP[chunk_02_sequential_matcher] I20260518 22:59:57.927031  5334 pairing.cc:473] Processing image [50/186]
2026-05-18T22:59:58 COLMAP[chunk_02_sequential_matcher] I20260518 22:59:58.027504  5334 feature_matching.cc:217] in 0.101s
2026-05-18T22:59:58 COLMAP[chunk_02_sequential_matcher] I20260518 22:59:58.027549  5334 pairing.cc:473] Processing image [51/186]
2026-05-18T22:59:58 COLMAP[chunk_02_sequential_matcher] I20260518 22:59:58.637212  5334 feature_matching.cc:217] in 0.610s
2026-05-18T22:59:58 COLMAP[chunk_02_sequential_matcher] I20260518 22:59:58.637257  5334 pairing.cc:473] Processing image [52/186]
2026-05-18T22:59:59 COLMAP[chunk_02_sequential_matcher] I20260518 22:59:59.662067  5334 feature_matching.cc:217] in 1.025s
2026-05-18T22:59:59 COLMAP[chunk_02_sequential_matcher] I20260518 22:59:59.662110  5334 pairing.cc:473] Processing image [53/186]
2026-05-18T23:00:00 COLMAP[chunk_02_sequential_matcher] I20260518 23:00:00.113466  5334 feature_matching.cc:217] in 0.451s
2026-05-18T23:00:00 COLMAP[chunk_02_sequential_matcher] I20260518 23:00:00.113510  5334 pairing.cc:473] Processing image [54/186]
2026-05-18T23:00:01 COLMAP[chunk_02_sequential_matcher] I20260518 23:00:00.889135  5334 feature_matching.cc:217] in 0.776s
2026-05-18T23:00:01 COLMAP[chunk_02_sequential_matcher] I20260518 23:00:00.889189  5334 pairing.cc:473] Processing image [55/186]
2026-05-18T23:00:03 COLMAP[chunk_02_sequential_matcher] I20260518 23:00:02.875922  5334 feature_matching.cc:217] in 1.987s
2026-05-18T23:00:03 COLMAP[chunk_02_sequential_matcher] I20260518 23:00:02.875975  5334 pairing.cc:473] Processing image [56/186]
2026-05-18T23:00:03 COLMAP[chunk_02_sequential_matcher] I20260518 23:00:03.354103  5334 feature_matching.cc:217] in 0.478s
2026-05-18T23:00:03 COLMAP[chunk_02_sequential_matcher] I20260518 23:00:03.354151  5334 pairing.cc:473] Processing image [57/186]
2026-05-18T23:00:04 COLMAP[chunk_02_sequential_matcher] I20260518 23:00:04.117341  5334 feature_matching.cc:217] in 0.763s
2026-05-18T23:00:04 COLMAP[chunk_02_sequential_matcher] I20260518 23:00:04.117399  5334 pairing.cc:473] Processing image [58/186]
2026-05-18T23:00:04 COLMAP[chunk_02_sequential_matcher] I20260518 23:00:04.536586  5334 feature_matching.cc:217] in 0.419s
2026-05-18T23:00:04 COLMAP[chunk_02_sequential_matcher] I20260518 23:00:04.536638  5334 pairing.cc:473] Processing image [59/186]
2026-05-18T23:00:05 COLMAP[chunk_02_sequential_matcher] I20260518 23:00:04.953068  5334 feature_matching.cc:217] in 0.416s
2026-05-18T23:00:05 COLMAP[chunk_02_sequential_matcher] I20260518 23:00:04.953112  5334 pairing.cc:473] Processing image [60/186]
2026-05-18T23:00:05 COLMAP[chunk_02_sequential_matcher] I20260518 23:00:05.208740  5334 feature_matching.cc:217] in 0.256s
2026-05-18T23:00:05 COLMAP[chunk_02_sequential_matcher] I20260518 23:00:05.208782  5334 pairing.cc:473] Processing image [61/186]
2026-05-18T23:00:05 COLMAP[chunk_02_sequential_matcher] I20260518 23:00:05.631306  5334 feature_matching.cc:217] in 0.423s
2026-05-18T23:00:05 COLMAP[chunk_02_sequential_matcher] I20260518 23:00:05.631349  5334 pairing.cc:473] Processing image [62/186]
2026-05-18T23:00:06 COLMAP[chunk_02_sequential_matcher] I20260518 23:00:06.040490  5334 feature_matching.cc:217] in 0.409s
2026-05-18T23:00:06 COLMAP[chunk_02_sequential_matcher] I20260518 23:00:06.040539  5334 pairing.cc:473] Processing image [63/186]
2026-05-18T23:00:06 COLMAP[chunk_02_sequential_matcher] I20260518 23:00:06.486611  5334 feature_matching.cc:217] in 0.446s
2026-05-18T23:00:06 COLMAP[chunk_02_sequential_matcher] I20260518 23:00:06.486665  5334 pairing.cc:473] Processing image [64/186]
2026-05-18T23:00:07 COLMAP[chunk_02_sequential_matcher] I20260518 23:00:06.916112  5334 feature_matching.cc:217] in 0.429s
2026-05-18T23:00:07 COLMAP[chunk_02_sequential_matcher] I20260518 23:00:06.916163  5334 pairing.cc:473] Processing image [65/186]
2026-05-18T23:00:07 COLMAP[chunk_02_sequential_matcher] I20260518 23:00:07.255944  5334 feature_matching.cc:217] in 0.340s
2026-05-18T23:00:07 COLMAP[chunk_02_sequential_matcher] I20260518 23:00:07.255995  5334 pairing.cc:473] Processing image [66/186]
2026-05-18T23:00:07 COLMAP[chunk_02_sequential_matcher] I20260518 23:00:07.620954  5334 feature_matching.cc:217] in 0.365s
2026-05-18T23:00:07 COLMAP[chunk_02_sequential_matcher] I20260518 23:00:07.621004  5334 pairing.cc:473] Processing image [67/186]
2026-05-18T23:00:07 COLMAP[chunk_02_sequential_matcher] I20260518 23:00:07.657861  5334 feature_matching.cc:217] in 0.037s
2026-05-18T23:00:07 COLMAP[chunk_02_sequential_matcher] I20260518 23:00:07.657899  5334 pairing.cc:473] Processing image [68/186]
2026-05-18T23:00:07 COLMAP[chunk_02_sequential_matcher] I20260518 23:00:07.700311  5334 feature_matching.cc:217] in 0.042s
2026-05-18T23:00:07 COLMAP[chunk_02_sequential_matcher] I20260518 23:00:07.700344  5334 pairing.cc:473] Processing image [69/186]
2026-05-18T23:00:08 COLMAP[chunk_02_sequential_matcher] I20260518 23:00:08.068138  5334 feature_matching.cc:217] in 0.368s
2026-05-18T23:00:08 COLMAP[chunk_02_sequential_matcher] I20260518 23:00:08.068184  5334 pairing.cc:473] Processing image [70/186]
2026-05-18T23:00:08 COLMAP[chunk_02_sequential_matcher] I20260518 23:00:08.541572  5334 feature_matching.cc:217] in 0.473s
2026-05-18T23:00:08 COLMAP[chunk_02_sequential_matcher] I20260518 23:00:08.541621  5334 pairing.cc:473] Processing image [71/186]
2026-05-18T23:00:09 COLMAP[chunk_02_sequential_matcher] I20260518 23:00:08.988705  5334 feature_matching.cc:217] in 0.447s
2026-05-18T23:00:09 COLMAP[chunk_02_sequential_matcher] I20260518 23:00:08.988750  5334 pairing.cc:473] Processing image [72/186]
2026-05-18T23:00:09 COLMAP[chunk_02_sequential_matcher] I20260518 23:00:09.368924  5334 feature_matching.cc:217] in 0.380s
2026-05-18T23:00:09 COLMAP[chunk_02_sequential_matcher] I20260518 23:00:09.368966  5334 pairing.cc:473] Processing image [73/186]
2026-05-18T23:00:10 COLMAP[chunk_02_sequential_matcher] I20260518 23:00:09.860497  5334 feature_matching.cc:217] in 0.492s
2026-05-18T23:00:10 COLMAP[chunk_02_sequential_matcher] I20260518 23:00:09.860543  5334 pairing.cc:473] Processing image [74/186]
2026-05-18T23:00:10 COLMAP[chunk_02_sequential_matcher] I20260518 23:00:10.275270  5334 feature_matching.cc:217] in 0.415s
2026-05-18T23:00:10 COLMAP[chunk_02_sequential_matcher] I20260518 23:00:10.275316  5334 pairing.cc:473] Processing image [75/186]
2026-05-18T23:00:10 COLMAP[chunk_02_sequential_matcher] I20260518 23:00:10.634845  5334 feature_matching.cc:217] in 0.360s
2026-05-18T23:00:10 COLMAP[chunk_02_sequential_matcher] I20260518 23:00:10.634893  5334 pairing.cc:473] Processing image [76/186]
2026-05-18T23:00:11 COLMAP[chunk_02_sequential_matcher] I20260518 23:00:11.082160  5334 feature_matching.cc:217] in 0.447s
2026-05-18T23:00:11 COLMAP[chunk_02_sequential_matcher] I20260518 23:00:11.082207  5334 pairing.cc:473] Processing image [77/186]
2026-05-18T23:00:11 COLMAP[chunk_02_sequential_matcher] I20260518 23:00:11.603686  5334 feature_matching.cc:217] in 0.522s
2026-05-18T23:00:11 COLMAP[chunk_02_sequential_matcher] I20260518 23:00:11.603737  5334 pairing.cc:473] Processing image [78/186]
2026-05-18T23:00:12 COLMAP[chunk_02_sequential_matcher] I20260518 23:00:12.157727  5334 feature_matching.cc:217] in 0.554s
2026-05-18T23:00:12 COLMAP[chunk_02_sequential_matcher] I20260518 23:00:12.157778  5334 pairing.cc:473] Processing image [79/186]
2026-05-18T23:00:13 COLMAP[chunk_02_sequential_matcher] I20260518 23:00:12.843466  5334 feature_matching.cc:217] in 0.686s
2026-05-18T23:00:13 COLMAP[chunk_02_sequential_matcher] I20260518 23:00:12.843515  5334 pairing.cc:473] Processing image [80/186]
2026-05-18T23:00:13 COLMAP[chunk_02_sequential_matcher] I20260518 23:00:13.404394  5334 feature_matching.cc:217] in 0.561s
2026-05-18T23:00:13 COLMAP[chunk_02_sequential_matcher] I20260518 23:00:13.404443  5334 pairing.cc:473] Processing image [81/186]
2026-05-18T23:00:14 COLMAP[chunk_02_sequential_matcher] I20260518 23:00:13.961036  5334 feature_matching.cc:217] in 0.557s
2026-05-18T23:00:14 COLMAP[chunk_02_sequential_matcher] I20260518 23:00:13.961086  5334 pairing.cc:473] Processing image [82/186]
2026-05-18T23:00:15 COLMAP[chunk_02_sequential_matcher] I20260518 23:00:14.880901  5334 feature_matching.cc:217] in 0.920s
2026-05-18T23:00:15 COLMAP[chunk_02_sequential_matcher] I20260518 23:00:14.880947  5334 pairing.cc:473] Processing image [83/186]
2026-05-18T23:00:15 COLMAP[chunk_02_sequential_matcher] I20260518 23:00:15.231832  5334 feature_matching.cc:217] in 0.351s
2026-05-18T23:00:15 COLMAP[chunk_02_sequential_matcher] I20260518 23:00:15.231876  5334 pairing.cc:473] Processing image [84/186]
2026-05-18T23:00:15 COLMAP[chunk_02_sequential_matcher] I20260518 23:00:15.581640  5334 feature_matching.cc:217] in 0.350s
2026-05-18T23:00:15 COLMAP[chunk_02_sequential_matcher] I20260518 23:00:15.581692  5334 pairing.cc:473] Processing image [85/186]
2026-05-18T23:00:16 COLMAP[chunk_02_sequential_matcher] I20260518 23:00:16.068584  5334 feature_matching.cc:217] in 0.487s
2026-05-18T23:00:16 COLMAP[chunk_02_sequential_matcher] I20260518 23:00:16.068634  5334 pairing.cc:473] Processing image [86/186]
2026-05-18T23:00:16 COLMAP[chunk_02_sequential_matcher] I20260518 23:00:16.424979  5334 feature_matching.cc:217] in 0.356s
2026-05-18T23:00:16 COLMAP[chunk_02_sequential_matcher] I20260518 23:00:16.425024  5334 pairing.cc:473] Processing image [87/186]
2026-05-18T23:00:17 COLMAP[chunk_02_sequential_matcher] I20260518 23:00:16.863989  5334 feature_matching.cc:217] in 0.439s
2026-05-18T23:00:17 COLMAP[chunk_02_sequential_matcher] I20260518 23:00:16.864032  5334 pairing.cc:473] Processing image [88/186]
2026-05-18T23:00:17 COLMAP[chunk_02_sequential_matcher] I20260518 23:00:17.242120  5334 feature_matching.cc:217] in 0.378s
2026-05-18T23:00:17 COLMAP[chunk_02_sequential_matcher] I20260518 23:00:17.242164  5334 pairing.cc:473] Processing image [89/186]
2026-05-18T23:00:17 COLMAP[chunk_02_sequential_matcher] I20260518 23:00:17.595423  5334 feature_matching.cc:217] in 0.353s
2026-05-18T23:00:17 COLMAP[chunk_02_sequential_matcher] I20260518 23:00:17.595476  5334 pairing.cc:473] Processing image [90/186]
2026-05-18T23:00:18 COLMAP[chunk_02_sequential_matcher] I20260518 23:00:17.943162  5334 feature_matching.cc:217] in 0.348s
2026-05-18T23:00:18 COLMAP[chunk_02_sequential_matcher] I20260518 23:00:17.943207  5334 pairing.cc:473] Processing image [91/186]
2026-05-18T23:00:18 COLMAP[chunk_02_sequential_matcher] I20260518 23:00:18.456936  5334 feature_matching.cc:217] in 0.514s
2026-05-18T23:00:18 COLMAP[chunk_02_sequential_matcher] I20260518 23:00:18.456981  5334 pairing.cc:473] Processing image [92/186]
2026-05-18T23:00:19 COLMAP[chunk_02_sequential_matcher] I20260518 23:00:19.196419  5334 feature_matching.cc:217] in 0.739s
2026-05-18T23:00:19 COLMAP[chunk_02_sequential_matcher] I20260518 23:00:19.196466  5334 pairing.cc:473] Processing image [93/186]
2026-05-18T23:00:20 COLMAP[chunk_02_sequential_matcher] I20260518 23:00:20.149986  5334 feature_matching.cc:217] in 0.954s
2026-05-18T23:00:20 COLMAP[chunk_02_sequential_matcher] I20260518 23:00:20.150043  5334 pairing.cc:473] Processing image [94/186]
2026-05-18T23:00:21 COLMAP[chunk_02_sequential_matcher] I20260518 23:00:21.146616  5334 feature_matching.cc:217] in 0.997s
2026-05-18T23:00:21 COLMAP[chunk_02_sequential_matcher] I20260518 23:00:21.146672  5334 pairing.cc:473] Processing image [95/186]
2026-05-18T23:00:22 COLMAP[chunk_02_sequential_matcher] I20260518 23:00:22.281188  5334 feature_matching.cc:217] in 1.135s
2026-05-18T23:00:22 COLMAP[chunk_02_sequential_matcher] I20260518 23:00:22.281245  5334 pairing.cc:473] Processing image [96/186]
2026-05-18T23:00:22 COLMAP[chunk_02_sequential_matcher] I20260518 23:00:22.598186  5334 feature_matching.cc:217] in 0.317s
2026-05-18T23:00:22 COLMAP[chunk_02_sequential_matcher] I20260518 23:00:22.598241  5334 pairing.cc:473] Processing image [97/186]
2026-05-18T23:00:23 COLMAP[chunk_02_sequential_matcher] I20260518 23:00:22.953586  5334 feature_matching.cc:217] in 0.355s
2026-05-18T23:00:23 COLMAP[chunk_02_sequential_matcher] I20260518 23:00:22.953640  5334 pairing.cc:473] Processing image [98/186]
2026-05-18T23:00:23 COLMAP[chunk_02_sequential_matcher] I20260518 23:00:23.292821  5334 feature_matching.cc:217] in 0.339s
2026-05-18T23:00:23 COLMAP[chunk_02_sequential_matcher] I20260518 23:00:23.292876  5334 pairing.cc:473] Processing image [99/186]
2026-05-18T23:00:23 COLMAP[chunk_02_sequential_matcher] I20260518 23:00:23.319780  5334 feature_matching.cc:217] in 0.027s
2026-05-18T23:00:23 COLMAP[chunk_02_sequential_matcher] I20260518 23:00:23.319823  5334 pairing.cc:473] Processing image [100/186]
2026-05-18T23:00:23 COLMAP[chunk_02_sequential_matcher] I20260518 23:00:23.454221  5334 feature_matching.cc:217] in 0.134s
2026-05-18T23:00:23 COLMAP[chunk_02_sequential_matcher] I20260518 23:00:23.454267  5334 pairing.cc:473] Processing image [101/186]
2026-05-18T23:00:24 COLMAP[chunk_02_sequential_matcher] I20260518 23:00:24.068813  5334 feature_matching.cc:217] in 0.615s
2026-05-18T23:00:24 COLMAP[chunk_02_sequential_matcher] I20260518 23:00:24.068868  5334 pairing.cc:473] Processing image [102/186]
2026-05-18T23:00:24 COLMAP[chunk_02_sequential_matcher] I20260518 23:00:24.579898  5334 feature_matching.cc:217] in 0.511s
2026-05-18T23:00:24 COLMAP[chunk_02_sequential_matcher] I20260518 23:00:24.579952  5334 pairing.cc:473] Processing image [103/186]
2026-05-18T23:00:25 COLMAP[chunk_02_sequential_matcher] I20260518 23:00:25.057535  5334 feature_matching.cc:217] in 0.478s
2026-05-18T23:00:25 COLMAP[chunk_02_sequential_matcher] I20260518 23:00:25.057595  5334 pairing.cc:473] Processing image [104/186]
2026-05-18T23:00:25 COLMAP[chunk_02_sequential_matcher] I20260518 23:00:25.520874  5334 feature_matching.cc:217] in 0.463s
2026-05-18T23:00:25 COLMAP[chunk_02_sequential_matcher] I20260518 23:00:25.520931  5334 pairing.cc:473] Processing image [105/186]
2026-05-18T23:00:26 COLMAP[chunk_02_sequential_matcher] I20260518 23:00:25.898113  5334 feature_matching.cc:217] in 0.377s
2026-05-18T23:00:26 COLMAP[chunk_02_sequential_matcher] I20260518 23:00:25.898164  5334 pairing.cc:473] Processing image [106/186]
2026-05-18T23:00:26 COLMAP[chunk_02_sequential_matcher] I20260518 23:00:26.257387  5334 feature_matching.cc:217] in 0.359s
2026-05-18T23:00:26 COLMAP[chunk_02_sequential_matcher] I20260518 23:00:26.257442  5334 pairing.cc:473] Processing image [107/186]
2026-05-18T23:00:26 COLMAP[chunk_02_sequential_matcher] I20260518 23:00:26.640689  5334 feature_matching.cc:217] in 0.383s
2026-05-18T23:00:26 COLMAP[chunk_02_sequential_matcher] I20260518 23:00:26.640753  5334 pairing.cc:473] Processing image [108/186]
2026-05-18T23:00:27 COLMAP[chunk_02_sequential_matcher] I20260518 23:00:27.034370  5334 feature_matching.cc:217] in 0.394s
2026-05-18T23:00:27 COLMAP[chunk_02_sequential_matcher] I20260518 23:00:27.034423  5334 pairing.cc:473] Processing image [109/186]
2026-05-18T23:00:27 COLMAP[chunk_02_sequential_matcher] I20260518 23:00:27.647151  5334 feature_matching.cc:217] in 0.613s
2026-05-18T23:00:27 COLMAP[chunk_02_sequential_matcher] I20260518 23:00:27.647212  5334 pairing.cc:473] Processing image [110/186]
2026-05-18T23:00:28 COLMAP[chunk_02_sequential_matcher] I20260518 23:00:28.282416  5334 feature_matching.cc:217] in 0.635s
2026-05-18T23:00:28 COLMAP[chunk_02_sequential_matcher] I20260518 23:00:28.282473  5334 pairing.cc:473] Processing image [111/186]
2026-05-18T23:00:29 COLMAP[chunk_02_sequential_matcher] I20260518 23:00:28.945559  5334 feature_matching.cc:217] in 0.663s
2026-05-18T23:00:29 COLMAP[chunk_02_sequential_matcher] I20260518 23:00:28.945619  5334 pairing.cc:473] Processing image [112/186]
2026-05-18T23:00:29 COLMAP[chunk_02_sequential_matcher] I20260518 23:00:29.539750  5334 feature_matching.cc:217] in 0.594s
2026-05-18T23:00:29 COLMAP[chunk_02_sequential_matcher] I20260518 23:00:29.539803  5334 pairing.cc:473] Processing image [113/186]
2026-05-18T23:00:30 COLMAP[chunk_02_sequential_matcher] I20260518 23:00:30.322759  5334 feature_matching.cc:217] in 0.783s
2026-05-18T23:00:30 COLMAP[chunk_02_sequential_matcher] I20260518 23:00:30.322814  5334 pairing.cc:473] Processing image [114/186]
2026-05-18T23:00:31 COLMAP[chunk_02_sequential_matcher] I20260518 23:00:30.941915  5334 feature_matching.cc:217] in 0.619s
2026-05-18T23:00:31 COLMAP[chunk_02_sequential_matcher] I20260518 23:00:30.941962  5334 pairing.cc:473] Processing image [115/186]
2026-05-18T23:00:31 COLMAP[chunk_02_sequential_matcher] I20260518 23:00:31.477584  5334 feature_matching.cc:217] in 0.536s
2026-05-18T23:00:31 COLMAP[chunk_02_sequential_matcher] I20260518 23:00:31.477638  5334 pairing.cc:473] Processing image [116/186]
2026-05-18T23:00:32 COLMAP[chunk_02_sequential_matcher] I20260518 23:00:32.430097  5334 feature_matching.cc:217] in 0.952s
2026-05-18T23:00:32 COLMAP[chunk_02_sequential_matcher] I20260518 23:00:32.430146  5334 pairing.cc:473] Processing image [117/186]
2026-05-18T23:00:33 COLMAP[chunk_02_sequential_matcher] I20260518 23:00:33.201793  5334 feature_matching.cc:217] in 0.772s
2026-05-18T23:00:33 COLMAP[chunk_02_sequential_matcher] I20260518 23:00:33.201846  5334 pairing.cc:473] Processing image [118/186]
2026-05-18T23:00:34 COLMAP[chunk_02_sequential_matcher] I20260518 23:00:34.142858  5334 feature_matching.cc:217] in 0.941s
2026-05-18T23:00:34 COLMAP[chunk_02_sequential_matcher] I20260518 23:00:34.142905  5334 pairing.cc:473] Processing image [119/186]
2026-05-18T23:00:34 COLMAP[chunk_02_sequential_matcher] I20260518 23:00:34.528326  5334 feature_matching.cc:217] in 0.385s
2026-05-18T23:00:34 COLMAP[chunk_02_sequential_matcher] I20260518 23:00:34.528380  5334 pairing.cc:473] Processing image [120/186]
2026-05-18T23:00:35 COLMAP[chunk_02_sequential_matcher] I20260518 23:00:34.932137  5334 feature_matching.cc:217] in 0.404s
2026-05-18T23:00:35 COLMAP[chunk_02_sequential_matcher] I20260518 23:00:34.932184  5334 pairing.cc:473] Processing image [121/186]
2026-05-18T23:00:35 COLMAP[chunk_02_sequential_matcher] I20260518 23:00:35.318650  5334 feature_matching.cc:217] in 0.386s
2026-05-18T23:00:35 COLMAP[chunk_02_sequential_matcher] I20260518 23:00:35.318697  5334 pairing.cc:473] Processing image [122/186]
2026-05-18T23:00:35 COLMAP[chunk_02_sequential_matcher] I20260518 23:00:35.692986  5334 feature_matching.cc:217] in 0.374s
2026-05-18T23:00:35 COLMAP[chunk_02_sequential_matcher] I20260518 23:00:35.693034  5334 pairing.cc:473] Processing image [123/186]
2026-05-18T23:00:35 COLMAP[chunk_02_sequential_matcher] I20260518 23:00:35.791354  5334 feature_matching.cc:217] in 0.098s
2026-05-18T23:00:35 COLMAP[chunk_02_sequential_matcher] I20260518 23:00:35.791412  5334 pairing.cc:473] Processing image [124/186]
2026-05-18T23:00:35 COLMAP[chunk_02_sequential_matcher] I20260518 23:00:35.827715  5334 feature_matching.cc:217] in 0.036s
2026-05-18T23:00:35 COLMAP[chunk_02_sequential_matcher] I20260518 23:00:35.827751  5334 pairing.cc:473] Processing image [125/186]
2026-05-18T23:00:36 COLMAP[chunk_02_sequential_matcher] I20260518 23:00:36.022011  5334 feature_matching.cc:217] in 0.194s
2026-05-18T23:00:36 COLMAP[chunk_02_sequential_matcher] I20260518 23:00:36.022051  5334 pairing.cc:473] Processing image [126/186]
2026-05-18T23:00:36 COLMAP[chunk_02_sequential_matcher] I20260518 23:00:36.408095  5334 feature_matching.cc:217] in 0.386s
2026-05-18T23:00:36 COLMAP[chunk_02_sequential_matcher] I20260518 23:00:36.408135  5334 pairing.cc:473] Processing image [127/186]
2026-05-18T23:00:36 COLMAP[chunk_02_sequential_matcher] I20260518 23:00:36.702919  5334 feature_matching.cc:217] in 0.295s
2026-05-18T23:00:36 COLMAP[chunk_02_sequential_matcher] I20260518 23:00:36.702977  5334 pairing.cc:473] Processing image [128/186]
2026-05-18T23:00:37 COLMAP[chunk_02_sequential_matcher] I20260518 23:00:37.034132  5334 feature_matching.cc:217] in 0.331s
2026-05-18T23:00:37 COLMAP[chunk_02_sequential_matcher] I20260518 23:00:37.034183  5334 pairing.cc:473] Processing image [129/186]
2026-05-18T23:00:37 COLMAP[chunk_02_sequential_matcher] I20260518 23:00:37.158715  5334 feature_matching.cc:217] in 0.125s
2026-05-18T23:00:37 COLMAP[chunk_02_sequential_matcher] I20260518 23:00:37.158761  5334 pairing.cc:473] Processing image [130/186]
2026-05-18T23:00:37 COLMAP[chunk_02_sequential_matcher] I20260518 23:00:37.252628  5334 feature_matching.cc:217] in 0.094s
2026-05-18T23:00:37 COLMAP[chunk_02_sequential_matcher] I20260518 23:00:37.252667  5334 pairing.cc:473] Processing image [131/186]
2026-05-18T23:00:37 COLMAP[chunk_02_sequential_matcher] I20260518 23:00:37.656210  5334 feature_matching.cc:217] in 0.404s
2026-05-18T23:00:37 COLMAP[chunk_02_sequential_matcher] I20260518 23:00:37.656252  5334 pairing.cc:473] Processing image [132/186]
2026-05-18T23:00:38 COLMAP[chunk_02_sequential_matcher] I20260518 23:00:38.010960  5334 feature_matching.cc:217] in 0.355s
2026-05-18T23:00:38 COLMAP[chunk_02_sequential_matcher] I20260518 23:00:38.011006  5334 pairing.cc:473] Processing image [133/186]
2026-05-18T23:00:38 COLMAP[chunk_02_sequential_matcher] I20260518 23:00:38.359135  5334 feature_matching.cc:217] in 0.348s
2026-05-18T23:00:38 COLMAP[chunk_02_sequential_matcher] I20260518 23:00:38.359186  5334 pairing.cc:473] Processing image [134/186]
2026-05-18T23:00:38 COLMAP[chunk_02_sequential_matcher] I20260518 23:00:38.721340  5334 feature_matching.cc:217] in 0.362s
2026-05-18T23:00:38 COLMAP[chunk_02_sequential_matcher] I20260518 23:00:38.721396  5334 pairing.cc:473] Processing image [135/186]
2026-05-18T23:00:39 COLMAP[chunk_02_sequential_matcher] I20260518 23:00:38.860711  5334 feature_matching.cc:217] in 0.139s
2026-05-18T23:00:39 COLMAP[chunk_02_sequential_matcher] I20260518 23:00:38.860754  5334 pairing.cc:473] Processing image [136/186]
2026-05-18T23:00:39 COLMAP[chunk_02_sequential_matcher] I20260518 23:00:38.953420  5334 feature_matching.cc:217] in 0.093s
2026-05-18T23:00:39 COLMAP[chunk_02_sequential_matcher] I20260518 23:00:38.953483  5334 pairing.cc:473] Processing image [137/186]
2026-05-18T23:00:39 COLMAP[chunk_02_sequential_matcher] I20260518 23:00:39.214617  5334 feature_matching.cc:217] in 0.261s
2026-05-18T23:00:39 COLMAP[chunk_02_sequential_matcher] I20260518 23:00:39.214656  5334 pairing.cc:473] Processing image [138/186]
2026-05-18T23:00:39 COLMAP[chunk_02_sequential_matcher] I20260518 23:00:39.281272  5334 feature_matching.cc:217] in 0.067s
2026-05-18T23:00:39 COLMAP[chunk_02_sequential_matcher] I20260518 23:00:39.281307  5334 pairing.cc:473] Processing image [139/186]
2026-05-18T23:00:39 COLMAP[chunk_02_sequential_matcher] I20260518 23:00:39.317565  5334 feature_matching.cc:217] in 0.036s
2026-05-18T23:00:39 COLMAP[chunk_02_sequential_matcher] I20260518 23:00:39.317595  5334 pairing.cc:473] Processing image [140/186]
2026-05-18T23:00:39 COLMAP[chunk_02_sequential_matcher] I20260518 23:00:39.670136  5334 feature_matching.cc:217] in 0.353s
2026-05-18T23:00:39 COLMAP[chunk_02_sequential_matcher] I20260518 23:00:39.670172  5334 pairing.cc:473] Processing image [141/186]
2026-05-18T23:00:39 COLMAP[chunk_02_sequential_matcher] I20260518 23:00:39.743719  5334 feature_matching.cc:217] in 0.074s
2026-05-18T23:00:39 COLMAP[chunk_02_sequential_matcher] I20260518 23:00:39.743750  5334 pairing.cc:473] Processing image [142/186]
2026-05-18T23:00:40 COLMAP[chunk_02_sequential_matcher] I20260518 23:00:40.105172  5334 feature_matching.cc:217] in 0.361s
2026-05-18T23:00:40 COLMAP[chunk_02_sequential_matcher] I20260518 23:00:40.105216  5334 pairing.cc:473] Processing image [143/186]
2026-05-18T23:00:40 COLMAP[chunk_02_sequential_matcher] I20260518 23:00:40.439157  5334 feature_matching.cc:217] in 0.334s
2026-05-18T23:00:40 COLMAP[chunk_02_sequential_matcher] I20260518 23:00:40.439201  5334 pairing.cc:473] Processing image [144/186]
2026-05-18T23:00:40 COLMAP[chunk_02_sequential_matcher] I20260518 23:00:40.601567  5334 feature_matching.cc:217] in 0.162s
2026-05-18T23:00:40 COLMAP[chunk_02_sequential_matcher] I20260518 23:00:40.601608  5334 pairing.cc:473] Processing image [145/186]
2026-05-18T23:00:41 COLMAP[chunk_02_sequential_matcher] I20260518 23:00:40.909369  5334 feature_matching.cc:217] in 0.308s
2026-05-18T23:00:41 COLMAP[chunk_02_sequential_matcher] I20260518 23:00:40.909423  5334 pairing.cc:473] Processing image [146/186]
2026-05-18T23:00:41 COLMAP[chunk_02_sequential_matcher] I20260518 23:00:40.978830  5334 feature_matching.cc:217] in 0.069s
2026-05-18T23:00:41 COLMAP[chunk_02_sequential_matcher] I20260518 23:00:40.978878  5334 pairing.cc:473] Processing image [147/186]
2026-05-18T23:00:41 COLMAP[chunk_02_sequential_matcher] I20260518 23:00:41.373364  5334 feature_matching.cc:217] in 0.395s
2026-05-18T23:00:41 COLMAP[chunk_02_sequential_matcher] I20260518 23:00:41.373411  5334 pairing.cc:473] Processing image [148/186]
2026-05-18T23:00:41 COLMAP[chunk_02_sequential_matcher] I20260518 23:00:41.737092  5334 feature_matching.cc:217] in 0.364s
2026-05-18T23:00:41 COLMAP[chunk_02_sequential_matcher] I20260518 23:00:41.737139  5334 pairing.cc:473] Processing image [149/186]
2026-05-18T23:00:42 COLMAP[chunk_02_sequential_matcher] I20260518 23:00:42.189778  5334 feature_matching.cc:217] in 0.453s
2026-05-18T23:00:42 COLMAP[chunk_02_sequential_matcher] I20260518 23:00:42.189824  5334 pairing.cc:473] Processing image [150/186]
2026-05-18T23:00:42 COLMAP[chunk_02_sequential_matcher] I20260518 23:00:42.559068  5334 feature_matching.cc:217] in 0.369s
2026-05-18T23:00:42 COLMAP[chunk_02_sequential_matcher] I20260518 23:00:42.559110  5334 pairing.cc:473] Processing image [151/186]
2026-05-18T23:00:43 COLMAP[chunk_02_sequential_matcher] I20260518 23:00:42.929685  5334 feature_matching.cc:217] in 0.371s
2026-05-18T23:00:43 COLMAP[chunk_02_sequential_matcher] I20260518 23:00:42.929734  5334 pairing.cc:473] Processing image [152/186]
2026-05-18T23:00:43 COLMAP[chunk_02_sequential_matcher] I20260518 23:00:43.241671  5334 feature_matching.cc:217] in 0.312s
2026-05-18T23:00:43 COLMAP[chunk_02_sequential_matcher] I20260518 23:00:43.241714  5334 pairing.cc:473] Processing image [153/186]
2026-05-18T23:00:43 COLMAP[chunk_02_sequential_matcher] I20260518 23:00:43.611647  5334 feature_matching.cc:217] in 0.370s
2026-05-18T23:00:43 COLMAP[chunk_02_sequential_matcher] I20260518 23:00:43.611699  5334 pairing.cc:473] Processing image [154/186]
2026-05-18T23:00:44 COLMAP[chunk_02_sequential_matcher] I20260518 23:00:43.985769  5334 feature_matching.cc:217] in 0.374s
2026-05-18T23:00:44 COLMAP[chunk_02_sequential_matcher] I20260518 23:00:43.985819  5334 pairing.cc:473] Processing image [155/186]
2026-05-18T23:00:44 COLMAP[chunk_02_sequential_matcher] I20260518 23:00:44.368866  5334 feature_matching.cc:217] in 0.383s
2026-05-18T23:00:44 COLMAP[chunk_02_sequential_matcher] I20260518 23:00:44.368908  5334 pairing.cc:473] Processing image [156/186]
2026-05-18T23:00:44 COLMAP[chunk_02_sequential_matcher] I20260518 23:00:44.718989  5334 feature_matching.cc:217] in 0.350s
2026-05-18T23:00:44 COLMAP[chunk_02_sequential_matcher] I20260518 23:00:44.719034  5334 pairing.cc:473] Processing image [157/186]
2026-05-18T23:00:45 COLMAP[chunk_02_sequential_matcher] I20260518 23:00:44.880856  5334 feature_matching.cc:217] in 0.162s
2026-05-18T23:00:45 COLMAP[chunk_02_sequential_matcher] I20260518 23:00:44.880901  5334 pairing.cc:473] Processing image [158/186]
2026-05-18T23:00:45 COLMAP[chunk_02_sequential_matcher] I20260518 23:00:45.199355  5334 feature_matching.cc:217] in 0.318s
2026-05-18T23:00:45 COLMAP[chunk_02_sequential_matcher] I20260518 23:00:45.199410  5334 pairing.cc:473] Processing image [159/186]
2026-05-18T23:00:45 COLMAP[chunk_02_sequential_matcher] I20260518 23:00:45.556205  5334 feature_matching.cc:217] in 0.357s
2026-05-18T23:00:45 COLMAP[chunk_02_sequential_matcher] I20260518 23:00:45.556255  5334 pairing.cc:473] Processing image [160/186]
2026-05-18T23:00:46 COLMAP[chunk_02_sequential_matcher] I20260518 23:00:45.975277  5334 feature_matching.cc:217] in 0.419s
2026-05-18T23:00:46 COLMAP[chunk_02_sequential_matcher] I20260518 23:00:45.975327  5334 pairing.cc:473] Processing image [161/186]
2026-05-18T23:00:46 COLMAP[chunk_02_sequential_matcher] I20260518 23:00:46.206537  5334 feature_matching.cc:217] in 0.231s
2026-05-18T23:00:46 COLMAP[chunk_02_sequential_matcher] I20260518 23:00:46.206580  5334 pairing.cc:473] Processing image [162/186]
2026-05-18T23:00:46 COLMAP[chunk_02_sequential_matcher] I20260518 23:00:46.673803  5334 feature_matching.cc:217] in 0.467s
2026-05-18T23:00:46 COLMAP[chunk_02_sequential_matcher] I20260518 23:00:46.673848  5334 pairing.cc:473] Processing image [163/186]
2026-05-18T23:00:47 COLMAP[chunk_02_sequential_matcher] I20260518 23:00:47.258529  5334 feature_matching.cc:217] in 0.585s
2026-05-18T23:00:47 COLMAP[chunk_02_sequential_matcher] I20260518 23:00:47.258575  5334 pairing.cc:473] Processing image [164/186]
2026-05-18T23:00:48 COLMAP[chunk_02_sequential_matcher] I20260518 23:00:47.843109  5334 feature_matching.cc:217] in 0.585s
2026-05-18T23:00:48 COLMAP[chunk_02_sequential_matcher] I20260518 23:00:47.843153  5334 pairing.cc:473] Processing image [165/186]
2026-05-18T23:00:48 COLMAP[chunk_02_sequential_matcher] I20260518 23:00:47.915978  5334 feature_matching.cc:217] in 0.073s
2026-05-18T23:00:48 COLMAP[chunk_02_sequential_matcher] I20260518 23:00:47.916039  5334 pairing.cc:473] Processing image [166/186]
2026-05-18T23:00:48 COLMAP[chunk_02_sequential_matcher] I20260518 23:00:47.916131  5334 feature_matching.cc:217] in 0.000s
2026-05-18T23:00:48 COLMAP[chunk_02_sequential_matcher] I20260518 23:00:47.916149  5334 pairing.cc:473] Processing image [167/186]
2026-05-18T23:00:48 COLMAP[chunk_02_sequential_matcher] I20260518 23:00:47.952715  5334 feature_matching.cc:217] in 0.037s
2026-05-18T23:00:48 COLMAP[chunk_02_sequential_matcher] I20260518 23:00:47.952749  5334 pairing.cc:473] Processing image [168/186]
2026-05-18T23:00:48 COLMAP[chunk_02_sequential_matcher] I20260518 23:00:48.367650  5334 feature_matching.cc:217] in 0.415s
2026-05-18T23:00:48 COLMAP[chunk_02_sequential_matcher] I20260518 23:00:48.367697  5334 pairing.cc:473] Processing image [169/186]
2026-05-18T23:00:48 COLMAP[chunk_02_sequential_matcher] I20260518 23:00:48.619705  5334 feature_matching.cc:217] in 0.252s
2026-05-18T23:00:48 COLMAP[chunk_02_sequential_matcher] I20260518 23:00:48.619757  5334 pairing.cc:473] Processing image [170/186]
2026-05-18T23:00:49 COLMAP[chunk_02_sequential_matcher] I20260518 23:00:49.050007  5334 feature_matching.cc:217] in 0.430s
2026-05-18T23:00:49 COLMAP[chunk_02_sequential_matcher] I20260518 23:00:49.050060  5334 pairing.cc:473] Processing image [171/186]
2026-05-18T23:00:49 COLMAP[chunk_02_sequential_matcher] I20260518 23:00:49.095639  5334 feature_matching.cc:217] in 0.046s
2026-05-18T23:00:49 COLMAP[chunk_02_sequential_matcher] I20260518 23:00:49.095678  5334 pairing.cc:473] Processing image [172/186]
2026-05-18T23:00:49 COLMAP[chunk_02_sequential_matcher] I20260518 23:00:49.145506  5334 feature_matching.cc:217] in 0.050s
2026-05-18T23:00:49 COLMAP[chunk_02_sequential_matcher] I20260518 23:00:49.145537  5334 pairing.cc:473] Processing image [173/186]
2026-05-18T23:00:49 COLMAP[chunk_02_sequential_matcher] I20260518 23:00:49.239580  5334 feature_matching.cc:217] in 0.094s
2026-05-18T23:00:49 COLMAP[chunk_02_sequential_matcher] I20260518 23:00:49.239612  5334 pairing.cc:473] Processing image [174/186]
2026-05-18T23:00:49 COLMAP[chunk_02_sequential_matcher] I20260518 23:00:49.597056  5334 feature_matching.cc:217] in 0.357s
2026-05-18T23:00:49 COLMAP[chunk_02_sequential_matcher] I20260518 23:00:49.597100  5334 pairing.cc:473] Processing image [175/186]
2026-05-18T23:00:49 COLMAP[chunk_02_sequential_matcher] I20260518 23:00:49.698973  5334 feature_matching.cc:217] in 0.102s
2026-05-18T23:00:49 COLMAP[chunk_02_sequential_matcher] I20260518 23:00:49.699011  5334 pairing.cc:473] Processing image [176/186]
2026-05-18T23:00:50 COLMAP[chunk_02_sequential_matcher] I20260518 23:00:50.103940  5334 feature_matching.cc:217] in 0.405s
2026-05-18T23:00:50 COLMAP[chunk_02_sequential_matcher] I20260518 23:00:50.103983  5334 pairing.cc:473] Processing image [177/186]
2026-05-18T23:00:50 COLMAP[chunk_02_sequential_matcher] I20260518 23:00:50.574646  5334 feature_matching.cc:217] in 0.471s
2026-05-18T23:00:50 COLMAP[chunk_02_sequential_matcher] I20260518 23:00:50.574695  5334 pairing.cc:473] Processing image [178/186]
2026-05-18T23:00:50 COLMAP[chunk_02_sequential_matcher] I20260518 23:00:50.835299  5334 feature_matching.cc:217] in 0.261s
2026-05-18T23:00:50 COLMAP[chunk_02_sequential_matcher] I20260518 23:00:50.835345  5334 pairing.cc:473] Processing image [179/186]
2026-05-18T23:00:50 COLMAP[chunk_02_sequential_matcher] I20260518 23:00:50.835409  5334 feature_matching.cc:217] in 0.000s
2026-05-18T23:00:50 COLMAP[chunk_02_sequential_matcher] I20260518 23:00:50.835420  5334 pairing.cc:473] Processing image [180/186]
2026-05-18T23:00:51 COLMAP[chunk_02_sequential_matcher] I20260518 23:00:50.864603  5334 feature_matching.cc:217] in 0.029s
2026-05-18T23:00:51 COLMAP[chunk_02_sequential_matcher] I20260518 23:00:50.864640  5334 pairing.cc:473] Processing image [181/186]
2026-05-18T23:00:51 COLMAP[chunk_02_sequential_matcher] I20260518 23:00:51.259649  5334 feature_matching.cc:217] in 0.395s
2026-05-18T23:00:51 COLMAP[chunk_02_sequential_matcher] I20260518 23:00:51.259701  5334 pairing.cc:473] Processing image [182/186]
2026-05-18T23:00:51 COLMAP[chunk_02_sequential_matcher] I20260518 23:00:51.369645  5334 feature_matching.cc:217] in 0.110s
2026-05-18T23:00:51 COLMAP[chunk_02_sequential_matcher] I20260518 23:00:51.369690  5334 pairing.cc:473] Processing image [183/186]
2026-05-18T23:00:51 COLMAP[chunk_02_sequential_matcher] I20260518 23:00:51.409366  5334 feature_matching.cc:217] in 0.040s
2026-05-18T23:00:51 COLMAP[chunk_02_sequential_matcher] I20260518 23:00:51.409403  5334 pairing.cc:473] Processing image [184/186]
2026-05-18T23:00:51 COLMAP[chunk_02_sequential_matcher] I20260518 23:00:51.820796  5334 feature_matching.cc:217] in 0.411s
2026-05-18T23:00:51 COLMAP[chunk_02_sequential_matcher] I20260518 23:00:51.820843  5334 pairing.cc:473] Processing image [185/186]
2026-05-18T23:00:52 COLMAP[chunk_02_sequential_matcher] I20260518 23:00:52.345571  5334 feature_matching.cc:217] in 0.525s
2026-05-18T23:00:52 COLMAP[chunk_02_sequential_matcher] I20260518 23:00:52.345621  5334 pairing.cc:473] Processing image [186/186]
2026-05-18T23:00:52 COLMAP[chunk_02_sequential_matcher] I20260518 23:00:52.345633  5334 feature_matching.cc:217] in 0.000s
2026-05-18T23:00:52 COLMAP[chunk_02_sequential_matcher] I20260518 23:00:52.345640  5334 timer.cc:90] Elapsed time: 1.438 [minutes]
2026-05-18T23:00:52 2026-05-18 23:00:52,405 - INFO - chunk_02_sequential_matcher added 786 verified image pairs
2026-05-18T23:00:52 2026-05-18 23:00:52,406 - INFO - [chunk_02_mapper_initial] colmap mapper --database_path /tmp/colmap_sfm_gefg0_n4/chunk_02/database.db --image_path /tmp/colmap_sfm_gefg0_n4/images --output_path /tmp/colmap_sfm_gefg0_n4/chunk_02/sparse_initial --Mapper.num_threads -1 --Mapper.ba_refine_principal_point 0
2026-05-18T23:00:52 COLMAP[chunk_02_mapper_initial] I20260518 23:00:52.556900  5388 incremental_pipeline.cc:265] Loading database
2026-05-18T23:00:52 COLMAP[chunk_02_mapper_initial] I20260518 23:00:52.557231  5388 database_cache.cc:72] Loading rigs...
2026-05-18T23:00:52 COLMAP[chunk_02_mapper_initial] I20260518 23:00:52.557355  5388 database_cache.cc:82]  1 in 0.000s
2026-05-18T23:00:52 COLMAP[chunk_02_mapper_initial] I20260518 23:00:52.557392  5388 database_cache.cc:90] Loading cameras...
2026-05-18T23:00:52 COLMAP[chunk_02_mapper_initial] I20260518 23:00:52.557426  5388 database_cache.cc:108]  1 in 0.000s
2026-05-18T23:00:52 COLMAP[chunk_02_mapper_initial] I20260518 23:00:52.557441  5388 database_cache.cc:116] Loading frames...
2026-05-18T23:00:52 COLMAP[chunk_02_mapper_initial] I20260518 23:00:52.559700  5388 database_cache.cc:126]  1710 in 0.002s
2026-05-18T23:00:52 COLMAP[chunk_02_mapper_initial] I20260518 23:00:52.559731  5388 database_cache.cc:134] Loading matches...
2026-05-18T23:00:52 COLMAP[chunk_02_mapper_initial] I20260518 23:00:52.584656  5388 database_cache.cc:139]  1553 in 0.025s
2026-05-18T23:00:52 COLMAP[chunk_02_mapper_initial] I20260518 23:00:52.584697  5388 database_cache.cc:147] Loading images...
2026-05-18T23:00:52 COLMAP[chunk_02_mapper_initial] I20260518 23:00:52.662398  5388 database_cache.cc:241]  186 in 0.078s (connected 186, loaded 186)
2026-05-18T23:00:52 COLMAP[chunk_02_mapper_initial] I20260518 23:00:52.662464  5388 database_cache.cc:255] Loading pose priors...
2026-05-18T23:00:52 COLMAP[chunk_02_mapper_initial] I20260518 23:00:52.663427  5388 database_cache.cc:263]  1710 in 0.001s
2026-05-18T23:00:52 COLMAP[chunk_02_mapper_initial] I20260518 23:00:52.663460  5388 database_cache.cc:271] Building correspondence graph...
2026-05-18T23:00:53 COLMAP[chunk_02_mapper_initial] I20260518 23:00:53.087061  5388 database_cache.cc:300]  in 0.424s (ignored 0)
2026-05-18T23:00:53 COLMAP[chunk_02_mapper_initial] I20260518 23:00:53.087178  5388 timer.cc:90] Elapsed time: 0.009 [minutes]
2026-05-18T23:00:53 COLMAP[chunk_02_mapper_initial] I20260518 23:00:53.108196  5388 incremental_pipeline.cc:377] Finding good initial image pair
2026-05-18T23:00:53 COLMAP[chunk_02_mapper_initial] I20260518 23:00:53.247606  5388 incremental_pipeline.cc:401] Registering initial image pair #11 and #160
2026-05-18T23:00:53 COLMAP[chunk_02_mapper_initial] I20260518 23:00:53.279511  5388 incremental_pipeline.cc:419] Global bundle adjustment
2026-05-18T23:00:54 COLMAP[chunk_02_mapper_initial] I20260518 23:00:54.250223  5388 incremental_pipeline.cc:524] Registering image #162 (num_reg_frames=2)
2026-05-18T23:00:54 COLMAP[chunk_02_mapper_initial] I20260518 23:00:54.250275  5388 incremental_pipeline.cc:527] => Image sees 3133 / 9341 points
2026-05-18T23:00:55 COLMAP[chunk_02_mapper_initial] I20260518 23:00:55.172145  5388 incremental_pipeline.cc:78] Retriangulation and Global bundle adjustment
2026-05-18T23:00:55 COLMAP[chunk_02_mapper_initial] I20260518 23:00:55.456909  5388 incremental_pipeline.cc:524] Registering image #161 (num_reg_frames=3)
2026-05-18T23:00:55 COLMAP[chunk_02_mapper_initial] I20260518 23:00:55.456965  5388 incremental_pipeline.cc:527] => Image sees 4802 / 8741 points
2026-05-18T23:00:56 COLMAP[chunk_02_mapper_initial] I20260518 23:00:56.545377  5388 incremental_pipeline.cc:78] Retriangulation and Global bundle adjustment
2026-05-18T23:00:57 COLMAP[chunk_02_mapper_initial] I20260518 23:00:56.976495  5388 incremental_pipeline.cc:524] Registering image #159 (num_reg_frames=4)
2026-05-18T23:00:57 COLMAP[chunk_02_mapper_initial] I20260518 23:00:56.976550  5388 incremental_pipeline.cc:527] => Image sees 5232 / 7880 points
2026-05-18T23:00:58 COLMAP[chunk_02_mapper_initial] I20260518 23:00:58.833127  5388 incremental_pipeline.cc:78] Retriangulation and Global bundle adjustment
2026-05-18T23:00:59 COLMAP[chunk_02_mapper_initial] I20260518 23:00:59.275838  5388 incremental_pipeline.cc:524] Registering image #163 (num_reg_frames=5)
2026-05-18T23:00:59 COLMAP[chunk_02_mapper_initial] I20260518 23:00:59.275892  5388 incremental_pipeline.cc:527] => Image sees 5297 / 8976 points
2026-05-18T23:01:01 COLMAP[chunk_02_mapper_initial] I20260518 23:01:00.858947  5388 incremental_pipeline.cc:78] Retriangulation and Global bundle adjustment
2026-05-18T23:01:01 COLMAP[chunk_02_mapper_initial] I20260518 23:01:01.578316  5388 incremental_pipeline.cc:524] Registering image #164 (num_reg_frames=6)
2026-05-18T23:01:01 COLMAP[chunk_02_mapper_initial] I20260518 23:01:01.578368  5388 incremental_pipeline.cc:527] => Image sees 5332 / 8841 points
2026-05-18T23:01:02 COLMAP[chunk_02_mapper_initial] I20260518 23:01:02.830533  5388 incremental_pipeline.cc:78] Retriangulation and Global bundle adjustment
2026-05-18T23:01:03 COLMAP[chunk_02_mapper_initial] I20260518 23:01:03.778785  5388 incremental_pipeline.cc:524] Registering image #10 (num_reg_frames=7)
2026-05-18T23:01:03 COLMAP[chunk_02_mapper_initial] I20260518 23:01:03.778839  5388 incremental_pipeline.cc:527] => Image sees 5178 / 11105 points
2026-05-18T23:01:05 COLMAP[chunk_02_mapper_initial] I20260518 23:01:04.856297  5388 incremental_pipeline.cc:78] Retriangulation and Global bundle adjustment
2026-05-18T23:01:06 COLMAP[chunk_02_mapper_initial] I20260518 23:01:05.963688  5388 incremental_pipeline.cc:524] Registering image #12 (num_reg_frames=8)
2026-05-18T23:01:06 COLMAP[chunk_02_mapper_initial] I20260518 23:01:05.963745  5388 incremental_pipeline.cc:527] => Image sees 5399 / 9357 points
2026-05-18T23:01:07 COLMAP[chunk_02_mapper_initial] I20260518 23:01:07.136022  5388 incremental_pipeline.cc:78] Retriangulation and Global bundle adjustment
2026-05-18T23:01:08 COLMAP[chunk_02_mapper_initial] I20260518 23:01:08.279255  5388 incremental_pipeline.cc:524] Registering image #9 (num_reg_frames=9)
2026-05-18T23:01:08 COLMAP[chunk_02_mapper_initial] I20260518 23:01:08.279314  5388 incremental_pipeline.cc:527] => Image sees 5274 / 9870 points
2026-05-18T23:01:09 COLMAP[chunk_02_mapper_initial] I20260518 23:01:09.400970  5388 incremental_pipeline.cc:78] Retriangulation and Global bundle adjustment
2026-05-18T23:01:10 COLMAP[chunk_02_mapper_initial] I20260518 23:01:10.616403  5388 incremental_pipeline.cc:524] Registering image #165 (num_reg_frames=10)
2026-05-18T23:01:10 COLMAP[chunk_02_mapper_initial] I20260518 23:01:10.616457  5388 incremental_pipeline.cc:527] => Image sees 4728 / 7990 points
2026-05-18T23:01:12 COLMAP[chunk_02_mapper_initial] I20260518 23:01:12.231416  5388 incremental_pipeline.cc:78] Retriangulation and Global bundle adjustment
2026-05-18T23:01:13 COLMAP[chunk_02_mapper_initial] I20260518 23:01:13.496729  5388 incremental_pipeline.cc:524] Registering image #180 (num_reg_frames=11)
2026-05-18T23:01:13 COLMAP[chunk_02_mapper_initial] I20260518 23:01:13.496783  5388 incremental_pipeline.cc:527] => Image sees 3881 / 7478 points
2026-05-18T23:01:15 COLMAP[chunk_02_mapper_initial] I20260518 23:01:15.015311  5388 incremental_pipeline.cc:524] Registering image #181 (num_reg_frames=12)
2026-05-18T23:01:15 COLMAP[chunk_02_mapper_initial] I20260518 23:01:15.015362  5388 incremental_pipeline.cc:527] => Image sees 4240 / 7776 points
2026-05-18T23:01:16 COLMAP[chunk_02_mapper_initial] I20260518 23:01:16.645221  5388 incremental_pipeline.cc:78] Retriangulation and Global bundle adjustment
2026-05-18T23:01:19 COLMAP[chunk_02_mapper_initial] I20260518 23:01:19.413198  5388 incremental_pipeline.cc:524] Registering image #182 (num_reg_frames=13)
2026-05-18T23:01:19 COLMAP[chunk_02_mapper_initial] I20260518 23:01:19.413250  5388 incremental_pipeline.cc:527] => Image sees 4858 / 7616 points
2026-05-18T23:01:21 COLMAP[chunk_02_mapper_initial] I20260518 23:01:21.313454  5388 incremental_pipeline.cc:524] Registering image #179 (num_reg_frames=14)
2026-05-18T23:01:21 COLMAP[chunk_02_mapper_initial] I20260518 23:01:21.313513  5388 incremental_pipeline.cc:527] => Image sees 4587 / 7049 points
2026-05-18T23:01:23 COLMAP[chunk_02_mapper_initial] I20260518 23:01:23.034152  5388 incremental_pipeline.cc:78] Retriangulation and Global bundle adjustment
2026-05-18T23:01:26 COLMAP[chunk_02_mapper_initial] I20260518 23:01:25.999135  5388 incremental_pipeline.cc:524] Registering image #13 (num_reg_frames=15)
2026-05-18T23:01:26 COLMAP[chunk_02_mapper_initial] I20260518 23:01:25.999191  5388 incremental_pipeline.cc:527] => Image sees 4681 / 9101 points
2026-05-18T23:01:27 COLMAP[chunk_02_mapper_initial] I20260518 23:01:27.696815  5388 incremental_pipeline.cc:524] Registering image #8 (num_reg_frames=16)
2026-05-18T23:01:27 COLMAP[chunk_02_mapper_initial] I20260518 23:01:27.696866  5388 incremental_pipeline.cc:527] => Image sees 5038 / 9792 points
2026-05-18T23:01:29 COLMAP[chunk_02_mapper_initial] I20260518 23:01:29.400084  5388 incremental_pipeline.cc:78] Retriangulation and Global bundle adjustment
2026-05-18T23:01:31 COLMAP[chunk_02_mapper_initial] I20260518 23:01:31.295944  5388 incremental_pipeline.cc:524] Registering image #183 (num_reg_frames=17)
2026-05-18T23:01:31 COLMAP[chunk_02_mapper_initial] I20260518 23:01:31.295998  5388 incremental_pipeline.cc:527] => Image sees 3605 / 5988 points
2026-05-18T23:01:32 COLMAP[chunk_02_mapper_initial] I20260518 23:01:32.683148  5388 incremental_pipeline.cc:524] Registering image #158 (num_reg_frames=18)
2026-05-18T23:01:32 COLMAP[chunk_02_mapper_initial] I20260518 23:01:32.683202  5388 incremental_pipeline.cc:527] => Image sees 4873 / 6131 points
2026-05-18T23:01:34 COLMAP[chunk_02_mapper_initial] I20260518 23:01:33.981606  5388 incremental_pipeline.cc:78] Retriangulation and Global bundle adjustment
2026-05-18T23:01:36 COLMAP[chunk_02_mapper_initial] I20260518 23:01:36.023777  5388 incremental_pipeline.cc:524] Registering image #166 (num_reg_frames=19)
2026-05-18T23:01:36 COLMAP[chunk_02_mapper_initial] I20260518 23:01:36.023829  5388 incremental_pipeline.cc:527] => Image sees 2934 / 6338 points
2026-05-18T23:01:37 COLMAP[chunk_02_mapper_initial] I20260518 23:01:37.323550  5388 incremental_pipeline.cc:524] Registering image #167 (num_reg_frames=20)
2026-05-18T23:01:37 COLMAP[chunk_02_mapper_initial] I20260518 23:01:37.323601  5388 incremental_pipeline.cc:527] => Image sees 2701 / 6822 points
2026-05-18T23:01:38 COLMAP[chunk_02_mapper_initial] I20260518 23:01:38.397889  5388 incremental_pipeline.cc:78] Retriangulation and Global bundle adjustment
2026-05-18T23:01:40 COLMAP[chunk_02_mapper_initial] I20260518 23:01:40.570689  5388 incremental_pipeline.cc:524] Registering image #178 (num_reg_frames=21)
2026-05-18T23:01:40 COLMAP[chunk_02_mapper_initial] I20260518 23:01:40.570745  5388 incremental_pipeline.cc:527] => Image sees 3686 / 7498 points
2026-05-18T23:01:42 COLMAP[chunk_02_mapper_initial] I20260518 23:01:41.958118  5388 incremental_pipeline.cc:524] Registering image #7 (num_reg_frames=22)
2026-05-18T23:01:42 COLMAP[chunk_02_mapper_initial] I20260518 23:01:41.958171  5388 incremental_pipeline.cc:527] => Image sees 4512 / 9649 points
2026-05-18T23:01:43 COLMAP[chunk_02_mapper_initial] I20260518 23:01:43.514039  5388 incremental_pipeline.cc:524] Registering image #168 (num_reg_frames=23)
2026-05-18T23:01:43 COLMAP[chunk_02_mapper_initial] I20260518 23:01:43.514094  5388 incremental_pipeline.cc:527] => Image sees 3253 / 6750 points
2026-05-18T23:01:44 COLMAP[chunk_02_mapper_initial] I20260518 23:01:44.613014  5388 incremental_pipeline.cc:78] Retriangulation and Global bundle adjustment
2026-05-18T23:01:49 COLMAP[chunk_02_mapper_initial] I20260518 23:01:49.354920  5388 incremental_pipeline.cc:524] Registering image #177 (num_reg_frames=24)
2026-05-18T23:01:49 COLMAP[chunk_02_mapper_initial] I20260518 23:01:49.354974  5388 incremental_pipeline.cc:527] => Image sees 4588 / 7724 points
2026-05-18T23:01:50 COLMAP[chunk_02_mapper_initial] I20260518 23:01:50.885497  5388 incremental_pipeline.cc:524] Registering image #176 (num_reg_frames=25)
2026-05-18T23:01:50 COLMAP[chunk_02_mapper_initial] I20260518 23:01:50.885550  5388 incremental_pipeline.cc:527] => Image sees 4274 / 7144 points
2026-05-18T23:01:52 COLMAP[chunk_02_mapper_initial] I20260518 23:01:52.210425  5388 incremental_pipeline.cc:524] Registering image #175 (num_reg_frames=26)
2026-05-18T23:01:52 COLMAP[chunk_02_mapper_initial] I20260518 23:01:52.210475  5388 incremental_pipeline.cc:527] => Image sees 4051 / 6694 points
2026-05-18T23:01:53 COLMAP[chunk_02_mapper_initial] I20260518 23:01:53.440501  5388 incremental_pipeline.cc:78] Retriangulation and Global bundle adjustment
2026-05-18T23:01:58 COLMAP[chunk_02_mapper_initial] I20260518 23:01:58.759692  5388 incremental_pipeline.cc:524] Registering image #6 (num_reg_frames=27)
2026-05-18T23:01:58 COLMAP[chunk_02_mapper_initial] I20260518 23:01:58.759742  5388 incremental_pipeline.cc:527] => Image sees 2812 / 7663 points
2026-05-18T23:01:59 COLMAP[chunk_02_mapper_initial] I20260518 23:01:59.880110  5388 incremental_pipeline.cc:524] Registering image #173 (num_reg_frames=28)
2026-05-18T23:01:59 COLMAP[chunk_02_mapper_initial] I20260518 23:01:59.880157  5388 incremental_pipeline.cc:527] => Image sees 4189 / 7261 points
2026-05-18T23:02:01 COLMAP[chunk_02_mapper_initial] I20260518 23:02:01.386551  5388 incremental_pipeline.cc:524] Registering image #169 (num_reg_frames=29)
2026-05-18T23:02:01 COLMAP[chunk_02_mapper_initial] I20260518 23:02:01.386605  5388 incremental_pipeline.cc:527] => Image sees 2706 / 6652 points
2026-05-18T23:02:02 COLMAP[chunk_02_mapper_initial] I20260518 23:02:02.483328  5388 incremental_pipeline.cc:78] Retriangulation and Global bundle adjustment
2026-05-18T23:02:08 COLMAP[chunk_02_mapper_initial] I20260518 23:02:08.964872  5388 incremental_pipeline.cc:524] Registering image #174 (num_reg_frames=30)
2026-05-18T23:02:08 COLMAP[chunk_02_mapper_initial] I20260518 23:02:08.964926  5388 incremental_pipeline.cc:527] => Image sees 3738 / 7739 points
2026-05-18T23:02:10 COLMAP[chunk_02_mapper_initial] I20260518 23:02:10.321918  5388 incremental_pipeline.cc:524] Registering image #170 (num_reg_frames=31)
2026-05-18T23:02:10 COLMAP[chunk_02_mapper_initial] I20260518 23:02:10.321972  5388 incremental_pipeline.cc:527] => Image sees 3735 / 7687 points
2026-05-18T23:02:11 COLMAP[chunk_02_mapper_initial] I20260518 23:02:11.705420  5388 incremental_pipeline.cc:524] Registering image #171 (num_reg_frames=32)
2026-05-18T23:02:11 COLMAP[chunk_02_mapper_initial] I20260518 23:02:11.705474  5388 incremental_pipeline.cc:527] => Image sees 4029 / 6349 points
2026-05-18T23:02:12 COLMAP[chunk_02_mapper_initial] I20260518 23:02:12.815124  5388 incremental_pipeline.cc:78] Retriangulation and Global bundle adjustment
2026-05-18T23:02:16 COLMAP[chunk_02_mapper_initial] I20260518 23:02:16.471248  5388 incremental_pipeline.cc:524] Registering image #5 (num_reg_frames=33)
2026-05-18T23:02:16 COLMAP[chunk_02_mapper_initial] I20260518 23:02:16.471304  5388 incremental_pipeline.cc:527] => Image sees 4402 / 7532 points
2026-05-18T23:02:17 COLMAP[chunk_02_mapper_initial] I20260518 23:02:17.986652  5388 incremental_pipeline.cc:524] Registering image #172 (num_reg_frames=34)
2026-05-18T23:02:17 COLMAP[chunk_02_mapper_initial] I20260518 23:02:17.986706  5388 incremental_pipeline.cc:527] => Image sees 5221 / 6764 points
2026-05-18T23:02:20 COLMAP[chunk_02_mapper_initial] I20260518 23:02:19.522547  5388 incremental_pipeline.cc:524] Registering image #4 (num_reg_frames=35)
2026-05-18T23:02:20 COLMAP[chunk_02_mapper_initial] I20260518 23:02:19.522600  5388 incremental_pipeline.cc:527] => Image sees 4611 / 7418 points
2026-05-18T23:02:21 COLMAP[chunk_02_mapper_initial] I20260518 23:02:20.910696  5388 incremental_pipeline.cc:524] Registering image #1710 (num_reg_frames=36)
2026-05-18T23:02:21 COLMAP[chunk_02_mapper_initial] I20260518 23:02:20.910751  5388 incremental_pipeline.cc:527] => Image sees 5352 / 8611 points
2026-05-18T23:02:23 COLMAP[chunk_02_mapper_initial] I20260518 23:02:22.645064  5388 incremental_pipeline.cc:78] Retriangulation and Global bundle adjustment
2026-05-18T23:02:36 COLMAP[chunk_02_mapper_initial] I20260518 23:02:35.210078  5388 incremental_pipeline.cc:524] Registering image #1322 (num_reg_frames=37)
2026-05-18T23:02:36 COLMAP[chunk_02_mapper_initial] I20260518 23:02:35.210151  5388 incremental_pipeline.cc:527] => Image sees 4175 / 5393 points
2026-05-18T23:02:37 COLMAP[chunk_02_mapper_initial] I20260518 23:02:36.682205  5388 incremental_pipeline.cc:524] Registering image #1 (num_reg_frames=38)
2026-05-18T23:02:37 COLMAP[chunk_02_mapper_initial] I20260518 23:02:36.682256  5388 incremental_pipeline.cc:527] => Image sees 2129 / 4880 points
2026-05-18T23:02:38 COLMAP[chunk_02_mapper_initial] I20260518 23:02:37.755820  5388 incremental_pipeline.cc:524] Registering image #33 (num_reg_frames=39)
2026-05-18T23:02:38 COLMAP[chunk_02_mapper_initial] I20260518 23:02:37.755872  5388 incremental_pipeline.cc:527] => Image sees 3161 / 6586 points
2026-05-18T23:02:40 COLMAP[chunk_02_mapper_initial] I20260518 23:02:39.091590  5388 incremental_pipeline.cc:524] Registering image #32 (num_reg_frames=40)
2026-05-18T23:02:40 COLMAP[chunk_02_mapper_initial] I20260518 23:02:39.091640  5388 incremental_pipeline.cc:527] => Image sees 2890 / 6481 points
2026-05-18T23:02:41 COLMAP[chunk_02_mapper_initial] I20260518 23:02:40.332532  5388 incremental_pipeline.cc:78] Retriangulation and Global bundle adjustment
2026-05-18T23:02:49 COLMAP[chunk_02_mapper_initial] I20260518 23:02:48.389169  5388 incremental_pipeline.cc:524] Registering image #31 (num_reg_frames=41)
2026-05-18T23:02:49 COLMAP[chunk_02_mapper_initial] I20260518 23:02:48.389220  5388 incremental_pipeline.cc:527] => Image sees 3857 / 7121 points
2026-05-18T23:02:50 COLMAP[chunk_02_mapper_initial] I20260518 23:02:49.894848  5388 incremental_pipeline.cc:524] Registering image #30 (num_reg_frames=42)
2026-05-18T23:02:50 COLMAP[chunk_02_mapper_initial] I20260518 23:02:49.894897  5388 incremental_pipeline.cc:527] => Image sees 3670 / 6620 points
2026-05-18T23:02:52 COLMAP[chunk_02_mapper_initial] I20260518 23:02:51.315511  5388 incremental_pipeline.cc:524] Registering image #29 (num_reg_frames=43)
2026-05-18T23:02:52 COLMAP[chunk_02_mapper_initial] I20260518 23:02:51.315557  5388 incremental_pipeline.cc:527] => Image sees 3357 / 6336 points
2026-05-18T23:02:53 COLMAP[chunk_02_mapper_initial] I20260518 23:02:52.667667  5388 incremental_pipeline.cc:524] Registering image #34 (num_reg_frames=44)
2026-05-18T23:02:53 COLMAP[chunk_02_mapper_initial] I20260518 23:02:52.667716  5388 incremental_pipeline.cc:527] => Image sees 2418 / 5077 points
2026-05-18T23:02:54 COLMAP[chunk_02_mapper_initial] I20260518 23:02:53.693308  5388 incremental_pipeline.cc:524] Registering image #28 (num_reg_frames=45)
2026-05-18T23:02:54 COLMAP[chunk_02_mapper_initial] I20260518 23:02:53.693365  5388 incremental_pipeline.cc:527] => Image sees 2071 / 5193 points
2026-05-18T23:02:55 COLMAP[chunk_02_mapper_initial] I20260518 23:02:54.735738  5388 incremental_pipeline.cc:78] Retriangulation and Global bundle adjustment
2026-05-18T23:03:05 COLMAP[chunk_02_mapper_initial] I20260518 23:03:04.163108  5388 incremental_pipeline.cc:524] Registering image #1670 (num_reg_frames=46)
2026-05-18T23:03:05 COLMAP[chunk_02_mapper_initial] I20260518 23:03:04.163168  5388 incremental_pipeline.cc:527] => Image sees 2425 / 5248 points
2026-05-18T23:03:06 COLMAP[chunk_02_mapper_initial] I20260518 23:03:05.490983  5388 incremental_pipeline.cc:524] Registering image #1669 (num_reg_frames=47)
2026-05-18T23:03:06 COLMAP[chunk_02_mapper_initial] I20260518 23:03:05.491073  5388 incremental_pipeline.cc:527] => Image sees 2106 / 6675 points
2026-05-18T23:03:07 COLMAP[chunk_02_mapper_initial] I20260518 23:03:06.757061  5388 incremental_pipeline.cc:524] Registering image #14 (num_reg_frames=48)
2026-05-18T23:03:07 COLMAP[chunk_02_mapper_initial] I20260518 23:03:06.757112  5388 incremental_pipeline.cc:527] => Image sees 3483 / 8080 points
2026-05-18T23:03:09 COLMAP[chunk_02_mapper_initial] I20260518 23:03:08.196120  5388 incremental_pipeline.cc:524] Registering image #1668 (num_reg_frames=49)
2026-05-18T23:03:09 COLMAP[chunk_02_mapper_initial] I20260518 23:03:08.196171  5388 incremental_pipeline.cc:527] => Image sees 2918 / 7734 points
2026-05-18T23:03:10 COLMAP[chunk_02_mapper_initial] I20260518 23:03:09.451923  5388 incremental_pipeline.cc:524] Registering image #1706 (num_reg_frames=50)
2026-05-18T23:03:10 COLMAP[chunk_02_mapper_initial] I20260518 23:03:09.451972  5388 incremental_pipeline.cc:527] => Image sees 2557 / 5649 points
2026-05-18T23:03:11 COLMAP[chunk_02_mapper_initial] I20260518 23:03:10.562956  5388 incremental_pipeline.cc:78] Retriangulation and Global bundle adjustment
2026-05-18T23:03:22 COLMAP[chunk_02_mapper_initial] I20260518 23:03:21.904990  5388 incremental_pipeline.cc:524] Registering image #1667 (num_reg_frames=51)
2026-05-18T23:03:22 COLMAP[chunk_02_mapper_initial] I20260518 23:03:21.905042  5388 incremental_pipeline.cc:527] => Image sees 3221 / 8164 points
2026-05-18T23:03:23 COLMAP[chunk_02_mapper_initial] I20260518 23:03:23.051697  5388 incremental_pipeline.cc:524] Registering image #1666 (num_reg_frames=52)
2026-05-18T23:03:23 COLMAP[chunk_02_mapper_initial] I20260518 23:03:23.051751  5388 incremental_pipeline.cc:527] => Image sees 3213 / 8654 points
2026-05-18T23:03:25 COLMAP[chunk_02_mapper_initial] I20260518 23:03:24.289250  5388 incremental_pipeline.cc:524] Registering image #1705 (num_reg_frames=53)
2026-05-18T23:03:25 COLMAP[chunk_02_mapper_initial] I20260518 23:03:24.289304  5388 incremental_pipeline.cc:527] => Image sees 3564 / 5971 points
2026-05-18T23:03:26 COLMAP[chunk_02_mapper_initial] I20260518 23:03:25.548571  5388 incremental_pipeline.cc:524] Registering image #1665 (num_reg_frames=54)
2026-05-18T23:03:26 COLMAP[chunk_02_mapper_initial] I20260518 23:03:25.548626  5388 incremental_pipeline.cc:527] => Image sees 3510 / 8283 points
2026-05-18T23:03:27 COLMAP[chunk_02_mapper_initial] I20260518 23:03:26.765926  5388 incremental_pipeline.cc:524] Registering image #1654 (num_reg_frames=55)
2026-05-18T23:03:27 COLMAP[chunk_02_mapper_initial] I20260518 23:03:26.765976  5388 incremental_pipeline.cc:527] => Image sees 4432 / 6079 points
2026-05-18T23:03:28 COLMAP[chunk_02_mapper_initial] I20260518 23:03:28.090222  5388 incremental_pipeline.cc:78] Retriangulation and Global bundle adjustment
2026-05-18T23:03:41 COLMAP[chunk_02_mapper_initial] I20260518 23:03:40.527206  5388 incremental_pipeline.cc:524] Registering image #1664 (num_reg_frames=56)
2026-05-18T23:03:41 COLMAP[chunk_02_mapper_initial] I20260518 23:03:40.527287  5388 incremental_pipeline.cc:527] => Image sees 3879 / 7912 points
2026-05-18T23:03:42 COLMAP[chunk_02_mapper_initial] I20260518 23:03:41.874294  5388 incremental_pipeline.cc:524] Registering image #15 (num_reg_frames=57)
2026-05-18T23:03:42 COLMAP[chunk_02_mapper_initial] I20260518 23:03:41.874346  5388 incremental_pipeline.cc:527] => Image sees 4537 / 6925 points
2026-05-18T23:03:44 COLMAP[chunk_02_mapper_initial] I20260518 23:03:43.327363  5388 incremental_pipeline.cc:524] Registering image #1704 (num_reg_frames=58)
2026-05-18T23:03:44 COLMAP[chunk_02_mapper_initial] I20260518 23:03:43.327435  5388 incremental_pipeline.cc:527] => Image sees 3241 / 5723 points
2026-05-18T23:03:45 COLMAP[chunk_02_mapper_initial] I20260518 23:03:44.588956  5388 incremental_pipeline.cc:524] Registering image #1655 (num_reg_frames=59)
2026-05-18T23:03:45 COLMAP[chunk_02_mapper_initial] I20260518 23:03:44.589015  5388 incremental_pipeline.cc:527] => Image sees 4006 / 6308 points
2026-05-18T23:03:46 COLMAP[chunk_02_mapper_initial] I20260518 23:03:45.993081  5388 incremental_pipeline.cc:524] Registering image #27 (num_reg_frames=60)
2026-05-18T23:03:46 COLMAP[chunk_02_mapper_initial] I20260518 23:03:45.993135  5388 incremental_pipeline.cc:527] => Image sees 2993 / 4848 points
2026-05-18T23:03:48 COLMAP[chunk_02_mapper_initial] I20260518 23:03:47.210398  5388 incremental_pipeline.cc:524] Registering image #1656 (num_reg_frames=61)
2026-05-18T23:03:48 COLMAP[chunk_02_mapper_initial] I20260518 23:03:47.210453  5388 incremental_pipeline.cc:527] => Image sees 3533 / 5813 points
2026-05-18T23:03:49 COLMAP[chunk_02_mapper_initial] I20260518 23:03:48.427794  5388 incremental_pipeline.cc:78] Retriangulation and Global bundle adjustment
2026-05-18T23:04:03 COLMAP[chunk_02_mapper_initial] I20260518 23:04:02.589264  5388 incremental_pipeline.cc:524] Registering image #1690 (num_reg_frames=62)
2026-05-18T23:04:03 COLMAP[chunk_02_mapper_initial] I20260518 23:04:02.589313  5388 incremental_pipeline.cc:527] => Image sees 3141 / 5250 points
2026-05-18T23:04:04 COLMAP[chunk_02_mapper_initial] I20260518 23:04:03.818547  5388 incremental_pipeline.cc:524] Registering image #1691 (num_reg_frames=63)
2026-05-18T23:04:04 COLMAP[chunk_02_mapper_initial] I20260518 23:04:03.818598  5388 incremental_pipeline.cc:527] => Image sees 2788 / 5352 points
2026-05-18T23:04:05 COLMAP[chunk_02_mapper_initial] I20260518 23:04:04.935269  5388 incremental_pipeline.cc:524] Registering image #157 (num_reg_frames=64)
2026-05-18T23:04:05 COLMAP[chunk_02_mapper_initial] I20260518 23:04:04.935318  5388 incremental_pipeline.cc:527] => Image sees 4509 / 5386 points
2026-05-18T23:04:07 COLMAP[chunk_02_mapper_initial] I20260518 23:04:06.521487  5388 incremental_pipeline.cc:524] Registering image #1657 (num_reg_frames=65)
2026-05-18T23:04:07 COLMAP[chunk_02_mapper_initial] I20260518 23:04:06.521539  5388 incremental_pipeline.cc:527] => Image sees 2992 / 5525 points
2026-05-18T23:04:08 COLMAP[chunk_02_mapper_initial] I20260518 23:04:07.724640  5388 incremental_pipeline.cc:524] Registering image #1692 (num_reg_frames=66)
2026-05-18T23:04:08 COLMAP[chunk_02_mapper_initial] I20260518 23:04:07.724694  5388 incremental_pipeline.cc:527] => Image sees 2367 / 4913 points
2026-05-18T23:04:09 COLMAP[chunk_02_mapper_initial] I20260518 23:04:08.708295  5388 incremental_pipeline.cc:524] Registering image #1693 (num_reg_frames=67)
2026-05-18T23:04:09 COLMAP[chunk_02_mapper_initial] I20260518 23:04:08.708352  5388 incremental_pipeline.cc:527] => Image sees 2273 / 4737 points
2026-05-18T23:04:10 COLMAP[chunk_02_mapper_initial] I20260518 23:04:09.611845  5388 incremental_pipeline.cc:524] Registering image #1658 (num_reg_frames=68)
2026-05-18T23:04:10 COLMAP[chunk_02_mapper_initial] I20260518 23:04:09.611892  5388 incremental_pipeline.cc:527] => Image sees 2734 / 5012 points
2026-05-18T23:04:11 COLMAP[chunk_02_mapper_initial] I20260518 23:04:10.546450  5388 incremental_pipeline.cc:78] Retriangulation and Global bundle adjustment
2026-05-18T23:04:33 COLMAP[chunk_02_mapper_initial] I20260518 23:04:32.708475  5388 incremental_pipeline.cc:524] Registering image #1694 (num_reg_frames=69)
2026-05-18T23:04:33 COLMAP[chunk_02_mapper_initial] I20260518 23:04:32.708529  5388 incremental_pipeline.cc:527] => Image sees 2269 / 4365 points
2026-05-18T23:04:34 COLMAP[chunk_02_mapper_initial] I20260518 23:04:33.752230  5388 incremental_pipeline.cc:524] Registering image #1659 (num_reg_frames=70)
2026-05-18T23:04:34 COLMAP[chunk_02_mapper_initial] I20260518 23:04:33.752282  5388 incremental_pipeline.cc:527] => Image sees 2479 / 3694 points
2026-05-18T23:04:35 COLMAP[chunk_02_mapper_initial] I20260518 23:04:34.809085  5388 incremental_pipeline.cc:524] Registering image #184 (num_reg_frames=71)
2026-05-18T23:04:35 COLMAP[chunk_02_mapper_initial] I20260518 23:04:34.809137  5388 incremental_pipeline.cc:527] => Image sees 3004 / 4502 points
2026-05-18T23:04:36 COLMAP[chunk_02_mapper_initial] I20260518 23:04:36.192597  5388 incremental_pipeline.cc:524] Registering image #36 (num_reg_frames=72)
2026-05-18T23:04:36 COLMAP[chunk_02_mapper_initial] I20260518 23:04:36.192651  5388 incremental_pipeline.cc:527] => Image sees 1933 / 5445 points
2026-05-18T23:04:37 COLMAP[chunk_02_mapper_initial] I20260518 23:04:37.225333  5388 incremental_pipeline.cc:524] Registering image #35 (num_reg_frames=73)
2026-05-18T23:04:37 COLMAP[chunk_02_mapper_initial] I20260518 23:04:37.225391  5388 incremental_pipeline.cc:527] => Image sees 2338 / 4713 points
2026-05-18T23:04:38 COLMAP[chunk_02_mapper_initial] I20260518 23:04:38.156159  5388 incremental_pipeline.cc:524] Registering image #198 (num_reg_frames=74)
2026-05-18T23:04:38 COLMAP[chunk_02_mapper_initial] I20260518 23:04:38.156210  5388 incremental_pipeline.cc:527] => Image sees 4620 / 6171 points
2026-05-18T23:04:40 COLMAP[chunk_02_mapper_initial] I20260518 23:04:40.019461  5388 incremental_pipeline.cc:524] Registering image #197 (num_reg_frames=75)
2026-05-18T23:04:40 COLMAP[chunk_02_mapper_initial] I20260518 23:04:40.019508  5388 incremental_pipeline.cc:527] => Image sees 4800 / 6674 points
2026-05-18T23:04:42 COLMAP[chunk_02_mapper_initial] I20260518 23:04:41.735898  5388 incremental_pipeline.cc:78] Retriangulation and Global bundle adjustment
2026-05-18T23:05:07 COLMAP[chunk_02_mapper_initial] I20260518 23:05:07.072052  5388 incremental_pipeline.cc:524] Registering image #196 (num_reg_frames=76)
2026-05-18T23:05:07 COLMAP[chunk_02_mapper_initial] I20260518 23:05:07.072104  5388 incremental_pipeline.cc:527] => Image sees 3268 / 5209 points
2026-05-18T23:05:09 COLMAP[chunk_02_mapper_initial] I20260518 23:05:08.607635  5388 incremental_pipeline.cc:524] Registering image #195 (num_reg_frames=77)
2026-05-18T23:05:09 COLMAP[chunk_02_mapper_initial] I20260518 23:05:08.607685  5388 incremental_pipeline.cc:527] => Image sees 1631 / 3336 points
2026-05-18T23:05:09 COLMAP[chunk_02_mapper_initial] I20260518 23:05:09.549772  5388 incremental_pipeline.cc:524] Registering image #1323 (num_reg_frames=78)
2026-05-18T23:05:09 COLMAP[chunk_02_mapper_initial] I20260518 23:05:09.549829  5388 incremental_pipeline.cc:527] => Image sees 553 / 1189 points
2026-05-18T23:05:10 COLMAP[chunk_02_mapper_initial] I20260518 23:05:10.412528  5388 incremental_pipeline.cc:524] Registering image #1377 (num_reg_frames=79)
2026-05-18T23:05:10 COLMAP[chunk_02_mapper_initial] I20260518 23:05:10.412581  5388 incremental_pipeline.cc:527] => Image sees 270 / 6110 points
2026-05-18T23:05:11 COLMAP[chunk_02_mapper_initial] I20260518 23:05:11.101843  5388 incremental_pipeline.cc:524] Registering image #1378 (num_reg_frames=80)
2026-05-18T23:05:11 COLMAP[chunk_02_mapper_initial] I20260518 23:05:11.101897  5388 incremental_pipeline.cc:527] => Image sees 175 / 6590 points
2026-05-18T23:05:12 COLMAP[chunk_02_mapper_initial] I20260518 23:05:11.902452  5388 incremental_pipeline.cc:524] Registering image #1389 (num_reg_frames=81)
2026-05-18T23:05:12 COLMAP[chunk_02_mapper_initial] I20260518 23:05:11.902523  5388 incremental_pipeline.cc:527] => Image sees 1762 / 7981 points
2026-05-18T23:05:13 COLMAP[chunk_02_mapper_initial] I20260518 23:05:12.792594  5388 incremental_pipeline.cc:524] Registering image #1359 (num_reg_frames=82)
2026-05-18T23:05:13 COLMAP[chunk_02_mapper_initial] I20260518 23:05:12.792645  5388 incremental_pipeline.cc:527] => Image sees 1882 / 5988 points
2026-05-18T23:05:14 COLMAP[chunk_02_mapper_initial] I20260518 23:05:13.762923  5388 incremental_pipeline.cc:524] Registering image #1388 (num_reg_frames=83)
2026-05-18T23:05:14 COLMAP[chunk_02_mapper_initial] I20260518 23:05:13.762974  5388 incremental_pipeline.cc:527] => Image sees 2399 / 7708 points
2026-05-18T23:05:15 COLMAP[chunk_02_mapper_initial] I20260518 23:05:14.757661  5388 incremental_pipeline.cc:78] Retriangulation and Global bundle adjustment
2026-05-18T23:05:39 COLMAP[chunk_02_mapper_initial] I20260518 23:05:39.211217  5388 incremental_pipeline.cc:524] Registering image #1535 (num_reg_frames=84)
2026-05-18T23:05:39 COLMAP[chunk_02_mapper_initial] I20260518 23:05:39.211273  5388 incremental_pipeline.cc:527] => Image sees 3362 / 7908 points
2026-05-18T23:05:40 COLMAP[chunk_02_mapper_initial] I20260518 23:05:40.418782  5388 incremental_pipeline.cc:524] Registering image #1524 (num_reg_frames=85)
2026-05-18T23:05:40 COLMAP[chunk_02_mapper_initial] I20260518 23:05:40.418833  5388 incremental_pipeline.cc:527] => Image sees 3540 / 6977 points
2026-05-18T23:05:42 COLMAP[chunk_02_mapper_initial] I20260518 23:05:41.666635  5388 incremental_pipeline.cc:524] Registering image #1525 (num_reg_frames=86)
2026-05-18T23:05:42 COLMAP[chunk_02_mapper_initial] I20260518 23:05:41.666683  5388 incremental_pipeline.cc:527] => Image sees 3541 / 7066 points
2026-05-18T23:05:43 COLMAP[chunk_02_mapper_initial] I20260518 23:05:42.836673  5388 incremental_pipeline.cc:524] Registering image #1418 (num_reg_frames=87)
2026-05-18T23:05:43 COLMAP[chunk_02_mapper_initial] I20260518 23:05:42.836752  5388 incremental_pipeline.cc:527] => Image sees 4103 / 7100 points
2026-05-18T23:05:44 COLMAP[chunk_02_mapper_initial] I20260518 23:05:44.225833  5388 incremental_pipeline.cc:524] Registering image #1419 (num_reg_frames=88)
2026-05-18T23:05:44 COLMAP[chunk_02_mapper_initial] I20260518 23:05:44.225884  5388 incremental_pipeline.cc:527] => Image sees 3832 / 6959 points
2026-05-18T23:05:45 COLMAP[chunk_02_mapper_initial] I20260518 23:05:45.595712  5388 incremental_pipeline.cc:524] Registering image #1560 (num_reg_frames=89)
2026-05-18T23:05:45 COLMAP[chunk_02_mapper_initial] I20260518 23:05:45.595758  5388 incremental_pipeline.cc:527] => Image sees 3383 / 6133 points
2026-05-18T23:05:47 COLMAP[chunk_02_mapper_initial] I20260518 23:05:46.856508  5388 incremental_pipeline.cc:524] Registering image #1360 (num_reg_frames=90)
2026-05-18T23:05:47 COLMAP[chunk_02_mapper_initial] I20260518 23:05:46.856560  5388 incremental_pipeline.cc:527] => Image sees 2758 / 5489 points
2026-05-18T23:05:48 COLMAP[chunk_02_mapper_initial] I20260518 23:05:48.031581  5388 incremental_pipeline.cc:524] Registering image #1571 (num_reg_frames=91)
2026-05-18T23:05:48 COLMAP[chunk_02_mapper_initial] I20260518 23:05:48.031629  5388 incremental_pipeline.cc:527] => Image sees 2981 / 4915 points
2026-05-18T23:05:49 COLMAP[chunk_02_mapper_initial] I20260518 23:05:49.159507  5388 incremental_pipeline.cc:524] Registering image #1430 (num_reg_frames=92)
2026-05-18T23:05:49 COLMAP[chunk_02_mapper_initial] I20260518 23:05:49.159557  5388 incremental_pipeline.cc:527] => Image sees 3816 / 7051 points
2026-05-18T23:05:50 COLMAP[chunk_02_mapper_initial] I20260518 23:05:50.481221  5388 incremental_pipeline.cc:78] Retriangulation and Global bundle adjustment
2026-05-18T23:06:11 COLMAP[chunk_02_mapper_initial] I20260518 23:06:11.222100  5388 incremental_pipeline.cc:524] Registering image #1486 (num_reg_frames=93)
2026-05-18T23:06:11 COLMAP[chunk_02_mapper_initial] I20260518 23:06:11.222153  5388 incremental_pipeline.cc:527] => Image sees 4052 / 8765 points
2026-05-18T23:06:12 COLMAP[chunk_02_mapper_initial] I20260518 23:06:12.668725  5388 incremental_pipeline.cc:524] Registering image #1474 (num_reg_frames=94)
2026-05-18T23:06:12 COLMAP[chunk_02_mapper_initial] I20260518 23:06:12.668776  5388 incremental_pipeline.cc:527] => Image sees 4191 / 7486 points
2026-05-18T23:06:14 COLMAP[chunk_02_mapper_initial] I20260518 23:06:14.221252  5388 incremental_pipeline.cc:524] Registering image #1485 (num_reg_frames=95)
2026-05-18T23:06:14 COLMAP[chunk_02_mapper_initial] I20260518 23:06:14.221323  5388 incremental_pipeline.cc:527] => Image sees 4658 / 7989 points
2026-05-18T23:06:16 COLMAP[chunk_02_mapper_initial] I20260518 23:06:15.841145  5388 incremental_pipeline.cc:524] Registering image #1349 (num_reg_frames=96)
2026-05-18T23:06:16 COLMAP[chunk_02_mapper_initial] I20260518 23:06:15.841198  5388 incremental_pipeline.cc:527] => Image sees 1791 / 5891 points
2026-05-18T23:06:17 COLMAP[chunk_02_mapper_initial] I20260518 23:06:16.778122  5388 incremental_pipeline.cc:524] Registering image #1338 (num_reg_frames=97)
2026-05-18T23:06:17 COLMAP[chunk_02_mapper_initial] I20260518 23:06:16.778175  5388 incremental_pipeline.cc:527] => Image sees 2014 / 6432 points
2026-05-18T23:06:17 COLMAP[chunk_02_mapper_initial] I20260518 23:06:17.734273  5388 incremental_pipeline.cc:524] Registering image #1339 (num_reg_frames=98)
2026-05-18T23:06:17 COLMAP[chunk_02_mapper_initial] I20260518 23:06:17.734320  5388 incremental_pipeline.cc:527] => Image sees 2470 / 6459 points
2026-05-18T23:06:19 COLMAP[chunk_02_mapper_initial] I20260518 23:06:18.779150  5388 incremental_pipeline.cc:524] Registering image #1586 (num_reg_frames=99)
2026-05-18T23:06:19 COLMAP[chunk_02_mapper_initial] I20260518 23:06:18.779197  5388 incremental_pipeline.cc:527] => Image sees 2582 / 6332 points
2026-05-18T23:06:20 COLMAP[chunk_02_mapper_initial] I20260518 23:06:19.933470  5388 incremental_pipeline.cc:524] Registering image #1597 (num_reg_frames=100)
2026-05-18T23:06:20 COLMAP[chunk_02_mapper_initial] I20260518 23:06:19.933521  5388 incremental_pipeline.cc:527] => Image sees 2897 / 5895 points
2026-05-18T23:06:21 COLMAP[chunk_02_mapper_initial] I20260518 23:06:21.086913  5388 incremental_pipeline.cc:524] Registering image #1598 (num_reg_frames=101)
2026-05-18T23:06:21 COLMAP[chunk_02_mapper_initial] I20260518 23:06:21.086963  5388 incremental_pipeline.cc:527] => Image sees 2900 / 7825 points
2026-05-18T23:06:22 COLMAP[chunk_02_mapper_initial] I20260518 23:06:22.241550  5388 incremental_pipeline.cc:524] Registering image #1585 (num_reg_frames=102)
2026-05-18T23:06:22 COLMAP[chunk_02_mapper_initial] I20260518 23:06:22.241602  5388 incremental_pipeline.cc:527] => Image sees 3746 / 6209 points
2026-05-18T23:06:23 COLMAP[chunk_02_mapper_initial] I20260518 23:06:23.397838  5388 incremental_pipeline.cc:78] Retriangulation and Global bundle adjustment
2026-05-18T23:06:47 COLMAP[chunk_02_mapper_initial] I20260518 23:06:46.926846  5388 incremental_pipeline.cc:524] Registering image #1599 (num_reg_frames=103)
2026-05-18T23:06:47 COLMAP[chunk_02_mapper_initial] I20260518 23:06:46.926929  5388 incremental_pipeline.cc:527] => Image sees 2932 / 7635 points
2026-05-18T23:06:48 COLMAP[chunk_02_mapper_initial] I20260518 23:06:48.154119  5388 incremental_pipeline.cc:524] Registering image #1340 (num_reg_frames=104)
2026-05-18T23:06:48 COLMAP[chunk_02_mapper_initial] I20260518 23:06:48.154168  5388 incremental_pipeline.cc:527] => Image sees 2993 / 6128 points
2026-05-18T23:06:49 COLMAP[chunk_02_mapper_initial] I20260518 23:06:49.335309  5388 incremental_pipeline.cc:524] Registering image #1348 (num_reg_frames=105)
2026-05-18T23:06:49 COLMAP[chunk_02_mapper_initial] I20260518 23:06:49.335357  5388 incremental_pipeline.cc:527] => Image sees 3107 / 5189 points
2026-05-18T23:06:50 COLMAP[chunk_02_mapper_initial] I20260518 23:06:50.486173  5388 incremental_pipeline.cc:524] Registering image #1576 (num_reg_frames=106)
2026-05-18T23:06:50 COLMAP[chunk_02_mapper_initial] I20260518 23:06:50.486231  5388 incremental_pipeline.cc:527] => Image sees 2179 / 5941 points
2026-05-18T23:06:51 COLMAP[chunk_02_mapper_initial] I20260518 23:06:51.591638  5388 incremental_pipeline.cc:524] Registering image #1341 (num_reg_frames=107)
2026-05-18T23:06:51 COLMAP[chunk_02_mapper_initial] I20260518 23:06:51.591688  5388 incremental_pipeline.cc:527] => Image sees 2468 / 6126 points
2026-05-18T23:06:52 COLMAP[chunk_02_mapper_initial] I20260518 23:06:52.672861  5388 incremental_pipeline.cc:524] Registering image #1347 (num_reg_frames=108)
2026-05-18T23:06:52 COLMAP[chunk_02_mapper_initial] I20260518 23:06:52.672912  5388 incremental_pipeline.cc:527] => Image sees 2823 / 6009 points
2026-05-18T23:06:53 COLMAP[chunk_02_mapper_initial] I20260518 23:06:53.829101  5388 incremental_pipeline.cc:524] Registering image #1583 (num_reg_frames=109)
2026-05-18T23:06:53 COLMAP[chunk_02_mapper_initial] I20260518 23:06:53.829152  5388 incremental_pipeline.cc:527] => Image sees 3200 / 7802 points
2026-05-18T23:06:55 COLMAP[chunk_02_mapper_initial] I20260518 23:06:55.062041  5388 incremental_pipeline.cc:524] Registering image #1601 (num_reg_frames=110)
2026-05-18T23:06:55 COLMAP[chunk_02_mapper_initial] I20260518 23:06:55.062093  5388 incremental_pipeline.cc:527] => Image sees 3146 / 7310 points
2026-05-18T23:06:56 COLMAP[chunk_02_mapper_initial] I20260518 23:06:56.317715  5388 incremental_pipeline.cc:524] Registering image #1602 (num_reg_frames=111)
2026-05-18T23:06:56 COLMAP[chunk_02_mapper_initial] I20260518 23:06:56.317767  5388 incremental_pipeline.cc:527] => Image sees 2866 / 7541 points
2026-05-18T23:06:57 COLMAP[chunk_02_mapper_initial] I20260518 23:06:57.576160  5388 incremental_pipeline.cc:524] Registering image #1603 (num_reg_frames=112)
2026-05-18T23:06:57 COLMAP[chunk_02_mapper_initial] I20260518 23:06:57.576210  5388 incremental_pipeline.cc:527] => Image sees 4184 / 7330 points
2026-05-18T23:06:58 COLMAP[chunk_02_mapper_initial] I20260518 23:06:58.836591  5388 incremental_pipeline.cc:78] Retriangulation and Global bundle adjustment
2026-05-18T23:07:21 COLMAP[chunk_02_mapper_initial] I20260518 23:07:21.922315  5388 incremental_pipeline.cc:524] Registering image #1346 (num_reg_frames=113)
2026-05-18T23:07:21 COLMAP[chunk_02_mapper_initial] I20260518 23:07:21.922391  5388 incremental_pipeline.cc:527] => Image sees 3006 / 6246 points
2026-05-18T23:07:23 COLMAP[chunk_02_mapper_initial] I20260518 23:07:23.209925  5388 incremental_pipeline.cc:524] Registering image #1604 (num_reg_frames=114)
2026-05-18T23:07:23 COLMAP[chunk_02_mapper_initial] I20260518 23:07:23.209977  5388 incremental_pipeline.cc:527] => Image sees 3134 / 5928 points
2026-05-18T23:07:24 COLMAP[chunk_02_mapper_initial] I20260518 23:07:24.586804  5388 incremental_pipeline.cc:524] Registering image #1342 (num_reg_frames=115)
2026-05-18T23:07:24 COLMAP[chunk_02_mapper_initial] I20260518 23:07:24.586862  5388 incremental_pipeline.cc:527] => Image sees 3036 / 6564 points
2026-05-18T23:07:25 COLMAP[chunk_02_mapper_initial] I20260518 23:07:25.899070  5388 incremental_pipeline.cc:524] Registering image #1345 (num_reg_frames=116)
2026-05-18T23:07:25 COLMAP[chunk_02_mapper_initial] I20260518 23:07:25.899127  5388 incremental_pipeline.cc:527] => Image sees 3214 / 6842 points
2026-05-18T23:07:27 COLMAP[chunk_02_mapper_initial] I20260518 23:07:27.228196  5388 incremental_pipeline.cc:524] Registering image #1343 (num_reg_frames=117)
2026-05-18T23:07:27 COLMAP[chunk_02_mapper_initial] I20260518 23:07:27.228253  5388 incremental_pipeline.cc:527] => Image sees 3863 / 7212 points
2026-05-18T23:07:28 COLMAP[chunk_02_mapper_initial] I20260518 23:07:28.659142  5388 incremental_pipeline.cc:524] Registering image #1344 (num_reg_frames=118)
2026-05-18T23:07:28 COLMAP[chunk_02_mapper_initial] I20260518 23:07:28.659201  5388 incremental_pipeline.cc:527] => Image sees 4738 / 7076 points
2026-05-18T23:07:30 COLMAP[chunk_02_mapper_initial] I20260518 23:07:30.072433  5388 incremental_pipeline.cc:524] Registering image #468 (num_reg_frames=119)
2026-05-18T23:07:30 COLMAP[chunk_02_mapper_initial] I20260518 23:07:30.072484  5388 incremental_pipeline.cc:527] => Image sees 3203 / 9358 points
2026-05-18T23:07:31 COLMAP[chunk_02_mapper_initial] I20260518 23:07:31.435295  5388 incremental_pipeline.cc:524] Registering image #469 (num_reg_frames=120)
2026-05-18T23:07:31 COLMAP[chunk_02_mapper_initial] I20260518 23:07:31.435345  5388 incremental_pipeline.cc:527] => Image sees 3905 / 9491 points
2026-05-18T23:07:32 COLMAP[chunk_02_mapper_initial] I20260518 23:07:32.919188  5388 incremental_pipeline.cc:524] Registering image #467 (num_reg_frames=121)
2026-05-18T23:07:32 COLMAP[chunk_02_mapper_initial] I20260518 23:07:32.919241  5388 incremental_pipeline.cc:527] => Image sees 3647 / 8633 points
2026-05-18T23:07:34 COLMAP[chunk_02_mapper_initial] I20260518 23:07:34.502039  5388 incremental_pipeline.cc:524] Registering image #466 (num_reg_frames=122)
2026-05-18T23:07:34 COLMAP[chunk_02_mapper_initial] I20260518 23:07:34.502090  5388 incremental_pipeline.cc:527] => Image sees 3303 / 7365 points
2026-05-18T23:07:36 COLMAP[chunk_02_mapper_initial] I20260518 23:07:35.986788  5388 incremental_pipeline.cc:524] Registering image #470 (num_reg_frames=123)
2026-05-18T23:07:36 COLMAP[chunk_02_mapper_initial] I20260518 23:07:35.986840  5388 incremental_pipeline.cc:527] => Image sees 3980 / 6133 points
2026-05-18T23:07:37 COLMAP[chunk_02_mapper_initial] I20260518 23:07:37.503608  5388 incremental_pipeline.cc:524] Registering image #471 (num_reg_frames=124)
2026-05-18T23:07:37 COLMAP[chunk_02_mapper_initial] I20260518 23:07:37.503659  5388 incremental_pipeline.cc:527] => Image sees 3888 / 6065 points
2026-05-18T23:07:38 COLMAP[chunk_02_mapper_initial] I20260518 23:07:38.877377  5388 incremental_pipeline.cc:78] Retriangulation and Global bundle adjustment
2026-05-18T23:08:06 COLMAP[chunk_02_mapper_initial] I20260518 23:08:05.844769  5388 incremental_pipeline.cc:524] Registering image #1327 (num_reg_frames=125)
2026-05-18T23:08:06 COLMAP[chunk_02_mapper_initial] I20260518 23:08:05.844853  5388 incremental_pipeline.cc:527] => Image sees 2590 / 4537 points
2026-05-18T23:08:07 COLMAP[chunk_02_mapper_initial] I20260518 23:08:06.991360  5388 incremental_pipeline.cc:524] Registering image #1328 (num_reg_frames=126)
2026-05-18T23:08:07 COLMAP[chunk_02_mapper_initial] I20260518 23:08:06.991428  5388 incremental_pipeline.cc:527] => Image sees 3042 / 4785 points
2026-05-18T23:08:09 COLMAP[chunk_02_mapper_initial] I20260518 23:08:08.103483  5388 incremental_pipeline.cc:524] Registering image #211 (num_reg_frames=127)
2026-05-18T23:08:09 COLMAP[chunk_02_mapper_initial] I20260518 23:08:08.103528  5388 incremental_pipeline.cc:527] => Image sees 2899 / 6646 points
2026-05-18T23:08:10 COLMAP[chunk_02_mapper_initial] I20260518 23:08:09.390033  5388 incremental_pipeline.cc:524] Registering image #235 (num_reg_frames=128)
2026-05-18T23:08:10 COLMAP[chunk_02_mapper_initial] I20260518 23:08:09.390086  5388 incremental_pipeline.cc:527] => Image sees 2857 / 6952 points
2026-05-18T23:08:11 COLMAP[chunk_02_mapper_initial] I20260518 23:08:10.694218  5388 incremental_pipeline.cc:524] Registering image #212 (num_reg_frames=129)
2026-05-18T23:08:11 COLMAP[chunk_02_mapper_initial] I20260518 23:08:10.694267  5388 incremental_pipeline.cc:527] => Image sees 3008 / 5984 points
2026-05-18T23:08:12 COLMAP[chunk_02_mapper_initial] I20260518 23:08:11.966048  5388 incremental_pipeline.cc:524] Registering image #230 (num_reg_frames=130)
2026-05-18T23:08:12 COLMAP[chunk_02_mapper_initial] I20260518 23:08:11.966099  5388 incremental_pipeline.cc:527] => Image sees 3493 / 7110 points
2026-05-18T23:08:14 COLMAP[chunk_02_mapper_initial] I20260518 23:08:13.298537  5388 incremental_pipeline.cc:524] Registering image #236 (num_reg_frames=131)
2026-05-18T23:08:14 COLMAP[chunk_02_mapper_initial] I20260518 23:08:13.298590  5388 incremental_pipeline.cc:527] => Image sees 2786 / 6473 points
2026-05-18T23:08:15 COLMAP[chunk_02_mapper_initial] I20260518 23:08:14.602315  5388 incremental_pipeline.cc:524] Registering image #447 (num_reg_frames=132)
2026-05-18T23:08:15 COLMAP[chunk_02_mapper_initial] I20260518 23:08:14.602370  5388 incremental_pipeline.cc:527] => Image sees 3169 / 6764 points
2026-05-18T23:08:16 COLMAP[chunk_02_mapper_initial] I20260518 23:08:15.943079  5388 incremental_pipeline.cc:524] Registering image #448 (num_reg_frames=133)
2026-05-18T23:08:16 COLMAP[chunk_02_mapper_initial] I20260518 23:08:15.943130  5388 incremental_pipeline.cc:527] => Image sees 3210 / 7015 points
2026-05-18T23:08:18 COLMAP[chunk_02_mapper_initial] I20260518 23:08:17.251367  5388 incremental_pipeline.cc:524] Registering image #439 (num_reg_frames=134)
2026-05-18T23:08:18 COLMAP[chunk_02_mapper_initial] I20260518 23:08:17.251430  5388 incremental_pipeline.cc:527] => Image sees 3175 / 7307 points
2026-05-18T23:08:19 COLMAP[chunk_02_mapper_initial] I20260518 23:08:18.549930  5388 incremental_pipeline.cc:524] Registering image #1600 (num_reg_frames=135)
2026-05-18T23:08:19 COLMAP[chunk_02_mapper_initial] I20260518 23:08:18.549988  5388 incremental_pipeline.cc:527] => Image sees 3494 / 8333 points
2026-05-18T23:08:21 COLMAP[chunk_02_mapper_initial] I20260518 23:08:20.089951  5388 incremental_pipeline.cc:524] Registering image #1605 (num_reg_frames=136)
2026-05-18T23:08:21 COLMAP[chunk_02_mapper_initial] I20260518 23:08:20.090013  5388 incremental_pipeline.cc:527] => Image sees 3515 / 7980 points
2026-05-18T23:08:22 COLMAP[chunk_02_mapper_initial] I20260518 23:08:21.559674  5388 incremental_pipeline.cc:524] Registering image #256 (num_reg_frames=137)
2026-05-18T23:08:22 COLMAP[chunk_02_mapper_initial] I20260518 23:08:21.559731  5388 incremental_pipeline.cc:527] => Image sees 2314 / 6823 points
2026-05-18T23:08:23 COLMAP[chunk_02_mapper_initial] I20260518 23:08:22.663272  5388 incremental_pipeline.cc:78] Retriangulation and Global bundle adjustment
2026-05-18T23:09:11 COLMAP[chunk_02_mapper_initial] I20260518 23:09:10.543397  5388 incremental_pipeline.cc:524] Registering image #266 (num_reg_frames=138)
2026-05-18T23:09:11 COLMAP[chunk_02_mapper_initial] I20260518 23:09:10.543468  5388 incremental_pipeline.cc:527] => Image sees 2573 / 7507 points
2026-05-18T23:09:12 COLMAP[chunk_02_mapper_initial] I20260518 23:09:11.723544  5388 incremental_pipeline.cc:524] Registering image #1628 (num_reg_frames=139)
2026-05-18T23:09:12 COLMAP[chunk_02_mapper_initial] I20260518 23:09:11.723592  5388 incremental_pipeline.cc:527] => Image sees 2895 / 7926 points
2026-05-18T23:09:13 COLMAP[chunk_02_mapper_initial] I20260518 23:09:12.952553  5388 incremental_pipeline.cc:524] Registering image #255 (num_reg_frames=140)
2026-05-18T23:09:13 COLMAP[chunk_02_mapper_initial] I20260518 23:09:12.952605  5388 incremental_pipeline.cc:527] => Image sees 3297 / 8746 points
2026-05-18T23:09:15 COLMAP[chunk_02_mapper_initial] I20260518 23:09:14.244961  5388 incremental_pipeline.cc:524] Registering image #416 (num_reg_frames=141)
2026-05-18T23:09:15 COLMAP[chunk_02_mapper_initial] I20260518 23:09:14.245011  5388 incremental_pipeline.cc:527] => Image sees 3101 / 7722 points
2026-05-18T23:09:16 COLMAP[chunk_02_mapper_initial] I20260518 23:09:15.580190  5388 incremental_pipeline.cc:524] Registering image #267 (num_reg_frames=142)
2026-05-18T23:09:16 COLMAP[chunk_02_mapper_initial] I20260518 23:09:15.580241  5388 incremental_pipeline.cc:527] => Image sees 4036 / 7935 points
2026-05-18T23:09:17 COLMAP[chunk_02_mapper_initial] I20260518 23:09:17.094506  5388 incremental_pipeline.cc:524] Registering image #402 (num_reg_frames=143)
2026-05-18T23:09:17 COLMAP[chunk_02_mapper_initial] I20260518 23:09:17.094563  5388 incremental_pipeline.cc:527] => Image sees 3716 / 8398 points
2026-05-18T23:09:19 COLMAP[chunk_02_mapper_initial] I20260518 23:09:18.634615  5388 incremental_pipeline.cc:524] Registering image #293 (num_reg_frames=144)
2026-05-18T23:09:19 COLMAP[chunk_02_mapper_initial] I20260518 23:09:18.634675  5388 incremental_pipeline.cc:527] => Image sees 3830 / 8392 points
2026-05-18T23:09:20 COLMAP[chunk_02_mapper_initial] I20260518 23:09:20.233917  5388 incremental_pipeline.cc:524] Registering image #401 (num_reg_frames=145)
2026-05-18T23:09:20 COLMAP[chunk_02_mapper_initial] I20260518 23:09:20.233975  5388 incremental_pipeline.cc:527] => Image sees 3837 / 8136 points
2026-05-18T23:09:22 COLMAP[chunk_02_mapper_initial] I20260518 23:09:21.856464  5388 incremental_pipeline.cc:524] Registering image #292 (num_reg_frames=146)
2026-05-18T23:09:22 COLMAP[chunk_02_mapper_initial] I20260518 23:09:21.856516  5388 incremental_pipeline.cc:527] => Image sees 4430 / 8274 points
2026-05-18T23:09:24 COLMAP[chunk_02_mapper_initial] I20260518 23:09:23.513490  5388 incremental_pipeline.cc:524] Registering image #312 (num_reg_frames=147)
2026-05-18T23:09:24 COLMAP[chunk_02_mapper_initial] I20260518 23:09:23.513541  5388 incremental_pipeline.cc:527] => Image sees 3451 / 7992 points
2026-05-18T23:09:25 COLMAP[chunk_02_mapper_initial] I20260518 23:09:25.075529  5388 incremental_pipeline.cc:524] Registering image #371 (num_reg_frames=148)
2026-05-18T23:09:25 COLMAP[chunk_02_mapper_initial] I20260518 23:09:25.075582  5388 incremental_pipeline.cc:527] => Image sees 3571 / 7763 points
2026-05-18T23:09:27 COLMAP[chunk_02_mapper_initial] I20260518 23:09:26.677682  5388 incremental_pipeline.cc:524] Registering image #372 (num_reg_frames=149)
2026-05-18T23:09:27 COLMAP[chunk_02_mapper_initial] I20260518 23:09:26.677735  5388 incremental_pipeline.cc:527] => Image sees 3883 / 7683 points
2026-05-18T23:09:29 COLMAP[chunk_02_mapper_initial] I20260518 23:09:28.307296  5388 incremental_pipeline.cc:524] Registering image #346 (num_reg_frames=150)
2026-05-18T23:09:29 COLMAP[chunk_02_mapper_initial] I20260518 23:09:28.307353  5388 incremental_pipeline.cc:527] => Image sees 3348 / 5707 points
2026-05-18T23:09:30 COLMAP[chunk_02_mapper_initial] I20260518 23:09:29.766835  5388 incremental_pipeline.cc:524] Registering image #1629 (num_reg_frames=151)
2026-05-18T23:09:30 COLMAP[chunk_02_mapper_initial] I20260518 23:09:29.766887  5388 incremental_pipeline.cc:527] => Image sees 3065 / 5964 points
2026-05-18T23:09:31 COLMAP[chunk_02_mapper_initial] I20260518 23:09:31.061653  5388 incremental_pipeline.cc:78] Retriangulation and Global bundle adjustment
2026-05-18T23:10:07 COLMAP[chunk_02_mapper_initial] I20260518 23:10:07.017205  5388 incremental_pipeline.cc:524] Registering image #653 (num_reg_frames=152)
2026-05-18T23:10:07 COLMAP[chunk_02_mapper_initial] I20260518 23:10:07.017288  5388 incremental_pipeline.cc:527] => Image sees 285 / 5997 points
2026-05-18T23:10:08 COLMAP[chunk_02_mapper_initial] I20260518 23:10:07.863252  5388 incremental_pipeline.cc:524] Registering image #652 (num_reg_frames=153)
2026-05-18T23:10:08 COLMAP[chunk_02_mapper_initial] I20260518 23:10:07.863303  5388 incremental_pipeline.cc:527] => Image sees 362 / 5821 points
2026-05-18T23:10:09 COLMAP[chunk_02_mapper_initial] I20260518 23:10:08.778204  5388 incremental_pipeline.cc:524] Registering image #581 (num_reg_frames=154)
2026-05-18T23:10:09 COLMAP[chunk_02_mapper_initial] I20260518 23:10:08.778254  5388 incremental_pipeline.cc:527] => Image sees 1150 / 5780 points
2026-05-18T23:10:10 COLMAP[chunk_02_mapper_initial] I20260518 23:10:09.659835  5388 incremental_pipeline.cc:524] Registering image #607 (num_reg_frames=155)
2026-05-18T23:10:10 COLMAP[chunk_02_mapper_initial] I20260518 23:10:09.659888  5388 incremental_pipeline.cc:527] => Image sees 1295 / 6571 points
2026-05-18T23:10:11 COLMAP[chunk_02_mapper_initial] I20260518 23:10:10.613587  5388 incremental_pipeline.cc:524] Registering image #535 (num_reg_frames=156)
2026-05-18T23:10:11 COLMAP[chunk_02_mapper_initial] I20260518 23:10:10.613637  5388 incremental_pipeline.cc:527] => Image sees 1853 / 6158 points
2026-05-18T23:10:12 COLMAP[chunk_02_mapper_initial] I20260518 23:10:11.692377  5388 incremental_pipeline.cc:524] Registering image #536 (num_reg_frames=157)
2026-05-18T23:10:12 COLMAP[chunk_02_mapper_initial] I20260518 23:10:11.692430  5388 incremental_pipeline.cc:527] => Image sees 2500 / 5981 points
2026-05-18T23:10:13 COLMAP[chunk_02_mapper_initial] I20260518 23:10:12.829005  5388 incremental_pipeline.cc:524] Registering image #537 (num_reg_frames=158)
2026-05-18T23:10:13 COLMAP[chunk_02_mapper_initial] I20260518 23:10:12.829056  5388 incremental_pipeline.cc:527] => Image sees 2068 / 5813 points
2026-05-18T23:10:14 COLMAP[chunk_02_mapper_initial] I20260518 23:10:14.009332  5388 incremental_pipeline.cc:524] Registering image #654 (num_reg_frames=159)
2026-05-18T23:10:14 COLMAP[chunk_02_mapper_initial] I20260518 23:10:14.009390  5388 incremental_pipeline.cc:527] => Image sees 1924 / 3369 points
2026-05-18T23:10:15 COLMAP[chunk_02_mapper_initial] I20260518 23:10:15.032100  5388 incremental_pipeline.cc:524] Registering image #539 (num_reg_frames=160)
2026-05-18T23:10:15 COLMAP[chunk_02_mapper_initial] I20260518 23:10:15.032153  5388 incremental_pipeline.cc:527] => Image sees 1953 / 3693 points
2026-05-18T23:10:16 COLMAP[chunk_02_mapper_initial] I20260518 23:10:16.022935  5388 incremental_pipeline.cc:524] Registering image #624 (num_reg_frames=161)
2026-05-18T23:10:16 COLMAP[chunk_02_mapper_initial] I20260518 23:10:16.022989  5388 incremental_pipeline.cc:527] => Image sees 2618 / 4034 points
2026-05-18T23:10:17 COLMAP[chunk_02_mapper_initial] I20260518 23:10:17.172277  5388 incremental_pipeline.cc:524] Registering image #584 (num_reg_frames=162)
2026-05-18T23:10:17 COLMAP[chunk_02_mapper_initial] I20260518 23:10:17.172327  5388 incremental_pipeline.cc:527] => Image sees 215 / 4335 points
2026-05-18T23:10:18 COLMAP[chunk_02_mapper_initial] I20260518 23:10:17.823793  5388 incremental_pipeline.cc:524] Registering image #737 (num_reg_frames=163)
2026-05-18T23:10:18 COLMAP[chunk_02_mapper_initial] I20260518 23:10:17.823845  5388 incremental_pipeline.cc:527] => Image sees 98 / 4913 points
2026-05-18T23:10:19 COLMAP[chunk_02_mapper_initial] I20260518 23:10:18.430047  5388 incremental_pipeline.cc:524] Registering image #582 (num_reg_frames=164)
2026-05-18T23:10:19 COLMAP[chunk_02_mapper_initial] I20260518 23:10:18.430100  5388 incremental_pipeline.cc:527] => Image sees 95 / 2281 points
2026-05-18T23:10:19 COLMAP[chunk_02_mapper_initial] I20260518 23:10:18.436789  5388 incremental_pipeline.cc:550] => Could not register, trying another image.
2026-05-18T23:10:19 COLMAP[chunk_02_mapper_initial] I20260518 23:10:18.436820  5388 incremental_pipeline.cc:524] Registering image #738 (num_reg_frames=164)
2026-05-18T23:10:19 COLMAP[chunk_02_mapper_initial] I20260518 23:10:18.436836  5388 incremental_pipeline.cc:527] => Image sees 85 / 6925 points
2026-05-18T23:10:20 COLMAP[chunk_02_mapper_initial] I20260518 23:10:19.369966  5388 incremental_pipeline.cc:524] Registering image #782 (num_reg_frames=165)
2026-05-18T23:10:20 COLMAP[chunk_02_mapper_initial] I20260518 23:10:19.370018  5388 incremental_pipeline.cc:527] => Image sees 1215 / 6699 points
2026-05-18T23:10:21 COLMAP[chunk_02_mapper_initial] I20260518 23:10:20.423105  5388 incremental_pipeline.cc:524] Registering image #781 (num_reg_frames=166)
2026-05-18T23:10:21 COLMAP[chunk_02_mapper_initial] I20260518 23:10:20.423157  5388 incremental_pipeline.cc:527] => Image sees 1716 / 6309 points
2026-05-18T23:10:22 COLMAP[chunk_02_mapper_initial] I20260518 23:10:21.568568  5388 incremental_pipeline.cc:524] Registering image #783 (num_reg_frames=167)
2026-05-18T23:10:22 COLMAP[chunk_02_mapper_initial] I20260518 23:10:21.568615  5388 incremental_pipeline.cc:527] => Image sees 2133 / 5680 points
2026-05-18T23:10:23 COLMAP[chunk_02_mapper_initial] I20260518 23:10:22.638825  5388 incremental_pipeline.cc:78] Retriangulation and Global bundle adjustment
2026-05-18T23:10:42 COLMAP[chunk_02_mapper_initial] I20260518 23:10:42.121541  5388 incremental_pipeline.cc:524] Registering image #736 (num_reg_frames=168)
2026-05-18T23:10:42 COLMAP[chunk_02_mapper_initial] I20260518 23:10:42.121618  5388 incremental_pipeline.cc:527] => Image sees 2564 / 6233 points
2026-05-18T23:10:43 COLMAP[chunk_02_mapper_initial] I20260518 23:10:43.329260  5388 incremental_pipeline.cc:524] Registering image #780 (num_reg_frames=169)
2026-05-18T23:10:43 COLMAP[chunk_02_mapper_initial] I20260518 23:10:43.329313  5388 incremental_pipeline.cc:527] => Image sees 2508 / 5304 points
2026-05-18T23:10:45 COLMAP[chunk_02_mapper_initial] I20260518 23:10:44.502367  5388 incremental_pipeline.cc:524] Registering image #695 (num_reg_frames=170)
2026-05-18T23:10:45 COLMAP[chunk_02_mapper_initial] I20260518 23:10:44.502418  5388 incremental_pipeline.cc:527] => Image sees 2254 / 5661 points
2026-05-18T23:10:46 COLMAP[chunk_02_mapper_initial] I20260518 23:10:45.736176  5388 incremental_pipeline.cc:524] Registering image #696 (num_reg_frames=171)
2026-05-18T23:10:46 COLMAP[chunk_02_mapper_initial] I20260518 23:10:45.736227  5388 incremental_pipeline.cc:527] => Image sees 2257 / 4258 points
2026-05-18T23:10:47 COLMAP[chunk_02_mapper_initial] I20260518 23:10:46.903235  5388 incremental_pipeline.cc:524] Registering image #702 (num_reg_frames=172)
2026-05-18T23:10:47 COLMAP[chunk_02_mapper_initial] I20260518 23:10:46.903282  5388 incremental_pipeline.cc:527] => Image sees 2096 / 7265 points
2026-05-18T23:10:48 COLMAP[chunk_02_mapper_initial] I20260518 23:10:48.041615  5388 incremental_pipeline.cc:524] Registering image #703 (num_reg_frames=173)
2026-05-18T23:10:48 COLMAP[chunk_02_mapper_initial] I20260518 23:10:48.041668  5388 incremental_pipeline.cc:527] => Image sees 2210 / 7648 points
2026-05-18T23:10:49 COLMAP[chunk_02_mapper_initial] I20260518 23:10:49.319131  5388 incremental_pipeline.cc:524] Registering image #704 (num_reg_frames=174)
2026-05-18T23:10:49 COLMAP[chunk_02_mapper_initial] I20260518 23:10:49.319182  5388 incremental_pipeline.cc:527] => Image sees 3096 / 7235 points
2026-05-18T23:10:51 COLMAP[chunk_02_mapper_initial] I20260518 23:10:50.523748  5388 incremental_pipeline.cc:524] Registering image #706 (num_reg_frames=175)
2026-05-18T23:10:51 COLMAP[chunk_02_mapper_initial] I20260518 23:10:50.523801  5388 incremental_pipeline.cc:527] => Image sees 3015 / 6525 points
2026-05-18T23:10:52 COLMAP[chunk_02_mapper_initial] I20260518 23:10:51.701881  5388 incremental_pipeline.cc:524] Registering image #747 (num_reg_frames=176)
2026-05-18T23:10:52 COLMAP[chunk_02_mapper_initial] I20260518 23:10:51.701936  5388 incremental_pipeline.cc:527] => Image sees 2857 / 5298 points
2026-05-18T23:10:53 COLMAP[chunk_02_mapper_initial] I20260518 23:10:52.818724  5388 incremental_pipeline.cc:524] Registering image #745 (num_reg_frames=177)
2026-05-18T23:10:53 COLMAP[chunk_02_mapper_initial] I20260518 23:10:52.818778  5388 incremental_pipeline.cc:527] => Image sees 3312 / 5917 points
2026-05-18T23:10:54 COLMAP[chunk_02_mapper_initial] I20260518 23:10:54.036146  5388 incremental_pipeline.cc:524] Registering image #746 (num_reg_frames=178)
2026-05-18T23:10:54 COLMAP[chunk_02_mapper_initial] I20260518 23:10:54.036201  5388 incremental_pipeline.cc:527] => Image sees 3454 / 4838 points
2026-05-18T23:10:55 COLMAP[chunk_02_mapper_initial] I20260518 23:10:55.222101  5388 incremental_pipeline.cc:524] Registering image #790 (num_reg_frames=179)
2026-05-18T23:10:55 COLMAP[chunk_02_mapper_initial] I20260518 23:10:55.222153  5388 incremental_pipeline.cc:527] => Image sees 86 / 6787 points
2026-05-18T23:10:56 COLMAP[chunk_02_mapper_initial] I20260518 23:10:56.043916  5388 incremental_pipeline.cc:524] Registering image #791 (num_reg_frames=180)
2026-05-18T23:10:56 COLMAP[chunk_02_mapper_initial] I20260518 23:10:56.043964  5388 incremental_pipeline.cc:527] => Image sees 85 / 3792 points
2026-05-18T23:10:57 COLMAP[chunk_02_mapper_initial] I20260518 23:10:56.888041  5388 incremental_pipeline.cc:524] Registering image #789 (num_reg_frames=181)
2026-05-18T23:10:57 COLMAP[chunk_02_mapper_initial] I20260518 23:10:56.888098  5388 incremental_pipeline.cc:527] => Image sees 1141 / 6751 points
2026-05-18T23:10:58 COLMAP[chunk_02_mapper_initial] I20260518 23:10:57.717212  5388 incremental_pipeline.cc:524] Registering image #792 (num_reg_frames=182)
2026-05-18T23:10:58 COLMAP[chunk_02_mapper_initial] I20260518 23:10:57.717263  5388 incremental_pipeline.cc:527] => Image sees 1034 / 3378 points
2026-05-18T23:10:59 COLMAP[chunk_02_mapper_initial] I20260518 23:10:58.521885  5388 incremental_pipeline.cc:524] Registering image #796 (num_reg_frames=183)
2026-05-18T23:10:59 COLMAP[chunk_02_mapper_initial] I20260518 23:10:58.521936  5388 incremental_pipeline.cc:527] => Image sees 45 / 136 points
2026-05-18T23:10:59 COLMAP[chunk_02_mapper_initial] I20260518 23:10:59.075752  5388 incremental_pipeline.cc:524] Registering image #582 (num_reg_frames=184)
2026-05-18T23:10:59 COLMAP[chunk_02_mapper_initial] I20260518 23:10:59.075803  5388 incremental_pipeline.cc:527] => Image sees 95 / 2281 points
2026-05-18T23:10:59 COLMAP[chunk_02_mapper_initial] I20260518 23:10:59.082187  5388 incremental_pipeline.cc:550] => Could not register, trying another image.
2026-05-18T23:10:59 COLMAP[chunk_02_mapper_initial] I20260518 23:10:59.082235  5388 incremental_pipeline.cc:524] Registering image #582 (num_reg_frames=184)
2026-05-18T23:10:59 COLMAP[chunk_02_mapper_initial] I20260518 23:10:59.082249  5388 incremental_pipeline.cc:527] => Image sees 95 / 2281 points
2026-05-18T23:10:59 COLMAP[chunk_02_mapper_initial] I20260518 23:10:59.082259  5388 incremental_pipeline.cc:533] Registering image with structure-less fallback
2026-05-18T23:10:59 COLMAP[chunk_02_mapper_initial] I20260518 23:10:59.082269  5388 incremental_pipeline.cc:535] => Image sees 1479 / 3307 correspondences
2026-05-18T23:11:00 COLMAP[chunk_02_mapper_initial] W20260518 23:10:59.623829  5388 levenberg_marquardt_strategy.cc:123] Linear solver failure. Failed to compute a step: Eigen failure. Unable to perform dense Cholesky factorization.
2026-05-18T23:11:00 COLMAP[chunk_02_mapper_initial] W20260518 23:10:59.648665  5388 levenberg_marquardt_strategy.cc:123] Linear solver failure. Failed to compute a step: Eigen failure. Unable to perform dense Cholesky factorization.
2026-05-18T23:11:00 COLMAP[chunk_02_mapper_initial] W20260518 23:10:59.650944  5388 levenberg_marquardt_strategy.cc:123] Linear solver failure. Failed to compute a step: Eigen failure. Unable to perform dense Cholesky factorization.
2026-05-18T23:11:00 COLMAP[chunk_02_mapper_initial] W20260518 23:10:59.664120  5388 levenberg_marquardt_strategy.cc:123] Linear solver failure. Failed to compute a step: Eigen failure. Unable to perform dense Cholesky factorization.
2026-05-18T23:11:00 COLMAP[chunk_02_mapper_initial] W20260518 23:10:59.666354  5388 levenberg_marquardt_strategy.cc:123] Linear solver failure. Failed to compute a step: Eigen failure. Unable to perform dense Cholesky factorization.
2026-05-18T23:11:00 COLMAP[chunk_02_mapper_initial] W20260518 23:10:59.690485  5388 levenberg_marquardt_strategy.cc:123] Linear solver failure. Failed to compute a step: Eigen failure. Unable to perform dense Cholesky factorization.
2026-05-18T23:11:00 COLMAP[chunk_02_mapper_initial] W20260518 23:10:59.692724  5388 levenberg_marquardt_strategy.cc:123] Linear solver failure. Failed to compute a step: Eigen failure. Unable to perform dense Cholesky factorization.
2026-05-18T23:11:00 COLMAP[chunk_02_mapper_initial] I20260518 23:10:59.903640  5388 incremental_pipeline.cc:78] Retriangulation and Global bundle adjustment
2026-05-18T23:12:38 COLMAP[chunk_02_mapper_initial] I20260518 23:12:37.237653  5388 incremental_pipeline.cc:524] Registering image #583 (num_reg_frames=185)
2026-05-18T23:12:38 COLMAP[chunk_02_mapper_initial] I20260518 23:12:37.237730  5388 incremental_pipeline.cc:527] => Image sees 492 / 4458 points
2026-05-18T23:12:38 COLMAP[chunk_02_mapper_initial] I20260518 23:12:37.754244  5388 incremental_pipeline.cc:78] Retriangulation and Global bundle adjustment
2026-05-18T23:12:56 COLMAP[chunk_02_mapper_initial] I20260518 23:12:55.403641  5388 incremental_pipeline.cc:78] Retriangulation and Global bundle adjustment
2026-05-18T23:13:14 COLMAP[chunk_02_mapper_initial] I20260518 23:13:13.439889  5388 incremental_pipeline.cc:710] Keeping successful reconstruction
2026-05-18T23:13:14 COLMAP[chunk_02_mapper_initial] I20260518 23:13:13.742578  5388 timer.cc:90] Elapsed time: 12.344 [minutes]
2026-05-18T23:13:14 2026-05-18 23:13:13,827 - INFO - [chunk_02_mapper_initial_model_converter_0] colmap model_converter --input_path /tmp/colmap_sfm_gefg0_n4/chunk_02/sparse_initial/0 --output_path /tmp/colmap_sfm_gefg0_n4/text_models/chunk_02_mapper_initial/0 --output_type TXT
2026-05-18T23:13:19 2026-05-18 23:13:18,426 - INFO - chunk_02_mapper_initial model 0 registered 186/186 images and 166484 points
2026-05-18T23:14:14 2026-05-18 23:14:14,050 - INFO - Prepared chunk 3 database by pruning global features down to 187 images
2026-05-18T23:14:14 2026-05-18 23:14:14,052 - INFO - [chunk_03_spatial_matcher] colmap spatial_matcher --database_path /tmp/colmap_sfm_gefg0_n4/chunk_03/database.db --FeatureMatching.use_gpu 1 --FeatureMatching.guided_matching 1 --SpatialMatching.ignore_z 0 --SpatialMatching.max_num_neighbors 12 --SpatialMatching.max_distance 120.0
2026-05-18T23:14:15 COLMAP[chunk_03_spatial_matcher] I20260518 23:14:14.242283  6897 feature_matching.cc:195] === Feature matching & geometric verification ===
2026-05-18T23:14:15 COLMAP[chunk_03_spatial_matcher] I20260518 23:14:14.317718  6898 feature_matching_utils.cc:80] Bind FeatureMatcherWorker to GPU device 0
2026-05-18T23:14:15 COLMAP[chunk_03_spatial_matcher] I20260518 23:14:14.317723  6904 feature_matching_utils.cc:80] Bind FeatureMatcherWorker to GPU device 0
2026-05-18T23:14:15 COLMAP[chunk_03_spatial_matcher] I20260518 23:14:14.318451  6898 sift.cc:1547] Creating SIFT GPU feature matcher
2026-05-18T23:14:15 COLMAP[chunk_03_spatial_matcher] I20260518 23:14:14.318457  6904 sift.cc:1547] Creating SIFT GPU feature matcher
2026-05-18T23:14:15 COLMAP[chunk_03_spatial_matcher] I20260518 23:14:14.322278  6897 pairing.cc:560] Generating spatial image pairs...
2026-05-18T23:14:15 COLMAP[chunk_03_spatial_matcher] I20260518 23:14:14.322305  6897 pairing.cc:565] Indexing images...
2026-05-18T23:14:15 COLMAP[chunk_03_spatial_matcher] I20260518 23:14:14.323968  6897 pairing.cc:570]  in 0.002s
2026-05-18T23:14:15 COLMAP[chunk_03_spatial_matcher] I20260518 23:14:14.323997  6897 pairing.cc:584] Building search index...
2026-05-18T23:14:15 COLMAP[chunk_03_spatial_matcher] I20260518 23:14:14.324018  6897 pairing.cc:589]  in 0.000s
2026-05-18T23:14:15 COLMAP[chunk_03_spatial_matcher] I20260518 23:14:14.324030  6897 pairing.cc:592] Searching for nearest neighbors...
2026-05-18T23:14:15 COLMAP[chunk_03_spatial_matcher] I20260518 23:14:14.339367  6897 pairing.cc:608]  in 0.015s
2026-05-18T23:14:15 COLMAP[chunk_03_spatial_matcher] I20260518 23:14:14.339425  6897 pairing.cc:631] Processing image [1/187]
2026-05-18T23:14:15 COLMAP[chunk_03_spatial_matcher] I20260518 23:14:14.806720  6897 feature_matching.cc:217] in 0.467s
2026-05-18T23:14:15 COLMAP[chunk_03_spatial_matcher] I20260518 23:14:14.806770  6897 pairing.cc:631] Processing image [2/187]
2026-05-18T23:14:16 COLMAP[chunk_03_spatial_matcher] I20260518 23:14:15.288755  6897 feature_matching.cc:217] in 0.482s
2026-05-18T23:14:16 COLMAP[chunk_03_spatial_matcher] I20260518 23:14:15.288801  6897 pairing.cc:631] Processing image [3/187]
2026-05-18T23:14:16 COLMAP[chunk_03_spatial_matcher] I20260518 23:14:15.814752  6897 feature_matching.cc:217] in 0.526s
2026-05-18T23:14:16 COLMAP[chunk_03_spatial_matcher] I20260518 23:14:15.814801  6897 pairing.cc:631] Processing image [4/187]
2026-05-18T23:14:16 COLMAP[chunk_03_spatial_matcher] I20260518 23:14:16.062477  6897 feature_matching.cc:217] in 0.248s
2026-05-18T23:14:16 COLMAP[chunk_03_spatial_matcher] I20260518 23:14:16.062525  6897 pairing.cc:631] Processing image [5/187]
2026-05-18T23:14:17 COLMAP[chunk_03_spatial_matcher] I20260518 23:14:16.382537  6897 feature_matching.cc:217] in 0.320s
2026-05-18T23:14:17 COLMAP[chunk_03_spatial_matcher] I20260518 23:14:16.382584  6897 pairing.cc:631] Processing image [6/187]
2026-05-18T23:14:17 COLMAP[chunk_03_spatial_matcher] I20260518 23:14:16.861151  6897 feature_matching.cc:217] in 0.479s
2026-05-18T23:14:17 COLMAP[chunk_03_spatial_matcher] I20260518 23:14:16.861199  6897 pairing.cc:631] Processing image [7/187]
2026-05-18T23:14:17 COLMAP[chunk_03_spatial_matcher] I20260518 23:14:17.131673  6897 feature_matching.cc:217] in 0.271s
2026-05-18T23:14:17 COLMAP[chunk_03_spatial_matcher] I20260518 23:14:17.131721  6897 pairing.cc:631] Processing image [8/187]
2026-05-18T23:14:18 COLMAP[chunk_03_spatial_matcher] I20260518 23:14:17.769771  6897 feature_matching.cc:217] in 0.638s
2026-05-18T23:14:18 COLMAP[chunk_03_spatial_matcher] I20260518 23:14:17.769819  6897 pairing.cc:631] Processing image [9/187]
2026-05-18T23:14:18 COLMAP[chunk_03_spatial_matcher] I20260518 23:14:18.074791  6897 feature_matching.cc:217] in 0.305s
2026-05-18T23:14:18 COLMAP[chunk_03_spatial_matcher] I20260518 23:14:18.074836  6897 pairing.cc:631] Processing image [10/187]
2026-05-18T23:14:19 COLMAP[chunk_03_spatial_matcher] I20260518 23:14:18.605190  6897 feature_matching.cc:217] in 0.530s
2026-05-18T23:14:19 COLMAP[chunk_03_spatial_matcher] I20260518 23:14:18.605237  6897 pairing.cc:631] Processing image [11/187]
2026-05-18T23:14:20 COLMAP[chunk_03_spatial_matcher] I20260518 23:14:19.278388  6897 feature_matching.cc:217] in 0.673s
2026-05-18T23:14:20 COLMAP[chunk_03_spatial_matcher] I20260518 23:14:19.278435  6897 pairing.cc:631] Processing image [12/187]
2026-05-18T23:14:21 COLMAP[chunk_03_spatial_matcher] I20260518 23:14:20.613348  6897 feature_matching.cc:217] in 1.335s
2026-05-18T23:14:21 COLMAP[chunk_03_spatial_matcher] I20260518 23:14:20.613400  6897 pairing.cc:631] Processing image [13/187]
2026-05-18T23:14:21 COLMAP[chunk_03_spatial_matcher] I20260518 23:14:21.151273  6897 feature_matching.cc:217] in 0.538s
2026-05-18T23:14:21 COLMAP[chunk_03_spatial_matcher] I20260518 23:14:21.151322  6897 pairing.cc:631] Processing image [14/187]
2026-05-18T23:14:22 COLMAP[chunk_03_spatial_matcher] I20260518 23:14:22.311270  6897 feature_matching.cc:217] in 1.160s
2026-05-18T23:14:22 COLMAP[chunk_03_spatial_matcher] I20260518 23:14:22.311321  6897 pairing.cc:631] Processing image [15/187]
2026-05-18T23:14:23 COLMAP[chunk_03_spatial_matcher] I20260518 23:14:22.935420  6897 feature_matching.cc:217] in 0.624s
2026-05-18T23:14:23 COLMAP[chunk_03_spatial_matcher] I20260518 23:14:22.935468  6897 pairing.cc:631] Processing image [16/187]
2026-05-18T23:14:24 COLMAP[chunk_03_spatial_matcher] I20260518 23:14:23.669445  6897 feature_matching.cc:217] in 0.734s
2026-05-18T23:14:24 COLMAP[chunk_03_spatial_matcher] I20260518 23:14:23.669492  6897 pairing.cc:631] Processing image [17/187]
2026-05-18T23:14:24 COLMAP[chunk_03_spatial_matcher] I20260518 23:14:24.374719  6897 feature_matching.cc:217] in 0.705s
2026-05-18T23:14:24 COLMAP[chunk_03_spatial_matcher] I20260518 23:14:24.374765  6897 pairing.cc:631] Processing image [18/187]
2026-05-18T23:14:25 COLMAP[chunk_03_spatial_matcher] I20260518 23:14:25.108789  6897 feature_matching.cc:217] in 0.734s
2026-05-18T23:14:25 COLMAP[chunk_03_spatial_matcher] I20260518 23:14:25.108834  6897 pairing.cc:631] Processing image [19/187]
2026-05-18T23:14:25 COLMAP[chunk_03_spatial_matcher] I20260518 23:14:25.514243  6897 feature_matching.cc:217] in 0.405s
2026-05-18T23:14:25 COLMAP[chunk_03_spatial_matcher] I20260518 23:14:25.514288  6897 pairing.cc:631] Processing image [20/187]
2026-05-18T23:14:26 COLMAP[chunk_03_spatial_matcher] I20260518 23:14:25.913322  6897 feature_matching.cc:217] in 0.399s
2026-05-18T23:14:26 COLMAP[chunk_03_spatial_matcher] I20260518 23:14:25.913379  6897 pairing.cc:631] Processing image [21/187]
2026-05-18T23:14:26 COLMAP[chunk_03_spatial_matcher] I20260518 23:14:26.371112  6897 feature_matching.cc:217] in 0.458s
2026-05-18T23:14:26 COLMAP[chunk_03_spatial_matcher] I20260518 23:14:26.371160  6897 pairing.cc:631] Processing image [22/187]
2026-05-18T23:14:27 COLMAP[chunk_03_spatial_matcher] I20260518 23:14:26.804992  6897 feature_matching.cc:217] in 0.434s
2026-05-18T23:14:27 COLMAP[chunk_03_spatial_matcher] I20260518 23:14:26.805043  6897 pairing.cc:631] Processing image [23/187]
2026-05-18T23:14:27 COLMAP[chunk_03_spatial_matcher] I20260518 23:14:26.876863  6897 feature_matching.cc:217] in 0.072s
2026-05-18T23:14:27 COLMAP[chunk_03_spatial_matcher] I20260518 23:14:26.876911  6897 pairing.cc:631] Processing image [24/187]
2026-05-18T23:14:27 COLMAP[chunk_03_spatial_matcher] I20260518 23:14:26.934654  6897 feature_matching.cc:217] in 0.058s
2026-05-18T23:14:27 COLMAP[chunk_03_spatial_matcher] I20260518 23:14:26.934695  6897 pairing.cc:631] Processing image [25/187]
2026-05-18T23:14:27 COLMAP[chunk_03_spatial_matcher] I20260518 23:14:27.386475  6897 feature_matching.cc:217] in 0.452s
2026-05-18T23:14:27 COLMAP[chunk_03_spatial_matcher] I20260518 23:14:27.386523  6897 pairing.cc:631] Processing image [26/187]
2026-05-18T23:14:28 COLMAP[chunk_03_spatial_matcher] I20260518 23:14:27.817091  6897 feature_matching.cc:217] in 0.431s
2026-05-18T23:14:28 COLMAP[chunk_03_spatial_matcher] I20260518 23:14:27.817137  6897 pairing.cc:631] Processing image [27/187]
2026-05-18T23:14:28 COLMAP[chunk_03_spatial_matcher] I20260518 23:14:28.305871  6897 feature_matching.cc:217] in 0.489s
2026-05-18T23:14:28 COLMAP[chunk_03_spatial_matcher] I20260518 23:14:28.305920  6897 pairing.cc:631] Processing image [28/187]
2026-05-18T23:14:29 COLMAP[chunk_03_spatial_matcher] I20260518 23:14:29.325574  6897 feature_matching.cc:217] in 1.020s
2026-05-18T23:14:29 COLMAP[chunk_03_spatial_matcher] I20260518 23:14:29.325623  6897 pairing.cc:631] Processing image [29/187]
2026-05-18T23:14:30 COLMAP[chunk_03_spatial_matcher] I20260518 23:14:29.990278  6897 feature_matching.cc:217] in 0.665s
2026-05-18T23:14:30 COLMAP[chunk_03_spatial_matcher] I20260518 23:14:29.990324  6897 pairing.cc:631] Processing image [30/187]
2026-05-18T23:14:31 COLMAP[chunk_03_spatial_matcher] I20260518 23:14:30.722955  6897 feature_matching.cc:217] in 0.733s
2026-05-18T23:14:31 COLMAP[chunk_03_spatial_matcher] I20260518 23:14:30.723006  6897 pairing.cc:631] Processing image [31/187]
2026-05-18T23:14:31 COLMAP[chunk_03_spatial_matcher] I20260518 23:14:31.182611  6897 feature_matching.cc:217] in 0.460s
2026-05-18T23:14:31 COLMAP[chunk_03_spatial_matcher] I20260518 23:14:31.182665  6897 pairing.cc:631] Processing image [32/187]
2026-05-18T23:14:31 COLMAP[chunk_03_spatial_matcher] I20260518 23:14:31.330650  6897 feature_matching.cc:217] in 0.148s
2026-05-18T23:14:31 COLMAP[chunk_03_spatial_matcher] I20260518 23:14:31.330698  6897 pairing.cc:631] Processing image [33/187]
2026-05-18T23:14:32 COLMAP[chunk_03_spatial_matcher] I20260518 23:14:31.740820  6897 feature_matching.cc:217] in 0.410s
2026-05-18T23:14:32 COLMAP[chunk_03_spatial_matcher] I20260518 23:14:31.740875  6897 pairing.cc:631] Processing image [34/187]
2026-05-18T23:14:32 COLMAP[chunk_03_spatial_matcher] I20260518 23:14:32.212483  6897 feature_matching.cc:217] in 0.472s
2026-05-18T23:14:32 COLMAP[chunk_03_spatial_matcher] I20260518 23:14:32.212534  6897 pairing.cc:631] Processing image [35/187]
2026-05-18T23:14:33 COLMAP[chunk_03_spatial_matcher] I20260518 23:14:32.828609  6897 feature_matching.cc:217] in 0.616s
2026-05-18T23:14:33 COLMAP[chunk_03_spatial_matcher] I20260518 23:14:32.828665  6897 pairing.cc:631] Processing image [36/187]
2026-05-18T23:14:34 COLMAP[chunk_03_spatial_matcher] I20260518 23:14:33.649799  6897 feature_matching.cc:217] in 0.821s
2026-05-18T23:14:34 COLMAP[chunk_03_spatial_matcher] I20260518 23:14:33.649849  6897 pairing.cc:631] Processing image [37/187]
2026-05-18T23:14:35 COLMAP[chunk_03_spatial_matcher] I20260518 23:14:34.795750  6897 feature_matching.cc:217] in 1.146s
2026-05-18T23:14:35 COLMAP[chunk_03_spatial_matcher] I20260518 23:14:34.795807  6897 pairing.cc:631] Processing image [38/187]
2026-05-18T23:14:36 COLMAP[chunk_03_spatial_matcher] I20260518 23:14:35.798461  6897 feature_matching.cc:217] in 1.003s
2026-05-18T23:14:36 COLMAP[chunk_03_spatial_matcher] I20260518 23:14:35.798516  6897 pairing.cc:631] Processing image [39/187]
2026-05-18T23:14:37 COLMAP[chunk_03_spatial_matcher] I20260518 23:14:36.659870  6897 feature_matching.cc:217] in 0.861s
2026-05-18T23:14:37 COLMAP[chunk_03_spatial_matcher] I20260518 23:14:36.659926  6897 pairing.cc:631] Processing image [40/187]
2026-05-18T23:14:37 COLMAP[chunk_03_spatial_matcher] I20260518 23:14:37.451630  6897 feature_matching.cc:217] in 0.792s
2026-05-18T23:14:37 COLMAP[chunk_03_spatial_matcher] I20260518 23:14:37.451682  6897 pairing.cc:631] Processing image [41/187]
2026-05-18T23:14:38 COLMAP[chunk_03_spatial_matcher] I20260518 23:14:38.424815  6897 feature_matching.cc:217] in 0.973s
2026-05-18T23:14:38 COLMAP[chunk_03_spatial_matcher] I20260518 23:14:38.424865  6897 pairing.cc:631] Processing image [42/187]
2026-05-18T23:14:39 COLMAP[chunk_03_spatial_matcher] I20260518 23:14:39.186316  6897 feature_matching.cc:217] in 0.761s
2026-05-18T23:14:39 COLMAP[chunk_03_spatial_matcher] I20260518 23:14:39.186365  6897 pairing.cc:631] Processing image [43/187]
2026-05-18T23:14:40 COLMAP[chunk_03_spatial_matcher] I20260518 23:14:40.024195  6897 feature_matching.cc:217] in 0.838s
2026-05-18T23:14:40 COLMAP[chunk_03_spatial_matcher] I20260518 23:14:40.024238  6897 pairing.cc:631] Processing image [44/187]
2026-05-18T23:14:41 COLMAP[chunk_03_spatial_matcher] I20260518 23:14:40.624567  6897 feature_matching.cc:217] in 0.600s
2026-05-18T23:14:41 COLMAP[chunk_03_spatial_matcher] I20260518 23:14:40.624612  6897 pairing.cc:631] Processing image [45/187]
2026-05-18T23:14:41 COLMAP[chunk_03_spatial_matcher] I20260518 23:14:41.017306  6897 feature_matching.cc:217] in 0.393s
2026-05-18T23:14:41 COLMAP[chunk_03_spatial_matcher] I20260518 23:14:41.017360  6897 pairing.cc:631] Processing image [46/187]
2026-05-18T23:14:41 COLMAP[chunk_03_spatial_matcher] I20260518 23:14:41.417629  6897 feature_matching.cc:217] in 0.400s
2026-05-18T23:14:41 COLMAP[chunk_03_spatial_matcher] I20260518 23:14:41.417680  6897 pairing.cc:631] Processing image [47/187]
2026-05-18T23:14:42 COLMAP[chunk_03_spatial_matcher] I20260518 23:14:41.855508  6897 feature_matching.cc:217] in 0.438s
2026-05-18T23:14:42 COLMAP[chunk_03_spatial_matcher] I20260518 23:14:41.855554  6897 pairing.cc:631] Processing image [48/187]
2026-05-18T23:14:42 COLMAP[chunk_03_spatial_matcher] I20260518 23:14:42.257915  6897 feature_matching.cc:217] in 0.402s
2026-05-18T23:14:42 COLMAP[chunk_03_spatial_matcher] I20260518 23:14:42.257967  6897 pairing.cc:631] Processing image [49/187]
2026-05-18T23:14:43 COLMAP[chunk_03_spatial_matcher] I20260518 23:14:42.646785  6897 feature_matching.cc:217] in 0.389s
2026-05-18T23:14:43 COLMAP[chunk_03_spatial_matcher] I20260518 23:14:42.646831  6897 pairing.cc:631] Processing image [50/187]
2026-05-18T23:14:43 COLMAP[chunk_03_spatial_matcher] I20260518 23:14:42.696404  6897 feature_matching.cc:217] in 0.050s
2026-05-18T23:14:43 COLMAP[chunk_03_spatial_matcher] I20260518 23:14:42.696445  6897 pairing.cc:631] Processing image [51/187]
2026-05-18T23:14:43 COLMAP[chunk_03_spatial_matcher] I20260518 23:14:43.206977  6897 feature_matching.cc:217] in 0.511s
2026-05-18T23:14:43 COLMAP[chunk_03_spatial_matcher] I20260518 23:14:43.207027  6897 pairing.cc:631] Processing image [52/187]
2026-05-18T23:14:44 COLMAP[chunk_03_spatial_matcher] I20260518 23:14:43.717024  6897 feature_matching.cc:217] in 0.510s
2026-05-18T23:14:44 COLMAP[chunk_03_spatial_matcher] I20260518 23:14:43.717072  6897 pairing.cc:631] Processing image [53/187]
2026-05-18T23:14:44 COLMAP[chunk_03_spatial_matcher] I20260518 23:14:44.444092  6897 feature_matching.cc:217] in 0.727s
2026-05-18T23:14:44 COLMAP[chunk_03_spatial_matcher] I20260518 23:14:44.444146  6897 pairing.cc:631] Processing image [54/187]
2026-05-18T23:14:45 COLMAP[chunk_03_spatial_matcher] I20260518 23:14:44.938159  6897 feature_matching.cc:217] in 0.494s
2026-05-18T23:14:45 COLMAP[chunk_03_spatial_matcher] I20260518 23:14:44.938203  6897 pairing.cc:631] Processing image [55/187]
2026-05-18T23:14:46 COLMAP[chunk_03_spatial_matcher] I20260518 23:14:46.005455  6897 feature_matching.cc:217] in 1.067s
2026-05-18T23:14:46 COLMAP[chunk_03_spatial_matcher] I20260518 23:14:46.005503  6897 pairing.cc:631] Processing image [56/187]
2026-05-18T23:14:46 COLMAP[chunk_03_spatial_matcher] I20260518 23:14:46.569868  6897 feature_matching.cc:217] in 0.564s
2026-05-18T23:14:46 COLMAP[chunk_03_spatial_matcher] I20260518 23:14:46.569916  6897 pairing.cc:631] Processing image [57/187]
2026-05-18T23:14:47 COLMAP[chunk_03_spatial_matcher] I20260518 23:14:47.054422  6897 feature_matching.cc:217] in 0.485s
2026-05-18T23:14:47 COLMAP[chunk_03_spatial_matcher] I20260518 23:14:47.054471  6897 pairing.cc:631] Processing image [58/187]
2026-05-18T23:14:47 COLMAP[chunk_03_spatial_matcher] I20260518 23:14:47.486369  6897 feature_matching.cc:217] in 0.432s
2026-05-18T23:14:47 COLMAP[chunk_03_spatial_matcher] I20260518 23:14:47.486418  6897 pairing.cc:631] Processing image [59/187]
2026-05-18T23:14:48 COLMAP[chunk_03_spatial_matcher] I20260518 23:14:47.732545  6897 feature_matching.cc:217] in 0.246s
2026-05-18T23:14:48 COLMAP[chunk_03_spatial_matcher] I20260518 23:14:47.732589  6897 pairing.cc:631] Processing image [60/187]
2026-05-18T23:14:48 COLMAP[chunk_03_spatial_matcher] I20260518 23:14:47.960322  6897 feature_matching.cc:217] in 0.228s
2026-05-18T23:14:48 COLMAP[chunk_03_spatial_matcher] I20260518 23:14:47.960373  6897 pairing.cc:631] Processing image [61/187]
2026-05-18T23:14:48 COLMAP[chunk_03_spatial_matcher] I20260518 23:14:48.202160  6897 feature_matching.cc:217] in 0.242s
2026-05-18T23:14:48 COLMAP[chunk_03_spatial_matcher] I20260518 23:14:48.202210  6897 pairing.cc:631] Processing image [62/187]
2026-05-18T23:14:48 COLMAP[chunk_03_spatial_matcher] I20260518 23:14:48.347288  6897 feature_matching.cc:217] in 0.145s
2026-05-18T23:14:48 COLMAP[chunk_03_spatial_matcher] I20260518 23:14:48.347338  6897 pairing.cc:631] Processing image [63/187]
2026-05-18T23:14:48 COLMAP[chunk_03_spatial_matcher] I20260518 23:14:48.443387  6897 feature_matching.cc:217] in 0.096s
2026-05-18T23:14:48 COLMAP[chunk_03_spatial_matcher] I20260518 23:14:48.443435  6897 pairing.cc:631] Processing image [64/187]
2026-05-18T23:14:48 COLMAP[chunk_03_spatial_matcher] I20260518 23:14:48.552795  6897 feature_matching.cc:217] in 0.109s
2026-05-18T23:14:48 COLMAP[chunk_03_spatial_matcher] I20260518 23:14:48.552847  6897 pairing.cc:631] Processing image [65/187]
2026-05-18T23:14:48 COLMAP[chunk_03_spatial_matcher] I20260518 23:14:48.635428  6897 feature_matching.cc:217] in 0.083s
2026-05-18T23:14:48 COLMAP[chunk_03_spatial_matcher] I20260518 23:14:48.635478  6897 pairing.cc:631] Processing image [66/187]
2026-05-18T23:14:49 COLMAP[chunk_03_spatial_matcher] I20260518 23:14:48.767405  6897 feature_matching.cc:217] in 0.132s
2026-05-18T23:14:49 COLMAP[chunk_03_spatial_matcher] I20260518 23:14:48.767448  6897 pairing.cc:631] Processing image [67/187]
2026-05-18T23:14:49 COLMAP[chunk_03_spatial_matcher] I20260518 23:14:48.929190  6897 feature_matching.cc:217] in 0.162s
2026-05-18T23:14:49 COLMAP[chunk_03_spatial_matcher] I20260518 23:14:48.929242  6897 pairing.cc:631] Processing image [68/187]
2026-05-18T23:14:49 COLMAP[chunk_03_spatial_matcher] I20260518 23:14:49.107678  6897 feature_matching.cc:217] in 0.178s
2026-05-18T23:14:49 COLMAP[chunk_03_spatial_matcher] I20260518 23:14:49.107733  6897 pairing.cc:631] Processing image [69/187]
2026-05-18T23:14:49 COLMAP[chunk_03_spatial_matcher] I20260518 23:14:49.286338  6897 feature_matching.cc:217] in 0.179s
2026-05-18T23:14:49 COLMAP[chunk_03_spatial_matcher] I20260518 23:14:49.286388  6897 pairing.cc:631] Processing image [70/187]
2026-05-18T23:14:50 COLMAP[chunk_03_spatial_matcher] I20260518 23:14:49.718732  6897 feature_matching.cc:217] in 0.432s
2026-05-18T23:14:50 COLMAP[chunk_03_spatial_matcher] I20260518 23:14:49.718786  6897 pairing.cc:631] Processing image [71/187]
2026-05-18T23:14:50 COLMAP[chunk_03_spatial_matcher] I20260518 23:14:49.885215  6897 feature_matching.cc:217] in 0.166s
2026-05-18T23:14:50 COLMAP[chunk_03_spatial_matcher] I20260518 23:14:49.885262  6897 pairing.cc:631] Processing image [72/187]
2026-05-18T23:14:50 COLMAP[chunk_03_spatial_matcher] I20260518 23:14:50.086854  6897 feature_matching.cc:217] in 0.202s
2026-05-18T23:14:50 COLMAP[chunk_03_spatial_matcher] I20260518 23:14:50.086905  6897 pairing.cc:631] Processing image [73/187]
2026-05-18T23:14:50 COLMAP[chunk_03_spatial_matcher] I20260518 23:14:50.271034  6897 feature_matching.cc:217] in 0.184s
2026-05-18T23:14:50 COLMAP[chunk_03_spatial_matcher] I20260518 23:14:50.271081  6897 pairing.cc:631] Processing image [74/187]
2026-05-18T23:14:51 COLMAP[chunk_03_spatial_matcher] I20260518 23:14:50.960343  6897 feature_matching.cc:217] in 0.689s
2026-05-18T23:14:51 COLMAP[chunk_03_spatial_matcher] I20260518 23:14:50.960394  6897 pairing.cc:631] Processing image [75/187]
2026-05-18T23:14:51 COLMAP[chunk_03_spatial_matcher] I20260518 23:14:51.169818  6897 feature_matching.cc:217] in 0.209s
2026-05-18T23:14:51 COLMAP[chunk_03_spatial_matcher] I20260518 23:14:51.169871  6897 pairing.cc:631] Processing image [76/187]
2026-05-18T23:14:52 COLMAP[chunk_03_spatial_matcher] I20260518 23:14:51.886341  6897 feature_matching.cc:217] in 0.716s
2026-05-18T23:14:52 COLMAP[chunk_03_spatial_matcher] I20260518 23:14:51.886389  6897 pairing.cc:631] Processing image [77/187]
2026-05-18T23:14:53 COLMAP[chunk_03_spatial_matcher] I20260518 23:14:52.680538  6897 feature_matching.cc:217] in 0.794s
2026-05-18T23:14:53 COLMAP[chunk_03_spatial_matcher] I20260518 23:14:52.680590  6897 pairing.cc:631] Processing image [78/187]
2026-05-18T23:14:53 COLMAP[chunk_03_spatial_matcher] I20260518 23:14:53.286996  6897 feature_matching.cc:217] in 0.606s
2026-05-18T23:14:53 COLMAP[chunk_03_spatial_matcher] I20260518 23:14:53.287052  6897 pairing.cc:631] Processing image [79/187]
2026-05-18T23:14:54 COLMAP[chunk_03_spatial_matcher] I20260518 23:14:53.999831  6897 feature_matching.cc:217] in 0.713s
2026-05-18T23:14:54 COLMAP[chunk_03_spatial_matcher] I20260518 23:14:53.999882  6897 pairing.cc:631] Processing image [80/187]
2026-05-18T23:14:55 COLMAP[chunk_03_spatial_matcher] I20260518 23:14:54.683090  6897 feature_matching.cc:217] in 0.683s
2026-05-18T23:14:55 COLMAP[chunk_03_spatial_matcher] I20260518 23:14:54.683146  6897 pairing.cc:631] Processing image [81/187]
2026-05-18T23:14:56 COLMAP[chunk_03_spatial_matcher] I20260518 23:14:55.754506  6897 feature_matching.cc:217] in 1.071s
2026-05-18T23:14:56 COLMAP[chunk_03_spatial_matcher] I20260518 23:14:55.754558  6897 pairing.cc:631] Processing image [82/187]
2026-05-18T23:14:56 COLMAP[chunk_03_spatial_matcher] I20260518 23:14:56.126745  6897 feature_matching.cc:217] in 0.372s
2026-05-18T23:14:56 COLMAP[chunk_03_spatial_matcher] I20260518 23:14:56.126794  6897 pairing.cc:631] Processing image [83/187]
2026-05-18T23:14:57 COLMAP[chunk_03_spatial_matcher] I20260518 23:14:57.239933  6897 feature_matching.cc:217] in 1.113s
2026-05-18T23:14:57 COLMAP[chunk_03_spatial_matcher] I20260518 23:14:57.239989  6897 pairing.cc:631] Processing image [84/187]
2026-05-18T23:14:58 COLMAP[chunk_03_spatial_matcher] I20260518 23:14:58.538534  6897 feature_matching.cc:217] in 1.299s
2026-05-18T23:14:58 COLMAP[chunk_03_spatial_matcher] I20260518 23:14:58.538583  6897 pairing.cc:631] Processing image [85/187]
2026-05-18T23:15:00 COLMAP[chunk_03_spatial_matcher] I20260518 23:14:59.879758  6897 feature_matching.cc:217] in 1.341s
2026-05-18T23:15:00 COLMAP[chunk_03_spatial_matcher] I20260518 23:14:59.879805  6897 pairing.cc:631] Processing image [86/187]
2026-05-18T23:15:01 COLMAP[chunk_03_spatial_matcher] I20260518 23:15:01.082791  6897 feature_matching.cc:217] in 1.203s
2026-05-18T23:15:01 COLMAP[chunk_03_spatial_matcher] I20260518 23:15:01.082842  6897 pairing.cc:631] Processing image [87/187]
2026-05-18T23:15:02 COLMAP[chunk_03_spatial_matcher] I20260518 23:15:02.514324  6897 feature_matching.cc:217] in 1.432s
2026-05-18T23:15:02 COLMAP[chunk_03_spatial_matcher] I20260518 23:15:02.514374  6897 pairing.cc:631] Processing image [88/187]
2026-05-18T23:15:04 COLMAP[chunk_03_spatial_matcher] I20260518 23:15:03.685220  6897 feature_matching.cc:217] in 1.171s
2026-05-18T23:15:04 COLMAP[chunk_03_spatial_matcher] I20260518 23:15:03.685267  6897 pairing.cc:631] Processing image [89/187]
2026-05-18T23:15:05 COLMAP[chunk_03_spatial_matcher] I20260518 23:15:04.800314  6897 feature_matching.cc:217] in 1.115s
2026-05-18T23:15:05 COLMAP[chunk_03_spatial_matcher] I20260518 23:15:04.800361  6897 pairing.cc:631] Processing image [90/187]
2026-05-18T23:15:06 COLMAP[chunk_03_spatial_matcher] I20260518 23:15:05.922502  6897 feature_matching.cc:217] in 1.122s
2026-05-18T23:15:06 COLMAP[chunk_03_spatial_matcher] I20260518 23:15:05.922549  6897 pairing.cc:631] Processing image [91/187]
2026-05-18T23:15:07 COLMAP[chunk_03_spatial_matcher] I20260518 23:15:06.925236  6897 feature_matching.cc:217] in 1.003s
2026-05-18T23:15:07 COLMAP[chunk_03_spatial_matcher] I20260518 23:15:06.925285  6897 pairing.cc:631] Processing image [92/187]
2026-05-18T23:15:07 COLMAP[chunk_03_spatial_matcher] I20260518 23:15:07.332167  6897 feature_matching.cc:217] in 0.407s
2026-05-18T23:15:07 COLMAP[chunk_03_spatial_matcher] I20260518 23:15:07.332213  6897 pairing.cc:631] Processing image [93/187]
2026-05-18T23:15:08 COLMAP[chunk_03_spatial_matcher] I20260518 23:15:07.705070  6897 feature_matching.cc:217] in 0.373s
2026-05-18T23:15:08 COLMAP[chunk_03_spatial_matcher] I20260518 23:15:07.705114  6897 pairing.cc:631] Processing image [94/187]
2026-05-18T23:15:08 COLMAP[chunk_03_spatial_matcher] I20260518 23:15:07.760866  6897 feature_matching.cc:217] in 0.056s
2026-05-18T23:15:08 COLMAP[chunk_03_spatial_matcher] I20260518 23:15:07.760906  6897 pairing.cc:631] Processing image [95/187]
2026-05-18T23:15:08 COLMAP[chunk_03_spatial_matcher] I20260518 23:15:07.829517  6897 feature_matching.cc:217] in 0.069s
2026-05-18T23:15:08 COLMAP[chunk_03_spatial_matcher] I20260518 23:15:07.829553  6897 pairing.cc:631] Processing image [96/187]
2026-05-18T23:15:08 COLMAP[chunk_03_spatial_matcher] I20260518 23:15:08.041873  6897 feature_matching.cc:217] in 0.212s
2026-05-18T23:15:08 COLMAP[chunk_03_spatial_matcher] I20260518 23:15:08.041917  6897 pairing.cc:631] Processing image [97/187]
2026-05-18T23:15:08 COLMAP[chunk_03_spatial_matcher] I20260518 23:15:08.454491  6897 feature_matching.cc:217] in 0.413s
2026-05-18T23:15:08 COLMAP[chunk_03_spatial_matcher] I20260518 23:15:08.454532  6897 pairing.cc:631] Processing image [98/187]
2026-05-18T23:15:09 COLMAP[chunk_03_spatial_matcher] I20260518 23:15:09.509449  6897 feature_matching.cc:217] in 1.055s
2026-05-18T23:15:09 COLMAP[chunk_03_spatial_matcher] I20260518 23:15:09.509497  6897 pairing.cc:631] Processing image [99/187]
2026-05-18T23:15:10 COLMAP[chunk_03_spatial_matcher] I20260518 23:15:10.403832  6897 feature_matching.cc:217] in 0.894s
2026-05-18T23:15:10 COLMAP[chunk_03_spatial_matcher] I20260518 23:15:10.403879  6897 pairing.cc:631] Processing image [100/187]
2026-05-18T23:15:11 COLMAP[chunk_03_spatial_matcher] I20260518 23:15:10.687222  6897 feature_matching.cc:217] in 0.283s
2026-05-18T23:15:11 COLMAP[chunk_03_spatial_matcher] I20260518 23:15:10.687270  6897 pairing.cc:631] Processing image [101/187]
2026-05-18T23:15:11 COLMAP[chunk_03_spatial_matcher] I20260518 23:15:11.235601  6897 feature_matching.cc:217] in 0.548s
2026-05-18T23:15:11 COLMAP[chunk_03_spatial_matcher] I20260518 23:15:11.235649  6897 pairing.cc:631] Processing image [102/187]
2026-05-18T23:15:11 COLMAP[chunk_03_spatial_matcher] I20260518 23:15:11.277235  6897 feature_matching.cc:217] in 0.042s
2026-05-18T23:15:11 COLMAP[chunk_03_spatial_matcher] I20260518 23:15:11.277275  6897 pairing.cc:631] Processing image [103/187]
2026-05-18T23:15:11 COLMAP[chunk_03_spatial_matcher] I20260518 23:15:11.372527  6897 feature_matching.cc:217] in 0.095s
2026-05-18T23:15:11 COLMAP[chunk_03_spatial_matcher] I20260518 23:15:11.372562  6897 pairing.cc:631] Processing image [104/187]
2026-05-18T23:15:11 COLMAP[chunk_03_spatial_matcher] I20260518 23:15:11.481261  6897 feature_matching.cc:217] in 0.109s
2026-05-18T23:15:11 COLMAP[chunk_03_spatial_matcher] I20260518 23:15:11.481307  6897 pairing.cc:631] Processing image [105/187]
2026-05-18T23:15:11 COLMAP[chunk_03_spatial_matcher] I20260518 23:15:11.678153  6897 feature_matching.cc:217] in 0.197s
2026-05-18T23:15:11 COLMAP[chunk_03_spatial_matcher] I20260518 23:15:11.678189  6897 pairing.cc:631] Processing image [106/187]
2026-05-18T23:15:12 COLMAP[chunk_03_spatial_matcher] I20260518 23:15:11.913065  6897 feature_matching.cc:217] in 0.235s
2026-05-18T23:15:12 COLMAP[chunk_03_spatial_matcher] I20260518 23:15:11.913101  6897 pairing.cc:631] Processing image [107/187]
2026-05-18T23:15:13 COLMAP[chunk_03_spatial_matcher] I20260518 23:15:13.014956  6897 feature_matching.cc:217] in 1.102s
2026-05-18T23:15:13 COLMAP[chunk_03_spatial_matcher] I20260518 23:15:13.015004  6897 pairing.cc:631] Processing image [108/187]
2026-05-18T23:15:14 COLMAP[chunk_03_spatial_matcher] I20260518 23:15:13.806037  6897 feature_matching.cc:217] in 0.791s
2026-05-18T23:15:14 COLMAP[chunk_03_spatial_matcher] I20260518 23:15:13.806090  6897 pairing.cc:631] Processing image [109/187]
2026-05-18T23:15:15 COLMAP[chunk_03_spatial_matcher] I20260518 23:15:14.903806  6897 feature_matching.cc:217] in 1.098s
2026-05-18T23:15:15 COLMAP[chunk_03_spatial_matcher] I20260518 23:15:14.903872  6897 pairing.cc:631] Processing image [110/187]
2026-05-18T23:15:15 COLMAP[chunk_03_spatial_matcher] I20260518 23:15:15.667945  6897 feature_matching.cc:217] in 0.764s
2026-05-18T23:15:15 COLMAP[chunk_03_spatial_matcher] I20260518 23:15:15.667995  6897 pairing.cc:631] Processing image [111/187]
2026-05-18T23:15:16 COLMAP[chunk_03_spatial_matcher] I20260518 23:15:16.681756  6897 feature_matching.cc:217] in 1.014s
2026-05-18T23:15:16 COLMAP[chunk_03_spatial_matcher] I20260518 23:15:16.681803  6897 pairing.cc:631] Processing image [112/187]
2026-05-18T23:15:17 COLMAP[chunk_03_spatial_matcher] I20260518 23:15:16.921902  6897 feature_matching.cc:217] in 0.240s
2026-05-18T23:15:17 COLMAP[chunk_03_spatial_matcher] I20260518 23:15:16.921952  6897 pairing.cc:631] Processing image [113/187]
2026-05-18T23:15:17 COLMAP[chunk_03_spatial_matcher] I20260518 23:15:17.154492  6897 feature_matching.cc:217] in 0.233s
2026-05-18T23:15:17 COLMAP[chunk_03_spatial_matcher] I20260518 23:15:17.154538  6897 pairing.cc:631] Processing image [114/187]
2026-05-18T23:15:17 COLMAP[chunk_03_spatial_matcher] I20260518 23:15:17.348974  6897 feature_matching.cc:217] in 0.194s
2026-05-18T23:15:17 COLMAP[chunk_03_spatial_matcher] I20260518 23:15:17.349025  6897 pairing.cc:631] Processing image [115/187]
2026-05-18T23:15:18 COLMAP[chunk_03_spatial_matcher] I20260518 23:15:17.959201  6897 feature_matching.cc:217] in 0.610s
2026-05-18T23:15:18 COLMAP[chunk_03_spatial_matcher] I20260518 23:15:17.959249  6897 pairing.cc:631] Processing image [116/187]
2026-05-18T23:15:18 COLMAP[chunk_03_spatial_matcher] I20260518 23:15:18.343847  6897 feature_matching.cc:217] in 0.385s
2026-05-18T23:15:18 COLMAP[chunk_03_spatial_matcher] I20260518 23:15:18.343895  6897 pairing.cc:631] Processing image [117/187]
2026-05-18T23:15:18 COLMAP[chunk_03_spatial_matcher] I20260518 23:15:18.519321  6897 feature_matching.cc:217] in 0.175s
2026-05-18T23:15:18 COLMAP[chunk_03_spatial_matcher] I20260518 23:15:18.519384  6897 pairing.cc:631] Processing image [118/187]
2026-05-18T23:15:18 COLMAP[chunk_03_spatial_matcher] I20260518 23:15:18.660449  6897 feature_matching.cc:217] in 0.141s
2026-05-18T23:15:18 COLMAP[chunk_03_spatial_matcher] I20260518 23:15:18.660498  6897 pairing.cc:631] Processing image [119/187]
2026-05-18T23:15:19 COLMAP[chunk_03_spatial_matcher] I20260518 23:15:19.254410  6897 feature_matching.cc:217] in 0.594s
2026-05-18T23:15:19 COLMAP[chunk_03_spatial_matcher] I20260518 23:15:19.254457  6897 pairing.cc:631] Processing image [120/187]
2026-05-18T23:15:19 COLMAP[chunk_03_spatial_matcher] I20260518 23:15:19.455988  6897 feature_matching.cc:217] in 0.202s
2026-05-18T23:15:19 COLMAP[chunk_03_spatial_matcher] I20260518 23:15:19.456034  6897 pairing.cc:631] Processing image [121/187]
2026-05-18T23:15:20 COLMAP[chunk_03_spatial_matcher] I20260518 23:15:19.946946  6897 feature_matching.cc:217] in 0.491s
2026-05-18T23:15:20 COLMAP[chunk_03_spatial_matcher] I20260518 23:15:19.946993  6897 pairing.cc:631] Processing image [122/187]
2026-05-18T23:15:20 COLMAP[chunk_03_spatial_matcher] I20260518 23:15:20.418371  6897 feature_matching.cc:217] in 0.471s
2026-05-18T23:15:20 COLMAP[chunk_03_spatial_matcher] I20260518 23:15:20.418424  6897 pairing.cc:631] Processing image [123/187]
2026-05-18T23:15:20 COLMAP[chunk_03_spatial_matcher] I20260518 23:15:20.601224  6897 feature_matching.cc:217] in 0.183s
2026-05-18T23:15:20 COLMAP[chunk_03_spatial_matcher] I20260518 23:15:20.601279  6897 pairing.cc:631] Processing image [124/187]
2026-05-18T23:15:21 COLMAP[chunk_03_spatial_matcher] I20260518 23:15:21.440759  6897 feature_matching.cc:217] in 0.840s
2026-05-18T23:15:21 COLMAP[chunk_03_spatial_matcher] I20260518 23:15:21.440809  6897 pairing.cc:631] Processing image [125/187]
2026-05-18T23:15:22 COLMAP[chunk_03_spatial_matcher] I20260518 23:15:21.907177  6897 feature_matching.cc:217] in 0.466s
2026-05-18T23:15:22 COLMAP[chunk_03_spatial_matcher] I20260518 23:15:21.907236  6897 pairing.cc:631] Processing image [126/187]
2026-05-18T23:15:22 COLMAP[chunk_03_spatial_matcher] I20260518 23:15:22.041131  6897 feature_matching.cc:217] in 0.134s
2026-05-18T23:15:22 COLMAP[chunk_03_spatial_matcher] I20260518 23:15:22.041183  6897 pairing.cc:631] Processing image [127/187]
2026-05-18T23:15:22 COLMAP[chunk_03_spatial_matcher] I20260518 23:15:22.085570  6897 feature_matching.cc:217] in 0.044s
2026-05-18T23:15:22 COLMAP[chunk_03_spatial_matcher] I20260518 23:15:22.085619  6897 pairing.cc:631] Processing image [128/187]
2026-05-18T23:15:22 COLMAP[chunk_03_spatial_matcher] I20260518 23:15:22.131476  6897 feature_matching.cc:217] in 0.046s
2026-05-18T23:15:22 COLMAP[chunk_03_spatial_matcher] I20260518 23:15:22.131528  6897 pairing.cc:631] Processing image [129/187]
2026-05-18T23:15:22 COLMAP[chunk_03_spatial_matcher] I20260518 23:15:22.131649  6897 feature_matching.cc:217] in 0.000s
2026-05-18T23:15:22 COLMAP[chunk_03_spatial_matcher] I20260518 23:15:22.131664  6897 pairing.cc:631] Processing image [130/187]
2026-05-18T23:15:23 COLMAP[chunk_03_spatial_matcher] I20260518 23:15:23.619267  6897 feature_matching.cc:217] in 1.488s
2026-05-18T23:15:23 COLMAP[chunk_03_spatial_matcher] I20260518 23:15:23.619321  6897 pairing.cc:631] Processing image [131/187]
2026-05-18T23:15:25 COLMAP[chunk_03_spatial_matcher] I20260518 23:15:24.751202  6897 feature_matching.cc:217] in 1.132s
2026-05-18T23:15:25 COLMAP[chunk_03_spatial_matcher] I20260518 23:15:24.751260  6897 pairing.cc:631] Processing image [132/187]
2026-05-18T23:15:26 COLMAP[chunk_03_spatial_matcher] I20260518 23:15:26.064854  6897 feature_matching.cc:217] in 1.314s
2026-05-18T23:15:26 COLMAP[chunk_03_spatial_matcher] I20260518 23:15:26.064913  6897 pairing.cc:631] Processing image [133/187]
2026-05-18T23:15:26 COLMAP[chunk_03_spatial_matcher] I20260518 23:15:26.319442  6897 feature_matching.cc:217] in 0.255s
2026-05-18T23:15:26 COLMAP[chunk_03_spatial_matcher] I20260518 23:15:26.319497  6897 pairing.cc:631] Processing image [134/187]
2026-05-18T23:15:26 COLMAP[chunk_03_spatial_matcher] I20260518 23:15:26.550288  6897 feature_matching.cc:217] in 0.231s
2026-05-18T23:15:26 COLMAP[chunk_03_spatial_matcher] I20260518 23:15:26.550340  6897 pairing.cc:631] Processing image [135/187]
2026-05-18T23:15:27 COLMAP[chunk_03_spatial_matcher] I20260518 23:15:26.766455  6897 feature_matching.cc:217] in 0.216s
2026-05-18T23:15:27 COLMAP[chunk_03_spatial_matcher] I20260518 23:15:26.766505  6897 pairing.cc:631] Processing image [136/187]
2026-05-18T23:15:27 COLMAP[chunk_03_spatial_matcher] I20260518 23:15:26.950554  6897 feature_matching.cc:217] in 0.184s
2026-05-18T23:15:27 COLMAP[chunk_03_spatial_matcher] I20260518 23:15:26.950603  6897 pairing.cc:631] Processing image [137/187]
2026-05-18T23:15:27 COLMAP[chunk_03_spatial_matcher] I20260518 23:15:27.105597  6897 feature_matching.cc:217] in 0.155s
2026-05-18T23:15:27 COLMAP[chunk_03_spatial_matcher] I20260518 23:15:27.105643  6897 pairing.cc:631] Processing image [138/187]
2026-05-18T23:15:27 COLMAP[chunk_03_spatial_matcher] I20260518 23:15:27.637660  6897 feature_matching.cc:217] in 0.532s
2026-05-18T23:15:27 COLMAP[chunk_03_spatial_matcher] I20260518 23:15:27.637730  6897 pairing.cc:631] Processing image [139/187]
2026-05-18T23:15:28 COLMAP[chunk_03_spatial_matcher] I20260518 23:15:28.088750  6897 feature_matching.cc:217] in 0.451s
2026-05-18T23:15:28 COLMAP[chunk_03_spatial_matcher] I20260518 23:15:28.088809  6897 pairing.cc:631] Processing image [140/187]
2026-05-18T23:15:28 COLMAP[chunk_03_spatial_matcher] I20260518 23:15:28.534441  6897 feature_matching.cc:217] in 0.446s
2026-05-18T23:15:28 COLMAP[chunk_03_spatial_matcher] I20260518 23:15:28.534492  6897 pairing.cc:631] Processing image [141/187]
2026-05-18T23:15:29 COLMAP[chunk_03_spatial_matcher] I20260518 23:15:29.022198  6897 feature_matching.cc:217] in 0.488s
2026-05-18T23:15:29 COLMAP[chunk_03_spatial_matcher] I20260518 23:15:29.022251  6897 pairing.cc:631] Processing image [142/187]
2026-05-18T23:15:29 COLMAP[chunk_03_spatial_matcher] I20260518 23:15:29.238152  6897 feature_matching.cc:217] in 0.216s
2026-05-18T23:15:29 COLMAP[chunk_03_spatial_matcher] I20260518 23:15:29.238194  6897 pairing.cc:631] Processing image [143/187]
2026-05-18T23:15:30 COLMAP[chunk_03_spatial_matcher] I20260518 23:15:30.320272  6897 feature_matching.cc:217] in 1.082s
2026-05-18T23:15:30 COLMAP[chunk_03_spatial_matcher] I20260518 23:15:30.320320  6897 pairing.cc:631] Processing image [144/187]
2026-05-18T23:15:31 COLMAP[chunk_03_spatial_matcher] I20260518 23:15:31.448350  6897 feature_matching.cc:217] in 1.128s
2026-05-18T23:15:31 COLMAP[chunk_03_spatial_matcher] I20260518 23:15:31.448398  6897 pairing.cc:631] Processing image [145/187]
2026-05-18T23:15:31 COLMAP[chunk_03_spatial_matcher] I20260518 23:15:31.658555  6897 feature_matching.cc:217] in 0.210s
2026-05-18T23:15:31 COLMAP[chunk_03_spatial_matcher] I20260518 23:15:31.658604  6897 pairing.cc:631] Processing image [146/187]
2026-05-18T23:15:32 COLMAP[chunk_03_spatial_matcher] I20260518 23:15:31.769196  6897 feature_matching.cc:217] in 0.111s
2026-05-18T23:15:32 COLMAP[chunk_03_spatial_matcher] I20260518 23:15:31.769245  6897 pairing.cc:631] Processing image [147/187]
2026-05-18T23:15:33 COLMAP[chunk_03_spatial_matcher] I20260518 23:15:32.781555  6897 feature_matching.cc:217] in 1.012s
2026-05-18T23:15:33 COLMAP[chunk_03_spatial_matcher] I20260518 23:15:32.781601  6897 pairing.cc:631] Processing image [148/187]
2026-05-18T23:15:33 COLMAP[chunk_03_spatial_matcher] I20260518 23:15:33.602401  6897 feature_matching.cc:217] in 0.821s
2026-05-18T23:15:33 COLMAP[chunk_03_spatial_matcher] I20260518 23:15:33.602450  6897 pairing.cc:631] Processing image [149/187]
2026-05-18T23:15:34 COLMAP[chunk_03_spatial_matcher] I20260518 23:15:34.351845  6897 feature_matching.cc:217] in 0.749s
2026-05-18T23:15:34 COLMAP[chunk_03_spatial_matcher] I20260518 23:15:34.351892  6897 pairing.cc:631] Processing image [150/187]
2026-05-18T23:15:35 COLMAP[chunk_03_spatial_matcher] I20260518 23:15:34.928985  6897 feature_matching.cc:217] in 0.577s
2026-05-18T23:15:35 COLMAP[chunk_03_spatial_matcher] I20260518 23:15:34.929031  6897 pairing.cc:631] Processing image [151/187]
2026-05-18T23:15:35 COLMAP[chunk_03_spatial_matcher] I20260518 23:15:35.479399  6897 feature_matching.cc:217] in 0.550s
2026-05-18T23:15:35 COLMAP[chunk_03_spatial_matcher] I20260518 23:15:35.479447  6897 pairing.cc:631] Processing image [152/187]
2026-05-18T23:15:35 COLMAP[chunk_03_spatial_matcher] I20260518 23:15:35.657784  6897 feature_matching.cc:217] in 0.178s
2026-05-18T23:15:35 COLMAP[chunk_03_spatial_matcher] I20260518 23:15:35.657833  6897 pairing.cc:631] Processing image [153/187]
2026-05-18T23:15:36 COLMAP[chunk_03_spatial_matcher] I20260518 23:15:35.842465  6897 feature_matching.cc:217] in 0.185s
2026-05-18T23:15:36 COLMAP[chunk_03_spatial_matcher] I20260518 23:15:35.842511  6897 pairing.cc:631] Processing image [154/187]
2026-05-18T23:15:36 COLMAP[chunk_03_spatial_matcher] I20260518 23:15:35.971884  6897 feature_matching.cc:217] in 0.129s
2026-05-18T23:15:36 COLMAP[chunk_03_spatial_matcher] I20260518 23:15:35.971933  6897 pairing.cc:631] Processing image [155/187]
2026-05-18T23:15:36 COLMAP[chunk_03_spatial_matcher] I20260518 23:15:36.055384  6897 feature_matching.cc:217] in 0.083s
2026-05-18T23:15:36 COLMAP[chunk_03_spatial_matcher] I20260518 23:15:36.055424  6897 pairing.cc:631] Processing image [156/187]
2026-05-18T23:15:36 COLMAP[chunk_03_spatial_matcher] I20260518 23:15:36.122381  6897 feature_matching.cc:217] in 0.067s
2026-05-18T23:15:36 COLMAP[chunk_03_spatial_matcher] I20260518 23:15:36.122416  6897 pairing.cc:631] Processing image [157/187]
2026-05-18T23:15:36 COLMAP[chunk_03_spatial_matcher] I20260518 23:15:36.223973  6897 feature_matching.cc:217] in 0.102s
2026-05-18T23:15:36 COLMAP[chunk_03_spatial_matcher] I20260518 23:15:36.224015  6897 pairing.cc:631] Processing image [158/187]
2026-05-18T23:15:36 COLMAP[chunk_03_spatial_matcher] I20260518 23:15:36.421773  6897 feature_matching.cc:217] in 0.198s
2026-05-18T23:15:36 COLMAP[chunk_03_spatial_matcher] I20260518 23:15:36.421818  6897 pairing.cc:631] Processing image [159/187]
2026-05-18T23:15:37 COLMAP[chunk_03_spatial_matcher] I20260518 23:15:36.880580  6897 feature_matching.cc:217] in 0.459s
2026-05-18T23:15:37 COLMAP[chunk_03_spatial_matcher] I20260518 23:15:36.880625  6897 pairing.cc:631] Processing image [160/187]
2026-05-18T23:15:37 COLMAP[chunk_03_spatial_matcher] I20260518 23:15:36.998129  6897 feature_matching.cc:217] in 0.118s
2026-05-18T23:15:37 COLMAP[chunk_03_spatial_matcher] I20260518 23:15:36.998171  6897 pairing.cc:631] Processing image [161/187]
2026-05-18T23:15:37 COLMAP[chunk_03_spatial_matcher] I20260518 23:15:37.189703  6897 feature_matching.cc:217] in 0.192s
2026-05-18T23:15:37 COLMAP[chunk_03_spatial_matcher] I20260518 23:15:37.189745  6897 pairing.cc:631] Processing image [162/187]
2026-05-18T23:15:37 COLMAP[chunk_03_spatial_matcher] I20260518 23:15:37.343539  6897 feature_matching.cc:217] in 0.154s
2026-05-18T23:15:37 COLMAP[chunk_03_spatial_matcher] I20260518 23:15:37.343580  6897 pairing.cc:631] Processing image [163/187]
2026-05-18T23:15:37 COLMAP[chunk_03_spatial_matcher] I20260518 23:15:37.411415  6897 feature_matching.cc:217] in 0.068s
2026-05-18T23:15:37 COLMAP[chunk_03_spatial_matcher] I20260518 23:15:37.411456  6897 pairing.cc:631] Processing image [164/187]
2026-05-18T23:15:37 COLMAP[chunk_03_spatial_matcher] I20260518 23:15:37.608881  6897 feature_matching.cc:217] in 0.197s
2026-05-18T23:15:37 COLMAP[chunk_03_spatial_matcher] I20260518 23:15:37.608923  6897 pairing.cc:631] Processing image [165/187]
2026-05-18T23:15:38 COLMAP[chunk_03_spatial_matcher] I20260518 23:15:37.805413  6897 feature_matching.cc:217] in 0.197s
2026-05-18T23:15:38 COLMAP[chunk_03_spatial_matcher] I20260518 23:15:37.805454  6897 pairing.cc:631] Processing image [166/187]
2026-05-18T23:15:38 COLMAP[chunk_03_spatial_matcher] I20260518 23:15:37.960007  6897 feature_matching.cc:217] in 0.155s
2026-05-18T23:15:38 COLMAP[chunk_03_spatial_matcher] I20260518 23:15:37.960054  6897 pairing.cc:631] Processing image [167/187]
2026-05-18T23:15:38 COLMAP[chunk_03_spatial_matcher] I20260518 23:15:38.075145  6897 feature_matching.cc:217] in 0.115s
2026-05-18T23:15:38 COLMAP[chunk_03_spatial_matcher] I20260518 23:15:38.075215  6897 pairing.cc:631] Processing image [168/187]
2026-05-18T23:15:38 COLMAP[chunk_03_spatial_matcher] I20260518 23:15:38.551901  6897 feature_matching.cc:217] in 0.477s
2026-05-18T23:15:38 COLMAP[chunk_03_spatial_matcher] I20260518 23:15:38.551946  6897 pairing.cc:631] Processing image [169/187]
2026-05-18T23:15:38 COLMAP[chunk_03_spatial_matcher] I20260518 23:15:38.689849  6897 feature_matching.cc:217] in 0.138s
2026-05-18T23:15:38 COLMAP[chunk_03_spatial_matcher] I20260518 23:15:38.689890  6897 pairing.cc:631] Processing image [170/187]
2026-05-18T23:15:39 COLMAP[chunk_03_spatial_matcher] I20260518 23:15:38.776911  6897 feature_matching.cc:217] in 0.087s
2026-05-18T23:15:39 COLMAP[chunk_03_spatial_matcher] I20260518 23:15:38.776947  6897 pairing.cc:631] Processing image [171/187]
2026-05-18T23:15:39 COLMAP[chunk_03_spatial_matcher] I20260518 23:15:39.240724  6897 feature_matching.cc:217] in 0.464s
2026-05-18T23:15:39 COLMAP[chunk_03_spatial_matcher] I20260518 23:15:39.240774  6897 pairing.cc:631] Processing image [172/187]
2026-05-18T23:15:39 COLMAP[chunk_03_spatial_matcher] I20260518 23:15:39.627681  6897 feature_matching.cc:217] in 0.387s
2026-05-18T23:15:39 COLMAP[chunk_03_spatial_matcher] I20260518 23:15:39.627727  6897 pairing.cc:631] Processing image [173/187]
2026-05-18T23:15:40 COLMAP[chunk_03_spatial_matcher] I20260518 23:15:39.912809  6897 feature_matching.cc:217] in 0.285s
2026-05-18T23:15:40 COLMAP[chunk_03_spatial_matcher] I20260518 23:15:39.912853  6897 pairing.cc:631] Processing image [174/187]
2026-05-18T23:15:40 COLMAP[chunk_03_spatial_matcher] I20260518 23:15:40.264348  6897 feature_matching.cc:217] in 0.352s
2026-05-18T23:15:40 COLMAP[chunk_03_spatial_matcher] I20260518 23:15:40.264393  6897 pairing.cc:631] Processing image [175/187]
2026-05-18T23:15:40 COLMAP[chunk_03_spatial_matcher] I20260518 23:15:40.329110  6897 feature_matching.cc:217] in 0.065s
2026-05-18T23:15:40 COLMAP[chunk_03_spatial_matcher] I20260518 23:15:40.329151  6897 pairing.cc:631] Processing image [176/187]
2026-05-18T23:15:40 COLMAP[chunk_03_spatial_matcher] I20260518 23:15:40.379945  6897 feature_matching.cc:217] in 0.051s
2026-05-18T23:15:40 COLMAP[chunk_03_spatial_matcher] I20260518 23:15:40.379983  6897 pairing.cc:631] Processing image [177/187]
2026-05-18T23:15:40 COLMAP[chunk_03_spatial_matcher] I20260518 23:15:40.380112  6897 feature_matching.cc:217] in 0.000s
2026-05-18T23:15:40 COLMAP[chunk_03_spatial_matcher] I20260518 23:15:40.380129  6897 pairing.cc:631] Processing image [178/187]
2026-05-18T23:15:40 COLMAP[chunk_03_spatial_matcher] I20260518 23:15:40.525381  6897 feature_matching.cc:217] in 0.145s
2026-05-18T23:15:40 COLMAP[chunk_03_spatial_matcher] I20260518 23:15:40.525425  6897 pairing.cc:631] Processing image [179/187]
2026-05-18T23:15:40 COLMAP[chunk_03_spatial_matcher] I20260518 23:15:40.639637  6897 feature_matching.cc:217] in 0.114s
2026-05-18T23:15:40 COLMAP[chunk_03_spatial_matcher] I20260518 23:15:40.639683  6897 pairing.cc:631] Processing image [180/187]
2026-05-18T23:15:41 COLMAP[chunk_03_spatial_matcher] I20260518 23:15:40.817955  6897 feature_matching.cc:217] in 0.178s
2026-05-18T23:15:41 COLMAP[chunk_03_spatial_matcher] I20260518 23:15:40.817999  6897 pairing.cc:631] Processing image [181/187]
2026-05-18T23:15:41 COLMAP[chunk_03_spatial_matcher] I20260518 23:15:41.004796  6897 feature_matching.cc:217] in 0.187s
2026-05-18T23:15:41 COLMAP[chunk_03_spatial_matcher] I20260518 23:15:41.004843  6897 pairing.cc:631] Processing image [182/187]
2026-05-18T23:15:41 COLMAP[chunk_03_spatial_matcher] I20260518 23:15:41.127111  6897 feature_matching.cc:217] in 0.122s
2026-05-18T23:15:41 COLMAP[chunk_03_spatial_matcher] I20260518 23:15:41.127152  6897 pairing.cc:631] Processing image [183/187]
2026-05-18T23:15:41 COLMAP[chunk_03_spatial_matcher] I20260518 23:15:41.221302  6897 feature_matching.cc:217] in 0.094s
2026-05-18T23:15:41 COLMAP[chunk_03_spatial_matcher] I20260518 23:15:41.221344  6897 pairing.cc:631] Processing image [184/187]
2026-05-18T23:15:41 COLMAP[chunk_03_spatial_matcher] I20260518 23:15:41.285135  6897 feature_matching.cc:217] in 0.064s
2026-05-18T23:15:41 COLMAP[chunk_03_spatial_matcher] I20260518 23:15:41.285171  6897 pairing.cc:631] Processing image [185/187]
2026-05-18T23:15:41 COLMAP[chunk_03_spatial_matcher] I20260518 23:15:41.339324  6897 feature_matching.cc:217] in 0.054s
2026-05-18T23:15:41 COLMAP[chunk_03_spatial_matcher] I20260518 23:15:41.339356  6897 pairing.cc:631] Processing image [186/187]
2026-05-18T23:15:41 COLMAP[chunk_03_spatial_matcher] I20260518 23:15:41.387773  6897 feature_matching.cc:217] in 0.048s
2026-05-18T23:15:41 COLMAP[chunk_03_spatial_matcher] I20260518 23:15:41.387805  6897 pairing.cc:631] Processing image [187/187]
2026-05-18T23:15:41 COLMAP[chunk_03_spatial_matcher] I20260518 23:15:41.481307  6897 feature_matching.cc:217] in 0.094s
2026-05-18T23:15:41 COLMAP[chunk_03_spatial_matcher] I20260518 23:15:41.481343  6897 timer.cc:90] Elapsed time: 1.454 [minutes]
2026-05-18T23:15:41 2026-05-18 23:15:41,561 - INFO - chunk_03_spatial_matcher added 1382 verified image pairs
2026-05-18T23:15:41 2026-05-18 23:15:41,564 - INFO - [chunk_03_sequential_matcher] colmap sequential_matcher --database_path /tmp/colmap_sfm_gefg0_n4/chunk_03/database.db --SequentialMatching.overlap 8 --SequentialMatching.quadratic_overlap 1 --SequentialMatching.loop_detection 0
2026-05-18T23:15:41 COLMAP[chunk_03_sequential_matcher] I20260518 23:15:41.756778  6963 feature_matching.cc:195] === Feature matching & geometric verification ===
2026-05-18T23:15:42 COLMAP[chunk_03_sequential_matcher] I20260518 23:15:41.815526  6964 feature_matching_utils.cc:80] Bind FeatureMatcherWorker to GPU device 0
2026-05-18T23:15:42 COLMAP[chunk_03_sequential_matcher] I20260518 23:15:41.816231  6964 sift.cc:1547] Creating SIFT GPU feature matcher
2026-05-18T23:15:42 COLMAP[chunk_03_sequential_matcher] I20260518 23:15:41.816885  6963 pairing.cc:415] Generating sequential image pairs...
2026-05-18T23:15:42 COLMAP[chunk_03_sequential_matcher] I20260518 23:15:41.819751  6963 pairing.cc:473] Processing image [1/187]
2026-05-18T23:15:42 COLMAP[chunk_03_sequential_matcher] I20260518 23:15:42.257350  6963 feature_matching.cc:217] in 0.438s
2026-05-18T23:15:42 COLMAP[chunk_03_sequential_matcher] I20260518 23:15:42.257408  6963 pairing.cc:473] Processing image [2/187]
2026-05-18T23:15:42 COLMAP[chunk_03_sequential_matcher] I20260518 23:15:42.742885  6963 feature_matching.cc:217] in 0.486s
2026-05-18T23:15:42 COLMAP[chunk_03_sequential_matcher] I20260518 23:15:42.742935  6963 pairing.cc:473] Processing image [3/187]
2026-05-18T23:15:43 COLMAP[chunk_03_sequential_matcher] I20260518 23:15:43.277254  6963 feature_matching.cc:217] in 0.534s
2026-05-18T23:15:43 COLMAP[chunk_03_sequential_matcher] I20260518 23:15:43.277303  6963 pairing.cc:473] Processing image [4/187]
2026-05-18T23:15:44 COLMAP[chunk_03_sequential_matcher] I20260518 23:15:44.096243  6963 feature_matching.cc:217] in 0.819s
2026-05-18T23:15:44 COLMAP[chunk_03_sequential_matcher] I20260518 23:15:44.096294  6963 pairing.cc:473] Processing image [5/187]
2026-05-18T23:15:44 COLMAP[chunk_03_sequential_matcher] I20260518 23:15:44.754191  6963 feature_matching.cc:217] in 0.658s
2026-05-18T23:15:44 COLMAP[chunk_03_sequential_matcher] I20260518 23:15:44.754240  6963 pairing.cc:473] Processing image [6/187]
2026-05-18T23:15:45 COLMAP[chunk_03_sequential_matcher] I20260518 23:15:45.545993  6963 feature_matching.cc:217] in 0.792s
2026-05-18T23:15:45 COLMAP[chunk_03_sequential_matcher] I20260518 23:15:45.546041  6963 pairing.cc:473] Processing image [7/187]
2026-05-18T23:15:46 COLMAP[chunk_03_sequential_matcher] I20260518 23:15:46.446113  6963 feature_matching.cc:217] in 0.900s
2026-05-18T23:15:46 COLMAP[chunk_03_sequential_matcher] I20260518 23:15:46.446158  6963 pairing.cc:473] Processing image [8/187]
2026-05-18T23:15:47 COLMAP[chunk_03_sequential_matcher] I20260518 23:15:47.319998  6963 feature_matching.cc:217] in 0.874s
2026-05-18T23:15:47 COLMAP[chunk_03_sequential_matcher] I20260518 23:15:47.320046  6963 pairing.cc:473] Processing image [9/187]
2026-05-18T23:15:48 COLMAP[chunk_03_sequential_matcher] I20260518 23:15:48.286995  6963 feature_matching.cc:217] in 0.967s
2026-05-18T23:15:48 COLMAP[chunk_03_sequential_matcher] I20260518 23:15:48.287050  6963 pairing.cc:473] Processing image [10/187]
2026-05-18T23:15:49 COLMAP[chunk_03_sequential_matcher] I20260518 23:15:49.366695  6963 feature_matching.cc:217] in 1.080s
2026-05-18T23:15:49 COLMAP[chunk_03_sequential_matcher] I20260518 23:15:49.366748  6963 pairing.cc:473] Processing image [11/187]
2026-05-18T23:15:50 COLMAP[chunk_03_sequential_matcher] I20260518 23:15:50.623152  6963 feature_matching.cc:217] in 1.256s
2026-05-18T23:15:50 COLMAP[chunk_03_sequential_matcher] I20260518 23:15:50.623196  6963 pairing.cc:473] Processing image [12/187]
2026-05-18T23:15:51 COLMAP[chunk_03_sequential_matcher] I20260518 23:15:51.255123  6963 feature_matching.cc:217] in 0.632s
2026-05-18T23:15:51 COLMAP[chunk_03_sequential_matcher] I20260518 23:15:51.255169  6963 pairing.cc:473] Processing image [13/187]
2026-05-18T23:15:52 COLMAP[chunk_03_sequential_matcher] I20260518 23:15:51.852317  6963 feature_matching.cc:217] in 0.597s
2026-05-18T23:15:52 COLMAP[chunk_03_sequential_matcher] I20260518 23:15:51.852362  6963 pairing.cc:473] Processing image [14/187]
2026-05-18T23:15:52 COLMAP[chunk_03_sequential_matcher] I20260518 23:15:52.370558  6963 feature_matching.cc:217] in 0.518s
2026-05-18T23:15:52 COLMAP[chunk_03_sequential_matcher] I20260518 23:15:52.370611  6963 pairing.cc:473] Processing image [15/187]
2026-05-18T23:15:52 COLMAP[chunk_03_sequential_matcher] I20260518 23:15:52.742029  6963 feature_matching.cc:217] in 0.371s
2026-05-18T23:15:52 COLMAP[chunk_03_sequential_matcher] I20260518 23:15:52.742074  6963 pairing.cc:473] Processing image [16/187]
2026-05-18T23:15:53 COLMAP[chunk_03_sequential_matcher] I20260518 23:15:53.220598  6963 feature_matching.cc:217] in 0.479s
2026-05-18T23:15:53 COLMAP[chunk_03_sequential_matcher] I20260518 23:15:53.220647  6963 pairing.cc:473] Processing image [17/187]
2026-05-18T23:15:53 COLMAP[chunk_03_sequential_matcher] I20260518 23:15:53.715642  6963 feature_matching.cc:217] in 0.495s
2026-05-18T23:15:53 COLMAP[chunk_03_sequential_matcher] I20260518 23:15:53.715692  6963 pairing.cc:473] Processing image [18/187]
2026-05-18T23:15:54 COLMAP[chunk_03_sequential_matcher] I20260518 23:15:54.336580  6963 feature_matching.cc:217] in 0.621s
2026-05-18T23:15:54 COLMAP[chunk_03_sequential_matcher] I20260518 23:15:54.336627  6963 pairing.cc:473] Processing image [19/187]
2026-05-18T23:15:55 COLMAP[chunk_03_sequential_matcher] I20260518 23:15:54.974721  6963 feature_matching.cc:217] in 0.638s
2026-05-18T23:15:55 COLMAP[chunk_03_sequential_matcher] I20260518 23:15:54.974767  6963 pairing.cc:473] Processing image [20/187]
2026-05-18T23:15:56 COLMAP[chunk_03_sequential_matcher] I20260518 23:15:55.907297  6963 feature_matching.cc:217] in 0.933s
2026-05-18T23:15:56 COLMAP[chunk_03_sequential_matcher] I20260518 23:15:55.907349  6963 pairing.cc:473] Processing image [21/187]
2026-05-18T23:15:56 COLMAP[chunk_03_sequential_matcher] I20260518 23:15:56.525597  6963 feature_matching.cc:217] in 0.618s
2026-05-18T23:15:56 COLMAP[chunk_03_sequential_matcher] I20260518 23:15:56.525645  6963 pairing.cc:473] Processing image [22/187]
2026-05-18T23:15:57 COLMAP[chunk_03_sequential_matcher] I20260518 23:15:57.100188  6963 feature_matching.cc:217] in 0.575s
2026-05-18T23:15:57 COLMAP[chunk_03_sequential_matcher] I20260518 23:15:57.100240  6963 pairing.cc:473] Processing image [23/187]
2026-05-18T23:15:57 COLMAP[chunk_03_sequential_matcher] I20260518 23:15:57.767436  6963 feature_matching.cc:217] in 0.667s
2026-05-18T23:15:57 COLMAP[chunk_03_sequential_matcher] I20260518 23:15:57.767493  6963 pairing.cc:473] Processing image [24/187]
2026-05-18T23:15:58 COLMAP[chunk_03_sequential_matcher] I20260518 23:15:58.755367  6963 feature_matching.cc:217] in 0.988s
2026-05-18T23:15:58 COLMAP[chunk_03_sequential_matcher] I20260518 23:15:58.755432  6963 pairing.cc:473] Processing image [25/187]
2026-05-18T23:15:59 COLMAP[chunk_03_sequential_matcher] I20260518 23:15:59.631862  6963 feature_matching.cc:217] in 0.876s
2026-05-18T23:15:59 COLMAP[chunk_03_sequential_matcher] I20260518 23:15:59.631910  6963 pairing.cc:473] Processing image [26/187]
2026-05-18T23:16:00 COLMAP[chunk_03_sequential_matcher] I20260518 23:16:00.665194  6963 feature_matching.cc:217] in 1.033s
2026-05-18T23:16:00 COLMAP[chunk_03_sequential_matcher] I20260518 23:16:00.665242  6963 pairing.cc:473] Processing image [27/187]
2026-05-18T23:16:02 COLMAP[chunk_03_sequential_matcher] I20260518 23:16:01.891512  6963 feature_matching.cc:217] in 1.226s
2026-05-18T23:16:02 COLMAP[chunk_03_sequential_matcher] I20260518 23:16:01.891559  6963 pairing.cc:473] Processing image [28/187]
2026-05-18T23:16:02 COLMAP[chunk_03_sequential_matcher] I20260518 23:16:02.407840  6963 feature_matching.cc:217] in 0.516s
2026-05-18T23:16:02 COLMAP[chunk_03_sequential_matcher] I20260518 23:16:02.407891  6963 pairing.cc:473] Processing image [29/187]
2026-05-18T23:16:03 COLMAP[chunk_03_sequential_matcher] I20260518 23:16:02.906296  6963 feature_matching.cc:217] in 0.498s
2026-05-18T23:16:03 COLMAP[chunk_03_sequential_matcher] I20260518 23:16:02.906342  6963 pairing.cc:473] Processing image [30/187]
2026-05-18T23:16:03 COLMAP[chunk_03_sequential_matcher] I20260518 23:16:03.422534  6963 feature_matching.cc:217] in 0.516s
2026-05-18T23:16:03 COLMAP[chunk_03_sequential_matcher] I20260518 23:16:03.422586  6963 pairing.cc:473] Processing image [31/187]
2026-05-18T23:16:04 COLMAP[chunk_03_sequential_matcher] I20260518 23:16:03.838222  6963 feature_matching.cc:217] in 0.416s
2026-05-18T23:16:04 COLMAP[chunk_03_sequential_matcher] I20260518 23:16:03.838266  6963 pairing.cc:473] Processing image [32/187]
2026-05-18T23:16:04 COLMAP[chunk_03_sequential_matcher] I20260518 23:16:04.404280  6963 feature_matching.cc:217] in 0.566s
2026-05-18T23:16:04 COLMAP[chunk_03_sequential_matcher] I20260518 23:16:04.404330  6963 pairing.cc:473] Processing image [33/187]
2026-05-18T23:16:05 COLMAP[chunk_03_sequential_matcher] I20260518 23:16:05.061941  6963 feature_matching.cc:217] in 0.658s
2026-05-18T23:16:05 COLMAP[chunk_03_sequential_matcher] I20260518 23:16:05.061992  6963 pairing.cc:473] Processing image [34/187]
2026-05-18T23:16:05 COLMAP[chunk_03_sequential_matcher] I20260518 23:16:05.641515  6963 feature_matching.cc:217] in 0.580s
2026-05-18T23:16:05 COLMAP[chunk_03_sequential_matcher] I20260518 23:16:05.641566  6963 pairing.cc:473] Processing image [35/187]
2026-05-18T23:16:06 COLMAP[chunk_03_sequential_matcher] I20260518 23:16:06.240307  6963 feature_matching.cc:217] in 0.599s
2026-05-18T23:16:06 COLMAP[chunk_03_sequential_matcher] I20260518 23:16:06.240360  6963 pairing.cc:473] Processing image [36/187]
2026-05-18T23:16:06 COLMAP[chunk_03_sequential_matcher] I20260518 23:16:06.608873  6963 feature_matching.cc:217] in 0.369s
2026-05-18T23:16:06 COLMAP[chunk_03_sequential_matcher] I20260518 23:16:06.608922  6963 pairing.cc:473] Processing image [37/187]
2026-05-18T23:16:07 COLMAP[chunk_03_sequential_matcher] I20260518 23:16:07.028488  6963 feature_matching.cc:217] in 0.420s
2026-05-18T23:16:07 COLMAP[chunk_03_sequential_matcher] I20260518 23:16:07.028538  6963 pairing.cc:473] Processing image [38/187]
2026-05-18T23:16:07 COLMAP[chunk_03_sequential_matcher] I20260518 23:16:07.501135  6963 feature_matching.cc:217] in 0.473s
2026-05-18T23:16:07 COLMAP[chunk_03_sequential_matcher] I20260518 23:16:07.501186  6963 pairing.cc:473] Processing image [39/187]
2026-05-18T23:16:08 COLMAP[chunk_03_sequential_matcher] I20260518 23:16:08.043870  6963 feature_matching.cc:217] in 0.543s
2026-05-18T23:16:08 COLMAP[chunk_03_sequential_matcher] I20260518 23:16:08.043916  6963 pairing.cc:473] Processing image [40/187]
2026-05-18T23:16:08 COLMAP[chunk_03_sequential_matcher] I20260518 23:16:08.529536  6963 feature_matching.cc:217] in 0.486s
2026-05-18T23:16:08 COLMAP[chunk_03_sequential_matcher] I20260518 23:16:08.529590  6963 pairing.cc:473] Processing image [41/187]
2026-05-18T23:16:09 COLMAP[chunk_03_sequential_matcher] I20260518 23:16:09.063517  6963 feature_matching.cc:217] in 0.534s
2026-05-18T23:16:09 COLMAP[chunk_03_sequential_matcher] I20260518 23:16:09.063570  6963 pairing.cc:473] Processing image [42/187]
2026-05-18T23:16:09 COLMAP[chunk_03_sequential_matcher] I20260518 23:16:09.621692  6963 feature_matching.cc:217] in 0.558s
2026-05-18T23:16:09 COLMAP[chunk_03_sequential_matcher] I20260518 23:16:09.621744  6963 pairing.cc:473] Processing image [43/187]
2026-05-18T23:16:10 COLMAP[chunk_03_sequential_matcher] I20260518 23:16:10.234056  6963 feature_matching.cc:217] in 0.612s
2026-05-18T23:16:10 COLMAP[chunk_03_sequential_matcher] I20260518 23:16:10.234107  6963 pairing.cc:473] Processing image [44/187]
2026-05-18T23:16:10 COLMAP[chunk_03_sequential_matcher] I20260518 23:16:10.800364  6963 feature_matching.cc:217] in 0.566s
2026-05-18T23:16:10 COLMAP[chunk_03_sequential_matcher] I20260518 23:16:10.800407  6963 pairing.cc:473] Processing image [45/187]
2026-05-18T23:16:11 COLMAP[chunk_03_sequential_matcher] I20260518 23:16:11.715595  6963 feature_matching.cc:217] in 0.915s
2026-05-18T23:16:11 COLMAP[chunk_03_sequential_matcher] I20260518 23:16:11.715644  6963 pairing.cc:473] Processing image [46/187]
2026-05-18T23:16:12 COLMAP[chunk_03_sequential_matcher] I20260518 23:16:12.321631  6963 feature_matching.cc:217] in 0.606s
2026-05-18T23:16:12 COLMAP[chunk_03_sequential_matcher] I20260518 23:16:12.321691  6963 pairing.cc:473] Processing image [47/187]
2026-05-18T23:16:13 COLMAP[chunk_03_sequential_matcher] I20260518 23:16:12.942708  6963 feature_matching.cc:217] in 0.621s
2026-05-18T23:16:13 COLMAP[chunk_03_sequential_matcher] I20260518 23:16:12.942759  6963 pairing.cc:473] Processing image [48/187]
2026-05-18T23:16:13 COLMAP[chunk_03_sequential_matcher] I20260518 23:16:13.668517  6963 feature_matching.cc:217] in 0.726s
2026-05-18T23:16:13 COLMAP[chunk_03_sequential_matcher] I20260518 23:16:13.668571  6963 pairing.cc:473] Processing image [49/187]
2026-05-18T23:16:14 COLMAP[chunk_03_sequential_matcher] I20260518 23:16:14.426630  6963 feature_matching.cc:217] in 0.758s
2026-05-18T23:16:14 COLMAP[chunk_03_sequential_matcher] I20260518 23:16:14.426679  6963 pairing.cc:473] Processing image [50/187]
2026-05-18T23:16:15 COLMAP[chunk_03_sequential_matcher] I20260518 23:16:15.477128  6963 feature_matching.cc:217] in 1.050s
2026-05-18T23:16:15 COLMAP[chunk_03_sequential_matcher] I20260518 23:16:15.477177  6963 pairing.cc:473] Processing image [51/187]
2026-05-18T23:16:16 COLMAP[chunk_03_sequential_matcher] I20260518 23:16:16.748780  6963 feature_matching.cc:217] in 1.272s
2026-05-18T23:16:16 COLMAP[chunk_03_sequential_matcher] I20260518 23:16:16.748834  6963 pairing.cc:473] Processing image [52/187]
2026-05-18T23:16:18 COLMAP[chunk_03_sequential_matcher] I20260518 23:16:17.878454  6963 feature_matching.cc:217] in 1.130s
2026-05-18T23:16:18 COLMAP[chunk_03_sequential_matcher] I20260518 23:16:17.878502  6963 pairing.cc:473] Processing image [53/187]
2026-05-18T23:16:18 COLMAP[chunk_03_sequential_matcher] I20260518 23:16:18.508579  6963 feature_matching.cc:217] in 0.630s
2026-05-18T23:16:18 COLMAP[chunk_03_sequential_matcher] I20260518 23:16:18.508625  6963 pairing.cc:473] Processing image [54/187]
2026-05-18T23:16:19 COLMAP[chunk_03_sequential_matcher] I20260518 23:16:19.272313  6963 feature_matching.cc:217] in 0.764s
2026-05-18T23:16:19 COLMAP[chunk_03_sequential_matcher] I20260518 23:16:19.272360  6963 pairing.cc:473] Processing image [55/187]
2026-05-18T23:16:20 COLMAP[chunk_03_sequential_matcher] I20260518 23:16:20.276204  6963 feature_matching.cc:217] in 1.004s
2026-05-18T23:16:20 COLMAP[chunk_03_sequential_matcher] I20260518 23:16:20.276249  6963 pairing.cc:473] Processing image [56/187]
2026-05-18T23:16:20 COLMAP[chunk_03_sequential_matcher] I20260518 23:16:20.652518  6963 feature_matching.cc:217] in 0.376s
2026-05-18T23:16:20 COLMAP[chunk_03_sequential_matcher] I20260518 23:16:20.652572  6963 pairing.cc:473] Processing image [57/187]
2026-05-18T23:16:21 COLMAP[chunk_03_sequential_matcher] I20260518 23:16:21.100852  6963 feature_matching.cc:217] in 0.448s
2026-05-18T23:16:21 COLMAP[chunk_03_sequential_matcher] I20260518 23:16:21.100895  6963 pairing.cc:473] Processing image [58/187]
2026-05-18T23:16:21 COLMAP[chunk_03_sequential_matcher] I20260518 23:16:21.551757  6963 feature_matching.cc:217] in 0.451s
2026-05-18T23:16:21 COLMAP[chunk_03_sequential_matcher] I20260518 23:16:21.551802  6963 pairing.cc:473] Processing image [59/187]
2026-05-18T23:16:22 COLMAP[chunk_03_sequential_matcher] I20260518 23:16:22.080001  6963 feature_matching.cc:217] in 0.528s
2026-05-18T23:16:22 COLMAP[chunk_03_sequential_matcher] I20260518 23:16:22.080046  6963 pairing.cc:473] Processing image [60/187]
2026-05-18T23:16:22 COLMAP[chunk_03_sequential_matcher] I20260518 23:16:22.306028  6963 feature_matching.cc:217] in 0.226s
2026-05-18T23:16:22 COLMAP[chunk_03_sequential_matcher] I20260518 23:16:22.306069  6963 pairing.cc:473] Processing image [61/187]
2026-05-18T23:16:22 COLMAP[chunk_03_sequential_matcher] I20260518 23:16:22.417768  6963 feature_matching.cc:217] in 0.112s
2026-05-18T23:16:22 COLMAP[chunk_03_sequential_matcher] I20260518 23:16:22.417805  6963 pairing.cc:473] Processing image [62/187]
2026-05-18T23:16:22 COLMAP[chunk_03_sequential_matcher] I20260518 23:16:22.456044  6963 feature_matching.cc:217] in 0.038s
2026-05-18T23:16:22 COLMAP[chunk_03_sequential_matcher] I20260518 23:16:22.456077  6963 pairing.cc:473] Processing image [63/187]
2026-05-18T23:16:22 COLMAP[chunk_03_sequential_matcher] I20260518 23:16:22.709978  6963 feature_matching.cc:217] in 0.254s
2026-05-18T23:16:22 COLMAP[chunk_03_sequential_matcher] I20260518 23:16:22.710019  6963 pairing.cc:473] Processing image [64/187]
2026-05-18T23:16:23 COLMAP[chunk_03_sequential_matcher] I20260518 23:16:23.079160  6963 feature_matching.cc:217] in 0.369s
2026-05-18T23:16:23 COLMAP[chunk_03_sequential_matcher] I20260518 23:16:23.079212  6963 pairing.cc:473] Processing image [65/187]
2026-05-18T23:16:23 COLMAP[chunk_03_sequential_matcher] I20260518 23:16:23.344755  6963 feature_matching.cc:217] in 0.266s
2026-05-18T23:16:23 COLMAP[chunk_03_sequential_matcher] I20260518 23:16:23.344805  6963 pairing.cc:473] Processing image [66/187]
2026-05-18T23:16:23 COLMAP[chunk_03_sequential_matcher] I20260518 23:16:23.800426  6963 feature_matching.cc:217] in 0.456s
2026-05-18T23:16:23 COLMAP[chunk_03_sequential_matcher] I20260518 23:16:23.800487  6963 pairing.cc:473] Processing image [67/187]
2026-05-18T23:16:24 COLMAP[chunk_03_sequential_matcher] I20260518 23:16:24.409265  6963 feature_matching.cc:217] in 0.609s
2026-05-18T23:16:24 COLMAP[chunk_03_sequential_matcher] I20260518 23:16:24.409310  6963 pairing.cc:473] Processing image [68/187]
2026-05-18T23:16:24 COLMAP[chunk_03_sequential_matcher] I20260518 23:16:24.456353  6963 feature_matching.cc:217] in 0.047s
2026-05-18T23:16:24 COLMAP[chunk_03_sequential_matcher] I20260518 23:16:24.456390  6963 pairing.cc:473] Processing image [69/187]
2026-05-18T23:16:24 COLMAP[chunk_03_sequential_matcher] I20260518 23:16:24.850312  6963 feature_matching.cc:217] in 0.394s
2026-05-18T23:16:24 COLMAP[chunk_03_sequential_matcher] I20260518 23:16:24.850361  6963 pairing.cc:473] Processing image [70/187]
2026-05-18T23:16:25 COLMAP[chunk_03_sequential_matcher] I20260518 23:16:25.227749  6963 feature_matching.cc:217] in 0.377s
2026-05-18T23:16:25 COLMAP[chunk_03_sequential_matcher] I20260518 23:16:25.227794  6963 pairing.cc:473] Processing image [71/187]
2026-05-18T23:16:25 COLMAP[chunk_03_sequential_matcher] I20260518 23:16:25.793334  6963 feature_matching.cc:217] in 0.566s
2026-05-18T23:16:25 COLMAP[chunk_03_sequential_matcher] I20260518 23:16:25.793391  6963 pairing.cc:473] Processing image [72/187]
2026-05-18T23:16:26 COLMAP[chunk_03_sequential_matcher] I20260518 23:16:26.263145  6963 feature_matching.cc:217] in 0.470s
2026-05-18T23:16:26 COLMAP[chunk_03_sequential_matcher] I20260518 23:16:26.263192  6963 pairing.cc:473] Processing image [73/187]
2026-05-18T23:16:26 COLMAP[chunk_03_sequential_matcher] I20260518 23:16:26.703838  6963 feature_matching.cc:217] in 0.441s
2026-05-18T23:16:26 COLMAP[chunk_03_sequential_matcher] I20260518 23:16:26.703887  6963 pairing.cc:473] Processing image [74/187]
2026-05-18T23:16:27 COLMAP[chunk_03_sequential_matcher] I20260518 23:16:27.291332  6963 feature_matching.cc:217] in 0.587s
2026-05-18T23:16:27 COLMAP[chunk_03_sequential_matcher] I20260518 23:16:27.291389  6963 pairing.cc:473] Processing image [75/187]
2026-05-18T23:16:28 COLMAP[chunk_03_sequential_matcher] I20260518 23:16:27.935997  6963 feature_matching.cc:217] in 0.645s
2026-05-18T23:16:28 COLMAP[chunk_03_sequential_matcher] I20260518 23:16:27.936044  6963 pairing.cc:473] Processing image [76/187]
2026-05-18T23:16:28 COLMAP[chunk_03_sequential_matcher] I20260518 23:16:28.285653  6963 feature_matching.cc:217] in 0.350s
2026-05-18T23:16:28 COLMAP[chunk_03_sequential_matcher] I20260518 23:16:28.285702  6963 pairing.cc:473] Processing image [77/187]
2026-05-18T23:16:28 COLMAP[chunk_03_sequential_matcher] I20260518 23:16:28.651528  6963 feature_matching.cc:217] in 0.366s
2026-05-18T23:16:28 COLMAP[chunk_03_sequential_matcher] I20260518 23:16:28.651572  6963 pairing.cc:473] Processing image [78/187]
2026-05-18T23:16:29 COLMAP[chunk_03_sequential_matcher] I20260518 23:16:29.169696  6963 feature_matching.cc:217] in 0.518s
2026-05-18T23:16:29 COLMAP[chunk_03_sequential_matcher] I20260518 23:16:29.169740  6963 pairing.cc:473] Processing image [79/187]
2026-05-18T23:16:29 COLMAP[chunk_03_sequential_matcher] I20260518 23:16:29.546590  6963 feature_matching.cc:217] in 0.377s
2026-05-18T23:16:29 COLMAP[chunk_03_sequential_matcher] I20260518 23:16:29.546633  6963 pairing.cc:473] Processing image [80/187]
2026-05-18T23:16:30 COLMAP[chunk_03_sequential_matcher] I20260518 23:16:29.951678  6963 feature_matching.cc:217] in 0.405s
2026-05-18T23:16:30 COLMAP[chunk_03_sequential_matcher] I20260518 23:16:29.951723  6963 pairing.cc:473] Processing image [81/187]
2026-05-18T23:16:30 COLMAP[chunk_03_sequential_matcher] I20260518 23:16:30.486567  6963 feature_matching.cc:217] in 0.535s
2026-05-18T23:16:30 COLMAP[chunk_03_sequential_matcher] I20260518 23:16:30.486613  6963 pairing.cc:473] Processing image [82/187]
2026-05-18T23:16:31 COLMAP[chunk_03_sequential_matcher] I20260518 23:16:31.115147  6963 feature_matching.cc:217] in 0.629s
2026-05-18T23:16:31 COLMAP[chunk_03_sequential_matcher] I20260518 23:16:31.115195  6963 pairing.cc:473] Processing image [83/187]
2026-05-18T23:16:32 COLMAP[chunk_03_sequential_matcher] I20260518 23:16:32.069691  6963 feature_matching.cc:217] in 0.955s
2026-05-18T23:16:32 COLMAP[chunk_03_sequential_matcher] I20260518 23:16:32.069738  6963 pairing.cc:473] Processing image [84/187]
2026-05-18T23:16:32 COLMAP[chunk_03_sequential_matcher] I20260518 23:16:32.443903  6963 feature_matching.cc:217] in 0.374s
2026-05-18T23:16:32 COLMAP[chunk_03_sequential_matcher] I20260518 23:16:32.443949  6963 pairing.cc:473] Processing image [85/187]
2026-05-18T23:16:33 COLMAP[chunk_03_sequential_matcher] I20260518 23:16:32.984335  6963 feature_matching.cc:217] in 0.540s
2026-05-18T23:16:33 COLMAP[chunk_03_sequential_matcher] I20260518 23:16:32.984382  6963 pairing.cc:473] Processing image [86/187]
2026-05-18T23:16:33 COLMAP[chunk_03_sequential_matcher] I20260518 23:16:33.553536  6963 feature_matching.cc:217] in 0.569s
2026-05-18T23:16:33 COLMAP[chunk_03_sequential_matcher] I20260518 23:16:33.553588  6963 pairing.cc:473] Processing image [87/187]
2026-05-18T23:16:34 COLMAP[chunk_03_sequential_matcher] I20260518 23:16:33.967787  6963 feature_matching.cc:217] in 0.414s
2026-05-18T23:16:34 COLMAP[chunk_03_sequential_matcher] I20260518 23:16:33.967836  6963 pairing.cc:473] Processing image [88/187]
2026-05-18T23:16:34 COLMAP[chunk_03_sequential_matcher] I20260518 23:16:34.474133  6963 feature_matching.cc:217] in 0.506s
2026-05-18T23:16:34 COLMAP[chunk_03_sequential_matcher] I20260518 23:16:34.474181  6963 pairing.cc:473] Processing image [89/187]
2026-05-18T23:16:35 COLMAP[chunk_03_sequential_matcher] I20260518 23:16:35.097090  6963 feature_matching.cc:217] in 0.623s
2026-05-18T23:16:35 COLMAP[chunk_03_sequential_matcher] I20260518 23:16:35.097136  6963 pairing.cc:473] Processing image [90/187]
2026-05-18T23:16:36 COLMAP[chunk_03_sequential_matcher] I20260518 23:16:36.126071  6963 feature_matching.cc:217] in 1.029s
2026-05-18T23:16:36 COLMAP[chunk_03_sequential_matcher] I20260518 23:16:36.126119  6963 pairing.cc:473] Processing image [91/187]
2026-05-18T23:16:36 COLMAP[chunk_03_sequential_matcher] I20260518 23:16:36.498646  6963 feature_matching.cc:217] in 0.373s
2026-05-18T23:16:36 COLMAP[chunk_03_sequential_matcher] I20260518 23:16:36.498694  6963 pairing.cc:473] Processing image [92/187]
2026-05-18T23:16:36 COLMAP[chunk_03_sequential_matcher] I20260518 23:16:36.863946  6963 feature_matching.cc:217] in 0.365s
2026-05-18T23:16:36 COLMAP[chunk_03_sequential_matcher] I20260518 23:16:36.863996  6963 pairing.cc:473] Processing image [93/187]
2026-05-18T23:16:37 COLMAP[chunk_03_sequential_matcher] I20260518 23:16:37.363013  6963 feature_matching.cc:217] in 0.499s
2026-05-18T23:16:37 COLMAP[chunk_03_sequential_matcher] I20260518 23:16:37.363060  6963 pairing.cc:473] Processing image [94/187]
2026-05-18T23:16:37 COLMAP[chunk_03_sequential_matcher] I20260518 23:16:37.732692  6963 feature_matching.cc:217] in 0.370s
2026-05-18T23:16:37 COLMAP[chunk_03_sequential_matcher] I20260518 23:16:37.732738  6963 pairing.cc:473] Processing image [95/187]
2026-05-18T23:16:38 COLMAP[chunk_03_sequential_matcher] I20260518 23:16:38.091192  6963 feature_matching.cc:217] in 0.358s
2026-05-18T23:16:38 COLMAP[chunk_03_sequential_matcher] I20260518 23:16:38.091235  6963 pairing.cc:473] Processing image [96/187]
2026-05-18T23:16:38 COLMAP[chunk_03_sequential_matcher] I20260518 23:16:38.444041  6963 feature_matching.cc:217] in 0.353s
2026-05-18T23:16:38 COLMAP[chunk_03_sequential_matcher] I20260518 23:16:38.444087  6963 pairing.cc:473] Processing image [97/187]
2026-05-18T23:16:38 COLMAP[chunk_03_sequential_matcher] I20260518 23:16:38.826287  6963 feature_matching.cc:217] in 0.382s
2026-05-18T23:16:38 COLMAP[chunk_03_sequential_matcher] I20260518 23:16:38.826337  6963 pairing.cc:473] Processing image [98/187]
2026-05-18T23:16:39 COLMAP[chunk_03_sequential_matcher] I20260518 23:16:39.307294  6963 feature_matching.cc:217] in 0.481s
2026-05-18T23:16:39 COLMAP[chunk_03_sequential_matcher] I20260518 23:16:39.307336  6963 pairing.cc:473] Processing image [99/187]
2026-05-18T23:16:39 COLMAP[chunk_03_sequential_matcher] I20260518 23:16:39.844213  6963 feature_matching.cc:217] in 0.537s
2026-05-18T23:16:39 COLMAP[chunk_03_sequential_matcher] I20260518 23:16:39.844259  6963 pairing.cc:473] Processing image [100/187]
2026-05-18T23:16:40 COLMAP[chunk_03_sequential_matcher] I20260518 23:16:40.248909  6963 feature_matching.cc:217] in 0.405s
2026-05-18T23:16:40 COLMAP[chunk_03_sequential_matcher] I20260518 23:16:40.248955  6963 pairing.cc:473] Processing image [101/187]
2026-05-18T23:16:40 COLMAP[chunk_03_sequential_matcher] I20260518 23:16:40.684489  6963 feature_matching.cc:217] in 0.436s
2026-05-18T23:16:40 COLMAP[chunk_03_sequential_matcher] I20260518 23:16:40.684535  6963 pairing.cc:473] Processing image [102/187]
2026-05-18T23:16:41 COLMAP[chunk_03_sequential_matcher] I20260518 23:16:41.319352  6963 feature_matching.cc:217] in 0.635s
2026-05-18T23:16:41 COLMAP[chunk_03_sequential_matcher] I20260518 23:16:41.319412  6963 pairing.cc:473] Processing image [103/187]
2026-05-18T23:16:41 COLMAP[chunk_03_sequential_matcher] I20260518 23:16:41.724252  6963 feature_matching.cc:217] in 0.405s
2026-05-18T23:16:41 COLMAP[chunk_03_sequential_matcher] I20260518 23:16:41.724300  6963 pairing.cc:473] Processing image [104/187]
2026-05-18T23:16:41 COLMAP[chunk_03_sequential_matcher] I20260518 23:16:41.766125  6963 feature_matching.cc:217] in 0.042s
2026-05-18T23:16:41 COLMAP[chunk_03_sequential_matcher] I20260518 23:16:41.766162  6963 pairing.cc:473] Processing image [105/187]
2026-05-18T23:16:42 COLMAP[chunk_03_sequential_matcher] I20260518 23:16:42.228004  6963 feature_matching.cc:217] in 0.462s
2026-05-18T23:16:42 COLMAP[chunk_03_sequential_matcher] I20260518 23:16:42.228046  6963 pairing.cc:473] Processing image [106/187]
2026-05-18T23:16:42 COLMAP[chunk_03_sequential_matcher] I20260518 23:16:42.661437  6963 feature_matching.cc:217] in 0.433s
2026-05-18T23:16:42 COLMAP[chunk_03_sequential_matcher] I20260518 23:16:42.661489  6963 pairing.cc:473] Processing image [107/187]
2026-05-18T23:16:43 COLMAP[chunk_03_sequential_matcher] I20260518 23:16:43.596791  6963 feature_matching.cc:217] in 0.935s
2026-05-18T23:16:43 COLMAP[chunk_03_sequential_matcher] I20260518 23:16:43.596841  6963 pairing.cc:473] Processing image [108/187]
2026-05-18T23:16:44 COLMAP[chunk_03_sequential_matcher] I20260518 23:16:44.219493  6963 feature_matching.cc:217] in 0.623s
2026-05-18T23:16:44 COLMAP[chunk_03_sequential_matcher] I20260518 23:16:44.219542  6963 pairing.cc:473] Processing image [109/187]
2026-05-18T23:16:44 COLMAP[chunk_03_sequential_matcher] I20260518 23:16:44.807216  6963 feature_matching.cc:217] in 0.588s
2026-05-18T23:16:44 COLMAP[chunk_03_sequential_matcher] I20260518 23:16:44.807267  6963 pairing.cc:473] Processing image [110/187]
2026-05-18T23:16:45 COLMAP[chunk_03_sequential_matcher] I20260518 23:16:45.441879  6963 feature_matching.cc:217] in 0.635s
2026-05-18T23:16:45 COLMAP[chunk_03_sequential_matcher] I20260518 23:16:45.441927  6963 pairing.cc:473] Processing image [111/187]
2026-05-18T23:16:46 COLMAP[chunk_03_sequential_matcher] I20260518 23:16:46.412765  6963 feature_matching.cc:217] in 0.971s
2026-05-18T23:16:46 COLMAP[chunk_03_sequential_matcher] I20260518 23:16:46.412813  6963 pairing.cc:473] Processing image [112/187]
2026-05-18T23:16:46 COLMAP[chunk_03_sequential_matcher] I20260518 23:16:46.684630  6963 feature_matching.cc:217] in 0.272s
2026-05-18T23:16:46 COLMAP[chunk_03_sequential_matcher] I20260518 23:16:46.684679  6963 pairing.cc:473] Processing image [113/187]
2026-05-18T23:16:46 COLMAP[chunk_03_sequential_matcher] I20260518 23:16:46.885926  6963 feature_matching.cc:217] in 0.201s
2026-05-18T23:16:46 COLMAP[chunk_03_sequential_matcher] I20260518 23:16:46.885970  6963 pairing.cc:473] Processing image [114/187]
2026-05-18T23:16:47 COLMAP[chunk_03_sequential_matcher] I20260518 23:16:47.236400  6963 feature_matching.cc:217] in 0.350s
2026-05-18T23:16:47 COLMAP[chunk_03_sequential_matcher] I20260518 23:16:47.236445  6963 pairing.cc:473] Processing image [115/187]
2026-05-18T23:16:47 COLMAP[chunk_03_sequential_matcher] I20260518 23:16:47.632633  6963 feature_matching.cc:217] in 0.396s
2026-05-18T23:16:47 COLMAP[chunk_03_sequential_matcher] I20260518 23:16:47.632678  6963 pairing.cc:473] Processing image [116/187]
2026-05-18T23:16:48 COLMAP[chunk_03_sequential_matcher] I20260518 23:16:48.015549  6963 feature_matching.cc:217] in 0.383s
2026-05-18T23:16:48 COLMAP[chunk_03_sequential_matcher] I20260518 23:16:48.015595  6963 pairing.cc:473] Processing image [117/187]
2026-05-18T23:16:48 COLMAP[chunk_03_sequential_matcher] I20260518 23:16:48.456090  6963 feature_matching.cc:217] in 0.441s
2026-05-18T23:16:48 COLMAP[chunk_03_sequential_matcher] I20260518 23:16:48.456139  6963 pairing.cc:473] Processing image [118/187]
2026-05-18T23:16:49 COLMAP[chunk_03_sequential_matcher] I20260518 23:16:48.960047  6963 feature_matching.cc:217] in 0.504s
2026-05-18T23:16:49 COLMAP[chunk_03_sequential_matcher] I20260518 23:16:48.960100  6963 pairing.cc:473] Processing image [119/187]
2026-05-18T23:16:49 COLMAP[chunk_03_sequential_matcher] I20260518 23:16:49.538553  6963 feature_matching.cc:217] in 0.578s
2026-05-18T23:16:49 COLMAP[chunk_03_sequential_matcher] I20260518 23:16:49.538599  6963 pairing.cc:473] Processing image [120/187]
2026-05-18T23:16:50 COLMAP[chunk_03_sequential_matcher] I20260518 23:16:50.013778  6963 feature_matching.cc:217] in 0.475s
2026-05-18T23:16:50 COLMAP[chunk_03_sequential_matcher] I20260518 23:16:50.013823  6963 pairing.cc:473] Processing image [121/187]
2026-05-18T23:16:50 COLMAP[chunk_03_sequential_matcher] I20260518 23:16:50.523134  6963 feature_matching.cc:217] in 0.509s
2026-05-18T23:16:50 COLMAP[chunk_03_sequential_matcher] I20260518 23:16:50.523180  6963 pairing.cc:473] Processing image [122/187]
2026-05-18T23:16:51 COLMAP[chunk_03_sequential_matcher] I20260518 23:16:51.056826  6963 feature_matching.cc:217] in 0.534s
2026-05-18T23:16:51 COLMAP[chunk_03_sequential_matcher] I20260518 23:16:51.056876  6963 pairing.cc:473] Processing image [123/187]
2026-05-18T23:16:51 COLMAP[chunk_03_sequential_matcher] I20260518 23:16:51.503538  6963 feature_matching.cc:217] in 0.447s
2026-05-18T23:16:51 COLMAP[chunk_03_sequential_matcher] I20260518 23:16:51.503593  6963 pairing.cc:473] Processing image [124/187]
2026-05-18T23:16:52 COLMAP[chunk_03_sequential_matcher] I20260518 23:16:51.938205  6963 feature_matching.cc:217] in 0.435s
2026-05-18T23:16:52 COLMAP[chunk_03_sequential_matcher] I20260518 23:16:51.938259  6963 pairing.cc:473] Processing image [125/187]
2026-05-18T23:16:52 COLMAP[chunk_03_sequential_matcher] I20260518 23:16:52.489420  6963 feature_matching.cc:217] in 0.551s
2026-05-18T23:16:52 COLMAP[chunk_03_sequential_matcher] I20260518 23:16:52.489475  6963 pairing.cc:473] Processing image [126/187]
2026-05-18T23:16:53 COLMAP[chunk_03_sequential_matcher] I20260518 23:16:52.988336  6963 feature_matching.cc:217] in 0.499s
2026-05-18T23:16:53 COLMAP[chunk_03_sequential_matcher] I20260518 23:16:52.988389  6963 pairing.cc:473] Processing image [127/187]
2026-05-18T23:16:53 COLMAP[chunk_03_sequential_matcher] I20260518 23:16:53.368201  6963 feature_matching.cc:217] in 0.380s
2026-05-18T23:16:53 COLMAP[chunk_03_sequential_matcher] I20260518 23:16:53.368255  6963 pairing.cc:473] Processing image [128/187]
2026-05-18T23:16:53 COLMAP[chunk_03_sequential_matcher] I20260518 23:16:53.723218  6963 feature_matching.cc:217] in 0.355s
2026-05-18T23:16:53 COLMAP[chunk_03_sequential_matcher] I20260518 23:16:53.723273  6963 pairing.cc:473] Processing image [129/187]
2026-05-18T23:16:54 COLMAP[chunk_03_sequential_matcher] I20260518 23:16:54.318930  6963 feature_matching.cc:217] in 0.596s
2026-05-18T23:16:54 COLMAP[chunk_03_sequential_matcher] I20260518 23:16:54.318979  6963 pairing.cc:473] Processing image [130/187]
2026-05-18T23:16:54 COLMAP[chunk_03_sequential_matcher] I20260518 23:16:54.788386  6963 feature_matching.cc:217] in 0.469s
2026-05-18T23:16:54 COLMAP[chunk_03_sequential_matcher] I20260518 23:16:54.788439  6963 pairing.cc:473] Processing image [131/187]
2026-05-18T23:16:55 COLMAP[chunk_03_sequential_matcher] I20260518 23:16:55.266465  6963 feature_matching.cc:217] in 0.478s
2026-05-18T23:16:55 COLMAP[chunk_03_sequential_matcher] I20260518 23:16:55.266522  6963 pairing.cc:473] Processing image [132/187]
2026-05-18T23:16:56 COLMAP[chunk_03_sequential_matcher] I20260518 23:16:56.093205  6963 feature_matching.cc:217] in 0.827s
2026-05-18T23:16:56 COLMAP[chunk_03_sequential_matcher] I20260518 23:16:56.093262  6963 pairing.cc:473] Processing image [133/187]
2026-05-18T23:16:56 COLMAP[chunk_03_sequential_matcher] I20260518 23:16:56.453290  6963 feature_matching.cc:217] in 0.360s
2026-05-18T23:16:56 COLMAP[chunk_03_sequential_matcher] I20260518 23:16:56.453341  6963 pairing.cc:473] Processing image [134/187]
2026-05-18T23:16:57 COLMAP[chunk_03_sequential_matcher] I20260518 23:16:57.049590  6963 feature_matching.cc:217] in 0.596s
2026-05-18T23:16:57 COLMAP[chunk_03_sequential_matcher] I20260518 23:16:57.049649  6963 pairing.cc:473] Processing image [135/187]
2026-05-18T23:16:57 COLMAP[chunk_03_sequential_matcher] I20260518 23:16:57.665745  6963 feature_matching.cc:217] in 0.616s
2026-05-18T23:16:57 COLMAP[chunk_03_sequential_matcher] I20260518 23:16:57.665815  6963 pairing.cc:473] Processing image [136/187]
2026-05-18T23:16:58 COLMAP[chunk_03_sequential_matcher] I20260518 23:16:58.371853  6963 feature_matching.cc:217] in 0.706s
2026-05-18T23:16:58 COLMAP[chunk_03_sequential_matcher] I20260518 23:16:58.371910  6963 pairing.cc:473] Processing image [137/187]
2026-05-18T23:16:59 COLMAP[chunk_03_sequential_matcher] I20260518 23:16:59.249287  6963 feature_matching.cc:217] in 0.877s
2026-05-18T23:16:59 COLMAP[chunk_03_sequential_matcher] I20260518 23:16:59.249341  6963 pairing.cc:473] Processing image [138/187]
2026-05-18T23:16:59 COLMAP[chunk_03_sequential_matcher] I20260518 23:16:59.295253  6963 feature_matching.cc:217] in 0.046s
2026-05-18T23:16:59 COLMAP[chunk_03_sequential_matcher] I20260518 23:16:59.295305  6963 pairing.cc:473] Processing image [139/187]
2026-05-18T23:16:59 COLMAP[chunk_03_sequential_matcher] I20260518 23:16:59.772078  6963 feature_matching.cc:217] in 0.477s
2026-05-18T23:16:59 COLMAP[chunk_03_sequential_matcher] I20260518 23:16:59.772126  6963 pairing.cc:473] Processing image [140/187]
2026-05-18T23:17:01 COLMAP[chunk_03_sequential_matcher] I20260518 23:17:00.406244  6963 feature_matching.cc:217] in 0.634s
2026-05-18T23:17:01 COLMAP[chunk_03_sequential_matcher] I20260518 23:17:00.406289  6963 pairing.cc:473] Processing image [141/187]
2026-05-18T23:17:01 COLMAP[chunk_03_sequential_matcher] I20260518 23:17:00.913523  6963 feature_matching.cc:217] in 0.507s
2026-05-18T23:17:01 COLMAP[chunk_03_sequential_matcher] I20260518 23:17:00.913570  6963 pairing.cc:473] Processing image [142/187]
2026-05-18T23:17:02 COLMAP[chunk_03_sequential_matcher] I20260518 23:17:01.322268  6963 feature_matching.cc:217] in 0.409s
2026-05-18T23:17:02 COLMAP[chunk_03_sequential_matcher] I20260518 23:17:01.322314  6963 pairing.cc:473] Processing image [143/187]
2026-05-18T23:17:02 COLMAP[chunk_03_sequential_matcher] I20260518 23:17:01.756147  6963 feature_matching.cc:217] in 0.434s
2026-05-18T23:17:02 COLMAP[chunk_03_sequential_matcher] I20260518 23:17:01.756192  6963 pairing.cc:473] Processing image [144/187]
2026-05-18T23:17:03 COLMAP[chunk_03_sequential_matcher] I20260518 23:17:02.129565  6963 feature_matching.cc:217] in 0.373s
2026-05-18T23:17:03 COLMAP[chunk_03_sequential_matcher] I20260518 23:17:02.129617  6963 pairing.cc:473] Processing image [145/187]
2026-05-18T23:17:03 COLMAP[chunk_03_sequential_matcher] I20260518 23:17:02.571686  6963 feature_matching.cc:217] in 0.442s
2026-05-18T23:17:03 COLMAP[chunk_03_sequential_matcher] I20260518 23:17:02.571730  6963 pairing.cc:473] Processing image [146/187]
2026-05-18T23:17:03 COLMAP[chunk_03_sequential_matcher] I20260518 23:17:02.987010  6963 feature_matching.cc:217] in 0.415s
2026-05-18T23:17:03 COLMAP[chunk_03_sequential_matcher] I20260518 23:17:02.987059  6963 pairing.cc:473] Processing image [147/187]
2026-05-18T23:17:04 COLMAP[chunk_03_sequential_matcher] I20260518 23:17:03.355973  6963 feature_matching.cc:217] in 0.369s
2026-05-18T23:17:04 COLMAP[chunk_03_sequential_matcher] I20260518 23:17:03.356019  6963 pairing.cc:473] Processing image [148/187]
2026-05-18T23:17:04 COLMAP[chunk_03_sequential_matcher] I20260518 23:17:03.730104  6963 feature_matching.cc:217] in 0.374s
2026-05-18T23:17:04 COLMAP[chunk_03_sequential_matcher] I20260518 23:17:03.730151  6963 pairing.cc:473] Processing image [149/187]
2026-05-18T23:17:05 COLMAP[chunk_03_sequential_matcher] I20260518 23:17:04.077062  6963 feature_matching.cc:217] in 0.347s
2026-05-18T23:17:05 COLMAP[chunk_03_sequential_matcher] I20260518 23:17:04.077107  6963 pairing.cc:473] Processing image [150/187]
2026-05-18T23:17:05 COLMAP[chunk_03_sequential_matcher] I20260518 23:17:04.098428  6963 feature_matching.cc:217] in 0.021s
2026-05-18T23:17:05 COLMAP[chunk_03_sequential_matcher] I20260518 23:17:04.098464  6963 pairing.cc:473] Processing image [151/187]
2026-05-18T23:17:05 COLMAP[chunk_03_sequential_matcher] I20260518 23:17:04.129570  6963 feature_matching.cc:217] in 0.031s
2026-05-18T23:17:05 COLMAP[chunk_03_sequential_matcher] I20260518 23:17:04.129601  6963 pairing.cc:473] Processing image [152/187]
2026-05-18T23:17:05 COLMAP[chunk_03_sequential_matcher] I20260518 23:17:04.220052  6963 feature_matching.cc:217] in 0.090s
2026-05-18T23:17:05 COLMAP[chunk_03_sequential_matcher] I20260518 23:17:04.220080  6963 pairing.cc:473] Processing image [153/187]
2026-05-18T23:17:05 COLMAP[chunk_03_sequential_matcher] I20260518 23:17:04.442625  6963 feature_matching.cc:217] in 0.223s
2026-05-18T23:17:05 COLMAP[chunk_03_sequential_matcher] I20260518 23:17:04.442670  6963 pairing.cc:473] Processing image [154/187]
2026-05-18T23:17:05 COLMAP[chunk_03_sequential_matcher] I20260518 23:17:04.478123  6963 feature_matching.cc:217] in 0.035s
2026-05-18T23:17:05 COLMAP[chunk_03_sequential_matcher] I20260518 23:17:04.478166  6963 pairing.cc:473] Processing image [155/187]
2026-05-18T23:17:05 COLMAP[chunk_03_sequential_matcher] I20260518 23:17:04.820246  6963 feature_matching.cc:217] in 0.342s
2026-05-18T23:17:05 COLMAP[chunk_03_sequential_matcher] I20260518 23:17:04.820292  6963 pairing.cc:473] Processing image [156/187]
2026-05-18T23:17:06 COLMAP[chunk_03_sequential_matcher] I20260518 23:17:05.130155  6963 feature_matching.cc:217] in 0.310s
2026-05-18T23:17:06 COLMAP[chunk_03_sequential_matcher] I20260518 23:17:05.130203  6963 pairing.cc:473] Processing image [157/187]
2026-05-18T23:17:06 COLMAP[chunk_03_sequential_matcher] I20260518 23:17:05.306896  6963 feature_matching.cc:217] in 0.177s
2026-05-18T23:17:06 COLMAP[chunk_03_sequential_matcher] I20260518 23:17:05.306941  6963 pairing.cc:473] Processing image [158/187]
2026-05-18T23:17:06 COLMAP[chunk_03_sequential_matcher] I20260518 23:17:05.474833  6963 feature_matching.cc:217] in 0.168s
2026-05-18T23:17:06 COLMAP[chunk_03_sequential_matcher] I20260518 23:17:05.474874  6963 pairing.cc:473] Processing image [159/187]
2026-05-18T23:17:06 COLMAP[chunk_03_sequential_matcher] I20260518 23:17:05.826681  6963 feature_matching.cc:217] in 0.352s
2026-05-18T23:17:06 COLMAP[chunk_03_sequential_matcher] I20260518 23:17:05.826722  6963 pairing.cc:473] Processing image [160/187]
2026-05-18T23:17:06 COLMAP[chunk_03_sequential_matcher] I20260518 23:17:05.999114  6963 feature_matching.cc:217] in 0.172s
2026-05-18T23:17:06 COLMAP[chunk_03_sequential_matcher] I20260518 23:17:05.999155  6963 pairing.cc:473] Processing image [161/187]
2026-05-18T23:17:07 COLMAP[chunk_03_sequential_matcher] I20260518 23:17:06.263796  6963 feature_matching.cc:217] in 0.265s
2026-05-18T23:17:07 COLMAP[chunk_03_sequential_matcher] I20260518 23:17:06.263839  6963 pairing.cc:473] Processing image [162/187]
2026-05-18T23:17:07 COLMAP[chunk_03_sequential_matcher] I20260518 23:17:06.619488  6963 feature_matching.cc:217] in 0.356s
2026-05-18T23:17:07 COLMAP[chunk_03_sequential_matcher] I20260518 23:17:06.619534  6963 pairing.cc:473] Processing image [163/187]
2026-05-18T23:17:07 COLMAP[chunk_03_sequential_matcher] I20260518 23:17:06.984880  6963 feature_matching.cc:217] in 0.365s
2026-05-18T23:17:07 COLMAP[chunk_03_sequential_matcher] I20260518 23:17:06.984927  6963 pairing.cc:473] Processing image [164/187]
2026-05-18T23:17:08 COLMAP[chunk_03_sequential_matcher] I20260518 23:17:07.342514  6963 feature_matching.cc:217] in 0.358s
2026-05-18T23:17:08 COLMAP[chunk_03_sequential_matcher] I20260518 23:17:07.342582  6963 pairing.cc:473] Processing image [165/187]
2026-05-18T23:17:08 COLMAP[chunk_03_sequential_matcher] I20260518 23:17:07.697678  6963 feature_matching.cc:217] in 0.355s
2026-05-18T23:17:08 COLMAP[chunk_03_sequential_matcher] I20260518 23:17:07.697726  6963 pairing.cc:473] Processing image [166/187]
2026-05-18T23:17:09 COLMAP[chunk_03_sequential_matcher] I20260518 23:17:08.041456  6963 feature_matching.cc:217] in 0.344s
2026-05-18T23:17:09 COLMAP[chunk_03_sequential_matcher] I20260518 23:17:08.041504  6963 pairing.cc:473] Processing image [167/187]
2026-05-18T23:17:09 COLMAP[chunk_03_sequential_matcher] I20260518 23:17:08.394688  6963 feature_matching.cc:217] in 0.353s
2026-05-18T23:17:09 COLMAP[chunk_03_sequential_matcher] I20260518 23:17:08.394740  6963 pairing.cc:473] Processing image [168/187]
2026-05-18T23:17:09 COLMAP[chunk_03_sequential_matcher] I20260518 23:17:08.529153  6963 feature_matching.cc:217] in 0.134s
2026-05-18T23:17:09 COLMAP[chunk_03_sequential_matcher] I20260518 23:17:08.529192  6963 pairing.cc:473] Processing image [169/187]
2026-05-18T23:17:10 COLMAP[chunk_03_sequential_matcher] I20260518 23:17:09.045739  6963 feature_matching.cc:217] in 0.517s
2026-05-18T23:17:10 COLMAP[chunk_03_sequential_matcher] I20260518 23:17:09.045789  6963 pairing.cc:473] Processing image [170/187]
2026-05-18T23:17:11 COLMAP[chunk_03_sequential_matcher] I20260518 23:17:10.153329  6963 feature_matching.cc:217] in 1.108s
2026-05-18T23:17:11 COLMAP[chunk_03_sequential_matcher] I20260518 23:17:10.153393  6963 pairing.cc:473] Processing image [171/187]
2026-05-18T23:17:11 COLMAP[chunk_03_sequential_matcher] I20260518 23:17:10.476064  6963 feature_matching.cc:217] in 0.323s
2026-05-18T23:17:11 COLMAP[chunk_03_sequential_matcher] I20260518 23:17:10.476111  6963 pairing.cc:473] Processing image [172/187]
2026-05-18T23:17:11 COLMAP[chunk_03_sequential_matcher] I20260518 23:17:10.486227  6963 feature_matching.cc:217] in 0.010s
2026-05-18T23:17:11 COLMAP[chunk_03_sequential_matcher] I20260518 23:17:10.486264  6963 pairing.cc:473] Processing image [173/187]
2026-05-18T23:17:11 COLMAP[chunk_03_sequential_matcher] I20260518 23:17:10.807094  6963 feature_matching.cc:217] in 0.321s
2026-05-18T23:17:11 COLMAP[chunk_03_sequential_matcher] I20260518 23:17:10.807144  6963 pairing.cc:473] Processing image [174/187]
2026-05-18T23:17:12 COLMAP[chunk_03_sequential_matcher] I20260518 23:17:11.154327  6963 feature_matching.cc:217] in 0.347s
2026-05-18T23:17:12 COLMAP[chunk_03_sequential_matcher] I20260518 23:17:11.154378  6963 pairing.cc:473] Processing image [175/187]
2026-05-18T23:17:12 COLMAP[chunk_03_sequential_matcher] I20260518 23:17:11.501628  6963 feature_matching.cc:217] in 0.347s
2026-05-18T23:17:12 COLMAP[chunk_03_sequential_matcher] I20260518 23:17:11.501675  6963 pairing.cc:473] Processing image [176/187]
2026-05-18T23:17:12 COLMAP[chunk_03_sequential_matcher] I20260518 23:17:11.909768  6963 feature_matching.cc:217] in 0.408s
2026-05-18T23:17:12 COLMAP[chunk_03_sequential_matcher] I20260518 23:17:11.909819  6963 pairing.cc:473] Processing image [177/187]
2026-05-18T23:17:13 COLMAP[chunk_03_sequential_matcher] I20260518 23:17:12.149413  6963 feature_matching.cc:217] in 0.240s
2026-05-18T23:17:13 COLMAP[chunk_03_sequential_matcher] I20260518 23:17:12.149482  6963 pairing.cc:473] Processing image [178/187]
2026-05-18T23:17:13 COLMAP[chunk_03_sequential_matcher] I20260518 23:17:12.175606  6963 feature_matching.cc:217] in 0.026s
2026-05-18T23:17:13 COLMAP[chunk_03_sequential_matcher] I20260518 23:17:12.175647  6963 pairing.cc:473] Processing image [179/187]
2026-05-18T23:17:13 COLMAP[chunk_03_sequential_matcher] I20260518 23:17:12.206354  6963 feature_matching.cc:217] in 0.031s
2026-05-18T23:17:13 COLMAP[chunk_03_sequential_matcher] I20260518 23:17:12.206391  6963 pairing.cc:473] Processing image [180/187]
2026-05-18T23:17:13 COLMAP[chunk_03_sequential_matcher] I20260518 23:17:12.255784  6963 feature_matching.cc:217] in 0.049s
2026-05-18T23:17:13 COLMAP[chunk_03_sequential_matcher] I20260518 23:17:12.255844  6963 pairing.cc:473] Processing image [181/187]
2026-05-18T23:17:13 COLMAP[chunk_03_sequential_matcher] I20260518 23:17:12.339785  6963 feature_matching.cc:217] in 0.084s
2026-05-18T23:17:13 COLMAP[chunk_03_sequential_matcher] I20260518 23:17:12.339834  6963 pairing.cc:473] Processing image [182/187]
2026-05-18T23:17:13 COLMAP[chunk_03_sequential_matcher] I20260518 23:17:12.339879  6963 feature_matching.cc:217] in 0.000s
2026-05-18T23:17:13 COLMAP[chunk_03_sequential_matcher] I20260518 23:17:12.339888  6963 pairing.cc:473] Processing image [183/187]
2026-05-18T23:17:13 COLMAP[chunk_03_sequential_matcher] I20260518 23:17:12.362730  6963 feature_matching.cc:217] in 0.023s
2026-05-18T23:17:13 COLMAP[chunk_03_sequential_matcher] I20260518 23:17:12.362764  6963 pairing.cc:473] Processing image [184/187]
2026-05-18T23:17:13 COLMAP[chunk_03_sequential_matcher] I20260518 23:17:12.362793  6963 feature_matching.cc:217] in 0.000s
2026-05-18T23:17:13 COLMAP[chunk_03_sequential_matcher] I20260518 23:17:12.362802  6963 pairing.cc:473] Processing image [185/187]
2026-05-18T23:17:13 COLMAP[chunk_03_sequential_matcher] I20260518 23:17:12.362833  6963 feature_matching.cc:217] in 0.000s
2026-05-18T23:17:13 COLMAP[chunk_03_sequential_matcher] I20260518 23:17:12.362846  6963 pairing.cc:473] Processing image [186/187]
2026-05-18T23:17:13 COLMAP[chunk_03_sequential_matcher] I20260518 23:17:12.362874  6963 feature_matching.cc:217] in 0.000s
2026-05-18T23:17:13 COLMAP[chunk_03_sequential_matcher] I20260518 23:17:12.362881  6963 pairing.cc:473] Processing image [187/187]
2026-05-18T23:17:13 COLMAP[chunk_03_sequential_matcher] I20260518 23:17:12.362890  6963 feature_matching.cc:217] in 0.000s
2026-05-18T23:17:13 COLMAP[chunk_03_sequential_matcher] I20260518 23:17:12.362900  6963 timer.cc:90] Elapsed time: 1.510 [minutes]
2026-05-18T23:17:13 2026-05-18 23:17:12,422 - INFO - chunk_03_sequential_matcher added 795 verified image pairs
2026-05-18T23:17:13 2026-05-18 23:17:12,423 - INFO - [chunk_03_mapper_initial] colmap mapper --database_path /tmp/colmap_sfm_gefg0_n4/chunk_03/database.db --image_path /tmp/colmap_sfm_gefg0_n4/images --output_path /tmp/colmap_sfm_gefg0_n4/chunk_03/sparse_initial --Mapper.num_threads -1 --Mapper.ba_refine_principal_point 0
2026-05-18T23:17:13 COLMAP[chunk_03_mapper_initial] I20260518 23:17:12.576314  7015 incremental_pipeline.cc:265] Loading database
2026-05-18T23:17:13 COLMAP[chunk_03_mapper_initial] I20260518 23:17:12.576648  7015 database_cache.cc:72] Loading rigs...
2026-05-18T23:17:13 COLMAP[chunk_03_mapper_initial] I20260518 23:17:12.576721  7015 database_cache.cc:82]  1 in 0.000s
2026-05-18T23:17:13 COLMAP[chunk_03_mapper_initial] I20260518 23:17:12.576742  7015 database_cache.cc:90] Loading cameras...
2026-05-18T23:17:13 COLMAP[chunk_03_mapper_initial] I20260518 23:17:12.576768  7015 database_cache.cc:108]  1 in 0.000s
2026-05-18T23:17:13 COLMAP[chunk_03_mapper_initial] I20260518 23:17:12.576781  7015 database_cache.cc:116] Loading frames...
2026-05-18T23:17:13 COLMAP[chunk_03_mapper_initial] I20260518 23:17:12.579020  7015 database_cache.cc:126]  1710 in 0.002s
2026-05-18T23:17:13 COLMAP[chunk_03_mapper_initial] I20260518 23:17:12.579049  7015 database_cache.cc:134] Loading matches...
2026-05-18T23:17:13 COLMAP[chunk_03_mapper_initial] I20260518 23:17:12.597134  7015 database_cache.cc:139]  1265 in 0.018s
2026-05-18T23:17:13 COLMAP[chunk_03_mapper_initial] I20260518 23:17:12.597168  7015 database_cache.cc:147] Loading images...
2026-05-18T23:17:13 COLMAP[chunk_03_mapper_initial] I20260518 23:17:12.674625  7015 database_cache.cc:241]  187 in 0.077s (connected 187, loaded 187)
2026-05-18T23:17:13 COLMAP[chunk_03_mapper_initial] I20260518 23:17:12.674692  7015 database_cache.cc:255] Loading pose priors...
2026-05-18T23:17:13 COLMAP[chunk_03_mapper_initial] I20260518 23:17:12.675772  7015 database_cache.cc:263]  1710 in 0.001s
2026-05-18T23:17:13 COLMAP[chunk_03_mapper_initial] I20260518 23:17:12.675807  7015 database_cache.cc:271] Building correspondence graph...
2026-05-18T23:17:13 COLMAP[chunk_03_mapper_initial] I20260518 23:17:12.996503  7015 database_cache.cc:300]  in 0.321s (ignored 0)
2026-05-18T23:17:13 COLMAP[chunk_03_mapper_initial] I20260518 23:17:12.996624  7015 timer.cc:90] Elapsed time: 0.007 [minutes]
2026-05-18T23:17:13 COLMAP[chunk_03_mapper_initial] I20260518 23:17:13.017587  7015 incremental_pipeline.cc:377] Finding good initial image pair
2026-05-18T23:17:14 COLMAP[chunk_03_mapper_initial] I20260518 23:17:13.984205  7015 incremental_pipeline.cc:401] Registering initial image pair #1534 and #1570
2026-05-18T23:17:14 COLMAP[chunk_03_mapper_initial] I20260518 23:17:13.992442  7015 incremental_pipeline.cc:419] Global bundle adjustment
2026-05-18T23:17:15 COLMAP[chunk_03_mapper_initial] I20260518 23:17:14.224494  7015 incremental_pipeline.cc:524] Registering image #1387 (num_reg_frames=2)
2026-05-18T23:17:15 COLMAP[chunk_03_mapper_initial] I20260518 23:17:14.224550  7015 incremental_pipeline.cc:527] => Image sees 326 / 7556 points
2026-05-18T23:17:15 COLMAP[chunk_03_mapper_initial] I20260518 23:17:14.620894  7015 incremental_pipeline.cc:78] Retriangulation and Global bundle adjustment
2026-05-18T23:17:15 COLMAP[chunk_03_mapper_initial] I20260518 23:17:14.784281  7015 incremental_pipeline.cc:524] Registering image #1379 (num_reg_frames=3)
2026-05-18T23:17:15 COLMAP[chunk_03_mapper_initial] I20260518 23:17:14.784335  7015 incremental_pipeline.cc:527] => Image sees 1540 / 6105 points
2026-05-18T23:17:16 COLMAP[chunk_03_mapper_initial] I20260518 23:17:15.498620  7015 incremental_pipeline.cc:78] Retriangulation and Global bundle adjustment
2026-05-18T23:17:16 COLMAP[chunk_03_mapper_initial] I20260518 23:17:15.817140  7015 incremental_pipeline.cc:524] Registering image #1358 (num_reg_frames=4)
2026-05-18T23:17:16 COLMAP[chunk_03_mapper_initial] I20260518 23:17:15.817194  7015 incremental_pipeline.cc:527] => Image sees 1810 / 5871 points
2026-05-18T23:17:17 COLMAP[chunk_03_mapper_initial] I20260518 23:17:16.737892  7015 incremental_pipeline.cc:78] Retriangulation and Global bundle adjustment
2026-05-18T23:17:18 COLMAP[chunk_03_mapper_initial] I20260518 23:17:17.109490  7015 incremental_pipeline.cc:524] Registering image #1526 (num_reg_frames=5)
2026-05-18T23:17:18 COLMAP[chunk_03_mapper_initial] I20260518 23:17:17.109539  7015 incremental_pipeline.cc:527] => Image sees 2672 / 6392 points
2026-05-18T23:17:19 COLMAP[chunk_03_mapper_initial] I20260518 23:17:18.278720  7015 incremental_pipeline.cc:78] Retriangulation and Global bundle adjustment
2026-05-18T23:17:19 COLMAP[chunk_03_mapper_initial] I20260518 23:17:18.748412  7015 incremental_pipeline.cc:524] Registering image #1351 (num_reg_frames=6)
2026-05-18T23:17:19 COLMAP[chunk_03_mapper_initial] I20260518 23:17:18.748463  7015 incremental_pipeline.cc:527] => Image sees 2141 / 6227 points
2026-05-18T23:17:20 COLMAP[chunk_03_mapper_initial] I20260518 23:17:19.559193  7015 incremental_pipeline.cc:78] Retriangulation and Global bundle adjustment
2026-05-18T23:17:20 COLMAP[chunk_03_mapper_initial] I20260518 23:17:19.931066  7015 incremental_pipeline.cc:524] Registering image #1561 (num_reg_frames=7)
2026-05-18T23:17:20 COLMAP[chunk_03_mapper_initial] I20260518 23:17:19.931116  7015 incremental_pipeline.cc:527] => Image sees 2572 / 6006 points
2026-05-18T23:17:21 COLMAP[chunk_03_mapper_initial] I20260518 23:17:20.730744  7015 incremental_pipeline.cc:78] Retriangulation and Global bundle adjustment
2026-05-18T23:17:22 COLMAP[chunk_03_mapper_initial] I20260518 23:17:21.172813  7015 incremental_pipeline.cc:524] Registering image #1569 (num_reg_frames=8)
2026-05-18T23:17:22 COLMAP[chunk_03_mapper_initial] I20260518 23:17:21.172869  7015 incremental_pipeline.cc:527] => Image sees 2480 / 5606 points
2026-05-18T23:17:22 COLMAP[chunk_03_mapper_initial] I20260518 23:17:21.993221  7015 incremental_pipeline.cc:78] Retriangulation and Global bundle adjustment
2026-05-18T23:17:23 COLMAP[chunk_03_mapper_initial] I20260518 23:17:22.490783  7015 incremental_pipeline.cc:524] Registering image #1420 (num_reg_frames=9)
2026-05-18T23:17:23 COLMAP[chunk_03_mapper_initial] I20260518 23:17:22.490839  7015 incremental_pipeline.cc:527] => Image sees 3087 / 7033 points
2026-05-18T23:17:24 COLMAP[chunk_03_mapper_initial] I20260518 23:17:23.381494  7015 incremental_pipeline.cc:78] Retriangulation and Global bundle adjustment
2026-05-18T23:17:25 COLMAP[chunk_03_mapper_initial] I20260518 23:17:24.209789  7015 incremental_pipeline.cc:524] Registering image #1429 (num_reg_frames=10)
2026-05-18T23:17:25 COLMAP[chunk_03_mapper_initial] I20260518 23:17:24.209847  7015 incremental_pipeline.cc:527] => Image sees 3318 / 7059 points
2026-05-18T23:17:26 COLMAP[chunk_03_mapper_initial] I20260518 23:17:25.253737  7015 incremental_pipeline.cc:78] Retriangulation and Global bundle adjustment
2026-05-18T23:17:26 COLMAP[chunk_03_mapper_initial] I20260518 23:17:25.819324  7015 incremental_pipeline.cc:524] Registering image #1428 (num_reg_frames=11)
2026-05-18T23:17:26 COLMAP[chunk_03_mapper_initial] I20260518 23:17:25.819396  7015 incremental_pipeline.cc:527] => Image sees 4395 / 8593 points
2026-05-18T23:17:28 COLMAP[chunk_03_mapper_initial] I20260518 23:17:27.110110  7015 incremental_pipeline.cc:524] Registering image #1484 (num_reg_frames=12)
2026-05-18T23:17:28 COLMAP[chunk_03_mapper_initial] I20260518 23:17:27.110160  7015 incremental_pipeline.cc:527] => Image sees 4059 / 7853 points
2026-05-18T23:17:29 COLMAP[chunk_03_mapper_initial] I20260518 23:17:28.361148  7015 incremental_pipeline.cc:78] Retriangulation and Global bundle adjustment
2026-05-18T23:17:29 COLMAP[chunk_03_mapper_initial] I20260518 23:17:29.057761  7015 incremental_pipeline.cc:524] Registering image #1475 (num_reg_frames=13)
2026-05-18T23:17:29 COLMAP[chunk_03_mapper_initial] I20260518 23:17:29.057816  7015 incremental_pipeline.cc:527] => Image sees 4343 / 7026 points
2026-05-18T23:17:31 COLMAP[chunk_03_mapper_initial] I20260518 23:17:30.232342  7015 incremental_pipeline.cc:524] Registering image #1587 (num_reg_frames=14)
2026-05-18T23:17:31 COLMAP[chunk_03_mapper_initial] I20260518 23:17:30.232399  7015 incremental_pipeline.cc:527] => Image sees 1940 / 6806 points
2026-05-18T23:17:31 COLMAP[chunk_03_mapper_initial] I20260518 23:17:30.984761  7015 incremental_pipeline.cc:78] Retriangulation and Global bundle adjustment
2026-05-18T23:17:32 COLMAP[chunk_03_mapper_initial] I20260518 23:17:31.879215  7015 incremental_pipeline.cc:524] Registering image #1350 (num_reg_frames=15)
2026-05-18T23:17:32 COLMAP[chunk_03_mapper_initial] I20260518 23:17:31.879274  7015 incremental_pipeline.cc:527] => Image sees 2344 / 5277 points
2026-05-18T23:17:33 COLMAP[chunk_03_mapper_initial] I20260518 23:17:32.804324  7015 incremental_pipeline.cc:524] Registering image #1337 (num_reg_frames=16)
2026-05-18T23:17:33 COLMAP[chunk_03_mapper_initial] I20260518 23:17:32.804381  7015 incremental_pipeline.cc:527] => Image sees 2223 / 4878 points
2026-05-18T23:17:34 COLMAP[chunk_03_mapper_initial] I20260518 23:17:33.575771  7015 incremental_pipeline.cc:78] Retriangulation and Global bundle adjustment
2026-05-18T23:17:35 COLMAP[chunk_03_mapper_initial] I20260518 23:17:34.547251  7015 incremental_pipeline.cc:524] Registering image #1596 (num_reg_frames=17)
2026-05-18T23:17:35 COLMAP[chunk_03_mapper_initial] I20260518 23:17:34.547308  7015 incremental_pipeline.cc:527] => Image sees 2583 / 6756 points
2026-05-18T23:17:36 COLMAP[chunk_03_mapper_initial] I20260518 23:17:35.543108  7015 incremental_pipeline.cc:524] Registering image #1607 (num_reg_frames=18)
2026-05-18T23:17:36 COLMAP[chunk_03_mapper_initial] I20260518 23:17:35.543165  7015 incremental_pipeline.cc:527] => Image sees 2617 / 7538 points
2026-05-18T23:17:37 COLMAP[chunk_03_mapper_initial] I20260518 23:17:36.436465  7015 incremental_pipeline.cc:78] Retriangulation and Global bundle adjustment
2026-05-18T23:17:38 COLMAP[chunk_03_mapper_initial] I20260518 23:17:37.552188  7015 incremental_pipeline.cc:524] Registering image #1606 (num_reg_frames=19)
2026-05-18T23:17:38 COLMAP[chunk_03_mapper_initial] I20260518 23:17:37.552243  7015 incremental_pipeline.cc:527] => Image sees 3596 / 7688 points
2026-05-18T23:17:39 COLMAP[chunk_03_mapper_initial] I20260518 23:17:38.618166  7015 incremental_pipeline.cc:524] Registering image #1598 (num_reg_frames=20)
2026-05-18T23:17:39 COLMAP[chunk_03_mapper_initial] I20260518 23:17:38.618216  7015 incremental_pipeline.cc:527] => Image sees 3613 / 7647 points
2026-05-18T23:17:40 COLMAP[chunk_03_mapper_initial] I20260518 23:17:39.708469  7015 incremental_pipeline.cc:78] Retriangulation and Global bundle adjustment
2026-05-18T23:17:41 COLMAP[chunk_03_mapper_initial] I20260518 23:17:40.853470  7015 incremental_pipeline.cc:524] Registering image #1599 (num_reg_frames=21)
2026-05-18T23:17:41 COLMAP[chunk_03_mapper_initial] I20260518 23:17:40.853520  7015 incremental_pipeline.cc:527] => Image sees 3470 / 7203 points
2026-05-18T23:17:42 COLMAP[chunk_03_mapper_initial] I20260518 23:17:42.060020  7015 incremental_pipeline.cc:524] Registering image #1595 (num_reg_frames=22)
2026-05-18T23:17:42 COLMAP[chunk_03_mapper_initial] I20260518 23:17:42.060072  7015 incremental_pipeline.cc:527] => Image sees 2723 / 4299 points
2026-05-18T23:17:43 COLMAP[chunk_03_mapper_initial] I20260518 23:17:42.948854  7015 incremental_pipeline.cc:524] Registering image #1329 (num_reg_frames=23)
2026-05-18T23:17:43 COLMAP[chunk_03_mapper_initial] I20260518 23:17:42.948920  7015 incremental_pipeline.cc:527] => Image sees 2584 / 4934 points
2026-05-18T23:17:44 COLMAP[chunk_03_mapper_initial] I20260518 23:17:43.784171  7015 incremental_pipeline.cc:78] Retriangulation and Global bundle adjustment
2026-05-18T23:17:46 COLMAP[chunk_03_mapper_initial] I20260518 23:17:45.498436  7015 incremental_pipeline.cc:524] Registering image #1340 (num_reg_frames=24)
2026-05-18T23:17:46 COLMAP[chunk_03_mapper_initial] I20260518 23:17:45.498492  7015 incremental_pipeline.cc:527] => Image sees 2084 / 4693 points
2026-05-18T23:17:47 COLMAP[chunk_03_mapper_initial] I20260518 23:17:46.460026  7015 incremental_pipeline.cc:524] Registering image #1341 (num_reg_frames=25)
2026-05-18T23:17:47 COLMAP[chunk_03_mapper_initial] I20260518 23:17:46.460078  7015 incremental_pipeline.cc:527] => Image sees 1980 / 5430 points
2026-05-18T23:17:48 COLMAP[chunk_03_mapper_initial] I20260518 23:17:47.410574  7015 incremental_pipeline.cc:524] Registering image #1328 (num_reg_frames=26)
2026-05-18T23:17:48 COLMAP[chunk_03_mapper_initial] I20260518 23:17:47.410624  7015 incremental_pipeline.cc:527] => Image sees 2148 / 5150 points
2026-05-18T23:17:49 COLMAP[chunk_03_mapper_initial] I20260518 23:17:48.158396  7015 incremental_pipeline.cc:78] Retriangulation and Global bundle adjustment
2026-05-18T23:17:50 COLMAP[chunk_03_mapper_initial] I20260518 23:17:49.743566  7015 incremental_pipeline.cc:524] Registering image #1604 (num_reg_frames=27)
2026-05-18T23:17:50 COLMAP[chunk_03_mapper_initial] I20260518 23:17:49.743618  7015 incremental_pipeline.cc:527] => Image sees 2159 / 5025 points
2026-05-18T23:17:51 COLMAP[chunk_03_mapper_initial] I20260518 23:17:50.729702  7015 incremental_pipeline.cc:524] Registering image #1327 (num_reg_frames=28)
2026-05-18T23:17:51 COLMAP[chunk_03_mapper_initial] I20260518 23:17:50.729749  7015 incremental_pipeline.cc:527] => Image sees 1576 / 5388 points
2026-05-18T23:17:52 COLMAP[chunk_03_mapper_initial] I20260518 23:17:51.617561  7015 incremental_pipeline.cc:524] Registering image #1326 (num_reg_frames=29)
2026-05-18T23:17:52 COLMAP[chunk_03_mapper_initial] I20260518 23:17:51.617610  7015 incremental_pipeline.cc:527] => Image sees 2055 / 6837 points
2026-05-18T23:17:53 COLMAP[chunk_03_mapper_initial] I20260518 23:17:52.460259  7015 incremental_pipeline.cc:78] Retriangulation and Global bundle adjustment
2026-05-18T23:17:55 COLMAP[chunk_03_mapper_initial] I20260518 23:17:54.164017  7015 incremental_pipeline.cc:524] Registering image #1325 (num_reg_frames=30)
2026-05-18T23:17:55 COLMAP[chunk_03_mapper_initial] I20260518 23:17:54.164072  7015 incremental_pipeline.cc:527] => Image sees 2821 / 6352 points
2026-05-18T23:17:56 COLMAP[chunk_03_mapper_initial] I20260518 23:17:55.191890  7015 incremental_pipeline.cc:524] Registering image #213 (num_reg_frames=31)
2026-05-18T23:17:56 COLMAP[chunk_03_mapper_initial] I20260518 23:17:55.191939  7015 incremental_pipeline.cc:527] => Image sees 1728 / 6697 points
2026-05-18T23:17:57 COLMAP[chunk_03_mapper_initial] I20260518 23:17:56.113202  7015 incremental_pipeline.cc:524] Registering image #487 (num_reg_frames=32)
2026-05-18T23:17:57 COLMAP[chunk_03_mapper_initial] I20260518 23:17:56.113255  7015 incremental_pipeline.cc:527] => Image sees 1753 / 5775 points
2026-05-18T23:17:57 COLMAP[chunk_03_mapper_initial] I20260518 23:17:56.895288  7015 incremental_pipeline.cc:78] Retriangulation and Global bundle adjustment
2026-05-18T23:17:59 COLMAP[chunk_03_mapper_initial] I20260518 23:17:58.735769  7015 incremental_pipeline.cc:524] Registering image #214 (num_reg_frames=33)
2026-05-18T23:17:59 COLMAP[chunk_03_mapper_initial] I20260518 23:17:58.735819  7015 incremental_pipeline.cc:527] => Image sees 1879 / 6618 points
2026-05-18T23:18:00 COLMAP[chunk_03_mapper_initial] I20260518 23:17:59.779145  7015 incremental_pipeline.cc:524] Registering image #210 (num_reg_frames=34)
2026-05-18T23:18:00 COLMAP[chunk_03_mapper_initial] I20260518 23:17:59.779193  7015 incremental_pipeline.cc:527] => Image sees 3223 / 6568 points
2026-05-18T23:18:01 COLMAP[chunk_03_mapper_initial] I20260518 23:18:00.788873  7015 incremental_pipeline.cc:524] Registering image #486 (num_reg_frames=35)
2026-05-18T23:18:01 COLMAP[chunk_03_mapper_initial] I20260518 23:18:00.788924  7015 incremental_pipeline.cc:527] => Image sees 1717 / 5519 points
2026-05-18T23:18:02 COLMAP[chunk_03_mapper_initial] I20260518 23:18:01.641398  7015 incremental_pipeline.cc:78] Retriangulation and Global bundle adjustment
2026-05-18T23:18:04 COLMAP[chunk_03_mapper_initial] I20260518 23:18:03.895561  7015 incremental_pipeline.cc:524] Registering image #472 (num_reg_frames=36)
2026-05-18T23:18:04 COLMAP[chunk_03_mapper_initial] I20260518 23:18:03.895612  7015 incremental_pipeline.cc:527] => Image sees 1982 / 5135 points
2026-05-18T23:18:05 COLMAP[chunk_03_mapper_initial] I20260518 23:18:04.909493  7015 incremental_pipeline.cc:524] Registering image #465 (num_reg_frames=37)
2026-05-18T23:18:05 COLMAP[chunk_03_mapper_initial] I20260518 23:18:04.909540  7015 incremental_pipeline.cc:527] => Image sees 2215 / 6319 points
2026-05-18T23:18:06 COLMAP[chunk_03_mapper_initial] I20260518 23:18:05.926337  7015 incremental_pipeline.cc:524] Registering image #464 (num_reg_frames=38)
2026-05-18T23:18:06 COLMAP[chunk_03_mapper_initial] I20260518 23:18:05.926388  7015 incremental_pipeline.cc:527] => Image sees 2326 / 5646 points
2026-05-18T23:18:07 COLMAP[chunk_03_mapper_initial] I20260518 23:18:06.909216  7015 incremental_pipeline.cc:524] Registering image #229 (num_reg_frames=39)
2026-05-18T23:18:07 COLMAP[chunk_03_mapper_initial] I20260518 23:18:06.909267  7015 incremental_pipeline.cc:527] => Image sees 2387 / 5912 points
2026-05-18T23:18:08 COLMAP[chunk_03_mapper_initial] I20260518 23:18:07.739226  7015 incremental_pipeline.cc:78] Retriangulation and Global bundle adjustment
2026-05-18T23:18:11 COLMAP[chunk_03_mapper_initial] I20260518 23:18:10.524173  7015 incremental_pipeline.cc:524] Registering image #227 (num_reg_frames=40)
2026-05-18T23:18:11 COLMAP[chunk_03_mapper_initial] I20260518 23:18:10.524228  7015 incremental_pipeline.cc:527] => Image sees 1745 / 5740 points
2026-05-18T23:18:12 COLMAP[chunk_03_mapper_initial] I20260518 23:18:11.496778  7015 incremental_pipeline.cc:524] Registering image #237 (num_reg_frames=41)
2026-05-18T23:18:12 COLMAP[chunk_03_mapper_initial] I20260518 23:18:11.496827  7015 incremental_pipeline.cc:527] => Image sees 2506 / 6701 points
2026-05-18T23:18:13 COLMAP[chunk_03_mapper_initial] I20260518 23:18:12.442478  7015 incremental_pipeline.cc:524] Registering image #450 (num_reg_frames=42)
2026-05-18T23:18:13 COLMAP[chunk_03_mapper_initial] I20260518 23:18:12.442528  7015 incremental_pipeline.cc:527] => Image sees 2224 / 6954 points
2026-05-18T23:18:14 COLMAP[chunk_03_mapper_initial] I20260518 23:18:13.367713  7015 incremental_pipeline.cc:524] Registering image #438 (num_reg_frames=43)
2026-05-18T23:18:14 COLMAP[chunk_03_mapper_initial] I20260518 23:18:13.367781  7015 incremental_pipeline.cc:527] => Image sees 2585 / 7636 points
2026-05-18T23:18:15 COLMAP[chunk_03_mapper_initial] I20260518 23:18:14.220350  7015 incremental_pipeline.cc:78] Retriangulation and Global bundle adjustment
2026-05-18T23:18:17 COLMAP[chunk_03_mapper_initial] I20260518 23:18:17.038337  7015 incremental_pipeline.cc:524] Registering image #437 (num_reg_frames=44)
2026-05-18T23:18:17 COLMAP[chunk_03_mapper_initial] I20260518 23:18:17.038395  7015 incremental_pipeline.cc:527] => Image sees 2194 / 7279 points
2026-05-18T23:18:18 COLMAP[chunk_03_mapper_initial] I20260518 23:18:18.019904  7015 incremental_pipeline.cc:524] Registering image #254 (num_reg_frames=45)
2026-05-18T23:18:18 COLMAP[chunk_03_mapper_initial] I20260518 23:18:18.019959  7015 incremental_pipeline.cc:527] => Image sees 2205 / 7125 points
2026-05-18T23:18:19 COLMAP[chunk_03_mapper_initial] I20260518 23:18:18.984156  7015 incremental_pipeline.cc:524] Registering image #418 (num_reg_frames=46)
2026-05-18T23:18:19 COLMAP[chunk_03_mapper_initial] I20260518 23:18:18.984205  7015 incremental_pipeline.cc:527] => Image sees 2776 / 7747 points
2026-05-18T23:18:20 COLMAP[chunk_03_mapper_initial] I20260518 23:18:20.058123  7015 incremental_pipeline.cc:524] Registering image #268 (num_reg_frames=47)
2026-05-18T23:18:20 COLMAP[chunk_03_mapper_initial] I20260518 23:18:20.058174  7015 incremental_pipeline.cc:527] => Image sees 3297 / 7625 points
2026-05-18T23:18:21 COLMAP[chunk_03_mapper_initial] I20260518 23:18:21.096125  7015 incremental_pipeline.cc:78] Retriangulation and Global bundle adjustment
2026-05-18T23:18:25 COLMAP[chunk_03_mapper_initial] I20260518 23:18:24.179239  7015 incremental_pipeline.cc:524] Registering image #400 (num_reg_frames=48)
2026-05-18T23:18:25 COLMAP[chunk_03_mapper_initial] I20260518 23:18:24.179293  7015 incremental_pipeline.cc:527] => Image sees 2837 / 8009 points
2026-05-18T23:18:26 COLMAP[chunk_03_mapper_initial] I20260518 23:18:25.338821  7015 incremental_pipeline.cc:524] Registering image #291 (num_reg_frames=49)
2026-05-18T23:18:26 COLMAP[chunk_03_mapper_initial] I20260518 23:18:25.338878  7015 incremental_pipeline.cc:527] => Image sees 3511 / 7987 points
2026-05-18T23:18:27 COLMAP[chunk_03_mapper_initial] I20260518 23:18:26.557612  7015 incremental_pipeline.cc:524] Registering image #313 (num_reg_frames=50)
2026-05-18T23:18:27 COLMAP[chunk_03_mapper_initial] I20260518 23:18:26.557663  7015 incremental_pipeline.cc:527] => Image sees 2680 / 7894 points
2026-05-18T23:18:28 COLMAP[chunk_03_mapper_initial] I20260518 23:18:27.676613  7015 incremental_pipeline.cc:524] Registering image #373 (num_reg_frames=51)
2026-05-18T23:18:28 COLMAP[chunk_03_mapper_initial] I20260518 23:18:27.676668  7015 incremental_pipeline.cc:527] => Image sees 3044 / 7658 points
2026-05-18T23:18:29 COLMAP[chunk_03_mapper_initial] I20260518 23:18:28.901031  7015 incremental_pipeline.cc:524] Registering image #374 (num_reg_frames=52)
2026-05-18T23:18:29 COLMAP[chunk_03_mapper_initial] I20260518 23:18:28.901086  7015 incremental_pipeline.cc:527] => Image sees 3147 / 7252 points
2026-05-18T23:18:30 COLMAP[chunk_03_mapper_initial] I20260518 23:18:30.080174  7015 incremental_pipeline.cc:78] Retriangulation and Global bundle adjustment
2026-05-18T23:18:34 COLMAP[chunk_03_mapper_initial] I20260518 23:18:33.976409  7015 incremental_pipeline.cc:524] Registering image #345 (num_reg_frames=53)
2026-05-18T23:18:34 COLMAP[chunk_03_mapper_initial] I20260518 23:18:33.976464  7015 incremental_pipeline.cc:527] => Image sees 3204 / 5854 points
2026-05-18T23:18:36 COLMAP[chunk_03_mapper_initial] I20260518 23:18:35.221415  7015 incremental_pipeline.cc:524] Registering image #1625 (num_reg_frames=54)
2026-05-18T23:18:36 COLMAP[chunk_03_mapper_initial] I20260518 23:18:35.221465  7015 incremental_pipeline.cc:527] => Image sees 2123 / 7039 points
2026-05-18T23:18:37 COLMAP[chunk_03_mapper_initial] I20260518 23:18:36.261410  7015 incremental_pipeline.cc:524] Registering image #1626 (num_reg_frames=55)
2026-05-18T23:18:37 COLMAP[chunk_03_mapper_initial] I20260518 23:18:36.261458  7015 incremental_pipeline.cc:527] => Image sees 2790 / 9122 points
2026-05-18T23:18:38 COLMAP[chunk_03_mapper_initial] I20260518 23:18:37.348356  7015 incremental_pipeline.cc:524] Registering image #1627 (num_reg_frames=56)
2026-05-18T23:18:38 COLMAP[chunk_03_mapper_initial] I20260518 23:18:37.348405  7015 incremental_pipeline.cc:527] => Image sees 3191 / 8384 points
2026-05-18T23:18:39 COLMAP[chunk_03_mapper_initial] I20260518 23:18:38.536293  7015 incremental_pipeline.cc:524] Registering image #1624 (num_reg_frames=57)
2026-05-18T23:18:39 COLMAP[chunk_03_mapper_initial] I20260518 23:18:38.536343  7015 incremental_pipeline.cc:527] => Image sees 3195 / 8302 points
2026-05-18T23:18:40 COLMAP[chunk_03_mapper_initial] I20260518 23:18:39.800932  7015 incremental_pipeline.cc:524] Registering image #1630 (num_reg_frames=58)
2026-05-18T23:18:40 COLMAP[chunk_03_mapper_initial] I20260518 23:18:39.800987  7015 incremental_pipeline.cc:527] => Image sees 2202 / 6935 points
2026-05-18T23:18:41 COLMAP[chunk_03_mapper_initial] I20260518 23:18:40.786813  7015 incremental_pipeline.cc:78] Retriangulation and Global bundle adjustment
2026-05-18T23:18:49 COLMAP[chunk_03_mapper_initial] I20260518 23:18:48.671154  7015 incremental_pipeline.cc:524] Registering image #1631 (num_reg_frames=59)
2026-05-18T23:18:49 COLMAP[chunk_03_mapper_initial] I20260518 23:18:48.671234  7015 incremental_pipeline.cc:527] => Image sees 1772 / 7076 points
2026-05-18T23:18:50 COLMAP[chunk_03_mapper_initial] I20260518 23:18:49.575343  7015 incremental_pipeline.cc:524] Registering image #656 (num_reg_frames=60)
2026-05-18T23:18:50 COLMAP[chunk_03_mapper_initial] I20260518 23:18:49.575415  7015 incremental_pipeline.cc:527] => Image sees 1225 / 5250 points
2026-05-18T23:18:51 COLMAP[chunk_03_mapper_initial] I20260518 23:18:50.386087  7015 incremental_pipeline.cc:524] Registering image #655 (num_reg_frames=61)
2026-05-18T23:18:51 COLMAP[chunk_03_mapper_initial] I20260518 23:18:50.386142  7015 incremental_pipeline.cc:527] => Image sees 1199 / 5295 points
2026-05-18T23:18:52 COLMAP[chunk_03_mapper_initial] I20260518 23:18:51.359840  7015 incremental_pipeline.cc:524] Registering image #654 (num_reg_frames=62)
2026-05-18T23:18:52 COLMAP[chunk_03_mapper_initial] I20260518 23:18:51.359889  7015 incremental_pipeline.cc:527] => Image sees 1251 / 4177 points
2026-05-18T23:18:52 COLMAP[chunk_03_mapper_initial] I20260518 23:18:52.128330  7015 incremental_pipeline.cc:524] Registering image #1605 (num_reg_frames=63)
2026-05-18T23:18:52 COLMAP[chunk_03_mapper_initial] I20260518 23:18:52.128383  7015 incremental_pipeline.cc:527] => Image sees 1301 / 4418 points
2026-05-18T23:18:53 COLMAP[chunk_03_mapper_initial] I20260518 23:18:53.016777  7015 incremental_pipeline.cc:524] Registering image #1632 (num_reg_frames=64)
2026-05-18T23:18:53 COLMAP[chunk_03_mapper_initial] I20260518 23:18:53.016831  7015 incremental_pipeline.cc:527] => Image sees 1166 / 4038 points
2026-05-18T23:18:54 COLMAP[chunk_03_mapper_initial] I20260518 23:18:53.799160  7015 incremental_pipeline.cc:78] Retriangulation and Global bundle adjustment
2026-05-18T23:19:04 COLMAP[chunk_03_mapper_initial] I20260518 23:19:03.375530  7015 incremental_pipeline.cc:524] Registering image #1324 (num_reg_frames=65)
2026-05-18T23:19:04 COLMAP[chunk_03_mapper_initial] I20260518 23:19:03.375586  7015 incremental_pipeline.cc:527] => Image sees 1413 / 2558 points
2026-05-18T23:19:04 COLMAP[chunk_03_mapper_initial] I20260518 23:19:04.201377  7015 incremental_pipeline.cc:524] Registering image #540 (num_reg_frames=66)
2026-05-18T23:19:04 COLMAP[chunk_03_mapper_initial] I20260518 23:19:04.201431  7015 incremental_pipeline.cc:527] => Image sees 738 / 6205 points
2026-05-18T23:19:05 COLMAP[chunk_03_mapper_initial] I20260518 23:19:04.940503  7015 incremental_pipeline.cc:524] Registering image #539 (num_reg_frames=67)
2026-05-18T23:19:05 COLMAP[chunk_03_mapper_initial] I20260518 23:19:04.940558  7015 incremental_pipeline.cc:527] => Image sees 793 / 4979 points
2026-05-18T23:19:06 COLMAP[chunk_03_mapper_initial] I20260518 23:19:05.663091  7015 incremental_pipeline.cc:524] Registering image #538 (num_reg_frames=68)
2026-05-18T23:19:06 COLMAP[chunk_03_mapper_initial] I20260518 23:19:05.663144  7015 incremental_pipeline.cc:527] => Image sees 1869 / 6474 points
2026-05-18T23:19:07 COLMAP[chunk_03_mapper_initial] I20260518 23:19:06.402238  7015 incremental_pipeline.cc:524] Registering image #537 (num_reg_frames=69)
2026-05-18T23:19:07 COLMAP[chunk_03_mapper_initial] I20260518 23:19:06.402295  7015 incremental_pipeline.cc:527] => Image sees 1389 / 5860 points
2026-05-18T23:19:07 COLMAP[chunk_03_mapper_initial] I20260518 23:19:07.223134  7015 incremental_pipeline.cc:524] Registering image #536 (num_reg_frames=70)
2026-05-18T23:19:07 COLMAP[chunk_03_mapper_initial] I20260518 23:19:07.223189  7015 incremental_pipeline.cc:527] => Image sees 1663 / 6182 points
2026-05-18T23:19:08 COLMAP[chunk_03_mapper_initial] I20260518 23:19:08.119398  7015 incremental_pipeline.cc:524] Registering image #534 (num_reg_frames=71)
2026-05-18T23:19:08 COLMAP[chunk_03_mapper_initial] I20260518 23:19:08.119452  7015 incremental_pipeline.cc:527] => Image sees 1495 / 7285 points
2026-05-18T23:19:09 COLMAP[chunk_03_mapper_initial] I20260518 23:19:08.985345  7015 incremental_pipeline.cc:78] Retriangulation and Global bundle adjustment
2026-05-18T23:19:15 COLMAP[chunk_03_mapper_initial] I20260518 23:19:14.378885  7015 incremental_pipeline.cc:524] Registering image #533 (num_reg_frames=72)
2026-05-18T23:19:15 COLMAP[chunk_03_mapper_initial] I20260518 23:19:14.378949  7015 incremental_pipeline.cc:527] => Image sees 2214 / 8136 points
2026-05-18T23:19:16 COLMAP[chunk_03_mapper_initial] I20260518 23:19:15.317801  7015 incremental_pipeline.cc:524] Registering image #535 (num_reg_frames=73)
2026-05-18T23:19:16 COLMAP[chunk_03_mapper_initial] I20260518 23:19:15.317859  7015 incremental_pipeline.cc:527] => Image sees 2711 / 6952 points
2026-05-18T23:19:17 COLMAP[chunk_03_mapper_initial] I20260518 23:19:16.470405  7015 incremental_pipeline.cc:524] Registering image #581 (num_reg_frames=74)
2026-05-18T23:19:17 COLMAP[chunk_03_mapper_initial] I20260518 23:19:16.470465  7015 incremental_pipeline.cc:527] => Image sees 2216 / 6041 points
2026-05-18T23:19:18 COLMAP[chunk_03_mapper_initial] I20260518 23:19:17.615589  7015 incremental_pipeline.cc:524] Registering image #607 (num_reg_frames=75)
2026-05-18T23:19:18 COLMAP[chunk_03_mapper_initial] I20260518 23:19:17.615646  7015 incremental_pipeline.cc:527] => Image sees 3739 / 7429 points
2026-05-18T23:19:19 COLMAP[chunk_03_mapper_initial] I20260518 23:19:18.834892  7015 incremental_pipeline.cc:524] Registering image #653 (num_reg_frames=76)
2026-05-18T23:19:19 COLMAP[chunk_03_mapper_initial] I20260518 23:19:18.834973  7015 incremental_pipeline.cc:527] => Image sees 1929 / 6192 points
2026-05-18T23:19:20 COLMAP[chunk_03_mapper_initial] I20260518 23:19:19.814021  7015 incremental_pipeline.cc:524] Registering image #652 (num_reg_frames=77)
2026-05-18T23:19:20 COLMAP[chunk_03_mapper_initial] I20260518 23:19:19.814076  7015 incremental_pipeline.cc:527] => Image sees 2592 / 5894 points
2026-05-18T23:19:21 COLMAP[chunk_03_mapper_initial] I20260518 23:19:20.704753  7015 incremental_pipeline.cc:78] Retriangulation and Global bundle adjustment
2026-05-18T23:19:27 COLMAP[chunk_03_mapper_initial] I20260518 23:19:27.039366  7015 incremental_pipeline.cc:524] Registering image #608 (num_reg_frames=78)
2026-05-18T23:19:27 COLMAP[chunk_03_mapper_initial] I20260518 23:19:27.039436  7015 incremental_pipeline.cc:527] => Image sees 3456 / 8031 points
2026-05-18T23:19:29 COLMAP[chunk_03_mapper_initial] I20260518 23:19:28.265735  7015 incremental_pipeline.cc:524] Registering image #609 (num_reg_frames=79)
2026-05-18T23:19:29 COLMAP[chunk_03_mapper_initial] I20260518 23:19:28.265786  7015 incremental_pipeline.cc:527] => Image sees 3542 / 7117 points
2026-05-18T23:19:30 COLMAP[chunk_03_mapper_initial] I20260518 23:19:29.645678  7015 incremental_pipeline.cc:524] Registering image #587 (num_reg_frames=80)
2026-05-18T23:19:30 COLMAP[chunk_03_mapper_initial] I20260518 23:19:29.645730  7015 incremental_pipeline.cc:527] => Image sees 3565 / 5856 points
2026-05-18T23:19:31 COLMAP[chunk_03_mapper_initial] I20260518 23:19:31.098860  7015 incremental_pipeline.cc:524] Registering image #586 (num_reg_frames=81)
2026-05-18T23:19:31 COLMAP[chunk_03_mapper_initial] I20260518 23:19:31.098912  7015 incremental_pipeline.cc:527] => Image sees 3924 / 6416 points
2026-05-18T23:19:33 COLMAP[chunk_03_mapper_initial] I20260518 23:19:32.558350  7015 incremental_pipeline.cc:524] Registering image #585 (num_reg_frames=82)
2026-05-18T23:19:33 COLMAP[chunk_03_mapper_initial] I20260518 23:19:32.558403  7015 incremental_pipeline.cc:527] => Image sees 4335 / 7132 points
2026-05-18T23:19:34 COLMAP[chunk_03_mapper_initial] I20260518 23:19:34.049424  7015 incremental_pipeline.cc:524] Registering image #606 (num_reg_frames=83)
2026-05-18T23:19:34 COLMAP[chunk_03_mapper_initial] I20260518 23:19:34.049472  7015 incremental_pipeline.cc:527] => Image sees 5656 / 7487 points
2026-05-18T23:19:36 COLMAP[chunk_03_mapper_initial] I20260518 23:19:35.916565  7015 incremental_pipeline.cc:524] Registering image #624 (num_reg_frames=84)
2026-05-18T23:19:36 COLMAP[chunk_03_mapper_initial] I20260518 23:19:35.916620  7015 incremental_pipeline.cc:527] => Image sees 3491 / 5183 points
2026-05-18T23:19:38 COLMAP[chunk_03_mapper_initial] I20260518 23:19:37.274063  7015 incremental_pipeline.cc:524] Registering image #584 (num_reg_frames=85)
2026-05-18T23:19:38 COLMAP[chunk_03_mapper_initial] I20260518 23:19:37.274121  7015 incremental_pipeline.cc:527] => Image sees 2111 / 5272 points
2026-05-18T23:19:39 COLMAP[chunk_03_mapper_initial] I20260518 23:19:38.269035  7015 incremental_pipeline.cc:78] Retriangulation and Global bundle adjustment
2026-05-18T23:19:46 COLMAP[chunk_03_mapper_initial] I20260518 23:19:45.981822  7015 incremental_pipeline.cc:524] Registering image #583 (num_reg_frames=86)
2026-05-18T23:19:46 COLMAP[chunk_03_mapper_initial] I20260518 23:19:45.981873  7015 incremental_pipeline.cc:527] => Image sees 1946 / 4340 points
2026-05-18T23:19:47 COLMAP[chunk_03_mapper_initial] I20260518 23:19:46.925956  7015 incremental_pipeline.cc:524] Registering image #582 (num_reg_frames=87)
2026-05-18T23:19:47 COLMAP[chunk_03_mapper_initial] I20260518 23:19:46.926013  7015 incremental_pipeline.cc:527] => Image sees 1198 / 2532 points
2026-05-18T23:19:48 COLMAP[chunk_03_mapper_initial] I20260518 23:19:47.837494  7015 incremental_pipeline.cc:524] Registering image #1697 (num_reg_frames=88)
2026-05-18T23:19:48 COLMAP[chunk_03_mapper_initial] I20260518 23:19:47.837549  7015 incremental_pipeline.cc:527] => Image sees 398 / 5043 points
2026-05-18T23:19:49 COLMAP[chunk_03_mapper_initial] I20260518 23:19:48.491048  7015 incremental_pipeline.cc:524] Registering image #1139 (num_reg_frames=89)
2026-05-18T23:19:49 COLMAP[chunk_03_mapper_initial] I20260518 23:19:48.491099  7015 incremental_pipeline.cc:527] => Image sees 384 / 5861 points
2026-05-18T23:19:50 COLMAP[chunk_03_mapper_initial] I20260518 23:19:49.383795  7015 incremental_pipeline.cc:524] Registering image #1701 (num_reg_frames=90)
2026-05-18T23:19:50 COLMAP[chunk_03_mapper_initial] I20260518 23:19:49.383890  7015 incremental_pipeline.cc:527] => Image sees 1225 / 6500 points
2026-05-18T23:19:51 COLMAP[chunk_03_mapper_initial] I20260518 23:19:50.377398  7015 incremental_pipeline.cc:524] Registering image #1696 (num_reg_frames=91)
2026-05-18T23:19:51 COLMAP[chunk_03_mapper_initial] I20260518 23:19:50.377455  7015 incremental_pipeline.cc:527] => Image sees 1951 / 5381 points
2026-05-18T23:19:52 COLMAP[chunk_03_mapper_initial] I20260518 23:19:51.454589  7015 incremental_pipeline.cc:524] Registering image #1661 (num_reg_frames=92)
2026-05-18T23:19:52 COLMAP[chunk_03_mapper_initial] I20260518 23:19:51.454646  7015 incremental_pipeline.cc:527] => Image sees 2279 / 6507 points
2026-05-18T23:19:53 COLMAP[chunk_03_mapper_initial] I20260518 23:19:52.501529  7015 incremental_pipeline.cc:524] Registering image #1702 (num_reg_frames=93)
2026-05-18T23:19:53 COLMAP[chunk_03_mapper_initial] I20260518 23:19:52.501590  7015 incremental_pipeline.cc:527] => Image sees 2317 / 5932 points
2026-05-18T23:19:54 COLMAP[chunk_03_mapper_initial] I20260518 23:19:53.653263  7015 incremental_pipeline.cc:524] Registering image #1138 (num_reg_frames=94)
2026-05-18T23:19:54 COLMAP[chunk_03_mapper_initial] I20260518 23:19:53.653324  7015 incremental_pipeline.cc:527] => Image sees 2964 / 6474 points
2026-05-18T23:19:55 COLMAP[chunk_03_mapper_initial] I20260518 23:19:54.796331  7015 incremental_pipeline.cc:78] Retriangulation and Global bundle adjustment
2026-05-18T23:20:02 COLMAP[chunk_03_mapper_initial] I20260518 23:20:02.147357  7015 incremental_pipeline.cc:524] Registering image #1662 (num_reg_frames=95)
2026-05-18T23:20:02 COLMAP[chunk_03_mapper_initial] I20260518 23:20:02.147426  7015 incremental_pipeline.cc:527] => Image sees 2275 / 8045 points
2026-05-18T23:20:03 COLMAP[chunk_03_mapper_initial] I20260518 23:20:03.190109  7015 incremental_pipeline.cc:524] Registering image #1703 (num_reg_frames=96)
2026-05-18T23:20:03 COLMAP[chunk_03_mapper_initial] I20260518 23:20:03.190165  7015 incremental_pipeline.cc:527] => Image sees 2691 / 5427 points
2026-05-18T23:20:04 COLMAP[chunk_03_mapper_initial] I20260518 23:20:04.228191  7015 incremental_pipeline.cc:524] Registering image #1663 (num_reg_frames=97)
2026-05-18T23:20:04 COLMAP[chunk_03_mapper_initial] I20260518 23:20:04.228243  7015 incremental_pipeline.cc:527] => Image sees 2748 / 8169 points
2026-05-18T23:20:06 COLMAP[chunk_03_mapper_initial] I20260518 23:20:05.349411  7015 incremental_pipeline.cc:524] Registering image #20 (num_reg_frames=98)
2026-05-18T23:20:06 COLMAP[chunk_03_mapper_initial] I20260518 23:20:05.349459  7015 incremental_pipeline.cc:527] => Image sees 2776 / 6184 points
2026-05-18T23:20:07 COLMAP[chunk_03_mapper_initial] I20260518 23:20:06.510365  7015 incremental_pipeline.cc:524] Registering image #1137 (num_reg_frames=99)
2026-05-18T23:20:07 COLMAP[chunk_03_mapper_initial] I20260518 23:20:06.510414  7015 incremental_pipeline.cc:527] => Image sees 3134 / 6211 points
2026-05-18T23:20:08 COLMAP[chunk_03_mapper_initial] I20260518 23:20:07.696681  7015 incremental_pipeline.cc:524] Registering image #1136 (num_reg_frames=100)
2026-05-18T23:20:08 COLMAP[chunk_03_mapper_initial] I20260518 23:20:07.696731  7015 incremental_pipeline.cc:527] => Image sees 3560 / 7203 points
2026-05-18T23:20:09 COLMAP[chunk_03_mapper_initial] I20260518 23:20:08.960635  7015 incremental_pipeline.cc:524] Registering image #1135 (num_reg_frames=101)
2026-05-18T23:20:09 COLMAP[chunk_03_mapper_initial] I20260518 23:20:08.960685  7015 incremental_pipeline.cc:527] => Image sees 4151 / 6360 points
2026-05-18T23:20:10 COLMAP[chunk_03_mapper_initial] I20260518 23:20:10.213776  7015 incremental_pipeline.cc:524] Registering image #21 (num_reg_frames=102)
2026-05-18T23:20:10 COLMAP[chunk_03_mapper_initial] I20260518 23:20:10.213827  7015 incremental_pipeline.cc:527] => Image sees 2222 / 4470 points
2026-05-18T23:20:11 COLMAP[chunk_03_mapper_initial] I20260518 23:20:11.220803  7015 incremental_pipeline.cc:524] Registering image #19 (num_reg_frames=103)
2026-05-18T23:20:11 COLMAP[chunk_03_mapper_initial] I20260518 23:20:11.220854  7015 incremental_pipeline.cc:527] => Image sees 3062 / 5745 points
2026-05-18T23:20:13 COLMAP[chunk_03_mapper_initial] I20260518 23:20:12.361249  7015 incremental_pipeline.cc:78] Retriangulation and Global bundle adjustment
2026-05-18T23:20:23 COLMAP[chunk_03_mapper_initial] I20260518 23:20:22.392302  7015 incremental_pipeline.cc:524] Registering image #18 (num_reg_frames=104)
2026-05-18T23:20:23 COLMAP[chunk_03_mapper_initial] I20260518 23:20:22.392381  7015 incremental_pipeline.cc:527] => Image sees 3183 / 7265 points
2026-05-18T23:20:24 COLMAP[chunk_03_mapper_initial] I20260518 23:20:23.651742  7015 incremental_pipeline.cc:524] Registering image #1695 (num_reg_frames=105)
2026-05-18T23:20:24 COLMAP[chunk_03_mapper_initial] I20260518 23:20:23.651790  7015 incremental_pipeline.cc:527] => Image sees 3124 / 4832 points
2026-05-18T23:20:25 COLMAP[chunk_03_mapper_initial] I20260518 23:20:24.850481  7015 incremental_pipeline.cc:524] Registering image #1660 (num_reg_frames=106)
2026-05-18T23:20:25 COLMAP[chunk_03_mapper_initial] I20260518 23:20:24.850538  7015 incremental_pipeline.cc:527] => Image sees 3553 / 5007 points
2026-05-18T23:20:26 COLMAP[chunk_03_mapper_initial] I20260518 23:20:26.107890  7015 incremental_pipeline.cc:524] Registering image #17 (num_reg_frames=107)
2026-05-18T23:20:26 COLMAP[chunk_03_mapper_initial] I20260518 23:20:26.107944  7015 incremental_pipeline.cc:527] => Image sees 2313 / 7811 points
2026-05-18T23:20:28 COLMAP[chunk_03_mapper_initial] I20260518 23:20:27.332351  7015 incremental_pipeline.cc:524] Registering image #188 (num_reg_frames=108)
2026-05-18T23:20:28 COLMAP[chunk_03_mapper_initial] I20260518 23:20:27.332406  7015 incremental_pipeline.cc:527] => Image sees 2597 / 6205 points
2026-05-18T23:20:29 COLMAP[chunk_03_mapper_initial] I20260518 23:20:28.482553  7015 incremental_pipeline.cc:524] Registering image #22 (num_reg_frames=109)
2026-05-18T23:20:29 COLMAP[chunk_03_mapper_initial] I20260518 23:20:28.482609  7015 incremental_pipeline.cc:527] => Image sees 2320 / 4537 points
2026-05-18T23:20:30 COLMAP[chunk_03_mapper_initial] I20260518 23:20:29.468441  7015 incremental_pipeline.cc:524] Registering image #24 (num_reg_frames=110)
2026-05-18T23:20:30 COLMAP[chunk_03_mapper_initial] I20260518 23:20:29.468492  7015 incremental_pipeline.cc:527] => Image sees 2716 / 5105 points
2026-05-18T23:20:31 COLMAP[chunk_03_mapper_initial] I20260518 23:20:30.550079  7015 incremental_pipeline.cc:524] Registering image #16 (num_reg_frames=111)
2026-05-18T23:20:31 COLMAP[chunk_03_mapper_initial] I20260518 23:20:30.550127  7015 incremental_pipeline.cc:527] => Image sees 2060 / 7999 points
2026-05-18T23:20:32 COLMAP[chunk_03_mapper_initial] I20260518 23:20:31.704919  7015 incremental_pipeline.cc:524] Registering image #154 (num_reg_frames=112)
2026-05-18T23:20:32 COLMAP[chunk_03_mapper_initial] I20260518 23:20:31.704974  7015 incremental_pipeline.cc:527] => Image sees 1865 / 6444 points
2026-05-18T23:20:33 COLMAP[chunk_03_mapper_initial] I20260518 23:20:32.860957  7015 incremental_pipeline.cc:524] Registering image #153 (num_reg_frames=113)
2026-05-18T23:20:33 COLMAP[chunk_03_mapper_initial] I20260518 23:20:32.861008  7015 incremental_pipeline.cc:527] => Image sees 2396 / 6323 points
2026-05-18T23:20:34 COLMAP[chunk_03_mapper_initial] I20260518 23:20:33.942409  7015 incremental_pipeline.cc:78] Retriangulation and Global bundle adjustment
2026-05-18T23:20:45 COLMAP[chunk_03_mapper_initial] I20260518 23:20:45.229827  7015 incremental_pipeline.cc:524] Registering image #152 (num_reg_frames=114)
2026-05-18T23:20:45 COLMAP[chunk_03_mapper_initial] I20260518 23:20:45.229882  7015 incremental_pipeline.cc:527] => Image sees 2972 / 5520 points
2026-05-18T23:20:47 COLMAP[chunk_03_mapper_initial] I20260518 23:20:46.550005  7015 incremental_pipeline.cc:524] Registering image #23 (num_reg_frames=115)
2026-05-18T23:20:47 COLMAP[chunk_03_mapper_initial] I20260518 23:20:46.550068  7015 incremental_pipeline.cc:527] => Image sees 2261 / 5158 points
2026-05-18T23:20:48 COLMAP[chunk_03_mapper_initial] I20260518 23:20:47.659869  7015 incremental_pipeline.cc:524] Registering image #151 (num_reg_frames=116)
2026-05-18T23:20:48 COLMAP[chunk_03_mapper_initial] I20260518 23:20:47.659930  7015 incremental_pipeline.cc:527] => Image sees 2118 / 4671 points
2026-05-18T23:20:49 COLMAP[chunk_03_mapper_initial] I20260518 23:20:48.798796  7015 incremental_pipeline.cc:524] Registering image #150 (num_reg_frames=117)
2026-05-18T23:20:49 COLMAP[chunk_03_mapper_initial] I20260518 23:20:48.798846  7015 incremental_pipeline.cc:527] => Image sees 2543 / 5256 points
2026-05-18T23:20:50 COLMAP[chunk_03_mapper_initial] I20260518 23:20:49.938161  7015 incremental_pipeline.cc:524] Registering image #187 (num_reg_frames=118)
2026-05-18T23:20:50 COLMAP[chunk_03_mapper_initial] I20260518 23:20:49.938211  7015 incremental_pipeline.cc:527] => Image sees 3053 / 5459 points
2026-05-18T23:20:51 COLMAP[chunk_03_mapper_initial] I20260518 23:20:51.249174  7015 incremental_pipeline.cc:524] Registering image #155 (num_reg_frames=119)
2026-05-18T23:20:51 COLMAP[chunk_03_mapper_initial] I20260518 23:20:51.249222  7015 incremental_pipeline.cc:527] => Image sees 2682 / 5757 points
2026-05-18T23:20:53 COLMAP[chunk_03_mapper_initial] I20260518 23:20:52.424958  7015 incremental_pipeline.cc:524] Registering image #149 (num_reg_frames=120)
2026-05-18T23:20:53 COLMAP[chunk_03_mapper_initial] I20260518 23:20:52.425029  7015 incremental_pipeline.cc:527] => Image sees 2018 / 3318 points
2026-05-18T23:20:54 COLMAP[chunk_03_mapper_initial] I20260518 23:20:53.542840  7015 incremental_pipeline.cc:524] Registering image #156 (num_reg_frames=121)
2026-05-18T23:20:54 COLMAP[chunk_03_mapper_initial] I20260518 23:20:53.542889  7015 incremental_pipeline.cc:527] => Image sees 2601 / 4851 points
2026-05-18T23:20:55 COLMAP[chunk_03_mapper_initial] I20260518 23:20:54.638975  7015 incremental_pipeline.cc:524] Registering image #25 (num_reg_frames=122)
2026-05-18T23:20:55 COLMAP[chunk_03_mapper_initial] I20260518 23:20:54.639027  7015 incremental_pipeline.cc:527] => Image sees 1907 / 5040 points
2026-05-18T23:20:56 COLMAP[chunk_03_mapper_initial] I20260518 23:20:55.584579  7015 incremental_pipeline.cc:524] Registering image #186 (num_reg_frames=123)
2026-05-18T23:20:56 COLMAP[chunk_03_mapper_initial] I20260518 23:20:55.584630  7015 incremental_pipeline.cc:527] => Image sees 2453 / 5104 points
2026-05-18T23:20:57 COLMAP[chunk_03_mapper_initial] I20260518 23:20:56.716387  7015 incremental_pipeline.cc:524] Registering image #189 (num_reg_frames=124)
2026-05-18T23:20:57 COLMAP[chunk_03_mapper_initial] I20260518 23:20:56.716439  7015 incremental_pipeline.cc:527] => Image sees 2142 / 3350 points
2026-05-18T23:20:58 COLMAP[chunk_03_mapper_initial] I20260518 23:20:57.743871  7015 incremental_pipeline.cc:524] Registering image #26 (num_reg_frames=125)
2026-05-18T23:20:58 COLMAP[chunk_03_mapper_initial] I20260518 23:20:57.743927  7015 incremental_pipeline.cc:527] => Image sees 1718 / 4327 points
2026-05-18T23:20:59 COLMAP[chunk_03_mapper_initial] I20260518 23:20:58.668991  7015 incremental_pipeline.cc:78] Retriangulation and Global bundle adjustment
2026-05-18T23:21:32 COLMAP[chunk_03_mapper_initial] I20260518 23:21:31.799862  7015 incremental_pipeline.cc:524] Registering image #185 (num_reg_frames=126)
2026-05-18T23:21:32 COLMAP[chunk_03_mapper_initial] I20260518 23:21:31.799942  7015 incremental_pipeline.cc:527] => Image sees 1941 / 4169 points
2026-05-18T23:21:33 COLMAP[chunk_03_mapper_initial] I20260518 23:21:32.794257  7015 incremental_pipeline.cc:524] Registering image #194 (num_reg_frames=127)
2026-05-18T23:21:33 COLMAP[chunk_03_mapper_initial] I20260518 23:21:32.794310  7015 incremental_pipeline.cc:527] => Image sees 956 / 3110 points
2026-05-18T23:21:34 COLMAP[chunk_03_mapper_initial] I20260518 23:21:33.604908  7015 incremental_pipeline.cc:524] Registering image #181 (num_reg_frames=128)
2026-05-18T23:21:34 COLMAP[chunk_03_mapper_initial] I20260518 23:21:33.604960  7015 incremental_pipeline.cc:527] => Image sees 666 / 7994 points
2026-05-18T23:21:34 COLMAP[chunk_03_mapper_initial] I20260518 23:21:33.641916  7015 incremental_pipeline.cc:550] => Could not register, trying another image.
2026-05-18T23:21:34 COLMAP[chunk_03_mapper_initial] I20260518 23:21:33.641953  7015 incremental_pipeline.cc:524] Registering image #182 (num_reg_frames=128)
2026-05-18T23:21:34 COLMAP[chunk_03_mapper_initial] I20260518 23:21:33.641964  7015 incremental_pipeline.cc:527] => Image sees 702 / 7079 points
2026-05-18T23:21:34 COLMAP[chunk_03_mapper_initial] I20260518 23:21:33.681020  7015 incremental_pipeline.cc:550] => Could not register, trying another image.
2026-05-18T23:21:34 COLMAP[chunk_03_mapper_initial] I20260518 23:21:33.681058  7015 incremental_pipeline.cc:524] Registering image #180 (num_reg_frames=128)
2026-05-18T23:21:34 COLMAP[chunk_03_mapper_initial] I20260518 23:21:33.681067  7015 incremental_pipeline.cc:527] => Image sees 645 / 7771 points
2026-05-18T23:21:34 COLMAP[chunk_03_mapper_initial] I20260518 23:21:33.716367  7015 incremental_pipeline.cc:550] => Could not register, trying another image.
2026-05-18T23:21:34 COLMAP[chunk_03_mapper_initial] I20260518 23:21:33.716398  7015 incremental_pipeline.cc:524] Registering image #193 (num_reg_frames=128)
2026-05-18T23:21:34 COLMAP[chunk_03_mapper_initial] I20260518 23:21:33.716406  7015 incremental_pipeline.cc:527] => Image sees 480 / 3101 points
2026-05-18T23:21:35 COLMAP[chunk_03_mapper_initial] I20260518 23:21:34.459977  7015 incremental_pipeline.cc:524] Registering image #192 (num_reg_frames=129)
2026-05-18T23:21:35 COLMAP[chunk_03_mapper_initial] I20260518 23:21:34.460028  7015 incremental_pipeline.cc:527] => Image sees 570 / 2517 points
2026-05-18T23:21:35 COLMAP[chunk_03_mapper_initial] I20260518 23:21:35.080596  7015 incremental_pipeline.cc:524] Registering image #198 (num_reg_frames=130)
2026-05-18T23:21:35 COLMAP[chunk_03_mapper_initial] I20260518 23:21:35.080649  7015 incremental_pipeline.cc:527] => Image sees 309 / 4488 points
2026-05-18T23:21:36 COLMAP[chunk_03_mapper_initial] I20260518 23:21:35.765421  7015 incremental_pipeline.cc:524] Registering image #165 (num_reg_frames=131)
2026-05-18T23:21:36 COLMAP[chunk_03_mapper_initial] I20260518 23:21:35.765473  7015 incremental_pipeline.cc:527] => Image sees 270 / 5352 points
2026-05-18T23:21:36 COLMAP[chunk_03_mapper_initial] I20260518 23:21:35.781133  7015 incremental_pipeline.cc:550] => Could not register, trying another image.
2026-05-18T23:21:36 COLMAP[chunk_03_mapper_initial] I20260518 23:21:35.781164  7015 incremental_pipeline.cc:524] Registering image #554 (num_reg_frames=131)
2026-05-18T23:21:36 COLMAP[chunk_03_mapper_initial] I20260518 23:21:35.781174  7015 incremental_pipeline.cc:527] => Image sees 227 / 3964 points
2026-05-18T23:21:37 COLMAP[chunk_03_mapper_initial] I20260518 23:21:36.570652  7015 incremental_pipeline.cc:524] Registering image #179 (num_reg_frames=132)
2026-05-18T23:21:37 COLMAP[chunk_03_mapper_initial] I20260518 23:21:36.570701  7015 incremental_pipeline.cc:527] => Image sees 187 / 6568 points
2026-05-18T23:21:37 COLMAP[chunk_03_mapper_initial] I20260518 23:21:36.582204  7015 incremental_pipeline.cc:550] => Could not register, trying another image.
2026-05-18T23:21:37 COLMAP[chunk_03_mapper_initial] I20260518 23:21:36.582235  7015 incremental_pipeline.cc:524] Registering image #552 (num_reg_frames=132)
2026-05-18T23:21:37 COLMAP[chunk_03_mapper_initial] I20260518 23:21:36.582245  7015 incremental_pipeline.cc:527] => Image sees 161 / 4664 points
2026-05-18T23:21:38 COLMAP[chunk_03_mapper_initial] I20260518 23:21:37.441730  7015 incremental_pipeline.cc:524] Registering image #553 (num_reg_frames=133)
2026-05-18T23:21:38 COLMAP[chunk_03_mapper_initial] I20260518 23:21:37.441780  7015 incremental_pipeline.cc:527] => Image sees 1608 / 4322 points
2026-05-18T23:21:38 COLMAP[chunk_03_mapper_initial] I20260518 23:21:38.276649  7015 incremental_pipeline.cc:524] Registering image #551 (num_reg_frames=134)
2026-05-18T23:21:38 COLMAP[chunk_03_mapper_initial] I20260518 23:21:38.276698  7015 incremental_pipeline.cc:527] => Image sees 1748 / 4100 points
2026-05-18T23:21:39 COLMAP[chunk_03_mapper_initial] I20260518 23:21:39.177192  7015 incremental_pipeline.cc:524] Registering image #549 (num_reg_frames=135)
2026-05-18T23:21:39 COLMAP[chunk_03_mapper_initial] I20260518 23:21:39.177243  7015 incremental_pipeline.cc:527] => Image sees 612 / 4616 points
2026-05-18T23:21:40 COLMAP[chunk_03_mapper_initial] I20260518 23:21:39.951138  7015 incremental_pipeline.cc:524] Registering image #550 (num_reg_frames=136)
2026-05-18T23:21:40 COLMAP[chunk_03_mapper_initial] I20260518 23:21:39.951187  7015 incremental_pipeline.cc:527] => Image sees 586 / 3614 points
2026-05-18T23:21:41 COLMAP[chunk_03_mapper_initial] I20260518 23:21:40.710404  7015 incremental_pipeline.cc:524] Registering image #548 (num_reg_frames=137)
2026-05-18T23:21:41 COLMAP[chunk_03_mapper_initial] I20260518 23:21:40.710456  7015 incremental_pipeline.cc:527] => Image sees 1717 / 3258 points
2026-05-18T23:21:41 COLMAP[chunk_03_mapper_initial] I20260518 23:21:41.413270  7015 incremental_pipeline.cc:524] Registering image #177 (num_reg_frames=138)
2026-05-18T23:21:41 COLMAP[chunk_03_mapper_initial] I20260518 23:21:41.413321  7015 incremental_pipeline.cc:527] => Image sees 157 / 6607 points
2026-05-18T23:21:41 COLMAP[chunk_03_mapper_initial] I20260518 23:21:41.422778  7015 incremental_pipeline.cc:550] => Could not register, trying another image.
2026-05-18T23:21:41 COLMAP[chunk_03_mapper_initial] I20260518 23:21:41.422833  7015 incremental_pipeline.cc:524] Registering image #625 (num_reg_frames=138)
2026-05-18T23:21:41 COLMAP[chunk_03_mapper_initial] I20260518 23:21:41.422844  7015 incremental_pipeline.cc:527] => Image sees 132 / 1601 points
2026-05-18T23:21:42 COLMAP[chunk_03_mapper_initial] I20260518 23:21:42.183115  7015 incremental_pipeline.cc:78] Retriangulation and Global bundle adjustment
2026-05-18T23:22:22 COLMAP[chunk_03_mapper_initial] I20260518 23:22:22.202968  7015 incremental_pipeline.cc:524] Registering image #628 (num_reg_frames=139)
2026-05-18T23:22:22 COLMAP[chunk_03_mapper_initial] I20260518 23:22:22.203044  7015 incremental_pipeline.cc:527] => Image sees 163 / 5988 points
2026-05-18T23:22:23 COLMAP[chunk_03_mapper_initial] I20260518 23:22:22.936343  7015 incremental_pipeline.cc:524] Registering image #626 (num_reg_frames=140)
2026-05-18T23:22:23 COLMAP[chunk_03_mapper_initial] I20260518 23:22:22.936398  7015 incremental_pipeline.cc:527] => Image sees 378 / 6619 points
2026-05-18T23:22:24 COLMAP[chunk_03_mapper_initial] I20260518 23:22:23.602655  7015 incremental_pipeline.cc:524] Registering image #627 (num_reg_frames=141)
2026-05-18T23:22:24 COLMAP[chunk_03_mapper_initial] I20260518 23:22:23.602707  7015 incremental_pipeline.cc:527] => Image sees 1057 / 3245 points
2026-05-18T23:22:24 COLMAP[chunk_03_mapper_initial] I20260518 23:22:24.311481  7015 incremental_pipeline.cc:524] Registering image #733 (num_reg_frames=142)
2026-05-18T23:22:24 COLMAP[chunk_03_mapper_initial] I20260518 23:22:24.311529  7015 incremental_pipeline.cc:527] => Image sees 105 / 6800 points
2026-05-18T23:22:24 COLMAP[chunk_03_mapper_initial] I20260518 23:22:24.318852  7015 incremental_pipeline.cc:550] => Could not register, trying another image.
2026-05-18T23:22:24 COLMAP[chunk_03_mapper_initial] I20260518 23:22:24.318882  7015 incremental_pipeline.cc:524] Registering image #166 (num_reg_frames=142)
2026-05-18T23:22:24 COLMAP[chunk_03_mapper_initial] I20260518 23:22:24.318892  7015 incremental_pipeline.cc:527] => Image sees 123 / 4840 points
2026-05-18T23:22:24 COLMAP[chunk_03_mapper_initial] I20260518 23:22:24.327239  7015 incremental_pipeline.cc:550] => Could not register, trying another image.
2026-05-18T23:22:24 COLMAP[chunk_03_mapper_initial] I20260518 23:22:24.327265  7015 incremental_pipeline.cc:524] Registering image #178 (num_reg_frames=142)
2026-05-18T23:22:24 COLMAP[chunk_03_mapper_initial] I20260518 23:22:24.327275  7015 incremental_pipeline.cc:527] => Image sees 107 / 7245 points
2026-05-18T23:22:24 COLMAP[chunk_03_mapper_initial] I20260518 23:22:24.333854  7015 incremental_pipeline.cc:550] => Could not register, trying another image.
2026-05-18T23:22:24 COLMAP[chunk_03_mapper_initial] I20260518 23:22:24.333879  7015 incremental_pipeline.cc:524] Registering image #748 (num_reg_frames=142)
2026-05-18T23:22:24 COLMAP[chunk_03_mapper_initial] I20260518 23:22:24.333889  7015 incremental_pipeline.cc:527] => Image sees 60 / 4829 points
2026-05-18T23:22:24 COLMAP[chunk_03_mapper_initial] I20260518 23:22:24.339123  7015 incremental_pipeline.cc:550] => Could not register, trying another image.
2026-05-18T23:22:24 COLMAP[chunk_03_mapper_initial] I20260518 23:22:24.339146  7015 incremental_pipeline.cc:524] Registering image #182 (num_reg_frames=142)
2026-05-18T23:22:24 COLMAP[chunk_03_mapper_initial] I20260518 23:22:24.339155  7015 incremental_pipeline.cc:527] => Image sees 686 / 7079 points
2026-05-18T23:22:24 COLMAP[chunk_03_mapper_initial] I20260518 23:22:24.377548  7015 incremental_pipeline.cc:550] => Could not register, trying another image.
2026-05-18T23:22:24 COLMAP[chunk_03_mapper_initial] I20260518 23:22:24.377578  7015 incremental_pipeline.cc:524] Registering image #181 (num_reg_frames=142)
2026-05-18T23:22:24 COLMAP[chunk_03_mapper_initial] I20260518 23:22:24.377588  7015 incremental_pipeline.cc:527] => Image sees 651 / 7994 points
2026-05-18T23:22:24 COLMAP[chunk_03_mapper_initial] I20260518 23:22:24.412935  7015 incremental_pipeline.cc:550] => Could not register, trying another image.
2026-05-18T23:22:24 COLMAP[chunk_03_mapper_initial] I20260518 23:22:24.412961  7015 incremental_pipeline.cc:524] Registering image #180 (num_reg_frames=142)
2026-05-18T23:22:24 COLMAP[chunk_03_mapper_initial] I20260518 23:22:24.412971  7015 incremental_pipeline.cc:527] => Image sees 635 / 7771 points
2026-05-18T23:22:24 COLMAP[chunk_03_mapper_initial] I20260518 23:22:24.447772  7015 incremental_pipeline.cc:550] => Could not register, trying another image.
2026-05-18T23:22:24 COLMAP[chunk_03_mapper_initial] I20260518 23:22:24.447798  7015 incremental_pipeline.cc:524] Registering image #165 (num_reg_frames=142)
2026-05-18T23:22:24 COLMAP[chunk_03_mapper_initial] I20260518 23:22:24.447808  7015 incremental_pipeline.cc:527] => Image sees 272 / 5352 points
2026-05-18T23:22:24 COLMAP[chunk_03_mapper_initial] I20260518 23:22:24.463297  7015 incremental_pipeline.cc:550] => Could not register, trying another image.
2026-05-18T23:22:24 COLMAP[chunk_03_mapper_initial] I20260518 23:22:24.463322  7015 incremental_pipeline.cc:524] Registering image #179 (num_reg_frames=142)
2026-05-18T23:22:24 COLMAP[chunk_03_mapper_initial] I20260518 23:22:24.463332  7015 incremental_pipeline.cc:527] => Image sees 168 / 6568 points
2026-05-18T23:22:24 COLMAP[chunk_03_mapper_initial] I20260518 23:22:24.473495  7015 incremental_pipeline.cc:550] => Could not register, trying another image.
2026-05-18T23:22:24 COLMAP[chunk_03_mapper_initial] I20260518 23:22:24.473519  7015 incremental_pipeline.cc:524] Registering image #177 (num_reg_frames=142)
2026-05-18T23:22:24 COLMAP[chunk_03_mapper_initial] I20260518 23:22:24.473528  7015 incremental_pipeline.cc:527] => Image sees 148 / 6607 points
2026-05-18T23:22:24 COLMAP[chunk_03_mapper_initial] I20260518 23:22:24.482409  7015 incremental_pipeline.cc:550] => Could not register, trying another image.
2026-05-18T23:22:24 COLMAP[chunk_03_mapper_initial] I20260518 23:22:24.482460  7015 incremental_pipeline.cc:524] Registering image #180 (num_reg_frames=142)
2026-05-18T23:22:24 COLMAP[chunk_03_mapper_initial] I20260518 23:22:24.482481  7015 incremental_pipeline.cc:527] => Image sees 635 / 7771 points
2026-05-18T23:22:24 COLMAP[chunk_03_mapper_initial] I20260518 23:22:24.482493  7015 incremental_pipeline.cc:533] Registering image with structure-less fallback
2026-05-18T23:22:24 COLMAP[chunk_03_mapper_initial] I20260518 23:22:24.482503  7015 incremental_pipeline.cc:535] => Image sees 3661 / 19719 correspondences
2026-05-18T23:22:26 COLMAP[chunk_03_mapper_initial] I20260518 23:22:26.184593  7015 incremental_pipeline.cc:524] Registering image #181 (num_reg_frames=143)
2026-05-18T23:22:26 COLMAP[chunk_03_mapper_initial] I20260518 23:22:26.184646  7015 incremental_pipeline.cc:527] => Image sees 735 / 7994 points
2026-05-18T23:22:27 COLMAP[chunk_03_mapper_initial] I20260518 23:22:26.942085  7015 incremental_pipeline.cc:524] Registering image #182 (num_reg_frames=144)
2026-05-18T23:22:27 COLMAP[chunk_03_mapper_initial] I20260518 23:22:26.942134  7015 incremental_pipeline.cc:527] => Image sees 780 / 7079 points
2026-05-18T23:22:27 COLMAP[chunk_03_mapper_initial] I20260518 23:22:26.985807  7015 incremental_pipeline.cc:550] => Could not register, trying another image.
2026-05-18T23:22:27 COLMAP[chunk_03_mapper_initial] I20260518 23:22:26.985845  7015 incremental_pipeline.cc:524] Registering image #179 (num_reg_frames=144)
2026-05-18T23:22:27 COLMAP[chunk_03_mapper_initial] I20260518 23:22:26.985857  7015 incremental_pipeline.cc:527] => Image sees 507 / 6568 points
2026-05-18T23:22:28 COLMAP[chunk_03_mapper_initial] I20260518 23:22:27.778409  7015 incremental_pipeline.cc:524] Registering image #178 (num_reg_frames=145)
2026-05-18T23:22:28 COLMAP[chunk_03_mapper_initial] I20260518 23:22:27.778462  7015 incremental_pipeline.cc:527] => Image sees 952 / 7245 points
2026-05-18T23:22:28 COLMAP[chunk_03_mapper_initial] I20260518 23:22:28.478375  7015 incremental_pipeline.cc:524] Registering image #177 (num_reg_frames=146)
2026-05-18T23:22:28 COLMAP[chunk_03_mapper_initial] I20260518 23:22:28.478426  7015 incremental_pipeline.cc:527] => Image sees 1465 / 6607 points
2026-05-18T23:22:29 COLMAP[chunk_03_mapper_initial] I20260518 23:22:29.408010  7015 incremental_pipeline.cc:524] Registering image #166 (num_reg_frames=147)
2026-05-18T23:22:29 COLMAP[chunk_03_mapper_initial] I20260518 23:22:29.408069  7015 incremental_pipeline.cc:527] => Image sees 2129 / 4840 points
2026-05-18T23:22:30 COLMAP[chunk_03_mapper_initial] I20260518 23:22:30.401585  7015 incremental_pipeline.cc:524] Registering image #165 (num_reg_frames=148)
2026-05-18T23:22:30 COLMAP[chunk_03_mapper_initial] I20260518 23:22:30.401640  7015 incremental_pipeline.cc:527] => Image sees 1867 / 5352 points
2026-05-18T23:22:32 COLMAP[chunk_03_mapper_initial] I20260518 23:22:31.615644  7015 incremental_pipeline.cc:524] Registering image #733 (num_reg_frames=149)
2026-05-18T23:22:32 COLMAP[chunk_03_mapper_initial] I20260518 23:22:31.615695  7015 incremental_pipeline.cc:527] => Image sees 105 / 6800 points
2026-05-18T23:22:32 COLMAP[chunk_03_mapper_initial] I20260518 23:22:31.622759  7015 incremental_pipeline.cc:550] => Could not register, trying another image.
2026-05-18T23:22:32 COLMAP[chunk_03_mapper_initial] I20260518 23:22:31.622790  7015 incremental_pipeline.cc:524] Registering image #748 (num_reg_frames=149)
2026-05-18T23:22:32 COLMAP[chunk_03_mapper_initial] I20260518 23:22:31.622800  7015 incremental_pipeline.cc:527] => Image sees 60 / 4829 points
2026-05-18T23:22:32 COLMAP[chunk_03_mapper_initial] I20260518 23:22:31.628024  7015 incremental_pipeline.cc:550] => Could not register, trying another image.
2026-05-18T23:22:32 COLMAP[chunk_03_mapper_initial] I20260518 23:22:31.628064  7015 incremental_pipeline.cc:524] Registering image #182 (num_reg_frames=149)
2026-05-18T23:22:32 COLMAP[chunk_03_mapper_initial] I20260518 23:22:31.628074  7015 incremental_pipeline.cc:527] => Image sees 1824 / 7079 points
2026-05-18T23:22:32 COLMAP[chunk_03_mapper_initial] I20260518 23:22:31.628084  7015 incremental_pipeline.cc:533] Registering image with structure-less fallback
2026-05-18T23:22:32 COLMAP[chunk_03_mapper_initial] I20260518 23:22:31.628094  7015 incremental_pipeline.cc:535] => Image sees 16727 / 16727 correspondences
2026-05-18T23:22:37 COLMAP[chunk_03_mapper_initial] I20260518 23:22:37.163264  7015 incremental_pipeline.cc:524] Registering image #733 (num_reg_frames=150)
2026-05-18T23:22:37 COLMAP[chunk_03_mapper_initial] I20260518 23:22:37.163316  7015 incremental_pipeline.cc:527] => Image sees 105 / 6800 points
2026-05-18T23:22:37 COLMAP[chunk_03_mapper_initial] I20260518 23:22:37.170688  7015 incremental_pipeline.cc:550] => Could not register, trying another image.
2026-05-18T23:22:37 COLMAP[chunk_03_mapper_initial] I20260518 23:22:37.170722  7015 incremental_pipeline.cc:524] Registering image #748 (num_reg_frames=150)
2026-05-18T23:22:37 COLMAP[chunk_03_mapper_initial] I20260518 23:22:37.170732  7015 incremental_pipeline.cc:527] => Image sees 60 / 4829 points
2026-05-18T23:22:37 COLMAP[chunk_03_mapper_initial] I20260518 23:22:37.175784  7015 incremental_pipeline.cc:550] => Could not register, trying another image.
2026-05-18T23:22:37 COLMAP[chunk_03_mapper_initial] I20260518 23:22:37.175822  7015 incremental_pipeline.cc:524] Registering image #733 (num_reg_frames=150)
2026-05-18T23:22:37 COLMAP[chunk_03_mapper_initial] I20260518 23:22:37.175832  7015 incremental_pipeline.cc:527] => Image sees 105 / 6800 points
2026-05-18T23:22:37 COLMAP[chunk_03_mapper_initial] I20260518 23:22:37.175840  7015 incremental_pipeline.cc:533] Registering image with structure-less fallback
2026-05-18T23:22:37 COLMAP[chunk_03_mapper_initial] I20260518 23:22:37.175848  7015 incremental_pipeline.cc:535] => Image sees 140 / 21030 correspondences
2026-05-18T23:22:47 COLMAP[chunk_03_mapper_initial] I20260518 23:22:47.382786  7015 incremental_pipeline.cc:550] => Could not register, trying another image.
2026-05-18T23:22:47 COLMAP[chunk_03_mapper_initial] I20260518 23:22:47.382907  7015 incremental_pipeline.cc:524] Registering image #748 (num_reg_frames=150)
2026-05-18T23:22:47 COLMAP[chunk_03_mapper_initial] I20260518 23:22:47.382951  7015 incremental_pipeline.cc:527] => Image sees 60 / 4829 points
2026-05-18T23:22:47 COLMAP[chunk_03_mapper_initial] I20260518 23:22:47.382982  7015 incremental_pipeline.cc:533] Registering image with structure-less fallback
2026-05-18T23:22:47 COLMAP[chunk_03_mapper_initial] I20260518 23:22:47.383008  7015 incremental_pipeline.cc:535] => Image sees 104 / 12136 correspondences
2026-05-18T23:22:47 COLMAP[chunk_03_mapper_initial] I20260518 23:22:47.383755  7015 incremental_pipeline.cc:550] => Could not register, trying another image.
2026-05-18T23:22:47 COLMAP[chunk_03_mapper_initial] I20260518 23:22:47.383836  7015 incremental_pipeline.cc:78] Retriangulation and Global bundle adjustment
