2026-05-18T18:45:39 COLMAP[chunk_00_mapper_initial] I20260518 18:45:38.880231  2120 incremental_pipeline.cc:78] Retriangulation and Global bundle adjustment
2026-05-18T18:45:53 COLMAP[chunk_00_mapper_initial] I20260518 18:45:52.684026  2120 incremental_pipeline.cc:524] Registering image #1410 (num_reg_frames=65)
2026-05-18T18:45:53 COLMAP[chunk_00_mapper_initial] I20260518 18:45:52.684075  2120 incremental_pipeline.cc:527] => Image sees 5231 / 7889 points
2026-05-18T18:45:54 COLMAP[chunk_00_mapper_initial] I20260518 18:45:54.379364  2120 incremental_pipeline.cc:524] Registering image #1542 (num_reg_frames=66)
2026-05-18T18:45:54 COLMAP[chunk_00_mapper_initial] I20260518 18:45:54.379424  2120 incremental_pipeline.cc:527] => Image sees 4688 / 8362 points
2026-05-18T18:45:56 COLMAP[chunk_00_mapper_initial] I20260518 18:45:55.921350  2120 incremental_pipeline.cc:524] Registering image #1411 (num_reg_frames=67)
2026-05-18T18:45:56 COLMAP[chunk_00_mapper_initial] I20260518 18:45:55.921401  2120 incremental_pipeline.cc:527] => Image sees 4841 / 7914 points
2026-05-18T18:45:58 COLMAP[chunk_00_mapper_initial] I20260518 18:45:57.571877  2120 incremental_pipeline.cc:524] Registering image #1394 (num_reg_frames=68)
2026-05-18T18:45:58 COLMAP[chunk_00_mapper_initial] I20260518 18:45:57.571929  2120 incremental_pipeline.cc:527] => Image sees 4880 / 7871 points
2026-05-18T18:45:59 COLMAP[chunk_00_mapper_initial] I20260518 18:45:59.180794  2120 incremental_pipeline.cc:524] Registering image #1541 (num_reg_frames=69)
2026-05-18T18:45:59 COLMAP[chunk_00_mapper_initial] I20260518 18:45:59.180850  2120 incremental_pipeline.cc:527] => Image sees 5036 / 8372 points
2026-05-18T18:46:01 COLMAP[chunk_00_mapper_initial] I20260518 18:46:00.810806  2120 incremental_pipeline.cc:524] Registering image #1516 (num_reg_frames=70)
2026-05-18T18:46:01 COLMAP[chunk_00_mapper_initial] I20260518 18:46:00.810885  2120 incremental_pipeline.cc:527] => Image sees 5355 / 7346 points
2026-05-18T18:46:03 COLMAP[chunk_00_mapper_initial] I20260518 18:46:02.618078  2120 incremental_pipeline.cc:524] Registering image #1517 (num_reg_frames=71)
2026-05-18T18:46:03 COLMAP[chunk_00_mapper_initial] I20260518 18:46:02.618129  2120 incremental_pipeline.cc:527] => Image sees 5556 / 7508 points
2026-05-18T18:46:04 COLMAP[chunk_00_mapper_initial] I20260518 18:46:04.370864  2120 incremental_pipeline.cc:78] Retriangulation and Global bundle adjustment
2026-05-18T18:46:25 COLMAP[chunk_00_mapper_initial] I20260518 18:46:25.356597  2120 incremental_pipeline.cc:524] Registering image #1412 (num_reg_frames=72)
2026-05-18T18:46:25 COLMAP[chunk_00_mapper_initial] I20260518 18:46:25.356657  2120 incremental_pipeline.cc:527] => Image sees 4903 / 7735 points
2026-05-18T18:46:27 COLMAP[chunk_00_mapper_initial] I20260518 18:46:26.991361  2120 incremental_pipeline.cc:524] Registering image #1518 (num_reg_frames=73)
2026-05-18T18:46:27 COLMAP[chunk_00_mapper_initial] I20260518 18:46:26.991418  2120 incremental_pipeline.cc:527] => Image sees 5417 / 7524 points
2026-05-18T18:46:29 COLMAP[chunk_00_mapper_initial] I20260518 18:46:28.730997  2120 incremental_pipeline.cc:524] Registering image #1393 (num_reg_frames=74)
2026-05-18T18:46:29 COLMAP[chunk_00_mapper_initial] I20260518 18:46:28.731055  2120 incremental_pipeline.cc:527] => Image sees 4695 / 8018 points
2026-05-18T18:46:30 COLMAP[chunk_00_mapper_initial] I20260518 18:46:30.317217  2120 incremental_pipeline.cc:524] Registering image #1540 (num_reg_frames=75)
2026-05-18T18:46:30 COLMAP[chunk_00_mapper_initial] I20260518 18:46:30.317276  2120 incremental_pipeline.cc:527] => Image sees 4808 / 8349 points
2026-05-18T18:46:32 COLMAP[chunk_00_mapper_initial] I20260518 18:46:31.881250  2120 incremental_pipeline.cc:524] Registering image #1392 (num_reg_frames=76)
2026-05-18T18:46:32 COLMAP[chunk_00_mapper_initial] I20260518 18:46:31.881328  2120 incremental_pipeline.cc:527] => Image sees 5178 / 7927 points
2026-05-18T18:46:33 COLMAP[chunk_00_mapper_initial] I20260518 18:46:33.462442  2120 incremental_pipeline.cc:524] Registering image #1539 (num_reg_frames=77)
2026-05-18T18:46:33 COLMAP[chunk_00_mapper_initial] I20260518 18:46:33.462494  2120 incremental_pipeline.cc:527] => Image sees 5071 / 7965 points
2026-05-18T18:46:35 COLMAP[chunk_00_mapper_initial] I20260518 18:46:35.010700  2120 incremental_pipeline.cc:524] Registering image #1413 (num_reg_frames=78)
2026-05-18T18:46:35 COLMAP[chunk_00_mapper_initial] I20260518 18:46:35.010752  2120 incremental_pipeline.cc:527] => Image sees 5384 / 7698 points
2026-05-18T18:46:37 COLMAP[chunk_00_mapper_initial] I20260518 18:46:36.686961  2120 incremental_pipeline.cc:524] Registering image #1520 (num_reg_frames=79)
2026-05-18T18:46:37 COLMAP[chunk_00_mapper_initial] I20260518 18:46:36.687022  2120 incremental_pipeline.cc:527] => Image sees 5701 / 7888 points
2026-05-18T18:46:38 COLMAP[chunk_00_mapper_initial] I20260518 18:46:38.470333  2120 incremental_pipeline.cc:78] Retriangulation and Global bundle adjustment
2026-05-18T18:46:55 COLMAP[chunk_00_mapper_initial] I20260518 18:46:54.583273  2120 incremental_pipeline.cc:524] Registering image #1519 (num_reg_frames=80)
2026-05-18T18:46:55 COLMAP[chunk_00_mapper_initial] I20260518 18:46:54.583329  2120 incremental_pipeline.cc:527] => Image sees 5788 / 7871 points
2026-05-18T18:46:56 COLMAP[chunk_00_mapper_initial] I20260518 18:46:56.395409  2120 incremental_pipeline.cc:524] Registering image #1414 (num_reg_frames=81)
2026-05-18T18:46:56 COLMAP[chunk_00_mapper_initial] I20260518 18:46:56.395457  2120 incremental_pipeline.cc:527] => Image sees 5351 / 7363 points
2026-05-18T18:46:58 COLMAP[chunk_00_mapper_initial] I20260518 18:46:58.115180  2120 incremental_pipeline.cc:524] Registering image #1521 (num_reg_frames=82)
2026-05-18T18:46:58 COLMAP[chunk_00_mapper_initial] I20260518 18:46:58.115236  2120 incremental_pipeline.cc:527] => Image sees 5367 / 7237 points
2026-05-18T18:47:00 COLMAP[chunk_00_mapper_initial] I20260518 18:46:59.793051  2120 incremental_pipeline.cc:524] Registering image #1515 (num_reg_frames=83)
2026-05-18T18:47:00 COLMAP[chunk_00_mapper_initial] I20260518 18:46:59.793107  2120 incremental_pipeline.cc:527] => Image sees 5545 / 7344 points
2026-05-18T18:47:02 COLMAP[chunk_00_mapper_initial] I20260518 18:47:01.590169  2120 incremental_pipeline.cc:524] Registering image #1514 (num_reg_frames=84)
2026-05-18T18:47:02 COLMAP[chunk_00_mapper_initial] I20260518 18:47:01.590220  2120 incremental_pipeline.cc:527] => Image sees 5580 / 7279 points
2026-05-18T18:47:03 COLMAP[chunk_00_mapper_initial] I20260518 18:47:03.365978  2120 incremental_pipeline.cc:524] Registering image #1513 (num_reg_frames=85)
2026-05-18T18:47:03 COLMAP[chunk_00_mapper_initial] I20260518 18:47:03.366063  2120 incremental_pipeline.cc:527] => Image sees 5762 / 7291 points
2026-05-18T18:47:05 COLMAP[chunk_00_mapper_initial] I20260518 18:47:05.171108  2120 incremental_pipeline.cc:524] Registering image #1415 (num_reg_frames=86)
2026-05-18T18:47:05 COLMAP[chunk_00_mapper_initial] I20260518 18:47:05.171164  2120 incremental_pipeline.cc:527] => Image sees 4709 / 7031 points
2026-05-18T18:47:07 COLMAP[chunk_00_mapper_initial] I20260518 18:47:06.754496  2120 incremental_pipeline.cc:524] Registering image #261 (num_reg_frames=87)
2026-05-18T18:47:07 COLMAP[chunk_00_mapper_initial] I20260518 18:47:06.754555  2120 incremental_pipeline.cc:527] => Image sees 3970 / 8736 points
2026-05-18T18:47:08 COLMAP[chunk_00_mapper_initial] I20260518 18:47:08.251149  2120 incremental_pipeline.cc:78] Retriangulation and Global bundle adjustment
2026-05-18T18:47:33 COLMAP[chunk_00_mapper_initial] I20260518 18:47:32.826190  2120 incremental_pipeline.cc:524] Registering image #409 (num_reg_frames=88)
2026-05-18T18:47:33 COLMAP[chunk_00_mapper_initial] I20260518 18:47:32.826239  2120 incremental_pipeline.cc:527] => Image sees 4283 / 8807 points
2026-05-18T18:47:34 COLMAP[chunk_00_mapper_initial] I20260518 18:47:34.442291  2120 incremental_pipeline.cc:524] Registering image #260 (num_reg_frames=89)
2026-05-18T18:47:34 COLMAP[chunk_00_mapper_initial] I20260518 18:47:34.442361  2120 incremental_pipeline.cc:527] => Image sees 4900 / 8766 points
2026-05-18T18:47:36 COLMAP[chunk_00_mapper_initial] I20260518 18:47:36.151506  2120 incremental_pipeline.cc:524] Registering image #262 (num_reg_frames=90)
2026-05-18T18:47:36 COLMAP[chunk_00_mapper_initial] I20260518 18:47:36.151564  2120 incremental_pipeline.cc:527] => Image sees 4951 / 8816 points
2026-05-18T18:47:38 COLMAP[chunk_00_mapper_initial] I20260518 18:47:37.974690  2120 incremental_pipeline.cc:524] Registering image #410 (num_reg_frames=91)
2026-05-18T18:47:38 COLMAP[chunk_00_mapper_initial] I20260518 18:47:37.974748  2120 incremental_pipeline.cc:527] => Image sees 5244 / 8986 points
2026-05-18T18:47:40 COLMAP[chunk_00_mapper_initial] I20260518 18:47:39.727460  2120 incremental_pipeline.cc:524] Registering image #408 (num_reg_frames=92)
2026-05-18T18:47:40 COLMAP[chunk_00_mapper_initial] I20260518 18:47:39.727514  2120 incremental_pipeline.cc:527] => Image sees 5237 / 8870 points
2026-05-18T18:47:41 COLMAP[chunk_00_mapper_initial] I20260518 18:47:41.533093  2120 incremental_pipeline.cc:524] Registering image #411 (num_reg_frames=93)
2026-05-18T18:47:41 COLMAP[chunk_00_mapper_initial] I20260518 18:47:41.533147  2120 incremental_pipeline.cc:527] => Image sees 5184 / 8714 points
2026-05-18T18:47:43 COLMAP[chunk_00_mapper_initial] I20260518 18:47:43.402539  2120 incremental_pipeline.cc:524] Registering image #412 (num_reg_frames=94)
2026-05-18T18:47:43 COLMAP[chunk_00_mapper_initial] I20260518 18:47:43.402602  2120 incremental_pipeline.cc:527] => Image sees 4606 / 8331 points
2026-05-18T18:47:45 COLMAP[chunk_00_mapper_initial] I20260518 18:47:45.057528  2120 incremental_pipeline.cc:524] Registering image #259 (num_reg_frames=95)
2026-05-18T18:47:45 COLMAP[chunk_00_mapper_initial] I20260518 18:47:45.057587  2120 incremental_pipeline.cc:527] => Image sees 5131 / 7787 points
2026-05-18T18:47:47 COLMAP[chunk_00_mapper_initial] I20260518 18:47:46.837628  2120 incremental_pipeline.cc:524] Registering image #407 (num_reg_frames=96)
2026-05-18T18:47:47 COLMAP[chunk_00_mapper_initial] I20260518 18:47:46.837693  2120 incremental_pipeline.cc:527] => Image sees 5453 / 8395 points
2026-05-18T18:47:49 COLMAP[chunk_00_mapper_initial] I20260518 18:47:48.750344  2120 incremental_pipeline.cc:78] Retriangulation and Global bundle adjustment
2026-05-18T18:48:17 COLMAP[chunk_00_mapper_initial] I20260518 18:48:17.405664  2120 incremental_pipeline.cc:524] Registering image #405 (num_reg_frames=97)
2026-05-18T18:48:17 COLMAP[chunk_00_mapper_initial] I20260518 18:48:17.405753  2120 incremental_pipeline.cc:527] => Image sees 4792 / 8272 points
2026-05-18T18:48:19 COLMAP[chunk_00_mapper_initial] I20260518 18:48:19.359797  2120 incremental_pipeline.cc:524] Registering image #303 (num_reg_frames=98)
2026-05-18T18:48:19 COLMAP[chunk_00_mapper_initial] I20260518 18:48:19.359845  2120 incremental_pipeline.cc:527] => Image sees 4117 / 8788 points
2026-05-18T18:48:21 COLMAP[chunk_00_mapper_initial] I20260518 18:48:21.164354  2120 incremental_pipeline.cc:524] Registering image #300 (num_reg_frames=99)
2026-05-18T18:48:21 COLMAP[chunk_00_mapper_initial] I20260518 18:48:21.164403  2120 incremental_pipeline.cc:527] => Image sees 4901 / 8667 points
2026-05-18T18:48:23 COLMAP[chunk_00_mapper_initial] I20260518 18:48:23.230082  2120 incremental_pipeline.cc:524] Registering image #302 (num_reg_frames=100)
2026-05-18T18:48:23 COLMAP[chunk_00_mapper_initial] I20260518 18:48:23.230144  2120 incremental_pipeline.cc:527] => Image sees 5235 / 8826 points
2026-05-18T18:48:25 COLMAP[chunk_00_mapper_initial] I20260518 18:48:25.463315  2120 incremental_pipeline.cc:524] Registering image #301 (num_reg_frames=101)
2026-05-18T18:48:25 COLMAP[chunk_00_mapper_initial] I20260518 18:48:25.463372  2120 incremental_pipeline.cc:527] => Image sees 5900 / 8847 points
2026-05-18T18:48:28 COLMAP[chunk_00_mapper_initial] I20260518 18:48:27.762339  2120 incremental_pipeline.cc:524] Registering image #304 (num_reg_frames=102)
2026-05-18T18:48:28 COLMAP[chunk_00_mapper_initial] I20260518 18:48:27.762395  2120 incremental_pipeline.cc:527] => Image sees 4972 / 8602 points
2026-05-18T18:48:30 COLMAP[chunk_00_mapper_initial] I20260518 18:48:29.913091  2120 incremental_pipeline.cc:524] Registering image #299 (num_reg_frames=103)
2026-05-18T18:48:30 COLMAP[chunk_00_mapper_initial] I20260518 18:48:29.913143  2120 incremental_pipeline.cc:527] => Image sees 5889 / 8387 points
2026-05-18T18:48:32 COLMAP[chunk_00_mapper_initial] I20260518 18:48:32.303828  2120 incremental_pipeline.cc:524] Registering image #297 (num_reg_frames=104)
2026-05-18T18:48:32 COLMAP[chunk_00_mapper_initial] I20260518 18:48:32.303875  2120 incremental_pipeline.cc:527] => Image sees 5545 / 8437 points
2026-05-18T18:48:35 COLMAP[chunk_00_mapper_initial] I20260518 18:48:34.597796  2120 incremental_pipeline.cc:524] Registering image #305 (num_reg_frames=105)
2026-05-18T18:48:35 COLMAP[chunk_00_mapper_initial] I20260518 18:48:34.597842  2120 incremental_pipeline.cc:527] => Image sees 5339 / 8527 points
2026-05-18T18:48:37 COLMAP[chunk_00_mapper_initial] I20260518 18:48:36.804597  2120 incremental_pipeline.cc:524] Registering image #298 (num_reg_frames=106)
2026-05-18T18:48:37 COLMAP[chunk_00_mapper_initial] I20260518 18:48:36.804647  2120 incremental_pipeline.cc:527] => Image sees 5102 / 8621 points
2026-05-18T18:48:39 COLMAP[chunk_00_mapper_initial] I20260518 18:48:38.814198  2120 incremental_pipeline.cc:78] Retriangulation and Global bundle adjustment
2026-05-18T18:49:17 COLMAP[chunk_00_mapper_initial] I20260518 18:49:17.041458  2120 incremental_pipeline.cc:524] Registering image #306 (num_reg_frames=107)
2026-05-18T18:49:17 COLMAP[chunk_00_mapper_initial] I20260518 18:49:17.041553  2120 incremental_pipeline.cc:527] => Image sees 5310 / 8585 points
2026-05-18T18:49:19 COLMAP[chunk_00_mapper_initial] I20260518 18:49:18.966663  2120 incremental_pipeline.cc:524] Registering image #296 (num_reg_frames=108)
2026-05-18T18:49:19 COLMAP[chunk_00_mapper_initial] I20260518 18:49:18.966722  2120 incremental_pipeline.cc:527] => Image sees 4193 / 8149 points
2026-05-18T18:49:21 COLMAP[chunk_00_mapper_initial] I20260518 18:49:20.701261  2120 incremental_pipeline.cc:524] Registering image #307 (num_reg_frames=109)
2026-05-18T18:49:21 COLMAP[chunk_00_mapper_initial] I20260518 18:49:20.701321  2120 incremental_pipeline.cc:527] => Image sees 4674 / 8492 points
2026-05-18T18:49:22 COLMAP[chunk_00_mapper_initial] I20260518 18:49:22.461437  2120 incremental_pipeline.cc:524] Registering image #406 (num_reg_frames=110)
2026-05-18T18:49:22 COLMAP[chunk_00_mapper_initial] I20260518 18:49:22.461493  2120 incremental_pipeline.cc:527] => Image sees 4842 / 7617 points
2026-05-18T18:49:24 COLMAP[chunk_00_mapper_initial] I20260518 18:49:24.337378  2120 incremental_pipeline.cc:524] Registering image #308 (num_reg_frames=111)
2026-05-18T18:49:24 COLMAP[chunk_00_mapper_initial] I20260518 18:49:24.337440  2120 incremental_pipeline.cc:527] => Image sees 4256 / 8054 points
2026-05-18T18:49:26 COLMAP[chunk_00_mapper_initial] I20260518 18:49:25.928053  2120 incremental_pipeline.cc:524] Registering image #364 (num_reg_frames=112)
2026-05-18T18:49:26 COLMAP[chunk_00_mapper_initial] I20260518 18:49:25.928102  2120 incremental_pipeline.cc:527] => Image sees 4653 / 8266 points
2026-05-18T18:49:28 COLMAP[chunk_00_mapper_initial] I20260518 18:49:27.627445  2120 incremental_pipeline.cc:524] Registering image #365 (num_reg_frames=113)
2026-05-18T18:49:28 COLMAP[chunk_00_mapper_initial] I20260518 18:49:27.627501  2120 incremental_pipeline.cc:527] => Image sees 4852 / 8351 points
2026-05-18T18:49:29 COLMAP[chunk_00_mapper_initial] I20260518 18:49:29.412354  2120 incremental_pipeline.cc:524] Registering image #366 (num_reg_frames=114)
2026-05-18T18:49:29 COLMAP[chunk_00_mapper_initial] I20260518 18:49:29.412410  2120 incremental_pipeline.cc:527] => Image sees 5022 / 8232 points
2026-05-18T18:49:31 COLMAP[chunk_00_mapper_initial] I20260518 18:49:31.183880  2120 incremental_pipeline.cc:524] Registering image #363 (num_reg_frames=115)
2026-05-18T18:49:31 COLMAP[chunk_00_mapper_initial] I20260518 18:49:31.183939  2120 incremental_pipeline.cc:527] => Image sees 5367 / 8168 points
2026-05-18T18:49:33 COLMAP[chunk_00_mapper_initial] I20260518 18:49:32.981600  2120 incremental_pipeline.cc:524] Registering image #362 (num_reg_frames=116)
2026-05-18T18:49:33 COLMAP[chunk_00_mapper_initial] I20260518 18:49:32.981652  2120 incremental_pipeline.cc:527] => Image sees 5262 / 8147 points
2026-05-18T18:49:35 COLMAP[chunk_00_mapper_initial] I20260518 18:49:34.803551  2120 incremental_pipeline.cc:524] Registering image #361 (num_reg_frames=117)
2026-05-18T18:49:35 COLMAP[chunk_00_mapper_initial] I20260518 18:49:34.803610  2120 incremental_pipeline.cc:527] => Image sees 5041 / 8179 points
2026-05-18T18:49:36 COLMAP[chunk_00_mapper_initial] I20260518 18:49:36.413331  2120 incremental_pipeline.cc:78] Retriangulation and Global bundle adjustment
2026-05-18T18:50:19 COLMAP[chunk_00_mapper_initial] I20260518 18:50:18.882061  2120 incremental_pipeline.cc:524] Registering image #353 (num_reg_frames=118)
2026-05-18T18:50:19 COLMAP[chunk_00_mapper_initial] I20260518 18:50:18.882139  2120 incremental_pipeline.cc:527] => Image sees 4947 / 7784 points
2026-05-18T18:50:21 COLMAP[chunk_00_mapper_initial] I20260518 18:50:20.814729  2120 incremental_pipeline.cc:524] Registering image #351 (num_reg_frames=119)
2026-05-18T18:50:21 COLMAP[chunk_00_mapper_initial] I20260518 18:50:20.814792  2120 incremental_pipeline.cc:527] => Image sees 4914 / 7684 points
2026-05-18T18:50:23 COLMAP[chunk_00_mapper_initial] I20260518 18:50:22.781322  2120 incremental_pipeline.cc:524] Registering image #354 (num_reg_frames=120)
2026-05-18T18:50:23 COLMAP[chunk_00_mapper_initial] I20260518 18:50:22.781376  2120 incremental_pipeline.cc:527] => Image sees 5263 / 7788 points
2026-05-18T18:50:25 COLMAP[chunk_00_mapper_initial] I20260518 18:50:24.734431  2120 incremental_pipeline.cc:524] Registering image #352 (num_reg_frames=121)
2026-05-18T18:50:25 COLMAP[chunk_00_mapper_initial] I20260518 18:50:24.734485  2120 incremental_pipeline.cc:527] => Image sees 4990 / 7727 points
2026-05-18T18:50:27 COLMAP[chunk_00_mapper_initial] I20260518 18:50:26.626632  2120 incremental_pipeline.cc:524] Registering image #360 (num_reg_frames=122)
2026-05-18T18:50:27 COLMAP[chunk_00_mapper_initial] I20260518 18:50:26.626689  2120 incremental_pipeline.cc:527] => Image sees 4930 / 8234 points
2026-05-18T18:50:28 COLMAP[chunk_00_mapper_initial] I20260518 18:50:28.308923  2120 incremental_pipeline.cc:524] Registering image #355 (num_reg_frames=123)
2026-05-18T18:50:28 COLMAP[chunk_00_mapper_initial] I20260518 18:50:28.308979  2120 incremental_pipeline.cc:527] => Image sees 5171 / 7805 points
2026-05-18T18:50:30 COLMAP[chunk_00_mapper_initial] I20260518 18:50:30.155774  2120 incremental_pipeline.cc:524] Registering image #356 (num_reg_frames=124)
2026-05-18T18:50:30 COLMAP[chunk_00_mapper_initial] I20260518 18:50:30.155838  2120 incremental_pipeline.cc:527] => Image sees 5060 / 8100 points
2026-05-18T18:50:32 COLMAP[chunk_00_mapper_initial] I20260518 18:50:31.954483  2120 incremental_pipeline.cc:524] Registering image #359 (num_reg_frames=125)
2026-05-18T18:50:32 COLMAP[chunk_00_mapper_initial] I20260518 18:50:31.954540  2120 incremental_pipeline.cc:527] => Image sees 5535 / 8323 points
2026-05-18T18:50:34 COLMAP[chunk_00_mapper_initial] I20260518 18:50:33.886703  2120 incremental_pipeline.cc:524] Registering image #357 (num_reg_frames=126)
2026-05-18T18:50:34 COLMAP[chunk_00_mapper_initial] I20260518 18:50:33.886755  2120 incremental_pipeline.cc:527] => Image sees 5518 / 8491 points
2026-05-18T18:50:36 COLMAP[chunk_00_mapper_initial] I20260518 18:50:35.748858  2120 incremental_pipeline.cc:524] Registering image #358 (num_reg_frames=127)
2026-05-18T18:50:36 COLMAP[chunk_00_mapper_initial] I20260518 18:50:35.748914  2120 incremental_pipeline.cc:527] => Image sees 5941 / 8473 points
2026-05-18T18:50:38 COLMAP[chunk_00_mapper_initial] I20260518 18:50:37.653988  2120 incremental_pipeline.cc:524] Registering image #1450 (num_reg_frames=128)
2026-05-18T18:50:38 COLMAP[chunk_00_mapper_initial] I20260518 18:50:37.654037  2120 incremental_pipeline.cc:527] => Image sees 4679 / 8305 points
2026-05-18T18:50:39 COLMAP[chunk_00_mapper_initial] I20260518 18:50:39.343901  2120 incremental_pipeline.cc:524] Registering image #1452 (num_reg_frames=129)
2026-05-18T18:50:39 COLMAP[chunk_00_mapper_initial] I20260518 18:50:39.343954  2120 incremental_pipeline.cc:527] => Image sees 5189 / 8404 points
2026-05-18T18:50:41 COLMAP[chunk_00_mapper_initial] I20260518 18:50:41.071956  2120 incremental_pipeline.cc:78] Retriangulation and Global bundle adjustment
2026-05-18T18:51:38 COLMAP[chunk_00_mapper_initial] I20260518 18:51:38.058473  2120 incremental_pipeline.cc:524] Registering image #1453 (num_reg_frames=130)
2026-05-18T18:51:38 COLMAP[chunk_00_mapper_initial] I20260518 18:51:38.058568  2120 incremental_pipeline.cc:527] => Image sees 5629 / 8262 points
2026-05-18T18:51:40 COLMAP[chunk_00_mapper_initial] I20260518 18:51:39.928467  2120 incremental_pipeline.cc:524] Registering image #1451 (num_reg_frames=131)
2026-05-18T18:51:40 COLMAP[chunk_00_mapper_initial] I20260518 18:51:39.928521  2120 incremental_pipeline.cc:527] => Image sees 5855 / 8171 points
2026-05-18T18:51:42 COLMAP[chunk_00_mapper_initial] I20260518 18:51:41.785254  2120 incremental_pipeline.cc:524] Registering image #1454 (num_reg_frames=132)
2026-05-18T18:51:42 COLMAP[chunk_00_mapper_initial] I20260518 18:51:41.785306  2120 incremental_pipeline.cc:527] => Image sees 5529 / 7989 points
2026-05-18T18:51:44 COLMAP[chunk_00_mapper_initial] I20260518 18:51:43.706897  2120 incremental_pipeline.cc:524] Registering image #1449 (num_reg_frames=133)
2026-05-18T18:51:44 COLMAP[chunk_00_mapper_initial] I20260518 18:51:43.706950  2120 incremental_pipeline.cc:527] => Image sees 5640 / 7211 points
2026-05-18T18:51:45 COLMAP[chunk_00_mapper_initial] I20260518 18:51:45.571292  2120 incremental_pipeline.cc:524] Registering image #1455 (num_reg_frames=134)
2026-05-18T18:51:45 COLMAP[chunk_00_mapper_initial] I20260518 18:51:45.571347  2120 incremental_pipeline.cc:527] => Image sees 5650 / 7534 points
2026-05-18T18:51:47 COLMAP[chunk_00_mapper_initial] I20260518 18:51:47.462062  2120 incremental_pipeline.cc:524] Registering image #1456 (num_reg_frames=135)
2026-05-18T18:51:47 COLMAP[chunk_00_mapper_initial] I20260518 18:51:47.462112  2120 incremental_pipeline.cc:527] => Image sees 5619 / 7421 points
2026-05-18T18:51:49 COLMAP[chunk_00_mapper_initial] I20260518 18:51:49.280987  2120 incremental_pipeline.cc:524] Registering image #1457 (num_reg_frames=136)
2026-05-18T18:51:49 COLMAP[chunk_00_mapper_initial] I20260518 18:51:49.281040  2120 incremental_pipeline.cc:527] => Image sees 5575 / 7403 points
2026-05-18T18:51:51 COLMAP[chunk_00_mapper_initial] I20260518 18:51:51.149652  2120 incremental_pipeline.cc:524] Registering image #1458 (num_reg_frames=137)
2026-05-18T18:51:51 COLMAP[chunk_00_mapper_initial] I20260518 18:51:51.149729  2120 incremental_pipeline.cc:527] => Image sees 5613 / 7458 points
2026-05-18T18:51:53 COLMAP[chunk_00_mapper_initial] I20260518 18:51:52.888525  2120 incremental_pipeline.cc:524] Registering image #1459 (num_reg_frames=138)
2026-05-18T18:51:53 COLMAP[chunk_00_mapper_initial] I20260518 18:51:52.888581  2120 incremental_pipeline.cc:527] => Image sees 5349 / 7156 points
2026-05-18T18:51:55 COLMAP[chunk_00_mapper_initial] I20260518 18:51:54.660980  2120 incremental_pipeline.cc:524] Registering image #1460 (num_reg_frames=139)
2026-05-18T18:51:55 COLMAP[chunk_00_mapper_initial] I20260518 18:51:54.661031  2120 incremental_pipeline.cc:527] => Image sees 5258 / 7052 points
2026-05-18T18:51:56 COLMAP[chunk_00_mapper_initial] I20260518 18:51:56.422585  2120 incremental_pipeline.cc:524] Registering image #1461 (num_reg_frames=140)
2026-05-18T18:51:56 COLMAP[chunk_00_mapper_initial] I20260518 18:51:56.422636  2120 incremental_pipeline.cc:527] => Image sees 5209 / 6867 points
2026-05-18T18:51:58 COLMAP[chunk_00_mapper_initial] I20260518 18:51:58.192539  2120 incremental_pipeline.cc:524] Registering image #350 (num_reg_frames=141)
2026-05-18T18:51:58 COLMAP[chunk_00_mapper_initial] I20260518 18:51:58.192597  2120 incremental_pipeline.cc:527] => Image sees 4341 / 6701 points
2026-05-18T18:52:00 COLMAP[chunk_00_mapper_initial] I20260518 18:51:59.940819  2120 incremental_pipeline.cc:524] Registering image #1462 (num_reg_frames=142)
2026-05-18T18:52:00 COLMAP[chunk_00_mapper_initial] I20260518 18:51:59.940878  2120 incremental_pipeline.cc:527] => Image sees 5020 / 6687 points
2026-05-18T18:52:02 COLMAP[chunk_00_mapper_initial] I20260518 18:52:01.721342  2120 incremental_pipeline.cc:78] Retriangulation and Global bundle adjustment
2026-05-18T18:52:58 COLMAP[chunk_00_mapper_initial] I20260518 18:52:57.939278  2120 incremental_pipeline.cc:524] Registering image #367 (num_reg_frames=143)
2026-05-18T18:52:58 COLMAP[chunk_00_mapper_initial] I20260518 18:52:57.939361  2120 incremental_pipeline.cc:527] => Image sees 4779 / 6745 points
2026-05-18T18:53:00 COLMAP[chunk_00_mapper_initial] I20260518 18:52:59.780462  2120 incremental_pipeline.cc:524] Registering image #1434 (num_reg_frames=144)
2026-05-18T18:53:00 COLMAP[chunk_00_mapper_initial] I20260518 18:52:59.780516  2120 incremental_pipeline.cc:527] => Image sees 5219 / 9750 points
2026-05-18T18:53:02 COLMAP[chunk_00_mapper_initial] I20260518 18:53:01.755832  2120 incremental_pipeline.cc:524] Registering image #1463 (num_reg_frames=145)
2026-05-18T18:53:02 COLMAP[chunk_00_mapper_initial] I20260518 18:53:01.755883  2120 incremental_pipeline.cc:527] => Image sees 4766 / 6564 points
2026-05-18T18:53:03 COLMAP[chunk_00_mapper_initial] I20260518 18:53:03.460409  2120 incremental_pipeline.cc:524] Registering image #1465 (num_reg_frames=146)
2026-05-18T18:53:03 COLMAP[chunk_00_mapper_initial] I20260518 18:53:03.460462  2120 incremental_pipeline.cc:527] => Image sees 5811 / 8895 points
2026-05-18T18:53:05 COLMAP[chunk_00_mapper_initial] I20260518 18:53:05.459332  2120 incremental_pipeline.cc:524] Registering image #1464 (num_reg_frames=147)
2026-05-18T18:53:05 COLMAP[chunk_00_mapper_initial] I20260518 18:53:05.459393  2120 incremental_pipeline.cc:527] => Image sees 4850 / 6492 points
2026-05-18T18:53:07 COLMAP[chunk_00_mapper_initial] I20260518 18:53:07.303501  2120 incremental_pipeline.cc:524] Registering image #1466 (num_reg_frames=148)
2026-05-18T18:53:07 COLMAP[chunk_00_mapper_initial] I20260518 18:53:07.303565  2120 incremental_pipeline.cc:527] => Image sees 6225 / 9118 points
2026-05-18T18:53:09 COLMAP[chunk_00_mapper_initial] I20260518 18:53:09.455425  2120 incremental_pipeline.cc:524] Registering image #1467 (num_reg_frames=149)
2026-05-18T18:53:09 COLMAP[chunk_00_mapper_initial] I20260518 18:53:09.455480  2120 incremental_pipeline.cc:527] => Image sees 6265 / 9068 points
2026-05-18T18:53:11 COLMAP[chunk_00_mapper_initial] I20260518 18:53:11.492272  2120 incremental_pipeline.cc:524] Registering image #1468 (num_reg_frames=150)
2026-05-18T18:53:11 COLMAP[chunk_00_mapper_initial] I20260518 18:53:11.492328  2120 incremental_pipeline.cc:527] => Image sees 5909 / 9154 points
2026-05-18T18:53:13 COLMAP[chunk_00_mapper_initial] I20260518 18:53:13.467540  2120 incremental_pipeline.cc:524] Registering image #1491 (num_reg_frames=151)
2026-05-18T18:53:13 COLMAP[chunk_00_mapper_initial] I20260518 18:53:13.467593  2120 incremental_pipeline.cc:527] => Image sees 4926 / 7044 points
2026-05-18T18:53:15 COLMAP[chunk_00_mapper_initial] I20260518 18:53:15.365152  2120 incremental_pipeline.cc:524] Registering image #1469 (num_reg_frames=152)
2026-05-18T18:53:15 COLMAP[chunk_00_mapper_initial] I20260518 18:53:15.365211  2120 incremental_pipeline.cc:527] => Image sees 5553 / 9103 points
2026-05-18T18:53:17 COLMAP[chunk_00_mapper_initial] I20260518 18:53:17.306779  2120 incremental_pipeline.cc:524] Registering image #1433 (num_reg_frames=153)
2026-05-18T18:53:17 COLMAP[chunk_00_mapper_initial] I20260518 18:53:17.306841  2120 incremental_pipeline.cc:527] => Image sees 5231 / 9553 points
2026-05-18T18:53:19 COLMAP[chunk_00_mapper_initial] I20260518 18:53:19.304318  2120 incremental_pipeline.cc:524] Registering image #1490 (num_reg_frames=154)
2026-05-18T18:53:19 COLMAP[chunk_00_mapper_initial] I20260518 18:53:19.304375  2120 incremental_pipeline.cc:527] => Image sees 6488 / 9884 points
2026-05-18T18:53:21 COLMAP[chunk_00_mapper_initial] I20260518 18:53:21.410517  2120 incremental_pipeline.cc:524] Registering image #1470 (num_reg_frames=155)
2026-05-18T18:53:21 COLMAP[chunk_00_mapper_initial] I20260518 18:53:21.410563  2120 incremental_pipeline.cc:527] => Image sees 5935 / 9407 points
2026-05-18T18:53:23 COLMAP[chunk_00_mapper_initial] I20260518 18:53:23.388545  2120 incremental_pipeline.cc:524] Registering image #1489 (num_reg_frames=156)
2026-05-18T18:53:23 COLMAP[chunk_00_mapper_initial] I20260518 18:53:23.388600  2120 incremental_pipeline.cc:527] => Image sees 6051 / 9086 points
2026-05-18T18:53:25 COLMAP[chunk_00_mapper_initial] I20260518 18:53:25.398518  2120 incremental_pipeline.cc:524] Registering image #1471 (num_reg_frames=157)
2026-05-18T18:53:25 COLMAP[chunk_00_mapper_initial] I20260518 18:53:25.398576  2120 incremental_pipeline.cc:527] => Image sees 5571 / 7782 points
2026-05-18T18:53:27 COLMAP[chunk_00_mapper_initial] I20260518 18:53:27.241926  2120 incremental_pipeline.cc:78] Retriangulation and Global bundle adjustment
2026-05-18T18:54:33 COLMAP[chunk_00_mapper_initial] I20260518 18:54:33.386251  2120 incremental_pipeline.cc:524] Registering image #1555 (num_reg_frames=158)
2026-05-18T18:54:33 COLMAP[chunk_00_mapper_initial] I20260518 18:54:33.386333  2120 incremental_pipeline.cc:527] => Image sees 4455 / 7038 points
2026-05-18T18:54:35 COLMAP[chunk_00_mapper_initial] I20260518 18:54:35.036871  2120 incremental_pipeline.cc:524] Registering image #1554 (num_reg_frames=159)
2026-05-18T18:54:35 COLMAP[chunk_00_mapper_initial] I20260518 18:54:35.036926  2120 incremental_pipeline.cc:527] => Image sees 4545 / 6894 points
2026-05-18T18:54:36 COLMAP[chunk_00_mapper_initial] I20260518 18:54:36.640386  2120 incremental_pipeline.cc:524] Registering image #1636 (num_reg_frames=160)
2026-05-18T18:54:36 COLMAP[chunk_00_mapper_initial] I20260518 18:54:36.640436  2120 incremental_pipeline.cc:527] => Image sees 117 / 6551 points
2026-05-18T18:54:37 COLMAP[chunk_00_mapper_initial] I20260518 18:54:37.486152  2120 incremental_pipeline.cc:524] Registering image #1681 (num_reg_frames=161)
2026-05-18T18:54:37 COLMAP[chunk_00_mapper_initial] I20260518 18:54:37.486202  2120 incremental_pipeline.cc:527] => Image sees 143 / 6303 points
2026-05-18T18:54:38 COLMAP[chunk_00_mapper_initial] I20260518 18:54:38.583747  2120 incremental_pipeline.cc:524] Registering image #1637 (num_reg_frames=162)
2026-05-18T18:54:38 COLMAP[chunk_00_mapper_initial] I20260518 18:54:38.583810  2120 incremental_pipeline.cc:527] => Image sees 1694 / 6753 points
2026-05-18T18:54:40 COLMAP[chunk_00_mapper_initial] I20260518 18:54:39.841085  2120 incremental_pipeline.cc:524] Registering image #1638 (num_reg_frames=163)
2026-05-18T18:54:40 COLMAP[chunk_00_mapper_initial] I20260518 18:54:39.841143  2120 incremental_pipeline.cc:527] => Image sees 2471 / 6128 points
2026-05-18T18:54:41 COLMAP[chunk_00_mapper_initial] I20260518 18:54:41.197139  2120 incremental_pipeline.cc:524] Registering image #1639 (num_reg_frames=164)
2026-05-18T18:54:41 COLMAP[chunk_00_mapper_initial] I20260518 18:54:41.197191  2120 incremental_pipeline.cc:527] => Image sees 2545 / 5298 points
2026-05-18T18:54:43 COLMAP[chunk_00_mapper_initial] I20260518 18:54:42.830870  2120 incremental_pipeline.cc:524] Registering image #1683 (num_reg_frames=165)
2026-05-18T18:54:43 COLMAP[chunk_00_mapper_initial] I20260518 18:54:42.830930  2120 incremental_pipeline.cc:527] => Image sees 2555 / 5587 points
2026-05-18T18:54:44 COLMAP[chunk_00_mapper_initial] I20260518 18:54:44.198432  2120 incremental_pipeline.cc:524] Registering image #1678 (num_reg_frames=166)
2026-05-18T18:54:44 COLMAP[chunk_00_mapper_initial] I20260518 18:54:44.198490  2120 incremental_pipeline.cc:527] => Image sees 3281 / 6136 points
2026-05-18T18:54:45 COLMAP[chunk_00_mapper_initial] I20260518 18:54:45.492606  2120 incremental_pipeline.cc:524] Registering image #1682 (num_reg_frames=167)
2026-05-18T18:54:45 COLMAP[chunk_00_mapper_initial] I20260518 18:54:45.492657  2120 incremental_pipeline.cc:527] => Image sees 3626 / 6023 points
2026-05-18T18:54:47 COLMAP[chunk_00_mapper_initial] I20260518 18:54:46.867077  2120 incremental_pipeline.cc:524] Registering image #1679 (num_reg_frames=168)
2026-05-18T18:54:47 COLMAP[chunk_00_mapper_initial] I20260518 18:54:46.867142  2120 incremental_pipeline.cc:527] => Image sees 3931 / 6379 points
2026-05-18T18:54:48 COLMAP[chunk_00_mapper_initial] I20260518 18:54:48.302537  2120 incremental_pipeline.cc:78] Retriangulation and Global bundle adjustment
2026-05-18T18:55:50 COLMAP[chunk_00_mapper_initial] I20260518 18:55:50.508287  2120 incremental_pipeline.cc:524] Registering image #1635 (num_reg_frames=169)
2026-05-18T18:55:50 COLMAP[chunk_00_mapper_initial] I20260518 18:55:50.508374  2120 incremental_pipeline.cc:527] => Image sees 3270 / 5080 points
2026-05-18T18:55:52 COLMAP[chunk_00_mapper_initial] I20260518 18:55:51.870796  2120 incremental_pipeline.cc:524] Registering image #1677 (num_reg_frames=170)
2026-05-18T18:55:52 COLMAP[chunk_00_mapper_initial] I20260518 18:55:51.870853  2120 incremental_pipeline.cc:527] => Image sees 3401 / 4447 points
2026-05-18T18:55:53 COLMAP[chunk_00_mapper_initial] I20260518 18:55:53.273159  2120 incremental_pipeline.cc:524] Registering image #1680 (num_reg_frames=171)
2026-05-18T18:55:53 COLMAP[chunk_00_mapper_initial] I20260518 18:55:53.273219  2120 incremental_pipeline.cc:527] => Image sees 3162 / 4796 points
2026-05-18T18:55:54 COLMAP[chunk_00_mapper_initial] I20260518 18:55:54.685870  2120 incremental_pipeline.cc:78] Retriangulation and Global bundle adjustment
2026-05-18T18:56:24 COLMAP[chunk_00_mapper_initial] I20260518 18:56:24.465121  2120 incremental_pipeline.cc:78] Retriangulation and Global bundle adjustment
2026-05-18T18:56:48 COLMAP[chunk_00_mapper_initial] I20260518 18:56:48.603108  2120 incremental_pipeline.cc:710] Keeping successful reconstruction
2026-05-18T18:56:49 COLMAP[chunk_00_mapper_initial] I20260518 18:56:48.870784  2120 timer.cc:90] Elapsed time: 14.042 [minutes]
2026-05-18T18:56:49 2026-05-18 18:56:48,948 - INFO - [chunk_00_mapper_initial_model_converter_0] colmap model_converter --input_path /tmp/colmap_sfm_rcnmny4o/chunk_00/sparse_initial/0 --output_path /tmp/colmap_sfm_rcnmny4o/text_models/chunk_00_mapper_initial/0 --output_type TXT
2026-05-18T18:56:53 2026-05-18 18:56:53,010 - INFO - chunk_00_mapper_initial model 0 registered 172/172 images and 111665 points
2026-05-18T18:57:47 2026-05-18 18:57:47,659 - INFO - Prepared chunk 1 database by pruning global features down to 185 images
2026-05-18T18:57:47 2026-05-18 18:57:47,660 - INFO - [chunk_01_spatial_matcher] colmap spatial_matcher --database_path /tmp/colmap_sfm_rcnmny4o/chunk_01/database.db --FeatureMatching.use_gpu 1 --FeatureMatching.guided_matching 1 --SpatialMatching.ignore_z 0 --SpatialMatching.max_num_neighbors 12 --SpatialMatching.max_distance 120.0
2026-05-18T18:57:48 COLMAP[chunk_01_spatial_matcher] I20260518 18:57:47.859951  3756 feature_matching.cc:195] === Feature matching & geometric verification ===
2026-05-18T18:57:48 COLMAP[chunk_01_spatial_matcher] I20260518 18:57:47.942165  3757 feature_matching_utils.cc:80] Bind FeatureMatcherWorker to GPU device 0
2026-05-18T18:57:48 COLMAP[chunk_01_spatial_matcher] I20260518 18:57:47.942168  3763 feature_matching_utils.cc:80] Bind FeatureMatcherWorker to GPU device 0
2026-05-18T18:57:48 COLMAP[chunk_01_spatial_matcher] I20260518 18:57:47.942874  3757 sift.cc:1547] Creating SIFT GPU feature matcher
2026-05-18T18:57:48 COLMAP[chunk_01_spatial_matcher] I20260518 18:57:47.942879  3763 sift.cc:1547] Creating SIFT GPU feature matcher
2026-05-18T18:57:48 COLMAP[chunk_01_spatial_matcher] I20260518 18:57:47.946493  3756 pairing.cc:560] Generating spatial image pairs...
2026-05-18T18:57:48 COLMAP[chunk_01_spatial_matcher] I20260518 18:57:47.946523  3756 pairing.cc:565] Indexing images...
2026-05-18T18:57:48 COLMAP[chunk_01_spatial_matcher] I20260518 18:57:47.947921  3756 pairing.cc:570]  in 0.001s
2026-05-18T18:57:48 COLMAP[chunk_01_spatial_matcher] I20260518 18:57:47.947949  3756 pairing.cc:584] Building search index...
2026-05-18T18:57:48 COLMAP[chunk_01_spatial_matcher] I20260518 18:57:47.948123  3756 pairing.cc:589]  in 0.000s
2026-05-18T18:57:48 COLMAP[chunk_01_spatial_matcher] I20260518 18:57:47.948144  3756 pairing.cc:592] Searching for nearest neighbors...
2026-05-18T18:57:48 COLMAP[chunk_01_spatial_matcher] I20260518 18:57:47.959105  3756 pairing.cc:608]  in 0.011s
2026-05-18T18:57:48 COLMAP[chunk_01_spatial_matcher] I20260518 18:57:47.959455  3756 pairing.cc:631] Processing image [1/185]
2026-05-18T18:57:48 COLMAP[chunk_01_spatial_matcher] I20260518 18:57:48.329113  3756 feature_matching.cc:217] in 0.370s
2026-05-18T18:57:48 COLMAP[chunk_01_spatial_matcher] I20260518 18:57:48.329159  3756 pairing.cc:631] Processing image [2/185]
2026-05-18T18:57:48 COLMAP[chunk_01_spatial_matcher] I20260518 18:57:48.546497  3756 feature_matching.cc:217] in 0.217s
2026-05-18T18:57:48 COLMAP[chunk_01_spatial_matcher] I20260518 18:57:48.546550  3756 pairing.cc:631] Processing image [3/185]
2026-05-18T18:57:49 COLMAP[chunk_01_spatial_matcher] I20260518 18:57:48.812390  3756 feature_matching.cc:217] in 0.266s
2026-05-18T18:57:49 COLMAP[chunk_01_spatial_matcher] I20260518 18:57:48.812443  3756 pairing.cc:631] Processing image [4/185]
2026-05-18T18:57:49 COLMAP[chunk_01_spatial_matcher] I20260518 18:57:49.282491  3756 feature_matching.cc:217] in 0.470s
2026-05-18T18:57:49 COLMAP[chunk_01_spatial_matcher] I20260518 18:57:49.282544  3756 pairing.cc:631] Processing image [5/185]
2026-05-18T18:57:49 COLMAP[chunk_01_spatial_matcher] I20260518 18:57:49.452185  3756 feature_matching.cc:217] in 0.170s
2026-05-18T18:57:49 COLMAP[chunk_01_spatial_matcher] I20260518 18:57:49.452237  3756 pairing.cc:631] Processing image [6/185]
2026-05-18T18:57:49 COLMAP[chunk_01_spatial_matcher] I20260518 18:57:49.658718  3756 feature_matching.cc:217] in 0.207s
2026-05-18T18:57:49 COLMAP[chunk_01_spatial_matcher] I20260518 18:57:49.658771  3756 pairing.cc:631] Processing image [7/185]
2026-05-18T18:57:50 COLMAP[chunk_01_spatial_matcher] I20260518 18:57:49.902493  3756 feature_matching.cc:217] in 0.244s
2026-05-18T18:57:50 COLMAP[chunk_01_spatial_matcher] I20260518 18:57:49.902547  3756 pairing.cc:631] Processing image [8/185]
2026-05-18T18:57:50 COLMAP[chunk_01_spatial_matcher] I20260518 18:57:50.160631  3756 feature_matching.cc:217] in 0.258s
2026-05-18T18:57:50 COLMAP[chunk_01_spatial_matcher] I20260518 18:57:50.160683  3756 pairing.cc:631] Processing image [9/185]
2026-05-18T18:57:50 COLMAP[chunk_01_spatial_matcher] I20260518 18:57:50.383587  3756 feature_matching.cc:217] in 0.223s
2026-05-18T18:57:50 COLMAP[chunk_01_spatial_matcher] I20260518 18:57:50.383634  3756 pairing.cc:631] Processing image [10/185]
2026-05-18T18:57:50 COLMAP[chunk_01_spatial_matcher] I20260518 18:57:50.618695  3756 feature_matching.cc:217] in 0.235s
2026-05-18T18:57:50 COLMAP[chunk_01_spatial_matcher] I20260518 18:57:50.618747  3756 pairing.cc:631] Processing image [11/185]
2026-05-18T18:57:51 COLMAP[chunk_01_spatial_matcher] I20260518 18:57:50.906579  3756 feature_matching.cc:217] in 0.288s
2026-05-18T18:57:51 COLMAP[chunk_01_spatial_matcher] I20260518 18:57:50.906630  3756 pairing.cc:631] Processing image [12/185]
2026-05-18T18:57:51 COLMAP[chunk_01_spatial_matcher] I20260518 18:57:51.306437  3756 feature_matching.cc:217] in 0.400s
2026-05-18T18:57:51 COLMAP[chunk_01_spatial_matcher] I20260518 18:57:51.306485  3756 pairing.cc:631] Processing image [13/185]
2026-05-18T18:57:51 COLMAP[chunk_01_spatial_matcher] I20260518 18:57:51.497293  3756 feature_matching.cc:217] in 0.191s
2026-05-18T18:57:51 COLMAP[chunk_01_spatial_matcher] I20260518 18:57:51.497339  3756 pairing.cc:631] Processing image [14/185]
2026-05-18T18:57:51 COLMAP[chunk_01_spatial_matcher] I20260518 18:57:51.659729  3756 feature_matching.cc:217] in 0.162s
2026-05-18T18:57:51 COLMAP[chunk_01_spatial_matcher] I20260518 18:57:51.659780  3756 pairing.cc:631] Processing image [15/185]
2026-05-18T18:57:52 COLMAP[chunk_01_spatial_matcher] I20260518 18:57:51.841759  3756 feature_matching.cc:217] in 0.182s
2026-05-18T18:57:52 COLMAP[chunk_01_spatial_matcher] I20260518 18:57:51.841812  3756 pairing.cc:631] Processing image [16/185]
2026-05-18T18:57:52 COLMAP[chunk_01_spatial_matcher] I20260518 18:57:52.032894  3756 feature_matching.cc:217] in 0.191s
2026-05-18T18:57:52 COLMAP[chunk_01_spatial_matcher] I20260518 18:57:52.032948  3756 pairing.cc:631] Processing image [17/185]
2026-05-18T18:57:52 COLMAP[chunk_01_spatial_matcher] I20260518 18:57:52.184965  3756 feature_matching.cc:217] in 0.152s
2026-05-18T18:57:52 COLMAP[chunk_01_spatial_matcher] I20260518 18:57:52.185019  3756 pairing.cc:631] Processing image [18/185]
2026-05-18T18:57:52 COLMAP[chunk_01_spatial_matcher] I20260518 18:57:52.298852  3756 feature_matching.cc:217] in 0.114s
2026-05-18T18:57:52 COLMAP[chunk_01_spatial_matcher] I20260518 18:57:52.298905  3756 pairing.cc:631] Processing image [19/185]
2026-05-18T18:57:52 COLMAP[chunk_01_spatial_matcher] I20260518 18:57:52.440483  3756 feature_matching.cc:217] in 0.142s
2026-05-18T18:57:52 COLMAP[chunk_01_spatial_matcher] I20260518 18:57:52.440537  3756 pairing.cc:631] Processing image [20/185]
2026-05-18T18:57:53 COLMAP[chunk_01_spatial_matcher] I20260518 18:57:52.879499  3756 feature_matching.cc:217] in 0.439s
2026-05-18T18:57:53 COLMAP[chunk_01_spatial_matcher] I20260518 18:57:52.879550  3756 pairing.cc:631] Processing image [21/185]
2026-05-18T18:57:53 COLMAP[chunk_01_spatial_matcher] I20260518 18:57:53.262158  3756 feature_matching.cc:217] in 0.383s
2026-05-18T18:57:53 COLMAP[chunk_01_spatial_matcher] I20260518 18:57:53.262215  3756 pairing.cc:631] Processing image [22/185]
2026-05-18T18:57:53 COLMAP[chunk_01_spatial_matcher] I20260518 18:57:53.334337  3756 feature_matching.cc:217] in 0.072s
2026-05-18T18:57:53 COLMAP[chunk_01_spatial_matcher] I20260518 18:57:53.334398  3756 pairing.cc:631] Processing image [23/185]
2026-05-18T18:57:53 COLMAP[chunk_01_spatial_matcher] I20260518 18:57:53.406579  3756 feature_matching.cc:217] in 0.072s
2026-05-18T18:57:53 COLMAP[chunk_01_spatial_matcher] I20260518 18:57:53.406625  3756 pairing.cc:631] Processing image [24/185]
2026-05-18T18:57:53 COLMAP[chunk_01_spatial_matcher] I20260518 18:57:53.480516  3756 feature_matching.cc:217] in 0.074s
2026-05-18T18:57:53 COLMAP[chunk_01_spatial_matcher] I20260518 18:57:53.480563  3756 pairing.cc:631] Processing image [25/185]
2026-05-18T18:57:53 COLMAP[chunk_01_spatial_matcher] I20260518 18:57:53.550335  3756 feature_matching.cc:217] in 0.070s
2026-05-18T18:57:53 COLMAP[chunk_01_spatial_matcher] I20260518 18:57:53.550381  3756 pairing.cc:631] Processing image [26/185]
2026-05-18T18:57:54 COLMAP[chunk_01_spatial_matcher] I20260518 18:57:54.007047  3756 feature_matching.cc:217] in 0.457s
2026-05-18T18:57:54 COLMAP[chunk_01_spatial_matcher] I20260518 18:57:54.007103  3756 pairing.cc:631] Processing image [27/185]
2026-05-18T18:57:54 COLMAP[chunk_01_spatial_matcher] I20260518 18:57:54.580163  3756 feature_matching.cc:217] in 0.573s
2026-05-18T18:57:54 COLMAP[chunk_01_spatial_matcher] I20260518 18:57:54.580211  3756 pairing.cc:631] Processing image [28/185]
2026-05-18T18:57:55 COLMAP[chunk_01_spatial_matcher] I20260518 18:57:54.808297  3756 feature_matching.cc:217] in 0.228s
2026-05-18T18:57:55 COLMAP[chunk_01_spatial_matcher] I20260518 18:57:54.808346  3756 pairing.cc:631] Processing image [29/185]
2026-05-18T18:57:55 COLMAP[chunk_01_spatial_matcher] I20260518 18:57:55.014878  3756 feature_matching.cc:217] in 0.207s
2026-05-18T18:57:55 COLMAP[chunk_01_spatial_matcher] I20260518 18:57:55.014931  3756 pairing.cc:631] Processing image [30/185]
2026-05-18T18:57:55 COLMAP[chunk_01_spatial_matcher] I20260518 18:57:55.203238  3756 feature_matching.cc:217] in 0.188s
2026-05-18T18:57:55 COLMAP[chunk_01_spatial_matcher] I20260518 18:57:55.203289  3756 pairing.cc:631] Processing image [31/185]
2026-05-18T18:57:55 COLMAP[chunk_01_spatial_matcher] I20260518 18:57:55.493712  3756 feature_matching.cc:217] in 0.290s
2026-05-18T18:57:55 COLMAP[chunk_01_spatial_matcher] I20260518 18:57:55.493760  3756 pairing.cc:631] Processing image [32/185]
2026-05-18T18:57:55 COLMAP[chunk_01_spatial_matcher] I20260518 18:57:55.714442  3756 feature_matching.cc:217] in 0.221s
2026-05-18T18:57:55 COLMAP[chunk_01_spatial_matcher] I20260518 18:57:55.714491  3756 pairing.cc:631] Processing image [33/185]
2026-05-18T18:57:56 COLMAP[chunk_01_spatial_matcher] I20260518 18:57:55.912405  3756 feature_matching.cc:217] in 0.198s
2026-05-18T18:57:56 COLMAP[chunk_01_spatial_matcher] I20260518 18:57:55.912457  3756 pairing.cc:631] Processing image [34/185]
2026-05-18T18:57:56 COLMAP[chunk_01_spatial_matcher] I20260518 18:57:56.111042  3756 feature_matching.cc:217] in 0.199s
2026-05-18T18:57:56 COLMAP[chunk_01_spatial_matcher] I20260518 18:57:56.111094  3756 pairing.cc:631] Processing image [35/185]
2026-05-18T18:57:56 COLMAP[chunk_01_spatial_matcher] I20260518 18:57:56.298895  3756 feature_matching.cc:217] in 0.188s
2026-05-18T18:57:56 COLMAP[chunk_01_spatial_matcher] I20260518 18:57:56.298949  3756 pairing.cc:631] Processing image [36/185]
2026-05-18T18:57:56 COLMAP[chunk_01_spatial_matcher] I20260518 18:57:56.593189  3756 feature_matching.cc:217] in 0.294s
2026-05-18T18:57:56 COLMAP[chunk_01_spatial_matcher] I20260518 18:57:56.593237  3756 pairing.cc:631] Processing image [37/185]
2026-05-18T18:57:57 COLMAP[chunk_01_spatial_matcher] I20260518 18:57:56.824368  3756 feature_matching.cc:217] in 0.231s
2026-05-18T18:57:57 COLMAP[chunk_01_spatial_matcher] I20260518 18:57:56.824419  3756 pairing.cc:631] Processing image [38/185]
2026-05-18T18:57:57 COLMAP[chunk_01_spatial_matcher] I20260518 18:57:57.083572  3756 feature_matching.cc:217] in 0.259s
2026-05-18T18:57:57 COLMAP[chunk_01_spatial_matcher] I20260518 18:57:57.083623  3756 pairing.cc:631] Processing image [39/185]
2026-05-18T18:57:57 COLMAP[chunk_01_spatial_matcher] I20260518 18:57:57.304412  3756 feature_matching.cc:217] in 0.221s
2026-05-18T18:57:57 COLMAP[chunk_01_spatial_matcher] I20260518 18:57:57.304463  3756 pairing.cc:631] Processing image [40/185]
2026-05-18T18:57:57 COLMAP[chunk_01_spatial_matcher] I20260518 18:57:57.491853  3756 feature_matching.cc:217] in 0.187s
2026-05-18T18:57:57 COLMAP[chunk_01_spatial_matcher] I20260518 18:57:57.491899  3756 pairing.cc:631] Processing image [41/185]
2026-05-18T18:57:57 COLMAP[chunk_01_spatial_matcher] I20260518 18:57:57.699374  3756 feature_matching.cc:217] in 0.208s
2026-05-18T18:57:57 COLMAP[chunk_01_spatial_matcher] I20260518 18:57:57.699424  3756 pairing.cc:631] Processing image [42/185]
2026-05-18T18:57:58 COLMAP[chunk_01_spatial_matcher] I20260518 18:57:57.911067  3756 feature_matching.cc:217] in 0.212s
2026-05-18T18:57:58 COLMAP[chunk_01_spatial_matcher] I20260518 18:57:57.911114  3756 pairing.cc:631] Processing image [43/185]
2026-05-18T18:57:58 COLMAP[chunk_01_spatial_matcher] I20260518 18:57:58.057974  3756 feature_matching.cc:217] in 0.147s
2026-05-18T18:57:58 COLMAP[chunk_01_spatial_matcher] I20260518 18:57:58.058022  3756 pairing.cc:631] Processing image [44/185]
2026-05-18T18:57:58 COLMAP[chunk_01_spatial_matcher] I20260518 18:57:58.185854  3756 feature_matching.cc:217] in 0.128s
2026-05-18T18:57:58 COLMAP[chunk_01_spatial_matcher] I20260518 18:57:58.185904  3756 pairing.cc:631] Processing image [45/185]
2026-05-18T18:57:58 COLMAP[chunk_01_spatial_matcher] I20260518 18:57:58.279687  3756 feature_matching.cc:217] in 0.094s
2026-05-18T18:57:58 COLMAP[chunk_01_spatial_matcher] I20260518 18:57:58.279738  3756 pairing.cc:631] Processing image [46/185]
2026-05-18T18:57:58 COLMAP[chunk_01_spatial_matcher] I20260518 18:57:58.345263  3756 feature_matching.cc:217] in 0.066s
2026-05-18T18:57:58 COLMAP[chunk_01_spatial_matcher] I20260518 18:57:58.345309  3756 pairing.cc:631] Processing image [47/185]
2026-05-18T18:57:58 COLMAP[chunk_01_spatial_matcher] I20260518 18:57:58.485963  3756 feature_matching.cc:217] in 0.141s
2026-05-18T18:57:58 COLMAP[chunk_01_spatial_matcher] I20260518 18:57:58.486011  3756 pairing.cc:631] Processing image [48/185]
2026-05-18T18:57:58 COLMAP[chunk_01_spatial_matcher] I20260518 18:57:58.643884  3756 feature_matching.cc:217] in 0.158s
2026-05-18T18:57:58 COLMAP[chunk_01_spatial_matcher] I20260518 18:57:58.643932  3756 pairing.cc:631] Processing image [49/185]
2026-05-18T18:57:59 COLMAP[chunk_01_spatial_matcher] I20260518 18:57:58.764228  3756 feature_matching.cc:217] in 0.120s
2026-05-18T18:57:59 COLMAP[chunk_01_spatial_matcher] I20260518 18:57:58.764281  3756 pairing.cc:631] Processing image [50/185]
2026-05-18T18:57:59 COLMAP[chunk_01_spatial_matcher] I20260518 18:57:58.869861  3756 feature_matching.cc:217] in 0.106s
2026-05-18T18:57:59 COLMAP[chunk_01_spatial_matcher] I20260518 18:57:58.869912  3756 pairing.cc:631] Processing image [51/185]
2026-05-18T18:57:59 COLMAP[chunk_01_spatial_matcher] I20260518 18:57:58.954589  3756 feature_matching.cc:217] in 0.085s
2026-05-18T18:57:59 COLMAP[chunk_01_spatial_matcher] I20260518 18:57:58.954638  3756 pairing.cc:631] Processing image [52/185]
2026-05-18T18:57:59 COLMAP[chunk_01_spatial_matcher] I20260518 18:57:59.097157  3756 feature_matching.cc:217] in 0.143s
2026-05-18T18:57:59 COLMAP[chunk_01_spatial_matcher] I20260518 18:57:59.097208  3756 pairing.cc:631] Processing image [53/185]
2026-05-18T18:57:59 COLMAP[chunk_01_spatial_matcher] I20260518 18:57:59.284006  3756 feature_matching.cc:217] in 0.187s
2026-05-18T18:57:59 COLMAP[chunk_01_spatial_matcher] I20260518 18:57:59.284058  3756 pairing.cc:631] Processing image [54/185]
2026-05-18T18:57:59 COLMAP[chunk_01_spatial_matcher] I20260518 18:57:59.524433  3756 feature_matching.cc:217] in 0.240s
2026-05-18T18:57:59 COLMAP[chunk_01_spatial_matcher] I20260518 18:57:59.524484  3756 pairing.cc:631] Processing image [55/185]
2026-05-18T18:57:59 COLMAP[chunk_01_spatial_matcher] I20260518 18:57:59.713773  3756 feature_matching.cc:217] in 0.189s
2026-05-18T18:57:59 COLMAP[chunk_01_spatial_matcher] I20260518 18:57:59.713824  3756 pairing.cc:631] Processing image [56/185]
2026-05-18T18:58:00 COLMAP[chunk_01_spatial_matcher] I20260518 18:57:59.883049  3756 feature_matching.cc:217] in 0.169s
2026-05-18T18:58:00 COLMAP[chunk_01_spatial_matcher] I20260518 18:57:59.883100  3756 pairing.cc:631] Processing image [57/185]
2026-05-18T18:58:00 COLMAP[chunk_01_spatial_matcher] I20260518 18:58:00.006688  3756 feature_matching.cc:217] in 0.124s
2026-05-18T18:58:00 COLMAP[chunk_01_spatial_matcher] I20260518 18:58:00.006739  3756 pairing.cc:631] Processing image [58/185]
2026-05-18T18:58:00 COLMAP[chunk_01_spatial_matcher] I20260518 18:58:00.149020  3756 feature_matching.cc:217] in 0.142s
2026-05-18T18:58:00 COLMAP[chunk_01_spatial_matcher] I20260518 18:58:00.149072  3756 pairing.cc:631] Processing image [59/185]
2026-05-18T18:58:00 COLMAP[chunk_01_spatial_matcher] I20260518 18:58:00.491881  3756 feature_matching.cc:217] in 0.343s
2026-05-18T18:58:00 COLMAP[chunk_01_spatial_matcher] I20260518 18:58:00.491927  3756 pairing.cc:631] Processing image [60/185]
2026-05-18T18:58:01 COLMAP[chunk_01_spatial_matcher] I20260518 18:58:00.739352  3756 feature_matching.cc:217] in 0.247s
2026-05-18T18:58:01 COLMAP[chunk_01_spatial_matcher] I20260518 18:58:00.739401  3756 pairing.cc:631] Processing image [61/185]
2026-05-18T18:58:01 COLMAP[chunk_01_spatial_matcher] I20260518 18:58:00.999238  3756 feature_matching.cc:217] in 0.260s
2026-05-18T18:58:01 COLMAP[chunk_01_spatial_matcher] I20260518 18:58:00.999289  3756 pairing.cc:631] Processing image [62/185]
2026-05-18T18:58:01 COLMAP[chunk_01_spatial_matcher] I20260518 18:58:01.203765  3756 feature_matching.cc:217] in 0.205s
2026-05-18T18:58:01 COLMAP[chunk_01_spatial_matcher] I20260518 18:58:01.203835  3756 pairing.cc:631] Processing image [63/185]
2026-05-18T18:58:01 COLMAP[chunk_01_spatial_matcher] I20260518 18:58:01.396170  3756 feature_matching.cc:217] in 0.192s
2026-05-18T18:58:01 COLMAP[chunk_01_spatial_matcher] I20260518 18:58:01.396219  3756 pairing.cc:631] Processing image [64/185]
2026-05-18T18:58:01 COLMAP[chunk_01_spatial_matcher] I20260518 18:58:01.546451  3756 feature_matching.cc:217] in 0.150s
2026-05-18T18:58:01 COLMAP[chunk_01_spatial_matcher] I20260518 18:58:01.546499  3756 pairing.cc:631] Processing image [65/185]
2026-05-18T18:58:01 COLMAP[chunk_01_spatial_matcher] I20260518 18:58:01.663327  3756 feature_matching.cc:217] in 0.117s
2026-05-18T18:58:01 COLMAP[chunk_01_spatial_matcher] I20260518 18:58:01.663376  3756 pairing.cc:631] Processing image [66/185]
2026-05-18T18:58:02 COLMAP[chunk_01_spatial_matcher] I20260518 18:58:01.816725  3756 feature_matching.cc:217] in 0.153s
2026-05-18T18:58:02 COLMAP[chunk_01_spatial_matcher] I20260518 18:58:01.816779  3756 pairing.cc:631] Processing image [67/185]
2026-05-18T18:58:02 COLMAP[chunk_01_spatial_matcher] I20260518 18:58:01.981969  3756 feature_matching.cc:217] in 0.165s
2026-05-18T18:58:02 COLMAP[chunk_01_spatial_matcher] I20260518 18:58:01.982021  3756 pairing.cc:631] Processing image [68/185]
2026-05-18T18:58:02 COLMAP[chunk_01_spatial_matcher] I20260518 18:58:02.088575  3756 feature_matching.cc:217] in 0.107s
2026-05-18T18:58:02 COLMAP[chunk_01_spatial_matcher] I20260518 18:58:02.088629  3756 pairing.cc:631] Processing image [69/185]
2026-05-18T18:58:02 COLMAP[chunk_01_spatial_matcher] I20260518 18:58:02.311269  3756 feature_matching.cc:217] in 0.223s
2026-05-18T18:58:02 COLMAP[chunk_01_spatial_matcher] I20260518 18:58:02.311322  3756 pairing.cc:631] Processing image [70/185]
2026-05-18T18:58:02 COLMAP[chunk_01_spatial_matcher] I20260518 18:58:02.584009  3756 feature_matching.cc:217] in 0.273s
2026-05-18T18:58:02 COLMAP[chunk_01_spatial_matcher] I20260518 18:58:02.584059  3756 pairing.cc:631] Processing image [71/185]
2026-05-18T18:58:03 COLMAP[chunk_01_spatial_matcher] I20260518 18:58:02.815546  3756 feature_matching.cc:217] in 0.232s
2026-05-18T18:58:03 COLMAP[chunk_01_spatial_matcher] I20260518 18:58:02.815594  3756 pairing.cc:631] Processing image [72/185]
2026-05-18T18:58:03 COLMAP[chunk_01_spatial_matcher] I20260518 18:58:02.878504  3756 feature_matching.cc:217] in 0.063s
2026-05-18T18:58:03 COLMAP[chunk_01_spatial_matcher] I20260518 18:58:02.878552  3756 pairing.cc:631] Processing image [73/185]
2026-05-18T18:58:03 COLMAP[chunk_01_spatial_matcher] I20260518 18:58:02.937489  3756 feature_matching.cc:217] in 0.059s
2026-05-18T18:58:03 COLMAP[chunk_01_spatial_matcher] I20260518 18:58:02.937533  3756 pairing.cc:631] Processing image [74/185]
2026-05-18T18:58:03 COLMAP[chunk_01_spatial_matcher] I20260518 18:58:03.501276  3756 feature_matching.cc:217] in 0.564s
2026-05-18T18:58:03 COLMAP[chunk_01_spatial_matcher] I20260518 18:58:03.501322  3756 pairing.cc:631] Processing image [75/185]
2026-05-18T18:58:03 COLMAP[chunk_01_spatial_matcher] I20260518 18:58:03.613265  3756 feature_matching.cc:217] in 0.112s
2026-05-18T18:58:03 COLMAP[chunk_01_spatial_matcher] I20260518 18:58:03.613315  3756 pairing.cc:631] Processing image [76/185]
2026-05-18T18:58:03 COLMAP[chunk_01_spatial_matcher] I20260518 18:58:03.698793  3756 feature_matching.cc:217] in 0.086s
2026-05-18T18:58:03 COLMAP[chunk_01_spatial_matcher] I20260518 18:58:03.698841  3756 pairing.cc:631] Processing image [77/185]
2026-05-18T18:58:04 COLMAP[chunk_01_spatial_matcher] I20260518 18:58:04.129871  3756 feature_matching.cc:217] in 0.431s
2026-05-18T18:58:04 COLMAP[chunk_01_spatial_matcher] I20260518 18:58:04.129923  3756 pairing.cc:631] Processing image [78/185]
2026-05-18T18:58:05 COLMAP[chunk_01_spatial_matcher] I20260518 18:58:05.321450  3756 feature_matching.cc:217] in 1.192s
2026-05-18T18:58:05 COLMAP[chunk_01_spatial_matcher] I20260518 18:58:05.321514  3756 pairing.cc:631] Processing image [79/185]
2026-05-18T18:58:06 COLMAP[chunk_01_spatial_matcher] I20260518 18:58:06.333819  3756 feature_matching.cc:217] in 1.012s
2026-05-18T18:58:06 COLMAP[chunk_01_spatial_matcher] I20260518 18:58:06.333875  3756 pairing.cc:631] Processing image [80/185]
2026-05-18T18:58:07 COLMAP[chunk_01_spatial_matcher] I20260518 18:58:07.245222  3756 feature_matching.cc:217] in 0.911s
2026-05-18T18:58:07 COLMAP[chunk_01_spatial_matcher] I20260518 18:58:07.245275  3756 pairing.cc:631] Processing image [81/185]
2026-05-18T18:58:07 COLMAP[chunk_01_spatial_matcher] I20260518 18:58:07.523779  3756 feature_matching.cc:217] in 0.279s
2026-05-18T18:58:07 COLMAP[chunk_01_spatial_matcher] I20260518 18:58:07.523844  3756 pairing.cc:631] Processing image [82/185]
2026-05-18T18:58:08 COLMAP[chunk_01_spatial_matcher] I20260518 18:58:07.777446  3756 feature_matching.cc:217] in 0.254s
2026-05-18T18:58:08 COLMAP[chunk_01_spatial_matcher] I20260518 18:58:07.777508  3756 pairing.cc:631] Processing image [83/185]
2026-05-18T18:58:08 COLMAP[chunk_01_spatial_matcher] I20260518 18:58:08.029935  3756 feature_matching.cc:217] in 0.252s
2026-05-18T18:58:08 COLMAP[chunk_01_spatial_matcher] I20260518 18:58:08.029989  3756 pairing.cc:631] Processing image [84/185]
2026-05-18T18:58:08 COLMAP[chunk_01_spatial_matcher] I20260518 18:58:08.268395  3756 feature_matching.cc:217] in 0.238s
2026-05-18T18:58:08 COLMAP[chunk_01_spatial_matcher] I20260518 18:58:08.268450  3756 pairing.cc:631] Processing image [85/185]
2026-05-18T18:58:08 COLMAP[chunk_01_spatial_matcher] I20260518 18:58:08.471457  3756 feature_matching.cc:217] in 0.203s
2026-05-18T18:58:08 COLMAP[chunk_01_spatial_matcher] I20260518 18:58:08.471513  3756 pairing.cc:631] Processing image [86/185]
2026-05-18T18:58:08 COLMAP[chunk_01_spatial_matcher] I20260518 18:58:08.633075  3756 feature_matching.cc:217] in 0.162s
2026-05-18T18:58:08 COLMAP[chunk_01_spatial_matcher] I20260518 18:58:08.633122  3756 pairing.cc:631] Processing image [87/185]
2026-05-18T18:58:08 COLMAP[chunk_01_spatial_matcher] I20260518 18:58:08.731277  3756 feature_matching.cc:217] in 0.098s
2026-05-18T18:58:08 COLMAP[chunk_01_spatial_matcher] I20260518 18:58:08.731333  3756 pairing.cc:631] Processing image [88/185]
2026-05-18T18:58:09 COLMAP[chunk_01_spatial_matcher] I20260518 18:58:08.800500  3756 feature_matching.cc:217] in 0.069s
2026-05-18T18:58:09 COLMAP[chunk_01_spatial_matcher] I20260518 18:58:08.800551  3756 pairing.cc:631] Processing image [89/185]
2026-05-18T18:58:09 COLMAP[chunk_01_spatial_matcher] I20260518 18:58:08.873750  3756 feature_matching.cc:217] in 0.073s
2026-05-18T18:58:09 COLMAP[chunk_01_spatial_matcher] I20260518 18:58:08.873800  3756 pairing.cc:631] Processing image [90/185]
2026-05-18T18:58:09 COLMAP[chunk_01_spatial_matcher] I20260518 18:58:08.997212  3756 feature_matching.cc:217] in 0.123s
2026-05-18T18:58:09 COLMAP[chunk_01_spatial_matcher] I20260518 18:58:08.997262  3756 pairing.cc:631] Processing image [91/185]
2026-05-18T18:58:09 COLMAP[chunk_01_spatial_matcher] I20260518 18:58:09.167935  3756 feature_matching.cc:217] in 0.171s
2026-05-18T18:58:09 COLMAP[chunk_01_spatial_matcher] I20260518 18:58:09.167990  3756 pairing.cc:631] Processing image [92/185]
2026-05-18T18:58:09 COLMAP[chunk_01_spatial_matcher] I20260518 18:58:09.369762  3756 feature_matching.cc:217] in 0.202s
2026-05-18T18:58:09 COLMAP[chunk_01_spatial_matcher] I20260518 18:58:09.369823  3756 pairing.cc:631] Processing image [93/185]
2026-05-18T18:58:09 COLMAP[chunk_01_spatial_matcher] I20260518 18:58:09.594385  3756 feature_matching.cc:217] in 0.225s
2026-05-18T18:58:09 COLMAP[chunk_01_spatial_matcher] I20260518 18:58:09.594453  3756 pairing.cc:631] Processing image [94/185]
2026-05-18T18:58:10 COLMAP[chunk_01_spatial_matcher] I20260518 18:58:09.836535  3756 feature_matching.cc:217] in 0.242s
2026-05-18T18:58:10 COLMAP[chunk_01_spatial_matcher] I20260518 18:58:09.836582  3756 pairing.cc:631] Processing image [95/185]
2026-05-18T18:58:10 COLMAP[chunk_01_spatial_matcher] I20260518 18:58:10.073879  3756 feature_matching.cc:217] in 0.237s
2026-05-18T18:58:10 COLMAP[chunk_01_spatial_matcher] I20260518 18:58:10.073933  3756 pairing.cc:631] Processing image [96/185]
2026-05-18T18:58:10 COLMAP[chunk_01_spatial_matcher] I20260518 18:58:10.304292  3756 feature_matching.cc:217] in 0.230s
2026-05-18T18:58:10 COLMAP[chunk_01_spatial_matcher] I20260518 18:58:10.304342  3756 pairing.cc:631] Processing image [97/185]
2026-05-18T18:58:10 COLMAP[chunk_01_spatial_matcher] I20260518 18:58:10.556684  3756 feature_matching.cc:217] in 0.252s
2026-05-18T18:58:10 COLMAP[chunk_01_spatial_matcher] I20260518 18:58:10.556736  3756 pairing.cc:631] Processing image [98/185]
2026-05-18T18:58:11 COLMAP[chunk_01_spatial_matcher] I20260518 18:58:10.733626  3756 feature_matching.cc:217] in 0.177s
2026-05-18T18:58:11 COLMAP[chunk_01_spatial_matcher] I20260518 18:58:10.733676  3756 pairing.cc:631] Processing image [99/185]
2026-05-18T18:58:11 COLMAP[chunk_01_spatial_matcher] I20260518 18:58:10.974086  3756 feature_matching.cc:217] in 0.240s
2026-05-18T18:58:11 COLMAP[chunk_01_spatial_matcher] I20260518 18:58:10.974138  3756 pairing.cc:631] Processing image [100/185]
2026-05-18T18:58:11 COLMAP[chunk_01_spatial_matcher] I20260518 18:58:11.203739  3756 feature_matching.cc:217] in 0.230s
2026-05-18T18:58:11 COLMAP[chunk_01_spatial_matcher] I20260518 18:58:11.203791  3756 pairing.cc:631] Processing image [101/185]
2026-05-18T18:58:11 COLMAP[chunk_01_spatial_matcher] I20260518 18:58:11.425271  3756 feature_matching.cc:217] in 0.222s
2026-05-18T18:58:11 COLMAP[chunk_01_spatial_matcher] I20260518 18:58:11.425323  3756 pairing.cc:631] Processing image [102/185]
2026-05-18T18:58:11 COLMAP[chunk_01_spatial_matcher] I20260518 18:58:11.628597  3756 feature_matching.cc:217] in 0.203s
2026-05-18T18:58:11 COLMAP[chunk_01_spatial_matcher] I20260518 18:58:11.628644  3756 pairing.cc:631] Processing image [103/185]
2026-05-18T18:58:12 COLMAP[chunk_01_spatial_matcher] I20260518 18:58:11.801555  3756 feature_matching.cc:217] in 0.173s
2026-05-18T18:58:12 COLMAP[chunk_01_spatial_matcher] I20260518 18:58:11.801607  3756 pairing.cc:631] Processing image [104/185]
2026-05-18T18:58:12 COLMAP[chunk_01_spatial_matcher] I20260518 18:58:11.948210  3756 feature_matching.cc:217] in 0.147s
2026-05-18T18:58:12 COLMAP[chunk_01_spatial_matcher] I20260518 18:58:11.948266  3756 pairing.cc:631] Processing image [105/185]
2026-05-18T18:58:12 COLMAP[chunk_01_spatial_matcher] I20260518 18:58:12.169019  3756 feature_matching.cc:217] in 0.221s
2026-05-18T18:58:12 COLMAP[chunk_01_spatial_matcher] I20260518 18:58:12.169075  3756 pairing.cc:631] Processing image [106/185]
2026-05-18T18:58:12 COLMAP[chunk_01_spatial_matcher] I20260518 18:58:12.400444  3756 feature_matching.cc:217] in 0.231s
2026-05-18T18:58:12 COLMAP[chunk_01_spatial_matcher] I20260518 18:58:12.400501  3756 pairing.cc:631] Processing image [107/185]
2026-05-18T18:58:12 COLMAP[chunk_01_spatial_matcher] I20260518 18:58:12.614306  3756 feature_matching.cc:217] in 0.214s
2026-05-18T18:58:12 COLMAP[chunk_01_spatial_matcher] I20260518 18:58:12.614368  3756 pairing.cc:631] Processing image [108/185]
2026-05-18T18:58:13 COLMAP[chunk_01_spatial_matcher] I20260518 18:58:12.842427  3756 feature_matching.cc:217] in 0.228s
2026-05-18T18:58:13 COLMAP[chunk_01_spatial_matcher] I20260518 18:58:12.842475  3756 pairing.cc:631] Processing image [109/185]
2026-05-18T18:58:13 COLMAP[chunk_01_spatial_matcher] I20260518 18:58:13.033420  3756 feature_matching.cc:217] in 0.191s
2026-05-18T18:58:13 COLMAP[chunk_01_spatial_matcher] I20260518 18:58:13.033469  3756 pairing.cc:631] Processing image [110/185]
2026-05-18T18:58:13 COLMAP[chunk_01_spatial_matcher] I20260518 18:58:13.169613  3756 feature_matching.cc:217] in 0.136s
2026-05-18T18:58:13 COLMAP[chunk_01_spatial_matcher] I20260518 18:58:13.169661  3756 pairing.cc:631] Processing image [111/185]
2026-05-18T18:58:13 COLMAP[chunk_01_spatial_matcher] I20260518 18:58:13.296591  3756 feature_matching.cc:217] in 0.127s
2026-05-18T18:58:13 COLMAP[chunk_01_spatial_matcher] I20260518 18:58:13.296643  3756 pairing.cc:631] Processing image [112/185]
2026-05-18T18:58:13 COLMAP[chunk_01_spatial_matcher] I20260518 18:58:13.413640  3756 feature_matching.cc:217] in 0.117s
2026-05-18T18:58:13 COLMAP[chunk_01_spatial_matcher] I20260518 18:58:13.413713  3756 pairing.cc:631] Processing image [113/185]
2026-05-18T18:58:13 COLMAP[chunk_01_spatial_matcher] I20260518 18:58:13.549834  3756 feature_matching.cc:217] in 0.136s
2026-05-18T18:58:13 COLMAP[chunk_01_spatial_matcher] I20260518 18:58:13.549885  3756 pairing.cc:631] Processing image [114/185]
2026-05-18T18:58:13 COLMAP[chunk_01_spatial_matcher] I20260518 18:58:13.653894  3756 feature_matching.cc:217] in 0.104s
2026-05-18T18:58:13 COLMAP[chunk_01_spatial_matcher] I20260518 18:58:13.653942  3756 pairing.cc:631] Processing image [115/185]
2026-05-18T18:58:14 COLMAP[chunk_01_spatial_matcher] I20260518 18:58:13.754855  3756 feature_matching.cc:217] in 0.101s
2026-05-18T18:58:14 COLMAP[chunk_01_spatial_matcher] I20260518 18:58:13.754907  3756 pairing.cc:631] Processing image [116/185]
2026-05-18T18:58:14 COLMAP[chunk_01_spatial_matcher] I20260518 18:58:13.848862  3756 feature_matching.cc:217] in 0.094s
2026-05-18T18:58:14 COLMAP[chunk_01_spatial_matcher] I20260518 18:58:13.848917  3756 pairing.cc:631] Processing image [117/185]
2026-05-18T18:58:14 COLMAP[chunk_01_spatial_matcher] I20260518 18:58:13.958181  3756 feature_matching.cc:217] in 0.109s
2026-05-18T18:58:14 COLMAP[chunk_01_spatial_matcher] I20260518 18:58:13.958235  3756 pairing.cc:631] Processing image [118/185]
2026-05-18T18:58:14 COLMAP[chunk_01_spatial_matcher] I20260518 18:58:14.084615  3756 feature_matching.cc:217] in 0.126s
2026-05-18T18:58:14 COLMAP[chunk_01_spatial_matcher] I20260518 18:58:14.084669  3756 pairing.cc:631] Processing image [119/185]
2026-05-18T18:58:14 COLMAP[chunk_01_spatial_matcher] I20260518 18:58:14.201239  3756 feature_matching.cc:217] in 0.117s
2026-05-18T18:58:14 COLMAP[chunk_01_spatial_matcher] I20260518 18:58:14.201290  3756 pairing.cc:631] Processing image [120/185]
2026-05-18T18:58:14 COLMAP[chunk_01_spatial_matcher] I20260518 18:58:14.339498  3756 feature_matching.cc:217] in 0.138s
2026-05-18T18:58:14 COLMAP[chunk_01_spatial_matcher] I20260518 18:58:14.339550  3756 pairing.cc:631] Processing image [121/185]
2026-05-18T18:58:14 COLMAP[chunk_01_spatial_matcher] I20260518 18:58:14.556460  3756 feature_matching.cc:217] in 0.217s
2026-05-18T18:58:14 COLMAP[chunk_01_spatial_matcher] I20260518 18:58:14.556510  3756 pairing.cc:631] Processing image [122/185]
2026-05-18T18:58:15 COLMAP[chunk_01_spatial_matcher] I20260518 18:58:14.754105  3756 feature_matching.cc:217] in 0.198s
2026-05-18T18:58:15 COLMAP[chunk_01_spatial_matcher] I20260518 18:58:14.754158  3756 pairing.cc:631] Processing image [123/185]
2026-05-18T18:58:15 COLMAP[chunk_01_spatial_matcher] I20260518 18:58:14.842969  3756 feature_matching.cc:217] in 0.089s
2026-05-18T18:58:15 COLMAP[chunk_01_spatial_matcher] I20260518 18:58:14.843019  3756 pairing.cc:631] Processing image [124/185]
2026-05-18T18:58:15 COLMAP[chunk_01_spatial_matcher] I20260518 18:58:14.904433  3756 feature_matching.cc:217] in 0.061s
2026-05-18T18:58:15 COLMAP[chunk_01_spatial_matcher] I20260518 18:58:14.904484  3756 pairing.cc:631] Processing image [125/185]
2026-05-18T18:58:15 COLMAP[chunk_01_spatial_matcher] I20260518 18:58:14.992163  3756 feature_matching.cc:217] in 0.088s
2026-05-18T18:58:15 COLMAP[chunk_01_spatial_matcher] I20260518 18:58:14.992214  3756 pairing.cc:631] Processing image [126/185]
2026-05-18T18:58:15 COLMAP[chunk_01_spatial_matcher] I20260518 18:58:15.146899  3756 feature_matching.cc:217] in 0.155s
2026-05-18T18:58:15 COLMAP[chunk_01_spatial_matcher] I20260518 18:58:15.146953  3756 pairing.cc:631] Processing image [127/185]
2026-05-18T18:58:15 COLMAP[chunk_01_spatial_matcher] I20260518 18:58:15.265205  3756 feature_matching.cc:217] in 0.118s
2026-05-18T18:58:15 COLMAP[chunk_01_spatial_matcher] I20260518 18:58:15.265259  3756 pairing.cc:631] Processing image [128/185]
2026-05-18T18:58:15 COLMAP[chunk_01_spatial_matcher] I20260518 18:58:15.363044  3756 feature_matching.cc:217] in 0.098s
2026-05-18T18:58:15 COLMAP[chunk_01_spatial_matcher] I20260518 18:58:15.363095  3756 pairing.cc:631] Processing image [129/185]
2026-05-18T18:58:15 COLMAP[chunk_01_spatial_matcher] I20260518 18:58:15.415714  3756 feature_matching.cc:217] in 0.053s
2026-05-18T18:58:15 COLMAP[chunk_01_spatial_matcher] I20260518 18:58:15.415766  3756 pairing.cc:631] Processing image [130/185]
2026-05-18T18:58:15 COLMAP[chunk_01_spatial_matcher] I20260518 18:58:15.518651  3756 feature_matching.cc:217] in 0.103s
2026-05-18T18:58:15 COLMAP[chunk_01_spatial_matcher] I20260518 18:58:15.518705  3756 pairing.cc:631] Processing image [131/185]
2026-05-18T18:58:15 COLMAP[chunk_01_spatial_matcher] I20260518 18:58:15.594738  3756 feature_matching.cc:217] in 0.076s
2026-05-18T18:58:15 COLMAP[chunk_01_spatial_matcher] I20260518 18:58:15.594784  3756 pairing.cc:631] Processing image [132/185]
2026-05-18T18:58:15 COLMAP[chunk_01_spatial_matcher] I20260518 18:58:15.696285  3756 feature_matching.cc:217] in 0.102s
2026-05-18T18:58:15 COLMAP[chunk_01_spatial_matcher] I20260518 18:58:15.696327  3756 pairing.cc:631] Processing image [133/185]
2026-05-18T18:58:16 COLMAP[chunk_01_spatial_matcher] I20260518 18:58:15.805109  3756 feature_matching.cc:217] in 0.109s
2026-05-18T18:58:16 COLMAP[chunk_01_spatial_matcher] I20260518 18:58:15.805161  3756 pairing.cc:631] Processing image [134/185]
2026-05-18T18:58:16 COLMAP[chunk_01_spatial_matcher] I20260518 18:58:15.939462  3756 feature_matching.cc:217] in 0.134s
2026-05-18T18:58:16 COLMAP[chunk_01_spatial_matcher] I20260518 18:58:15.939512  3756 pairing.cc:631] Processing image [135/185]
2026-05-18T18:58:16 COLMAP[chunk_01_spatial_matcher] I20260518 18:58:16.112792  3756 feature_matching.cc:217] in 0.173s
2026-05-18T18:58:16 COLMAP[chunk_01_spatial_matcher] I20260518 18:58:16.112841  3756 pairing.cc:631] Processing image [136/185]
2026-05-18T18:58:16 COLMAP[chunk_01_spatial_matcher] I20260518 18:58:16.220177  3756 feature_matching.cc:217] in 0.107s
2026-05-18T18:58:16 COLMAP[chunk_01_spatial_matcher] I20260518 18:58:16.220224  3756 pairing.cc:631] Processing image [137/185]
2026-05-18T18:58:16 COLMAP[chunk_01_spatial_matcher] I20260518 18:58:16.320036  3756 feature_matching.cc:217] in 0.100s
2026-05-18T18:58:16 COLMAP[chunk_01_spatial_matcher] I20260518 18:58:16.320091  3756 pairing.cc:631] Processing image [138/185]
2026-05-18T18:58:16 COLMAP[chunk_01_spatial_matcher] I20260518 18:58:16.383864  3756 feature_matching.cc:217] in 0.064s
2026-05-18T18:58:16 COLMAP[chunk_01_spatial_matcher] I20260518 18:58:16.383917  3756 pairing.cc:631] Processing image [139/185]
2026-05-18T18:58:16 COLMAP[chunk_01_spatial_matcher] I20260518 18:58:16.453043  3756 feature_matching.cc:217] in 0.069s
2026-05-18T18:58:16 COLMAP[chunk_01_spatial_matcher] I20260518 18:58:16.453095  3756 pairing.cc:631] Processing image [140/185]
2026-05-18T18:58:16 COLMAP[chunk_01_spatial_matcher] I20260518 18:58:16.533510  3756 feature_matching.cc:217] in 0.080s
2026-05-18T18:58:16 COLMAP[chunk_01_spatial_matcher] I20260518 18:58:16.533561  3756 pairing.cc:631] Processing image [141/185]
2026-05-18T18:58:16 COLMAP[chunk_01_spatial_matcher] I20260518 18:58:16.626362  3756 feature_matching.cc:217] in 0.093s
2026-05-18T18:58:16 COLMAP[chunk_01_spatial_matcher] I20260518 18:58:16.626411  3756 pairing.cc:631] Processing image [142/185]
2026-05-18T18:58:16 COLMAP[chunk_01_spatial_matcher] I20260518 18:58:16.702371  3756 feature_matching.cc:217] in 0.076s
2026-05-18T18:58:16 COLMAP[chunk_01_spatial_matcher] I20260518 18:58:16.702414  3756 pairing.cc:631] Processing image [143/185]
2026-05-18T18:58:17 COLMAP[chunk_01_spatial_matcher] I20260518 18:58:16.917127  3756 feature_matching.cc:217] in 0.215s
2026-05-18T18:58:17 COLMAP[chunk_01_spatial_matcher] I20260518 18:58:16.917179  3756 pairing.cc:631] Processing image [144/185]
2026-05-18T18:58:17 COLMAP[chunk_01_spatial_matcher] I20260518 18:58:17.077257  3756 feature_matching.cc:217] in 0.160s
2026-05-18T18:58:17 COLMAP[chunk_01_spatial_matcher] I20260518 18:58:17.077308  3756 pairing.cc:631] Processing image [145/185]
2026-05-18T18:58:17 COLMAP[chunk_01_spatial_matcher] I20260518 18:58:17.242277  3756 feature_matching.cc:217] in 0.165s
2026-05-18T18:58:17 COLMAP[chunk_01_spatial_matcher] I20260518 18:58:17.242331  3756 pairing.cc:631] Processing image [146/185]
2026-05-18T18:58:17 COLMAP[chunk_01_spatial_matcher] I20260518 18:58:17.406401  3756 feature_matching.cc:217] in 0.164s
2026-05-18T18:58:17 COLMAP[chunk_01_spatial_matcher] I20260518 18:58:17.406453  3756 pairing.cc:631] Processing image [147/185]
2026-05-18T18:58:17 COLMAP[chunk_01_spatial_matcher] I20260518 18:58:17.566047  3756 feature_matching.cc:217] in 0.160s
2026-05-18T18:58:17 COLMAP[chunk_01_spatial_matcher] I20260518 18:58:17.566100  3756 pairing.cc:631] Processing image [148/185]
2026-05-18T18:58:17 COLMAP[chunk_01_spatial_matcher] I20260518 18:58:17.736315  3756 feature_matching.cc:217] in 0.170s
2026-05-18T18:58:17 COLMAP[chunk_01_spatial_matcher] I20260518 18:58:17.736364  3756 pairing.cc:631] Processing image [149/185]
2026-05-18T18:58:18 COLMAP[chunk_01_spatial_matcher] I20260518 18:58:17.919427  3756 feature_matching.cc:217] in 0.183s
2026-05-18T18:58:18 COLMAP[chunk_01_spatial_matcher] I20260518 18:58:17.919484  3756 pairing.cc:631] Processing image [150/185]
2026-05-18T18:58:18 COLMAP[chunk_01_spatial_matcher] I20260518 18:58:18.098235  3756 feature_matching.cc:217] in 0.179s
2026-05-18T18:58:18 COLMAP[chunk_01_spatial_matcher] I20260518 18:58:18.098285  3756 pairing.cc:631] Processing image [151/185]
2026-05-18T18:58:18 COLMAP[chunk_01_spatial_matcher] I20260518 18:58:18.254539  3756 feature_matching.cc:217] in 0.156s
2026-05-18T18:58:18 COLMAP[chunk_01_spatial_matcher] I20260518 18:58:18.254591  3756 pairing.cc:631] Processing image [152/185]
2026-05-18T18:58:18 COLMAP[chunk_01_spatial_matcher] I20260518 18:58:18.429515  3756 feature_matching.cc:217] in 0.175s
2026-05-18T18:58:18 COLMAP[chunk_01_spatial_matcher] I20260518 18:58:18.429567  3756 pairing.cc:631] Processing image [153/185]
2026-05-18T18:58:18 COLMAP[chunk_01_spatial_matcher] I20260518 18:58:18.603714  3756 feature_matching.cc:217] in 0.174s
2026-05-18T18:58:18 COLMAP[chunk_01_spatial_matcher] I20260518 18:58:18.603766  3756 pairing.cc:631] Processing image [154/185]
2026-05-18T18:58:19 COLMAP[chunk_01_spatial_matcher] I20260518 18:58:18.789565  3756 feature_matching.cc:217] in 0.186s
2026-05-18T18:58:19 COLMAP[chunk_01_spatial_matcher] I20260518 18:58:18.789621  3756 pairing.cc:631] Processing image [155/185]
2026-05-18T18:58:19 COLMAP[chunk_01_spatial_matcher] I20260518 18:58:18.967835  3756 feature_matching.cc:217] in 0.178s
2026-05-18T18:58:19 COLMAP[chunk_01_spatial_matcher] I20260518 18:58:18.967896  3756 pairing.cc:631] Processing image [156/185]
2026-05-18T18:58:19 COLMAP[chunk_01_spatial_matcher] I20260518 18:58:19.155877  3756 feature_matching.cc:217] in 0.188s
2026-05-18T18:58:19 COLMAP[chunk_01_spatial_matcher] I20260518 18:58:19.155929  3756 pairing.cc:631] Processing image [157/185]
2026-05-18T18:58:19 COLMAP[chunk_01_spatial_matcher] I20260518 18:58:19.341651  3756 feature_matching.cc:217] in 0.186s
2026-05-18T18:58:19 COLMAP[chunk_01_spatial_matcher] I20260518 18:58:19.341714  3756 pairing.cc:631] Processing image [158/185]
2026-05-18T18:58:19 COLMAP[chunk_01_spatial_matcher] I20260518 18:58:19.530441  3756 feature_matching.cc:217] in 0.189s
2026-05-18T18:58:19 COLMAP[chunk_01_spatial_matcher] I20260518 18:58:19.530493  3756 pairing.cc:631] Processing image [159/185]
2026-05-18T18:58:19 COLMAP[chunk_01_spatial_matcher] I20260518 18:58:19.689452  3756 feature_matching.cc:217] in 0.159s
2026-05-18T18:58:19 COLMAP[chunk_01_spatial_matcher] I20260518 18:58:19.689499  3756 pairing.cc:631] Processing image [160/185]
2026-05-18T18:58:20 COLMAP[chunk_01_spatial_matcher] I20260518 18:58:19.827049  3756 feature_matching.cc:217] in 0.138s
2026-05-18T18:58:20 COLMAP[chunk_01_spatial_matcher] I20260518 18:58:19.827096  3756 pairing.cc:631] Processing image [161/185]
2026-05-18T18:58:20 COLMAP[chunk_01_spatial_matcher] I20260518 18:58:19.941859  3756 feature_matching.cc:217] in 0.115s
2026-05-18T18:58:20 COLMAP[chunk_01_spatial_matcher] I20260518 18:58:19.941910  3756 pairing.cc:631] Processing image [162/185]
2026-05-18T18:58:20 COLMAP[chunk_01_spatial_matcher] I20260518 18:58:20.041986  3756 feature_matching.cc:217] in 0.100s
2026-05-18T18:58:20 COLMAP[chunk_01_spatial_matcher] I20260518 18:58:20.042037  3756 pairing.cc:631] Processing image [163/185]
2026-05-18T18:58:20 COLMAP[chunk_01_spatial_matcher] I20260518 18:58:20.146869  3756 feature_matching.cc:217] in 0.105s
2026-05-18T18:58:20 COLMAP[chunk_01_spatial_matcher] I20260518 18:58:20.146924  3756 pairing.cc:631] Processing image [164/185]
2026-05-18T18:58:20 COLMAP[chunk_01_spatial_matcher] I20260518 18:58:20.251793  3756 feature_matching.cc:217] in 0.105s
2026-05-18T18:58:20 COLMAP[chunk_01_spatial_matcher] I20260518 18:58:20.251843  3756 pairing.cc:631] Processing image [165/185]
2026-05-18T18:58:20 COLMAP[chunk_01_spatial_matcher] I20260518 18:58:20.377218  3756 feature_matching.cc:217] in 0.125s
2026-05-18T18:58:20 COLMAP[chunk_01_spatial_matcher] I20260518 18:58:20.377269  3756 pairing.cc:631] Processing image [166/185]
2026-05-18T18:58:20 COLMAP[chunk_01_spatial_matcher] I20260518 18:58:20.479061  3756 feature_matching.cc:217] in 0.102s
2026-05-18T18:58:20 COLMAP[chunk_01_spatial_matcher] I20260518 18:58:20.479111  3756 pairing.cc:631] Processing image [167/185]
2026-05-18T18:58:20 COLMAP[chunk_01_spatial_matcher] I20260518 18:58:20.549331  3756 feature_matching.cc:217] in 0.070s
2026-05-18T18:58:20 COLMAP[chunk_01_spatial_matcher] I20260518 18:58:20.549379  3756 pairing.cc:631] Processing image [168/185]
2026-05-18T18:58:20 COLMAP[chunk_01_spatial_matcher] I20260518 18:58:20.643069  3756 feature_matching.cc:217] in 0.094s
2026-05-18T18:58:20 COLMAP[chunk_01_spatial_matcher] I20260518 18:58:20.643121  3756 pairing.cc:631] Processing image [169/185]
2026-05-18T18:58:20 COLMAP[chunk_01_spatial_matcher] I20260518 18:58:20.733352  3756 feature_matching.cc:217] in 0.090s
2026-05-18T18:58:20 COLMAP[chunk_01_spatial_matcher] I20260518 18:58:20.733400  3756 pairing.cc:631] Processing image [170/185]
2026-05-18T18:58:21 COLMAP[chunk_01_spatial_matcher] I20260518 18:58:20.849011  3756 feature_matching.cc:217] in 0.116s
2026-05-18T18:58:21 COLMAP[chunk_01_spatial_matcher] I20260518 18:58:20.849061  3756 pairing.cc:631] Processing image [171/185]
2026-05-18T18:58:21 COLMAP[chunk_01_spatial_matcher] I20260518 18:58:20.970587  3756 feature_matching.cc:217] in 0.122s
2026-05-18T18:58:21 COLMAP[chunk_01_spatial_matcher] I20260518 18:58:20.970638  3756 pairing.cc:631] Processing image [172/185]
2026-05-18T18:58:21 COLMAP[chunk_01_spatial_matcher] I20260518 18:58:21.110559  3756 feature_matching.cc:217] in 0.140s
2026-05-18T18:58:21 COLMAP[chunk_01_spatial_matcher] I20260518 18:58:21.110610  3756 pairing.cc:631] Processing image [173/185]
2026-05-18T18:58:21 COLMAP[chunk_01_spatial_matcher] I20260518 18:58:21.162550  3756 feature_matching.cc:217] in 0.052s
2026-05-18T18:58:21 COLMAP[chunk_01_spatial_matcher] I20260518 18:58:21.162603  3756 pairing.cc:631] Processing image [174/185]
2026-05-18T18:58:21 COLMAP[chunk_01_spatial_matcher] I20260518 18:58:21.209357  3756 feature_matching.cc:217] in 0.047s
2026-05-18T18:58:21 COLMAP[chunk_01_spatial_matcher] I20260518 18:58:21.209409  3756 pairing.cc:631] Processing image [175/185]
2026-05-18T18:58:21 COLMAP[chunk_01_spatial_matcher] I20260518 18:58:21.286257  3756 feature_matching.cc:217] in 0.077s
2026-05-18T18:58:21 COLMAP[chunk_01_spatial_matcher] I20260518 18:58:21.286309  3756 pairing.cc:631] Processing image [176/185]
2026-05-18T18:58:21 COLMAP[chunk_01_spatial_matcher] I20260518 18:58:21.352613  3756 feature_matching.cc:217] in 0.066s
2026-05-18T18:58:21 COLMAP[chunk_01_spatial_matcher] I20260518 18:58:21.352659  3756 pairing.cc:631] Processing image [177/185]
2026-05-18T18:58:21 COLMAP[chunk_01_spatial_matcher] I20260518 18:58:21.435117  3756 feature_matching.cc:217] in 0.082s
2026-05-18T18:58:21 COLMAP[chunk_01_spatial_matcher] I20260518 18:58:21.435163  3756 pairing.cc:631] Processing image [178/185]
2026-05-18T18:58:21 COLMAP[chunk_01_spatial_matcher] I20260518 18:58:21.510074  3756 feature_matching.cc:217] in 0.075s
2026-05-18T18:58:21 COLMAP[chunk_01_spatial_matcher] I20260518 18:58:21.510149  3756 pairing.cc:631] Processing image [179/185]
2026-05-18T18:58:21 COLMAP[chunk_01_spatial_matcher] I20260518 18:58:21.605188  3756 feature_matching.cc:217] in 0.095s
2026-05-18T18:58:21 COLMAP[chunk_01_spatial_matcher] I20260518 18:58:21.605238  3756 pairing.cc:631] Processing image [180/185]
2026-05-18T18:58:21 COLMAP[chunk_01_spatial_matcher] I20260518 18:58:21.666129  3756 feature_matching.cc:217] in 0.061s
2026-05-18T18:58:21 COLMAP[chunk_01_spatial_matcher] I20260518 18:58:21.666181  3756 pairing.cc:631] Processing image [181/185]
2026-05-18T18:58:22 COLMAP[chunk_01_spatial_matcher] I20260518 18:58:21.785117  3756 feature_matching.cc:217] in 0.119s
2026-05-18T18:58:22 COLMAP[chunk_01_spatial_matcher] I20260518 18:58:21.785163  3756 pairing.cc:631] Processing image [182/185]
2026-05-18T18:58:22 COLMAP[chunk_01_spatial_matcher] I20260518 18:58:21.862934  3756 feature_matching.cc:217] in 0.078s
2026-05-18T18:58:22 COLMAP[chunk_01_spatial_matcher] I20260518 18:58:21.862982  3756 pairing.cc:631] Processing image [183/185]
2026-05-18T18:58:22 COLMAP[chunk_01_spatial_matcher] I20260518 18:58:21.928435  3756 feature_matching.cc:217] in 0.065s
2026-05-18T18:58:22 COLMAP[chunk_01_spatial_matcher] I20260518 18:58:21.928483  3756 pairing.cc:631] Processing image [184/185]
2026-05-18T18:58:22 COLMAP[chunk_01_spatial_matcher] I20260518 18:58:22.035991  3756 feature_matching.cc:217] in 0.108s
2026-05-18T18:58:22 COLMAP[chunk_01_spatial_matcher] I20260518 18:58:22.036046  3756 pairing.cc:631] Processing image [185/185]
2026-05-18T18:58:22 COLMAP[chunk_01_spatial_matcher] I20260518 18:58:22.152822  3756 feature_matching.cc:217] in 0.117s
2026-05-18T18:58:22 COLMAP[chunk_01_spatial_matcher] I20260518 18:58:22.152875  3756 timer.cc:90] Elapsed time: 0.572 [minutes]
2026-05-18T18:58:22 2026-05-18 18:58:22,232 - INFO - chunk_01_spatial_matcher added 1299 verified image pairs
2026-05-18T18:58:22 2026-05-18 18:58:22,235 - INFO - [chunk_01_sequential_matcher] colmap sequential_matcher --database_path /tmp/colmap_sfm_rcnmny4o/chunk_01/database.db --SequentialMatching.overlap 8 --SequentialMatching.quadratic_overlap 1 --SequentialMatching.loop_detection 0
2026-05-18T18:58:22 COLMAP[chunk_01_sequential_matcher] I20260518 18:58:22.426384  3791 feature_matching.cc:195] === Feature matching & geometric verification ===
2026-05-18T18:58:22 COLMAP[chunk_01_sequential_matcher] I20260518 18:58:22.484442  3792 feature_matching_utils.cc:80] Bind FeatureMatcherWorker to GPU device 0
2026-05-18T18:58:22 COLMAP[chunk_01_sequential_matcher] I20260518 18:58:22.485139  3792 sift.cc:1547] Creating SIFT GPU feature matcher
2026-05-18T18:58:22 COLMAP[chunk_01_sequential_matcher] I20260518 18:58:22.485821  3791 pairing.cc:415] Generating sequential image pairs...
2026-05-18T18:58:22 COLMAP[chunk_01_sequential_matcher] I20260518 18:58:22.488940  3791 pairing.cc:473] Processing image [1/185]
2026-05-18T18:58:23 COLMAP[chunk_01_sequential_matcher] I20260518 18:58:22.925890  3791 feature_matching.cc:217] in 0.437s
2026-05-18T18:58:23 COLMAP[chunk_01_sequential_matcher] I20260518 18:58:22.925944  3791 pairing.cc:473] Processing image [2/185]
2026-05-18T18:58:23 COLMAP[chunk_01_sequential_matcher] I20260518 18:58:23.329671  3791 feature_matching.cc:217] in 0.404s
2026-05-18T18:58:23 COLMAP[chunk_01_sequential_matcher] I20260518 18:58:23.329744  3791 pairing.cc:473] Processing image [3/185]
2026-05-18T18:58:24 COLMAP[chunk_01_sequential_matcher] I20260518 18:58:23.834453  3791 feature_matching.cc:217] in 0.505s
2026-05-18T18:58:24 COLMAP[chunk_01_sequential_matcher] I20260518 18:58:23.834510  3791 pairing.cc:473] Processing image [4/185]
2026-05-18T18:58:24 COLMAP[chunk_01_sequential_matcher] I20260518 18:58:24.269243  3791 feature_matching.cc:217] in 0.435s
2026-05-18T18:58:24 COLMAP[chunk_01_sequential_matcher] I20260518 18:58:24.269300  3791 pairing.cc:473] Processing image [5/185]
2026-05-18T18:58:24 COLMAP[chunk_01_sequential_matcher] I20260518 18:58:24.642695  3791 feature_matching.cc:217] in 0.373s
2026-05-18T18:58:24 COLMAP[chunk_01_sequential_matcher] I20260518 18:58:24.642752  3791 pairing.cc:473] Processing image [6/185]
2026-05-18T18:58:25 COLMAP[chunk_01_sequential_matcher] I20260518 18:58:24.856727  3791 feature_matching.cc:217] in 0.214s
2026-05-18T18:58:25 COLMAP[chunk_01_sequential_matcher] I20260518 18:58:24.856784  3791 pairing.cc:473] Processing image [7/185]
2026-05-18T18:58:25 COLMAP[chunk_01_sequential_matcher] I20260518 18:58:25.423614  3791 feature_matching.cc:217] in 0.567s
2026-05-18T18:58:25 COLMAP[chunk_01_sequential_matcher] I20260518 18:58:25.423669  3791 pairing.cc:473] Processing image [8/185]
2026-05-18T18:58:26 COLMAP[chunk_01_sequential_matcher] I20260518 18:58:26.023512  3791 feature_matching.cc:217] in 0.600s
2026-05-18T18:58:26 COLMAP[chunk_01_sequential_matcher] I20260518 18:58:26.023567  3791 pairing.cc:473] Processing image [9/185]
2026-05-18T18:58:26 COLMAP[chunk_01_sequential_matcher] I20260518 18:58:26.502646  3791 feature_matching.cc:217] in 0.479s
2026-05-18T18:58:26 COLMAP[chunk_01_sequential_matcher] I20260518 18:58:26.502698  3791 pairing.cc:473] Processing image [10/185]
2026-05-18T18:58:27 COLMAP[chunk_01_sequential_matcher] I20260518 18:58:26.894426  3791 feature_matching.cc:217] in 0.392s
2026-05-18T18:58:27 COLMAP[chunk_01_sequential_matcher] I20260518 18:58:26.894481  3791 pairing.cc:473] Processing image [11/185]
2026-05-18T18:58:27 COLMAP[chunk_01_sequential_matcher] I20260518 18:58:27.361105  3791 feature_matching.cc:217] in 0.467s
2026-05-18T18:58:27 COLMAP[chunk_01_sequential_matcher] I20260518 18:58:27.361161  3791 pairing.cc:473] Processing image [12/185]
2026-05-18T18:58:28 COLMAP[chunk_01_sequential_matcher] I20260518 18:58:27.910673  3791 feature_matching.cc:217] in 0.550s
2026-05-18T18:58:28 COLMAP[chunk_01_sequential_matcher] I20260518 18:58:27.910735  3791 pairing.cc:473] Processing image [13/185]
2026-05-18T18:58:28 COLMAP[chunk_01_sequential_matcher] I20260518 18:58:28.406903  3791 feature_matching.cc:217] in 0.496s
2026-05-18T18:58:28 COLMAP[chunk_01_sequential_matcher] I20260518 18:58:28.406956  3791 pairing.cc:473] Processing image [14/185]
2026-05-18T18:58:29 COLMAP[chunk_01_sequential_matcher] I20260518 18:58:29.021297  3791 feature_matching.cc:217] in 0.614s
2026-05-18T18:58:29 COLMAP[chunk_01_sequential_matcher] I20260518 18:58:29.021353  3791 pairing.cc:473] Processing image [15/185]
2026-05-18T18:58:29 COLMAP[chunk_01_sequential_matcher] I20260518 18:58:29.557313  3791 feature_matching.cc:217] in 0.536s
2026-05-18T18:58:29 COLMAP[chunk_01_sequential_matcher] I20260518 18:58:29.557370  3791 pairing.cc:473] Processing image [16/185]
2026-05-18T18:58:30 COLMAP[chunk_01_sequential_matcher] I20260518 18:58:29.832702  3791 feature_matching.cc:217] in 0.275s
2026-05-18T18:58:30 COLMAP[chunk_01_sequential_matcher] I20260518 18:58:29.832749  3791 pairing.cc:473] Processing image [17/185]
2026-05-18T18:58:30 COLMAP[chunk_01_sequential_matcher] I20260518 18:58:30.216574  3791 feature_matching.cc:217] in 0.384s
2026-05-18T18:58:30 COLMAP[chunk_01_sequential_matcher] I20260518 18:58:30.216629  3791 pairing.cc:473] Processing image [18/185]
2026-05-18T18:58:30 COLMAP[chunk_01_sequential_matcher] I20260518 18:58:30.256548  3791 feature_matching.cc:217] in 0.040s
2026-05-18T18:58:30 COLMAP[chunk_01_sequential_matcher] I20260518 18:58:30.256603  3791 pairing.cc:473] Processing image [19/185]
2026-05-18T18:58:30 COLMAP[chunk_01_sequential_matcher] I20260518 18:58:30.591572  3791 feature_matching.cc:217] in 0.335s
2026-05-18T18:58:30 COLMAP[chunk_01_sequential_matcher] I20260518 18:58:30.591625  3791 pairing.cc:473] Processing image [20/185]
2026-05-18T18:58:31 COLMAP[chunk_01_sequential_matcher] I20260518 18:58:30.763756  3791 feature_matching.cc:217] in 0.172s
2026-05-18T18:58:31 COLMAP[chunk_01_sequential_matcher] I20260518 18:58:30.763818  3791 pairing.cc:473] Processing image [21/185]
2026-05-18T18:58:31 COLMAP[chunk_01_sequential_matcher] I20260518 18:58:30.830080  3791 feature_matching.cc:217] in 0.066s
2026-05-18T18:58:31 COLMAP[chunk_01_sequential_matcher] I20260518 18:58:30.830128  3791 pairing.cc:473] Processing image [22/185]
2026-05-18T18:58:31 COLMAP[chunk_01_sequential_matcher] I20260518 18:58:30.887399  3791 feature_matching.cc:217] in 0.057s
2026-05-18T18:58:31 COLMAP[chunk_01_sequential_matcher] I20260518 18:58:30.887445  3791 pairing.cc:473] Processing image [23/185]
2026-05-18T18:58:31 COLMAP[chunk_01_sequential_matcher] I20260518 18:58:30.952365  3791 feature_matching.cc:217] in 0.065s
2026-05-18T18:58:31 COLMAP[chunk_01_sequential_matcher] I20260518 18:58:30.952409  3791 pairing.cc:473] Processing image [24/185]
2026-05-18T18:58:31 COLMAP[chunk_01_sequential_matcher] I20260518 18:58:31.095182  3791 feature_matching.cc:217] in 0.143s
2026-05-18T18:58:31 COLMAP[chunk_01_sequential_matcher] I20260518 18:58:31.095228  3791 pairing.cc:473] Processing image [25/185]
2026-05-18T18:58:31 COLMAP[chunk_01_sequential_matcher] I20260518 18:58:31.193809  3791 feature_matching.cc:217] in 0.099s
2026-05-18T18:58:31 COLMAP[chunk_01_sequential_matcher] I20260518 18:58:31.193856  3791 pairing.cc:473] Processing image [26/185]
2026-05-18T18:58:31 COLMAP[chunk_01_sequential_matcher] I20260518 18:58:31.320488  3791 feature_matching.cc:217] in 0.127s
2026-05-18T18:58:31 COLMAP[chunk_01_sequential_matcher] I20260518 18:58:31.320531  3791 pairing.cc:473] Processing image [27/185]
2026-05-18T18:58:31 COLMAP[chunk_01_sequential_matcher] I20260518 18:58:31.542109  3791 feature_matching.cc:217] in 0.222s
2026-05-18T18:58:31 COLMAP[chunk_01_sequential_matcher] I20260518 18:58:31.542155  3791 pairing.cc:473] Processing image [28/185]
2026-05-18T18:58:32 COLMAP[chunk_01_sequential_matcher] I20260518 18:58:31.942999  3791 feature_matching.cc:217] in 0.401s
2026-05-18T18:58:32 COLMAP[chunk_01_sequential_matcher] I20260518 18:58:31.943050  3791 pairing.cc:473] Processing image [29/185]
2026-05-18T18:58:32 COLMAP[chunk_01_sequential_matcher] I20260518 18:58:32.386968  3791 feature_matching.cc:217] in 0.444s
2026-05-18T18:58:32 COLMAP[chunk_01_sequential_matcher] I20260518 18:58:32.387019  3791 pairing.cc:473] Processing image [30/185]
2026-05-18T18:58:33 COLMAP[chunk_01_sequential_matcher] I20260518 18:58:32.844846  3791 feature_matching.cc:217] in 0.458s
2026-05-18T18:58:33 COLMAP[chunk_01_sequential_matcher] I20260518 18:58:32.844894  3791 pairing.cc:473] Processing image [31/185]
2026-05-18T18:58:33 COLMAP[chunk_01_sequential_matcher] I20260518 18:58:33.162796  3791 feature_matching.cc:217] in 0.318s
2026-05-18T18:58:33 COLMAP[chunk_01_sequential_matcher] I20260518 18:58:33.162847  3791 pairing.cc:473] Processing image [32/185]
2026-05-18T18:58:33 COLMAP[chunk_01_sequential_matcher] I20260518 18:58:33.599328  3791 feature_matching.cc:217] in 0.437s
2026-05-18T18:58:33 COLMAP[chunk_01_sequential_matcher] I20260518 18:58:33.599382  3791 pairing.cc:473] Processing image [33/185]
2026-05-18T18:58:34 COLMAP[chunk_01_sequential_matcher] I20260518 18:58:33.991318  3791 feature_matching.cc:217] in 0.392s
2026-05-18T18:58:34 COLMAP[chunk_01_sequential_matcher] I20260518 18:58:33.991370  3791 pairing.cc:473] Processing image [34/185]
2026-05-18T18:58:34 COLMAP[chunk_01_sequential_matcher] I20260518 18:58:34.400434  3791 feature_matching.cc:217] in 0.409s
2026-05-18T18:58:34 COLMAP[chunk_01_sequential_matcher] I20260518 18:58:34.400483  3791 pairing.cc:473] Processing image [35/185]
2026-05-18T18:58:35 COLMAP[chunk_01_sequential_matcher] I20260518 18:58:34.818183  3791 feature_matching.cc:217] in 0.418s
2026-05-18T18:58:35 COLMAP[chunk_01_sequential_matcher] I20260518 18:58:34.818231  3791 pairing.cc:473] Processing image [36/185]
2026-05-18T18:58:35 COLMAP[chunk_01_sequential_matcher] I20260518 18:58:35.040465  3791 feature_matching.cc:217] in 0.222s
2026-05-18T18:58:35 COLMAP[chunk_01_sequential_matcher] I20260518 18:58:35.040519  3791 pairing.cc:473] Processing image [37/185]
2026-05-18T18:58:35 COLMAP[chunk_01_sequential_matcher] I20260518 18:58:35.515625  3791 feature_matching.cc:217] in 0.475s
2026-05-18T18:58:35 COLMAP[chunk_01_sequential_matcher] I20260518 18:58:35.515678  3791 pairing.cc:473] Processing image [38/185]
2026-05-18T18:58:36 COLMAP[chunk_01_sequential_matcher] I20260518 18:58:35.860752  3791 feature_matching.cc:217] in 0.345s
2026-05-18T18:58:36 COLMAP[chunk_01_sequential_matcher] I20260518 18:58:35.860800  3791 pairing.cc:473] Processing image [39/185]
2026-05-18T18:58:36 COLMAP[chunk_01_sequential_matcher] I20260518 18:58:36.110790  3791 feature_matching.cc:217] in 0.250s
2026-05-18T18:58:36 COLMAP[chunk_01_sequential_matcher] I20260518 18:58:36.110846  3791 pairing.cc:473] Processing image [40/185]
2026-05-18T18:58:36 COLMAP[chunk_01_sequential_matcher] I20260518 18:58:36.459733  3791 feature_matching.cc:217] in 0.349s
2026-05-18T18:58:36 COLMAP[chunk_01_sequential_matcher] I20260518 18:58:36.459785  3791 pairing.cc:473] Processing image [41/185]
2026-05-18T18:58:37 COLMAP[chunk_01_sequential_matcher] I20260518 18:58:36.900254  3791 feature_matching.cc:217] in 0.440s
2026-05-18T18:58:37 COLMAP[chunk_01_sequential_matcher] I20260518 18:58:36.900305  3791 pairing.cc:473] Processing image [42/185]
2026-05-18T18:58:37 COLMAP[chunk_01_sequential_matcher] I20260518 18:58:37.276221  3791 feature_matching.cc:217] in 0.376s
2026-05-18T18:58:37 COLMAP[chunk_01_sequential_matcher] I20260518 18:58:37.276274  3791 pairing.cc:473] Processing image [43/185]
2026-05-18T18:58:37 COLMAP[chunk_01_sequential_matcher] I20260518 18:58:37.440109  3791 feature_matching.cc:217] in 0.164s
2026-05-18T18:58:37 COLMAP[chunk_01_sequential_matcher] I20260518 18:58:37.440165  3791 pairing.cc:473] Processing image [44/185]
2026-05-18T18:58:38 COLMAP[chunk_01_sequential_matcher] I20260518 18:58:37.808104  3791 feature_matching.cc:217] in 0.368s
2026-05-18T18:58:38 COLMAP[chunk_01_sequential_matcher] I20260518 18:58:37.808153  3791 pairing.cc:473] Processing image [45/185]
2026-05-18T18:58:38 COLMAP[chunk_01_sequential_matcher] I20260518 18:58:37.946539  3791 feature_matching.cc:217] in 0.138s
2026-05-18T18:58:38 COLMAP[chunk_01_sequential_matcher] I20260518 18:58:37.946587  3791 pairing.cc:473] Processing image [46/185]
2026-05-18T18:58:38 COLMAP[chunk_01_sequential_matcher] I20260518 18:58:38.318538  3791 feature_matching.cc:217] in 0.372s
2026-05-18T18:58:38 COLMAP[chunk_01_sequential_matcher] I20260518 18:58:38.318593  3791 pairing.cc:473] Processing image [47/185]
2026-05-18T18:58:38 COLMAP[chunk_01_sequential_matcher] I20260518 18:58:38.526758  3791 feature_matching.cc:217] in 0.208s
2026-05-18T18:58:38 COLMAP[chunk_01_sequential_matcher] I20260518 18:58:38.526813  3791 pairing.cc:473] Processing image [48/185]
2026-05-18T18:58:39 COLMAP[chunk_01_sequential_matcher] I20260518 18:58:38.999346  3791 feature_matching.cc:217] in 0.473s
2026-05-18T18:58:39 COLMAP[chunk_01_sequential_matcher] I20260518 18:58:38.999400  3791 pairing.cc:473] Processing image [49/185]
2026-05-18T18:58:39 COLMAP[chunk_01_sequential_matcher] I20260518 18:58:39.478609  3791 feature_matching.cc:217] in 0.479s
2026-05-18T18:58:39 COLMAP[chunk_01_sequential_matcher] I20260518 18:58:39.478660  3791 pairing.cc:473] Processing image [50/185]
2026-05-18T18:58:40 COLMAP[chunk_01_sequential_matcher] I20260518 18:58:40.040084  3791 feature_matching.cc:217] in 0.561s
2026-05-18T18:58:40 COLMAP[chunk_01_sequential_matcher] I20260518 18:58:40.040158  3791 pairing.cc:473] Processing image [51/185]
2026-05-18T18:58:40 COLMAP[chunk_01_sequential_matcher] I20260518 18:58:40.622476  3791 feature_matching.cc:217] in 0.582s
2026-05-18T18:58:40 COLMAP[chunk_01_sequential_matcher] I20260518 18:58:40.622519  3791 pairing.cc:473] Processing image [52/185]
2026-05-18T18:58:41 COLMAP[chunk_01_sequential_matcher] I20260518 18:58:41.188395  3791 feature_matching.cc:217] in 0.566s
2026-05-18T18:58:41 COLMAP[chunk_01_sequential_matcher] I20260518 18:58:41.188453  3791 pairing.cc:473] Processing image [53/185]
2026-05-18T18:58:41 COLMAP[chunk_01_sequential_matcher] I20260518 18:58:41.561373  3791 feature_matching.cc:217] in 0.373s
2026-05-18T18:58:41 COLMAP[chunk_01_sequential_matcher] I20260518 18:58:41.561427  3791 pairing.cc:473] Processing image [54/185]
2026-05-18T18:58:42 COLMAP[chunk_01_sequential_matcher] I20260518 18:58:41.824883  3791 feature_matching.cc:217] in 0.263s
2026-05-18T18:58:42 COLMAP[chunk_01_sequential_matcher] I20260518 18:58:41.824942  3791 pairing.cc:473] Processing image [55/185]
2026-05-18T18:58:42 COLMAP[chunk_01_sequential_matcher] I20260518 18:58:42.280351  3791 feature_matching.cc:217] in 0.455s
2026-05-18T18:58:42 COLMAP[chunk_01_sequential_matcher] I20260518 18:58:42.280405  3791 pairing.cc:473] Processing image [56/185]
2026-05-18T18:58:42 COLMAP[chunk_01_sequential_matcher] I20260518 18:58:42.645357  3791 feature_matching.cc:217] in 0.365s
2026-05-18T18:58:42 COLMAP[chunk_01_sequential_matcher] I20260518 18:58:42.645406  3791 pairing.cc:473] Processing image [57/185]
2026-05-18T18:58:43 COLMAP[chunk_01_sequential_matcher] I20260518 18:58:43.094044  3791 feature_matching.cc:217] in 0.449s
2026-05-18T18:58:43 COLMAP[chunk_01_sequential_matcher] I20260518 18:58:43.094091  3791 pairing.cc:473] Processing image [58/185]
2026-05-18T18:58:43 COLMAP[chunk_01_sequential_matcher] I20260518 18:58:43.358003  3791 feature_matching.cc:217] in 0.264s
2026-05-18T18:58:43 COLMAP[chunk_01_sequential_matcher] I20260518 18:58:43.358050  3791 pairing.cc:473] Processing image [59/185]
2026-05-18T18:58:43 COLMAP[chunk_01_sequential_matcher] I20260518 18:58:43.471066  3791 feature_matching.cc:217] in 0.113s
2026-05-18T18:58:43 COLMAP[chunk_01_sequential_matcher] I20260518 18:58:43.471117  3791 pairing.cc:473] Processing image [60/185]
2026-05-18T18:58:43 COLMAP[chunk_01_sequential_matcher] I20260518 18:58:43.662487  3791 feature_matching.cc:217] in 0.191s
2026-05-18T18:58:43 COLMAP[chunk_01_sequential_matcher] I20260518 18:58:43.662539  3791 pairing.cc:473] Processing image [61/185]
2026-05-18T18:58:43 COLMAP[chunk_01_sequential_matcher] I20260518 18:58:43.735235  3791 feature_matching.cc:217] in 0.073s
2026-05-18T18:58:43 COLMAP[chunk_01_sequential_matcher] I20260518 18:58:43.735277  3791 pairing.cc:473] Processing image [62/185]
2026-05-18T18:58:44 COLMAP[chunk_01_sequential_matcher] I20260518 18:58:44.077514  3791 feature_matching.cc:217] in 0.342s
2026-05-18T18:58:44 COLMAP[chunk_01_sequential_matcher] I20260518 18:58:44.077567  3791 pairing.cc:473] Processing image [63/185]
2026-05-18T18:58:44 COLMAP[chunk_01_sequential_matcher] I20260518 18:58:44.414395  3791 feature_matching.cc:217] in 0.337s
2026-05-18T18:58:44 COLMAP[chunk_01_sequential_matcher] I20260518 18:58:44.414450  3791 pairing.cc:473] Processing image [64/185]
2026-05-18T18:58:45 COLMAP[chunk_01_sequential_matcher] I20260518 18:58:44.980878  3791 feature_matching.cc:217] in 0.566s
2026-05-18T18:58:45 COLMAP[chunk_01_sequential_matcher] I20260518 18:58:44.980923  3791 pairing.cc:473] Processing image [65/185]
2026-05-18T18:58:45 COLMAP[chunk_01_sequential_matcher] I20260518 18:58:45.496284  3791 feature_matching.cc:217] in 0.515s
2026-05-18T18:58:45 COLMAP[chunk_01_sequential_matcher] I20260518 18:58:45.496333  3791 pairing.cc:473] Processing image [66/185]
2026-05-18T18:58:46 COLMAP[chunk_01_sequential_matcher] I20260518 18:58:45.847262  3791 feature_matching.cc:217] in 0.351s
2026-05-18T18:58:46 COLMAP[chunk_01_sequential_matcher] I20260518 18:58:45.847316  3791 pairing.cc:473] Processing image [67/185]
2026-05-18T18:58:46 COLMAP[chunk_01_sequential_matcher] I20260518 18:58:46.283032  3791 feature_matching.cc:217] in 0.436s
2026-05-18T18:58:46 COLMAP[chunk_01_sequential_matcher] I20260518 18:58:46.283084  3791 pairing.cc:473] Processing image [68/185]
2026-05-18T18:58:46 COLMAP[chunk_01_sequential_matcher] I20260518 18:58:46.618685  3791 feature_matching.cc:217] in 0.336s
2026-05-18T18:58:46 COLMAP[chunk_01_sequential_matcher] I20260518 18:58:46.618734  3791 pairing.cc:473] Processing image [69/185]
2026-05-18T18:58:47 COLMAP[chunk_01_sequential_matcher] I20260518 18:58:47.064697  3791 feature_matching.cc:217] in 0.446s
2026-05-18T18:58:47 COLMAP[chunk_01_sequential_matcher] I20260518 18:58:47.064743  3791 pairing.cc:473] Processing image [70/185]
2026-05-18T18:58:47 COLMAP[chunk_01_sequential_matcher] I20260518 18:58:47.587904  3791 feature_matching.cc:217] in 0.523s
2026-05-18T18:58:47 COLMAP[chunk_01_sequential_matcher] I20260518 18:58:47.587955  3791 pairing.cc:473] Processing image [71/185]
2026-05-18T18:58:48 COLMAP[chunk_01_sequential_matcher] I20260518 18:58:48.158233  3791 feature_matching.cc:217] in 0.570s
2026-05-18T18:58:48 COLMAP[chunk_01_sequential_matcher] I20260518 18:58:48.158284  3791 pairing.cc:473] Processing image [72/185]
2026-05-18T18:58:49 COLMAP[chunk_01_sequential_matcher] I20260518 18:58:48.982342  3791 feature_matching.cc:217] in 0.824s
2026-05-18T18:58:49 COLMAP[chunk_01_sequential_matcher] I20260518 18:58:48.982391  3791 pairing.cc:473] Processing image [73/185]
2026-05-18T18:58:49 COLMAP[chunk_01_sequential_matcher] I20260518 18:58:49.377902  3791 feature_matching.cc:217] in 0.396s
2026-05-18T18:58:49 COLMAP[chunk_01_sequential_matcher] I20260518 18:58:49.377951  3791 pairing.cc:473] Processing image [74/185]
2026-05-18T18:58:50 COLMAP[chunk_01_sequential_matcher] I20260518 18:58:50.440325  3791 feature_matching.cc:217] in 1.062s
2026-05-18T18:58:50 COLMAP[chunk_01_sequential_matcher] I20260518 18:58:50.440379  3791 pairing.cc:473] Processing image [75/185]
2026-05-18T18:58:51 COLMAP[chunk_01_sequential_matcher] I20260518 18:58:50.910750  3791 feature_matching.cc:217] in 0.470s
2026-05-18T18:58:51 COLMAP[chunk_01_sequential_matcher] I20260518 18:58:50.910804  3791 pairing.cc:473] Processing image [76/185]
2026-05-18T18:58:51 COLMAP[chunk_01_sequential_matcher] I20260518 18:58:51.401538  3791 feature_matching.cc:217] in 0.491s
2026-05-18T18:58:51 COLMAP[chunk_01_sequential_matcher] I20260518 18:58:51.401592  3791 pairing.cc:473] Processing image [77/185]
2026-05-18T18:58:52 COLMAP[chunk_01_sequential_matcher] I20260518 18:58:51.850086  3791 feature_matching.cc:217] in 0.449s
2026-05-18T18:58:52 COLMAP[chunk_01_sequential_matcher] I20260518 18:58:51.850142  3791 pairing.cc:473] Processing image [78/185]
2026-05-18T18:58:52 COLMAP[chunk_01_sequential_matcher] I20260518 18:58:51.991317  3791 feature_matching.cc:217] in 0.141s
2026-05-18T18:58:52 COLMAP[chunk_01_sequential_matcher] I20260518 18:58:51.991371  3791 pairing.cc:473] Processing image [79/185]
2026-05-18T18:58:52 COLMAP[chunk_01_sequential_matcher] I20260518 18:58:52.447669  3791 feature_matching.cc:217] in 0.456s
2026-05-18T18:58:52 COLMAP[chunk_01_sequential_matcher] I20260518 18:58:52.447732  3791 pairing.cc:473] Processing image [80/185]
2026-05-18T18:58:53 COLMAP[chunk_01_sequential_matcher] I20260518 18:58:52.853668  3791 feature_matching.cc:217] in 0.406s
2026-05-18T18:58:53 COLMAP[chunk_01_sequential_matcher] I20260518 18:58:52.853742  3791 pairing.cc:473] Processing image [81/185]
2026-05-18T18:58:53 COLMAP[chunk_01_sequential_matcher] I20260518 18:58:53.074391  3791 feature_matching.cc:217] in 0.221s
2026-05-18T18:58:53 COLMAP[chunk_01_sequential_matcher] I20260518 18:58:53.074437  3791 pairing.cc:473] Processing image [82/185]
2026-05-18T18:58:53 COLMAP[chunk_01_sequential_matcher] I20260518 18:58:53.458956  3791 feature_matching.cc:217] in 0.385s
2026-05-18T18:58:53 COLMAP[chunk_01_sequential_matcher] I20260518 18:58:53.459010  3791 pairing.cc:473] Processing image [83/185]
2026-05-18T18:58:53 COLMAP[chunk_01_sequential_matcher] I20260518 18:58:53.649639  3791 feature_matching.cc:217] in 0.191s
2026-05-18T18:58:53 COLMAP[chunk_01_sequential_matcher] I20260518 18:58:53.649710  3791 pairing.cc:473] Processing image [84/185]
2026-05-18T18:58:54 COLMAP[chunk_01_sequential_matcher] I20260518 18:58:54.034654  3791 feature_matching.cc:217] in 0.385s
2026-05-18T18:58:54 COLMAP[chunk_01_sequential_matcher] I20260518 18:58:54.034708  3791 pairing.cc:473] Processing image [85/185]
2026-05-18T18:58:54 COLMAP[chunk_01_sequential_matcher] I20260518 18:58:54.400199  3791 feature_matching.cc:217] in 0.366s
2026-05-18T18:58:54 COLMAP[chunk_01_sequential_matcher] I20260518 18:58:54.400254  3791 pairing.cc:473] Processing image [86/185]
2026-05-18T18:58:54 COLMAP[chunk_01_sequential_matcher] I20260518 18:58:54.536608  3791 feature_matching.cc:217] in 0.136s
2026-05-18T18:58:54 COLMAP[chunk_01_sequential_matcher] I20260518 18:58:54.536657  3791 pairing.cc:473] Processing image [87/185]
2026-05-18T18:58:55 COLMAP[chunk_01_sequential_matcher] I20260518 18:58:54.912709  3791 feature_matching.cc:217] in 0.376s
2026-05-18T18:58:55 COLMAP[chunk_01_sequential_matcher] I20260518 18:58:54.912763  3791 pairing.cc:473] Processing image [88/185]
2026-05-18T18:58:55 COLMAP[chunk_01_sequential_matcher] I20260518 18:58:55.284835  3791 feature_matching.cc:217] in 0.372s
2026-05-18T18:58:55 COLMAP[chunk_01_sequential_matcher] I20260518 18:58:55.284890  3791 pairing.cc:473] Processing image [89/185]
2026-05-18T18:58:55 COLMAP[chunk_01_sequential_matcher] I20260518 18:58:55.670517  3791 feature_matching.cc:217] in 0.386s
2026-05-18T18:58:55 COLMAP[chunk_01_sequential_matcher] I20260518 18:58:55.670571  3791 pairing.cc:473] Processing image [90/185]
2026-05-18T18:58:56 COLMAP[chunk_01_sequential_matcher] I20260518 18:58:56.181111  3791 feature_matching.cc:217] in 0.511s
2026-05-18T18:58:56 COLMAP[chunk_01_sequential_matcher] I20260518 18:58:56.181164  3791 pairing.cc:473] Processing image [91/185]
2026-05-18T18:58:56 COLMAP[chunk_01_sequential_matcher] I20260518 18:58:56.267930  3791 feature_matching.cc:217] in 0.087s
2026-05-18T18:58:56 COLMAP[chunk_01_sequential_matcher] I20260518 18:58:56.267979  3791 pairing.cc:473] Processing image [92/185]
2026-05-18T18:58:56 COLMAP[chunk_01_sequential_matcher] I20260518 18:58:56.408524  3791 feature_matching.cc:217] in 0.141s
2026-05-18T18:58:56 COLMAP[chunk_01_sequential_matcher] I20260518 18:58:56.408576  3791 pairing.cc:473] Processing image [93/185]
2026-05-18T18:58:56 COLMAP[chunk_01_sequential_matcher] I20260518 18:58:56.629381  3791 feature_matching.cc:217] in 0.221s
2026-05-18T18:58:56 COLMAP[chunk_01_sequential_matcher] I20260518 18:58:56.629429  3791 pairing.cc:473] Processing image [94/185]
2026-05-18T18:58:56 COLMAP[chunk_01_sequential_matcher] I20260518 18:58:56.687721  3791 feature_matching.cc:217] in 0.058s
2026-05-18T18:58:56 COLMAP[chunk_01_sequential_matcher] I20260518 18:58:56.687765  3791 pairing.cc:473] Processing image [95/185]
2026-05-18T18:58:56 COLMAP[chunk_01_sequential_matcher] I20260518 18:58:56.748948  3791 feature_matching.cc:217] in 0.061s
2026-05-18T18:58:56 COLMAP[chunk_01_sequential_matcher] I20260518 18:58:56.748991  3791 pairing.cc:473] Processing image [96/185]
2026-05-18T18:58:57 COLMAP[chunk_01_sequential_matcher] I20260518 18:58:56.806846  3791 feature_matching.cc:217] in 0.058s
2026-05-18T18:58:57 COLMAP[chunk_01_sequential_matcher] I20260518 18:58:56.806892  3791 pairing.cc:473] Processing image [97/185]
2026-05-18T18:58:57 COLMAP[chunk_01_sequential_matcher] I20260518 18:58:56.848946  3791 feature_matching.cc:217] in 0.042s
2026-05-18T18:58:57 COLMAP[chunk_01_sequential_matcher] I20260518 18:58:56.848989  3791 pairing.cc:473] Processing image [98/185]
2026-05-18T18:58:57 COLMAP[chunk_01_sequential_matcher] I20260518 18:58:56.958267  3791 feature_matching.cc:217] in 0.109s
2026-05-18T18:58:57 COLMAP[chunk_01_sequential_matcher] I20260518 18:58:56.958312  3791 pairing.cc:473] Processing image [99/185]
2026-05-18T18:58:57 COLMAP[chunk_01_sequential_matcher] I20260518 18:58:57.022439  3791 feature_matching.cc:217] in 0.064s
2026-05-18T18:58:57 COLMAP[chunk_01_sequential_matcher] I20260518 18:58:57.022482  3791 pairing.cc:473] Processing image [100/185]
2026-05-18T18:58:57 COLMAP[chunk_01_sequential_matcher] I20260518 18:58:57.234334  3791 feature_matching.cc:217] in 0.212s
2026-05-18T18:58:57 COLMAP[chunk_01_sequential_matcher] I20260518 18:58:57.234386  3791 pairing.cc:473] Processing image [101/185]
2026-05-18T18:58:57 COLMAP[chunk_01_sequential_matcher] I20260518 18:58:57.575412  3791 feature_matching.cc:217] in 0.341s
2026-05-18T18:58:57 COLMAP[chunk_01_sequential_matcher] I20260518 18:58:57.575462  3791 pairing.cc:473] Processing image [102/185]
2026-05-18T18:58:57 COLMAP[chunk_01_sequential_matcher] I20260518 18:58:57.751034  3791 feature_matching.cc:217] in 0.176s
2026-05-18T18:58:57 COLMAP[chunk_01_sequential_matcher] I20260518 18:58:57.751089  3791 pairing.cc:473] Processing image [103/185]
2026-05-18T18:58:58 COLMAP[chunk_01_sequential_matcher] I20260518 18:58:58.125161  3791 feature_matching.cc:217] in 0.374s
2026-05-18T18:58:58 COLMAP[chunk_01_sequential_matcher] I20260518 18:58:58.125212  3791 pairing.cc:473] Processing image [104/185]
2026-05-18T18:58:58 COLMAP[chunk_01_sequential_matcher] I20260518 18:58:58.273247  3791 feature_matching.cc:217] in 0.148s
2026-05-18T18:58:58 COLMAP[chunk_01_sequential_matcher] I20260518 18:58:58.273300  3791 pairing.cc:473] Processing image [105/185]
2026-05-18T18:58:58 COLMAP[chunk_01_sequential_matcher] I20260518 18:58:58.468763  3791 feature_matching.cc:217] in 0.195s
2026-05-18T18:58:58 COLMAP[chunk_01_sequential_matcher] I20260518 18:58:58.468823  3791 pairing.cc:473] Processing image [106/185]
2026-05-18T18:58:59 COLMAP[chunk_01_sequential_matcher] I20260518 18:58:58.840693  3791 feature_matching.cc:217] in 0.372s
2026-05-18T18:58:59 COLMAP[chunk_01_sequential_matcher] I20260518 18:58:58.840749  3791 pairing.cc:473] Processing image [107/185]
2026-05-18T18:58:59 COLMAP[chunk_01_sequential_matcher] I20260518 18:58:59.000051  3791 feature_matching.cc:217] in 0.159s
2026-05-18T18:58:59 COLMAP[chunk_01_sequential_matcher] I20260518 18:58:59.000108  3791 pairing.cc:473] Processing image [108/185]
2026-05-18T18:58:59 COLMAP[chunk_01_sequential_matcher] I20260518 18:58:59.171696  3791 feature_matching.cc:217] in 0.172s
2026-05-18T18:58:59 COLMAP[chunk_01_sequential_matcher] I20260518 18:58:59.171775  3791 pairing.cc:473] Processing image [109/185]
2026-05-18T18:58:59 COLMAP[chunk_01_sequential_matcher] I20260518 18:58:59.558975  3791 feature_matching.cc:217] in 0.387s
2026-05-18T18:58:59 COLMAP[chunk_01_sequential_matcher] I20260518 18:58:59.559029  3791 pairing.cc:473] Processing image [110/185]
2026-05-18T18:59:00 COLMAP[chunk_01_sequential_matcher] I20260518 18:58:59.927830  3791 feature_matching.cc:217] in 0.369s
2026-05-18T18:59:00 COLMAP[chunk_01_sequential_matcher] I20260518 18:58:59.927884  3791 pairing.cc:473] Processing image [111/185]
2026-05-18T18:59:00 COLMAP[chunk_01_sequential_matcher] I20260518 18:59:00.226078  3791 feature_matching.cc:217] in 0.298s
2026-05-18T18:59:00 COLMAP[chunk_01_sequential_matcher] I20260518 18:59:00.226135  3791 pairing.cc:473] Processing image [112/185]
2026-05-18T18:59:00 COLMAP[chunk_01_sequential_matcher] I20260518 18:59:00.596570  3791 feature_matching.cc:217] in 0.370s
2026-05-18T18:59:00 COLMAP[chunk_01_sequential_matcher] I20260518 18:59:00.596621  3791 pairing.cc:473] Processing image [113/185]
2026-05-18T18:59:00 COLMAP[chunk_01_sequential_matcher] I20260518 18:59:00.685248  3791 feature_matching.cc:217] in 0.089s
2026-05-18T18:59:00 COLMAP[chunk_01_sequential_matcher] I20260518 18:59:00.685294  3791 pairing.cc:473] Processing image [114/185]
2026-05-18T18:59:01 COLMAP[chunk_01_sequential_matcher] I20260518 18:59:01.052119  3791 feature_matching.cc:217] in 0.367s
2026-05-18T18:59:01 COLMAP[chunk_01_sequential_matcher] I20260518 18:59:01.052175  3791 pairing.cc:473] Processing image [115/185]
2026-05-18T18:59:01 COLMAP[chunk_01_sequential_matcher] I20260518 18:59:01.299700  3791 feature_matching.cc:217] in 0.248s
2026-05-18T18:59:01 COLMAP[chunk_01_sequential_matcher] I20260518 18:59:01.299769  3791 pairing.cc:473] Processing image [116/185]
2026-05-18T18:59:02 COLMAP[chunk_01_sequential_matcher] I20260518 18:59:01.829888  3791 feature_matching.cc:217] in 0.530s
2026-05-18T18:59:02 COLMAP[chunk_01_sequential_matcher] I20260518 18:59:01.829944  3791 pairing.cc:473] Processing image [117/185]
2026-05-18T18:59:02 COLMAP[chunk_01_sequential_matcher] I20260518 18:59:02.215905  3791 feature_matching.cc:217] in 0.386s
2026-05-18T18:59:02 COLMAP[chunk_01_sequential_matcher] I20260518 18:59:02.215955  3791 pairing.cc:473] Processing image [118/185]
2026-05-18T18:59:02 COLMAP[chunk_01_sequential_matcher] I20260518 18:59:02.416687  3791 feature_matching.cc:217] in 0.201s
2026-05-18T18:59:02 COLMAP[chunk_01_sequential_matcher] I20260518 18:59:02.416740  3791 pairing.cc:473] Processing image [119/185]
2026-05-18T18:59:03 COLMAP[chunk_01_sequential_matcher] I20260518 18:59:02.784529  3791 feature_matching.cc:217] in 0.368s
2026-05-18T18:59:03 COLMAP[chunk_01_sequential_matcher] I20260518 18:59:02.784595  3791 pairing.cc:473] Processing image [120/185]
2026-05-18T18:59:03 COLMAP[chunk_01_sequential_matcher] I20260518 18:59:02.924957  3791 feature_matching.cc:217] in 0.140s
2026-05-18T18:59:03 COLMAP[chunk_01_sequential_matcher] I20260518 18:59:02.925009  3791 pairing.cc:473] Processing image [121/185]
2026-05-18T18:59:03 COLMAP[chunk_01_sequential_matcher] I20260518 18:59:02.987016  3791 feature_matching.cc:217] in 0.062s
2026-05-18T18:59:03 COLMAP[chunk_01_sequential_matcher] I20260518 18:59:02.987064  3791 pairing.cc:473] Processing image [122/185]
2026-05-18T18:59:03 COLMAP[chunk_01_sequential_matcher] I20260518 18:59:03.165591  3791 feature_matching.cc:217] in 0.179s
2026-05-18T18:59:03 COLMAP[chunk_01_sequential_matcher] I20260518 18:59:03.165638  3791 pairing.cc:473] Processing image [123/185]
2026-05-18T18:59:03 COLMAP[chunk_01_sequential_matcher] I20260518 18:59:03.274739  3791 feature_matching.cc:217] in 0.109s
2026-05-18T18:59:03 COLMAP[chunk_01_sequential_matcher] I20260518 18:59:03.274788  3791 pairing.cc:473] Processing image [124/185]
2026-05-18T18:59:03 COLMAP[chunk_01_sequential_matcher] I20260518 18:59:03.454306  3791 feature_matching.cc:217] in 0.180s
2026-05-18T18:59:03 COLMAP[chunk_01_sequential_matcher] I20260518 18:59:03.454361  3791 pairing.cc:473] Processing image [125/185]
2026-05-18T18:59:04 COLMAP[chunk_01_sequential_matcher] I20260518 18:59:03.818339  3791 feature_matching.cc:217] in 0.364s
2026-05-18T18:59:04 COLMAP[chunk_01_sequential_matcher] I20260518 18:59:03.818395  3791 pairing.cc:473] Processing image [126/185]
2026-05-18T18:59:04 COLMAP[chunk_01_sequential_matcher] I20260518 18:59:04.122167  3791 feature_matching.cc:217] in 0.304s
2026-05-18T18:59:04 COLMAP[chunk_01_sequential_matcher] I20260518 18:59:04.122223  3791 pairing.cc:473] Processing image [127/185]
2026-05-18T18:59:04 COLMAP[chunk_01_sequential_matcher] I20260518 18:59:04.262012  3791 feature_matching.cc:217] in 0.140s
2026-05-18T18:59:04 COLMAP[chunk_01_sequential_matcher] I20260518 18:59:04.262065  3791 pairing.cc:473] Processing image [128/185]
2026-05-18T18:59:04 COLMAP[chunk_01_sequential_matcher] I20260518 18:59:04.693485  3791 feature_matching.cc:217] in 0.431s
2026-05-18T18:59:04 COLMAP[chunk_01_sequential_matcher] I20260518 18:59:04.693537  3791 pairing.cc:473] Processing image [129/185]
2026-05-18T18:59:05 COLMAP[chunk_01_sequential_matcher] I20260518 18:59:04.800906  3791 feature_matching.cc:217] in 0.107s
2026-05-18T18:59:05 COLMAP[chunk_01_sequential_matcher] I20260518 18:59:04.800952  3791 pairing.cc:473] Processing image [130/185]
2026-05-18T18:59:05 COLMAP[chunk_01_sequential_matcher] I20260518 18:59:04.919734  3791 feature_matching.cc:217] in 0.119s
2026-05-18T18:59:05 COLMAP[chunk_01_sequential_matcher] I20260518 18:59:04.919790  3791 pairing.cc:473] Processing image [131/185]
2026-05-18T18:59:05 COLMAP[chunk_01_sequential_matcher] I20260518 18:59:05.293221  3791 feature_matching.cc:217] in 0.373s
2026-05-18T18:59:05 COLMAP[chunk_01_sequential_matcher] I20260518 18:59:05.293272  3791 pairing.cc:473] Processing image [132/185]
2026-05-18T18:59:05 COLMAP[chunk_01_sequential_matcher] I20260518 18:59:05.735814  3791 feature_matching.cc:217] in 0.443s
2026-05-18T18:59:05 COLMAP[chunk_01_sequential_matcher] I20260518 18:59:05.735869  3791 pairing.cc:473] Processing image [133/185]
2026-05-18T18:59:06 COLMAP[chunk_01_sequential_matcher] I20260518 18:59:06.111830  3791 feature_matching.cc:217] in 0.376s
2026-05-18T18:59:06 COLMAP[chunk_01_sequential_matcher] I20260518 18:59:06.111886  3791 pairing.cc:473] Processing image [134/185]
2026-05-18T18:59:06 COLMAP[chunk_01_sequential_matcher] I20260518 18:59:06.341513  3791 feature_matching.cc:217] in 0.230s
2026-05-18T18:59:06 COLMAP[chunk_01_sequential_matcher] I20260518 18:59:06.341562  3791 pairing.cc:473] Processing image [135/185]
2026-05-18T18:59:06 COLMAP[chunk_01_sequential_matcher] I20260518 18:59:06.626921  3791 feature_matching.cc:217] in 0.285s
2026-05-18T18:59:06 COLMAP[chunk_01_sequential_matcher] I20260518 18:59:06.626971  3791 pairing.cc:473] Processing image [136/185]
2026-05-18T18:59:07 COLMAP[chunk_01_sequential_matcher] I20260518 18:59:07.124636  3791 feature_matching.cc:217] in 0.498s
2026-05-18T18:59:07 COLMAP[chunk_01_sequential_matcher] I20260518 18:59:07.124694  3791 pairing.cc:473] Processing image [137/185]
2026-05-18T18:59:07 COLMAP[chunk_01_sequential_matcher] I20260518 18:59:07.497980  3791 feature_matching.cc:217] in 0.373s
2026-05-18T18:59:07 COLMAP[chunk_01_sequential_matcher] I20260518 18:59:07.498061  3791 pairing.cc:473] Processing image [138/185]
2026-05-18T18:59:07 COLMAP[chunk_01_sequential_matcher] I20260518 18:59:07.612951  3791 feature_matching.cc:217] in 0.115s
2026-05-18T18:59:07 COLMAP[chunk_01_sequential_matcher] I20260518 18:59:07.613006  3791 pairing.cc:473] Processing image [139/185]
2026-05-18T18:59:08 COLMAP[chunk_01_sequential_matcher] I20260518 18:59:08.175572  3791 feature_matching.cc:217] in 0.563s
2026-05-18T18:59:08 COLMAP[chunk_01_sequential_matcher] I20260518 18:59:08.175629  3791 pairing.cc:473] Processing image [140/185]
2026-05-18T18:59:08 COLMAP[chunk_01_sequential_matcher] I20260518 18:59:08.741039  3791 feature_matching.cc:217] in 0.565s
2026-05-18T18:59:08 COLMAP[chunk_01_sequential_matcher] I20260518 18:59:08.741094  3791 pairing.cc:473] Processing image [141/185]
2026-05-18T18:59:09 COLMAP[chunk_01_sequential_matcher] I20260518 18:59:09.566617  3791 feature_matching.cc:217] in 0.826s
2026-05-18T18:59:09 COLMAP[chunk_01_sequential_matcher] I20260518 18:59:09.566672  3791 pairing.cc:473] Processing image [142/185]
2026-05-18T18:59:10 COLMAP[chunk_01_sequential_matcher] I20260518 18:59:09.997665  3791 feature_matching.cc:217] in 0.431s
2026-05-18T18:59:10 COLMAP[chunk_01_sequential_matcher] I20260518 18:59:09.997732  3791 pairing.cc:473] Processing image [143/185]
2026-05-18T18:59:10 COLMAP[chunk_01_sequential_matcher] I20260518 18:59:10.395233  3791 feature_matching.cc:217] in 0.398s
2026-05-18T18:59:10 COLMAP[chunk_01_sequential_matcher] I20260518 18:59:10.395288  3791 pairing.cc:473] Processing image [144/185]
2026-05-18T18:59:11 COLMAP[chunk_01_sequential_matcher] I20260518 18:59:10.852682  3791 feature_matching.cc:217] in 0.457s
2026-05-18T18:59:11 COLMAP[chunk_01_sequential_matcher] I20260518 18:59:10.852736  3791 pairing.cc:473] Processing image [145/185]
2026-05-18T18:59:11 COLMAP[chunk_01_sequential_matcher] I20260518 18:59:11.485852  3791 feature_matching.cc:217] in 0.633s
2026-05-18T18:59:11 COLMAP[chunk_01_sequential_matcher] I20260518 18:59:11.485908  3791 pairing.cc:473] Processing image [146/185]
2026-05-18T18:59:12 COLMAP[chunk_01_sequential_matcher] I20260518 18:59:12.120512  3791 feature_matching.cc:217] in 0.635s
2026-05-18T18:59:12 COLMAP[chunk_01_sequential_matcher] I20260518 18:59:12.120566  3791 pairing.cc:473] Processing image [147/185]
2026-05-18T18:59:12 COLMAP[chunk_01_sequential_matcher] I20260518 18:59:12.549391  3791 feature_matching.cc:217] in 0.429s
2026-05-18T18:59:12 COLMAP[chunk_01_sequential_matcher] I20260518 18:59:12.549444  3791 pairing.cc:473] Processing image [148/185]
2026-05-18T18:59:12 COLMAP[chunk_01_sequential_matcher] I20260518 18:59:12.692040  3791 feature_matching.cc:217] in 0.143s
2026-05-18T18:59:12 COLMAP[chunk_01_sequential_matcher] I20260518 18:59:12.692095  3791 pairing.cc:473] Processing image [149/185]
2026-05-18T18:59:13 COLMAP[chunk_01_sequential_matcher] I20260518 18:59:12.840577  3791 feature_matching.cc:217] in 0.149s
2026-05-18T18:59:13 COLMAP[chunk_01_sequential_matcher] I20260518 18:59:12.840629  3791 pairing.cc:473] Processing image [150/185]
2026-05-18T18:59:13 COLMAP[chunk_01_sequential_matcher] I20260518 18:59:12.897574  3791 feature_matching.cc:217] in 0.057s
2026-05-18T18:59:13 COLMAP[chunk_01_sequential_matcher] I20260518 18:59:12.897622  3791 pairing.cc:473] Processing image [151/185]
2026-05-18T18:59:13 COLMAP[chunk_01_sequential_matcher] I20260518 18:59:12.942251  3791 feature_matching.cc:217] in 0.045s
2026-05-18T18:59:13 COLMAP[chunk_01_sequential_matcher] I20260518 18:59:12.942302  3791 pairing.cc:473] Processing image [152/185]
2026-05-18T18:59:13 COLMAP[chunk_01_sequential_matcher] I20260518 18:59:12.989636  3791 feature_matching.cc:217] in 0.047s
2026-05-18T18:59:13 COLMAP[chunk_01_sequential_matcher] I20260518 18:59:12.989722  3791 pairing.cc:473] Processing image [153/185]
2026-05-18T18:59:13 COLMAP[chunk_01_sequential_matcher] I20260518 18:59:13.049561  3791 feature_matching.cc:217] in 0.060s
2026-05-18T18:59:13 COLMAP[chunk_01_sequential_matcher] I20260518 18:59:13.049613  3791 pairing.cc:473] Processing image [154/185]
2026-05-18T18:59:13 COLMAP[chunk_01_sequential_matcher] I20260518 18:59:13.152472  3791 feature_matching.cc:217] in 0.103s
2026-05-18T18:59:13 COLMAP[chunk_01_sequential_matcher] I20260518 18:59:13.152526  3791 pairing.cc:473] Processing image [155/185]
2026-05-18T18:59:13 COLMAP[chunk_01_sequential_matcher] I20260518 18:59:13.341949  3791 feature_matching.cc:217] in 0.189s
2026-05-18T18:59:13 COLMAP[chunk_01_sequential_matcher] I20260518 18:59:13.342002  3791 pairing.cc:473] Processing image [156/185]
2026-05-18T18:59:13 COLMAP[chunk_01_sequential_matcher] I20260518 18:59:13.501222  3791 feature_matching.cc:217] in 0.159s
2026-05-18T18:59:13 COLMAP[chunk_01_sequential_matcher] I20260518 18:59:13.501282  3791 pairing.cc:473] Processing image [157/185]
2026-05-18T18:59:14 COLMAP[chunk_01_sequential_matcher] I20260518 18:59:13.918280  3791 feature_matching.cc:217] in 0.417s
2026-05-18T18:59:14 COLMAP[chunk_01_sequential_matcher] I20260518 18:59:13.918335  3791 pairing.cc:473] Processing image [158/185]
2026-05-18T18:59:14 COLMAP[chunk_01_sequential_matcher] I20260518 18:59:14.292565  3791 feature_matching.cc:217] in 0.374s
2026-05-18T18:59:14 COLMAP[chunk_01_sequential_matcher] I20260518 18:59:14.292619  3791 pairing.cc:473] Processing image [159/185]
2026-05-18T18:59:14 COLMAP[chunk_01_sequential_matcher] I20260518 18:59:14.732355  3791 feature_matching.cc:217] in 0.440s
2026-05-18T18:59:14 COLMAP[chunk_01_sequential_matcher] I20260518 18:59:14.732414  3791 pairing.cc:473] Processing image [160/185]
2026-05-18T18:59:15 COLMAP[chunk_01_sequential_matcher] I20260518 18:59:14.876348  3791 feature_matching.cc:217] in 0.144s
2026-05-18T18:59:15 COLMAP[chunk_01_sequential_matcher] I20260518 18:59:14.876406  3791 pairing.cc:473] Processing image [161/185]
2026-05-18T18:59:15 COLMAP[chunk_01_sequential_matcher] I20260518 18:59:14.919911  3791 feature_matching.cc:217] in 0.044s
2026-05-18T18:59:15 COLMAP[chunk_01_sequential_matcher] I20260518 18:59:14.919966  3791 pairing.cc:473] Processing image [162/185]
2026-05-18T18:59:15 COLMAP[chunk_01_sequential_matcher] I20260518 18:59:15.064237  3791 feature_matching.cc:217] in 0.144s
2026-05-18T18:59:15 COLMAP[chunk_01_sequential_matcher] I20260518 18:59:15.064293  3791 pairing.cc:473] Processing image [163/185]
2026-05-18T18:59:15 COLMAP[chunk_01_sequential_matcher] I20260518 18:59:15.102469  3791 feature_matching.cc:217] in 0.038s
2026-05-18T18:59:15 COLMAP[chunk_01_sequential_matcher] I20260518 18:59:15.102521  3791 pairing.cc:473] Processing image [164/185]
2026-05-18T18:59:15 COLMAP[chunk_01_sequential_matcher] I20260518 18:59:15.129238  3791 feature_matching.cc:217] in 0.027s
2026-05-18T18:59:15 COLMAP[chunk_01_sequential_matcher] I20260518 18:59:15.129293  3791 pairing.cc:473] Processing image [165/185]
2026-05-18T18:59:15 COLMAP[chunk_01_sequential_matcher] I20260518 18:59:15.555984  3791 feature_matching.cc:217] in 0.427s
2026-05-18T18:59:15 COLMAP[chunk_01_sequential_matcher] I20260518 18:59:15.556034  3791 pairing.cc:473] Processing image [166/185]
2026-05-18T18:59:15 COLMAP[chunk_01_sequential_matcher] I20260518 18:59:15.596305  3791 feature_matching.cc:217] in 0.040s
2026-05-18T18:59:15 COLMAP[chunk_01_sequential_matcher] I20260518 18:59:15.596369  3791 pairing.cc:473] Processing image [167/185]
2026-05-18T18:59:15 COLMAP[chunk_01_sequential_matcher] I20260518 18:59:15.627823  3791 feature_matching.cc:217] in 0.031s
2026-05-18T18:59:15 COLMAP[chunk_01_sequential_matcher] I20260518 18:59:15.627859  3791 pairing.cc:473] Processing image [168/185]
2026-05-18T18:59:15 COLMAP[chunk_01_sequential_matcher] I20260518 18:59:15.666981  3791 feature_matching.cc:217] in 0.039s
2026-05-18T18:59:15 COLMAP[chunk_01_sequential_matcher] I20260518 18:59:15.667022  3791 pairing.cc:473] Processing image [169/185]
2026-05-18T18:59:15 COLMAP[chunk_01_sequential_matcher] I20260518 18:59:15.706204  3791 feature_matching.cc:217] in 0.039s
2026-05-18T18:59:15 COLMAP[chunk_01_sequential_matcher] I20260518 18:59:15.706250  3791 pairing.cc:473] Processing image [170/185]
2026-05-18T18:59:15 COLMAP[chunk_01_sequential_matcher] I20260518 18:59:15.764704  3791 feature_matching.cc:217] in 0.058s
2026-05-18T18:59:15 COLMAP[chunk_01_sequential_matcher] I20260518 18:59:15.764756  3791 pairing.cc:473] Processing image [171/185]
2026-05-18T18:59:16 COLMAP[chunk_01_sequential_matcher] I20260518 18:59:16.163002  3791 feature_matching.cc:217] in 0.398s
2026-05-18T18:59:16 COLMAP[chunk_01_sequential_matcher] I20260518 18:59:16.163055  3791 pairing.cc:473] Processing image [172/185]
2026-05-18T18:59:16 COLMAP[chunk_01_sequential_matcher] I20260518 18:59:16.374712  3791 feature_matching.cc:217] in 0.212s
2026-05-18T18:59:16 COLMAP[chunk_01_sequential_matcher] I20260518 18:59:16.374759  3791 pairing.cc:473] Processing image [173/185]
2026-05-18T18:59:16 COLMAP[chunk_01_sequential_matcher] I20260518 18:59:16.437165  3791 feature_matching.cc:217] in 0.062s
2026-05-18T18:59:16 COLMAP[chunk_01_sequential_matcher] I20260518 18:59:16.437215  3791 pairing.cc:473] Processing image [174/185]
2026-05-18T18:59:16 COLMAP[chunk_01_sequential_matcher] I20260518 18:59:16.755775  3791 feature_matching.cc:217] in 0.319s
2026-05-18T18:59:16 COLMAP[chunk_01_sequential_matcher] I20260518 18:59:16.755837  3791 pairing.cc:473] Processing image [175/185]
2026-05-18T18:59:17 COLMAP[chunk_01_sequential_matcher] I20260518 18:59:16.834645  3791 feature_matching.cc:217] in 0.079s
2026-05-18T18:59:17 COLMAP[chunk_01_sequential_matcher] I20260518 18:59:16.834692  3791 pairing.cc:473] Processing image [176/185]
2026-05-18T18:59:17 COLMAP[chunk_01_sequential_matcher] I20260518 18:59:16.907712  3791 feature_matching.cc:217] in 0.073s
2026-05-18T18:59:17 COLMAP[chunk_01_sequential_matcher] I20260518 18:59:16.907757  3791 pairing.cc:473] Processing image [177/185]
2026-05-18T18:59:17 COLMAP[chunk_01_sequential_matcher] I20260518 18:59:16.953409  3791 feature_matching.cc:217] in 0.046s
2026-05-18T18:59:17 COLMAP[chunk_01_sequential_matcher] I20260518 18:59:16.953457  3791 pairing.cc:473] Processing image [178/185]
2026-05-18T18:59:17 COLMAP[chunk_01_sequential_matcher] I20260518 18:59:16.953524  3791 feature_matching.cc:217] in 0.000s
2026-05-18T18:59:17 COLMAP[chunk_01_sequential_matcher] I20260518 18:59:16.953538  3791 pairing.cc:473] Processing image [179/185]
2026-05-18T18:59:17 COLMAP[chunk_01_sequential_matcher] I20260518 18:59:16.991668  3791 feature_matching.cc:217] in 0.038s
2026-05-18T18:59:17 COLMAP[chunk_01_sequential_matcher] I20260518 18:59:16.991714  3791 pairing.cc:473] Processing image [180/185]
2026-05-18T18:59:17 COLMAP[chunk_01_sequential_matcher] I20260518 18:59:17.049391  3791 feature_matching.cc:217] in 0.058s
2026-05-18T18:59:17 COLMAP[chunk_01_sequential_matcher] I20260518 18:59:17.049435  3791 pairing.cc:473] Processing image [181/185]
2026-05-18T18:59:17 COLMAP[chunk_01_sequential_matcher] I20260518 18:59:17.525877  3791 feature_matching.cc:217] in 0.476s
2026-05-18T18:59:17 COLMAP[chunk_01_sequential_matcher] I20260518 18:59:17.525928  3791 pairing.cc:473] Processing image [182/185]
2026-05-18T18:59:17 COLMAP[chunk_01_sequential_matcher] I20260518 18:59:17.525967  3791 feature_matching.cc:217] in 0.000s
2026-05-18T18:59:17 COLMAP[chunk_01_sequential_matcher] I20260518 18:59:17.525979  3791 pairing.cc:473] Processing image [183/185]
2026-05-18T18:59:17 COLMAP[chunk_01_sequential_matcher] I20260518 18:59:17.553915  3791 feature_matching.cc:217] in 0.028s
2026-05-18T18:59:17 COLMAP[chunk_01_sequential_matcher] I20260518 18:59:17.553951  3791 pairing.cc:473] Processing image [184/185]
2026-05-18T18:59:17 COLMAP[chunk_01_sequential_matcher] I20260518 18:59:17.553978  3791 feature_matching.cc:217] in 0.000s
2026-05-18T18:59:17 COLMAP[chunk_01_sequential_matcher] I20260518 18:59:17.553990  3791 pairing.cc:473] Processing image [185/185]
2026-05-18T18:59:17 COLMAP[chunk_01_sequential_matcher] I20260518 18:59:17.554000  3791 feature_matching.cc:217] in 0.000s
2026-05-18T18:59:17 COLMAP[chunk_01_sequential_matcher] I20260518 18:59:17.554011  3791 timer.cc:90] Elapsed time: 0.919 [minutes]
2026-05-18T18:59:17 2026-05-18 18:59:17,608 - INFO - chunk_01_sequential_matcher added 789 verified image pairs
2026-05-18T18:59:17 2026-05-18 18:59:17,608 - INFO - [chunk_01_mapper_initial] colmap mapper --database_path /tmp/colmap_sfm_rcnmny4o/chunk_01/database.db --image_path /tmp/colmap_sfm_rcnmny4o/images --output_path /tmp/colmap_sfm_rcnmny4o/chunk_01/sparse_initial --Mapper.num_threads -1 --Mapper.ba_refine_principal_point 0
2026-05-18T18:59:17 COLMAP[chunk_01_mapper_initial] I20260518 18:59:17.758504  3828 incremental_pipeline.cc:265] Loading database
2026-05-18T18:59:17 COLMAP[chunk_01_mapper_initial] I20260518 18:59:17.758839  3828 database_cache.cc:72] Loading rigs...
2026-05-18T18:59:17 COLMAP[chunk_01_mapper_initial] I20260518 18:59:17.758909  3828 database_cache.cc:82]  1 in 0.000s
2026-05-18T18:59:17 COLMAP[chunk_01_mapper_initial] I20260518 18:59:17.758930  3828 database_cache.cc:90] Loading cameras...
2026-05-18T18:59:17 COLMAP[chunk_01_mapper_initial] I20260518 18:59:17.758955  3828 database_cache.cc:108]  1 in 0.000s
2026-05-18T18:59:17 COLMAP[chunk_01_mapper_initial] I20260518 18:59:17.759030  3828 database_cache.cc:116] Loading frames...
2026-05-18T18:59:17 COLMAP[chunk_01_mapper_initial] I20260518 18:59:17.761230  3828 database_cache.cc:126]  1710 in 0.002s
2026-05-18T18:59:17 COLMAP[chunk_01_mapper_initial] I20260518 18:59:17.761260  3828 database_cache.cc:134] Loading matches...
2026-05-18T18:59:18 COLMAP[chunk_01_mapper_initial] I20260518 18:59:17.794395  3828 database_cache.cc:139]  1677 in 0.033s
2026-05-18T18:59:18 COLMAP[chunk_01_mapper_initial] I20260518 18:59:17.794442  3828 database_cache.cc:147] Loading images...
2026-05-18T18:59:18 COLMAP[chunk_01_mapper_initial] I20260518 18:59:17.869314  3828 database_cache.cc:241]  185 in 0.075s (connected 185, loaded 185)
2026-05-18T18:59:18 COLMAP[chunk_01_mapper_initial] I20260518 18:59:17.869379  3828 database_cache.cc:255] Loading pose priors...
2026-05-18T18:59:18 COLMAP[chunk_01_mapper_initial] I20260518 18:59:17.870364  3828 database_cache.cc:263]  1710 in 0.001s
2026-05-18T18:59:18 COLMAP[chunk_01_mapper_initial] I20260518 18:59:17.870396  3828 database_cache.cc:271] Building correspondence graph...
2026-05-18T18:59:18 COLMAP[chunk_01_mapper_initial] I20260518 18:59:18.403481  3828 database_cache.cc:300]  in 0.533s (ignored 0)
2026-05-18T18:59:18 COLMAP[chunk_01_mapper_initial] I20260518 18:59:18.403604  3828 timer.cc:90] Elapsed time: 0.011 [minutes]
2026-05-18T18:59:18 COLMAP[chunk_01_mapper_initial] I20260518 18:59:18.423602  3828 incremental_pipeline.cc:377] Finding good initial image pair
2026-05-18T18:59:21 COLMAP[chunk_01_mapper_initial] I20260518 18:59:21.654037  3828 incremental_pipeline.cc:401] Registering initial image pair #369 and #413
2026-05-18T18:59:21 COLMAP[chunk_01_mapper_initial] I20260518 18:59:21.660104  3828 incremental_pipeline.cc:419] Global bundle adjustment
2026-05-18T18:59:22 COLMAP[chunk_01_mapper_initial] I20260518 18:59:21.897886  3828 incremental_pipeline.cc:524] Registering image #368 (num_reg_frames=2)
2026-05-18T18:59:22 COLMAP[chunk_01_mapper_initial] I20260518 18:59:21.897938  3828 incremental_pipeline.cc:527] => Image sees 108 / 7228 points
2026-05-18T18:59:22 COLMAP[chunk_01_mapper_initial] I20260518 18:59:22.213660  3828 incremental_pipeline.cc:78] Retriangulation and Global bundle adjustment
2026-05-18T18:59:22 COLMAP[chunk_01_mapper_initial] I20260518 18:59:22.550645  3828 incremental_pipeline.cc:524] Registering image #310 (num_reg_frames=3)
2026-05-18T18:59:22 COLMAP[chunk_01_mapper_initial] I20260518 18:59:22.550700  3828 incremental_pipeline.cc:527] => Image sees 1938 / 8816 points
2026-05-18T18:59:23 COLMAP[chunk_01_mapper_initial] I20260518 18:59:23.117718  3828 incremental_pipeline.cc:78] Retriangulation and Global bundle adjustment
2026-05-18T18:59:23 COLMAP[chunk_01_mapper_initial] I20260518 18:59:23.416178  3828 incremental_pipeline.cc:524] Registering image #309 (num_reg_frames=4)
2026-05-18T18:59:23 COLMAP[chunk_01_mapper_initial] I20260518 18:59:23.416232  3828 incremental_pipeline.cc:527] => Image sees 2781 / 8516 points
2026-05-18T18:59:24 COLMAP[chunk_01_mapper_initial] I20260518 18:59:24.339756  3828 incremental_pipeline.cc:78] Retriangulation and Global bundle adjustment
2026-05-18T18:59:25 COLMAP[chunk_01_mapper_initial] I20260518 18:59:24.796370  3828 incremental_pipeline.cc:524] Registering image #311 (num_reg_frames=5)
2026-05-18T18:59:25 COLMAP[chunk_01_mapper_initial] I20260518 18:59:24.796427  3828 incremental_pipeline.cc:527] => Image sees 3359 / 8203 points
2026-05-18T18:59:26 COLMAP[chunk_01_mapper_initial] I20260518 18:59:26.137233  3828 incremental_pipeline.cc:78] Retriangulation and Global bundle adjustment
2026-05-18T18:59:26 COLMAP[chunk_01_mapper_initial] I20260518 18:59:26.509666  3828 incremental_pipeline.cc:524] Registering image #294 (num_reg_frames=6)
2026-05-18T18:59:26 COLMAP[chunk_01_mapper_initial] I20260518 18:59:26.509737  3828 incremental_pipeline.cc:527] => Image sees 3690 / 8473 points
2026-05-18T18:59:27 COLMAP[chunk_01_mapper_initial] I20260518 18:59:27.729692  3828 incremental_pipeline.cc:78] Retriangulation and Global bundle adjustment
2026-05-18T18:59:28 COLMAP[chunk_01_mapper_initial] I20260518 18:59:28.557147  3828 incremental_pipeline.cc:524] Registering image #295 (num_reg_frames=7)
2026-05-18T18:59:28 COLMAP[chunk_01_mapper_initial] I20260518 18:59:28.557207  3828 incremental_pipeline.cc:527] => Image sees 3774 / 7788 points
2026-05-18T18:59:29 COLMAP[chunk_01_mapper_initial] I20260518 18:59:29.751434  3828 incremental_pipeline.cc:78] Retriangulation and Global bundle adjustment
2026-05-18T18:59:31 COLMAP[chunk_01_mapper_initial] I20260518 18:59:30.805500  3828 incremental_pipeline.cc:524] Registering image #403 (num_reg_frames=8)
2026-05-18T18:59:31 COLMAP[chunk_01_mapper_initial] I20260518 18:59:30.805559  3828 incremental_pipeline.cc:527] => Image sees 4155 / 8159 points
2026-05-18T18:59:32 COLMAP[chunk_01_mapper_initial] I20260518 18:59:32.126123  3828 incremental_pipeline.cc:78] Retriangulation and Global bundle adjustment
2026-05-18T18:59:33 COLMAP[chunk_01_mapper_initial] I20260518 18:59:33.229080  3828 incremental_pipeline.cc:524] Registering image #404 (num_reg_frames=9)
2026-05-18T18:59:33 COLMAP[chunk_01_mapper_initial] I20260518 18:59:33.229140  3828 incremental_pipeline.cc:527] => Image sees 4336 / 8334 points
2026-05-18T18:59:34 COLMAP[chunk_01_mapper_initial] I20260518 18:59:34.651755  3828 incremental_pipeline.cc:78] Retriangulation and Global bundle adjustment
2026-05-18T18:59:36 COLMAP[chunk_01_mapper_initial] I20260518 18:59:35.789225  3828 incremental_pipeline.cc:524] Registering image #415 (num_reg_frames=10)
2026-05-18T18:59:36 COLMAP[chunk_01_mapper_initial] I20260518 18:59:35.789283  3828 incremental_pipeline.cc:527] => Image sees 4406 / 8098 points
2026-05-18T18:59:37 COLMAP[chunk_01_mapper_initial] I20260518 18:59:37.267637  3828 incremental_pipeline.cc:78] Retriangulation and Global bundle adjustment
2026-05-18T18:59:38 COLMAP[chunk_01_mapper_initial] I20260518 18:59:38.632984  3828 incremental_pipeline.cc:524] Registering image #265 (num_reg_frames=11)
2026-05-18T18:59:38 COLMAP[chunk_01_mapper_initial] I20260518 18:59:38.633035  3828 incremental_pipeline.cc:527] => Image sees 4114 / 7787 points
2026-05-18T18:59:40 COLMAP[chunk_01_mapper_initial] I20260518 18:59:40.024411  3828 incremental_pipeline.cc:524] Registering image #414 (num_reg_frames=12)
2026-05-18T18:59:40 COLMAP[chunk_01_mapper_initial] I20260518 18:59:40.024472  3828 incremental_pipeline.cc:527] => Image sees 4766 / 8157 points
2026-05-18T18:59:41 COLMAP[chunk_01_mapper_initial] I20260518 18:59:41.472947  3828 incremental_pipeline.cc:78] Retriangulation and Global bundle adjustment
2026-05-18T18:59:43 COLMAP[chunk_01_mapper_initial] I20260518 18:59:43.091835  3828 incremental_pipeline.cc:524] Registering image #370 (num_reg_frames=13)
2026-05-18T18:59:43 COLMAP[chunk_01_mapper_initial] I20260518 18:59:43.091892  3828 incremental_pipeline.cc:527] => Image sees 4802 / 7945 points
2026-05-18T18:59:44 COLMAP[chunk_01_mapper_initial] I20260518 18:59:44.602425  3828 incremental_pipeline.cc:524] Registering image #264 (num_reg_frames=14)
2026-05-18T18:59:44 COLMAP[chunk_01_mapper_initial] I20260518 18:59:44.602479  3828 incremental_pipeline.cc:527] => Image sees 3881 / 7929 points
2026-05-18T18:59:46 COLMAP[chunk_01_mapper_initial] I20260518 18:59:45.975500  3828 incremental_pipeline.cc:78] Retriangulation and Global bundle adjustment
2026-05-18T18:59:47 COLMAP[chunk_01_mapper_initial] I20260518 18:59:47.011264  3828 incremental_pipeline.cc:524] Registering image #257 (num_reg_frames=15)
2026-05-18T18:59:47 COLMAP[chunk_01_mapper_initial] I20260518 18:59:47.011322  3828 incremental_pipeline.cc:527] => Image sees 4032 / 7017 points
2026-05-18T18:59:48 COLMAP[chunk_01_mapper_initial] I20260518 18:59:48.554774  3828 incremental_pipeline.cc:524] Registering image #258 (num_reg_frames=16)
2026-05-18T18:59:48 COLMAP[chunk_01_mapper_initial] I20260518 18:59:48.554843  3828 incremental_pipeline.cc:527] => Image sees 3822 / 7386 points
2026-05-18T18:59:50 COLMAP[chunk_01_mapper_initial] I20260518 18:59:49.845556  3828 incremental_pipeline.cc:78] Retriangulation and Global bundle adjustment
2026-05-18T18:59:52 COLMAP[chunk_01_mapper_initial] I20260518 18:59:51.899396  3828 incremental_pipeline.cc:524] Registering image #263 (num_reg_frames=17)
2026-05-18T18:59:52 COLMAP[chunk_01_mapper_initial] I20260518 18:59:51.899454  3828 incremental_pipeline.cc:527] => Image sees 4101 / 7337 points
2026-05-18T18:59:53 COLMAP[chunk_01_mapper_initial] I20260518 18:59:53.255573  3828 incremental_pipeline.cc:524] Registering image #440 (num_reg_frames=18)
2026-05-18T18:59:53 COLMAP[chunk_01_mapper_initial] I20260518 18:59:53.255628  3828 incremental_pipeline.cc:527] => Image sees 3741 / 7152 points
2026-05-18T18:59:54 COLMAP[chunk_01_mapper_initial] I20260518 18:59:54.506167  3828 incremental_pipeline.cc:78] Retriangulation and Global bundle adjustment
2026-05-18T18:59:57 COLMAP[chunk_01_mapper_initial] I20260518 18:59:56.793895  3828 incremental_pipeline.cc:524] Registering image #441 (num_reg_frames=19)
2026-05-18T18:59:57 COLMAP[chunk_01_mapper_initial] I20260518 18:59:56.793946  3828 incremental_pipeline.cc:527] => Image sees 3665 / 7743 points
2026-05-18T18:59:58 COLMAP[chunk_01_mapper_initial] I20260518 18:59:58.195667  3828 incremental_pipeline.cc:524] Registering image #446 (num_reg_frames=20)
2026-05-18T18:59:58 COLMAP[chunk_01_mapper_initial] I20260518 18:59:58.195726  3828 incremental_pipeline.cc:527] => Image sees 4332 / 7636 points
2026-05-18T18:59:59 COLMAP[chunk_01_mapper_initial] I20260518 18:59:59.567309  3828 incremental_pipeline.cc:78] Retriangulation and Global bundle adjustment
2026-05-18T19:00:02 COLMAP[chunk_01_mapper_initial] I20260518 19:00:02.679975  3828 incremental_pipeline.cc:524] Registering image #445 (num_reg_frames=21)
2026-05-18T19:00:02 COLMAP[chunk_01_mapper_initial] I20260518 19:00:02.680034  3828 incremental_pipeline.cc:527] => Image sees 4546 / 8231 points
2026-05-18T19:00:04 COLMAP[chunk_01_mapper_initial] I20260518 19:00:04.240128  3828 incremental_pipeline.cc:524] Registering image #442 (num_reg_frames=22)
2026-05-18T19:00:04 COLMAP[chunk_01_mapper_initial] I20260518 19:00:04.240190  3828 incremental_pipeline.cc:527] => Image sees 4741 / 8452 points
2026-05-18T19:00:05 COLMAP[chunk_01_mapper_initial] I20260518 19:00:05.688010  3828 incremental_pipeline.cc:78] Retriangulation and Global bundle adjustment
2026-05-18T19:00:08 COLMAP[chunk_01_mapper_initial] I20260518 19:00:08.559207  3828 incremental_pipeline.cc:524] Registering image #444 (num_reg_frames=23)
2026-05-18T19:00:08 COLMAP[chunk_01_mapper_initial] I20260518 19:00:08.559266  3828 incremental_pipeline.cc:527] => Image sees 5480 / 8523 points
2026-05-18T19:00:10 COLMAP[chunk_01_mapper_initial] I20260518 19:00:10.171027  3828 incremental_pipeline.cc:524] Registering image #443 (num_reg_frames=24)
2026-05-18T19:00:10 COLMAP[chunk_01_mapper_initial] I20260518 19:00:10.171087  3828 incremental_pipeline.cc:527] => Image sees 5696 / 8404 points
2026-05-18T19:00:12 COLMAP[chunk_01_mapper_initial] I20260518 19:00:11.841820  3828 incremental_pipeline.cc:524] Registering image #349 (num_reg_frames=25)
2026-05-18T19:00:12 COLMAP[chunk_01_mapper_initial] I20260518 19:00:11.841869  3828 incremental_pipeline.cc:527] => Image sees 4434 / 7472 points
2026-05-18T19:00:13 COLMAP[chunk_01_mapper_initial] I20260518 19:00:13.375253  3828 incremental_pipeline.cc:78] Retriangulation and Global bundle adjustment
2026-05-18T19:00:17 COLMAP[chunk_01_mapper_initial] I20260518 19:00:16.799157  3828 incremental_pipeline.cc:524] Registering image #348 (num_reg_frames=26)
2026-05-18T19:00:17 COLMAP[chunk_01_mapper_initial] I20260518 19:00:16.799211  3828 incremental_pipeline.cc:527] => Image sees 4219 / 7680 points
2026-05-18T19:00:18 COLMAP[chunk_01_mapper_initial] I20260518 19:00:18.372457  3828 incremental_pipeline.cc:524] Registering image #347 (num_reg_frames=27)
2026-05-18T19:00:18 COLMAP[chunk_01_mapper_initial] I20260518 19:00:18.372509  3828 incremental_pipeline.cc:527] => Image sees 3936 / 6334 points
2026-05-18T19:00:20 COLMAP[chunk_01_mapper_initial] I20260518 19:00:19.811113  3828 incremental_pipeline.cc:524] Registering image #1368 (num_reg_frames=28)
2026-05-18T19:00:20 COLMAP[chunk_01_mapper_initial] I20260518 19:00:19.811198  3828 incremental_pipeline.cc:527] => Image sees 3029 / 8181 points
2026-05-18T19:00:21 COLMAP[chunk_01_mapper_initial] I20260518 19:00:21.017450  3828 incremental_pipeline.cc:78] Retriangulation and Global bundle adjustment
2026-05-18T19:00:25 COLMAP[chunk_01_mapper_initial] I20260518 19:00:24.909739  3828 incremental_pipeline.cc:524] Registering image #1367 (num_reg_frames=29)
2026-05-18T19:00:25 COLMAP[chunk_01_mapper_initial] I20260518 19:00:24.909790  3828 incremental_pipeline.cc:527] => Image sees 3554 / 8314 points
2026-05-18T19:00:26 COLMAP[chunk_01_mapper_initial] I20260518 19:00:26.250376  3828 incremental_pipeline.cc:524] Registering image #1369 (num_reg_frames=30)
2026-05-18T19:00:26 COLMAP[chunk_01_mapper_initial] I20260518 19:00:26.250429  3828 incremental_pipeline.cc:527] => Image sees 3457 / 8128 points
2026-05-18T19:00:27 COLMAP[chunk_01_mapper_initial] I20260518 19:00:27.671316  3828 incremental_pipeline.cc:524] Registering image #1366 (num_reg_frames=31)
2026-05-18T19:00:27 COLMAP[chunk_01_mapper_initial] I20260518 19:00:27.671373  3828 incremental_pipeline.cc:527] => Image sees 4565 / 8085 points
2026-05-18T19:00:29 COLMAP[chunk_01_mapper_initial] I20260518 19:00:29.079180  3828 incremental_pipeline.cc:78] Retriangulation and Global bundle adjustment
2026-05-18T19:00:33 COLMAP[chunk_01_mapper_initial] I20260518 19:00:33.403262  3828 incremental_pipeline.cc:524] Registering image #1552 (num_reg_frames=32)
2026-05-18T19:00:33 COLMAP[chunk_01_mapper_initial] I20260518 19:00:33.403321  3828 incremental_pipeline.cc:527] => Image sees 4011 / 8061 points
2026-05-18T19:00:35 COLMAP[chunk_01_mapper_initial] I20260518 19:00:34.990010  3828 incremental_pipeline.cc:524] Registering image #1370 (num_reg_frames=33)
2026-05-18T19:00:35 COLMAP[chunk_01_mapper_initial] I20260518 19:00:34.990069  3828 incremental_pipeline.cc:527] => Image sees 4207 / 7436 points
2026-05-18T19:00:36 COLMAP[chunk_01_mapper_initial] I20260518 19:00:36.561810  3828 incremental_pipeline.cc:524] Registering image #1365 (num_reg_frames=34)
2026-05-18T19:00:36 COLMAP[chunk_01_mapper_initial] I20260518 19:00:36.561857  3828 incremental_pipeline.cc:527] => Image sees 4343 / 7377 points
2026-05-18T19:00:38 COLMAP[chunk_01_mapper_initial] I20260518 19:00:38.083365  3828 incremental_pipeline.cc:524] Registering image #1579 (num_reg_frames=35)
2026-05-18T19:00:38 COLMAP[chunk_01_mapper_initial] I20260518 19:00:38.083421  3828 incremental_pipeline.cc:527] => Image sees 3842 / 7834 points
2026-05-18T19:00:39 COLMAP[chunk_01_mapper_initial] I20260518 19:00:39.469110  3828 incremental_pipeline.cc:78] Retriangulation and Global bundle adjustment
2026-05-18T19:00:44 COLMAP[chunk_01_mapper_initial] I20260518 19:00:44.178505  3828 incremental_pipeline.cc:524] Registering image #1580 (num_reg_frames=36)
2026-05-18T19:00:44 COLMAP[chunk_01_mapper_initial] I20260518 19:00:44.178565  3828 incremental_pipeline.cc:527] => Image sees 4220 / 7459 points
2026-05-18T19:00:45 COLMAP[chunk_01_mapper_initial] I20260518 19:00:45.720252  3828 incremental_pipeline.cc:524] Registering image #234 (num_reg_frames=37)
2026-05-18T19:00:45 COLMAP[chunk_01_mapper_initial] I20260518 19:00:45.720307  3828 incremental_pipeline.cc:527] => Image sees 4034 / 6778 points
2026-05-18T19:00:47 COLMAP[chunk_01_mapper_initial] I20260518 19:00:47.188840  3828 incremental_pipeline.cc:524] Registering image #233 (num_reg_frames=38)
2026-05-18T19:00:47 COLMAP[chunk_01_mapper_initial] I20260518 19:00:47.188894  3828 incremental_pipeline.cc:527] => Image sees 4426 / 8835 points
2026-05-18T19:00:48 COLMAP[chunk_01_mapper_initial] I20260518 19:00:48.786975  3828 incremental_pipeline.cc:524] Registering image #232 (num_reg_frames=39)
2026-05-18T19:00:48 COLMAP[chunk_01_mapper_initial] I20260518 19:00:48.787045  3828 incremental_pipeline.cc:527] => Image sees 5507 / 8829 points
2026-05-18T19:00:50 COLMAP[chunk_01_mapper_initial] I20260518 19:00:50.352723  3828 incremental_pipeline.cc:78] Retriangulation and Global bundle adjustment
2026-05-18T19:00:55 COLMAP[chunk_01_mapper_initial] I20260518 19:00:55.633817  3828 incremental_pipeline.cc:524] Registering image #231 (num_reg_frames=40)
2026-05-18T19:00:55 COLMAP[chunk_01_mapper_initial] I20260518 19:00:55.633872  3828 incremental_pipeline.cc:527] => Image sees 4960 / 7235 points
2026-05-18T19:00:57 COLMAP[chunk_01_mapper_initial] I20260518 19:00:57.224210  3828 incremental_pipeline.cc:524] Registering image #1581 (num_reg_frames=41)
2026-05-18T19:00:57 COLMAP[chunk_01_mapper_initial] I20260518 19:00:57.224268  3828 incremental_pipeline.cc:527] => Image sees 4359 / 7313 points
2026-05-18T19:00:58 COLMAP[chunk_01_mapper_initial] I20260518 19:00:58.795132  3828 incremental_pipeline.cc:524] Registering image #1578 (num_reg_frames=42)
2026-05-18T19:00:58 COLMAP[chunk_01_mapper_initial] I20260518 19:00:58.795187  3828 incremental_pipeline.cc:527] => Image sees 4746 / 6880 points
2026-05-18T19:01:00 COLMAP[chunk_01_mapper_initial] I20260518 19:01:00.271625  3828 incremental_pipeline.cc:524] Registering image #1582 (num_reg_frames=43)
2026-05-18T19:01:00 COLMAP[chunk_01_mapper_initial] I20260518 19:01:00.271682  3828 incremental_pipeline.cc:527] => Image sees 4284 / 8190 points
2026-05-18T19:01:01 COLMAP[chunk_01_mapper_initial] I20260518 19:01:01.749389  3828 incremental_pipeline.cc:78] Retriangulation and Global bundle adjustment
2026-05-18T19:01:08 COLMAP[chunk_01_mapper_initial] I20260518 19:01:08.665414  3828 incremental_pipeline.cc:524] Registering image #1577 (num_reg_frames=44)
2026-05-18T19:01:08 COLMAP[chunk_01_mapper_initial] I20260518 19:01:08.665467  3828 incremental_pipeline.cc:527] => Image sees 4395 / 7199 points
2026-05-18T19:01:10 COLMAP[chunk_01_mapper_initial] I20260518 19:01:10.217471  3828 incremental_pipeline.cc:524] Registering image #1553 (num_reg_frames=45)
2026-05-18T19:01:10 COLMAP[chunk_01_mapper_initial] I20260518 19:01:10.217527  3828 incremental_pipeline.cc:527] => Image sees 4159 / 8066 points
2026-05-18T19:01:11 COLMAP[chunk_01_mapper_initial] I20260518 19:01:11.723435  3828 incremental_pipeline.cc:524] Registering image #1371 (num_reg_frames=46)
2026-05-18T19:01:11 COLMAP[chunk_01_mapper_initial] I20260518 19:01:11.723489  3828 incremental_pipeline.cc:527] => Image sees 4144 / 6963 points
2026-05-18T19:01:13 COLMAP[chunk_01_mapper_initial] I20260518 19:01:13.220788  3828 incremental_pipeline.cc:524] Registering image #1547 (num_reg_frames=47)
2026-05-18T19:01:13 COLMAP[chunk_01_mapper_initial] I20260518 19:01:13.220846  3828 incremental_pipeline.cc:527] => Image sees 5000 / 8332 points
2026-05-18T19:01:15 COLMAP[chunk_01_mapper_initial] I20260518 19:01:14.855381  3828 incremental_pipeline.cc:524] Registering image #1583 (num_reg_frames=48)
2026-05-18T19:01:15 COLMAP[chunk_01_mapper_initial] I20260518 19:01:14.855429  3828 incremental_pipeline.cc:527] => Image sees 3518 / 7813 points
2026-05-18T19:01:16 COLMAP[chunk_01_mapper_initial] I20260518 19:01:16.230247  3828 incremental_pipeline.cc:78] Retriangulation and Global bundle adjustment
2026-05-18T19:01:24 COLMAP[chunk_01_mapper_initial] I20260518 19:01:24.808346  3828 incremental_pipeline.cc:524] Registering image #1364 (num_reg_frames=49)
2026-05-18T19:01:24 COLMAP[chunk_01_mapper_initial] I20260518 19:01:24.808442  3828 incremental_pipeline.cc:527] => Image sees 3383 / 6368 points
2026-05-18T19:01:26 COLMAP[chunk_01_mapper_initial] I20260518 19:01:26.225627  3828 incremental_pipeline.cc:524] Registering image #1372 (num_reg_frames=50)
2026-05-18T19:01:26 COLMAP[chunk_01_mapper_initial] I20260518 19:01:26.225705  3828 incremental_pipeline.cc:527] => Image sees 2955 / 7038 points
2026-05-18T19:01:27 COLMAP[chunk_01_mapper_initial] I20260518 19:01:27.493239  3828 incremental_pipeline.cc:524] Registering image #1576 (num_reg_frames=51)
2026-05-18T19:01:27 COLMAP[chunk_01_mapper_initial] I20260518 19:01:27.493300  3828 incremental_pipeline.cc:527] => Image sees 3433 / 7218 points
2026-05-18T19:01:29 COLMAP[chunk_01_mapper_initial] I20260518 19:01:28.858114  3828 incremental_pipeline.cc:524] Registering image #1346 (num_reg_frames=52)
2026-05-18T19:01:29 COLMAP[chunk_01_mapper_initial] I20260518 19:01:28.858168  3828 incremental_pipeline.cc:527] => Image sees 3137 / 5068 points
2026-05-18T19:01:30 COLMAP[chunk_01_mapper_initial] I20260518 19:01:30.091456  3828 incremental_pipeline.cc:524] Registering image #1546 (num_reg_frames=53)
2026-05-18T19:01:30 COLMAP[chunk_01_mapper_initial] I20260518 19:01:30.091512  3828 incremental_pipeline.cc:527] => Image sees 3691 / 8046 points
2026-05-18T19:01:31 COLMAP[chunk_01_mapper_initial] I20260518 19:01:31.395473  3828 incremental_pipeline.cc:78] Retriangulation and Global bundle adjustment
2026-05-18T19:01:41 COLMAP[chunk_01_mapper_initial] I20260518 19:01:41.014742  3828 incremental_pipeline.cc:524] Registering image #1399 (num_reg_frames=54)
2026-05-18T19:01:41 COLMAP[chunk_01_mapper_initial] I20260518 19:01:41.014801  3828 incremental_pipeline.cc:527] => Image sees 4047 / 7631 points
2026-05-18T19:01:42 COLMAP[chunk_01_mapper_initial] I20260518 19:01:42.506749  3828 incremental_pipeline.cc:524] Registering image #1398 (num_reg_frames=55)
2026-05-18T19:01:42 COLMAP[chunk_01_mapper_initial] I20260518 19:01:42.506803  3828 incremental_pipeline.cc:527] => Image sees 3766 / 7967 points
2026-05-18T19:01:44 COLMAP[chunk_01_mapper_initial] I20260518 19:01:43.938565  3828 incremental_pipeline.cc:524] Registering image #1407 (num_reg_frames=56)
2026-05-18T19:01:44 COLMAP[chunk_01_mapper_initial] I20260518 19:01:43.938616  3828 incremental_pipeline.cc:527] => Image sees 4555 / 7630 points
2026-05-18T19:01:45 COLMAP[chunk_01_mapper_initial] I20260518 19:01:45.488569  3828 incremental_pipeline.cc:524] Registering image #1408 (num_reg_frames=57)
2026-05-18T19:01:45 COLMAP[chunk_01_mapper_initial] I20260518 19:01:45.488627  3828 incremental_pipeline.cc:527] => Image sees 4047 / 7504 points
2026-05-18T19:01:47 COLMAP[chunk_01_mapper_initial] I20260518 19:01:46.939388  3828 incremental_pipeline.cc:524] Registering image #1397 (num_reg_frames=58)
2026-05-18T19:01:47 COLMAP[chunk_01_mapper_initial] I20260518 19:01:46.939440  3828 incremental_pipeline.cc:527] => Image sees 4287 / 7755 points
2026-05-18T19:01:48 COLMAP[chunk_01_mapper_initial] I20260518 19:01:48.479010  3828 incremental_pipeline.cc:524] Registering image #1545 (num_reg_frames=59)
2026-05-18T19:01:48 COLMAP[chunk_01_mapper_initial] I20260518 19:01:48.479063  3828 incremental_pipeline.cc:527] => Image sees 4496 / 7918 points
2026-05-18T19:01:50 COLMAP[chunk_01_mapper_initial] I20260518 19:01:49.924187  3828 incremental_pipeline.cc:78] Retriangulation and Global bundle adjustment
2026-05-18T19:02:00 COLMAP[chunk_01_mapper_initial] I20260518 19:02:00.500869  3828 incremental_pipeline.cc:524] Registering image #1396 (num_reg_frames=60)
2026-05-18T19:02:00 COLMAP[chunk_01_mapper_initial] I20260518 19:02:00.500950  3828 incremental_pipeline.cc:527] => Image sees 4057 / 7221 points
2026-05-18T19:02:02 COLMAP[chunk_01_mapper_initial] I20260518 19:02:02.051966  3828 incremental_pipeline.cc:524] Registering image #1544 (num_reg_frames=61)
2026-05-18T19:02:02 COLMAP[chunk_01_mapper_initial] I20260518 19:02:02.052016  3828 incremental_pipeline.cc:527] => Image sees 4616 / 7842 points
2026-05-18T19:02:03 COLMAP[chunk_01_mapper_initial] I20260518 19:02:03.591039  3828 incremental_pipeline.cc:524] Registering image #1363 (num_reg_frames=62)
2026-05-18T19:02:03 COLMAP[chunk_01_mapper_initial] I20260518 19:02:03.591090  3828 incremental_pipeline.cc:527] => Image sees 4108 / 6371 points
2026-05-18T19:02:05 COLMAP[chunk_01_mapper_initial] I20260518 19:02:04.968364  3828 incremental_pipeline.cc:524] Registering image #1373 (num_reg_frames=63)
2026-05-18T19:02:05 COLMAP[chunk_01_mapper_initial] I20260518 19:02:04.968420  3828 incremental_pipeline.cc:527] => Image sees 3894 / 6847 points
2026-05-18T19:02:06 COLMAP[chunk_01_mapper_initial] I20260518 19:02:06.323570  3828 incremental_pipeline.cc:524] Registering image #1575 (num_reg_frames=64)
2026-05-18T19:02:06 COLMAP[chunk_01_mapper_initial] I20260518 19:02:06.323626  3828 incremental_pipeline.cc:527] => Image sees 3527 / 7277 points
2026-05-18T19:02:07 COLMAP[chunk_01_mapper_initial] I20260518 19:02:07.713656  3828 incremental_pipeline.cc:524] Registering image #1584 (num_reg_frames=65)
2026-05-18T19:02:07 COLMAP[chunk_01_mapper_initial] I20260518 19:02:07.713730  3828 incremental_pipeline.cc:527] => Image sees 4221 / 7169 points
2026-05-18T19:02:09 COLMAP[chunk_01_mapper_initial] I20260518 19:02:09.084527  3828 incremental_pipeline.cc:78] Retriangulation and Global bundle adjustment
2026-05-18T19:02:22 COLMAP[chunk_01_mapper_initial] I20260518 19:02:22.397776  3828 incremental_pipeline.cc:524] Registering image #1556 (num_reg_frames=66)
2026-05-18T19:02:22 COLMAP[chunk_01_mapper_initial] I20260518 19:02:22.397831  3828 incremental_pipeline.cc:527] => Image sees 4330 / 8686 points
2026-05-18T19:02:24 COLMAP[chunk_01_mapper_initial] I20260518 19:02:23.847606  3828 incremental_pipeline.cc:524] Registering image #1555 (num_reg_frames=67)
2026-05-18T19:02:24 COLMAP[chunk_01_mapper_initial] I20260518 19:02:23.847658  3828 incremental_pipeline.cc:527] => Image sees 5019 / 8109 points
2026-05-18T19:02:25 COLMAP[chunk_01_mapper_initial] I20260518 19:02:25.547861  3828 incremental_pipeline.cc:524] Registering image #1362 (num_reg_frames=68)
2026-05-18T19:02:25 COLMAP[chunk_01_mapper_initial] I20260518 19:02:25.547911  3828 incremental_pipeline.cc:527] => Image sees 3300 / 6102 points
2026-05-18T19:02:26 COLMAP[chunk_01_mapper_initial] I20260518 19:02:26.819941  3828 incremental_pipeline.cc:524] Registering image #1374 (num_reg_frames=69)
2026-05-18T19:02:26 COLMAP[chunk_01_mapper_initial] I20260518 19:02:26.819996  3828 incremental_pipeline.cc:527] => Image sees 3691 / 6660 points
2026-05-18T19:02:28 COLMAP[chunk_01_mapper_initial] I20260518 19:02:28.172185  3828 incremental_pipeline.cc:524] Registering image #1574 (num_reg_frames=70)
2026-05-18T19:02:28 COLMAP[chunk_01_mapper_initial] I20260518 19:02:28.172237  3828 incremental_pipeline.cc:527] => Image sees 4040 / 7295 points
2026-05-18T19:02:29 COLMAP[chunk_01_mapper_initial] I20260518 19:02:29.571717  3828 incremental_pipeline.cc:524] Registering image #1557 (num_reg_frames=71)
2026-05-18T19:02:29 COLMAP[chunk_01_mapper_initial] I20260518 19:02:29.571774  3828 incremental_pipeline.cc:527] => Image sees 4045 / 7147 points
2026-05-18T19:02:31 COLMAP[chunk_01_mapper_initial] I20260518 19:02:30.953289  3828 incremental_pipeline.cc:524] Registering image #1558 (num_reg_frames=72)
2026-05-18T19:02:31 COLMAP[chunk_01_mapper_initial] I20260518 19:02:30.953363  3828 incremental_pipeline.cc:527] => Image sees 3578 / 7461 points
2026-05-18T19:02:32 COLMAP[chunk_01_mapper_initial] I20260518 19:02:32.207858  3828 incremental_pipeline.cc:78] Retriangulation and Global bundle adjustment
2026-05-18T19:02:46 COLMAP[chunk_01_mapper_initial] I20260518 19:02:46.396339  3828 incremental_pipeline.cc:524] Registering image #1375 (num_reg_frames=73)
2026-05-18T19:02:46 COLMAP[chunk_01_mapper_initial] I20260518 19:02:46.396402  3828 incremental_pipeline.cc:527] => Image sees 3667 / 7113 points
2026-05-18T19:02:47 COLMAP[chunk_01_mapper_initial] I20260518 19:02:47.842641  3828 incremental_pipeline.cc:524] Registering image #1573 (num_reg_frames=74)
2026-05-18T19:02:47 COLMAP[chunk_01_mapper_initial] I20260518 19:02:47.842695  3828 incremental_pipeline.cc:527] => Image sees 3872 / 7407 points
2026-05-18T19:02:49 COLMAP[chunk_01_mapper_initial] I20260518 19:02:49.342789  3828 incremental_pipeline.cc:524] Registering image #1361 (num_reg_frames=75)
2026-05-18T19:02:49 COLMAP[chunk_01_mapper_initial] I20260518 19:02:49.342847  3828 incremental_pipeline.cc:527] => Image sees 3908 / 5919 points
2026-05-18T19:02:50 COLMAP[chunk_01_mapper_initial] I20260518 19:02:50.713835  3828 incremental_pipeline.cc:524] Registering image #1572 (num_reg_frames=76)
2026-05-18T19:02:50 COLMAP[chunk_01_mapper_initial] I20260518 19:02:50.713883  3828 incremental_pipeline.cc:527] => Image sees 4285 / 6547 points
2026-05-18T19:02:52 COLMAP[chunk_01_mapper_initial] I20260518 19:02:52.081902  3828 incremental_pipeline.cc:524] Registering image #1559 (num_reg_frames=77)
2026-05-18T19:02:52 COLMAP[chunk_01_mapper_initial] I20260518 19:02:52.081955  3828 incremental_pipeline.cc:527] => Image sees 4045 / 6890 points
2026-05-18T19:02:53 COLMAP[chunk_01_mapper_initial] I20260518 19:02:53.507167  3828 incremental_pipeline.cc:524] Registering image #1376 (num_reg_frames=78)
2026-05-18T19:02:53 COLMAP[chunk_01_mapper_initial] I20260518 19:02:53.507229  3828 incremental_pipeline.cc:527] => Image sees 3884 / 6810 points
2026-05-18T19:02:55 COLMAP[chunk_01_mapper_initial] I20260518 19:02:54.905336  3828 incremental_pipeline.cc:524] Registering image #1348 (num_reg_frames=79)
2026-05-18T19:02:55 COLMAP[chunk_01_mapper_initial] I20260518 19:02:54.905392  3828 incremental_pipeline.cc:527] => Image sees 3562 / 5403 points
2026-05-18T19:02:56 COLMAP[chunk_01_mapper_initial] I20260518 19:02:56.246928  3828 incremental_pipeline.cc:524] Registering image #1341 (num_reg_frames=80)
2026-05-18T19:02:56 COLMAP[chunk_01_mapper_initial] I20260518 19:02:56.246985  3828 incremental_pipeline.cc:527] => Image sees 3445 / 4747 points
2026-05-18T19:02:57 COLMAP[chunk_01_mapper_initial] I20260518 19:02:57.378700  3828 incremental_pipeline.cc:78] Retriangulation and Global bundle adjustment
2026-05-18T19:03:13 COLMAP[chunk_01_mapper_initial] I20260518 19:03:13.059651  3828 incremental_pipeline.cc:524] Registering image #1391 (num_reg_frames=81)
2026-05-18T19:03:13 COLMAP[chunk_01_mapper_initial] I20260518 19:03:13.059723  3828 incremental_pipeline.cc:527] => Image sees 3555 / 7337 points
2026-05-18T19:03:14 COLMAP[chunk_01_mapper_initial] I20260518 19:03:14.367048  3828 incremental_pipeline.cc:524] Registering image #1538 (num_reg_frames=82)
2026-05-18T19:03:14 COLMAP[chunk_01_mapper_initial] I20260518 19:03:14.367100  3828 incremental_pipeline.cc:527] => Image sees 3950 / 7810 points
2026-05-18T19:03:15 COLMAP[chunk_01_mapper_initial] I20260518 19:03:15.824623  3828 incremental_pipeline.cc:524] Registering image #1390 (num_reg_frames=83)
2026-05-18T19:03:15 COLMAP[chunk_01_mapper_initial] I20260518 19:03:15.824673  3828 incremental_pipeline.cc:527] => Image sees 3784 / 7756 points
2026-05-18T19:03:17 COLMAP[chunk_01_mapper_initial] I20260518 19:03:17.251924  3828 incremental_pipeline.cc:524] Registering image #1537 (num_reg_frames=84)
2026-05-18T19:03:17 COLMAP[chunk_01_mapper_initial] I20260518 19:03:17.251976  3828 incremental_pipeline.cc:527] => Image sees 4459 / 8206 points
2026-05-18T19:03:19 COLMAP[chunk_01_mapper_initial] I20260518 19:03:18.883621  3828 incremental_pipeline.cc:524] Registering image #1536 (num_reg_frames=85)
2026-05-18T19:03:19 COLMAP[chunk_01_mapper_initial] I20260518 19:03:18.883683  3828 incremental_pipeline.cc:527] => Image sees 3918 / 7554 points
2026-05-18T19:03:20 COLMAP[chunk_01_mapper_initial] I20260518 19:03:20.474097  3828 incremental_pipeline.cc:524] Registering image #1522 (num_reg_frames=86)
2026-05-18T19:03:20 COLMAP[chunk_01_mapper_initial] I20260518 19:03:20.474155  3828 incremental_pipeline.cc:527] => Image sees 4360 / 7042 points
2026-05-18T19:03:22 COLMAP[chunk_01_mapper_initial] I20260518 19:03:22.024072  3828 incremental_pipeline.cc:524] Registering image #1524 (num_reg_frames=87)
2026-05-18T19:03:22 COLMAP[chunk_01_mapper_initial] I20260518 19:03:22.024125  3828 incremental_pipeline.cc:527] => Image sees 4189 / 7322 points
2026-05-18T19:03:23 COLMAP[chunk_01_mapper_initial] I20260518 19:03:23.604005  3828 incremental_pipeline.cc:524] Registering image #1416 (num_reg_frames=88)
2026-05-18T19:03:23 COLMAP[chunk_01_mapper_initial] I20260518 19:03:23.604058  3828 incremental_pipeline.cc:527] => Image sees 4559 / 7175 points
2026-05-18T19:03:25 COLMAP[chunk_01_mapper_initial] I20260518 19:03:25.171336  3828 incremental_pipeline.cc:524] Registering image #1417 (num_reg_frames=89)
2026-05-18T19:03:25 COLMAP[chunk_01_mapper_initial] I20260518 19:03:25.171386  3828 incremental_pipeline.cc:527] => Image sees 4190 / 6941 points
2026-05-18T19:03:26 COLMAP[chunk_01_mapper_initial] I20260518 19:03:26.605731  3828 incremental_pipeline.cc:78] Retriangulation and Global bundle adjustment
2026-05-18T19:03:45 COLMAP[chunk_01_mapper_initial] I20260518 19:03:45.183463  3828 incremental_pipeline.cc:524] Registering image #1554 (num_reg_frames=90)
2026-05-18T19:03:45 COLMAP[chunk_01_mapper_initial] I20260518 19:03:45.183552  3828 incremental_pipeline.cc:527] => Image sees 4885 / 7215 points
2026-05-18T19:03:47 COLMAP[chunk_01_mapper_initial] I20260518 19:03:46.991737  3828 incremental_pipeline.cc:524] Registering image #1432 (num_reg_frames=91)
2026-05-18T19:03:47 COLMAP[chunk_01_mapper_initial] I20260518 19:03:46.991798  3828 incremental_pipeline.cc:527] => Image sees 3572 / 7031 points
2026-05-18T19:03:48 COLMAP[chunk_01_mapper_initial] I20260518 19:03:48.440338  3828 incremental_pipeline.cc:524] Registering image #1431 (num_reg_frames=92)
2026-05-18T19:03:48 COLMAP[chunk_01_mapper_initial] I20260518 19:03:48.440397  3828 incremental_pipeline.cc:527] => Image sees 3436 / 7064 points
2026-05-18T19:03:50 COLMAP[chunk_01_mapper_initial] I20260518 19:03:49.874075  3828 incremental_pipeline.cc:524] Registering image #1488 (num_reg_frames=93)
2026-05-18T19:03:50 COLMAP[chunk_01_mapper_initial] I20260518 19:03:49.874130  3828 incremental_pipeline.cc:527] => Image sees 4956 / 8923 points
2026-05-18T19:03:51 COLMAP[chunk_01_mapper_initial] I20260518 19:03:51.736927  3828 incremental_pipeline.cc:524] Registering image #1487 (num_reg_frames=94)
2026-05-18T19:03:51 COLMAP[chunk_01_mapper_initial] I20260518 19:03:51.736989  3828 incremental_pipeline.cc:527] => Image sees 4971 / 8923 points
2026-05-18T19:03:53 COLMAP[chunk_01_mapper_initial] I20260518 19:03:53.432528  3828 incremental_pipeline.cc:524] Registering image #1472 (num_reg_frames=95)
2026-05-18T19:03:53 COLMAP[chunk_01_mapper_initial] I20260518 19:03:53.432590  3828 incremental_pipeline.cc:527] => Image sees 4976 / 8120 points
2026-05-18T19:03:55 COLMAP[chunk_01_mapper_initial] I20260518 19:03:55.240846  3828 incremental_pipeline.cc:524] Registering image #1473 (num_reg_frames=96)
2026-05-18T19:03:55 COLMAP[chunk_01_mapper_initial] I20260518 19:03:55.240895  3828 incremental_pipeline.cc:527] => Image sees 4899 / 7729 points
2026-05-18T19:03:57 COLMAP[chunk_01_mapper_initial] I20260518 19:03:56.916090  3828 incremental_pipeline.cc:524] Registering image #1650 (num_reg_frames=97)
2026-05-18T19:03:57 COLMAP[chunk_01_mapper_initial] I20260518 19:03:56.916144  3828 incremental_pipeline.cc:527] => Image sees 89 / 7752 points
2026-05-18T19:03:57 COLMAP[chunk_01_mapper_initial] I20260518 19:03:57.620003  3828 incremental_pipeline.cc:524] Registering image #1652 (num_reg_frames=98)
2026-05-18T19:03:57 COLMAP[chunk_01_mapper_initial] I20260518 19:03:57.620054  3828 incremental_pipeline.cc:527] => Image sees 119 / 6651 points
2026-05-18T19:03:58 COLMAP[chunk_01_mapper_initial] I20260518 19:03:58.633674  3828 incremental_pipeline.cc:78] Retriangulation and Global bundle adjustment
2026-05-18T19:04:21 COLMAP[chunk_01_mapper_initial] I20260518 19:04:20.924033  3828 incremental_pipeline.cc:524] Registering image #1651 (num_reg_frames=99)
2026-05-18T19:04:21 COLMAP[chunk_01_mapper_initial] I20260518 19:04:20.924113  3828 incremental_pipeline.cc:527] => Image sees 2929 / 7769 points
2026-05-18T19:04:22 COLMAP[chunk_01_mapper_initial] I20260518 19:04:22.249655  3828 incremental_pipeline.cc:524] Registering image #1653 (num_reg_frames=100)
2026-05-18T19:04:22 COLMAP[chunk_01_mapper_initial] I20260518 19:04:22.249735  3828 incremental_pipeline.cc:527] => Image sees 3484 / 7343 points
2026-05-18T19:04:23 COLMAP[chunk_01_mapper_initial] I20260518 19:04:23.722607  3828 incremental_pipeline.cc:524] Registering image #1649 (num_reg_frames=101)
2026-05-18T19:04:23 COLMAP[chunk_01_mapper_initial] I20260518 19:04:23.722661  3828 incremental_pipeline.cc:527] => Image sees 4348 / 7619 points
2026-05-18T19:04:25 COLMAP[chunk_01_mapper_initial] I20260518 19:04:25.389266  3828 incremental_pipeline.cc:524] Registering image #1648 (num_reg_frames=102)
2026-05-18T19:04:25 COLMAP[chunk_01_mapper_initial] I20260518 19:04:25.389326  3828 incremental_pipeline.cc:527] => Image sees 3496 / 7171 points
2026-05-18T19:04:27 COLMAP[chunk_01_mapper_initial] I20260518 19:04:27.070823  3828 incremental_pipeline.cc:524] Registering image #1647 (num_reg_frames=103)
2026-05-18T19:04:27 COLMAP[chunk_01_mapper_initial] I20260518 19:04:27.070874  3828 incremental_pipeline.cc:527] => Image sees 4500 / 7343 points
2026-05-18T19:04:28 COLMAP[chunk_01_mapper_initial] I20260518 19:04:28.667121  3828 incremental_pipeline.cc:524] Registering image #1646 (num_reg_frames=104)
2026-05-18T19:04:28 COLMAP[chunk_01_mapper_initial] I20260518 19:04:28.667174  3828 incremental_pipeline.cc:527] => Image sees 4164 / 7285 points
2026-05-18T19:04:30 COLMAP[chunk_01_mapper_initial] I20260518 19:04:30.227173  3828 incremental_pipeline.cc:524] Registering image #1688 (num_reg_frames=105)
2026-05-18T19:04:30 COLMAP[chunk_01_mapper_initial] I20260518 19:04:30.227226  3828 incremental_pipeline.cc:527] => Image sees 3752 / 6477 points
2026-05-18T19:04:31 COLMAP[chunk_01_mapper_initial] I20260518 19:04:31.684036  3828 incremental_pipeline.cc:524] Registering image #1689 (num_reg_frames=106)
2026-05-18T19:04:31 COLMAP[chunk_01_mapper_initial] I20260518 19:04:31.684093  3828 incremental_pipeline.cc:527] => Image sees 3958 / 5413 points
2026-05-18T19:04:33 COLMAP[chunk_01_mapper_initial] I20260518 19:04:33.113288  3828 incremental_pipeline.cc:78] Retriangulation and Global bundle adjustment
2026-05-18T19:04:48 COLMAP[chunk_01_mapper_initial] I20260518 19:04:48.363720  3828 incremental_pipeline.cc:524] Registering image #1645 (num_reg_frames=107)
2026-05-18T19:04:48 COLMAP[chunk_01_mapper_initial] I20260518 19:04:48.363780  3828 incremental_pipeline.cc:527] => Image sees 4094 / 7397 points
2026-05-18T19:04:50 COLMAP[chunk_01_mapper_initial] I20260518 19:04:50.020578  3828 incremental_pipeline.cc:524] Registering image #1687 (num_reg_frames=108)
2026-05-18T19:04:50 COLMAP[chunk_01_mapper_initial] I20260518 19:04:50.020633  3828 incremental_pipeline.cc:527] => Image sees 3929 / 6555 points
2026-05-18T19:04:51 COLMAP[chunk_01_mapper_initial] I20260518 19:04:51.643141  3828 incremental_pipeline.cc:524] Registering image #1707 (num_reg_frames=109)
2026-05-18T19:04:51 COLMAP[chunk_01_mapper_initial] I20260518 19:04:51.643224  3828 incremental_pipeline.cc:527] => Image sees 3244 / 5490 points
2026-05-18T19:04:53 COLMAP[chunk_01_mapper_initial] I20260518 19:04:53.199754  3828 incremental_pipeline.cc:524] Registering image #1671 (num_reg_frames=110)
2026-05-18T19:04:53 COLMAP[chunk_01_mapper_initial] I20260518 19:04:53.199811  3828 incremental_pipeline.cc:527] => Image sees 3731 / 6051 points
2026-05-18T19:04:54 COLMAP[chunk_01_mapper_initial] I20260518 19:04:54.645177  3828 incremental_pipeline.cc:524] Registering image #1686 (num_reg_frames=111)
2026-05-18T19:04:54 COLMAP[chunk_01_mapper_initial] I20260518 19:04:54.645234  3828 incremental_pipeline.cc:527] => Image sees 4056 / 6608 points
2026-05-18T19:04:56 COLMAP[chunk_01_mapper_initial] I20260518 19:04:56.331276  3828 incremental_pipeline.cc:524] Registering image #1644 (num_reg_frames=112)
2026-05-18T19:04:56 COLMAP[chunk_01_mapper_initial] I20260518 19:04:56.331336  3828 incremental_pipeline.cc:527] => Image sees 4467 / 7263 points
2026-05-18T19:04:58 COLMAP[chunk_01_mapper_initial] I20260518 19:04:58.039153  3828 incremental_pipeline.cc:524] Registering image #1708 (num_reg_frames=113)
2026-05-18T19:04:58 COLMAP[chunk_01_mapper_initial] I20260518 19:04:58.039209  3828 incremental_pipeline.cc:527] => Image sees 3318 / 5633 points
2026-05-18T19:04:59 COLMAP[chunk_01_mapper_initial] I20260518 19:04:59.489923  3828 incremental_pipeline.cc:524] Registering image #1672 (num_reg_frames=114)
2026-05-18T19:04:59 COLMAP[chunk_01_mapper_initial] I20260518 19:04:59.489979  3828 incremental_pipeline.cc:527] => Image sees 3606 / 5905 points
2026-05-18T19:05:01 COLMAP[chunk_01_mapper_initial] I20260518 19:05:00.944831  3828 incremental_pipeline.cc:524] Registering image #1709 (num_reg_frames=115)
2026-05-18T19:05:01 COLMAP[chunk_01_mapper_initial] I20260518 19:05:00.944886  3828 incremental_pipeline.cc:527] => Image sees 3327 / 7648 points
2026-05-18T19:05:02 COLMAP[chunk_01_mapper_initial] I20260518 19:05:02.435413  3828 incremental_pipeline.cc:524] Registering image #1685 (num_reg_frames=116)
2026-05-18T19:05:02 COLMAP[chunk_01_mapper_initial] I20260518 19:05:02.435472  3828 incremental_pipeline.cc:527] => Image sees 4126 / 7556 points
2026-05-18T19:05:04 COLMAP[chunk_01_mapper_initial] I20260518 19:05:04.142755  3828 incremental_pipeline.cc:524] Registering image #1643 (num_reg_frames=117)
2026-05-18T19:05:04 COLMAP[chunk_01_mapper_initial] I20260518 19:05:04.142807  3828 incremental_pipeline.cc:527] => Image sees 4045 / 6332 points
2026-05-18T19:05:05 COLMAP[chunk_01_mapper_initial] I20260518 19:05:05.664543  3828 incremental_pipeline.cc:78] Retriangulation and Global bundle adjustment
2026-05-18T19:05:36 COLMAP[chunk_01_mapper_initial] I20260518 19:05:35.971230  3828 incremental_pipeline.cc:524] Registering image #1642 (num_reg_frames=118)
2026-05-18T19:05:36 COLMAP[chunk_01_mapper_initial] I20260518 19:05:35.971310  3828 incremental_pipeline.cc:527] => Image sees 3968 / 6615 points
2026-05-18T19:05:37 COLMAP[chunk_01_mapper_initial] I20260518 19:05:37.496541  3828 incremental_pipeline.cc:524] Registering image #1641 (num_reg_frames=119)
2026-05-18T19:05:37 COLMAP[chunk_01_mapper_initial] I20260518 19:05:37.496594  3828 incremental_pipeline.cc:527] => Image sees 3963 / 6877 points
2026-05-18T19:05:39 COLMAP[chunk_01_mapper_initial] I20260518 19:05:38.968186  3828 incremental_pipeline.cc:524] Registering image #1640 (num_reg_frames=120)
2026-05-18T19:05:39 COLMAP[chunk_01_mapper_initial] I20260518 19:05:38.968240  3828 incremental_pipeline.cc:527] => Image sees 3971 / 6920 points
2026-05-18T19:05:40 COLMAP[chunk_01_mapper_initial] I20260518 19:05:40.414042  3828 incremental_pipeline.cc:524] Registering image #1639 (num_reg_frames=121)
2026-05-18T19:05:40 COLMAP[chunk_01_mapper_initial] I20260518 19:05:40.414106  3828 incremental_pipeline.cc:527] => Image sees 4019 / 6705 points
2026-05-18T19:05:41 COLMAP[chunk_01_mapper_initial] I20260518 19:05:41.855798  3828 incremental_pipeline.cc:524] Registering image #1684 (num_reg_frames=122)
2026-05-18T19:05:41 COLMAP[chunk_01_mapper_initial] I20260518 19:05:41.855854  3828 incremental_pipeline.cc:527] => Image sees 4411 / 7597 points
2026-05-18T19:05:43 COLMAP[chunk_01_mapper_initial] I20260518 19:05:43.440965  3828 incremental_pipeline.cc:524] Registering image #1673 (num_reg_frames=123)
2026-05-18T19:05:43 COLMAP[chunk_01_mapper_initial] I20260518 19:05:43.441021  3828 incremental_pipeline.cc:527] => Image sees 3621 / 5564 points
2026-05-18T19:05:44 COLMAP[chunk_01_mapper_initial] I20260518 19:05:44.851846  3828 incremental_pipeline.cc:524] Registering image #1674 (num_reg_frames=124)
2026-05-18T19:05:44 COLMAP[chunk_01_mapper_initial] I20260518 19:05:44.851899  3828 incremental_pipeline.cc:527] => Image sees 3448 / 5529 points
2026-05-18T19:05:46 COLMAP[chunk_01_mapper_initial] I20260518 19:05:46.270628  3828 incremental_pipeline.cc:524] Registering image #1710 (num_reg_frames=125)
2026-05-18T19:05:46 COLMAP[chunk_01_mapper_initial] I20260518 19:05:46.270686  3828 incremental_pipeline.cc:527] => Image sees 3443 / 8547 points
2026-05-18T19:05:47 COLMAP[chunk_01_mapper_initial] I20260518 19:05:47.812417  3828 incremental_pipeline.cc:524] Registering image #1675 (num_reg_frames=126)
2026-05-18T19:05:47 COLMAP[chunk_01_mapper_initial] I20260518 19:05:47.812469  3828 incremental_pipeline.cc:527] => Image sees 3710 / 5887 points
2026-05-18T19:05:49 COLMAP[chunk_01_mapper_initial] I20260518 19:05:49.378239  3828 incremental_pipeline.cc:524] Registering image #1683 (num_reg_frames=127)
2026-05-18T19:05:49 COLMAP[chunk_01_mapper_initial] I20260518 19:05:49.378298  3828 incremental_pipeline.cc:527] => Image sees 4253 / 6969 points
2026-05-18T19:05:51 COLMAP[chunk_01_mapper_initial] I20260518 19:05:51.031885  3828 incremental_pipeline.cc:524] Registering image #1676 (num_reg_frames=128)
2026-05-18T19:05:51 COLMAP[chunk_01_mapper_initial] I20260518 19:05:51.031946  3828 incremental_pipeline.cc:527] => Image sees 3785 / 5308 points
2026-05-18T19:05:52 COLMAP[chunk_01_mapper_initial] I20260518 19:05:52.541162  3828 incremental_pipeline.cc:524] Registering image #1638 (num_reg_frames=129)
2026-05-18T19:05:52 COLMAP[chunk_01_mapper_initial] I20260518 19:05:52.541222  3828 incremental_pipeline.cc:527] => Image sees 3505 / 6368 points
2026-05-18T19:05:53 COLMAP[chunk_01_mapper_initial] I20260518 19:05:53.833652  3828 incremental_pipeline.cc:78] Retriangulation and Global bundle adjustment
2026-05-18T19:06:28 COLMAP[chunk_01_mapper_initial] I20260518 19:06:28.368495  3828 incremental_pipeline.cc:524] Registering image #1677 (num_reg_frames=130)
2026-05-18T19:06:28 COLMAP[chunk_01_mapper_initial] I20260518 19:06:28.368583  3828 incremental_pipeline.cc:527] => Image sees 3425 / 5087 points
2026-05-18T19:06:29 COLMAP[chunk_01_mapper_initial] I20260518 19:06:29.706415  3828 incremental_pipeline.cc:524] Registering image #1678 (num_reg_frames=131)
2026-05-18T19:06:29 COLMAP[chunk_01_mapper_initial] I20260518 19:06:29.706470  3828 incremental_pipeline.cc:527] => Image sees 3598 / 6221 points
2026-05-18T19:06:31 COLMAP[chunk_01_mapper_initial] I20260518 19:06:31.063592  3828 incremental_pipeline.cc:524] Registering image #1682 (num_reg_frames=132)
2026-05-18T19:06:31 COLMAP[chunk_01_mapper_initial] I20260518 19:06:31.063649  3828 incremental_pipeline.cc:527] => Image sees 3572 / 6621 points
2026-05-18T19:06:32 COLMAP[chunk_01_mapper_initial] I20260518 19:06:32.519673  3828 incremental_pipeline.cc:524] Registering image #1637 (num_reg_frames=133)
2026-05-18T19:06:32 COLMAP[chunk_01_mapper_initial] I20260518 19:06:32.519726  3828 incremental_pipeline.cc:527] => Image sees 3446 / 6778 points
2026-05-18T19:06:33 COLMAP[chunk_01_mapper_initial] I20260518 19:06:33.825711  3828 incremental_pipeline.cc:524] Registering image #1636 (num_reg_frames=134)
2026-05-18T19:06:33 COLMAP[chunk_01_mapper_initial] I20260518 19:06:33.825759  3828 incremental_pipeline.cc:527] => Image sees 3636 / 6691 points
2026-05-18T19:06:35 COLMAP[chunk_01_mapper_initial] I20260518 19:06:35.203540  3828 incremental_pipeline.cc:524] Registering image #1679 (num_reg_frames=135)
2026-05-18T19:06:35 COLMAP[chunk_01_mapper_initial] I20260518 19:06:35.203599  3828 incremental_pipeline.cc:527] => Image sees 3559 / 6436 points
2026-05-18T19:06:36 COLMAP[chunk_01_mapper_initial] I20260518 19:06:36.590585  3828 incremental_pipeline.cc:524] Registering image #1681 (num_reg_frames=136)
2026-05-18T19:06:36 COLMAP[chunk_01_mapper_initial] I20260518 19:06:36.590643  3828 incremental_pipeline.cc:527] => Image sees 3672 / 6763 points
2026-05-18T19:06:38 COLMAP[chunk_01_mapper_initial] I20260518 19:06:37.994113  3828 incremental_pipeline.cc:524] Registering image #1634 (num_reg_frames=137)
2026-05-18T19:06:38 COLMAP[chunk_01_mapper_initial] I20260518 19:06:37.994169  3828 incremental_pipeline.cc:527] => Image sees 3188 / 6955 points
2026-05-18T19:06:39 COLMAP[chunk_01_mapper_initial] I20260518 19:06:39.283710  3828 incremental_pipeline.cc:524] Registering image #1635 (num_reg_frames=138)
2026-05-18T19:06:39 COLMAP[chunk_01_mapper_initial] I20260518 19:06:39.283763  3828 incremental_pipeline.cc:527] => Image sees 3605 / 7134 points
2026-05-18T19:06:40 COLMAP[chunk_01_mapper_initial] I20260518 19:06:40.660616  3828 incremental_pipeline.cc:524] Registering image #7 (num_reg_frames=139)
2026-05-18T19:06:40 COLMAP[chunk_01_mapper_initial] I20260518 19:06:40.660677  3828 incremental_pipeline.cc:527] => Image sees 2277 / 8925 points
2026-05-18T19:06:41 COLMAP[chunk_01_mapper_initial] I20260518 19:06:41.897990  3828 incremental_pipeline.cc:524] Registering image #1680 (num_reg_frames=140)
2026-05-18T19:06:41 COLMAP[chunk_01_mapper_initial] I20260518 19:06:41.898039  3828 incremental_pipeline.cc:527] => Image sees 3290 / 5346 points
2026-05-18T19:06:43 COLMAP[chunk_01_mapper_initial] I20260518 19:06:43.231037  3828 incremental_pipeline.cc:524] Registering image #1 (num_reg_frames=141)
2026-05-18T19:06:43 COLMAP[chunk_01_mapper_initial] I20260518 19:06:43.231087  3828 incremental_pipeline.cc:527] => Image sees 2522 / 5378 points
2026-05-18T19:06:44 COLMAP[chunk_01_mapper_initial] I20260518 19:06:44.411365  3828 incremental_pipeline.cc:524] Registering image #6 (num_reg_frames=142)
2026-05-18T19:06:44 COLMAP[chunk_01_mapper_initial] I20260518 19:06:44.411420  3828 incremental_pipeline.cc:527] => Image sees 2292 / 7470 points
2026-05-18T19:06:45 COLMAP[chunk_01_mapper_initial] I20260518 19:06:45.665117  3828 incremental_pipeline.cc:78] Retriangulation and Global bundle adjustment
2026-05-18T19:07:23 COLMAP[chunk_01_mapper_initial] I20260518 19:07:23.872531  3828 incremental_pipeline.cc:524] Registering image #5 (num_reg_frames=143)
2026-05-18T19:07:23 COLMAP[chunk_01_mapper_initial] I20260518 19:07:23.872619  3828 incremental_pipeline.cc:527] => Image sees 2360 / 7396 points
2026-05-18T19:07:25 COLMAP[chunk_01_mapper_initial] I20260518 19:07:25.184202  3828 incremental_pipeline.cc:524] Registering image #174 (num_reg_frames=144)
2026-05-18T19:07:25 COLMAP[chunk_01_mapper_initial] I20260518 19:07:25.184260  3828 incremental_pipeline.cc:527] => Image sees 2825 / 7179 points
2026-05-18T19:07:26 COLMAP[chunk_01_mapper_initial] I20260518 19:07:26.601219  3828 incremental_pipeline.cc:524] Registering image #32 (num_reg_frames=145)
2026-05-18T19:07:26 COLMAP[chunk_01_mapper_initial] I20260518 19:07:26.601281  3828 incremental_pipeline.cc:527] => Image sees 2560 / 5542 points
2026-05-18T19:07:27 COLMAP[chunk_01_mapper_initial] I20260518 19:07:27.913730  3828 incremental_pipeline.cc:524] Registering image #33 (num_reg_frames=146)
2026-05-18T19:07:27 COLMAP[chunk_01_mapper_initial] I20260518 19:07:27.913786  3828 incremental_pipeline.cc:527] => Image sees 3229 / 6427 points
2026-05-18T19:07:29 COLMAP[chunk_01_mapper_initial] I20260518 19:07:29.398500  3828 incremental_pipeline.cc:524] Registering image #173 (num_reg_frames=147)
2026-05-18T19:07:29 COLMAP[chunk_01_mapper_initial] I20260518 19:07:29.398561  3828 incremental_pipeline.cc:527] => Image sees 3448 / 7581 points
2026-05-18T19:07:31 COLMAP[chunk_01_mapper_initial] I20260518 19:07:31.118165  3828 incremental_pipeline.cc:524] Registering image #169 (num_reg_frames=148)
2026-05-18T19:07:31 COLMAP[chunk_01_mapper_initial] I20260518 19:07:31.118224  3828 incremental_pipeline.cc:527] => Image sees 3147 / 6607 points
2026-05-18T19:07:32 COLMAP[chunk_01_mapper_initial] I20260518 19:07:32.682806  3828 incremental_pipeline.cc:524] Registering image #170 (num_reg_frames=149)
2026-05-18T19:07:32 COLMAP[chunk_01_mapper_initial] I20260518 19:07:32.682863  3828 incremental_pipeline.cc:527] => Image sees 3567 / 7826 points
2026-05-18T19:07:34 COLMAP[chunk_01_mapper_initial] I20260518 19:07:34.347508  3828 incremental_pipeline.cc:524] Registering image #171 (num_reg_frames=150)
2026-05-18T19:07:34 COLMAP[chunk_01_mapper_initial] I20260518 19:07:34.347560  3828 incremental_pipeline.cc:527] => Image sees 3877 / 6341 points
2026-05-18T19:07:35 COLMAP[chunk_01_mapper_initial] I20260518 19:07:35.876351  3828 incremental_pipeline.cc:524] Registering image #172 (num_reg_frames=151)
2026-05-18T19:07:35 COLMAP[chunk_01_mapper_initial] I20260518 19:07:35.876407  3828 incremental_pipeline.cc:527] => Image sees 5092 / 6643 points
2026-05-18T19:07:37 COLMAP[chunk_01_mapper_initial] I20260518 19:07:37.684610  3828 incremental_pipeline.cc:524] Registering image #4 (num_reg_frames=152)
2026-05-18T19:07:37 COLMAP[chunk_01_mapper_initial] I20260518 19:07:37.684666  3828 incremental_pipeline.cc:527] => Image sees 4852 / 7624 points
2026-05-18T19:07:39 COLMAP[chunk_01_mapper_initial] I20260518 19:07:39.346393  3828 incremental_pipeline.cc:78] Retriangulation and Global bundle adjustment
2026-05-18T19:08:40 COLMAP[chunk_01_mapper_initial] I20260518 19:08:40.395387  3828 incremental_pipeline.cc:524] Registering image #168 (num_reg_frames=153)
2026-05-18T19:08:40 COLMAP[chunk_01_mapper_initial] I20260518 19:08:40.395466  3828 incremental_pipeline.cc:527] => Image sees 3813 / 6455 points
2026-05-18T19:08:42 COLMAP[chunk_01_mapper_initial] I20260518 19:08:41.989198  3828 incremental_pipeline.cc:524] Registering image #167 (num_reg_frames=154)
2026-05-18T19:08:42 COLMAP[chunk_01_mapper_initial] I20260518 19:08:41.989252  3828 incremental_pipeline.cc:527] => Image sees 3778 / 6115 points
2026-05-18T19:08:43 COLMAP[chunk_01_mapper_initial] I20260518 19:08:43.472729  3828 incremental_pipeline.cc:524] Registering image #176 (num_reg_frames=155)
2026-05-18T19:08:43 COLMAP[chunk_01_mapper_initial] I20260518 19:08:43.472785  3828 incremental_pipeline.cc:527] => Image sees 4244 / 6952 points
2026-05-18T19:08:45 COLMAP[chunk_01_mapper_initial] I20260518 19:08:45.137091  3828 incremental_pipeline.cc:524] Registering image #177 (num_reg_frames=156)
2026-05-18T19:08:45 COLMAP[chunk_01_mapper_initial] I20260518 19:08:45.137149  3828 incremental_pipeline.cc:527] => Image sees 4160 / 6379 points
2026-05-18T19:08:46 COLMAP[chunk_01_mapper_initial] I20260518 19:08:46.686098  3828 incremental_pipeline.cc:524] Registering image #175 (num_reg_frames=157)
2026-05-18T19:08:46 COLMAP[chunk_01_mapper_initial] I20260518 19:08:46.686146  3828 incremental_pipeline.cc:527] => Image sees 5019 / 6346 points
2026-05-18T19:08:48 COLMAP[chunk_01_mapper_initial] I20260518 19:08:48.508669  3828 incremental_pipeline.cc:524] Registering image #2 (num_reg_frames=158)
2026-05-18T19:08:48 COLMAP[chunk_01_mapper_initial] I20260518 19:08:48.508723  3828 incremental_pipeline.cc:527] => Image sees 2169 / 5174 points
2026-05-18T19:08:49 COLMAP[chunk_01_mapper_initial] I20260518 19:08:49.643813  3828 incremental_pipeline.cc:524] Registering image #34 (num_reg_frames=159)
2026-05-18T19:08:49 COLMAP[chunk_01_mapper_initial] I20260518 19:08:49.643869  3828 incremental_pipeline.cc:527] => Image sees 2431 / 5184 points
2026-05-18T19:08:50 COLMAP[chunk_01_mapper_initial] I20260518 19:08:50.892454  3828 incremental_pipeline.cc:524] Registering image #38 (num_reg_frames=160)
2026-05-18T19:08:50 COLMAP[chunk_01_mapper_initial] I20260518 19:08:50.892511  3828 incremental_pipeline.cc:527] => Image sees 2033 / 5066 points
2026-05-18T19:08:52 COLMAP[chunk_01_mapper_initial] I20260518 19:08:51.984268  3828 incremental_pipeline.cc:524] Registering image #39 (num_reg_frames=161)
2026-05-18T19:08:52 COLMAP[chunk_01_mapper_initial] I20260518 19:08:51.984329  3828 incremental_pipeline.cc:527] => Image sees 2076 / 4138 points
2026-05-18T19:08:53 COLMAP[chunk_01_mapper_initial] I20260518 19:08:53.101790  3828 incremental_pipeline.cc:524] Registering image #37 (num_reg_frames=162)
2026-05-18T19:08:53 COLMAP[chunk_01_mapper_initial] I20260518 19:08:53.101842  3828 incremental_pipeline.cc:527] => Image sees 2460 / 5727 points
2026-05-18T19:08:54 COLMAP[chunk_01_mapper_initial] I20260518 19:08:54.410486  3828 incremental_pipeline.cc:524] Registering image #35 (num_reg_frames=163)
2026-05-18T19:08:54 COLMAP[chunk_01_mapper_initial] I20260518 19:08:54.410547  3828 incremental_pipeline.cc:527] => Image sees 2571 / 5779 points
2026-05-18T19:08:55 COLMAP[chunk_01_mapper_initial] I20260518 19:08:55.695196  3828 incremental_pipeline.cc:524] Registering image #36 (num_reg_frames=164)
2026-05-18T19:08:55 COLMAP[chunk_01_mapper_initial] I20260518 19:08:55.695257  3828 incremental_pipeline.cc:527] => Image sees 3330 / 5656 points
2026-05-18T19:08:56 COLMAP[chunk_01_mapper_initial] I20260518 19:08:56.917289  3828 incremental_pipeline.cc:524] Registering image #3 (num_reg_frames=165)
2026-05-18T19:08:56 COLMAP[chunk_01_mapper_initial] I20260518 19:08:56.917349  3828 incremental_pipeline.cc:527] => Image sees 2173 / 4241 points
2026-05-18T19:08:58 COLMAP[chunk_01_mapper_initial] I20260518 19:08:58.019222  3828 incremental_pipeline.cc:524] Registering image #1322 (num_reg_frames=166)
2026-05-18T19:08:58 COLMAP[chunk_01_mapper_initial] I20260518 19:08:58.019280  3828 incremental_pipeline.cc:527] => Image sees 4149 / 5125 points
2026-05-18T19:08:59 COLMAP[chunk_01_mapper_initial] I20260518 19:08:59.813308  3828 incremental_pipeline.cc:524] Registering image #787 (num_reg_frames=167)
2026-05-18T19:08:59 COLMAP[chunk_01_mapper_initial] I20260518 19:08:59.813355  3828 incremental_pipeline.cc:527] => Image sees 586 / 3707 points
2026-05-18T19:09:00 COLMAP[chunk_01_mapper_initial] I20260518 19:09:00.794412  3828 incremental_pipeline.cc:524] Registering image #788 (num_reg_frames=168)
2026-05-18T19:09:00 COLMAP[chunk_01_mapper_initial] I20260518 19:09:00.794464  3828 incremental_pipeline.cc:527] => Image sees 502 / 3237 points
2026-05-18T19:09:01 COLMAP[chunk_01_mapper_initial] I20260518 19:09:01.642931  3828 incremental_pipeline.cc:78] Retriangulation and Global bundle adjustment
2026-05-18T19:09:41 COLMAP[chunk_01_mapper_initial] I20260518 19:09:41.136541  3828 incremental_pipeline.cc:524] Registering image #786 (num_reg_frames=169)
2026-05-18T19:09:41 COLMAP[chunk_01_mapper_initial] I20260518 19:09:41.136631  3828 incremental_pipeline.cc:527] => Image sees 813 / 5589 points
2026-05-18T19:09:42 COLMAP[chunk_01_mapper_initial] I20260518 19:09:42.016000  3828 incremental_pipeline.cc:524] Registering image #742 (num_reg_frames=170)
2026-05-18T19:09:42 COLMAP[chunk_01_mapper_initial] I20260518 19:09:42.016062  3828 incremental_pipeline.cc:527] => Image sees 1162 / 5125 points
2026-05-18T19:09:42 COLMAP[chunk_01_mapper_initial] I20260518 19:09:42.955338  3828 incremental_pipeline.cc:524] Registering image #741 (num_reg_frames=171)
2026-05-18T19:09:42 COLMAP[chunk_01_mapper_initial] I20260518 19:09:42.955402  3828 incremental_pipeline.cc:527] => Image sees 1815 / 5075 points
2026-05-18T19:09:44 COLMAP[chunk_01_mapper_initial] I20260518 19:09:43.979473  3828 incremental_pipeline.cc:524] Registering image #743 (num_reg_frames=172)
2026-05-18T19:09:44 COLMAP[chunk_01_mapper_initial] I20260518 19:09:43.979529  3828 incremental_pipeline.cc:527] => Image sees 1820 / 5017 points
2026-05-18T19:09:45 COLMAP[chunk_01_mapper_initial] I20260518 19:09:45.030884  3828 incremental_pipeline.cc:524] Registering image #744 (num_reg_frames=173)
2026-05-18T19:09:45 COLMAP[chunk_01_mapper_initial] I20260518 19:09:45.030941  3828 incremental_pipeline.cc:527] => Image sees 1818 / 4546 points
2026-05-18T19:09:46 COLMAP[chunk_01_mapper_initial] I20260518 19:09:46.098875  3828 incremental_pipeline.cc:524] Registering image #740 (num_reg_frames=174)
2026-05-18T19:09:46 COLMAP[chunk_01_mapper_initial] I20260518 19:09:46.098934  3828 incremental_pipeline.cc:527] => Image sees 2224 / 5715 points
2026-05-18T19:09:47 COLMAP[chunk_01_mapper_initial] I20260518 19:09:47.256057  3828 incremental_pipeline.cc:524] Registering image #701 (num_reg_frames=175)
2026-05-18T19:09:47 COLMAP[chunk_01_mapper_initial] I20260518 19:09:47.256119  3828 incremental_pipeline.cc:527] => Image sees 2017 / 6624 points
2026-05-18T19:09:48 COLMAP[chunk_01_mapper_initial] I20260518 19:09:48.465111  3828 incremental_pipeline.cc:524] Registering image #700 (num_reg_frames=176)
2026-05-18T19:09:48 COLMAP[chunk_01_mapper_initial] I20260518 19:09:48.465169  3828 incremental_pipeline.cc:527] => Image sees 2263 / 6543 points
2026-05-18T19:09:49 COLMAP[chunk_01_mapper_initial] I20260518 19:09:49.702044  3828 incremental_pipeline.cc:524] Registering image #699 (num_reg_frames=177)
2026-05-18T19:09:49 COLMAP[chunk_01_mapper_initial] I20260518 19:09:49.702096  3828 incremental_pipeline.cc:527] => Image sees 2272 / 6301 points
2026-05-18T19:09:51 COLMAP[chunk_01_mapper_initial] I20260518 19:09:51.036594  3828 incremental_pipeline.cc:524] Registering image #698 (num_reg_frames=178)
2026-05-18T19:09:51 COLMAP[chunk_01_mapper_initial] I20260518 19:09:51.036649  3828 incremental_pipeline.cc:527] => Image sees 2595 / 5248 points
2026-05-18T19:09:52 COLMAP[chunk_01_mapper_initial] I20260518 19:09:52.351094  3828 incremental_pipeline.cc:524] Registering image #697 (num_reg_frames=179)
2026-05-18T19:09:52 COLMAP[chunk_01_mapper_initial] I20260518 19:09:52.351150  3828 incremental_pipeline.cc:527] => Image sees 3044 / 6025 points
2026-05-18T19:09:53 COLMAP[chunk_01_mapper_initial] I20260518 19:09:53.587357  3828 incremental_pipeline.cc:524] Registering image #739 (num_reg_frames=180)
2026-05-18T19:09:53 COLMAP[chunk_01_mapper_initial] I20260518 19:09:53.587415  3828 incremental_pipeline.cc:527] => Image sees 2684 / 4950 points
2026-05-18T19:09:54 COLMAP[chunk_01_mapper_initial] I20260518 19:09:54.759724  3828 incremental_pipeline.cc:524] Registering image #784 (num_reg_frames=181)
2026-05-18T19:09:54 COLMAP[chunk_01_mapper_initial] I20260518 19:09:54.759780  3828 incremental_pipeline.cc:527] => Image sees 2862 / 5131 points
2026-05-18T19:09:55 COLMAP[chunk_01_mapper_initial] I20260518 19:09:55.915550  3828 incremental_pipeline.cc:524] Registering image #785 (num_reg_frames=182)
2026-05-18T19:09:55 COLMAP[chunk_01_mapper_initial] I20260518 19:09:55.915606  3828 incremental_pipeline.cc:527] => Image sees 2323 / 3890 points
2026-05-18T19:09:57 COLMAP[chunk_01_mapper_initial] I20260518 19:09:57.104394  3828 incremental_pipeline.cc:524] Registering image #1323 (num_reg_frames=183)
2026-05-18T19:09:57 COLMAP[chunk_01_mapper_initial] I20260518 19:09:57.104452  3828 incremental_pipeline.cc:527] => Image sees 518 / 1033 points
2026-05-18T19:09:58 COLMAP[chunk_01_mapper_initial] I20260518 19:09:58.019542  3828 incremental_pipeline.cc:78] Retriangulation and Global bundle adjustment
2026-05-18T19:10:38 COLMAP[chunk_01_mapper_initial] I20260518 19:10:38.835429  3828 incremental_pipeline.cc:78] Retriangulation and Global bundle adjustment
2026-05-18T19:10:59 COLMAP[chunk_01_mapper_initial] I20260518 19:10:59.463519  3828 incremental_pipeline.cc:710] Keeping successful reconstruction
2026-05-18T19:10:59 COLMAP[chunk_01_mapper_initial] I20260518 19:10:59.765470  3828 timer.cc:90] Elapsed time: 11.689 [minutes]
2026-05-18T19:10:59 2026-05-18 19:10:59,854 - INFO - [chunk_01_mapper_initial_model_converter_0] colmap model_converter --input_path /tmp/colmap_sfm_rcnmny4o/chunk_01/sparse_initial/0 --output_path /tmp/colmap_sfm_rcnmny4o/text_models/chunk_01_mapper_initial/0 --output_type TXT
2026-05-18T19:11:04 2026-05-18 19:11:04,301 - INFO - chunk_01_mapper_initial model 0 registered 184/185 images and 152743 points
2026-05-18T19:11:49 2026-05-18 19:11:48,283 - INFO - Prepared chunk 2 database by pruning global features down to 186 images
2026-05-18T19:11:49 2026-05-18 19:11:48,284 - INFO - [chunk_02_spatial_matcher] colmap spatial_matcher --database_path /tmp/colmap_sfm_rcnmny4o/chunk_02/database.db --FeatureMatching.use_gpu 1 --FeatureMatching.guided_matching 1 --SpatialMatching.ignore_z 0 --SpatialMatching.max_num_neighbors 12 --SpatialMatching.max_distance 120.0
2026-05-18T19:11:49 COLMAP[chunk_02_spatial_matcher] I20260518 19:11:48.472795  5394 feature_matching.cc:195] === Feature matching & geometric verification ===
2026-05-18T19:11:49 COLMAP[chunk_02_spatial_matcher] I20260518 19:11:48.554090  5395 feature_matching_utils.cc:80] Bind FeatureMatcherWorker to GPU device 0
2026-05-18T19:11:49 COLMAP[chunk_02_spatial_matcher] I20260518 19:11:48.554095  5401 feature_matching_utils.cc:80] Bind FeatureMatcherWorker to GPU device 0
2026-05-18T19:11:49 COLMAP[chunk_02_spatial_matcher] I20260518 19:11:48.554976  5395 sift.cc:1547] Creating SIFT GPU feature matcher
2026-05-18T19:11:49 COLMAP[chunk_02_spatial_matcher] I20260518 19:11:48.554981  5401 sift.cc:1547] Creating SIFT GPU feature matcher
2026-05-18T19:11:49 COLMAP[chunk_02_spatial_matcher] I20260518 19:11:48.558642  5394 pairing.cc:560] Generating spatial image pairs...
2026-05-18T19:11:49 COLMAP[chunk_02_spatial_matcher] I20260518 19:11:48.558673  5394 pairing.cc:565] Indexing images...
2026-05-18T19:11:49 COLMAP[chunk_02_spatial_matcher] I20260518 19:11:48.560096  5394 pairing.cc:570]  in 0.001s
2026-05-18T19:11:49 COLMAP[chunk_02_spatial_matcher] I20260518 19:11:48.560124  5394 pairing.cc:584] Building search index...
2026-05-18T19:11:49 COLMAP[chunk_02_spatial_matcher] I20260518 19:11:48.560140  5394 pairing.cc:589]  in 0.000s
2026-05-18T19:11:49 COLMAP[chunk_02_spatial_matcher] I20260518 19:11:48.560151  5394 pairing.cc:592] Searching for nearest neighbors...
2026-05-18T19:11:49 COLMAP[chunk_02_spatial_matcher] I20260518 19:11:48.572218  5394 pairing.cc:608]  in 0.012s
2026-05-18T19:11:49 COLMAP[chunk_02_spatial_matcher] I20260518 19:11:48.572314  5394 pairing.cc:631] Processing image [1/186]
2026-05-18T19:11:49 COLMAP[chunk_02_spatial_matcher] I20260518 19:11:48.905575  5394 feature_matching.cc:217] in 0.333s
2026-05-18T19:11:49 COLMAP[chunk_02_spatial_matcher] I20260518 19:11:48.905627  5394 pairing.cc:631] Processing image [2/186]
2026-05-18T19:11:50 COLMAP[chunk_02_spatial_matcher] I20260518 19:11:49.347334  5394 feature_matching.cc:217] in 0.442s
2026-05-18T19:11:50 COLMAP[chunk_02_spatial_matcher] I20260518 19:11:49.347389  5394 pairing.cc:631] Processing image [3/186]
2026-05-18T19:11:50 COLMAP[chunk_02_spatial_matcher] I20260518 19:11:49.515909  5394 feature_matching.cc:217] in 0.169s
2026-05-18T19:11:50 COLMAP[chunk_02_spatial_matcher] I20260518 19:11:49.515962  5394 pairing.cc:631] Processing image [4/186]
2026-05-18T19:11:50 COLMAP[chunk_02_spatial_matcher] I20260518 19:11:49.714277  5394 feature_matching.cc:217] in 0.198s
2026-05-18T19:11:50 COLMAP[chunk_02_spatial_matcher] I20260518 19:11:49.714329  5394 pairing.cc:631] Processing image [5/186]
2026-05-18T19:11:50 COLMAP[chunk_02_spatial_matcher] I20260518 19:11:49.968441  5394 feature_matching.cc:217] in 0.254s
2026-05-18T19:11:50 COLMAP[chunk_02_spatial_matcher] I20260518 19:11:49.968492  5394 pairing.cc:631] Processing image [6/186]
2026-05-18T19:11:51 COLMAP[chunk_02_spatial_matcher] I20260518 19:11:50.268762  5394 feature_matching.cc:217] in 0.300s
2026-05-18T19:11:51 COLMAP[chunk_02_spatial_matcher] I20260518 19:11:50.268818  5394 pairing.cc:631] Processing image [7/186]
2026-05-18T19:11:51 COLMAP[chunk_02_spatial_matcher] I20260518 19:11:50.559096  5394 feature_matching.cc:217] in 0.290s
2026-05-18T19:11:51 COLMAP[chunk_02_spatial_matcher] I20260518 19:11:50.559149  5394 pairing.cc:631] Processing image [8/186]
2026-05-18T19:11:51 COLMAP[chunk_02_spatial_matcher] I20260518 19:11:50.848394  5394 feature_matching.cc:217] in 0.289s
2026-05-18T19:11:51 COLMAP[chunk_02_spatial_matcher] I20260518 19:11:50.848448  5394 pairing.cc:631] Processing image [9/186]
2026-05-18T19:11:52 COLMAP[chunk_02_spatial_matcher] I20260518 19:11:51.114734  5394 feature_matching.cc:217] in 0.266s
2026-05-18T19:11:52 COLMAP[chunk_02_spatial_matcher] I20260518 19:11:51.114786  5394 pairing.cc:631] Processing image [10/186]
2026-05-18T19:11:52 COLMAP[chunk_02_spatial_matcher] I20260518 19:11:51.365615  5394 feature_matching.cc:217] in 0.251s
2026-05-18T19:11:52 COLMAP[chunk_02_spatial_matcher] I20260518 19:11:51.365669  5394 pairing.cc:631] Processing image [11/186]
2026-05-18T19:11:52 COLMAP[chunk_02_spatial_matcher] I20260518 19:11:51.606178  5394 feature_matching.cc:217] in 0.241s
2026-05-18T19:11:52 COLMAP[chunk_02_spatial_matcher] I20260518 19:11:51.606231  5394 pairing.cc:631] Processing image [12/186]
2026-05-18T19:11:53 COLMAP[chunk_02_spatial_matcher] I20260518 19:11:52.124672  5394 feature_matching.cc:217] in 0.518s
2026-05-18T19:11:53 COLMAP[chunk_02_spatial_matcher] I20260518 19:11:52.124725  5394 pairing.cc:631] Processing image [13/186]
2026-05-18T19:11:53 COLMAP[chunk_02_spatial_matcher] I20260518 19:11:52.936894  5394 feature_matching.cc:217] in 0.812s
2026-05-18T19:11:53 COLMAP[chunk_02_spatial_matcher] I20260518 19:11:52.936949  5394 pairing.cc:631] Processing image [14/186]
2026-05-18T19:11:54 COLMAP[chunk_02_spatial_matcher] I20260518 19:11:53.203018  5394 feature_matching.cc:217] in 0.266s
2026-05-18T19:11:54 COLMAP[chunk_02_spatial_matcher] I20260518 19:11:53.203071  5394 pairing.cc:631] Processing image [15/186]
2026-05-18T19:11:54 COLMAP[chunk_02_spatial_matcher] I20260518 19:11:53.419188  5394 feature_matching.cc:217] in 0.216s
2026-05-18T19:11:54 COLMAP[chunk_02_spatial_matcher] I20260518 19:11:53.419242  5394 pairing.cc:631] Processing image [16/186]
2026-05-18T19:11:54 COLMAP[chunk_02_spatial_matcher] I20260518 19:11:53.750042  5394 feature_matching.cc:217] in 0.331s
2026-05-18T19:11:54 COLMAP[chunk_02_spatial_matcher] I20260518 19:11:53.750097  5394 pairing.cc:631] Processing image [17/186]
2026-05-18T19:11:55 COLMAP[chunk_02_spatial_matcher] I20260518 19:11:54.034284  5394 feature_matching.cc:217] in 0.284s
2026-05-18T19:11:55 COLMAP[chunk_02_spatial_matcher] I20260518 19:11:54.034338  5394 pairing.cc:631] Processing image [18/186]
2026-05-18T19:11:55 COLMAP[chunk_02_spatial_matcher] I20260518 19:11:54.285365  5394 feature_matching.cc:217] in 0.251s
2026-05-18T19:11:55 COLMAP[chunk_02_spatial_matcher] I20260518 19:11:54.285422  5394 pairing.cc:631] Processing image [19/186]
2026-05-18T19:11:55 COLMAP[chunk_02_spatial_matcher] I20260518 19:11:54.510509  5394 feature_matching.cc:217] in 0.225s
2026-05-18T19:11:55 COLMAP[chunk_02_spatial_matcher] I20260518 19:11:54.510572  5394 pairing.cc:631] Processing image [20/186]
2026-05-18T19:11:55 COLMAP[chunk_02_spatial_matcher] I20260518 19:11:54.746721  5394 feature_matching.cc:217] in 0.236s
2026-05-18T19:11:55 COLMAP[chunk_02_spatial_matcher] I20260518 19:11:54.746776  5394 pairing.cc:631] Processing image [21/186]
2026-05-18T19:11:55 COLMAP[chunk_02_spatial_matcher] I20260518 19:11:54.975406  5394 feature_matching.cc:217] in 0.229s
2026-05-18T19:11:55 COLMAP[chunk_02_spatial_matcher] I20260518 19:11:54.975461  5394 pairing.cc:631] Processing image [22/186]
2026-05-18T19:11:56 COLMAP[chunk_02_spatial_matcher] I20260518 19:11:55.215288  5394 feature_matching.cc:217] in 0.240s
2026-05-18T19:11:56 COLMAP[chunk_02_spatial_matcher] I20260518 19:11:55.215342  5394 pairing.cc:631] Processing image [23/186]
2026-05-18T19:11:56 COLMAP[chunk_02_spatial_matcher] I20260518 19:11:55.616331  5394 feature_matching.cc:217] in 0.401s
2026-05-18T19:11:56 COLMAP[chunk_02_spatial_matcher] I20260518 19:11:55.616385  5394 pairing.cc:631] Processing image [24/186]
2026-05-18T19:11:57 COLMAP[chunk_02_spatial_matcher] I20260518 19:11:56.092321  5394 feature_matching.cc:217] in 0.476s
2026-05-18T19:11:57 COLMAP[chunk_02_spatial_matcher] I20260518 19:11:56.092377  5394 pairing.cc:631] Processing image [25/186]
2026-05-18T19:11:57 COLMAP[chunk_02_spatial_matcher] I20260518 19:11:56.253145  5394 feature_matching.cc:217] in 0.161s
2026-05-18T19:11:57 COLMAP[chunk_02_spatial_matcher] I20260518 19:11:56.253202  5394 pairing.cc:631] Processing image [26/186]
2026-05-18T19:11:57 COLMAP[chunk_02_spatial_matcher] I20260518 19:11:56.419947  5394 feature_matching.cc:217] in 0.167s
2026-05-18T19:11:57 COLMAP[chunk_02_spatial_matcher] I20260518 19:11:56.420007  5394 pairing.cc:631] Processing image [27/186]
2026-05-18T19:11:57 COLMAP[chunk_02_spatial_matcher] I20260518 19:11:56.638530  5394 feature_matching.cc:217] in 0.219s
2026-05-18T19:11:57 COLMAP[chunk_02_spatial_matcher] I20260518 19:11:56.638584  5394 pairing.cc:631] Processing image [28/186]
2026-05-18T19:11:57 COLMAP[chunk_02_spatial_matcher] I20260518 19:11:56.795493  5394 feature_matching.cc:217] in 0.157s
2026-05-18T19:11:57 COLMAP[chunk_02_spatial_matcher] I20260518 19:11:56.795548  5394 pairing.cc:631] Processing image [29/186]
2026-05-18T19:11:57 COLMAP[chunk_02_spatial_matcher] I20260518 19:11:56.941025  5394 feature_matching.cc:217] in 0.146s
2026-05-18T19:11:57 COLMAP[chunk_02_spatial_matcher] I20260518 19:11:56.941082  5394 pairing.cc:631] Processing image [30/186]
2026-05-18T19:11:58 COLMAP[chunk_02_spatial_matcher] I20260518 19:11:57.076901  5394 feature_matching.cc:217] in 0.136s
2026-05-18T19:11:58 COLMAP[chunk_02_spatial_matcher] I20260518 19:11:57.076954  5394 pairing.cc:631] Processing image [31/186]
2026-05-18T19:11:58 COLMAP[chunk_02_spatial_matcher] I20260518 19:11:57.219753  5394 feature_matching.cc:217] in 0.143s
2026-05-18T19:11:58 COLMAP[chunk_02_spatial_matcher] I20260518 19:11:57.219813  5394 pairing.cc:631] Processing image [32/186]
2026-05-18T19:11:58 COLMAP[chunk_02_spatial_matcher] I20260518 19:11:57.395246  5394 feature_matching.cc:217] in 0.175s
2026-05-18T19:11:58 COLMAP[chunk_02_spatial_matcher] I20260518 19:11:57.395300  5394 pairing.cc:631] Processing image [33/186]
2026-05-18T19:11:58 COLMAP[chunk_02_spatial_matcher] I20260518 19:11:57.539613  5394 feature_matching.cc:217] in 0.144s
2026-05-18T19:11:58 COLMAP[chunk_02_spatial_matcher] I20260518 19:11:57.539667  5394 pairing.cc:631] Processing image [34/186]
2026-05-18T19:11:58 COLMAP[chunk_02_spatial_matcher] I20260518 19:11:57.681098  5394 feature_matching.cc:217] in 0.141s
2026-05-18T19:11:58 COLMAP[chunk_02_spatial_matcher] I20260518 19:11:57.681150  5394 pairing.cc:631] Processing image [35/186]
2026-05-18T19:11:58 COLMAP[chunk_02_spatial_matcher] I20260518 19:11:57.823143  5394 feature_matching.cc:217] in 0.142s
2026-05-18T19:11:58 COLMAP[chunk_02_spatial_matcher] I20260518 19:11:57.823199  5394 pairing.cc:631] Processing image [36/186]
2026-05-18T19:11:58 COLMAP[chunk_02_spatial_matcher] I20260518 19:11:57.950456  5394 feature_matching.cc:217] in 0.127s
2026-05-18T19:11:58 COLMAP[chunk_02_spatial_matcher] I20260518 19:11:57.950513  5394 pairing.cc:631] Processing image [37/186]
2026-05-18T19:11:59 COLMAP[chunk_02_spatial_matcher] I20260518 19:11:58.091372  5394 feature_matching.cc:217] in 0.141s
2026-05-18T19:11:59 COLMAP[chunk_02_spatial_matcher] I20260518 19:11:58.091428  5394 pairing.cc:631] Processing image [38/186]
2026-05-18T19:11:59 COLMAP[chunk_02_spatial_matcher] I20260518 19:11:58.507962  5394 feature_matching.cc:217] in 0.417s
2026-05-18T19:11:59 COLMAP[chunk_02_spatial_matcher] I20260518 19:11:58.508013  5394 pairing.cc:631] Processing image [39/186]
2026-05-18T19:11:59 COLMAP[chunk_02_spatial_matcher] I20260518 19:11:58.890271  5394 feature_matching.cc:217] in 0.382s
2026-05-18T19:11:59 COLMAP[chunk_02_spatial_matcher] I20260518 19:11:58.890328  5394 pairing.cc:631] Processing image [40/186]
2026-05-18T19:11:59 COLMAP[chunk_02_spatial_matcher] I20260518 19:11:58.964882  5394 feature_matching.cc:217] in 0.075s
2026-05-18T19:11:59 COLMAP[chunk_02_spatial_matcher] I20260518 19:11:58.964931  5394 pairing.cc:631] Processing image [41/186]
2026-05-18T19:12:00 COLMAP[chunk_02_spatial_matcher] I20260518 19:11:59.039089  5394 feature_matching.cc:217] in 0.074s
2026-05-18T19:12:00 COLMAP[chunk_02_spatial_matcher] I20260518 19:11:59.039139  5394 pairing.cc:631] Processing image [42/186]
2026-05-18T19:12:00 COLMAP[chunk_02_spatial_matcher] I20260518 19:11:59.129491  5394 feature_matching.cc:217] in 0.090s
2026-05-18T19:12:00 COLMAP[chunk_02_spatial_matcher] I20260518 19:11:59.129541  5394 pairing.cc:631] Processing image [43/186]
2026-05-18T19:12:00 COLMAP[chunk_02_spatial_matcher] I20260518 19:11:59.204607  5394 feature_matching.cc:217] in 0.075s
2026-05-18T19:12:00 COLMAP[chunk_02_spatial_matcher] I20260518 19:11:59.204660  5394 pairing.cc:631] Processing image [44/186]
2026-05-18T19:12:00 COLMAP[chunk_02_spatial_matcher] I20260518 19:11:59.313836  5394 feature_matching.cc:217] in 0.109s
2026-05-18T19:12:00 COLMAP[chunk_02_spatial_matcher] I20260518 19:11:59.313887  5394 pairing.cc:631] Processing image [45/186]
2026-05-18T19:12:00 COLMAP[chunk_02_spatial_matcher] I20260518 19:11:59.374235  5394 feature_matching.cc:217] in 0.060s
2026-05-18T19:12:00 COLMAP[chunk_02_spatial_matcher] I20260518 19:11:59.374289  5394 pairing.cc:631] Processing image [46/186]
2026-05-18T19:12:00 COLMAP[chunk_02_spatial_matcher] I20260518 19:11:59.471683  5394 feature_matching.cc:217] in 0.097s
2026-05-18T19:12:00 COLMAP[chunk_02_spatial_matcher] I20260518 19:11:59.471735  5394 pairing.cc:631] Processing image [47/186]
2026-05-18T19:12:00 COLMAP[chunk_02_spatial_matcher] I20260518 19:11:59.572589  5394 feature_matching.cc:217] in 0.101s
2026-05-18T19:12:00 COLMAP[chunk_02_spatial_matcher] I20260518 19:11:59.572642  5394 pairing.cc:631] Processing image [48/186]
2026-05-18T19:12:00 COLMAP[chunk_02_spatial_matcher] I20260518 19:11:59.656766  5394 feature_matching.cc:217] in 0.084s
2026-05-18T19:12:00 COLMAP[chunk_02_spatial_matcher] I20260518 19:11:59.656819  5394 pairing.cc:631] Processing image [49/186]
2026-05-18T19:12:00 COLMAP[chunk_02_spatial_matcher] I20260518 19:11:59.716917  5394 feature_matching.cc:217] in 0.060s
2026-05-18T19:12:00 COLMAP[chunk_02_spatial_matcher] I20260518 19:11:59.716976  5394 pairing.cc:631] Processing image [50/186]
2026-05-18T19:12:00 COLMAP[chunk_02_spatial_matcher] I20260518 19:11:59.766085  5394 feature_matching.cc:217] in 0.049s
2026-05-18T19:12:00 COLMAP[chunk_02_spatial_matcher] I20260518 19:11:59.766135  5394 pairing.cc:631] Processing image [51/186]
2026-05-18T19:12:00 COLMAP[chunk_02_spatial_matcher] I20260518 19:11:59.867345  5394 feature_matching.cc:217] in 0.101s
2026-05-18T19:12:00 COLMAP[chunk_02_spatial_matcher] I20260518 19:11:59.867398  5394 pairing.cc:631] Processing image [52/186]
2026-05-18T19:12:01 COLMAP[chunk_02_spatial_matcher] I20260518 19:12:00.349262  5394 feature_matching.cc:217] in 0.482s
2026-05-18T19:12:01 COLMAP[chunk_02_spatial_matcher] I20260518 19:12:00.349318  5394 pairing.cc:631] Processing image [53/186]
2026-05-18T19:12:01 COLMAP[chunk_02_spatial_matcher] I20260518 19:12:00.443310  5394 feature_matching.cc:217] in 0.094s
2026-05-18T19:12:01 COLMAP[chunk_02_spatial_matcher] I20260518 19:12:00.443367  5394 pairing.cc:631] Processing image [54/186]
2026-05-18T19:12:01 COLMAP[chunk_02_spatial_matcher] I20260518 19:12:00.513732  5394 feature_matching.cc:217] in 0.070s
2026-05-18T19:12:01 COLMAP[chunk_02_spatial_matcher] I20260518 19:12:00.513787  5394 pairing.cc:631] Processing image [55/186]
2026-05-18T19:12:01 COLMAP[chunk_02_spatial_matcher] I20260518 19:12:00.574072  5394 feature_matching.cc:217] in 0.060s
2026-05-18T19:12:01 COLMAP[chunk_02_spatial_matcher] I20260518 19:12:00.574127  5394 pairing.cc:631] Processing image [56/186]
2026-05-18T19:12:02 COLMAP[chunk_02_spatial_matcher] I20260518 19:12:01.103477  5394 feature_matching.cc:217] in 0.529s
2026-05-18T19:12:02 COLMAP[chunk_02_spatial_matcher] I20260518 19:12:01.103528  5394 pairing.cc:631] Processing image [57/186]
2026-05-18T19:12:02 COLMAP[chunk_02_spatial_matcher] I20260518 19:12:01.749338  5394 feature_matching.cc:217] in 0.646s
2026-05-18T19:12:02 COLMAP[chunk_02_spatial_matcher] I20260518 19:12:01.749389  5394 pairing.cc:631] Processing image [58/186]
2026-05-18T19:12:03 COLMAP[chunk_02_spatial_matcher] I20260518 19:12:02.343894  5394 feature_matching.cc:217] in 0.595s
2026-05-18T19:12:03 COLMAP[chunk_02_spatial_matcher] I20260518 19:12:02.343947  5394 pairing.cc:631] Processing image [59/186]
2026-05-18T19:12:03 COLMAP[chunk_02_spatial_matcher] I20260518 19:12:02.942858  5394 feature_matching.cc:217] in 0.599s
2026-05-18T19:12:03 COLMAP[chunk_02_spatial_matcher] I20260518 19:12:02.942907  5394 pairing.cc:631] Processing image [60/186]
2026-05-18T19:12:04 COLMAP[chunk_02_spatial_matcher] I20260518 19:12:03.485137  5394 feature_matching.cc:217] in 0.542s
2026-05-18T19:12:04 COLMAP[chunk_02_spatial_matcher] I20260518 19:12:03.485189  5394 pairing.cc:631] Processing image [61/186]
2026-05-18T19:12:04 COLMAP[chunk_02_spatial_matcher] I20260518 19:12:03.774380  5394 feature_matching.cc:217] in 0.289s
2026-05-18T19:12:04 COLMAP[chunk_02_spatial_matcher] I20260518 19:12:03.774427  5394 pairing.cc:631] Processing image [62/186]
2026-05-18T19:12:04 COLMAP[chunk_02_spatial_matcher] I20260518 19:12:03.978572  5394 feature_matching.cc:217] in 0.204s
2026-05-18T19:12:04 COLMAP[chunk_02_spatial_matcher] I20260518 19:12:03.978621  5394 pairing.cc:631] Processing image [63/186]
2026-05-18T19:12:05 COLMAP[chunk_02_spatial_matcher] I20260518 19:12:04.219614  5394 feature_matching.cc:217] in 0.241s
2026-05-18T19:12:05 COLMAP[chunk_02_spatial_matcher] I20260518 19:12:04.219666  5394 pairing.cc:631] Processing image [64/186]
2026-05-18T19:12:05 COLMAP[chunk_02_spatial_matcher] I20260518 19:12:04.425150  5394 feature_matching.cc:217] in 0.206s
2026-05-18T19:12:05 COLMAP[chunk_02_spatial_matcher] I20260518 19:12:04.425199  5394 pairing.cc:631] Processing image [65/186]
2026-05-18T19:12:05 COLMAP[chunk_02_spatial_matcher] I20260518 19:12:04.720413  5394 feature_matching.cc:217] in 0.295s
2026-05-18T19:12:05 COLMAP[chunk_02_spatial_matcher] I20260518 19:12:04.720466  5394 pairing.cc:631] Processing image [66/186]
2026-05-18T19:12:05 COLMAP[chunk_02_spatial_matcher] I20260518 19:12:04.954843  5394 feature_matching.cc:217] in 0.234s
2026-05-18T19:12:05 COLMAP[chunk_02_spatial_matcher] I20260518 19:12:04.954891  5394 pairing.cc:631] Processing image [67/186]
2026-05-18T19:12:06 COLMAP[chunk_02_spatial_matcher] I20260518 19:12:05.166592  5394 feature_matching.cc:217] in 0.212s
2026-05-18T19:12:06 COLMAP[chunk_02_spatial_matcher] I20260518 19:12:05.166644  5394 pairing.cc:631] Processing image [68/186]
2026-05-18T19:12:06 COLMAP[chunk_02_spatial_matcher] I20260518 19:12:05.268579  5394 feature_matching.cc:217] in 0.102s
2026-05-18T19:12:06 COLMAP[chunk_02_spatial_matcher] I20260518 19:12:05.268635  5394 pairing.cc:631] Processing image [69/186]
2026-05-18T19:12:06 COLMAP[chunk_02_spatial_matcher] I20260518 19:12:05.395829  5394 feature_matching.cc:217] in 0.127s
2026-05-18T19:12:06 COLMAP[chunk_02_spatial_matcher] I20260518 19:12:05.395876  5394 pairing.cc:631] Processing image [70/186]
2026-05-18T19:12:06 COLMAP[chunk_02_spatial_matcher] I20260518 19:12:05.533797  5394 feature_matching.cc:217] in 0.138s
2026-05-18T19:12:06 COLMAP[chunk_02_spatial_matcher] I20260518 19:12:05.533849  5394 pairing.cc:631] Processing image [71/186]
2026-05-18T19:12:06 COLMAP[chunk_02_spatial_matcher] I20260518 19:12:05.736317  5394 feature_matching.cc:217] in 0.203s
2026-05-18T19:12:06 COLMAP[chunk_02_spatial_matcher] I20260518 19:12:05.736373  5394 pairing.cc:631] Processing image [72/186]
2026-05-18T19:12:06 COLMAP[chunk_02_spatial_matcher] I20260518 19:12:05.812664  5394 feature_matching.cc:217] in 0.076s
2026-05-18T19:12:06 COLMAP[chunk_02_spatial_matcher] I20260518 19:12:05.812711  5394 pairing.cc:631] Processing image [73/186]
2026-05-18T19:12:06 COLMAP[chunk_02_spatial_matcher] I20260518 19:12:05.897619  5394 feature_matching.cc:217] in 0.085s
2026-05-18T19:12:06 COLMAP[chunk_02_spatial_matcher] I20260518 19:12:05.897671  5394 pairing.cc:631] Processing image [74/186]
2026-05-18T19:12:07 COLMAP[chunk_02_spatial_matcher] I20260518 19:12:06.045162  5394 feature_matching.cc:217] in 0.148s
2026-05-18T19:12:07 COLMAP[chunk_02_spatial_matcher] I20260518 19:12:06.045217  5394 pairing.cc:631] Processing image [75/186]
2026-05-18T19:12:07 COLMAP[chunk_02_spatial_matcher] I20260518 19:12:06.218066  5394 feature_matching.cc:217] in 0.173s
2026-05-18T19:12:07 COLMAP[chunk_02_spatial_matcher] I20260518 19:12:06.218119  5394 pairing.cc:631] Processing image [76/186]
2026-05-18T19:12:07 COLMAP[chunk_02_spatial_matcher] I20260518 19:12:06.332860  5394 feature_matching.cc:217] in 0.115s
2026-05-18T19:12:07 COLMAP[chunk_02_spatial_matcher] I20260518 19:12:06.332914  5394 pairing.cc:631] Processing image [77/186]
2026-05-18T19:12:07 COLMAP[chunk_02_spatial_matcher] I20260518 19:12:06.555980  5394 feature_matching.cc:217] in 0.223s
2026-05-18T19:12:07 COLMAP[chunk_02_spatial_matcher] I20260518 19:12:06.556035  5394 pairing.cc:631] Processing image [78/186]
2026-05-18T19:12:07 COLMAP[chunk_02_spatial_matcher] I20260518 19:12:06.813194  5394 feature_matching.cc:217] in 0.257s
2026-05-18T19:12:07 COLMAP[chunk_02_spatial_matcher] I20260518 19:12:06.813239  5394 pairing.cc:631] Processing image [79/186]
2026-05-18T19:12:08 COLMAP[chunk_02_spatial_matcher] I20260518 19:12:07.047626  5394 feature_matching.cc:217] in 0.234s
2026-05-18T19:12:08 COLMAP[chunk_02_spatial_matcher] I20260518 19:12:07.047683  5394 pairing.cc:631] Processing image [80/186]
2026-05-18T19:12:08 COLMAP[chunk_02_spatial_matcher] I20260518 19:12:07.235988  5394 feature_matching.cc:217] in 0.188s
2026-05-18T19:12:08 COLMAP[chunk_02_spatial_matcher] I20260518 19:12:07.236044  5394 pairing.cc:631] Processing image [81/186]
2026-05-18T19:12:08 COLMAP[chunk_02_spatial_matcher] I20260518 19:12:07.551169  5394 feature_matching.cc:217] in 0.315s
2026-05-18T19:12:08 COLMAP[chunk_02_spatial_matcher] I20260518 19:12:07.551222  5394 pairing.cc:631] Processing image [82/186]
2026-05-18T19:12:08 COLMAP[chunk_02_spatial_matcher] I20260518 19:12:07.637527  5394 feature_matching.cc:217] in 0.086s
2026-05-18T19:12:08 COLMAP[chunk_02_spatial_matcher] I20260518 19:12:07.637581  5394 pairing.cc:631] Processing image [83/186]
2026-05-18T19:12:09 COLMAP[chunk_02_spatial_matcher] I20260518 19:12:08.368479  5394 feature_matching.cc:217] in 0.731s
2026-05-18T19:12:09 COLMAP[chunk_02_spatial_matcher] I20260518 19:12:08.368533  5394 pairing.cc:631] Processing image [84/186]
2026-05-18T19:12:09 COLMAP[chunk_02_spatial_matcher] I20260518 19:12:08.970561  5394 feature_matching.cc:217] in 0.602s
2026-05-18T19:12:09 COLMAP[chunk_02_spatial_matcher] I20260518 19:12:08.970609  5394 pairing.cc:631] Processing image [85/186]
2026-05-18T19:12:10 COLMAP[chunk_02_spatial_matcher] I20260518 19:12:09.596832  5394 feature_matching.cc:217] in 0.626s
2026-05-18T19:12:10 COLMAP[chunk_02_spatial_matcher] I20260518 19:12:09.596885  5394 pairing.cc:631] Processing image [86/186]
2026-05-18T19:12:11 COLMAP[chunk_02_spatial_matcher] I20260518 19:12:10.253430  5394 feature_matching.cc:217] in 0.657s
2026-05-18T19:12:11 COLMAP[chunk_02_spatial_matcher] I20260518 19:12:10.253484  5394 pairing.cc:631] Processing image [87/186]
2026-05-18T19:12:11 COLMAP[chunk_02_spatial_matcher] I20260518 19:12:10.874552  5394 feature_matching.cc:217] in 0.621s
2026-05-18T19:12:11 COLMAP[chunk_02_spatial_matcher] I20260518 19:12:10.874601  5394 pairing.cc:631] Processing image [88/186]
2026-05-18T19:12:12 COLMAP[chunk_02_spatial_matcher] I20260518 19:12:11.646418  5394 feature_matching.cc:217] in 0.772s
2026-05-18T19:12:12 COLMAP[chunk_02_spatial_matcher] I20260518 19:12:11.646473  5394 pairing.cc:631] Processing image [89/186]
2026-05-18T19:12:13 COLMAP[chunk_02_spatial_matcher] I20260518 19:12:12.610965  5394 feature_matching.cc:217] in 0.965s
2026-05-18T19:12:13 COLMAP[chunk_02_spatial_matcher] I20260518 19:12:12.611021  5394 pairing.cc:631] Processing image [90/186]
2026-05-18T19:12:14 COLMAP[chunk_02_spatial_matcher] I20260518 19:12:13.324757  5394 feature_matching.cc:217] in 0.714s
2026-05-18T19:12:14 COLMAP[chunk_02_spatial_matcher] I20260518 19:12:13.324811  5394 pairing.cc:631] Processing image [91/186]
2026-05-18T19:12:14 COLMAP[chunk_02_spatial_matcher] I20260518 19:12:13.596997  5394 feature_matching.cc:217] in 0.272s
2026-05-18T19:12:14 COLMAP[chunk_02_spatial_matcher] I20260518 19:12:13.597048  5394 pairing.cc:631] Processing image [92/186]
2026-05-18T19:12:15 COLMAP[chunk_02_spatial_matcher] I20260518 19:12:14.042510  5394 feature_matching.cc:217] in 0.445s
2026-05-18T19:12:15 COLMAP[chunk_02_spatial_matcher] I20260518 19:12:14.042562  5394 pairing.cc:631] Processing image [93/186]
2026-05-18T19:12:15 COLMAP[chunk_02_spatial_matcher] I20260518 19:12:14.169597  5394 feature_matching.cc:217] in 0.127s
2026-05-18T19:12:15 COLMAP[chunk_02_spatial_matcher] I20260518 19:12:14.169651  5394 pairing.cc:631] Processing image [94/186]
2026-05-18T19:12:15 COLMAP[chunk_02_spatial_matcher] I20260518 19:12:14.279292  5394 feature_matching.cc:217] in 0.110s
2026-05-18T19:12:15 COLMAP[chunk_02_spatial_matcher] I20260518 19:12:14.279349  5394 pairing.cc:631] Processing image [95/186]
2026-05-18T19:12:15 COLMAP[chunk_02_spatial_matcher] I20260518 19:12:14.279475  5394 feature_matching.cc:217] in 0.000s
2026-05-18T19:12:15 COLMAP[chunk_02_spatial_matcher] I20260518 19:12:14.279492  5394 pairing.cc:631] Processing image [96/186]
2026-05-18T19:12:15 COLMAP[chunk_02_spatial_matcher] I20260518 19:12:14.623991  5394 feature_matching.cc:217] in 0.345s
2026-05-18T19:12:15 COLMAP[chunk_02_spatial_matcher] I20260518 19:12:14.624043  5394 pairing.cc:631] Processing image [97/186]
2026-05-18T19:12:15 COLMAP[chunk_02_spatial_matcher] I20260518 19:12:14.821717  5394 feature_matching.cc:217] in 0.198s
2026-05-18T19:12:15 COLMAP[chunk_02_spatial_matcher] I20260518 19:12:14.821767  5394 pairing.cc:631] Processing image [98/186]
2026-05-18T19:12:15 COLMAP[chunk_02_spatial_matcher] I20260518 19:12:15.018573  5394 feature_matching.cc:217] in 0.197s
2026-05-18T19:12:15 COLMAP[chunk_02_spatial_matcher] I20260518 19:12:15.018628  5394 pairing.cc:631] Processing image [99/186]
2026-05-18T19:12:16 COLMAP[chunk_02_spatial_matcher] I20260518 19:12:15.191588  5394 feature_matching.cc:217] in 0.173s
2026-05-18T19:12:16 COLMAP[chunk_02_spatial_matcher] I20260518 19:12:15.191646  5394 pairing.cc:631] Processing image [100/186]
2026-05-18T19:12:16 COLMAP[chunk_02_spatial_matcher] I20260518 19:12:15.355423  5394 feature_matching.cc:217] in 0.164s
2026-05-18T19:12:16 COLMAP[chunk_02_spatial_matcher] I20260518 19:12:15.355479  5394 pairing.cc:631] Processing image [101/186]
2026-05-18T19:12:16 COLMAP[chunk_02_spatial_matcher] I20260518 19:12:16.019517  5394 feature_matching.cc:217] in 0.664s
2026-05-18T19:12:16 COLMAP[chunk_02_spatial_matcher] I20260518 19:12:16.019575  5394 pairing.cc:631] Processing image [102/186]
2026-05-18T19:12:17 COLMAP[chunk_02_spatial_matcher] I20260518 19:12:16.270571  5394 feature_matching.cc:217] in 0.251s
2026-05-18T19:12:17 COLMAP[chunk_02_spatial_matcher] I20260518 19:12:16.270628  5394 pairing.cc:631] Processing image [103/186]
2026-05-18T19:12:17 COLMAP[chunk_02_spatial_matcher] I20260518 19:12:16.422823  5394 feature_matching.cc:217] in 0.152s
2026-05-18T19:12:17 COLMAP[chunk_02_spatial_matcher] I20260518 19:12:16.422878  5394 pairing.cc:631] Processing image [104/186]
2026-05-18T19:12:17 COLMAP[chunk_02_spatial_matcher] I20260518 19:12:16.790257  5394 feature_matching.cc:217] in 0.367s
2026-05-18T19:12:17 COLMAP[chunk_02_spatial_matcher] I20260518 19:12:16.790308  5394 pairing.cc:631] Processing image [105/186]
2026-05-18T19:12:18 COLMAP[chunk_02_spatial_matcher] I20260518 19:12:17.167316  5394 feature_matching.cc:217] in 0.377s
2026-05-18T19:12:18 COLMAP[chunk_02_spatial_matcher] I20260518 19:12:17.167373  5394 pairing.cc:631] Processing image [106/186]
2026-05-18T19:12:18 COLMAP[chunk_02_spatial_matcher] I20260518 19:12:17.286509  5394 feature_matching.cc:217] in 0.119s
2026-05-18T19:12:18 COLMAP[chunk_02_spatial_matcher] I20260518 19:12:17.286564  5394 pairing.cc:631] Processing image [107/186]
2026-05-18T19:12:18 COLMAP[chunk_02_spatial_matcher] I20260518 19:12:17.697355  5394 feature_matching.cc:217] in 0.411s
2026-05-18T19:12:18 COLMAP[chunk_02_spatial_matcher] I20260518 19:12:17.697410  5394 pairing.cc:631] Processing image [108/186]
2026-05-18T19:12:18 COLMAP[chunk_02_spatial_matcher] I20260518 19:12:17.851676  5394 feature_matching.cc:217] in 0.154s
2026-05-18T19:12:18 COLMAP[chunk_02_spatial_matcher] I20260518 19:12:17.851723  5394 pairing.cc:631] Processing image [109/186]
2026-05-18T19:12:18 COLMAP[chunk_02_spatial_matcher] I20260518 19:12:17.933034  5394 feature_matching.cc:217] in 0.081s
2026-05-18T19:12:18 COLMAP[chunk_02_spatial_matcher] I20260518 19:12:17.933079  5394 pairing.cc:631] Processing image [110/186]
2026-05-18T19:12:18 COLMAP[chunk_02_spatial_matcher] I20260518 19:12:17.992961  5394 feature_matching.cc:217] in 0.060s
2026-05-18T19:12:18 COLMAP[chunk_02_spatial_matcher] I20260518 19:12:17.993002  5394 pairing.cc:631] Processing image [111/186]
2026-05-18T19:12:19 COLMAP[chunk_02_spatial_matcher] I20260518 19:12:18.374819  5394 feature_matching.cc:217] in 0.382s
2026-05-18T19:12:19 COLMAP[chunk_02_spatial_matcher] I20260518 19:12:18.374873  5394 pairing.cc:631] Processing image [112/186]
2026-05-18T19:12:21 COLMAP[chunk_02_spatial_matcher] I20260518 19:12:20.048707  5394 feature_matching.cc:217] in 1.674s
2026-05-18T19:12:21 COLMAP[chunk_02_spatial_matcher] I20260518 19:12:20.048766  5394 pairing.cc:631] Processing image [113/186]
2026-05-18T19:12:22 COLMAP[chunk_02_spatial_matcher] I20260518 19:12:21.567628  5394 feature_matching.cc:217] in 1.519s
2026-05-18T19:12:22 COLMAP[chunk_02_spatial_matcher] I20260518 19:12:21.567682  5394 pairing.cc:631] Processing image [114/186]
2026-05-18T19:12:23 COLMAP[chunk_02_spatial_matcher] I20260518 19:12:22.746551  5394 feature_matching.cc:217] in 1.179s
2026-05-18T19:12:23 COLMAP[chunk_02_spatial_matcher] I20260518 19:12:22.746604  5394 pairing.cc:631] Processing image [115/186]
2026-05-18T19:12:24 COLMAP[chunk_02_spatial_matcher] I20260518 19:12:23.825726  5394 feature_matching.cc:217] in 1.079s
2026-05-18T19:12:24 COLMAP[chunk_02_spatial_matcher] I20260518 19:12:23.825776  5394 pairing.cc:631] Processing image [116/186]
2026-05-18T19:12:24 COLMAP[chunk_02_spatial_matcher] I20260518 19:12:23.933792  5394 feature_matching.cc:217] in 0.108s
2026-05-18T19:12:24 COLMAP[chunk_02_spatial_matcher] I20260518 19:12:23.933843  5394 pairing.cc:631] Processing image [117/186]
2026-05-18T19:12:24 COLMAP[chunk_02_spatial_matcher] I20260518 19:12:24.019870  5394 feature_matching.cc:217] in 0.086s
2026-05-18T19:12:24 COLMAP[chunk_02_spatial_matcher] I20260518 19:12:24.019917  5394 pairing.cc:631] Processing image [118/186]
2026-05-18T19:12:25 COLMAP[chunk_02_spatial_matcher] I20260518 19:12:24.465276  5394 feature_matching.cc:217] in 0.445s
2026-05-18T19:12:25 COLMAP[chunk_02_spatial_matcher] I20260518 19:12:24.465332  5394 pairing.cc:631] Processing image [119/186]
2026-05-18T19:12:25 COLMAP[chunk_02_spatial_matcher] I20260518 19:12:25.020044  5394 feature_matching.cc:217] in 0.555s
2026-05-18T19:12:25 COLMAP[chunk_02_spatial_matcher] I20260518 19:12:25.020094  5394 pairing.cc:631] Processing image [120/186]
2026-05-18T19:12:26 COLMAP[chunk_02_spatial_matcher] I20260518 19:12:25.576223  5394 feature_matching.cc:217] in 0.556s
2026-05-18T19:12:26 COLMAP[chunk_02_spatial_matcher] I20260518 19:12:25.576280  5394 pairing.cc:631] Processing image [121/186]
2026-05-18T19:12:27 COLMAP[chunk_02_spatial_matcher] I20260518 19:12:26.385579  5394 feature_matching.cc:217] in 0.809s
2026-05-18T19:12:27 COLMAP[chunk_02_spatial_matcher] I20260518 19:12:26.385633  5394 pairing.cc:631] Processing image [122/186]
2026-05-18T19:12:28 COLMAP[chunk_02_spatial_matcher] I20260518 19:12:27.455117  5394 feature_matching.cc:217] in 1.070s
2026-05-18T19:12:28 COLMAP[chunk_02_spatial_matcher] I20260518 19:12:27.455174  5394 pairing.cc:631] Processing image [123/186]
2026-05-18T19:12:29 COLMAP[chunk_02_spatial_matcher] I20260518 19:12:28.221355  5394 feature_matching.cc:217] in 0.766s
2026-05-18T19:12:29 COLMAP[chunk_02_spatial_matcher] I20260518 19:12:28.221410  5394 pairing.cc:631] Processing image [124/186]
2026-05-18T19:12:29 COLMAP[chunk_02_spatial_matcher] I20260518 19:12:28.390163  5394 feature_matching.cc:217] in 0.169s
2026-05-18T19:12:29 COLMAP[chunk_02_spatial_matcher] I20260518 19:12:28.390219  5394 pairing.cc:631] Processing image [125/186]
2026-05-18T19:12:29 COLMAP[chunk_02_spatial_matcher] I20260518 19:12:28.623670  5394 feature_matching.cc:217] in 0.233s
2026-05-18T19:12:29 COLMAP[chunk_02_spatial_matcher] I20260518 19:12:28.623728  5394 pairing.cc:631] Processing image [126/186]
2026-05-18T19:12:29 COLMAP[chunk_02_spatial_matcher] I20260518 19:12:28.747967  5394 feature_matching.cc:217] in 0.124s
2026-05-18T19:12:29 COLMAP[chunk_02_spatial_matcher] I20260518 19:12:28.748023  5394 pairing.cc:631] Processing image [127/186]
2026-05-18T19:12:29 COLMAP[chunk_02_spatial_matcher] I20260518 19:12:28.848713  5394 feature_matching.cc:217] in 0.101s
2026-05-18T19:12:29 COLMAP[chunk_02_spatial_matcher] I20260518 19:12:28.848768  5394 pairing.cc:631] Processing image [128/186]
2026-05-18T19:12:29 COLMAP[chunk_02_spatial_matcher] I20260518 19:12:28.930467  5394 feature_matching.cc:217] in 0.082s
2026-05-18T19:12:29 COLMAP[chunk_02_spatial_matcher] I20260518 19:12:28.930522  5394 pairing.cc:631] Processing image [129/186]
2026-05-18T19:12:29 COLMAP[chunk_02_spatial_matcher] I20260518 19:12:29.002735  5394 feature_matching.cc:217] in 0.072s
2026-05-18T19:12:29 COLMAP[chunk_02_spatial_matcher] I20260518 19:12:29.002789  5394 pairing.cc:631] Processing image [130/186]
2026-05-18T19:12:30 COLMAP[chunk_02_spatial_matcher] I20260518 19:12:29.726603  5394 feature_matching.cc:217] in 0.724s
2026-05-18T19:12:30 COLMAP[chunk_02_spatial_matcher] I20260518 19:12:29.726660  5394 pairing.cc:631] Processing image [131/186]
2026-05-18T19:12:31 COLMAP[chunk_02_spatial_matcher] I20260518 19:12:30.262673  5394 feature_matching.cc:217] in 0.536s
2026-05-18T19:12:31 COLMAP[chunk_02_spatial_matcher] I20260518 19:12:30.262724  5394 pairing.cc:631] Processing image [132/186]
2026-05-18T19:12:31 COLMAP[chunk_02_spatial_matcher] I20260518 19:12:30.927515  5394 feature_matching.cc:217] in 0.665s
2026-05-18T19:12:31 COLMAP[chunk_02_spatial_matcher] I20260518 19:12:30.927570  5394 pairing.cc:631] Processing image [133/186]
2026-05-18T19:12:32 COLMAP[chunk_02_spatial_matcher] I20260518 19:12:31.719835  5394 feature_matching.cc:217] in 0.792s
2026-05-18T19:12:32 COLMAP[chunk_02_spatial_matcher] I20260518 19:12:31.719885  5394 pairing.cc:631] Processing image [134/186]
2026-05-18T19:12:33 COLMAP[chunk_02_spatial_matcher] I20260518 19:12:32.416328  5394 feature_matching.cc:217] in 0.696s
2026-05-18T19:12:33 COLMAP[chunk_02_spatial_matcher] I20260518 19:12:32.416386  5394 pairing.cc:631] Processing image [135/186]
2026-05-18T19:12:33 COLMAP[chunk_02_spatial_matcher] I20260518 19:12:32.904330  5394 feature_matching.cc:217] in 0.488s
2026-05-18T19:12:33 COLMAP[chunk_02_spatial_matcher] I20260518 19:12:32.904379  5394 pairing.cc:631] Processing image [136/186]
2026-05-18T19:12:34 COLMAP[chunk_02_spatial_matcher] I20260518 19:12:33.159534  5394 feature_matching.cc:217] in 0.255s
2026-05-18T19:12:34 COLMAP[chunk_02_spatial_matcher] I20260518 19:12:33.159582  5394 pairing.cc:631] Processing image [137/186]
2026-05-18T19:12:34 COLMAP[chunk_02_spatial_matcher] I20260518 19:12:33.401626  5394 feature_matching.cc:217] in 0.242s
2026-05-18T19:12:34 COLMAP[chunk_02_spatial_matcher] I20260518 19:12:33.401701  5394 pairing.cc:631] Processing image [138/186]
2026-05-18T19:12:34 COLMAP[chunk_02_spatial_matcher] I20260518 19:12:33.793887  5394 feature_matching.cc:217] in 0.392s
2026-05-18T19:12:34 COLMAP[chunk_02_spatial_matcher] I20260518 19:12:33.793941  5394 pairing.cc:631] Processing image [139/186]
2026-05-18T19:12:34 COLMAP[chunk_02_spatial_matcher] I20260518 19:12:34.017508  5394 feature_matching.cc:217] in 0.224s
2026-05-18T19:12:34 COLMAP[chunk_02_spatial_matcher] I20260518 19:12:34.017561  5394 pairing.cc:631] Processing image [140/186]
2026-05-18T19:12:35 COLMAP[chunk_02_spatial_matcher] I20260518 19:12:34.227025  5394 feature_matching.cc:217] in 0.209s
2026-05-18T19:12:35 COLMAP[chunk_02_spatial_matcher] I20260518 19:12:34.227078  5394 pairing.cc:631] Processing image [141/186]
2026-05-18T19:12:35 COLMAP[chunk_02_spatial_matcher] I20260518 19:12:34.413288  5394 feature_matching.cc:217] in 0.186s
2026-05-18T19:12:35 COLMAP[chunk_02_spatial_matcher] I20260518 19:12:34.413368  5394 pairing.cc:631] Processing image [142/186]
2026-05-18T19:12:35 COLMAP[chunk_02_spatial_matcher] I20260518 19:12:34.596839  5394 feature_matching.cc:217] in 0.184s
2026-05-18T19:12:35 COLMAP[chunk_02_spatial_matcher] I20260518 19:12:34.596896  5394 pairing.cc:631] Processing image [143/186]
2026-05-18T19:12:35 COLMAP[chunk_02_spatial_matcher] I20260518 19:12:34.711215  5394 feature_matching.cc:217] in 0.114s
2026-05-18T19:12:35 COLMAP[chunk_02_spatial_matcher] I20260518 19:12:34.711265  5394 pairing.cc:631] Processing image [144/186]
2026-05-18T19:12:35 COLMAP[chunk_02_spatial_matcher] I20260518 19:12:34.818014  5394 feature_matching.cc:217] in 0.107s
2026-05-18T19:12:35 COLMAP[chunk_02_spatial_matcher] I20260518 19:12:34.818071  5394 pairing.cc:631] Processing image [145/186]
2026-05-18T19:12:35 COLMAP[chunk_02_spatial_matcher] I20260518 19:12:34.890069  5394 feature_matching.cc:217] in 0.072s
2026-05-18T19:12:35 COLMAP[chunk_02_spatial_matcher] I20260518 19:12:34.890120  5394 pairing.cc:631] Processing image [146/186]
2026-05-18T19:12:35 COLMAP[chunk_02_spatial_matcher] I20260518 19:12:34.978567  5394 feature_matching.cc:217] in 0.088s
2026-05-18T19:12:35 COLMAP[chunk_02_spatial_matcher] I20260518 19:12:34.978615  5394 pairing.cc:631] Processing image [147/186]
2026-05-18T19:12:36 COLMAP[chunk_02_spatial_matcher] I20260518 19:12:35.056419  5394 feature_matching.cc:217] in 0.078s
2026-05-18T19:12:36 COLMAP[chunk_02_spatial_matcher] I20260518 19:12:35.056468  5394 pairing.cc:631] Processing image [148/186]
2026-05-18T19:12:36 COLMAP[chunk_02_spatial_matcher] I20260518 19:12:35.131582  5394 feature_matching.cc:217] in 0.075s
2026-05-18T19:12:36 COLMAP[chunk_02_spatial_matcher] I20260518 19:12:35.131634  5394 pairing.cc:631] Processing image [149/186]
2026-05-18T19:12:36 COLMAP[chunk_02_spatial_matcher] I20260518 19:12:35.241281  5394 feature_matching.cc:217] in 0.110s
2026-05-18T19:12:36 COLMAP[chunk_02_spatial_matcher] I20260518 19:12:35.241326  5394 pairing.cc:631] Processing image [150/186]
2026-05-18T19:12:36 COLMAP[chunk_02_spatial_matcher] I20260518 19:12:35.369257  5394 feature_matching.cc:217] in 0.128s
2026-05-18T19:12:36 COLMAP[chunk_02_spatial_matcher] I20260518 19:12:35.369311  5394 pairing.cc:631] Processing image [151/186]
2026-05-18T19:12:36 COLMAP[chunk_02_spatial_matcher] I20260518 19:12:35.648527  5394 feature_matching.cc:217] in 0.279s
2026-05-18T19:12:36 COLMAP[chunk_02_spatial_matcher] I20260518 19:12:35.648582  5394 pairing.cc:631] Processing image [152/186]
2026-05-18T19:12:36 COLMAP[chunk_02_spatial_matcher] I20260518 19:12:35.933770  5394 feature_matching.cc:217] in 0.285s
2026-05-18T19:12:36 COLMAP[chunk_02_spatial_matcher] I20260518 19:12:35.933825  5394 pairing.cc:631] Processing image [153/186]
2026-05-18T19:12:37 COLMAP[chunk_02_spatial_matcher] I20260518 19:12:36.084703  5394 feature_matching.cc:217] in 0.151s
2026-05-18T19:12:37 COLMAP[chunk_02_spatial_matcher] I20260518 19:12:36.084755  5394 pairing.cc:631] Processing image [154/186]
2026-05-18T19:12:37 COLMAP[chunk_02_spatial_matcher] I20260518 19:12:36.205577  5394 feature_matching.cc:217] in 0.121s
2026-05-18T19:12:37 COLMAP[chunk_02_spatial_matcher] I20260518 19:12:36.205626  5394 pairing.cc:631] Processing image [155/186]
2026-05-18T19:12:37 COLMAP[chunk_02_spatial_matcher] I20260518 19:12:36.372001  5394 feature_matching.cc:217] in 0.166s
2026-05-18T19:12:37 COLMAP[chunk_02_spatial_matcher] I20260518 19:12:36.372048  5394 pairing.cc:631] Processing image [156/186]
2026-05-18T19:12:37 COLMAP[chunk_02_spatial_matcher] I20260518 19:12:36.539220  5394 feature_matching.cc:217] in 0.167s
2026-05-18T19:12:37 COLMAP[chunk_02_spatial_matcher] I20260518 19:12:36.539275  5394 pairing.cc:631] Processing image [157/186]
2026-05-18T19:12:37 COLMAP[chunk_02_spatial_matcher] I20260518 19:12:36.752202  5394 feature_matching.cc:217] in 0.213s
2026-05-18T19:12:37 COLMAP[chunk_02_spatial_matcher] I20260518 19:12:36.752259  5394 pairing.cc:631] Processing image [158/186]
2026-05-18T19:12:37 COLMAP[chunk_02_spatial_matcher] I20260518 19:12:36.862701  5394 feature_matching.cc:217] in 0.110s
2026-05-18T19:12:37 COLMAP[chunk_02_spatial_matcher] I20260518 19:12:36.862751  5394 pairing.cc:631] Processing image [159/186]
2026-05-18T19:12:37 COLMAP[chunk_02_spatial_matcher] I20260518 19:12:36.969658  5394 feature_matching.cc:217] in 0.107s
2026-05-18T19:12:37 COLMAP[chunk_02_spatial_matcher] I20260518 19:12:36.969724  5394 pairing.cc:631] Processing image [160/186]
2026-05-18T19:12:38 COLMAP[chunk_02_spatial_matcher] I20260518 19:12:37.047514  5394 feature_matching.cc:217] in 0.078s
2026-05-18T19:12:38 COLMAP[chunk_02_spatial_matcher] I20260518 19:12:37.047574  5394 pairing.cc:631] Processing image [161/186]
2026-05-18T19:12:38 COLMAP[chunk_02_spatial_matcher] I20260518 19:12:37.082757  5394 feature_matching.cc:217] in 0.035s
2026-05-18T19:12:38 COLMAP[chunk_02_spatial_matcher] I20260518 19:12:37.082808  5394 pairing.cc:631] Processing image [162/186]
2026-05-18T19:12:38 COLMAP[chunk_02_spatial_matcher] I20260518 19:12:37.171631  5394 feature_matching.cc:217] in 0.089s
2026-05-18T19:12:38 COLMAP[chunk_02_spatial_matcher] I20260518 19:12:37.171682  5394 pairing.cc:631] Processing image [163/186]
2026-05-18T19:12:38 COLMAP[chunk_02_spatial_matcher] I20260518 19:12:37.252844  5394 feature_matching.cc:217] in 0.081s
2026-05-18T19:12:38 COLMAP[chunk_02_spatial_matcher] I20260518 19:12:37.252892  5394 pairing.cc:631] Processing image [164/186]
2026-05-18T19:12:38 COLMAP[chunk_02_spatial_matcher] I20260518 19:12:37.525002  5394 feature_matching.cc:217] in 0.272s
2026-05-18T19:12:38 COLMAP[chunk_02_spatial_matcher] I20260518 19:12:37.525058  5394 pairing.cc:631] Processing image [165/186]
2026-05-18T19:12:38 COLMAP[chunk_02_spatial_matcher] I20260518 19:12:37.866766  5394 feature_matching.cc:217] in 0.342s
2026-05-18T19:12:38 COLMAP[chunk_02_spatial_matcher] I20260518 19:12:37.866820  5394 pairing.cc:631] Processing image [166/186]
2026-05-18T19:12:39 COLMAP[chunk_02_spatial_matcher] I20260518 19:12:38.084695  5394 feature_matching.cc:217] in 0.218s
2026-05-18T19:12:39 COLMAP[chunk_02_spatial_matcher] I20260518 19:12:38.084753  5394 pairing.cc:631] Processing image [167/186]
2026-05-18T19:12:39 COLMAP[chunk_02_spatial_matcher] I20260518 19:12:38.287915  5394 feature_matching.cc:217] in 0.203s
2026-05-18T19:12:39 COLMAP[chunk_02_spatial_matcher] I20260518 19:12:38.287971  5394 pairing.cc:631] Processing image [168/186]
2026-05-18T19:12:39 COLMAP[chunk_02_spatial_matcher] I20260518 19:12:38.492112  5394 feature_matching.cc:217] in 0.204s
2026-05-18T19:12:39 COLMAP[chunk_02_spatial_matcher] I20260518 19:12:38.492168  5394 pairing.cc:631] Processing image [169/186]
2026-05-18T19:12:39 COLMAP[chunk_02_spatial_matcher] I20260518 19:12:38.677127  5394 feature_matching.cc:217] in 0.185s
2026-05-18T19:12:39 COLMAP[chunk_02_spatial_matcher] I20260518 19:12:38.677186  5394 pairing.cc:631] Processing image [170/186]
2026-05-18T19:12:40 COLMAP[chunk_02_spatial_matcher] I20260518 19:12:39.220470  5394 feature_matching.cc:217] in 0.543s
2026-05-18T19:12:40 COLMAP[chunk_02_spatial_matcher] I20260518 19:12:39.220541  5394 pairing.cc:631] Processing image [171/186]
2026-05-18T19:12:40 COLMAP[chunk_02_spatial_matcher] I20260518 19:12:39.425776  5394 feature_matching.cc:217] in 0.205s
2026-05-18T19:12:40 COLMAP[chunk_02_spatial_matcher] I20260518 19:12:39.425830  5394 pairing.cc:631] Processing image [172/186]
2026-05-18T19:12:40 COLMAP[chunk_02_spatial_matcher] I20260518 19:12:39.611023  5394 feature_matching.cc:217] in 0.185s
2026-05-18T19:12:40 COLMAP[chunk_02_spatial_matcher] I20260518 19:12:39.611076  5394 pairing.cc:631] Processing image [173/186]
2026-05-18T19:12:40 COLMAP[chunk_02_spatial_matcher] I20260518 19:12:39.777140  5394 feature_matching.cc:217] in 0.166s
2026-05-18T19:12:40 COLMAP[chunk_02_spatial_matcher] I20260518 19:12:39.777192  5394 pairing.cc:631] Processing image [174/186]
2026-05-18T19:12:40 COLMAP[chunk_02_spatial_matcher] I20260518 19:12:39.907814  5394 feature_matching.cc:217] in 0.131s
2026-05-18T19:12:40 COLMAP[chunk_02_spatial_matcher] I20260518 19:12:39.907868  5394 pairing.cc:631] Processing image [175/186]
2026-05-18T19:12:41 COLMAP[chunk_02_spatial_matcher] I20260518 19:12:40.061635  5394 feature_matching.cc:217] in 0.154s
2026-05-18T19:12:41 COLMAP[chunk_02_spatial_matcher] I20260518 19:12:40.061709  5394 pairing.cc:631] Processing image [176/186]
2026-05-18T19:12:41 COLMAP[chunk_02_spatial_matcher] I20260518 19:12:40.250576  5394 feature_matching.cc:217] in 0.189s
2026-05-18T19:12:41 COLMAP[chunk_02_spatial_matcher] I20260518 19:12:40.250627  5394 pairing.cc:631] Processing image [177/186]
2026-05-18T19:12:41 COLMAP[chunk_02_spatial_matcher] I20260518 19:12:40.446875  5394 feature_matching.cc:217] in 0.196s
2026-05-18T19:12:41 COLMAP[chunk_02_spatial_matcher] I20260518 19:12:40.446930  5394 pairing.cc:631] Processing image [178/186]
2026-05-18T19:12:41 COLMAP[chunk_02_spatial_matcher] I20260518 19:12:40.579393  5394 feature_matching.cc:217] in 0.132s
2026-05-18T19:12:41 COLMAP[chunk_02_spatial_matcher] I20260518 19:12:40.579449  5394 pairing.cc:631] Processing image [179/186]
2026-05-18T19:12:41 COLMAP[chunk_02_spatial_matcher] I20260518 19:12:40.659701  5394 feature_matching.cc:217] in 0.080s
2026-05-18T19:12:41 COLMAP[chunk_02_spatial_matcher] I20260518 19:12:40.659756  5394 pairing.cc:631] Processing image [180/186]
2026-05-18T19:12:41 COLMAP[chunk_02_spatial_matcher] I20260518 19:12:40.754472  5394 feature_matching.cc:217] in 0.095s
2026-05-18T19:12:41 COLMAP[chunk_02_spatial_matcher] I20260518 19:12:40.754528  5394 pairing.cc:631] Processing image [181/186]
2026-05-18T19:12:42 COLMAP[chunk_02_spatial_matcher] I20260518 19:12:41.074393  5394 feature_matching.cc:217] in 0.320s
2026-05-18T19:12:42 COLMAP[chunk_02_spatial_matcher] I20260518 19:12:41.074450  5394 pairing.cc:631] Processing image [182/186]
2026-05-18T19:12:42 COLMAP[chunk_02_spatial_matcher] I20260518 19:12:41.455052  5394 feature_matching.cc:217] in 0.381s
2026-05-18T19:12:42 COLMAP[chunk_02_spatial_matcher] I20260518 19:12:41.455104  5394 pairing.cc:631] Processing image [183/186]
2026-05-18T19:12:42 COLMAP[chunk_02_spatial_matcher] I20260518 19:12:41.509627  5394 feature_matching.cc:217] in 0.055s
2026-05-18T19:12:42 COLMAP[chunk_02_spatial_matcher] I20260518 19:12:41.509678  5394 pairing.cc:631] Processing image [184/186]
2026-05-18T19:12:42 COLMAP[chunk_02_spatial_matcher] I20260518 19:12:41.548666  5394 feature_matching.cc:217] in 0.039s
2026-05-18T19:12:42 COLMAP[chunk_02_spatial_matcher] I20260518 19:12:41.548710  5394 pairing.cc:631] Processing image [185/186]
2026-05-18T19:12:42 COLMAP[chunk_02_spatial_matcher] I20260518 19:12:41.595062  5394 feature_matching.cc:217] in 0.046s
2026-05-18T19:12:42 COLMAP[chunk_02_spatial_matcher] I20260518 19:12:41.595114  5394 pairing.cc:631] Processing image [186/186]
2026-05-18T19:12:42 COLMAP[chunk_02_spatial_matcher] I20260518 19:12:41.798635  5394 feature_matching.cc:217] in 0.204s
2026-05-18T19:12:42 COLMAP[chunk_02_spatial_matcher] I20260518 19:12:41.798684  5394 timer.cc:90] Elapsed time: 0.889 [minutes]
2026-05-18T19:12:42 2026-05-18 19:12:41,881 - INFO - chunk_02_spatial_matcher added 1334 verified image pairs
2026-05-18T19:12:42 2026-05-18 19:12:41,884 - INFO - [chunk_02_sequential_matcher] colmap sequential_matcher --database_path /tmp/colmap_sfm_rcnmny4o/chunk_02/database.db --SequentialMatching.overlap 8 --SequentialMatching.quadratic_overlap 1 --SequentialMatching.loop_detection 0
2026-05-18T19:12:43 COLMAP[chunk_02_sequential_matcher] I20260518 19:12:42.075318  5444 feature_matching.cc:195] === Feature matching & geometric verification ===
2026-05-18T19:12:43 COLMAP[chunk_02_sequential_matcher] I20260518 19:12:42.138129  5445 feature_matching_utils.cc:80] Bind FeatureMatcherWorker to GPU device 0
2026-05-18T19:12:43 COLMAP[chunk_02_sequential_matcher] I20260518 19:12:42.138859  5445 sift.cc:1547] Creating SIFT GPU feature matcher
2026-05-18T19:12:43 COLMAP[chunk_02_sequential_matcher] I20260518 19:12:42.139501  5444 pairing.cc:415] Generating sequential image pairs...
2026-05-18T19:12:43 COLMAP[chunk_02_sequential_matcher] I20260518 19:12:42.142378  5444 pairing.cc:473] Processing image [1/186]
2026-05-18T19:12:44 COLMAP[chunk_02_sequential_matcher] I20260518 19:12:43.176641  5444 feature_matching.cc:217] in 1.034s
2026-05-18T19:12:44 COLMAP[chunk_02_sequential_matcher] I20260518 19:12:43.176697  5444 pairing.cc:473] Processing image [2/186]
2026-05-18T19:12:44 COLMAP[chunk_02_sequential_matcher] I20260518 19:12:43.978046  5444 feature_matching.cc:217] in 0.801s
2026-05-18T19:12:44 COLMAP[chunk_02_sequential_matcher] I20260518 19:12:43.978097  5444 pairing.cc:473] Processing image [3/186]
2026-05-18T19:12:45 COLMAP[chunk_02_sequential_matcher] I20260518 19:12:44.722744  5444 feature_matching.cc:217] in 0.745s
2026-05-18T19:12:45 COLMAP[chunk_02_sequential_matcher] I20260518 19:12:44.722797  5444 pairing.cc:473] Processing image [4/186]
2026-05-18T19:12:46 COLMAP[chunk_02_sequential_matcher] I20260518 19:12:45.253172  5444 feature_matching.cc:217] in 0.530s
2026-05-18T19:12:46 COLMAP[chunk_02_sequential_matcher] I20260518 19:12:45.253227  5444 pairing.cc:473] Processing image [5/186]
2026-05-18T19:12:46 COLMAP[chunk_02_sequential_matcher] I20260518 19:12:45.770321  5444 feature_matching.cc:217] in 0.517s
2026-05-18T19:12:46 COLMAP[chunk_02_sequential_matcher] I20260518 19:12:45.770376  5444 pairing.cc:473] Processing image [6/186]
2026-05-18T19:12:47 COLMAP[chunk_02_sequential_matcher] I20260518 19:12:46.404805  5444 feature_matching.cc:217] in 0.634s
2026-05-18T19:12:47 COLMAP[chunk_02_sequential_matcher] I20260518 19:12:46.404853  5444 pairing.cc:473] Processing image [7/186]
2026-05-18T19:12:47 COLMAP[chunk_02_sequential_matcher] I20260518 19:12:47.007105  5444 feature_matching.cc:217] in 0.602s
2026-05-18T19:12:47 COLMAP[chunk_02_sequential_matcher] I20260518 19:12:47.007156  5444 pairing.cc:473] Processing image [8/186]
2026-05-18T19:12:48 COLMAP[chunk_02_sequential_matcher] I20260518 19:12:47.617015  5444 feature_matching.cc:217] in 0.610s
2026-05-18T19:12:48 COLMAP[chunk_02_sequential_matcher] I20260518 19:12:47.617069  5444 pairing.cc:473] Processing image [9/186]
2026-05-18T19:12:49 COLMAP[chunk_02_sequential_matcher] I20260518 19:12:48.183562  5444 feature_matching.cc:217] in 0.567s
2026-05-18T19:12:49 COLMAP[chunk_02_sequential_matcher] I20260518 19:12:48.183620  5444 pairing.cc:473] Processing image [10/186]
2026-05-18T19:12:49 COLMAP[chunk_02_sequential_matcher] I20260518 19:12:48.615861  5444 feature_matching.cc:217] in 0.432s
2026-05-18T19:12:49 COLMAP[chunk_02_sequential_matcher] I20260518 19:12:48.615916  5444 pairing.cc:473] Processing image [11/186]
2026-05-18T19:12:50 COLMAP[chunk_02_sequential_matcher] I20260518 19:12:49.049927  5444 feature_matching.cc:217] in 0.434s
2026-05-18T19:12:50 COLMAP[chunk_02_sequential_matcher] I20260518 19:12:49.049981  5444 pairing.cc:473] Processing image [12/186]
2026-05-18T19:12:50 COLMAP[chunk_02_sequential_matcher] I20260518 19:12:49.712574  5444 feature_matching.cc:217] in 0.663s
2026-05-18T19:12:50 COLMAP[chunk_02_sequential_matcher] I20260518 19:12:49.712620  5444 pairing.cc:473] Processing image [13/186]
2026-05-18T19:12:51 COLMAP[chunk_02_sequential_matcher] I20260518 19:12:50.796026  5444 feature_matching.cc:217] in 1.083s
2026-05-18T19:12:51 COLMAP[chunk_02_sequential_matcher] I20260518 19:12:50.796083  5444 pairing.cc:473] Processing image [14/186]
2026-05-18T19:12:52 COLMAP[chunk_02_sequential_matcher] I20260518 19:12:51.640787  5444 feature_matching.cc:217] in 0.845s
2026-05-18T19:12:52 COLMAP[chunk_02_sequential_matcher] I20260518 19:12:51.640847  5444 pairing.cc:473] Processing image [15/186]
2026-05-18T19:12:53 COLMAP[chunk_02_sequential_matcher] I20260518 19:12:52.341648  5444 feature_matching.cc:217] in 0.701s
2026-05-18T19:12:53 COLMAP[chunk_02_sequential_matcher] I20260518 19:12:52.341722  5444 pairing.cc:473] Processing image [16/186]
2026-05-18T19:12:54 COLMAP[chunk_02_sequential_matcher] I20260518 19:12:53.145485  5444 feature_matching.cc:217] in 0.804s
2026-05-18T19:12:54 COLMAP[chunk_02_sequential_matcher] I20260518 19:12:53.145537  5444 pairing.cc:473] Processing image [17/186]
2026-05-18T19:12:55 COLMAP[chunk_02_sequential_matcher] I20260518 19:12:54.062777  5444 feature_matching.cc:217] in 0.917s
2026-05-18T19:12:55 COLMAP[chunk_02_sequential_matcher] I20260518 19:12:54.062834  5444 pairing.cc:473] Processing image [18/186]
2026-05-18T19:12:55 COLMAP[chunk_02_sequential_matcher] I20260518 19:12:54.709446  5444 feature_matching.cc:217] in 0.647s
2026-05-18T19:12:55 COLMAP[chunk_02_sequential_matcher] I20260518 19:12:54.709496  5444 pairing.cc:473] Processing image [19/186]
2026-05-18T19:12:56 COLMAP[chunk_02_sequential_matcher] I20260518 19:12:55.609460  5444 feature_matching.cc:217] in 0.900s
2026-05-18T19:12:56 COLMAP[chunk_02_sequential_matcher] I20260518 19:12:55.609511  5444 pairing.cc:473] Processing image [20/186]
2026-05-18T19:12:57 COLMAP[chunk_02_sequential_matcher] I20260518 19:12:56.559338  5444 feature_matching.cc:217] in 0.950s
2026-05-18T19:12:57 COLMAP[chunk_02_sequential_matcher] I20260518 19:12:56.559394  5444 pairing.cc:473] Processing image [21/186]
2026-05-18T19:12:58 COLMAP[chunk_02_sequential_matcher] I20260518 19:12:57.339871  5444 feature_matching.cc:217] in 0.781s
2026-05-18T19:12:58 COLMAP[chunk_02_sequential_matcher] I20260518 19:12:57.339927  5444 pairing.cc:473] Processing image [22/186]
2026-05-18T19:12:59 COLMAP[chunk_02_sequential_matcher] I20260518 19:12:58.401968  5444 feature_matching.cc:217] in 1.062s
2026-05-18T19:12:59 COLMAP[chunk_02_sequential_matcher] I20260518 19:12:58.402024  5444 pairing.cc:473] Processing image [23/186]
2026-05-18T19:13:00 COLMAP[chunk_02_sequential_matcher] I20260518 19:12:59.499918  5444 feature_matching.cc:217] in 1.098s
2026-05-18T19:13:00 COLMAP[chunk_02_sequential_matcher] I20260518 19:12:59.499966  5444 pairing.cc:473] Processing image [24/186]
2026-05-18T19:13:00 COLMAP[chunk_02_sequential_matcher] I20260518 19:12:59.985497  5444 feature_matching.cc:217] in 0.486s
2026-05-18T19:13:00 COLMAP[chunk_02_sequential_matcher] I20260518 19:12:59.985550  5444 pairing.cc:473] Processing image [25/186]
2026-05-18T19:13:01 COLMAP[chunk_02_sequential_matcher] I20260518 19:13:00.518877  5444 feature_matching.cc:217] in 0.533s
2026-05-18T19:13:01 COLMAP[chunk_02_sequential_matcher] I20260518 19:13:00.518929  5444 pairing.cc:473] Processing image [26/186]
2026-05-18T19:13:02 COLMAP[chunk_02_sequential_matcher] I20260518 19:13:01.067577  5444 feature_matching.cc:217] in 0.549s
2026-05-18T19:13:02 COLMAP[chunk_02_sequential_matcher] I20260518 19:13:01.067632  5444 pairing.cc:473] Processing image [27/186]
2026-05-18T19:13:02 COLMAP[chunk_02_sequential_matcher] I20260518 19:13:01.924013  5444 feature_matching.cc:217] in 0.856s
2026-05-18T19:13:02 COLMAP[chunk_02_sequential_matcher] I20260518 19:13:01.924070  5444 pairing.cc:473] Processing image [28/186]
2026-05-18T19:13:03 COLMAP[chunk_02_sequential_matcher] I20260518 19:13:02.504129  5444 feature_matching.cc:217] in 0.580s
2026-05-18T19:13:03 COLMAP[chunk_02_sequential_matcher] I20260518 19:13:02.504186  5444 pairing.cc:473] Processing image [29/186]
2026-05-18T19:13:03 COLMAP[chunk_02_sequential_matcher] I20260518 19:13:02.997284  5444 feature_matching.cc:217] in 0.493s
2026-05-18T19:13:03 COLMAP[chunk_02_sequential_matcher] I20260518 19:13:02.997339  5444 pairing.cc:473] Processing image [30/186]
2026-05-18T19:13:04 COLMAP[chunk_02_sequential_matcher] I20260518 19:13:03.425225  5444 feature_matching.cc:217] in 0.428s
2026-05-18T19:13:04 COLMAP[chunk_02_sequential_matcher] I20260518 19:13:03.425282  5444 pairing.cc:473] Processing image [31/186]
2026-05-18T19:13:04 COLMAP[chunk_02_sequential_matcher] I20260518 19:13:03.974334  5444 feature_matching.cc:217] in 0.549s
2026-05-18T19:13:04 COLMAP[chunk_02_sequential_matcher] I20260518 19:13:03.974395  5444 pairing.cc:473] Processing image [32/186]
2026-05-18T19:13:05 COLMAP[chunk_02_sequential_matcher] I20260518 19:13:04.542696  5444 feature_matching.cc:217] in 0.568s
2026-05-18T19:13:05 COLMAP[chunk_02_sequential_matcher] I20260518 19:13:04.542752  5444 pairing.cc:473] Processing image [33/186]
2026-05-18T19:13:05 COLMAP[chunk_02_sequential_matcher] I20260518 19:13:05.010552  5444 feature_matching.cc:217] in 0.468s
2026-05-18T19:13:05 COLMAP[chunk_02_sequential_matcher] I20260518 19:13:05.010605  5444 pairing.cc:473] Processing image [34/186]
2026-05-18T19:13:06 COLMAP[chunk_02_sequential_matcher] I20260518 19:13:05.401648  5444 feature_matching.cc:217] in 0.391s
2026-05-18T19:13:06 COLMAP[chunk_02_sequential_matcher] I20260518 19:13:05.401732  5444 pairing.cc:473] Processing image [35/186]
2026-05-18T19:13:06 COLMAP[chunk_02_sequential_matcher] I20260518 19:13:05.802692  5444 feature_matching.cc:217] in 0.401s
2026-05-18T19:13:06 COLMAP[chunk_02_sequential_matcher] I20260518 19:13:05.802745  5444 pairing.cc:473] Processing image [36/186]
2026-05-18T19:13:07 COLMAP[chunk_02_sequential_matcher] I20260518 19:13:06.165077  5444 feature_matching.cc:217] in 0.362s
2026-05-18T19:13:07 COLMAP[chunk_02_sequential_matcher] I20260518 19:13:06.165134  5444 pairing.cc:473] Processing image [37/186]
2026-05-18T19:13:07 COLMAP[chunk_02_sequential_matcher] I20260518 19:13:06.697746  5444 feature_matching.cc:217] in 0.533s
2026-05-18T19:13:07 COLMAP[chunk_02_sequential_matcher] I20260518 19:13:06.697803  5444 pairing.cc:473] Processing image [38/186]
2026-05-18T19:13:08 COLMAP[chunk_02_sequential_matcher] I20260518 19:13:07.525238  5444 feature_matching.cc:217] in 0.827s
2026-05-18T19:13:08 COLMAP[chunk_02_sequential_matcher] I20260518 19:13:07.525293  5444 pairing.cc:473] Processing image [39/186]
2026-05-18T19:13:09 COLMAP[chunk_02_sequential_matcher] I20260518 19:13:08.305282  5444 feature_matching.cc:217] in 0.780s
2026-05-18T19:13:09 COLMAP[chunk_02_sequential_matcher] I20260518 19:13:08.305337  5444 pairing.cc:473] Processing image [40/186]
2026-05-18T19:13:09 COLMAP[chunk_02_sequential_matcher] I20260518 19:13:08.871762  5444 feature_matching.cc:217] in 0.566s
2026-05-18T19:13:09 COLMAP[chunk_02_sequential_matcher] I20260518 19:13:08.871819  5444 pairing.cc:473] Processing image [41/186]
2026-05-18T19:13:10 COLMAP[chunk_02_sequential_matcher] I20260518 19:13:09.495064  5444 feature_matching.cc:217] in 0.623s
2026-05-18T19:13:10 COLMAP[chunk_02_sequential_matcher] I20260518 19:13:09.495119  5444 pairing.cc:473] Processing image [42/186]
2026-05-18T19:13:11 COLMAP[chunk_02_sequential_matcher] I20260518 19:13:10.244055  5444 feature_matching.cc:217] in 0.749s
2026-05-18T19:13:11 COLMAP[chunk_02_sequential_matcher] I20260518 19:13:10.244112  5444 pairing.cc:473] Processing image [43/186]
2026-05-18T19:13:11 COLMAP[chunk_02_sequential_matcher] I20260518 19:13:10.990653  5444 feature_matching.cc:217] in 0.747s
2026-05-18T19:13:11 COLMAP[chunk_02_sequential_matcher] I20260518 19:13:10.990705  5444 pairing.cc:473] Processing image [44/186]
2026-05-18T19:13:12 COLMAP[chunk_02_sequential_matcher] I20260518 19:13:11.682766  5444 feature_matching.cc:217] in 0.692s
2026-05-18T19:13:12 COLMAP[chunk_02_sequential_matcher] I20260518 19:13:11.682819  5444 pairing.cc:473] Processing image [45/186]
2026-05-18T19:13:13 COLMAP[chunk_02_sequential_matcher] I20260518 19:13:12.471354  5444 feature_matching.cc:217] in 0.789s
2026-05-18T19:13:13 COLMAP[chunk_02_sequential_matcher] I20260518 19:13:12.471423  5444 pairing.cc:473] Processing image [46/186]
2026-05-18T19:13:13 COLMAP[chunk_02_sequential_matcher] I20260518 19:13:12.966687  5444 feature_matching.cc:217] in 0.495s
2026-05-18T19:13:13 COLMAP[chunk_02_sequential_matcher] I20260518 19:13:12.966744  5444 pairing.cc:473] Processing image [47/186]
2026-05-18T19:13:14 COLMAP[chunk_02_sequential_matcher] I20260518 19:13:13.366400  5444 feature_matching.cc:217] in 0.400s
2026-05-18T19:13:14 COLMAP[chunk_02_sequential_matcher] I20260518 19:13:13.366456  5444 pairing.cc:473] Processing image [48/186]
2026-05-18T19:13:14 COLMAP[chunk_02_sequential_matcher] I20260518 19:13:13.659632  5444 feature_matching.cc:217] in 0.293s
2026-05-18T19:13:14 COLMAP[chunk_02_sequential_matcher] I20260518 19:13:13.659693  5444 pairing.cc:473] Processing image [49/186]
2026-05-18T19:13:14 COLMAP[chunk_02_sequential_matcher] I20260518 19:13:13.887457  5444 feature_matching.cc:217] in 0.228s
2026-05-18T19:13:14 COLMAP[chunk_02_sequential_matcher] I20260518 19:13:13.887511  5444 pairing.cc:473] Processing image [50/186]
2026-05-18T19:13:14 COLMAP[chunk_02_sequential_matcher] I20260518 19:13:13.984680  5444 feature_matching.cc:217] in 0.097s
2026-05-18T19:13:14 COLMAP[chunk_02_sequential_matcher] I20260518 19:13:13.984731  5444 pairing.cc:473] Processing image [51/186]
2026-05-18T19:13:15 COLMAP[chunk_02_sequential_matcher] I20260518 19:13:14.567178  5444 feature_matching.cc:217] in 0.582s
2026-05-18T19:13:15 COLMAP[chunk_02_sequential_matcher] I20260518 19:13:14.567230  5444 pairing.cc:473] Processing image [52/186]
2026-05-18T19:13:16 COLMAP[chunk_02_sequential_matcher] I20260518 19:13:15.563001  5444 feature_matching.cc:217] in 0.996s
2026-05-18T19:13:16 COLMAP[chunk_02_sequential_matcher] I20260518 19:13:15.563055  5444 pairing.cc:473] Processing image [53/186]
2026-05-18T19:13:16 COLMAP[chunk_02_sequential_matcher] I20260518 19:13:16.006608  5444 feature_matching.cc:217] in 0.444s
2026-05-18T19:13:16 COLMAP[chunk_02_sequential_matcher] I20260518 19:13:16.006664  5444 pairing.cc:473] Processing image [54/186]
2026-05-18T19:13:17 COLMAP[chunk_02_sequential_matcher] I20260518 19:13:16.746034  5444 feature_matching.cc:217] in 0.739s
2026-05-18T19:13:17 COLMAP[chunk_02_sequential_matcher] I20260518 19:13:16.746080  5444 pairing.cc:473] Processing image [55/186]
2026-05-18T19:13:18 COLMAP[chunk_02_sequential_matcher] I20260518 19:13:17.817729  5444 feature_matching.cc:217] in 1.072s
2026-05-18T19:13:18 COLMAP[chunk_02_sequential_matcher] I20260518 19:13:17.817775  5444 pairing.cc:473] Processing image [56/186]
2026-05-18T19:13:19 COLMAP[chunk_02_sequential_matcher] I20260518 19:13:18.373212  5444 feature_matching.cc:217] in 0.555s
2026-05-18T19:13:19 COLMAP[chunk_02_sequential_matcher] I20260518 19:13:18.373267  5444 pairing.cc:473] Processing image [57/186]
2026-05-18T19:13:20 COLMAP[chunk_02_sequential_matcher] I20260518 19:13:19.153024  5444 feature_matching.cc:217] in 0.780s
2026-05-18T19:13:20 COLMAP[chunk_02_sequential_matcher] I20260518 19:13:19.153079  5444 pairing.cc:473] Processing image [58/186]
2026-05-18T19:13:20 COLMAP[chunk_02_sequential_matcher] I20260518 19:13:19.550351  5444 feature_matching.cc:217] in 0.397s
2026-05-18T19:13:20 COLMAP[chunk_02_sequential_matcher] I20260518 19:13:19.550406  5444 pairing.cc:473] Processing image [59/186]
2026-05-18T19:13:20 COLMAP[chunk_02_sequential_matcher] I20260518 19:13:19.913425  5444 feature_matching.cc:217] in 0.363s
2026-05-18T19:13:20 COLMAP[chunk_02_sequential_matcher] I20260518 19:13:19.913475  5444 pairing.cc:473] Processing image [60/186]
2026-05-18T19:13:21 COLMAP[chunk_02_sequential_matcher] I20260518 19:13:20.163281  5444 feature_matching.cc:217] in 0.250s
2026-05-18T19:13:21 COLMAP[chunk_02_sequential_matcher] I20260518 19:13:20.163342  5444 pairing.cc:473] Processing image [61/186]
2026-05-18T19:13:21 COLMAP[chunk_02_sequential_matcher] I20260518 19:13:20.598766  5444 feature_matching.cc:217] in 0.435s
2026-05-18T19:13:21 COLMAP[chunk_02_sequential_matcher] I20260518 19:13:20.598821  5444 pairing.cc:473] Processing image [62/186]
2026-05-18T19:13:21 COLMAP[chunk_02_sequential_matcher] I20260518 19:13:20.998750  5444 feature_matching.cc:217] in 0.400s
2026-05-18T19:13:21 COLMAP[chunk_02_sequential_matcher] I20260518 19:13:20.998801  5444 pairing.cc:473] Processing image [63/186]
2026-05-18T19:13:22 COLMAP[chunk_02_sequential_matcher] I20260518 19:13:21.443346  5444 feature_matching.cc:217] in 0.445s
2026-05-18T19:13:22 COLMAP[chunk_02_sequential_matcher] I20260518 19:13:21.443403  5444 pairing.cc:473] Processing image [64/186]
2026-05-18T19:13:22 COLMAP[chunk_02_sequential_matcher] I20260518 19:13:21.851869  5444 feature_matching.cc:217] in 0.408s
2026-05-18T19:13:22 COLMAP[chunk_02_sequential_matcher] I20260518 19:13:21.851922  5444 pairing.cc:473] Processing image [65/186]
2026-05-18T19:13:23 COLMAP[chunk_02_sequential_matcher] I20260518 19:13:22.181643  5444 feature_matching.cc:217] in 0.330s
2026-05-18T19:13:23 COLMAP[chunk_02_sequential_matcher] I20260518 19:13:22.181734  5444 pairing.cc:473] Processing image [66/186]
2026-05-18T19:13:23 COLMAP[chunk_02_sequential_matcher] I20260518 19:13:22.554529  5444 feature_matching.cc:217] in 0.373s
2026-05-18T19:13:23 COLMAP[chunk_02_sequential_matcher] I20260518 19:13:22.554589  5444 pairing.cc:473] Processing image [67/186]
2026-05-18T19:13:23 COLMAP[chunk_02_sequential_matcher] I20260518 19:13:22.592561  5444 feature_matching.cc:217] in 0.038s
2026-05-18T19:13:23 COLMAP[chunk_02_sequential_matcher] I20260518 19:13:22.592620  5444 pairing.cc:473] Processing image [68/186]
2026-05-18T19:13:23 COLMAP[chunk_02_sequential_matcher] I20260518 19:13:22.636368  5444 feature_matching.cc:217] in 0.044s
2026-05-18T19:13:23 COLMAP[chunk_02_sequential_matcher] I20260518 19:13:22.636416  5444 pairing.cc:473] Processing image [69/186]
2026-05-18T19:13:23 COLMAP[chunk_02_sequential_matcher] I20260518 19:13:23.026638  5444 feature_matching.cc:217] in 0.390s
2026-05-18T19:13:23 COLMAP[chunk_02_sequential_matcher] I20260518 19:13:23.026693  5444 pairing.cc:473] Processing image [70/186]
2026-05-18T19:13:24 COLMAP[chunk_02_sequential_matcher] I20260518 19:13:23.437330  5444 feature_matching.cc:217] in 0.411s
2026-05-18T19:13:24 COLMAP[chunk_02_sequential_matcher] I20260518 19:13:23.437383  5444 pairing.cc:473] Processing image [71/186]
2026-05-18T19:13:24 COLMAP[chunk_02_sequential_matcher] I20260518 19:13:23.884027  5444 feature_matching.cc:217] in 0.447s
2026-05-18T19:13:24 COLMAP[chunk_02_sequential_matcher] I20260518 19:13:23.884084  5444 pairing.cc:473] Processing image [72/186]
2026-05-18T19:13:25 COLMAP[chunk_02_sequential_matcher] I20260518 19:13:24.257185  5444 feature_matching.cc:217] in 0.373s
2026-05-18T19:13:25 COLMAP[chunk_02_sequential_matcher] I20260518 19:13:24.257241  5444 pairing.cc:473] Processing image [73/186]
2026-05-18T19:13:25 COLMAP[chunk_02_sequential_matcher] I20260518 19:13:24.759657  5444 feature_matching.cc:217] in 0.502s
2026-05-18T19:13:25 COLMAP[chunk_02_sequential_matcher] I20260518 19:13:24.759711  5444 pairing.cc:473] Processing image [74/186]
2026-05-18T19:13:25 COLMAP[chunk_02_sequential_matcher] I20260518 19:13:24.983894  5444 feature_matching.cc:217] in 0.224s
2026-05-18T19:13:25 COLMAP[chunk_02_sequential_matcher] I20260518 19:13:24.983948  5444 pairing.cc:473] Processing image [75/186]
2026-05-18T19:13:26 COLMAP[chunk_02_sequential_matcher] I20260518 19:13:25.441883  5444 feature_matching.cc:217] in 0.458s
2026-05-18T19:13:26 COLMAP[chunk_02_sequential_matcher] I20260518 19:13:25.441941  5444 pairing.cc:473] Processing image [76/186]
2026-05-18T19:13:26 COLMAP[chunk_02_sequential_matcher] I20260518 19:13:25.914261  5444 feature_matching.cc:217] in 0.472s
2026-05-18T19:13:26 COLMAP[chunk_02_sequential_matcher] I20260518 19:13:25.914317  5444 pairing.cc:473] Processing image [77/186]
2026-05-18T19:13:27 COLMAP[chunk_02_sequential_matcher] I20260518 19:13:26.420146  5444 feature_matching.cc:217] in 0.506s
2026-05-18T19:13:27 COLMAP[chunk_02_sequential_matcher] I20260518 19:13:26.420207  5444 pairing.cc:473] Processing image [78/186]
2026-05-18T19:13:27 COLMAP[chunk_02_sequential_matcher] I20260518 19:13:27.041364  5444 feature_matching.cc:217] in 0.621s
2026-05-18T19:13:27 COLMAP[chunk_02_sequential_matcher] I20260518 19:13:27.041419  5444 pairing.cc:473] Processing image [79/186]
2026-05-18T19:13:28 COLMAP[chunk_02_sequential_matcher] I20260518 19:13:27.719691  5444 feature_matching.cc:217] in 0.678s
2026-05-18T19:13:28 COLMAP[chunk_02_sequential_matcher] I20260518 19:13:27.719743  5444 pairing.cc:473] Processing image [80/186]
2026-05-18T19:13:29 COLMAP[chunk_02_sequential_matcher] I20260518 19:13:28.325052  5444 feature_matching.cc:217] in 0.605s
2026-05-18T19:13:29 COLMAP[chunk_02_sequential_matcher] I20260518 19:13:28.325111  5444 pairing.cc:473] Processing image [81/186]
2026-05-18T19:13:29 COLMAP[chunk_02_sequential_matcher] I20260518 19:13:28.734963  5444 feature_matching.cc:217] in 0.410s
2026-05-18T19:13:29 COLMAP[chunk_02_sequential_matcher] I20260518 19:13:28.735018  5444 pairing.cc:473] Processing image [82/186]
2026-05-18T19:13:30 COLMAP[chunk_02_sequential_matcher] I20260518 19:13:29.657331  5444 feature_matching.cc:217] in 0.922s
2026-05-18T19:13:30 COLMAP[chunk_02_sequential_matcher] I20260518 19:13:29.657385  5444 pairing.cc:473] Processing image [83/186]
2026-05-18T19:13:30 COLMAP[chunk_02_sequential_matcher] I20260518 19:13:30.000970  5444 feature_matching.cc:217] in 0.344s
2026-05-18T19:13:30 COLMAP[chunk_02_sequential_matcher] I20260518 19:13:30.001017  5444 pairing.cc:473] Processing image [84/186]
2026-05-18T19:13:31 COLMAP[chunk_02_sequential_matcher] I20260518 19:13:30.363552  5444 feature_matching.cc:217] in 0.363s
2026-05-18T19:13:31 COLMAP[chunk_02_sequential_matcher] I20260518 19:13:30.363603  5444 pairing.cc:473] Processing image [85/186]
2026-05-18T19:13:31 COLMAP[chunk_02_sequential_matcher] I20260518 19:13:30.864760  5444 feature_matching.cc:217] in 0.501s
2026-05-18T19:13:31 COLMAP[chunk_02_sequential_matcher] I20260518 19:13:30.864812  5444 pairing.cc:473] Processing image [86/186]
2026-05-18T19:13:32 COLMAP[chunk_02_sequential_matcher] I20260518 19:13:31.274031  5444 feature_matching.cc:217] in 0.409s
2026-05-18T19:13:32 COLMAP[chunk_02_sequential_matcher] I20260518 19:13:31.274085  5444 pairing.cc:473] Processing image [87/186]
2026-05-18T19:13:32 COLMAP[chunk_02_sequential_matcher] I20260518 19:13:31.695820  5444 feature_matching.cc:217] in 0.422s
2026-05-18T19:13:32 COLMAP[chunk_02_sequential_matcher] I20260518 19:13:31.695873  5444 pairing.cc:473] Processing image [88/186]
2026-05-18T19:13:33 COLMAP[chunk_02_sequential_matcher] I20260518 19:13:32.061162  5444 feature_matching.cc:217] in 0.365s
2026-05-18T19:13:33 COLMAP[chunk_02_sequential_matcher] I20260518 19:13:32.061216  5444 pairing.cc:473] Processing image [89/186]
2026-05-18T19:13:33 COLMAP[chunk_02_sequential_matcher] I20260518 19:13:32.414201  5444 feature_matching.cc:217] in 0.353s
2026-05-18T19:13:33 COLMAP[chunk_02_sequential_matcher] I20260518 19:13:32.414256  5444 pairing.cc:473] Processing image [90/186]
2026-05-18T19:13:33 COLMAP[chunk_02_sequential_matcher] I20260518 19:13:32.760318  5444 feature_matching.cc:217] in 0.346s
2026-05-18T19:13:33 COLMAP[chunk_02_sequential_matcher] I20260518 19:13:32.760370  5444 pairing.cc:473] Processing image [91/186]
2026-05-18T19:13:34 COLMAP[chunk_02_sequential_matcher] I20260518 19:13:33.403170  5444 feature_matching.cc:217] in 0.643s
2026-05-18T19:13:34 COLMAP[chunk_02_sequential_matcher] I20260518 19:13:33.403225  5444 pairing.cc:473] Processing image [92/186]
2026-05-18T19:13:35 COLMAP[chunk_02_sequential_matcher] I20260518 19:13:34.077382  5444 feature_matching.cc:217] in 0.674s
2026-05-18T19:13:35 COLMAP[chunk_02_sequential_matcher] I20260518 19:13:34.077438  5444 pairing.cc:473] Processing image [93/186]
2026-05-18T19:13:35 COLMAP[chunk_02_sequential_matcher] I20260518 19:13:35.017267  5444 feature_matching.cc:217] in 0.940s
2026-05-18T19:13:35 COLMAP[chunk_02_sequential_matcher] I20260518 19:13:35.017321  5444 pairing.cc:473] Processing image [94/186]
2026-05-18T19:13:36 COLMAP[chunk_02_sequential_matcher] I20260518 19:13:35.995190  5444 feature_matching.cc:217] in 0.978s
2026-05-18T19:13:36 COLMAP[chunk_02_sequential_matcher] I20260518 19:13:35.995241  5444 pairing.cc:473] Processing image [95/186]
2026-05-18T19:13:37 COLMAP[chunk_02_sequential_matcher] I20260518 19:13:36.978242  5444 feature_matching.cc:217] in 0.983s
2026-05-18T19:13:37 COLMAP[chunk_02_sequential_matcher] I20260518 19:13:36.978295  5444 pairing.cc:473] Processing image [96/186]
2026-05-18T19:13:38 COLMAP[chunk_02_sequential_matcher] I20260518 19:13:37.320616  5444 feature_matching.cc:217] in 0.342s
2026-05-18T19:13:38 COLMAP[chunk_02_sequential_matcher] I20260518 19:13:37.320672  5444 pairing.cc:473] Processing image [97/186]
2026-05-18T19:13:38 COLMAP[chunk_02_sequential_matcher] I20260518 19:13:37.677879  5444 feature_matching.cc:217] in 0.357s
2026-05-18T19:13:38 COLMAP[chunk_02_sequential_matcher] I20260518 19:13:37.677932  5444 pairing.cc:473] Processing image [98/186]
2026-05-18T19:13:38 COLMAP[chunk_02_sequential_matcher] I20260518 19:13:38.026609  5444 feature_matching.cc:217] in 0.349s
2026-05-18T19:13:38 COLMAP[chunk_02_sequential_matcher] I20260518 19:13:38.026656  5444 pairing.cc:473] Processing image [99/186]
2026-05-18T19:13:39 COLMAP[chunk_02_sequential_matcher] I20260518 19:13:38.222868  5444 feature_matching.cc:217] in 0.196s
2026-05-18T19:13:39 COLMAP[chunk_02_sequential_matcher] I20260518 19:13:38.222918  5444 pairing.cc:473] Processing image [100/186]
2026-05-18T19:13:39 COLMAP[chunk_02_sequential_matcher] I20260518 19:13:38.369460  5444 feature_matching.cc:217] in 0.147s
2026-05-18T19:13:39 COLMAP[chunk_02_sequential_matcher] I20260518 19:13:38.369503  5444 pairing.cc:473] Processing image [101/186]
2026-05-18T19:13:39 COLMAP[chunk_02_sequential_matcher] I20260518 19:13:38.867511  5444 feature_matching.cc:217] in 0.498s
2026-05-18T19:13:39 COLMAP[chunk_02_sequential_matcher] I20260518 19:13:38.867565  5444 pairing.cc:473] Processing image [102/186]
2026-05-18T19:13:40 COLMAP[chunk_02_sequential_matcher] I20260518 19:13:39.311818  5444 feature_matching.cc:217] in 0.444s
2026-05-18T19:13:40 COLMAP[chunk_02_sequential_matcher] I20260518 19:13:39.311873  5444 pairing.cc:473] Processing image [103/186]
2026-05-18T19:13:40 COLMAP[chunk_02_sequential_matcher] I20260518 19:13:39.681838  5444 feature_matching.cc:217] in 0.370s
2026-05-18T19:13:40 COLMAP[chunk_02_sequential_matcher] I20260518 19:13:39.681893  5444 pairing.cc:473] Processing image [104/186]
2026-05-18T19:13:41 COLMAP[chunk_02_sequential_matcher] I20260518 19:13:40.135888  5444 feature_matching.cc:217] in 0.454s
2026-05-18T19:13:41 COLMAP[chunk_02_sequential_matcher] I20260518 19:13:40.135942  5444 pairing.cc:473] Processing image [105/186]
2026-05-18T19:13:41 COLMAP[chunk_02_sequential_matcher] I20260518 19:13:40.592779  5444 feature_matching.cc:217] in 0.457s
2026-05-18T19:13:41 COLMAP[chunk_02_sequential_matcher] I20260518 19:13:40.592835  5444 pairing.cc:473] Processing image [106/186]
2026-05-18T19:13:41 COLMAP[chunk_02_sequential_matcher] I20260518 19:13:40.957448  5444 feature_matching.cc:217] in 0.365s
2026-05-18T19:13:41 COLMAP[chunk_02_sequential_matcher] I20260518 19:13:40.957501  5444 pairing.cc:473] Processing image [107/186]
2026-05-18T19:13:42 COLMAP[chunk_02_sequential_matcher] I20260518 19:13:41.459920  5444 feature_matching.cc:217] in 0.502s
2026-05-18T19:13:42 COLMAP[chunk_02_sequential_matcher] I20260518 19:13:41.459975  5444 pairing.cc:473] Processing image [108/186]
2026-05-18T19:13:42 COLMAP[chunk_02_sequential_matcher] I20260518 19:13:41.877671  5444 feature_matching.cc:217] in 0.418s
2026-05-18T19:13:42 COLMAP[chunk_02_sequential_matcher] I20260518 19:13:41.877739  5444 pairing.cc:473] Processing image [109/186]
2026-05-18T19:13:43 COLMAP[chunk_02_sequential_matcher] I20260518 19:13:42.482654  5444 feature_matching.cc:217] in 0.605s
2026-05-18T19:13:43 COLMAP[chunk_02_sequential_matcher] I20260518 19:13:42.482718  5444 pairing.cc:473] Processing image [110/186]
2026-05-18T19:13:44 COLMAP[chunk_02_sequential_matcher] I20260518 19:13:43.126629  5444 feature_matching.cc:217] in 0.644s
2026-05-18T19:13:44 COLMAP[chunk_02_sequential_matcher] I20260518 19:13:43.126684  5444 pairing.cc:473] Processing image [111/186]
2026-05-18T19:13:44 COLMAP[chunk_02_sequential_matcher] I20260518 19:13:43.923480  5444 feature_matching.cc:217] in 0.797s
2026-05-18T19:13:44 COLMAP[chunk_02_sequential_matcher] I20260518 19:13:43.923532  5444 pairing.cc:473] Processing image [112/186]
2026-05-18T19:13:45 COLMAP[chunk_02_sequential_matcher] I20260518 19:13:44.634307  5444 feature_matching.cc:217] in 0.711s
2026-05-18T19:13:45 COLMAP[chunk_02_sequential_matcher] I20260518 19:13:44.634364  5444 pairing.cc:473] Processing image [113/186]
2026-05-18T19:13:46 COLMAP[chunk_02_sequential_matcher] I20260518 19:13:45.278304  5444 feature_matching.cc:217] in 0.644s
2026-05-18T19:13:46 COLMAP[chunk_02_sequential_matcher] I20260518 19:13:45.278362  5444 pairing.cc:473] Processing image [114/186]
2026-05-18T19:13:46 COLMAP[chunk_02_sequential_matcher] I20260518 19:13:45.921748  5444 feature_matching.cc:217] in 0.643s
2026-05-18T19:13:46 COLMAP[chunk_02_sequential_matcher] I20260518 19:13:45.921804  5444 pairing.cc:473] Processing image [115/186]
2026-05-18T19:13:47 COLMAP[chunk_02_sequential_matcher] I20260518 19:13:46.451171  5444 feature_matching.cc:217] in 0.529s
2026-05-18T19:13:47 COLMAP[chunk_02_sequential_matcher] I20260518 19:13:46.451229  5444 pairing.cc:473] Processing image [116/186]
2026-05-18T19:13:48 COLMAP[chunk_02_sequential_matcher] I20260518 19:13:47.387766  5444 feature_matching.cc:217] in 0.937s
2026-05-18T19:13:48 COLMAP[chunk_02_sequential_matcher] I20260518 19:13:47.387825  5444 pairing.cc:473] Processing image [117/186]
2026-05-18T19:13:49 COLMAP[chunk_02_sequential_matcher] I20260518 19:13:48.209383  5444 feature_matching.cc:217] in 0.822s
2026-05-18T19:13:49 COLMAP[chunk_02_sequential_matcher] I20260518 19:13:48.209438  5444 pairing.cc:473] Processing image [118/186]
2026-05-18T19:13:50 COLMAP[chunk_02_sequential_matcher] I20260518 19:13:49.123214  5444 feature_matching.cc:217] in 0.914s
2026-05-18T19:13:50 COLMAP[chunk_02_sequential_matcher] I20260518 19:13:49.123265  5444 pairing.cc:473] Processing image [119/186]
2026-05-18T19:13:50 COLMAP[chunk_02_sequential_matcher] I20260518 19:13:49.500607  5444 feature_matching.cc:217] in 0.377s
2026-05-18T19:13:50 COLMAP[chunk_02_sequential_matcher] I20260518 19:13:49.500662  5444 pairing.cc:473] Processing image [120/186]
2026-05-18T19:13:50 COLMAP[chunk_02_sequential_matcher] I20260518 19:13:49.896730  5444 feature_matching.cc:217] in 0.396s
2026-05-18T19:13:50 COLMAP[chunk_02_sequential_matcher] I20260518 19:13:49.896783  5444 pairing.cc:473] Processing image [121/186]
2026-05-18T19:13:51 COLMAP[chunk_02_sequential_matcher] I20260518 19:13:50.284312  5444 feature_matching.cc:217] in 0.388s
2026-05-18T19:13:51 COLMAP[chunk_02_sequential_matcher] I20260518 19:13:50.284366  5444 pairing.cc:473] Processing image [122/186]
2026-05-18T19:13:51 COLMAP[chunk_02_sequential_matcher] I20260518 19:13:50.671176  5444 feature_matching.cc:217] in 0.387s
2026-05-18T19:13:51 COLMAP[chunk_02_sequential_matcher] I20260518 19:13:50.671232  5444 pairing.cc:473] Processing image [123/186]
2026-05-18T19:13:51 COLMAP[chunk_02_sequential_matcher] I20260518 19:13:50.750309  5444 feature_matching.cc:217] in 0.079s
2026-05-18T19:13:51 COLMAP[chunk_02_sequential_matcher] I20260518 19:13:50.750363  5444 pairing.cc:473] Processing image [124/186]
2026-05-18T19:13:51 COLMAP[chunk_02_sequential_matcher] I20260518 19:13:50.800488  5444 feature_matching.cc:217] in 0.050s
2026-05-18T19:13:51 COLMAP[chunk_02_sequential_matcher] I20260518 19:13:50.800532  5444 pairing.cc:473] Processing image [125/186]
2026-05-18T19:13:51 COLMAP[chunk_02_sequential_matcher] I20260518 19:13:50.878561  5444 feature_matching.cc:217] in 0.078s
2026-05-18T19:13:51 COLMAP[chunk_02_sequential_matcher] I20260518 19:13:50.878602  5444 pairing.cc:473] Processing image [126/186]
2026-05-18T19:13:51 COLMAP[chunk_02_sequential_matcher] I20260518 19:13:51.050696  5444 feature_matching.cc:217] in 0.172s
2026-05-18T19:13:51 COLMAP[chunk_02_sequential_matcher] I20260518 19:13:51.050745  5444 pairing.cc:473] Processing image [127/186]
2026-05-18T19:13:52 COLMAP[chunk_02_sequential_matcher] I20260518 19:13:51.452250  5444 feature_matching.cc:217] in 0.402s
2026-05-18T19:13:52 COLMAP[chunk_02_sequential_matcher] I20260518 19:13:51.452306  5444 pairing.cc:473] Processing image [128/186]
2026-05-18T19:13:52 COLMAP[chunk_02_sequential_matcher] I20260518 19:13:51.846932  5444 feature_matching.cc:217] in 0.395s
2026-05-18T19:13:52 COLMAP[chunk_02_sequential_matcher] I20260518 19:13:51.846989  5444 pairing.cc:473] Processing image [129/186]
2026-05-18T19:13:52 COLMAP[chunk_02_sequential_matcher] I20260518 19:13:51.977865  5444 feature_matching.cc:217] in 0.131s
2026-05-18T19:13:52 COLMAP[chunk_02_sequential_matcher] I20260518 19:13:51.977916  5444 pairing.cc:473] Processing image [130/186]
2026-05-18T19:13:52 COLMAP[chunk_02_sequential_matcher] I20260518 19:13:52.057817  5444 feature_matching.cc:217] in 0.080s
2026-05-18T19:13:52 COLMAP[chunk_02_sequential_matcher] I20260518 19:13:52.057865  5444 pairing.cc:473] Processing image [131/186]
2026-05-18T19:13:53 COLMAP[chunk_02_sequential_matcher] I20260518 19:13:52.144946  5444 feature_matching.cc:217] in 0.087s
2026-05-18T19:13:53 COLMAP[chunk_02_sequential_matcher] I20260518 19:13:52.144999  5444 pairing.cc:473] Processing image [132/186]
2026-05-18T19:13:53 COLMAP[chunk_02_sequential_matcher] I20260518 19:13:52.514348  5444 feature_matching.cc:217] in 0.369s
2026-05-18T19:13:53 COLMAP[chunk_02_sequential_matcher] I20260518 19:13:52.514406  5444 pairing.cc:473] Processing image [133/186]
2026-05-18T19:13:53 COLMAP[chunk_02_sequential_matcher] I20260518 19:13:52.855940  5444 feature_matching.cc:217] in 0.342s
2026-05-18T19:13:53 COLMAP[chunk_02_sequential_matcher] I20260518 19:13:52.855993  5444 pairing.cc:473] Processing image [134/186]
2026-05-18T19:13:54 COLMAP[chunk_02_sequential_matcher] I20260518 19:13:53.202597  5444 feature_matching.cc:217] in 0.347s
2026-05-18T19:13:54 COLMAP[chunk_02_sequential_matcher] I20260518 19:13:53.202651  5444 pairing.cc:473] Processing image [135/186]
2026-05-18T19:13:54 COLMAP[chunk_02_sequential_matcher] I20260518 19:13:53.557119  5444 feature_matching.cc:217] in 0.355s
2026-05-18T19:13:54 COLMAP[chunk_02_sequential_matcher] I20260518 19:13:53.557176  5444 pairing.cc:473] Processing image [136/186]
2026-05-18T19:13:54 COLMAP[chunk_02_sequential_matcher] I20260518 19:13:53.688210  5444 feature_matching.cc:217] in 0.131s
2026-05-18T19:13:54 COLMAP[chunk_02_sequential_matcher] I20260518 19:13:53.688262  5444 pairing.cc:473] Processing image [137/186]
2026-05-18T19:13:54 COLMAP[chunk_02_sequential_matcher] I20260518 19:13:53.784407  5444 feature_matching.cc:217] in 0.096s
2026-05-18T19:13:54 COLMAP[chunk_02_sequential_matcher] I20260518 19:13:53.784466  5444 pairing.cc:473] Processing image [138/186]
2026-05-18T19:13:54 COLMAP[chunk_02_sequential_matcher] I20260518 19:13:54.040294  5444 feature_matching.cc:217] in 0.256s
2026-05-18T19:13:54 COLMAP[chunk_02_sequential_matcher] I20260518 19:13:54.040374  5444 pairing.cc:473] Processing image [139/186]
2026-05-18T19:13:55 COLMAP[chunk_02_sequential_matcher] I20260518 19:13:54.092417  5444 feature_matching.cc:217] in 0.052s
2026-05-18T19:13:55 COLMAP[chunk_02_sequential_matcher] I20260518 19:13:54.092470  5444 pairing.cc:473] Processing image [140/186]
2026-05-18T19:13:55 COLMAP[chunk_02_sequential_matcher] I20260518 19:13:54.124969  5444 feature_matching.cc:217] in 0.033s
2026-05-18T19:13:55 COLMAP[chunk_02_sequential_matcher] I20260518 19:13:54.125021  5444 pairing.cc:473] Processing image [141/186]
2026-05-18T19:13:55 COLMAP[chunk_02_sequential_matcher] I20260518 19:13:54.391079  5444 feature_matching.cc:217] in 0.266s
2026-05-18T19:13:55 COLMAP[chunk_02_sequential_matcher] I20260518 19:13:54.391134  5444 pairing.cc:473] Processing image [142/186]
2026-05-18T19:13:55 COLMAP[chunk_02_sequential_matcher] I20260518 19:13:54.458819  5444 feature_matching.cc:217] in 0.068s
2026-05-18T19:13:55 COLMAP[chunk_02_sequential_matcher] I20260518 19:13:54.458874  5444 pairing.cc:473] Processing image [143/186]
2026-05-18T19:13:55 COLMAP[chunk_02_sequential_matcher] I20260518 19:13:54.813526  5444 feature_matching.cc:217] in 0.355s
2026-05-18T19:13:55 COLMAP[chunk_02_sequential_matcher] I20260518 19:13:54.813582  5444 pairing.cc:473] Processing image [144/186]
2026-05-18T19:13:56 COLMAP[chunk_02_sequential_matcher] I20260518 19:13:55.078627  5444 feature_matching.cc:217] in 0.265s
2026-05-18T19:13:56 COLMAP[chunk_02_sequential_matcher] I20260518 19:13:55.078682  5444 pairing.cc:473] Processing image [145/186]
2026-05-18T19:13:56 COLMAP[chunk_02_sequential_matcher] I20260518 19:13:55.384930  5444 feature_matching.cc:217] in 0.306s
2026-05-18T19:13:56 COLMAP[chunk_02_sequential_matcher] I20260518 19:13:55.384986  5444 pairing.cc:473] Processing image [146/186]
2026-05-18T19:13:56 COLMAP[chunk_02_sequential_matcher] I20260518 19:13:55.692349  5444 feature_matching.cc:217] in 0.307s
2026-05-18T19:13:56 COLMAP[chunk_02_sequential_matcher] I20260518 19:13:55.692405  5444 pairing.cc:473] Processing image [147/186]
2026-05-18T19:13:56 COLMAP[chunk_02_sequential_matcher] I20260518 19:13:56.050307  5444 feature_matching.cc:217] in 0.358s
2026-05-18T19:13:56 COLMAP[chunk_02_sequential_matcher] I20260518 19:13:56.050362  5444 pairing.cc:473] Processing image [148/186]
2026-05-18T19:13:57 COLMAP[chunk_02_sequential_matcher] I20260518 19:13:56.436508  5444 feature_matching.cc:217] in 0.386s
2026-05-18T19:13:57 COLMAP[chunk_02_sequential_matcher] I20260518 19:13:56.436563  5444 pairing.cc:473] Processing image [149/186]
2026-05-18T19:13:57 COLMAP[chunk_02_sequential_matcher] I20260518 19:13:56.791555  5444 feature_matching.cc:217] in 0.355s
2026-05-18T19:13:57 COLMAP[chunk_02_sequential_matcher] I20260518 19:13:56.791613  5444 pairing.cc:473] Processing image [150/186]
2026-05-18T19:13:58 COLMAP[chunk_02_sequential_matcher] I20260518 19:13:57.235697  5444 feature_matching.cc:217] in 0.444s
2026-05-18T19:13:58 COLMAP[chunk_02_sequential_matcher] I20260518 19:13:57.235749  5444 pairing.cc:473] Processing image [151/186]
2026-05-18T19:13:58 COLMAP[chunk_02_sequential_matcher] I20260518 19:13:57.462687  5444 feature_matching.cc:217] in 0.227s
2026-05-18T19:13:58 COLMAP[chunk_02_sequential_matcher] I20260518 19:13:57.462745  5444 pairing.cc:473] Processing image [152/186]
2026-05-18T19:13:58 COLMAP[chunk_02_sequential_matcher] I20260518 19:13:57.861104  5444 feature_matching.cc:217] in 0.398s
2026-05-18T19:13:58 COLMAP[chunk_02_sequential_matcher] I20260518 19:13:57.861158  5444 pairing.cc:473] Processing image [153/186]
2026-05-18T19:13:59 COLMAP[chunk_02_sequential_matcher] I20260518 19:13:58.169272  5444 feature_matching.cc:217] in 0.308s
2026-05-18T19:13:59 COLMAP[chunk_02_sequential_matcher] I20260518 19:13:58.169327  5444 pairing.cc:473] Processing image [154/186]
2026-05-18T19:13:59 COLMAP[chunk_02_sequential_matcher] I20260518 19:13:58.563148  5444 feature_matching.cc:217] in 0.394s
2026-05-18T19:13:59 COLMAP[chunk_02_sequential_matcher] I20260518 19:13:58.563205  5444 pairing.cc:473] Processing image [155/186]
2026-05-18T19:13:59 COLMAP[chunk_02_sequential_matcher] I20260518 19:13:58.644733  5444 feature_matching.cc:217] in 0.082s
2026-05-18T19:13:59 COLMAP[chunk_02_sequential_matcher] I20260518 19:13:58.644789  5444 pairing.cc:473] Processing image [156/186]
2026-05-18T19:13:59 COLMAP[chunk_02_sequential_matcher] I20260518 19:13:59.022178  5444 feature_matching.cc:217] in 0.377s
2026-05-18T19:13:59 COLMAP[chunk_02_sequential_matcher] I20260518 19:13:59.022231  5444 pairing.cc:473] Processing image [157/186]
2026-05-18T19:14:00 COLMAP[chunk_02_sequential_matcher] I20260518 19:13:59.363847  5444 feature_matching.cc:217] in 0.342s
2026-05-18T19:14:00 COLMAP[chunk_02_sequential_matcher] I20260518 19:13:59.363902  5444 pairing.cc:473] Processing image [158/186]
2026-05-18T19:14:00 COLMAP[chunk_02_sequential_matcher] I20260518 19:13:59.708747  5444 feature_matching.cc:217] in 0.345s
2026-05-18T19:14:00 COLMAP[chunk_02_sequential_matcher] I20260518 19:13:59.708801  5444 pairing.cc:473] Processing image [159/186]
2026-05-18T19:14:00 COLMAP[chunk_02_sequential_matcher] I20260518 19:14:00.059041  5444 feature_matching.cc:217] in 0.350s
2026-05-18T19:14:00 COLMAP[chunk_02_sequential_matcher] I20260518 19:14:00.059098  5444 pairing.cc:473] Processing image [160/186]
2026-05-18T19:14:01 COLMAP[chunk_02_sequential_matcher] I20260518 19:14:00.426110  5444 feature_matching.cc:217] in 0.367s
2026-05-18T19:14:01 COLMAP[chunk_02_sequential_matcher] I20260518 19:14:00.426165  5444 pairing.cc:473] Processing image [161/186]
2026-05-18T19:14:01 COLMAP[chunk_02_sequential_matcher] I20260518 19:14:00.773654  5444 feature_matching.cc:217] in 0.348s
2026-05-18T19:14:01 COLMAP[chunk_02_sequential_matcher] I20260518 19:14:00.773726  5444 pairing.cc:473] Processing image [162/186]
2026-05-18T19:14:01 COLMAP[chunk_02_sequential_matcher] I20260518 19:14:01.002777  5444 feature_matching.cc:217] in 0.229s
2026-05-18T19:14:01 COLMAP[chunk_02_sequential_matcher] I20260518 19:14:01.002833  5444 pairing.cc:473] Processing image [163/186]
2026-05-18T19:14:02 COLMAP[chunk_02_sequential_matcher] I20260518 19:14:01.445557  5444 feature_matching.cc:217] in 0.443s
2026-05-18T19:14:02 COLMAP[chunk_02_sequential_matcher] I20260518 19:14:01.445614  5444 pairing.cc:473] Processing image [164/186]
2026-05-18T19:14:03 COLMAP[chunk_02_sequential_matcher] I20260518 19:14:02.188592  5444 feature_matching.cc:217] in 0.743s
2026-05-18T19:14:03 COLMAP[chunk_02_sequential_matcher] I20260518 19:14:02.188647  5444 pairing.cc:473] Processing image [165/186]
2026-05-18T19:14:03 COLMAP[chunk_02_sequential_matcher] I20260518 19:14:02.694496  5444 feature_matching.cc:217] in 0.506s
2026-05-18T19:14:03 COLMAP[chunk_02_sequential_matcher] I20260518 19:14:02.694552  5444 pairing.cc:473] Processing image [166/186]
2026-05-18T19:14:03 COLMAP[chunk_02_sequential_matcher] I20260518 19:14:02.742244  5444 feature_matching.cc:217] in 0.048s
2026-05-18T19:14:03 COLMAP[chunk_02_sequential_matcher] I20260518 19:14:02.742297  5444 pairing.cc:473] Processing image [167/186]
2026-05-18T19:14:03 COLMAP[chunk_02_sequential_matcher] I20260518 19:14:02.768425  5444 feature_matching.cc:217] in 0.026s
2026-05-18T19:14:03 COLMAP[chunk_02_sequential_matcher] I20260518 19:14:02.768503  5444 pairing.cc:473] Processing image [168/186]
2026-05-18T19:14:03 COLMAP[chunk_02_sequential_matcher] I20260518 19:14:02.846868  5444 feature_matching.cc:217] in 0.078s
2026-05-18T19:14:03 COLMAP[chunk_02_sequential_matcher] I20260518 19:14:02.846918  5444 pairing.cc:473] Processing image [169/186]
2026-05-18T19:14:04 COLMAP[chunk_02_sequential_matcher] I20260518 19:14:03.255088  5444 feature_matching.cc:217] in 0.408s
2026-05-18T19:14:04 COLMAP[chunk_02_sequential_matcher] I20260518 19:14:03.255142  5444 pairing.cc:473] Processing image [170/186]
2026-05-18T19:14:04 COLMAP[chunk_02_sequential_matcher] I20260518 19:14:03.668354  5444 feature_matching.cc:217] in 0.413s
2026-05-18T19:14:04 COLMAP[chunk_02_sequential_matcher] I20260518 19:14:03.668408  5444 pairing.cc:473] Processing image [171/186]
2026-05-18T19:14:04 COLMAP[chunk_02_sequential_matcher] I20260518 19:14:03.713658  5444 feature_matching.cc:217] in 0.045s
2026-05-18T19:14:04 COLMAP[chunk_02_sequential_matcher] I20260518 19:14:03.713730  5444 pairing.cc:473] Processing image [172/186]
2026-05-18T19:14:04 COLMAP[chunk_02_sequential_matcher] I20260518 19:14:03.766474  5444 feature_matching.cc:217] in 0.053s
2026-05-18T19:14:04 COLMAP[chunk_02_sequential_matcher] I20260518 19:14:03.766532  5444 pairing.cc:473] Processing image [173/186]
2026-05-18T19:14:04 COLMAP[chunk_02_sequential_matcher] I20260518 19:14:03.840585  5444 feature_matching.cc:217] in 0.074s
2026-05-18T19:14:04 COLMAP[chunk_02_sequential_matcher] I20260518 19:14:03.840643  5444 pairing.cc:473] Processing image [174/186]
2026-05-18T19:14:04 COLMAP[chunk_02_sequential_matcher] I20260518 19:14:03.840713  5444 feature_matching.cc:217] in 0.000s
2026-05-18T19:14:04 COLMAP[chunk_02_sequential_matcher] I20260518 19:14:03.840729  5444 pairing.cc:473] Processing image [175/186]
2026-05-18T19:14:04 COLMAP[chunk_02_sequential_matcher] I20260518 19:14:03.943310  5444 feature_matching.cc:217] in 0.103s
2026-05-18T19:14:04 COLMAP[chunk_02_sequential_matcher] I20260518 19:14:03.943364  5444 pairing.cc:473] Processing image [176/186]
2026-05-18T19:14:05 COLMAP[chunk_02_sequential_matcher] I20260518 19:14:04.345446  5444 feature_matching.cc:217] in 0.402s
2026-05-18T19:14:05 COLMAP[chunk_02_sequential_matcher] I20260518 19:14:04.345501  5444 pairing.cc:473] Processing image [177/186]
2026-05-18T19:14:05 COLMAP[chunk_02_sequential_matcher] I20260518 19:14:04.787851  5444 feature_matching.cc:217] in 0.442s
2026-05-18T19:14:05 COLMAP[chunk_02_sequential_matcher] I20260518 19:14:04.787909  5444 pairing.cc:473] Processing image [178/186]
2026-05-18T19:14:05 COLMAP[chunk_02_sequential_matcher] I20260518 19:14:05.041545  5444 feature_matching.cc:217] in 0.254s
2026-05-18T19:14:05 COLMAP[chunk_02_sequential_matcher] I20260518 19:14:05.041597  5444 pairing.cc:473] Processing image [179/186]
2026-05-18T19:14:05 COLMAP[chunk_02_sequential_matcher] I20260518 19:14:05.041646  5444 feature_matching.cc:217] in 0.000s
2026-05-18T19:14:05 COLMAP[chunk_02_sequential_matcher] I20260518 19:14:05.041656  5444 pairing.cc:473] Processing image [180/186]
2026-05-18T19:14:05 COLMAP[chunk_02_sequential_matcher] I20260518 19:14:05.071072  5444 feature_matching.cc:217] in 0.029s
2026-05-18T19:14:05 COLMAP[chunk_02_sequential_matcher] I20260518 19:14:05.071135  5444 pairing.cc:473] Processing image [181/186]
2026-05-18T19:14:06 COLMAP[chunk_02_sequential_matcher] I20260518 19:14:05.468900  5444 feature_matching.cc:217] in 0.398s
2026-05-18T19:14:06 COLMAP[chunk_02_sequential_matcher] I20260518 19:14:05.468957  5444 pairing.cc:473] Processing image [182/186]
2026-05-18T19:14:06 COLMAP[chunk_02_sequential_matcher] I20260518 19:14:05.564359  5444 feature_matching.cc:217] in 0.095s
2026-05-18T19:14:06 COLMAP[chunk_02_sequential_matcher] I20260518 19:14:05.564412  5444 pairing.cc:473] Processing image [183/186]
2026-05-18T19:14:06 COLMAP[chunk_02_sequential_matcher] I20260518 19:14:05.604228  5444 feature_matching.cc:217] in 0.040s
2026-05-18T19:14:06 COLMAP[chunk_02_sequential_matcher] I20260518 19:14:05.604285  5444 pairing.cc:473] Processing image [184/186]
2026-05-18T19:14:06 COLMAP[chunk_02_sequential_matcher] I20260518 19:14:06.014433  5444 feature_matching.cc:217] in 0.410s
2026-05-18T19:14:06 COLMAP[chunk_02_sequential_matcher] I20260518 19:14:06.014492  5444 pairing.cc:473] Processing image [185/186]
2026-05-18T19:14:07 COLMAP[chunk_02_sequential_matcher] I20260518 19:14:06.509199  5444 feature_matching.cc:217] in 0.495s
2026-05-18T19:14:07 COLMAP[chunk_02_sequential_matcher] I20260518 19:14:06.509258  5444 pairing.cc:473] Processing image [186/186]
2026-05-18T19:14:07 COLMAP[chunk_02_sequential_matcher] I20260518 19:14:06.509268  5444 feature_matching.cc:217] in 0.000s
2026-05-18T19:14:07 COLMAP[chunk_02_sequential_matcher] I20260518 19:14:06.509276  5444 timer.cc:90] Elapsed time: 1.407 [minutes]
2026-05-18T19:14:07 2026-05-18 19:14:06,569 - INFO - chunk_02_sequential_matcher added 788 verified image pairs
2026-05-18T19:14:07 2026-05-18 19:14:06,570 - INFO - [chunk_02_mapper_initial] colmap mapper --database_path /tmp/colmap_sfm_rcnmny4o/chunk_02/database.db --image_path /tmp/colmap_sfm_rcnmny4o/images --output_path /tmp/colmap_sfm_rcnmny4o/chunk_02/sparse_initial --Mapper.num_threads -1 --Mapper.ba_refine_principal_point 0
2026-05-18T19:14:07 COLMAP[chunk_02_mapper_initial] I20260518 19:14:06.723955  5481 incremental_pipeline.cc:265] Loading database
2026-05-18T19:14:07 COLMAP[chunk_02_mapper_initial] I20260518 19:14:06.724304  5481 database_cache.cc:72] Loading rigs...
2026-05-18T19:14:07 COLMAP[chunk_02_mapper_initial] I20260518 19:14:06.724376  5481 database_cache.cc:82]  1 in 0.000s
2026-05-18T19:14:07 COLMAP[chunk_02_mapper_initial] I20260518 19:14:06.724397  5481 database_cache.cc:90] Loading cameras...
2026-05-18T19:14:07 COLMAP[chunk_02_mapper_initial] I20260518 19:14:06.724421  5481 database_cache.cc:108]  1 in 0.000s
2026-05-18T19:14:07 COLMAP[chunk_02_mapper_initial] I20260518 19:14:06.724496  5481 database_cache.cc:116] Loading frames...
2026-05-18T19:14:07 COLMAP[chunk_02_mapper_initial] I20260518 19:14:06.726823  5481 database_cache.cc:126]  1710 in 0.002s
2026-05-18T19:14:07 COLMAP[chunk_02_mapper_initial] I20260518 19:14:06.726852  5481 database_cache.cc:134] Loading matches...
2026-05-18T19:14:07 COLMAP[chunk_02_mapper_initial] I20260518 19:14:06.751915  5481 database_cache.cc:139]  1549 in 0.025s
2026-05-18T19:14:07 COLMAP[chunk_02_mapper_initial] I20260518 19:14:06.751972  5481 database_cache.cc:147] Loading images...
2026-05-18T19:14:07 COLMAP[chunk_02_mapper_initial] I20260518 19:14:06.830024  5481 database_cache.cc:241]  186 in 0.078s (connected 186, loaded 186)
2026-05-18T19:14:07 COLMAP[chunk_02_mapper_initial] I20260518 19:14:06.830092  5481 database_cache.cc:255] Loading pose priors...
2026-05-18T19:14:07 COLMAP[chunk_02_mapper_initial] I20260518 19:14:06.831053  5481 database_cache.cc:263]  1710 in 0.001s
2026-05-18T19:14:07 COLMAP[chunk_02_mapper_initial] I20260518 19:14:06.831087  5481 database_cache.cc:271] Building correspondence graph...
2026-05-18T19:14:08 COLMAP[chunk_02_mapper_initial] I20260518 19:14:07.296274  5481 database_cache.cc:300]  in 0.465s (ignored 0)
2026-05-18T19:14:08 COLMAP[chunk_02_mapper_initial] I20260518 19:14:07.296401  5481 timer.cc:90] Elapsed time: 0.010 [minutes]
2026-05-18T19:14:08 COLMAP[chunk_02_mapper_initial] I20260518 19:14:07.318156  5481 incremental_pipeline.cc:377] Finding good initial image pair
2026-05-18T19:14:08 COLMAP[chunk_02_mapper_initial] I20260518 19:14:07.457080  5481 incremental_pipeline.cc:401] Registering initial image pair #11 and #161
2026-05-18T19:14:08 COLMAP[chunk_02_mapper_initial] I20260518 19:14:07.489650  5481 incremental_pipeline.cc:419] Global bundle adjustment
2026-05-18T19:14:09 COLMAP[chunk_02_mapper_initial] I20260518 19:14:08.335793  5481 incremental_pipeline.cc:524] Registering image #160 (num_reg_frames=2)
2026-05-18T19:14:09 COLMAP[chunk_02_mapper_initial] I20260518 19:14:08.335860  5481 incremental_pipeline.cc:527] => Image sees 2688 / 9479 points
2026-05-18T19:14:10 COLMAP[chunk_02_mapper_initial] I20260518 19:14:09.920431  5481 incremental_pipeline.cc:78] Retriangulation and Global bundle adjustment
2026-05-18T19:14:11 COLMAP[chunk_02_mapper_initial] I20260518 19:14:10.274477  5481 incremental_pipeline.cc:524] Registering image #159 (num_reg_frames=3)
2026-05-18T19:14:11 COLMAP[chunk_02_mapper_initial] I20260518 19:14:10.274530  5481 incremental_pipeline.cc:527] => Image sees 4752 / 7794 points
2026-05-18T19:14:12 COLMAP[chunk_02_mapper_initial] I20260518 19:14:11.488731  5481 incremental_pipeline.cc:78] Retriangulation and Global bundle adjustment
2026-05-18T19:14:12 COLMAP[chunk_02_mapper_initial] I20260518 19:14:11.814733  5481 incremental_pipeline.cc:524] Registering image #162 (num_reg_frames=4)
2026-05-18T19:14:12 COLMAP[chunk_02_mapper_initial] I20260518 19:14:11.814787  5481 incremental_pipeline.cc:527] => Image sees 5306 / 8557 points
2026-05-18T19:14:14 COLMAP[chunk_02_mapper_initial] I20260518 19:14:13.126228  5481 incremental_pipeline.cc:78] Retriangulation and Global bundle adjustment
2026-05-18T19:14:14 COLMAP[chunk_02_mapper_initial] I20260518 19:14:13.710424  5481 incremental_pipeline.cc:524] Registering image #163 (num_reg_frames=5)
2026-05-18T19:14:14 COLMAP[chunk_02_mapper_initial] I20260518 19:14:13.710482  5481 incremental_pipeline.cc:527] => Image sees 5338 / 9005 points
2026-05-18T19:14:16 COLMAP[chunk_02_mapper_initial] I20260518 19:14:15.360908  5481 incremental_pipeline.cc:78] Retriangulation and Global bundle adjustment
2026-05-18T19:14:16 COLMAP[chunk_02_mapper_initial] I20260518 19:14:16.050571  5481 incremental_pipeline.cc:524] Registering image #164 (num_reg_frames=6)
2026-05-18T19:14:16 COLMAP[chunk_02_mapper_initial] I20260518 19:14:16.050629  5481 incremental_pipeline.cc:527] => Image sees 5304 / 8798 points
2026-05-18T19:14:18 COLMAP[chunk_02_mapper_initial] I20260518 19:14:17.333496  5481 incremental_pipeline.cc:78] Retriangulation and Global bundle adjustment
2026-05-18T19:14:19 COLMAP[chunk_02_mapper_initial] I20260518 19:14:18.298439  5481 incremental_pipeline.cc:524] Registering image #10 (num_reg_frames=7)
2026-05-18T19:14:19 COLMAP[chunk_02_mapper_initial] I20260518 19:14:18.298499  5481 incremental_pipeline.cc:527] => Image sees 5075 / 11191 points
2026-05-18T19:14:20 COLMAP[chunk_02_mapper_initial] I20260518 19:14:19.366811  5481 incremental_pipeline.cc:78] Retriangulation and Global bundle adjustment
2026-05-18T19:14:21 COLMAP[chunk_02_mapper_initial] I20260518 19:14:20.479399  5481 incremental_pipeline.cc:524] Registering image #12 (num_reg_frames=8)
2026-05-18T19:14:21 COLMAP[chunk_02_mapper_initial] I20260518 19:14:20.479455  5481 incremental_pipeline.cc:527] => Image sees 5383 / 9312 points
2026-05-18T19:14:22 COLMAP[chunk_02_mapper_initial] I20260518 19:14:21.452324  5481 incremental_pipeline.cc:78] Retriangulation and Global bundle adjustment
2026-05-18T19:14:23 COLMAP[chunk_02_mapper_initial] I20260518 19:14:22.594064  5481 incremental_pipeline.cc:524] Registering image #9 (num_reg_frames=9)
2026-05-18T19:14:23 COLMAP[chunk_02_mapper_initial] I20260518 19:14:22.594118  5481 incremental_pipeline.cc:527] => Image sees 5280 / 9875 points
2026-05-18T19:14:24 COLMAP[chunk_02_mapper_initial] I20260518 19:14:23.803243  5481 incremental_pipeline.cc:78] Retriangulation and Global bundle adjustment
2026-05-18T19:14:25 COLMAP[chunk_02_mapper_initial] I20260518 19:14:25.005554  5481 incremental_pipeline.cc:524] Registering image #165 (num_reg_frames=10)
2026-05-18T19:14:25 COLMAP[chunk_02_mapper_initial] I20260518 19:14:25.005612  5481 incremental_pipeline.cc:527] => Image sees 4682 / 7991 points
2026-05-18T19:14:27 COLMAP[chunk_02_mapper_initial] I20260518 19:14:26.691442  5481 incremental_pipeline.cc:78] Retriangulation and Global bundle adjustment
2026-05-18T19:14:28 COLMAP[chunk_02_mapper_initial] I20260518 19:14:28.014025  5481 incremental_pipeline.cc:524] Registering image #181 (num_reg_frames=11)
2026-05-18T19:14:28 COLMAP[chunk_02_mapper_initial] I20260518 19:14:28.014081  5481 incremental_pipeline.cc:527] => Image sees 3893 / 7742 points
2026-05-18T19:14:30 COLMAP[chunk_02_mapper_initial] I20260518 19:14:29.752425  5481 incremental_pipeline.cc:524] Registering image #180 (num_reg_frames=12)
2026-05-18T19:14:30 COLMAP[chunk_02_mapper_initial] I20260518 19:14:29.752485  5481 incremental_pipeline.cc:527] => Image sees 4239 / 7362 points
2026-05-18T19:14:32 COLMAP[chunk_02_mapper_initial] I20260518 19:14:31.188895  5481 incremental_pipeline.cc:78] Retriangulation and Global bundle adjustment
2026-05-18T19:14:34 COLMAP[chunk_02_mapper_initial] I20260518 19:14:33.962272  5481 incremental_pipeline.cc:524] Registering image #182 (num_reg_frames=13)
2026-05-18T19:14:34 COLMAP[chunk_02_mapper_initial] I20260518 19:14:33.962333  5481 incremental_pipeline.cc:527] => Image sees 4852 / 7436 points
2026-05-18T19:14:36 COLMAP[chunk_02_mapper_initial] I20260518 19:14:35.849845  5481 incremental_pipeline.cc:524] Registering image #179 (num_reg_frames=14)
2026-05-18T19:14:36 COLMAP[chunk_02_mapper_initial] I20260518 19:14:35.849898  5481 incremental_pipeline.cc:527] => Image sees 4589 / 7026 points
2026-05-18T19:14:38 COLMAP[chunk_02_mapper_initial] I20260518 19:14:37.631016  5481 incremental_pipeline.cc:78] Retriangulation and Global bundle adjustment
2026-05-18T19:14:41 COLMAP[chunk_02_mapper_initial] I20260518 19:14:40.889447  5481 incremental_pipeline.cc:524] Registering image #8 (num_reg_frames=15)
2026-05-18T19:14:41 COLMAP[chunk_02_mapper_initial] I20260518 19:14:40.889513  5481 incremental_pipeline.cc:527] => Image sees 5010 / 9924 points
2026-05-18T19:14:43 COLMAP[chunk_02_mapper_initial] I20260518 19:14:42.928342  5481 incremental_pipeline.cc:524] Registering image #13 (num_reg_frames=16)
2026-05-18T19:14:43 COLMAP[chunk_02_mapper_initial] I20260518 19:14:42.928399  5481 incremental_pipeline.cc:527] => Image sees 4586 / 9003 points
2026-05-18T19:14:45 COLMAP[chunk_02_mapper_initial] I20260518 19:14:44.628398  5481 incremental_pipeline.cc:78] Retriangulation and Global bundle adjustment
2026-05-18T19:14:47 COLMAP[chunk_02_mapper_initial] I20260518 19:14:46.617581  5481 incremental_pipeline.cc:524] Registering image #183 (num_reg_frames=17)
2026-05-18T19:14:47 COLMAP[chunk_02_mapper_initial] I20260518 19:14:46.617640  5481 incremental_pipeline.cc:527] => Image sees 3508 / 5802 points
2026-05-18T19:14:48 COLMAP[chunk_02_mapper_initial] I20260518 19:14:48.015719  5481 incremental_pipeline.cc:524] Registering image #158 (num_reg_frames=18)
2026-05-18T19:14:48 COLMAP[chunk_02_mapper_initial] I20260518 19:14:48.015777  5481 incremental_pipeline.cc:527] => Image sees 4847 / 6100 points
2026-05-18T19:14:50 COLMAP[chunk_02_mapper_initial] I20260518 19:14:49.345219  5481 incremental_pipeline.cc:78] Retriangulation and Global bundle adjustment
2026-05-18T19:14:52 COLMAP[chunk_02_mapper_initial] I20260518 19:14:51.409718  5481 incremental_pipeline.cc:524] Registering image #166 (num_reg_frames=19)
2026-05-18T19:14:52 COLMAP[chunk_02_mapper_initial] I20260518 19:14:51.409775  5481 incremental_pipeline.cc:527] => Image sees 2954 / 6402 points
2026-05-18T19:14:53 COLMAP[chunk_02_mapper_initial] I20260518 19:14:52.801434  5481 incremental_pipeline.cc:524] Registering image #167 (num_reg_frames=20)
2026-05-18T19:14:53 COLMAP[chunk_02_mapper_initial] I20260518 19:14:52.801569  5481 incremental_pipeline.cc:527] => Image sees 2643 / 6777 points
2026-05-18T19:14:54 COLMAP[chunk_02_mapper_initial] I20260518 19:14:53.950286  5481 incremental_pipeline.cc:78] Retriangulation and Global bundle adjustment
2026-05-18T19:14:57 COLMAP[chunk_02_mapper_initial] I20260518 19:14:56.142146  5481 incremental_pipeline.cc:524] Registering image #178 (num_reg_frames=21)
2026-05-18T19:14:57 COLMAP[chunk_02_mapper_initial] I20260518 19:14:56.142201  5481 incremental_pipeline.cc:527] => Image sees 3670 / 7425 points
2026-05-18T19:14:58 COLMAP[chunk_02_mapper_initial] I20260518 19:14:57.525295  5481 incremental_pipeline.cc:524] Registering image #7 (num_reg_frames=22)
2026-05-18T19:14:58 COLMAP[chunk_02_mapper_initial] I20260518 19:14:57.525350  5481 incremental_pipeline.cc:527] => Image sees 4524 / 9704 points
2026-05-18T19:15:00 COLMAP[chunk_02_mapper_initial] I20260518 19:14:59.136830  5481 incremental_pipeline.cc:524] Registering image #168 (num_reg_frames=23)
2026-05-18T19:15:00 COLMAP[chunk_02_mapper_initial] I20260518 19:14:59.136893  5481 incremental_pipeline.cc:527] => Image sees 3232 / 6502 points
2026-05-18T19:15:01 COLMAP[chunk_02_mapper_initial] I20260518 19:15:00.238966  5481 incremental_pipeline.cc:78] Retriangulation and Global bundle adjustment
2026-05-18T19:15:06 COLMAP[chunk_02_mapper_initial] I20260518 19:15:05.598796  5481 incremental_pipeline.cc:524] Registering image #177 (num_reg_frames=24)
2026-05-18T19:15:06 COLMAP[chunk_02_mapper_initial] I20260518 19:15:05.598855  5481 incremental_pipeline.cc:527] => Image sees 4592 / 7517 points
2026-05-18T19:15:08 COLMAP[chunk_02_mapper_initial] I20260518 19:15:07.188764  5481 incremental_pipeline.cc:524] Registering image #176 (num_reg_frames=25)
2026-05-18T19:15:08 COLMAP[chunk_02_mapper_initial] I20260518 19:15:07.188820  5481 incremental_pipeline.cc:527] => Image sees 4281 / 7181 points
2026-05-18T19:15:09 COLMAP[chunk_02_mapper_initial] I20260518 19:15:08.540278  5481 incremental_pipeline.cc:524] Registering image #175 (num_reg_frames=26)
2026-05-18T19:15:09 COLMAP[chunk_02_mapper_initial] I20260518 19:15:08.540352  5481 incremental_pipeline.cc:527] => Image sees 4019 / 6567 points
2026-05-18T19:15:10 COLMAP[chunk_02_mapper_initial] I20260518 19:15:09.620081  5481 incremental_pipeline.cc:78] Retriangulation and Global bundle adjustment
2026-05-18T19:15:16 COLMAP[chunk_02_mapper_initial] I20260518 19:15:15.235219  5481 incremental_pipeline.cc:524] Registering image #174 (num_reg_frames=27)
2026-05-18T19:15:16 COLMAP[chunk_02_mapper_initial] I20260518 19:15:15.235282  5481 incremental_pipeline.cc:527] => Image sees 3910 / 7279 points
2026-05-18T19:15:17 COLMAP[chunk_02_mapper_initial] I20260518 19:15:16.517328  5481 incremental_pipeline.cc:524] Registering image #6 (num_reg_frames=28)
2026-05-18T19:15:17 COLMAP[chunk_02_mapper_initial] I20260518 19:15:16.517393  5481 incremental_pipeline.cc:527] => Image sees 2994 / 7632 points
2026-05-18T19:15:18 COLMAP[chunk_02_mapper_initial] I20260518 19:15:17.896626  5481 incremental_pipeline.cc:524] Registering image #169 (num_reg_frames=29)
2026-05-18T19:15:18 COLMAP[chunk_02_mapper_initial] I20260518 19:15:17.896687  5481 incremental_pipeline.cc:527] => Image sees 2613 / 6627 points
2026-05-18T19:15:19 COLMAP[chunk_02_mapper_initial] I20260518 19:15:19.043216  5481 incremental_pipeline.cc:78] Retriangulation and Global bundle adjustment
2026-05-18T19:15:26 COLMAP[chunk_02_mapper_initial] I20260518 19:15:25.730893  5481 incremental_pipeline.cc:524] Registering image #173 (num_reg_frames=30)
2026-05-18T19:15:26 COLMAP[chunk_02_mapper_initial] I20260518 19:15:25.730950  5481 incremental_pipeline.cc:527] => Image sees 3675 / 7727 points
2026-05-18T19:15:27 COLMAP[chunk_02_mapper_initial] I20260518 19:15:27.057835  5481 incremental_pipeline.cc:524] Registering image #170 (num_reg_frames=31)
2026-05-18T19:15:27 COLMAP[chunk_02_mapper_initial] I20260518 19:15:27.057884  5481 incremental_pipeline.cc:527] => Image sees 3652 / 7639 points
2026-05-18T19:15:29 COLMAP[chunk_02_mapper_initial] I20260518 19:15:28.351514  5481 incremental_pipeline.cc:524] Registering image #171 (num_reg_frames=32)
2026-05-18T19:15:29 COLMAP[chunk_02_mapper_initial] I20260518 19:15:28.351564  5481 incremental_pipeline.cc:527] => Image sees 4046 / 6343 points
2026-05-18T19:15:30 COLMAP[chunk_02_mapper_initial] I20260518 19:15:29.428360  5481 incremental_pipeline.cc:78] Retriangulation and Global bundle adjustment
2026-05-18T19:15:33 COLMAP[chunk_02_mapper_initial] I20260518 19:15:33.046128  5481 incremental_pipeline.cc:524] Registering image #5 (num_reg_frames=33)
2026-05-18T19:15:33 COLMAP[chunk_02_mapper_initial] I20260518 19:15:33.046182  5481 incremental_pipeline.cc:527] => Image sees 4385 / 7544 points
2026-05-18T19:15:35 COLMAP[chunk_02_mapper_initial] I20260518 19:15:34.490710  5481 incremental_pipeline.cc:524] Registering image #172 (num_reg_frames=34)
2026-05-18T19:15:35 COLMAP[chunk_02_mapper_initial] I20260518 19:15:34.490767  5481 incremental_pipeline.cc:527] => Image sees 5203 / 6742 points
2026-05-18T19:15:36 COLMAP[chunk_02_mapper_initial] I20260518 19:15:36.072110  5481 incremental_pipeline.cc:524] Registering image #4 (num_reg_frames=35)
2026-05-18T19:15:36 COLMAP[chunk_02_mapper_initial] I20260518 19:15:36.072175  5481 incremental_pipeline.cc:527] => Image sees 4621 / 7415 points
2026-05-18T19:15:38 COLMAP[chunk_02_mapper_initial] I20260518 19:15:37.589205  5481 incremental_pipeline.cc:524] Registering image #1710 (num_reg_frames=36)
2026-05-18T19:15:38 COLMAP[chunk_02_mapper_initial] I20260518 19:15:37.589259  5481 incremental_pipeline.cc:527] => Image sees 5330 / 8593 points
2026-05-18T19:15:40 COLMAP[chunk_02_mapper_initial] I20260518 19:15:39.294888  5481 incremental_pipeline.cc:78] Retriangulation and Global bundle adjustment
2026-05-18T19:15:53 COLMAP[chunk_02_mapper_initial] I20260518 19:15:52.438333  5481 incremental_pipeline.cc:524] Registering image #1322 (num_reg_frames=37)
2026-05-18T19:15:53 COLMAP[chunk_02_mapper_initial] I20260518 19:15:52.438385  5481 incremental_pipeline.cc:527] => Image sees 4144 / 5423 points
2026-05-18T19:15:54 COLMAP[chunk_02_mapper_initial] I20260518 19:15:53.973886  5481 incremental_pipeline.cc:524] Registering image #33 (num_reg_frames=38)
2026-05-18T19:15:54 COLMAP[chunk_02_mapper_initial] I20260518 19:15:53.973939  5481 incremental_pipeline.cc:527] => Image sees 3082 / 6589 points
2026-05-18T19:15:56 COLMAP[chunk_02_mapper_initial] I20260518 19:15:55.379874  5481 incremental_pipeline.cc:524] Registering image #1 (num_reg_frames=39)
2026-05-18T19:15:56 COLMAP[chunk_02_mapper_initial] I20260518 19:15:55.379935  5481 incremental_pipeline.cc:527] => Image sees 2238 / 4894 points
2026-05-18T19:15:57 COLMAP[chunk_02_mapper_initial] I20260518 19:15:56.591465  5481 incremental_pipeline.cc:524] Registering image #32 (num_reg_frames=40)
2026-05-18T19:15:57 COLMAP[chunk_02_mapper_initial] I20260518 19:15:56.591523  5481 incremental_pipeline.cc:527] => Image sees 2948 / 6407 points
2026-05-18T19:15:58 COLMAP[chunk_02_mapper_initial] I20260518 19:15:57.921720  5481 incremental_pipeline.cc:78] Retriangulation and Global bundle adjustment
2026-05-18T19:16:07 COLMAP[chunk_02_mapper_initial] I20260518 19:16:06.321103  5481 incremental_pipeline.cc:524] Registering image #31 (num_reg_frames=41)
2026-05-18T19:16:07 COLMAP[chunk_02_mapper_initial] I20260518 19:16:06.321159  5481 incremental_pipeline.cc:527] => Image sees 3816 / 7102 points
2026-05-18T19:16:08 COLMAP[chunk_02_mapper_initial] I20260518 19:16:07.956907  5481 incremental_pipeline.cc:524] Registering image #30 (num_reg_frames=42)
2026-05-18T19:16:08 COLMAP[chunk_02_mapper_initial] I20260518 19:16:07.956964  5481 incremental_pipeline.cc:527] => Image sees 3708 / 6614 points
2026-05-18T19:16:10 COLMAP[chunk_02_mapper_initial] I20260518 19:16:09.408229  5481 incremental_pipeline.cc:524] Registering image #29 (num_reg_frames=43)
2026-05-18T19:16:10 COLMAP[chunk_02_mapper_initial] I20260518 19:16:09.408300  5481 incremental_pipeline.cc:527] => Image sees 3350 / 6399 points
2026-05-18T19:16:11 COLMAP[chunk_02_mapper_initial] I20260518 19:16:10.840081  5481 incremental_pipeline.cc:524] Registering image #34 (num_reg_frames=44)
2026-05-18T19:16:11 COLMAP[chunk_02_mapper_initial] I20260518 19:16:10.840145  5481 incremental_pipeline.cc:527] => Image sees 2415 / 5081 points
2026-05-18T19:16:12 COLMAP[chunk_02_mapper_initial] I20260518 19:16:11.925910  5481 incremental_pipeline.cc:524] Registering image #35 (num_reg_frames=45)
2026-05-18T19:16:12 COLMAP[chunk_02_mapper_initial] I20260518 19:16:11.925964  5481 incremental_pipeline.cc:527] => Image sees 1951 / 5457 points
2026-05-18T19:16:13 COLMAP[chunk_02_mapper_initial] I20260518 19:16:12.857667  5481 incremental_pipeline.cc:78] Retriangulation and Global bundle adjustment
2026-05-18T19:16:22 COLMAP[chunk_02_mapper_initial] I20260518 19:16:21.530047  5481 incremental_pipeline.cc:524] Registering image #36 (num_reg_frames=46)
2026-05-18T19:16:22 COLMAP[chunk_02_mapper_initial] I20260518 19:16:21.530103  5481 incremental_pipeline.cc:527] => Image sees 2349 / 4694 points
2026-05-18T19:16:23 COLMAP[chunk_02_mapper_initial] I20260518 19:16:22.457389  5481 incremental_pipeline.cc:524] Registering image #1670 (num_reg_frames=47)
2026-05-18T19:16:23 COLMAP[chunk_02_mapper_initial] I20260518 19:16:22.457449  5481 incremental_pipeline.cc:527] => Image sees 2238 / 5230 points
2026-05-18T19:16:24 COLMAP[chunk_02_mapper_initial] I20260518 19:16:23.786828  5481 incremental_pipeline.cc:524] Registering image #28 (num_reg_frames=48)
2026-05-18T19:16:24 COLMAP[chunk_02_mapper_initial] I20260518 19:16:23.786883  5481 incremental_pipeline.cc:527] => Image sees 2251 / 5198 points
2026-05-18T19:16:25 COLMAP[chunk_02_mapper_initial] I20260518 19:16:24.866583  5481 incremental_pipeline.cc:524] Registering image #198 (num_reg_frames=49)
2026-05-18T19:16:25 COLMAP[chunk_02_mapper_initial] I20260518 19:16:24.866632  5481 incremental_pipeline.cc:527] => Image sees 4584 / 6156 points
2026-05-18T19:16:27 COLMAP[chunk_02_mapper_initial] I20260518 19:16:26.666718  5481 incremental_pipeline.cc:524] Registering image #197 (num_reg_frames=50)
2026-05-18T19:16:27 COLMAP[chunk_02_mapper_initial] I20260518 19:16:26.666770  5481 incremental_pipeline.cc:527] => Image sees 4748 / 6675 points
2026-05-18T19:16:29 COLMAP[chunk_02_mapper_initial] I20260518 19:16:28.358713  5481 incremental_pipeline.cc:78] Retriangulation and Global bundle adjustment
2026-05-18T19:16:45 COLMAP[chunk_02_mapper_initial] I20260518 19:16:44.187541  5481 incremental_pipeline.cc:524] Registering image #184 (num_reg_frames=51)
2026-05-18T19:16:45 COLMAP[chunk_02_mapper_initial] I20260518 19:16:44.187635  5481 incremental_pipeline.cc:527] => Image sees 2711 / 4458 points
2026-05-18T19:16:46 COLMAP[chunk_02_mapper_initial] I20260518 19:16:45.575872  5481 incremental_pipeline.cc:524] Registering image #1669 (num_reg_frames=52)
2026-05-18T19:16:46 COLMAP[chunk_02_mapper_initial] I20260518 19:16:45.575927  5481 incremental_pipeline.cc:527] => Image sees 1980 / 6658 points
2026-05-18T19:16:47 COLMAP[chunk_02_mapper_initial] I20260518 19:16:46.849318  5481 incremental_pipeline.cc:524] Registering image #14 (num_reg_frames=53)
2026-05-18T19:16:47 COLMAP[chunk_02_mapper_initial] I20260518 19:16:46.849373  5481 incremental_pipeline.cc:527] => Image sees 3511 / 8094 points
2026-05-18T19:16:49 COLMAP[chunk_02_mapper_initial] I20260518 19:16:48.356652  5481 incremental_pipeline.cc:524] Registering image #1668 (num_reg_frames=54)
2026-05-18T19:16:49 COLMAP[chunk_02_mapper_initial] I20260518 19:16:48.356704  5481 incremental_pipeline.cc:527] => Image sees 2880 / 7697 points
2026-05-18T19:16:50 COLMAP[chunk_02_mapper_initial] I20260518 19:16:49.595921  5481 incremental_pipeline.cc:524] Registering image #1706 (num_reg_frames=55)
2026-05-18T19:16:50 COLMAP[chunk_02_mapper_initial] I20260518 19:16:49.595968  5481 incremental_pipeline.cc:527] => Image sees 2518 / 5595 points
2026-05-18T19:16:51 COLMAP[chunk_02_mapper_initial] I20260518 19:16:50.708318  5481 incremental_pipeline.cc:78] Retriangulation and Global bundle adjustment
2026-05-18T19:17:03 COLMAP[chunk_02_mapper_initial] I20260518 19:17:02.885983  5481 incremental_pipeline.cc:524] Registering image #1667 (num_reg_frames=56)
2026-05-18T19:17:03 COLMAP[chunk_02_mapper_initial] I20260518 19:17:02.886039  5481 incremental_pipeline.cc:527] => Image sees 3178 / 8332 points
2026-05-18T19:17:04 COLMAP[chunk_02_mapper_initial] I20260518 19:17:04.082101  5481 incremental_pipeline.cc:524] Registering image #1666 (num_reg_frames=57)
2026-05-18T19:17:04 COLMAP[chunk_02_mapper_initial] I20260518 19:17:04.082157  5481 incremental_pipeline.cc:527] => Image sees 3204 / 8687 points
2026-05-18T19:17:06 COLMAP[chunk_02_mapper_initial] I20260518 19:17:05.384479  5481 incremental_pipeline.cc:524] Registering image #1705 (num_reg_frames=58)
2026-05-18T19:17:06 COLMAP[chunk_02_mapper_initial] I20260518 19:17:05.384534  5481 incremental_pipeline.cc:527] => Image sees 3543 / 5946 points
2026-05-18T19:17:07 COLMAP[chunk_02_mapper_initial] I20260518 19:17:06.689109  5481 incremental_pipeline.cc:524] Registering image #1665 (num_reg_frames=59)
2026-05-18T19:17:07 COLMAP[chunk_02_mapper_initial] I20260518 19:17:06.689164  5481 incremental_pipeline.cc:527] => Image sees 3534 / 8320 points
2026-05-18T19:17:08 COLMAP[chunk_02_mapper_initial] I20260518 19:17:07.991362  5481 incremental_pipeline.cc:524] Registering image #1664 (num_reg_frames=60)
2026-05-18T19:17:08 COLMAP[chunk_02_mapper_initial] I20260518 19:17:07.991418  5481 incremental_pipeline.cc:527] => Image sees 3737 / 7879 points
2026-05-18T19:17:10 COLMAP[chunk_02_mapper_initial] I20260518 19:17:09.257901  5481 incremental_pipeline.cc:78] Retriangulation and Global bundle adjustment
2026-05-18T19:17:16 COLMAP[chunk_02_mapper_initial] I20260518 19:17:15.719985  5481 incremental_pipeline.cc:524] Registering image #1654 (num_reg_frames=61)
2026-05-18T19:17:16 COLMAP[chunk_02_mapper_initial] I20260518 19:17:15.720062  5481 incremental_pipeline.cc:527] => Image sees 4623 / 6073 points
2026-05-18T19:17:18 COLMAP[chunk_02_mapper_initial] I20260518 19:17:17.337456  5481 incremental_pipeline.cc:524] Registering image #15 (num_reg_frames=62)
2026-05-18T19:17:18 COLMAP[chunk_02_mapper_initial] I20260518 19:17:17.337522  5481 incremental_pipeline.cc:527] => Image sees 4532 / 6976 points
2026-05-18T19:17:19 COLMAP[chunk_02_mapper_initial] I20260518 19:17:18.948879  5481 incremental_pipeline.cc:524] Registering image #27 (num_reg_frames=63)
2026-05-18T19:17:19 COLMAP[chunk_02_mapper_initial] I20260518 19:17:18.948938  5481 incremental_pipeline.cc:527] => Image sees 3057 / 4852 points
2026-05-18T19:17:21 COLMAP[chunk_02_mapper_initial] I20260518 19:17:20.227192  5481 incremental_pipeline.cc:524] Registering image #1704 (num_reg_frames=64)
2026-05-18T19:17:21 COLMAP[chunk_02_mapper_initial] I20260518 19:17:20.227241  5481 incremental_pipeline.cc:527] => Image sees 3199 / 5669 points
2026-05-18T19:17:22 COLMAP[chunk_02_mapper_initial] I20260518 19:17:21.497278  5481 incremental_pipeline.cc:524] Registering image #1655 (num_reg_frames=65)
2026-05-18T19:17:22 COLMAP[chunk_02_mapper_initial] I20260518 19:17:21.497324  5481 incremental_pipeline.cc:527] => Image sees 4076 / 6301 points
2026-05-18T19:17:23 COLMAP[chunk_02_mapper_initial] I20260518 19:17:22.932934  5481 incremental_pipeline.cc:524] Registering image #1656 (num_reg_frames=66)
2026-05-18T19:17:23 COLMAP[chunk_02_mapper_initial] I20260518 19:17:22.932989  5481 incremental_pipeline.cc:527] => Image sees 3548 / 5739 points
2026-05-18T19:17:25 COLMAP[chunk_02_mapper_initial] I20260518 19:17:24.283365  5481 incremental_pipeline.cc:524] Registering image #1690 (num_reg_frames=67)
2026-05-18T19:17:25 COLMAP[chunk_02_mapper_initial] I20260518 19:17:24.283423  5481 incremental_pipeline.cc:527] => Image sees 3163 / 5259 points
2026-05-18T19:17:26 COLMAP[chunk_02_mapper_initial] I20260518 19:17:25.410629  5481 incremental_pipeline.cc:78] Retriangulation and Global bundle adjustment
2026-05-18T19:17:49 COLMAP[chunk_02_mapper_initial] I20260518 19:17:48.824882  5481 incremental_pipeline.cc:524] Registering image #1691 (num_reg_frames=68)
2026-05-18T19:17:49 COLMAP[chunk_02_mapper_initial] I20260518 19:17:48.824966  5481 incremental_pipeline.cc:527] => Image sees 2816 / 5327 points
2026-05-18T19:17:50 COLMAP[chunk_02_mapper_initial] I20260518 19:17:50.003305  5481 incremental_pipeline.cc:524] Registering image #157 (num_reg_frames=69)
2026-05-18T19:17:50 COLMAP[chunk_02_mapper_initial] I20260518 19:17:50.003364  5481 incremental_pipeline.cc:527] => Image sees 4491 / 5392 points
2026-05-18T19:17:52 COLMAP[chunk_02_mapper_initial] I20260518 19:17:51.749655  5481 incremental_pipeline.cc:524] Registering image #1657 (num_reg_frames=70)
2026-05-18T19:17:52 COLMAP[chunk_02_mapper_initial] I20260518 19:17:51.749733  5481 incremental_pipeline.cc:527] => Image sees 3035 / 5488 points
2026-05-18T19:17:53 COLMAP[chunk_02_mapper_initial] I20260518 19:17:53.068346  5481 incremental_pipeline.cc:524] Registering image #1692 (num_reg_frames=71)
2026-05-18T19:17:53 COLMAP[chunk_02_mapper_initial] I20260518 19:17:53.068397  5481 incremental_pipeline.cc:527] => Image sees 2367 / 4898 points
2026-05-18T19:17:54 COLMAP[chunk_02_mapper_initial] I20260518 19:17:54.062265  5481 incremental_pipeline.cc:524] Registering image #1693 (num_reg_frames=72)
2026-05-18T19:17:54 COLMAP[chunk_02_mapper_initial] I20260518 19:17:54.062316  5481 incremental_pipeline.cc:527] => Image sees 2266 / 4692 points
2026-05-18T19:17:55 COLMAP[chunk_02_mapper_initial] I20260518 19:17:55.023569  5481 incremental_pipeline.cc:524] Registering image #1658 (num_reg_frames=73)
2026-05-18T19:17:55 COLMAP[chunk_02_mapper_initial] I20260518 19:17:55.023628  5481 incremental_pipeline.cc:527] => Image sees 2777 / 4698 points
2026-05-18T19:17:56 COLMAP[chunk_02_mapper_initial] I20260518 19:17:56.072644  5481 incremental_pipeline.cc:524] Registering image #1694 (num_reg_frames=74)
2026-05-18T19:17:56 COLMAP[chunk_02_mapper_initial] I20260518 19:17:56.072705  5481 incremental_pipeline.cc:527] => Image sees 2314 / 4070 points
2026-05-18T19:17:57 COLMAP[chunk_02_mapper_initial] I20260518 19:17:57.070775  5481 incremental_pipeline.cc:78] Retriangulation and Global bundle adjustment
2026-05-18T19:18:15 COLMAP[chunk_02_mapper_initial] I20260518 19:18:14.594905  5481 incremental_pipeline.cc:524] Registering image #196 (num_reg_frames=75)
2026-05-18T19:18:15 COLMAP[chunk_02_mapper_initial] I20260518 19:18:14.594961  5481 incremental_pipeline.cc:527] => Image sees 3320 / 5215 points
2026-05-18T19:18:16 COLMAP[chunk_02_mapper_initial] I20260518 19:18:16.111284  5481 incremental_pipeline.cc:524] Registering image #195 (num_reg_frames=76)
2026-05-18T19:18:16 COLMAP[chunk_02_mapper_initial] I20260518 19:18:16.111337  5481 incremental_pipeline.cc:527] => Image sees 1659 / 3381 points
2026-05-18T19:18:17 COLMAP[chunk_02_mapper_initial] I20260518 19:18:17.059388  5481 incremental_pipeline.cc:524] Registering image #1323 (num_reg_frames=77)
2026-05-18T19:18:17 COLMAP[chunk_02_mapper_initial] I20260518 19:18:17.059445  5481 incremental_pipeline.cc:527] => Image sees 605 / 1318 points
2026-05-18T19:18:18 COLMAP[chunk_02_mapper_initial] I20260518 19:18:18.003810  5481 incremental_pipeline.cc:524] Registering image #1377 (num_reg_frames=78)
2026-05-18T19:18:18 COLMAP[chunk_02_mapper_initial] I20260518 19:18:18.003865  5481 incremental_pipeline.cc:527] => Image sees 246 / 6171 points
2026-05-18T19:18:19 COLMAP[chunk_02_mapper_initial] I20260518 19:18:18.705476  5481 incremental_pipeline.cc:524] Registering image #1389 (num_reg_frames=79)
2026-05-18T19:18:19 COLMAP[chunk_02_mapper_initial] I20260518 19:18:18.705531  5481 incremental_pipeline.cc:527] => Image sees 165 / 7974 points
2026-05-18T19:18:20 COLMAP[chunk_02_mapper_initial] I20260518 19:18:19.521008  5481 incremental_pipeline.cc:524] Registering image #1378 (num_reg_frames=80)
2026-05-18T19:18:20 COLMAP[chunk_02_mapper_initial] I20260518 19:18:19.521082  5481 incremental_pipeline.cc:527] => Image sees 1616 / 6585 points
2026-05-18T19:18:21 COLMAP[chunk_02_mapper_initial] I20260518 19:18:20.488418  5481 incremental_pipeline.cc:524] Registering image #1359 (num_reg_frames=81)
2026-05-18T19:18:21 COLMAP[chunk_02_mapper_initial] I20260518 19:18:20.488474  5481 incremental_pipeline.cc:527] => Image sees 1875 / 6175 points
2026-05-18T19:18:22 COLMAP[chunk_02_mapper_initial] I20260518 19:18:21.584772  5481 incremental_pipeline.cc:524] Registering image #1388 (num_reg_frames=82)
2026-05-18T19:18:22 COLMAP[chunk_02_mapper_initial] I20260518 19:18:21.584829  5481 incremental_pipeline.cc:527] => Image sees 2397 / 7701 points
2026-05-18T19:18:23 COLMAP[chunk_02_mapper_initial] I20260518 19:18:22.554013  5481 incremental_pipeline.cc:78] Retriangulation and Global bundle adjustment
2026-05-18T19:18:40 COLMAP[chunk_02_mapper_initial] I20260518 19:18:39.923444  5481 incremental_pipeline.cc:524] Registering image #1535 (num_reg_frames=83)
2026-05-18T19:18:40 COLMAP[chunk_02_mapper_initial] I20260518 19:18:39.923501  5481 incremental_pipeline.cc:527] => Image sees 3360 / 7861 points
2026-05-18T19:18:41 COLMAP[chunk_02_mapper_initial] I20260518 19:18:41.046164  5481 incremental_pipeline.cc:524] Registering image #1523 (num_reg_frames=84)
2026-05-18T19:18:41 COLMAP[chunk_02_mapper_initial] I20260518 19:18:41.046221  5481 incremental_pipeline.cc:527] => Image sees 3554 / 6997 points
2026-05-18T19:18:43 COLMAP[chunk_02_mapper_initial] I20260518 19:18:42.338933  5481 incremental_pipeline.cc:524] Registering image #1525 (num_reg_frames=85)
2026-05-18T19:18:43 COLMAP[chunk_02_mapper_initial] I20260518 19:18:42.338992  5481 incremental_pipeline.cc:527] => Image sees 3556 / 7071 points
2026-05-18T19:18:44 COLMAP[chunk_02_mapper_initial] I20260518 19:18:43.710704  5481 incremental_pipeline.cc:524] Registering image #1418 (num_reg_frames=86)
2026-05-18T19:18:44 COLMAP[chunk_02_mapper_initial] I20260518 19:18:43.710759  5481 incremental_pipeline.cc:527] => Image sees 4114 / 7095 points
2026-05-18T19:18:45 COLMAP[chunk_02_mapper_initial] I20260518 19:18:45.014380  5481 incremental_pipeline.cc:524] Registering image #1419 (num_reg_frames=87)
2026-05-18T19:18:45 COLMAP[chunk_02_mapper_initial] I20260518 19:18:45.014436  5481 incremental_pipeline.cc:527] => Image sees 3843 / 6926 points
2026-05-18T19:18:47 COLMAP[chunk_02_mapper_initial] I20260518 19:18:46.455485  5481 incremental_pipeline.cc:524] Registering image #1560 (num_reg_frames=88)
2026-05-18T19:18:47 COLMAP[chunk_02_mapper_initial] I20260518 19:18:46.455538  5481 incremental_pipeline.cc:527] => Image sees 3384 / 6263 points
2026-05-18T19:18:48 COLMAP[chunk_02_mapper_initial] I20260518 19:18:47.819650  5481 incremental_pipeline.cc:524] Registering image #1360 (num_reg_frames=89)
2026-05-18T19:18:48 COLMAP[chunk_02_mapper_initial] I20260518 19:18:47.819703  5481 incremental_pipeline.cc:527] => Image sees 2786 / 5714 points
2026-05-18T19:18:49 COLMAP[chunk_02_mapper_initial] I20260518 19:18:49.151644  5481 incremental_pipeline.cc:524] Registering image #1571 (num_reg_frames=90)
2026-05-18T19:18:49 COLMAP[chunk_02_mapper_initial] I20260518 19:18:49.151700  5481 incremental_pipeline.cc:527] => Image sees 2974 / 5045 points
2026-05-18T19:18:51 COLMAP[chunk_02_mapper_initial] I20260518 19:18:50.338654  5481 incremental_pipeline.cc:524] Registering image #1350 (num_reg_frames=91)
2026-05-18T19:18:51 COLMAP[chunk_02_mapper_initial] I20260518 19:18:50.338742  5481 incremental_pipeline.cc:527] => Image sees 2824 / 5370 points
2026-05-18T19:18:52 COLMAP[chunk_02_mapper_initial] I20260518 19:18:51.391587  5481 incremental_pipeline.cc:78] Retriangulation and Global bundle adjustment
2026-05-18T19:19:12 COLMAP[chunk_02_mapper_initial] I20260518 19:19:11.649276  5481 incremental_pipeline.cc:524] Registering image #1430 (num_reg_frames=92)
2026-05-18T19:19:12 COLMAP[chunk_02_mapper_initial] I20260518 19:19:11.649333  5481 incremental_pipeline.cc:527] => Image sees 3809 / 6982 points
2026-05-18T19:19:13 COLMAP[chunk_02_mapper_initial] I20260518 19:19:13.122661  5481 incremental_pipeline.cc:524] Registering image #1474 (num_reg_frames=93)
2026-05-18T19:19:13 COLMAP[chunk_02_mapper_initial] I20260518 19:19:13.122711  5481 incremental_pipeline.cc:527] => Image sees 3595 / 7267 points
2026-05-18T19:19:15 COLMAP[chunk_02_mapper_initial] I20260518 19:19:14.567991  5481 incremental_pipeline.cc:524] Registering image #1486 (num_reg_frames=94)
2026-05-18T19:19:15 COLMAP[chunk_02_mapper_initial] I20260518 19:19:14.568038  5481 incremental_pipeline.cc:527] => Image sees 3386 / 6341 points
2026-05-18T19:19:16 COLMAP[chunk_02_mapper_initial] I20260518 19:19:15.971738  5481 incremental_pipeline.cc:524] Registering image #1485 (num_reg_frames=95)
2026-05-18T19:19:16 COLMAP[chunk_02_mapper_initial] I20260518 19:19:15.971789  5481 incremental_pipeline.cc:527] => Image sees 4483 / 7680 points
2026-05-18T19:19:18 COLMAP[chunk_02_mapper_initial] I20260518 19:19:17.518198  5481 incremental_pipeline.cc:524] Registering image #1349 (num_reg_frames=96)
2026-05-18T19:19:18 COLMAP[chunk_02_mapper_initial] I20260518 19:19:17.518253  5481 incremental_pipeline.cc:527] => Image sees 2205 / 6105 points
2026-05-18T19:19:19 COLMAP[chunk_02_mapper_initial] I20260518 19:19:18.546921  5481 incremental_pipeline.cc:524] Registering image #1338 (num_reg_frames=97)
2026-05-18T19:19:19 COLMAP[chunk_02_mapper_initial] I20260518 19:19:18.546976  5481 incremental_pipeline.cc:527] => Image sees 2387 / 6464 points
2026-05-18T19:19:20 COLMAP[chunk_02_mapper_initial] I20260518 19:19:19.615509  5481 incremental_pipeline.cc:524] Registering image #1339 (num_reg_frames=98)
2026-05-18T19:19:20 COLMAP[chunk_02_mapper_initial] I20260518 19:19:19.615556  5481 incremental_pipeline.cc:527] => Image sees 2801 / 6526 points
2026-05-18T19:19:21 COLMAP[chunk_02_mapper_initial] I20260518 19:19:20.725518  5481 incremental_pipeline.cc:524] Registering image #1586 (num_reg_frames=99)
2026-05-18T19:19:21 COLMAP[chunk_02_mapper_initial] I20260518 19:19:20.725589  5481 incremental_pipeline.cc:527] => Image sees 2796 / 6329 points
2026-05-18T19:19:22 COLMAP[chunk_02_mapper_initial] I20260518 19:19:21.865062  5481 incremental_pipeline.cc:524] Registering image #1597 (num_reg_frames=100)
2026-05-18T19:19:22 COLMAP[chunk_02_mapper_initial] I20260518 19:19:21.865113  5481 incremental_pipeline.cc:527] => Image sees 3054 / 5909 points
2026-05-18T19:19:23 COLMAP[chunk_02_mapper_initial] I20260518 19:19:23.088384  5481 incremental_pipeline.cc:524] Registering image #1598 (num_reg_frames=101)
2026-05-18T19:19:23 COLMAP[chunk_02_mapper_initial] I20260518 19:19:23.088435  5481 incremental_pipeline.cc:527] => Image sees 2977 / 7846 points
2026-05-18T19:19:24 COLMAP[chunk_02_mapper_initial] I20260518 19:19:24.178556  5481 incremental_pipeline.cc:78] Retriangulation and Global bundle adjustment
2026-05-18T19:20:08 COLMAP[chunk_02_mapper_initial] I20260518 19:20:07.920882  5481 incremental_pipeline.cc:524] Registering image #1585 (num_reg_frames=102)
2026-05-18T19:20:08 COLMAP[chunk_02_mapper_initial] I20260518 19:20:07.920979  5481 incremental_pipeline.cc:527] => Image sees 3798 / 6165 points
2026-05-18T19:20:10 COLMAP[chunk_02_mapper_initial] I20260518 19:20:09.222941  5481 incremental_pipeline.cc:524] Registering image #1599 (num_reg_frames=103)
2026-05-18T19:20:10 COLMAP[chunk_02_mapper_initial] I20260518 19:20:09.223006  5481 incremental_pipeline.cc:527] => Image sees 2861 / 7539 points
2026-05-18T19:20:11 COLMAP[chunk_02_mapper_initial] I20260518 19:20:10.453912  5481 incremental_pipeline.cc:524] Registering image #1340 (num_reg_frames=104)
2026-05-18T19:20:11 COLMAP[chunk_02_mapper_initial] I20260518 19:20:10.453960  5481 incremental_pipeline.cc:527] => Image sees 2895 / 6079 points
2026-05-18T19:20:12 COLMAP[chunk_02_mapper_initial] I20260518 19:20:11.658598  5481 incremental_pipeline.cc:524] Registering image #1347 (num_reg_frames=105)
2026-05-18T19:20:12 COLMAP[chunk_02_mapper_initial] I20260518 19:20:11.658656  5481 incremental_pipeline.cc:527] => Image sees 3140 / 5180 points
2026-05-18T19:20:13 COLMAP[chunk_02_mapper_initial] I20260518 19:20:12.893659  5481 incremental_pipeline.cc:524] Registering image #1576 (num_reg_frames=106)
2026-05-18T19:20:13 COLMAP[chunk_02_mapper_initial] I20260518 19:20:12.893731  5481 incremental_pipeline.cc:527] => Image sees 2176 / 5992 points
2026-05-18T19:20:14 COLMAP[chunk_02_mapper_initial] I20260518 19:20:14.025727  5481 incremental_pipeline.cc:524] Registering image #1341 (num_reg_frames=107)
2026-05-18T19:20:14 COLMAP[chunk_02_mapper_initial] I20260518 19:20:14.025782  5481 incremental_pipeline.cc:527] => Image sees 2463 / 6169 points
2026-05-18T19:20:15 COLMAP[chunk_02_mapper_initial] I20260518 19:20:15.138659  5481 incremental_pipeline.cc:524] Registering image #1348 (num_reg_frames=108)
2026-05-18T19:20:15 COLMAP[chunk_02_mapper_initial] I20260518 19:20:15.138716  5481 incremental_pipeline.cc:527] => Image sees 2823 / 6030 points
2026-05-18T19:20:17 COLMAP[chunk_02_mapper_initial] I20260518 19:20:16.295564  5481 incremental_pipeline.cc:524] Registering image #1583 (num_reg_frames=109)
2026-05-18T19:20:17 COLMAP[chunk_02_mapper_initial] I20260518 19:20:16.295624  5481 incremental_pipeline.cc:527] => Image sees 3164 / 7811 points
2026-05-18T19:20:18 COLMAP[chunk_02_mapper_initial] I20260518 19:20:17.546731  5481 incremental_pipeline.cc:524] Registering image #1600 (num_reg_frames=110)
2026-05-18T19:20:18 COLMAP[chunk_02_mapper_initial] I20260518 19:20:17.546780  5481 incremental_pipeline.cc:527] => Image sees 3145 / 7325 points
2026-05-18T19:20:19 COLMAP[chunk_02_mapper_initial] I20260518 19:20:18.792454  5481 incremental_pipeline.cc:524] Registering image #1602 (num_reg_frames=111)
2026-05-18T19:20:19 COLMAP[chunk_02_mapper_initial] I20260518 19:20:18.792511  5481 incremental_pipeline.cc:527] => Image sees 2862 / 7496 points
2026-05-18T19:20:20 COLMAP[chunk_02_mapper_initial] I20260518 19:20:19.993312  5481 incremental_pipeline.cc:78] Retriangulation and Global bundle adjustment
2026-05-18T19:20:45 COLMAP[chunk_02_mapper_initial] I20260518 19:20:44.727255  5481 incremental_pipeline.cc:524] Registering image #1603 (num_reg_frames=112)
2026-05-18T19:20:45 COLMAP[chunk_02_mapper_initial] I20260518 19:20:44.727340  5481 incremental_pipeline.cc:527] => Image sees 4186 / 7302 points
2026-05-18T19:20:46 COLMAP[chunk_02_mapper_initial] I20260518 19:20:46.123023  5481 incremental_pipeline.cc:524] Registering image #1346 (num_reg_frames=113)
2026-05-18T19:20:46 COLMAP[chunk_02_mapper_initial] I20260518 19:20:46.123077  5481 incremental_pipeline.cc:527] => Image sees 3022 / 6252 points
2026-05-18T19:20:48 COLMAP[chunk_02_mapper_initial] I20260518 19:20:47.315459  5481 incremental_pipeline.cc:524] Registering image #1328 (num_reg_frames=114)
2026-05-18T19:20:48 COLMAP[chunk_02_mapper_initial] I20260518 19:20:47.315513  5481 incremental_pipeline.cc:527] => Image sees 2893 / 4833 points
2026-05-18T19:20:49 COLMAP[chunk_02_mapper_initial] I20260518 19:20:48.441000  5481 incremental_pipeline.cc:524] Registering image #1605 (num_reg_frames=115)
2026-05-18T19:20:49 COLMAP[chunk_02_mapper_initial] I20260518 19:20:48.441057  5481 incremental_pipeline.cc:527] => Image sees 3126 / 5905 points
2026-05-18T19:20:50 COLMAP[chunk_02_mapper_initial] I20260518 19:20:49.756398  5481 incremental_pipeline.cc:524] Registering image #1342 (num_reg_frames=116)
2026-05-18T19:20:50 COLMAP[chunk_02_mapper_initial] I20260518 19:20:49.756449  5481 incremental_pipeline.cc:527] => Image sees 3018 / 6571 points
2026-05-18T19:20:51 COLMAP[chunk_02_mapper_initial] I20260518 19:20:51.001395  5481 incremental_pipeline.cc:524] Registering image #1345 (num_reg_frames=117)
2026-05-18T19:20:51 COLMAP[chunk_02_mapper_initial] I20260518 19:20:51.001451  5481 incremental_pipeline.cc:527] => Image sees 3218 / 6865 points
2026-05-18T19:20:53 COLMAP[chunk_02_mapper_initial] I20260518 19:20:52.253288  5481 incremental_pipeline.cc:524] Registering image #1343 (num_reg_frames=118)
2026-05-18T19:20:53 COLMAP[chunk_02_mapper_initial] I20260518 19:20:52.253341  5481 incremental_pipeline.cc:527] => Image sees 3858 / 7152 points
2026-05-18T19:20:54 COLMAP[chunk_02_mapper_initial] I20260518 19:20:53.664875  5481 incremental_pipeline.cc:524] Registering image #1344 (num_reg_frames=119)
2026-05-18T19:20:54 COLMAP[chunk_02_mapper_initial] I20260518 19:20:53.664929  5481 incremental_pipeline.cc:527] => Image sees 4729 / 7003 points
2026-05-18T19:20:55 COLMAP[chunk_02_mapper_initial] I20260518 19:20:55.078763  5481 incremental_pipeline.cc:524] Registering image #1327 (num_reg_frames=120)
2026-05-18T19:20:55 COLMAP[chunk_02_mapper_initial] I20260518 19:20:55.078819  5481 incremental_pipeline.cc:527] => Image sees 2747 / 4472 points
2026-05-18T19:20:56 COLMAP[chunk_02_mapper_initial] I20260518 19:20:56.206638  5481 incremental_pipeline.cc:524] Registering image #468 (num_reg_frames=121)
2026-05-18T19:20:56 COLMAP[chunk_02_mapper_initial] I20260518 19:20:56.206697  5481 incremental_pipeline.cc:527] => Image sees 3194 / 9384 points
2026-05-18T19:20:58 COLMAP[chunk_02_mapper_initial] I20260518 19:20:57.586818  5481 incremental_pipeline.cc:524] Registering image #469 (num_reg_frames=122)
2026-05-18T19:20:58 COLMAP[chunk_02_mapper_initial] I20260518 19:20:57.586869  5481 incremental_pipeline.cc:527] => Image sees 3893 / 9469 points
2026-05-18T19:20:59 COLMAP[chunk_02_mapper_initial] I20260518 19:20:59.096683  5481 incremental_pipeline.cc:524] Registering image #467 (num_reg_frames=123)
2026-05-18T19:20:59 COLMAP[chunk_02_mapper_initial] I20260518 19:20:59.096735  5481 incremental_pipeline.cc:527] => Image sees 3647 / 8636 points
2026-05-18T19:21:01 COLMAP[chunk_02_mapper_initial] I20260518 19:21:00.581144  5481 incremental_pipeline.cc:78] Retriangulation and Global bundle adjustment
2026-05-18T19:21:28 COLMAP[chunk_02_mapper_initial] I20260518 19:21:27.686691  5481 incremental_pipeline.cc:524] Registering image #466 (num_reg_frames=124)
2026-05-18T19:21:28 COLMAP[chunk_02_mapper_initial] I20260518 19:21:27.686776  5481 incremental_pipeline.cc:527] => Image sees 3273 / 7388 points
2026-05-18T19:21:29 COLMAP[chunk_02_mapper_initial] I20260518 19:21:29.183609  5481 incremental_pipeline.cc:524] Registering image #470 (num_reg_frames=125)
2026-05-18T19:21:29 COLMAP[chunk_02_mapper_initial] I20260518 19:21:29.183668  5481 incremental_pipeline.cc:527] => Image sees 3934 / 6182 points
2026-05-18T19:21:31 COLMAP[chunk_02_mapper_initial] I20260518 19:21:30.720961  5481 incremental_pipeline.cc:524] Registering image #471 (num_reg_frames=126)
2026-05-18T19:21:31 COLMAP[chunk_02_mapper_initial] I20260518 19:21:30.721010  5481 incremental_pipeline.cc:527] => Image sees 3915 / 6096 points
2026-05-18T19:21:32 COLMAP[chunk_02_mapper_initial] I20260518 19:21:32.215428  5481 incremental_pipeline.cc:524] Registering image #212 (num_reg_frames=127)
2026-05-18T19:21:32 COLMAP[chunk_02_mapper_initial] I20260518 19:21:32.215480  5481 incremental_pipeline.cc:527] => Image sees 2914 / 6664 points
2026-05-18T19:21:34 COLMAP[chunk_02_mapper_initial] I20260518 19:21:33.524845  5481 incremental_pipeline.cc:524] Registering image #235 (num_reg_frames=128)
2026-05-18T19:21:34 COLMAP[chunk_02_mapper_initial] I20260518 19:21:33.524901  5481 incremental_pipeline.cc:527] => Image sees 2874 / 6889 points
2026-05-18T19:21:35 COLMAP[chunk_02_mapper_initial] I20260518 19:21:34.844659  5481 incremental_pipeline.cc:524] Registering image #211 (num_reg_frames=129)
2026-05-18T19:21:35 COLMAP[chunk_02_mapper_initial] I20260518 19:21:34.844712  5481 incremental_pipeline.cc:527] => Image sees 3016 / 5981 points
2026-05-18T19:21:36 COLMAP[chunk_02_mapper_initial] I20260518 19:21:36.117344  5481 incremental_pipeline.cc:524] Registering image #230 (num_reg_frames=130)
2026-05-18T19:21:36 COLMAP[chunk_02_mapper_initial] I20260518 19:21:36.117396  5481 incremental_pipeline.cc:527] => Image sees 3473 / 7082 points
2026-05-18T19:21:38 COLMAP[chunk_02_mapper_initial] I20260518 19:21:37.440873  5481 incremental_pipeline.cc:524] Registering image #236 (num_reg_frames=131)
2026-05-18T19:21:38 COLMAP[chunk_02_mapper_initial] I20260518 19:21:37.440920  5481 incremental_pipeline.cc:527] => Image sees 2779 / 6457 points
2026-05-18T19:21:39 COLMAP[chunk_02_mapper_initial] I20260518 19:21:38.762379  5481 incremental_pipeline.cc:524] Registering image #447 (num_reg_frames=132)
2026-05-18T19:21:39 COLMAP[chunk_02_mapper_initial] I20260518 19:21:38.762439  5481 incremental_pipeline.cc:527] => Image sees 3183 / 6756 points
2026-05-18T19:21:40 COLMAP[chunk_02_mapper_initial] I20260518 19:21:40.116240  5481 incremental_pipeline.cc:524] Registering image #448 (num_reg_frames=133)
2026-05-18T19:21:40 COLMAP[chunk_02_mapper_initial] I20260518 19:21:40.116302  5481 incremental_pipeline.cc:527] => Image sees 3185 / 6997 points
2026-05-18T19:21:42 COLMAP[chunk_02_mapper_initial] I20260518 19:21:41.434069  5481 incremental_pipeline.cc:524] Registering image #439 (num_reg_frames=134)
2026-05-18T19:21:42 COLMAP[chunk_02_mapper_initial] I20260518 19:21:41.434118  5481 incremental_pipeline.cc:527] => Image sees 3160 / 7306 points
2026-05-18T19:21:43 COLMAP[chunk_02_mapper_initial] I20260518 19:21:42.709017  5481 incremental_pipeline.cc:524] Registering image #1601 (num_reg_frames=135)
2026-05-18T19:21:43 COLMAP[chunk_02_mapper_initial] I20260518 19:21:42.709066  5481 incremental_pipeline.cc:527] => Image sees 3462 / 8323 points
2026-05-18T19:21:45 COLMAP[chunk_02_mapper_initial] I20260518 19:21:44.240173  5481 incremental_pipeline.cc:524] Registering image #1604 (num_reg_frames=136)
2026-05-18T19:21:45 COLMAP[chunk_02_mapper_initial] I20260518 19:21:44.240233  5481 incremental_pipeline.cc:527] => Image sees 3504 / 8050 points
2026-05-18T19:21:46 COLMAP[chunk_02_mapper_initial] I20260518 19:21:45.623399  5481 incremental_pipeline.cc:78] Retriangulation and Global bundle adjustment
2026-05-18T19:22:16 COLMAP[chunk_02_mapper_initial] I20260518 19:22:15.764490  5481 incremental_pipeline.cc:524] Registering image #256 (num_reg_frames=137)
2026-05-18T19:22:16 COLMAP[chunk_02_mapper_initial] I20260518 19:22:15.764567  5481 incremental_pipeline.cc:527] => Image sees 2296 / 6817 points
2026-05-18T19:22:17 COLMAP[chunk_02_mapper_initial] I20260518 19:22:16.910363  5481 incremental_pipeline.cc:524] Registering image #266 (num_reg_frames=138)
2026-05-18T19:22:17 COLMAP[chunk_02_mapper_initial] I20260518 19:22:16.910420  5481 incremental_pipeline.cc:527] => Image sees 2555 / 7499 points
2026-05-18T19:22:18 COLMAP[chunk_02_mapper_initial] I20260518 19:22:18.090934  5481 incremental_pipeline.cc:524] Registering image #1628 (num_reg_frames=139)
2026-05-18T19:22:18 COLMAP[chunk_02_mapper_initial] I20260518 19:22:18.090991  5481 incremental_pipeline.cc:527] => Image sees 2884 / 7949 points
2026-05-18T19:22:20 COLMAP[chunk_02_mapper_initial] I20260518 19:22:19.367158  5481 incremental_pipeline.cc:524] Registering image #255 (num_reg_frames=140)
2026-05-18T19:22:20 COLMAP[chunk_02_mapper_initial] I20260518 19:22:19.367219  5481 incremental_pipeline.cc:527] => Image sees 3272 / 8757 points
2026-05-18T19:22:21 COLMAP[chunk_02_mapper_initial] I20260518 19:22:20.680126  5481 incremental_pipeline.cc:524] Registering image #416 (num_reg_frames=141)
2026-05-18T19:22:21 COLMAP[chunk_02_mapper_initial] I20260518 19:22:20.680181  5481 incremental_pipeline.cc:527] => Image sees 3100 / 7745 points
2026-05-18T19:22:22 COLMAP[chunk_02_mapper_initial] I20260518 19:22:22.037282  5481 incremental_pipeline.cc:524] Registering image #267 (num_reg_frames=142)
2026-05-18T19:22:22 COLMAP[chunk_02_mapper_initial] I20260518 19:22:22.037335  5481 incremental_pipeline.cc:527] => Image sees 4039 / 7952 points
2026-05-18T19:22:24 COLMAP[chunk_02_mapper_initial] I20260518 19:22:23.511111  5481 incremental_pipeline.cc:524] Registering image #402 (num_reg_frames=143)
2026-05-18T19:22:24 COLMAP[chunk_02_mapper_initial] I20260518 19:22:23.511162  5481 incremental_pipeline.cc:527] => Image sees 3715 / 8408 points
2026-05-18T19:22:25 COLMAP[chunk_02_mapper_initial] I20260518 19:22:25.005199  5481 incremental_pipeline.cc:524] Registering image #293 (num_reg_frames=144)
2026-05-18T19:22:25 COLMAP[chunk_02_mapper_initial] I20260518 19:22:25.005257  5481 incremental_pipeline.cc:527] => Image sees 3817 / 8397 points
2026-05-18T19:22:27 COLMAP[chunk_02_mapper_initial] I20260518 19:22:26.578087  5481 incremental_pipeline.cc:524] Registering image #401 (num_reg_frames=145)
2026-05-18T19:22:27 COLMAP[chunk_02_mapper_initial] I20260518 19:22:26.578140  5481 incremental_pipeline.cc:527] => Image sees 3828 / 8149 points
2026-05-18T19:22:28 COLMAP[chunk_02_mapper_initial] I20260518 19:22:28.177146  5481 incremental_pipeline.cc:524] Registering image #292 (num_reg_frames=146)
2026-05-18T19:22:28 COLMAP[chunk_02_mapper_initial] I20260518 19:22:28.177199  5481 incremental_pipeline.cc:527] => Image sees 4433 / 8262 points
2026-05-18T19:22:30 COLMAP[chunk_02_mapper_initial] I20260518 19:22:29.869319  5481 incremental_pipeline.cc:524] Registering image #312 (num_reg_frames=147)
2026-05-18T19:22:30 COLMAP[chunk_02_mapper_initial] I20260518 19:22:29.869380  5481 incremental_pipeline.cc:527] => Image sees 3453 / 8003 points
2026-05-18T19:22:32 COLMAP[chunk_02_mapper_initial] I20260518 19:22:31.516885  5481 incremental_pipeline.cc:524] Registering image #371 (num_reg_frames=148)
2026-05-18T19:22:32 COLMAP[chunk_02_mapper_initial] I20260518 19:22:31.516939  5481 incremental_pipeline.cc:527] => Image sees 3559 / 7755 points
2026-05-18T19:22:33 COLMAP[chunk_02_mapper_initial] I20260518 19:22:33.192739  5481 incremental_pipeline.cc:524] Registering image #372 (num_reg_frames=149)
2026-05-18T19:22:33 COLMAP[chunk_02_mapper_initial] I20260518 19:22:33.192800  5481 incremental_pipeline.cc:527] => Image sees 3912 / 7693 points
2026-05-18T19:22:35 COLMAP[chunk_02_mapper_initial] I20260518 19:22:34.852509  5481 incremental_pipeline.cc:524] Registering image #346 (num_reg_frames=150)
2026-05-18T19:22:35 COLMAP[chunk_02_mapper_initial] I20260518 19:22:34.852566  5481 incremental_pipeline.cc:527] => Image sees 3312 / 5682 points
2026-05-18T19:22:37 COLMAP[chunk_02_mapper_initial] I20260518 19:22:36.365769  5481 incremental_pipeline.cc:78] Retriangulation and Global bundle adjustment
2026-05-18T19:23:13 COLMAP[chunk_02_mapper_initial] I20260518 19:23:12.482401  5481 incremental_pipeline.cc:524] Registering image #1629 (num_reg_frames=151)
2026-05-18T19:23:13 COLMAP[chunk_02_mapper_initial] I20260518 19:23:12.482492  5481 incremental_pipeline.cc:527] => Image sees 3080 / 5995 points
2026-05-18T19:23:14 COLMAP[chunk_02_mapper_initial] I20260518 19:23:13.980090  5481 incremental_pipeline.cc:524] Registering image #653 (num_reg_frames=152)
2026-05-18T19:23:14 COLMAP[chunk_02_mapper_initial] I20260518 19:23:13.980144  5481 incremental_pipeline.cc:527] => Image sees 269 / 5984 points
2026-05-18T19:23:15 COLMAP[chunk_02_mapper_initial] I20260518 19:23:14.824442  5481 incremental_pipeline.cc:524] Registering image #652 (num_reg_frames=153)
2026-05-18T19:23:15 COLMAP[chunk_02_mapper_initial] I20260518 19:23:14.824497  5481 incremental_pipeline.cc:527] => Image sees 327 / 5703 points
2026-05-18T19:23:16 COLMAP[chunk_02_mapper_initial] I20260518 19:23:15.760885  5481 incremental_pipeline.cc:524] Registering image #581 (num_reg_frames=154)
2026-05-18T19:23:16 COLMAP[chunk_02_mapper_initial] I20260518 19:23:15.760941  5481 incremental_pipeline.cc:527] => Image sees 1152 / 5799 points
2026-05-18T19:23:17 COLMAP[chunk_02_mapper_initial] I20260518 19:23:16.648751  5481 incremental_pipeline.cc:524] Registering image #607 (num_reg_frames=155)
2026-05-18T19:23:17 COLMAP[chunk_02_mapper_initial] I20260518 19:23:16.648800  5481 incremental_pipeline.cc:527] => Image sees 1250 / 6565 points
2026-05-18T19:23:18 COLMAP[chunk_02_mapper_initial] I20260518 19:23:17.679054  5481 incremental_pipeline.cc:524] Registering image #536 (num_reg_frames=156)
2026-05-18T19:23:18 COLMAP[chunk_02_mapper_initial] I20260518 19:23:17.679111  5481 incremental_pipeline.cc:527] => Image sees 1719 / 5999 points
2026-05-18T19:23:19 COLMAP[chunk_02_mapper_initial] I20260518 19:23:18.770354  5481 incremental_pipeline.cc:524] Registering image #535 (num_reg_frames=157)
2026-05-18T19:23:19 COLMAP[chunk_02_mapper_initial] I20260518 19:23:18.770406  5481 incremental_pipeline.cc:527] => Image sees 2641 / 6011 points
2026-05-18T19:23:20 COLMAP[chunk_02_mapper_initial] I20260518 19:23:19.933454  5481 incremental_pipeline.cc:524] Registering image #537 (num_reg_frames=158)
2026-05-18T19:23:20 COLMAP[chunk_02_mapper_initial] I20260518 19:23:19.933504  5481 incremental_pipeline.cc:527] => Image sees 2061 / 5776 points
2026-05-18T19:23:21 COLMAP[chunk_02_mapper_initial] I20260518 19:23:21.190559  5481 incremental_pipeline.cc:524] Registering image #654 (num_reg_frames=159)
2026-05-18T19:23:21 COLMAP[chunk_02_mapper_initial] I20260518 19:23:21.190614  5481 incremental_pipeline.cc:527] => Image sees 1906 / 3339 points
2026-05-18T19:23:23 COLMAP[chunk_02_mapper_initial] I20260518 19:23:22.258878  5481 incremental_pipeline.cc:524] Registering image #538 (num_reg_frames=160)
2026-05-18T19:23:23 COLMAP[chunk_02_mapper_initial] I20260518 19:23:22.258937  5481 incremental_pipeline.cc:527] => Image sees 1965 / 3699 points
2026-05-18T19:23:24 COLMAP[chunk_02_mapper_initial] I20260518 19:23:23.334388  5481 incremental_pipeline.cc:524] Registering image #624 (num_reg_frames=161)
2026-05-18T19:23:24 COLMAP[chunk_02_mapper_initial] I20260518 19:23:23.334446  5481 incremental_pipeline.cc:527] => Image sees 2610 / 3969 points
2026-05-18T19:23:25 COLMAP[chunk_02_mapper_initial] I20260518 19:23:24.535606  5481 incremental_pipeline.cc:524] Registering image #582 (num_reg_frames=162)
2026-05-18T19:23:25 COLMAP[chunk_02_mapper_initial] I20260518 19:23:24.535663  5481 incremental_pipeline.cc:527] => Image sees 145 / 2357 points
2026-05-18T19:23:25 COLMAP[chunk_02_mapper_initial] I20260518 19:23:24.544477  5481 incremental_pipeline.cc:550] => Could not register, trying another image.
2026-05-18T19:23:25 COLMAP[chunk_02_mapper_initial] I20260518 19:23:24.544504  5481 incremental_pipeline.cc:524] Registering image #584 (num_reg_frames=162)
2026-05-18T19:23:25 COLMAP[chunk_02_mapper_initial] I20260518 19:23:24.544514  5481 incremental_pipeline.cc:527] => Image sees 141 / 4418 points
2026-05-18T19:23:25 COLMAP[chunk_02_mapper_initial] I20260518 19:23:24.968165  5481 incremental_pipeline.cc:524] Registering image #738 (num_reg_frames=163)
2026-05-18T19:23:25 COLMAP[chunk_02_mapper_initial] I20260518 19:23:24.968215  5481 incremental_pipeline.cc:527] => Image sees 98 / 4890 points
2026-05-18T19:23:26 COLMAP[chunk_02_mapper_initial] I20260518 19:23:25.434309  5481 incremental_pipeline.cc:524] Registering image #737 (num_reg_frames=164)
2026-05-18T19:23:26 COLMAP[chunk_02_mapper_initial] I20260518 19:23:25.434363  5481 incremental_pipeline.cc:527] => Image sees 86 / 6930 points
2026-05-18T19:23:27 COLMAP[chunk_02_mapper_initial] I20260518 19:23:26.395371  5481 incremental_pipeline.cc:524] Registering image #782 (num_reg_frames=165)
2026-05-18T19:23:27 COLMAP[chunk_02_mapper_initial] I20260518 19:23:26.395430  5481 incremental_pipeline.cc:527] => Image sees 1219 / 6701 points
2026-05-18T19:23:28 COLMAP[chunk_02_mapper_initial] I20260518 19:23:27.487174  5481 incremental_pipeline.cc:524] Registering image #781 (num_reg_frames=166)
2026-05-18T19:23:28 COLMAP[chunk_02_mapper_initial] I20260518 19:23:27.487226  5481 incremental_pipeline.cc:527] => Image sees 1684 / 6335 points
2026-05-18T19:23:29 COLMAP[chunk_02_mapper_initial] I20260518 19:23:28.589546  5481 incremental_pipeline.cc:78] Retriangulation and Global bundle adjustment
2026-05-18T19:23:47 COLMAP[chunk_02_mapper_initial] I20260518 19:23:46.856509  5481 incremental_pipeline.cc:524] Registering image #783 (num_reg_frames=167)
2026-05-18T19:23:47 COLMAP[chunk_02_mapper_initial] I20260518 19:23:46.856590  5481 incremental_pipeline.cc:527] => Image sees 2144 / 5637 points
2026-05-18T19:23:48 COLMAP[chunk_02_mapper_initial] I20260518 19:23:48.070118  5481 incremental_pipeline.cc:524] Registering image #736 (num_reg_frames=168)
2026-05-18T19:23:48 COLMAP[chunk_02_mapper_initial] I20260518 19:23:48.070170  5481 incremental_pipeline.cc:527] => Image sees 2569 / 6225 points
2026-05-18T19:23:49 COLMAP[chunk_02_mapper_initial] I20260518 19:23:49.244292  5481 incremental_pipeline.cc:524] Registering image #780 (num_reg_frames=169)
2026-05-18T19:23:49 COLMAP[chunk_02_mapper_initial] I20260518 19:23:49.244349  5481 incremental_pipeline.cc:527] => Image sees 2525 / 5288 points
2026-05-18T19:23:51 COLMAP[chunk_02_mapper_initial] I20260518 19:23:50.419287  5481 incremental_pipeline.cc:524] Registering image #695 (num_reg_frames=170)
2026-05-18T19:23:51 COLMAP[chunk_02_mapper_initial] I20260518 19:23:50.419343  5481 incremental_pipeline.cc:527] => Image sees 2259 / 5621 points
2026-05-18T19:23:52 COLMAP[chunk_02_mapper_initial] I20260518 19:23:51.616135  5481 incremental_pipeline.cc:524] Registering image #696 (num_reg_frames=171)
2026-05-18T19:23:52 COLMAP[chunk_02_mapper_initial] I20260518 19:23:51.616189  5481 incremental_pipeline.cc:527] => Image sees 2202 / 4258 points
2026-05-18T19:23:53 COLMAP[chunk_02_mapper_initial] I20260518 19:23:52.817703  5481 incremental_pipeline.cc:524] Registering image #702 (num_reg_frames=172)
2026-05-18T19:23:53 COLMAP[chunk_02_mapper_initial] I20260518 19:23:52.817754  5481 incremental_pipeline.cc:527] => Image sees 2115 / 7278 points
2026-05-18T19:23:54 COLMAP[chunk_02_mapper_initial] I20260518 19:23:53.976106  5481 incremental_pipeline.cc:524] Registering image #703 (num_reg_frames=173)
2026-05-18T19:23:54 COLMAP[chunk_02_mapper_initial] I20260518 19:23:53.976155  5481 incremental_pipeline.cc:527] => Image sees 2205 / 7609 points
2026-05-18T19:23:56 COLMAP[chunk_02_mapper_initial] I20260518 19:23:55.275740  5481 incremental_pipeline.cc:524] Registering image #704 (num_reg_frames=174)
2026-05-18T19:23:56 COLMAP[chunk_02_mapper_initial] I20260518 19:23:55.275794  5481 incremental_pipeline.cc:527] => Image sees 3046 / 7227 points
2026-05-18T19:23:57 COLMAP[chunk_02_mapper_initial] I20260518 19:23:56.481081  5481 incremental_pipeline.cc:524] Registering image #705 (num_reg_frames=175)
2026-05-18T19:23:57 COLMAP[chunk_02_mapper_initial] I20260518 19:23:56.481140  5481 incremental_pipeline.cc:527] => Image sees 3051 / 6491 points
2026-05-18T19:23:58 COLMAP[chunk_02_mapper_initial] I20260518 19:23:57.765779  5481 incremental_pipeline.cc:524] Registering image #747 (num_reg_frames=176)
2026-05-18T19:23:58 COLMAP[chunk_02_mapper_initial] I20260518 19:23:57.765828  5481 incremental_pipeline.cc:527] => Image sees 2812 / 5312 points
2026-05-18T19:23:59 COLMAP[chunk_02_mapper_initial] I20260518 19:23:59.014490  5481 incremental_pipeline.cc:524] Registering image #746 (num_reg_frames=177)
2026-05-18T19:23:59 COLMAP[chunk_02_mapper_initial] I20260518 19:23:59.014539  5481 incremental_pipeline.cc:527] => Image sees 3308 / 5871 points
2026-05-18T19:24:01 COLMAP[chunk_02_mapper_initial] I20260518 19:24:00.272914  5481 incremental_pipeline.cc:524] Registering image #745 (num_reg_frames=178)
2026-05-18T19:24:01 COLMAP[chunk_02_mapper_initial] I20260518 19:24:00.272967  5481 incremental_pipeline.cc:527] => Image sees 3427 / 4896 points
2026-05-18T19:24:02 COLMAP[chunk_02_mapper_initial] I20260518 19:24:01.499145  5481 incremental_pipeline.cc:524] Registering image #790 (num_reg_frames=179)
2026-05-18T19:24:02 COLMAP[chunk_02_mapper_initial] I20260518 19:24:01.499205  5481 incremental_pipeline.cc:527] => Image sees 88 / 6795 points
2026-05-18T19:24:03 COLMAP[chunk_02_mapper_initial] I20260518 19:24:02.394764  5481 incremental_pipeline.cc:524] Registering image #583 (num_reg_frames=180)
2026-05-18T19:24:03 COLMAP[chunk_02_mapper_initial] I20260518 19:24:02.394819  5481 incremental_pipeline.cc:527] => Image sees 52 / 4610 points
2026-05-18T19:24:03 COLMAP[chunk_02_mapper_initial] I20260518 19:24:02.400098  5481 incremental_pipeline.cc:550] => Could not register, trying another image.
2026-05-18T19:24:03 COLMAP[chunk_02_mapper_initial] I20260518 19:24:02.400133  5481 incremental_pipeline.cc:524] Registering image #789 (num_reg_frames=180)
2026-05-18T19:24:03 COLMAP[chunk_02_mapper_initial] I20260518 19:24:02.400144  5481 incremental_pipeline.cc:527] => Image sees 55 / 6763 points
2026-05-18T19:24:03 COLMAP[chunk_02_mapper_initial] I20260518 19:24:03.031824  5481 incremental_pipeline.cc:524] Registering image #792 (num_reg_frames=181)
2026-05-18T19:24:03 COLMAP[chunk_02_mapper_initial] I20260518 19:24:03.031874  5481 incremental_pipeline.cc:527] => Image sees 44 / 3330 points
2026-05-18T19:24:04 COLMAP[chunk_02_mapper_initial] I20260518 19:24:03.831820  5481 incremental_pipeline.cc:524] Registering image #791 (num_reg_frames=182)
2026-05-18T19:24:04 COLMAP[chunk_02_mapper_initial] I20260518 19:24:03.831873  5481 incremental_pipeline.cc:527] => Image sees 995 / 3718 points
2026-05-18T19:24:05 COLMAP[chunk_02_mapper_initial] I20260518 19:24:04.647904  5481 incremental_pipeline.cc:524] Registering image #796 (num_reg_frames=183)
2026-05-18T19:24:05 COLMAP[chunk_02_mapper_initial] I20260518 19:24:04.647950  5481 incremental_pipeline.cc:527] => Image sees 49 / 138 points
2026-05-18T19:24:05 COLMAP[chunk_02_mapper_initial] I20260518 19:24:05.159464  5481 incremental_pipeline.cc:78] Retriangulation and Global bundle adjustment
2026-05-18T19:24:46 COLMAP[chunk_02_mapper_initial] I20260518 19:24:45.299446  5481 incremental_pipeline.cc:524] Registering image #582 (num_reg_frames=184)
2026-05-18T19:24:46 COLMAP[chunk_02_mapper_initial] I20260518 19:24:45.299535  5481 incremental_pipeline.cc:527] => Image sees 147 / 2357 points
2026-05-18T19:24:46 COLMAP[chunk_02_mapper_initial] I20260518 19:24:45.308863  5481 incremental_pipeline.cc:550] => Could not register, trying another image.
2026-05-18T19:24:46 COLMAP[chunk_02_mapper_initial] I20260518 19:24:45.308894  5481 incremental_pipeline.cc:524] Registering image #583 (num_reg_frames=184)
2026-05-18T19:24:46 COLMAP[chunk_02_mapper_initial] I20260518 19:24:45.308904  5481 incremental_pipeline.cc:527] => Image sees 52 / 4610 points
2026-05-18T19:24:46 COLMAP[chunk_02_mapper_initial] I20260518 19:24:45.313934  5481 incremental_pipeline.cc:550] => Could not register, trying another image.
2026-05-18T19:24:46 COLMAP[chunk_02_mapper_initial] I20260518 19:24:45.313979  5481 incremental_pipeline.cc:524] Registering image #583 (num_reg_frames=184)
2026-05-18T19:24:46 COLMAP[chunk_02_mapper_initial] I20260518 19:24:45.313989  5481 incremental_pipeline.cc:527] => Image sees 52 / 4610 points
2026-05-18T19:24:46 COLMAP[chunk_02_mapper_initial] I20260518 19:24:45.313999  5481 incremental_pipeline.cc:533] Registering image with structure-less fallback
2026-05-18T19:24:46 COLMAP[chunk_02_mapper_initial] I20260518 19:24:45.314009  5481 incremental_pipeline.cc:535] => Image sees 3924 / 5759 correspondences
2026-05-18T19:24:46 COLMAP[chunk_02_mapper_initial] I20260518 19:24:45.652463  5481 incremental_pipeline.cc:550] => Could not register, trying another image.
2026-05-18T19:24:46 COLMAP[chunk_02_mapper_initial] I20260518 19:24:45.652611  5481 incremental_pipeline.cc:524] Registering image #582 (num_reg_frames=185)
2026-05-18T19:24:46 COLMAP[chunk_02_mapper_initial] I20260518 19:24:45.652647  5481 incremental_pipeline.cc:527] => Image sees 147 / 2357 points
2026-05-18T19:24:46 COLMAP[chunk_02_mapper_initial] I20260518 19:24:45.652673  5481 incremental_pipeline.cc:533] Registering image with structure-less fallback
2026-05-18T19:24:46 COLMAP[chunk_02_mapper_initial] I20260518 19:24:45.652697  5481 incremental_pipeline.cc:535] => Image sees 3423 / 3423 correspondences
2026-05-18T19:24:46 COLMAP[chunk_02_mapper_initial] I20260518 19:24:45.972399  5481 incremental_pipeline.cc:550] => Could not register, trying another image.
2026-05-18T19:24:46 COLMAP[chunk_02_mapper_initial] I20260518 19:24:45.972541  5481 incremental_pipeline.cc:78] Retriangulation and Global bundle adjustment
2026-05-18T19:25:31 COLMAP[chunk_02_mapper_initial] I20260518 19:25:30.504027  5481 incremental_pipeline.cc:78] Retriangulation and Global bundle adjustment
2026-05-18T19:26:29 COLMAP[chunk_02_mapper_initial] I20260518 19:26:28.753940  5481 incremental_pipeline.cc:710] Keeping successful reconstruction
2026-05-18T19:26:29 COLMAP[chunk_02_mapper_initial] I20260518 19:26:29.055419  5481 timer.cc:90] Elapsed time: 12.363 [minutes]
2026-05-18T19:26:29 2026-05-18 19:26:29,142 - INFO - [chunk_02_mapper_initial_model_converter_0] colmap model_converter --input_path /tmp/colmap_sfm_rcnmny4o/chunk_02/sparse_initial/0 --output_path /tmp/colmap_sfm_rcnmny4o/text_models/chunk_02_mapper_initial/0 --output_type TXT
2026-05-18T19:26:34 2026-05-18 19:26:33,769 - INFO - chunk_02_mapper_initial model 0 registered 186/186 images and 165804 points
2026-05-18T19:27:28 2026-05-18 19:27:27,515 - INFO - Prepared chunk 3 database by pruning global features down to 188 images
2026-05-18T19:27:28 2026-05-18 19:27:27,516 - INFO - [chunk_03_spatial_matcher] colmap spatial_matcher --database_path /tmp/colmap_sfm_rcnmny4o/chunk_03/database.db --FeatureMatching.use_gpu 1 --FeatureMatching.guided_matching 1 --SpatialMatching.ignore_z 0 --SpatialMatching.max_num_neighbors 12 --SpatialMatching.max_distance 120.0
2026-05-18T19:27:28 COLMAP[chunk_03_spatial_matcher] I20260518 19:27:27.712800  6983 feature_matching.cc:195] === Feature matching & geometric verification ===
2026-05-18T19:27:28 COLMAP[chunk_03_spatial_matcher] I20260518 19:27:27.787279  6984 feature_matching_utils.cc:80] Bind FeatureMatcherWorker to GPU device 0
2026-05-18T19:27:28 COLMAP[chunk_03_spatial_matcher] I20260518 19:27:27.787285  6990 feature_matching_utils.cc:80] Bind FeatureMatcherWorker to GPU device 0
2026-05-18T19:27:28 COLMAP[chunk_03_spatial_matcher] I20260518 19:27:27.788105  6984 sift.cc:1547] Creating SIFT GPU feature matcher
2026-05-18T19:27:28 COLMAP[chunk_03_spatial_matcher] I20260518 19:27:27.788108  6990 sift.cc:1547] Creating SIFT GPU feature matcher
2026-05-18T19:27:28 COLMAP[chunk_03_spatial_matcher] I20260518 19:27:27.792058  6983 pairing.cc:560] Generating spatial image pairs...
2026-05-18T19:27:28 COLMAP[chunk_03_spatial_matcher] I20260518 19:27:27.792088  6983 pairing.cc:565] Indexing images...
2026-05-18T19:27:28 COLMAP[chunk_03_spatial_matcher] I20260518 19:27:27.793511  6983 pairing.cc:570]  in 0.001s
2026-05-18T19:27:28 COLMAP[chunk_03_spatial_matcher] I20260518 19:27:27.793540  6983 pairing.cc:584] Building search index...
2026-05-18T19:27:28 COLMAP[chunk_03_spatial_matcher] I20260518 19:27:27.793558  6983 pairing.cc:589]  in 0.000s
2026-05-18T19:27:28 COLMAP[chunk_03_spatial_matcher] I20260518 19:27:27.793569  6983 pairing.cc:592] Searching for nearest neighbors...
2026-05-18T19:27:28 COLMAP[chunk_03_spatial_matcher] I20260518 19:27:27.811506  6983 pairing.cc:608]  in 0.018s
2026-05-18T19:27:28 COLMAP[chunk_03_spatial_matcher] I20260518 19:27:27.811852  6983 pairing.cc:631] Processing image [1/188]
2026-05-18T19:27:28 COLMAP[chunk_03_spatial_matcher] I20260518 19:27:28.315836  6983 feature_matching.cc:217] in 0.504s
2026-05-18T19:27:28 COLMAP[chunk_03_spatial_matcher] I20260518 19:27:28.315893  6983 pairing.cc:631] Processing image [2/188]
2026-05-18T19:27:29 COLMAP[chunk_03_spatial_matcher] I20260518 19:27:28.792900  6983 feature_matching.cc:217] in 0.477s
2026-05-18T19:27:29 COLMAP[chunk_03_spatial_matcher] I20260518 19:27:28.792958  6983 pairing.cc:631] Processing image [3/188]
2026-05-18T19:27:30 COLMAP[chunk_03_spatial_matcher] I20260518 19:27:29.325208  6983 feature_matching.cc:217] in 0.532s
2026-05-18T19:27:30 COLMAP[chunk_03_spatial_matcher] I20260518 19:27:29.325261  6983 pairing.cc:631] Processing image [4/188]
2026-05-18T19:27:30 COLMAP[chunk_03_spatial_matcher] I20260518 19:27:29.580310  6983 feature_matching.cc:217] in 0.255s
2026-05-18T19:27:30 COLMAP[chunk_03_spatial_matcher] I20260518 19:27:29.580360  6983 pairing.cc:631] Processing image [5/188]
2026-05-18T19:27:30 COLMAP[chunk_03_spatial_matcher] I20260518 19:27:29.899082  6983 feature_matching.cc:217] in 0.319s
2026-05-18T19:27:30 COLMAP[chunk_03_spatial_matcher] I20260518 19:27:29.899134  6983 pairing.cc:631] Processing image [6/188]
2026-05-18T19:27:31 COLMAP[chunk_03_spatial_matcher] I20260518 19:27:30.438446  6983 feature_matching.cc:217] in 0.539s
2026-05-18T19:27:31 COLMAP[chunk_03_spatial_matcher] I20260518 19:27:30.438508  6983 pairing.cc:631] Processing image [7/188]
2026-05-18T19:27:31 COLMAP[chunk_03_spatial_matcher] I20260518 19:27:30.709870  6983 feature_matching.cc:217] in 0.271s
2026-05-18T19:27:31 COLMAP[chunk_03_spatial_matcher] I20260518 19:27:30.709923  6983 pairing.cc:631] Processing image [8/188]
2026-05-18T19:27:31 COLMAP[chunk_03_spatial_matcher] I20260518 19:27:31.025858  6983 feature_matching.cc:217] in 0.316s
2026-05-18T19:27:31 COLMAP[chunk_03_spatial_matcher] I20260518 19:27:31.025907  6983 pairing.cc:631] Processing image [9/188]
2026-05-18T19:27:32 COLMAP[chunk_03_spatial_matcher] I20260518 19:27:31.632802  6983 feature_matching.cc:217] in 0.607s
2026-05-18T19:27:32 COLMAP[chunk_03_spatial_matcher] I20260518 19:27:31.632854  6983 pairing.cc:631] Processing image [10/188]
2026-05-18T19:27:32 COLMAP[chunk_03_spatial_matcher] I20260518 19:27:32.198159  6983 feature_matching.cc:217] in 0.565s
2026-05-18T19:27:32 COLMAP[chunk_03_spatial_matcher] I20260518 19:27:32.198216  6983 pairing.cc:631] Processing image [11/188]
2026-05-18T19:27:33 COLMAP[chunk_03_spatial_matcher] I20260518 19:27:32.923681  6983 feature_matching.cc:217] in 0.725s
2026-05-18T19:27:33 COLMAP[chunk_03_spatial_matcher] I20260518 19:27:32.923739  6983 pairing.cc:631] Processing image [12/188]
2026-05-18T19:27:34 COLMAP[chunk_03_spatial_matcher] I20260518 19:27:34.256563  6983 feature_matching.cc:217] in 1.333s
2026-05-18T19:27:34 COLMAP[chunk_03_spatial_matcher] I20260518 19:27:34.256620  6983 pairing.cc:631] Processing image [13/188]
2026-05-18T19:27:36 COLMAP[chunk_03_spatial_matcher] I20260518 19:27:35.545123  6983 feature_matching.cc:217] in 1.289s
2026-05-18T19:27:36 COLMAP[chunk_03_spatial_matcher] I20260518 19:27:35.545171  6983 pairing.cc:631] Processing image [14/188]
2026-05-18T19:27:36 COLMAP[chunk_03_spatial_matcher] I20260518 19:27:35.941886  6983 feature_matching.cc:217] in 0.397s
2026-05-18T19:27:36 COLMAP[chunk_03_spatial_matcher] I20260518 19:27:35.941941  6983 pairing.cc:631] Processing image [15/188]
2026-05-18T19:27:37 COLMAP[chunk_03_spatial_matcher] I20260518 19:27:36.483903  6983 feature_matching.cc:217] in 0.542s
2026-05-18T19:27:37 COLMAP[chunk_03_spatial_matcher] I20260518 19:27:36.483961  6983 pairing.cc:631] Processing image [16/188]
2026-05-18T19:27:37 COLMAP[chunk_03_spatial_matcher] I20260518 19:27:37.107764  6983 feature_matching.cc:217] in 0.624s
2026-05-18T19:27:37 COLMAP[chunk_03_spatial_matcher] I20260518 19:27:37.107821  6983 pairing.cc:631] Processing image [17/188]
2026-05-18T19:27:38 COLMAP[chunk_03_spatial_matcher] I20260518 19:27:37.730554  6983 feature_matching.cc:217] in 0.623s
2026-05-18T19:27:38 COLMAP[chunk_03_spatial_matcher] I20260518 19:27:37.730608  6983 pairing.cc:631] Processing image [18/188]
2026-05-18T19:27:39 COLMAP[chunk_03_spatial_matcher] I20260518 19:27:38.327858  6983 feature_matching.cc:217] in 0.597s
2026-05-18T19:27:39 COLMAP[chunk_03_spatial_matcher] I20260518 19:27:38.327917  6983 pairing.cc:631] Processing image [19/188]
2026-05-18T19:27:39 COLMAP[chunk_03_spatial_matcher] I20260518 19:27:38.743968  6983 feature_matching.cc:217] in 0.416s
2026-05-18T19:27:39 COLMAP[chunk_03_spatial_matcher] I20260518 19:27:38.744025  6983 pairing.cc:631] Processing image [20/188]
2026-05-18T19:27:39 COLMAP[chunk_03_spatial_matcher] I20260518 19:27:39.177841  6983 feature_matching.cc:217] in 0.434s
2026-05-18T19:27:39 COLMAP[chunk_03_spatial_matcher] I20260518 19:27:39.177889  6983 pairing.cc:631] Processing image [21/188]
2026-05-18T19:27:40 COLMAP[chunk_03_spatial_matcher] I20260518 19:27:39.628394  6983 feature_matching.cc:217] in 0.451s
2026-05-18T19:27:40 COLMAP[chunk_03_spatial_matcher] I20260518 19:27:39.628443  6983 pairing.cc:631] Processing image [22/188]
2026-05-18T19:27:40 COLMAP[chunk_03_spatial_matcher] I20260518 19:27:40.112043  6983 feature_matching.cc:217] in 0.484s
2026-05-18T19:27:40 COLMAP[chunk_03_spatial_matcher] I20260518 19:27:40.112107  6983 pairing.cc:631] Processing image [23/188]
2026-05-18T19:27:41 COLMAP[chunk_03_spatial_matcher] I20260518 19:27:40.597018  6983 feature_matching.cc:217] in 0.485s
2026-05-18T19:27:41 COLMAP[chunk_03_spatial_matcher] I20260518 19:27:40.597064  6983 pairing.cc:631] Processing image [24/188]
2026-05-18T19:27:41 COLMAP[chunk_03_spatial_matcher] I20260518 19:27:40.669782  6983 feature_matching.cc:217] in 0.073s
2026-05-18T19:27:41 COLMAP[chunk_03_spatial_matcher] I20260518 19:27:40.669833  6983 pairing.cc:631] Processing image [25/188]
2026-05-18T19:27:41 COLMAP[chunk_03_spatial_matcher] I20260518 19:27:41.316337  6983 feature_matching.cc:217] in 0.647s
2026-05-18T19:27:41 COLMAP[chunk_03_spatial_matcher] I20260518 19:27:41.316390  6983 pairing.cc:631] Processing image [26/188]
2026-05-18T19:27:42 COLMAP[chunk_03_spatial_matcher] I20260518 19:27:41.810814  6983 feature_matching.cc:217] in 0.494s
2026-05-18T19:27:42 COLMAP[chunk_03_spatial_matcher] I20260518 19:27:41.810873  6983 pairing.cc:631] Processing image [27/188]
2026-05-18T19:27:42 COLMAP[chunk_03_spatial_matcher] I20260518 19:27:42.269973  6983 feature_matching.cc:217] in 0.459s
2026-05-18T19:27:42 COLMAP[chunk_03_spatial_matcher] I20260518 19:27:42.270028  6983 pairing.cc:631] Processing image [28/188]
2026-05-18T19:27:43 COLMAP[chunk_03_spatial_matcher] I20260518 19:27:42.639748  6983 feature_matching.cc:217] in 0.370s
2026-05-18T19:27:43 COLMAP[chunk_03_spatial_matcher] I20260518 19:27:42.639803  6983 pairing.cc:631] Processing image [29/188]
2026-05-18T19:27:44 COLMAP[chunk_03_spatial_matcher] I20260518 19:27:43.726981  6983 feature_matching.cc:217] in 1.087s
2026-05-18T19:27:44 COLMAP[chunk_03_spatial_matcher] I20260518 19:27:43.727033  6983 pairing.cc:631] Processing image [30/188]
2026-05-18T19:27:45 COLMAP[chunk_03_spatial_matcher] I20260518 19:27:44.409628  6983 feature_matching.cc:217] in 0.683s
2026-05-18T19:27:45 COLMAP[chunk_03_spatial_matcher] I20260518 19:27:44.409699  6983 pairing.cc:631] Processing image [31/188]
2026-05-18T19:27:45 COLMAP[chunk_03_spatial_matcher] I20260518 19:27:45.159586  6983 feature_matching.cc:217] in 0.750s
2026-05-18T19:27:45 COLMAP[chunk_03_spatial_matcher] I20260518 19:27:45.159637  6983 pairing.cc:631] Processing image [32/188]
2026-05-18T19:27:46 COLMAP[chunk_03_spatial_matcher] I20260518 19:27:45.631966  6983 feature_matching.cc:217] in 0.472s
2026-05-18T19:27:46 COLMAP[chunk_03_spatial_matcher] I20260518 19:27:45.632019  6983 pairing.cc:631] Processing image [33/188]
2026-05-18T19:27:46 COLMAP[chunk_03_spatial_matcher] I20260518 19:27:46.037822  6983 feature_matching.cc:217] in 0.406s
2026-05-18T19:27:46 COLMAP[chunk_03_spatial_matcher] I20260518 19:27:46.037879  6983 pairing.cc:631] Processing image [34/188]
2026-05-18T19:27:46 COLMAP[chunk_03_spatial_matcher] I20260518 19:27:46.175379  6983 feature_matching.cc:217] in 0.138s
2026-05-18T19:27:46 COLMAP[chunk_03_spatial_matcher] I20260518 19:27:46.175436  6983 pairing.cc:631] Processing image [35/188]
2026-05-18T19:27:47 COLMAP[chunk_03_spatial_matcher] I20260518 19:27:46.653801  6983 feature_matching.cc:217] in 0.478s
2026-05-18T19:27:47 COLMAP[chunk_03_spatial_matcher] I20260518 19:27:46.653856  6983 pairing.cc:631] Processing image [36/188]
2026-05-18T19:27:47 COLMAP[chunk_03_spatial_matcher] I20260518 19:27:47.283696  6983 feature_matching.cc:217] in 0.630s
2026-05-18T19:27:47 COLMAP[chunk_03_spatial_matcher] I20260518 19:27:47.283752  6983 pairing.cc:631] Processing image [37/188]
2026-05-18T19:27:48 COLMAP[chunk_03_spatial_matcher] I20260518 19:27:48.151422  6983 feature_matching.cc:217] in 0.868s
2026-05-18T19:27:48 COLMAP[chunk_03_spatial_matcher] I20260518 19:27:48.151475  6983 pairing.cc:631] Processing image [38/188]
2026-05-18T19:27:50 COLMAP[chunk_03_spatial_matcher] I20260518 19:27:49.338311  6983 feature_matching.cc:217] in 1.187s
2026-05-18T19:27:50 COLMAP[chunk_03_spatial_matcher] I20260518 19:27:49.338366  6983 pairing.cc:631] Processing image [39/188]
2026-05-18T19:27:51 COLMAP[chunk_03_spatial_matcher] I20260518 19:27:50.356211  6983 feature_matching.cc:217] in 1.018s
2026-05-18T19:27:51 COLMAP[chunk_03_spatial_matcher] I20260518 19:27:50.356266  6983 pairing.cc:631] Processing image [40/188]
2026-05-18T19:27:51 COLMAP[chunk_03_spatial_matcher] I20260518 19:27:51.242594  6983 feature_matching.cc:217] in 0.886s
2026-05-18T19:27:51 COLMAP[chunk_03_spatial_matcher] I20260518 19:27:51.242648  6983 pairing.cc:631] Processing image [41/188]
2026-05-18T19:27:52 COLMAP[chunk_03_spatial_matcher] I20260518 19:27:52.042436  6983 feature_matching.cc:217] in 0.800s
2026-05-18T19:27:52 COLMAP[chunk_03_spatial_matcher] I20260518 19:27:52.042483  6983 pairing.cc:631] Processing image [42/188]
2026-05-18T19:27:53 COLMAP[chunk_03_spatial_matcher] I20260518 19:27:52.849866  6983 feature_matching.cc:217] in 0.807s
2026-05-18T19:27:53 COLMAP[chunk_03_spatial_matcher] I20260518 19:27:52.849916  6983 pairing.cc:631] Processing image [43/188]
2026-05-18T19:27:54 COLMAP[chunk_03_spatial_matcher] I20260518 19:27:53.585403  6983 feature_matching.cc:217] in 0.736s
2026-05-18T19:27:54 COLMAP[chunk_03_spatial_matcher] I20260518 19:27:53.585456  6983 pairing.cc:631] Processing image [44/188]
2026-05-18T19:27:55 COLMAP[chunk_03_spatial_matcher] I20260518 19:27:54.371510  6983 feature_matching.cc:217] in 0.786s
2026-05-18T19:27:55 COLMAP[chunk_03_spatial_matcher] I20260518 19:27:54.371564  6983 pairing.cc:631] Processing image [45/188]
2026-05-18T19:27:55 COLMAP[chunk_03_spatial_matcher] I20260518 19:27:54.978633  6983 feature_matching.cc:217] in 0.607s
2026-05-18T19:27:55 COLMAP[chunk_03_spatial_matcher] I20260518 19:27:54.978688  6983 pairing.cc:631] Processing image [46/188]
2026-05-18T19:27:56 COLMAP[chunk_03_spatial_matcher] I20260518 19:27:55.393030  6983 feature_matching.cc:217] in 0.414s
2026-05-18T19:27:56 COLMAP[chunk_03_spatial_matcher] I20260518 19:27:55.393082  6983 pairing.cc:631] Processing image [47/188]
2026-05-18T19:27:56 COLMAP[chunk_03_spatial_matcher] I20260518 19:27:55.798828  6983 feature_matching.cc:217] in 0.406s
2026-05-18T19:27:56 COLMAP[chunk_03_spatial_matcher] I20260518 19:27:55.798874  6983 pairing.cc:631] Processing image [48/188]
2026-05-18T19:27:56 COLMAP[chunk_03_spatial_matcher] I20260518 19:27:56.238324  6983 feature_matching.cc:217] in 0.439s
2026-05-18T19:27:56 COLMAP[chunk_03_spatial_matcher] I20260518 19:27:56.238377  6983 pairing.cc:631] Processing image [49/188]
2026-05-18T19:27:57 COLMAP[chunk_03_spatial_matcher] I20260518 19:27:56.643806  6983 feature_matching.cc:217] in 0.405s
2026-05-18T19:27:57 COLMAP[chunk_03_spatial_matcher] I20260518 19:27:56.643858  6983 pairing.cc:631] Processing image [50/188]
2026-05-18T19:27:57 COLMAP[chunk_03_spatial_matcher] I20260518 19:27:57.042807  6983 feature_matching.cc:217] in 0.399s
2026-05-18T19:27:57 COLMAP[chunk_03_spatial_matcher] I20260518 19:27:57.042860  6983 pairing.cc:631] Processing image [51/188]
2026-05-18T19:27:57 COLMAP[chunk_03_spatial_matcher] I20260518 19:27:57.086408  6983 feature_matching.cc:217] in 0.044s
2026-05-18T19:27:57 COLMAP[chunk_03_spatial_matcher] I20260518 19:27:57.086452  6983 pairing.cc:631] Processing image [52/188]
2026-05-18T19:27:58 COLMAP[chunk_03_spatial_matcher] I20260518 19:27:57.638841  6983 feature_matching.cc:217] in 0.552s
2026-05-18T19:27:58 COLMAP[chunk_03_spatial_matcher] I20260518 19:27:57.638895  6983 pairing.cc:631] Processing image [53/188]
2026-05-18T19:27:58 COLMAP[chunk_03_spatial_matcher] I20260518 19:27:58.176898  6983 feature_matching.cc:217] in 0.538s
2026-05-18T19:27:58 COLMAP[chunk_03_spatial_matcher] I20260518 19:27:58.176959  6983 pairing.cc:631] Processing image [54/188]
2026-05-18T19:27:59 COLMAP[chunk_03_spatial_matcher] I20260518 19:27:58.900488  6983 feature_matching.cc:217] in 0.724s
2026-05-18T19:27:59 COLMAP[chunk_03_spatial_matcher] I20260518 19:27:58.900539  6983 pairing.cc:631] Processing image [55/188]
2026-05-18T19:28:00 COLMAP[chunk_03_spatial_matcher] I20260518 19:27:59.382885  6983 feature_matching.cc:217] in 0.482s
2026-05-18T19:28:00 COLMAP[chunk_03_spatial_matcher] I20260518 19:27:59.382937  6983 pairing.cc:631] Processing image [56/188]
2026-05-18T19:28:01 COLMAP[chunk_03_spatial_matcher] I20260518 19:28:00.456059  6983 feature_matching.cc:217] in 1.073s
2026-05-18T19:28:01 COLMAP[chunk_03_spatial_matcher] I20260518 19:28:00.456125  6983 pairing.cc:631] Processing image [57/188]
2026-05-18T19:28:01 COLMAP[chunk_03_spatial_matcher] I20260518 19:28:01.008536  6983 feature_matching.cc:217] in 0.552s
2026-05-18T19:28:01 COLMAP[chunk_03_spatial_matcher] I20260518 19:28:01.008590  6983 pairing.cc:631] Processing image [58/188]
2026-05-18T19:28:02 COLMAP[chunk_03_spatial_matcher] I20260518 19:28:01.479768  6983 feature_matching.cc:217] in 0.471s
2026-05-18T19:28:02 COLMAP[chunk_03_spatial_matcher] I20260518 19:28:01.479825  6983 pairing.cc:631] Processing image [59/188]
2026-05-18T19:28:02 COLMAP[chunk_03_spatial_matcher] I20260518 19:28:01.860025  6983 feature_matching.cc:217] in 0.380s
2026-05-18T19:28:02 COLMAP[chunk_03_spatial_matcher] I20260518 19:28:01.860075  6983 pairing.cc:631] Processing image [60/188]
2026-05-18T19:28:02 COLMAP[chunk_03_spatial_matcher] I20260518 19:28:02.113343  6983 feature_matching.cc:217] in 0.253s
2026-05-18T19:28:02 COLMAP[chunk_03_spatial_matcher] I20260518 19:28:02.113400  6983 pairing.cc:631] Processing image [61/188]
2026-05-18T19:28:03 COLMAP[chunk_03_spatial_matcher] I20260518 19:28:02.337915  6983 feature_matching.cc:217] in 0.225s
2026-05-18T19:28:03 COLMAP[chunk_03_spatial_matcher] I20260518 19:28:02.337970  6983 pairing.cc:631] Processing image [62/188]
2026-05-18T19:28:03 COLMAP[chunk_03_spatial_matcher] I20260518 19:28:02.568703  6983 feature_matching.cc:217] in 0.231s
2026-05-18T19:28:03 COLMAP[chunk_03_spatial_matcher] I20260518 19:28:02.568755  6983 pairing.cc:631] Processing image [63/188]
2026-05-18T19:28:03 COLMAP[chunk_03_spatial_matcher] I20260518 19:28:02.723649  6983 feature_matching.cc:217] in 0.155s
2026-05-18T19:28:03 COLMAP[chunk_03_spatial_matcher] I20260518 19:28:02.723701  6983 pairing.cc:631] Processing image [64/188]
2026-05-18T19:28:03 COLMAP[chunk_03_spatial_matcher] I20260518 19:28:02.816009  6983 feature_matching.cc:217] in 0.092s
2026-05-18T19:28:03 COLMAP[chunk_03_spatial_matcher] I20260518 19:28:02.816068  6983 pairing.cc:631] Processing image [65/188]
2026-05-18T19:28:03 COLMAP[chunk_03_spatial_matcher] I20260518 19:28:02.928552  6983 feature_matching.cc:217] in 0.113s
2026-05-18T19:28:03 COLMAP[chunk_03_spatial_matcher] I20260518 19:28:02.928609  6983 pairing.cc:631] Processing image [66/188]
2026-05-18T19:28:03 COLMAP[chunk_03_spatial_matcher] I20260518 19:28:03.013500  6983 feature_matching.cc:217] in 0.085s
2026-05-18T19:28:03 COLMAP[chunk_03_spatial_matcher] I20260518 19:28:03.013548  6983 pairing.cc:631] Processing image [67/188]
2026-05-18T19:28:03 COLMAP[chunk_03_spatial_matcher] I20260518 19:28:03.141165  6983 feature_matching.cc:217] in 0.128s
2026-05-18T19:28:03 COLMAP[chunk_03_spatial_matcher] I20260518 19:28:03.141220  6983 pairing.cc:631] Processing image [68/188]
2026-05-18T19:28:03 COLMAP[chunk_03_spatial_matcher] I20260518 19:28:03.300784  6983 feature_matching.cc:217] in 0.160s
2026-05-18T19:28:03 COLMAP[chunk_03_spatial_matcher] I20260518 19:28:03.300834  6983 pairing.cc:631] Processing image [69/188]
2026-05-18T19:28:04 COLMAP[chunk_03_spatial_matcher] I20260518 19:28:03.478116  6983 feature_matching.cc:217] in 0.177s
2026-05-18T19:28:04 COLMAP[chunk_03_spatial_matcher] I20260518 19:28:03.478163  6983 pairing.cc:631] Processing image [70/188]
2026-05-18T19:28:04 COLMAP[chunk_03_spatial_matcher] I20260518 19:28:03.658041  6983 feature_matching.cc:217] in 0.180s
2026-05-18T19:28:04 COLMAP[chunk_03_spatial_matcher] I20260518 19:28:03.658092  6983 pairing.cc:631] Processing image [71/188]
2026-05-18T19:28:04 COLMAP[chunk_03_spatial_matcher] I20260518 19:28:04.075866  6983 feature_matching.cc:217] in 0.418s
2026-05-18T19:28:04 COLMAP[chunk_03_spatial_matcher] I20260518 19:28:04.075917  6983 pairing.cc:631] Processing image [72/188]
2026-05-18T19:28:04 COLMAP[chunk_03_spatial_matcher] I20260518 19:28:04.247932  6983 feature_matching.cc:217] in 0.172s
2026-05-18T19:28:04 COLMAP[chunk_03_spatial_matcher] I20260518 19:28:04.247979  6983 pairing.cc:631] Processing image [73/188]
2026-05-18T19:28:05 COLMAP[chunk_03_spatial_matcher] I20260518 19:28:04.450073  6983 feature_matching.cc:217] in 0.202s
2026-05-18T19:28:05 COLMAP[chunk_03_spatial_matcher] I20260518 19:28:04.450124  6983 pairing.cc:631] Processing image [74/188]
2026-05-18T19:28:05 COLMAP[chunk_03_spatial_matcher] I20260518 19:28:04.633152  6983 feature_matching.cc:217] in 0.183s
2026-05-18T19:28:05 COLMAP[chunk_03_spatial_matcher] I20260518 19:28:04.633208  6983 pairing.cc:631] Processing image [75/188]
2026-05-18T19:28:06 COLMAP[chunk_03_spatial_matcher] I20260518 19:28:05.385996  6983 feature_matching.cc:217] in 0.753s
2026-05-18T19:28:06 COLMAP[chunk_03_spatial_matcher] I20260518 19:28:05.386053  6983 pairing.cc:631] Processing image [76/188]
2026-05-18T19:28:06 COLMAP[chunk_03_spatial_matcher] I20260518 19:28:05.604750  6983 feature_matching.cc:217] in 0.219s
2026-05-18T19:28:06 COLMAP[chunk_03_spatial_matcher] I20260518 19:28:05.604804  6983 pairing.cc:631] Processing image [77/188]
2026-05-18T19:28:06 COLMAP[chunk_03_spatial_matcher] I20260518 19:28:06.296387  6983 feature_matching.cc:217] in 0.692s
2026-05-18T19:28:06 COLMAP[chunk_03_spatial_matcher] I20260518 19:28:06.296442  6983 pairing.cc:631] Processing image [78/188]
2026-05-18T19:28:07 COLMAP[chunk_03_spatial_matcher] I20260518 19:28:07.268038  6983 feature_matching.cc:217] in 0.972s
2026-05-18T19:28:07 COLMAP[chunk_03_spatial_matcher] I20260518 19:28:07.268097  6983 pairing.cc:631] Processing image [79/188]
2026-05-18T19:28:08 COLMAP[chunk_03_spatial_matcher] I20260518 19:28:07.905856  6983 feature_matching.cc:217] in 0.638s
2026-05-18T19:28:08 COLMAP[chunk_03_spatial_matcher] I20260518 19:28:07.905910  6983 pairing.cc:631] Processing image [80/188]
2026-05-18T19:28:09 COLMAP[chunk_03_spatial_matcher] I20260518 19:28:08.613226  6983 feature_matching.cc:217] in 0.707s
2026-05-18T19:28:09 COLMAP[chunk_03_spatial_matcher] I20260518 19:28:08.613278  6983 pairing.cc:631] Processing image [81/188]
2026-05-18T19:28:10 COLMAP[chunk_03_spatial_matcher] I20260518 19:28:09.349766  6983 feature_matching.cc:217] in 0.737s
2026-05-18T19:28:10 COLMAP[chunk_03_spatial_matcher] I20260518 19:28:09.349813  6983 pairing.cc:631] Processing image [82/188]
2026-05-18T19:28:10 COLMAP[chunk_03_spatial_matcher] I20260518 19:28:09.640087  6983 feature_matching.cc:217] in 0.290s
2026-05-18T19:28:10 COLMAP[chunk_03_spatial_matcher] I20260518 19:28:09.640139  6983 pairing.cc:631] Processing image [83/188]
2026-05-18T19:28:11 COLMAP[chunk_03_spatial_matcher] I20260518 19:28:10.710490  6983 feature_matching.cc:217] in 1.070s
2026-05-18T19:28:11 COLMAP[chunk_03_spatial_matcher] I20260518 19:28:10.710541  6983 pairing.cc:631] Processing image [84/188]
2026-05-18T19:28:12 COLMAP[chunk_03_spatial_matcher] I20260518 19:28:11.789661  6983 feature_matching.cc:217] in 1.079s
2026-05-18T19:28:12 COLMAP[chunk_03_spatial_matcher] I20260518 19:28:11.789731  6983 pairing.cc:631] Processing image [85/188]
2026-05-18T19:28:13 COLMAP[chunk_03_spatial_matcher] I20260518 19:28:13.143381  6983 feature_matching.cc:217] in 1.354s
2026-05-18T19:28:13 COLMAP[chunk_03_spatial_matcher] I20260518 19:28:13.143428  6983 pairing.cc:631] Processing image [86/188]
2026-05-18T19:28:15 COLMAP[chunk_03_spatial_matcher] I20260518 19:28:14.417352  6983 feature_matching.cc:217] in 1.274s
2026-05-18T19:28:15 COLMAP[chunk_03_spatial_matcher] I20260518 19:28:14.417403  6983 pairing.cc:631] Processing image [87/188]
2026-05-18T19:28:16 COLMAP[chunk_03_spatial_matcher] I20260518 19:28:15.653483  6983 feature_matching.cc:217] in 1.236s
2026-05-18T19:28:16 COLMAP[chunk_03_spatial_matcher] I20260518 19:28:15.653532  6983 pairing.cc:631] Processing image [88/188]
2026-05-18T19:28:17 COLMAP[chunk_03_spatial_matcher] I20260518 19:28:16.704674  6983 feature_matching.cc:217] in 1.051s
2026-05-18T19:28:17 COLMAP[chunk_03_spatial_matcher] I20260518 19:28:16.704730  6983 pairing.cc:631] Processing image [89/188]
2026-05-18T19:28:18 COLMAP[chunk_03_spatial_matcher] I20260518 19:28:17.888854  6983 feature_matching.cc:217] in 1.184s
2026-05-18T19:28:18 COLMAP[chunk_03_spatial_matcher] I20260518 19:28:17.888902  6983 pairing.cc:631] Processing image [90/188]
2026-05-18T19:28:19 COLMAP[chunk_03_spatial_matcher] I20260518 19:28:19.018694  6983 feature_matching.cc:217] in 1.130s
2026-05-18T19:28:19 COLMAP[chunk_03_spatial_matcher] I20260518 19:28:19.018749  6983 pairing.cc:631] Processing image [91/188]
2026-05-18T19:28:20 COLMAP[chunk_03_spatial_matcher] I20260518 19:28:20.155186  6983 feature_matching.cc:217] in 1.136s
2026-05-18T19:28:20 COLMAP[chunk_03_spatial_matcher] I20260518 19:28:20.155232  6983 pairing.cc:631] Processing image [92/188]
2026-05-18T19:28:21 COLMAP[chunk_03_spatial_matcher] I20260518 19:28:21.139801  6983 feature_matching.cc:217] in 0.985s
2026-05-18T19:28:21 COLMAP[chunk_03_spatial_matcher] I20260518 19:28:21.139856  6983 pairing.cc:631] Processing image [93/188]
2026-05-18T19:28:22 COLMAP[chunk_03_spatial_matcher] I20260518 19:28:21.539616  6983 feature_matching.cc:217] in 0.400s
2026-05-18T19:28:22 COLMAP[chunk_03_spatial_matcher] I20260518 19:28:21.539669  6983 pairing.cc:631] Processing image [94/188]
2026-05-18T19:28:22 COLMAP[chunk_03_spatial_matcher] I20260518 19:28:21.909794  6983 feature_matching.cc:217] in 0.370s
2026-05-18T19:28:22 COLMAP[chunk_03_spatial_matcher] I20260518 19:28:21.909848  6983 pairing.cc:631] Processing image [95/188]
2026-05-18T19:28:22 COLMAP[chunk_03_spatial_matcher] I20260518 19:28:21.970736  6983 feature_matching.cc:217] in 0.061s
2026-05-18T19:28:22 COLMAP[chunk_03_spatial_matcher] I20260518 19:28:21.970782  6983 pairing.cc:631] Processing image [96/188]
2026-05-18T19:28:22 COLMAP[chunk_03_spatial_matcher] I20260518 19:28:22.038055  6983 feature_matching.cc:217] in 0.067s
2026-05-18T19:28:22 COLMAP[chunk_03_spatial_matcher] I20260518 19:28:22.038110  6983 pairing.cc:631] Processing image [97/188]
2026-05-18T19:28:22 COLMAP[chunk_03_spatial_matcher] I20260518 19:28:22.257611  6983 feature_matching.cc:217] in 0.220s
2026-05-18T19:28:22 COLMAP[chunk_03_spatial_matcher] I20260518 19:28:22.257663  6983 pairing.cc:631] Processing image [98/188]
2026-05-18T19:28:23 COLMAP[chunk_03_spatial_matcher] I20260518 19:28:22.672341  6983 feature_matching.cc:217] in 0.415s
2026-05-18T19:28:23 COLMAP[chunk_03_spatial_matcher] I20260518 19:28:22.672394  6983 pairing.cc:631] Processing image [99/188]
2026-05-18T19:28:24 COLMAP[chunk_03_spatial_matcher] I20260518 19:28:23.787137  6983 feature_matching.cc:217] in 1.115s
2026-05-18T19:28:24 COLMAP[chunk_03_spatial_matcher] I20260518 19:28:23.787191  6983 pairing.cc:631] Processing image [100/188]
2026-05-18T19:28:25 COLMAP[chunk_03_spatial_matcher] I20260518 19:28:24.667696  6983 feature_matching.cc:217] in 0.881s
2026-05-18T19:28:25 COLMAP[chunk_03_spatial_matcher] I20260518 19:28:24.667752  6983 pairing.cc:631] Processing image [101/188]
2026-05-18T19:28:25 COLMAP[chunk_03_spatial_matcher] I20260518 19:28:24.932163  6983 feature_matching.cc:217] in 0.264s
2026-05-18T19:28:25 COLMAP[chunk_03_spatial_matcher] I20260518 19:28:24.932214  6983 pairing.cc:631] Processing image [102/188]
2026-05-18T19:28:26 COLMAP[chunk_03_spatial_matcher] I20260518 19:28:25.527344  6983 feature_matching.cc:217] in 0.595s
2026-05-18T19:28:26 COLMAP[chunk_03_spatial_matcher] I20260518 19:28:25.527395  6983 pairing.cc:631] Processing image [103/188]
2026-05-18T19:28:26 COLMAP[chunk_03_spatial_matcher] I20260518 19:28:25.569380  6983 feature_matching.cc:217] in 0.042s
2026-05-18T19:28:26 COLMAP[chunk_03_spatial_matcher] I20260518 19:28:25.569437  6983 pairing.cc:631] Processing image [104/188]
2026-05-18T19:28:26 COLMAP[chunk_03_spatial_matcher] I20260518 19:28:25.664623  6983 feature_matching.cc:217] in 0.095s
2026-05-18T19:28:26 COLMAP[chunk_03_spatial_matcher] I20260518 19:28:25.664670  6983 pairing.cc:631] Processing image [105/188]
2026-05-18T19:28:26 COLMAP[chunk_03_spatial_matcher] I20260518 19:28:25.878334  6983 feature_matching.cc:217] in 0.214s
2026-05-18T19:28:26 COLMAP[chunk_03_spatial_matcher] I20260518 19:28:25.878386  6983 pairing.cc:631] Processing image [106/188]
2026-05-18T19:28:26 COLMAP[chunk_03_spatial_matcher] I20260518 19:28:25.972329  6983 feature_matching.cc:217] in 0.094s
2026-05-18T19:28:26 COLMAP[chunk_03_spatial_matcher] I20260518 19:28:25.972380  6983 pairing.cc:631] Processing image [107/188]
2026-05-18T19:28:26 COLMAP[chunk_03_spatial_matcher] I20260518 19:28:26.196609  6983 feature_matching.cc:217] in 0.224s
2026-05-18T19:28:26 COLMAP[chunk_03_spatial_matcher] I20260518 19:28:26.196663  6983 pairing.cc:631] Processing image [108/188]
2026-05-18T19:28:27 COLMAP[chunk_03_spatial_matcher] I20260518 19:28:27.328037  6983 feature_matching.cc:217] in 1.131s
2026-05-18T19:28:27 COLMAP[chunk_03_spatial_matcher] I20260518 19:28:27.328091  6983 pairing.cc:631] Processing image [109/188]
2026-05-18T19:28:28 COLMAP[chunk_03_spatial_matcher] I20260518 19:28:28.142936  6983 feature_matching.cc:217] in 0.815s
2026-05-18T19:28:28 COLMAP[chunk_03_spatial_matcher] I20260518 19:28:28.142993  6983 pairing.cc:631] Processing image [110/188]
2026-05-18T19:28:29 COLMAP[chunk_03_spatial_matcher] I20260518 19:28:29.330096  6983 feature_matching.cc:217] in 1.187s
2026-05-18T19:28:29 COLMAP[chunk_03_spatial_matcher] I20260518 19:28:29.330168  6983 pairing.cc:631] Processing image [111/188]
2026-05-18T19:28:30 COLMAP[chunk_03_spatial_matcher] I20260518 19:28:30.104228  6983 feature_matching.cc:217] in 0.774s
2026-05-18T19:28:30 COLMAP[chunk_03_spatial_matcher] I20260518 19:28:30.104277  6983 pairing.cc:631] Processing image [112/188]
2026-05-18T19:28:31 COLMAP[chunk_03_spatial_matcher] I20260518 19:28:31.145035  6983 feature_matching.cc:217] in 1.041s
2026-05-18T19:28:31 COLMAP[chunk_03_spatial_matcher] I20260518 19:28:31.145092  6983 pairing.cc:631] Processing image [113/188]
2026-05-18T19:28:32 COLMAP[chunk_03_spatial_matcher] I20260518 19:28:31.388921  6983 feature_matching.cc:217] in 0.244s
2026-05-18T19:28:32 COLMAP[chunk_03_spatial_matcher] I20260518 19:28:31.388970  6983 pairing.cc:631] Processing image [114/188]
2026-05-18T19:28:32 COLMAP[chunk_03_spatial_matcher] I20260518 19:28:31.643348  6983 feature_matching.cc:217] in 0.254s
2026-05-18T19:28:32 COLMAP[chunk_03_spatial_matcher] I20260518 19:28:31.643406  6983 pairing.cc:631] Processing image [115/188]
2026-05-18T19:28:32 COLMAP[chunk_03_spatial_matcher] I20260518 19:28:31.839246  6983 feature_matching.cc:217] in 0.196s
2026-05-18T19:28:32 COLMAP[chunk_03_spatial_matcher] I20260518 19:28:31.839300  6983 pairing.cc:631] Processing image [116/188]
2026-05-18T19:28:32 COLMAP[chunk_03_spatial_matcher] I20260518 19:28:32.265630  6983 feature_matching.cc:217] in 0.426s
2026-05-18T19:28:32 COLMAP[chunk_03_spatial_matcher] I20260518 19:28:32.265700  6983 pairing.cc:631] Processing image [117/188]
2026-05-18T19:28:33 COLMAP[chunk_03_spatial_matcher] I20260518 19:28:32.870492  6983 feature_matching.cc:217] in 0.605s
2026-05-18T19:28:33 COLMAP[chunk_03_spatial_matcher] I20260518 19:28:32.870543  6983 pairing.cc:631] Processing image [118/188]
2026-05-18T19:28:33 COLMAP[chunk_03_spatial_matcher] I20260518 19:28:33.048108  6983 feature_matching.cc:217] in 0.178s
2026-05-18T19:28:33 COLMAP[chunk_03_spatial_matcher] I20260518 19:28:33.048167  6983 pairing.cc:631] Processing image [119/188]
2026-05-18T19:28:33 COLMAP[chunk_03_spatial_matcher] I20260518 19:28:33.190546  6983 feature_matching.cc:217] in 0.142s
2026-05-18T19:28:33 COLMAP[chunk_03_spatial_matcher] I20260518 19:28:33.190600  6983 pairing.cc:631] Processing image [120/188]
2026-05-18T19:28:34 COLMAP[chunk_03_spatial_matcher] I20260518 19:28:33.770339  6983 feature_matching.cc:217] in 0.580s
2026-05-18T19:28:34 COLMAP[chunk_03_spatial_matcher] I20260518 19:28:33.770394  6983 pairing.cc:631] Processing image [121/188]
2026-05-18T19:28:34 COLMAP[chunk_03_spatial_matcher] I20260518 19:28:33.975580  6983 feature_matching.cc:217] in 0.205s
2026-05-18T19:28:34 COLMAP[chunk_03_spatial_matcher] I20260518 19:28:33.975634  6983 pairing.cc:631] Processing image [122/188]
2026-05-18T19:28:35 COLMAP[chunk_03_spatial_matcher] I20260518 19:28:34.469383  6983 feature_matching.cc:217] in 0.494s
2026-05-18T19:28:35 COLMAP[chunk_03_spatial_matcher] I20260518 19:28:34.469436  6983 pairing.cc:631] Processing image [123/188]
2026-05-18T19:28:35 COLMAP[chunk_03_spatial_matcher] I20260518 19:28:34.940281  6983 feature_matching.cc:217] in 0.471s
2026-05-18T19:28:35 COLMAP[chunk_03_spatial_matcher] I20260518 19:28:34.940335  6983 pairing.cc:631] Processing image [124/188]
2026-05-18T19:28:35 COLMAP[chunk_03_spatial_matcher] I20260518 19:28:35.110283  6983 feature_matching.cc:217] in 0.170s
2026-05-18T19:28:35 COLMAP[chunk_03_spatial_matcher] I20260518 19:28:35.110337  6983 pairing.cc:631] Processing image [125/188]
2026-05-18T19:28:36 COLMAP[chunk_03_spatial_matcher] I20260518 19:28:35.602232  6983 feature_matching.cc:217] in 0.492s
2026-05-18T19:28:36 COLMAP[chunk_03_spatial_matcher] I20260518 19:28:35.602285  6983 pairing.cc:631] Processing image [126/188]
2026-05-18T19:28:37 COLMAP[chunk_03_spatial_matcher] I20260518 19:28:36.470297  6983 feature_matching.cc:217] in 0.868s
2026-05-18T19:28:37 COLMAP[chunk_03_spatial_matcher] I20260518 19:28:36.470347  6983 pairing.cc:631] Processing image [127/188]
2026-05-18T19:28:37 COLMAP[chunk_03_spatial_matcher] I20260518 19:28:36.607458  6983 feature_matching.cc:217] in 0.137s
2026-05-18T19:28:37 COLMAP[chunk_03_spatial_matcher] I20260518 19:28:36.607507  6983 pairing.cc:631] Processing image [128/188]
2026-05-18T19:28:37 COLMAP[chunk_03_spatial_matcher] I20260518 19:28:36.651757  6983 feature_matching.cc:217] in 0.044s
2026-05-18T19:28:37 COLMAP[chunk_03_spatial_matcher] I20260518 19:28:36.651803  6983 pairing.cc:631] Processing image [129/188]
2026-05-18T19:28:37 COLMAP[chunk_03_spatial_matcher] I20260518 19:28:36.697908  6983 feature_matching.cc:217] in 0.046s
2026-05-18T19:28:37 COLMAP[chunk_03_spatial_matcher] I20260518 19:28:36.697940  6983 pairing.cc:631] Processing image [130/188]
2026-05-18T19:28:37 COLMAP[chunk_03_spatial_matcher] I20260518 19:28:36.698081  6983 feature_matching.cc:217] in 0.000s
2026-05-18T19:28:37 COLMAP[chunk_03_spatial_matcher] I20260518 19:28:36.698101  6983 pairing.cc:631] Processing image [131/188]
2026-05-18T19:28:38 COLMAP[chunk_03_spatial_matcher] I20260518 19:28:38.345152  6983 feature_matching.cc:217] in 1.647s
2026-05-18T19:28:38 COLMAP[chunk_03_spatial_matcher] I20260518 19:28:38.345211  6983 pairing.cc:631] Processing image [132/188]
2026-05-18T19:28:40 COLMAP[chunk_03_spatial_matcher] I20260518 19:28:39.483743  6983 feature_matching.cc:217] in 1.139s
2026-05-18T19:28:40 COLMAP[chunk_03_spatial_matcher] I20260518 19:28:39.483808  6983 pairing.cc:631] Processing image [133/188]
2026-05-18T19:28:41 COLMAP[chunk_03_spatial_matcher] I20260518 19:28:40.728435  6983 feature_matching.cc:217] in 1.245s
2026-05-18T19:28:41 COLMAP[chunk_03_spatial_matcher] I20260518 19:28:40.728492  6983 pairing.cc:631] Processing image [134/188]
2026-05-18T19:28:41 COLMAP[chunk_03_spatial_matcher] I20260518 19:28:40.997218  6983 feature_matching.cc:217] in 0.269s
2026-05-18T19:28:41 COLMAP[chunk_03_spatial_matcher] I20260518 19:28:40.997274  6983 pairing.cc:631] Processing image [135/188]
2026-05-18T19:28:41 COLMAP[chunk_03_spatial_matcher] I20260518 19:28:41.229552  6983 feature_matching.cc:217] in 0.232s
2026-05-18T19:28:41 COLMAP[chunk_03_spatial_matcher] I20260518 19:28:41.229606  6983 pairing.cc:631] Processing image [136/188]
2026-05-18T19:28:42 COLMAP[chunk_03_spatial_matcher] I20260518 19:28:41.468636  6983 feature_matching.cc:217] in 0.239s
2026-05-18T19:28:42 COLMAP[chunk_03_spatial_matcher] I20260518 19:28:41.468686  6983 pairing.cc:631] Processing image [137/188]
2026-05-18T19:28:42 COLMAP[chunk_03_spatial_matcher] I20260518 19:28:41.638456  6983 feature_matching.cc:217] in 0.170s
2026-05-18T19:28:42 COLMAP[chunk_03_spatial_matcher] I20260518 19:28:41.638505  6983 pairing.cc:631] Processing image [138/188]
2026-05-18T19:28:42 COLMAP[chunk_03_spatial_matcher] I20260518 19:28:41.781821  6983 feature_matching.cc:217] in 0.143s
2026-05-18T19:28:42 COLMAP[chunk_03_spatial_matcher] I20260518 19:28:41.781870  6983 pairing.cc:631] Processing image [139/188]
2026-05-18T19:28:42 COLMAP[chunk_03_spatial_matcher] I20260518 19:28:42.290021  6983 feature_matching.cc:217] in 0.508s
2026-05-18T19:28:42 COLMAP[chunk_03_spatial_matcher] I20260518 19:28:42.290098  6983 pairing.cc:631] Processing image [140/188]
2026-05-18T19:28:43 COLMAP[chunk_03_spatial_matcher] I20260518 19:28:42.743918  6983 feature_matching.cc:217] in 0.454s
2026-05-18T19:28:43 COLMAP[chunk_03_spatial_matcher] I20260518 19:28:42.743970  6983 pairing.cc:631] Processing image [141/188]
2026-05-18T19:28:43 COLMAP[chunk_03_spatial_matcher] I20260518 19:28:43.226929  6983 feature_matching.cc:217] in 0.483s
2026-05-18T19:28:43 COLMAP[chunk_03_spatial_matcher] I20260518 19:28:43.226984  6983 pairing.cc:631] Processing image [142/188]
2026-05-18T19:28:44 COLMAP[chunk_03_spatial_matcher] I20260518 19:28:43.713510  6983 feature_matching.cc:217] in 0.487s
2026-05-18T19:28:44 COLMAP[chunk_03_spatial_matcher] I20260518 19:28:43.713562  6983 pairing.cc:631] Processing image [143/188]
2026-05-18T19:28:44 COLMAP[chunk_03_spatial_matcher] I20260518 19:28:43.938338  6983 feature_matching.cc:217] in 0.225s
2026-05-18T19:28:44 COLMAP[chunk_03_spatial_matcher] I20260518 19:28:43.938390  6983 pairing.cc:631] Processing image [144/188]
2026-05-18T19:28:45 COLMAP[chunk_03_spatial_matcher] I20260518 19:28:45.012408  6983 feature_matching.cc:217] in 1.074s
2026-05-18T19:28:45 COLMAP[chunk_03_spatial_matcher] I20260518 19:28:45.012465  6983 pairing.cc:631] Processing image [145/188]
2026-05-18T19:28:46 COLMAP[chunk_03_spatial_matcher] I20260518 19:28:46.257037  6983 feature_matching.cc:217] in 1.245s
2026-05-18T19:28:46 COLMAP[chunk_03_spatial_matcher] I20260518 19:28:46.257091  6983 pairing.cc:631] Processing image [146/188]
2026-05-18T19:28:47 COLMAP[chunk_03_spatial_matcher] I20260518 19:28:46.468593  6983 feature_matching.cc:217] in 0.212s
2026-05-18T19:28:47 COLMAP[chunk_03_spatial_matcher] I20260518 19:28:46.468642  6983 pairing.cc:631] Processing image [147/188]
2026-05-18T19:28:47 COLMAP[chunk_03_spatial_matcher] I20260518 19:28:46.576329  6983 feature_matching.cc:217] in 0.108s
2026-05-18T19:28:47 COLMAP[chunk_03_spatial_matcher] I20260518 19:28:46.576377  6983 pairing.cc:631] Processing image [148/188]
2026-05-18T19:28:48 COLMAP[chunk_03_spatial_matcher] I20260518 19:28:47.659456  6983 feature_matching.cc:217] in 1.083s
2026-05-18T19:28:48 COLMAP[chunk_03_spatial_matcher] I20260518 19:28:47.659507  6983 pairing.cc:631] Processing image [149/188]
2026-05-18T19:28:49 COLMAP[chunk_03_spatial_matcher] I20260518 19:28:48.459474  6983 feature_matching.cc:217] in 0.800s
2026-05-18T19:28:49 COLMAP[chunk_03_spatial_matcher] I20260518 19:28:48.459527  6983 pairing.cc:631] Processing image [150/188]
2026-05-18T19:28:49 COLMAP[chunk_03_spatial_matcher] I20260518 19:28:49.060719  6983 feature_matching.cc:217] in 0.601s
2026-05-18T19:28:49 COLMAP[chunk_03_spatial_matcher] I20260518 19:28:49.060774  6983 pairing.cc:631] Processing image [151/188]
2026-05-18T19:28:50 COLMAP[chunk_03_spatial_matcher] I20260518 19:28:49.629426  6983 feature_matching.cc:217] in 0.569s
2026-05-18T19:28:50 COLMAP[chunk_03_spatial_matcher] I20260518 19:28:49.629478  6983 pairing.cc:631] Processing image [152/188]
2026-05-18T19:28:50 COLMAP[chunk_03_spatial_matcher] I20260518 19:28:49.801330  6983 feature_matching.cc:217] in 0.172s
2026-05-18T19:28:50 COLMAP[chunk_03_spatial_matcher] I20260518 19:28:49.801383  6983 pairing.cc:631] Processing image [153/188]
2026-05-18T19:28:50 COLMAP[chunk_03_spatial_matcher] I20260518 19:28:49.981221  6983 feature_matching.cc:217] in 0.180s
2026-05-18T19:28:50 COLMAP[chunk_03_spatial_matcher] I20260518 19:28:49.981281  6983 pairing.cc:631] Processing image [154/188]
2026-05-18T19:28:50 COLMAP[chunk_03_spatial_matcher] I20260518 19:28:50.109730  6983 feature_matching.cc:217] in 0.128s
2026-05-18T19:28:50 COLMAP[chunk_03_spatial_matcher] I20260518 19:28:50.109777  6983 pairing.cc:631] Processing image [155/188]
2026-05-18T19:28:50 COLMAP[chunk_03_spatial_matcher] I20260518 19:28:50.184116  6983 feature_matching.cc:217] in 0.074s
2026-05-18T19:28:50 COLMAP[chunk_03_spatial_matcher] I20260518 19:28:50.184162  6983 pairing.cc:631] Processing image [156/188]
2026-05-18T19:28:50 COLMAP[chunk_03_spatial_matcher] I20260518 19:28:50.247907  6983 feature_matching.cc:217] in 0.064s
2026-05-18T19:28:50 COLMAP[chunk_03_spatial_matcher] I20260518 19:28:50.247951  6983 pairing.cc:631] Processing image [157/188]
2026-05-18T19:28:50 COLMAP[chunk_03_spatial_matcher] I20260518 19:28:50.344430  6983 feature_matching.cc:217] in 0.097s
2026-05-18T19:28:50 COLMAP[chunk_03_spatial_matcher] I20260518 19:28:50.344484  6983 pairing.cc:631] Processing image [158/188]
2026-05-18T19:28:51 COLMAP[chunk_03_spatial_matcher] I20260518 19:28:50.540002  6983 feature_matching.cc:217] in 0.196s
2026-05-18T19:28:51 COLMAP[chunk_03_spatial_matcher] I20260518 19:28:50.540047  6983 pairing.cc:631] Processing image [159/188]
2026-05-18T19:28:51 COLMAP[chunk_03_spatial_matcher] I20260518 19:28:50.996186  6983 feature_matching.cc:217] in 0.456s
2026-05-18T19:28:51 COLMAP[chunk_03_spatial_matcher] I20260518 19:28:50.996239  6983 pairing.cc:631] Processing image [160/188]
2026-05-18T19:28:51 COLMAP[chunk_03_spatial_matcher] I20260518 19:28:51.105355  6983 feature_matching.cc:217] in 0.109s
2026-05-18T19:28:51 COLMAP[chunk_03_spatial_matcher] I20260518 19:28:51.105410  6983 pairing.cc:631] Processing image [161/188]
2026-05-18T19:28:51 COLMAP[chunk_03_spatial_matcher] I20260518 19:28:51.342015  6983 feature_matching.cc:217] in 0.237s
2026-05-18T19:28:51 COLMAP[chunk_03_spatial_matcher] I20260518 19:28:51.342067  6983 pairing.cc:631] Processing image [162/188]
2026-05-18T19:28:52 COLMAP[chunk_03_spatial_matcher] I20260518 19:28:51.511973  6983 feature_matching.cc:217] in 0.170s
2026-05-18T19:28:52 COLMAP[chunk_03_spatial_matcher] I20260518 19:28:51.512035  6983 pairing.cc:631] Processing image [163/188]
2026-05-18T19:28:52 COLMAP[chunk_03_spatial_matcher] I20260518 19:28:51.599973  6983 feature_matching.cc:217] in 0.088s
2026-05-18T19:28:52 COLMAP[chunk_03_spatial_matcher] I20260518 19:28:51.600023  6983 pairing.cc:631] Processing image [164/188]
2026-05-18T19:28:52 COLMAP[chunk_03_spatial_matcher] I20260518 19:28:51.825803  6983 feature_matching.cc:217] in 0.226s
2026-05-18T19:28:52 COLMAP[chunk_03_spatial_matcher] I20260518 19:28:51.825855  6983 pairing.cc:631] Processing image [165/188]
2026-05-18T19:28:52 COLMAP[chunk_03_spatial_matcher] I20260518 19:28:52.013598  6983 feature_matching.cc:217] in 0.188s
2026-05-18T19:28:52 COLMAP[chunk_03_spatial_matcher] I20260518 19:28:52.013653  6983 pairing.cc:631] Processing image [166/188]
2026-05-18T19:28:52 COLMAP[chunk_03_spatial_matcher] I20260518 19:28:52.170061  6983 feature_matching.cc:217] in 0.156s
2026-05-18T19:28:52 COLMAP[chunk_03_spatial_matcher] I20260518 19:28:52.170115  6983 pairing.cc:631] Processing image [167/188]
2026-05-18T19:28:53 COLMAP[chunk_03_spatial_matcher] I20260518 19:28:52.624579  6983 feature_matching.cc:217] in 0.454s
2026-05-18T19:28:53 COLMAP[chunk_03_spatial_matcher] I20260518 19:28:52.624629  6983 pairing.cc:631] Processing image [168/188]
2026-05-18T19:28:53 COLMAP[chunk_03_spatial_matcher] I20260518 19:28:52.717154  6983 feature_matching.cc:217] in 0.093s
2026-05-18T19:28:53 COLMAP[chunk_03_spatial_matcher] I20260518 19:28:52.717219  6983 pairing.cc:631] Processing image [169/188]
2026-05-18T19:28:53 COLMAP[chunk_03_spatial_matcher] I20260518 19:28:52.830024  6983 feature_matching.cc:217] in 0.113s
2026-05-18T19:28:53 COLMAP[chunk_03_spatial_matcher] I20260518 19:28:52.830071  6983 pairing.cc:631] Processing image [170/188]
2026-05-18T19:28:53 COLMAP[chunk_03_spatial_matcher] I20260518 19:28:52.922379  6983 feature_matching.cc:217] in 0.092s
2026-05-18T19:28:53 COLMAP[chunk_03_spatial_matcher] I20260518 19:28:52.922423  6983 pairing.cc:631] Processing image [171/188]
2026-05-18T19:28:54 COLMAP[chunk_03_spatial_matcher] I20260518 19:28:53.382495  6983 feature_matching.cc:217] in 0.460s
2026-05-18T19:28:54 COLMAP[chunk_03_spatial_matcher] I20260518 19:28:53.382550  6983 pairing.cc:631] Processing image [172/188]
2026-05-18T19:28:54 COLMAP[chunk_03_spatial_matcher] I20260518 19:28:53.756906  6983 feature_matching.cc:217] in 0.374s
2026-05-18T19:28:54 COLMAP[chunk_03_spatial_matcher] I20260518 19:28:53.756960  6983 pairing.cc:631] Processing image [173/188]
2026-05-18T19:28:54 COLMAP[chunk_03_spatial_matcher] I20260518 19:28:54.044155  6983 feature_matching.cc:217] in 0.287s
2026-05-18T19:28:54 COLMAP[chunk_03_spatial_matcher] I20260518 19:28:54.044207  6983 pairing.cc:631] Processing image [174/188]
2026-05-18T19:28:55 COLMAP[chunk_03_spatial_matcher] I20260518 19:28:54.396991  6983 feature_matching.cc:217] in 0.353s
2026-05-18T19:28:55 COLMAP[chunk_03_spatial_matcher] I20260518 19:28:54.397046  6983 pairing.cc:631] Processing image [175/188]
2026-05-18T19:28:55 COLMAP[chunk_03_spatial_matcher] I20260518 19:28:54.470294  6983 feature_matching.cc:217] in 0.073s
2026-05-18T19:28:55 COLMAP[chunk_03_spatial_matcher] I20260518 19:28:54.470350  6983 pairing.cc:631] Processing image [176/188]
2026-05-18T19:28:55 COLMAP[chunk_03_spatial_matcher] I20260518 19:28:54.520001  6983 feature_matching.cc:217] in 0.050s
2026-05-18T19:28:55 COLMAP[chunk_03_spatial_matcher] I20260518 19:28:54.520051  6983 pairing.cc:631] Processing image [177/188]
2026-05-18T19:28:55 COLMAP[chunk_03_spatial_matcher] I20260518 19:28:54.520193  6983 feature_matching.cc:217] in 0.000s
2026-05-18T19:28:55 COLMAP[chunk_03_spatial_matcher] I20260518 19:28:54.520210  6983 pairing.cc:631] Processing image [178/188]
2026-05-18T19:28:55 COLMAP[chunk_03_spatial_matcher] I20260518 19:28:54.666615  6983 feature_matching.cc:217] in 0.146s
2026-05-18T19:28:55 COLMAP[chunk_03_spatial_matcher] I20260518 19:28:54.666669  6983 pairing.cc:631] Processing image [179/188]
2026-05-18T19:28:55 COLMAP[chunk_03_spatial_matcher] I20260518 19:28:54.789983  6983 feature_matching.cc:217] in 0.123s
2026-05-18T19:28:55 COLMAP[chunk_03_spatial_matcher] I20260518 19:28:54.790035  6983 pairing.cc:631] Processing image [180/188]
2026-05-18T19:28:55 COLMAP[chunk_03_spatial_matcher] I20260518 19:28:54.930110  6983 feature_matching.cc:217] in 0.140s
2026-05-18T19:28:55 COLMAP[chunk_03_spatial_matcher] I20260518 19:28:54.930163  6983 pairing.cc:631] Processing image [181/188]
2026-05-18T19:28:55 COLMAP[chunk_03_spatial_matcher] I20260518 19:28:55.112360  6983 feature_matching.cc:217] in 0.182s
2026-05-18T19:28:55 COLMAP[chunk_03_spatial_matcher] I20260518 19:28:55.112408  6983 pairing.cc:631] Processing image [182/188]
2026-05-18T19:28:55 COLMAP[chunk_03_spatial_matcher] I20260518 19:28:55.297473  6983 feature_matching.cc:217] in 0.185s
2026-05-18T19:28:55 COLMAP[chunk_03_spatial_matcher] I20260518 19:28:55.297525  6983 pairing.cc:631] Processing image [183/188]
2026-05-18T19:28:56 COLMAP[chunk_03_spatial_matcher] I20260518 19:28:55.412936  6983 feature_matching.cc:217] in 0.115s
2026-05-18T19:28:56 COLMAP[chunk_03_spatial_matcher] I20260518 19:28:55.412988  6983 pairing.cc:631] Processing image [184/188]
2026-05-18T19:28:56 COLMAP[chunk_03_spatial_matcher] I20260518 19:28:55.499795  6983 feature_matching.cc:217] in 0.087s
2026-05-18T19:28:56 COLMAP[chunk_03_spatial_matcher] I20260518 19:28:55.499847  6983 pairing.cc:631] Processing image [185/188]
2026-05-18T19:28:56 COLMAP[chunk_03_spatial_matcher] I20260518 19:28:55.549834  6983 feature_matching.cc:217] in 0.050s
2026-05-18T19:28:56 COLMAP[chunk_03_spatial_matcher] I20260518 19:28:55.549880  6983 pairing.cc:631] Processing image [186/188]
2026-05-18T19:28:56 COLMAP[chunk_03_spatial_matcher] I20260518 19:28:55.602032  6983 feature_matching.cc:217] in 0.052s
2026-05-18T19:28:56 COLMAP[chunk_03_spatial_matcher] I20260518 19:28:55.602070  6983 pairing.cc:631] Processing image [187/188]
2026-05-18T19:28:56 COLMAP[chunk_03_spatial_matcher] I20260518 19:28:55.648474  6983 feature_matching.cc:217] in 0.046s
2026-05-18T19:28:56 COLMAP[chunk_03_spatial_matcher] I20260518 19:28:55.648510  6983 pairing.cc:631] Processing image [188/188]
2026-05-18T19:28:56 COLMAP[chunk_03_spatial_matcher] I20260518 19:28:55.739903  6983 feature_matching.cc:217] in 0.091s
2026-05-18T19:28:56 COLMAP[chunk_03_spatial_matcher] I20260518 19:28:55.739939  6983 timer.cc:90] Elapsed time: 1.467 [minutes]
2026-05-18T19:28:56 2026-05-18 19:28:55,820 - INFO - chunk_03_spatial_matcher added 1388 verified image pairs
2026-05-18T19:28:56 2026-05-18 19:28:55,823 - INFO - [chunk_03_sequential_matcher] colmap sequential_matcher --database_path /tmp/colmap_sfm_rcnmny4o/chunk_03/database.db --SequentialMatching.overlap 8 --SequentialMatching.quadratic_overlap 1 --SequentialMatching.loop_detection 0
2026-05-18T19:28:56 COLMAP[chunk_03_sequential_matcher] I20260518 19:28:56.010632  7048 feature_matching.cc:195] === Feature matching & geometric verification ===
2026-05-18T19:28:56 COLMAP[chunk_03_sequential_matcher] I20260518 19:28:56.069566  7049 feature_matching_utils.cc:80] Bind FeatureMatcherWorker to GPU device 0
2026-05-18T19:28:56 COLMAP[chunk_03_sequential_matcher] I20260518 19:28:56.070333  7049 sift.cc:1547] Creating SIFT GPU feature matcher
2026-05-18T19:28:56 COLMAP[chunk_03_sequential_matcher] I20260518 19:28:56.070983  7048 pairing.cc:415] Generating sequential image pairs...
2026-05-18T19:28:56 COLMAP[chunk_03_sequential_matcher] I20260518 19:28:56.073904  7048 pairing.cc:473] Processing image [1/188]
2026-05-18T19:28:57 COLMAP[chunk_03_sequential_matcher] I20260518 19:28:56.497202  7048 feature_matching.cc:217] in 0.423s
2026-05-18T19:28:57 COLMAP[chunk_03_sequential_matcher] I20260518 19:28:56.497255  7048 pairing.cc:473] Processing image [2/188]
2026-05-18T19:28:57 COLMAP[chunk_03_sequential_matcher] I20260518 19:28:57.064165  7048 feature_matching.cc:217] in 0.567s
2026-05-18T19:28:57 COLMAP[chunk_03_sequential_matcher] I20260518 19:28:57.064213  7048 pairing.cc:473] Processing image [3/188]
2026-05-18T19:28:58 COLMAP[chunk_03_sequential_matcher] I20260518 19:28:57.454866  7048 feature_matching.cc:217] in 0.391s
2026-05-18T19:28:58 COLMAP[chunk_03_sequential_matcher] I20260518 19:28:57.454921  7048 pairing.cc:473] Processing image [4/188]
2026-05-18T19:28:58 COLMAP[chunk_03_sequential_matcher] I20260518 19:28:58.170883  7048 feature_matching.cc:217] in 0.716s
2026-05-18T19:28:58 COLMAP[chunk_03_sequential_matcher] I20260518 19:28:58.170935  7048 pairing.cc:473] Processing image [5/188]
2026-05-18T19:28:59 COLMAP[chunk_03_sequential_matcher] I20260518 19:28:59.039165  7048 feature_matching.cc:217] in 0.868s
2026-05-18T19:28:59 COLMAP[chunk_03_sequential_matcher] I20260518 19:28:59.039217  7048 pairing.cc:473] Processing image [6/188]
2026-05-18T19:29:00 COLMAP[chunk_03_sequential_matcher] I20260518 19:28:59.668133  7048 feature_matching.cc:217] in 0.629s
2026-05-18T19:29:00 COLMAP[chunk_03_sequential_matcher] I20260518 19:28:59.668191  7048 pairing.cc:473] Processing image [7/188]
2026-05-18T19:29:01 COLMAP[chunk_03_sequential_matcher] I20260518 19:29:00.648742  7048 feature_matching.cc:217] in 0.981s
2026-05-18T19:29:01 COLMAP[chunk_03_sequential_matcher] I20260518 19:29:00.648788  7048 pairing.cc:473] Processing image [8/188]
2026-05-18T19:29:02 COLMAP[chunk_03_sequential_matcher] I20260518 19:29:01.578254  7048 feature_matching.cc:217] in 0.929s
2026-05-18T19:29:02 COLMAP[chunk_03_sequential_matcher] I20260518 19:29:01.578308  7048 pairing.cc:473] Processing image [9/188]
2026-05-18T19:29:03 COLMAP[chunk_03_sequential_matcher] I20260518 19:29:02.810671  7048 feature_matching.cc:217] in 1.232s
2026-05-18T19:29:03 COLMAP[chunk_03_sequential_matcher] I20260518 19:29:02.810729  7048 pairing.cc:473] Processing image [10/188]
2026-05-18T19:29:04 COLMAP[chunk_03_sequential_matcher] I20260518 19:29:03.951165  7048 feature_matching.cc:217] in 1.140s
2026-05-18T19:29:04 COLMAP[chunk_03_sequential_matcher] I20260518 19:29:03.951220  7048 pairing.cc:473] Processing image [11/188]
2026-05-18T19:29:05 COLMAP[chunk_03_sequential_matcher] I20260518 19:29:05.287034  7048 feature_matching.cc:217] in 1.336s
2026-05-18T19:29:05 COLMAP[chunk_03_sequential_matcher] I20260518 19:29:05.287083  7048 pairing.cc:473] Processing image [12/188]
2026-05-18T19:29:06 COLMAP[chunk_03_sequential_matcher] I20260518 19:29:05.810127  7048 feature_matching.cc:217] in 0.523s
2026-05-18T19:29:06 COLMAP[chunk_03_sequential_matcher] I20260518 19:29:05.810175  7048 pairing.cc:473] Processing image [13/188]
2026-05-18T19:29:07 COLMAP[chunk_03_sequential_matcher] I20260518 19:29:06.427412  7048 feature_matching.cc:217] in 0.617s
2026-05-18T19:29:07 COLMAP[chunk_03_sequential_matcher] I20260518 19:29:06.427465  7048 pairing.cc:473] Processing image [14/188]
2026-05-18T19:29:07 COLMAP[chunk_03_sequential_matcher] I20260518 19:29:07.005092  7048 feature_matching.cc:217] in 0.578s
2026-05-18T19:29:07 COLMAP[chunk_03_sequential_matcher] I20260518 19:29:07.005146  7048 pairing.cc:473] Processing image [15/188]
2026-05-18T19:29:08 COLMAP[chunk_03_sequential_matcher] I20260518 19:29:07.379029  7048 feature_matching.cc:217] in 0.374s
2026-05-18T19:29:08 COLMAP[chunk_03_sequential_matcher] I20260518 19:29:07.379083  7048 pairing.cc:473] Processing image [16/188]
2026-05-18T19:29:08 COLMAP[chunk_03_sequential_matcher] I20260518 19:29:07.887627  7048 feature_matching.cc:217] in 0.509s
2026-05-18T19:29:08 COLMAP[chunk_03_sequential_matcher] I20260518 19:29:07.887674  7048 pairing.cc:473] Processing image [17/188]
2026-05-18T19:29:09 COLMAP[chunk_03_sequential_matcher] I20260518 19:29:08.967233  7048 feature_matching.cc:217] in 1.080s
2026-05-18T19:29:09 COLMAP[chunk_03_sequential_matcher] I20260518 19:29:08.967288  7048 pairing.cc:473] Processing image [18/188]
2026-05-18T19:29:10 COLMAP[chunk_03_sequential_matcher] I20260518 19:29:09.535966  7048 feature_matching.cc:217] in 0.569s
2026-05-18T19:29:10 COLMAP[chunk_03_sequential_matcher] I20260518 19:29:09.536020  7048 pairing.cc:473] Processing image [19/188]
2026-05-18T19:29:10 COLMAP[chunk_03_sequential_matcher] I20260518 19:29:10.167768  7048 feature_matching.cc:217] in 0.632s
2026-05-18T19:29:10 COLMAP[chunk_03_sequential_matcher] I20260518 19:29:10.167827  7048 pairing.cc:473] Processing image [20/188]
2026-05-18T19:29:11 COLMAP[chunk_03_sequential_matcher] I20260518 19:29:10.802363  7048 feature_matching.cc:217] in 0.635s
2026-05-18T19:29:11 COLMAP[chunk_03_sequential_matcher] I20260518 19:29:10.802413  7048 pairing.cc:473] Processing image [21/188]
2026-05-18T19:29:12 COLMAP[chunk_03_sequential_matcher] I20260518 19:29:11.449113  7048 feature_matching.cc:217] in 0.647s
2026-05-18T19:29:12 COLMAP[chunk_03_sequential_matcher] I20260518 19:29:11.449165  7048 pairing.cc:473] Processing image [22/188]
2026-05-18T19:29:12 COLMAP[chunk_03_sequential_matcher] I20260518 19:29:12.079403  7048 feature_matching.cc:217] in 0.630s
2026-05-18T19:29:12 COLMAP[chunk_03_sequential_matcher] I20260518 19:29:12.079458  7048 pairing.cc:473] Processing image [23/188]
2026-05-18T19:29:13 COLMAP[chunk_03_sequential_matcher] I20260518 19:29:12.704597  7048 feature_matching.cc:217] in 0.625s
2026-05-18T19:29:13 COLMAP[chunk_03_sequential_matcher] I20260518 19:29:12.704653  7048 pairing.cc:473] Processing image [24/188]
2026-05-18T19:29:14 COLMAP[chunk_03_sequential_matcher] I20260518 19:29:13.414216  7048 feature_matching.cc:217] in 0.710s
2026-05-18T19:29:14 COLMAP[chunk_03_sequential_matcher] I20260518 19:29:13.414273  7048 pairing.cc:473] Processing image [25/188]
2026-05-18T19:29:15 COLMAP[chunk_03_sequential_matcher] I20260518 19:29:14.447641  7048 feature_matching.cc:217] in 1.033s
2026-05-18T19:29:15 COLMAP[chunk_03_sequential_matcher] I20260518 19:29:14.447696  7048 pairing.cc:473] Processing image [26/188]
2026-05-18T19:29:15 COLMAP[chunk_03_sequential_matcher] I20260518 19:29:15.347172  7048 feature_matching.cc:217] in 0.900s
2026-05-18T19:29:15 COLMAP[chunk_03_sequential_matcher] I20260518 19:29:15.347229  7048 pairing.cc:473] Processing image [27/188]
2026-05-18T19:29:17 COLMAP[chunk_03_sequential_matcher] I20260518 19:29:16.385746  7048 feature_matching.cc:217] in 1.039s
2026-05-18T19:29:17 COLMAP[chunk_03_sequential_matcher] I20260518 19:29:16.385800  7048 pairing.cc:473] Processing image [28/188]
2026-05-18T19:29:18 COLMAP[chunk_03_sequential_matcher] I20260518 19:29:17.423712  7048 feature_matching.cc:217] in 1.038s
2026-05-18T19:29:18 COLMAP[chunk_03_sequential_matcher] I20260518 19:29:17.423768  7048 pairing.cc:473] Processing image [29/188]
2026-05-18T19:29:18 COLMAP[chunk_03_sequential_matcher] I20260518 19:29:17.986451  7048 feature_matching.cc:217] in 0.563s
2026-05-18T19:29:18 COLMAP[chunk_03_sequential_matcher] I20260518 19:29:17.986506  7048 pairing.cc:473] Processing image [30/188]
2026-05-18T19:29:19 COLMAP[chunk_03_sequential_matcher] I20260518 19:29:18.488468  7048 feature_matching.cc:217] in 0.502s
2026-05-18T19:29:19 COLMAP[chunk_03_sequential_matcher] I20260518 19:29:18.488526  7048 pairing.cc:473] Processing image [31/188]
2026-05-18T19:29:19 COLMAP[chunk_03_sequential_matcher] I20260518 19:29:18.991861  7048 feature_matching.cc:217] in 0.503s
2026-05-18T19:29:19 COLMAP[chunk_03_sequential_matcher] I20260518 19:29:18.991915  7048 pairing.cc:473] Processing image [32/188]
2026-05-18T19:29:20 COLMAP[chunk_03_sequential_matcher] I20260518 19:29:19.416607  7048 feature_matching.cc:217] in 0.425s
2026-05-18T19:29:20 COLMAP[chunk_03_sequential_matcher] I20260518 19:29:19.416663  7048 pairing.cc:473] Processing image [33/188]
2026-05-18T19:29:20 COLMAP[chunk_03_sequential_matcher] I20260518 19:29:19.989017  7048 feature_matching.cc:217] in 0.572s
2026-05-18T19:29:20 COLMAP[chunk_03_sequential_matcher] I20260518 19:29:19.989071  7048 pairing.cc:473] Processing image [34/188]
2026-05-18T19:29:21 COLMAP[chunk_03_sequential_matcher] I20260518 19:29:20.644040  7048 feature_matching.cc:217] in 0.655s
2026-05-18T19:29:21 COLMAP[chunk_03_sequential_matcher] I20260518 19:29:20.644097  7048 pairing.cc:473] Processing image [35/188]
2026-05-18T19:29:21 COLMAP[chunk_03_sequential_matcher] I20260518 19:29:21.235204  7048 feature_matching.cc:217] in 0.591s
2026-05-18T19:29:21 COLMAP[chunk_03_sequential_matcher] I20260518 19:29:21.235261  7048 pairing.cc:473] Processing image [36/188]
2026-05-18T19:29:22 COLMAP[chunk_03_sequential_matcher] I20260518 19:29:21.793191  7048 feature_matching.cc:217] in 0.558s
2026-05-18T19:29:22 COLMAP[chunk_03_sequential_matcher] I20260518 19:29:21.793247  7048 pairing.cc:473] Processing image [37/188]
2026-05-18T19:29:22 COLMAP[chunk_03_sequential_matcher] I20260518 19:29:22.163431  7048 feature_matching.cc:217] in 0.370s
2026-05-18T19:29:22 COLMAP[chunk_03_sequential_matcher] I20260518 19:29:22.163488  7048 pairing.cc:473] Processing image [38/188]
2026-05-18T19:29:23 COLMAP[chunk_03_sequential_matcher] I20260518 19:29:22.586088  7048 feature_matching.cc:217] in 0.423s
2026-05-18T19:29:23 COLMAP[chunk_03_sequential_matcher] I20260518 19:29:22.586145  7048 pairing.cc:473] Processing image [39/188]
2026-05-18T19:29:23 COLMAP[chunk_03_sequential_matcher] I20260518 19:29:23.139801  7048 feature_matching.cc:217] in 0.554s
2026-05-18T19:29:23 COLMAP[chunk_03_sequential_matcher] I20260518 19:29:23.139861  7048 pairing.cc:473] Processing image [40/188]
2026-05-18T19:29:24 COLMAP[chunk_03_sequential_matcher] I20260518 19:29:23.686920  7048 feature_matching.cc:217] in 0.547s
2026-05-18T19:29:24 COLMAP[chunk_03_sequential_matcher] I20260518 19:29:23.686976  7048 pairing.cc:473] Processing image [41/188]
2026-05-18T19:29:24 COLMAP[chunk_03_sequential_matcher] I20260518 19:29:24.197237  7048 feature_matching.cc:217] in 0.510s
2026-05-18T19:29:24 COLMAP[chunk_03_sequential_matcher] I20260518 19:29:24.197291  7048 pairing.cc:473] Processing image [42/188]
2026-05-18T19:29:25 COLMAP[chunk_03_sequential_matcher] I20260518 19:29:24.633508  7048 feature_matching.cc:217] in 0.436s
2026-05-18T19:29:25 COLMAP[chunk_03_sequential_matcher] I20260518 19:29:24.633567  7048 pairing.cc:473] Processing image [43/188]
2026-05-18T19:29:25 COLMAP[chunk_03_sequential_matcher] I20260518 19:29:25.154624  7048 feature_matching.cc:217] in 0.521s
2026-05-18T19:29:25 COLMAP[chunk_03_sequential_matcher] I20260518 19:29:25.154677  7048 pairing.cc:473] Processing image [44/188]
2026-05-18T19:29:26 COLMAP[chunk_03_sequential_matcher] I20260518 19:29:25.724640  7048 feature_matching.cc:217] in 0.570s
2026-05-18T19:29:26 COLMAP[chunk_03_sequential_matcher] I20260518 19:29:25.724694  7048 pairing.cc:473] Processing image [45/188]
2026-05-18T19:29:27 COLMAP[chunk_03_sequential_matcher] I20260518 19:29:26.397675  7048 feature_matching.cc:217] in 0.673s
2026-05-18T19:29:27 COLMAP[chunk_03_sequential_matcher] I20260518 19:29:26.397756  7048 pairing.cc:473] Processing image [46/188]
2026-05-18T19:29:27 COLMAP[chunk_03_sequential_matcher] I20260518 19:29:27.314494  7048 feature_matching.cc:217] in 0.917s
2026-05-18T19:29:27 COLMAP[chunk_03_sequential_matcher] I20260518 19:29:27.314553  7048 pairing.cc:473] Processing image [47/188]
2026-05-18T19:29:28 COLMAP[chunk_03_sequential_matcher] I20260518 19:29:27.967149  7048 feature_matching.cc:217] in 0.653s
2026-05-18T19:29:28 COLMAP[chunk_03_sequential_matcher] I20260518 19:29:27.967203  7048 pairing.cc:473] Processing image [48/188]
2026-05-18T19:29:29 COLMAP[chunk_03_sequential_matcher] I20260518 19:29:28.562064  7048 feature_matching.cc:217] in 0.595s
2026-05-18T19:29:29 COLMAP[chunk_03_sequential_matcher] I20260518 19:29:28.562115  7048 pairing.cc:473] Processing image [49/188]
2026-05-18T19:29:29 COLMAP[chunk_03_sequential_matcher] I20260518 19:29:29.276124  7048 feature_matching.cc:217] in 0.714s
2026-05-18T19:29:29 COLMAP[chunk_03_sequential_matcher] I20260518 19:29:29.276180  7048 pairing.cc:473] Processing image [50/188]
2026-05-18T19:29:30 COLMAP[chunk_03_sequential_matcher] I20260518 19:29:30.068531  7048 feature_matching.cc:217] in 0.792s
2026-05-18T19:29:30 COLMAP[chunk_03_sequential_matcher] I20260518 19:29:30.068588  7048 pairing.cc:473] Processing image [51/188]
2026-05-18T19:29:31 COLMAP[chunk_03_sequential_matcher] I20260518 19:29:31.095973  7048 feature_matching.cc:217] in 1.027s
2026-05-18T19:29:31 COLMAP[chunk_03_sequential_matcher] I20260518 19:29:31.096021  7048 pairing.cc:473] Processing image [52/188]
2026-05-18T19:29:32 COLMAP[chunk_03_sequential_matcher] I20260518 19:29:32.319854  7048 feature_matching.cc:217] in 1.224s
2026-05-18T19:29:32 COLMAP[chunk_03_sequential_matcher] I20260518 19:29:32.319908  7048 pairing.cc:473] Processing image [53/188]
2026-05-18T19:29:34 COLMAP[chunk_03_sequential_matcher] I20260518 19:29:33.537729  7048 feature_matching.cc:217] in 1.218s
2026-05-18T19:29:34 COLMAP[chunk_03_sequential_matcher] I20260518 19:29:33.537782  7048 pairing.cc:473] Processing image [54/188]
2026-05-18T19:29:34 COLMAP[chunk_03_sequential_matcher] I20260518 19:29:34.189117  7048 feature_matching.cc:217] in 0.651s
2026-05-18T19:29:34 COLMAP[chunk_03_sequential_matcher] I20260518 19:29:34.189167  7048 pairing.cc:473] Processing image [55/188]
2026-05-18T19:29:35 COLMAP[chunk_03_sequential_matcher] I20260518 19:29:34.947781  7048 feature_matching.cc:217] in 0.759s
2026-05-18T19:29:35 COLMAP[chunk_03_sequential_matcher] I20260518 19:29:34.947842  7048 pairing.cc:473] Processing image [56/188]
2026-05-18T19:29:36 COLMAP[chunk_03_sequential_matcher] I20260518 19:29:35.931092  7048 feature_matching.cc:217] in 0.983s
2026-05-18T19:29:36 COLMAP[chunk_03_sequential_matcher] I20260518 19:29:35.931147  7048 pairing.cc:473] Processing image [57/188]
2026-05-18T19:29:36 COLMAP[chunk_03_sequential_matcher] I20260518 19:29:36.310335  7048 feature_matching.cc:217] in 0.379s
2026-05-18T19:29:36 COLMAP[chunk_03_sequential_matcher] I20260518 19:29:36.310391  7048 pairing.cc:473] Processing image [58/188]
2026-05-18T19:29:37 COLMAP[chunk_03_sequential_matcher] I20260518 19:29:36.785550  7048 feature_matching.cc:217] in 0.475s
2026-05-18T19:29:37 COLMAP[chunk_03_sequential_matcher] I20260518 19:29:36.785600  7048 pairing.cc:473] Processing image [59/188]
2026-05-18T19:29:37 COLMAP[chunk_03_sequential_matcher] I20260518 19:29:37.255985  7048 feature_matching.cc:217] in 0.470s
2026-05-18T19:29:37 COLMAP[chunk_03_sequential_matcher] I20260518 19:29:37.256034  7048 pairing.cc:473] Processing image [60/188]
2026-05-18T19:29:38 COLMAP[chunk_03_sequential_matcher] I20260518 19:29:37.781513  7048 feature_matching.cc:217] in 0.526s
2026-05-18T19:29:38 COLMAP[chunk_03_sequential_matcher] I20260518 19:29:37.781564  7048 pairing.cc:473] Processing image [61/188]
2026-05-18T19:29:38 COLMAP[chunk_03_sequential_matcher] I20260518 19:29:38.008318  7048 feature_matching.cc:217] in 0.227s
2026-05-18T19:29:38 COLMAP[chunk_03_sequential_matcher] I20260518 19:29:38.008368  7048 pairing.cc:473] Processing image [62/188]
2026-05-18T19:29:38 COLMAP[chunk_03_sequential_matcher] I20260518 19:29:38.121886  7048 feature_matching.cc:217] in 0.114s
2026-05-18T19:29:38 COLMAP[chunk_03_sequential_matcher] I20260518 19:29:38.121937  7048 pairing.cc:473] Processing image [63/188]
2026-05-18T19:29:38 COLMAP[chunk_03_sequential_matcher] I20260518 19:29:38.160667  7048 feature_matching.cc:217] in 0.039s
2026-05-18T19:29:38 COLMAP[chunk_03_sequential_matcher] I20260518 19:29:38.160717  7048 pairing.cc:473] Processing image [64/188]
2026-05-18T19:29:39 COLMAP[chunk_03_sequential_matcher] I20260518 19:29:38.412218  7048 feature_matching.cc:217] in 0.252s
2026-05-18T19:29:39 COLMAP[chunk_03_sequential_matcher] I20260518 19:29:38.412274  7048 pairing.cc:473] Processing image [65/188]
2026-05-18T19:29:39 COLMAP[chunk_03_sequential_matcher] I20260518 19:29:38.788630  7048 feature_matching.cc:217] in 0.376s
2026-05-18T19:29:39 COLMAP[chunk_03_sequential_matcher] I20260518 19:29:38.788681  7048 pairing.cc:473] Processing image [66/188]
2026-05-18T19:29:39 COLMAP[chunk_03_sequential_matcher] I20260518 19:29:39.072273  7048 feature_matching.cc:217] in 0.284s
2026-05-18T19:29:39 COLMAP[chunk_03_sequential_matcher] I20260518 19:29:39.072326  7048 pairing.cc:473] Processing image [67/188]
2026-05-18T19:29:40 COLMAP[chunk_03_sequential_matcher] I20260518 19:29:39.619422  7048 feature_matching.cc:217] in 0.547s
2026-05-18T19:29:40 COLMAP[chunk_03_sequential_matcher] I20260518 19:29:39.619465  7048 pairing.cc:473] Processing image [68/188]
2026-05-18T19:29:40 COLMAP[chunk_03_sequential_matcher] I20260518 19:29:40.231190  7048 feature_matching.cc:217] in 0.612s
2026-05-18T19:29:40 COLMAP[chunk_03_sequential_matcher] I20260518 19:29:40.231244  7048 pairing.cc:473] Processing image [69/188]
2026-05-18T19:29:40 COLMAP[chunk_03_sequential_matcher] I20260518 19:29:40.278467  7048 feature_matching.cc:217] in 0.047s
2026-05-18T19:29:40 COLMAP[chunk_03_sequential_matcher] I20260518 19:29:40.278508  7048 pairing.cc:473] Processing image [70/188]
2026-05-18T19:29:41 COLMAP[chunk_03_sequential_matcher] I20260518 19:29:40.723909  7048 feature_matching.cc:217] in 0.445s
2026-05-18T19:29:41 COLMAP[chunk_03_sequential_matcher] I20260518 19:29:40.723961  7048 pairing.cc:473] Processing image [71/188]
2026-05-18T19:29:41 COLMAP[chunk_03_sequential_matcher] I20260518 19:29:41.105466  7048 feature_matching.cc:217] in 0.382s
2026-05-18T19:29:41 COLMAP[chunk_03_sequential_matcher] I20260518 19:29:41.105521  7048 pairing.cc:473] Processing image [72/188]
2026-05-18T19:29:42 COLMAP[chunk_03_sequential_matcher] I20260518 19:29:41.692166  7048 feature_matching.cc:217] in 0.587s
2026-05-18T19:29:42 COLMAP[chunk_03_sequential_matcher] I20260518 19:29:41.692224  7048 pairing.cc:473] Processing image [73/188]
2026-05-18T19:29:42 COLMAP[chunk_03_sequential_matcher] I20260518 19:29:42.155606  7048 feature_matching.cc:217] in 0.463s
2026-05-18T19:29:42 COLMAP[chunk_03_sequential_matcher] I20260518 19:29:42.155656  7048 pairing.cc:473] Processing image [74/188]
2026-05-18T19:29:43 COLMAP[chunk_03_sequential_matcher] I20260518 19:29:42.548656  7048 feature_matching.cc:217] in 0.393s
2026-05-18T19:29:43 COLMAP[chunk_03_sequential_matcher] I20260518 19:29:42.548717  7048 pairing.cc:473] Processing image [75/188]
2026-05-18T19:29:43 COLMAP[chunk_03_sequential_matcher] I20260518 19:29:43.202307  7048 feature_matching.cc:217] in 0.654s
2026-05-18T19:29:43 COLMAP[chunk_03_sequential_matcher] I20260518 19:29:43.202363  7048 pairing.cc:473] Processing image [76/188]
2026-05-18T19:29:44 COLMAP[chunk_03_sequential_matcher] I20260518 19:29:43.943450  7048 feature_matching.cc:217] in 0.741s
2026-05-18T19:29:44 COLMAP[chunk_03_sequential_matcher] I20260518 19:29:43.943507  7048 pairing.cc:473] Processing image [77/188]
2026-05-18T19:29:44 COLMAP[chunk_03_sequential_matcher] I20260518 19:29:44.304544  7048 feature_matching.cc:217] in 0.361s
2026-05-18T19:29:44 COLMAP[chunk_03_sequential_matcher] I20260518 19:29:44.304600  7048 pairing.cc:473] Processing image [78/188]
2026-05-18T19:29:45 COLMAP[chunk_03_sequential_matcher] I20260518 19:29:44.673296  7048 feature_matching.cc:217] in 0.369s
2026-05-18T19:29:45 COLMAP[chunk_03_sequential_matcher] I20260518 19:29:44.673345  7048 pairing.cc:473] Processing image [79/188]
2026-05-18T19:29:45 COLMAP[chunk_03_sequential_matcher] I20260518 19:29:45.200688  7048 feature_matching.cc:217] in 0.527s
2026-05-18T19:29:45 COLMAP[chunk_03_sequential_matcher] I20260518 19:29:45.200738  7048 pairing.cc:473] Processing image [80/188]
2026-05-18T19:29:46 COLMAP[chunk_03_sequential_matcher] I20260518 19:29:45.593973  7048 feature_matching.cc:217] in 0.393s
2026-05-18T19:29:46 COLMAP[chunk_03_sequential_matcher] I20260518 19:29:45.594027  7048 pairing.cc:473] Processing image [81/188]
2026-05-18T19:29:46 COLMAP[chunk_03_sequential_matcher] I20260518 19:29:45.996292  7048 feature_matching.cc:217] in 0.402s
2026-05-18T19:29:46 COLMAP[chunk_03_sequential_matcher] I20260518 19:29:45.996347  7048 pairing.cc:473] Processing image [82/188]
2026-05-18T19:29:47 COLMAP[chunk_03_sequential_matcher] I20260518 19:29:46.528965  7048 feature_matching.cc:217] in 0.533s
2026-05-18T19:29:47 COLMAP[chunk_03_sequential_matcher] I20260518 19:29:46.529018  7048 pairing.cc:473] Processing image [83/188]
2026-05-18T19:29:47 COLMAP[chunk_03_sequential_matcher] I20260518 19:29:47.116509  7048 feature_matching.cc:217] in 0.588s
2026-05-18T19:29:47 COLMAP[chunk_03_sequential_matcher] I20260518 19:29:47.116561  7048 pairing.cc:473] Processing image [84/188]
2026-05-18T19:29:48 COLMAP[chunk_03_sequential_matcher] I20260518 19:29:47.953764  7048 feature_matching.cc:217] in 0.837s
2026-05-18T19:29:48 COLMAP[chunk_03_sequential_matcher] I20260518 19:29:47.953817  7048 pairing.cc:473] Processing image [85/188]
2026-05-18T19:29:48 COLMAP[chunk_03_sequential_matcher] I20260518 19:29:48.332098  7048 feature_matching.cc:217] in 0.378s
2026-05-18T19:29:48 COLMAP[chunk_03_sequential_matcher] I20260518 19:29:48.332147  7048 pairing.cc:473] Processing image [86/188]
2026-05-18T19:29:49 COLMAP[chunk_03_sequential_matcher] I20260518 19:29:48.840026  7048 feature_matching.cc:217] in 0.508s
2026-05-18T19:29:49 COLMAP[chunk_03_sequential_matcher] I20260518 19:29:48.840081  7048 pairing.cc:473] Processing image [87/188]
2026-05-18T19:29:50 COLMAP[chunk_03_sequential_matcher] I20260518 19:29:49.413791  7048 feature_matching.cc:217] in 0.574s
2026-05-18T19:29:50 COLMAP[chunk_03_sequential_matcher] I20260518 19:29:49.413841  7048 pairing.cc:473] Processing image [88/188]
2026-05-18T19:29:50 COLMAP[chunk_03_sequential_matcher] I20260518 19:29:49.824265  7048 feature_matching.cc:217] in 0.410s
2026-05-18T19:29:50 COLMAP[chunk_03_sequential_matcher] I20260518 19:29:49.824313  7048 pairing.cc:473] Processing image [89/188]
2026-05-18T19:29:50 COLMAP[chunk_03_sequential_matcher] I20260518 19:29:50.377507  7048 feature_matching.cc:217] in 0.553s
2026-05-18T19:29:50 COLMAP[chunk_03_sequential_matcher] I20260518 19:29:50.377560  7048 pairing.cc:473] Processing image [90/188]
2026-05-18T19:29:51 COLMAP[chunk_03_sequential_matcher] I20260518 19:29:50.997174  7048 feature_matching.cc:217] in 0.620s
2026-05-18T19:29:51 COLMAP[chunk_03_sequential_matcher] I20260518 19:29:50.997227  7048 pairing.cc:473] Processing image [91/188]
2026-05-18T19:29:52 COLMAP[chunk_03_sequential_matcher] I20260518 19:29:52.058961  7048 feature_matching.cc:217] in 1.062s
2026-05-18T19:29:52 COLMAP[chunk_03_sequential_matcher] I20260518 19:29:52.059021  7048 pairing.cc:473] Processing image [92/188]
2026-05-18T19:29:53 COLMAP[chunk_03_sequential_matcher] I20260518 19:29:52.518656  7048 feature_matching.cc:217] in 0.460s
2026-05-18T19:29:53 COLMAP[chunk_03_sequential_matcher] I20260518 19:29:52.518709  7048 pairing.cc:473] Processing image [93/188]
2026-05-18T19:29:53 COLMAP[chunk_03_sequential_matcher] I20260518 19:29:52.886713  7048 feature_matching.cc:217] in 0.368s
2026-05-18T19:29:53 COLMAP[chunk_03_sequential_matcher] I20260518 19:29:52.886770  7048 pairing.cc:473] Processing image [94/188]
2026-05-18T19:29:54 COLMAP[chunk_03_sequential_matcher] I20260518 19:29:53.399008  7048 feature_matching.cc:217] in 0.512s
2026-05-18T19:29:54 COLMAP[chunk_03_sequential_matcher] I20260518 19:29:53.399065  7048 pairing.cc:473] Processing image [95/188]
2026-05-18T19:29:54 COLMAP[chunk_03_sequential_matcher] I20260518 19:29:53.771349  7048 feature_matching.cc:217] in 0.372s
2026-05-18T19:29:54 COLMAP[chunk_03_sequential_matcher] I20260518 19:29:53.771404  7048 pairing.cc:473] Processing image [96/188]
2026-05-18T19:29:54 COLMAP[chunk_03_sequential_matcher] I20260518 19:29:54.132660  7048 feature_matching.cc:217] in 0.361s
2026-05-18T19:29:54 COLMAP[chunk_03_sequential_matcher] I20260518 19:29:54.132719  7048 pairing.cc:473] Processing image [97/188]
2026-05-18T19:29:55 COLMAP[chunk_03_sequential_matcher] I20260518 19:29:54.494128  7048 feature_matching.cc:217] in 0.361s
2026-05-18T19:29:55 COLMAP[chunk_03_sequential_matcher] I20260518 19:29:54.494182  7048 pairing.cc:473] Processing image [98/188]
2026-05-18T19:29:55 COLMAP[chunk_03_sequential_matcher] I20260518 19:29:54.877722  7048 feature_matching.cc:217] in 0.384s
2026-05-18T19:29:55 COLMAP[chunk_03_sequential_matcher] I20260518 19:29:54.877770  7048 pairing.cc:473] Processing image [99/188]
2026-05-18T19:29:55 COLMAP[chunk_03_sequential_matcher] I20260518 19:29:55.349902  7048 feature_matching.cc:217] in 0.472s
2026-05-18T19:29:55 COLMAP[chunk_03_sequential_matcher] I20260518 19:29:55.349956  7048 pairing.cc:473] Processing image [100/188]
2026-05-18T19:29:56 COLMAP[chunk_03_sequential_matcher] I20260518 19:29:55.876792  7048 feature_matching.cc:217] in 0.527s
2026-05-18T19:29:56 COLMAP[chunk_03_sequential_matcher] I20260518 19:29:55.876845  7048 pairing.cc:473] Processing image [101/188]
2026-05-18T19:29:56 COLMAP[chunk_03_sequential_matcher] I20260518 19:29:56.278807  7048 feature_matching.cc:217] in 0.402s
2026-05-18T19:29:56 COLMAP[chunk_03_sequential_matcher] I20260518 19:29:56.278863  7048 pairing.cc:473] Processing image [102/188]
2026-05-18T19:29:57 COLMAP[chunk_03_sequential_matcher] I20260518 19:29:56.682919  7048 feature_matching.cc:217] in 0.404s
2026-05-18T19:29:57 COLMAP[chunk_03_sequential_matcher] I20260518 19:29:56.683000  7048 pairing.cc:473] Processing image [103/188]
2026-05-18T19:29:57 COLMAP[chunk_03_sequential_matcher] I20260518 19:29:57.212021  7048 feature_matching.cc:217] in 0.529s
2026-05-18T19:29:57 COLMAP[chunk_03_sequential_matcher] I20260518 19:29:57.212085  7048 pairing.cc:473] Processing image [104/188]
2026-05-18T19:29:58 COLMAP[chunk_03_sequential_matcher] I20260518 19:29:57.623842  7048 feature_matching.cc:217] in 0.412s
2026-05-18T19:29:58 COLMAP[chunk_03_sequential_matcher] I20260518 19:29:57.623898  7048 pairing.cc:473] Processing image [105/188]
2026-05-18T19:29:58 COLMAP[chunk_03_sequential_matcher] I20260518 19:29:57.667162  7048 feature_matching.cc:217] in 0.043s
2026-05-18T19:29:58 COLMAP[chunk_03_sequential_matcher] I20260518 19:29:57.667212  7048 pairing.cc:473] Processing image [106/188]
2026-05-18T19:29:58 COLMAP[chunk_03_sequential_matcher] I20260518 19:29:58.215669  7048 feature_matching.cc:217] in 0.548s
2026-05-18T19:29:58 COLMAP[chunk_03_sequential_matcher] I20260518 19:29:58.215723  7048 pairing.cc:473] Processing image [107/188]
2026-05-18T19:29:59 COLMAP[chunk_03_sequential_matcher] I20260518 19:29:58.731549  7048 feature_matching.cc:217] in 0.516s
2026-05-18T19:29:59 COLMAP[chunk_03_sequential_matcher] I20260518 19:29:58.731603  7048 pairing.cc:473] Processing image [108/188]
2026-05-18T19:30:00 COLMAP[chunk_03_sequential_matcher] I20260518 19:29:59.674706  7048 feature_matching.cc:217] in 0.943s
2026-05-18T19:30:00 COLMAP[chunk_03_sequential_matcher] I20260518 19:29:59.674762  7048 pairing.cc:473] Processing image [109/188]
2026-05-18T19:30:00 COLMAP[chunk_03_sequential_matcher] I20260518 19:30:00.294647  7048 feature_matching.cc:217] in 0.620s
2026-05-18T19:30:00 COLMAP[chunk_03_sequential_matcher] I20260518 19:30:00.294706  7048 pairing.cc:473] Processing image [110/188]
2026-05-18T19:30:01 COLMAP[chunk_03_sequential_matcher] I20260518 19:30:00.898259  7048 feature_matching.cc:217] in 0.604s
2026-05-18T19:30:01 COLMAP[chunk_03_sequential_matcher] I20260518 19:30:00.898319  7048 pairing.cc:473] Processing image [111/188]
2026-05-18T19:30:02 COLMAP[chunk_03_sequential_matcher] I20260518 19:30:01.750486  7048 feature_matching.cc:217] in 0.852s
2026-05-18T19:30:02 COLMAP[chunk_03_sequential_matcher] I20260518 19:30:01.750572  7048 pairing.cc:473] Processing image [112/188]
2026-05-18T19:30:03 COLMAP[chunk_03_sequential_matcher] I20260518 19:30:02.818538  7048 feature_matching.cc:217] in 1.068s
2026-05-18T19:30:03 COLMAP[chunk_03_sequential_matcher] I20260518 19:30:02.818588  7048 pairing.cc:473] Processing image [113/188]
2026-05-18T19:30:03 COLMAP[chunk_03_sequential_matcher] I20260518 19:30:03.094267  7048 feature_matching.cc:217] in 0.276s
2026-05-18T19:30:03 COLMAP[chunk_03_sequential_matcher] I20260518 19:30:03.094321  7048 pairing.cc:473] Processing image [114/188]
2026-05-18T19:30:04 COLMAP[chunk_03_sequential_matcher] I20260518 19:30:03.463137  7048 feature_matching.cc:217] in 0.369s
2026-05-18T19:30:04 COLMAP[chunk_03_sequential_matcher] I20260518 19:30:03.463191  7048 pairing.cc:473] Processing image [115/188]
2026-05-18T19:30:04 COLMAP[chunk_03_sequential_matcher] I20260518 19:30:03.820636  7048 feature_matching.cc:217] in 0.357s
2026-05-18T19:30:04 COLMAP[chunk_03_sequential_matcher] I20260518 19:30:03.820693  7048 pairing.cc:473] Processing image [116/188]
2026-05-18T19:30:04 COLMAP[chunk_03_sequential_matcher] I20260518 19:30:04.229317  7048 feature_matching.cc:217] in 0.409s
2026-05-18T19:30:04 COLMAP[chunk_03_sequential_matcher] I20260518 19:30:04.229377  7048 pairing.cc:473] Processing image [117/188]
2026-05-18T19:30:05 COLMAP[chunk_03_sequential_matcher] I20260518 19:30:04.622066  7048 feature_matching.cc:217] in 0.393s
2026-05-18T19:30:05 COLMAP[chunk_03_sequential_matcher] I20260518 19:30:04.622120  7048 pairing.cc:473] Processing image [118/188]
2026-05-18T19:30:05 COLMAP[chunk_03_sequential_matcher] I20260518 19:30:05.051146  7048 feature_matching.cc:217] in 0.429s
2026-05-18T19:30:05 COLMAP[chunk_03_sequential_matcher] I20260518 19:30:05.051196  7048 pairing.cc:473] Processing image [119/188]
2026-05-18T19:30:06 COLMAP[chunk_03_sequential_matcher] I20260518 19:30:05.448324  7048 feature_matching.cc:217] in 0.397s
2026-05-18T19:30:06 COLMAP[chunk_03_sequential_matcher] I20260518 19:30:05.448393  7048 pairing.cc:473] Processing image [120/188]
2026-05-18T19:30:06 COLMAP[chunk_03_sequential_matcher] I20260518 19:30:06.001776  7048 feature_matching.cc:217] in 0.553s
2026-05-18T19:30:06 COLMAP[chunk_03_sequential_matcher] I20260518 19:30:06.001837  7048 pairing.cc:473] Processing image [121/188]
2026-05-18T19:30:07 COLMAP[chunk_03_sequential_matcher] I20260518 19:30:06.543751  7048 feature_matching.cc:217] in 0.542s
2026-05-18T19:30:07 COLMAP[chunk_03_sequential_matcher] I20260518 19:30:06.543804  7048 pairing.cc:473] Processing image [122/188]
2026-05-18T19:30:07 COLMAP[chunk_03_sequential_matcher] I20260518 19:30:07.061563  7048 feature_matching.cc:217] in 0.518s
2026-05-18T19:30:07 COLMAP[chunk_03_sequential_matcher] I20260518 19:30:07.061619  7048 pairing.cc:473] Processing image [123/188]
2026-05-18T19:30:08 COLMAP[chunk_03_sequential_matcher] I20260518 19:30:07.623987  7048 feature_matching.cc:217] in 0.562s
2026-05-18T19:30:08 COLMAP[chunk_03_sequential_matcher] I20260518 19:30:07.624044  7048 pairing.cc:473] Processing image [124/188]
2026-05-18T19:30:08 COLMAP[chunk_03_sequential_matcher] I20260518 19:30:08.020439  7048 feature_matching.cc:217] in 0.396s
2026-05-18T19:30:08 COLMAP[chunk_03_sequential_matcher] I20260518 19:30:08.020493  7048 pairing.cc:473] Processing image [125/188]
2026-05-18T19:30:08 COLMAP[chunk_03_sequential_matcher] I20260518 19:30:08.390113  7048 feature_matching.cc:217] in 0.370s
2026-05-18T19:30:08 COLMAP[chunk_03_sequential_matcher] I20260518 19:30:08.390170  7048 pairing.cc:473] Processing image [126/188]
2026-05-18T19:30:09 COLMAP[chunk_03_sequential_matcher] I20260518 19:30:09.013814  7048 feature_matching.cc:217] in 0.624s
2026-05-18T19:30:09 COLMAP[chunk_03_sequential_matcher] I20260518 19:30:09.013872  7048 pairing.cc:473] Processing image [127/188]
2026-05-18T19:30:10 COLMAP[chunk_03_sequential_matcher] I20260518 19:30:09.547974  7048 feature_matching.cc:217] in 0.534s
2026-05-18T19:30:10 COLMAP[chunk_03_sequential_matcher] I20260518 19:30:09.548024  7048 pairing.cc:473] Processing image [128/188]
2026-05-18T19:30:10 COLMAP[chunk_03_sequential_matcher] I20260518 19:30:09.961723  7048 feature_matching.cc:217] in 0.414s
2026-05-18T19:30:10 COLMAP[chunk_03_sequential_matcher] I20260518 19:30:09.961773  7048 pairing.cc:473] Processing image [129/188]
2026-05-18T19:30:11 COLMAP[chunk_03_sequential_matcher] I20260518 19:30:10.555388  7048 feature_matching.cc:217] in 0.594s
2026-05-18T19:30:11 COLMAP[chunk_03_sequential_matcher] I20260518 19:30:10.555440  7048 pairing.cc:473] Processing image [130/188]
2026-05-18T19:30:11 COLMAP[chunk_03_sequential_matcher] I20260518 19:30:11.078819  7048 feature_matching.cc:217] in 0.523s
2026-05-18T19:30:11 COLMAP[chunk_03_sequential_matcher] I20260518 19:30:11.078877  7048 pairing.cc:473] Processing image [131/188]
2026-05-18T19:30:12 COLMAP[chunk_03_sequential_matcher] I20260518 19:30:11.489764  7048 feature_matching.cc:217] in 0.411s
2026-05-18T19:30:12 COLMAP[chunk_03_sequential_matcher] I20260518 19:30:11.489848  7048 pairing.cc:473] Processing image [132/188]
2026-05-18T19:30:12 COLMAP[chunk_03_sequential_matcher] I20260518 19:30:11.998567  7048 feature_matching.cc:217] in 0.509s
2026-05-18T19:30:12 COLMAP[chunk_03_sequential_matcher] I20260518 19:30:11.998623  7048 pairing.cc:473] Processing image [133/188]
2026-05-18T19:30:13 COLMAP[chunk_03_sequential_matcher] I20260518 19:30:12.734719  7048 feature_matching.cc:217] in 0.736s
2026-05-18T19:30:13 COLMAP[chunk_03_sequential_matcher] I20260518 19:30:12.734768  7048 pairing.cc:473] Processing image [134/188]
2026-05-18T19:30:13 COLMAP[chunk_03_sequential_matcher] I20260518 19:30:13.238395  7048 feature_matching.cc:217] in 0.504s
2026-05-18T19:30:13 COLMAP[chunk_03_sequential_matcher] I20260518 19:30:13.238451  7048 pairing.cc:473] Processing image [135/188]
2026-05-18T19:30:14 COLMAP[chunk_03_sequential_matcher] I20260518 19:30:13.743454  7048 feature_matching.cc:217] in 0.505s
2026-05-18T19:30:14 COLMAP[chunk_03_sequential_matcher] I20260518 19:30:13.743510  7048 pairing.cc:473] Processing image [136/188]
2026-05-18T19:30:14 COLMAP[chunk_03_sequential_matcher] I20260518 19:30:14.251884  7048 feature_matching.cc:217] in 0.508s
2026-05-18T19:30:14 COLMAP[chunk_03_sequential_matcher] I20260518 19:30:14.251942  7048 pairing.cc:473] Processing image [137/188]
2026-05-18T19:30:15 COLMAP[chunk_03_sequential_matcher] I20260518 19:30:15.111699  7048 feature_matching.cc:217] in 0.860s
2026-05-18T19:30:15 COLMAP[chunk_03_sequential_matcher] I20260518 19:30:15.111753  7048 pairing.cc:473] Processing image [138/188]
2026-05-18T19:30:16 COLMAP[chunk_03_sequential_matcher] I20260518 19:30:15.933651  7048 feature_matching.cc:217] in 0.822s
2026-05-18T19:30:16 COLMAP[chunk_03_sequential_matcher] I20260518 19:30:15.933779  7048 pairing.cc:473] Processing image [139/188]
2026-05-18T19:30:16 COLMAP[chunk_03_sequential_matcher] I20260518 19:30:16.046490  7048 feature_matching.cc:217] in 0.113s
2026-05-18T19:30:16 COLMAP[chunk_03_sequential_matcher] I20260518 19:30:16.046545  7048 pairing.cc:473] Processing image [140/188]
2026-05-18T19:30:17 COLMAP[chunk_03_sequential_matcher] I20260518 19:30:16.588884  7048 feature_matching.cc:217] in 0.542s
2026-05-18T19:30:17 COLMAP[chunk_03_sequential_matcher] I20260518 19:30:16.588935  7048 pairing.cc:473] Processing image [141/188]
2026-05-18T19:30:17 COLMAP[chunk_03_sequential_matcher] I20260518 19:30:17.230633  7048 feature_matching.cc:217] in 0.642s
2026-05-18T19:30:17 COLMAP[chunk_03_sequential_matcher] I20260518 19:30:17.230685  7048 pairing.cc:473] Processing image [142/188]
2026-05-18T19:30:18 COLMAP[chunk_03_sequential_matcher] I20260518 19:30:17.786916  7048 feature_matching.cc:217] in 0.556s
2026-05-18T19:30:18 COLMAP[chunk_03_sequential_matcher] I20260518 19:30:17.786979  7048 pairing.cc:473] Processing image [143/188]
2026-05-18T19:30:18 COLMAP[chunk_03_sequential_matcher] I20260518 19:30:18.298041  7048 feature_matching.cc:217] in 0.511s
2026-05-18T19:30:18 COLMAP[chunk_03_sequential_matcher] I20260518 19:30:18.298097  7048 pairing.cc:473] Processing image [144/188]
2026-05-18T19:30:19 COLMAP[chunk_03_sequential_matcher] I20260518 19:30:18.697824  7048 feature_matching.cc:217] in 0.400s
2026-05-18T19:30:19 COLMAP[chunk_03_sequential_matcher] I20260518 19:30:18.697880  7048 pairing.cc:473] Processing image [145/188]
2026-05-18T19:30:19 COLMAP[chunk_03_sequential_matcher] I20260518 19:30:19.024209  7048 feature_matching.cc:217] in 0.326s
2026-05-18T19:30:19 COLMAP[chunk_03_sequential_matcher] I20260518 19:30:19.024266  7048 pairing.cc:473] Processing image [146/188]
2026-05-18T19:30:20 COLMAP[chunk_03_sequential_matcher] I20260518 19:30:19.433993  7048 feature_matching.cc:217] in 0.410s
2026-05-18T19:30:20 COLMAP[chunk_03_sequential_matcher] I20260518 19:30:19.434049  7048 pairing.cc:473] Processing image [147/188]
2026-05-18T19:30:20 COLMAP[chunk_03_sequential_matcher] I20260518 19:30:19.927614  7048 feature_matching.cc:217] in 0.494s
2026-05-18T19:30:20 COLMAP[chunk_03_sequential_matcher] I20260518 19:30:19.927670  7048 pairing.cc:473] Processing image [148/188]
2026-05-18T19:30:20 COLMAP[chunk_03_sequential_matcher] I20260518 19:30:20.301393  7048 feature_matching.cc:217] in 0.374s
2026-05-18T19:30:20 COLMAP[chunk_03_sequential_matcher] I20260518 19:30:20.301455  7048 pairing.cc:473] Processing image [149/188]
2026-05-18T19:30:21 COLMAP[chunk_03_sequential_matcher] I20260518 19:30:20.668743  7048 feature_matching.cc:217] in 0.367s
2026-05-18T19:30:21 COLMAP[chunk_03_sequential_matcher] I20260518 19:30:20.668798  7048 pairing.cc:473] Processing image [150/188]
2026-05-18T19:30:21 COLMAP[chunk_03_sequential_matcher] I20260518 19:30:20.693020  7048 feature_matching.cc:217] in 0.024s
2026-05-18T19:30:21 COLMAP[chunk_03_sequential_matcher] I20260518 19:30:20.693070  7048 pairing.cc:473] Processing image [151/188]
2026-05-18T19:30:21 COLMAP[chunk_03_sequential_matcher] I20260518 19:30:20.987015  7048 feature_matching.cc:217] in 0.294s
2026-05-18T19:30:21 COLMAP[chunk_03_sequential_matcher] I20260518 19:30:20.987069  7048 pairing.cc:473] Processing image [152/188]
2026-05-18T19:30:21 COLMAP[chunk_03_sequential_matcher] I20260518 19:30:21.069730  7048 feature_matching.cc:217] in 0.083s
2026-05-18T19:30:21 COLMAP[chunk_03_sequential_matcher] I20260518 19:30:21.069788  7048 pairing.cc:473] Processing image [153/188]
2026-05-18T19:30:21 COLMAP[chunk_03_sequential_matcher] I20260518 19:30:21.252888  7048 feature_matching.cc:217] in 0.183s
2026-05-18T19:30:21 COLMAP[chunk_03_sequential_matcher] I20260518 19:30:21.252944  7048 pairing.cc:473] Processing image [154/188]
2026-05-18T19:30:21 COLMAP[chunk_03_sequential_matcher] I20260518 19:30:21.289871  7048 feature_matching.cc:217] in 0.037s
2026-05-18T19:30:21 COLMAP[chunk_03_sequential_matcher] I20260518 19:30:21.289922  7048 pairing.cc:473] Processing image [155/188]
2026-05-18T19:30:22 COLMAP[chunk_03_sequential_matcher] I20260518 19:30:21.645144  7048 feature_matching.cc:217] in 0.355s
2026-05-18T19:30:22 COLMAP[chunk_03_sequential_matcher] I20260518 19:30:21.645195  7048 pairing.cc:473] Processing image [156/188]
2026-05-18T19:30:22 COLMAP[chunk_03_sequential_matcher] I20260518 19:30:21.962929  7048 feature_matching.cc:217] in 0.318s
2026-05-18T19:30:22 COLMAP[chunk_03_sequential_matcher] I20260518 19:30:21.962981  7048 pairing.cc:473] Processing image [157/188]
2026-05-18T19:30:22 COLMAP[chunk_03_sequential_matcher] I20260518 19:30:22.138157  7048 feature_matching.cc:217] in 0.175s
2026-05-18T19:30:22 COLMAP[chunk_03_sequential_matcher] I20260518 19:30:22.138211  7048 pairing.cc:473] Processing image [158/188]
2026-05-18T19:30:23 COLMAP[chunk_03_sequential_matcher] I20260518 19:30:22.423832  7048 feature_matching.cc:217] in 0.286s
2026-05-18T19:30:23 COLMAP[chunk_03_sequential_matcher] I20260518 19:30:22.423885  7048 pairing.cc:473] Processing image [159/188]
2026-05-18T19:30:23 COLMAP[chunk_03_sequential_matcher] I20260518 19:30:22.772271  7048 feature_matching.cc:217] in 0.348s
2026-05-18T19:30:23 COLMAP[chunk_03_sequential_matcher] I20260518 19:30:22.772320  7048 pairing.cc:473] Processing image [160/188]
2026-05-18T19:30:23 COLMAP[chunk_03_sequential_matcher] I20260518 19:30:23.081223  7048 feature_matching.cc:217] in 0.309s
2026-05-18T19:30:23 COLMAP[chunk_03_sequential_matcher] I20260518 19:30:23.081302  7048 pairing.cc:473] Processing image [161/188]
2026-05-18T19:30:24 COLMAP[chunk_03_sequential_matcher] I20260518 19:30:23.409998  7048 feature_matching.cc:217] in 0.329s
2026-05-18T19:30:24 COLMAP[chunk_03_sequential_matcher] I20260518 19:30:23.410054  7048 pairing.cc:473] Processing image [162/188]
2026-05-18T19:30:24 COLMAP[chunk_03_sequential_matcher] I20260518 19:30:23.764402  7048 feature_matching.cc:217] in 0.354s
2026-05-18T19:30:24 COLMAP[chunk_03_sequential_matcher] I20260518 19:30:23.764458  7048 pairing.cc:473] Processing image [163/188]
2026-05-18T19:30:24 COLMAP[chunk_03_sequential_matcher] I20260518 19:30:24.104574  7048 feature_matching.cc:217] in 0.340s
2026-05-18T19:30:24 COLMAP[chunk_03_sequential_matcher] I20260518 19:30:24.104633  7048 pairing.cc:473] Processing image [164/188]
2026-05-18T19:30:25 COLMAP[chunk_03_sequential_matcher] I20260518 19:30:24.483412  7048 feature_matching.cc:217] in 0.379s
2026-05-18T19:30:25 COLMAP[chunk_03_sequential_matcher] I20260518 19:30:24.483469  7048 pairing.cc:473] Processing image [165/188]
2026-05-18T19:30:25 COLMAP[chunk_03_sequential_matcher] I20260518 19:30:24.854522  7048 feature_matching.cc:217] in 0.371s
2026-05-18T19:30:25 COLMAP[chunk_03_sequential_matcher] I20260518 19:30:24.854571  7048 pairing.cc:473] Processing image [166/188]
2026-05-18T19:30:25 COLMAP[chunk_03_sequential_matcher] I20260518 19:30:25.147085  7048 feature_matching.cc:217] in 0.293s
2026-05-18T19:30:25 COLMAP[chunk_03_sequential_matcher] I20260518 19:30:25.147138  7048 pairing.cc:473] Processing image [167/188]
2026-05-18T19:30:26 COLMAP[chunk_03_sequential_matcher] I20260518 19:30:25.512197  7048 feature_matching.cc:217] in 0.365s
2026-05-18T19:30:26 COLMAP[chunk_03_sequential_matcher] I20260518 19:30:25.512250  7048 pairing.cc:473] Processing image [168/188]
2026-05-18T19:30:26 COLMAP[chunk_03_sequential_matcher] I20260518 19:30:25.841298  7048 feature_matching.cc:217] in 0.329s
2026-05-18T19:30:26 COLMAP[chunk_03_sequential_matcher] I20260518 19:30:25.841352  7048 pairing.cc:473] Processing image [169/188]
2026-05-18T19:30:26 COLMAP[chunk_03_sequential_matcher] I20260518 19:30:26.367502  7048 feature_matching.cc:217] in 0.526s
2026-05-18T19:30:26 COLMAP[chunk_03_sequential_matcher] I20260518 19:30:26.367554  7048 pairing.cc:473] Processing image [170/188]
2026-05-18T19:30:27 COLMAP[chunk_03_sequential_matcher] I20260518 19:30:27.305538  7048 feature_matching.cc:217] in 0.938s
2026-05-18T19:30:27 COLMAP[chunk_03_sequential_matcher] I20260518 19:30:27.305616  7048 pairing.cc:473] Processing image [171/188]
2026-05-18T19:30:28 COLMAP[chunk_03_sequential_matcher] I20260518 19:30:27.535779  7048 feature_matching.cc:217] in 0.230s
2026-05-18T19:30:28 COLMAP[chunk_03_sequential_matcher] I20260518 19:30:27.535840  7048 pairing.cc:473] Processing image [172/188]
2026-05-18T19:30:28 COLMAP[chunk_03_sequential_matcher] I20260518 19:30:27.654791  7048 feature_matching.cc:217] in 0.119s
2026-05-18T19:30:28 COLMAP[chunk_03_sequential_matcher] I20260518 19:30:27.654843  7048 pairing.cc:473] Processing image [173/188]
2026-05-18T19:30:28 COLMAP[chunk_03_sequential_matcher] I20260518 19:30:27.994035  7048 feature_matching.cc:217] in 0.339s
2026-05-18T19:30:28 COLMAP[chunk_03_sequential_matcher] I20260518 19:30:27.994088  7048 pairing.cc:473] Processing image [174/188]
2026-05-18T19:30:28 COLMAP[chunk_03_sequential_matcher] I20260518 19:30:28.336815  7048 feature_matching.cc:217] in 0.343s
2026-05-18T19:30:28 COLMAP[chunk_03_sequential_matcher] I20260518 19:30:28.336874  7048 pairing.cc:473] Processing image [175/188]
2026-05-18T19:30:29 COLMAP[chunk_03_sequential_matcher] I20260518 19:30:28.678239  7048 feature_matching.cc:217] in 0.341s
2026-05-18T19:30:29 COLMAP[chunk_03_sequential_matcher] I20260518 19:30:28.678295  7048 pairing.cc:473] Processing image [176/188]
2026-05-18T19:30:29 COLMAP[chunk_03_sequential_matcher] I20260518 19:30:29.085834  7048 feature_matching.cc:217] in 0.408s
2026-05-18T19:30:29 COLMAP[chunk_03_sequential_matcher] I20260518 19:30:29.085889  7048 pairing.cc:473] Processing image [177/188]
2026-05-18T19:30:30 COLMAP[chunk_03_sequential_matcher] I20260518 19:30:29.437155  7048 feature_matching.cc:217] in 0.351s
2026-05-18T19:30:30 COLMAP[chunk_03_sequential_matcher] I20260518 19:30:29.437207  7048 pairing.cc:473] Processing image [178/188]
2026-05-18T19:30:30 COLMAP[chunk_03_sequential_matcher] I20260518 19:30:29.459484  7048 feature_matching.cc:217] in 0.022s
2026-05-18T19:30:30 COLMAP[chunk_03_sequential_matcher] I20260518 19:30:29.459527  7048 pairing.cc:473] Processing image [179/188]
2026-05-18T19:30:30 COLMAP[chunk_03_sequential_matcher] I20260518 19:30:29.484009  7048 feature_matching.cc:217] in 0.025s
2026-05-18T19:30:30 COLMAP[chunk_03_sequential_matcher] I20260518 19:30:29.484046  7048 pairing.cc:473] Processing image [180/188]
2026-05-18T19:30:30 COLMAP[chunk_03_sequential_matcher] I20260518 19:30:29.514470  7048 feature_matching.cc:217] in 0.030s
2026-05-18T19:30:30 COLMAP[chunk_03_sequential_matcher] I20260518 19:30:29.514508  7048 pairing.cc:473] Processing image [181/188]
2026-05-18T19:30:30 COLMAP[chunk_03_sequential_matcher] I20260518 19:30:29.561101  7048 feature_matching.cc:217] in 0.047s
2026-05-18T19:30:30 COLMAP[chunk_03_sequential_matcher] I20260518 19:30:29.561139  7048 pairing.cc:473] Processing image [182/188]
2026-05-18T19:30:30 COLMAP[chunk_03_sequential_matcher] I20260518 19:30:29.638556  7048 feature_matching.cc:217] in 0.077s
2026-05-18T19:30:30 COLMAP[chunk_03_sequential_matcher] I20260518 19:30:29.638602  7048 pairing.cc:473] Processing image [183/188]
2026-05-18T19:30:30 COLMAP[chunk_03_sequential_matcher] I20260518 19:30:29.638648  7048 feature_matching.cc:217] in 0.000s
2026-05-18T19:30:30 COLMAP[chunk_03_sequential_matcher] I20260518 19:30:29.638660  7048 pairing.cc:473] Processing image [184/188]
2026-05-18T19:30:30 COLMAP[chunk_03_sequential_matcher] I20260518 19:30:29.661371  7048 feature_matching.cc:217] in 0.023s
2026-05-18T19:30:30 COLMAP[chunk_03_sequential_matcher] I20260518 19:30:29.661412  7048 pairing.cc:473] Processing image [185/188]
2026-05-18T19:30:30 COLMAP[chunk_03_sequential_matcher] I20260518 19:30:29.661449  7048 feature_matching.cc:217] in 0.000s
2026-05-18T19:30:30 COLMAP[chunk_03_sequential_matcher] I20260518 19:30:29.661461  7048 pairing.cc:473] Processing image [186/188]
2026-05-18T19:30:30 COLMAP[chunk_03_sequential_matcher] I20260518 19:30:29.661499  7048 feature_matching.cc:217] in 0.000s
2026-05-18T19:30:30 COLMAP[chunk_03_sequential_matcher] I20260518 19:30:29.661511  7048 pairing.cc:473] Processing image [187/188]
2026-05-18T19:30:30 COLMAP[chunk_03_sequential_matcher] I20260518 19:30:29.661540  7048 feature_matching.cc:217] in 0.000s
2026-05-18T19:30:30 COLMAP[chunk_03_sequential_matcher] I20260518 19:30:29.661558  7048 pairing.cc:473] Processing image [188/188]
2026-05-18T19:30:30 COLMAP[chunk_03_sequential_matcher] I20260518 19:30:29.661569  7048 feature_matching.cc:217] in 0.000s
2026-05-18T19:30:30 COLMAP[chunk_03_sequential_matcher] I20260518 19:30:29.661579  7048 timer.cc:90] Elapsed time: 1.561 [minutes]
2026-05-18T19:30:30 2026-05-18 19:30:29,722 - INFO - chunk_03_sequential_matcher added 800 verified image pairs
2026-05-18T19:30:30 2026-05-18 19:30:29,722 - INFO - [chunk_03_mapper_initial] colmap mapper --database_path /tmp/colmap_sfm_rcnmny4o/chunk_03/database.db --image_path /tmp/colmap_sfm_rcnmny4o/images --output_path /tmp/colmap_sfm_rcnmny4o/chunk_03/sparse_initial --Mapper.num_threads -1 --Mapper.ba_refine_principal_point 0
2026-05-18T19:30:30 COLMAP[chunk_03_mapper_initial] I20260518 19:30:29.875254  7100 incremental_pipeline.cc:265] Loading database
2026-05-18T19:30:30 COLMAP[chunk_03_mapper_initial] I20260518 19:30:29.875597  7100 database_cache.cc:72] Loading rigs...
2026-05-18T19:30:30 COLMAP[chunk_03_mapper_initial] I20260518 19:30:29.875670  7100 database_cache.cc:82]  1 in 0.000s
2026-05-18T19:30:30 COLMAP[chunk_03_mapper_initial] I20260518 19:30:29.875690  7100 database_cache.cc:90] Loading cameras...
2026-05-18T19:30:30 COLMAP[chunk_03_mapper_initial] I20260518 19:30:29.875787  7100 database_cache.cc:108]  1 in 0.000s
2026-05-18T19:30:30 COLMAP[chunk_03_mapper_initial] I20260518 19:30:29.875820  7100 database_cache.cc:116] Loading frames...
2026-05-18T19:30:30 COLMAP[chunk_03_mapper_initial] I20260518 19:30:29.878021  7100 database_cache.cc:126]  1710 in 0.002s
2026-05-18T19:30:30 COLMAP[chunk_03_mapper_initial] I20260518 19:30:29.878049  7100 database_cache.cc:134] Loading matches...
2026-05-18T19:30:30 COLMAP[chunk_03_mapper_initial] I20260518 19:30:29.896427  7100 database_cache.cc:139]  1289 in 0.018s
2026-05-18T19:30:30 COLMAP[chunk_03_mapper_initial] I20260518 19:30:29.896468  7100 database_cache.cc:147] Loading images...
2026-05-18T19:30:30 COLMAP[chunk_03_mapper_initial] I20260518 19:30:29.974921  7100 database_cache.cc:241]  188 in 0.078s (connected 188, loaded 188)
2026-05-18T19:30:30 COLMAP[chunk_03_mapper_initial] I20260518 19:30:29.974987  7100 database_cache.cc:255] Loading pose priors...
2026-05-18T19:30:30 COLMAP[chunk_03_mapper_initial] I20260518 19:30:29.976094  7100 database_cache.cc:263]  1710 in 0.001s
2026-05-18T19:30:30 COLMAP[chunk_03_mapper_initial] I20260518 19:30:29.976128  7100 database_cache.cc:271] Building correspondence graph...
2026-05-18T19:30:30 COLMAP[chunk_03_mapper_initial] I20260518 19:30:30.297320  7100 database_cache.cc:300]  in 0.321s (ignored 0)
2026-05-18T19:30:30 COLMAP[chunk_03_mapper_initial] I20260518 19:30:30.297437  7100 timer.cc:90] Elapsed time: 0.007 [minutes]
2026-05-18T19:30:30 COLMAP[chunk_03_mapper_initial] I20260518 19:30:30.318213  7100 incremental_pipeline.cc:377] Finding good initial image pair
2026-05-18T19:30:31 COLMAP[chunk_03_mapper_initial] I20260518 19:30:30.932932  7100 incremental_pipeline.cc:401] Registering initial image pair #1534 and #1570
2026-05-18T19:30:31 COLMAP[chunk_03_mapper_initial] I20260518 19:30:30.940681  7100 incremental_pipeline.cc:419] Global bundle adjustment
2026-05-18T19:30:31 COLMAP[chunk_03_mapper_initial] I20260518 19:30:31.172089  7100 incremental_pipeline.cc:524] Registering image #1387 (num_reg_frames=2)
2026-05-18T19:30:31 COLMAP[chunk_03_mapper_initial] I20260518 19:30:31.172142  7100 incremental_pipeline.cc:527] => Image sees 328 / 7542 points
2026-05-18T19:30:32 COLMAP[chunk_03_mapper_initial] I20260518 19:30:31.564214  7100 incremental_pipeline.cc:78] Retriangulation and Global bundle adjustment
2026-05-18T19:30:32 COLMAP[chunk_03_mapper_initial] I20260518 19:30:31.726934  7100 incremental_pipeline.cc:524] Registering image #1379 (num_reg_frames=3)
2026-05-18T19:30:32 COLMAP[chunk_03_mapper_initial] I20260518 19:30:31.726989  7100 incremental_pipeline.cc:527] => Image sees 1545 / 6115 points
2026-05-18T19:30:33 COLMAP[chunk_03_mapper_initial] I20260518 19:30:32.441785  7100 incremental_pipeline.cc:78] Retriangulation and Global bundle adjustment
2026-05-18T19:30:33 COLMAP[chunk_03_mapper_initial] I20260518 19:30:32.748386  7100 incremental_pipeline.cc:524] Registering image #1358 (num_reg_frames=4)
2026-05-18T19:30:33 COLMAP[chunk_03_mapper_initial] I20260518 19:30:32.748435  7100 incremental_pipeline.cc:527] => Image sees 1813 / 5940 points
2026-05-18T19:30:34 COLMAP[chunk_03_mapper_initial] I20260518 19:30:33.723182  7100 incremental_pipeline.cc:78] Retriangulation and Global bundle adjustment
2026-05-18T19:30:34 COLMAP[chunk_03_mapper_initial] I20260518 19:30:34.107295  7100 incremental_pipeline.cc:524] Registering image #1526 (num_reg_frames=5)
2026-05-18T19:30:34 COLMAP[chunk_03_mapper_initial] I20260518 19:30:34.107350  7100 incremental_pipeline.cc:527] => Image sees 2683 / 6385 points
2026-05-18T19:30:36 COLMAP[chunk_03_mapper_initial] I20260518 19:30:35.510370  7100 incremental_pipeline.cc:78] Retriangulation and Global bundle adjustment
2026-05-18T19:30:36 COLMAP[chunk_03_mapper_initial] I20260518 19:30:35.986135  7100 incremental_pipeline.cc:524] Registering image #1561 (num_reg_frames=6)
2026-05-18T19:30:36 COLMAP[chunk_03_mapper_initial] I20260518 19:30:35.986187  7100 incremental_pipeline.cc:527] => Image sees 2304 / 5991 points
2026-05-18T19:30:37 COLMAP[chunk_03_mapper_initial] I20260518 19:30:37.029019  7100 incremental_pipeline.cc:78] Retriangulation and Global bundle adjustment
2026-05-18T19:30:38 COLMAP[chunk_03_mapper_initial] I20260518 19:30:37.430612  7100 incremental_pipeline.cc:524] Registering image #1351 (num_reg_frames=7)
2026-05-18T19:30:38 COLMAP[chunk_03_mapper_initial] I20260518 19:30:37.430675  7100 incremental_pipeline.cc:527] => Image sees 2618 / 5926 points
2026-05-18T19:30:38 COLMAP[chunk_03_mapper_initial] I20260518 19:30:38.338001  7100 incremental_pipeline.cc:78] Retriangulation and Global bundle adjustment
2026-05-18T19:30:39 COLMAP[chunk_03_mapper_initial] I20260518 19:30:38.774294  7100 incremental_pipeline.cc:524] Registering image #1569 (num_reg_frames=8)
2026-05-18T19:30:39 COLMAP[chunk_03_mapper_initial] I20260518 19:30:38.774354  7100 incremental_pipeline.cc:527] => Image sees 2493 / 5625 points
2026-05-18T19:30:40 COLMAP[chunk_03_mapper_initial] I20260518 19:30:39.622840  7100 incremental_pipeline.cc:78] Retriangulation and Global bundle adjustment
2026-05-18T19:30:40 COLMAP[chunk_03_mapper_initial] I20260518 19:30:40.132629  7100 incremental_pipeline.cc:524] Registering image #1420 (num_reg_frames=9)
2026-05-18T19:30:40 COLMAP[chunk_03_mapper_initial] I20260518 19:30:40.132682  7100 incremental_pipeline.cc:527] => Image sees 3078 / 7022 points
2026-05-18T19:30:41 COLMAP[chunk_03_mapper_initial] I20260518 19:30:41.040737  7100 incremental_pipeline.cc:78] Retriangulation and Global bundle adjustment
2026-05-18T19:30:42 COLMAP[chunk_03_mapper_initial] I20260518 19:30:41.605600  7100 incremental_pipeline.cc:524] Registering image #1429 (num_reg_frames=10)
2026-05-18T19:30:42 COLMAP[chunk_03_mapper_initial] I20260518 19:30:41.605751  7100 incremental_pipeline.cc:527] => Image sees 3336 / 7071 points
2026-05-18T19:30:43 COLMAP[chunk_03_mapper_initial] I20260518 19:30:42.634835  7100 incremental_pipeline.cc:78] Retriangulation and Global bundle adjustment
2026-05-18T19:30:43 COLMAP[chunk_03_mapper_initial] I20260518 19:30:43.224359  7100 incremental_pipeline.cc:524] Registering image #1428 (num_reg_frames=11)
2026-05-18T19:30:43 COLMAP[chunk_03_mapper_initial] I20260518 19:30:43.224418  7100 incremental_pipeline.cc:527] => Image sees 4345 / 8602 points
2026-05-18T19:30:45 COLMAP[chunk_03_mapper_initial] I20260518 19:30:44.442315  7100 incremental_pipeline.cc:524] Registering image #1484 (num_reg_frames=12)
2026-05-18T19:30:45 COLMAP[chunk_03_mapper_initial] I20260518 19:30:44.442374  7100 incremental_pipeline.cc:527] => Image sees 4056 / 7832 points
2026-05-18T19:30:46 COLMAP[chunk_03_mapper_initial] I20260518 19:30:45.775259  7100 incremental_pipeline.cc:78] Retriangulation and Global bundle adjustment
2026-05-18T19:30:47 COLMAP[chunk_03_mapper_initial] I20260518 19:30:46.546581  7100 incremental_pipeline.cc:524] Registering image #1475 (num_reg_frames=13)
2026-05-18T19:30:47 COLMAP[chunk_03_mapper_initial] I20260518 19:30:46.546644  7100 incremental_pipeline.cc:527] => Image sees 4343 / 7026 points
2026-05-18T19:30:48 COLMAP[chunk_03_mapper_initial] I20260518 19:30:47.980844  7100 incremental_pipeline.cc:524] Registering image #1587 (num_reg_frames=14)
2026-05-18T19:30:48 COLMAP[chunk_03_mapper_initial] I20260518 19:30:47.980897  7100 incremental_pipeline.cc:527] => Image sees 1918 / 6595 points
2026-05-18T19:30:49 COLMAP[chunk_03_mapper_initial] I20260518 19:30:48.710718  7100 incremental_pipeline.cc:78] Retriangulation and Global bundle adjustment
2026-05-18T19:30:50 COLMAP[chunk_03_mapper_initial] I20260518 19:30:49.589779  7100 incremental_pipeline.cc:524] Registering image #1337 (num_reg_frames=15)
2026-05-18T19:30:50 COLMAP[chunk_03_mapper_initial] I20260518 19:30:49.589836  7100 incremental_pipeline.cc:527] => Image sees 1834 / 4636 points
2026-05-18T19:30:51 COLMAP[chunk_03_mapper_initial] I20260518 19:30:50.420904  7100 incremental_pipeline.cc:524] Registering image #1596 (num_reg_frames=16)
2026-05-18T19:30:51 COLMAP[chunk_03_mapper_initial] I20260518 19:30:50.420958  7100 incremental_pipeline.cc:527] => Image sees 2376 / 6748 points
2026-05-18T19:30:51 COLMAP[chunk_03_mapper_initial] I20260518 19:30:51.255333  7100 incremental_pipeline.cc:78] Retriangulation and Global bundle adjustment
2026-05-18T19:30:52 COLMAP[chunk_03_mapper_initial] I20260518 19:30:52.166970  7100 incremental_pipeline.cc:524] Registering image #1595 (num_reg_frames=17)
2026-05-18T19:30:52 COLMAP[chunk_03_mapper_initial] I20260518 19:30:52.167032  7100 incremental_pipeline.cc:527] => Image sees 2395 / 4207 points
2026-05-18T19:30:53 COLMAP[chunk_03_mapper_initial] I20260518 19:30:53.224488  7100 incremental_pipeline.cc:524] Registering image #1607 (num_reg_frames=18)
2026-05-18T19:30:53 COLMAP[chunk_03_mapper_initial] I20260518 19:30:53.224550  7100 incremental_pipeline.cc:527] => Image sees 2498 / 7489 points
2026-05-18T19:30:54 COLMAP[chunk_03_mapper_initial] I20260518 19:30:54.133528  7100 incremental_pipeline.cc:78] Retriangulation and Global bundle adjustment
2026-05-18T19:30:55 COLMAP[chunk_03_mapper_initial] I20260518 19:30:55.078284  7100 incremental_pipeline.cc:524] Registering image #1606 (num_reg_frames=19)
2026-05-18T19:30:55 COLMAP[chunk_03_mapper_initial] I20260518 19:30:55.078347  7100 incremental_pipeline.cc:527] => Image sees 3606 / 7702 points
2026-05-18T19:30:56 COLMAP[chunk_03_mapper_initial] I20260518 19:30:56.190435  7100 incremental_pipeline.cc:524] Registering image #1598 (num_reg_frames=20)
2026-05-18T19:30:56 COLMAP[chunk_03_mapper_initial] I20260518 19:30:56.190492  7100 incremental_pipeline.cc:527] => Image sees 3561 / 7672 points
2026-05-18T19:30:57 COLMAP[chunk_03_mapper_initial] I20260518 19:30:57.387593  7100 incremental_pipeline.cc:78] Retriangulation and Global bundle adjustment
2026-05-18T19:30:59 COLMAP[chunk_03_mapper_initial] I20260518 19:30:58.582911  7100 incremental_pipeline.cc:524] Registering image #1599 (num_reg_frames=21)
2026-05-18T19:30:59 COLMAP[chunk_03_mapper_initial] I20260518 19:30:58.582973  7100 incremental_pipeline.cc:527] => Image sees 3452 / 7152 points
2026-05-18T19:31:00 COLMAP[chunk_03_mapper_initial] I20260518 19:30:59.824795  7100 incremental_pipeline.cc:524] Registering image #1329 (num_reg_frames=22)
2026-05-18T19:31:00 COLMAP[chunk_03_mapper_initial] I20260518 19:30:59.824851  7100 incremental_pipeline.cc:527] => Image sees 2412 / 4873 points
2026-05-18T19:31:01 COLMAP[chunk_03_mapper_initial] I20260518 19:31:00.776381  7100 incremental_pipeline.cc:524] Registering image #1340 (num_reg_frames=23)
2026-05-18T19:31:01 COLMAP[chunk_03_mapper_initial] I20260518 19:31:00.776453  7100 incremental_pipeline.cc:527] => Image sees 2085 / 4695 points
2026-05-18T19:31:02 COLMAP[chunk_03_mapper_initial] I20260518 19:31:01.668510  7100 incremental_pipeline.cc:78] Retriangulation and Global bundle adjustment
2026-05-18T19:31:04 COLMAP[chunk_03_mapper_initial] I20260518 19:31:03.446321  7100 incremental_pipeline.cc:524] Registering image #1341 (num_reg_frames=24)
2026-05-18T19:31:04 COLMAP[chunk_03_mapper_initial] I20260518 19:31:03.446381  7100 incremental_pipeline.cc:527] => Image sees 1960 / 5458 points
2026-05-18T19:31:04 COLMAP[chunk_03_mapper_initial] I20260518 19:31:04.422250  7100 incremental_pipeline.cc:524] Registering image #1328 (num_reg_frames=25)
2026-05-18T19:31:04 COLMAP[chunk_03_mapper_initial] I20260518 19:31:04.422307  7100 incremental_pipeline.cc:527] => Image sees 2191 / 5221 points
2026-05-18T19:31:05 COLMAP[chunk_03_mapper_initial] I20260518 19:31:05.388444  7100 incremental_pipeline.cc:524] Registering image #1605 (num_reg_frames=26)
2026-05-18T19:31:05 COLMAP[chunk_03_mapper_initial] I20260518 19:31:05.388504  7100 incremental_pipeline.cc:527] => Image sees 2135 / 4975 points
2026-05-18T19:31:06 COLMAP[chunk_03_mapper_initial] I20260518 19:31:06.359388  7100 incremental_pipeline.cc:78] Retriangulation and Global bundle adjustment
2026-05-18T19:31:08 COLMAP[chunk_03_mapper_initial] I20260518 19:31:08.199333  7100 incremental_pipeline.cc:524] Registering image #1327 (num_reg_frames=27)
2026-05-18T19:31:08 COLMAP[chunk_03_mapper_initial] I20260518 19:31:08.199390  7100 incremental_pipeline.cc:527] => Image sees 1561 / 5460 points
2026-05-18T19:31:09 COLMAP[chunk_03_mapper_initial] I20260518 19:31:09.141153  7100 incremental_pipeline.cc:524] Registering image #1326 (num_reg_frames=28)
2026-05-18T19:31:09 COLMAP[chunk_03_mapper_initial] I20260518 19:31:09.141212  7100 incremental_pipeline.cc:527] => Image sees 2029 / 6868 points
2026-05-18T19:31:10 COLMAP[chunk_03_mapper_initial] I20260518 19:31:10.084029  7100 incremental_pipeline.cc:78] Retriangulation and Global bundle adjustment
2026-05-18T19:31:12 COLMAP[chunk_03_mapper_initial] I20260518 19:31:11.889678  7100 incremental_pipeline.cc:524] Registering image #1325 (num_reg_frames=29)
2026-05-18T19:31:12 COLMAP[chunk_03_mapper_initial] I20260518 19:31:11.889760  7100 incremental_pipeline.cc:527] => Image sees 2824 / 6397 points
2026-05-18T19:31:13 COLMAP[chunk_03_mapper_initial] I20260518 19:31:13.057626  7100 incremental_pipeline.cc:524] Registering image #213 (num_reg_frames=30)
2026-05-18T19:31:13 COLMAP[chunk_03_mapper_initial] I20260518 19:31:13.057695  7100 incremental_pipeline.cc:527] => Image sees 1713 / 6718 points
2026-05-18T19:31:14 COLMAP[chunk_03_mapper_initial] I20260518 19:31:14.068688  7100 incremental_pipeline.cc:524] Registering image #487 (num_reg_frames=31)
2026-05-18T19:31:14 COLMAP[chunk_03_mapper_initial] I20260518 19:31:14.068750  7100 incremental_pipeline.cc:527] => Image sees 1773 / 5724 points
2026-05-18T19:31:15 COLMAP[chunk_03_mapper_initial] I20260518 19:31:14.904011  7100 incremental_pipeline.cc:78] Retriangulation and Global bundle adjustment
2026-05-18T19:31:17 COLMAP[chunk_03_mapper_initial] I20260518 19:31:16.783403  7100 incremental_pipeline.cc:524] Registering image #214 (num_reg_frames=32)
2026-05-18T19:31:17 COLMAP[chunk_03_mapper_initial] I20260518 19:31:16.783460  7100 incremental_pipeline.cc:527] => Image sees 1879 / 6610 points
2026-05-18T19:31:18 COLMAP[chunk_03_mapper_initial] I20260518 19:31:17.924480  7100 incremental_pipeline.cc:524] Registering image #210 (num_reg_frames=33)
2026-05-18T19:31:18 COLMAP[chunk_03_mapper_initial] I20260518 19:31:17.924535  7100 incremental_pipeline.cc:527] => Image sees 3229 / 6550 points
2026-05-18T19:31:19 COLMAP[chunk_03_mapper_initial] I20260518 19:31:18.918108  7100 incremental_pipeline.cc:78] Retriangulation and Global bundle adjustment
2026-05-18T19:31:21 COLMAP[chunk_03_mapper_initial] I20260518 19:31:21.052315  7100 incremental_pipeline.cc:524] Registering image #486 (num_reg_frames=34)
2026-05-18T19:31:21 COLMAP[chunk_03_mapper_initial] I20260518 19:31:21.052371  7100 incremental_pipeline.cc:527] => Image sees 1716 / 5504 points
2026-05-18T19:31:22 COLMAP[chunk_03_mapper_initial] I20260518 19:31:21.987140  7100 incremental_pipeline.cc:524] Registering image #472 (num_reg_frames=35)
2026-05-18T19:31:22 COLMAP[chunk_03_mapper_initial] I20260518 19:31:21.987195  7100 incremental_pipeline.cc:527] => Image sees 1979 / 5144 points
2026-05-18T19:31:23 COLMAP[chunk_03_mapper_initial] I20260518 19:31:23.004021  7100 incremental_pipeline.cc:524] Registering image #465 (num_reg_frames=36)
2026-05-18T19:31:23 COLMAP[chunk_03_mapper_initial] I20260518 19:31:23.004077  7100 incremental_pipeline.cc:527] => Image sees 2218 / 6346 points
2026-05-18T19:31:24 COLMAP[chunk_03_mapper_initial] I20260518 19:31:24.054144  7100 incremental_pipeline.cc:78] Retriangulation and Global bundle adjustment
2026-05-18T19:31:27 COLMAP[chunk_03_mapper_initial] I20260518 19:31:26.435437  7100 incremental_pipeline.cc:524] Registering image #464 (num_reg_frames=37)
2026-05-18T19:31:27 COLMAP[chunk_03_mapper_initial] I20260518 19:31:26.435495  7100 incremental_pipeline.cc:527] => Image sees 2319 / 5676 points
2026-05-18T19:31:28 COLMAP[chunk_03_mapper_initial] I20260518 19:31:27.444597  7100 incremental_pipeline.cc:524] Registering image #229 (num_reg_frames=38)
2026-05-18T19:31:28 COLMAP[chunk_03_mapper_initial] I20260518 19:31:27.444653  7100 incremental_pipeline.cc:527] => Image sees 2393 / 5914 points
2026-05-18T19:31:28 COLMAP[chunk_03_mapper_initial] I20260518 19:31:28.388783  7100 incremental_pipeline.cc:524] Registering image #228 (num_reg_frames=39)
2026-05-18T19:31:28 COLMAP[chunk_03_mapper_initial] I20260518 19:31:28.388834  7100 incremental_pipeline.cc:527] => Image sees 1721 / 5761 points
2026-05-18T19:31:29 COLMAP[chunk_03_mapper_initial] I20260518 19:31:29.234633  7100 incremental_pipeline.cc:524] Registering image #237 (num_reg_frames=40)
2026-05-18T19:31:29 COLMAP[chunk_03_mapper_initial] I20260518 19:31:29.234691  7100 incremental_pipeline.cc:527] => Image sees 2486 / 6685 points
2026-05-18T19:31:30 COLMAP[chunk_03_mapper_initial] I20260518 19:31:30.118005  7100 incremental_pipeline.cc:78] Retriangulation and Global bundle adjustment
2026-05-18T19:31:33 COLMAP[chunk_03_mapper_initial] I20260518 19:31:32.854939  7100 incremental_pipeline.cc:524] Registering image #449 (num_reg_frames=41)
2026-05-18T19:31:33 COLMAP[chunk_03_mapper_initial] I20260518 19:31:32.855023  7100 incremental_pipeline.cc:527] => Image sees 2228 / 6949 points
2026-05-18T19:31:34 COLMAP[chunk_03_mapper_initial] I20260518 19:31:33.828055  7100 incremental_pipeline.cc:524] Registering image #438 (num_reg_frames=42)
2026-05-18T19:31:34 COLMAP[chunk_03_mapper_initial] I20260518 19:31:33.828111  7100 incremental_pipeline.cc:527] => Image sees 2595 / 7610 points
2026-05-18T19:31:35 COLMAP[chunk_03_mapper_initial] I20260518 19:31:34.803072  7100 incremental_pipeline.cc:524] Registering image #437 (num_reg_frames=43)
2026-05-18T19:31:35 COLMAP[chunk_03_mapper_initial] I20260518 19:31:34.803124  7100 incremental_pipeline.cc:527] => Image sees 2199 / 7290 points
2026-05-18T19:31:36 COLMAP[chunk_03_mapper_initial] I20260518 19:31:35.774542  7100 incremental_pipeline.cc:524] Registering image #254 (num_reg_frames=44)
2026-05-18T19:31:36 COLMAP[chunk_03_mapper_initial] I20260518 19:31:35.774602  7100 incremental_pipeline.cc:527] => Image sees 2203 / 7132 points
2026-05-18T19:31:37 COLMAP[chunk_03_mapper_initial] I20260518 19:31:36.756147  7100 incremental_pipeline.cc:524] Registering image #417 (num_reg_frames=45)
2026-05-18T19:31:37 COLMAP[chunk_03_mapper_initial] I20260518 19:31:36.756207  7100 incremental_pipeline.cc:527] => Image sees 2773 / 7697 points
2026-05-18T19:31:38 COLMAP[chunk_03_mapper_initial] I20260518 19:31:37.756563  7100 incremental_pipeline.cc:78] Retriangulation and Global bundle adjustment
2026-05-18T19:31:41 COLMAP[chunk_03_mapper_initial] I20260518 19:31:40.791390  7100 incremental_pipeline.cc:524] Registering image #268 (num_reg_frames=46)
2026-05-18T19:31:41 COLMAP[chunk_03_mapper_initial] I20260518 19:31:40.791445  7100 incremental_pipeline.cc:527] => Image sees 3302 / 7608 points
2026-05-18T19:31:42 COLMAP[chunk_03_mapper_initial] I20260518 19:31:41.968562  7100 incremental_pipeline.cc:524] Registering image #400 (num_reg_frames=47)
2026-05-18T19:31:42 COLMAP[chunk_03_mapper_initial] I20260518 19:31:41.968623  7100 incremental_pipeline.cc:527] => Image sees 2805 / 8013 points
2026-05-18T19:31:43 COLMAP[chunk_03_mapper_initial] I20260518 19:31:43.111763  7100 incremental_pipeline.cc:524] Registering image #291 (num_reg_frames=48)
2026-05-18T19:31:43 COLMAP[chunk_03_mapper_initial] I20260518 19:31:43.111824  7100 incremental_pipeline.cc:527] => Image sees 3508 / 7974 points
2026-05-18T19:31:45 COLMAP[chunk_03_mapper_initial] I20260518 19:31:44.513021  7100 incremental_pipeline.cc:524] Registering image #313 (num_reg_frames=49)
2026-05-18T19:31:45 COLMAP[chunk_03_mapper_initial] I20260518 19:31:44.513087  7100 incremental_pipeline.cc:527] => Image sees 2672 / 7894 points
2026-05-18T19:31:46 COLMAP[chunk_03_mapper_initial] I20260518 19:31:45.727967  7100 incremental_pipeline.cc:524] Registering image #373 (num_reg_frames=50)
2026-05-18T19:31:46 COLMAP[chunk_03_mapper_initial] I20260518 19:31:45.728025  7100 incremental_pipeline.cc:527] => Image sees 3025 / 7654 points
2026-05-18T19:31:47 COLMAP[chunk_03_mapper_initial] I20260518 19:31:46.885747  7100 incremental_pipeline.cc:78] Retriangulation and Global bundle adjustment
2026-05-18T19:31:51 COLMAP[chunk_03_mapper_initial] I20260518 19:31:50.659008  7100 incremental_pipeline.cc:524] Registering image #374 (num_reg_frames=51)
2026-05-18T19:31:51 COLMAP[chunk_03_mapper_initial] I20260518 19:31:50.659071  7100 incremental_pipeline.cc:527] => Image sees 3125 / 7238 points
2026-05-18T19:31:52 COLMAP[chunk_03_mapper_initial] I20260518 19:31:52.023244  7100 incremental_pipeline.cc:524] Registering image #345 (num_reg_frames=52)
2026-05-18T19:31:52 COLMAP[chunk_03_mapper_initial] I20260518 19:31:52.023307  7100 incremental_pipeline.cc:527] => Image sees 3196 / 5840 points
2026-05-18T19:31:53 COLMAP[chunk_03_mapper_initial] I20260518 19:31:53.361570  7100 incremental_pipeline.cc:524] Registering image #1625 (num_reg_frames=53)
2026-05-18T19:31:53 COLMAP[chunk_03_mapper_initial] I20260518 19:31:53.361631  7100 incremental_pipeline.cc:527] => Image sees 2095 / 7019 points
2026-05-18T19:31:54 COLMAP[chunk_03_mapper_initial] I20260518 19:31:54.426383  7100 incremental_pipeline.cc:524] Registering image #1626 (num_reg_frames=54)
2026-05-18T19:31:54 COLMAP[chunk_03_mapper_initial] I20260518 19:31:54.426436  7100 incremental_pipeline.cc:527] => Image sees 2741 / 9093 points
2026-05-18T19:31:56 COLMAP[chunk_03_mapper_initial] I20260518 19:31:55.517309  7100 incremental_pipeline.cc:524] Registering image #1627 (num_reg_frames=55)
2026-05-18T19:31:56 COLMAP[chunk_03_mapper_initial] I20260518 19:31:55.517366  7100 incremental_pipeline.cc:527] => Image sees 3177 / 8379 points
2026-05-18T19:31:57 COLMAP[chunk_03_mapper_initial] I20260518 19:31:56.706997  7100 incremental_pipeline.cc:524] Registering image #1624 (num_reg_frames=56)
2026-05-18T19:31:57 COLMAP[chunk_03_mapper_initial] I20260518 19:31:56.707051  7100 incremental_pipeline.cc:527] => Image sees 3209 / 8274 points
2026-05-18T19:31:58 COLMAP[chunk_03_mapper_initial] I20260518 19:31:57.936066  7100 incremental_pipeline.cc:78] Retriangulation and Global bundle adjustment
2026-05-18T19:32:06 COLMAP[chunk_03_mapper_initial] I20260518 19:32:06.273456  7100 incremental_pipeline.cc:524] Registering image #1630 (num_reg_frames=57)
2026-05-18T19:32:06 COLMAP[chunk_03_mapper_initial] I20260518 19:32:06.273542  7100 incremental_pipeline.cc:527] => Image sees 2211 / 6971 points
2026-05-18T19:32:08 COLMAP[chunk_03_mapper_initial] I20260518 19:32:07.450407  7100 incremental_pipeline.cc:524] Registering image #1631 (num_reg_frames=58)
2026-05-18T19:32:08 COLMAP[chunk_03_mapper_initial] I20260518 19:32:07.450474  7100 incremental_pipeline.cc:527] => Image sees 1761 / 7045 points
2026-05-18T19:32:09 COLMAP[chunk_03_mapper_initial] I20260518 19:32:08.510149  7100 incremental_pipeline.cc:524] Registering image #656 (num_reg_frames=59)
2026-05-18T19:32:09 COLMAP[chunk_03_mapper_initial] I20260518 19:32:08.510208  7100 incremental_pipeline.cc:527] => Image sees 1211 / 5247 points
2026-05-18T19:32:09 COLMAP[chunk_03_mapper_initial] I20260518 19:32:09.393733  7100 incremental_pipeline.cc:524] Registering image #655 (num_reg_frames=60)
2026-05-18T19:32:09 COLMAP[chunk_03_mapper_initial] I20260518 19:32:09.393785  7100 incremental_pipeline.cc:527] => Image sees 1236 / 5310 points
2026-05-18T19:32:10 COLMAP[chunk_03_mapper_initial] I20260518 19:32:10.421295  7100 incremental_pipeline.cc:524] Registering image #654 (num_reg_frames=61)
2026-05-18T19:32:10 COLMAP[chunk_03_mapper_initial] I20260518 19:32:10.421350  7100 incremental_pipeline.cc:527] => Image sees 1256 / 4153 points
2026-05-18T19:32:11 COLMAP[chunk_03_mapper_initial] I20260518 19:32:11.213593  7100 incremental_pipeline.cc:524] Registering image #1604 (num_reg_frames=62)
2026-05-18T19:32:11 COLMAP[chunk_03_mapper_initial] I20260518 19:32:11.213649  7100 incremental_pipeline.cc:527] => Image sees 1330 / 4445 points
2026-05-18T19:32:12 COLMAP[chunk_03_mapper_initial] I20260518 19:32:12.013374  7100 incremental_pipeline.cc:78] Retriangulation and Global bundle adjustment
2026-05-18T19:32:21 COLMAP[chunk_03_mapper_initial] I20260518 19:32:20.627851  7100 incremental_pipeline.cc:524] Registering image #1632 (num_reg_frames=63)
2026-05-18T19:32:21 COLMAP[chunk_03_mapper_initial] I20260518 19:32:20.627907  7100 incremental_pipeline.cc:527] => Image sees 1174 / 4065 points
2026-05-18T19:32:22 COLMAP[chunk_03_mapper_initial] I20260518 19:32:21.536527  7100 incremental_pipeline.cc:524] Registering image #1324 (num_reg_frames=64)
2026-05-18T19:32:22 COLMAP[chunk_03_mapper_initial] I20260518 19:32:21.536579  7100 incremental_pipeline.cc:527] => Image sees 1360 / 2512 points
2026-05-18T19:32:22 COLMAP[chunk_03_mapper_initial] I20260518 19:32:22.329087  7100 incremental_pipeline.cc:524] Registering image #540 (num_reg_frames=65)
2026-05-18T19:32:22 COLMAP[chunk_03_mapper_initial] I20260518 19:32:22.329144  7100 incremental_pipeline.cc:527] => Image sees 761 / 6241 points
2026-05-18T19:32:23 COLMAP[chunk_03_mapper_initial] I20260518 19:32:23.040149  7100 incremental_pipeline.cc:524] Registering image #539 (num_reg_frames=66)
2026-05-18T19:32:23 COLMAP[chunk_03_mapper_initial] I20260518 19:32:23.040206  7100 incremental_pipeline.cc:527] => Image sees 758 / 6543 points
2026-05-18T19:32:24 COLMAP[chunk_03_mapper_initial] I20260518 19:32:23.756103  7100 incremental_pipeline.cc:524] Registering image #538 (num_reg_frames=67)
2026-05-18T19:32:24 COLMAP[chunk_03_mapper_initial] I20260518 19:32:23.756160  7100 incremental_pipeline.cc:527] => Image sees 818 / 4964 points
2026-05-18T19:32:25 COLMAP[chunk_03_mapper_initial] I20260518 19:32:24.462767  7100 incremental_pipeline.cc:524] Registering image #537 (num_reg_frames=68)
2026-05-18T19:32:25 COLMAP[chunk_03_mapper_initial] I20260518 19:32:24.462824  7100 incremental_pipeline.cc:527] => Image sees 1359 / 5853 points
2026-05-18T19:32:25 COLMAP[chunk_03_mapper_initial] I20260518 19:32:25.299278  7100 incremental_pipeline.cc:524] Registering image #536 (num_reg_frames=69)
2026-05-18T19:32:25 COLMAP[chunk_03_mapper_initial] I20260518 19:32:25.299338  7100 incremental_pipeline.cc:527] => Image sees 1659 / 6176 points
2026-05-18T19:32:26 COLMAP[chunk_03_mapper_initial] I20260518 19:32:26.193153  7100 incremental_pipeline.cc:78] Retriangulation and Global bundle adjustment
2026-05-18T19:32:32 COLMAP[chunk_03_mapper_initial] I20260518 19:32:31.578301  7100 incremental_pipeline.cc:524] Registering image #534 (num_reg_frames=70)
2026-05-18T19:32:32 COLMAP[chunk_03_mapper_initial] I20260518 19:32:31.578359  7100 incremental_pipeline.cc:527] => Image sees 1489 / 7305 points
2026-05-18T19:32:33 COLMAP[chunk_03_mapper_initial] I20260518 19:32:32.605099  7100 incremental_pipeline.cc:524] Registering image #533 (num_reg_frames=71)
2026-05-18T19:32:33 COLMAP[chunk_03_mapper_initial] I20260518 19:32:32.605156  7100 incremental_pipeline.cc:527] => Image sees 2236 / 8154 points
2026-05-18T19:32:34 COLMAP[chunk_03_mapper_initial] I20260518 19:32:33.552574  7100 incremental_pipeline.cc:524] Registering image #535 (num_reg_frames=72)
2026-05-18T19:32:34 COLMAP[chunk_03_mapper_initial] I20260518 19:32:33.552626  7100 incremental_pipeline.cc:527] => Image sees 2748 / 6949 points
2026-05-18T19:32:35 COLMAP[chunk_03_mapper_initial] I20260518 19:32:34.678153  7100 incremental_pipeline.cc:524] Registering image #581 (num_reg_frames=73)
2026-05-18T19:32:35 COLMAP[chunk_03_mapper_initial] I20260518 19:32:34.678201  7100 incremental_pipeline.cc:527] => Image sees 2181 / 5943 points
2026-05-18T19:32:36 COLMAP[chunk_03_mapper_initial] I20260518 19:32:35.789139  7100 incremental_pipeline.cc:524] Registering image #607 (num_reg_frames=74)
2026-05-18T19:32:36 COLMAP[chunk_03_mapper_initial] I20260518 19:32:35.789193  7100 incremental_pipeline.cc:527] => Image sees 3697 / 7410 points
2026-05-18T19:32:37 COLMAP[chunk_03_mapper_initial] I20260518 19:32:36.934755  7100 incremental_pipeline.cc:78] Retriangulation and Global bundle adjustment
2026-05-18T19:32:43 COLMAP[chunk_03_mapper_initial] I20260518 19:32:42.629143  7100 incremental_pipeline.cc:524] Registering image #653 (num_reg_frames=75)
2026-05-18T19:32:43 COLMAP[chunk_03_mapper_initial] I20260518 19:32:42.629194  7100 incremental_pipeline.cc:527] => Image sees 1993 / 6177 points
2026-05-18T19:32:44 COLMAP[chunk_03_mapper_initial] I20260518 19:32:43.606603  7100 incremental_pipeline.cc:524] Registering image #652 (num_reg_frames=76)
2026-05-18T19:32:44 COLMAP[chunk_03_mapper_initial] I20260518 19:32:43.606657  7100 incremental_pipeline.cc:527] => Image sees 2597 / 5935 points
2026-05-18T19:32:45 COLMAP[chunk_03_mapper_initial] I20260518 19:32:44.597671  7100 incremental_pipeline.cc:524] Registering image #608 (num_reg_frames=77)
2026-05-18T19:32:45 COLMAP[chunk_03_mapper_initial] I20260518 19:32:44.597734  7100 incremental_pipeline.cc:527] => Image sees 3483 / 8043 points
2026-05-18T19:32:46 COLMAP[chunk_03_mapper_initial] I20260518 19:32:45.897981  7100 incremental_pipeline.cc:524] Registering image #609 (num_reg_frames=78)
2026-05-18T19:32:46 COLMAP[chunk_03_mapper_initial] I20260518 19:32:45.898034  7100 incremental_pipeline.cc:527] => Image sees 3563 / 7153 points
2026-05-18T19:32:47 COLMAP[chunk_03_mapper_initial] I20260518 19:32:47.307981  7100 incremental_pipeline.cc:524] Registering image #587 (num_reg_frames=79)
2026-05-18T19:32:47 COLMAP[chunk_03_mapper_initial] I20260518 19:32:47.308036  7100 incremental_pipeline.cc:527] => Image sees 3566 / 5882 points
2026-05-18T19:32:49 COLMAP[chunk_03_mapper_initial] I20260518 19:32:48.811866  7100 incremental_pipeline.cc:524] Registering image #586 (num_reg_frames=80)
2026-05-18T19:32:49 COLMAP[chunk_03_mapper_initial] I20260518 19:32:48.811920  7100 incremental_pipeline.cc:527] => Image sees 3977 / 6431 points
2026-05-18T19:32:50 COLMAP[chunk_03_mapper_initial] I20260518 19:32:50.294562  7100 incremental_pipeline.cc:524] Registering image #585 (num_reg_frames=81)
2026-05-18T19:32:50 COLMAP[chunk_03_mapper_initial] I20260518 19:32:50.294623  7100 incremental_pipeline.cc:527] => Image sees 4359 / 7151 points
2026-05-18T19:32:52 COLMAP[chunk_03_mapper_initial] I20260518 19:32:51.775892  7100 incremental_pipeline.cc:78] Retriangulation and Global bundle adjustment
2026-05-18T19:32:59 COLMAP[chunk_03_mapper_initial] I20260518 19:32:59.274143  7100 incremental_pipeline.cc:524] Registering image #606 (num_reg_frames=82)
2026-05-18T19:32:59 COLMAP[chunk_03_mapper_initial] I20260518 19:32:59.274201  7100 incremental_pipeline.cc:527] => Image sees 5641 / 7455 points
2026-05-18T19:33:01 COLMAP[chunk_03_mapper_initial] I20260518 19:33:01.203776  7100 incremental_pipeline.cc:524] Registering image #624 (num_reg_frames=83)
2026-05-18T19:33:01 COLMAP[chunk_03_mapper_initial] I20260518 19:33:01.203843  7100 incremental_pipeline.cc:527] => Image sees 3538 / 5218 points
2026-05-18T19:33:03 COLMAP[chunk_03_mapper_initial] I20260518 19:33:02.701511  7100 incremental_pipeline.cc:524] Registering image #584 (num_reg_frames=84)
2026-05-18T19:33:03 COLMAP[chunk_03_mapper_initial] I20260518 19:33:02.701573  7100 incremental_pipeline.cc:527] => Image sees 2051 / 5255 points
2026-05-18T19:33:04 COLMAP[chunk_03_mapper_initial] I20260518 19:33:03.771732  7100 incremental_pipeline.cc:524] Registering image #583 (num_reg_frames=85)
2026-05-18T19:33:04 COLMAP[chunk_03_mapper_initial] I20260518 19:33:03.771802  7100 incremental_pipeline.cc:527] => Image sees 1937 / 4390 points
2026-05-18T19:33:05 COLMAP[chunk_03_mapper_initial] I20260518 19:33:04.775933  7100 incremental_pipeline.cc:524] Registering image #582 (num_reg_frames=86)
2026-05-18T19:33:05 COLMAP[chunk_03_mapper_initial] I20260518 19:33:04.775980  7100 incremental_pipeline.cc:527] => Image sees 1281 / 2668 points
2026-05-18T19:33:06 COLMAP[chunk_03_mapper_initial] I20260518 19:33:05.773990  7100 incremental_pipeline.cc:524] Registering image #1697 (num_reg_frames=87)
2026-05-18T19:33:06 COLMAP[chunk_03_mapper_initial] I20260518 19:33:05.774047  7100 incremental_pipeline.cc:527] => Image sees 399 / 5047 points
2026-05-18T19:33:07 COLMAP[chunk_03_mapper_initial] I20260518 19:33:06.514531  7100 incremental_pipeline.cc:524] Registering image #1139 (num_reg_frames=88)
2026-05-18T19:33:07 COLMAP[chunk_03_mapper_initial] I20260518 19:33:06.514590  7100 incremental_pipeline.cc:527] => Image sees 340 / 5894 points
2026-05-18T19:33:08 COLMAP[chunk_03_mapper_initial] I20260518 19:33:07.486153  7100 incremental_pipeline.cc:524] Registering image #1701 (num_reg_frames=89)
2026-05-18T19:33:08 COLMAP[chunk_03_mapper_initial] I20260518 19:33:07.486243  7100 incremental_pipeline.cc:527] => Image sees 1210 / 6544 points
2026-05-18T19:33:09 COLMAP[chunk_03_mapper_initial] I20260518 19:33:08.544791  7100 incremental_pipeline.cc:524] Registering image #1696 (num_reg_frames=90)
2026-05-18T19:33:09 COLMAP[chunk_03_mapper_initial] I20260518 19:33:08.544857  7100 incremental_pipeline.cc:527] => Image sees 2002 / 5487 points
2026-05-18T19:33:10 COLMAP[chunk_03_mapper_initial] I20260518 19:33:09.600461  7100 incremental_pipeline.cc:78] Retriangulation and Global bundle adjustment
2026-05-18T19:33:24 COLMAP[chunk_03_mapper_initial] I20260518 19:33:24.368748  7100 incremental_pipeline.cc:524] Registering image #1661 (num_reg_frames=91)
2026-05-18T19:33:24 COLMAP[chunk_03_mapper_initial] I20260518 19:33:24.368808  7100 incremental_pipeline.cc:527] => Image sees 2288 / 6621 points
2026-05-18T19:33:25 COLMAP[chunk_03_mapper_initial] I20260518 19:33:25.441351  7100 incremental_pipeline.cc:524] Registering image #1702 (num_reg_frames=92)
2026-05-18T19:33:25 COLMAP[chunk_03_mapper_initial] I20260518 19:33:25.441408  7100 incremental_pipeline.cc:527] => Image sees 2316 / 5971 points
2026-05-18T19:33:27 COLMAP[chunk_03_mapper_initial] I20260518 19:33:26.547050  7100 incremental_pipeline.cc:524] Registering image #1137 (num_reg_frames=93)
2026-05-18T19:33:27 COLMAP[chunk_03_mapper_initial] I20260518 19:33:26.547101  7100 incremental_pipeline.cc:527] => Image sees 2956 / 6422 points
2026-05-18T19:33:28 COLMAP[chunk_03_mapper_initial] I20260518 19:33:27.868341  7100 incremental_pipeline.cc:524] Registering image #1138 (num_reg_frames=94)
2026-05-18T19:33:28 COLMAP[chunk_03_mapper_initial] I20260518 19:33:27.868396  7100 incremental_pipeline.cc:527] => Image sees 2979 / 6205 points
2026-05-18T19:33:29 COLMAP[chunk_03_mapper_initial] I20260518 19:33:29.014181  7100 incremental_pipeline.cc:524] Registering image #1136 (num_reg_frames=95)
2026-05-18T19:33:29 COLMAP[chunk_03_mapper_initial] I20260518 19:33:29.014242  7100 incremental_pipeline.cc:527] => Image sees 3491 / 7208 points
2026-05-18T19:33:30 COLMAP[chunk_03_mapper_initial] I20260518 19:33:30.296800  7100 incremental_pipeline.cc:524] Registering image #1135 (num_reg_frames=96)
2026-05-18T19:33:30 COLMAP[chunk_03_mapper_initial] I20260518 19:33:30.296861  7100 incremental_pipeline.cc:527] => Image sees 4086 / 6381 points
2026-05-18T19:33:32 COLMAP[chunk_03_mapper_initial] I20260518 19:33:31.616329  7100 incremental_pipeline.cc:524] Registering image #1703 (num_reg_frames=97)
2026-05-18T19:33:32 COLMAP[chunk_03_mapper_initial] I20260518 19:33:31.616382  7100 incremental_pipeline.cc:527] => Image sees 2228 / 5306 points
2026-05-18T19:33:33 COLMAP[chunk_03_mapper_initial] I20260518 19:33:32.716555  7100 incremental_pipeline.cc:524] Registering image #1662 (num_reg_frames=98)
2026-05-18T19:33:33 COLMAP[chunk_03_mapper_initial] I20260518 19:33:32.716617  7100 incremental_pipeline.cc:527] => Image sees 2536 / 7852 points
2026-05-18T19:33:34 COLMAP[chunk_03_mapper_initial] I20260518 19:33:33.816355  7100 incremental_pipeline.cc:78] Retriangulation and Global bundle adjustment
2026-05-18T19:33:42 COLMAP[chunk_03_mapper_initial] I20260518 19:33:42.244383  7100 incremental_pipeline.cc:524] Registering image #1663 (num_reg_frames=99)
2026-05-18T19:33:42 COLMAP[chunk_03_mapper_initial] I20260518 19:33:42.244464  7100 incremental_pipeline.cc:527] => Image sees 2710 / 8182 points
2026-05-18T19:33:44 COLMAP[chunk_03_mapper_initial] I20260518 19:33:43.515412  7100 incremental_pipeline.cc:524] Registering image #20 (num_reg_frames=100)
2026-05-18T19:33:44 COLMAP[chunk_03_mapper_initial] I20260518 19:33:43.515471  7100 incremental_pipeline.cc:527] => Image sees 2746 / 6087 points
2026-05-18T19:33:45 COLMAP[chunk_03_mapper_initial] I20260518 19:33:44.736385  7100 incremental_pipeline.cc:524] Registering image #19 (num_reg_frames=101)
2026-05-18T19:33:45 COLMAP[chunk_03_mapper_initial] I20260518 19:33:44.736438  7100 incremental_pipeline.cc:527] => Image sees 2918 / 5772 points
2026-05-18T19:33:46 COLMAP[chunk_03_mapper_initial] I20260518 19:33:46.046300  7100 incremental_pipeline.cc:524] Registering image #18 (num_reg_frames=102)
2026-05-18T19:33:46 COLMAP[chunk_03_mapper_initial] I20260518 19:33:46.046351  7100 incremental_pipeline.cc:527] => Image sees 3294 / 7345 points
2026-05-18T19:33:47 COLMAP[chunk_03_mapper_initial] I20260518 19:33:47.330257  7100 incremental_pipeline.cc:524] Registering image #21 (num_reg_frames=103)
2026-05-18T19:33:47 COLMAP[chunk_03_mapper_initial] I20260518 19:33:47.330318  7100 incremental_pipeline.cc:527] => Image sees 2275 / 4389 points
2026-05-18T19:33:48 COLMAP[chunk_03_mapper_initial] I20260518 19:33:48.380280  7100 incremental_pipeline.cc:524] Registering image #1695 (num_reg_frames=104)
2026-05-18T19:33:48 COLMAP[chunk_03_mapper_initial] I20260518 19:33:48.380335  7100 incremental_pipeline.cc:527] => Image sees 3064 / 5166 points
2026-05-18T19:33:50 COLMAP[chunk_03_mapper_initial] I20260518 19:33:49.560611  7100 incremental_pipeline.cc:524] Registering image #1660 (num_reg_frames=105)
2026-05-18T19:33:50 COLMAP[chunk_03_mapper_initial] I20260518 19:33:49.560662  7100 incremental_pipeline.cc:527] => Image sees 3495 / 5522 points
2026-05-18T19:33:51 COLMAP[chunk_03_mapper_initial] I20260518 19:33:50.824214  7100 incremental_pipeline.cc:524] Registering image #1659 (num_reg_frames=106)
2026-05-18T19:33:51 COLMAP[chunk_03_mapper_initial] I20260518 19:33:50.824266  7100 incremental_pipeline.cc:527] => Image sees 3351 / 4827 points
2026-05-18T19:33:52 COLMAP[chunk_03_mapper_initial] I20260518 19:33:51.987154  7100 incremental_pipeline.cc:524] Registering image #17 (num_reg_frames=107)
2026-05-18T19:33:52 COLMAP[chunk_03_mapper_initial] I20260518 19:33:51.987203  7100 incremental_pipeline.cc:527] => Image sees 2317 / 7809 points
2026-05-18T19:33:53 COLMAP[chunk_03_mapper_initial] I20260518 19:33:53.201303  7100 incremental_pipeline.cc:524] Registering image #22 (num_reg_frames=108)
2026-05-18T19:33:53 COLMAP[chunk_03_mapper_initial] I20260518 19:33:53.201357  7100 incremental_pipeline.cc:527] => Image sees 2252 / 4575 points
2026-05-18T19:33:54 COLMAP[chunk_03_mapper_initial] I20260518 19:33:54.124785  7100 incremental_pipeline.cc:78] Retriangulation and Global bundle adjustment
2026-05-18T19:34:05 COLMAP[chunk_03_mapper_initial] I20260518 19:34:04.744313  7100 incremental_pipeline.cc:524] Registering image #23 (num_reg_frames=109)
2026-05-18T19:34:05 COLMAP[chunk_03_mapper_initial] I20260518 19:34:04.744374  7100 incremental_pipeline.cc:527] => Image sees 2619 / 5112 points
2026-05-18T19:34:06 COLMAP[chunk_03_mapper_initial] I20260518 19:34:05.939158  7100 incremental_pipeline.cc:524] Registering image #188 (num_reg_frames=110)
2026-05-18T19:34:06 COLMAP[chunk_03_mapper_initial] I20260518 19:34:05.939217  7100 incremental_pipeline.cc:527] => Image sees 2820 / 6326 points
2026-05-18T19:34:07 COLMAP[chunk_03_mapper_initial] I20260518 19:34:07.155376  7100 incremental_pipeline.cc:524] Registering image #16 (num_reg_frames=111)
2026-05-18T19:34:07 COLMAP[chunk_03_mapper_initial] I20260518 19:34:07.155431  7100 incremental_pipeline.cc:527] => Image sees 2097 / 8025 points
2026-05-18T19:34:08 COLMAP[chunk_03_mapper_initial] I20260518 19:34:08.379715  7100 incremental_pipeline.cc:524] Registering image #153 (num_reg_frames=112)
2026-05-18T19:34:08 COLMAP[chunk_03_mapper_initial] I20260518 19:34:08.379773  7100 incremental_pipeline.cc:527] => Image sees 1846 / 6570 points
2026-05-18T19:34:10 COLMAP[chunk_03_mapper_initial] I20260518 19:34:09.601788  7100 incremental_pipeline.cc:524] Registering image #154 (num_reg_frames=113)
2026-05-18T19:34:10 COLMAP[chunk_03_mapper_initial] I20260518 19:34:09.601836  7100 incremental_pipeline.cc:527] => Image sees 2402 / 6333 points
2026-05-18T19:34:11 COLMAP[chunk_03_mapper_initial] I20260518 19:34:10.833209  7100 incremental_pipeline.cc:524] Registering image #152 (num_reg_frames=114)
2026-05-18T19:34:11 COLMAP[chunk_03_mapper_initial] I20260518 19:34:10.833261  7100 incremental_pipeline.cc:527] => Image sees 2961 / 5572 points
2026-05-18T19:34:12 COLMAP[chunk_03_mapper_initial] I20260518 19:34:12.193092  7100 incremental_pipeline.cc:524] Registering image #151 (num_reg_frames=115)
2026-05-18T19:34:12 COLMAP[chunk_03_mapper_initial] I20260518 19:34:12.193145  7100 incremental_pipeline.cc:527] => Image sees 2190 / 4738 points
2026-05-18T19:34:13 COLMAP[chunk_03_mapper_initial] I20260518 19:34:13.333222  7100 incremental_pipeline.cc:524] Registering image #150 (num_reg_frames=116)
2026-05-18T19:34:13 COLMAP[chunk_03_mapper_initial] I20260518 19:34:13.333302  7100 incremental_pipeline.cc:527] => Image sees 2609 / 5298 points
2026-05-18T19:34:15 COLMAP[chunk_03_mapper_initial] I20260518 19:34:14.515611  7100 incremental_pipeline.cc:524] Registering image #24 (num_reg_frames=117)
2026-05-18T19:34:15 COLMAP[chunk_03_mapper_initial] I20260518 19:34:14.515674  7100 incremental_pipeline.cc:527] => Image sees 2251 / 5161 points
2026-05-18T19:34:16 COLMAP[chunk_03_mapper_initial] I20260518 19:34:15.660063  7100 incremental_pipeline.cc:524] Registering image #187 (num_reg_frames=118)
2026-05-18T19:34:16 COLMAP[chunk_03_mapper_initial] I20260518 19:34:15.660115  7100 incremental_pipeline.cc:527] => Image sees 3068 / 5666 points
2026-05-18T19:34:17 COLMAP[chunk_03_mapper_initial] I20260518 19:34:16.891371  7100 incremental_pipeline.cc:78] Retriangulation and Global bundle adjustment
2026-05-18T19:34:40 COLMAP[chunk_03_mapper_initial] I20260518 19:34:39.942911  7100 incremental_pipeline.cc:524] Registering image #155 (num_reg_frames=119)
2026-05-18T19:34:40 COLMAP[chunk_03_mapper_initial] I20260518 19:34:39.942973  7100 incremental_pipeline.cc:527] => Image sees 2704 / 5630 points
2026-05-18T19:34:41 COLMAP[chunk_03_mapper_initial] I20260518 19:34:41.231652  7100 incremental_pipeline.cc:524] Registering image #149 (num_reg_frames=120)
2026-05-18T19:34:41 COLMAP[chunk_03_mapper_initial] I20260518 19:34:41.231702  7100 incremental_pipeline.cc:527] => Image sees 2068 / 3341 points
2026-05-18T19:34:42 COLMAP[chunk_03_mapper_initial] I20260518 19:34:42.331070  7100 incremental_pipeline.cc:524] Registering image #189 (num_reg_frames=121)
2026-05-18T19:34:42 COLMAP[chunk_03_mapper_initial] I20260518 19:34:42.331125  7100 incremental_pipeline.cc:527] => Image sees 2409 / 3754 points
2026-05-18T19:34:43 COLMAP[chunk_03_mapper_initial] I20260518 19:34:43.440846  7100 incremental_pipeline.cc:524] Registering image #156 (num_reg_frames=122)
2026-05-18T19:34:43 COLMAP[chunk_03_mapper_initial] I20260518 19:34:43.440938  7100 incremental_pipeline.cc:527] => Image sees 2590 / 4840 points
2026-05-18T19:34:45 COLMAP[chunk_03_mapper_initial] I20260518 19:34:44.600039  7100 incremental_pipeline.cc:524] Registering image #25 (num_reg_frames=123)
2026-05-18T19:34:45 COLMAP[chunk_03_mapper_initial] I20260518 19:34:44.600097  7100 incremental_pipeline.cc:527] => Image sees 2006 / 5079 points
2026-05-18T19:34:46 COLMAP[chunk_03_mapper_initial] I20260518 19:34:45.698406  7100 incremental_pipeline.cc:524] Registering image #186 (num_reg_frames=124)
2026-05-18T19:34:46 COLMAP[chunk_03_mapper_initial] I20260518 19:34:45.698464  7100 incremental_pipeline.cc:527] => Image sees 2455 / 5068 points
2026-05-18T19:34:47 COLMAP[chunk_03_mapper_initial] I20260518 19:34:46.905884  7100 incremental_pipeline.cc:524] Registering image #26 (num_reg_frames=125)
2026-05-18T19:34:47 COLMAP[chunk_03_mapper_initial] I20260518 19:34:46.905936  7100 incremental_pipeline.cc:527] => Image sees 1674 / 4296 points
2026-05-18T19:34:48 COLMAP[chunk_03_mapper_initial] I20260518 19:34:47.992724  7100 incremental_pipeline.cc:524] Registering image #185 (num_reg_frames=126)
2026-05-18T19:34:48 COLMAP[chunk_03_mapper_initial] I20260518 19:34:47.992789  7100 incremental_pipeline.cc:527] => Image sees 1900 / 3977 points
2026-05-18T19:34:49 COLMAP[chunk_03_mapper_initial] I20260518 19:34:49.050627  7100 incremental_pipeline.cc:524] Registering image #182 (num_reg_frames=127)
2026-05-18T19:34:49 COLMAP[chunk_03_mapper_initial] I20260518 19:34:49.050688  7100 incremental_pipeline.cc:527] => Image sees 816 / 7135 points
2026-05-18T19:34:49 COLMAP[chunk_03_mapper_initial] I20260518 19:34:49.095527  7100 incremental_pipeline.cc:550] => Could not register, trying another image.
2026-05-18T19:34:49 COLMAP[chunk_03_mapper_initial] I20260518 19:34:49.095582  7100 incremental_pipeline.cc:524] Registering image #194 (num_reg_frames=127)
2026-05-18T19:34:49 COLMAP[chunk_03_mapper_initial] I20260518 19:34:49.095594  7100 incremental_pipeline.cc:527] => Image sees 979 / 3163 points
2026-05-18T19:34:50 COLMAP[chunk_03_mapper_initial] I20260518 19:34:50.042459  7100 incremental_pipeline.cc:524] Registering image #180 (num_reg_frames=128)
2026-05-18T19:34:50 COLMAP[chunk_03_mapper_initial] I20260518 19:34:50.042519  7100 incremental_pipeline.cc:527] => Image sees 671 / 7796 points
2026-05-18T19:34:50 COLMAP[chunk_03_mapper_initial] I20260518 19:34:50.079970  7100 incremental_pipeline.cc:550] => Could not register, trying another image.
2026-05-18T19:34:50 COLMAP[chunk_03_mapper_initial] I20260518 19:34:50.080027  7100 incremental_pipeline.cc:524] Registering image #181 (num_reg_frames=128)
2026-05-18T19:34:50 COLMAP[chunk_03_mapper_initial] I20260518 19:34:50.080039  7100 incremental_pipeline.cc:527] => Image sees 618 / 7989 points
2026-05-18T19:34:50 COLMAP[chunk_03_mapper_initial] I20260518 19:34:50.113098  7100 incremental_pipeline.cc:550] => Could not register, trying another image.
2026-05-18T19:34:50 COLMAP[chunk_03_mapper_initial] I20260518 19:34:50.113152  7100 incremental_pipeline.cc:524] Registering image #193 (num_reg_frames=128)
2026-05-18T19:34:50 COLMAP[chunk_03_mapper_initial] I20260518 19:34:50.113164  7100 incremental_pipeline.cc:527] => Image sees 581 / 3225 points
2026-05-18T19:34:51 COLMAP[chunk_03_mapper_initial] I20260518 19:34:50.957306  7100 incremental_pipeline.cc:524] Registering image #192 (num_reg_frames=129)
2026-05-18T19:34:51 COLMAP[chunk_03_mapper_initial] I20260518 19:34:50.957365  7100 incremental_pipeline.cc:527] => Image sees 632 / 2659 points
2026-05-18T19:34:52 COLMAP[chunk_03_mapper_initial] I20260518 19:34:51.592186  7100 incremental_pipeline.cc:524] Registering image #554 (num_reg_frames=130)
2026-05-18T19:34:52 COLMAP[chunk_03_mapper_initial] I20260518 19:34:51.592235  7100 incremental_pipeline.cc:527] => Image sees 332 / 4066 points
2026-05-18T19:34:52 COLMAP[chunk_03_mapper_initial] I20260518 19:34:52.290464  7100 incremental_pipeline.cc:78] Retriangulation and Global bundle adjustment
2026-05-18T19:35:37 COLMAP[chunk_03_mapper_initial] I20260518 19:35:37.371308  7100 incremental_pipeline.cc:524] Registering image #165 (num_reg_frames=131)
2026-05-18T19:35:37 COLMAP[chunk_03_mapper_initial] I20260518 19:35:37.371380  7100 incremental_pipeline.cc:527] => Image sees 288 / 5342 points
2026-05-18T19:35:37 COLMAP[chunk_03_mapper_initial] I20260518 19:35:37.387857  7100 incremental_pipeline.cc:550] => Could not register, trying another image.
2026-05-18T19:35:37 COLMAP[chunk_03_mapper_initial] I20260518 19:35:37.387894  7100 incremental_pipeline.cc:524] Registering image #198 (num_reg_frames=131)
2026-05-18T19:35:37 COLMAP[chunk_03_mapper_initial] I20260518 19:35:37.387905  7100 incremental_pipeline.cc:527] => Image sees 255 / 4450 points
2026-05-18T19:35:38 COLMAP[chunk_03_mapper_initial] I20260518 19:35:38.136823  7100 incremental_pipeline.cc:524] Registering image #179 (num_reg_frames=132)
2026-05-18T19:35:38 COLMAP[chunk_03_mapper_initial] I20260518 19:35:38.136875  7100 incremental_pipeline.cc:527] => Image sees 192 / 6501 points
2026-05-18T19:35:38 COLMAP[chunk_03_mapper_initial] I20260518 19:35:38.148329  7100 incremental_pipeline.cc:550] => Could not register, trying another image.
2026-05-18T19:35:38 COLMAP[chunk_03_mapper_initial] I20260518 19:35:38.148365  7100 incremental_pipeline.cc:524] Registering image #177 (num_reg_frames=132)
2026-05-18T19:35:38 COLMAP[chunk_03_mapper_initial] I20260518 19:35:38.148376  7100 incremental_pipeline.cc:527] => Image sees 154 / 6550 points
2026-05-18T19:35:38 COLMAP[chunk_03_mapper_initial] I20260518 19:35:38.156859  7100 incremental_pipeline.cc:550] => Could not register, trying another image.
2026-05-18T19:35:38 COLMAP[chunk_03_mapper_initial] I20260518 19:35:38.156885  7100 incremental_pipeline.cc:524] Registering image #549 (num_reg_frames=132)
2026-05-18T19:35:38 COLMAP[chunk_03_mapper_initial] I20260518 19:35:38.156894  7100 incremental_pipeline.cc:527] => Image sees 164 / 4590 points
2026-05-18T19:35:38 COLMAP[chunk_03_mapper_initial] I20260518 19:35:38.166637  7100 incremental_pipeline.cc:550] => Could not register, trying another image.
2026-05-18T19:35:38 COLMAP[chunk_03_mapper_initial] I20260518 19:35:38.166661  7100 incremental_pipeline.cc:524] Registering image #552 (num_reg_frames=132)
2026-05-18T19:35:38 COLMAP[chunk_03_mapper_initial] I20260518 19:35:38.166669  7100 incremental_pipeline.cc:527] => Image sees 132 / 4700 points
2026-05-18T19:35:39 COLMAP[chunk_03_mapper_initial] I20260518 19:35:39.043700  7100 incremental_pipeline.cc:524] Registering image #553 (num_reg_frames=133)
2026-05-18T19:35:39 COLMAP[chunk_03_mapper_initial] I20260518 19:35:39.043758  7100 incremental_pipeline.cc:527] => Image sees 1611 / 4407 points
2026-05-18T19:35:40 COLMAP[chunk_03_mapper_initial] I20260518 19:35:39.950294  7100 incremental_pipeline.cc:524] Registering image #551 (num_reg_frames=134)
2026-05-18T19:35:40 COLMAP[chunk_03_mapper_initial] I20260518 19:35:39.950349  7100 incremental_pipeline.cc:527] => Image sees 1752 / 4070 points
2026-05-18T19:35:41 COLMAP[chunk_03_mapper_initial] I20260518 19:35:40.873018  7100 incremental_pipeline.cc:524] Registering image #550 (num_reg_frames=135)
2026-05-18T19:35:41 COLMAP[chunk_03_mapper_initial] I20260518 19:35:40.873076  7100 incremental_pipeline.cc:527] => Image sees 290 / 3615 points
2026-05-18T19:35:42 COLMAP[chunk_03_mapper_initial] I20260518 19:35:41.654593  7100 incremental_pipeline.cc:524] Registering image #548 (num_reg_frames=136)
2026-05-18T19:35:42 COLMAP[chunk_03_mapper_initial] I20260518 19:35:41.654647  7100 incremental_pipeline.cc:527] => Image sees 259 / 3223 points
2026-05-18T19:35:42 COLMAP[chunk_03_mapper_initial] I20260518 19:35:42.409931  7100 incremental_pipeline.cc:524] Registering image #625 (num_reg_frames=137)
2026-05-18T19:35:42 COLMAP[chunk_03_mapper_initial] I20260518 19:35:42.409987  7100 incremental_pipeline.cc:527] => Image sees 169 / 1597 points
2026-05-18T19:35:43 COLMAP[chunk_03_mapper_initial] I20260518 19:35:43.248840  7100 incremental_pipeline.cc:524] Registering image #628 (num_reg_frames=138)
2026-05-18T19:35:43 COLMAP[chunk_03_mapper_initial] I20260518 19:35:43.248893  7100 incremental_pipeline.cc:527] => Image sees 170 / 5987 points
2026-05-18T19:35:44 COLMAP[chunk_03_mapper_initial] I20260518 19:35:43.994210  7100 incremental_pipeline.cc:524] Registering image #627 (num_reg_frames=139)
2026-05-18T19:35:44 COLMAP[chunk_03_mapper_initial] I20260518 19:35:43.994266  7100 incremental_pipeline.cc:527] => Image sees 378 / 6593 points
2026-05-18T19:35:45 COLMAP[chunk_03_mapper_initial] I20260518 19:35:44.794592  7100 incremental_pipeline.cc:524] Registering image #626 (num_reg_frames=140)
2026-05-18T19:35:45 COLMAP[chunk_03_mapper_initial] I20260518 19:35:44.794654  7100 incremental_pipeline.cc:527] => Image sees 1046 / 3235 points
2026-05-18T19:35:46 COLMAP[chunk_03_mapper_initial] I20260518 19:35:45.605537  7100 incremental_pipeline.cc:524] Registering image #178 (num_reg_frames=141)
2026-05-18T19:35:46 COLMAP[chunk_03_mapper_initial] I20260518 19:35:45.605597  7100 incremental_pipeline.cc:527] => Image sees 112 / 7336 points
2026-05-18T19:35:46 COLMAP[chunk_03_mapper_initial] I20260518 19:35:45.612666  7100 incremental_pipeline.cc:550] => Could not register, trying another image.
2026-05-18T19:35:46 COLMAP[chunk_03_mapper_initial] I20260518 19:35:45.612709  7100 incremental_pipeline.cc:524] Registering image #166 (num_reg_frames=141)
2026-05-18T19:35:46 COLMAP[chunk_03_mapper_initial] I20260518 19:35:45.612723  7100 incremental_pipeline.cc:527] => Image sees 110 / 4847 points
2026-05-18T19:35:46 COLMAP[chunk_03_mapper_initial] I20260518 19:35:45.619921  7100 incremental_pipeline.cc:550] => Could not register, trying another image.
2026-05-18T19:35:46 COLMAP[chunk_03_mapper_initial] I20260518 19:35:45.619959  7100 incremental_pipeline.cc:524] Registering image #733 (num_reg_frames=141)
2026-05-18T19:35:46 COLMAP[chunk_03_mapper_initial] I20260518 19:35:45.619972  7100 incremental_pipeline.cc:527] => Image sees 81 / 6728 points
2026-05-18T19:35:46 COLMAP[chunk_03_mapper_initial] I20260518 19:35:45.625967  7100 incremental_pipeline.cc:550] => Could not register, trying another image.
2026-05-18T19:35:46 COLMAP[chunk_03_mapper_initial] I20260518 19:35:45.625999  7100 incremental_pipeline.cc:524] Registering image #748 (num_reg_frames=141)
2026-05-18T19:35:46 COLMAP[chunk_03_mapper_initial] I20260518 19:35:45.626044  7100 incremental_pipeline.cc:527] => Image sees 57 / 4935 points
2026-05-18T19:35:46 COLMAP[chunk_03_mapper_initial] I20260518 19:35:45.630944  7100 incremental_pipeline.cc:550] => Could not register, trying another image.
2026-05-18T19:35:46 COLMAP[chunk_03_mapper_initial] I20260518 19:35:45.630976  7100 incremental_pipeline.cc:524] Registering image #549 (num_reg_frames=141)
2026-05-18T19:35:46 COLMAP[chunk_03_mapper_initial] I20260518 19:35:45.630990  7100 incremental_pipeline.cc:527] => Image sees 1645 / 4590 points
2026-05-18T19:35:46 COLMAP[chunk_03_mapper_initial] I20260518 19:35:46.417913  7100 incremental_pipeline.cc:524] Registering image #182 (num_reg_frames=142)
2026-05-18T19:35:46 COLMAP[chunk_03_mapper_initial] I20260518 19:35:46.417974  7100 incremental_pipeline.cc:527] => Image sees 820 / 7135 points
2026-05-18T19:35:46 COLMAP[chunk_03_mapper_initial] I20260518 19:35:46.461845  7100 incremental_pipeline.cc:550] => Could not register, trying another image.
2026-05-18T19:35:46 COLMAP[chunk_03_mapper_initial] I20260518 19:35:46.461903  7100 incremental_pipeline.cc:524] Registering image #180 (num_reg_frames=142)
2026-05-18T19:35:46 COLMAP[chunk_03_mapper_initial] I20260518 19:35:46.461920  7100 incremental_pipeline.cc:527] => Image sees 667 / 7796 points
2026-05-18T19:35:46 COLMAP[chunk_03_mapper_initial] I20260518 19:35:46.499140  7100 incremental_pipeline.cc:550] => Could not register, trying another image.
2026-05-18T19:35:46 COLMAP[chunk_03_mapper_initial] I20260518 19:35:46.499198  7100 incremental_pipeline.cc:524] Registering image #181 (num_reg_frames=142)
2026-05-18T19:35:46 COLMAP[chunk_03_mapper_initial] I20260518 19:35:46.499213  7100 incremental_pipeline.cc:527] => Image sees 617 / 7989 points
2026-05-18T19:35:47 COLMAP[chunk_03_mapper_initial] I20260518 19:35:46.533416  7100 incremental_pipeline.cc:550] => Could not register, trying another image.
2026-05-18T19:35:47 COLMAP[chunk_03_mapper_initial] I20260518 19:35:46.533468  7100 incremental_pipeline.cc:524] Registering image #165 (num_reg_frames=142)
2026-05-18T19:35:47 COLMAP[chunk_03_mapper_initial] I20260518 19:35:46.533483  7100 incremental_pipeline.cc:527] => Image sees 288 / 5342 points
2026-05-18T19:35:47 COLMAP[chunk_03_mapper_initial] I20260518 19:35:46.549649  7100 incremental_pipeline.cc:550] => Could not register, trying another image.
2026-05-18T19:35:47 COLMAP[chunk_03_mapper_initial] I20260518 19:35:46.549705  7100 incremental_pipeline.cc:524] Registering image #179 (num_reg_frames=142)
2026-05-18T19:35:47 COLMAP[chunk_03_mapper_initial] I20260518 19:35:46.549719  7100 incremental_pipeline.cc:527] => Image sees 192 / 6501 points
2026-05-18T19:35:47 COLMAP[chunk_03_mapper_initial] I20260518 19:35:46.561352  7100 incremental_pipeline.cc:550] => Could not register, trying another image.
2026-05-18T19:35:47 COLMAP[chunk_03_mapper_initial] I20260518 19:35:46.561393  7100 incremental_pipeline.cc:524] Registering image #177 (num_reg_frames=142)
2026-05-18T19:35:47 COLMAP[chunk_03_mapper_initial] I20260518 19:35:46.561407  7100 incremental_pipeline.cc:527] => Image sees 154 / 6550 points
2026-05-18T19:35:47 COLMAP[chunk_03_mapper_initial] I20260518 19:35:46.570247  7100 incremental_pipeline.cc:550] => Could not register, trying another image.
2026-05-18T19:35:47 COLMAP[chunk_03_mapper_initial] I20260518 19:35:46.570286  7100 incremental_pipeline.cc:524] Registering image #178 (num_reg_frames=142)
2026-05-18T19:35:47 COLMAP[chunk_03_mapper_initial] I20260518 19:35:46.570298  7100 incremental_pipeline.cc:527] => Image sees 112 / 7336 points
2026-05-18T19:35:47 COLMAP[chunk_03_mapper_initial] I20260518 19:35:46.577183  7100 incremental_pipeline.cc:550] => Could not register, trying another image.
2026-05-18T19:35:47 COLMAP[chunk_03_mapper_initial] I20260518 19:35:46.577219  7100 incremental_pipeline.cc:524] Registering image #166 (num_reg_frames=142)
2026-05-18T19:35:47 COLMAP[chunk_03_mapper_initial] I20260518 19:35:46.577232  7100 incremental_pipeline.cc:527] => Image sees 110 / 4847 points
2026-05-18T19:35:47 COLMAP[chunk_03_mapper_initial] I20260518 19:35:46.584512  7100 incremental_pipeline.cc:550] => Could not register, trying another image.
2026-05-18T19:35:47 COLMAP[chunk_03_mapper_initial] I20260518 19:35:46.584546  7100 incremental_pipeline.cc:524] Registering image #733 (num_reg_frames=142)
2026-05-18T19:35:47 COLMAP[chunk_03_mapper_initial] I20260518 19:35:46.584559  7100 incremental_pipeline.cc:527] => Image sees 81 / 6728 points
2026-05-18T19:35:47 COLMAP[chunk_03_mapper_initial] I20260518 19:35:46.590551  7100 incremental_pipeline.cc:550] => Could not register, trying another image.
2026-05-18T19:35:47 COLMAP[chunk_03_mapper_initial] I20260518 19:35:46.590584  7100 incremental_pipeline.cc:524] Registering image #748 (num_reg_frames=142)
2026-05-18T19:35:47 COLMAP[chunk_03_mapper_initial] I20260518 19:35:46.590596  7100 incremental_pipeline.cc:527] => Image sees 57 / 4935 points
2026-05-18T19:35:47 COLMAP[chunk_03_mapper_initial] I20260518 19:35:46.595257  7100 incremental_pipeline.cc:550] => Could not register, trying another image.
2026-05-18T19:35:47 COLMAP[chunk_03_mapper_initial] I20260518 19:35:46.595320  7100 incremental_pipeline.cc:524] Registering image #180 (num_reg_frames=142)
2026-05-18T19:35:47 COLMAP[chunk_03_mapper_initial] I20260518 19:35:46.595340  7100 incremental_pipeline.cc:527] => Image sees 667 / 7796 points
2026-05-18T19:35:47 COLMAP[chunk_03_mapper_initial] I20260518 19:35:46.595350  7100 incremental_pipeline.cc:533] Registering image with structure-less fallback
2026-05-18T19:35:47 COLMAP[chunk_03_mapper_initial] I20260518 19:35:46.595362  7100 incremental_pipeline.cc:535] => Image sees 3770 / 19791 correspondences
2026-05-18T19:35:48 COLMAP[chunk_03_mapper_initial] I20260518 19:35:48.516198  7100 incremental_pipeline.cc:524] Registering image #181 (num_reg_frames=143)
2026-05-18T19:35:48 COLMAP[chunk_03_mapper_initial] I20260518 19:35:48.516255  7100 incremental_pipeline.cc:527] => Image sees 2022 / 7989 points
2026-05-18T19:35:49 COLMAP[chunk_03_mapper_initial] I20260518 19:35:49.509877  7100 incremental_pipeline.cc:78] Retriangulation and Global bundle adjustment
2026-05-18T19:37:35 COLMAP[chunk_03_mapper_initial] I20260518 19:37:35.183718  7100 incremental_pipeline.cc:524] Registering image #182 (num_reg_frames=144)
2026-05-18T19:37:35 COLMAP[chunk_03_mapper_initial] I20260518 19:37:35.183794  7100 incremental_pipeline.cc:527] => Image sees 3237 / 7135 points
2026-05-18T19:37:36 COLMAP[chunk_03_mapper_initial] I20260518 19:37:36.194538  7100 incremental_pipeline.cc:524] Registering image #179 (num_reg_frames=145)
2026-05-18T19:37:36 COLMAP[chunk_03_mapper_initial] I20260518 19:37:36.194597  7100 incremental_pipeline.cc:527] => Image sees 2576 / 6501 points
2026-05-18T19:37:38 COLMAP[chunk_03_mapper_initial] I20260518 19:37:38.196022  7100 incremental_pipeline.cc:524] Registering image #178 (num_reg_frames=146)
2026-05-18T19:37:38 COLMAP[chunk_03_mapper_initial] I20260518 19:37:38.196075  7100 incremental_pipeline.cc:527] => Image sees 2020 / 7336 points
2026-05-18T19:37:39 COLMAP[chunk_03_mapper_initial] I20260518 19:37:39.385411  7100 incremental_pipeline.cc:524] Registering image #177 (num_reg_frames=147)
2026-05-18T19:37:39 COLMAP[chunk_03_mapper_initial] I20260518 19:37:39.385464  7100 incremental_pipeline.cc:527] => Image sees 2895 / 6550 points
2026-05-18T19:37:40 COLMAP[chunk_03_mapper_initial] I20260518 19:37:40.450876  7100 incremental_pipeline.cc:524] Registering image #166 (num_reg_frames=148)
2026-05-18T19:37:40 COLMAP[chunk_03_mapper_initial] I20260518 19:37:40.450930  7100 incremental_pipeline.cc:527] => Image sees 2770 / 4847 points
2026-05-18T19:37:41 COLMAP[chunk_03_mapper_initial] I20260518 19:37:41.234434  7100 incremental_pipeline.cc:524] Registering image #165 (num_reg_frames=149)
2026-05-18T19:37:41 COLMAP[chunk_03_mapper_initial] I20260518 19:37:41.234489  7100 incremental_pipeline.cc:527] => Image sees 3354 / 5342 points
2026-05-18T19:37:42 COLMAP[chunk_03_mapper_initial] I20260518 19:37:42.074066  7100 incremental_pipeline.cc:524] Registering image #733 (num_reg_frames=150)
2026-05-18T19:37:42 COLMAP[chunk_03_mapper_initial] I20260518 19:37:42.074122  7100 incremental_pipeline.cc:527] => Image sees 81 / 6728 points
2026-05-18T19:37:42 COLMAP[chunk_03_mapper_initial] I20260518 19:37:42.080245  7100 incremental_pipeline.cc:550] => Could not register, trying another image.
2026-05-18T19:37:42 COLMAP[chunk_03_mapper_initial] I20260518 19:37:42.080276  7100 incremental_pipeline.cc:524] Registering image #748 (num_reg_frames=150)
2026-05-18T19:37:42 COLMAP[chunk_03_mapper_initial] I20260518 19:37:42.080286  7100 incremental_pipeline.cc:527] => Image sees 57 / 4935 points
2026-05-18T19:37:42 COLMAP[chunk_03_mapper_initial] I20260518 19:37:42.084970  7100 incremental_pipeline.cc:550] => Could not register, trying another image.
2026-05-18T19:37:42 COLMAP[chunk_03_mapper_initial] I20260518 19:37:42.085019  7100 incremental_pipeline.cc:524] Registering image #733 (num_reg_frames=150)
2026-05-18T19:37:42 COLMAP[chunk_03_mapper_initial] I20260518 19:37:42.085031  7100 incremental_pipeline.cc:527] => Image sees 81 / 6728 points
2026-05-18T19:37:42 COLMAP[chunk_03_mapper_initial] I20260518 19:37:42.085041  7100 incremental_pipeline.cc:533] Registering image with structure-less fallback
2026-05-18T19:37:42 COLMAP[chunk_03_mapper_initial] I20260518 19:37:42.085055  7100 incremental_pipeline.cc:535] => Image sees 129 / 20827 correspondences
2026-05-18T19:37:44 COLMAP[chunk_03_mapper_initial] I20260518 19:37:43.970534  7100 incremental_pipeline.cc:524] Registering image #748 (num_reg_frames=151)
2026-05-18T19:37:44 COLMAP[chunk_03_mapper_initial] I20260518 19:37:43.970590  7100 incremental_pipeline.cc:527] => Image sees 57 / 4935 points
2026-05-18T19:37:44 COLMAP[chunk_03_mapper_initial] I20260518 19:37:43.970599  7100 incremental_pipeline.cc:533] Registering image with structure-less fallback
2026-05-18T19:37:44 COLMAP[chunk_03_mapper_initial] I20260518 19:37:43.970607  7100 incremental_pipeline.cc:535] => Image sees 87 / 12345 correspondences
2026-05-18T19:37:44 COLMAP[chunk_03_mapper_initial] I20260518 19:37:43.971216  7100 incremental_pipeline.cc:550] => Could not register, trying another image.
2026-05-18T19:37:44 COLMAP[chunk_03_mapper_initial] I20260518 19:37:43.971238  7100 incremental_pipeline.cc:78] Retriangulation and Global bundle adjustment
2026-05-18T19:39:18 COLMAP[chunk_03_mapper_initial] W20260518 19:39:18.205904  7100 reconstruction.cc:667] Ignoring de-registration of frame 733, which is not registered.
2026-05-18T19:39:18 COLMAP[chunk_03_mapper_initial] I20260518 19:39:18.206640  7100 incremental_pipeline.cc:524] Registering image #733 (num_reg_frames=150)
2026-05-18T19:39:18 COLMAP[chunk_03_mapper_initial] I20260518 19:39:18.206660  7100 incremental_pipeline.cc:527] => Image sees 73 / 6728 points
2026-05-18T19:39:18 COLMAP[chunk_03_mapper_initial] I20260518 19:39:18.206668  7100 incremental_pipeline.cc:533] Registering image with structure-less fallback
2026-05-18T19:39:18 COLMAP[chunk_03_mapper_initial] I20260518 19:39:18.206678  7100 incremental_pipeline.cc:535] => Image sees 129 / 20827 correspondences
2026-05-18T19:39:27 COLMAP[chunk_03_mapper_initial] I20260518 19:39:27.216042  7100 incremental_pipeline.cc:550] => Could not register, trying another image.
2026-05-18T19:39:27 COLMAP[chunk_03_mapper_initial] I20260518 19:39:27.216199  7100 incremental_pipeline.cc:524] Registering image #748 (num_reg_frames=150)
2026-05-18T19:39:27 COLMAP[chunk_03_mapper_initial] I20260518 19:39:27.216239  7100 incremental_pipeline.cc:527] => Image sees 57 / 4935 points
2026-05-18T19:39:27 COLMAP[chunk_03_mapper_initial] I20260518 19:39:27.216270  7100 incremental_pipeline.cc:533] Registering image with structure-less fallback
2026-05-18T19:39:27 COLMAP[chunk_03_mapper_initial] I20260518 19:39:27.216298  7100 incremental_pipeline.cc:535] => Image sees 87 / 12345 correspondences
2026-05-18T19:39:27 COLMAP[chunk_03_mapper_initial] I20260518 19:39:27.217079  7100 incremental_pipeline.cc:550] => Could not register, trying another image.
2026-05-18T19:39:27 COLMAP[chunk_03_mapper_initial] I20260518 19:39:27.217116  7100 incremental_pipeline.cc:78] Retriangulation and Global bundle adjustment
2026-05-18T19:40:14 COLMAP[chunk_03_mapper_initial] I20260518 19:40:13.662106  7100 incremental_pipeline.cc:710] Keeping successful reconstruction
2026-05-18T19:40:14 COLMAP[chunk_03_mapper_initial] I20260518 19:40:13.909500  7100 incremental_pipeline.cc:377] Finding good initial image pair
2026-05-18T19:40:14 COLMAP[chunk_03_mapper_initial] I20260518 19:40:14.038980  7100 incremental_pipeline.cc:401] Registering initial image pair #691 and #693
2026-05-18T19:40:14 COLMAP[chunk_03_mapper_initial] I20260518 19:40:14.062414  7100 incremental_pipeline.cc:419] Global bundle adjustment
2026-05-18T19:40:14 COLMAP[chunk_03_mapper_initial] I20260518 19:40:14.458753  7100 incremental_pipeline.cc:524] Registering image #692 (num_reg_frames=2)
2026-05-18T19:40:14 COLMAP[chunk_03_mapper_initial] I20260518 19:40:14.458810  7100 incremental_pipeline.cc:527] => Image sees 1426 / 7479 points
2026-05-18T19:40:15 COLMAP[chunk_03_mapper_initial] I20260518 19:40:15.585897  7100 incremental_pipeline.cc:78] Retriangulation and Global bundle adjustment
2026-05-18T19:40:16 COLMAP[chunk_03_mapper_initial] I20260518 19:40:16.094902  7100 incremental_pipeline.cc:524] Registering image #690 (num_reg_frames=3)
2026-05-18T19:40:16 COLMAP[chunk_03_mapper_initial] I20260518 19:40:16.094957  7100 incremental_pipeline.cc:527] => Image sees 3780 / 7454 points
2026-05-18T19:40:18 COLMAP[chunk_03_mapper_initial] I20260518 19:40:17.683842  7100 incremental_pipeline.cc:78] Retriangulation and Global bundle adjustment
2026-05-18T19:40:18 COLMAP[chunk_03_mapper_initial] I20260518 19:40:18.585875  7100 incremental_pipeline.cc:524] Registering image #694 (num_reg_frames=4)
2026-05-18T19:40:18 COLMAP[chunk_03_mapper_initial] I20260518 19:40:18.585928  7100 incremental_pipeline.cc:527] => Image sees 2886 / 7224 points
2026-05-18T19:40:21 COLMAP[chunk_03_mapper_initial] I20260518 19:40:20.646411  7100 incremental_pipeline.cc:78] Retriangulation and Global bundle adjustment
2026-05-18T19:40:22 COLMAP[chunk_03_mapper_initial] I20260518 19:40:21.760241  7100 incremental_pipeline.cc:524] Registering image #777 (num_reg_frames=5)
2026-05-18T19:40:22 COLMAP[chunk_03_mapper_initial] I20260518 19:40:21.760305  7100 incremental_pipeline.cc:527] => Image sees 2362 / 6550 points
2026-05-18T19:40:24 COLMAP[chunk_03_mapper_initial] I20260518 19:40:24.039933  7100 incremental_pipeline.cc:78] Retriangulation and Global bundle adjustment
2026-05-18T19:40:25 COLMAP[chunk_03_mapper_initial] I20260518 19:40:25.037809  7100 incremental_pipeline.cc:524] Registering image #776 (num_reg_frames=6)
2026-05-18T19:40:25 COLMAP[chunk_03_mapper_initial] I20260518 19:40:25.037868  7100 incremental_pipeline.cc:527] => Image sees 2406 / 5346 points
2026-05-18T19:40:26 COLMAP[chunk_03_mapper_initial] I20260518 19:40:26.089582  7100 incremental_pipeline.cc:78] Retriangulation and Global bundle adjustment
2026-05-18T19:40:27 COLMAP[chunk_03_mapper_initial] I20260518 19:40:26.739770  7100 incremental_pipeline.cc:524] Registering image #778 (num_reg_frames=7)
2026-05-18T19:40:27 COLMAP[chunk_03_mapper_initial] I20260518 19:40:26.739837  7100 incremental_pipeline.cc:527] => Image sees 2806 / 6642 points
2026-05-18T19:40:28 COLMAP[chunk_03_mapper_initial] I20260518 19:40:27.771250  7100 incremental_pipeline.cc:78] Retriangulation and Global bundle adjustment
2026-05-18T19:40:28 COLMAP[chunk_03_mapper_initial] I20260518 19:40:28.500437  7100 incremental_pipeline.cc:524] Registering image #733 (num_reg_frames=8)
2026-05-18T19:40:28 COLMAP[chunk_03_mapper_initial] I20260518 19:40:28.500499  7100 incremental_pipeline.cc:527] => Image sees 3299 / 6728 points
2026-05-18T19:40:29 COLMAP[chunk_03_mapper_initial] I20260518 19:40:29.357734  7100 incremental_pipeline.cc:78] Retriangulation and Global bundle adjustment
2026-05-18T19:40:30 COLMAP[chunk_03_mapper_initial] I20260518 19:40:30.132305  7100 incremental_pipeline.cc:524] Registering image #734 (num_reg_frames=9)
2026-05-18T19:40:30 COLMAP[chunk_03_mapper_initial] I20260518 19:40:30.132366  7100 incremental_pipeline.cc:527] => Image sees 3641 / 6857 points
2026-05-18T19:40:31 COLMAP[chunk_03_mapper_initial] I20260518 19:40:31.260885  7100 incremental_pipeline.cc:78] Retriangulation and Global bundle adjustment
2026-05-18T19:40:32 COLMAP[chunk_03_mapper_initial] I20260518 19:40:32.064570  7100 incremental_pipeline.cc:524] Registering image #779 (num_reg_frames=10)
2026-05-18T19:40:32 COLMAP[chunk_03_mapper_initial] I20260518 19:40:32.064625  7100 incremental_pipeline.cc:527] => Image sees 3288 / 5941 points
2026-05-18T19:40:33 COLMAP[chunk_03_mapper_initial] I20260518 19:40:33.088529  7100 incremental_pipeline.cc:78] Retriangulation and Global bundle adjustment
2026-05-18T19:40:34 COLMAP[chunk_03_mapper_initial] I20260518 19:40:33.999575  7100 incremental_pipeline.cc:524] Registering image #735 (num_reg_frames=11)
2026-05-18T19:40:34 COLMAP[chunk_03_mapper_initial] I20260518 19:40:33.999634  7100 incremental_pipeline.cc:527] => Image sees 3623 / 6047 points
2026-05-18T19:40:35 COLMAP[chunk_03_mapper_initial] I20260518 19:40:35.207356  7100 incremental_pipeline.cc:524] Registering image #707 (num_reg_frames=12)
2026-05-18T19:40:35 COLMAP[chunk_03_mapper_initial] I20260518 19:40:35.207412  7100 incremental_pipeline.cc:527] => Image sees 2564 / 7543 points
2026-05-18T19:40:36 COLMAP[chunk_03_mapper_initial] I20260518 19:40:36.145509  7100 incremental_pipeline.cc:78] Retriangulation and Global bundle adjustment
2026-05-18T19:40:38 COLMAP[chunk_03_mapper_initial] I20260518 19:40:37.785322  7100 incremental_pipeline.cc:524] Registering image #706 (num_reg_frames=13)
2026-05-18T19:40:38 COLMAP[chunk_03_mapper_initial] I20260518 19:40:37.785521  7100 incremental_pipeline.cc:527] => Image sees 2723 / 6804 points
2026-05-18T19:40:39 COLMAP[chunk_03_mapper_initial] I20260518 19:40:39.051730  7100 incremental_pipeline.cc:524] Registering image #748 (num_reg_frames=14)
2026-05-18T19:40:39 COLMAP[chunk_03_mapper_initial] I20260518 19:40:39.051786  7100 incremental_pipeline.cc:527] => Image sees 2852 / 4935 points
2026-05-18T19:40:40 COLMAP[chunk_03_mapper_initial] I20260518 19:40:40.063431  7100 incremental_pipeline.cc:78] Retriangulation and Global bundle adjustment
2026-05-18T19:40:44 COLMAP[chunk_03_mapper_initial] I20260518 19:40:44.522579  7100 incremental_pipeline.cc:524] Registering image #708 (num_reg_frames=15)
2026-05-18T19:40:44 COLMAP[chunk_03_mapper_initial] I20260518 19:40:44.522668  7100 incremental_pipeline.cc:527] => Image sees 2496 / 6233 points
2026-05-18T19:40:45 COLMAP[chunk_03_mapper_initial] I20260518 19:40:45.468225  7100 incremental_pipeline.cc:524] Registering image #749 (num_reg_frames=16)
2026-05-18T19:40:45 COLMAP[chunk_03_mapper_initial] I20260518 19:40:45.468286  7100 incremental_pipeline.cc:527] => Image sees 2974 / 5400 points
2026-05-18T19:40:46 COLMAP[chunk_03_mapper_initial] I20260518 19:40:46.371265  7100 incremental_pipeline.cc:78] Retriangulation and Global bundle adjustment
2026-05-18T19:40:50 COLMAP[chunk_03_mapper_initial] I20260518 19:40:50.095183  7100 incremental_pipeline.cc:524] Registering image #750 (num_reg_frames=17)
2026-05-18T19:40:50 COLMAP[chunk_03_mapper_initial] I20260518 19:40:50.095244  7100 incremental_pipeline.cc:527] => Image sees 2211 / 3747 points
2026-05-18T19:40:51 COLMAP[chunk_03_mapper_initial] I20260518 19:40:50.991955  7100 incremental_pipeline.cc:524] Registering image #228 (num_reg_frames=18)
2026-05-18T19:40:51 COLMAP[chunk_03_mapper_initial] I20260518 19:40:50.992012  7100 incremental_pipeline.cc:527] => Image sees 77 / 5761 points
2026-05-18T19:40:51 COLMAP[chunk_03_mapper_initial] I20260518 19:40:50.997638  7100 incremental_pipeline.cc:550] => Could not register, trying another image.
2026-05-18T19:40:51 COLMAP[chunk_03_mapper_initial] I20260518 19:40:50.997668  7100 incremental_pipeline.cc:524] Registering image #214 (num_reg_frames=18)
2026-05-18T19:40:51 COLMAP[chunk_03_mapper_initial] I20260518 19:40:50.997691  7100 incremental_pipeline.cc:527] => Image sees 42 / 6610 points
2026-05-18T19:40:51 COLMAP[chunk_03_mapper_initial] I20260518 19:40:51.001845  7100 incremental_pipeline.cc:550] => Could not register, trying another image.
2026-05-18T19:40:51 COLMAP[chunk_03_mapper_initial] I20260518 19:40:51.001873  7100 incremental_pipeline.cc:524] Registering image #656 (num_reg_frames=18)
2026-05-18T19:40:51 COLMAP[chunk_03_mapper_initial] I20260518 19:40:51.001885  7100 incremental_pipeline.cc:527] => Image sees 47 / 5247 points
2026-05-18T19:40:51 COLMAP[chunk_03_mapper_initial] I20260518 19:40:51.006748  7100 incremental_pipeline.cc:550] => Could not register, trying another image.
2026-05-18T19:40:51 COLMAP[chunk_03_mapper_initial] I20260518 19:40:51.006819  7100 incremental_pipeline.cc:524] Registering image #228 (num_reg_frames=18)
2026-05-18T19:40:51 COLMAP[chunk_03_mapper_initial] I20260518 19:40:51.006839  7100 incremental_pipeline.cc:527] => Image sees 77 / 5761 points
2026-05-18T19:40:51 COLMAP[chunk_03_mapper_initial] I20260518 19:40:51.006850  7100 incremental_pipeline.cc:533] Registering image with structure-less fallback
2026-05-18T19:40:51 COLMAP[chunk_03_mapper_initial] I20260518 19:40:51.006860  7100 incremental_pipeline.cc:535] => Image sees 114 / 14284 correspondences
2026-05-18T19:40:51 COLMAP[chunk_03_mapper_initial] I20260518 19:40:51.007520  7100 incremental_pipeline.cc:550] => Could not register, trying another image.
2026-05-18T19:40:51 COLMAP[chunk_03_mapper_initial] I20260518 19:40:51.007539  7100 incremental_pipeline.cc:524] Registering image #656 (num_reg_frames=18)
2026-05-18T19:40:51 COLMAP[chunk_03_mapper_initial] I20260518 19:40:51.007546  7100 incremental_pipeline.cc:527] => Image sees 47 / 5247 points
2026-05-18T19:40:51 COLMAP[chunk_03_mapper_initial] I20260518 19:40:51.007555  7100 incremental_pipeline.cc:533] Registering image with structure-less fallback
2026-05-18T19:40:51 COLMAP[chunk_03_mapper_initial] I20260518 19:40:51.007561  7100 incremental_pipeline.cc:535] => Image sees 97 / 9871 correspondences
2026-05-18T19:40:54 COLMAP[chunk_03_mapper_initial] I20260518 19:40:53.791318  7100 incremental_pipeline.cc:550] => Could not register, trying another image.
2026-05-18T19:40:54 COLMAP[chunk_03_mapper_initial] I20260518 19:40:53.791385  7100 incremental_pipeline.cc:524] Registering image #214 (num_reg_frames=18)
2026-05-18T19:40:54 COLMAP[chunk_03_mapper_initial] I20260518 19:40:53.791402  7100 incremental_pipeline.cc:527] => Image sees 42 / 6610 points
2026-05-18T19:40:54 COLMAP[chunk_03_mapper_initial] I20260518 19:40:53.791416  7100 incremental_pipeline.cc:533] Registering image with structure-less fallback
2026-05-18T19:40:54 COLMAP[chunk_03_mapper_initial] I20260518 19:40:53.791428  7100 incremental_pipeline.cc:535] => Image sees 87 / 14610 correspondences
2026-05-18T19:40:54 COLMAP[chunk_03_mapper_initial] I20260518 19:40:53.792364  7100 incremental_pipeline.cc:550] => Could not register, trying another image.
2026-05-18T19:40:54 COLMAP[chunk_03_mapper_initial] I20260518 19:40:53.792402  7100 incremental_pipeline.cc:78] Retriangulation and Global bundle adjustment
2026-05-18T19:40:56 COLMAP[chunk_03_mapper_initial] I20260518 19:40:56.250352  7100 incremental_pipeline.cc:524] Registering image #228 (num_reg_frames=18)
2026-05-18T19:40:56 COLMAP[chunk_03_mapper_initial] I20260518 19:40:56.250415  7100 incremental_pipeline.cc:527] => Image sees 77 / 5761 points
2026-05-18T19:40:56 COLMAP[chunk_03_mapper_initial] I20260518 19:40:56.256668  7100 incremental_pipeline.cc:550] => Could not register, trying another image.
2026-05-18T19:40:56 COLMAP[chunk_03_mapper_initial] I20260518 19:40:56.256704  7100 incremental_pipeline.cc:524] Registering image #214 (num_reg_frames=18)
2026-05-18T19:40:56 COLMAP[chunk_03_mapper_initial] I20260518 19:40:56.256714  7100 incremental_pipeline.cc:527] => Image sees 43 / 6610 points
2026-05-18T19:40:56 COLMAP[chunk_03_mapper_initial] I20260518 19:40:56.261056  7100 incremental_pipeline.cc:550] => Could not register, trying another image.
2026-05-18T19:40:56 COLMAP[chunk_03_mapper_initial] I20260518 19:40:56.261078  7100 incremental_pipeline.cc:524] Registering image #656 (num_reg_frames=18)
2026-05-18T19:40:56 COLMAP[chunk_03_mapper_initial] I20260518 19:40:56.261088  7100 incremental_pipeline.cc:527] => Image sees 47 / 5247 points
2026-05-18T19:40:56 COLMAP[chunk_03_mapper_initial] I20260518 19:40:56.265949  7100 incremental_pipeline.cc:550] => Could not register, trying another image.
2026-05-18T19:40:56 COLMAP[chunk_03_mapper_initial] I20260518 19:40:56.265997  7100 incremental_pipeline.cc:524] Registering image #228 (num_reg_frames=18)
2026-05-18T19:40:56 COLMAP[chunk_03_mapper_initial] I20260518 19:40:56.266039  7100 incremental_pipeline.cc:527] => Image sees 77 / 5761 points
2026-05-18T19:40:56 COLMAP[chunk_03_mapper_initial] I20260518 19:40:56.266052  7100 incremental_pipeline.cc:533] Registering image with structure-less fallback
2026-05-18T19:40:56 COLMAP[chunk_03_mapper_initial] I20260518 19:40:56.266062  7100 incremental_pipeline.cc:535] => Image sees 114 / 14284 correspondences
2026-05-18T19:40:56 COLMAP[chunk_03_mapper_initial] I20260518 19:40:56.266693  7100 incremental_pipeline.cc:550] => Could not register, trying another image.
2026-05-18T19:40:56 COLMAP[chunk_03_mapper_initial] I20260518 19:40:56.266711  7100 incremental_pipeline.cc:524] Registering image #656 (num_reg_frames=18)
2026-05-18T19:40:56 COLMAP[chunk_03_mapper_initial] I20260518 19:40:56.266721  7100 incremental_pipeline.cc:527] => Image sees 47 / 5247 points
2026-05-18T19:40:56 COLMAP[chunk_03_mapper_initial] I20260518 19:40:56.266727  7100 incremental_pipeline.cc:533] Registering image with structure-less fallback
2026-05-18T19:40:56 COLMAP[chunk_03_mapper_initial] I20260518 19:40:56.266736  7100 incremental_pipeline.cc:535] => Image sees 97 / 9871 correspondences
2026-05-18T19:40:59 COLMAP[chunk_03_mapper_initial] I20260518 19:40:59.351521  7100 incremental_pipeline.cc:550] => Could not register, trying another image.
2026-05-18T19:40:59 COLMAP[chunk_03_mapper_initial] I20260518 19:40:59.351588  7100 incremental_pipeline.cc:524] Registering image #214 (num_reg_frames=18)
2026-05-18T19:40:59 COLMAP[chunk_03_mapper_initial] I20260518 19:40:59.351604  7100 incremental_pipeline.cc:527] => Image sees 43 / 6610 points
2026-05-18T19:40:59 COLMAP[chunk_03_mapper_initial] I20260518 19:40:59.351619  7100 incremental_pipeline.cc:533] Registering image with structure-less fallback
2026-05-18T19:40:59 COLMAP[chunk_03_mapper_initial] I20260518 19:40:59.351629  7100 incremental_pipeline.cc:535] => Image sees 87 / 14610 correspondences
2026-05-18T19:40:59 COLMAP[chunk_03_mapper_initial] I20260518 19:40:59.352602  7100 incremental_pipeline.cc:550] => Could not register, trying another image.
2026-05-18T19:40:59 COLMAP[chunk_03_mapper_initial] I20260518 19:40:59.352620  7100 incremental_pipeline.cc:78] Retriangulation and Global bundle adjustment
2026-05-18T19:41:00 COLMAP[chunk_03_mapper_initial] I20260518 19:41:00.209354  7100 incremental_pipeline.cc:710] Keeping successful reconstruction
2026-05-18T19:41:00 COLMAP[chunk_03_mapper_initial] I20260518 19:41:00.252345  7100 incremental_pipeline.cc:377] Finding good initial image pair
2026-05-18T19:41:00 COLMAP[chunk_03_mapper_initial] I20260518 19:41:00.553351  7100 incremental_pipeline.cc:401] Registering initial image pair #82 and #79
2026-05-18T19:41:00 COLMAP[chunk_03_mapper_initial] I20260518 19:41:00.558950  7100 incremental_pipeline.cc:419] Global bundle adjustment
2026-05-18T19:41:01 COLMAP[chunk_03_mapper_initial] I20260518 19:41:00.824697  7100 incremental_pipeline.cc:524] Registering image #81 (num_reg_frames=2)
2026-05-18T19:41:01 COLMAP[chunk_03_mapper_initial] I20260518 19:41:00.824752  7100 incremental_pipeline.cc:527] => Image sees 268 / 6277 points
2026-05-18T19:41:01 COLMAP[chunk_03_mapper_initial] I20260518 19:41:01.393327  7100 incremental_pipeline.cc:78] Retriangulation and Global bundle adjustment
2026-05-18T19:41:02 COLMAP[chunk_03_mapper_initial] I20260518 19:41:02.489868  7100 incremental_pipeline.cc:524] Registering image #80 (num_reg_frames=3)
2026-05-18T19:41:02 COLMAP[chunk_03_mapper_initial] I20260518 19:41:02.489924  7100 incremental_pipeline.cc:527] => Image sees 749 / 7085 points
2026-05-18T19:41:03 COLMAP[chunk_03_mapper_initial] I20260518 19:41:03.112737  7100 incremental_pipeline.cc:78] Retriangulation and Global bundle adjustment
2026-05-18T19:41:04 COLMAP[chunk_03_mapper_initial] W20260518 19:41:03.983507  7100 bundle_adjustment_ceres.cc:382] Failed to fix Gauge with two cameras. Falling back to fixing Gauge with three points.
2026-05-18T19:41:04 COLMAP[chunk_03_mapper_initial] W20260518 19:41:03.983598  7100 bundle_adjustment_ceres.cc:289] Failed to fix Gauge due to insufficient number of fixed points: 0
2026-05-18T19:41:04 COLMAP[chunk_03_mapper_initial] I20260518 19:41:04.084007  7100 incremental_pipeline.cc:78] Retriangulation and Global bundle adjustment
2026-05-18T19:41:04 COLMAP[chunk_03_mapper_initial] W20260518 19:41:04.112663  7100 incremental_pipeline.cc:705] Discarding reconstruction due to insufficient size
2026-05-18T19:41:04 COLMAP[chunk_03_mapper_initial] I20260518 19:41:04.130368  7100 incremental_pipeline.cc:377] Finding good initial image pair
2026-05-18T19:41:04 COLMAP[chunk_03_mapper_initial] I20260518 19:41:04.156944  7100 incremental_pipeline.cc:401] Registering initial image pair #85 and #120
2026-05-18T19:41:04 COLMAP[chunk_03_mapper_initial] I20260518 19:41:04.161827  7100 incremental_pipeline.cc:419] Global bundle adjustment
2026-05-18T19:41:04 COLMAP[chunk_03_mapper_initial] I20260518 19:41:04.426278  7100 incremental_pipeline.cc:524] Registering image #86 (num_reg_frames=2)
2026-05-18T19:41:04 COLMAP[chunk_03_mapper_initial] I20260518 19:41:04.426333  7100 incremental_pipeline.cc:527] => Image sees 221 / 5608 points
2026-05-18T19:41:05 COLMAP[chunk_03_mapper_initial] I20260518 19:41:04.651263  7100 incremental_pipeline.cc:78] Retriangulation and Global bundle adjustment
2026-05-18T19:41:05 COLMAP[chunk_03_mapper_initial] I20260518 19:41:04.884166  7100 incremental_pipeline.cc:524] Registering image #84 (num_reg_frames=3)
2026-05-18T19:41:05 COLMAP[chunk_03_mapper_initial] I20260518 19:41:04.884223  7100 incremental_pipeline.cc:527] => Image sees 1609 / 7850 points
2026-05-18T19:41:05 COLMAP[chunk_03_mapper_initial] I20260518 19:41:05.361302  7100 incremental_pipeline.cc:78] Retriangulation and Global bundle adjustment
2026-05-18T19:41:06 COLMAP[chunk_03_mapper_initial] I20260518 19:41:06.044209  7100 incremental_pipeline.cc:524] Registering image #83 (num_reg_frames=4)
2026-05-18T19:41:06 COLMAP[chunk_03_mapper_initial] I20260518 19:41:06.044266  7100 incremental_pipeline.cc:527] => Image sees 1183 / 7246 points
2026-05-18T19:41:06 COLMAP[chunk_03_mapper_initial] I20260518 19:41:06.553458  7100 incremental_pipeline.cc:78] Retriangulation and Global bundle adjustment
2026-05-18T19:41:07 COLMAP[chunk_03_mapper_initial] I20260518 19:41:07.006021  7100 incremental_pipeline.cc:524] Registering image #82 (num_reg_frames=5)
2026-05-18T19:41:07 COLMAP[chunk_03_mapper_initial] I20260518 19:41:07.006078  7100 incremental_pipeline.cc:527] => Image sees 1102 / 7661 points
2026-05-18T19:41:08 COLMAP[chunk_03_mapper_initial] I20260518 19:41:07.617741  7100 incremental_pipeline.cc:78] Retriangulation and Global bundle adjustment
2026-05-18T19:41:09 COLMAP[chunk_03_mapper_initial] I20260518 19:41:09.273063  7100 incremental_pipeline.cc:524] Registering image #87 (num_reg_frames=6)
2026-05-18T19:41:09 COLMAP[chunk_03_mapper_initial] I20260518 19:41:09.273125  7100 incremental_pipeline.cc:527] => Image sees 958 / 3047 points
2026-05-18T19:41:10 COLMAP[chunk_03_mapper_initial] I20260518 19:41:09.827361  7100 incremental_pipeline.cc:78] Retriangulation and Global bundle adjustment
2026-05-18T19:41:11 COLMAP[chunk_03_mapper_initial] I20260518 19:41:10.669813  7100 incremental_pipeline.cc:524] Registering image #81 (num_reg_frames=7)
2026-05-18T19:41:11 COLMAP[chunk_03_mapper_initial] I20260518 19:41:10.669869  7100 incremental_pipeline.cc:527] => Image sees 822 / 6277 points
2026-05-18T19:41:11 COLMAP[chunk_03_mapper_initial] I20260518 19:41:11.300948  7100 incremental_pipeline.cc:78] Retriangulation and Global bundle adjustment
2026-05-18T19:41:13 COLMAP[chunk_03_mapper_initial] I20260518 19:41:13.144193  7100 incremental_pipeline.cc:524] Registering image #123 (num_reg_frames=8)
2026-05-18T19:41:13 COLMAP[chunk_03_mapper_initial] I20260518 19:41:13.144249  7100 incremental_pipeline.cc:527] => Image sees 976 / 3473 points
2026-05-18T19:41:14 COLMAP[chunk_03_mapper_initial] I20260518 19:41:13.660514  7100 incremental_pipeline.cc:78] Retriangulation and Global bundle adjustment
2026-05-18T19:41:15 COLMAP[chunk_03_mapper_initial] I20260518 19:41:14.877395  7100 incremental_pipeline.cc:524] Registering image #122 (num_reg_frames=9)
2026-05-18T19:41:15 COLMAP[chunk_03_mapper_initial] I20260518 19:41:14.877480  7100 incremental_pipeline.cc:527] => Image sees 1260 / 5445 points
2026-05-18T19:41:15 COLMAP[chunk_03_mapper_initial] I20260518 19:41:15.494062  7100 incremental_pipeline.cc:78] Retriangulation and Global bundle adjustment
2026-05-18T19:41:16 COLMAP[chunk_03_mapper_initial] I20260518 19:41:16.023936  7100 incremental_pipeline.cc:524] Registering image #121 (num_reg_frames=10)
2026-05-18T19:41:16 COLMAP[chunk_03_mapper_initial] I20260518 19:41:16.023999  7100 incremental_pipeline.cc:527] => Image sees 2209 / 5369 points
2026-05-18T19:41:17 COLMAP[chunk_03_mapper_initial] I20260518 19:41:16.800879  7100 incremental_pipeline.cc:78] Retriangulation and Global bundle adjustment
2026-05-18T19:41:17 COLMAP[chunk_03_mapper_initial] I20260518 19:41:17.437757  7100 incremental_pipeline.cc:524] Registering image #119 (num_reg_frames=11)
2026-05-18T19:41:17 COLMAP[chunk_03_mapper_initial] I20260518 19:41:17.437811  7100 incremental_pipeline.cc:527] => Image sees 1590 / 4997 points
2026-05-18T19:41:18 COLMAP[chunk_03_mapper_initial] I20260518 19:41:18.136428  7100 incremental_pipeline.cc:78] Retriangulation and Global bundle adjustment
2026-05-18T19:41:19 COLMAP[chunk_03_mapper_initial] I20260518 19:41:19.438686  7100 incremental_pipeline.cc:524] Registering image #118 (num_reg_frames=12)
2026-05-18T19:41:19 COLMAP[chunk_03_mapper_initial] I20260518 19:41:19.438745  7100 incremental_pipeline.cc:527] => Image sees 1376 / 3781 points
2026-05-18T19:41:20 COLMAP[chunk_03_mapper_initial] I20260518 19:41:20.165982  7100 incremental_pipeline.cc:524] Registering image #117 (num_reg_frames=13)
2026-05-18T19:41:20 COLMAP[chunk_03_mapper_initial] I20260518 19:41:20.166041  7100 incremental_pipeline.cc:527] => Image sees 1576 / 3239 points
2026-05-18T19:41:21 COLMAP[chunk_03_mapper_initial] I20260518 19:41:20.779397  7100 incremental_pipeline.cc:78] Retriangulation and Global bundle adjustment
2026-05-18T19:41:22 COLMAP[chunk_03_mapper_initial] I20260518 19:41:22.157598  7100 incremental_pipeline.cc:524] Registering image #80 (num_reg_frames=14)
2026-05-18T19:41:22 COLMAP[chunk_03_mapper_initial] I20260518 19:41:22.157655  7100 incremental_pipeline.cc:527] => Image sees 500 / 7085 points
2026-05-18T19:41:23 COLMAP[chunk_03_mapper_initial] I20260518 19:41:22.826387  7100 incremental_pipeline.cc:524] Registering image #78 (num_reg_frames=15)
2026-05-18T19:41:23 COLMAP[chunk_03_mapper_initial] I20260518 19:41:22.826442  7100 incremental_pipeline.cc:527] => Image sees 69 / 4316 points
2026-05-18T19:41:23 COLMAP[chunk_03_mapper_initial] I20260518 19:41:22.832020  7100 incremental_pipeline.cc:550] => Could not register, trying another image.
2026-05-18T19:41:23 COLMAP[chunk_03_mapper_initial] I20260518 19:41:22.832055  7100 incremental_pipeline.cc:524] Registering image #79 (num_reg_frames=15)
2026-05-18T19:41:23 COLMAP[chunk_03_mapper_initial] I20260518 19:41:22.832065  7100 incremental_pipeline.cc:527] => Image sees 44 / 4507 points
2026-05-18T19:41:23 COLMAP[chunk_03_mapper_initial] I20260518 19:41:22.835764  7100 incremental_pipeline.cc:550] => Could not register, trying another image.
2026-05-18T19:41:23 COLMAP[chunk_03_mapper_initial] I20260518 19:41:22.835839  7100 incremental_pipeline.cc:524] Registering image #79 (num_reg_frames=15)
2026-05-18T19:41:23 COLMAP[chunk_03_mapper_initial] I20260518 19:41:22.835858  7100 incremental_pipeline.cc:527] => Image sees 44 / 4507 points
2026-05-18T19:41:23 COLMAP[chunk_03_mapper_initial] I20260518 19:41:22.835870  7100 incremental_pipeline.cc:533] Registering image with structure-less fallback
2026-05-18T19:41:23 COLMAP[chunk_03_mapper_initial] I20260518 19:41:22.835882  7100 incremental_pipeline.cc:535] => Image sees 3881 / 6861 correspondences
2026-05-18T19:41:23 COLMAP[chunk_03_mapper_initial] I20260518 19:41:23.358897  7100 incremental_pipeline.cc:78] Retriangulation and Global bundle adjustment
2026-05-18T19:41:31 COLMAP[chunk_03_mapper_initial] I20260518 19:41:31.542323  7100 incremental_pipeline.cc:524] Registering image #78 (num_reg_frames=16)
2026-05-18T19:41:31 COLMAP[chunk_03_mapper_initial] I20260518 19:41:31.542380  7100 incremental_pipeline.cc:527] => Image sees 59 / 4316 points
2026-05-18T19:41:31 COLMAP[chunk_03_mapper_initial] I20260518 19:41:31.547950  7100 incremental_pipeline.cc:550] => Could not register, trying another image.
2026-05-18T19:41:31 COLMAP[chunk_03_mapper_initial] I20260518 19:41:31.548013  7100 incremental_pipeline.cc:524] Registering image #78 (num_reg_frames=16)
2026-05-18T19:41:31 COLMAP[chunk_03_mapper_initial] I20260518 19:41:31.548024  7100 incremental_pipeline.cc:527] => Image sees 59 / 4316 points
2026-05-18T19:41:31 COLMAP[chunk_03_mapper_initial] I20260518 19:41:31.548036  7100 incremental_pipeline.cc:533] Registering image with structure-less fallback
2026-05-18T19:41:31 COLMAP[chunk_03_mapper_initial] I20260518 19:41:31.548050  7100 incremental_pipeline.cc:535] => Image sees 6040 / 6055 correspondences
2026-05-18T19:41:33 COLMAP[chunk_03_mapper_initial] I20260518 19:41:33.078111  7100 incremental_pipeline.cc:78] Retriangulation and Global bundle adjustment
2026-05-18T19:41:44 COLMAP[chunk_03_mapper_initial] W20260518 19:41:44.303597  7100 levenberg_marquardt_strategy.cc:123] Linear solver failure. Failed to compute a step: Eigen failure. Unable to perform dense Cholesky factorization.
2026-05-18T19:41:44 COLMAP[chunk_03_mapper_initial] W20260518 19:41:44.371400  7100 levenberg_marquardt_strategy.cc:123] Linear solver failure. Failed to compute a step: Eigen failure. Unable to perform dense Cholesky factorization.
2026-05-18T19:41:44 COLMAP[chunk_03_mapper_initial] W20260518 19:41:44.440034  7100 levenberg_marquardt_strategy.cc:123] Linear solver failure. Failed to compute a step: Eigen failure. Unable to perform dense Cholesky factorization.
2026-05-18T19:41:44 COLMAP[chunk_03_mapper_initial] W20260518 19:41:44.465763  7100 levenberg_marquardt_strategy.cc:123] Linear solver failure. Failed to compute a step: Eigen failure. Unable to perform dense Cholesky factorization.
2026-05-18T19:41:44 COLMAP[chunk_03_mapper_initial] W20260518 19:41:44.575002  7100 levenberg_marquardt_strategy.cc:123] Linear solver failure. Failed to compute a step: Eigen failure. Unable to perform dense Cholesky factorization.
2026-05-18T19:41:44 COLMAP[chunk_03_mapper_initial] I20260518 19:41:44.614873  7100 incremental_pipeline.cc:78] Retriangulation and Global bundle adjustment
2026-05-18T19:41:45 COLMAP[chunk_03_mapper_initial] I20260518 19:41:45.194506  7100 incremental_pipeline.cc:710] Keeping successful reconstruction
2026-05-18T19:41:45 COLMAP[chunk_03_mapper_initial] I20260518 19:41:45.228436  7100 incremental_pipeline.cc:377] Finding good initial image pair
2026-05-18T19:41:45 COLMAP[chunk_03_mapper_initial] I20260518 19:41:45.263700  7100 incremental_pipeline.cc:381] => No good initial image pair found.
2026-05-18T19:41:45 COLMAP[chunk_03_mapper_initial] I20260518 19:41:45.263746  7100 incremental_pipeline.cc:684] Discarding reconstruction due to no initial pair
2026-05-18T19:41:45 COLMAP[chunk_03_mapper_initial] I20260518 19:41:45.264622  7100 incremental_pipeline.cc:341] => Relaxing the initialization constraints.
2026-05-18T19:41:45 COLMAP[chunk_03_mapper_initial] I20260518 19:41:45.278970  7100 incremental_pipeline.cc:377] Finding good initial image pair
2026-05-18T19:41:45 COLMAP[chunk_03_mapper_initial] I20260518 19:41:45.314175  7100 incremental_pipeline.cc:381] => No good initial image pair found.
2026-05-18T19:41:45 COLMAP[chunk_03_mapper_initial] I20260518 19:41:45.314217  7100 incremental_pipeline.cc:684] Discarding reconstruction due to no initial pair
2026-05-18T19:41:45 COLMAP[chunk_03_mapper_initial] I20260518 19:41:45.315085  7100 incremental_pipeline.cc:354] => Relaxing the initialization constraints.
2026-05-18T19:41:45 COLMAP[chunk_03_mapper_initial] I20260518 19:41:45.329360  7100 incremental_pipeline.cc:377] Finding good initial image pair
2026-05-18T19:41:45 COLMAP[chunk_03_mapper_initial] I20260518 19:41:45.375959  7100 incremental_pipeline.cc:381] => No good initial image pair found.
2026-05-18T19:41:45 COLMAP[chunk_03_mapper_initial] I20260518 19:41:45.376010  7100 incremental_pipeline.cc:684] Discarding reconstruction due to no initial pair
2026-05-18T19:41:45 COLMAP[chunk_03_mapper_initial] I20260518 19:41:45.376929  7100 incremental_pipeline.cc:341] => Relaxing the initialization constraints.
2026-05-18T19:41:45 COLMAP[chunk_03_mapper_initial] I20260518 19:41:45.391441  7100 incremental_pipeline.cc:377] Finding good initial image pair
2026-05-18T19:41:45 COLMAP[chunk_03_mapper_initial] I20260518 19:41:45.426716  7100 incremental_pipeline.cc:381] => No good initial image pair found.
2026-05-18T19:41:45 COLMAP[chunk_03_mapper_initial] I20260518 19:41:45.426769  7100 incremental_pipeline.cc:684] Discarding reconstruction due to no initial pair
2026-05-18T19:41:45 COLMAP[chunk_03_mapper_initial] I20260518 19:41:45.427698  7100 incremental_pipeline.cc:354] => Relaxing the initialization constraints.
2026-05-18T19:41:45 COLMAP[chunk_03_mapper_initial] I20260518 19:41:45.442207  7100 incremental_pipeline.cc:377] Finding good initial image pair
2026-05-18T19:41:45 COLMAP[chunk_03_mapper_initial] I20260518 19:41:45.477396  7100 incremental_pipeline.cc:381] => No good initial image pair found.
2026-05-18T19:41:45 COLMAP[chunk_03_mapper_initial] I20260518 19:41:45.477437  7100 incremental_pipeline.cc:684] Discarding reconstruction due to no initial pair
2026-05-18T19:41:45 COLMAP[chunk_03_mapper_initial] I20260518 19:41:45.478324  7100 timer.cc:90] Elapsed time: 11.253 [minutes]
2026-05-18T19:41:45 2026-05-18 19:41:45,564 - INFO - [chunk_03_mapper_initial_model_converter_0] colmap model_converter --input_path /tmp/colmap_sfm_rcnmny4o/chunk_03/sparse_initial/0 --output_path /tmp/colmap_sfm_rcnmny4o/text_models/chunk_03_mapper_initial/0 --output_type TXT
2026-05-18T19:41:49 2026-05-18 19:41:49,274 - INFO - chunk_03_mapper_initial model 0 registered 150/188 images and 128159 points
2026-05-18T19:41:49 2026-05-18 19:41:49,274 - INFO - [chunk_03_mapper_initial_model_converter_1] colmap model_converter --input_path /tmp/colmap_sfm_rcnmny4o/chunk_03/sparse_initial/1 --output_path /tmp/colmap_sfm_rcnmny4o/text_models/chunk_03_mapper_initial/1 --output_type TXT
2026-05-18T19:41:50 2026-05-18 19:41:49,887 - INFO - chunk_03_mapper_initial model 1 registered 18/188 images and 17899 points
2026-05-18T19:41:50 2026-05-18 19:41:49,887 - INFO - [chunk_03_mapper_initial_model_converter_2] colmap model_converter --input_path /tmp/colmap_sfm_rcnmny4o/chunk_03/sparse_initial/2 --output_path /tmp/colmap_sfm_rcnmny4o/text_models/chunk_03_mapper_initial/2 --output_type TXT
2026-05-18T19:41:50 2026-05-18 19:41:50,435 - INFO - chunk_03_mapper_initial model 2 registered 17/188 images and 7949 points
2026-05-18T19:41:51 2026-05-18 19:41:50,703 - INFO - Chunk 3 registered 150/188 images (79.79%) with 135/156 core images (86.54%); running targeted boundary recovery. Missing core images: ['DJI_00690.JPG', 'DJI_00691.JPG', 'DJI_00692.JPG', 'DJI_00693.JPG', 'DJI_00694.JPG', 'DJI_00706.JPG', 'DJI_00707.JPG', 'DJI_00708.JPG', 'DJI_00733.JPG', 'DJI_00734.JPG', 'DJI_00735.JPG', 'DJI_00748.JPG', 'DJI_00749.JPG', 'DJI_00750.JPG', 'DJI_00776.JPG', 'DJI_00777.JPG', 'DJI_00778.JPG', 'DJI_00779.JPG', 'DJI_00793.JPG', 'DJI_00794.JPG', 'DJI_00795.JPG']
2026-05-18T19:41:51 2026-05-18 19:41:50,705 - INFO - [chunk_03_spatial_matcher_recovery] colmap spatial_matcher --database_path /tmp/colmap_sfm_rcnmny4o/chunk_03/database.db --FeatureMatching.use_gpu 1 --FeatureMatching.guided_matching 1 --SpatialMatching.ignore_z 0 --SpatialMatching.max_num_neighbors 18 --SpatialMatching.max_distance 300.0
2026-05-18T19:41:51 COLMAP[chunk_03_spatial_matcher_recovery] I20260518 19:41:50.900465  8388 feature_matching.cc:195] === Feature matching & geometric verification ===
2026-05-18T19:41:51 COLMAP[chunk_03_spatial_matcher_recovery] I20260518 19:41:50.977950  8389 feature_matching_utils.cc:80] Bind FeatureMatcherWorker to GPU device 0
2026-05-18T19:41:51 COLMAP[chunk_03_spatial_matcher_recovery] I20260518 19:41:50.977953  8395 feature_matching_utils.cc:80] Bind FeatureMatcherWorker to GPU device 0
2026-05-18T19:41:51 COLMAP[chunk_03_spatial_matcher_recovery] I20260518 19:41:50.978739  8389 sift.cc:1547] Creating SIFT GPU feature matcher
2026-05-18T19:41:51 COLMAP[chunk_03_spatial_matcher_recovery] I20260518 19:41:50.978746  8395 sift.cc:1547] Creating SIFT GPU feature matcher
2026-05-18T19:41:51 COLMAP[chunk_03_spatial_matcher_recovery] I20260518 19:41:50.982452  8388 pairing.cc:560] Generating spatial image pairs...
2026-05-18T19:41:51 COLMAP[chunk_03_spatial_matcher_recovery] I20260518 19:41:50.982481  8388 pairing.cc:565] Indexing images...
2026-05-18T19:41:51 COLMAP[chunk_03_spatial_matcher_recovery] I20260518 19:41:50.984081  8388 pairing.cc:570]  in 0.002s
2026-05-18T19:41:51 COLMAP[chunk_03_spatial_matcher_recovery] I20260518 19:41:50.984112  8388 pairing.cc:584] Building search index...
2026-05-18T19:41:51 COLMAP[chunk_03_spatial_matcher_recovery] I20260518 19:41:50.984133  8388 pairing.cc:589]  in 0.000s
2026-05-18T19:41:51 COLMAP[chunk_03_spatial_matcher_recovery] I20260518 19:41:50.984143  8388 pairing.cc:592] Searching for nearest neighbors...
2026-05-18T19:41:51 COLMAP[chunk_03_spatial_matcher_recovery] I20260518 19:41:50.995687  8388 pairing.cc:608]  in 0.012s
2026-05-18T19:41:51 COLMAP[chunk_03_spatial_matcher_recovery] I20260518 19:41:50.996229  8388 pairing.cc:631] Processing image [1/188]
2026-05-18T19:41:51 COLMAP[chunk_03_spatial_matcher_recovery] I20260518 19:41:51.479383  8388 feature_matching.cc:217] in 0.483s
2026-05-18T19:41:51 COLMAP[chunk_03_spatial_matcher_recovery] I20260518 19:41:51.479439  8388 pairing.cc:631] Processing image [2/188]
2026-05-18T19:41:51 COLMAP[chunk_03_spatial_matcher_recovery] I20260518 19:41:51.528172  8388 feature_matching.cc:217] in 0.049s
2026-05-18T19:41:51 COLMAP[chunk_03_spatial_matcher_recovery] I20260518 19:41:51.528221  8388 pairing.cc:631] Processing image [3/188]
2026-05-18T19:41:51 COLMAP[chunk_03_spatial_matcher_recovery] I20260518 19:41:51.528522  8388 feature_matching.cc:217] in 0.000s
2026-05-18T19:41:51 COLMAP[chunk_03_spatial_matcher_recovery] I20260518 19:41:51.528549  8388 pairing.cc:631] Processing image [4/188]
2026-05-18T19:41:52 COLMAP[chunk_03_spatial_matcher_recovery] I20260518 19:41:52.117842  8388 feature_matching.cc:217] in 0.589s
2026-05-18T19:41:52 COLMAP[chunk_03_spatial_matcher_recovery] I20260518 19:41:52.117893  8388 pairing.cc:631] Processing image [5/188]
2026-05-18T19:41:53 COLMAP[chunk_03_spatial_matcher_recovery] I20260518 19:41:52.721776  8388 feature_matching.cc:217] in 0.604s
2026-05-18T19:41:53 COLMAP[chunk_03_spatial_matcher_recovery] I20260518 19:41:52.721828  8388 pairing.cc:631] Processing image [6/188]
2026-05-18T19:41:53 COLMAP[chunk_03_spatial_matcher_recovery] I20260518 19:41:53.272058  8388 feature_matching.cc:217] in 0.550s
2026-05-18T19:41:53 COLMAP[chunk_03_spatial_matcher_recovery] I20260518 19:41:53.272112  8388 pairing.cc:631] Processing image [7/188]
2026-05-18T19:41:54 COLMAP[chunk_03_spatial_matcher_recovery] I20260518 19:41:53.821345  8388 feature_matching.cc:217] in 0.549s
2026-05-18T19:41:54 COLMAP[chunk_03_spatial_matcher_recovery] I20260518 19:41:53.821399  8388 pairing.cc:631] Processing image [8/188]
2026-05-18T19:41:54 COLMAP[chunk_03_spatial_matcher_recovery] I20260518 19:41:54.409235  8388 feature_matching.cc:217] in 0.588s
2026-05-18T19:41:54 COLMAP[chunk_03_spatial_matcher_recovery] I20260518 19:41:54.409286  8388 pairing.cc:631] Processing image [9/188]
2026-05-18T19:41:55 COLMAP[chunk_03_spatial_matcher_recovery] I20260518 19:41:55.047315  8388 feature_matching.cc:217] in 0.638s
2026-05-18T19:41:55 COLMAP[chunk_03_spatial_matcher_recovery] I20260518 19:41:55.047372  8388 pairing.cc:631] Processing image [10/188]
2026-05-18T19:41:56 COLMAP[chunk_03_spatial_matcher_recovery] I20260518 19:41:55.829126  8388 feature_matching.cc:217] in 0.782s
2026-05-18T19:41:56 COLMAP[chunk_03_spatial_matcher_recovery] I20260518 19:41:55.829178  8388 pairing.cc:631] Processing image [11/188]
2026-05-18T19:41:57 COLMAP[chunk_03_spatial_matcher_recovery] I20260518 19:41:56.807372  8388 feature_matching.cc:217] in 0.978s
2026-05-18T19:41:57 COLMAP[chunk_03_spatial_matcher_recovery] I20260518 19:41:56.807432  8388 pairing.cc:631] Processing image [12/188]
2026-05-18T19:41:58 COLMAP[chunk_03_spatial_matcher_recovery] I20260518 19:41:57.764600  8388 feature_matching.cc:217] in 0.957s
2026-05-18T19:41:58 COLMAP[chunk_03_spatial_matcher_recovery] I20260518 19:41:57.764654  8388 pairing.cc:631] Processing image [13/188]
2026-05-18T19:41:58 COLMAP[chunk_03_spatial_matcher_recovery] I20260518 19:41:58.126904  8388 feature_matching.cc:217] in 0.362s
2026-05-18T19:41:58 COLMAP[chunk_03_spatial_matcher_recovery] I20260518 19:41:58.126960  8388 pairing.cc:631] Processing image [14/188]
2026-05-18T19:41:58 COLMAP[chunk_03_spatial_matcher_recovery] I20260518 19:41:58.436352  8388 feature_matching.cc:217] in 0.309s
2026-05-18T19:41:58 COLMAP[chunk_03_spatial_matcher_recovery] I20260518 19:41:58.436406  8388 pairing.cc:631] Processing image [15/188]
2026-05-18T19:41:59 COLMAP[chunk_03_spatial_matcher_recovery] I20260518 19:41:58.908618  8388 feature_matching.cc:217] in 0.472s
2026-05-18T19:41:59 COLMAP[chunk_03_spatial_matcher_recovery] I20260518 19:41:58.908675  8388 pairing.cc:631] Processing image [16/188]
2026-05-18T19:42:00 COLMAP[chunk_03_spatial_matcher_recovery] I20260518 19:41:59.902390  8388 feature_matching.cc:217] in 0.994s
2026-05-18T19:42:00 COLMAP[chunk_03_spatial_matcher_recovery] I20260518 19:41:59.902446  8388 pairing.cc:631] Processing image [17/188]
2026-05-18T19:42:00 COLMAP[chunk_03_spatial_matcher_recovery] I20260518 19:42:00.388574  8388 feature_matching.cc:217] in 0.486s
2026-05-18T19:42:00 COLMAP[chunk_03_spatial_matcher_recovery] I20260518 19:42:00.388631  8388 pairing.cc:631] Processing image [18/188]
2026-05-18T19:42:01 COLMAP[chunk_03_spatial_matcher_recovery] I20260518 19:42:00.792742  8388 feature_matching.cc:217] in 0.404s
2026-05-18T19:42:01 COLMAP[chunk_03_spatial_matcher_recovery] I20260518 19:42:00.792797  8388 pairing.cc:631] Processing image [19/188]
2026-05-18T19:42:01 COLMAP[chunk_03_spatial_matcher_recovery] I20260518 19:42:01.243846  8388 feature_matching.cc:217] in 0.451s
2026-05-18T19:42:01 COLMAP[chunk_03_spatial_matcher_recovery] I20260518 19:42:01.243897  8388 pairing.cc:631] Processing image [20/188]
2026-05-18T19:42:02 COLMAP[chunk_03_spatial_matcher_recovery] I20260518 19:42:01.675597  8388 feature_matching.cc:217] in 0.432s
2026-05-18T19:42:02 COLMAP[chunk_03_spatial_matcher_recovery] I20260518 19:42:01.675655  8388 pairing.cc:631] Processing image [21/188]
2026-05-18T19:42:02 COLMAP[chunk_03_spatial_matcher_recovery] I20260518 19:42:02.040380  8388 feature_matching.cc:217] in 0.365s
2026-05-18T19:42:02 COLMAP[chunk_03_spatial_matcher_recovery] I20260518 19:42:02.040433  8388 pairing.cc:631] Processing image [22/188]
2026-05-18T19:42:02 COLMAP[chunk_03_spatial_matcher_recovery] I20260518 19:42:02.398483  8388 feature_matching.cc:217] in 0.358s
2026-05-18T19:42:02 COLMAP[chunk_03_spatial_matcher_recovery] I20260518 19:42:02.398537  8388 pairing.cc:631] Processing image [23/188]
2026-05-18T19:42:03 COLMAP[chunk_03_spatial_matcher_recovery] I20260518 19:42:02.761699  8388 feature_matching.cc:217] in 0.363s
2026-05-18T19:42:03 COLMAP[chunk_03_spatial_matcher_recovery] I20260518 19:42:02.761767  8388 pairing.cc:631] Processing image [24/188]
2026-05-18T19:42:03 COLMAP[chunk_03_spatial_matcher_recovery] I20260518 19:42:03.207618  8388 feature_matching.cc:217] in 0.446s
2026-05-18T19:42:03 COLMAP[chunk_03_spatial_matcher_recovery] I20260518 19:42:03.207674  8388 pairing.cc:631] Processing image [25/188]
2026-05-18T19:42:04 COLMAP[chunk_03_spatial_matcher_recovery] I20260518 19:42:03.708876  8388 feature_matching.cc:217] in 0.501s
2026-05-18T19:42:04 COLMAP[chunk_03_spatial_matcher_recovery] I20260518 19:42:03.708935  8388 pairing.cc:631] Processing image [26/188]
2026-05-18T19:42:04 COLMAP[chunk_03_spatial_matcher_recovery] I20260518 19:42:04.104270  8388 feature_matching.cc:217] in 0.395s
2026-05-18T19:42:04 COLMAP[chunk_03_spatial_matcher_recovery] I20260518 19:42:04.104326  8388 pairing.cc:631] Processing image [27/188]
2026-05-18T19:42:04 COLMAP[chunk_03_spatial_matcher_recovery] I20260518 19:42:04.499472  8388 feature_matching.cc:217] in 0.395s
2026-05-18T19:42:04 COLMAP[chunk_03_spatial_matcher_recovery] I20260518 19:42:04.499527  8388 pairing.cc:631] Processing image [28/188]
2026-05-18T19:42:05 COLMAP[chunk_03_spatial_matcher_recovery] I20260518 19:42:04.887853  8388 feature_matching.cc:217] in 0.388s
2026-05-18T19:42:05 COLMAP[chunk_03_spatial_matcher_recovery] I20260518 19:42:04.887902  8388 pairing.cc:631] Processing image [29/188]
2026-05-18T19:42:05 COLMAP[chunk_03_spatial_matcher_recovery] I20260518 19:42:05.437647  8388 feature_matching.cc:217] in 0.550s
2026-05-18T19:42:05 COLMAP[chunk_03_spatial_matcher_recovery] I20260518 19:42:05.437717  8388 pairing.cc:631] Processing image [30/188]
2026-05-18T19:42:06 COLMAP[chunk_03_spatial_matcher_recovery] I20260518 19:42:05.959733  8388 feature_matching.cc:217] in 0.522s
2026-05-18T19:42:06 COLMAP[chunk_03_spatial_matcher_recovery] I20260518 19:42:05.959787  8388 pairing.cc:631] Processing image [31/188]
2026-05-18T19:42:06 COLMAP[chunk_03_spatial_matcher_recovery] I20260518 19:42:06.346745  8388 feature_matching.cc:217] in 0.387s
2026-05-18T19:42:06 COLMAP[chunk_03_spatial_matcher_recovery] I20260518 19:42:06.346797  8388 pairing.cc:631] Processing image [32/188]
2026-05-18T19:42:07 COLMAP[chunk_03_spatial_matcher_recovery] I20260518 19:42:06.739552  8388 feature_matching.cc:217] in 0.393s
2026-05-18T19:42:07 COLMAP[chunk_03_spatial_matcher_recovery] I20260518 19:42:06.739598  8388 pairing.cc:631] Processing image [33/188]
2026-05-18T19:42:07 COLMAP[chunk_03_spatial_matcher_recovery] I20260518 19:42:07.089850  8388 feature_matching.cc:217] in 0.350s
2026-05-18T19:42:07 COLMAP[chunk_03_spatial_matcher_recovery] I20260518 19:42:07.089902  8388 pairing.cc:631] Processing image [34/188]
2026-05-18T19:42:07 COLMAP[chunk_03_spatial_matcher_recovery] I20260518 19:42:07.484709  8388 feature_matching.cc:217] in 0.395s
2026-05-18T19:42:07 COLMAP[chunk_03_spatial_matcher_recovery] I20260518 19:42:07.484762  8388 pairing.cc:631] Processing image [35/188]
2026-05-18T19:42:08 COLMAP[chunk_03_spatial_matcher_recovery] I20260518 19:42:07.882189  8388 feature_matching.cc:217] in 0.397s
2026-05-18T19:42:08 COLMAP[chunk_03_spatial_matcher_recovery] I20260518 19:42:07.882241  8388 pairing.cc:631] Processing image [36/188]
2026-05-18T19:42:09 COLMAP[chunk_03_spatial_matcher_recovery] I20260518 19:42:08.812623  8388 feature_matching.cc:217] in 0.930s
2026-05-18T19:42:09 COLMAP[chunk_03_spatial_matcher_recovery] I20260518 19:42:08.812678  8388 pairing.cc:631] Processing image [37/188]
2026-05-18T19:42:10 COLMAP[chunk_03_spatial_matcher_recovery] I20260518 19:42:09.735924  8388 feature_matching.cc:217] in 0.923s
2026-05-18T19:42:10 COLMAP[chunk_03_spatial_matcher_recovery] I20260518 19:42:09.735983  8388 pairing.cc:631] Processing image [38/188]
2026-05-18T19:42:11 COLMAP[chunk_03_spatial_matcher_recovery] I20260518 19:42:10.696915  8388 feature_matching.cc:217] in 0.961s
2026-05-18T19:42:11 COLMAP[chunk_03_spatial_matcher_recovery] I20260518 19:42:10.696969  8388 pairing.cc:631] Processing image [39/188]
2026-05-18T19:42:11 COLMAP[chunk_03_spatial_matcher_recovery] I20260518 19:42:11.634521  8388 feature_matching.cc:217] in 0.938s
2026-05-18T19:42:11 COLMAP[chunk_03_spatial_matcher_recovery] I20260518 19:42:11.634577  8388 pairing.cc:631] Processing image [40/188]
2026-05-18T19:42:12 COLMAP[chunk_03_spatial_matcher_recovery] I20260518 19:42:12.578191  8388 feature_matching.cc:217] in 0.944s
2026-05-18T19:42:12 COLMAP[chunk_03_spatial_matcher_recovery] I20260518 19:42:12.578243  8388 pairing.cc:631] Processing image [41/188]
2026-05-18T19:42:13 COLMAP[chunk_03_spatial_matcher_recovery] I20260518 19:42:13.459949  8388 feature_matching.cc:217] in 0.882s
2026-05-18T19:42:13 COLMAP[chunk_03_spatial_matcher_recovery] I20260518 19:42:13.460000  8388 pairing.cc:631] Processing image [42/188]
2026-05-18T19:42:14 COLMAP[chunk_03_spatial_matcher_recovery] I20260518 19:42:14.423812  8388 feature_matching.cc:217] in 0.964s
2026-05-18T19:42:14 COLMAP[chunk_03_spatial_matcher_recovery] I20260518 19:42:14.423866  8388 pairing.cc:631] Processing image [43/188]
2026-05-18T19:42:15 COLMAP[chunk_03_spatial_matcher_recovery] I20260518 19:42:15.148646  8388 feature_matching.cc:217] in 0.725s
2026-05-18T19:42:15 COLMAP[chunk_03_spatial_matcher_recovery] I20260518 19:42:15.148698  8388 pairing.cc:631] Processing image [44/188]
2026-05-18T19:42:16 COLMAP[chunk_03_spatial_matcher_recovery] I20260518 19:42:15.814417  8388 feature_matching.cc:217] in 0.666s
2026-05-18T19:42:16 COLMAP[chunk_03_spatial_matcher_recovery] I20260518 19:42:15.814468  8388 pairing.cc:631] Processing image [45/188]
2026-05-18T19:42:16 COLMAP[chunk_03_spatial_matcher_recovery] I20260518 19:42:16.466001  8388 feature_matching.cc:217] in 0.652s
2026-05-18T19:42:16 COLMAP[chunk_03_spatial_matcher_recovery] I20260518 19:42:16.466054  8388 pairing.cc:631] Processing image [46/188]
2026-05-18T19:42:17 COLMAP[chunk_03_spatial_matcher_recovery] I20260518 19:42:16.870458  8388 feature_matching.cc:217] in 0.404s
2026-05-18T19:42:17 COLMAP[chunk_03_spatial_matcher_recovery] I20260518 19:42:16.870515  8388 pairing.cc:631] Processing image [47/188]
2026-05-18T19:42:17 COLMAP[chunk_03_spatial_matcher_recovery] I20260518 19:42:16.870724  8388 feature_matching.cc:217] in 0.000s
2026-05-18T19:42:17 COLMAP[chunk_03_spatial_matcher_recovery] I20260518 19:42:16.870744  8388 pairing.cc:631] Processing image [48/188]
2026-05-18T19:42:17 COLMAP[chunk_03_spatial_matcher_recovery] I20260518 19:42:16.870970  8388 feature_matching.cc:217] in 0.000s
2026-05-18T19:42:17 COLMAP[chunk_03_spatial_matcher_recovery] I20260518 19:42:16.870990  8388 pairing.cc:631] Processing image [49/188]
2026-05-18T19:42:17 COLMAP[chunk_03_spatial_matcher_recovery] I20260518 19:42:16.871215  8388 feature_matching.cc:217] in 0.000s
2026-05-18T19:42:17 COLMAP[chunk_03_spatial_matcher_recovery] I20260518 19:42:16.871237  8388 pairing.cc:631] Processing image [50/188]
2026-05-18T19:42:17 COLMAP[chunk_03_spatial_matcher_recovery] I20260518 19:42:17.228816  8388 feature_matching.cc:217] in 0.358s
2026-05-18T19:42:17 COLMAP[chunk_03_spatial_matcher_recovery] I20260518 19:42:17.228870  8388 pairing.cc:631] Processing image [51/188]
2026-05-18T19:42:17 COLMAP[chunk_03_spatial_matcher_recovery] I20260518 19:42:17.229082  8388 feature_matching.cc:217] in 0.000s
2026-05-18T19:42:17 COLMAP[chunk_03_spatial_matcher_recovery] I20260518 19:42:17.229102  8388 pairing.cc:631] Processing image [52/188]
2026-05-18T19:42:18 COLMAP[chunk_03_spatial_matcher_recovery] I20260518 19:42:17.934827  8388 feature_matching.cc:217] in 0.706s
2026-05-18T19:42:18 COLMAP[chunk_03_spatial_matcher_recovery] I20260518 19:42:17.934877  8388 pairing.cc:631] Processing image [53/188]
2026-05-18T19:42:18 COLMAP[chunk_03_spatial_matcher_recovery] I20260518 19:42:18.606570  8388 feature_matching.cc:217] in 0.672s
2026-05-18T19:42:18 COLMAP[chunk_03_spatial_matcher_recovery] I20260518 19:42:18.606623  8388 pairing.cc:631] Processing image [54/188]
2026-05-18T19:42:19 COLMAP[chunk_03_spatial_matcher_recovery] I20260518 19:42:19.554790  8388 feature_matching.cc:217] in 0.948s
2026-05-18T19:42:19 COLMAP[chunk_03_spatial_matcher_recovery] I20260518 19:42:19.554836  8388 pairing.cc:631] Processing image [55/188]
2026-05-18T19:42:20 COLMAP[chunk_03_spatial_matcher_recovery] I20260518 19:42:20.515373  8388 feature_matching.cc:217] in 0.961s
2026-05-18T19:42:20 COLMAP[chunk_03_spatial_matcher_recovery] I20260518 19:42:20.515427  8388 pairing.cc:631] Processing image [56/188]
2026-05-18T19:42:21 COLMAP[chunk_03_spatial_matcher_recovery] I20260518 19:42:21.073936  8388 feature_matching.cc:217] in 0.559s
2026-05-18T19:42:21 COLMAP[chunk_03_spatial_matcher_recovery] I20260518 19:42:21.073997  8388 pairing.cc:631] Processing image [57/188]
2026-05-18T19:42:22 COLMAP[chunk_03_spatial_matcher_recovery] I20260518 19:42:21.702883  8388 feature_matching.cc:217] in 0.629s
2026-05-18T19:42:22 COLMAP[chunk_03_spatial_matcher_recovery] I20260518 19:42:21.702941  8388 pairing.cc:631] Processing image [58/188]
2026-05-18T19:42:22 COLMAP[chunk_03_spatial_matcher_recovery] I20260518 19:42:22.092994  8388 feature_matching.cc:217] in 0.390s
2026-05-18T19:42:22 COLMAP[chunk_03_spatial_matcher_recovery] I20260518 19:42:22.093050  8388 pairing.cc:631] Processing image [59/188]
2026-05-18T19:42:22 COLMAP[chunk_03_spatial_matcher_recovery] I20260518 19:42:22.635373  8388 feature_matching.cc:217] in 0.542s
2026-05-18T19:42:22 COLMAP[chunk_03_spatial_matcher_recovery] I20260518 19:42:22.635430  8388 pairing.cc:631] Processing image [60/188]
2026-05-18T19:42:23 COLMAP[chunk_03_spatial_matcher_recovery] I20260518 19:42:22.727447  8388 feature_matching.cc:217] in 0.092s
2026-05-18T19:42:23 COLMAP[chunk_03_spatial_matcher_recovery] I20260518 19:42:22.727507  8388 pairing.cc:631] Processing image [61/188]
2026-05-18T19:42:23 COLMAP[chunk_03_spatial_matcher_recovery] I20260518 19:42:22.797777  8388 feature_matching.cc:217] in 0.070s
2026-05-18T19:42:23 COLMAP[chunk_03_spatial_matcher_recovery] I20260518 19:42:22.797837  8388 pairing.cc:631] Processing image [62/188]
2026-05-18T19:42:23 COLMAP[chunk_03_spatial_matcher_recovery] I20260518 19:42:22.941296  8388 feature_matching.cc:217] in 0.143s
2026-05-18T19:42:23 COLMAP[chunk_03_spatial_matcher_recovery] I20260518 19:42:22.941349  8388 pairing.cc:631] Processing image [63/188]
2026-05-18T19:42:23 COLMAP[chunk_03_spatial_matcher_recovery] I20260518 19:42:23.137291  8388 feature_matching.cc:217] in 0.196s
2026-05-18T19:42:23 COLMAP[chunk_03_spatial_matcher_recovery] I20260518 19:42:23.137346  8388 pairing.cc:631] Processing image [64/188]
2026-05-18T19:42:23 COLMAP[chunk_03_spatial_matcher_recovery] I20260518 19:42:23.355484  8388 feature_matching.cc:217] in 0.218s
2026-05-18T19:42:23 COLMAP[chunk_03_spatial_matcher_recovery] I20260518 19:42:23.355540  8388 pairing.cc:631] Processing image [65/188]
2026-05-18T19:42:23 COLMAP[chunk_03_spatial_matcher_recovery] I20260518 19:42:23.558179  8388 feature_matching.cc:217] in 0.203s
2026-05-18T19:42:23 COLMAP[chunk_03_spatial_matcher_recovery] I20260518 19:42:23.558236  8388 pairing.cc:631] Processing image [66/188]
2026-05-18T19:42:24 COLMAP[chunk_03_spatial_matcher_recovery] I20260518 19:42:23.759557  8388 feature_matching.cc:217] in 0.201s
2026-05-18T19:42:24 COLMAP[chunk_03_spatial_matcher_recovery] I20260518 19:42:23.759613  8388 pairing.cc:631] Processing image [67/188]
2026-05-18T19:42:24 COLMAP[chunk_03_spatial_matcher_recovery] I20260518 19:42:23.857151  8388 feature_matching.cc:217] in 0.098s
2026-05-18T19:42:24 COLMAP[chunk_03_spatial_matcher_recovery] I20260518 19:42:23.857209  8388 pairing.cc:631] Processing image [68/188]
2026-05-18T19:42:24 COLMAP[chunk_03_spatial_matcher_recovery] I20260518 19:42:23.958953  8388 feature_matching.cc:217] in 0.102s
2026-05-18T19:42:24 COLMAP[chunk_03_spatial_matcher_recovery] I20260518 19:42:23.959010  8388 pairing.cc:631] Processing image [69/188]
2026-05-18T19:42:24 COLMAP[chunk_03_spatial_matcher_recovery] I20260518 19:42:24.138631  8388 feature_matching.cc:217] in 0.180s
2026-05-18T19:42:24 COLMAP[chunk_03_spatial_matcher_recovery] I20260518 19:42:24.138689  8388 pairing.cc:631] Processing image [70/188]
2026-05-18T19:42:24 COLMAP[chunk_03_spatial_matcher_recovery] I20260518 19:42:24.220954  8388 feature_matching.cc:217] in 0.082s
2026-05-18T19:42:24 COLMAP[chunk_03_spatial_matcher_recovery] I20260518 19:42:24.221009  8388 pairing.cc:631] Processing image [71/188]
2026-05-18T19:42:24 COLMAP[chunk_03_spatial_matcher_recovery] I20260518 19:42:24.279896  8388 feature_matching.cc:217] in 0.059s
2026-05-18T19:42:24 COLMAP[chunk_03_spatial_matcher_recovery] I20260518 19:42:24.279948  8388 pairing.cc:631] Processing image [72/188]
2026-05-18T19:42:24 COLMAP[chunk_03_spatial_matcher_recovery] I20260518 19:42:24.357328  8388 feature_matching.cc:217] in 0.077s
2026-05-18T19:42:24 COLMAP[chunk_03_spatial_matcher_recovery] I20260518 19:42:24.357381  8388 pairing.cc:631] Processing image [73/188]
2026-05-18T19:42:25 COLMAP[chunk_03_spatial_matcher_recovery] I20260518 19:42:24.712419  8388 feature_matching.cc:217] in 0.355s
2026-05-18T19:42:25 COLMAP[chunk_03_spatial_matcher_recovery] I20260518 19:42:24.712473  8388 pairing.cc:631] Processing image [74/188]
2026-05-18T19:42:25 COLMAP[chunk_03_spatial_matcher_recovery] I20260518 19:42:25.067751  8388 feature_matching.cc:217] in 0.355s
2026-05-18T19:42:25 COLMAP[chunk_03_spatial_matcher_recovery] I20260518 19:42:25.067811  8388 pairing.cc:631] Processing image [75/188]
2026-05-18T19:42:25 COLMAP[chunk_03_spatial_matcher_recovery] I20260518 19:42:25.274264  8388 feature_matching.cc:217] in 0.206s
2026-05-18T19:42:25 COLMAP[chunk_03_spatial_matcher_recovery] I20260518 19:42:25.274318  8388 pairing.cc:631] Processing image [76/188]
2026-05-18T19:42:26 COLMAP[chunk_03_spatial_matcher_recovery] I20260518 19:42:25.753490  8388 feature_matching.cc:217] in 0.479s
2026-05-18T19:42:26 COLMAP[chunk_03_spatial_matcher_recovery] I20260518 19:42:25.753544  8388 pairing.cc:631] Processing image [77/188]
2026-05-18T19:42:26 COLMAP[chunk_03_spatial_matcher_recovery] I20260518 19:42:26.137089  8388 feature_matching.cc:217] in 0.384s
2026-05-18T19:42:26 COLMAP[chunk_03_spatial_matcher_recovery] I20260518 19:42:26.137142  8388 pairing.cc:631] Processing image [78/188]
2026-05-18T19:42:26 COLMAP[chunk_03_spatial_matcher_recovery] I20260518 19:42:26.492380  8388 feature_matching.cc:217] in 0.355s
2026-05-18T19:42:26 COLMAP[chunk_03_spatial_matcher_recovery] I20260518 19:42:26.492436  8388 pairing.cc:631] Processing image [79/188]
2026-05-18T19:42:27 COLMAP[chunk_03_spatial_matcher_recovery] I20260518 19:42:26.859511  8388 feature_matching.cc:217] in 0.367s
2026-05-18T19:42:27 COLMAP[chunk_03_spatial_matcher_recovery] I20260518 19:42:26.859566  8388 pairing.cc:631] Processing image [80/188]
2026-05-18T19:42:27 COLMAP[chunk_03_spatial_matcher_recovery] I20260518 19:42:27.237850  8388 feature_matching.cc:217] in 0.378s
2026-05-18T19:42:27 COLMAP[chunk_03_spatial_matcher_recovery] I20260518 19:42:27.237905  8388 pairing.cc:631] Processing image [81/188]
2026-05-18T19:42:28 COLMAP[chunk_03_spatial_matcher_recovery] I20260518 19:42:27.787979  8388 feature_matching.cc:217] in 0.550s
2026-05-18T19:42:28 COLMAP[chunk_03_spatial_matcher_recovery] I20260518 19:42:27.788033  8388 pairing.cc:631] Processing image [82/188]
2026-05-18T19:42:28 COLMAP[chunk_03_spatial_matcher_recovery] I20260518 19:42:28.617339  8388 feature_matching.cc:217] in 0.829s
2026-05-18T19:42:28 COLMAP[chunk_03_spatial_matcher_recovery] I20260518 19:42:28.617398  8388 pairing.cc:631] Processing image [83/188]
2026-05-18T19:42:29 COLMAP[chunk_03_spatial_matcher_recovery] I20260518 19:42:28.890677  8388 feature_matching.cc:217] in 0.273s
2026-05-18T19:42:29 COLMAP[chunk_03_spatial_matcher_recovery] I20260518 19:42:28.890733  8388 pairing.cc:631] Processing image [84/188]
2026-05-18T19:42:29 COLMAP[chunk_03_spatial_matcher_recovery] I20260518 19:42:29.248351  8388 feature_matching.cc:217] in 0.358s
2026-05-18T19:42:29 COLMAP[chunk_03_spatial_matcher_recovery] I20260518 19:42:29.248407  8388 pairing.cc:631] Processing image [85/188]
2026-05-18T19:42:29 COLMAP[chunk_03_spatial_matcher_recovery] I20260518 19:42:29.248603  8388 feature_matching.cc:217] in 0.000s
2026-05-18T19:42:29 COLMAP[chunk_03_spatial_matcher_recovery] I20260518 19:42:29.248628  8388 pairing.cc:631] Processing image [86/188]
2026-05-18T19:42:29 COLMAP[chunk_03_spatial_matcher_recovery] I20260518 19:42:29.595567  8388 feature_matching.cc:217] in 0.347s
2026-05-18T19:42:29 COLMAP[chunk_03_spatial_matcher_recovery] I20260518 19:42:29.595623  8388 pairing.cc:631] Processing image [87/188]
2026-05-18T19:42:30 COLMAP[chunk_03_spatial_matcher_recovery] I20260518 19:42:29.947031  8388 feature_matching.cc:217] in 0.351s
2026-05-18T19:42:30 COLMAP[chunk_03_spatial_matcher_recovery] I20260518 19:42:29.947084  8388 pairing.cc:631] Processing image [88/188]
2026-05-18T19:42:30 COLMAP[chunk_03_spatial_matcher_recovery] I20260518 19:42:30.461572  8388 feature_matching.cc:217] in 0.515s
2026-05-18T19:42:30 COLMAP[chunk_03_spatial_matcher_recovery] I20260518 19:42:30.461627  8388 pairing.cc:631] Processing image [89/188]
2026-05-18T19:42:31 COLMAP[chunk_03_spatial_matcher_recovery] I20260518 19:42:31.048501  8388 feature_matching.cc:217] in 0.587s
2026-05-18T19:42:31 COLMAP[chunk_03_spatial_matcher_recovery] I20260518 19:42:31.048556  8388 pairing.cc:631] Processing image [90/188]
2026-05-18T19:42:31 COLMAP[chunk_03_spatial_matcher_recovery] I20260518 19:42:31.482491  8388 feature_matching.cc:217] in 0.434s
2026-05-18T19:42:31 COLMAP[chunk_03_spatial_matcher_recovery] I20260518 19:42:31.482546  8388 pairing.cc:631] Processing image [91/188]
2026-05-18T19:42:32 COLMAP[chunk_03_spatial_matcher_recovery] I20260518 19:42:32.041750  8388 feature_matching.cc:217] in 0.559s
2026-05-18T19:42:32 COLMAP[chunk_03_spatial_matcher_recovery] I20260518 19:42:32.041805  8388 pairing.cc:631] Processing image [92/188]
2026-05-18T19:42:32 COLMAP[chunk_03_spatial_matcher_recovery] I20260518 19:42:32.441740  8388 feature_matching.cc:217] in 0.400s
2026-05-18T19:42:32 COLMAP[chunk_03_spatial_matcher_recovery] I20260518 19:42:32.441794  8388 pairing.cc:631] Processing image [93/188]
2026-05-18T19:42:32 COLMAP[chunk_03_spatial_matcher_recovery] I20260518 19:42:32.442042  8388 feature_matching.cc:217] in 0.000s
2026-05-18T19:42:32 COLMAP[chunk_03_spatial_matcher_recovery] I20260518 19:42:32.442066  8388 pairing.cc:631] Processing image [94/188]
2026-05-18T19:42:32 COLMAP[chunk_03_spatial_matcher_recovery] I20260518 19:42:32.652635  8388 feature_matching.cc:217] in 0.211s
2026-05-18T19:42:32 COLMAP[chunk_03_spatial_matcher_recovery] I20260518 19:42:32.652688  8388 pairing.cc:631] Processing image [95/188]
2026-05-18T19:42:33 COLMAP[chunk_03_spatial_matcher_recovery] I20260518 19:42:32.741777  8388 feature_matching.cc:217] in 0.089s
2026-05-18T19:42:33 COLMAP[chunk_03_spatial_matcher_recovery] I20260518 19:42:32.741822  8388 pairing.cc:631] Processing image [96/188]
2026-05-18T19:42:33 COLMAP[chunk_03_spatial_matcher_recovery] I20260518 19:42:32.742025  8388 feature_matching.cc:217] in 0.000s
2026-05-18T19:42:33 COLMAP[chunk_03_spatial_matcher_recovery] I20260518 19:42:32.742048  8388 pairing.cc:631] Processing image [97/188]
2026-05-18T19:42:33 COLMAP[chunk_03_spatial_matcher_recovery] I20260518 19:42:32.742265  8388 feature_matching.cc:217] in 0.000s
2026-05-18T19:42:33 COLMAP[chunk_03_spatial_matcher_recovery] I20260518 19:42:32.742287  8388 pairing.cc:631] Processing image [98/188]
2026-05-18T19:42:33 COLMAP[chunk_03_spatial_matcher_recovery] I20260518 19:42:33.106638  8388 feature_matching.cc:217] in 0.364s
2026-05-18T19:42:33 COLMAP[chunk_03_spatial_matcher_recovery] I20260518 19:42:33.106693  8388 pairing.cc:631] Processing image [99/188]
2026-05-18T19:42:33 COLMAP[chunk_03_spatial_matcher_recovery] I20260518 19:42:33.196887  8388 feature_matching.cc:217] in 0.090s
2026-05-18T19:42:33 COLMAP[chunk_03_spatial_matcher_recovery] I20260518 19:42:33.196939  8388 pairing.cc:631] Processing image [100/188]
2026-05-18T19:42:33 COLMAP[chunk_03_spatial_matcher_recovery] I20260518 19:42:33.600991  8388 feature_matching.cc:217] in 0.404s
2026-05-18T19:42:33 COLMAP[chunk_03_spatial_matcher_recovery] I20260518 19:42:33.601048  8388 pairing.cc:631] Processing image [101/188]
2026-05-18T19:42:34 COLMAP[chunk_03_spatial_matcher_recovery] I20260518 19:42:33.663300  8388 feature_matching.cc:217] in 0.062s
2026-05-18T19:42:34 COLMAP[chunk_03_spatial_matcher_recovery] I20260518 19:42:33.663355  8388 pairing.cc:631] Processing image [102/188]
2026-05-18T19:42:34 COLMAP[chunk_03_spatial_matcher_recovery] I20260518 19:42:33.856019  8388 feature_matching.cc:217] in 0.193s
2026-05-18T19:42:34 COLMAP[chunk_03_spatial_matcher_recovery] I20260518 19:42:33.856070  8388 pairing.cc:631] Processing image [103/188]
2026-05-18T19:42:34 COLMAP[chunk_03_spatial_matcher_recovery] I20260518 19:42:33.856288  8388 feature_matching.cc:217] in 0.000s
2026-05-18T19:42:34 COLMAP[chunk_03_spatial_matcher_recovery] I20260518 19:42:33.856312  8388 pairing.cc:631] Processing image [104/188]
2026-05-18T19:42:34 COLMAP[chunk_03_spatial_matcher_recovery] I20260518 19:42:33.856526  8388 feature_matching.cc:217] in 0.000s
2026-05-18T19:42:34 COLMAP[chunk_03_spatial_matcher_recovery] I20260518 19:42:33.856550  8388 pairing.cc:631] Processing image [105/188]
2026-05-18T19:42:34 COLMAP[chunk_03_spatial_matcher_recovery] I20260518 19:42:33.876446  8388 feature_matching.cc:217] in 0.020s
2026-05-18T19:42:34 COLMAP[chunk_03_spatial_matcher_recovery] I20260518 19:42:33.876489  8388 pairing.cc:631] Processing image [106/188]
2026-05-18T19:42:34 COLMAP[chunk_03_spatial_matcher_recovery] I20260518 19:42:34.452440  8388 feature_matching.cc:217] in 0.576s
2026-05-18T19:42:34 COLMAP[chunk_03_spatial_matcher_recovery] I20260518 19:42:34.452493  8388 pairing.cc:631] Processing image [107/188]
2026-05-18T19:42:35 COLMAP[chunk_03_spatial_matcher_recovery] I20260518 19:42:35.068719  8388 feature_matching.cc:217] in 0.616s
2026-05-18T19:42:35 COLMAP[chunk_03_spatial_matcher_recovery] I20260518 19:42:35.068773  8388 pairing.cc:631] Processing image [108/188]
2026-05-18T19:42:35 COLMAP[chunk_03_spatial_matcher_recovery] I20260518 19:42:35.578519  8388 feature_matching.cc:217] in 0.510s
2026-05-18T19:42:35 COLMAP[chunk_03_spatial_matcher_recovery] I20260518 19:42:35.578572  8388 pairing.cc:631] Processing image [109/188]
2026-05-18T19:42:36 COLMAP[chunk_03_spatial_matcher_recovery] I20260518 19:42:36.019488  8388 feature_matching.cc:217] in 0.441s
2026-05-18T19:42:36 COLMAP[chunk_03_spatial_matcher_recovery] I20260518 19:42:36.019541  8388 pairing.cc:631] Processing image [110/188]
2026-05-18T19:42:36 COLMAP[chunk_03_spatial_matcher_recovery] I20260518 19:42:36.552253  8388 feature_matching.cc:217] in 0.533s
2026-05-18T19:42:36 COLMAP[chunk_03_spatial_matcher_recovery] I20260518 19:42:36.552309  8388 pairing.cc:631] Processing image [111/188]
2026-05-18T19:42:37 COLMAP[chunk_03_spatial_matcher_recovery] I20260518 19:42:36.710831  8388 feature_matching.cc:217] in 0.159s
2026-05-18T19:42:37 COLMAP[chunk_03_spatial_matcher_recovery] I20260518 19:42:36.710884  8388 pairing.cc:631] Processing image [112/188]
2026-05-18T19:42:37 COLMAP[chunk_03_spatial_matcher_recovery] I20260518 19:42:37.218607  8388 feature_matching.cc:217] in 0.508s
2026-05-18T19:42:37 COLMAP[chunk_03_spatial_matcher_recovery] I20260518 19:42:37.218662  8388 pairing.cc:631] Processing image [113/188]
2026-05-18T19:42:37 COLMAP[chunk_03_spatial_matcher_recovery] I20260518 19:42:37.276997  8388 feature_matching.cc:217] in 0.058s
2026-05-18T19:42:37 COLMAP[chunk_03_spatial_matcher_recovery] I20260518 19:42:37.277050  8388 pairing.cc:631] Processing image [114/188]
2026-05-18T19:42:37 COLMAP[chunk_03_spatial_matcher_recovery] I20260518 19:42:37.311200  8388 feature_matching.cc:217] in 0.034s
2026-05-18T19:42:37 COLMAP[chunk_03_spatial_matcher_recovery] I20260518 19:42:37.311269  8388 pairing.cc:631] Processing image [115/188]
2026-05-18T19:42:37 COLMAP[chunk_03_spatial_matcher_recovery] I20260518 19:42:37.311532  8388 feature_matching.cc:217] in 0.000s
2026-05-18T19:42:37 COLMAP[chunk_03_spatial_matcher_recovery] I20260518 19:42:37.311563  8388 pairing.cc:631] Processing image [116/188]
2026-05-18T19:42:37 COLMAP[chunk_03_spatial_matcher_recovery] I20260518 19:42:37.370388  8388 feature_matching.cc:217] in 0.059s
2026-05-18T19:42:37 COLMAP[chunk_03_spatial_matcher_recovery] I20260518 19:42:37.370445  8388 pairing.cc:631] Processing image [117/188]
2026-05-18T19:42:38 COLMAP[chunk_03_spatial_matcher_recovery] I20260518 19:42:37.874634  8388 feature_matching.cc:217] in 0.504s
2026-05-18T19:42:38 COLMAP[chunk_03_spatial_matcher_recovery] I20260518 19:42:37.874689  8388 pairing.cc:631] Processing image [118/188]
2026-05-18T19:42:38 COLMAP[chunk_03_spatial_matcher_recovery] I20260518 19:42:37.915118  8388 feature_matching.cc:217] in 0.040s
2026-05-18T19:42:38 COLMAP[chunk_03_spatial_matcher_recovery] I20260518 19:42:37.915167  8388 pairing.cc:631] Processing image [119/188]
2026-05-18T19:42:38 COLMAP[chunk_03_spatial_matcher_recovery] I20260518 19:42:38.250119  8388 feature_matching.cc:217] in 0.335s
2026-05-18T19:42:38 COLMAP[chunk_03_spatial_matcher_recovery] I20260518 19:42:38.250171  8388 pairing.cc:631] Processing image [120/188]
2026-05-18T19:42:39 COLMAP[chunk_03_spatial_matcher_recovery] I20260518 19:42:38.691890  8388 feature_matching.cc:217] in 0.442s
2026-05-18T19:42:39 COLMAP[chunk_03_spatial_matcher_recovery] I20260518 19:42:38.691946  8388 pairing.cc:631] Processing image [121/188]
2026-05-18T19:42:39 COLMAP[chunk_03_spatial_matcher_recovery] I20260518 19:42:38.770253  8388 feature_matching.cc:217] in 0.078s
2026-05-18T19:42:39 COLMAP[chunk_03_spatial_matcher_recovery] I20260518 19:42:38.770303  8388 pairing.cc:631] Processing image [122/188]
2026-05-18T19:42:39 COLMAP[chunk_03_spatial_matcher_recovery] I20260518 19:42:38.770555  8388 feature_matching.cc:217] in 0.000s
2026-05-18T19:42:39 COLMAP[chunk_03_spatial_matcher_recovery] I20260518 19:42:38.770583  8388 pairing.cc:631] Processing image [123/188]
2026-05-18T19:42:39 COLMAP[chunk_03_spatial_matcher_recovery] I20260518 19:42:39.141980  8388 feature_matching.cc:217] in 0.371s
2026-05-18T19:42:39 COLMAP[chunk_03_spatial_matcher_recovery] I20260518 19:42:39.142035  8388 pairing.cc:631] Processing image [124/188]
2026-05-18T19:42:39 COLMAP[chunk_03_spatial_matcher_recovery] I20260518 19:42:39.330823  8388 feature_matching.cc:217] in 0.189s
2026-05-18T19:42:39 COLMAP[chunk_03_spatial_matcher_recovery] I20260518 19:42:39.330881  8388 pairing.cc:631] Processing image [125/188]
2026-05-18T19:42:39 COLMAP[chunk_03_spatial_matcher_recovery] I20260518 19:42:39.331117  8388 feature_matching.cc:217] in 0.000s
2026-05-18T19:42:39 COLMAP[chunk_03_spatial_matcher_recovery] I20260518 19:42:39.331143  8388 pairing.cc:631] Processing image [126/188]
2026-05-18T19:42:40 COLMAP[chunk_03_spatial_matcher_recovery] I20260518 19:42:39.718540  8388 feature_matching.cc:217] in 0.387s
2026-05-18T19:42:40 COLMAP[chunk_03_spatial_matcher_recovery] I20260518 19:42:39.718595  8388 pairing.cc:631] Processing image [127/188]
2026-05-18T19:42:40 COLMAP[chunk_03_spatial_matcher_recovery] I20260518 19:42:40.232513  8388 feature_matching.cc:217] in 0.514s
2026-05-18T19:42:40 COLMAP[chunk_03_spatial_matcher_recovery] I20260518 19:42:40.232569  8388 pairing.cc:631] Processing image [128/188]
2026-05-18T19:42:40 COLMAP[chunk_03_spatial_matcher_recovery] I20260518 19:42:40.232784  8388 feature_matching.cc:217] in 0.000s
2026-05-18T19:42:40 COLMAP[chunk_03_spatial_matcher_recovery] I20260518 19:42:40.232810  8388 pairing.cc:631] Processing image [129/188]
2026-05-18T19:42:40 COLMAP[chunk_03_spatial_matcher_recovery] I20260518 19:42:40.233114  8388 feature_matching.cc:217] in 0.000s
2026-05-18T19:42:40 COLMAP[chunk_03_spatial_matcher_recovery] I20260518 19:42:40.233140  8388 pairing.cc:631] Processing image [130/188]
2026-05-18T19:42:40 COLMAP[chunk_03_spatial_matcher_recovery] I20260518 19:42:40.233350  8388 feature_matching.cc:217] in 0.000s
2026-05-18T19:42:40 COLMAP[chunk_03_spatial_matcher_recovery] I20260518 19:42:40.233372  8388 pairing.cc:631] Processing image [131/188]
2026-05-18T19:42:41 COLMAP[chunk_03_spatial_matcher_recovery] I20260518 19:42:40.669225  8388 feature_matching.cc:217] in 0.436s
2026-05-18T19:42:41 COLMAP[chunk_03_spatial_matcher_recovery] I20260518 19:42:40.669281  8388 pairing.cc:631] Processing image [132/188]
2026-05-18T19:42:41 COLMAP[chunk_03_spatial_matcher_recovery] I20260518 19:42:41.463550  8388 feature_matching.cc:217] in 0.794s
2026-05-18T19:42:41 COLMAP[chunk_03_spatial_matcher_recovery] I20260518 19:42:41.463606  8388 pairing.cc:631] Processing image [133/188]
2026-05-18T19:42:42 COLMAP[chunk_03_spatial_matcher_recovery] I20260518 19:42:41.821940  8388 feature_matching.cc:217] in 0.358s
2026-05-18T19:42:42 COLMAP[chunk_03_spatial_matcher_recovery] I20260518 19:42:41.821987  8388 pairing.cc:631] Processing image [134/188]
2026-05-18T19:42:42 COLMAP[chunk_03_spatial_matcher_recovery] I20260518 19:42:42.254941  8388 feature_matching.cc:217] in 0.433s
2026-05-18T19:42:42 COLMAP[chunk_03_spatial_matcher_recovery] I20260518 19:42:42.254995  8388 pairing.cc:631] Processing image [135/188]
2026-05-18T19:42:42 COLMAP[chunk_03_spatial_matcher_recovery] I20260518 19:42:42.353494  8388 feature_matching.cc:217] in 0.099s
2026-05-18T19:42:42 COLMAP[chunk_03_spatial_matcher_recovery] I20260518 19:42:42.353546  8388 pairing.cc:631] Processing image [136/188]
2026-05-18T19:42:42 COLMAP[chunk_03_spatial_matcher_recovery] I20260518 19:42:42.535965  8388 feature_matching.cc:217] in 0.182s
2026-05-18T19:42:42 COLMAP[chunk_03_spatial_matcher_recovery] I20260518 19:42:42.536019  8388 pairing.cc:631] Processing image [137/188]
2026-05-18T19:42:43 COLMAP[chunk_03_spatial_matcher_recovery] I20260518 19:42:42.663139  8388 feature_matching.cc:217] in 0.127s
2026-05-18T19:42:43 COLMAP[chunk_03_spatial_matcher_recovery] I20260518 19:42:42.663192  8388 pairing.cc:631] Processing image [138/188]
2026-05-18T19:42:43 COLMAP[chunk_03_spatial_matcher_recovery] I20260518 19:42:43.004011  8388 feature_matching.cc:217] in 0.341s
2026-05-18T19:42:43 COLMAP[chunk_03_spatial_matcher_recovery] I20260518 19:42:43.004067  8388 pairing.cc:631] Processing image [139/188]
2026-05-18T19:42:43 COLMAP[chunk_03_spatial_matcher_recovery] I20260518 19:42:43.454612  8388 feature_matching.cc:217] in 0.451s
2026-05-18T19:42:43 COLMAP[chunk_03_spatial_matcher_recovery] I20260518 19:42:43.454667  8388 pairing.cc:631] Processing image [140/188]
2026-05-18T19:42:44 COLMAP[chunk_03_spatial_matcher_recovery] I20260518 19:42:44.012949  8388 feature_matching.cc:217] in 0.558s
2026-05-18T19:42:44 COLMAP[chunk_03_spatial_matcher_recovery] I20260518 19:42:44.013005  8388 pairing.cc:631] Processing image [141/188]
2026-05-18T19:42:44 COLMAP[chunk_03_spatial_matcher_recovery] I20260518 19:42:44.526580  8388 feature_matching.cc:217] in 0.514s
2026-05-18T19:42:44 COLMAP[chunk_03_spatial_matcher_recovery] I20260518 19:42:44.526635  8388 pairing.cc:631] Processing image [142/188]
2026-05-18T19:42:45 COLMAP[chunk_03_spatial_matcher_recovery] I20260518 19:42:45.035705  8388 feature_matching.cc:217] in 0.509s
2026-05-18T19:42:45 COLMAP[chunk_03_spatial_matcher_recovery] I20260518 19:42:45.035760  8388 pairing.cc:631] Processing image [143/188]
2026-05-18T19:42:45 COLMAP[chunk_03_spatial_matcher_recovery] I20260518 19:42:45.450106  8388 feature_matching.cc:217] in 0.414s
2026-05-18T19:42:45 COLMAP[chunk_03_spatial_matcher_recovery] I20260518 19:42:45.450186  8388 pairing.cc:631] Processing image [144/188]
2026-05-18T19:42:46 COLMAP[chunk_03_spatial_matcher_recovery] I20260518 19:42:46.028376  8388 feature_matching.cc:217] in 0.578s
2026-05-18T19:42:46 COLMAP[chunk_03_spatial_matcher_recovery] I20260518 19:42:46.028429  8388 pairing.cc:631] Processing image [145/188]
2026-05-18T19:42:46 COLMAP[chunk_03_spatial_matcher_recovery] I20260518 19:42:46.380594  8388 feature_matching.cc:217] in 0.352s
2026-05-18T19:42:46 COLMAP[chunk_03_spatial_matcher_recovery] I20260518 19:42:46.380646  8388 pairing.cc:631] Processing image [146/188]
2026-05-18T19:42:46 COLMAP[chunk_03_spatial_matcher_recovery] I20260518 19:42:46.610666  8388 feature_matching.cc:217] in 0.230s
2026-05-18T19:42:46 COLMAP[chunk_03_spatial_matcher_recovery] I20260518 19:42:46.610718  8388 pairing.cc:631] Processing image [147/188]
2026-05-18T19:42:47 COLMAP[chunk_03_spatial_matcher_recovery] I20260518 19:42:46.874858  8388 feature_matching.cc:217] in 0.264s
2026-05-18T19:42:47 COLMAP[chunk_03_spatial_matcher_recovery] I20260518 19:42:46.874909  8388 pairing.cc:631] Processing image [148/188]
2026-05-18T19:42:47 COLMAP[chunk_03_spatial_matcher_recovery] I20260518 19:42:47.512543  8388 feature_matching.cc:217] in 0.638s
2026-05-18T19:42:47 COLMAP[chunk_03_spatial_matcher_recovery] I20260518 19:42:47.512598  8388 pairing.cc:631] Processing image [149/188]
2026-05-18T19:42:48 COLMAP[chunk_03_spatial_matcher_recovery] I20260518 19:42:48.313503  8388 feature_matching.cc:217] in 0.801s
2026-05-18T19:42:48 COLMAP[chunk_03_spatial_matcher_recovery] I20260518 19:42:48.313556  8388 pairing.cc:631] Processing image [150/188]
2026-05-18T19:42:49 COLMAP[chunk_03_spatial_matcher_recovery] I20260518 19:42:48.711928  8388 feature_matching.cc:217] in 0.398s
2026-05-18T19:42:49 COLMAP[chunk_03_spatial_matcher_recovery] I20260518 19:42:48.711980  8388 pairing.cc:631] Processing image [151/188]
2026-05-18T19:42:49 COLMAP[chunk_03_spatial_matcher_recovery] I20260518 19:42:49.197763  8388 feature_matching.cc:217] in 0.486s
2026-05-18T19:42:49 COLMAP[chunk_03_spatial_matcher_recovery] I20260518 19:42:49.197817  8388 pairing.cc:631] Processing image [152/188]
2026-05-18T19:42:49 COLMAP[chunk_03_spatial_matcher_recovery] I20260518 19:42:49.480202  8388 feature_matching.cc:217] in 0.282s
2026-05-18T19:42:49 COLMAP[chunk_03_spatial_matcher_recovery] I20260518 19:42:49.480259  8388 pairing.cc:631] Processing image [153/188]
2026-05-18T19:42:50 COLMAP[chunk_03_spatial_matcher_recovery] I20260518 19:42:49.803339  8388 feature_matching.cc:217] in 0.323s
2026-05-18T19:42:50 COLMAP[chunk_03_spatial_matcher_recovery] I20260518 19:42:49.803395  8388 pairing.cc:631] Processing image [154/188]
2026-05-18T19:42:50 COLMAP[chunk_03_spatial_matcher_recovery] I20260518 19:42:50.043460  8388 feature_matching.cc:217] in 0.240s
2026-05-18T19:42:50 COLMAP[chunk_03_spatial_matcher_recovery] I20260518 19:42:50.043515  8388 pairing.cc:631] Processing image [155/188]
2026-05-18T19:42:50 COLMAP[chunk_03_spatial_matcher_recovery] I20260518 19:42:50.513589  8388 feature_matching.cc:217] in 0.470s
2026-05-18T19:42:50 COLMAP[chunk_03_spatial_matcher_recovery] I20260518 19:42:50.513646  8388 pairing.cc:631] Processing image [156/188]
2026-05-18T19:42:51 COLMAP[chunk_03_spatial_matcher_recovery] I20260518 19:42:51.138832  8388 feature_matching.cc:217] in 0.625s
2026-05-18T19:42:51 COLMAP[chunk_03_spatial_matcher_recovery] I20260518 19:42:51.138895  8388 pairing.cc:631] Processing image [157/188]
2026-05-18T19:42:52 COLMAP[chunk_03_spatial_matcher_recovery] I20260518 19:42:51.765393  8388 feature_matching.cc:217] in 0.627s
2026-05-18T19:42:52 COLMAP[chunk_03_spatial_matcher_recovery] I20260518 19:42:51.765450  8388 pairing.cc:631] Processing image [158/188]
2026-05-18T19:42:52 COLMAP[chunk_03_spatial_matcher_recovery] I20260518 19:42:52.430068  8388 feature_matching.cc:217] in 0.665s
2026-05-18T19:42:52 COLMAP[chunk_03_spatial_matcher_recovery] I20260518 19:42:52.430123  8388 pairing.cc:631] Processing image [159/188]
2026-05-18T19:42:53 COLMAP[chunk_03_spatial_matcher_recovery] I20260518 19:42:52.935599  8388 feature_matching.cc:217] in 0.506s
2026-05-18T19:42:53 COLMAP[chunk_03_spatial_matcher_recovery] I20260518 19:42:52.935655  8388 pairing.cc:631] Processing image [160/188]
2026-05-18T19:42:53 COLMAP[chunk_03_spatial_matcher_recovery] I20260518 19:42:53.228951  8388 feature_matching.cc:217] in 0.293s
2026-05-18T19:42:53 COLMAP[chunk_03_spatial_matcher_recovery] I20260518 19:42:53.229007  8388 pairing.cc:631] Processing image [161/188]
2026-05-18T19:42:54 COLMAP[chunk_03_spatial_matcher_recovery] I20260518 19:42:53.909902  8388 feature_matching.cc:217] in 0.681s
2026-05-18T19:42:54 COLMAP[chunk_03_spatial_matcher_recovery] I20260518 19:42:53.909965  8388 pairing.cc:631] Processing image [162/188]
2026-05-18T19:42:54 COLMAP[chunk_03_spatial_matcher_recovery] I20260518 19:42:54.538777  8388 feature_matching.cc:217] in 0.629s
2026-05-18T19:42:54 COLMAP[chunk_03_spatial_matcher_recovery] I20260518 19:42:54.538832  8388 pairing.cc:631] Processing image [163/188]
2026-05-18T19:42:55 COLMAP[chunk_03_spatial_matcher_recovery] I20260518 19:42:55.510764  8388 feature_matching.cc:217] in 0.972s
2026-05-18T19:42:55 COLMAP[chunk_03_spatial_matcher_recovery] I20260518 19:42:55.510823  8388 pairing.cc:631] Processing image [164/188]
2026-05-18T19:42:56 COLMAP[chunk_03_spatial_matcher_recovery] I20260518 19:42:56.114845  8388 feature_matching.cc:217] in 0.604s
2026-05-18T19:42:56 COLMAP[chunk_03_spatial_matcher_recovery] I20260518 19:42:56.114902  8388 pairing.cc:631] Processing image [165/188]
2026-05-18T19:42:56 COLMAP[chunk_03_spatial_matcher_recovery] I20260518 19:42:56.452955  8388 feature_matching.cc:217] in 0.338s
2026-05-18T19:42:56 COLMAP[chunk_03_spatial_matcher_recovery] I20260518 19:42:56.453011  8388 pairing.cc:631] Processing image [166/188]
2026-05-18T19:42:57 COLMAP[chunk_03_spatial_matcher_recovery] I20260518 19:42:56.824681  8388 feature_matching.cc:217] in 0.372s
2026-05-18T19:42:57 COLMAP[chunk_03_spatial_matcher_recovery] I20260518 19:42:56.824738  8388 pairing.cc:631] Processing image [167/188]
2026-05-18T19:42:57 COLMAP[chunk_03_spatial_matcher_recovery] I20260518 19:42:57.184242  8388 feature_matching.cc:217] in 0.360s
2026-05-18T19:42:57 COLMAP[chunk_03_spatial_matcher_recovery] I20260518 19:42:57.184298  8388 pairing.cc:631] Processing image [168/188]
2026-05-18T19:42:57 COLMAP[chunk_03_spatial_matcher_recovery] I20260518 19:42:57.617102  8388 feature_matching.cc:217] in 0.433s
2026-05-18T19:42:57 COLMAP[chunk_03_spatial_matcher_recovery] I20260518 19:42:57.617158  8388 pairing.cc:631] Processing image [169/188]
2026-05-18T19:42:58 COLMAP[chunk_03_spatial_matcher_recovery] I20260518 19:42:58.053365  8388 feature_matching.cc:217] in 0.436s
2026-05-18T19:42:58 COLMAP[chunk_03_spatial_matcher_recovery] I20260518 19:42:58.053424  8388 pairing.cc:631] Processing image [170/188]
2026-05-18T19:42:58 COLMAP[chunk_03_spatial_matcher_recovery] I20260518 19:42:58.449357  8388 feature_matching.cc:217] in 0.396s
2026-05-18T19:42:58 COLMAP[chunk_03_spatial_matcher_recovery] I20260518 19:42:58.449415  8388 pairing.cc:631] Processing image [171/188]
2026-05-18T19:42:58 COLMAP[chunk_03_spatial_matcher_recovery] I20260518 19:42:58.506968  8388 feature_matching.cc:217] in 0.058s
2026-05-18T19:42:58 COLMAP[chunk_03_spatial_matcher_recovery] I20260518 19:42:58.507020  8388 pairing.cc:631] Processing image [172/188]
2026-05-18T19:42:58 COLMAP[chunk_03_spatial_matcher_recovery] I20260518 19:42:58.584528  8388 feature_matching.cc:217] in 0.078s
2026-05-18T19:42:58 COLMAP[chunk_03_spatial_matcher_recovery] I20260518 19:42:58.584587  8388 pairing.cc:631] Processing image [173/188]
2026-05-18T19:42:59 COLMAP[chunk_03_spatial_matcher_recovery] I20260518 19:42:58.938943  8388 feature_matching.cc:217] in 0.354s
2026-05-18T19:42:59 COLMAP[chunk_03_spatial_matcher_recovery] I20260518 19:42:58.939000  8388 pairing.cc:631] Processing image [174/188]
2026-05-18T19:42:59 COLMAP[chunk_03_spatial_matcher_recovery] I20260518 19:42:59.167089  8388 feature_matching.cc:217] in 0.228s
2026-05-18T19:42:59 COLMAP[chunk_03_spatial_matcher_recovery] I20260518 19:42:59.167145  8388 pairing.cc:631] Processing image [175/188]
2026-05-18T19:42:59 COLMAP[chunk_03_spatial_matcher_recovery] I20260518 19:42:59.518407  8388 feature_matching.cc:217] in 0.351s
2026-05-18T19:42:59 COLMAP[chunk_03_spatial_matcher_recovery] I20260518 19:42:59.518464  8388 pairing.cc:631] Processing image [176/188]
2026-05-18T19:43:00 COLMAP[chunk_03_spatial_matcher_recovery] I20260518 19:42:59.870613  8388 feature_matching.cc:217] in 0.352s
2026-05-18T19:43:00 COLMAP[chunk_03_spatial_matcher_recovery] I20260518 19:42:59.870664  8388 pairing.cc:631] Processing image [177/188]
2026-05-18T19:43:00 COLMAP[chunk_03_spatial_matcher_recovery] I20260518 19:43:00.219106  8388 feature_matching.cc:217] in 0.348s
2026-05-18T19:43:00 COLMAP[chunk_03_spatial_matcher_recovery] I20260518 19:43:00.219162  8388 pairing.cc:631] Processing image [178/188]
2026-05-18T19:43:00 COLMAP[chunk_03_spatial_matcher_recovery] I20260518 19:43:00.355602  8388 feature_matching.cc:217] in 0.136s
2026-05-18T19:43:00 COLMAP[chunk_03_spatial_matcher_recovery] I20260518 19:43:00.355656  8388 pairing.cc:631] Processing image [179/188]
2026-05-18T19:43:00 COLMAP[chunk_03_spatial_matcher_recovery] I20260518 19:43:00.477358  8388 feature_matching.cc:217] in 0.122s
2026-05-18T19:43:00 COLMAP[chunk_03_spatial_matcher_recovery] I20260518 19:43:00.477418  8388 pairing.cc:631] Processing image [180/188]
2026-05-18T19:43:00 COLMAP[chunk_03_spatial_matcher_recovery] I20260518 19:43:00.506271  8388 feature_matching.cc:217] in 0.029s
2026-05-18T19:43:00 COLMAP[chunk_03_spatial_matcher_recovery] I20260518 19:43:00.506320  8388 pairing.cc:631] Processing image [181/188]
2026-05-18T19:43:01 COLMAP[chunk_03_spatial_matcher_recovery] I20260518 19:43:00.934780  8388 feature_matching.cc:217] in 0.428s
2026-05-18T19:43:01 COLMAP[chunk_03_spatial_matcher_recovery] I20260518 19:43:00.934832  8388 pairing.cc:631] Processing image [182/188]
2026-05-18T19:43:01 COLMAP[chunk_03_spatial_matcher_recovery] I20260518 19:43:01.509573  8388 feature_matching.cc:217] in 0.575s
2026-05-18T19:43:01 COLMAP[chunk_03_spatial_matcher_recovery] I20260518 19:43:01.509621  8388 pairing.cc:631] Processing image [183/188]
2026-05-18T19:43:01 COLMAP[chunk_03_spatial_matcher_recovery] I20260518 19:43:01.579879  8388 feature_matching.cc:217] in 0.070s
2026-05-18T19:43:01 COLMAP[chunk_03_spatial_matcher_recovery] I20260518 19:43:01.579941  8388 pairing.cc:631] Processing image [184/188]
2026-05-18T19:43:01 COLMAP[chunk_03_spatial_matcher_recovery] I20260518 19:43:01.653960  8388 feature_matching.cc:217] in 0.074s
2026-05-18T19:43:01 COLMAP[chunk_03_spatial_matcher_recovery] I20260518 19:43:01.654011  8388 pairing.cc:631] Processing image [185/188]
2026-05-18T19:43:02 COLMAP[chunk_03_spatial_matcher_recovery] I20260518 19:43:01.934916  8388 feature_matching.cc:217] in 0.281s
2026-05-18T19:43:02 COLMAP[chunk_03_spatial_matcher_recovery] I20260518 19:43:01.934994  8388 pairing.cc:631] Processing image [186/188]
2026-05-18T19:43:02 COLMAP[chunk_03_spatial_matcher_recovery] I20260518 19:43:01.965960  8388 feature_matching.cc:217] in 0.031s
2026-05-18T19:43:02 COLMAP[chunk_03_spatial_matcher_recovery] I20260518 19:43:01.966014  8388 pairing.cc:631] Processing image [187/188]
2026-05-18T19:43:02 COLMAP[chunk_03_spatial_matcher_recovery] I20260518 19:43:01.966246  8388 feature_matching.cc:217] in 0.000s
2026-05-18T19:43:02 COLMAP[chunk_03_spatial_matcher_recovery] I20260518 19:43:01.966269  8388 pairing.cc:631] Processing image [188/188]
2026-05-18T19:43:02 COLMAP[chunk_03_spatial_matcher_recovery] I20260518 19:43:02.039955  8388 feature_matching.cc:217] in 0.074s
2026-05-18T19:43:02 COLMAP[chunk_03_spatial_matcher_recovery] I20260518 19:43:02.040001  8388 timer.cc:90] Elapsed time: 1.186 [minutes]
2026-05-18T19:43:02 2026-05-18 19:43:02,116 - INFO - chunk_03_spatial_matcher_recovery added 673 verified image pairs
2026-05-18T19:43:02 2026-05-18 19:43:02,123 - INFO - Building a FAISS-compatible vocab tree with 8192 visual words from up to 100000 descriptors
2026-05-18T19:43:02 2026-05-18 19:43:02,123 - INFO - [vocab_tree_builder] colmap vocab_tree_builder --database_path /tmp/colmap_sfm_rcnmny4o/chunk_03/database.db --vocab_tree_path /tmp/colmap_sfm_rcnmny4o/vocab_tree_faiss.bin --num_visual_words 8192 --max_num_images 40
2026-05-18T19:43:02 COLMAP[vocab_tree_builder] E20260518 19:43:02.277236  8430 base_option_manager.cc:264] Failed to parse options - unrecognised option '--max_num_images'.
2026-05-18T19:43:02 2026-05-18 19:43:02,291 - WARNING - vocab_tree_builder rejected --max_num_images; retrying with older COLMAP-compatible flags
2026-05-18T19:43:02 2026-05-18 19:43:02,291 - INFO - [vocab_tree_builder] colmap vocab_tree_builder --database_path /tmp/colmap_sfm_rcnmny4o/chunk_03/database.db --vocab_tree_path /tmp/colmap_sfm_rcnmny4o/vocab_tree_faiss.bin --num_visual_words 8192
2026-05-18T19:43:02 COLMAP[vocab_tree_builder] I20260518 19:43:02.443851  8438 vocab_tree.cc:85] Loading descriptors...
2026-05-18T19:43:03 COLMAP[vocab_tree_builder] I20260518 19:43:03.309763  8438 vocab_tree.cc:88] => Loaded a total of 1904336 descriptors
2026-05-18T19:43:03 COLMAP[vocab_tree_builder] I20260518 19:43:03.309823  8438 vocab_tree.cc:94] Building index for visual words...
