2026-05-18T22:04:50 COLMAP[feature_extractor] I20260518 22:04:49.296772    82 feature_extraction.cc:316]   GPS:             LAT=40.522, LON=-111.891, ALT=1500.652
2026-05-18T22:04:50 COLMAP[feature_extractor] I20260518 22:04:49.296833    82 feature_extraction.cc:323]   Gravity:         X=0.000, Y=1.000, Z=0.000
2026-05-18T22:04:54 COLMAP[feature_extractor] I20260518 22:04:54.019340    82 feature_extraction.cc:280] Processed file [1045/1710]
2026-05-18T22:04:54 COLMAP[feature_extractor] I20260518 22:04:54.019407    82 feature_extraction.cc:283]   Name:            DJI_01045.JPG
2026-05-18T22:04:54 COLMAP[feature_extractor] I20260518 22:04:54.019420    82 feature_extraction.cc:292]   Dimensions:      4000 x 2250
2026-05-18T22:04:54 COLMAP[feature_extractor] I20260518 22:04:54.019431    82 feature_extraction.cc:295]   Camera:          #1 - SIMPLE_RADIAL
2026-05-18T22:04:54 COLMAP[feature_extractor] I20260518 22:04:54.019443    82 feature_extraction.cc:298]   Focal Length:    2545.54px (Prior)
2026-05-18T22:04:54 COLMAP[feature_extractor] I20260518 22:04:54.019459    82 feature_extraction.cc:302]   Features:        10110 (SIFT)
2026-05-18T22:04:56 COLMAP[feature_extractor] I20260518 22:04:54.243420    82 feature_extraction.cc:316]   GPS:             LAT=40.522, LON=-111.891, ALT=1500.552
2026-05-18T22:04:56 COLMAP[feature_extractor] I20260518 22:04:54.243468    82 feature_extraction.cc:323]   Gravity:         X=0.000, Y=1.000, Z=0.000
2026-05-18T22:04:56 COLMAP[feature_extractor] I20260518 22:04:54.587162    82 feature_extraction.cc:280] Processed file [1046/1710]
2026-05-18T22:04:56 COLMAP[feature_extractor] I20260518 22:04:54.587224    82 feature_extraction.cc:283]   Name:            DJI_01046.JPG
2026-05-18T22:04:56 COLMAP[feature_extractor] I20260518 22:04:54.587235    82 feature_extraction.cc:292]   Dimensions:      4000 x 2250
2026-05-18T22:04:56 COLMAP[feature_extractor] I20260518 22:04:54.587247    82 feature_extraction.cc:295]   Camera:          #1 - SIMPLE_RADIAL
2026-05-18T22:04:56 COLMAP[feature_extractor] I20260518 22:04:54.587258    82 feature_extraction.cc:298]   Focal Length:    2545.54px (Prior)
2026-05-18T22:04:56 COLMAP[feature_extractor] I20260518 22:04:54.587275    82 feature_extraction.cc:302]   Features:        9955 (SIFT)
2026-05-18T22:04:56 COLMAP[feature_extractor] I20260518 22:04:54.838845    82 feature_extraction.cc:316]   GPS:             LAT=40.522, LON=-111.891, ALT=1500.752
2026-05-18T22:04:56 COLMAP[feature_extractor] I20260518 22:04:54.838900    82 feature_extraction.cc:323]   Gravity:         X=0.000, Y=1.000, Z=0.000
2026-05-18T22:04:56 COLMAP[feature_extractor] I20260518 22:04:56.718330    82 feature_extraction.cc:280] Processed file [1047/1710]
2026-05-18T22:04:56 COLMAP[feature_extractor] I20260518 22:04:56.718386    82 feature_extraction.cc:283]   Name:            DJI_01047.JPG
2026-05-18T22:04:56 COLMAP[feature_extractor] I20260518 22:04:56.718400    82 feature_extraction.cc:292]   Dimensions:      4000 x 2250
2026-05-18T22:04:56 COLMAP[feature_extractor] I20260518 22:04:56.718410    82 feature_extraction.cc:295]   Camera:          #1 - SIMPLE_RADIAL
2026-05-18T22:04:56 COLMAP[feature_extractor] I20260518 22:04:56.718421    82 feature_extraction.cc:298]   Focal Length:    2545.54px (Prior)
2026-05-18T22:04:56 COLMAP[feature_extractor] I20260518 22:04:56.718437    82 feature_extraction.cc:302]   Features:        10720 (SIFT)
2026-05-18T22:04:58 COLMAP[feature_extractor] I20260518 22:04:56.930250    82 feature_extraction.cc:316]   GPS:             LAT=40.522, LON=-111.891, ALT=1500.852
2026-05-18T22:04:58 COLMAP[feature_extractor] I20260518 22:04:56.930341    82 feature_extraction.cc:323]   Gravity:         X=0.000, Y=1.000, Z=0.000
2026-05-18T22:04:58 COLMAP[feature_extractor] I20260518 22:04:58.140275    82 feature_extraction.cc:280] Processed file [1048/1710]
2026-05-18T22:04:58 COLMAP[feature_extractor] I20260518 22:04:58.140332    82 feature_extraction.cc:283]   Name:            DJI_01048.JPG
2026-05-18T22:04:58 COLMAP[feature_extractor] I20260518 22:04:58.140344    82 feature_extraction.cc:292]   Dimensions:      4000 x 2250
2026-05-18T22:04:58 COLMAP[feature_extractor] I20260518 22:04:58.140354    82 feature_extraction.cc:295]   Camera:          #1 - SIMPLE_RADIAL
2026-05-18T22:04:58 COLMAP[feature_extractor] I20260518 22:04:58.140364    82 feature_extraction.cc:298]   Focal Length:    2545.54px (Prior)
2026-05-18T22:04:58 COLMAP[feature_extractor] I20260518 22:04:58.140378    82 feature_extraction.cc:302]   Features:        8304 (SIFT)
2026-05-18T22:04:59 COLMAP[feature_extractor] I20260518 22:04:58.362012    82 feature_extraction.cc:316]   GPS:             LAT=40.522, LON=-111.891, ALT=1500.452
2026-05-18T22:04:59 COLMAP[feature_extractor] I20260518 22:04:58.362062    82 feature_extraction.cc:323]   Gravity:         X=0.000, Y=1.000, Z=0.000
2026-05-18T22:05:04 COLMAP[feature_extractor] I20260518 22:05:03.543715    82 feature_extraction.cc:280] Processed file [1049/1710]
2026-05-18T22:05:04 COLMAP[feature_extractor] I20260518 22:05:03.543768    82 feature_extraction.cc:283]   Name:            DJI_01049.JPG
2026-05-18T22:05:04 COLMAP[feature_extractor] I20260518 22:05:03.543780    82 feature_extraction.cc:292]   Dimensions:      4000 x 2250
2026-05-18T22:05:04 COLMAP[feature_extractor] I20260518 22:05:03.543792    82 feature_extraction.cc:295]   Camera:          #1 - SIMPLE_RADIAL
2026-05-18T22:05:04 COLMAP[feature_extractor] I20260518 22:05:03.543802    82 feature_extraction.cc:298]   Focal Length:    2545.54px (Prior)
2026-05-18T22:05:04 COLMAP[feature_extractor] I20260518 22:05:03.543818    82 feature_extraction.cc:302]   Features:        11104 (SIFT)
2026-05-18T22:05:04 COLMAP[feature_extractor] I20260518 22:05:03.781325    82 feature_extraction.cc:316]   GPS:             LAT=40.522, LON=-111.891, ALT=1500.252
2026-05-18T22:05:04 COLMAP[feature_extractor] I20260518 22:05:03.781383    82 feature_extraction.cc:323]   Gravity:         X=0.000, Y=1.000, Z=0.000
2026-05-18T22:05:04 COLMAP[feature_extractor] I20260518 22:05:04.026141    82 feature_extraction.cc:280] Processed file [1050/1710]
2026-05-18T22:05:04 COLMAP[feature_extractor] I20260518 22:05:04.026192    82 feature_extraction.cc:283]   Name:            DJI_01050.JPG
2026-05-18T22:05:04 COLMAP[feature_extractor] I20260518 22:05:04.026204    82 feature_extraction.cc:292]   Dimensions:      4000 x 2250
2026-05-18T22:05:04 COLMAP[feature_extractor] I20260518 22:05:04.026216    82 feature_extraction.cc:295]   Camera:          #1 - SIMPLE_RADIAL
2026-05-18T22:05:04 COLMAP[feature_extractor] I20260518 22:05:04.026226    82 feature_extraction.cc:298]   Focal Length:    2545.54px (Prior)
2026-05-18T22:05:04 COLMAP[feature_extractor] I20260518 22:05:04.026242    82 feature_extraction.cc:302]   Features:        11488 (SIFT)
2026-05-18T22:05:04 COLMAP[feature_extractor] I20260518 22:05:04.265422    82 feature_extraction.cc:316]   GPS:             LAT=40.523, LON=-111.891, ALT=1500.252
2026-05-18T22:05:04 COLMAP[feature_extractor] I20260518 22:05:04.265481    82 feature_extraction.cc:323]   Gravity:         X=0.000, Y=1.000, Z=0.000
2026-05-18T22:05:06 COLMAP[feature_extractor] I20260518 22:05:05.871410    82 feature_extraction.cc:280] Processed file [1051/1710]
2026-05-18T22:05:06 COLMAP[feature_extractor] I20260518 22:05:05.871485    82 feature_extraction.cc:283]   Name:            DJI_01051.JPG
2026-05-18T22:05:06 COLMAP[feature_extractor] I20260518 22:05:05.871498    82 feature_extraction.cc:292]   Dimensions:      4000 x 2250
2026-05-18T22:05:06 COLMAP[feature_extractor] I20260518 22:05:05.871510    82 feature_extraction.cc:295]   Camera:          #1 - SIMPLE_RADIAL
2026-05-18T22:05:06 COLMAP[feature_extractor] I20260518 22:05:05.871521    82 feature_extraction.cc:298]   Focal Length:    2545.54px (Prior)
2026-05-18T22:05:06 COLMAP[feature_extractor] I20260518 22:05:05.871537    82 feature_extraction.cc:302]   Features:        8231 (SIFT)
2026-05-18T22:05:06 COLMAP[feature_extractor] I20260518 22:05:06.140581    82 feature_extraction.cc:316]   GPS:             LAT=40.523, LON=-111.892, ALT=1500.752
2026-05-18T22:05:06 COLMAP[feature_extractor] I20260518 22:05:06.140640    82 feature_extraction.cc:323]   Gravity:         X=0.000, Y=1.000, Z=0.000
2026-05-18T22:05:07 COLMAP[feature_extractor] I20260518 22:05:07.507395    82 feature_extraction.cc:280] Processed file [1052/1710]
2026-05-18T22:05:07 COLMAP[feature_extractor] I20260518 22:05:07.507449    82 feature_extraction.cc:283]   Name:            DJI_01052.JPG
2026-05-18T22:05:07 COLMAP[feature_extractor] I20260518 22:05:07.507462    82 feature_extraction.cc:292]   Dimensions:      4000 x 2250
2026-05-18T22:05:07 COLMAP[feature_extractor] I20260518 22:05:07.507473    82 feature_extraction.cc:295]   Camera:          #1 - SIMPLE_RADIAL
2026-05-18T22:05:07 COLMAP[feature_extractor] I20260518 22:05:07.507484    82 feature_extraction.cc:298]   Focal Length:    2545.54px (Prior)
2026-05-18T22:05:07 COLMAP[feature_extractor] I20260518 22:05:07.507500    82 feature_extraction.cc:302]   Features:        8658 (SIFT)
2026-05-18T22:05:08 COLMAP[feature_extractor] I20260518 22:05:07.785596    82 feature_extraction.cc:316]   GPS:             LAT=40.523, LON=-111.892, ALT=1499.652
2026-05-18T22:05:08 COLMAP[feature_extractor] I20260518 22:05:07.785656    82 feature_extraction.cc:323]   Gravity:         X=0.000, Y=1.000, Z=0.000
2026-05-18T22:05:14 COLMAP[feature_extractor] I20260518 22:05:12.895399    82 feature_extraction.cc:280] Processed file [1053/1710]
2026-05-18T22:05:14 COLMAP[feature_extractor] I20260518 22:05:12.895462    82 feature_extraction.cc:283]   Name:            DJI_01053.JPG
2026-05-18T22:05:14 COLMAP[feature_extractor] I20260518 22:05:12.895474    82 feature_extraction.cc:292]   Dimensions:      4000 x 2250
2026-05-18T22:05:14 COLMAP[feature_extractor] I20260518 22:05:12.895485    82 feature_extraction.cc:295]   Camera:          #1 - SIMPLE_RADIAL
2026-05-18T22:05:14 COLMAP[feature_extractor] I20260518 22:05:12.895498    82 feature_extraction.cc:298]   Focal Length:    2545.54px (Prior)
2026-05-18T22:05:14 COLMAP[feature_extractor] I20260518 22:05:12.895514    82 feature_extraction.cc:302]   Features:        8674 (SIFT)
2026-05-18T22:05:14 COLMAP[feature_extractor] I20260518 22:05:13.097652    82 feature_extraction.cc:316]   GPS:             LAT=40.523, LON=-111.892, ALT=1499.352
2026-05-18T22:05:14 COLMAP[feature_extractor] I20260518 22:05:13.097707    82 feature_extraction.cc:323]   Gravity:         X=0.000, Y=1.000, Z=0.000
2026-05-18T22:05:14 COLMAP[feature_extractor] I20260518 22:05:13.292825    82 feature_extraction.cc:280] Processed file [1054/1710]
2026-05-18T22:05:14 COLMAP[feature_extractor] I20260518 22:05:13.292879    82 feature_extraction.cc:283]   Name:            DJI_01054.JPG
2026-05-18T22:05:14 COLMAP[feature_extractor] I20260518 22:05:13.292891    82 feature_extraction.cc:292]   Dimensions:      4000 x 2250
2026-05-18T22:05:14 COLMAP[feature_extractor] I20260518 22:05:13.292902    82 feature_extraction.cc:295]   Camera:          #1 - SIMPLE_RADIAL
2026-05-18T22:05:14 COLMAP[feature_extractor] I20260518 22:05:13.292913    82 feature_extraction.cc:298]   Focal Length:    2545.54px (Prior)
2026-05-18T22:05:14 COLMAP[feature_extractor] I20260518 22:05:13.292929    82 feature_extraction.cc:302]   Features:        8566 (SIFT)
2026-05-18T22:05:14 COLMAP[feature_extractor] I20260518 22:05:13.569118    82 feature_extraction.cc:316]   GPS:             LAT=40.523, LON=-111.892, ALT=1499.452
2026-05-18T22:05:14 COLMAP[feature_extractor] I20260518 22:05:13.569173    82 feature_extraction.cc:323]   Gravity:         X=0.000, Y=1.000, Z=0.000
2026-05-18T22:05:15 COLMAP[feature_extractor] I20260518 22:05:15.047617    82 feature_extraction.cc:280] Processed file [1055/1710]
2026-05-18T22:05:15 COLMAP[feature_extractor] I20260518 22:05:15.047675    82 feature_extraction.cc:283]   Name:            DJI_01055.JPG
2026-05-18T22:05:15 COLMAP[feature_extractor] I20260518 22:05:15.047688    82 feature_extraction.cc:292]   Dimensions:      4000 x 2250
2026-05-18T22:05:15 COLMAP[feature_extractor] I20260518 22:05:15.047698    82 feature_extraction.cc:295]   Camera:          #1 - SIMPLE_RADIAL
2026-05-18T22:05:15 COLMAP[feature_extractor] I20260518 22:05:15.047710    82 feature_extraction.cc:298]   Focal Length:    2545.54px (Prior)
2026-05-18T22:05:15 COLMAP[feature_extractor] I20260518 22:05:15.047726    82 feature_extraction.cc:302]   Features:        8302 (SIFT)
2026-05-18T22:05:15 COLMAP[feature_extractor] I20260518 22:05:15.329550    82 feature_extraction.cc:316]   GPS:             LAT=40.523, LON=-111.892, ALT=1499.052
2026-05-18T22:05:15 COLMAP[feature_extractor] I20260518 22:05:15.329608    82 feature_extraction.cc:323]   Gravity:         X=0.000, Y=1.000, Z=0.000
2026-05-18T22:05:17 COLMAP[feature_extractor] I20260518 22:05:16.818269    82 feature_extraction.cc:280] Processed file [1056/1710]
2026-05-18T22:05:17 COLMAP[feature_extractor] I20260518 22:05:16.818321    82 feature_extraction.cc:283]   Name:            DJI_01056.JPG
2026-05-18T22:05:17 COLMAP[feature_extractor] I20260518 22:05:16.818334    82 feature_extraction.cc:292]   Dimensions:      4000 x 2250
2026-05-18T22:05:17 COLMAP[feature_extractor] I20260518 22:05:16.818344    82 feature_extraction.cc:295]   Camera:          #1 - SIMPLE_RADIAL
2026-05-18T22:05:17 COLMAP[feature_extractor] I20260518 22:05:16.818385    82 feature_extraction.cc:298]   Focal Length:    2545.54px (Prior)
2026-05-18T22:05:17 COLMAP[feature_extractor] I20260518 22:05:16.818401    82 feature_extraction.cc:302]   Features:        11264 (SIFT)
2026-05-18T22:05:18 COLMAP[feature_extractor] I20260518 22:05:17.168113    82 feature_extraction.cc:316]   GPS:             LAT=40.523, LON=-111.893, ALT=1498.452
2026-05-18T22:05:18 COLMAP[feature_extractor] I20260518 22:05:17.168167    82 feature_extraction.cc:323]   Gravity:         X=0.000, Y=1.000, Z=0.000
2026-05-18T22:05:22 COLMAP[feature_extractor] I20260518 22:05:22.168005    82 feature_extraction.cc:280] Processed file [1057/1710]
2026-05-18T22:05:22 COLMAP[feature_extractor] I20260518 22:05:22.168066    82 feature_extraction.cc:283]   Name:            DJI_01057.JPG
2026-05-18T22:05:22 COLMAP[feature_extractor] I20260518 22:05:22.168078    82 feature_extraction.cc:292]   Dimensions:      4000 x 2250
2026-05-18T22:05:22 COLMAP[feature_extractor] I20260518 22:05:22.168089    82 feature_extraction.cc:295]   Camera:          #1 - SIMPLE_RADIAL
2026-05-18T22:05:22 COLMAP[feature_extractor] I20260518 22:05:22.168100    82 feature_extraction.cc:298]   Focal Length:    2545.54px (Prior)
2026-05-18T22:05:22 COLMAP[feature_extractor] I20260518 22:05:22.168116    82 feature_extraction.cc:302]   Features:        11092 (SIFT)
2026-05-18T22:05:23 COLMAP[feature_extractor] I20260518 22:05:22.546217    82 feature_extraction.cc:316]   GPS:             LAT=40.523, LON=-111.893, ALT=1498.552
2026-05-18T22:05:23 COLMAP[feature_extractor] I20260518 22:05:22.546278    82 feature_extraction.cc:323]   Gravity:         X=0.000, Y=1.000, Z=0.000
2026-05-18T22:05:23 COLMAP[feature_extractor] I20260518 22:05:22.681005    82 feature_extraction.cc:280] Processed file [1058/1710]
2026-05-18T22:05:23 COLMAP[feature_extractor] I20260518 22:05:22.681066    82 feature_extraction.cc:283]   Name:            DJI_01058.JPG
2026-05-18T22:05:23 COLMAP[feature_extractor] I20260518 22:05:22.681079    82 feature_extraction.cc:292]   Dimensions:      4000 x 2250
2026-05-18T22:05:23 COLMAP[feature_extractor] I20260518 22:05:22.681089    82 feature_extraction.cc:295]   Camera:          #1 - SIMPLE_RADIAL
2026-05-18T22:05:23 COLMAP[feature_extractor] I20260518 22:05:22.681102    82 feature_extraction.cc:298]   Focal Length:    2545.54px (Prior)
2026-05-18T22:05:23 COLMAP[feature_extractor] I20260518 22:05:22.681116    82 feature_extraction.cc:302]   Features:        11055 (SIFT)
2026-05-18T22:05:23 COLMAP[feature_extractor] I20260518 22:05:22.903513    82 feature_extraction.cc:316]   GPS:             LAT=40.523, LON=-111.892, ALT=1498.852
2026-05-18T22:05:23 COLMAP[feature_extractor] I20260518 22:05:22.903574    82 feature_extraction.cc:323]   Gravity:         X=0.000, Y=1.000, Z=0.000
2026-05-18T22:05:24 COLMAP[feature_extractor] I20260518 22:05:24.336651    82 feature_extraction.cc:280] Processed file [1059/1710]
2026-05-18T22:05:24 COLMAP[feature_extractor] I20260518 22:05:24.336719    82 feature_extraction.cc:283]   Name:            DJI_01059.JPG
2026-05-18T22:05:24 COLMAP[feature_extractor] I20260518 22:05:24.336732    82 feature_extraction.cc:292]   Dimensions:      4000 x 2250
2026-05-18T22:05:24 COLMAP[feature_extractor] I20260518 22:05:24.336743    82 feature_extraction.cc:295]   Camera:          #1 - SIMPLE_RADIAL
2026-05-18T22:05:24 COLMAP[feature_extractor] I20260518 22:05:24.336755    82 feature_extraction.cc:298]   Focal Length:    2545.54px (Prior)
2026-05-18T22:05:24 COLMAP[feature_extractor] I20260518 22:05:24.336769    82 feature_extraction.cc:302]   Features:        10739 (SIFT)
2026-05-18T22:05:25 COLMAP[feature_extractor] I20260518 22:05:24.618444    82 feature_extraction.cc:316]   GPS:             LAT=40.523, LON=-111.892, ALT=1499.352
2026-05-18T22:05:25 COLMAP[feature_extractor] I20260518 22:05:24.618501    82 feature_extraction.cc:323]   Gravity:         X=0.000, Y=1.000, Z=0.000
2026-05-18T22:05:26 COLMAP[feature_extractor] I20260518 22:05:25.947934    82 feature_extraction.cc:280] Processed file [1060/1710]
2026-05-18T22:05:26 COLMAP[feature_extractor] I20260518 22:05:25.947988    82 feature_extraction.cc:283]   Name:            DJI_01060.JPG
2026-05-18T22:05:26 COLMAP[feature_extractor] I20260518 22:05:25.948001    82 feature_extraction.cc:292]   Dimensions:      4000 x 2250
2026-05-18T22:05:26 COLMAP[feature_extractor] I20260518 22:05:25.948014    82 feature_extraction.cc:295]   Camera:          #1 - SIMPLE_RADIAL
2026-05-18T22:05:26 COLMAP[feature_extractor] I20260518 22:05:25.948025    82 feature_extraction.cc:298]   Focal Length:    2545.54px (Prior)
2026-05-18T22:05:26 COLMAP[feature_extractor] I20260518 22:05:25.948042    82 feature_extraction.cc:302]   Features:        10861 (SIFT)
2026-05-18T22:05:26 COLMAP[feature_extractor] I20260518 22:05:26.148685    82 feature_extraction.cc:316]   GPS:             LAT=40.523, LON=-111.892, ALT=1499.452
2026-05-18T22:05:26 COLMAP[feature_extractor] I20260518 22:05:26.148738    82 feature_extraction.cc:323]   Gravity:         X=0.000, Y=1.000, Z=0.000
2026-05-18T22:05:31 COLMAP[feature_extractor] I20260518 22:05:31.297919    82 feature_extraction.cc:280] Processed file [1061/1710]
2026-05-18T22:05:31 COLMAP[feature_extractor] I20260518 22:05:31.297972    82 feature_extraction.cc:283]   Name:            DJI_01061.JPG
2026-05-18T22:05:31 COLMAP[feature_extractor] I20260518 22:05:31.297986    82 feature_extraction.cc:292]   Dimensions:      4000 x 2250
2026-05-18T22:05:31 COLMAP[feature_extractor] I20260518 22:05:31.297995    82 feature_extraction.cc:295]   Camera:          #1 - SIMPLE_RADIAL
2026-05-18T22:05:31 COLMAP[feature_extractor] I20260518 22:05:31.298007    82 feature_extraction.cc:298]   Focal Length:    2545.54px (Prior)
2026-05-18T22:05:31 COLMAP[feature_extractor] I20260518 22:05:31.298023    82 feature_extraction.cc:302]   Features:        10825 (SIFT)
2026-05-18T22:05:31 COLMAP[feature_extractor] I20260518 22:05:31.561265    82 feature_extraction.cc:316]   GPS:             LAT=40.523, LON=-111.892, ALT=1499.852
2026-05-18T22:05:31 COLMAP[feature_extractor] I20260518 22:05:31.561353    82 feature_extraction.cc:323]   Gravity:         X=0.000, Y=1.000, Z=0.000
2026-05-18T22:05:31 COLMAP[feature_extractor] I20260518 22:05:31.794932    82 feature_extraction.cc:280] Processed file [1062/1710]
2026-05-18T22:05:31 COLMAP[feature_extractor] I20260518 22:05:31.794986    82 feature_extraction.cc:283]   Name:            DJI_01062.JPG
2026-05-18T22:05:31 COLMAP[feature_extractor] I20260518 22:05:31.794998    82 feature_extraction.cc:292]   Dimensions:      4000 x 2250
2026-05-18T22:05:31 COLMAP[feature_extractor] I20260518 22:05:31.795009    82 feature_extraction.cc:295]   Camera:          #1 - SIMPLE_RADIAL
2026-05-18T22:05:31 COLMAP[feature_extractor] I20260518 22:05:31.795022    82 feature_extraction.cc:298]   Focal Length:    2545.54px (Prior)
2026-05-18T22:05:31 COLMAP[feature_extractor] I20260518 22:05:31.795037    82 feature_extraction.cc:302]   Features:        11029 (SIFT)
2026-05-18T22:05:32 COLMAP[feature_extractor] I20260518 22:05:32.082300    82 feature_extraction.cc:316]   GPS:             LAT=40.523, LON=-111.892, ALT=1499.952
2026-05-18T22:05:32 COLMAP[feature_extractor] I20260518 22:05:32.082352    82 feature_extraction.cc:323]   Gravity:         X=0.000, Y=1.000, Z=0.000
2026-05-18T22:05:33 COLMAP[feature_extractor] I20260518 22:05:33.452471    82 feature_extraction.cc:280] Processed file [1063/1710]
2026-05-18T22:05:33 COLMAP[feature_extractor] I20260518 22:05:33.452528    82 feature_extraction.cc:283]   Name:            DJI_01063.JPG
2026-05-18T22:05:33 COLMAP[feature_extractor] I20260518 22:05:33.452540    82 feature_extraction.cc:292]   Dimensions:      4000 x 2250
2026-05-18T22:05:33 COLMAP[feature_extractor] I20260518 22:05:33.452551    82 feature_extraction.cc:295]   Camera:          #1 - SIMPLE_RADIAL
2026-05-18T22:05:33 COLMAP[feature_extractor] I20260518 22:05:33.452564    82 feature_extraction.cc:298]   Focal Length:    2545.54px (Prior)
2026-05-18T22:05:33 COLMAP[feature_extractor] I20260518 22:05:33.452579    82 feature_extraction.cc:302]   Features:        11048 (SIFT)
2026-05-18T22:05:33 COLMAP[feature_extractor] I20260518 22:05:33.801095    82 feature_extraction.cc:316]   GPS:             LAT=40.522, LON=-111.892, ALT=1500.152
2026-05-18T22:05:33 COLMAP[feature_extractor] I20260518 22:05:33.801147    82 feature_extraction.cc:323]   Gravity:         X=0.000, Y=1.000, Z=0.000
2026-05-18T22:05:35 COLMAP[feature_extractor] I20260518 22:05:35.216390    82 feature_extraction.cc:280] Processed file [1064/1710]
2026-05-18T22:05:35 COLMAP[feature_extractor] I20260518 22:05:35.216450    82 feature_extraction.cc:283]   Name:            DJI_01064.JPG
2026-05-18T22:05:35 COLMAP[feature_extractor] I20260518 22:05:35.216463    82 feature_extraction.cc:292]   Dimensions:      4000 x 2250
2026-05-18T22:05:35 COLMAP[feature_extractor] I20260518 22:05:35.216475    82 feature_extraction.cc:295]   Camera:          #1 - SIMPLE_RADIAL
2026-05-18T22:05:35 COLMAP[feature_extractor] I20260518 22:05:35.216486    82 feature_extraction.cc:298]   Focal Length:    2545.54px (Prior)
2026-05-18T22:05:35 COLMAP[feature_extractor] I20260518 22:05:35.216501    82 feature_extraction.cc:302]   Features:        10995 (SIFT)
2026-05-18T22:05:35 COLMAP[feature_extractor] I20260518 22:05:35.490974    82 feature_extraction.cc:316]   GPS:             LAT=40.522, LON=-111.892, ALT=1500.152
2026-05-18T22:05:35 COLMAP[feature_extractor] I20260518 22:05:35.491037    82 feature_extraction.cc:323]   Gravity:         X=0.000, Y=1.000, Z=0.000
2026-05-18T22:05:40 COLMAP[feature_extractor] I20260518 22:05:40.609354    82 feature_extraction.cc:280] Processed file [1065/1710]
2026-05-18T22:05:40 COLMAP[feature_extractor] I20260518 22:05:40.609442    82 feature_extraction.cc:283]   Name:            DJI_01065.JPG
2026-05-18T22:05:40 COLMAP[feature_extractor] I20260518 22:05:40.609457    82 feature_extraction.cc:292]   Dimensions:      4000 x 2250
2026-05-18T22:05:40 COLMAP[feature_extractor] I20260518 22:05:40.609467    82 feature_extraction.cc:295]   Camera:          #1 - SIMPLE_RADIAL
2026-05-18T22:05:40 COLMAP[feature_extractor] I20260518 22:05:40.609478    82 feature_extraction.cc:298]   Focal Length:    2545.54px (Prior)
2026-05-18T22:05:40 COLMAP[feature_extractor] I20260518 22:05:40.609494    82 feature_extraction.cc:302]   Features:        11420 (SIFT)
2026-05-18T22:05:41 COLMAP[feature_extractor] I20260518 22:05:40.851634    82 feature_extraction.cc:316]   GPS:             LAT=40.522, LON=-111.892, ALT=1499.752
2026-05-18T22:05:41 COLMAP[feature_extractor] I20260518 22:05:40.851693    82 feature_extraction.cc:323]   Gravity:         X=0.000, Y=1.000, Z=0.000
2026-05-18T22:05:41 COLMAP[feature_extractor] I20260518 22:05:40.908572    82 feature_extraction.cc:280] Processed file [1066/1710]
2026-05-18T22:05:41 COLMAP[feature_extractor] I20260518 22:05:40.908627    82 feature_extraction.cc:283]   Name:            DJI_01066.JPG
2026-05-18T22:05:41 COLMAP[feature_extractor] I20260518 22:05:40.908639    82 feature_extraction.cc:292]   Dimensions:      4000 x 2250
2026-05-18T22:05:41 COLMAP[feature_extractor] I20260518 22:05:40.908650    82 feature_extraction.cc:295]   Camera:          #1 - SIMPLE_RADIAL
2026-05-18T22:05:41 COLMAP[feature_extractor] I20260518 22:05:40.908661    82 feature_extraction.cc:298]   Focal Length:    2545.54px (Prior)
2026-05-18T22:05:41 COLMAP[feature_extractor] I20260518 22:05:40.908677    82 feature_extraction.cc:302]   Features:        8233 (SIFT)
2026-05-18T22:05:41 COLMAP[feature_extractor] I20260518 22:05:41.209785    82 feature_extraction.cc:316]   GPS:             LAT=40.522, LON=-111.892, ALT=1500.352
2026-05-18T22:05:41 COLMAP[feature_extractor] I20260518 22:05:41.209837    82 feature_extraction.cc:323]   Gravity:         X=0.000, Y=1.000, Z=0.000
2026-05-18T22:05:42 COLMAP[feature_extractor] I20260518 22:05:42.709424    82 feature_extraction.cc:280] Processed file [1067/1710]
2026-05-18T22:05:42 COLMAP[feature_extractor] I20260518 22:05:42.709478    82 feature_extraction.cc:283]   Name:            DJI_01067.JPG
2026-05-18T22:05:42 COLMAP[feature_extractor] I20260518 22:05:42.709491    82 feature_extraction.cc:292]   Dimensions:      4000 x 2250
2026-05-18T22:05:42 COLMAP[feature_extractor] I20260518 22:05:42.709501    82 feature_extraction.cc:295]   Camera:          #1 - SIMPLE_RADIAL
2026-05-18T22:05:42 COLMAP[feature_extractor] I20260518 22:05:42.709513    82 feature_extraction.cc:298]   Focal Length:    2545.54px (Prior)
2026-05-18T22:05:42 COLMAP[feature_extractor] I20260518 22:05:42.709528    82 feature_extraction.cc:302]   Features:        8249 (SIFT)
2026-05-18T22:05:43 COLMAP[feature_extractor] I20260518 22:05:42.948568    82 feature_extraction.cc:316]   GPS:             LAT=40.522, LON=-111.892, ALT=1500.552
2026-05-18T22:05:43 COLMAP[feature_extractor] I20260518 22:05:42.948627    82 feature_extraction.cc:323]   Gravity:         X=0.000, Y=1.000, Z=0.000
2026-05-18T22:05:44 COLMAP[feature_extractor] I20260518 22:05:44.332506    82 feature_extraction.cc:280] Processed file [1068/1710]
2026-05-18T22:05:44 COLMAP[feature_extractor] I20260518 22:05:44.332563    82 feature_extraction.cc:283]   Name:            DJI_01068.JPG
2026-05-18T22:05:44 COLMAP[feature_extractor] I20260518 22:05:44.332576    82 feature_extraction.cc:292]   Dimensions:      4000 x 2250
2026-05-18T22:05:44 COLMAP[feature_extractor] I20260518 22:05:44.332587    82 feature_extraction.cc:295]   Camera:          #1 - SIMPLE_RADIAL
2026-05-18T22:05:44 COLMAP[feature_extractor] I20260518 22:05:44.332599    82 feature_extraction.cc:298]   Focal Length:    2545.54px (Prior)
2026-05-18T22:05:44 COLMAP[feature_extractor] I20260518 22:05:44.332615    82 feature_extraction.cc:302]   Features:        8223 (SIFT)
2026-05-18T22:05:44 COLMAP[feature_extractor] I20260518 22:05:44.634915    82 feature_extraction.cc:316]   GPS:             LAT=40.522, LON=-111.892, ALT=1499.852
2026-05-18T22:05:44 COLMAP[feature_extractor] I20260518 22:05:44.634972    82 feature_extraction.cc:323]   Gravity:         X=0.000, Y=1.000, Z=0.000
2026-05-18T22:05:50 COLMAP[feature_extractor] I20260518 22:05:49.986683    82 feature_extraction.cc:280] Processed file [1069/1710]
2026-05-18T22:05:50 COLMAP[feature_extractor] I20260518 22:05:49.986747    82 feature_extraction.cc:283]   Name:            DJI_01069.JPG
2026-05-18T22:05:50 COLMAP[feature_extractor] I20260518 22:05:49.986758    82 feature_extraction.cc:292]   Dimensions:      4000 x 2250
2026-05-18T22:05:50 COLMAP[feature_extractor] I20260518 22:05:49.986769    82 feature_extraction.cc:295]   Camera:          #1 - SIMPLE_RADIAL
2026-05-18T22:05:50 COLMAP[feature_extractor] I20260518 22:05:49.986780    82 feature_extraction.cc:298]   Focal Length:    2545.54px (Prior)
2026-05-18T22:05:50 COLMAP[feature_extractor] I20260518 22:05:49.986796    82 feature_extraction.cc:302]   Features:        11505 (SIFT)
2026-05-18T22:05:51 COLMAP[feature_extractor] I20260518 22:05:50.274912    82 feature_extraction.cc:316]   GPS:             LAT=40.522, LON=-111.892, ALT=1500.552
2026-05-18T22:05:51 COLMAP[feature_extractor] I20260518 22:05:50.274967    82 feature_extraction.cc:323]   Gravity:         X=0.000, Y=1.000, Z=0.000
2026-05-18T22:05:51 COLMAP[feature_extractor] I20260518 22:05:50.286132    82 feature_extraction.cc:280] Processed file [1070/1710]
2026-05-18T22:05:51 COLMAP[feature_extractor] I20260518 22:05:50.299474    82 feature_extraction.cc:283]   Name:            DJI_01070.JPG
2026-05-18T22:05:51 COLMAP[feature_extractor] I20260518 22:05:50.299813    82 feature_extraction.cc:292]   Dimensions:      4000 x 2250
2026-05-18T22:05:51 COLMAP[feature_extractor] I20260518 22:05:50.300072    82 feature_extraction.cc:295]   Camera:          #1 - SIMPLE_RADIAL
2026-05-18T22:05:51 COLMAP[feature_extractor] I20260518 22:05:50.300339    82 feature_extraction.cc:298]   Focal Length:    2545.54px (Prior)
2026-05-18T22:05:51 COLMAP[feature_extractor] I20260518 22:05:50.300580    82 feature_extraction.cc:302]   Features:        9524 (SIFT)
2026-05-18T22:05:51 COLMAP[feature_extractor] I20260518 22:05:50.587503    82 feature_extraction.cc:316]   GPS:             LAT=40.522, LON=-111.892, ALT=1499.852
2026-05-18T22:05:51 COLMAP[feature_extractor] I20260518 22:05:50.587558    82 feature_extraction.cc:323]   Gravity:         X=0.000, Y=1.000, Z=0.000
2026-05-18T22:05:52 COLMAP[feature_extractor] I20260518 22:05:51.799299    82 feature_extraction.cc:280] Processed file [1071/1710]
2026-05-18T22:05:52 COLMAP[feature_extractor] I20260518 22:05:51.799360    82 feature_extraction.cc:283]   Name:            DJI_01071.JPG
2026-05-18T22:05:52 COLMAP[feature_extractor] I20260518 22:05:51.799544    82 feature_extraction.cc:292]   Dimensions:      4000 x 2250
2026-05-18T22:05:52 COLMAP[feature_extractor] I20260518 22:05:51.799561    82 feature_extraction.cc:295]   Camera:          #1 - SIMPLE_RADIAL
2026-05-18T22:05:52 COLMAP[feature_extractor] I20260518 22:05:51.799675    82 feature_extraction.cc:298]   Focal Length:    2545.54px (Prior)
2026-05-18T22:05:52 COLMAP[feature_extractor] I20260518 22:05:51.799762    82 feature_extraction.cc:302]   Features:        11300 (SIFT)
2026-05-18T22:05:52 COLMAP[feature_extractor] I20260518 22:05:52.018246    82 feature_extraction.cc:316]   GPS:             LAT=40.523, LON=-111.892, ALT=1499.552
2026-05-18T22:05:52 COLMAP[feature_extractor] I20260518 22:05:52.018303    82 feature_extraction.cc:323]   Gravity:         X=0.000, Y=1.000, Z=0.000
2026-05-18T22:05:54 COLMAP[feature_extractor] I20260518 22:05:53.629050    82 feature_extraction.cc:280] Processed file [1072/1710]
2026-05-18T22:05:54 COLMAP[feature_extractor] I20260518 22:05:53.629108    82 feature_extraction.cc:283]   Name:            DJI_01072.JPG
2026-05-18T22:05:54 COLMAP[feature_extractor] I20260518 22:05:53.629120    82 feature_extraction.cc:292]   Dimensions:      4000 x 2250
2026-05-18T22:05:54 COLMAP[feature_extractor] I20260518 22:05:53.629132    82 feature_extraction.cc:295]   Camera:          #1 - SIMPLE_RADIAL
2026-05-18T22:05:54 COLMAP[feature_extractor] I20260518 22:05:53.629143    82 feature_extraction.cc:298]   Focal Length:    2545.54px (Prior)
2026-05-18T22:05:54 COLMAP[feature_extractor] I20260518 22:05:53.629159    82 feature_extraction.cc:302]   Features:        11424 (SIFT)
2026-05-18T22:05:54 COLMAP[feature_extractor] I20260518 22:05:53.839915    82 feature_extraction.cc:316]   GPS:             LAT=40.523, LON=-111.892, ALT=1500.052
2026-05-18T22:05:54 COLMAP[feature_extractor] I20260518 22:05:53.839977    82 feature_extraction.cc:323]   Gravity:         X=0.000, Y=1.000, Z=0.000
2026-05-18T22:06:00 COLMAP[feature_extractor] I20260518 22:05:59.369405    82 feature_extraction.cc:280] Processed file [1073/1710]
2026-05-18T22:06:00 COLMAP[feature_extractor] I20260518 22:05:59.369467    82 feature_extraction.cc:283]   Name:            DJI_01073.JPG
2026-05-18T22:06:00 COLMAP[feature_extractor] I20260518 22:05:59.369478    82 feature_extraction.cc:292]   Dimensions:      4000 x 2250
2026-05-18T22:06:00 COLMAP[feature_extractor] I20260518 22:05:59.369489    82 feature_extraction.cc:295]   Camera:          #1 - SIMPLE_RADIAL
2026-05-18T22:06:00 COLMAP[feature_extractor] I20260518 22:05:59.369499    82 feature_extraction.cc:298]   Focal Length:    2545.54px (Prior)
2026-05-18T22:06:00 COLMAP[feature_extractor] I20260518 22:05:59.369515    82 feature_extraction.cc:302]   Features:        10888 (SIFT)
2026-05-18T22:06:00 COLMAP[feature_extractor] I20260518 22:06:00.056375    82 feature_extraction.cc:316]   GPS:             LAT=40.523, LON=-111.892, ALT=1498.752
2026-05-18T22:06:00 COLMAP[feature_extractor] I20260518 22:06:00.056427    82 feature_extraction.cc:323]   Gravity:         X=0.000, Y=1.000, Z=0.000
2026-05-18T22:06:00 COLMAP[feature_extractor] I20260518 22:06:00.059576    82 feature_extraction.cc:280] Processed file [1074/1710]
2026-05-18T22:06:00 COLMAP[feature_extractor] I20260518 22:06:00.059608    82 feature_extraction.cc:283]   Name:            DJI_01074.JPG
2026-05-18T22:06:00 COLMAP[feature_extractor] I20260518 22:06:00.059619    82 feature_extraction.cc:292]   Dimensions:      4000 x 2250
2026-05-18T22:06:00 COLMAP[feature_extractor] I20260518 22:06:00.059629    82 feature_extraction.cc:295]   Camera:          #1 - SIMPLE_RADIAL
2026-05-18T22:06:00 COLMAP[feature_extractor] I20260518 22:06:00.059641    82 feature_extraction.cc:298]   Focal Length:    2545.54px (Prior)
2026-05-18T22:06:00 COLMAP[feature_extractor] I20260518 22:06:00.059654    82 feature_extraction.cc:302]   Features:        11101 (SIFT)
2026-05-18T22:06:00 COLMAP[feature_extractor] I20260518 22:06:00.059697    82 feature_extraction.cc:316]   GPS:             LAT=40.523, LON=-111.892, ALT=1498.852
2026-05-18T22:06:00 COLMAP[feature_extractor] I20260518 22:06:00.059711    82 feature_extraction.cc:323]   Gravity:         X=0.000, Y=1.000, Z=0.000
2026-05-18T22:06:01 COLMAP[feature_extractor] I20260518 22:06:00.990495    82 feature_extraction.cc:280] Processed file [1075/1710]
2026-05-18T22:06:01 COLMAP[feature_extractor] I20260518 22:06:00.990554    82 feature_extraction.cc:283]   Name:            DJI_01075.JPG
2026-05-18T22:06:01 COLMAP[feature_extractor] I20260518 22:06:00.990567    82 feature_extraction.cc:292]   Dimensions:      4000 x 2250
2026-05-18T22:06:01 COLMAP[feature_extractor] I20260518 22:06:00.990577    82 feature_extraction.cc:295]   Camera:          #1 - SIMPLE_RADIAL
2026-05-18T22:06:01 COLMAP[feature_extractor] I20260518 22:06:00.990589    82 feature_extraction.cc:298]   Focal Length:    2545.54px (Prior)
2026-05-18T22:06:01 COLMAP[feature_extractor] I20260518 22:06:00.990605    82 feature_extraction.cc:302]   Features:        9964 (SIFT)
2026-05-18T22:06:01 COLMAP[feature_extractor] I20260518 22:06:01.186636    82 feature_extraction.cc:316]   GPS:             LAT=40.523, LON=-111.893, ALT=1499.052
2026-05-18T22:06:01 COLMAP[feature_extractor] I20260518 22:06:01.186724    82 feature_extraction.cc:323]   Gravity:         X=0.000, Y=1.000, Z=0.000
2026-05-18T22:06:03 COLMAP[feature_extractor] I20260518 22:06:02.815039    82 feature_extraction.cc:280] Processed file [1076/1710]
2026-05-18T22:06:03 COLMAP[feature_extractor] I20260518 22:06:02.815091    82 feature_extraction.cc:283]   Name:            DJI_01076.JPG
2026-05-18T22:06:03 COLMAP[feature_extractor] I20260518 22:06:02.815104    82 feature_extraction.cc:292]   Dimensions:      4000 x 2250
2026-05-18T22:06:03 COLMAP[feature_extractor] I20260518 22:06:02.815115    82 feature_extraction.cc:295]   Camera:          #1 - SIMPLE_RADIAL
2026-05-18T22:06:03 COLMAP[feature_extractor] I20260518 22:06:02.815127    82 feature_extraction.cc:298]   Focal Length:    2545.54px (Prior)
2026-05-18T22:06:03 COLMAP[feature_extractor] I20260518 22:06:02.815143    82 feature_extraction.cc:302]   Features:        9719 (SIFT)
2026-05-18T22:06:03 COLMAP[feature_extractor] I20260518 22:06:03.073752    82 feature_extraction.cc:316]   GPS:             LAT=40.523, LON=-111.893, ALT=1500.952
2026-05-18T22:06:03 COLMAP[feature_extractor] I20260518 22:06:03.073810    82 feature_extraction.cc:323]   Gravity:         X=0.000, Y=1.000, Z=0.000
2026-05-18T22:06:10 COLMAP[feature_extractor] I20260518 22:06:08.652228    82 feature_extraction.cc:280] Processed file [1077/1710]
2026-05-18T22:06:10 COLMAP[feature_extractor] I20260518 22:06:08.652285    82 feature_extraction.cc:283]   Name:            DJI_01078.JPG
2026-05-18T22:06:10 COLMAP[feature_extractor] I20260518 22:06:08.652297    82 feature_extraction.cc:292]   Dimensions:      4000 x 2250
2026-05-18T22:06:10 COLMAP[feature_extractor] I20260518 22:06:08.652308    82 feature_extraction.cc:295]   Camera:          #1 - SIMPLE_RADIAL
2026-05-18T22:06:10 COLMAP[feature_extractor] I20260518 22:06:08.652320    82 feature_extraction.cc:298]   Focal Length:    2545.54px (Prior)
2026-05-18T22:06:10 COLMAP[feature_extractor] I20260518 22:06:08.652336    82 feature_extraction.cc:302]   Features:        8401 (SIFT)
2026-05-18T22:06:10 COLMAP[feature_extractor] I20260518 22:06:08.957108    82 feature_extraction.cc:316]   GPS:             LAT=40.523, LON=-111.892, ALT=1492.352
2026-05-18T22:06:10 COLMAP[feature_extractor] I20260518 22:06:08.957165    82 feature_extraction.cc:323]   Gravity:         X=0.000, Y=1.000, Z=0.000
2026-05-18T22:06:10 COLMAP[feature_extractor] I20260518 22:06:08.959825    82 feature_extraction.cc:280] Processed file [1078/1710]
2026-05-18T22:06:10 COLMAP[feature_extractor] I20260518 22:06:08.959861    82 feature_extraction.cc:283]   Name:            DJI_01077.JPG
2026-05-18T22:06:10 COLMAP[feature_extractor] I20260518 22:06:08.959872    82 feature_extraction.cc:292]   Dimensions:      4000 x 2250
2026-05-18T22:06:10 COLMAP[feature_extractor] I20260518 22:06:08.959883    82 feature_extraction.cc:295]   Camera:          #1 - SIMPLE_RADIAL
2026-05-18T22:06:10 COLMAP[feature_extractor] I20260518 22:06:08.959895    82 feature_extraction.cc:298]   Focal Length:    2545.54px (Prior)
2026-05-18T22:06:10 COLMAP[feature_extractor] I20260518 22:06:08.959908    82 feature_extraction.cc:302]   Features:        8539 (SIFT)
2026-05-18T22:06:10 COLMAP[feature_extractor] I20260518 22:06:08.959950    82 feature_extraction.cc:316]   GPS:             LAT=40.523, LON=-111.892, ALT=1494.552
2026-05-18T22:06:10 COLMAP[feature_extractor] I20260518 22:06:08.959965    82 feature_extraction.cc:323]   Gravity:         X=0.000, Y=1.000, Z=0.000
2026-05-18T22:06:12 COLMAP[feature_extractor] I20260518 22:06:10.607566    82 feature_extraction.cc:280] Processed file [1079/1710]
2026-05-18T22:06:12 COLMAP[feature_extractor] I20260518 22:06:10.607626    82 feature_extraction.cc:283]   Name:            DJI_01079.JPG
2026-05-18T22:06:12 COLMAP[feature_extractor] I20260518 22:06:10.607638    82 feature_extraction.cc:292]   Dimensions:      4000 x 2250
2026-05-18T22:06:12 COLMAP[feature_extractor] I20260518 22:06:10.607648    82 feature_extraction.cc:295]   Camera:          #1 - SIMPLE_RADIAL
2026-05-18T22:06:12 COLMAP[feature_extractor] I20260518 22:06:10.607657    82 feature_extraction.cc:298]   Focal Length:    2545.54px (Prior)
2026-05-18T22:06:12 COLMAP[feature_extractor] I20260518 22:06:10.607672    82 feature_extraction.cc:302]   Features:        10406 (SIFT)
2026-05-18T22:06:12 COLMAP[feature_extractor] I20260518 22:06:10.783063    82 feature_extraction.cc:316]   GPS:             LAT=40.523, LON=-111.892, ALT=1489.552
2026-05-18T22:06:12 COLMAP[feature_extractor] I20260518 22:06:10.783149    82 feature_extraction.cc:323]   Gravity:         X=0.000, Y=1.000, Z=0.000
2026-05-18T22:06:12 COLMAP[feature_extractor] I20260518 22:06:11.881846    82 feature_extraction.cc:280] Processed file [1080/1710]
2026-05-18T22:06:12 COLMAP[feature_extractor] I20260518 22:06:11.881916    82 feature_extraction.cc:283]   Name:            DJI_01080.JPG
2026-05-18T22:06:12 COLMAP[feature_extractor] I20260518 22:06:11.881929    82 feature_extraction.cc:292]   Dimensions:      4000 x 2250
2026-05-18T22:06:12 COLMAP[feature_extractor] I20260518 22:06:11.881940    82 feature_extraction.cc:295]   Camera:          #1 - SIMPLE_RADIAL
2026-05-18T22:06:12 COLMAP[feature_extractor] I20260518 22:06:11.881951    82 feature_extraction.cc:298]   Focal Length:    2545.54px (Prior)
2026-05-18T22:06:12 COLMAP[feature_extractor] I20260518 22:06:11.881968    82 feature_extraction.cc:302]   Features:        10468 (SIFT)
2026-05-18T22:06:13 COLMAP[feature_extractor] I20260518 22:06:12.220456    82 feature_extraction.cc:316]   GPS:             LAT=40.523, LON=-111.892, ALT=1486.652
2026-05-18T22:06:13 COLMAP[feature_extractor] I20260518 22:06:12.220512    82 feature_extraction.cc:323]   Gravity:         X=0.000, Y=1.000, Z=0.000
2026-05-18T22:06:19 COLMAP[feature_extractor] I20260518 22:06:17.856477    82 feature_extraction.cc:280] Processed file [1081/1710]
2026-05-18T22:06:19 COLMAP[feature_extractor] I20260518 22:06:17.856532    82 feature_extraction.cc:283]   Name:            DJI_01082.JPG
2026-05-18T22:06:19 COLMAP[feature_extractor] I20260518 22:06:17.856544    82 feature_extraction.cc:292]   Dimensions:      4000 x 2250
2026-05-18T22:06:19 COLMAP[feature_extractor] I20260518 22:06:17.856555    82 feature_extraction.cc:295]   Camera:          #1 - SIMPLE_RADIAL
2026-05-18T22:06:19 COLMAP[feature_extractor] I20260518 22:06:17.856567    82 feature_extraction.cc:298]   Focal Length:    2545.54px (Prior)
2026-05-18T22:06:19 COLMAP[feature_extractor] I20260518 22:06:17.856582    82 feature_extraction.cc:302]   Features:        8923 (SIFT)
2026-05-18T22:06:19 COLMAP[feature_extractor] I20260518 22:06:18.134732    82 feature_extraction.cc:316]   GPS:             LAT=40.523, LON=-111.892, ALT=1462.752
2026-05-18T22:06:19 COLMAP[feature_extractor] I20260518 22:06:18.134788    82 feature_extraction.cc:323]   Gravity:         X=0.000, Y=1.000, Z=0.000
2026-05-18T22:06:19 COLMAP[feature_extractor] I20260518 22:06:18.145658    82 feature_extraction.cc:280] Processed file [1082/1710]
2026-05-18T22:06:19 COLMAP[feature_extractor] I20260518 22:06:18.155393    82 feature_extraction.cc:283]   Name:            DJI_01081.JPG
2026-05-18T22:06:19 COLMAP[feature_extractor] I20260518 22:06:18.155736    82 feature_extraction.cc:292]   Dimensions:      4000 x 2250
2026-05-18T22:06:19 COLMAP[feature_extractor] I20260518 22:06:18.155980    82 feature_extraction.cc:295]   Camera:          #1 - SIMPLE_RADIAL
2026-05-18T22:06:19 COLMAP[feature_extractor] I20260518 22:06:18.156208    82 feature_extraction.cc:298]   Focal Length:    2545.54px (Prior)
2026-05-18T22:06:19 COLMAP[feature_extractor] I20260518 22:06:18.156431    82 feature_extraction.cc:302]   Features:        8913 (SIFT)
2026-05-18T22:06:19 COLMAP[feature_extractor] I20260518 22:06:18.584740    82 feature_extraction.cc:316]   GPS:             LAT=40.523, LON=-111.892, ALT=1470.752
2026-05-18T22:06:19 COLMAP[feature_extractor] I20260518 22:06:18.584800    82 feature_extraction.cc:323]   Gravity:         X=0.000, Y=1.000, Z=0.000
2026-05-18T22:06:20 COLMAP[feature_extractor] I20260518 22:06:19.756991    82 feature_extraction.cc:280] Processed file [1083/1710]
2026-05-18T22:06:20 COLMAP[feature_extractor] I20260518 22:06:19.757052    82 feature_extraction.cc:283]   Name:            DJI_01083.JPG
2026-05-18T22:06:20 COLMAP[feature_extractor] I20260518 22:06:19.757064    82 feature_extraction.cc:292]   Dimensions:      4000 x 2250
2026-05-18T22:06:20 COLMAP[feature_extractor] I20260518 22:06:19.757076    82 feature_extraction.cc:295]   Camera:          #1 - SIMPLE_RADIAL
2026-05-18T22:06:20 COLMAP[feature_extractor] I20260518 22:06:19.757087    82 feature_extraction.cc:298]   Focal Length:    2545.54px (Prior)
2026-05-18T22:06:20 COLMAP[feature_extractor] I20260518 22:06:19.757103    82 feature_extraction.cc:302]   Features:        9252 (SIFT)
2026-05-18T22:06:20 COLMAP[feature_extractor] I20260518 22:06:20.113309    82 feature_extraction.cc:316]   GPS:             LAT=40.523, LON=-111.892, ALT=1455.952
2026-05-18T22:06:20 COLMAP[feature_extractor] I20260518 22:06:20.113376    82 feature_extraction.cc:323]   Gravity:         X=0.000, Y=1.000, Z=0.000
2026-05-18T22:06:21 COLMAP[feature_extractor] I20260518 22:06:21.204836    82 feature_extraction.cc:280] Processed file [1084/1710]
2026-05-18T22:06:21 COLMAP[feature_extractor] I20260518 22:06:21.204893    82 feature_extraction.cc:283]   Name:            DJI_01084.JPG
2026-05-18T22:06:21 COLMAP[feature_extractor] I20260518 22:06:21.204906    82 feature_extraction.cc:292]   Dimensions:      4000 x 2250
2026-05-18T22:06:21 COLMAP[feature_extractor] I20260518 22:06:21.204916    82 feature_extraction.cc:295]   Camera:          #1 - SIMPLE_RADIAL
2026-05-18T22:06:21 COLMAP[feature_extractor] I20260518 22:06:21.204928    82 feature_extraction.cc:298]   Focal Length:    2545.54px (Prior)
2026-05-18T22:06:21 COLMAP[feature_extractor] I20260518 22:06:21.204943    82 feature_extraction.cc:302]   Features:        8937 (SIFT)
2026-05-18T22:06:22 COLMAP[feature_extractor] I20260518 22:06:21.383692    82 feature_extraction.cc:316]   GPS:             LAT=40.523, LON=-111.892, ALT=1454.552
2026-05-18T22:06:22 COLMAP[feature_extractor] I20260518 22:06:21.383755    82 feature_extraction.cc:323]   Gravity:         X=0.000, Y=1.000, Z=0.000
2026-05-18T22:06:27 COLMAP[feature_extractor] I20260518 22:06:27.073171    82 feature_extraction.cc:280] Processed file [1085/1710]
2026-05-18T22:06:27 COLMAP[feature_extractor] I20260518 22:06:27.073228    82 feature_extraction.cc:283]   Name:            DJI_01085.JPG
2026-05-18T22:06:27 COLMAP[feature_extractor] I20260518 22:06:27.073275    82 feature_extraction.cc:292]   Dimensions:      4000 x 2250
2026-05-18T22:06:27 COLMAP[feature_extractor] I20260518 22:06:27.073287    82 feature_extraction.cc:295]   Camera:          #1 - SIMPLE_RADIAL
2026-05-18T22:06:27 COLMAP[feature_extractor] I20260518 22:06:27.073298    82 feature_extraction.cc:298]   Focal Length:    2545.54px (Prior)
2026-05-18T22:06:27 COLMAP[feature_extractor] I20260518 22:06:27.073313    82 feature_extraction.cc:302]   Features:        9211 (SIFT)
2026-05-18T22:06:27 COLMAP[feature_extractor] I20260518 22:06:27.476691    82 feature_extraction.cc:316]   GPS:             LAT=40.523, LON=-111.891, ALT=1454.652
2026-05-18T22:06:27 COLMAP[feature_extractor] I20260518 22:06:27.476745    82 feature_extraction.cc:323]   Gravity:         X=0.000, Y=1.000, Z=0.000
2026-05-18T22:06:27 COLMAP[feature_extractor] I20260518 22:06:27.479727    82 feature_extraction.cc:280] Processed file [1086/1710]
2026-05-18T22:06:27 COLMAP[feature_extractor] I20260518 22:06:27.479764    82 feature_extraction.cc:283]   Name:            DJI_01086.JPG
2026-05-18T22:06:27 COLMAP[feature_extractor] I20260518 22:06:27.479775    82 feature_extraction.cc:292]   Dimensions:      4000 x 2250
2026-05-18T22:06:27 COLMAP[feature_extractor] I20260518 22:06:27.479785    82 feature_extraction.cc:295]   Camera:          #1 - SIMPLE_RADIAL
2026-05-18T22:06:27 COLMAP[feature_extractor] I20260518 22:06:27.479797    82 feature_extraction.cc:298]   Focal Length:    2545.54px (Prior)
2026-05-18T22:06:27 COLMAP[feature_extractor] I20260518 22:06:27.479810    82 feature_extraction.cc:302]   Features:        8246 (SIFT)
2026-05-18T22:06:27 COLMAP[feature_extractor] I20260518 22:06:27.479854    82 feature_extraction.cc:316]   GPS:             LAT=40.523, LON=-111.892, ALT=1449.652
2026-05-18T22:06:27 COLMAP[feature_extractor] I20260518 22:06:27.479868    82 feature_extraction.cc:323]   Gravity:         X=0.000, Y=1.000, Z=0.000
2026-05-18T22:06:29 COLMAP[feature_extractor] I20260518 22:06:29.080830    82 feature_extraction.cc:280] Processed file [1087/1710]
2026-05-18T22:06:29 COLMAP[feature_extractor] I20260518 22:06:29.080888    82 feature_extraction.cc:283]   Name:            DJI_01087.JPG
2026-05-18T22:06:29 COLMAP[feature_extractor] I20260518 22:06:29.080900    82 feature_extraction.cc:292]   Dimensions:      4000 x 2250
2026-05-18T22:06:29 COLMAP[feature_extractor] I20260518 22:06:29.080911    82 feature_extraction.cc:295]   Camera:          #1 - SIMPLE_RADIAL
2026-05-18T22:06:29 COLMAP[feature_extractor] I20260518 22:06:29.080922    82 feature_extraction.cc:298]   Focal Length:    2545.54px (Prior)
2026-05-18T22:06:29 COLMAP[feature_extractor] I20260518 22:06:29.080938    82 feature_extraction.cc:302]   Features:        8502 (SIFT)
2026-05-18T22:06:29 COLMAP[feature_extractor] I20260518 22:06:29.349143    82 feature_extraction.cc:316]   GPS:             LAT=40.522, LON=-111.892, ALT=1448.752
2026-05-18T22:06:29 COLMAP[feature_extractor] I20260518 22:06:29.349200    82 feature_extraction.cc:323]   Gravity:         X=0.000, Y=1.000, Z=0.000
2026-05-18T22:06:30 COLMAP[feature_extractor] I20260518 22:06:30.343400    82 feature_extraction.cc:280] Processed file [1088/1710]
2026-05-18T22:06:30 COLMAP[feature_extractor] I20260518 22:06:30.343456    82 feature_extraction.cc:283]   Name:            DJI_01088.JPG
2026-05-18T22:06:30 COLMAP[feature_extractor] I20260518 22:06:30.343468    82 feature_extraction.cc:292]   Dimensions:      4000 x 2250
2026-05-18T22:06:30 COLMAP[feature_extractor] I20260518 22:06:30.343477    82 feature_extraction.cc:295]   Camera:          #1 - SIMPLE_RADIAL
2026-05-18T22:06:30 COLMAP[feature_extractor] I20260518 22:06:30.343487    82 feature_extraction.cc:298]   Focal Length:    2545.54px (Prior)
2026-05-18T22:06:30 COLMAP[feature_extractor] I20260518 22:06:30.343502    82 feature_extraction.cc:302]   Features:        9477 (SIFT)
2026-05-18T22:06:30 COLMAP[feature_extractor] I20260518 22:06:30.552968    82 feature_extraction.cc:316]   GPS:             LAT=40.523, LON=-111.892, ALT=1439.352
2026-05-18T22:06:30 COLMAP[feature_extractor] I20260518 22:06:30.553030    82 feature_extraction.cc:323]   Gravity:         X=0.000, Y=1.000, Z=0.000
2026-05-18T22:06:37 COLMAP[feature_extractor] I20260518 22:06:36.182472    82 feature_extraction.cc:280] Processed file [1089/1710]
2026-05-18T22:06:37 COLMAP[feature_extractor] I20260518 22:06:36.182534    82 feature_extraction.cc:283]   Name:            DJI_01089.JPG
2026-05-18T22:06:37 COLMAP[feature_extractor] I20260518 22:06:36.182547    82 feature_extraction.cc:292]   Dimensions:      4000 x 2250
2026-05-18T22:06:37 COLMAP[feature_extractor] I20260518 22:06:36.182559    82 feature_extraction.cc:295]   Camera:          #1 - SIMPLE_RADIAL
2026-05-18T22:06:37 COLMAP[feature_extractor] I20260518 22:06:36.182570    82 feature_extraction.cc:298]   Focal Length:    2545.54px (Prior)
2026-05-18T22:06:37 COLMAP[feature_extractor] I20260518 22:06:36.182585    82 feature_extraction.cc:302]   Features:        8700 (SIFT)
2026-05-18T22:06:37 COLMAP[feature_extractor] I20260518 22:06:36.439530    82 feature_extraction.cc:316]   GPS:             LAT=40.523, LON=-111.892, ALT=1432.652
2026-05-18T22:06:37 COLMAP[feature_extractor] I20260518 22:06:36.439584    82 feature_extraction.cc:323]   Gravity:         X=0.000, Y=1.000, Z=0.000
2026-05-18T22:06:37 COLMAP[feature_extractor] I20260518 22:06:36.482836    82 feature_extraction.cc:280] Processed file [1090/1710]
2026-05-18T22:06:37 COLMAP[feature_extractor] I20260518 22:06:36.482880    82 feature_extraction.cc:283]   Name:            DJI_01090.JPG
2026-05-18T22:06:37 COLMAP[feature_extractor] I20260518 22:06:36.482892    82 feature_extraction.cc:292]   Dimensions:      4000 x 2250
2026-05-18T22:06:37 COLMAP[feature_extractor] I20260518 22:06:36.482903    82 feature_extraction.cc:295]   Camera:          #1 - SIMPLE_RADIAL
2026-05-18T22:06:37 COLMAP[feature_extractor] I20260518 22:06:36.482914    82 feature_extraction.cc:298]   Focal Length:    2545.54px (Prior)
2026-05-18T22:06:37 COLMAP[feature_extractor] I20260518 22:06:36.482956    82 feature_extraction.cc:302]   Features:        8727 (SIFT)
2026-05-18T22:06:37 COLMAP[feature_extractor] I20260518 22:06:36.782035    82 feature_extraction.cc:316]   GPS:             LAT=40.523, LON=-111.892, ALT=1432.852
2026-05-18T22:06:37 COLMAP[feature_extractor] I20260518 22:06:36.782086    82 feature_extraction.cc:323]   Gravity:         X=0.000, Y=1.000, Z=0.000
2026-05-18T22:06:38 COLMAP[feature_extractor] I20260518 22:06:38.277222    82 feature_extraction.cc:280] Processed file [1091/1710]
2026-05-18T22:06:38 COLMAP[feature_extractor] I20260518 22:06:38.277280    82 feature_extraction.cc:283]   Name:            DJI_01091.JPG
2026-05-18T22:06:38 COLMAP[feature_extractor] I20260518 22:06:38.277292    82 feature_extraction.cc:292]   Dimensions:      4000 x 2250
2026-05-18T22:06:38 COLMAP[feature_extractor] I20260518 22:06:38.277303    82 feature_extraction.cc:295]   Camera:          #1 - SIMPLE_RADIAL
2026-05-18T22:06:38 COLMAP[feature_extractor] I20260518 22:06:38.277314    82 feature_extraction.cc:298]   Focal Length:    2545.54px (Prior)
2026-05-18T22:06:38 COLMAP[feature_extractor] I20260518 22:06:38.277330    82 feature_extraction.cc:302]   Features:        8222 (SIFT)
2026-05-18T22:06:39 COLMAP[feature_extractor] I20260518 22:06:38.545415    82 feature_extraction.cc:316]   GPS:             LAT=40.523, LON=-111.892, ALT=1432.152
2026-05-18T22:06:39 COLMAP[feature_extractor] I20260518 22:06:38.545465    82 feature_extraction.cc:323]   Gravity:         X=0.000, Y=1.000, Z=0.000
2026-05-18T22:06:40 COLMAP[feature_extractor] I20260518 22:06:39.446740    82 feature_extraction.cc:280] Processed file [1092/1710]
2026-05-18T22:06:40 COLMAP[feature_extractor] I20260518 22:06:39.446796    82 feature_extraction.cc:283]   Name:            DJI_01092.JPG
2026-05-18T22:06:40 COLMAP[feature_extractor] I20260518 22:06:39.446808    82 feature_extraction.cc:292]   Dimensions:      4000 x 2250
2026-05-18T22:06:40 COLMAP[feature_extractor] I20260518 22:06:39.446820    82 feature_extraction.cc:295]   Camera:          #1 - SIMPLE_RADIAL
2026-05-18T22:06:40 COLMAP[feature_extractor] I20260518 22:06:39.446831    82 feature_extraction.cc:298]   Focal Length:    2545.54px (Prior)
2026-05-18T22:06:40 COLMAP[feature_extractor] I20260518 22:06:39.446847    82 feature_extraction.cc:302]   Features:        9040 (SIFT)
2026-05-18T22:06:40 COLMAP[feature_extractor] I20260518 22:06:39.717603    82 feature_extraction.cc:316]   GPS:             LAT=40.523, LON=-111.892, ALT=1432.552
2026-05-18T22:06:40 COLMAP[feature_extractor] I20260518 22:06:39.717659    82 feature_extraction.cc:323]   Gravity:         X=0.000, Y=1.000, Z=0.000
2026-05-18T22:06:46 COLMAP[feature_extractor] I20260518 22:06:45.634286    82 feature_extraction.cc:280] Processed file [1093/1710]
2026-05-18T22:06:46 COLMAP[feature_extractor] I20260518 22:06:45.634359    82 feature_extraction.cc:283]   Name:            DJI_01093.JPG
2026-05-18T22:06:46 COLMAP[feature_extractor] I20260518 22:06:45.634372    82 feature_extraction.cc:292]   Dimensions:      4000 x 2250
2026-05-18T22:06:46 COLMAP[feature_extractor] I20260518 22:06:45.634383    82 feature_extraction.cc:295]   Camera:          #1 - SIMPLE_RADIAL
2026-05-18T22:06:46 COLMAP[feature_extractor] I20260518 22:06:45.634394    82 feature_extraction.cc:298]   Focal Length:    2545.54px (Prior)
2026-05-18T22:06:46 COLMAP[feature_extractor] I20260518 22:06:45.634409    82 feature_extraction.cc:302]   Features:        8842 (SIFT)
2026-05-18T22:06:46 COLMAP[feature_extractor] I20260518 22:06:45.854638    82 feature_extraction.cc:316]   GPS:             LAT=40.523, LON=-111.892, ALT=1430.752
2026-05-18T22:06:46 COLMAP[feature_extractor] I20260518 22:06:45.854691    82 feature_extraction.cc:323]   Gravity:         X=0.000, Y=1.000, Z=0.000
2026-05-18T22:06:46 COLMAP[feature_extractor] I20260518 22:06:45.864617    82 feature_extraction.cc:280] Processed file [1094/1710]
2026-05-18T22:06:46 COLMAP[feature_extractor] I20260518 22:06:45.871464    82 feature_extraction.cc:283]   Name:            DJI_01094.JPG
2026-05-18T22:06:46 COLMAP[feature_extractor] I20260518 22:06:45.871832    82 feature_extraction.cc:292]   Dimensions:      4000 x 2250
2026-05-18T22:06:46 COLMAP[feature_extractor] I20260518 22:06:45.872133    82 feature_extraction.cc:295]   Camera:          #1 - SIMPLE_RADIAL
2026-05-18T22:06:46 COLMAP[feature_extractor] I20260518 22:06:45.872395    82 feature_extraction.cc:298]   Focal Length:    2545.54px (Prior)
2026-05-18T22:06:46 COLMAP[feature_extractor] I20260518 22:06:45.872674    82 feature_extraction.cc:302]   Features:        8713 (SIFT)
2026-05-18T22:06:46 COLMAP[feature_extractor] I20260518 22:06:46.191174    82 feature_extraction.cc:316]   GPS:             LAT=40.523, LON=-111.892, ALT=1429.552
2026-05-18T22:06:46 COLMAP[feature_extractor] I20260518 22:06:46.191229    82 feature_extraction.cc:323]   Gravity:         X=0.000, Y=1.000, Z=0.000
2026-05-18T22:06:47 COLMAP[feature_extractor] I20260518 22:06:47.309090    82 feature_extraction.cc:280] Processed file [1095/1710]
2026-05-18T22:06:47 COLMAP[feature_extractor] I20260518 22:06:47.309149    82 feature_extraction.cc:283]   Name:            DJI_01095.JPG
2026-05-18T22:06:47 COLMAP[feature_extractor] I20260518 22:06:47.309160    82 feature_extraction.cc:292]   Dimensions:      4000 x 2250
2026-05-18T22:06:47 COLMAP[feature_extractor] I20260518 22:06:47.309171    82 feature_extraction.cc:295]   Camera:          #1 - SIMPLE_RADIAL
2026-05-18T22:06:47 COLMAP[feature_extractor] I20260518 22:06:47.309183    82 feature_extraction.cc:298]   Focal Length:    2545.54px (Prior)
2026-05-18T22:06:47 COLMAP[feature_extractor] I20260518 22:06:47.309199    82 feature_extraction.cc:302]   Features:        8356 (SIFT)
2026-05-18T22:06:47 COLMAP[feature_extractor] I20260518 22:06:47.580156    82 feature_extraction.cc:316]   GPS:             LAT=40.523, LON=-111.892, ALT=1429.452
2026-05-18T22:06:47 COLMAP[feature_extractor] I20260518 22:06:47.580219    82 feature_extraction.cc:323]   Gravity:         X=0.000, Y=1.000, Z=0.000
2026-05-18T22:06:48 COLMAP[feature_extractor] I20260518 22:06:48.731400    82 feature_extraction.cc:280] Processed file [1096/1710]
2026-05-18T22:06:49 COLMAP[feature_extractor] I20260518 22:06:48.731453    82 feature_extraction.cc:283]   Name:            DJI_01096.JPG
2026-05-18T22:06:49 COLMAP[feature_extractor] I20260518 22:06:48.731465    82 feature_extraction.cc:292]   Dimensions:      4000 x 2250
2026-05-18T22:06:49 COLMAP[feature_extractor] I20260518 22:06:48.731477    82 feature_extraction.cc:295]   Camera:          #1 - SIMPLE_RADIAL
2026-05-18T22:06:49 COLMAP[feature_extractor] I20260518 22:06:48.731487    82 feature_extraction.cc:298]   Focal Length:    2545.54px (Prior)
2026-05-18T22:06:49 COLMAP[feature_extractor] I20260518 22:06:48.731503    82 feature_extraction.cc:302]   Features:        9889 (SIFT)
2026-05-18T22:06:49 COLMAP[feature_extractor] I20260518 22:06:48.889026    82 feature_extraction.cc:316]   GPS:             LAT=40.523, LON=-111.892, ALT=1424.552
2026-05-18T22:06:49 COLMAP[feature_extractor] I20260518 22:06:48.889084    82 feature_extraction.cc:323]   Gravity:         X=0.000, Y=1.000, Z=0.000
2026-05-18T22:06:55 COLMAP[feature_extractor] I20260518 22:06:54.902393    82 feature_extraction.cc:280] Processed file [1097/1710]
2026-05-18T22:06:55 COLMAP[feature_extractor] I20260518 22:06:54.902446    82 feature_extraction.cc:283]   Name:            DJI_01097.JPG
2026-05-18T22:06:55 COLMAP[feature_extractor] I20260518 22:06:54.902458    82 feature_extraction.cc:292]   Dimensions:      4000 x 2250
2026-05-18T22:06:55 COLMAP[feature_extractor] I20260518 22:06:54.902469    82 feature_extraction.cc:295]   Camera:          #1 - SIMPLE_RADIAL
2026-05-18T22:06:55 COLMAP[feature_extractor] I20260518 22:06:54.902480    82 feature_extraction.cc:298]   Focal Length:    2545.54px (Prior)
2026-05-18T22:06:55 COLMAP[feature_extractor] I20260518 22:06:54.902496    82 feature_extraction.cc:302]   Features:        9879 (SIFT)
2026-05-18T22:06:56 COLMAP[feature_extractor] I20260518 22:06:55.286913    82 feature_extraction.cc:316]   GPS:             LAT=40.523, LON=-111.892, ALT=1424.452
2026-05-18T22:06:56 COLMAP[feature_extractor] I20260518 22:06:55.286968    82 feature_extraction.cc:323]   Gravity:         X=0.000, Y=1.000, Z=0.000
2026-05-18T22:06:56 COLMAP[feature_extractor] I20260518 22:06:55.289871    82 feature_extraction.cc:280] Processed file [1098/1710]
2026-05-18T22:06:56 COLMAP[feature_extractor] I20260518 22:06:55.289908    82 feature_extraction.cc:283]   Name:            DJI_01098.JPG
2026-05-18T22:06:56 COLMAP[feature_extractor] I20260518 22:06:55.289919    82 feature_extraction.cc:292]   Dimensions:      4000 x 2250
2026-05-18T22:06:56 COLMAP[feature_extractor] I20260518 22:06:55.289930    82 feature_extraction.cc:295]   Camera:          #1 - SIMPLE_RADIAL
2026-05-18T22:06:56 COLMAP[feature_extractor] I20260518 22:06:55.289963    82 feature_extraction.cc:298]   Focal Length:    2545.54px (Prior)
2026-05-18T22:06:56 COLMAP[feature_extractor] I20260518 22:06:55.289978    82 feature_extraction.cc:302]   Features:        10647 (SIFT)
2026-05-18T22:06:56 COLMAP[feature_extractor] I20260518 22:06:55.290019    82 feature_extraction.cc:316]   GPS:             LAT=40.523, LON=-111.892, ALT=1416.452
2026-05-18T22:06:56 COLMAP[feature_extractor] I20260518 22:06:55.290032    82 feature_extraction.cc:323]   Gravity:         X=0.000, Y=1.000, Z=0.000
2026-05-18T22:06:57 COLMAP[feature_extractor] I20260518 22:06:56.685496    82 feature_extraction.cc:280] Processed file [1099/1710]
2026-05-18T22:06:57 COLMAP[feature_extractor] I20260518 22:06:56.685554    82 feature_extraction.cc:283]   Name:            DJI_01099.JPG
2026-05-18T22:06:57 COLMAP[feature_extractor] I20260518 22:06:56.685565    82 feature_extraction.cc:292]   Dimensions:      4000 x 2250
2026-05-18T22:06:57 COLMAP[feature_extractor] I20260518 22:06:56.685576    82 feature_extraction.cc:295]   Camera:          #1 - SIMPLE_RADIAL
2026-05-18T22:06:57 COLMAP[feature_extractor] I20260518 22:06:56.685587    82 feature_extraction.cc:298]   Focal Length:    2545.54px (Prior)
2026-05-18T22:06:57 COLMAP[feature_extractor] I20260518 22:06:56.685603    82 feature_extraction.cc:302]   Features:        11394 (SIFT)
2026-05-18T22:06:57 COLMAP[feature_extractor] I20260518 22:06:56.920639    82 feature_extraction.cc:316]   GPS:             LAT=40.523, LON=-111.892, ALT=1416.852
2026-05-18T22:06:57 COLMAP[feature_extractor] I20260518 22:06:56.920694    82 feature_extraction.cc:323]   Gravity:         X=0.000, Y=1.000, Z=0.000
2026-05-18T22:06:58 COLMAP[feature_extractor] I20260518 22:06:57.889570    82 feature_extraction.cc:280] Processed file [1100/1710]
2026-05-18T22:06:58 COLMAP[feature_extractor] I20260518 22:06:57.889626    82 feature_extraction.cc:283]   Name:            DJI_01100.JPG
2026-05-18T22:06:58 COLMAP[feature_extractor] I20260518 22:06:57.889638    82 feature_extraction.cc:292]   Dimensions:      4000 x 2250
2026-05-18T22:06:58 COLMAP[feature_extractor] I20260518 22:06:57.889648    82 feature_extraction.cc:295]   Camera:          #1 - SIMPLE_RADIAL
2026-05-18T22:06:58 COLMAP[feature_extractor] I20260518 22:06:57.889660    82 feature_extraction.cc:298]   Focal Length:    2545.54px (Prior)
2026-05-18T22:06:58 COLMAP[feature_extractor] I20260518 22:06:57.889675    82 feature_extraction.cc:302]   Features:        9965 (SIFT)
2026-05-18T22:06:59 COLMAP[feature_extractor] I20260518 22:06:58.262169    82 feature_extraction.cc:316]   GPS:             LAT=40.523, LON=-111.892, ALT=1416.414
2026-05-18T22:06:59 COLMAP[feature_extractor] I20260518 22:06:58.262226    82 feature_extraction.cc:323]   Gravity:         X=0.000, Y=1.000, Z=0.000
2026-05-18T22:07:04 COLMAP[feature_extractor] I20260518 22:07:04.129892    82 feature_extraction.cc:280] Processed file [1101/1710]
2026-05-18T22:07:04 COLMAP[feature_extractor] I20260518 22:07:04.129944    82 feature_extraction.cc:283]   Name:            DJI_01102.JPG
2026-05-18T22:07:04 COLMAP[feature_extractor] I20260518 22:07:04.129957    82 feature_extraction.cc:292]   Dimensions:      4000 x 2250
2026-05-18T22:07:04 COLMAP[feature_extractor] I20260518 22:07:04.129968    82 feature_extraction.cc:295]   Camera:          #1 - SIMPLE_RADIAL
2026-05-18T22:07:04 COLMAP[feature_extractor] I20260518 22:07:04.129980    82 feature_extraction.cc:298]   Focal Length:    2545.54px (Prior)
2026-05-18T22:07:04 COLMAP[feature_extractor] I20260518 22:07:04.129997    82 feature_extraction.cc:302]   Features:        9058 (SIFT)
2026-05-18T22:07:05 COLMAP[feature_extractor] I20260518 22:07:04.450105    82 feature_extraction.cc:316]   GPS:             LAT=40.523, LON=-111.892, ALT=1416.614
2026-05-18T22:07:05 COLMAP[feature_extractor] I20260518 22:07:04.450160    82 feature_extraction.cc:323]   Gravity:         X=0.000, Y=1.000, Z=0.000
2026-05-18T22:07:05 COLMAP[feature_extractor] I20260518 22:07:04.452811    82 feature_extraction.cc:280] Processed file [1102/1710]
2026-05-18T22:07:05 COLMAP[feature_extractor] I20260518 22:07:04.452848    82 feature_extraction.cc:283]   Name:            DJI_01101.JPG
2026-05-18T22:07:05 COLMAP[feature_extractor] I20260518 22:07:04.452859    82 feature_extraction.cc:292]   Dimensions:      4000 x 2250
2026-05-18T22:07:05 COLMAP[feature_extractor] I20260518 22:07:04.452869    82 feature_extraction.cc:295]   Camera:          #1 - SIMPLE_RADIAL
2026-05-18T22:07:05 COLMAP[feature_extractor] I20260518 22:07:04.452881    82 feature_extraction.cc:298]   Focal Length:    2545.54px (Prior)
2026-05-18T22:07:05 COLMAP[feature_extractor] I20260518 22:07:04.452894    82 feature_extraction.cc:302]   Features:        9110 (SIFT)
2026-05-18T22:07:05 COLMAP[feature_extractor] I20260518 22:07:04.452963    82 feature_extraction.cc:316]   GPS:             LAT=40.523, LON=-111.892, ALT=1416.814
2026-05-18T22:07:05 COLMAP[feature_extractor] I20260518 22:07:04.452978    82 feature_extraction.cc:323]   Gravity:         X=0.000, Y=1.000, Z=0.000
2026-05-18T22:07:07 COLMAP[feature_extractor] I20260518 22:07:05.795552    82 feature_extraction.cc:280] Processed file [1103/1710]
2026-05-18T22:07:07 COLMAP[feature_extractor] I20260518 22:07:05.795609    82 feature_extraction.cc:283]   Name:            DJI_01103.JPG
2026-05-18T22:07:07 COLMAP[feature_extractor] I20260518 22:07:05.795621    82 feature_extraction.cc:292]   Dimensions:      4000 x 2250
2026-05-18T22:07:07 COLMAP[feature_extractor] I20260518 22:07:05.795632    82 feature_extraction.cc:295]   Camera:          #1 - SIMPLE_RADIAL
2026-05-18T22:07:07 COLMAP[feature_extractor] I20260518 22:07:05.795643    82 feature_extraction.cc:298]   Focal Length:    2545.54px (Prior)
2026-05-18T22:07:07 COLMAP[feature_extractor] I20260518 22:07:05.795660    82 feature_extraction.cc:302]   Features:        9024 (SIFT)
2026-05-18T22:07:07 COLMAP[feature_extractor] I20260518 22:07:06.063552    82 feature_extraction.cc:316]   GPS:             LAT=40.523, LON=-111.892, ALT=1416.114
2026-05-18T22:07:07 COLMAP[feature_extractor] I20260518 22:07:06.063645    82 feature_extraction.cc:323]   Gravity:         X=0.000, Y=1.000, Z=0.000
2026-05-18T22:07:08 COLMAP[feature_extractor] I20260518 22:07:07.364864    82 feature_extraction.cc:280] Processed file [1104/1710]
2026-05-18T22:07:08 COLMAP[feature_extractor] I20260518 22:07:07.364918    82 feature_extraction.cc:283]   Name:            DJI_01104.JPG
2026-05-18T22:07:08 COLMAP[feature_extractor] I20260518 22:07:07.364930    82 feature_extraction.cc:292]   Dimensions:      4000 x 2250
2026-05-18T22:07:08 COLMAP[feature_extractor] I20260518 22:07:07.364941    82 feature_extraction.cc:295]   Camera:          #1 - SIMPLE_RADIAL
2026-05-18T22:07:08 COLMAP[feature_extractor] I20260518 22:07:07.364953    82 feature_extraction.cc:298]   Focal Length:    2545.54px (Prior)
2026-05-18T22:07:08 COLMAP[feature_extractor] I20260518 22:07:07.364969    82 feature_extraction.cc:302]   Features:        8953 (SIFT)
2026-05-18T22:07:08 COLMAP[feature_extractor] I20260518 22:07:07.628400    82 feature_extraction.cc:316]   GPS:             LAT=40.523, LON=-111.892, ALT=1417.114
2026-05-18T22:07:08 COLMAP[feature_extractor] I20260518 22:07:07.628453    82 feature_extraction.cc:323]   Gravity:         X=0.000, Y=1.000, Z=0.000
2026-05-18T22:07:13 COLMAP[feature_extractor] I20260518 22:07:13.231637    82 feature_extraction.cc:280] Processed file [1105/1710]
2026-05-18T22:07:13 COLMAP[feature_extractor] I20260518 22:07:13.231693    82 feature_extraction.cc:283]   Name:            DJI_01105.JPG
2026-05-18T22:07:13 COLMAP[feature_extractor] I20260518 22:07:13.231705    82 feature_extraction.cc:292]   Dimensions:      4000 x 2250
2026-05-18T22:07:13 COLMAP[feature_extractor] I20260518 22:07:13.231715    82 feature_extraction.cc:295]   Camera:          #1 - SIMPLE_RADIAL
2026-05-18T22:07:13 COLMAP[feature_extractor] I20260518 22:07:13.231727    82 feature_extraction.cc:298]   Focal Length:    2545.54px (Prior)
2026-05-18T22:07:13 COLMAP[feature_extractor] I20260518 22:07:13.231742    82 feature_extraction.cc:302]   Features:        8647 (SIFT)
2026-05-18T22:07:13 COLMAP[feature_extractor] I20260518 22:07:13.537521    82 feature_extraction.cc:316]   GPS:             LAT=40.523, LON=-111.891, ALT=1417.614
2026-05-18T22:07:13 COLMAP[feature_extractor] I20260518 22:07:13.537576    82 feature_extraction.cc:323]   Gravity:         X=0.000, Y=1.000, Z=0.000
2026-05-18T22:07:13 COLMAP[feature_extractor] I20260518 22:07:13.646478    82 feature_extraction.cc:280] Processed file [1106/1710]
2026-05-18T22:07:13 COLMAP[feature_extractor] I20260518 22:07:13.646528    82 feature_extraction.cc:283]   Name:            DJI_01106.JPG
2026-05-18T22:07:13 COLMAP[feature_extractor] I20260518 22:07:13.646539    82 feature_extraction.cc:292]   Dimensions:      4000 x 2250
2026-05-18T22:07:13 COLMAP[feature_extractor] I20260518 22:07:13.646549    82 feature_extraction.cc:295]   Camera:          #1 - SIMPLE_RADIAL
2026-05-18T22:07:13 COLMAP[feature_extractor] I20260518 22:07:13.646561    82 feature_extraction.cc:298]   Focal Length:    2545.54px (Prior)
2026-05-18T22:07:13 COLMAP[feature_extractor] I20260518 22:07:13.646576    82 feature_extraction.cc:302]   Features:        8640 (SIFT)
2026-05-18T22:07:13 COLMAP[feature_extractor] I20260518 22:07:13.842340    82 feature_extraction.cc:316]   GPS:             LAT=40.523, LON=-111.891, ALT=1418.114
2026-05-18T22:07:13 COLMAP[feature_extractor] I20260518 22:07:13.842393    82 feature_extraction.cc:323]   Gravity:         X=0.000, Y=1.000, Z=0.000
2026-05-18T22:07:15 COLMAP[feature_extractor] I20260518 22:07:15.039305    82 feature_extraction.cc:280] Processed file [1107/1710]
2026-05-18T22:07:15 COLMAP[feature_extractor] I20260518 22:07:15.039359    82 feature_extraction.cc:283]   Name:            DJI_01107.JPG
2026-05-18T22:07:15 COLMAP[feature_extractor] I20260518 22:07:15.039384    82 feature_extraction.cc:292]   Dimensions:      4000 x 2250
2026-05-18T22:07:15 COLMAP[feature_extractor] I20260518 22:07:15.039395    82 feature_extraction.cc:295]   Camera:          #1 - SIMPLE_RADIAL
2026-05-18T22:07:15 COLMAP[feature_extractor] I20260518 22:07:15.039405    82 feature_extraction.cc:298]   Focal Length:    2545.54px (Prior)
2026-05-18T22:07:15 COLMAP[feature_extractor] I20260518 22:07:15.039419    82 feature_extraction.cc:302]   Features:        8642 (SIFT)
2026-05-18T22:07:15 COLMAP[feature_extractor] I20260518 22:07:15.225622    82 feature_extraction.cc:316]   GPS:             LAT=40.523, LON=-111.891, ALT=1418.314
2026-05-18T22:07:15 COLMAP[feature_extractor] I20260518 22:07:15.225682    82 feature_extraction.cc:323]   Gravity:         X=0.000, Y=1.000, Z=0.000
2026-05-18T22:07:17 COLMAP[feature_extractor] I20260518 22:07:16.623210    82 feature_extraction.cc:280] Processed file [1108/1710]
2026-05-18T22:07:17 COLMAP[feature_extractor] I20260518 22:07:16.623296    82 feature_extraction.cc:283]   Name:            DJI_01108.JPG
2026-05-18T22:07:17 COLMAP[feature_extractor] I20260518 22:07:16.623309    82 feature_extraction.cc:292]   Dimensions:      4000 x 2250
2026-05-18T22:07:17 COLMAP[feature_extractor] I20260518 22:07:16.623320    82 feature_extraction.cc:295]   Camera:          #1 - SIMPLE_RADIAL
2026-05-18T22:07:17 COLMAP[feature_extractor] I20260518 22:07:16.623332    82 feature_extraction.cc:298]   Focal Length:    2545.54px (Prior)
2026-05-18T22:07:17 COLMAP[feature_extractor] I20260518 22:07:16.623346    82 feature_extraction.cc:302]   Features:        8507 (SIFT)
2026-05-18T22:07:17 COLMAP[feature_extractor] I20260518 22:07:16.851965    82 feature_extraction.cc:316]   GPS:             LAT=40.523, LON=-111.891, ALT=1418.114
2026-05-18T22:07:17 COLMAP[feature_extractor] I20260518 22:07:16.852018    82 feature_extraction.cc:323]   Gravity:         X=0.000, Y=1.000, Z=0.000
2026-05-18T22:07:22 COLMAP[feature_extractor] I20260518 22:07:22.518339    82 feature_extraction.cc:280] Processed file [1109/1710]
2026-05-18T22:07:22 COLMAP[feature_extractor] I20260518 22:07:22.518391    82 feature_extraction.cc:283]   Name:            DJI_01109.JPG
2026-05-18T22:07:22 COLMAP[feature_extractor] I20260518 22:07:22.518404    82 feature_extraction.cc:292]   Dimensions:      4000 x 2250
2026-05-18T22:07:22 COLMAP[feature_extractor] I20260518 22:07:22.518414    82 feature_extraction.cc:295]   Camera:          #1 - SIMPLE_RADIAL
2026-05-18T22:07:22 COLMAP[feature_extractor] I20260518 22:07:22.518425    82 feature_extraction.cc:298]   Focal Length:    2545.54px (Prior)
2026-05-18T22:07:22 COLMAP[feature_extractor] I20260518 22:07:22.518441    82 feature_extraction.cc:302]   Features:        10903 (SIFT)
2026-05-18T22:07:23 COLMAP[feature_extractor] I20260518 22:07:22.745383    82 feature_extraction.cc:316]   GPS:             LAT=40.523, LON=-111.891, ALT=1422.614
2026-05-18T22:07:23 COLMAP[feature_extractor] I20260518 22:07:22.745433    82 feature_extraction.cc:323]   Gravity:         X=0.000, Y=1.000, Z=0.000
2026-05-18T22:07:23 COLMAP[feature_extractor] I20260518 22:07:22.884071    82 feature_extraction.cc:280] Processed file [1110/1710]
2026-05-18T22:07:23 COLMAP[feature_extractor] I20260518 22:07:22.884119    82 feature_extraction.cc:283]   Name:            DJI_01110.JPG
2026-05-18T22:07:23 COLMAP[feature_extractor] I20260518 22:07:22.884131    82 feature_extraction.cc:292]   Dimensions:      4000 x 2250
2026-05-18T22:07:23 COLMAP[feature_extractor] I20260518 22:07:22.884142    82 feature_extraction.cc:295]   Camera:          #1 - SIMPLE_RADIAL
2026-05-18T22:07:23 COLMAP[feature_extractor] I20260518 22:07:22.884153    82 feature_extraction.cc:298]   Focal Length:    2545.54px (Prior)
2026-05-18T22:07:23 COLMAP[feature_extractor] I20260518 22:07:22.884168    82 feature_extraction.cc:302]   Features:        8446 (SIFT)
2026-05-18T22:07:23 COLMAP[feature_extractor] I20260518 22:07:23.179147    82 feature_extraction.cc:316]   GPS:             LAT=40.523, LON=-111.891, ALT=1422.414
2026-05-18T22:07:23 COLMAP[feature_extractor] I20260518 22:07:23.179199    82 feature_extraction.cc:323]   Gravity:         X=0.000, Y=1.000, Z=0.000
2026-05-18T22:07:24 COLMAP[feature_extractor] I20260518 22:07:24.344367    82 feature_extraction.cc:280] Processed file [1111/1710]
2026-05-18T22:07:24 COLMAP[feature_extractor] I20260518 22:07:24.344424    82 feature_extraction.cc:283]   Name:            DJI_01111.JPG
2026-05-18T22:07:24 COLMAP[feature_extractor] I20260518 22:07:24.344436    82 feature_extraction.cc:292]   Dimensions:      4000 x 2250
2026-05-18T22:07:24 COLMAP[feature_extractor] I20260518 22:07:24.344447    82 feature_extraction.cc:295]   Camera:          #1 - SIMPLE_RADIAL
2026-05-18T22:07:24 COLMAP[feature_extractor] I20260518 22:07:24.344458    82 feature_extraction.cc:298]   Focal Length:    2545.54px (Prior)
2026-05-18T22:07:24 COLMAP[feature_extractor] I20260518 22:07:24.344475    82 feature_extraction.cc:302]   Features:        9228 (SIFT)
2026-05-18T22:07:24 COLMAP[feature_extractor] I20260518 22:07:24.620963    82 feature_extraction.cc:316]   GPS:             LAT=40.523, LON=-111.891, ALT=1422.814
2026-05-18T22:07:24 COLMAP[feature_extractor] I20260518 22:07:24.621019    82 feature_extraction.cc:323]   Gravity:         X=0.000, Y=1.000, Z=0.000
2026-05-18T22:07:26 COLMAP[feature_extractor] I20260518 22:07:26.002987    82 feature_extraction.cc:280] Processed file [1112/1710]
2026-05-18T22:07:26 COLMAP[feature_extractor] I20260518 22:07:26.003046    82 feature_extraction.cc:283]   Name:            DJI_01112.JPG
2026-05-18T22:07:26 COLMAP[feature_extractor] I20260518 22:07:26.003058    82 feature_extraction.cc:292]   Dimensions:      4000 x 2250
2026-05-18T22:07:26 COLMAP[feature_extractor] I20260518 22:07:26.003069    82 feature_extraction.cc:295]   Camera:          #1 - SIMPLE_RADIAL
2026-05-18T22:07:26 COLMAP[feature_extractor] I20260518 22:07:26.003082    82 feature_extraction.cc:298]   Focal Length:    2545.54px (Prior)
2026-05-18T22:07:26 COLMAP[feature_extractor] I20260518 22:07:26.003096    82 feature_extraction.cc:302]   Features:        9580 (SIFT)
2026-05-18T22:07:26 COLMAP[feature_extractor] I20260518 22:07:26.268863    82 feature_extraction.cc:316]   GPS:             LAT=40.523, LON=-111.891, ALT=1423.014
2026-05-18T22:07:26 COLMAP[feature_extractor] I20260518 22:07:26.268918    82 feature_extraction.cc:323]   Gravity:         X=0.000, Y=1.000, Z=0.000
2026-05-18T22:07:32 COLMAP[feature_extractor] I20260518 22:07:31.694416    82 feature_extraction.cc:280] Processed file [1113/1710]
2026-05-18T22:07:32 COLMAP[feature_extractor] I20260518 22:07:31.694471    82 feature_extraction.cc:283]   Name:            DJI_01113.JPG
2026-05-18T22:07:32 COLMAP[feature_extractor] I20260518 22:07:31.694483    82 feature_extraction.cc:292]   Dimensions:      4000 x 2250
2026-05-18T22:07:32 COLMAP[feature_extractor] I20260518 22:07:31.694494    82 feature_extraction.cc:295]   Camera:          #1 - SIMPLE_RADIAL
2026-05-18T22:07:32 COLMAP[feature_extractor] I20260518 22:07:31.694542    82 feature_extraction.cc:298]   Focal Length:    2545.54px (Prior)
2026-05-18T22:07:32 COLMAP[feature_extractor] I20260518 22:07:31.694559    82 feature_extraction.cc:302]   Features:        9433 (SIFT)
2026-05-18T22:07:32 COLMAP[feature_extractor] I20260518 22:07:31.977641    82 feature_extraction.cc:316]   GPS:             LAT=40.523, LON=-111.891, ALT=1420.814
2026-05-18T22:07:32 COLMAP[feature_extractor] I20260518 22:07:31.977698    82 feature_extraction.cc:323]   Gravity:         X=0.000, Y=1.000, Z=0.000
2026-05-18T22:07:32 COLMAP[feature_extractor] I20260518 22:07:31.980463    82 feature_extraction.cc:280] Processed file [1114/1710]
2026-05-18T22:07:32 COLMAP[feature_extractor] I20260518 22:07:31.980499    82 feature_extraction.cc:283]   Name:            DJI_01114.JPG
2026-05-18T22:07:32 COLMAP[feature_extractor] I20260518 22:07:31.980510    82 feature_extraction.cc:292]   Dimensions:      4000 x 2250
2026-05-18T22:07:32 COLMAP[feature_extractor] I20260518 22:07:31.980521    82 feature_extraction.cc:295]   Camera:          #1 - SIMPLE_RADIAL
2026-05-18T22:07:32 COLMAP[feature_extractor] I20260518 22:07:31.980532    82 feature_extraction.cc:298]   Focal Length:    2545.54px (Prior)
2026-05-18T22:07:32 COLMAP[feature_extractor] I20260518 22:07:31.980545    82 feature_extraction.cc:302]   Features:        8539 (SIFT)
2026-05-18T22:07:32 COLMAP[feature_extractor] I20260518 22:07:31.980587    82 feature_extraction.cc:316]   GPS:             LAT=40.523, LON=-111.892, ALT=1420.214
2026-05-18T22:07:32 COLMAP[feature_extractor] I20260518 22:07:31.980602    82 feature_extraction.cc:323]   Gravity:         X=0.000, Y=1.000, Z=0.000
2026-05-18T22:07:33 COLMAP[feature_extractor] I20260518 22:07:33.616765    82 feature_extraction.cc:280] Processed file [1115/1710]
2026-05-18T22:07:33 COLMAP[feature_extractor] I20260518 22:07:33.616823    82 feature_extraction.cc:283]   Name:            DJI_01115.JPG
2026-05-18T22:07:33 COLMAP[feature_extractor] I20260518 22:07:33.616837    82 feature_extraction.cc:292]   Dimensions:      4000 x 2250
2026-05-18T22:07:33 COLMAP[feature_extractor] I20260518 22:07:33.616847    82 feature_extraction.cc:295]   Camera:          #1 - SIMPLE_RADIAL
2026-05-18T22:07:33 COLMAP[feature_extractor] I20260518 22:07:33.616859    82 feature_extraction.cc:298]   Focal Length:    2545.54px (Prior)
2026-05-18T22:07:33 COLMAP[feature_extractor] I20260518 22:07:33.616875    82 feature_extraction.cc:302]   Features:        9377 (SIFT)
2026-05-18T22:07:34 COLMAP[feature_extractor] I20260518 22:07:33.835563    82 feature_extraction.cc:316]   GPS:             LAT=40.522, LON=-111.891, ALT=1420.514
2026-05-18T22:07:34 COLMAP[feature_extractor] I20260518 22:07:33.835615    82 feature_extraction.cc:323]   Gravity:         X=0.000, Y=1.000, Z=0.000
2026-05-18T22:07:35 COLMAP[feature_extractor] I20260518 22:07:35.228631    82 feature_extraction.cc:280] Processed file [1116/1710]
2026-05-18T22:07:35 COLMAP[feature_extractor] I20260518 22:07:35.228688    82 feature_extraction.cc:283]   Name:            DJI_01116.JPG
2026-05-18T22:07:35 COLMAP[feature_extractor] I20260518 22:07:35.228701    82 feature_extraction.cc:292]   Dimensions:      4000 x 2250
2026-05-18T22:07:35 COLMAP[feature_extractor] I20260518 22:07:35.228711    82 feature_extraction.cc:295]   Camera:          #1 - SIMPLE_RADIAL
2026-05-18T22:07:35 COLMAP[feature_extractor] I20260518 22:07:35.228724    82 feature_extraction.cc:298]   Focal Length:    2545.54px (Prior)
2026-05-18T22:07:35 COLMAP[feature_extractor] I20260518 22:07:35.228739    82 feature_extraction.cc:302]   Features:        9325 (SIFT)
2026-05-18T22:07:35 COLMAP[feature_extractor] I20260518 22:07:35.488399    82 feature_extraction.cc:316]   GPS:             LAT=40.522, LON=-111.891, ALT=1420.614
2026-05-18T22:07:35 COLMAP[feature_extractor] I20260518 22:07:35.488453    82 feature_extraction.cc:323]   Gravity:         X=0.000, Y=1.000, Z=0.000
2026-05-18T22:07:41 COLMAP[feature_extractor] I20260518 22:07:40.903079    82 feature_extraction.cc:280] Processed file [1117/1710]
2026-05-18T22:07:41 COLMAP[feature_extractor] I20260518 22:07:40.903139    82 feature_extraction.cc:283]   Name:            DJI_01117.JPG
2026-05-18T22:07:41 COLMAP[feature_extractor] I20260518 22:07:40.903152    82 feature_extraction.cc:292]   Dimensions:      4000 x 2250
2026-05-18T22:07:41 COLMAP[feature_extractor] I20260518 22:07:40.903162    82 feature_extraction.cc:295]   Camera:          #1 - SIMPLE_RADIAL
2026-05-18T22:07:41 COLMAP[feature_extractor] I20260518 22:07:40.903174    82 feature_extraction.cc:298]   Focal Length:    2545.54px (Prior)
2026-05-18T22:07:41 COLMAP[feature_extractor] I20260518 22:07:40.903191    82 feature_extraction.cc:302]   Features:        9877 (SIFT)
2026-05-18T22:07:41 COLMAP[feature_extractor] I20260518 22:07:41.087080    82 feature_extraction.cc:316]   GPS:             LAT=40.522, LON=-111.891, ALT=1420.514
2026-05-18T22:07:41 COLMAP[feature_extractor] I20260518 22:07:41.087142    82 feature_extraction.cc:323]   Gravity:         X=0.000, Y=1.000, Z=0.000
2026-05-18T22:07:41 COLMAP[feature_extractor] I20260518 22:07:41.149529    82 feature_extraction.cc:280] Processed file [1118/1710]
2026-05-18T22:07:41 COLMAP[feature_extractor] I20260518 22:07:41.149580    82 feature_extraction.cc:283]   Name:            DJI_01118.JPG
2026-05-18T22:07:41 COLMAP[feature_extractor] I20260518 22:07:41.149591    82 feature_extraction.cc:292]   Dimensions:      4000 x 2250
2026-05-18T22:07:41 COLMAP[feature_extractor] I20260518 22:07:41.149602    82 feature_extraction.cc:295]   Camera:          #1 - SIMPLE_RADIAL
2026-05-18T22:07:41 COLMAP[feature_extractor] I20260518 22:07:41.149613    82 feature_extraction.cc:298]   Focal Length:    2545.54px (Prior)
2026-05-18T22:07:41 COLMAP[feature_extractor] I20260518 22:07:41.149628    82 feature_extraction.cc:302]   Features:        9313 (SIFT)
2026-05-18T22:07:42 COLMAP[feature_extractor] I20260518 22:07:41.344853    82 feature_extraction.cc:316]   GPS:             LAT=40.522, LON=-111.891, ALT=1419.814
2026-05-18T22:07:42 COLMAP[feature_extractor] I20260518 22:07:41.344937    82 feature_extraction.cc:323]   Gravity:         X=0.000, Y=1.000, Z=0.000
2026-05-18T22:07:43 COLMAP[feature_extractor] I20260518 22:07:42.876256    82 feature_extraction.cc:280] Processed file [1119/1710]
2026-05-18T22:07:43 COLMAP[feature_extractor] I20260518 22:07:42.876315    82 feature_extraction.cc:283]   Name:            DJI_01119.JPG
2026-05-18T22:07:43 COLMAP[feature_extractor] I20260518 22:07:42.876327    82 feature_extraction.cc:292]   Dimensions:      4000 x 2250
2026-05-18T22:07:43 COLMAP[feature_extractor] I20260518 22:07:42.876338    82 feature_extraction.cc:295]   Camera:          #1 - SIMPLE_RADIAL
2026-05-18T22:07:43 COLMAP[feature_extractor] I20260518 22:07:42.876349    82 feature_extraction.cc:298]   Focal Length:    2545.54px (Prior)
2026-05-18T22:07:43 COLMAP[feature_extractor] I20260518 22:07:42.876365    82 feature_extraction.cc:302]   Features:        9147 (SIFT)
2026-05-18T22:07:43 COLMAP[feature_extractor] I20260518 22:07:43.131536    82 feature_extraction.cc:316]   GPS:             LAT=40.522, LON=-111.891, ALT=1419.614
2026-05-18T22:07:43 COLMAP[feature_extractor] I20260518 22:07:43.131589    82 feature_extraction.cc:323]   Gravity:         X=0.000, Y=1.000, Z=0.000
2026-05-18T22:07:44 COLMAP[feature_extractor] I20260518 22:07:44.415561    82 feature_extraction.cc:280] Processed file [1120/1710]
2026-05-18T22:07:44 COLMAP[feature_extractor] I20260518 22:07:44.415614    82 feature_extraction.cc:283]   Name:            DJI_01120.JPG
2026-05-18T22:07:44 COLMAP[feature_extractor] I20260518 22:07:44.415627    82 feature_extraction.cc:292]   Dimensions:      4000 x 2250
2026-05-18T22:07:44 COLMAP[feature_extractor] I20260518 22:07:44.415637    82 feature_extraction.cc:295]   Camera:          #1 - SIMPLE_RADIAL
2026-05-18T22:07:44 COLMAP[feature_extractor] I20260518 22:07:44.415648    82 feature_extraction.cc:298]   Focal Length:    2545.54px (Prior)
2026-05-18T22:07:44 COLMAP[feature_extractor] I20260518 22:07:44.415664    82 feature_extraction.cc:302]   Features:        8732 (SIFT)
2026-05-18T22:07:45 COLMAP[feature_extractor] I20260518 22:07:44.689051    82 feature_extraction.cc:316]   GPS:             LAT=40.522, LON=-111.891, ALT=1420.314
2026-05-18T22:07:45 COLMAP[feature_extractor] I20260518 22:07:44.689105    82 feature_extraction.cc:323]   Gravity:         X=0.000, Y=1.000, Z=0.000
2026-05-18T22:07:50 COLMAP[feature_extractor] I20260518 22:07:49.977219    82 feature_extraction.cc:280] Processed file [1121/1710]
2026-05-18T22:07:50 COLMAP[feature_extractor] I20260518 22:07:49.977304    82 feature_extraction.cc:283]   Name:            DJI_01121.JPG
2026-05-18T22:07:50 COLMAP[feature_extractor] I20260518 22:07:49.977319    82 feature_extraction.cc:292]   Dimensions:      4000 x 2250
2026-05-18T22:07:50 COLMAP[feature_extractor] I20260518 22:07:49.977329    82 feature_extraction.cc:295]   Camera:          #1 - SIMPLE_RADIAL
2026-05-18T22:07:50 COLMAP[feature_extractor] I20260518 22:07:49.977341    82 feature_extraction.cc:298]   Focal Length:    2545.54px (Prior)
2026-05-18T22:07:50 COLMAP[feature_extractor] I20260518 22:07:49.977356    82 feature_extraction.cc:302]   Features:        8469 (SIFT)
2026-05-18T22:07:51 COLMAP[feature_extractor] I20260518 22:07:50.207942    82 feature_extraction.cc:316]   GPS:             LAT=40.522, LON=-111.891, ALT=1419.914
2026-05-18T22:07:51 COLMAP[feature_extractor] I20260518 22:07:50.207990    82 feature_extraction.cc:323]   Gravity:         X=0.000, Y=1.000, Z=0.000
2026-05-18T22:07:51 COLMAP[feature_extractor] I20260518 22:07:50.500695    82 feature_extraction.cc:280] Processed file [1122/1710]
2026-05-18T22:07:51 COLMAP[feature_extractor] I20260518 22:07:50.500751    82 feature_extraction.cc:283]   Name:            DJI_01122.JPG
2026-05-18T22:07:51 COLMAP[feature_extractor] I20260518 22:07:50.500763    82 feature_extraction.cc:292]   Dimensions:      4000 x 2250
2026-05-18T22:07:51 COLMAP[feature_extractor] I20260518 22:07:50.500774    82 feature_extraction.cc:295]   Camera:          #1 - SIMPLE_RADIAL
2026-05-18T22:07:51 COLMAP[feature_extractor] I20260518 22:07:50.500785    82 feature_extraction.cc:298]   Focal Length:    2545.54px (Prior)
2026-05-18T22:07:51 COLMAP[feature_extractor] I20260518 22:07:50.500800    82 feature_extraction.cc:302]   Features:        8934 (SIFT)
2026-05-18T22:07:51 COLMAP[feature_extractor] I20260518 22:07:50.861373    82 feature_extraction.cc:316]   GPS:             LAT=40.522, LON=-111.891, ALT=1419.814
2026-05-18T22:07:51 COLMAP[feature_extractor] I20260518 22:07:50.861428    82 feature_extraction.cc:323]   Gravity:         X=0.000, Y=1.000, Z=0.000
2026-05-18T22:07:52 COLMAP[feature_extractor] I20260518 22:07:52.011298    82 feature_extraction.cc:280] Processed file [1123/1710]
2026-05-18T22:07:52 COLMAP[feature_extractor] I20260518 22:07:52.011353    82 feature_extraction.cc:283]   Name:            DJI_01123.JPG
2026-05-18T22:07:52 COLMAP[feature_extractor] I20260518 22:07:52.011365    82 feature_extraction.cc:292]   Dimensions:      4000 x 2250
2026-05-18T22:07:52 COLMAP[feature_extractor] I20260518 22:07:52.011389    82 feature_extraction.cc:295]   Camera:          #1 - SIMPLE_RADIAL
2026-05-18T22:07:52 COLMAP[feature_extractor] I20260518 22:07:52.011400    82 feature_extraction.cc:298]   Focal Length:    2545.54px (Prior)
2026-05-18T22:07:52 COLMAP[feature_extractor] I20260518 22:07:52.011416    82 feature_extraction.cc:302]   Features:        8947 (SIFT)
2026-05-18T22:07:53 COLMAP[feature_extractor] I20260518 22:07:52.249776    82 feature_extraction.cc:316]   GPS:             LAT=40.522, LON=-111.891, ALT=1420.414
2026-05-18T22:07:53 COLMAP[feature_extractor] I20260518 22:07:52.249830    82 feature_extraction.cc:323]   Gravity:         X=0.000, Y=1.000, Z=0.000
2026-05-18T22:07:54 COLMAP[feature_extractor] I20260518 22:07:53.714233    82 feature_extraction.cc:280] Processed file [1124/1710]
2026-05-18T22:07:54 COLMAP[feature_extractor] I20260518 22:07:53.714290    82 feature_extraction.cc:283]   Name:            DJI_01124.JPG
2026-05-18T22:07:54 COLMAP[feature_extractor] I20260518 22:07:53.714303    82 feature_extraction.cc:292]   Dimensions:      4000 x 2250
2026-05-18T22:07:54 COLMAP[feature_extractor] I20260518 22:07:53.714313    82 feature_extraction.cc:295]   Camera:          #1 - SIMPLE_RADIAL
2026-05-18T22:07:54 COLMAP[feature_extractor] I20260518 22:07:53.714324    82 feature_extraction.cc:298]   Focal Length:    2545.54px (Prior)
2026-05-18T22:07:54 COLMAP[feature_extractor] I20260518 22:07:53.714339    82 feature_extraction.cc:302]   Features:        8845 (SIFT)
2026-05-18T22:07:54 COLMAP[feature_extractor] I20260518 22:07:54.021660    82 feature_extraction.cc:316]   GPS:             LAT=40.522, LON=-111.891, ALT=1420.214
2026-05-18T22:07:54 COLMAP[feature_extractor] I20260518 22:07:54.021714    82 feature_extraction.cc:323]   Gravity:         X=0.000, Y=1.000, Z=0.000
2026-05-18T22:07:59 COLMAP[feature_extractor] I20260518 22:07:59.219477    82 feature_extraction.cc:280] Processed file [1125/1710]
2026-05-18T22:07:59 COLMAP[feature_extractor] I20260518 22:07:59.219532    82 feature_extraction.cc:283]   Name:            DJI_01125.JPG
2026-05-18T22:07:59 COLMAP[feature_extractor] I20260518 22:07:59.219543    82 feature_extraction.cc:292]   Dimensions:      4000 x 2250
2026-05-18T22:07:59 COLMAP[feature_extractor] I20260518 22:07:59.219554    82 feature_extraction.cc:295]   Camera:          #1 - SIMPLE_RADIAL
2026-05-18T22:07:59 COLMAP[feature_extractor] I20260518 22:07:59.219565    82 feature_extraction.cc:298]   Focal Length:    2545.54px (Prior)
2026-05-18T22:07:59 COLMAP[feature_extractor] I20260518 22:07:59.219581    82 feature_extraction.cc:302]   Features:        8694 (SIFT)
2026-05-18T22:08:01 COLMAP[feature_extractor] I20260518 22:07:59.593971    82 feature_extraction.cc:316]   GPS:             LAT=40.522, LON=-111.891, ALT=1420.214
2026-05-18T22:08:01 COLMAP[feature_extractor] I20260518 22:07:59.594026    82 feature_extraction.cc:323]   Gravity:         X=0.000, Y=1.000, Z=0.000
2026-05-18T22:08:01 COLMAP[feature_extractor] I20260518 22:07:59.855408    82 feature_extraction.cc:280] Processed file [1126/1710]
2026-05-18T22:08:01 COLMAP[feature_extractor] I20260518 22:07:59.855463    82 feature_extraction.cc:283]   Name:            DJI_01126.JPG
2026-05-18T22:08:01 COLMAP[feature_extractor] I20260518 22:07:59.855475    82 feature_extraction.cc:292]   Dimensions:      4000 x 2250
2026-05-18T22:08:01 COLMAP[feature_extractor] I20260518 22:07:59.855487    82 feature_extraction.cc:295]   Camera:          #1 - SIMPLE_RADIAL
2026-05-18T22:08:01 COLMAP[feature_extractor] I20260518 22:07:59.855526    82 feature_extraction.cc:298]   Focal Length:    2545.54px (Prior)
2026-05-18T22:08:01 COLMAP[feature_extractor] I20260518 22:07:59.855542    82 feature_extraction.cc:302]   Features:        8999 (SIFT)
2026-05-18T22:08:01 COLMAP[feature_extractor] I20260518 22:08:00.170958    82 feature_extraction.cc:316]   GPS:             LAT=40.522, LON=-111.891, ALT=1420.914
2026-05-18T22:08:01 COLMAP[feature_extractor] I20260518 22:08:00.171011    82 feature_extraction.cc:323]   Gravity:         X=0.000, Y=1.000, Z=0.000
2026-05-18T22:08:02 COLMAP[feature_extractor] I20260518 22:08:01.188947    82 feature_extraction.cc:280] Processed file [1127/1710]
2026-05-18T22:08:02 COLMAP[feature_extractor] I20260518 22:08:01.189005    82 feature_extraction.cc:283]   Name:            DJI_01127.JPG
2026-05-18T22:08:02 COLMAP[feature_extractor] I20260518 22:08:01.189018    82 feature_extraction.cc:292]   Dimensions:      4000 x 2250
2026-05-18T22:08:02 COLMAP[feature_extractor] I20260518 22:08:01.189028    82 feature_extraction.cc:295]   Camera:          #1 - SIMPLE_RADIAL
2026-05-18T22:08:02 COLMAP[feature_extractor] I20260518 22:08:01.189040    82 feature_extraction.cc:298]   Focal Length:    2545.54px (Prior)
2026-05-18T22:08:02 COLMAP[feature_extractor] I20260518 22:08:01.189056    82 feature_extraction.cc:302]   Features:        9061 (SIFT)
2026-05-18T22:08:02 COLMAP[feature_extractor] I20260518 22:08:01.470090    82 feature_extraction.cc:316]   GPS:             LAT=40.522, LON=-111.891, ALT=1421.114
2026-05-18T22:08:02 COLMAP[feature_extractor] I20260518 22:08:01.470139    82 feature_extraction.cc:323]   Gravity:         X=0.000, Y=1.000, Z=0.000
2026-05-18T22:08:03 COLMAP[feature_extractor] I20260518 22:08:03.193019    82 feature_extraction.cc:280] Processed file [1128/1710]
2026-05-18T22:08:03 COLMAP[feature_extractor] I20260518 22:08:03.193073    82 feature_extraction.cc:283]   Name:            DJI_01128.JPG
2026-05-18T22:08:03 COLMAP[feature_extractor] I20260518 22:08:03.193084    82 feature_extraction.cc:292]   Dimensions:      4000 x 2250
2026-05-18T22:08:03 COLMAP[feature_extractor] I20260518 22:08:03.193095    82 feature_extraction.cc:295]   Camera:          #1 - SIMPLE_RADIAL
2026-05-18T22:08:03 COLMAP[feature_extractor] I20260518 22:08:03.193107    82 feature_extraction.cc:298]   Focal Length:    2545.54px (Prior)
2026-05-18T22:08:03 COLMAP[feature_extractor] I20260518 22:08:03.193123    82 feature_extraction.cc:302]   Features:        9438 (SIFT)
2026-05-18T22:08:04 COLMAP[feature_extractor] I20260518 22:08:03.472726    82 feature_extraction.cc:316]   GPS:             LAT=40.522, LON=-111.891, ALT=1420.914
2026-05-18T22:08:04 COLMAP[feature_extractor] I20260518 22:08:03.472779    82 feature_extraction.cc:323]   Gravity:         X=0.000, Y=1.000, Z=0.000
2026-05-18T22:08:09 COLMAP[feature_extractor] I20260518 22:08:08.413851    82 feature_extraction.cc:280] Processed file [1129/1710]
2026-05-18T22:08:09 COLMAP[feature_extractor] I20260518 22:08:08.413913    82 feature_extraction.cc:283]   Name:            DJI_01129.JPG
2026-05-18T22:08:09 COLMAP[feature_extractor] I20260518 22:08:08.413924    82 feature_extraction.cc:292]   Dimensions:      4000 x 2250
2026-05-18T22:08:09 COLMAP[feature_extractor] I20260518 22:08:08.413935    82 feature_extraction.cc:295]   Camera:          #1 - SIMPLE_RADIAL
2026-05-18T22:08:09 COLMAP[feature_extractor] I20260518 22:08:08.413946    82 feature_extraction.cc:298]   Focal Length:    2545.54px (Prior)
2026-05-18T22:08:09 COLMAP[feature_extractor] I20260518 22:08:08.413962    82 feature_extraction.cc:302]   Features:        8709 (SIFT)
2026-05-18T22:08:09 COLMAP[feature_extractor] I20260518 22:08:08.659799    82 feature_extraction.cc:316]   GPS:             LAT=40.522, LON=-111.891, ALT=1423.314
2026-05-18T22:08:09 COLMAP[feature_extractor] I20260518 22:08:08.659852    82 feature_extraction.cc:323]   Gravity:         X=0.000, Y=1.000, Z=0.000
2026-05-18T22:08:09 COLMAP[feature_extractor] I20260518 22:08:09.032575    82 feature_extraction.cc:280] Processed file [1130/1710]
2026-05-18T22:08:09 COLMAP[feature_extractor] I20260518 22:08:09.032639    82 feature_extraction.cc:283]   Name:            DJI_01130.JPG
2026-05-18T22:08:09 COLMAP[feature_extractor] I20260518 22:08:09.032653    82 feature_extraction.cc:292]   Dimensions:      4000 x 2250
2026-05-18T22:08:09 COLMAP[feature_extractor] I20260518 22:08:09.032665    82 feature_extraction.cc:295]   Camera:          #1 - SIMPLE_RADIAL
2026-05-18T22:08:09 COLMAP[feature_extractor] I20260518 22:08:09.032676    82 feature_extraction.cc:298]   Focal Length:    2545.54px (Prior)
2026-05-18T22:08:09 COLMAP[feature_extractor] I20260518 22:08:09.032692    82 feature_extraction.cc:302]   Features:        8802 (SIFT)
2026-05-18T22:08:10 COLMAP[feature_extractor] I20260518 22:08:09.269012    82 feature_extraction.cc:316]   GPS:             LAT=40.522, LON=-111.891, ALT=1423.114
2026-05-18T22:08:10 COLMAP[feature_extractor] I20260518 22:08:09.269075    82 feature_extraction.cc:323]   Gravity:         X=0.000, Y=1.000, Z=0.000
2026-05-18T22:08:11 COLMAP[feature_extractor] I20260518 22:08:10.486138    82 feature_extraction.cc:280] Processed file [1131/1710]
2026-05-18T22:08:11 COLMAP[feature_extractor] I20260518 22:08:10.486203    82 feature_extraction.cc:283]   Name:            DJI_01131.JPG
2026-05-18T22:08:11 COLMAP[feature_extractor] I20260518 22:08:10.486217    82 feature_extraction.cc:292]   Dimensions:      4000 x 2250
2026-05-18T22:08:11 COLMAP[feature_extractor] I20260518 22:08:10.486227    82 feature_extraction.cc:295]   Camera:          #1 - SIMPLE_RADIAL
2026-05-18T22:08:11 COLMAP[feature_extractor] I20260518 22:08:10.486238    82 feature_extraction.cc:298]   Focal Length:    2545.54px (Prior)
2026-05-18T22:08:11 COLMAP[feature_extractor] I20260518 22:08:10.486255    82 feature_extraction.cc:302]   Features:        9025 (SIFT)
2026-05-18T22:08:11 COLMAP[feature_extractor] I20260518 22:08:10.709184    82 feature_extraction.cc:316]   GPS:             LAT=40.522, LON=-111.891, ALT=1423.414
2026-05-18T22:08:11 COLMAP[feature_extractor] I20260518 22:08:10.709275    82 feature_extraction.cc:323]   Gravity:         X=0.000, Y=1.000, Z=0.000
2026-05-18T22:08:13 COLMAP[feature_extractor] I20260518 22:08:12.509840    82 feature_extraction.cc:280] Processed file [1132/1710]
2026-05-18T22:08:13 COLMAP[feature_extractor] I20260518 22:08:12.509894    82 feature_extraction.cc:283]   Name:            DJI_01132.JPG
2026-05-18T22:08:13 COLMAP[feature_extractor] I20260518 22:08:12.509907    82 feature_extraction.cc:292]   Dimensions:      4000 x 2250
2026-05-18T22:08:13 COLMAP[feature_extractor] I20260518 22:08:12.509917    82 feature_extraction.cc:295]   Camera:          #1 - SIMPLE_RADIAL
2026-05-18T22:08:13 COLMAP[feature_extractor] I20260518 22:08:12.509929    82 feature_extraction.cc:298]   Focal Length:    2545.54px (Prior)
2026-05-18T22:08:13 COLMAP[feature_extractor] I20260518 22:08:12.509945    82 feature_extraction.cc:302]   Features:        9254 (SIFT)
2026-05-18T22:08:13 COLMAP[feature_extractor] I20260518 22:08:12.699796    82 feature_extraction.cc:316]   GPS:             LAT=40.522, LON=-111.891, ALT=1423.314
2026-05-18T22:08:13 COLMAP[feature_extractor] I20260518 22:08:12.699846    82 feature_extraction.cc:323]   Gravity:         X=0.000, Y=1.000, Z=0.000
2026-05-18T22:08:18 COLMAP[feature_extractor] I20260518 22:08:17.588153    82 feature_extraction.cc:280] Processed file [1133/1710]
2026-05-18T22:08:18 COLMAP[feature_extractor] I20260518 22:08:17.588208    82 feature_extraction.cc:283]   Name:            DJI_01133.JPG
2026-05-18T22:08:18 COLMAP[feature_extractor] I20260518 22:08:17.588220    82 feature_extraction.cc:292]   Dimensions:      4000 x 2250
2026-05-18T22:08:18 COLMAP[feature_extractor] I20260518 22:08:17.588231    82 feature_extraction.cc:295]   Camera:          #1 - SIMPLE_RADIAL
2026-05-18T22:08:18 COLMAP[feature_extractor] I20260518 22:08:17.588243    82 feature_extraction.cc:298]   Focal Length:    2545.54px (Prior)
2026-05-18T22:08:18 COLMAP[feature_extractor] I20260518 22:08:17.588259    82 feature_extraction.cc:302]   Features:        10207 (SIFT)
2026-05-18T22:08:18 COLMAP[feature_extractor] I20260518 22:08:17.820230    82 feature_extraction.cc:316]   GPS:             LAT=40.521, LON=-111.892, ALT=1423.414
2026-05-18T22:08:18 COLMAP[feature_extractor] I20260518 22:08:17.820281    82 feature_extraction.cc:323]   Gravity:         X=0.000, Y=1.000, Z=0.000
2026-05-18T22:08:18 COLMAP[feature_extractor] I20260518 22:08:18.373052    82 feature_extraction.cc:280] Processed file [1134/1710]
2026-05-18T22:08:18 COLMAP[feature_extractor] I20260518 22:08:18.373106    82 feature_extraction.cc:283]   Name:            DJI_01134.JPG
2026-05-18T22:08:18 COLMAP[feature_extractor] I20260518 22:08:18.373118    82 feature_extraction.cc:292]   Dimensions:      4000 x 2250
2026-05-18T22:08:18 COLMAP[feature_extractor] I20260518 22:08:18.373129    82 feature_extraction.cc:295]   Camera:          #1 - SIMPLE_RADIAL
2026-05-18T22:08:18 COLMAP[feature_extractor] I20260518 22:08:18.373140    82 feature_extraction.cc:298]   Focal Length:    2545.54px (Prior)
2026-05-18T22:08:18 COLMAP[feature_extractor] I20260518 22:08:18.373155    82 feature_extraction.cc:302]   Features:        8208 (SIFT)
2026-05-18T22:08:18 COLMAP[feature_extractor] I20260518 22:08:18.583185    82 feature_extraction.cc:316]   GPS:             LAT=40.521, LON=-111.892, ALT=1423.414
2026-05-18T22:08:18 COLMAP[feature_extractor] I20260518 22:08:18.583236    82 feature_extraction.cc:323]   Gravity:         X=0.000, Y=1.000, Z=0.000
2026-05-18T22:08:20 COLMAP[feature_extractor] I20260518 22:08:19.551128    82 feature_extraction.cc:280] Processed file [1135/1710]
2026-05-18T22:08:20 COLMAP[feature_extractor] I20260518 22:08:19.551184    82 feature_extraction.cc:283]   Name:            DJI_01135.JPG
2026-05-18T22:08:20 COLMAP[feature_extractor] I20260518 22:08:19.551196    82 feature_extraction.cc:292]   Dimensions:      4000 x 2250
2026-05-18T22:08:20 COLMAP[feature_extractor] I20260518 22:08:19.551208    82 feature_extraction.cc:295]   Camera:          #1 - SIMPLE_RADIAL
2026-05-18T22:08:20 COLMAP[feature_extractor] I20260518 22:08:19.551218    82 feature_extraction.cc:298]   Focal Length:    2545.54px (Prior)
2026-05-18T22:08:20 COLMAP[feature_extractor] I20260518 22:08:19.551234    82 feature_extraction.cc:302]   Features:        10196 (SIFT)
2026-05-18T22:08:20 COLMAP[feature_extractor] I20260518 22:08:19.812377    82 feature_extraction.cc:316]   GPS:             LAT=40.521, LON=-111.892, ALT=1423.314
2026-05-18T22:08:20 COLMAP[feature_extractor] I20260518 22:08:19.812428    82 feature_extraction.cc:323]   Gravity:         X=0.000, Y=1.000, Z=0.000
2026-05-18T22:08:22 COLMAP[feature_extractor] I20260518 22:08:21.928447    82 feature_extraction.cc:280] Processed file [1136/1710]
2026-05-18T22:08:22 COLMAP[feature_extractor] I20260518 22:08:21.928574    82 feature_extraction.cc:283]   Name:            DJI_01136.JPG
2026-05-18T22:08:22 COLMAP[feature_extractor] I20260518 22:08:21.928589    82 feature_extraction.cc:292]   Dimensions:      4000 x 2250
2026-05-18T22:08:22 COLMAP[feature_extractor] I20260518 22:08:21.928601    82 feature_extraction.cc:295]   Camera:          #1 - SIMPLE_RADIAL
2026-05-18T22:08:22 COLMAP[feature_extractor] I20260518 22:08:21.928612    82 feature_extraction.cc:298]   Focal Length:    2545.54px (Prior)
2026-05-18T22:08:22 COLMAP[feature_extractor] I20260518 22:08:21.928628    82 feature_extraction.cc:302]   Features:        9603 (SIFT)
2026-05-18T22:08:22 COLMAP[feature_extractor] I20260518 22:08:22.224861    82 feature_extraction.cc:316]   GPS:             LAT=40.521, LON=-111.892, ALT=1423.514
2026-05-18T22:08:22 COLMAP[feature_extractor] I20260518 22:08:22.224916    82 feature_extraction.cc:323]   Gravity:         X=0.000, Y=1.000, Z=0.000
2026-05-18T22:08:27 COLMAP[feature_extractor] I20260518 22:08:26.633741    82 feature_extraction.cc:280] Processed file [1137/1710]
2026-05-18T22:08:27 COLMAP[feature_extractor] I20260518 22:08:26.633795    82 feature_extraction.cc:283]   Name:            DJI_01137.JPG
2026-05-18T22:08:27 COLMAP[feature_extractor] I20260518 22:08:26.633808    82 feature_extraction.cc:292]   Dimensions:      4000 x 2250
2026-05-18T22:08:27 COLMAP[feature_extractor] I20260518 22:08:26.633818    82 feature_extraction.cc:295]   Camera:          #1 - SIMPLE_RADIAL
2026-05-18T22:08:27 COLMAP[feature_extractor] I20260518 22:08:26.633831    82 feature_extraction.cc:298]   Focal Length:    2545.54px (Prior)
2026-05-18T22:08:27 COLMAP[feature_extractor] I20260518 22:08:26.633845    82 feature_extraction.cc:302]   Features:        9788 (SIFT)
2026-05-18T22:08:27 COLMAP[feature_extractor] I20260518 22:08:26.940984    82 feature_extraction.cc:316]   GPS:             LAT=40.521, LON=-111.892, ALT=1423.014
2026-05-18T22:08:27 COLMAP[feature_extractor] I20260518 22:08:26.941043    82 feature_extraction.cc:323]   Gravity:         X=0.000, Y=1.000, Z=0.000
2026-05-18T22:08:27 COLMAP[feature_extractor] I20260518 22:08:27.744755    82 feature_extraction.cc:280] Processed file [1138/1710]
2026-05-18T22:08:27 COLMAP[feature_extractor] I20260518 22:08:27.744812    82 feature_extraction.cc:283]   Name:            DJI_01138.JPG
2026-05-18T22:08:27 COLMAP[feature_extractor] I20260518 22:08:27.744823    82 feature_extraction.cc:292]   Dimensions:      4000 x 2250
2026-05-18T22:08:27 COLMAP[feature_extractor] I20260518 22:08:27.744834    82 feature_extraction.cc:295]   Camera:          #1 - SIMPLE_RADIAL
2026-05-18T22:08:27 COLMAP[feature_extractor] I20260518 22:08:27.744845    82 feature_extraction.cc:298]   Focal Length:    2545.54px (Prior)
2026-05-18T22:08:27 COLMAP[feature_extractor] I20260518 22:08:27.744861    82 feature_extraction.cc:302]   Features:        10003 (SIFT)
2026-05-18T22:08:29 COLMAP[feature_extractor] I20260518 22:08:28.035959    82 feature_extraction.cc:316]   GPS:             LAT=40.521, LON=-111.892, ALT=1423.214
2026-05-18T22:08:29 COLMAP[feature_extractor] I20260518 22:08:28.036010    82 feature_extraction.cc:323]   Gravity:         X=0.000, Y=1.000, Z=0.000
2026-05-18T22:08:29 COLMAP[feature_extractor] I20260518 22:08:28.724285    82 feature_extraction.cc:280] Processed file [1139/1710]
2026-05-18T22:08:29 COLMAP[feature_extractor] I20260518 22:08:28.724339    82 feature_extraction.cc:283]   Name:            DJI_01139.JPG
2026-05-18T22:08:29 COLMAP[feature_extractor] I20260518 22:08:28.724350    82 feature_extraction.cc:292]   Dimensions:      4000 x 2250
2026-05-18T22:08:29 COLMAP[feature_extractor] I20260518 22:08:28.724361    82 feature_extraction.cc:295]   Camera:          #1 - SIMPLE_RADIAL
2026-05-18T22:08:29 COLMAP[feature_extractor] I20260518 22:08:28.724372    82 feature_extraction.cc:298]   Focal Length:    2545.54px (Prior)
2026-05-18T22:08:29 COLMAP[feature_extractor] I20260518 22:08:28.724388    82 feature_extraction.cc:302]   Features:        9150 (SIFT)
2026-05-18T22:08:29 COLMAP[feature_extractor] I20260518 22:08:29.031535    82 feature_extraction.cc:316]   GPS:             LAT=40.521, LON=-111.892, ALT=1427.914
2026-05-18T22:08:29 COLMAP[feature_extractor] I20260518 22:08:29.031586    82 feature_extraction.cc:323]   Gravity:         X=0.000, Y=1.000, Z=0.000
2026-05-18T22:08:31 COLMAP[feature_extractor] I20260518 22:08:31.315604    82 feature_extraction.cc:280] Processed file [1140/1710]
2026-05-18T22:08:31 COLMAP[feature_extractor] I20260518 22:08:31.315656    82 feature_extraction.cc:283]   Name:            DJI_01140.JPG
2026-05-18T22:08:31 COLMAP[feature_extractor] I20260518 22:08:31.315668    82 feature_extraction.cc:292]   Dimensions:      4000 x 2250
2026-05-18T22:08:31 COLMAP[feature_extractor] I20260518 22:08:31.315680    82 feature_extraction.cc:295]   Camera:          #1 - SIMPLE_RADIAL
2026-05-18T22:08:31 COLMAP[feature_extractor] I20260518 22:08:31.315690    82 feature_extraction.cc:298]   Focal Length:    2545.54px (Prior)
2026-05-18T22:08:31 COLMAP[feature_extractor] I20260518 22:08:31.315706    82 feature_extraction.cc:302]   Features:        10533 (SIFT)
2026-05-18T22:08:31 COLMAP[feature_extractor] I20260518 22:08:31.633802    82 feature_extraction.cc:316]   GPS:             LAT=40.521, LON=-111.892, ALT=1428.314
2026-05-18T22:08:31 COLMAP[feature_extractor] I20260518 22:08:31.633862    82 feature_extraction.cc:323]   Gravity:         X=0.000, Y=1.000, Z=0.000
2026-05-18T22:08:36 COLMAP[feature_extractor] I20260518 22:08:35.896104    82 feature_extraction.cc:280] Processed file [1141/1710]
2026-05-18T22:08:36 COLMAP[feature_extractor] I20260518 22:08:35.896166    82 feature_extraction.cc:283]   Name:            DJI_01141.JPG
2026-05-18T22:08:36 COLMAP[feature_extractor] I20260518 22:08:35.896180    82 feature_extraction.cc:292]   Dimensions:      4000 x 2250
2026-05-18T22:08:36 COLMAP[feature_extractor] I20260518 22:08:35.896193    82 feature_extraction.cc:295]   Camera:          #1 - SIMPLE_RADIAL
2026-05-18T22:08:36 COLMAP[feature_extractor] I20260518 22:08:35.896243    82 feature_extraction.cc:298]   Focal Length:    2545.54px (Prior)
2026-05-18T22:08:36 COLMAP[feature_extractor] I20260518 22:08:35.896261    82 feature_extraction.cc:302]   Features:        10062 (SIFT)
2026-05-18T22:08:36 COLMAP[feature_extractor] I20260518 22:08:36.172784    82 feature_extraction.cc:316]   GPS:             LAT=40.522, LON=-111.891, ALT=1427.914
2026-05-18T22:08:36 COLMAP[feature_extractor] I20260518 22:08:36.172834    82 feature_extraction.cc:323]   Gravity:         X=0.000, Y=1.000, Z=0.000
2026-05-18T22:08:37 COLMAP[feature_extractor] I20260518 22:08:36.883317    82 feature_extraction.cc:280] Processed file [1142/1710]
2026-05-18T22:08:37 COLMAP[feature_extractor] I20260518 22:08:36.883384    82 feature_extraction.cc:283]   Name:            DJI_01142.JPG
2026-05-18T22:08:37 COLMAP[feature_extractor] I20260518 22:08:36.883399    82 feature_extraction.cc:292]   Dimensions:      4000 x 2250
2026-05-18T22:08:37 COLMAP[feature_extractor] I20260518 22:08:36.883409    82 feature_extraction.cc:295]   Camera:          #1 - SIMPLE_RADIAL
2026-05-18T22:08:37 COLMAP[feature_extractor] I20260518 22:08:36.883420    82 feature_extraction.cc:298]   Focal Length:    2545.54px (Prior)
2026-05-18T22:08:37 COLMAP[feature_extractor] I20260518 22:08:36.883435    82 feature_extraction.cc:302]   Features:        10264 (SIFT)
2026-05-18T22:08:37 COLMAP[feature_extractor] I20260518 22:08:37.121119    82 feature_extraction.cc:316]   GPS:             LAT=40.522, LON=-111.891, ALT=1427.814
2026-05-18T22:08:37 COLMAP[feature_extractor] I20260518 22:08:37.121174    82 feature_extraction.cc:323]   Gravity:         X=0.000, Y=1.000, Z=0.000
2026-05-18T22:08:38 COLMAP[feature_extractor] I20260518 22:08:37.867964    82 feature_extraction.cc:280] Processed file [1143/1710]
2026-05-18T22:08:38 COLMAP[feature_extractor] I20260518 22:08:37.868024    82 feature_extraction.cc:283]   Name:            DJI_01143.JPG
2026-05-18T22:08:38 COLMAP[feature_extractor] I20260518 22:08:37.868037    82 feature_extraction.cc:292]   Dimensions:      4000 x 2250
2026-05-18T22:08:38 COLMAP[feature_extractor] I20260518 22:08:37.868050    82 feature_extraction.cc:295]   Camera:          #1 - SIMPLE_RADIAL
2026-05-18T22:08:38 COLMAP[feature_extractor] I20260518 22:08:37.868062    82 feature_extraction.cc:298]   Focal Length:    2545.54px (Prior)
2026-05-18T22:08:38 COLMAP[feature_extractor] I20260518 22:08:37.868079    82 feature_extraction.cc:302]   Features:        9765 (SIFT)
2026-05-18T22:08:38 COLMAP[feature_extractor] I20260518 22:08:38.124610    82 feature_extraction.cc:316]   GPS:             LAT=40.522, LON=-111.891, ALT=1427.914
2026-05-18T22:08:38 COLMAP[feature_extractor] I20260518 22:08:38.124660    82 feature_extraction.cc:323]   Gravity:         X=0.000, Y=1.000, Z=0.000
2026-05-18T22:08:40 COLMAP[feature_extractor] I20260518 22:08:40.534399    82 feature_extraction.cc:280] Processed file [1144/1710]
2026-05-18T22:08:40 COLMAP[feature_extractor] I20260518 22:08:40.534453    82 feature_extraction.cc:283]   Name:            DJI_01144.JPG
2026-05-18T22:08:40 COLMAP[feature_extractor] I20260518 22:08:40.534466    82 feature_extraction.cc:292]   Dimensions:      4000 x 2250
2026-05-18T22:08:40 COLMAP[feature_extractor] I20260518 22:08:40.534476    82 feature_extraction.cc:295]   Camera:          #1 - SIMPLE_RADIAL
2026-05-18T22:08:40 COLMAP[feature_extractor] I20260518 22:08:40.534488    82 feature_extraction.cc:298]   Focal Length:    2545.54px (Prior)
2026-05-18T22:08:40 COLMAP[feature_extractor] I20260518 22:08:40.534504    82 feature_extraction.cc:302]   Features:        11070 (SIFT)
2026-05-18T22:08:40 COLMAP[feature_extractor] I20260518 22:08:40.792096    82 feature_extraction.cc:316]   GPS:             LAT=40.522, LON=-111.891, ALT=1428.314
2026-05-18T22:08:40 COLMAP[feature_extractor] I20260518 22:08:40.792152    82 feature_extraction.cc:323]   Gravity:         X=0.000, Y=1.000, Z=0.000
2026-05-18T22:08:45 COLMAP[feature_extractor] I20260518 22:08:45.095274    82 feature_extraction.cc:280] Processed file [1145/1710]
2026-05-18T22:08:45 COLMAP[feature_extractor] I20260518 22:08:45.095331    82 feature_extraction.cc:283]   Name:            DJI_01145.JPG
2026-05-18T22:08:45 COLMAP[feature_extractor] I20260518 22:08:45.095343    82 feature_extraction.cc:292]   Dimensions:      4000 x 2250
2026-05-18T22:08:45 COLMAP[feature_extractor] I20260518 22:08:45.095352    82 feature_extraction.cc:295]   Camera:          #1 - SIMPLE_RADIAL
2026-05-18T22:08:45 COLMAP[feature_extractor] I20260518 22:08:45.095363    82 feature_extraction.cc:298]   Focal Length:    2545.54px (Prior)
2026-05-18T22:08:45 COLMAP[feature_extractor] I20260518 22:08:45.095391    82 feature_extraction.cc:302]   Features:        10614 (SIFT)
2026-05-18T22:08:45 COLMAP[feature_extractor] I20260518 22:08:45.362504    82 feature_extraction.cc:316]   GPS:             LAT=40.522, LON=-111.891, ALT=1428.314
2026-05-18T22:08:45 COLMAP[feature_extractor] I20260518 22:08:45.362558    82 feature_extraction.cc:323]   Gravity:         X=0.000, Y=1.000, Z=0.000
2026-05-18T22:08:46 COLMAP[feature_extractor] I20260518 22:08:45.974130    82 feature_extraction.cc:280] Processed file [1146/1710]
2026-05-18T22:08:46 COLMAP[feature_extractor] I20260518 22:08:45.974191    82 feature_extraction.cc:283]   Name:            DJI_01146.JPG
2026-05-18T22:08:46 COLMAP[feature_extractor] I20260518 22:08:45.974205    82 feature_extraction.cc:292]   Dimensions:      4000 x 2250
2026-05-18T22:08:46 COLMAP[feature_extractor] I20260518 22:08:45.974215    82 feature_extraction.cc:295]   Camera:          #1 - SIMPLE_RADIAL
2026-05-18T22:08:46 COLMAP[feature_extractor] I20260518 22:08:45.974227    82 feature_extraction.cc:298]   Focal Length:    2545.54px (Prior)
2026-05-18T22:08:46 COLMAP[feature_extractor] I20260518 22:08:45.974244    82 feature_extraction.cc:302]   Features:        10690 (SIFT)
2026-05-18T22:08:46 COLMAP[feature_extractor] I20260518 22:08:46.262471    82 feature_extraction.cc:316]   GPS:             LAT=40.522, LON=-111.891, ALT=1428.014
2026-05-18T22:08:46 COLMAP[feature_extractor] I20260518 22:08:46.262553    82 feature_extraction.cc:323]   Gravity:         X=0.000, Y=1.000, Z=0.000
2026-05-18T22:08:47 COLMAP[feature_extractor] I20260518 22:08:47.102166    82 feature_extraction.cc:280] Processed file [1147/1710]
2026-05-18T22:08:47 COLMAP[feature_extractor] I20260518 22:08:47.102223    82 feature_extraction.cc:283]   Name:            DJI_01147.JPG
2026-05-18T22:08:47 COLMAP[feature_extractor] I20260518 22:08:47.102238    82 feature_extraction.cc:292]   Dimensions:      4000 x 2250
2026-05-18T22:08:47 COLMAP[feature_extractor] I20260518 22:08:47.102250    82 feature_extraction.cc:295]   Camera:          #1 - SIMPLE_RADIAL
2026-05-18T22:08:47 COLMAP[feature_extractor] I20260518 22:08:47.102262    82 feature_extraction.cc:298]   Focal Length:    2545.54px (Prior)
2026-05-18T22:08:47 COLMAP[feature_extractor] I20260518 22:08:47.102278    82 feature_extraction.cc:302]   Features:        10649 (SIFT)
2026-05-18T22:08:47 COLMAP[feature_extractor] I20260518 22:08:47.323347    82 feature_extraction.cc:316]   GPS:             LAT=40.522, LON=-111.891, ALT=1428.114
2026-05-18T22:08:47 COLMAP[feature_extractor] I20260518 22:08:47.323413    82 feature_extraction.cc:323]   Gravity:         X=0.000, Y=1.000, Z=0.000
2026-05-18T22:08:50 COLMAP[feature_extractor] I20260518 22:08:49.671396    82 feature_extraction.cc:280] Processed file [1148/1710]
2026-05-18T22:08:50 COLMAP[feature_extractor] I20260518 22:08:49.671458    82 feature_extraction.cc:283]   Name:            DJI_01148.JPG
2026-05-18T22:08:50 COLMAP[feature_extractor] I20260518 22:08:49.671470    82 feature_extraction.cc:292]   Dimensions:      4000 x 2250
2026-05-18T22:08:50 COLMAP[feature_extractor] I20260518 22:08:49.671481    82 feature_extraction.cc:295]   Camera:          #1 - SIMPLE_RADIAL
2026-05-18T22:08:50 COLMAP[feature_extractor] I20260518 22:08:49.671492    82 feature_extraction.cc:298]   Focal Length:    2545.54px (Prior)
2026-05-18T22:08:50 COLMAP[feature_extractor] I20260518 22:08:49.671509    82 feature_extraction.cc:302]   Features:        10485 (SIFT)
2026-05-18T22:08:50 COLMAP[feature_extractor] I20260518 22:08:49.949647    82 feature_extraction.cc:316]   GPS:             LAT=40.522, LON=-111.891, ALT=1428.114
2026-05-18T22:08:50 COLMAP[feature_extractor] I20260518 22:08:49.949702    82 feature_extraction.cc:323]   Gravity:         X=0.000, Y=1.000, Z=0.000
2026-05-18T22:08:55 COLMAP[feature_extractor] I20260518 22:08:54.583396    82 feature_extraction.cc:280] Processed file [1149/1710]
2026-05-18T22:08:55 COLMAP[feature_extractor] I20260518 22:08:54.583488    82 feature_extraction.cc:283]   Name:            DJI_01149.JPG
2026-05-18T22:08:55 COLMAP[feature_extractor] I20260518 22:08:54.583501    82 feature_extraction.cc:292]   Dimensions:      4000 x 2250
2026-05-18T22:08:55 COLMAP[feature_extractor] I20260518 22:08:54.583510    82 feature_extraction.cc:295]   Camera:          #1 - SIMPLE_RADIAL
2026-05-18T22:08:55 COLMAP[feature_extractor] I20260518 22:08:54.583520    82 feature_extraction.cc:298]   Focal Length:    2545.54px (Prior)
2026-05-18T22:08:55 COLMAP[feature_extractor] I20260518 22:08:54.583534    82 feature_extraction.cc:302]   Features:        10277 (SIFT)
2026-05-18T22:08:55 COLMAP[feature_extractor] I20260518 22:08:54.959290    82 feature_extraction.cc:316]   GPS:             LAT=40.522, LON=-111.891, ALT=1428.014
2026-05-18T22:08:55 COLMAP[feature_extractor] I20260518 22:08:54.959349    82 feature_extraction.cc:323]   Gravity:         X=0.000, Y=1.000, Z=0.000
2026-05-18T22:08:55 COLMAP[feature_extractor] I20260518 22:08:55.307402    82 feature_extraction.cc:280] Processed file [1150/1710]
2026-05-18T22:08:55 COLMAP[feature_extractor] I20260518 22:08:55.307459    82 feature_extraction.cc:283]   Name:            DJI_01150.JPG
2026-05-18T22:08:55 COLMAP[feature_extractor] I20260518 22:08:55.307471    82 feature_extraction.cc:292]   Dimensions:      4000 x 2250
2026-05-18T22:08:55 COLMAP[feature_extractor] I20260518 22:08:55.307482    82 feature_extraction.cc:295]   Camera:          #1 - SIMPLE_RADIAL
2026-05-18T22:08:55 COLMAP[feature_extractor] I20260518 22:08:55.307493    82 feature_extraction.cc:298]   Focal Length:    2545.54px (Prior)
2026-05-18T22:08:55 COLMAP[feature_extractor] I20260518 22:08:55.307508    82 feature_extraction.cc:302]   Features:        10160 (SIFT)
2026-05-18T22:08:55 COLMAP[feature_extractor] I20260518 22:08:55.659984    82 feature_extraction.cc:316]   GPS:             LAT=40.522, LON=-111.891, ALT=1427.614
2026-05-18T22:08:55 COLMAP[feature_extractor] I20260518 22:08:55.660039    82 feature_extraction.cc:323]   Gravity:         X=0.000, Y=1.000, Z=0.000
2026-05-18T22:08:58 COLMAP[feature_extractor] I20260518 22:08:56.496230    82 feature_extraction.cc:280] Processed file [1151/1710]
2026-05-18T22:08:58 COLMAP[feature_extractor] I20260518 22:08:56.496287    82 feature_extraction.cc:283]   Name:            DJI_01151.JPG
2026-05-18T22:08:58 COLMAP[feature_extractor] I20260518 22:08:56.496299    82 feature_extraction.cc:292]   Dimensions:      4000 x 2250
2026-05-18T22:08:58 COLMAP[feature_extractor] I20260518 22:08:56.496310    82 feature_extraction.cc:295]   Camera:          #1 - SIMPLE_RADIAL
2026-05-18T22:08:58 COLMAP[feature_extractor] I20260518 22:08:56.496321    82 feature_extraction.cc:298]   Focal Length:    2545.54px (Prior)
2026-05-18T22:08:58 COLMAP[feature_extractor] I20260518 22:08:56.496337    82 feature_extraction.cc:302]   Features:        10291 (SIFT)
2026-05-18T22:08:58 COLMAP[feature_extractor] I20260518 22:08:56.855083    82 feature_extraction.cc:316]   GPS:             LAT=40.522, LON=-111.891, ALT=1428.414
2026-05-18T22:08:58 COLMAP[feature_extractor] I20260518 22:08:56.855145    82 feature_extraction.cc:323]   Gravity:         X=0.000, Y=1.000, Z=0.000
2026-05-18T22:08:59 COLMAP[feature_extractor] I20260518 22:08:58.779306    82 feature_extraction.cc:280] Processed file [1152/1710]
2026-05-18T22:08:59 COLMAP[feature_extractor] I20260518 22:08:58.779356    82 feature_extraction.cc:283]   Name:            DJI_01152.JPG
2026-05-18T22:08:59 COLMAP[feature_extractor] I20260518 22:08:58.779379    82 feature_extraction.cc:292]   Dimensions:      4000 x 2250
2026-05-18T22:08:59 COLMAP[feature_extractor] I20260518 22:08:58.779392    82 feature_extraction.cc:295]   Camera:          #1 - SIMPLE_RADIAL
2026-05-18T22:08:59 COLMAP[feature_extractor] I20260518 22:08:58.779403    82 feature_extraction.cc:298]   Focal Length:    2545.54px (Prior)
2026-05-18T22:08:59 COLMAP[feature_extractor] I20260518 22:08:58.779419    82 feature_extraction.cc:302]   Features:        10464 (SIFT)
2026-05-18T22:08:59 COLMAP[feature_extractor] I20260518 22:08:58.979279    82 feature_extraction.cc:316]   GPS:             LAT=40.522, LON=-111.891, ALT=1428.114
2026-05-18T22:08:59 COLMAP[feature_extractor] I20260518 22:08:58.979334    82 feature_extraction.cc:323]   Gravity:         X=0.000, Y=1.000, Z=0.000
2026-05-18T22:09:04 COLMAP[feature_extractor] I20260518 22:09:03.651396    82 feature_extraction.cc:280] Processed file [1153/1710]
2026-05-18T22:09:04 COLMAP[feature_extractor] I20260518 22:09:03.651453    82 feature_extraction.cc:283]   Name:            DJI_01153.JPG
2026-05-18T22:09:04 COLMAP[feature_extractor] I20260518 22:09:03.651466    82 feature_extraction.cc:292]   Dimensions:      4000 x 2250
2026-05-18T22:09:04 COLMAP[feature_extractor] I20260518 22:09:03.651477    82 feature_extraction.cc:295]   Camera:          #1 - SIMPLE_RADIAL
2026-05-18T22:09:04 COLMAP[feature_extractor] I20260518 22:09:03.651489    82 feature_extraction.cc:298]   Focal Length:    2545.54px (Prior)
2026-05-18T22:09:04 COLMAP[feature_extractor] I20260518 22:09:03.651504    82 feature_extraction.cc:302]   Features:        10812 (SIFT)
2026-05-18T22:09:04 COLMAP[feature_extractor] I20260518 22:09:03.892323    82 feature_extraction.cc:316]   GPS:             LAT=40.522, LON=-111.891, ALT=1428.414
2026-05-18T22:09:04 COLMAP[feature_extractor] I20260518 22:09:03.892383    82 feature_extraction.cc:323]   Gravity:         X=0.000, Y=1.000, Z=0.000
2026-05-18T22:09:05 COLMAP[feature_extractor] I20260518 22:09:04.583070    82 feature_extraction.cc:280] Processed file [1154/1710]
2026-05-18T22:09:05 COLMAP[feature_extractor] I20260518 22:09:04.583132    82 feature_extraction.cc:283]   Name:            DJI_01154.JPG
2026-05-18T22:09:05 COLMAP[feature_extractor] I20260518 22:09:04.583145    82 feature_extraction.cc:292]   Dimensions:      4000 x 2250
2026-05-18T22:09:05 COLMAP[feature_extractor] I20260518 22:09:04.583155    82 feature_extraction.cc:295]   Camera:          #1 - SIMPLE_RADIAL
2026-05-18T22:09:05 COLMAP[feature_extractor] I20260518 22:09:04.583205    82 feature_extraction.cc:298]   Focal Length:    2545.54px (Prior)
2026-05-18T22:09:05 COLMAP[feature_extractor] I20260518 22:09:04.583220    82 feature_extraction.cc:302]   Features:        10639 (SIFT)
2026-05-18T22:09:05 COLMAP[feature_extractor] I20260518 22:09:04.802078    82 feature_extraction.cc:316]   GPS:             LAT=40.522, LON=-111.891, ALT=1428.114
2026-05-18T22:09:05 COLMAP[feature_extractor] I20260518 22:09:04.802136    82 feature_extraction.cc:323]   Gravity:         X=0.000, Y=1.000, Z=0.000
2026-05-18T22:09:06 COLMAP[feature_extractor] I20260518 22:09:05.974965    82 feature_extraction.cc:280] Processed file [1155/1710]
2026-05-18T22:09:06 COLMAP[feature_extractor] I20260518 22:09:05.975024    82 feature_extraction.cc:283]   Name:            DJI_01155.JPG
2026-05-18T22:09:06 COLMAP[feature_extractor] I20260518 22:09:05.975037    82 feature_extraction.cc:292]   Dimensions:      4000 x 2250
2026-05-18T22:09:06 COLMAP[feature_extractor] I20260518 22:09:05.975049    82 feature_extraction.cc:295]   Camera:          #1 - SIMPLE_RADIAL
2026-05-18T22:09:06 COLMAP[feature_extractor] I20260518 22:09:05.975059    82 feature_extraction.cc:298]   Focal Length:    2545.54px (Prior)
2026-05-18T22:09:06 COLMAP[feature_extractor] I20260518 22:09:05.975075    82 feature_extraction.cc:302]   Features:        10843 (SIFT)
2026-05-18T22:09:06 COLMAP[feature_extractor] I20260518 22:09:06.146193    82 feature_extraction.cc:316]   GPS:             LAT=40.522, LON=-111.891, ALT=1428.514
2026-05-18T22:09:06 COLMAP[feature_extractor] I20260518 22:09:06.146252    82 feature_extraction.cc:323]   Gravity:         X=0.000, Y=1.000, Z=0.000
2026-05-18T22:09:08 COLMAP[feature_extractor] I20260518 22:09:08.066579    82 feature_extraction.cc:280] Processed file [1156/1710]
2026-05-18T22:09:08 COLMAP[feature_extractor] I20260518 22:09:08.066637    82 feature_extraction.cc:283]   Name:            DJI_01156.JPG
2026-05-18T22:09:08 COLMAP[feature_extractor] I20260518 22:09:08.066650    82 feature_extraction.cc:292]   Dimensions:      4000 x 2250
2026-05-18T22:09:08 COLMAP[feature_extractor] I20260518 22:09:08.066661    82 feature_extraction.cc:295]   Camera:          #1 - SIMPLE_RADIAL
2026-05-18T22:09:08 COLMAP[feature_extractor] I20260518 22:09:08.066672    82 feature_extraction.cc:298]   Focal Length:    2545.54px (Prior)
2026-05-18T22:09:08 COLMAP[feature_extractor] I20260518 22:09:08.066689    82 feature_extraction.cc:302]   Features:        8253 (SIFT)
2026-05-18T22:09:09 COLMAP[feature_extractor] I20260518 22:09:08.371556    82 feature_extraction.cc:316]   GPS:             LAT=40.522, LON=-111.891, ALT=1427.914
2026-05-18T22:09:09 COLMAP[feature_extractor] I20260518 22:09:08.371611    82 feature_extraction.cc:323]   Gravity:         X=0.000, Y=1.000, Z=0.000
2026-05-18T22:09:13 COLMAP[feature_extractor] I20260518 22:09:12.831400    82 feature_extraction.cc:280] Processed file [1157/1710]
2026-05-18T22:09:13 COLMAP[feature_extractor] I20260518 22:09:12.831457    82 feature_extraction.cc:283]   Name:            DJI_01157.JPG
2026-05-18T22:09:13 COLMAP[feature_extractor] I20260518 22:09:12.831470    82 feature_extraction.cc:292]   Dimensions:      4000 x 2250
2026-05-18T22:09:13 COLMAP[feature_extractor] I20260518 22:09:12.831480    82 feature_extraction.cc:295]   Camera:          #1 - SIMPLE_RADIAL
2026-05-18T22:09:13 COLMAP[feature_extractor] I20260518 22:09:12.831492    82 feature_extraction.cc:298]   Focal Length:    2545.54px (Prior)
2026-05-18T22:09:13 COLMAP[feature_extractor] I20260518 22:09:12.831508    82 feature_extraction.cc:302]   Features:        10104 (SIFT)
2026-05-18T22:09:13 COLMAP[feature_extractor] I20260518 22:09:13.097450    82 feature_extraction.cc:316]   GPS:             LAT=40.522, LON=-111.891, ALT=1428.114
2026-05-18T22:09:13 COLMAP[feature_extractor] I20260518 22:09:13.097512    82 feature_extraction.cc:323]   Gravity:         X=0.000, Y=1.000, Z=0.000
2026-05-18T22:09:14 COLMAP[feature_extractor] I20260518 22:09:13.717378    82 feature_extraction.cc:280] Processed file [1158/1710]
2026-05-18T22:09:14 COLMAP[feature_extractor] I20260518 22:09:13.717434    82 feature_extraction.cc:283]   Name:            DJI_01158.JPG
2026-05-18T22:09:14 COLMAP[feature_extractor] I20260518 22:09:13.717446    82 feature_extraction.cc:292]   Dimensions:      4000 x 2250
2026-05-18T22:09:14 COLMAP[feature_extractor] I20260518 22:09:13.717458    82 feature_extraction.cc:295]   Camera:          #1 - SIMPLE_RADIAL
2026-05-18T22:09:14 COLMAP[feature_extractor] I20260518 22:09:13.717469    82 feature_extraction.cc:298]   Focal Length:    2545.54px (Prior)
2026-05-18T22:09:14 COLMAP[feature_extractor] I20260518 22:09:13.717484    82 feature_extraction.cc:302]   Features:        10479 (SIFT)
2026-05-18T22:09:14 COLMAP[feature_extractor] I20260518 22:09:13.970796    82 feature_extraction.cc:316]   GPS:             LAT=40.522, LON=-111.891, ALT=1427.814
2026-05-18T22:09:14 COLMAP[feature_extractor] I20260518 22:09:13.970846    82 feature_extraction.cc:323]   Gravity:         X=0.000, Y=1.000, Z=0.000
2026-05-18T22:09:16 COLMAP[feature_extractor] I20260518 22:09:15.192471    82 feature_extraction.cc:280] Processed file [1159/1710]
2026-05-18T22:09:16 COLMAP[feature_extractor] I20260518 22:09:15.192535    82 feature_extraction.cc:283]   Name:            DJI_01159.JPG
2026-05-18T22:09:16 COLMAP[feature_extractor] I20260518 22:09:15.192548    82 feature_extraction.cc:292]   Dimensions:      4000 x 2250
2026-05-18T22:09:16 COLMAP[feature_extractor] I20260518 22:09:15.192559    82 feature_extraction.cc:295]   Camera:          #1 - SIMPLE_RADIAL
2026-05-18T22:09:16 COLMAP[feature_extractor] I20260518 22:09:15.192570    82 feature_extraction.cc:298]   Focal Length:    2545.54px (Prior)
2026-05-18T22:09:16 COLMAP[feature_extractor] I20260518 22:09:15.192586    82 feature_extraction.cc:302]   Features:        11039 (SIFT)
2026-05-18T22:09:16 COLMAP[feature_extractor] I20260518 22:09:15.464511    82 feature_extraction.cc:316]   GPS:             LAT=40.522, LON=-111.891, ALT=1427.814
2026-05-18T22:09:16 COLMAP[feature_extractor] I20260518 22:09:15.464568    82 feature_extraction.cc:323]   Gravity:         X=0.000, Y=1.000, Z=0.000
2026-05-18T22:09:17 COLMAP[feature_extractor] I20260518 22:09:17.319587    82 feature_extraction.cc:280] Processed file [1160/1710]
2026-05-18T22:09:17 COLMAP[feature_extractor] I20260518 22:09:17.319641    82 feature_extraction.cc:283]   Name:            DJI_01160.JPG
2026-05-18T22:09:17 COLMAP[feature_extractor] I20260518 22:09:17.319653    82 feature_extraction.cc:292]   Dimensions:      4000 x 2250
2026-05-18T22:09:17 COLMAP[feature_extractor] I20260518 22:09:17.319664    82 feature_extraction.cc:295]   Camera:          #1 - SIMPLE_RADIAL
2026-05-18T22:09:17 COLMAP[feature_extractor] I20260518 22:09:17.319675    82 feature_extraction.cc:298]   Focal Length:    2545.54px (Prior)
2026-05-18T22:09:17 COLMAP[feature_extractor] I20260518 22:09:17.319691    82 feature_extraction.cc:302]   Features:        11015 (SIFT)
2026-05-18T22:09:17 COLMAP[feature_extractor] I20260518 22:09:17.591095    82 feature_extraction.cc:316]   GPS:             LAT=40.522, LON=-111.891, ALT=1428.214
2026-05-18T22:09:17 COLMAP[feature_extractor] I20260518 22:09:17.591147    82 feature_extraction.cc:323]   Gravity:         X=0.000, Y=1.000, Z=0.000
2026-05-18T22:09:22 COLMAP[feature_extractor] I20260518 22:09:22.241410    82 feature_extraction.cc:280] Processed file [1161/1710]
2026-05-18T22:09:22 COLMAP[feature_extractor] I20260518 22:09:22.241461    82 feature_extraction.cc:283]   Name:            DJI_01161.JPG
2026-05-18T22:09:22 COLMAP[feature_extractor] I20260518 22:09:22.241473    82 feature_extraction.cc:292]   Dimensions:      4000 x 2250
2026-05-18T22:09:22 COLMAP[feature_extractor] I20260518 22:09:22.241484    82 feature_extraction.cc:295]   Camera:          #1 - SIMPLE_RADIAL
2026-05-18T22:09:22 COLMAP[feature_extractor] I20260518 22:09:22.241495    82 feature_extraction.cc:298]   Focal Length:    2545.54px (Prior)
2026-05-18T22:09:22 COLMAP[feature_extractor] I20260518 22:09:22.241511    82 feature_extraction.cc:302]   Features:        8217 (SIFT)
2026-05-18T22:09:22 COLMAP[feature_extractor] I20260518 22:09:22.405869    82 feature_extraction.cc:316]   GPS:             LAT=40.523, LON=-111.891, ALT=1427.814
2026-05-18T22:09:22 COLMAP[feature_extractor] I20260518 22:09:22.405915    82 feature_extraction.cc:323]   Gravity:         X=0.000, Y=1.000, Z=0.000
2026-05-18T22:09:22 COLMAP[feature_extractor] I20260518 22:09:22.813818    82 feature_extraction.cc:280] Processed file [1162/1710]
2026-05-18T22:09:22 COLMAP[feature_extractor] I20260518 22:09:22.813868    82 feature_extraction.cc:283]   Name:            DJI_01162.JPG
2026-05-18T22:09:22 COLMAP[feature_extractor] I20260518 22:09:22.813881    82 feature_extraction.cc:292]   Dimensions:      4000 x 2250
2026-05-18T22:09:22 COLMAP[feature_extractor] I20260518 22:09:22.813892    82 feature_extraction.cc:295]   Camera:          #1 - SIMPLE_RADIAL
2026-05-18T22:09:22 COLMAP[feature_extractor] I20260518 22:09:22.813903    82 feature_extraction.cc:298]   Focal Length:    2545.54px (Prior)
2026-05-18T22:09:22 COLMAP[feature_extractor] I20260518 22:09:22.813920    82 feature_extraction.cc:302]   Features:        8379 (SIFT)
2026-05-18T22:09:23 COLMAP[feature_extractor] I20260518 22:09:23.059985    82 feature_extraction.cc:316]   GPS:             LAT=40.523, LON=-111.891, ALT=1428.114
2026-05-18T22:09:23 COLMAP[feature_extractor] I20260518 22:09:23.060040    82 feature_extraction.cc:323]   Gravity:         X=0.000, Y=1.000, Z=0.000
2026-05-18T22:09:24 COLMAP[feature_extractor] I20260518 22:09:24.428612    82 feature_extraction.cc:280] Processed file [1163/1710]
2026-05-18T22:09:24 COLMAP[feature_extractor] I20260518 22:09:24.428668    82 feature_extraction.cc:283]   Name:            DJI_01163.JPG
2026-05-18T22:09:24 COLMAP[feature_extractor] I20260518 22:09:24.428679    82 feature_extraction.cc:292]   Dimensions:      4000 x 2250
2026-05-18T22:09:24 COLMAP[feature_extractor] I20260518 22:09:24.428690    82 feature_extraction.cc:295]   Camera:          #1 - SIMPLE_RADIAL
2026-05-18T22:09:24 COLMAP[feature_extractor] I20260518 22:09:24.428702    82 feature_extraction.cc:298]   Focal Length:    2545.54px (Prior)
2026-05-18T22:09:24 COLMAP[feature_extractor] I20260518 22:09:24.428717    82 feature_extraction.cc:302]   Features:        10464 (SIFT)
2026-05-18T22:09:24 COLMAP[feature_extractor] I20260518 22:09:24.656396    82 feature_extraction.cc:316]   GPS:             LAT=40.523, LON=-111.891, ALT=1428.514
2026-05-18T22:09:24 COLMAP[feature_extractor] I20260518 22:09:24.656483    82 feature_extraction.cc:323]   Gravity:         X=0.000, Y=1.000, Z=0.000
2026-05-18T22:09:26 COLMAP[feature_extractor] I20260518 22:09:26.599395    82 feature_extraction.cc:280] Processed file [1164/1710]
2026-05-18T22:09:26 COLMAP[feature_extractor] I20260518 22:09:26.599578    82 feature_extraction.cc:283]   Name:            DJI_01164.JPG
2026-05-18T22:09:26 COLMAP[feature_extractor] I20260518 22:09:26.599594    82 feature_extraction.cc:292]   Dimensions:      4000 x 2250
2026-05-18T22:09:26 COLMAP[feature_extractor] I20260518 22:09:26.599606    82 feature_extraction.cc:295]   Camera:          #1 - SIMPLE_RADIAL
2026-05-18T22:09:26 COLMAP[feature_extractor] I20260518 22:09:26.599617    82 feature_extraction.cc:298]   Focal Length:    2545.54px (Prior)
2026-05-18T22:09:26 COLMAP[feature_extractor] I20260518 22:09:26.599633    82 feature_extraction.cc:302]   Features:        8291 (SIFT)
2026-05-18T22:09:26 COLMAP[feature_extractor] I20260518 22:09:26.842159    82 feature_extraction.cc:316]   GPS:             LAT=40.523, LON=-111.891, ALT=1427.714
2026-05-18T22:09:26 COLMAP[feature_extractor] I20260518 22:09:26.842217    82 feature_extraction.cc:323]   Gravity:         X=0.000, Y=1.000, Z=0.000
2026-05-18T22:09:31 COLMAP[feature_extractor] I20260518 22:09:31.623261    82 feature_extraction.cc:280] Processed file [1165/1710]
2026-05-18T22:09:31 COLMAP[feature_extractor] I20260518 22:09:31.623323    82 feature_extraction.cc:283]   Name:            DJI_01165.JPG
2026-05-18T22:09:31 COLMAP[feature_extractor] I20260518 22:09:31.623337    82 feature_extraction.cc:292]   Dimensions:      4000 x 2250
2026-05-18T22:09:31 COLMAP[feature_extractor] I20260518 22:09:31.623348    82 feature_extraction.cc:295]   Camera:          #1 - SIMPLE_RADIAL
2026-05-18T22:09:31 COLMAP[feature_extractor] I20260518 22:09:31.623361    82 feature_extraction.cc:298]   Focal Length:    2545.54px (Prior)
2026-05-18T22:09:31 COLMAP[feature_extractor] I20260518 22:09:31.623391    82 feature_extraction.cc:302]   Features:        8479 (SIFT)
2026-05-18T22:09:31 COLMAP[feature_extractor] I20260518 22:09:31.882036    82 feature_extraction.cc:316]   GPS:             LAT=40.523, LON=-111.891, ALT=1428.214
2026-05-18T22:09:31 COLMAP[feature_extractor] I20260518 22:09:31.882091    82 feature_extraction.cc:323]   Gravity:         X=0.000, Y=1.000, Z=0.000
2026-05-18T22:09:32 COLMAP[feature_extractor] I20260518 22:09:32.051172    82 feature_extraction.cc:280] Processed file [1166/1710]
2026-05-18T22:09:32 COLMAP[feature_extractor] I20260518 22:09:32.051227    82 feature_extraction.cc:283]   Name:            DJI_01166.JPG
2026-05-18T22:09:32 COLMAP[feature_extractor] I20260518 22:09:32.051239    82 feature_extraction.cc:292]   Dimensions:      4000 x 2250
2026-05-18T22:09:32 COLMAP[feature_extractor] I20260518 22:09:32.051250    82 feature_extraction.cc:295]   Camera:          #1 - SIMPLE_RADIAL
2026-05-18T22:09:32 COLMAP[feature_extractor] I20260518 22:09:32.051261    82 feature_extraction.cc:298]   Focal Length:    2545.54px (Prior)
2026-05-18T22:09:32 COLMAP[feature_extractor] I20260518 22:09:32.051277    82 feature_extraction.cc:302]   Features:        11031 (SIFT)
2026-05-18T22:09:32 COLMAP[feature_extractor] I20260518 22:09:32.256254    82 feature_extraction.cc:316]   GPS:             LAT=40.523, LON=-111.891, ALT=1428.514
2026-05-18T22:09:32 COLMAP[feature_extractor] I20260518 22:09:32.256307    82 feature_extraction.cc:323]   Gravity:         X=0.000, Y=1.000, Z=0.000
2026-05-18T22:09:33 COLMAP[feature_extractor] I20260518 22:09:33.489794    82 feature_extraction.cc:280] Processed file [1167/1710]
2026-05-18T22:09:33 COLMAP[feature_extractor] I20260518 22:09:33.489849    82 feature_extraction.cc:283]   Name:            DJI_01167.JPG
2026-05-18T22:09:33 COLMAP[feature_extractor] I20260518 22:09:33.489861    82 feature_extraction.cc:292]   Dimensions:      4000 x 2250
2026-05-18T22:09:33 COLMAP[feature_extractor] I20260518 22:09:33.489872    82 feature_extraction.cc:295]   Camera:          #1 - SIMPLE_RADIAL
2026-05-18T22:09:33 COLMAP[feature_extractor] I20260518 22:09:33.489883    82 feature_extraction.cc:298]   Focal Length:    2545.54px (Prior)
2026-05-18T22:09:33 COLMAP[feature_extractor] I20260518 22:09:33.489899    82 feature_extraction.cc:302]   Features:        10945 (SIFT)
2026-05-18T22:09:33 COLMAP[feature_extractor] I20260518 22:09:33.715344    82 feature_extraction.cc:316]   GPS:             LAT=40.523, LON=-111.891, ALT=1428.414
2026-05-18T22:09:33 COLMAP[feature_extractor] I20260518 22:09:33.715423    82 feature_extraction.cc:323]   Gravity:         X=0.000, Y=1.000, Z=0.000
2026-05-18T22:09:36 COLMAP[feature_extractor] I20260518 22:09:35.815793    82 feature_extraction.cc:280] Processed file [1168/1710]
2026-05-18T22:09:36 COLMAP[feature_extractor] I20260518 22:09:35.815853    82 feature_extraction.cc:283]   Name:            DJI_01168.JPG
2026-05-18T22:09:36 COLMAP[feature_extractor] I20260518 22:09:35.815866    82 feature_extraction.cc:292]   Dimensions:      4000 x 2250
2026-05-18T22:09:36 COLMAP[feature_extractor] I20260518 22:09:35.815877    82 feature_extraction.cc:295]   Camera:          #1 - SIMPLE_RADIAL
2026-05-18T22:09:36 COLMAP[feature_extractor] I20260518 22:09:35.815889    82 feature_extraction.cc:298]   Focal Length:    2545.54px (Prior)
2026-05-18T22:09:36 COLMAP[feature_extractor] I20260518 22:09:35.815904    82 feature_extraction.cc:302]   Features:        10878 (SIFT)
2026-05-18T22:09:36 COLMAP[feature_extractor] I20260518 22:09:36.000370    82 feature_extraction.cc:316]   GPS:             LAT=40.523, LON=-111.891, ALT=1428.614
2026-05-18T22:09:36 COLMAP[feature_extractor] I20260518 22:09:36.000429    82 feature_extraction.cc:323]   Gravity:         X=0.000, Y=1.000, Z=0.000
2026-05-18T22:09:40 COLMAP[feature_extractor] I20260518 22:09:40.784675    82 feature_extraction.cc:280] Processed file [1169/1710]
2026-05-18T22:09:40 COLMAP[feature_extractor] I20260518 22:09:40.784732    82 feature_extraction.cc:283]   Name:            DJI_01169.JPG
2026-05-18T22:09:40 COLMAP[feature_extractor] I20260518 22:09:40.784782    82 feature_extraction.cc:292]   Dimensions:      4000 x 2250
2026-05-18T22:09:40 COLMAP[feature_extractor] I20260518 22:09:40.784793    82 feature_extraction.cc:295]   Camera:          #1 - SIMPLE_RADIAL
2026-05-18T22:09:40 COLMAP[feature_extractor] I20260518 22:09:40.784806    82 feature_extraction.cc:298]   Focal Length:    2545.54px (Prior)
2026-05-18T22:09:40 COLMAP[feature_extractor] I20260518 22:09:40.784821    82 feature_extraction.cc:302]   Features:        11007 (SIFT)
2026-05-18T22:09:41 COLMAP[feature_extractor] I20260518 22:09:41.021344    82 feature_extraction.cc:316]   GPS:             LAT=40.523, LON=-111.891, ALT=1428.414
2026-05-18T22:09:41 COLMAP[feature_extractor] I20260518 22:09:41.021412    82 feature_extraction.cc:323]   Gravity:         X=0.000, Y=1.000, Z=0.000
2026-05-18T22:09:41 COLMAP[feature_extractor] I20260518 22:09:41.163398    82 feature_extraction.cc:280] Processed file [1170/1710]
2026-05-18T22:09:41 COLMAP[feature_extractor] I20260518 22:09:41.163453    82 feature_extraction.cc:283]   Name:            DJI_01170.JPG
2026-05-18T22:09:41 COLMAP[feature_extractor] I20260518 22:09:41.163466    82 feature_extraction.cc:292]   Dimensions:      4000 x 2250
2026-05-18T22:09:41 COLMAP[feature_extractor] I20260518 22:09:41.163477    82 feature_extraction.cc:295]   Camera:          #1 - SIMPLE_RADIAL
2026-05-18T22:09:41 COLMAP[feature_extractor] I20260518 22:09:41.163488    82 feature_extraction.cc:298]   Focal Length:    2545.54px (Prior)
2026-05-18T22:09:41 COLMAP[feature_extractor] I20260518 22:09:41.163503    82 feature_extraction.cc:302]   Features:        11006 (SIFT)
2026-05-18T22:09:41 COLMAP[feature_extractor] I20260518 22:09:41.408010    82 feature_extraction.cc:316]   GPS:             LAT=40.523, LON=-111.891, ALT=1428.714
2026-05-18T22:09:41 COLMAP[feature_extractor] I20260518 22:09:41.408066    82 feature_extraction.cc:323]   Gravity:         X=0.000, Y=1.000, Z=0.000
2026-05-18T22:09:43 COLMAP[feature_extractor] I20260518 22:09:42.817065    82 feature_extraction.cc:280] Processed file [1171/1710]
2026-05-18T22:09:43 COLMAP[feature_extractor] I20260518 22:09:42.817126    82 feature_extraction.cc:283]   Name:            DJI_01171.JPG
2026-05-18T22:09:43 COLMAP[feature_extractor] I20260518 22:09:42.817138    82 feature_extraction.cc:292]   Dimensions:      4000 x 2250
2026-05-18T22:09:43 COLMAP[feature_extractor] I20260518 22:09:42.817149    82 feature_extraction.cc:295]   Camera:          #1 - SIMPLE_RADIAL
2026-05-18T22:09:43 COLMAP[feature_extractor] I20260518 22:09:42.817160    82 feature_extraction.cc:298]   Focal Length:    2545.54px (Prior)
2026-05-18T22:09:43 COLMAP[feature_extractor] I20260518 22:09:42.817176    82 feature_extraction.cc:302]   Features:        8253 (SIFT)
2026-05-18T22:09:43 COLMAP[feature_extractor] I20260518 22:09:43.088913    82 feature_extraction.cc:316]   GPS:             LAT=40.523, LON=-111.891, ALT=1428.614
2026-05-18T22:09:43 COLMAP[feature_extractor] I20260518 22:09:43.088973    82 feature_extraction.cc:323]   Gravity:         X=0.000, Y=1.000, Z=0.000
2026-05-18T22:09:45 COLMAP[feature_extractor] I20260518 22:09:45.033787    82 feature_extraction.cc:280] Processed file [1172/1710]
2026-05-18T22:09:45 COLMAP[feature_extractor] I20260518 22:09:45.033849    82 feature_extraction.cc:283]   Name:            DJI_01172.JPG
2026-05-18T22:09:45 COLMAP[feature_extractor] I20260518 22:09:45.033860    82 feature_extraction.cc:292]   Dimensions:      4000 x 2250
2026-05-18T22:09:45 COLMAP[feature_extractor] I20260518 22:09:45.033870    82 feature_extraction.cc:295]   Camera:          #1 - SIMPLE_RADIAL
2026-05-18T22:09:45 COLMAP[feature_extractor] I20260518 22:09:45.033880    82 feature_extraction.cc:298]   Focal Length:    2545.54px (Prior)
2026-05-18T22:09:45 COLMAP[feature_extractor] I20260518 22:09:45.033895    82 feature_extraction.cc:302]   Features:        8212 (SIFT)
2026-05-18T22:09:45 COLMAP[feature_extractor] I20260518 22:09:45.355334    82 feature_extraction.cc:316]   GPS:             LAT=40.523, LON=-111.891, ALT=1428.914
2026-05-18T22:09:45 COLMAP[feature_extractor] I20260518 22:09:45.355407    82 feature_extraction.cc:323]   Gravity:         X=0.000, Y=1.000, Z=0.000
2026-05-18T22:09:51 COLMAP[feature_extractor] I20260518 22:09:50.144843    82 feature_extraction.cc:280] Processed file [1173/1710]
2026-05-18T22:09:51 COLMAP[feature_extractor] I20260518 22:09:50.144899    82 feature_extraction.cc:283]   Name:            DJI_01173.JPG
2026-05-18T22:09:51 COLMAP[feature_extractor] I20260518 22:09:50.144912    82 feature_extraction.cc:292]   Dimensions:      4000 x 2250
2026-05-18T22:09:51 COLMAP[feature_extractor] I20260518 22:09:50.144922    82 feature_extraction.cc:295]   Camera:          #1 - SIMPLE_RADIAL
2026-05-18T22:09:51 COLMAP[feature_extractor] I20260518 22:09:50.144933    82 feature_extraction.cc:298]   Focal Length:    2545.54px (Prior)
2026-05-18T22:09:51 COLMAP[feature_extractor] I20260518 22:09:50.144949    82 feature_extraction.cc:302]   Features:        10852 (SIFT)
2026-05-18T22:09:51 COLMAP[feature_extractor] I20260518 22:09:50.452157    82 feature_extraction.cc:316]   GPS:             LAT=40.523, LON=-111.892, ALT=1428.714
2026-05-18T22:09:51 COLMAP[feature_extractor] I20260518 22:09:50.452215    82 feature_extraction.cc:323]   Gravity:         X=0.000, Y=1.000, Z=0.000
2026-05-18T22:09:51 COLMAP[feature_extractor] I20260518 22:09:50.455317    82 feature_extraction.cc:280] Processed file [1174/1710]
2026-05-18T22:09:51 COLMAP[feature_extractor] I20260518 22:09:50.455353    82 feature_extraction.cc:283]   Name:            DJI_01174.JPG
2026-05-18T22:09:51 COLMAP[feature_extractor] I20260518 22:09:50.455364    82 feature_extraction.cc:292]   Dimensions:      4000 x 2250
2026-05-18T22:09:51 COLMAP[feature_extractor] I20260518 22:09:50.455391    82 feature_extraction.cc:295]   Camera:          #1 - SIMPLE_RADIAL
2026-05-18T22:09:51 COLMAP[feature_extractor] I20260518 22:09:50.455430    82 feature_extraction.cc:298]   Focal Length:    2545.54px (Prior)
2026-05-18T22:09:51 COLMAP[feature_extractor] I20260518 22:09:50.455444    82 feature_extraction.cc:302]   Features:        10291 (SIFT)
2026-05-18T22:09:51 COLMAP[feature_extractor] I20260518 22:09:50.802837    82 feature_extraction.cc:316]   GPS:             LAT=40.523, LON=-111.892, ALT=1428.614
2026-05-18T22:09:51 COLMAP[feature_extractor] I20260518 22:09:50.802889    82 feature_extraction.cc:323]   Gravity:         X=0.000, Y=1.000, Z=0.000
2026-05-18T22:09:52 COLMAP[feature_extractor] I20260518 22:09:51.983930    82 feature_extraction.cc:280] Processed file [1175/1710]
2026-05-18T22:09:52 COLMAP[feature_extractor] I20260518 22:09:51.983983    82 feature_extraction.cc:283]   Name:            DJI_01175.JPG
2026-05-18T22:09:52 COLMAP[feature_extractor] I20260518 22:09:51.983995    82 feature_extraction.cc:292]   Dimensions:      4000 x 2250
2026-05-18T22:09:52 COLMAP[feature_extractor] I20260518 22:09:51.984006    82 feature_extraction.cc:295]   Camera:          #1 - SIMPLE_RADIAL
2026-05-18T22:09:52 COLMAP[feature_extractor] I20260518 22:09:51.984017    82 feature_extraction.cc:298]   Focal Length:    2545.54px (Prior)
2026-05-18T22:09:52 COLMAP[feature_extractor] I20260518 22:09:51.984033    82 feature_extraction.cc:302]   Features:        10477 (SIFT)
2026-05-18T22:09:53 COLMAP[feature_extractor] I20260518 22:09:52.247768    82 feature_extraction.cc:316]   GPS:             LAT=40.523, LON=-111.891, ALT=1428.814
2026-05-18T22:09:53 COLMAP[feature_extractor] I20260518 22:09:52.247823    82 feature_extraction.cc:323]   Gravity:         X=0.000, Y=1.000, Z=0.000
2026-05-18T22:09:56 COLMAP[feature_extractor] I20260518 22:09:54.370148    82 feature_extraction.cc:280] Processed file [1176/1710]
2026-05-18T22:09:56 COLMAP[feature_extractor] I20260518 22:09:54.370203    82 feature_extraction.cc:283]   Name:            DJI_01176.JPG
2026-05-18T22:09:56 COLMAP[feature_extractor] I20260518 22:09:54.370215    82 feature_extraction.cc:292]   Dimensions:      4000 x 2250
2026-05-18T22:09:56 COLMAP[feature_extractor] I20260518 22:09:54.370226    82 feature_extraction.cc:295]   Camera:          #1 - SIMPLE_RADIAL
2026-05-18T22:09:56 COLMAP[feature_extractor] I20260518 22:09:54.370237    82 feature_extraction.cc:298]   Focal Length:    2545.54px (Prior)
2026-05-18T22:09:56 COLMAP[feature_extractor] I20260518 22:09:54.370252    82 feature_extraction.cc:302]   Features:        11167 (SIFT)
2026-05-18T22:09:56 COLMAP[feature_extractor] I20260518 22:09:54.579667    82 feature_extraction.cc:316]   GPS:             LAT=40.523, LON=-111.891, ALT=1428.614
2026-05-18T22:09:56 COLMAP[feature_extractor] I20260518 22:09:54.579720    82 feature_extraction.cc:323]   Gravity:         X=0.000, Y=1.000, Z=0.000
2026-05-18T22:10:00 COLMAP[feature_extractor] I20260518 22:09:59.351318    82 feature_extraction.cc:280] Processed file [1177/1710]
2026-05-18T22:10:00 COLMAP[feature_extractor] I20260518 22:09:59.351461    82 feature_extraction.cc:283]   Name:            DJI_01177.JPG
2026-05-18T22:10:00 COLMAP[feature_extractor] I20260518 22:09:59.351480    82 feature_extraction.cc:292]   Dimensions:      4000 x 2250
2026-05-18T22:10:00 COLMAP[feature_extractor] I20260518 22:09:59.351491    82 feature_extraction.cc:295]   Camera:          #1 - SIMPLE_RADIAL
2026-05-18T22:10:00 COLMAP[feature_extractor] I20260518 22:09:59.351502    82 feature_extraction.cc:298]   Focal Length:    2545.54px (Prior)
2026-05-18T22:10:00 COLMAP[feature_extractor] I20260518 22:09:59.351518    82 feature_extraction.cc:302]   Features:        8256 (SIFT)
2026-05-18T22:10:00 COLMAP[feature_extractor] I20260518 22:09:59.573796    82 feature_extraction.cc:316]   GPS:             LAT=40.523, LON=-111.892, ALT=1428.614
2026-05-18T22:10:00 COLMAP[feature_extractor] I20260518 22:09:59.573853    82 feature_extraction.cc:323]   Gravity:         X=0.000, Y=1.000, Z=0.000
2026-05-18T22:10:00 COLMAP[feature_extractor] I20260518 22:09:59.576458    82 feature_extraction.cc:280] Processed file [1178/1710]
2026-05-18T22:10:00 COLMAP[feature_extractor] I20260518 22:09:59.576498    82 feature_extraction.cc:283]   Name:            DJI_01178.JPG
2026-05-18T22:10:00 COLMAP[feature_extractor] I20260518 22:09:59.576507    82 feature_extraction.cc:292]   Dimensions:      4000 x 2250
2026-05-18T22:10:00 COLMAP[feature_extractor] I20260518 22:09:59.576519    82 feature_extraction.cc:295]   Camera:          #1 - SIMPLE_RADIAL
2026-05-18T22:10:00 COLMAP[feature_extractor] I20260518 22:09:59.576529    82 feature_extraction.cc:298]   Focal Length:    2545.54px (Prior)
2026-05-18T22:10:00 COLMAP[feature_extractor] I20260518 22:09:59.576543    82 feature_extraction.cc:302]   Features:        8711 (SIFT)
2026-05-18T22:10:00 COLMAP[feature_extractor] I20260518 22:09:59.576587    82 feature_extraction.cc:316]   GPS:             LAT=40.523, LON=-111.892, ALT=1420.314
2026-05-18T22:10:00 COLMAP[feature_extractor] I20260518 22:09:59.576601    82 feature_extraction.cc:323]   Gravity:         X=0.000, Y=1.000, Z=0.000
2026-05-18T22:10:01 COLMAP[feature_extractor] I20260518 22:10:01.200333    82 feature_extraction.cc:280] Processed file [1179/1710]
2026-05-18T22:10:01 COLMAP[feature_extractor] I20260518 22:10:01.200394    82 feature_extraction.cc:283]   Name:            DJI_01179.JPG
2026-05-18T22:10:01 COLMAP[feature_extractor] I20260518 22:10:01.200407    82 feature_extraction.cc:292]   Dimensions:      4000 x 2250
2026-05-18T22:10:01 COLMAP[feature_extractor] I20260518 22:10:01.200417    82 feature_extraction.cc:295]   Camera:          #1 - SIMPLE_RADIAL
2026-05-18T22:10:01 COLMAP[feature_extractor] I20260518 22:10:01.200429    82 feature_extraction.cc:298]   Focal Length:    2545.54px (Prior)
2026-05-18T22:10:01 COLMAP[feature_extractor] I20260518 22:10:01.200444    82 feature_extraction.cc:302]   Features:        9026 (SIFT)
2026-05-18T22:10:02 COLMAP[feature_extractor] I20260518 22:10:01.542228    82 feature_extraction.cc:316]   GPS:             LAT=40.523, LON=-111.892, ALT=1420.614
2026-05-18T22:10:02 COLMAP[feature_extractor] I20260518 22:10:01.542303    82 feature_extraction.cc:323]   Gravity:         X=0.000, Y=1.000, Z=0.000
2026-05-18T22:10:04 COLMAP[feature_extractor] I20260518 22:10:03.773980    82 feature_extraction.cc:280] Processed file [1180/1710]
2026-05-18T22:10:04 COLMAP[feature_extractor] I20260518 22:10:03.774039    82 feature_extraction.cc:283]   Name:            DJI_01180.JPG
2026-05-18T22:10:04 COLMAP[feature_extractor] I20260518 22:10:03.774051    82 feature_extraction.cc:292]   Dimensions:      4000 x 2250
2026-05-18T22:10:04 COLMAP[feature_extractor] I20260518 22:10:03.774062    82 feature_extraction.cc:295]   Camera:          #1 - SIMPLE_RADIAL
2026-05-18T22:10:04 COLMAP[feature_extractor] I20260518 22:10:03.774075    82 feature_extraction.cc:298]   Focal Length:    2545.54px (Prior)
2026-05-18T22:10:04 COLMAP[feature_extractor] I20260518 22:10:03.774091    82 feature_extraction.cc:302]   Features:        8870 (SIFT)
2026-05-18T22:10:04 COLMAP[feature_extractor] I20260518 22:10:04.029335    82 feature_extraction.cc:316]   GPS:             LAT=40.523, LON=-111.892, ALT=1420.214
2026-05-18T22:10:04 COLMAP[feature_extractor] I20260518 22:10:04.029395    82 feature_extraction.cc:323]   Gravity:         X=0.000, Y=1.000, Z=0.000
2026-05-18T22:10:08 COLMAP[feature_extractor] I20260518 22:10:08.723819    82 feature_extraction.cc:280] Processed file [1181/1710]
2026-05-18T22:10:08 COLMAP[feature_extractor] I20260518 22:10:08.723874    82 feature_extraction.cc:283]   Name:            DJI_01181.JPG
2026-05-18T22:10:08 COLMAP[feature_extractor] I20260518 22:10:08.723886    82 feature_extraction.cc:292]   Dimensions:      4000 x 2250
2026-05-18T22:10:08 COLMAP[feature_extractor] I20260518 22:10:08.723897    82 feature_extraction.cc:295]   Camera:          #1 - SIMPLE_RADIAL
2026-05-18T22:10:08 COLMAP[feature_extractor] I20260518 22:10:08.723908    82 feature_extraction.cc:298]   Focal Length:    2545.54px (Prior)
2026-05-18T22:10:08 COLMAP[feature_extractor] I20260518 22:10:08.723924    82 feature_extraction.cc:302]   Features:        9491 (SIFT)
2026-05-18T22:10:10 COLMAP[feature_extractor] I20260518 22:10:09.046663    82 feature_extraction.cc:316]   GPS:             LAT=40.523, LON=-111.892, ALT=1420.814
2026-05-18T22:10:10 COLMAP[feature_extractor] I20260518 22:10:09.046718    82 feature_extraction.cc:323]   Gravity:         X=0.000, Y=1.000, Z=0.000
2026-05-18T22:10:10 COLMAP[feature_extractor] I20260518 22:10:09.081735    82 feature_extraction.cc:280] Processed file [1182/1710]
2026-05-18T22:10:10 COLMAP[feature_extractor] I20260518 22:10:09.081792    82 feature_extraction.cc:283]   Name:            DJI_01182.JPG
2026-05-18T22:10:10 COLMAP[feature_extractor] I20260518 22:10:09.081806    82 feature_extraction.cc:292]   Dimensions:      4000 x 2250
2026-05-18T22:10:10 COLMAP[feature_extractor] I20260518 22:10:09.081820    82 feature_extraction.cc:295]   Camera:          #1 - SIMPLE_RADIAL
2026-05-18T22:10:10 COLMAP[feature_extractor] I20260518 22:10:09.081858    82 feature_extraction.cc:298]   Focal Length:    2545.54px (Prior)
2026-05-18T22:10:10 COLMAP[feature_extractor] I20260518 22:10:09.081875    82 feature_extraction.cc:302]   Features:        9748 (SIFT)
2026-05-18T22:10:10 COLMAP[feature_extractor] I20260518 22:10:09.442291    82 feature_extraction.cc:316]   GPS:             LAT=40.523, LON=-111.892, ALT=1420.414
2026-05-18T22:10:10 COLMAP[feature_extractor] I20260518 22:10:09.442345    82 feature_extraction.cc:323]   Gravity:         X=0.000, Y=1.000, Z=0.000
2026-05-18T22:10:11 COLMAP[feature_extractor] I20260518 22:10:10.538609    82 feature_extraction.cc:280] Processed file [1183/1710]
2026-05-18T22:10:11 COLMAP[feature_extractor] I20260518 22:10:10.538666    82 feature_extraction.cc:283]   Name:            DJI_01183.JPG
2026-05-18T22:10:11 COLMAP[feature_extractor] I20260518 22:10:10.538678    82 feature_extraction.cc:292]   Dimensions:      4000 x 2250
2026-05-18T22:10:11 COLMAP[feature_extractor] I20260518 22:10:10.538689    82 feature_extraction.cc:295]   Camera:          #1 - SIMPLE_RADIAL
2026-05-18T22:10:11 COLMAP[feature_extractor] I20260518 22:10:10.538700    82 feature_extraction.cc:298]   Focal Length:    2545.54px (Prior)
2026-05-18T22:10:11 COLMAP[feature_extractor] I20260518 22:10:10.538717    82 feature_extraction.cc:302]   Features:        9468 (SIFT)
2026-05-18T22:10:11 COLMAP[feature_extractor] I20260518 22:10:10.885686    82 feature_extraction.cc:316]   GPS:             LAT=40.523, LON=-111.892, ALT=1420.414
2026-05-18T22:10:11 COLMAP[feature_extractor] I20260518 22:10:10.885740    82 feature_extraction.cc:323]   Gravity:         X=0.000, Y=1.000, Z=0.000
2026-05-18T22:10:13 COLMAP[feature_extractor] I20260518 22:10:13.143541    82 feature_extraction.cc:280] Processed file [1184/1710]
2026-05-18T22:10:13 COLMAP[feature_extractor] I20260518 22:10:13.143597    82 feature_extraction.cc:283]   Name:            DJI_01184.JPG
2026-05-18T22:10:13 COLMAP[feature_extractor] I20260518 22:10:13.143611    82 feature_extraction.cc:292]   Dimensions:      4000 x 2250
2026-05-18T22:10:13 COLMAP[feature_extractor] I20260518 22:10:13.143623    82 feature_extraction.cc:295]   Camera:          #1 - SIMPLE_RADIAL
2026-05-18T22:10:13 COLMAP[feature_extractor] I20260518 22:10:13.143636    82 feature_extraction.cc:298]   Focal Length:    2545.54px (Prior)
2026-05-18T22:10:13 COLMAP[feature_extractor] I20260518 22:10:13.143653    82 feature_extraction.cc:302]   Features:        10007 (SIFT)
2026-05-18T22:10:13 COLMAP[feature_extractor] I20260518 22:10:13.494874    82 feature_extraction.cc:316]   GPS:             LAT=40.523, LON=-111.892, ALT=1420.414
2026-05-18T22:10:13 COLMAP[feature_extractor] I20260518 22:10:13.494932    82 feature_extraction.cc:323]   Gravity:         X=0.000, Y=1.000, Z=0.000
2026-05-18T22:10:19 COLMAP[feature_extractor] I20260518 22:10:17.982672    82 feature_extraction.cc:280] Processed file [1185/1710]
2026-05-18T22:10:19 COLMAP[feature_extractor] I20260518 22:10:17.982733    82 feature_extraction.cc:283]   Name:            DJI_01185.JPG
2026-05-18T22:10:19 COLMAP[feature_extractor] I20260518 22:10:17.982745    82 feature_extraction.cc:292]   Dimensions:      4000 x 2250
2026-05-18T22:10:19 COLMAP[feature_extractor] I20260518 22:10:17.982756    82 feature_extraction.cc:295]   Camera:          #1 - SIMPLE_RADIAL
2026-05-18T22:10:19 COLMAP[feature_extractor] I20260518 22:10:17.982767    82 feature_extraction.cc:298]   Focal Length:    2545.54px (Prior)
2026-05-18T22:10:19 COLMAP[feature_extractor] I20260518 22:10:17.982784    82 feature_extraction.cc:302]   Features:        8276 (SIFT)
2026-05-18T22:10:19 COLMAP[feature_extractor] I20260518 22:10:18.238497    82 feature_extraction.cc:316]   GPS:             LAT=40.522, LON=-111.892, ALT=1420.414
2026-05-18T22:10:19 COLMAP[feature_extractor] I20260518 22:10:18.238556    82 feature_extraction.cc:323]   Gravity:         X=0.000, Y=1.000, Z=0.000
2026-05-18T22:10:19 COLMAP[feature_extractor] I20260518 22:10:18.241878    82 feature_extraction.cc:280] Processed file [1186/1710]
2026-05-18T22:10:19 COLMAP[feature_extractor] I20260518 22:10:18.241915    82 feature_extraction.cc:283]   Name:            DJI_01186.JPG
2026-05-18T22:10:19 COLMAP[feature_extractor] I20260518 22:10:18.241926    82 feature_extraction.cc:292]   Dimensions:      4000 x 2250
2026-05-18T22:10:19 COLMAP[feature_extractor] I20260518 22:10:18.241937    82 feature_extraction.cc:295]   Camera:          #1 - SIMPLE_RADIAL
2026-05-18T22:10:19 COLMAP[feature_extractor] I20260518 22:10:18.241950    82 feature_extraction.cc:298]   Focal Length:    2545.54px (Prior)
2026-05-18T22:10:19 COLMAP[feature_extractor] I20260518 22:10:18.241963    82 feature_extraction.cc:302]   Features:        8518 (SIFT)
2026-05-18T22:10:19 COLMAP[feature_extractor] I20260518 22:10:18.242005    82 feature_extraction.cc:316]   GPS:             LAT=40.522, LON=-111.892, ALT=1420.514
2026-05-18T22:10:19 COLMAP[feature_extractor] I20260518 22:10:18.242019    82 feature_extraction.cc:323]   Gravity:         X=0.000, Y=1.000, Z=0.000
2026-05-18T22:10:20 COLMAP[feature_extractor] I20260518 22:10:19.841802    82 feature_extraction.cc:280] Processed file [1187/1710]
2026-05-18T22:10:20 COLMAP[feature_extractor] I20260518 22:10:19.841854    82 feature_extraction.cc:283]   Name:            DJI_01187.JPG
2026-05-18T22:10:20 COLMAP[feature_extractor] I20260518 22:10:19.841866    82 feature_extraction.cc:292]   Dimensions:      4000 x 2250
2026-05-18T22:10:20 COLMAP[feature_extractor] I20260518 22:10:19.841877    82 feature_extraction.cc:295]   Camera:          #1 - SIMPLE_RADIAL
2026-05-18T22:10:20 COLMAP[feature_extractor] I20260518 22:10:19.841888    82 feature_extraction.cc:298]   Focal Length:    2545.54px (Prior)
2026-05-18T22:10:20 COLMAP[feature_extractor] I20260518 22:10:19.841904    82 feature_extraction.cc:302]   Features:        10937 (SIFT)
2026-05-18T22:10:20 COLMAP[feature_extractor] I20260518 22:10:20.081679    82 feature_extraction.cc:316]   GPS:             LAT=40.522, LON=-111.892, ALT=1420.314
2026-05-18T22:10:20 COLMAP[feature_extractor] I20260518 22:10:20.081772    82 feature_extraction.cc:323]   Gravity:         X=0.000, Y=1.000, Z=0.000
2026-05-18T22:10:23 COLMAP[feature_extractor] I20260518 22:10:22.592669    82 feature_extraction.cc:280] Processed file [1188/1710]
2026-05-18T22:10:23 COLMAP[feature_extractor] I20260518 22:10:22.592721    82 feature_extraction.cc:283]   Name:            DJI_01188.JPG
2026-05-18T22:10:23 COLMAP[feature_extractor] I20260518 22:10:22.592734    82 feature_extraction.cc:292]   Dimensions:      4000 x 2250
2026-05-18T22:10:23 COLMAP[feature_extractor] I20260518 22:10:22.592746    82 feature_extraction.cc:295]   Camera:          #1 - SIMPLE_RADIAL
2026-05-18T22:10:23 COLMAP[feature_extractor] I20260518 22:10:22.592756    82 feature_extraction.cc:298]   Focal Length:    2545.54px (Prior)
2026-05-18T22:10:23 COLMAP[feature_extractor] I20260518 22:10:22.592772    82 feature_extraction.cc:302]   Features:        8386 (SIFT)
2026-05-18T22:10:23 COLMAP[feature_extractor] I20260518 22:10:22.775255    82 feature_extraction.cc:316]   GPS:             LAT=40.522, LON=-111.892, ALT=1420.514
2026-05-18T22:10:23 COLMAP[feature_extractor] I20260518 22:10:22.775309    82 feature_extraction.cc:323]   Gravity:         X=0.000, Y=1.000, Z=0.000
2026-05-18T22:10:27 COLMAP[feature_extractor] I20260518 22:10:27.163404    82 feature_extraction.cc:280] Processed file [1189/1710]
2026-05-18T22:10:27 COLMAP[feature_extractor] I20260518 22:10:27.163463    82 feature_extraction.cc:283]   Name:            DJI_01190.JPG
2026-05-18T22:10:27 COLMAP[feature_extractor] I20260518 22:10:27.163476    82 feature_extraction.cc:292]   Dimensions:      4000 x 2250
2026-05-18T22:10:27 COLMAP[feature_extractor] I20260518 22:10:27.163486    82 feature_extraction.cc:295]   Camera:          #1 - SIMPLE_RADIAL
2026-05-18T22:10:27 COLMAP[feature_extractor] I20260518 22:10:27.163498    82 feature_extraction.cc:298]   Focal Length:    2545.54px (Prior)
2026-05-18T22:10:27 COLMAP[feature_extractor] I20260518 22:10:27.163513    82 feature_extraction.cc:302]   Features:        12145 (SIFT)
2026-05-18T22:10:27 COLMAP[feature_extractor] I20260518 22:10:27.462936    82 feature_extraction.cc:316]   GPS:             LAT=40.522, LON=-111.892, ALT=1420.514
2026-05-18T22:10:27 COLMAP[feature_extractor] I20260518 22:10:27.462994    82 feature_extraction.cc:323]   Gravity:         X=0.000, Y=1.000, Z=0.000
2026-05-18T22:10:27 COLMAP[feature_extractor] I20260518 22:10:27.466451    82 feature_extraction.cc:280] Processed file [1190/1710]
2026-05-18T22:10:27 COLMAP[feature_extractor] I20260518 22:10:27.466487    82 feature_extraction.cc:283]   Name:            DJI_01189.JPG
2026-05-18T22:10:27 COLMAP[feature_extractor] I20260518 22:10:27.466498    82 feature_extraction.cc:292]   Dimensions:      4000 x 2250
2026-05-18T22:10:27 COLMAP[feature_extractor] I20260518 22:10:27.466509    82 feature_extraction.cc:295]   Camera:          #1 - SIMPLE_RADIAL
2026-05-18T22:10:27 COLMAP[feature_extractor] I20260518 22:10:27.466521    82 feature_extraction.cc:298]   Focal Length:    2545.54px (Prior)
2026-05-18T22:10:27 COLMAP[feature_extractor] I20260518 22:10:27.466534    82 feature_extraction.cc:302]   Features:        8356 (SIFT)
2026-05-18T22:10:27 COLMAP[feature_extractor] I20260518 22:10:27.466574    82 feature_extraction.cc:316]   GPS:             LAT=40.522, LON=-111.892, ALT=1420.414
2026-05-18T22:10:27 COLMAP[feature_extractor] I20260518 22:10:27.466588    82 feature_extraction.cc:323]   Gravity:         X=0.000, Y=1.000, Z=0.000
2026-05-18T22:10:29 COLMAP[feature_extractor] I20260518 22:10:29.355401    82 feature_extraction.cc:280] Processed file [1191/1710]
2026-05-18T22:10:29 COLMAP[feature_extractor] I20260518 22:10:29.355487    82 feature_extraction.cc:283]   Name:            DJI_01191.JPG
2026-05-18T22:10:29 COLMAP[feature_extractor] I20260518 22:10:29.355500    82 feature_extraction.cc:292]   Dimensions:      4000 x 2250
2026-05-18T22:10:29 COLMAP[feature_extractor] I20260518 22:10:29.355511    82 feature_extraction.cc:295]   Camera:          #1 - SIMPLE_RADIAL
2026-05-18T22:10:29 COLMAP[feature_extractor] I20260518 22:10:29.355523    82 feature_extraction.cc:298]   Focal Length:    2545.54px (Prior)
2026-05-18T22:10:29 COLMAP[feature_extractor] I20260518 22:10:29.355538    82 feature_extraction.cc:302]   Features:        10526 (SIFT)
2026-05-18T22:10:30 COLMAP[feature_extractor] I20260518 22:10:29.648794    82 feature_extraction.cc:316]   GPS:             LAT=40.522, LON=-111.892, ALT=1420.814
2026-05-18T22:10:30 COLMAP[feature_extractor] I20260518 22:10:29.648845    82 feature_extraction.cc:323]   Gravity:         X=0.000, Y=1.000, Z=0.000
2026-05-18T22:10:31 COLMAP[feature_extractor] I20260518 22:10:31.883425    82 feature_extraction.cc:280] Processed file [1192/1710]
2026-05-18T22:10:31 COLMAP[feature_extractor] I20260518 22:10:31.883478    82 feature_extraction.cc:283]   Name:            DJI_01192.JPG
2026-05-18T22:10:31 COLMAP[feature_extractor] I20260518 22:10:31.883491    82 feature_extraction.cc:292]   Dimensions:      4000 x 2250
2026-05-18T22:10:31 COLMAP[feature_extractor] I20260518 22:10:31.883502    82 feature_extraction.cc:295]   Camera:          #1 - SIMPLE_RADIAL
2026-05-18T22:10:31 COLMAP[feature_extractor] I20260518 22:10:31.883513    82 feature_extraction.cc:298]   Focal Length:    2545.54px (Prior)
2026-05-18T22:10:31 COLMAP[feature_extractor] I20260518 22:10:31.883529    82 feature_extraction.cc:302]   Features:        12039 (SIFT)
2026-05-18T22:10:32 COLMAP[feature_extractor] I20260518 22:10:32.110070    82 feature_extraction.cc:316]   GPS:             LAT=40.522, LON=-111.892, ALT=1419.514
2026-05-18T22:10:32 COLMAP[feature_extractor] I20260518 22:10:32.110128    82 feature_extraction.cc:323]   Gravity:         X=0.000, Y=1.000, Z=0.000
2026-05-18T22:10:36 COLMAP[feature_extractor] I20260518 22:10:36.152752    82 feature_extraction.cc:280] Processed file [1193/1710]
2026-05-18T22:10:36 COLMAP[feature_extractor] I20260518 22:10:36.152808    82 feature_extraction.cc:283]   Name:            DJI_01194.JPG
2026-05-18T22:10:36 COLMAP[feature_extractor] I20260518 22:10:36.152820    82 feature_extraction.cc:292]   Dimensions:      4000 x 2250
2026-05-18T22:10:36 COLMAP[feature_extractor] I20260518 22:10:36.152832    82 feature_extraction.cc:295]   Camera:          #1 - SIMPLE_RADIAL
2026-05-18T22:10:36 COLMAP[feature_extractor] I20260518 22:10:36.152843    82 feature_extraction.cc:298]   Focal Length:    2545.54px (Prior)
2026-05-18T22:10:36 COLMAP[feature_extractor] I20260518 22:10:36.152859    82 feature_extraction.cc:302]   Features:        10038 (SIFT)
2026-05-18T22:10:36 COLMAP[feature_extractor] I20260518 22:10:36.448546    82 feature_extraction.cc:316]   GPS:             LAT=40.522, LON=-111.892, ALT=1420.614
2026-05-18T22:10:36 COLMAP[feature_extractor] I20260518 22:10:36.448598    82 feature_extraction.cc:323]   Gravity:         X=0.000, Y=1.000, Z=0.000
2026-05-18T22:10:36 COLMAP[feature_extractor] I20260518 22:10:36.528388    82 feature_extraction.cc:280] Processed file [1194/1710]
2026-05-18T22:10:36 COLMAP[feature_extractor] I20260518 22:10:36.528436    82 feature_extraction.cc:283]   Name:            DJI_01193.JPG
2026-05-18T22:10:36 COLMAP[feature_extractor] I20260518 22:10:36.528448    82 feature_extraction.cc:292]   Dimensions:      4000 x 2250
2026-05-18T22:10:36 COLMAP[feature_extractor] I20260518 22:10:36.528460    82 feature_extraction.cc:295]   Camera:          #1 - SIMPLE_RADIAL
2026-05-18T22:10:36 COLMAP[feature_extractor] I20260518 22:10:36.528470    82 feature_extraction.cc:298]   Focal Length:    2545.54px (Prior)
2026-05-18T22:10:36 COLMAP[feature_extractor] I20260518 22:10:36.528486    82 feature_extraction.cc:302]   Features:        8193 (SIFT)
2026-05-18T22:10:36 COLMAP[feature_extractor] I20260518 22:10:36.756258    82 feature_extraction.cc:316]   GPS:             LAT=40.522, LON=-111.892, ALT=1420.514
2026-05-18T22:10:36 COLMAP[feature_extractor] I20260518 22:10:36.756306    82 feature_extraction.cc:323]   Gravity:         X=0.000, Y=1.000, Z=0.000
2026-05-18T22:10:38 COLMAP[feature_extractor] I20260518 22:10:38.678562    82 feature_extraction.cc:280] Processed file [1195/1710]
2026-05-18T22:10:38 COLMAP[feature_extractor] I20260518 22:10:38.678625    82 feature_extraction.cc:283]   Name:            DJI_01195.JPG
2026-05-18T22:10:38 COLMAP[feature_extractor] I20260518 22:10:38.678638    82 feature_extraction.cc:292]   Dimensions:      4000 x 2250
2026-05-18T22:10:38 COLMAP[feature_extractor] I20260518 22:10:38.678649    82 feature_extraction.cc:295]   Camera:          #1 - SIMPLE_RADIAL
2026-05-18T22:10:38 COLMAP[feature_extractor] I20260518 22:10:38.678660    82 feature_extraction.cc:298]   Focal Length:    2545.54px (Prior)
2026-05-18T22:10:38 COLMAP[feature_extractor] I20260518 22:10:38.678675    82 feature_extraction.cc:302]   Features:        8560 (SIFT)
2026-05-18T22:10:39 COLMAP[feature_extractor] I20260518 22:10:38.923988    82 feature_extraction.cc:316]   GPS:             LAT=40.522, LON=-111.892, ALT=1420.214
2026-05-18T22:10:39 COLMAP[feature_extractor] I20260518 22:10:38.924042    82 feature_extraction.cc:323]   Gravity:         X=0.000, Y=1.000, Z=0.000
2026-05-18T22:10:41 COLMAP[feature_extractor] I20260518 22:10:41.056170    82 feature_extraction.cc:280] Processed file [1196/1710]
2026-05-18T22:10:41 COLMAP[feature_extractor] I20260518 22:10:41.056229    82 feature_extraction.cc:283]   Name:            DJI_01196.JPG
2026-05-18T22:10:41 COLMAP[feature_extractor] I20260518 22:10:41.056241    82 feature_extraction.cc:292]   Dimensions:      4000 x 2250
2026-05-18T22:10:41 COLMAP[feature_extractor] I20260518 22:10:41.056252    82 feature_extraction.cc:295]   Camera:          #1 - SIMPLE_RADIAL
2026-05-18T22:10:41 COLMAP[feature_extractor] I20260518 22:10:41.056303    82 feature_extraction.cc:298]   Focal Length:    2545.54px (Prior)
2026-05-18T22:10:41 COLMAP[feature_extractor] I20260518 22:10:41.056320    82 feature_extraction.cc:302]   Features:        11361 (SIFT)
2026-05-18T22:10:41 COLMAP[feature_extractor] I20260518 22:10:41.370290    82 feature_extraction.cc:316]   GPS:             LAT=40.522, LON=-111.892, ALT=1420.514
2026-05-18T22:10:41 COLMAP[feature_extractor] I20260518 22:10:41.370349    82 feature_extraction.cc:323]   Gravity:         X=0.000, Y=1.000, Z=0.000
2026-05-18T22:10:45 COLMAP[feature_extractor] I20260518 22:10:45.236217    82 feature_extraction.cc:280] Processed file [1197/1710]
2026-05-18T22:10:45 COLMAP[feature_extractor] I20260518 22:10:45.236277    82 feature_extraction.cc:283]   Name:            DJI_01197.JPG
2026-05-18T22:10:45 COLMAP[feature_extractor] I20260518 22:10:45.236290    82 feature_extraction.cc:292]   Dimensions:      4000 x 2250
2026-05-18T22:10:45 COLMAP[feature_extractor] I20260518 22:10:45.236300    82 feature_extraction.cc:295]   Camera:          #1 - SIMPLE_RADIAL
2026-05-18T22:10:45 COLMAP[feature_extractor] I20260518 22:10:45.236312    82 feature_extraction.cc:298]   Focal Length:    2545.54px (Prior)
2026-05-18T22:10:45 COLMAP[feature_extractor] I20260518 22:10:45.236327    82 feature_extraction.cc:302]   Features:        8942 (SIFT)
2026-05-18T22:10:45 COLMAP[feature_extractor] I20260518 22:10:45.605011    82 feature_extraction.cc:316]   GPS:             LAT=40.522, LON=-111.892, ALT=1420.514
2026-05-18T22:10:45 COLMAP[feature_extractor] I20260518 22:10:45.605072    82 feature_extraction.cc:323]   Gravity:         X=0.000, Y=1.000, Z=0.000
2026-05-18T22:10:45 COLMAP[feature_extractor] I20260518 22:10:45.795396    82 feature_extraction.cc:280] Processed file [1198/1710]
2026-05-18T22:10:45 COLMAP[feature_extractor] I20260518 22:10:45.795459    82 feature_extraction.cc:283]   Name:            DJI_01198.JPG
2026-05-18T22:10:45 COLMAP[feature_extractor] I20260518 22:10:45.795470    82 feature_extraction.cc:292]   Dimensions:      4000 x 2250
2026-05-18T22:10:45 COLMAP[feature_extractor] I20260518 22:10:45.795481    82 feature_extraction.cc:295]   Camera:          #1 - SIMPLE_RADIAL
2026-05-18T22:10:45 COLMAP[feature_extractor] I20260518 22:10:45.795492    82 feature_extraction.cc:298]   Focal Length:    2545.54px (Prior)
2026-05-18T22:10:45 COLMAP[feature_extractor] I20260518 22:10:45.795508    82 feature_extraction.cc:302]   Features:        8628 (SIFT)
2026-05-18T22:10:47 COLMAP[feature_extractor] I20260518 22:10:46.044142    82 feature_extraction.cc:316]   GPS:             LAT=40.522, LON=-111.892, ALT=1420.114
2026-05-18T22:10:47 COLMAP[feature_extractor] I20260518 22:10:46.044199    82 feature_extraction.cc:323]   Gravity:         X=0.000, Y=1.000, Z=0.000
2026-05-18T22:10:48 COLMAP[feature_extractor] I20260518 22:10:47.790050    82 feature_extraction.cc:280] Processed file [1199/1710]
2026-05-18T22:10:48 COLMAP[feature_extractor] I20260518 22:10:47.790108    82 feature_extraction.cc:283]   Name:            DJI_01199.JPG
2026-05-18T22:10:48 COLMAP[feature_extractor] I20260518 22:10:47.790122    82 feature_extraction.cc:292]   Dimensions:      4000 x 2250
2026-05-18T22:10:48 COLMAP[feature_extractor] I20260518 22:10:47.790132    82 feature_extraction.cc:295]   Camera:          #1 - SIMPLE_RADIAL
2026-05-18T22:10:48 COLMAP[feature_extractor] I20260518 22:10:47.790143    82 feature_extraction.cc:298]   Focal Length:    2545.54px (Prior)
2026-05-18T22:10:48 COLMAP[feature_extractor] I20260518 22:10:47.790159    82 feature_extraction.cc:302]   Features:        9162 (SIFT)
2026-05-18T22:10:48 COLMAP[feature_extractor] I20260518 22:10:48.049616    82 feature_extraction.cc:316]   GPS:             LAT=40.522, LON=-111.892, ALT=1413.514
2026-05-18T22:10:48 COLMAP[feature_extractor] I20260518 22:10:48.049690    82 feature_extraction.cc:323]   Gravity:         X=0.000, Y=1.000, Z=0.000
2026-05-18T22:10:50 COLMAP[feature_extractor] I20260518 22:10:50.264348    82 feature_extraction.cc:280] Processed file [1200/1710]
2026-05-18T22:10:50 COLMAP[feature_extractor] I20260518 22:10:50.264403    82 feature_extraction.cc:283]   Name:            DJI_01200.JPG
2026-05-18T22:10:50 COLMAP[feature_extractor] I20260518 22:10:50.264415    82 feature_extraction.cc:292]   Dimensions:      4000 x 2250
2026-05-18T22:10:50 COLMAP[feature_extractor] I20260518 22:10:50.264426    82 feature_extraction.cc:295]   Camera:          #1 - SIMPLE_RADIAL
2026-05-18T22:10:50 COLMAP[feature_extractor] I20260518 22:10:50.264437    82 feature_extraction.cc:298]   Focal Length:    2545.54px (Prior)
2026-05-18T22:10:50 COLMAP[feature_extractor] I20260518 22:10:50.264453    82 feature_extraction.cc:302]   Features:        11442 (SIFT)
2026-05-18T22:10:51 COLMAP[feature_extractor] I20260518 22:10:50.538327    82 feature_extraction.cc:316]   GPS:             LAT=40.523, LON=-111.892, ALT=1413.714
2026-05-18T22:10:51 COLMAP[feature_extractor] I20260518 22:10:50.538385    82 feature_extraction.cc:323]   Gravity:         X=0.000, Y=1.000, Z=0.000
2026-05-18T22:10:54 COLMAP[feature_extractor] I20260518 22:10:54.691594    82 feature_extraction.cc:280] Processed file [1201/1710]
2026-05-18T22:10:54 COLMAP[feature_extractor] I20260518 22:10:54.691653    82 feature_extraction.cc:283]   Name:            DJI_01201.JPG
2026-05-18T22:10:54 COLMAP[feature_extractor] I20260518 22:10:54.691664    82 feature_extraction.cc:292]   Dimensions:      4000 x 2250
2026-05-18T22:10:54 COLMAP[feature_extractor] I20260518 22:10:54.691675    82 feature_extraction.cc:295]   Camera:          #1 - SIMPLE_RADIAL
2026-05-18T22:10:54 COLMAP[feature_extractor] I20260518 22:10:54.691686    82 feature_extraction.cc:298]   Focal Length:    2545.54px (Prior)
2026-05-18T22:10:54 COLMAP[feature_extractor] I20260518 22:10:54.691702    82 feature_extraction.cc:302]   Features:        10237 (SIFT)
2026-05-18T22:10:56 COLMAP[feature_extractor] I20260518 22:10:55.130708    82 feature_extraction.cc:316]   GPS:             LAT=40.523, LON=-111.892, ALT=1413.914
2026-05-18T22:10:56 COLMAP[feature_extractor] I20260518 22:10:55.130800    82 feature_extraction.cc:323]   Gravity:         X=0.000, Y=1.000, Z=0.000
2026-05-18T22:10:56 COLMAP[feature_extractor] I20260518 22:10:55.134629    82 feature_extraction.cc:280] Processed file [1202/1710]
2026-05-18T22:10:56 COLMAP[feature_extractor] I20260518 22:10:55.134730    82 feature_extraction.cc:283]   Name:            DJI_01202.JPG
2026-05-18T22:10:56 COLMAP[feature_extractor] I20260518 22:10:55.134766    82 feature_extraction.cc:292]   Dimensions:      4000 x 2250
2026-05-18T22:10:56 COLMAP[feature_extractor] I20260518 22:10:55.134796    82 feature_extraction.cc:295]   Camera:          #1 - SIMPLE_RADIAL
2026-05-18T22:10:56 COLMAP[feature_extractor] I20260518 22:10:55.134824    82 feature_extraction.cc:298]   Focal Length:    2545.54px (Prior)
2026-05-18T22:10:56 COLMAP[feature_extractor] I20260518 22:10:55.134857    82 feature_extraction.cc:302]   Features:        10825 (SIFT)
2026-05-18T22:10:56 COLMAP[feature_extractor] I20260518 22:10:55.134918    82 feature_extraction.cc:316]   GPS:             LAT=40.523, LON=-111.892, ALT=1413.914
2026-05-18T22:10:56 COLMAP[feature_extractor] I20260518 22:10:55.134953    82 feature_extraction.cc:323]   Gravity:         X=0.000, Y=1.000, Z=0.000
2026-05-18T22:10:57 COLMAP[feature_extractor] I20260518 22:10:57.015513    82 feature_extraction.cc:280] Processed file [1203/1710]
2026-05-18T22:10:57 COLMAP[feature_extractor] I20260518 22:10:57.015569    82 feature_extraction.cc:283]   Name:            DJI_01203.JPG
2026-05-18T22:10:57 COLMAP[feature_extractor] I20260518 22:10:57.015581    82 feature_extraction.cc:292]   Dimensions:      4000 x 2250
2026-05-18T22:10:57 COLMAP[feature_extractor] I20260518 22:10:57.015592    82 feature_extraction.cc:295]   Camera:          #1 - SIMPLE_RADIAL
2026-05-18T22:10:57 COLMAP[feature_extractor] I20260518 22:10:57.015604    82 feature_extraction.cc:298]   Focal Length:    2545.54px (Prior)
2026-05-18T22:10:57 COLMAP[feature_extractor] I20260518 22:10:57.015619    82 feature_extraction.cc:302]   Features:        8774 (SIFT)
2026-05-18T22:10:58 COLMAP[feature_extractor] I20260518 22:10:57.395573    82 feature_extraction.cc:316]   GPS:             LAT=40.523, LON=-111.892, ALT=1413.814
2026-05-18T22:10:58 COLMAP[feature_extractor] I20260518 22:10:57.395632    82 feature_extraction.cc:323]   Gravity:         X=0.000, Y=1.000, Z=0.000
2026-05-18T22:11:01 COLMAP[feature_extractor] I20260518 22:10:59.510242    82 feature_extraction.cc:280] Processed file [1204/1710]
2026-05-18T22:11:01 COLMAP[feature_extractor] I20260518 22:10:59.510310    82 feature_extraction.cc:283]   Name:            DJI_01204.JPG
2026-05-18T22:11:01 COLMAP[feature_extractor] I20260518 22:10:59.510324    82 feature_extraction.cc:292]   Dimensions:      4000 x 2250
2026-05-18T22:11:01 COLMAP[feature_extractor] I20260518 22:10:59.510334    82 feature_extraction.cc:295]   Camera:          #1 - SIMPLE_RADIAL
2026-05-18T22:11:01 COLMAP[feature_extractor] I20260518 22:10:59.510345    82 feature_extraction.cc:298]   Focal Length:    2545.54px (Prior)
2026-05-18T22:11:01 COLMAP[feature_extractor] I20260518 22:10:59.510360    82 feature_extraction.cc:302]   Features:        9340 (SIFT)
2026-05-18T22:11:01 COLMAP[feature_extractor] I20260518 22:10:59.756631    82 feature_extraction.cc:316]   GPS:             LAT=40.523, LON=-111.892, ALT=1413.914
2026-05-18T22:11:01 COLMAP[feature_extractor] I20260518 22:10:59.756690    82 feature_extraction.cc:323]   Gravity:         X=0.000, Y=1.000, Z=0.000
2026-05-18T22:11:05 COLMAP[feature_extractor] I20260518 22:11:04.041751    82 feature_extraction.cc:280] Processed file [1205/1710]
2026-05-18T22:11:05 COLMAP[feature_extractor] I20260518 22:11:04.041812    82 feature_extraction.cc:283]   Name:            DJI_01205.JPG
2026-05-18T22:11:05 COLMAP[feature_extractor] I20260518 22:11:04.041826    82 feature_extraction.cc:292]   Dimensions:      4000 x 2250
2026-05-18T22:11:05 COLMAP[feature_extractor] I20260518 22:11:04.041836    82 feature_extraction.cc:295]   Camera:          #1 - SIMPLE_RADIAL
2026-05-18T22:11:05 COLMAP[feature_extractor] I20260518 22:11:04.041848    82 feature_extraction.cc:298]   Focal Length:    2545.54px (Prior)
2026-05-18T22:11:05 COLMAP[feature_extractor] I20260518 22:11:04.041865    82 feature_extraction.cc:302]   Features:        10457 (SIFT)
2026-05-18T22:11:05 COLMAP[feature_extractor] I20260518 22:11:04.302273    82 feature_extraction.cc:316]   GPS:             LAT=40.523, LON=-111.892, ALT=1413.914
2026-05-18T22:11:05 COLMAP[feature_extractor] I20260518 22:11:04.302333    82 feature_extraction.cc:323]   Gravity:         X=0.000, Y=1.000, Z=0.000
2026-05-18T22:11:05 COLMAP[feature_extractor] I20260518 22:11:04.316694    82 feature_extraction.cc:280] Processed file [1206/1710]
2026-05-18T22:11:05 COLMAP[feature_extractor] I20260518 22:11:04.316874    82 feature_extraction.cc:283]   Name:            DJI_01206.JPG
2026-05-18T22:11:05 COLMAP[feature_extractor] I20260518 22:11:04.316977    82 feature_extraction.cc:292]   Dimensions:      4000 x 2250
2026-05-18T22:11:05 COLMAP[feature_extractor] I20260518 22:11:04.317065    82 feature_extraction.cc:295]   Camera:          #1 - SIMPLE_RADIAL
2026-05-18T22:11:05 COLMAP[feature_extractor] I20260518 22:11:04.317139    82 feature_extraction.cc:298]   Focal Length:    2545.54px (Prior)
2026-05-18T22:11:05 COLMAP[feature_extractor] I20260518 22:11:04.317214    82 feature_extraction.cc:302]   Features:        9598 (SIFT)
2026-05-18T22:11:05 COLMAP[feature_extractor] I20260518 22:11:04.635187    82 feature_extraction.cc:316]   GPS:             LAT=40.523, LON=-111.892, ALT=1413.814
2026-05-18T22:11:05 COLMAP[feature_extractor] I20260518 22:11:04.635249    82 feature_extraction.cc:323]   Gravity:         X=0.000, Y=1.000, Z=0.000
2026-05-18T22:11:07 COLMAP[feature_extractor] I20260518 22:11:06.308887    82 feature_extraction.cc:280] Processed file [1207/1710]
2026-05-18T22:11:07 COLMAP[feature_extractor] I20260518 22:11:06.308944    82 feature_extraction.cc:283]   Name:            DJI_01207.JPG
2026-05-18T22:11:07 COLMAP[feature_extractor] I20260518 22:11:06.308956    82 feature_extraction.cc:292]   Dimensions:      4000 x 2250
2026-05-18T22:11:07 COLMAP[feature_extractor] I20260518 22:11:06.308967    82 feature_extraction.cc:295]   Camera:          #1 - SIMPLE_RADIAL
2026-05-18T22:11:07 COLMAP[feature_extractor] I20260518 22:11:06.308979    82 feature_extraction.cc:298]   Focal Length:    2545.54px (Prior)
2026-05-18T22:11:07 COLMAP[feature_extractor] I20260518 22:11:06.308995    82 feature_extraction.cc:302]   Features:        11434 (SIFT)
2026-05-18T22:11:07 COLMAP[feature_extractor] I20260518 22:11:06.676523    82 feature_extraction.cc:316]   GPS:             LAT=40.523, LON=-111.892, ALT=1413.614
2026-05-18T22:11:07 COLMAP[feature_extractor] I20260518 22:11:06.676578    82 feature_extraction.cc:323]   Gravity:         X=0.000, Y=1.000, Z=0.000
2026-05-18T22:11:09 COLMAP[feature_extractor] I20260518 22:11:08.763667    82 feature_extraction.cc:280] Processed file [1208/1710]
2026-05-18T22:11:09 COLMAP[feature_extractor] I20260518 22:11:08.763720    82 feature_extraction.cc:283]   Name:            DJI_01208.JPG
2026-05-18T22:11:09 COLMAP[feature_extractor] I20260518 22:11:08.763732    82 feature_extraction.cc:292]   Dimensions:      4000 x 2250
2026-05-18T22:11:09 COLMAP[feature_extractor] I20260518 22:11:08.763744    82 feature_extraction.cc:295]   Camera:          #1 - SIMPLE_RADIAL
2026-05-18T22:11:09 COLMAP[feature_extractor] I20260518 22:11:08.763756    82 feature_extraction.cc:298]   Focal Length:    2545.54px (Prior)
2026-05-18T22:11:09 COLMAP[feature_extractor] I20260518 22:11:08.763772    82 feature_extraction.cc:302]   Features:        10584 (SIFT)
2026-05-18T22:11:09 COLMAP[feature_extractor] I20260518 22:11:09.130424    82 feature_extraction.cc:316]   GPS:             LAT=40.523, LON=-111.892, ALT=1413.714
2026-05-18T22:11:09 COLMAP[feature_extractor] I20260518 22:11:09.130477    82 feature_extraction.cc:323]   Gravity:         X=0.000, Y=1.000, Z=0.000
2026-05-18T22:11:13 COLMAP[feature_extractor] I20260518 22:11:13.033196    82 feature_extraction.cc:280] Processed file [1209/1710]
2026-05-18T22:11:13 COLMAP[feature_extractor] I20260518 22:11:13.033249    82 feature_extraction.cc:283]   Name:            DJI_01209.JPG
2026-05-18T22:11:13 COLMAP[feature_extractor] I20260518 22:11:13.033262    82 feature_extraction.cc:292]   Dimensions:      4000 x 2250
2026-05-18T22:11:13 COLMAP[feature_extractor] I20260518 22:11:13.033272    82 feature_extraction.cc:295]   Camera:          #1 - SIMPLE_RADIAL
2026-05-18T22:11:13 COLMAP[feature_extractor] I20260518 22:11:13.033316    82 feature_extraction.cc:298]   Focal Length:    2545.54px (Prior)
2026-05-18T22:11:13 COLMAP[feature_extractor] I20260518 22:11:13.033332    82 feature_extraction.cc:302]   Features:        8918 (SIFT)
2026-05-18T22:11:13 COLMAP[feature_extractor] I20260518 22:11:13.271363    82 feature_extraction.cc:316]   GPS:             LAT=40.523, LON=-111.892, ALT=1413.914
2026-05-18T22:11:13 COLMAP[feature_extractor] I20260518 22:11:13.271435    82 feature_extraction.cc:323]   Gravity:         X=0.000, Y=1.000, Z=0.000
2026-05-18T22:11:14 COLMAP[feature_extractor] I20260518 22:11:13.672950    82 feature_extraction.cc:280] Processed file [1210/1710]
2026-05-18T22:11:14 COLMAP[feature_extractor] I20260518 22:11:13.673005    82 feature_extraction.cc:283]   Name:            DJI_01210.JPG
2026-05-18T22:11:14 COLMAP[feature_extractor] I20260518 22:11:13.673017    82 feature_extraction.cc:292]   Dimensions:      4000 x 2250
2026-05-18T22:11:14 COLMAP[feature_extractor] I20260518 22:11:13.673028    82 feature_extraction.cc:295]   Camera:          #1 - SIMPLE_RADIAL
2026-05-18T22:11:14 COLMAP[feature_extractor] I20260518 22:11:13.673040    82 feature_extraction.cc:298]   Focal Length:    2545.54px (Prior)
2026-05-18T22:11:14 COLMAP[feature_extractor] I20260518 22:11:13.673055    82 feature_extraction.cc:302]   Features:        11903 (SIFT)
2026-05-18T22:11:14 COLMAP[feature_extractor] I20260518 22:11:14.008364    82 feature_extraction.cc:316]   GPS:             LAT=40.523, LON=-111.892, ALT=1413.714
2026-05-18T22:11:14 COLMAP[feature_extractor] I20260518 22:11:14.008414    82 feature_extraction.cc:323]   Gravity:         X=0.000, Y=1.000, Z=0.000
2026-05-18T22:11:15 COLMAP[feature_extractor] I20260518 22:11:15.714303    82 feature_extraction.cc:280] Processed file [1211/1710]
2026-05-18T22:11:15 COLMAP[feature_extractor] I20260518 22:11:15.714360    82 feature_extraction.cc:283]   Name:            DJI_01211.JPG
2026-05-18T22:11:15 COLMAP[feature_extractor] I20260518 22:11:15.714372    82 feature_extraction.cc:292]   Dimensions:      4000 x 2250
2026-05-18T22:11:15 COLMAP[feature_extractor] I20260518 22:11:15.714383    82 feature_extraction.cc:295]   Camera:          #1 - SIMPLE_RADIAL
2026-05-18T22:11:15 COLMAP[feature_extractor] I20260518 22:11:15.714394    82 feature_extraction.cc:298]   Focal Length:    2545.54px (Prior)
2026-05-18T22:11:15 COLMAP[feature_extractor] I20260518 22:11:15.714411    82 feature_extraction.cc:302]   Features:        11675 (SIFT)
2026-05-18T22:11:17 COLMAP[feature_extractor] I20260518 22:11:16.048913    82 feature_extraction.cc:316]   GPS:             LAT=40.523, LON=-111.892, ALT=1413.714
2026-05-18T22:11:17 COLMAP[feature_extractor] I20260518 22:11:16.048972    82 feature_extraction.cc:323]   Gravity:         X=0.000, Y=1.000, Z=0.000
2026-05-18T22:11:18 COLMAP[feature_extractor] I20260518 22:11:18.018178    82 feature_extraction.cc:280] Processed file [1212/1710]
2026-05-18T22:11:18 COLMAP[feature_extractor] I20260518 22:11:18.018231    82 feature_extraction.cc:283]   Name:            DJI_01212.JPG
2026-05-18T22:11:18 COLMAP[feature_extractor] I20260518 22:11:18.018244    82 feature_extraction.cc:292]   Dimensions:      4000 x 2250
2026-05-18T22:11:18 COLMAP[feature_extractor] I20260518 22:11:18.018254    82 feature_extraction.cc:295]   Camera:          #1 - SIMPLE_RADIAL
2026-05-18T22:11:19 COLMAP[feature_extractor] I20260518 22:11:18.018265    82 feature_extraction.cc:298]   Focal Length:    2545.54px (Prior)
2026-05-18T22:11:19 COLMAP[feature_extractor] I20260518 22:11:18.018281    82 feature_extraction.cc:302]   Features:        11915 (SIFT)
2026-05-18T22:11:19 COLMAP[feature_extractor] I20260518 22:11:18.272192    82 feature_extraction.cc:316]   GPS:             LAT=40.523, LON=-111.892, ALT=1413.614
2026-05-18T22:11:19 COLMAP[feature_extractor] I20260518 22:11:18.272250    82 feature_extraction.cc:323]   Gravity:         X=0.000, Y=1.000, Z=0.000
2026-05-18T22:11:23 COLMAP[feature_extractor] I20260518 22:11:22.288563    82 feature_extraction.cc:280] Processed file [1213/1710]
2026-05-18T22:11:23 COLMAP[feature_extractor] I20260518 22:11:22.288617    82 feature_extraction.cc:283]   Name:            DJI_01213.JPG
2026-05-18T22:11:23 COLMAP[feature_extractor] I20260518 22:11:22.288630    82 feature_extraction.cc:292]   Dimensions:      4000 x 2250
2026-05-18T22:11:23 COLMAP[feature_extractor] I20260518 22:11:22.288640    82 feature_extraction.cc:295]   Camera:          #1 - SIMPLE_RADIAL
2026-05-18T22:11:23 COLMAP[feature_extractor] I20260518 22:11:22.288651    82 feature_extraction.cc:298]   Focal Length:    2545.54px (Prior)
2026-05-18T22:11:23 COLMAP[feature_extractor] I20260518 22:11:22.288667    82 feature_extraction.cc:302]   Features:        11652 (SIFT)
2026-05-18T22:11:23 COLMAP[feature_extractor] I20260518 22:11:22.526775    82 feature_extraction.cc:316]   GPS:             LAT=40.523, LON=-111.892, ALT=1413.714
2026-05-18T22:11:23 COLMAP[feature_extractor] I20260518 22:11:22.526836    82 feature_extraction.cc:323]   Gravity:         X=0.000, Y=1.000, Z=0.000
2026-05-18T22:11:23 COLMAP[feature_extractor] I20260518 22:11:22.797132    82 feature_extraction.cc:280] Processed file [1214/1710]
2026-05-18T22:11:23 COLMAP[feature_extractor] I20260518 22:11:22.797183    82 feature_extraction.cc:283]   Name:            DJI_01214.JPG
2026-05-18T22:11:23 COLMAP[feature_extractor] I20260518 22:11:22.797195    82 feature_extraction.cc:292]   Dimensions:      4000 x 2250
2026-05-18T22:11:23 COLMAP[feature_extractor] I20260518 22:11:22.797206    82 feature_extraction.cc:295]   Camera:          #1 - SIMPLE_RADIAL
2026-05-18T22:11:23 COLMAP[feature_extractor] I20260518 22:11:22.797219    82 feature_extraction.cc:298]   Focal Length:    2545.54px (Prior)
2026-05-18T22:11:23 COLMAP[feature_extractor] I20260518 22:11:22.797233    82 feature_extraction.cc:302]   Features:        8580 (SIFT)
2026-05-18T22:11:23 COLMAP[feature_extractor] I20260518 22:11:23.073253    82 feature_extraction.cc:316]   GPS:             LAT=40.523, LON=-111.892, ALT=1413.614
2026-05-18T22:11:23 COLMAP[feature_extractor] I20260518 22:11:23.073345    82 feature_extraction.cc:323]   Gravity:         X=0.000, Y=1.000, Z=0.000
2026-05-18T22:11:25 COLMAP[feature_extractor] I20260518 22:11:25.150840    82 feature_extraction.cc:280] Processed file [1215/1710]
2026-05-18T22:11:25 COLMAP[feature_extractor] I20260518 22:11:25.150897    82 feature_extraction.cc:283]   Name:            DJI_01215.JPG
2026-05-18T22:11:25 COLMAP[feature_extractor] I20260518 22:11:25.150910    82 feature_extraction.cc:292]   Dimensions:      4000 x 2250
2026-05-18T22:11:25 COLMAP[feature_extractor] I20260518 22:11:25.150921    82 feature_extraction.cc:295]   Camera:          #1 - SIMPLE_RADIAL
2026-05-18T22:11:25 COLMAP[feature_extractor] I20260518 22:11:25.150933    82 feature_extraction.cc:298]   Focal Length:    2545.54px (Prior)
2026-05-18T22:11:25 COLMAP[feature_extractor] I20260518 22:11:25.150950    82 feature_extraction.cc:302]   Features:        8291 (SIFT)
2026-05-18T22:11:27 COLMAP[feature_extractor] I20260518 22:11:25.404145    82 feature_extraction.cc:316]   GPS:             LAT=40.523, LON=-111.892, ALT=1412.314
2026-05-18T22:11:27 COLMAP[feature_extractor] I20260518 22:11:25.404295    82 feature_extraction.cc:323]   Gravity:         X=0.000, Y=1.000, Z=0.000
2026-05-18T22:11:27 COLMAP[feature_extractor] I20260518 22:11:27.243785    82 feature_extraction.cc:280] Processed file [1216/1710]
2026-05-18T22:11:27 COLMAP[feature_extractor] I20260518 22:11:27.243848    82 feature_extraction.cc:283]   Name:            DJI_01216.JPG
2026-05-18T22:11:27 COLMAP[feature_extractor] I20260518 22:11:27.243860    82 feature_extraction.cc:292]   Dimensions:      4000 x 2250
2026-05-18T22:11:27 COLMAP[feature_extractor] I20260518 22:11:27.243871    82 feature_extraction.cc:295]   Camera:          #1 - SIMPLE_RADIAL
2026-05-18T22:11:27 COLMAP[feature_extractor] I20260518 22:11:27.243882    82 feature_extraction.cc:298]   Focal Length:    2545.54px (Prior)
2026-05-18T22:11:27 COLMAP[feature_extractor] I20260518 22:11:27.243898    82 feature_extraction.cc:302]   Features:        9658 (SIFT)
2026-05-18T22:11:29 COLMAP[feature_extractor] I20260518 22:11:27.498876    82 feature_extraction.cc:316]   GPS:             LAT=40.523, LON=-111.892, ALT=1412.514
2026-05-18T22:11:29 COLMAP[feature_extractor] I20260518 22:11:27.498932    82 feature_extraction.cc:323]   Gravity:         X=0.000, Y=1.000, Z=0.000
2026-05-18T22:11:32 COLMAP[feature_extractor] I20260518 22:11:31.599849    82 feature_extraction.cc:280] Processed file [1217/1710]
2026-05-18T22:11:32 COLMAP[feature_extractor] I20260518 22:11:31.599933    82 feature_extraction.cc:283]   Name:            DJI_01217.JPG
2026-05-18T22:11:32 COLMAP[feature_extractor] I20260518 22:11:31.599947    82 feature_extraction.cc:292]   Dimensions:      4000 x 2250
2026-05-18T22:11:32 COLMAP[feature_extractor] I20260518 22:11:31.599958    82 feature_extraction.cc:295]   Camera:          #1 - SIMPLE_RADIAL
2026-05-18T22:11:32 COLMAP[feature_extractor] I20260518 22:11:31.599969    82 feature_extraction.cc:298]   Focal Length:    2545.54px (Prior)
2026-05-18T22:11:32 COLMAP[feature_extractor] I20260518 22:11:31.599985    82 feature_extraction.cc:302]   Features:        9969 (SIFT)
2026-05-18T22:11:32 COLMAP[feature_extractor] I20260518 22:11:31.789335    82 feature_extraction.cc:316]   GPS:             LAT=40.523, LON=-111.892, ALT=1412.314
2026-05-18T22:11:32 COLMAP[feature_extractor] I20260518 22:11:31.789398    82 feature_extraction.cc:323]   Gravity:         X=0.000, Y=1.000, Z=0.000
2026-05-18T22:11:32 COLMAP[feature_extractor] I20260518 22:11:32.037652    82 feature_extraction.cc:280] Processed file [1218/1710]
2026-05-18T22:11:32 COLMAP[feature_extractor] I20260518 22:11:32.037703    82 feature_extraction.cc:283]   Name:            DJI_01218.JPG
2026-05-18T22:11:32 COLMAP[feature_extractor] I20260518 22:11:32.037715    82 feature_extraction.cc:292]   Dimensions:      4000 x 2250
2026-05-18T22:11:32 COLMAP[feature_extractor] I20260518 22:11:32.037726    82 feature_extraction.cc:295]   Camera:          #1 - SIMPLE_RADIAL
2026-05-18T22:11:32 COLMAP[feature_extractor] I20260518 22:11:32.037737    82 feature_extraction.cc:298]   Focal Length:    2545.54px (Prior)
2026-05-18T22:11:32 COLMAP[feature_extractor] I20260518 22:11:32.037753    82 feature_extraction.cc:302]   Features:        10828 (SIFT)
2026-05-18T22:11:32 COLMAP[feature_extractor] I20260518 22:11:32.335943    82 feature_extraction.cc:316]   GPS:             LAT=40.523, LON=-111.892, ALT=1412.414
2026-05-18T22:11:32 COLMAP[feature_extractor] I20260518 22:11:32.336000    82 feature_extraction.cc:323]   Gravity:         X=0.000, Y=1.000, Z=0.000
2026-05-18T22:11:34 COLMAP[feature_extractor] I20260518 22:11:34.191394    82 feature_extraction.cc:280] Processed file [1219/1710]
2026-05-18T22:11:34 COLMAP[feature_extractor] I20260518 22:11:34.191455    82 feature_extraction.cc:283]   Name:            DJI_01219.JPG
2026-05-18T22:11:34 COLMAP[feature_extractor] I20260518 22:11:34.191468    82 feature_extraction.cc:292]   Dimensions:      4000 x 2250
2026-05-18T22:11:34 COLMAP[feature_extractor] I20260518 22:11:34.191476    82 feature_extraction.cc:295]   Camera:          #1 - SIMPLE_RADIAL
2026-05-18T22:11:34 COLMAP[feature_extractor] I20260518 22:11:34.191486    82 feature_extraction.cc:298]   Focal Length:    2545.54px (Prior)
2026-05-18T22:11:34 COLMAP[feature_extractor] I20260518 22:11:34.191501    82 feature_extraction.cc:302]   Features:        8436 (SIFT)
2026-05-18T22:11:34 COLMAP[feature_extractor] I20260518 22:11:34.421052    82 feature_extraction.cc:316]   GPS:             LAT=40.523, LON=-111.892, ALT=1412.714
2026-05-18T22:11:34 COLMAP[feature_extractor] I20260518 22:11:34.421111    82 feature_extraction.cc:323]   Gravity:         X=0.000, Y=1.000, Z=0.000
2026-05-18T22:11:36 COLMAP[feature_extractor] I20260518 22:11:36.422546    82 feature_extraction.cc:280] Processed file [1220/1710]
2026-05-18T22:11:36 COLMAP[feature_extractor] I20260518 22:11:36.422601    82 feature_extraction.cc:283]   Name:            DJI_01220.JPG
2026-05-18T22:11:36 COLMAP[feature_extractor] I20260518 22:11:36.422613    82 feature_extraction.cc:292]   Dimensions:      4000 x 2250
2026-05-18T22:11:36 COLMAP[feature_extractor] I20260518 22:11:36.422624    82 feature_extraction.cc:295]   Camera:          #1 - SIMPLE_RADIAL
2026-05-18T22:11:36 COLMAP[feature_extractor] I20260518 22:11:36.422636    82 feature_extraction.cc:298]   Focal Length:    2545.54px (Prior)
2026-05-18T22:11:36 COLMAP[feature_extractor] I20260518 22:11:36.422652    82 feature_extraction.cc:302]   Features:        9236 (SIFT)
2026-05-18T22:11:37 COLMAP[feature_extractor] I20260518 22:11:36.685725    82 feature_extraction.cc:316]   GPS:             LAT=40.523, LON=-111.892, ALT=1412.914
2026-05-18T22:11:37 COLMAP[feature_extractor] I20260518 22:11:36.685784    82 feature_extraction.cc:323]   Gravity:         X=0.000, Y=1.000, Z=0.000
2026-05-18T22:11:40 COLMAP[feature_extractor] I20260518 22:11:40.920866    82 feature_extraction.cc:280] Processed file [1221/1710]
2026-05-18T22:11:40 COLMAP[feature_extractor] I20260518 22:11:40.920928    82 feature_extraction.cc:283]   Name:            DJI_01221.JPG
2026-05-18T22:11:40 COLMAP[feature_extractor] I20260518 22:11:40.920939    82 feature_extraction.cc:292]   Dimensions:      4000 x 2250
2026-05-18T22:11:40 COLMAP[feature_extractor] I20260518 22:11:40.920948    82 feature_extraction.cc:295]   Camera:          #1 - SIMPLE_RADIAL
2026-05-18T22:11:40 COLMAP[feature_extractor] I20260518 22:11:40.920958    82 feature_extraction.cc:298]   Focal Length:    2545.54px (Prior)
2026-05-18T22:11:40 COLMAP[feature_extractor] I20260518 22:11:40.920972    82 feature_extraction.cc:302]   Features:        10923 (SIFT)
2026-05-18T22:11:42 COLMAP[feature_extractor] I20260518 22:11:41.236955    82 feature_extraction.cc:316]   GPS:             LAT=40.523, LON=-111.892, ALT=1412.714
2026-05-18T22:11:42 COLMAP[feature_extractor] I20260518 22:11:41.237012    82 feature_extraction.cc:323]   Gravity:         X=0.000, Y=1.000, Z=0.000
2026-05-18T22:11:42 COLMAP[feature_extractor] I20260518 22:11:41.240710    82 feature_extraction.cc:280] Processed file [1222/1710]
2026-05-18T22:11:42 COLMAP[feature_extractor] I20260518 22:11:41.240890    82 feature_extraction.cc:283]   Name:            DJI_01222.JPG
2026-05-18T22:11:42 COLMAP[feature_extractor] I20260518 22:11:41.241005    82 feature_extraction.cc:292]   Dimensions:      4000 x 2250
2026-05-18T22:11:42 COLMAP[feature_extractor] I20260518 22:11:41.241101    82 feature_extraction.cc:295]   Camera:          #1 - SIMPLE_RADIAL
2026-05-18T22:11:42 COLMAP[feature_extractor] I20260518 22:11:41.241250    82 feature_extraction.cc:298]   Focal Length:    2545.54px (Prior)
2026-05-18T22:11:42 COLMAP[feature_extractor] I20260518 22:11:41.241367    82 feature_extraction.cc:302]   Features:        11186 (SIFT)
2026-05-18T22:11:42 COLMAP[feature_extractor] I20260518 22:11:41.241542    82 feature_extraction.cc:316]   GPS:             LAT=40.523, LON=-111.892, ALT=1412.714
2026-05-18T22:11:42 COLMAP[feature_extractor] I20260518 22:11:41.241649    82 feature_extraction.cc:323]   Gravity:         X=0.000, Y=1.000, Z=0.000
2026-05-18T22:11:43 COLMAP[feature_extractor] I20260518 22:11:43.357359    82 feature_extraction.cc:280] Processed file [1223/1710]
2026-05-18T22:11:43 COLMAP[feature_extractor] I20260518 22:11:43.357419    82 feature_extraction.cc:283]   Name:            DJI_01223.JPG
2026-05-18T22:11:43 COLMAP[feature_extractor] I20260518 22:11:43.357432    82 feature_extraction.cc:292]   Dimensions:      4000 x 2250
2026-05-18T22:11:43 COLMAP[feature_extractor] I20260518 22:11:43.357443    82 feature_extraction.cc:295]   Camera:          #1 - SIMPLE_RADIAL
2026-05-18T22:11:43 COLMAP[feature_extractor] I20260518 22:11:43.357455    82 feature_extraction.cc:298]   Focal Length:    2545.54px (Prior)
2026-05-18T22:11:43 COLMAP[feature_extractor] I20260518 22:11:43.357470    82 feature_extraction.cc:302]   Features:        11534 (SIFT)
2026-05-18T22:11:44 COLMAP[feature_extractor] I20260518 22:11:43.573935    82 feature_extraction.cc:316]   GPS:             LAT=40.523, LON=-111.892, ALT=1413.014
2026-05-18T22:11:44 COLMAP[feature_extractor] I20260518 22:11:43.573993    82 feature_extraction.cc:323]   Gravity:         X=0.000, Y=1.000, Z=0.000
2026-05-18T22:11:45 COLMAP[feature_extractor] I20260518 22:11:45.636082    82 feature_extraction.cc:280] Processed file [1224/1710]
2026-05-18T22:11:45 COLMAP[feature_extractor] I20260518 22:11:45.636135    82 feature_extraction.cc:283]   Name:            DJI_01224.JPG
2026-05-18T22:11:45 COLMAP[feature_extractor] I20260518 22:11:45.636148    82 feature_extraction.cc:292]   Dimensions:      4000 x 2250
2026-05-18T22:11:45 COLMAP[feature_extractor] I20260518 22:11:45.636159    82 feature_extraction.cc:295]   Camera:          #1 - SIMPLE_RADIAL
2026-05-18T22:11:45 COLMAP[feature_extractor] I20260518 22:11:45.636170    82 feature_extraction.cc:298]   Focal Length:    2545.54px (Prior)
2026-05-18T22:11:45 COLMAP[feature_extractor] I20260518 22:11:45.636186    82 feature_extraction.cc:302]   Features:        8333 (SIFT)
2026-05-18T22:11:45 COLMAP[feature_extractor] I20260518 22:11:45.964759    82 feature_extraction.cc:316]   GPS:             LAT=40.523, LON=-111.892, ALT=1413.314
2026-05-18T22:11:45 COLMAP[feature_extractor] I20260518 22:11:45.964818    82 feature_extraction.cc:323]   Gravity:         X=0.000, Y=1.000, Z=0.000
2026-05-18T22:11:50 COLMAP[feature_extractor] I20260518 22:11:50.237996    82 feature_extraction.cc:280] Processed file [1225/1710]
2026-05-18T22:11:50 COLMAP[feature_extractor] I20260518 22:11:50.238054    82 feature_extraction.cc:283]   Name:            DJI_01225.JPG
2026-05-18T22:11:50 COLMAP[feature_extractor] I20260518 22:11:50.238065    82 feature_extraction.cc:292]   Dimensions:      4000 x 2250
2026-05-18T22:11:50 COLMAP[feature_extractor] I20260518 22:11:50.238076    82 feature_extraction.cc:295]   Camera:          #1 - SIMPLE_RADIAL
2026-05-18T22:11:50 COLMAP[feature_extractor] I20260518 22:11:50.238088    82 feature_extraction.cc:298]   Focal Length:    2545.54px (Prior)
2026-05-18T22:11:50 COLMAP[feature_extractor] I20260518 22:11:50.238104    82 feature_extraction.cc:302]   Features:        8252 (SIFT)
2026-05-18T22:11:52 COLMAP[feature_extractor] I20260518 22:11:50.448905    82 feature_extraction.cc:316]   GPS:             LAT=40.523, LON=-111.892, ALT=1413.214
2026-05-18T22:11:52 COLMAP[feature_extractor] I20260518 22:11:50.448962    82 feature_extraction.cc:323]   Gravity:         X=0.000, Y=1.000, Z=0.000
2026-05-18T22:11:52 COLMAP[feature_extractor] I20260518 22:11:50.451404    82 feature_extraction.cc:280] Processed file [1226/1710]
2026-05-18T22:11:52 COLMAP[feature_extractor] I20260518 22:11:50.451436    82 feature_extraction.cc:283]   Name:            DJI_01226.JPG
2026-05-18T22:11:52 COLMAP[feature_extractor] I20260518 22:11:50.451447    82 feature_extraction.cc:292]   Dimensions:      4000 x 2250
2026-05-18T22:11:52 COLMAP[feature_extractor] I20260518 22:11:50.451458    82 feature_extraction.cc:295]   Camera:          #1 - SIMPLE_RADIAL
2026-05-18T22:11:52 COLMAP[feature_extractor] I20260518 22:11:50.451470    82 feature_extraction.cc:298]   Focal Length:    2545.54px (Prior)
2026-05-18T22:11:52 COLMAP[feature_extractor] I20260518 22:11:50.451483    82 feature_extraction.cc:302]   Features:        8696 (SIFT)
2026-05-18T22:11:52 COLMAP[feature_extractor] I20260518 22:11:50.451525    82 feature_extraction.cc:316]   GPS:             LAT=40.523, LON=-111.892, ALT=1413.814
2026-05-18T22:11:52 COLMAP[feature_extractor] I20260518 22:11:50.451539    82 feature_extraction.cc:323]   Gravity:         X=0.000, Y=1.000, Z=0.000
2026-05-18T22:11:53 COLMAP[feature_extractor] I20260518 22:11:52.540736    82 feature_extraction.cc:280] Processed file [1227/1710]
2026-05-18T22:11:53 COLMAP[feature_extractor] I20260518 22:11:52.540788    82 feature_extraction.cc:283]   Name:            DJI_01227.JPG
2026-05-18T22:11:53 COLMAP[feature_extractor] I20260518 22:11:52.540800    82 feature_extraction.cc:292]   Dimensions:      4000 x 2250
2026-05-18T22:11:53 COLMAP[feature_extractor] I20260518 22:11:52.540812    82 feature_extraction.cc:295]   Camera:          #1 - SIMPLE_RADIAL
2026-05-18T22:11:53 COLMAP[feature_extractor] I20260518 22:11:52.540823    82 feature_extraction.cc:298]   Focal Length:    2545.54px (Prior)
2026-05-18T22:11:53 COLMAP[feature_extractor] I20260518 22:11:52.540838    82 feature_extraction.cc:302]   Features:        9382 (SIFT)
2026-05-18T22:11:53 COLMAP[feature_extractor] I20260518 22:11:52.792883    82 feature_extraction.cc:316]   GPS:             LAT=40.523, LON=-111.892, ALT=1412.414
2026-05-18T22:11:53 COLMAP[feature_extractor] I20260518 22:11:52.792959    82 feature_extraction.cc:323]   Gravity:         X=0.000, Y=1.000, Z=0.000
2026-05-18T22:11:55 COLMAP[feature_extractor] I20260518 22:11:54.842751    82 feature_extraction.cc:280] Processed file [1228/1710]
2026-05-18T22:11:55 COLMAP[feature_extractor] I20260518 22:11:54.842797    82 feature_extraction.cc:283]   Name:            DJI_01228.JPG
2026-05-18T22:11:55 COLMAP[feature_extractor] I20260518 22:11:54.842809    82 feature_extraction.cc:292]   Dimensions:      4000 x 2250
2026-05-18T22:11:55 COLMAP[feature_extractor] I20260518 22:11:54.842820    82 feature_extraction.cc:295]   Camera:          #1 - SIMPLE_RADIAL
2026-05-18T22:11:55 COLMAP[feature_extractor] I20260518 22:11:54.842831    82 feature_extraction.cc:298]   Focal Length:    2545.54px (Prior)
2026-05-18T22:11:55 COLMAP[feature_extractor] I20260518 22:11:54.842847    82 feature_extraction.cc:302]   Features:        10404 (SIFT)
2026-05-18T22:11:55 COLMAP[feature_extractor] I20260518 22:11:55.127417    82 feature_extraction.cc:316]   GPS:             LAT=40.523, LON=-111.892, ALT=1412.014
2026-05-18T22:11:55 COLMAP[feature_extractor] I20260518 22:11:55.127477    82 feature_extraction.cc:323]   Gravity:         X=0.000, Y=1.000, Z=0.000
2026-05-18T22:11:59 COLMAP[feature_extractor] I20260518 22:11:59.500733    82 feature_extraction.cc:280] Processed file [1229/1710]
2026-05-18T22:11:59 COLMAP[feature_extractor] I20260518 22:11:59.500792    82 feature_extraction.cc:283]   Name:            DJI_01229.JPG
2026-05-18T22:11:59 COLMAP[feature_extractor] I20260518 22:11:59.500804    82 feature_extraction.cc:292]   Dimensions:      4000 x 2250
2026-05-18T22:11:59 COLMAP[feature_extractor] I20260518 22:11:59.500814    82 feature_extraction.cc:295]   Camera:          #1 - SIMPLE_RADIAL
2026-05-18T22:11:59 COLMAP[feature_extractor] I20260518 22:11:59.500826    82 feature_extraction.cc:298]   Focal Length:    2545.54px (Prior)
2026-05-18T22:11:59 COLMAP[feature_extractor] I20260518 22:11:59.500841    82 feature_extraction.cc:302]   Features:        9694 (SIFT)
2026-05-18T22:12:00 COLMAP[feature_extractor] I20260518 22:11:59.880730    82 feature_extraction.cc:316]   GPS:             LAT=40.523, LON=-111.892, ALT=1411.814
2026-05-18T22:12:00 COLMAP[feature_extractor] I20260518 22:11:59.880784    82 feature_extraction.cc:323]   Gravity:         X=0.000, Y=1.000, Z=0.000
2026-05-18T22:12:00 COLMAP[feature_extractor] I20260518 22:11:59.883666    82 feature_extraction.cc:280] Processed file [1230/1710]
2026-05-18T22:12:00 COLMAP[feature_extractor] I20260518 22:11:59.883701    82 feature_extraction.cc:283]   Name:            DJI_01230.JPG
2026-05-18T22:12:00 COLMAP[feature_extractor] I20260518 22:11:59.883711    82 feature_extraction.cc:292]   Dimensions:      4000 x 2250
2026-05-18T22:12:00 COLMAP[feature_extractor] I20260518 22:11:59.883720    82 feature_extraction.cc:295]   Camera:          #1 - SIMPLE_RADIAL
2026-05-18T22:12:00 COLMAP[feature_extractor] I20260518 22:11:59.883731    82 feature_extraction.cc:298]   Focal Length:    2545.54px (Prior)
2026-05-18T22:12:00 COLMAP[feature_extractor] I20260518 22:11:59.883745    82 feature_extraction.cc:302]   Features:        11920 (SIFT)
2026-05-18T22:12:00 COLMAP[feature_extractor] I20260518 22:12:00.222095    82 feature_extraction.cc:316]   GPS:             LAT=40.523, LON=-111.892, ALT=1412.614
2026-05-18T22:12:00 COLMAP[feature_extractor] I20260518 22:12:00.222152    82 feature_extraction.cc:323]   Gravity:         X=0.000, Y=1.000, Z=0.000
2026-05-18T22:12:02 COLMAP[feature_extractor] I20260518 22:12:01.893226    82 feature_extraction.cc:280] Processed file [1231/1710]
2026-05-18T22:12:02 COLMAP[feature_extractor] I20260518 22:12:01.893306    82 feature_extraction.cc:283]   Name:            DJI_01231.JPG
2026-05-18T22:12:02 COLMAP[feature_extractor] I20260518 22:12:01.893319    82 feature_extraction.cc:292]   Dimensions:      4000 x 2250
2026-05-18T22:12:02 COLMAP[feature_extractor] I20260518 22:12:01.893330    82 feature_extraction.cc:295]   Camera:          #1 - SIMPLE_RADIAL
2026-05-18T22:12:02 COLMAP[feature_extractor] I20260518 22:12:01.893342    82 feature_extraction.cc:298]   Focal Length:    2545.54px (Prior)
2026-05-18T22:12:02 COLMAP[feature_extractor] I20260518 22:12:01.893357    82 feature_extraction.cc:302]   Features:        9368 (SIFT)
2026-05-18T22:12:02 COLMAP[feature_extractor] I20260518 22:12:02.177403    82 feature_extraction.cc:316]   GPS:             LAT=40.523, LON=-111.892, ALT=1412.614
2026-05-18T22:12:02 COLMAP[feature_extractor] I20260518 22:12:02.177466    82 feature_extraction.cc:323]   Gravity:         X=0.000, Y=1.000, Z=0.000
2026-05-18T22:12:04 COLMAP[feature_extractor] I20260518 22:12:04.249397    82 feature_extraction.cc:280] Processed file [1232/1710]
2026-05-18T22:12:04 COLMAP[feature_extractor] I20260518 22:12:04.249464    82 feature_extraction.cc:283]   Name:            DJI_01232.JPG
2026-05-18T22:12:04 COLMAP[feature_extractor] I20260518 22:12:04.249475    82 feature_extraction.cc:292]   Dimensions:      4000 x 2250
2026-05-18T22:12:04 COLMAP[feature_extractor] I20260518 22:12:04.249485    82 feature_extraction.cc:295]   Camera:          #1 - SIMPLE_RADIAL
2026-05-18T22:12:04 COLMAP[feature_extractor] I20260518 22:12:04.249495    82 feature_extraction.cc:298]   Focal Length:    2545.54px (Prior)
2026-05-18T22:12:04 COLMAP[feature_extractor] I20260518 22:12:04.249509    82 feature_extraction.cc:302]   Features:        9278 (SIFT)
2026-05-18T22:12:04 COLMAP[feature_extractor] I20260518 22:12:04.471745    82 feature_extraction.cc:316]   GPS:             LAT=40.523, LON=-111.892, ALT=1414.614
2026-05-18T22:12:04 COLMAP[feature_extractor] I20260518 22:12:04.471808    82 feature_extraction.cc:323]   Gravity:         X=0.000, Y=1.000, Z=0.000
2026-05-18T22:12:09 COLMAP[feature_extractor] I20260518 22:12:08.810761    82 feature_extraction.cc:280] Processed file [1233/1710]
2026-05-18T22:12:09 COLMAP[feature_extractor] I20260518 22:12:08.810822    82 feature_extraction.cc:283]   Name:            DJI_01233.JPG
2026-05-18T22:12:09 COLMAP[feature_extractor] I20260518 22:12:08.810833    82 feature_extraction.cc:292]   Dimensions:      4000 x 2250
2026-05-18T22:12:09 COLMAP[feature_extractor] I20260518 22:12:08.810844    82 feature_extraction.cc:295]   Camera:          #1 - SIMPLE_RADIAL
2026-05-18T22:12:09 COLMAP[feature_extractor] I20260518 22:12:08.810855    82 feature_extraction.cc:298]   Focal Length:    2545.54px (Prior)
2026-05-18T22:12:09 COLMAP[feature_extractor] I20260518 22:12:08.810871    82 feature_extraction.cc:302]   Features:        8285 (SIFT)
2026-05-18T22:12:09 COLMAP[feature_extractor] I20260518 22:12:09.152586    82 feature_extraction.cc:316]   GPS:             LAT=40.522, LON=-111.891, ALT=1414.714
2026-05-18T22:12:09 COLMAP[feature_extractor] I20260518 22:12:09.152648    82 feature_extraction.cc:323]   Gravity:         X=0.000, Y=1.000, Z=0.000
2026-05-18T22:12:09 COLMAP[feature_extractor] I20260518 22:12:09.162817    82 feature_extraction.cc:280] Processed file [1234/1710]
2026-05-18T22:12:09 COLMAP[feature_extractor] I20260518 22:12:09.175420    82 feature_extraction.cc:283]   Name:            DJI_01234.JPG
2026-05-18T22:12:09 COLMAP[feature_extractor] I20260518 22:12:09.175777    82 feature_extraction.cc:292]   Dimensions:      4000 x 2250
2026-05-18T22:12:09 COLMAP[feature_extractor] I20260518 22:12:09.176011    82 feature_extraction.cc:295]   Camera:          #1 - SIMPLE_RADIAL
2026-05-18T22:12:09 COLMAP[feature_extractor] I20260518 22:12:09.176247    82 feature_extraction.cc:298]   Focal Length:    2545.54px (Prior)
2026-05-18T22:12:09 COLMAP[feature_extractor] I20260518 22:12:09.176482    82 feature_extraction.cc:302]   Features:        9972 (SIFT)
2026-05-18T22:12:09 COLMAP[feature_extractor] I20260518 22:12:09.431104    82 feature_extraction.cc:316]   GPS:             LAT=40.522, LON=-111.891, ALT=1414.114
2026-05-18T22:12:09 COLMAP[feature_extractor] I20260518 22:12:09.431165    82 feature_extraction.cc:323]   Gravity:         X=0.000, Y=1.000, Z=0.000
2026-05-18T22:12:12 COLMAP[feature_extractor] I20260518 22:12:11.066280    82 feature_extraction.cc:280] Processed file [1235/1710]
2026-05-18T22:12:12 COLMAP[feature_extractor] I20260518 22:12:11.066341    82 feature_extraction.cc:283]   Name:            DJI_01235.JPG
2026-05-18T22:12:12 COLMAP[feature_extractor] I20260518 22:12:11.066354    82 feature_extraction.cc:292]   Dimensions:      4000 x 2250
2026-05-18T22:12:12 COLMAP[feature_extractor] I20260518 22:12:11.066365    82 feature_extraction.cc:295]   Camera:          #1 - SIMPLE_RADIAL
2026-05-18T22:12:12 COLMAP[feature_extractor] I20260518 22:12:11.066376    82 feature_extraction.cc:298]   Focal Length:    2545.54px (Prior)
2026-05-18T22:12:12 COLMAP[feature_extractor] I20260518 22:12:11.066392    82 feature_extraction.cc:302]   Features:        9316 (SIFT)
2026-05-18T22:12:12 COLMAP[feature_extractor] I20260518 22:12:11.320386    82 feature_extraction.cc:316]   GPS:             LAT=40.522, LON=-111.891, ALT=1416.014
2026-05-18T22:12:12 COLMAP[feature_extractor] I20260518 22:12:11.320449    82 feature_extraction.cc:323]   Gravity:         X=0.000, Y=1.000, Z=0.000
2026-05-18T22:12:14 COLMAP[feature_extractor] I20260518 22:12:13.596876    82 feature_extraction.cc:280] Processed file [1236/1710]
2026-05-18T22:12:14 COLMAP[feature_extractor] I20260518 22:12:13.596931    82 feature_extraction.cc:283]   Name:            DJI_01236.JPG
2026-05-18T22:12:14 COLMAP[feature_extractor] I20260518 22:12:13.596943    82 feature_extraction.cc:292]   Dimensions:      4000 x 2250
2026-05-18T22:12:14 COLMAP[feature_extractor] I20260518 22:12:13.596954    82 feature_extraction.cc:295]   Camera:          #1 - SIMPLE_RADIAL
2026-05-18T22:12:14 COLMAP[feature_extractor] I20260518 22:12:13.597002    82 feature_extraction.cc:298]   Focal Length:    2545.54px (Prior)
2026-05-18T22:12:14 COLMAP[feature_extractor] I20260518 22:12:13.597019    82 feature_extraction.cc:302]   Features:        9431 (SIFT)
2026-05-18T22:12:14 COLMAP[feature_extractor] I20260518 22:12:13.902598    82 feature_extraction.cc:316]   GPS:             LAT=40.522, LON=-111.891, ALT=1416.714
2026-05-18T22:12:14 COLMAP[feature_extractor] I20260518 22:12:13.902649    82 feature_extraction.cc:323]   Gravity:         X=0.000, Y=1.000, Z=0.000
2026-05-18T22:12:18 COLMAP[feature_extractor] I20260518 22:12:17.974797    82 feature_extraction.cc:280] Processed file [1237/1710]
2026-05-18T22:12:18 COLMAP[feature_extractor] I20260518 22:12:17.974849    82 feature_extraction.cc:283]   Name:            DJI_01237.JPG
2026-05-18T22:12:18 COLMAP[feature_extractor] I20260518 22:12:17.974862    82 feature_extraction.cc:292]   Dimensions:      4000 x 2250
2026-05-18T22:12:18 COLMAP[feature_extractor] I20260518 22:12:17.974872    82 feature_extraction.cc:295]   Camera:          #1 - SIMPLE_RADIAL
2026-05-18T22:12:18 COLMAP[feature_extractor] I20260518 22:12:17.974884    82 feature_extraction.cc:298]   Focal Length:    2545.54px (Prior)
2026-05-18T22:12:18 COLMAP[feature_extractor] I20260518 22:12:17.974900    82 feature_extraction.cc:302]   Features:        9856 (SIFT)
2026-05-18T22:12:18 COLMAP[feature_extractor] I20260518 22:12:18.325163    82 feature_extraction.cc:316]   GPS:             LAT=40.522, LON=-111.891, ALT=1416.514
2026-05-18T22:12:18 COLMAP[feature_extractor] I20260518 22:12:18.325222    82 feature_extraction.cc:323]   Gravity:         X=0.000, Y=1.000, Z=0.000
2026-05-18T22:12:18 COLMAP[feature_extractor] I20260518 22:12:18.328172    82 feature_extraction.cc:280] Processed file [1238/1710]
2026-05-18T22:12:18 COLMAP[feature_extractor] I20260518 22:12:18.328207    82 feature_extraction.cc:283]   Name:            DJI_01238.JPG
2026-05-18T22:12:18 COLMAP[feature_extractor] I20260518 22:12:18.328218    82 feature_extraction.cc:292]   Dimensions:      4000 x 2250
2026-05-18T22:12:18 COLMAP[feature_extractor] I20260518 22:12:18.328228    82 feature_extraction.cc:295]   Camera:          #1 - SIMPLE_RADIAL
2026-05-18T22:12:18 COLMAP[feature_extractor] I20260518 22:12:18.328240    82 feature_extraction.cc:298]   Focal Length:    2545.54px (Prior)
2026-05-18T22:12:18 COLMAP[feature_extractor] I20260518 22:12:18.328253    82 feature_extraction.cc:302]   Features:        8906 (SIFT)
2026-05-18T22:12:19 COLMAP[feature_extractor] I20260518 22:12:18.657733    82 feature_extraction.cc:316]   GPS:             LAT=40.522, LON=-111.891, ALT=1415.714
2026-05-18T22:12:19 COLMAP[feature_extractor] I20260518 22:12:18.657788    82 feature_extraction.cc:323]   Gravity:         X=0.000, Y=1.000, Z=0.000
2026-05-18T22:12:21 COLMAP[feature_extractor] I20260518 22:12:20.236634    82 feature_extraction.cc:280] Processed file [1239/1710]
2026-05-18T22:12:21 COLMAP[feature_extractor] I20260518 22:12:20.236687    82 feature_extraction.cc:283]   Name:            DJI_01239.JPG
2026-05-18T22:12:21 COLMAP[feature_extractor] I20260518 22:12:20.236699    82 feature_extraction.cc:292]   Dimensions:      4000 x 2250
2026-05-18T22:12:21 COLMAP[feature_extractor] I20260518 22:12:20.236711    82 feature_extraction.cc:295]   Camera:          #1 - SIMPLE_RADIAL
2026-05-18T22:12:21 COLMAP[feature_extractor] I20260518 22:12:20.236722    82 feature_extraction.cc:298]   Focal Length:    2545.54px (Prior)
2026-05-18T22:12:21 COLMAP[feature_extractor] I20260518 22:12:20.236738    82 feature_extraction.cc:302]   Features:        9145 (SIFT)
2026-05-18T22:12:21 COLMAP[feature_extractor] I20260518 22:12:20.483621    82 feature_extraction.cc:316]   GPS:             LAT=40.522, LON=-111.891, ALT=1415.814
2026-05-18T22:12:21 COLMAP[feature_extractor] I20260518 22:12:20.483676    82 feature_extraction.cc:323]   Gravity:         X=0.000, Y=1.000, Z=0.000
2026-05-18T22:12:23 COLMAP[feature_extractor] I20260518 22:12:22.963025    82 feature_extraction.cc:280] Processed file [1240/1710]
2026-05-18T22:12:23 COLMAP[feature_extractor] I20260518 22:12:22.963078    82 feature_extraction.cc:283]   Name:            DJI_01240.JPG
2026-05-18T22:12:23 COLMAP[feature_extractor] I20260518 22:12:22.963091    82 feature_extraction.cc:292]   Dimensions:      4000 x 2250
2026-05-18T22:12:23 COLMAP[feature_extractor] I20260518 22:12:22.963102    82 feature_extraction.cc:295]   Camera:          #1 - SIMPLE_RADIAL
2026-05-18T22:12:23 COLMAP[feature_extractor] I20260518 22:12:22.963114    82 feature_extraction.cc:298]   Focal Length:    2545.54px (Prior)
2026-05-18T22:12:23 COLMAP[feature_extractor] I20260518 22:12:22.963130    82 feature_extraction.cc:302]   Features:        8968 (SIFT)
2026-05-18T22:12:23 COLMAP[feature_extractor] I20260518 22:12:23.235414    82 feature_extraction.cc:316]   GPS:             LAT=40.522, LON=-111.891, ALT=1416.914
2026-05-18T22:12:23 COLMAP[feature_extractor] I20260518 22:12:23.235467    82 feature_extraction.cc:323]   Gravity:         X=0.000, Y=1.000, Z=0.000
2026-05-18T22:12:28 COLMAP[feature_extractor] I20260518 22:12:27.255638    82 feature_extraction.cc:280] Processed file [1241/1710]
2026-05-18T22:12:28 COLMAP[feature_extractor] I20260518 22:12:27.255693    82 feature_extraction.cc:283]   Name:            DJI_01241.JPG
2026-05-18T22:12:28 COLMAP[feature_extractor] I20260518 22:12:27.255707    82 feature_extraction.cc:292]   Dimensions:      4000 x 2250
2026-05-18T22:12:28 COLMAP[feature_extractor] I20260518 22:12:27.255716    82 feature_extraction.cc:295]   Camera:          #1 - SIMPLE_RADIAL
2026-05-18T22:12:28 COLMAP[feature_extractor] I20260518 22:12:27.255728    82 feature_extraction.cc:298]   Focal Length:    2545.54px (Prior)
2026-05-18T22:12:28 COLMAP[feature_extractor] I20260518 22:12:27.255743    82 feature_extraction.cc:302]   Features:        8416 (SIFT)
2026-05-18T22:12:28 COLMAP[feature_extractor] I20260518 22:12:27.524355    82 feature_extraction.cc:316]   GPS:             LAT=40.522, LON=-111.892, ALT=1418.014
2026-05-18T22:12:28 COLMAP[feature_extractor] I20260518 22:12:27.524453    82 feature_extraction.cc:323]   Gravity:         X=0.000, Y=1.000, Z=0.000
2026-05-18T22:12:28 COLMAP[feature_extractor] I20260518 22:12:27.526925    82 feature_extraction.cc:280] Processed file [1242/1710]
2026-05-18T22:12:28 COLMAP[feature_extractor] I20260518 22:12:27.526961    82 feature_extraction.cc:283]   Name:            DJI_01242.JPG
2026-05-18T22:12:28 COLMAP[feature_extractor] I20260518 22:12:27.526973    82 feature_extraction.cc:292]   Dimensions:      4000 x 2250
2026-05-18T22:12:28 COLMAP[feature_extractor] I20260518 22:12:27.526983    82 feature_extraction.cc:295]   Camera:          #1 - SIMPLE_RADIAL
2026-05-18T22:12:28 COLMAP[feature_extractor] I20260518 22:12:27.526994    82 feature_extraction.cc:298]   Focal Length:    2545.54px (Prior)
2026-05-18T22:12:28 COLMAP[feature_extractor] I20260518 22:12:27.527007    82 feature_extraction.cc:302]   Features:        11207 (SIFT)
2026-05-18T22:12:28 COLMAP[feature_extractor] I20260518 22:12:27.527050    82 feature_extraction.cc:316]   GPS:             LAT=40.522, LON=-111.892, ALT=1421.114
2026-05-18T22:12:28 COLMAP[feature_extractor] I20260518 22:12:27.527063    82 feature_extraction.cc:323]   Gravity:         X=0.000, Y=1.000, Z=0.000
2026-05-18T22:12:30 COLMAP[feature_extractor] I20260518 22:12:29.580555    82 feature_extraction.cc:280] Processed file [1243/1710]
2026-05-18T22:12:30 COLMAP[feature_extractor] I20260518 22:12:29.580619    82 feature_extraction.cc:283]   Name:            DJI_01243.JPG
2026-05-18T22:12:30 COLMAP[feature_extractor] I20260518 22:12:29.580631    82 feature_extraction.cc:292]   Dimensions:      4000 x 2250
2026-05-18T22:12:30 COLMAP[feature_extractor] I20260518 22:12:29.580642    82 feature_extraction.cc:295]   Camera:          #1 - SIMPLE_RADIAL
2026-05-18T22:12:30 COLMAP[feature_extractor] I20260518 22:12:29.580653    82 feature_extraction.cc:298]   Focal Length:    2545.54px (Prior)
2026-05-18T22:12:30 COLMAP[feature_extractor] I20260518 22:12:29.580668    82 feature_extraction.cc:302]   Features:        10428 (SIFT)
2026-05-18T22:12:30 COLMAP[feature_extractor] I20260518 22:12:29.881208    82 feature_extraction.cc:316]   GPS:             LAT=40.522, LON=-111.892, ALT=1421.214
2026-05-18T22:12:30 COLMAP[feature_extractor] I20260518 22:12:29.881266    82 feature_extraction.cc:323]   Gravity:         X=0.000, Y=1.000, Z=0.000
2026-05-18T22:12:33 COLMAP[feature_extractor] I20260518 22:12:32.135401    82 feature_extraction.cc:280] Processed file [1244/1710]
2026-05-18T22:12:33 COLMAP[feature_extractor] I20260518 22:12:32.135488    82 feature_extraction.cc:283]   Name:            DJI_01244.JPG
2026-05-18T22:12:33 COLMAP[feature_extractor] I20260518 22:12:32.135502    82 feature_extraction.cc:292]   Dimensions:      4000 x 2250
2026-05-18T22:12:33 COLMAP[feature_extractor] I20260518 22:12:32.135514    82 feature_extraction.cc:295]   Camera:          #1 - SIMPLE_RADIAL
2026-05-18T22:12:33 COLMAP[feature_extractor] I20260518 22:12:32.135524    82 feature_extraction.cc:298]   Focal Length:    2545.54px (Prior)
2026-05-18T22:12:33 COLMAP[feature_extractor] I20260518 22:12:32.135540    82 feature_extraction.cc:302]   Features:        10596 (SIFT)
2026-05-18T22:12:33 COLMAP[feature_extractor] I20260518 22:12:32.408682    82 feature_extraction.cc:316]   GPS:             LAT=40.522, LON=-111.892, ALT=1421.114
2026-05-18T22:12:33 COLMAP[feature_extractor] I20260518 22:12:32.408736    82 feature_extraction.cc:323]   Gravity:         X=0.000, Y=1.000, Z=0.000
2026-05-18T22:12:37 COLMAP[feature_extractor] I20260518 22:12:36.534310    82 feature_extraction.cc:280] Processed file [1245/1710]
2026-05-18T22:12:37 COLMAP[feature_extractor] I20260518 22:12:36.534371    82 feature_extraction.cc:283]   Name:            DJI_01245.JPG
2026-05-18T22:12:37 COLMAP[feature_extractor] I20260518 22:12:36.534384    82 feature_extraction.cc:292]   Dimensions:      4000 x 2250
2026-05-18T22:12:37 COLMAP[feature_extractor] I20260518 22:12:36.534395    82 feature_extraction.cc:295]   Camera:          #1 - SIMPLE_RADIAL
2026-05-18T22:12:37 COLMAP[feature_extractor] I20260518 22:12:36.534406    82 feature_extraction.cc:298]   Focal Length:    2545.54px (Prior)
2026-05-18T22:12:37 COLMAP[feature_extractor] I20260518 22:12:36.534421    82 feature_extraction.cc:302]   Features:        10823 (SIFT)
2026-05-18T22:12:37 COLMAP[feature_extractor] I20260518 22:12:36.751945    82 feature_extraction.cc:316]   GPS:             LAT=40.522, LON=-111.892, ALT=1421.014
2026-05-18T22:12:37 COLMAP[feature_extractor] I20260518 22:12:36.751997    82 feature_extraction.cc:323]   Gravity:         X=0.000, Y=1.000, Z=0.000
2026-05-18T22:12:37 COLMAP[feature_extractor] I20260518 22:12:36.763789    82 feature_extraction.cc:280] Processed file [1246/1710]
2026-05-18T22:12:37 COLMAP[feature_extractor] I20260518 22:12:36.775388    82 feature_extraction.cc:283]   Name:            DJI_01246.JPG
2026-05-18T22:12:37 COLMAP[feature_extractor] I20260518 22:12:36.775692    82 feature_extraction.cc:292]   Dimensions:      4000 x 2250
2026-05-18T22:12:37 COLMAP[feature_extractor] I20260518 22:12:36.775918    82 feature_extraction.cc:295]   Camera:          #1 - SIMPLE_RADIAL
2026-05-18T22:12:37 COLMAP[feature_extractor] I20260518 22:12:36.776129    82 feature_extraction.cc:298]   Focal Length:    2545.54px (Prior)
2026-05-18T22:12:37 COLMAP[feature_extractor] I20260518 22:12:36.776341    82 feature_extraction.cc:302]   Features:        8332 (SIFT)
2026-05-18T22:12:37 COLMAP[feature_extractor] I20260518 22:12:37.026527    82 feature_extraction.cc:316]   GPS:             LAT=40.522, LON=-111.892, ALT=1421.214
2026-05-18T22:12:37 COLMAP[feature_extractor] I20260518 22:12:37.026575    82 feature_extraction.cc:323]   Gravity:         X=0.000, Y=1.000, Z=0.000
2026-05-18T22:12:39 COLMAP[feature_extractor] I20260518 22:12:38.728792    82 feature_extraction.cc:280] Processed file [1247/1710]
2026-05-18T22:12:39 COLMAP[feature_extractor] I20260518 22:12:38.728848    82 feature_extraction.cc:283]   Name:            DJI_01247.JPG
2026-05-18T22:12:39 COLMAP[feature_extractor] I20260518 22:12:38.728860    82 feature_extraction.cc:292]   Dimensions:      4000 x 2250
2026-05-18T22:12:39 COLMAP[feature_extractor] I20260518 22:12:38.728871    82 feature_extraction.cc:295]   Camera:          #1 - SIMPLE_RADIAL
2026-05-18T22:12:39 COLMAP[feature_extractor] I20260518 22:12:38.728883    82 feature_extraction.cc:298]   Focal Length:    2545.54px (Prior)
2026-05-18T22:12:39 COLMAP[feature_extractor] I20260518 22:12:38.728899    82 feature_extraction.cc:302]   Features:        10623 (SIFT)
2026-05-18T22:12:39 COLMAP[feature_extractor] I20260518 22:12:38.981305    82 feature_extraction.cc:316]   GPS:             LAT=40.522, LON=-111.892, ALT=1421.114
2026-05-18T22:12:39 COLMAP[feature_extractor] I20260518 22:12:38.981359    82 feature_extraction.cc:323]   Gravity:         X=0.000, Y=1.000, Z=0.000
2026-05-18T22:12:41 COLMAP[feature_extractor] I20260518 22:12:41.289628    82 feature_extraction.cc:280] Processed file [1248/1710]
2026-05-18T22:12:41 COLMAP[feature_extractor] I20260518 22:12:41.289681    82 feature_extraction.cc:283]   Name:            DJI_01248.JPG
2026-05-18T22:12:41 COLMAP[feature_extractor] I20260518 22:12:41.289695    82 feature_extraction.cc:292]   Dimensions:      4000 x 2250
2026-05-18T22:12:41 COLMAP[feature_extractor] I20260518 22:12:41.289705    82 feature_extraction.cc:295]   Camera:          #1 - SIMPLE_RADIAL
2026-05-18T22:12:41 COLMAP[feature_extractor] I20260518 22:12:41.289716    82 feature_extraction.cc:298]   Focal Length:    2545.54px (Prior)
2026-05-18T22:12:41 COLMAP[feature_extractor] I20260518 22:12:41.289732    82 feature_extraction.cc:302]   Features:        9645 (SIFT)
2026-05-18T22:12:41 COLMAP[feature_extractor] I20260518 22:12:41.546789    82 feature_extraction.cc:316]   GPS:             LAT=40.522, LON=-111.892, ALT=1421.614
2026-05-18T22:12:41 COLMAP[feature_extractor] I20260518 22:12:41.546844    82 feature_extraction.cc:323]   Gravity:         X=0.000, Y=1.000, Z=0.000
2026-05-18T22:12:46 COLMAP[feature_extractor] I20260518 22:12:45.636205    82 feature_extraction.cc:280] Processed file [1249/1710]
2026-05-18T22:12:46 COLMAP[feature_extractor] I20260518 22:12:45.636260    82 feature_extraction.cc:283]   Name:            DJI_01249.JPG
2026-05-18T22:12:46 COLMAP[feature_extractor] I20260518 22:12:45.636271    82 feature_extraction.cc:292]   Dimensions:      4000 x 2250
2026-05-18T22:12:46 COLMAP[feature_extractor] I20260518 22:12:45.636282    82 feature_extraction.cc:295]   Camera:          #1 - SIMPLE_RADIAL
2026-05-18T22:12:46 COLMAP[feature_extractor] I20260518 22:12:45.636318    82 feature_extraction.cc:298]   Focal Length:    2545.54px (Prior)
2026-05-18T22:12:46 COLMAP[feature_extractor] I20260518 22:12:45.636335    82 feature_extraction.cc:302]   Features:        10047 (SIFT)
2026-05-18T22:12:46 COLMAP[feature_extractor] I20260518 22:12:45.841912    82 feature_extraction.cc:316]   GPS:             LAT=40.522, LON=-111.892, ALT=1420.514
2026-05-18T22:12:46 COLMAP[feature_extractor] I20260518 22:12:45.841965    82 feature_extraction.cc:323]   Gravity:         X=0.000, Y=1.000, Z=0.000
2026-05-18T22:12:46 COLMAP[feature_extractor] I20260518 22:12:45.844919    82 feature_extraction.cc:280] Processed file [1250/1710]
2026-05-18T22:12:46 COLMAP[feature_extractor] I20260518 22:12:45.844954    82 feature_extraction.cc:283]   Name:            DJI_01250.JPG
2026-05-18T22:12:46 COLMAP[feature_extractor] I20260518 22:12:45.844964    82 feature_extraction.cc:292]   Dimensions:      4000 x 2250
2026-05-18T22:12:46 COLMAP[feature_extractor] I20260518 22:12:45.844974    82 feature_extraction.cc:295]   Camera:          #1 - SIMPLE_RADIAL
2026-05-18T22:12:46 COLMAP[feature_extractor] I20260518 22:12:45.844986    82 feature_extraction.cc:298]   Focal Length:    2545.54px (Prior)
2026-05-18T22:12:46 COLMAP[feature_extractor] I20260518 22:12:45.845000    82 feature_extraction.cc:302]   Features:        9273 (SIFT)
2026-05-18T22:12:46 COLMAP[feature_extractor] I20260518 22:12:45.845041    82 feature_extraction.cc:316]   GPS:             LAT=40.522, LON=-111.892, ALT=1420.614
2026-05-18T22:12:46 COLMAP[feature_extractor] I20260518 22:12:45.845054    82 feature_extraction.cc:323]   Gravity:         X=0.000, Y=1.000, Z=0.000
2026-05-18T22:12:48 COLMAP[feature_extractor] I20260518 22:12:47.912763    82 feature_extraction.cc:280] Processed file [1251/1710]
2026-05-18T22:12:48 COLMAP[feature_extractor] I20260518 22:12:47.912818    82 feature_extraction.cc:283]   Name:            DJI_01251.JPG
2026-05-18T22:12:48 COLMAP[feature_extractor] I20260518 22:12:47.912830    82 feature_extraction.cc:292]   Dimensions:      4000 x 2250
2026-05-18T22:12:48 COLMAP[feature_extractor] I20260518 22:12:47.912842    82 feature_extraction.cc:295]   Camera:          #1 - SIMPLE_RADIAL
2026-05-18T22:12:48 COLMAP[feature_extractor] I20260518 22:12:47.912853    82 feature_extraction.cc:298]   Focal Length:    2545.54px (Prior)
2026-05-18T22:12:48 COLMAP[feature_extractor] I20260518 22:12:47.912868    82 feature_extraction.cc:302]   Features:        9459 (SIFT)
2026-05-18T22:12:49 COLMAP[feature_extractor] I20260518 22:12:48.154131    82 feature_extraction.cc:316]   GPS:             LAT=40.522, LON=-111.892, ALT=1420.714
2026-05-18T22:12:49 COLMAP[feature_extractor] I20260518 22:12:48.154188    82 feature_extraction.cc:323]   Gravity:         X=0.000, Y=1.000, Z=0.000
2026-05-18T22:12:51 COLMAP[feature_extractor] I20260518 22:12:50.614319    82 feature_extraction.cc:280] Processed file [1252/1710]
2026-05-18T22:12:51 COLMAP[feature_extractor] I20260518 22:12:50.614370    82 feature_extraction.cc:283]   Name:            DJI_01252.JPG
2026-05-18T22:12:51 COLMAP[feature_extractor] I20260518 22:12:50.614382    82 feature_extraction.cc:292]   Dimensions:      4000 x 2250
2026-05-18T22:12:51 COLMAP[feature_extractor] I20260518 22:12:50.614392    82 feature_extraction.cc:295]   Camera:          #1 - SIMPLE_RADIAL
2026-05-18T22:12:51 COLMAP[feature_extractor] I20260518 22:12:50.614404    82 feature_extraction.cc:298]   Focal Length:    2545.54px (Prior)
2026-05-18T22:12:51 COLMAP[feature_extractor] I20260518 22:12:50.614419    82 feature_extraction.cc:302]   Features:        8278 (SIFT)
2026-05-18T22:12:51 COLMAP[feature_extractor] I20260518 22:12:50.864796    82 feature_extraction.cc:316]   GPS:             LAT=40.522, LON=-111.892, ALT=1420.614
2026-05-18T22:12:51 COLMAP[feature_extractor] I20260518 22:12:50.864856    82 feature_extraction.cc:323]   Gravity:         X=0.000, Y=1.000, Z=0.000
2026-05-18T22:12:55 COLMAP[feature_extractor] I20260518 22:12:54.869520    82 feature_extraction.cc:280] Processed file [1253/1710]
2026-05-18T22:12:55 COLMAP[feature_extractor] I20260518 22:12:54.869570    82 feature_extraction.cc:283]   Name:            DJI_01254.JPG
2026-05-18T22:12:55 COLMAP[feature_extractor] I20260518 22:12:54.869583    82 feature_extraction.cc:292]   Dimensions:      4000 x 2250
2026-05-18T22:12:55 COLMAP[feature_extractor] I20260518 22:12:54.869593    82 feature_extraction.cc:295]   Camera:          #1 - SIMPLE_RADIAL
2026-05-18T22:12:55 COLMAP[feature_extractor] I20260518 22:12:54.869606    82 feature_extraction.cc:298]   Focal Length:    2545.54px (Prior)
2026-05-18T22:12:55 COLMAP[feature_extractor] I20260518 22:12:54.869622    82 feature_extraction.cc:302]   Features:        8518 (SIFT)
2026-05-18T22:12:55 COLMAP[feature_extractor] I20260518 22:12:55.137372    82 feature_extraction.cc:316]   GPS:             LAT=40.522, LON=-111.892, ALT=1420.214
2026-05-18T22:12:55 COLMAP[feature_extractor] I20260518 22:12:55.137440    82 feature_extraction.cc:323]   Gravity:         X=0.000, Y=1.000, Z=0.000
2026-05-18T22:12:55 COLMAP[feature_extractor] I20260518 22:12:55.140029    82 feature_extraction.cc:280] Processed file [1254/1710]
2026-05-18T22:12:55 COLMAP[feature_extractor] I20260518 22:12:55.140074    82 feature_extraction.cc:283]   Name:            DJI_01253.JPG
2026-05-18T22:12:55 COLMAP[feature_extractor] I20260518 22:12:55.140085    82 feature_extraction.cc:292]   Dimensions:      4000 x 2250
2026-05-18T22:12:55 COLMAP[feature_extractor] I20260518 22:12:55.140095    82 feature_extraction.cc:295]   Camera:          #1 - SIMPLE_RADIAL
2026-05-18T22:12:55 COLMAP[feature_extractor] I20260518 22:12:55.140107    82 feature_extraction.cc:298]   Focal Length:    2545.54px (Prior)
2026-05-18T22:12:55 COLMAP[feature_extractor] I20260518 22:12:55.140120    82 feature_extraction.cc:302]   Features:        8457 (SIFT)
2026-05-18T22:12:55 COLMAP[feature_extractor] I20260518 22:12:55.140165    82 feature_extraction.cc:316]   GPS:             LAT=40.522, LON=-111.892, ALT=1421.114
2026-05-18T22:12:55 COLMAP[feature_extractor] I20260518 22:12:55.140199    82 feature_extraction.cc:323]   Gravity:         X=0.000, Y=1.000, Z=0.000
2026-05-18T22:12:57 COLMAP[feature_extractor] I20260518 22:12:57.190843    82 feature_extraction.cc:280] Processed file [1255/1710]
2026-05-18T22:12:57 COLMAP[feature_extractor] I20260518 22:12:57.190901    82 feature_extraction.cc:283]   Name:            DJI_01255.JPG
2026-05-18T22:12:57 COLMAP[feature_extractor] I20260518 22:12:57.190913    82 feature_extraction.cc:292]   Dimensions:      4000 x 2250
2026-05-18T22:12:57 COLMAP[feature_extractor] I20260518 22:12:57.190924    82 feature_extraction.cc:295]   Camera:          #1 - SIMPLE_RADIAL
2026-05-18T22:12:57 COLMAP[feature_extractor] I20260518 22:12:57.190935    82 feature_extraction.cc:298]   Focal Length:    2545.54px (Prior)
2026-05-18T22:12:57 COLMAP[feature_extractor] I20260518 22:12:57.190951    82 feature_extraction.cc:302]   Features:        10182 (SIFT)
2026-05-18T22:12:57 COLMAP[feature_extractor] I20260518 22:12:57.379170    82 feature_extraction.cc:316]   GPS:             LAT=40.523, LON=-111.892, ALT=1418.414
2026-05-18T22:12:57 COLMAP[feature_extractor] I20260518 22:12:57.379220    82 feature_extraction.cc:323]   Gravity:         X=0.000, Y=1.000, Z=0.000
2026-05-18T22:13:00 COLMAP[feature_extractor] I20260518 22:12:59.961064    82 feature_extraction.cc:280] Processed file [1256/1710]
2026-05-18T22:13:00 COLMAP[feature_extractor] I20260518 22:12:59.961115    82 feature_extraction.cc:283]   Name:            DJI_01256.JPG
2026-05-18T22:13:00 COLMAP[feature_extractor] I20260518 22:12:59.961127    82 feature_extraction.cc:292]   Dimensions:      4000 x 2250
2026-05-18T22:13:00 COLMAP[feature_extractor] I20260518 22:12:59.961138    82 feature_extraction.cc:295]   Camera:          #1 - SIMPLE_RADIAL
2026-05-18T22:13:00 COLMAP[feature_extractor] I20260518 22:12:59.961149    82 feature_extraction.cc:298]   Focal Length:    2545.54px (Prior)
2026-05-18T22:13:00 COLMAP[feature_extractor] I20260518 22:12:59.961165    82 feature_extraction.cc:302]   Features:        11071 (SIFT)
2026-05-18T22:13:00 COLMAP[feature_extractor] I20260518 22:13:00.345700    82 feature_extraction.cc:316]   GPS:             LAT=40.523, LON=-111.892, ALT=1417.814
2026-05-18T22:13:00 COLMAP[feature_extractor] I20260518 22:13:00.345758    82 feature_extraction.cc:323]   Gravity:         X=0.000, Y=1.000, Z=0.000
2026-05-18T22:13:06 COLMAP[feature_extractor] I20260518 22:13:04.250293    82 feature_extraction.cc:280] Processed file [1257/1710]
2026-05-18T22:13:06 COLMAP[feature_extractor] I20260518 22:13:04.250379    82 feature_extraction.cc:283]   Name:            DJI_01257.JPG
2026-05-18T22:13:06 COLMAP[feature_extractor] I20260518 22:13:04.250392    82 feature_extraction.cc:292]   Dimensions:      4000 x 2250
2026-05-18T22:13:06 COLMAP[feature_extractor] I20260518 22:13:04.250402    82 feature_extraction.cc:295]   Camera:          #1 - SIMPLE_RADIAL
2026-05-18T22:13:06 COLMAP[feature_extractor] I20260518 22:13:04.250414    82 feature_extraction.cc:298]   Focal Length:    2545.54px (Prior)
2026-05-18T22:13:06 COLMAP[feature_extractor] I20260518 22:13:04.250429    82 feature_extraction.cc:302]   Features:        10773 (SIFT)
2026-05-18T22:13:06 COLMAP[feature_extractor] I20260518 22:13:04.500553    82 feature_extraction.cc:316]   GPS:             LAT=40.523, LON=-111.892, ALT=1417.514
2026-05-18T22:13:06 COLMAP[feature_extractor] I20260518 22:13:04.500617    82 feature_extraction.cc:323]   Gravity:         X=0.000, Y=1.000, Z=0.000
2026-05-18T22:13:06 COLMAP[feature_extractor] I20260518 22:13:04.503778    82 feature_extraction.cc:280] Processed file [1258/1710]
2026-05-18T22:13:06 COLMAP[feature_extractor] I20260518 22:13:04.503820    82 feature_extraction.cc:283]   Name:            DJI_01258.JPG
2026-05-18T22:13:06 COLMAP[feature_extractor] I20260518 22:13:04.503832    82 feature_extraction.cc:292]   Dimensions:      4000 x 2250
2026-05-18T22:13:06 COLMAP[feature_extractor] I20260518 22:13:04.503842    82 feature_extraction.cc:295]   Camera:          #1 - SIMPLE_RADIAL
2026-05-18T22:13:06 COLMAP[feature_extractor] I20260518 22:13:04.503854    82 feature_extraction.cc:298]   Focal Length:    2545.54px (Prior)
2026-05-18T22:13:06 COLMAP[feature_extractor] I20260518 22:13:04.503867    82 feature_extraction.cc:302]   Features:        10279 (SIFT)
2026-05-18T22:13:06 COLMAP[feature_extractor] I20260518 22:13:04.503909    82 feature_extraction.cc:316]   GPS:             LAT=40.523, LON=-111.892, ALT=1406.014
2026-05-18T22:13:06 COLMAP[feature_extractor] I20260518 22:13:04.503923    82 feature_extraction.cc:323]   Gravity:         X=0.000, Y=1.000, Z=0.000
2026-05-18T22:13:06 COLMAP[feature_extractor] I20260518 22:13:06.436383    82 feature_extraction.cc:280] Processed file [1259/1710]
2026-05-18T22:13:06 COLMAP[feature_extractor] I20260518 22:13:06.436445    82 feature_extraction.cc:283]   Name:            DJI_01259.JPG
2026-05-18T22:13:06 COLMAP[feature_extractor] I20260518 22:13:06.436458    82 feature_extraction.cc:292]   Dimensions:      4000 x 2250
2026-05-18T22:13:06 COLMAP[feature_extractor] I20260518 22:13:06.436470    82 feature_extraction.cc:295]   Camera:          #1 - SIMPLE_RADIAL
2026-05-18T22:13:06 COLMAP[feature_extractor] I20260518 22:13:06.436480    82 feature_extraction.cc:298]   Focal Length:    2545.54px (Prior)
2026-05-18T22:13:06 COLMAP[feature_extractor] I20260518 22:13:06.436496    82 feature_extraction.cc:302]   Features:        8321 (SIFT)
2026-05-18T22:13:08 COLMAP[feature_extractor] I20260518 22:13:06.732749    82 feature_extraction.cc:316]   GPS:             LAT=40.523, LON=-111.892, ALT=1407.214
2026-05-18T22:13:08 COLMAP[feature_extractor] I20260518 22:13:06.732805    82 feature_extraction.cc:323]   Gravity:         X=0.000, Y=1.000, Z=0.000
2026-05-18T22:13:10 COLMAP[feature_extractor] I20260518 22:13:09.339001    82 feature_extraction.cc:280] Processed file [1260/1710]
2026-05-18T22:13:10 COLMAP[feature_extractor] I20260518 22:13:09.339053    82 feature_extraction.cc:283]   Name:            DJI_01260.JPG
2026-05-18T22:13:10 COLMAP[feature_extractor] I20260518 22:13:09.339066    82 feature_extraction.cc:292]   Dimensions:      4000 x 2250
2026-05-18T22:13:10 COLMAP[feature_extractor] I20260518 22:13:09.339076    82 feature_extraction.cc:295]   Camera:          #1 - SIMPLE_RADIAL
2026-05-18T22:13:10 COLMAP[feature_extractor] I20260518 22:13:09.339088    82 feature_extraction.cc:298]   Focal Length:    2545.54px (Prior)
2026-05-18T22:13:10 COLMAP[feature_extractor] I20260518 22:13:09.339103    82 feature_extraction.cc:302]   Features:        11333 (SIFT)
2026-05-18T22:13:10 COLMAP[feature_extractor] I20260518 22:13:09.631539    82 feature_extraction.cc:316]   GPS:             LAT=40.523, LON=-111.892, ALT=1407.214
2026-05-18T22:13:10 COLMAP[feature_extractor] I20260518 22:13:09.631592    82 feature_extraction.cc:323]   Gravity:         X=0.000, Y=1.000, Z=0.000
2026-05-18T22:13:13 COLMAP[feature_extractor] I20260518 22:13:13.407405    82 feature_extraction.cc:280] Processed file [1261/1710]
2026-05-18T22:13:13 COLMAP[feature_extractor] I20260518 22:13:13.407459    82 feature_extraction.cc:283]   Name:            DJI_01261.JPG
2026-05-18T22:13:13 COLMAP[feature_extractor] I20260518 22:13:13.407472    82 feature_extraction.cc:292]   Dimensions:      4000 x 2250
2026-05-18T22:13:13 COLMAP[feature_extractor] I20260518 22:13:13.407482    82 feature_extraction.cc:295]   Camera:          #1 - SIMPLE_RADIAL
2026-05-18T22:13:13 COLMAP[feature_extractor] I20260518 22:13:13.407495    82 feature_extraction.cc:298]   Focal Length:    2545.54px (Prior)
2026-05-18T22:13:13 COLMAP[feature_extractor] I20260518 22:13:13.407510    82 feature_extraction.cc:302]   Features:        12177 (SIFT)
2026-05-18T22:13:14 COLMAP[feature_extractor] I20260518 22:13:13.695555    82 feature_extraction.cc:316]   GPS:             LAT=40.523, LON=-111.892, ALT=1406.814
2026-05-18T22:13:14 COLMAP[feature_extractor] I20260518 22:13:13.695611    82 feature_extraction.cc:323]   Gravity:         X=0.000, Y=1.000, Z=0.000
2026-05-18T22:13:14 COLMAP[feature_extractor] I20260518 22:13:13.707245    82 feature_extraction.cc:280] Processed file [1262/1710]
2026-05-18T22:13:14 COLMAP[feature_extractor] I20260518 22:13:13.715394    82 feature_extraction.cc:283]   Name:            DJI_01262.JPG
2026-05-18T22:13:14 COLMAP[feature_extractor] I20260518 22:13:13.715524    82 feature_extraction.cc:292]   Dimensions:      4000 x 2250
2026-05-18T22:13:14 COLMAP[feature_extractor] I20260518 22:13:13.715633    82 feature_extraction.cc:295]   Camera:          #1 - SIMPLE_RADIAL
2026-05-18T22:13:14 COLMAP[feature_extractor] I20260518 22:13:13.715775    82 feature_extraction.cc:298]   Focal Length:    2545.54px (Prior)
2026-05-18T22:13:14 COLMAP[feature_extractor] I20260518 22:13:13.715883    82 feature_extraction.cc:302]   Features:        11718 (SIFT)
2026-05-18T22:13:14 COLMAP[feature_extractor] I20260518 22:13:13.979251    82 feature_extraction.cc:316]   GPS:             LAT=40.523, LON=-111.892, ALT=1411.414
2026-05-18T22:13:14 COLMAP[feature_extractor] I20260518 22:13:13.979311    82 feature_extraction.cc:323]   Gravity:         X=0.000, Y=1.000, Z=0.000
2026-05-18T22:13:16 COLMAP[feature_extractor] I20260518 22:13:15.774718    82 feature_extraction.cc:280] Processed file [1263/1710]
2026-05-18T22:13:16 COLMAP[feature_extractor] I20260518 22:13:15.774775    82 feature_extraction.cc:283]   Name:            DJI_01263.JPG
2026-05-18T22:13:16 COLMAP[feature_extractor] I20260518 22:13:15.774787    82 feature_extraction.cc:292]   Dimensions:      4000 x 2250
2026-05-18T22:13:16 COLMAP[feature_extractor] I20260518 22:13:15.774798    82 feature_extraction.cc:295]   Camera:          #1 - SIMPLE_RADIAL
2026-05-18T22:13:16 COLMAP[feature_extractor] I20260518 22:13:15.774811    82 feature_extraction.cc:298]   Focal Length:    2545.54px (Prior)
2026-05-18T22:13:16 COLMAP[feature_extractor] I20260518 22:13:15.774825    82 feature_extraction.cc:302]   Features:        11679 (SIFT)
2026-05-18T22:13:16 COLMAP[feature_extractor] I20260518 22:13:16.018266    82 feature_extraction.cc:316]   GPS:             LAT=40.523, LON=-111.892, ALT=1412.814
2026-05-18T22:13:16 COLMAP[feature_extractor] I20260518 22:13:16.018330    82 feature_extraction.cc:323]   Gravity:         X=0.000, Y=1.000, Z=0.000
2026-05-18T22:13:19 COLMAP[feature_extractor] I20260518 22:13:18.675133    82 feature_extraction.cc:280] Processed file [1264/1710]
2026-05-18T22:13:19 COLMAP[feature_extractor] I20260518 22:13:18.675187    82 feature_extraction.cc:283]   Name:            DJI_01264.JPG
2026-05-18T22:13:19 COLMAP[feature_extractor] I20260518 22:13:18.675200    82 feature_extraction.cc:292]   Dimensions:      4000 x 2250
2026-05-18T22:13:19 COLMAP[feature_extractor] I20260518 22:13:18.675211    82 feature_extraction.cc:295]   Camera:          #1 - SIMPLE_RADIAL
2026-05-18T22:13:19 COLMAP[feature_extractor] I20260518 22:13:18.675223    82 feature_extraction.cc:298]   Focal Length:    2545.54px (Prior)
2026-05-18T22:13:19 COLMAP[feature_extractor] I20260518 22:13:18.675238    82 feature_extraction.cc:302]   Features:        11175 (SIFT)
2026-05-18T22:13:19 COLMAP[feature_extractor] I20260518 22:13:18.979458    82 feature_extraction.cc:316]   GPS:             LAT=40.523, LON=-111.892, ALT=1412.714
2026-05-18T22:13:19 COLMAP[feature_extractor] I20260518 22:13:18.979518    82 feature_extraction.cc:323]   Gravity:         X=0.000, Y=1.000, Z=0.000
2026-05-18T22:13:22 COLMAP[feature_extractor] I20260518 22:13:22.539273    82 feature_extraction.cc:280] Processed file [1265/1710]
2026-05-18T22:13:22 COLMAP[feature_extractor] I20260518 22:13:22.539332    82 feature_extraction.cc:283]   Name:            DJI_01266.JPG
2026-05-18T22:13:22 COLMAP[feature_extractor] I20260518 22:13:22.539345    82 feature_extraction.cc:292]   Dimensions:      4000 x 2250
2026-05-18T22:13:22 COLMAP[feature_extractor] I20260518 22:13:22.539356    82 feature_extraction.cc:295]   Camera:          #1 - SIMPLE_RADIAL
2026-05-18T22:13:22 COLMAP[feature_extractor] I20260518 22:13:22.539367    82 feature_extraction.cc:298]   Focal Length:    2545.54px (Prior)
2026-05-18T22:13:22 COLMAP[feature_extractor] I20260518 22:13:22.539399    82 feature_extraction.cc:302]   Features:        10375 (SIFT)
2026-05-18T22:13:24 COLMAP[feature_extractor] I20260518 22:13:22.835557    82 feature_extraction.cc:316]   GPS:             LAT=40.523, LON=-111.892, ALT=1412.414
2026-05-18T22:13:24 COLMAP[feature_extractor] I20260518 22:13:22.835618    82 feature_extraction.cc:323]   Gravity:         X=0.000, Y=1.000, Z=0.000
2026-05-18T22:13:24 COLMAP[feature_extractor] I20260518 22:13:22.838675    82 feature_extraction.cc:280] Processed file [1266/1710]
2026-05-18T22:13:24 COLMAP[feature_extractor] I20260518 22:13:22.838712    82 feature_extraction.cc:283]   Name:            DJI_01265.JPG
2026-05-18T22:13:24 COLMAP[feature_extractor] I20260518 22:13:22.838723    82 feature_extraction.cc:292]   Dimensions:      4000 x 2250
2026-05-18T22:13:24 COLMAP[feature_extractor] I20260518 22:13:22.838733    82 feature_extraction.cc:295]   Camera:          #1 - SIMPLE_RADIAL
2026-05-18T22:13:24 COLMAP[feature_extractor] I20260518 22:13:22.838744    82 feature_extraction.cc:298]   Focal Length:    2545.54px (Prior)
2026-05-18T22:13:24 COLMAP[feature_extractor] I20260518 22:13:22.838757    82 feature_extraction.cc:302]   Features:        11239 (SIFT)
2026-05-18T22:13:24 COLMAP[feature_extractor] I20260518 22:13:23.154639    82 feature_extraction.cc:316]   GPS:             LAT=40.523, LON=-111.892, ALT=1412.114
2026-05-18T22:13:24 COLMAP[feature_extractor] I20260518 22:13:23.154700    82 feature_extraction.cc:323]   Gravity:         X=0.000, Y=1.000, Z=0.000
2026-05-18T22:13:25 COLMAP[feature_extractor] I20260518 22:13:24.933255    82 feature_extraction.cc:280] Processed file [1267/1710]
2026-05-18T22:13:25 COLMAP[feature_extractor] I20260518 22:13:24.933311    82 feature_extraction.cc:283]   Name:            DJI_01267.JPG
2026-05-18T22:13:25 COLMAP[feature_extractor] I20260518 22:13:24.933323    82 feature_extraction.cc:292]   Dimensions:      4000 x 2250
2026-05-18T22:13:25 COLMAP[feature_extractor] I20260518 22:13:24.933334    82 feature_extraction.cc:295]   Camera:          #1 - SIMPLE_RADIAL
2026-05-18T22:13:25 COLMAP[feature_extractor] I20260518 22:13:24.933346    82 feature_extraction.cc:298]   Focal Length:    2545.54px (Prior)
2026-05-18T22:13:25 COLMAP[feature_extractor] I20260518 22:13:24.933370    82 feature_extraction.cc:302]   Features:        11053 (SIFT)
2026-05-18T22:13:25 COLMAP[feature_extractor] I20260518 22:13:25.152232    82 feature_extraction.cc:316]   GPS:             LAT=40.523, LON=-111.892, ALT=1412.614
2026-05-18T22:13:25 COLMAP[feature_extractor] I20260518 22:13:25.152287    82 feature_extraction.cc:323]   Gravity:         X=0.000, Y=1.000, Z=0.000
2026-05-18T22:13:29 COLMAP[feature_extractor] I20260518 22:13:27.964318    82 feature_extraction.cc:280] Processed file [1268/1710]
2026-05-18T22:13:29 COLMAP[feature_extractor] I20260518 22:13:27.964373    82 feature_extraction.cc:283]   Name:            DJI_01268.JPG
2026-05-18T22:13:29 COLMAP[feature_extractor] I20260518 22:13:27.964385    82 feature_extraction.cc:292]   Dimensions:      4000 x 2250
2026-05-18T22:13:29 COLMAP[feature_extractor] I20260518 22:13:27.964396    82 feature_extraction.cc:295]   Camera:          #1 - SIMPLE_RADIAL
2026-05-18T22:13:29 COLMAP[feature_extractor] I20260518 22:13:27.964408    82 feature_extraction.cc:298]   Focal Length:    2545.54px (Prior)
2026-05-18T22:13:29 COLMAP[feature_extractor] I20260518 22:13:27.964423    82 feature_extraction.cc:302]   Features:        11301 (SIFT)
2026-05-18T22:13:29 COLMAP[feature_extractor] I20260518 22:13:28.189653    82 feature_extraction.cc:316]   GPS:             LAT=40.523, LON=-111.892, ALT=1412.714
2026-05-18T22:13:29 COLMAP[feature_extractor] I20260518 22:13:28.189705    82 feature_extraction.cc:323]   Gravity:         X=0.000, Y=1.000, Z=0.000
2026-05-18T22:13:32 COLMAP[feature_extractor] I20260518 22:13:31.817436    82 feature_extraction.cc:280] Processed file [1269/1710]
2026-05-18T22:13:32 COLMAP[feature_extractor] I20260518 22:13:31.817490    82 feature_extraction.cc:283]   Name:            DJI_01269.JPG
2026-05-18T22:13:32 COLMAP[feature_extractor] I20260518 22:13:31.817502    82 feature_extraction.cc:292]   Dimensions:      4000 x 2250
2026-05-18T22:13:32 COLMAP[feature_extractor] I20260518 22:13:31.817513    82 feature_extraction.cc:295]   Camera:          #1 - SIMPLE_RADIAL
2026-05-18T22:13:32 COLMAP[feature_extractor] I20260518 22:13:31.817524    82 feature_extraction.cc:298]   Focal Length:    2545.54px (Prior)
2026-05-18T22:13:32 COLMAP[feature_extractor] I20260518 22:13:31.817540    82 feature_extraction.cc:302]   Features:        12113 (SIFT)
2026-05-18T22:13:32 COLMAP[feature_extractor] I20260518 22:13:32.152489    82 feature_extraction.cc:316]   GPS:             LAT=40.523, LON=-111.892, ALT=1412.714
2026-05-18T22:13:32 COLMAP[feature_extractor] I20260518 22:13:32.152549    82 feature_extraction.cc:323]   Gravity:         X=0.000, Y=1.000, Z=0.000
2026-05-18T22:13:32 COLMAP[feature_extractor] I20260518 22:13:32.156234    82 feature_extraction.cc:280] Processed file [1270/1710]
2026-05-18T22:13:32 COLMAP[feature_extractor] I20260518 22:13:32.156280    82 feature_extraction.cc:283]   Name:            DJI_01270.JPG
2026-05-18T22:13:32 COLMAP[feature_extractor] I20260518 22:13:32.156292    82 feature_extraction.cc:292]   Dimensions:      4000 x 2250
2026-05-18T22:13:32 COLMAP[feature_extractor] I20260518 22:13:32.156302    82 feature_extraction.cc:295]   Camera:          #1 - SIMPLE_RADIAL
2026-05-18T22:13:32 COLMAP[feature_extractor] I20260518 22:13:32.156313    82 feature_extraction.cc:298]   Focal Length:    2545.54px (Prior)
2026-05-18T22:13:32 COLMAP[feature_extractor] I20260518 22:13:32.156327    82 feature_extraction.cc:302]   Features:        11593 (SIFT)
2026-05-18T22:13:32 COLMAP[feature_extractor] I20260518 22:13:32.156374    82 feature_extraction.cc:316]   GPS:             LAT=40.523, LON=-111.892, ALT=1412.214
2026-05-18T22:13:32 COLMAP[feature_extractor] I20260518 22:13:32.156391    82 feature_extraction.cc:323]   Gravity:         X=0.000, Y=1.000, Z=0.000
2026-05-18T22:13:35 COLMAP[feature_extractor] I20260518 22:13:34.322268    82 feature_extraction.cc:280] Processed file [1271/1710]
2026-05-18T22:13:35 COLMAP[feature_extractor] I20260518 22:13:34.322356    82 feature_extraction.cc:283]   Name:            DJI_01271.JPG
2026-05-18T22:13:35 COLMAP[feature_extractor] I20260518 22:13:34.322369    82 feature_extraction.cc:292]   Dimensions:      4000 x 2250
2026-05-18T22:13:35 COLMAP[feature_extractor] I20260518 22:13:34.322381    82 feature_extraction.cc:295]   Camera:          #1 - SIMPLE_RADIAL
2026-05-18T22:13:35 COLMAP[feature_extractor] I20260518 22:13:34.322391    82 feature_extraction.cc:298]   Focal Length:    2545.54px (Prior)
2026-05-18T22:13:35 COLMAP[feature_extractor] I20260518 22:13:34.322407    82 feature_extraction.cc:302]   Features:        11262 (SIFT)
2026-05-18T22:13:35 COLMAP[feature_extractor] I20260518 22:13:34.617424    82 feature_extraction.cc:316]   GPS:             LAT=40.523, LON=-111.892, ALT=1412.814
2026-05-18T22:13:35 COLMAP[feature_extractor] I20260518 22:13:34.617477    82 feature_extraction.cc:323]   Gravity:         X=0.000, Y=1.000, Z=0.000
2026-05-18T22:13:37 COLMAP[feature_extractor] I20260518 22:13:37.215395    82 feature_extraction.cc:280] Processed file [1272/1710]
2026-05-18T22:13:37 COLMAP[feature_extractor] I20260518 22:13:37.215458    82 feature_extraction.cc:283]   Name:            DJI_01272.JPG
2026-05-18T22:13:37 COLMAP[feature_extractor] I20260518 22:13:37.215471    82 feature_extraction.cc:292]   Dimensions:      4000 x 2250
2026-05-18T22:13:37 COLMAP[feature_extractor] I20260518 22:13:37.215482    82 feature_extraction.cc:295]   Camera:          #1 - SIMPLE_RADIAL
2026-05-18T22:13:37 COLMAP[feature_extractor] I20260518 22:13:37.215494    82 feature_extraction.cc:298]   Focal Length:    2545.54px (Prior)
2026-05-18T22:13:37 COLMAP[feature_extractor] I20260518 22:13:37.215509    82 feature_extraction.cc:302]   Features:        8666 (SIFT)
2026-05-18T22:13:38 COLMAP[feature_extractor] I20260518 22:13:37.423561    82 feature_extraction.cc:316]   GPS:             LAT=40.523, LON=-111.892, ALT=1412.514
2026-05-18T22:13:38 COLMAP[feature_extractor] I20260518 22:13:37.423624    82 feature_extraction.cc:323]   Gravity:         X=0.000, Y=1.000, Z=0.000
2026-05-18T22:13:41 COLMAP[feature_extractor] I20260518 22:13:40.956997    82 feature_extraction.cc:280] Processed file [1273/1710]
2026-05-18T22:13:41 COLMAP[feature_extractor] I20260518 22:13:40.957052    82 feature_extraction.cc:283]   Name:            DJI_01274.JPG
2026-05-18T22:13:41 COLMAP[feature_extractor] I20260518 22:13:40.957065    82 feature_extraction.cc:292]   Dimensions:      4000 x 2250
2026-05-18T22:13:41 COLMAP[feature_extractor] I20260518 22:13:40.957077    82 feature_extraction.cc:295]   Camera:          #1 - SIMPLE_RADIAL
2026-05-18T22:13:41 COLMAP[feature_extractor] I20260518 22:13:40.957087    82 feature_extraction.cc:298]   Focal Length:    2545.54px (Prior)
2026-05-18T22:13:41 COLMAP[feature_extractor] I20260518 22:13:40.957103    82 feature_extraction.cc:302]   Features:        8870 (SIFT)
2026-05-18T22:13:42 COLMAP[feature_extractor] I20260518 22:13:41.267076    82 feature_extraction.cc:316]   GPS:             LAT=40.523, LON=-111.893, ALT=1413.314
2026-05-18T22:13:42 COLMAP[feature_extractor] I20260518 22:13:41.267132    82 feature_extraction.cc:323]   Gravity:         X=0.000, Y=1.000, Z=0.000
2026-05-18T22:13:42 COLMAP[feature_extractor] I20260518 22:13:41.277031    82 feature_extraction.cc:280] Processed file [1274/1710]
2026-05-18T22:13:42 COLMAP[feature_extractor] I20260518 22:13:41.279400    82 feature_extraction.cc:283]   Name:            DJI_01273.JPG
2026-05-18T22:13:42 COLMAP[feature_extractor] I20260518 22:13:41.279474    82 feature_extraction.cc:292]   Dimensions:      4000 x 2250
2026-05-18T22:13:42 COLMAP[feature_extractor] I20260518 22:13:41.279507    82 feature_extraction.cc:295]   Camera:          #1 - SIMPLE_RADIAL
2026-05-18T22:13:42 COLMAP[feature_extractor] I20260518 22:13:41.279534    82 feature_extraction.cc:298]   Focal Length:    2545.54px (Prior)
2026-05-18T22:13:42 COLMAP[feature_extractor] I20260518 22:13:41.279563    82 feature_extraction.cc:302]   Features:        9014 (SIFT)
2026-05-18T22:13:42 COLMAP[feature_extractor] I20260518 22:13:41.664197    82 feature_extraction.cc:316]   GPS:             LAT=40.523, LON=-111.892, ALT=1413.114
2026-05-18T22:13:42 COLMAP[feature_extractor] I20260518 22:13:41.664251    82 feature_extraction.cc:323]   Gravity:         X=0.000, Y=1.000, Z=0.000
2026-05-18T22:13:44 COLMAP[feature_extractor] I20260518 22:13:43.831404    82 feature_extraction.cc:280] Processed file [1275/1710]
2026-05-18T22:13:44 COLMAP[feature_extractor] I20260518 22:13:43.831459    82 feature_extraction.cc:283]   Name:            DJI_01275.JPG
2026-05-18T22:13:44 COLMAP[feature_extractor] I20260518 22:13:43.831471    82 feature_extraction.cc:292]   Dimensions:      4000 x 2250
2026-05-18T22:13:44 COLMAP[feature_extractor] I20260518 22:13:43.831482    82 feature_extraction.cc:295]   Camera:          #1 - SIMPLE_RADIAL
2026-05-18T22:13:44 COLMAP[feature_extractor] I20260518 22:13:43.831494    82 feature_extraction.cc:298]   Focal Length:    2545.54px (Prior)
2026-05-18T22:13:44 COLMAP[feature_extractor] I20260518 22:13:43.831509    82 feature_extraction.cc:302]   Features:        9004 (SIFT)
2026-05-18T22:13:44 COLMAP[feature_extractor] I20260518 22:13:44.095057    82 feature_extraction.cc:316]   GPS:             LAT=40.523, LON=-111.893, ALT=1414.014
2026-05-18T22:13:44 COLMAP[feature_extractor] I20260518 22:13:44.095108    82 feature_extraction.cc:323]   Gravity:         X=0.000, Y=1.000, Z=0.000
2026-05-18T22:13:46 COLMAP[feature_extractor] I20260518 22:13:46.364135    82 feature_extraction.cc:280] Processed file [1276/1710]
2026-05-18T22:13:46 COLMAP[feature_extractor] I20260518 22:13:46.364192    82 feature_extraction.cc:283]   Name:            DJI_01276.JPG
2026-05-18T22:13:46 COLMAP[feature_extractor] I20260518 22:13:46.364204    82 feature_extraction.cc:292]   Dimensions:      4000 x 2250
2026-05-18T22:13:46 COLMAP[feature_extractor] I20260518 22:13:46.364215    82 feature_extraction.cc:295]   Camera:          #1 - SIMPLE_RADIAL
2026-05-18T22:13:46 COLMAP[feature_extractor] I20260518 22:13:46.364264    82 feature_extraction.cc:298]   Focal Length:    2545.54px (Prior)
2026-05-18T22:13:46 COLMAP[feature_extractor] I20260518 22:13:46.364279    82 feature_extraction.cc:302]   Features:        12273 (SIFT)
2026-05-18T22:13:46 COLMAP[feature_extractor] I20260518 22:13:46.626170    82 feature_extraction.cc:316]   GPS:             LAT=40.523, LON=-111.893, ALT=1412.714
2026-05-18T22:13:46 COLMAP[feature_extractor] I20260518 22:13:46.626230    82 feature_extraction.cc:323]   Gravity:         X=0.000, Y=1.000, Z=0.000
2026-05-18T22:13:50 COLMAP[feature_extractor] I20260518 22:13:49.990564    82 feature_extraction.cc:280] Processed file [1277/1710]
2026-05-18T22:13:50 COLMAP[feature_extractor] I20260518 22:13:49.990614    82 feature_extraction.cc:283]   Name:            DJI_01278.JPG
2026-05-18T22:13:50 COLMAP[feature_extractor] I20260518 22:13:49.990626    82 feature_extraction.cc:292]   Dimensions:      4000 x 2250
2026-05-18T22:13:50 COLMAP[feature_extractor] I20260518 22:13:49.990638    82 feature_extraction.cc:295]   Camera:          #1 - SIMPLE_RADIAL
2026-05-18T22:13:50 COLMAP[feature_extractor] I20260518 22:13:49.990649    82 feature_extraction.cc:298]   Focal Length:    2545.54px (Prior)
2026-05-18T22:13:50 COLMAP[feature_extractor] I20260518 22:13:49.990664    82 feature_extraction.cc:302]   Features:        8899 (SIFT)
2026-05-18T22:13:50 COLMAP[feature_extractor] I20260518 22:13:50.241953    82 feature_extraction.cc:316]   GPS:             LAT=40.523, LON=-111.893, ALT=1414.014
2026-05-18T22:13:50 COLMAP[feature_extractor] I20260518 22:13:50.242007    82 feature_extraction.cc:323]   Gravity:         X=0.000, Y=1.000, Z=0.000
2026-05-18T22:13:50 COLMAP[feature_extractor] I20260518 22:13:50.244695    82 feature_extraction.cc:280] Processed file [1278/1710]
2026-05-18T22:13:50 COLMAP[feature_extractor] I20260518 22:13:50.244730    82 feature_extraction.cc:283]   Name:            DJI_01277.JPG
2026-05-18T22:13:50 COLMAP[feature_extractor] I20260518 22:13:50.244741    82 feature_extraction.cc:292]   Dimensions:      4000 x 2250
2026-05-18T22:13:50 COLMAP[feature_extractor] I20260518 22:13:50.244752    82 feature_extraction.cc:295]   Camera:          #1 - SIMPLE_RADIAL
2026-05-18T22:13:50 COLMAP[feature_extractor] I20260518 22:13:50.244763    82 feature_extraction.cc:298]   Focal Length:    2545.54px (Prior)
2026-05-18T22:13:50 COLMAP[feature_extractor] I20260518 22:13:50.244776    82 feature_extraction.cc:302]   Features:        10551 (SIFT)
2026-05-18T22:13:50 COLMAP[feature_extractor] I20260518 22:13:50.244817    82 feature_extraction.cc:316]   GPS:             LAT=40.523, LON=-111.893, ALT=1413.414
2026-05-18T22:13:50 COLMAP[feature_extractor] I20260518 22:13:50.244831    82 feature_extraction.cc:323]   Gravity:         X=0.000, Y=1.000, Z=0.000
2026-05-18T22:13:53 COLMAP[feature_extractor] I20260518 22:13:52.946381    82 feature_extraction.cc:280] Processed file [1279/1710]
2026-05-18T22:13:53 COLMAP[feature_extractor] I20260518 22:13:52.946439    82 feature_extraction.cc:283]   Name:            DJI_01279.JPG
2026-05-18T22:13:53 COLMAP[feature_extractor] I20260518 22:13:52.946449    82 feature_extraction.cc:292]   Dimensions:      4000 x 2250
2026-05-18T22:13:53 COLMAP[feature_extractor] I20260518 22:13:52.946460    82 feature_extraction.cc:295]   Camera:          #1 - SIMPLE_RADIAL
2026-05-18T22:13:53 COLMAP[feature_extractor] I20260518 22:13:52.946471    82 feature_extraction.cc:298]   Focal Length:    2545.54px (Prior)
2026-05-18T22:13:53 COLMAP[feature_extractor] I20260518 22:13:52.946487    82 feature_extraction.cc:302]   Features:        8522 (SIFT)
2026-05-18T22:13:53 COLMAP[feature_extractor] I20260518 22:13:53.148671    82 feature_extraction.cc:316]   GPS:             LAT=40.523, LON=-111.893, ALT=1414.014
2026-05-18T22:13:53 COLMAP[feature_extractor] I20260518 22:13:53.148729    82 feature_extraction.cc:323]   Gravity:         X=0.000, Y=1.000, Z=0.000
2026-05-18T22:13:55 COLMAP[feature_extractor] I20260518 22:13:55.667405    82 feature_extraction.cc:280] Processed file [1280/1710]
2026-05-18T22:13:55 COLMAP[feature_extractor] I20260518 22:13:55.667461    82 feature_extraction.cc:283]   Name:            DJI_01280.JPG
2026-05-18T22:13:55 COLMAP[feature_extractor] I20260518 22:13:55.667474    82 feature_extraction.cc:292]   Dimensions:      4000 x 2250
2026-05-18T22:13:55 COLMAP[feature_extractor] I20260518 22:13:55.667484    82 feature_extraction.cc:295]   Camera:          #1 - SIMPLE_RADIAL
2026-05-18T22:13:55 COLMAP[feature_extractor] I20260518 22:13:55.667495    82 feature_extraction.cc:298]   Focal Length:    2545.54px (Prior)
2026-05-18T22:13:55 COLMAP[feature_extractor] I20260518 22:13:55.667511    82 feature_extraction.cc:302]   Features:        14306 (SIFT)
2026-05-18T22:13:56 COLMAP[feature_extractor] I20260518 22:13:55.895304    82 feature_extraction.cc:316]   GPS:             LAT=40.523, LON=-111.893, ALT=1414.114
2026-05-18T22:13:56 COLMAP[feature_extractor] I20260518 22:13:55.895362    82 feature_extraction.cc:323]   Gravity:         X=0.000, Y=1.000, Z=0.000
2026-05-18T22:13:59 COLMAP[feature_extractor] I20260518 22:13:59.185472    82 feature_extraction.cc:280] Processed file [1281/1710]
2026-05-18T22:13:59 COLMAP[feature_extractor] I20260518 22:13:59.185525    82 feature_extraction.cc:283]   Name:            DJI_01281.JPG
2026-05-18T22:13:59 COLMAP[feature_extractor] I20260518 22:13:59.185537    82 feature_extraction.cc:292]   Dimensions:      4000 x 2250
2026-05-18T22:13:59 COLMAP[feature_extractor] I20260518 22:13:59.185549    82 feature_extraction.cc:295]   Camera:          #1 - SIMPLE_RADIAL
2026-05-18T22:13:59 COLMAP[feature_extractor] I20260518 22:13:59.185560    82 feature_extraction.cc:298]   Focal Length:    2545.54px (Prior)
2026-05-18T22:13:59 COLMAP[feature_extractor] I20260518 22:13:59.185576    82 feature_extraction.cc:302]   Features:        13697 (SIFT)
2026-05-18T22:13:59 COLMAP[feature_extractor] I20260518 22:13:59.427302    82 feature_extraction.cc:316]   GPS:             LAT=40.523, LON=-111.893, ALT=1414.514
2026-05-18T22:13:59 COLMAP[feature_extractor] I20260518 22:13:59.427403    82 feature_extraction.cc:323]   Gravity:         X=0.000, Y=1.000, Z=0.000
2026-05-18T22:14:00 COLMAP[feature_extractor] I20260518 22:13:59.777272    82 feature_extraction.cc:280] Processed file [1282/1710]
2026-05-18T22:14:00 COLMAP[feature_extractor] I20260518 22:13:59.777324    82 feature_extraction.cc:283]   Name:            DJI_01282.JPG
2026-05-18T22:14:00 COLMAP[feature_extractor] I20260518 22:13:59.777336    82 feature_extraction.cc:292]   Dimensions:      4000 x 2250
2026-05-18T22:14:00 COLMAP[feature_extractor] I20260518 22:13:59.777354    82 feature_extraction.cc:295]   Camera:          #1 - SIMPLE_RADIAL
2026-05-18T22:14:00 COLMAP[feature_extractor] I20260518 22:13:59.777366    82 feature_extraction.cc:298]   Focal Length:    2545.54px (Prior)
2026-05-18T22:14:00 COLMAP[feature_extractor] I20260518 22:13:59.777382    82 feature_extraction.cc:302]   Features:        11538 (SIFT)
2026-05-18T22:14:00 COLMAP[feature_extractor] I20260518 22:14:00.007783    82 feature_extraction.cc:316]   GPS:             LAT=40.523, LON=-111.893, ALT=1421.114
2026-05-18T22:14:00 COLMAP[feature_extractor] I20260518 22:14:00.007838    82 feature_extraction.cc:323]   Gravity:         X=0.000, Y=1.000, Z=0.000
2026-05-18T22:14:02 COLMAP[feature_extractor] I20260518 22:14:02.307396    82 feature_extraction.cc:280] Processed file [1283/1710]
2026-05-18T22:14:02 COLMAP[feature_extractor] I20260518 22:14:02.307454    82 feature_extraction.cc:283]   Name:            DJI_01283.JPG
2026-05-18T22:14:02 COLMAP[feature_extractor] I20260518 22:14:02.307466    82 feature_extraction.cc:292]   Dimensions:      4000 x 2250
2026-05-18T22:14:02 COLMAP[feature_extractor] I20260518 22:14:02.307477    82 feature_extraction.cc:295]   Camera:          #1 - SIMPLE_RADIAL
2026-05-18T22:14:02 COLMAP[feature_extractor] I20260518 22:14:02.307489    82 feature_extraction.cc:298]   Focal Length:    2545.54px (Prior)
2026-05-18T22:14:02 COLMAP[feature_extractor] I20260518 22:14:02.307505    82 feature_extraction.cc:302]   Features:        10891 (SIFT)
2026-05-18T22:14:02 COLMAP[feature_extractor] I20260518 22:14:02.597896    82 feature_extraction.cc:316]   GPS:             LAT=40.523, LON=-111.893, ALT=1422.214
2026-05-18T22:14:02 COLMAP[feature_extractor] I20260518 22:14:02.597955    82 feature_extraction.cc:323]   Gravity:         X=0.000, Y=1.000, Z=0.000
2026-05-18T22:14:05 COLMAP[feature_extractor] I20260518 22:14:05.158900    82 feature_extraction.cc:280] Processed file [1284/1710]
2026-05-18T22:14:05 COLMAP[feature_extractor] I20260518 22:14:05.158982    82 feature_extraction.cc:283]   Name:            DJI_01284.JPG
2026-05-18T22:14:05 COLMAP[feature_extractor] I20260518 22:14:05.158995    82 feature_extraction.cc:292]   Dimensions:      4000 x 2250
2026-05-18T22:14:05 COLMAP[feature_extractor] I20260518 22:14:05.159006    82 feature_extraction.cc:295]   Camera:          #1 - SIMPLE_RADIAL
2026-05-18T22:14:05 COLMAP[feature_extractor] I20260518 22:14:05.159017    82 feature_extraction.cc:298]   Focal Length:    2545.54px (Prior)
2026-05-18T22:14:05 COLMAP[feature_extractor] I20260518 22:14:05.159034    82 feature_extraction.cc:302]   Features:        10433 (SIFT)
2026-05-18T22:14:05 COLMAP[feature_extractor] I20260518 22:14:05.375005    82 feature_extraction.cc:316]   GPS:             LAT=40.523, LON=-111.893, ALT=1425.714
2026-05-18T22:14:05 COLMAP[feature_extractor] I20260518 22:14:05.375061    82 feature_extraction.cc:323]   Gravity:         X=0.000, Y=1.000, Z=0.000
2026-05-18T22:14:08 COLMAP[feature_extractor] I20260518 22:14:08.278249    82 feature_extraction.cc:280] Processed file [1285/1710]
2026-05-18T22:14:08 COLMAP[feature_extractor] I20260518 22:14:08.278308    82 feature_extraction.cc:283]   Name:            DJI_01285.JPG
2026-05-18T22:14:08 COLMAP[feature_extractor] I20260518 22:14:08.278321    82 feature_extraction.cc:292]   Dimensions:      4000 x 2250
2026-05-18T22:14:08 COLMAP[feature_extractor] I20260518 22:14:08.278332    82 feature_extraction.cc:295]   Camera:          #1 - SIMPLE_RADIAL
2026-05-18T22:14:08 COLMAP[feature_extractor] I20260518 22:14:08.278344    82 feature_extraction.cc:298]   Focal Length:    2545.54px (Prior)
2026-05-18T22:14:08 COLMAP[feature_extractor] I20260518 22:14:08.278359    82 feature_extraction.cc:302]   Features:        10597 (SIFT)
2026-05-18T22:14:08 COLMAP[feature_extractor] I20260518 22:14:08.567593    82 feature_extraction.cc:316]   GPS:             LAT=40.523, LON=-111.893, ALT=1425.514
2026-05-18T22:14:08 COLMAP[feature_extractor] I20260518 22:14:08.567658    82 feature_extraction.cc:323]   Gravity:         X=0.000, Y=1.000, Z=0.000
2026-05-18T22:14:08 COLMAP[feature_extractor] I20260518 22:14:08.890362    82 feature_extraction.cc:280] Processed file [1286/1710]
2026-05-18T22:14:08 COLMAP[feature_extractor] I20260518 22:14:08.890424    82 feature_extraction.cc:283]   Name:            DJI_01286.JPG
2026-05-18T22:14:08 COLMAP[feature_extractor] I20260518 22:14:08.890436    82 feature_extraction.cc:292]   Dimensions:      4000 x 2250
2026-05-18T22:14:08 COLMAP[feature_extractor] I20260518 22:14:08.890447    82 feature_extraction.cc:295]   Camera:          #1 - SIMPLE_RADIAL
2026-05-18T22:14:08 COLMAP[feature_extractor] I20260518 22:14:08.890460    82 feature_extraction.cc:298]   Focal Length:    2545.54px (Prior)
2026-05-18T22:14:08 COLMAP[feature_extractor] I20260518 22:14:08.890475    82 feature_extraction.cc:302]   Features:        10671 (SIFT)
2026-05-18T22:14:10 COLMAP[feature_extractor] I20260518 22:14:09.147418    82 feature_extraction.cc:316]   GPS:             LAT=40.523, LON=-111.893, ALT=1425.714
2026-05-18T22:14:10 COLMAP[feature_extractor] I20260518 22:14:09.147477    82 feature_extraction.cc:323]   Gravity:         X=0.000, Y=1.000, Z=0.000
2026-05-18T22:14:12 COLMAP[feature_extractor] I20260518 22:14:11.667418    82 feature_extraction.cc:280] Processed file [1287/1710]
2026-05-18T22:14:12 COLMAP[feature_extractor] I20260518 22:14:11.667477    82 feature_extraction.cc:283]   Name:            DJI_01287.JPG
2026-05-18T22:14:12 COLMAP[feature_extractor] I20260518 22:14:11.667490    82 feature_extraction.cc:292]   Dimensions:      4000 x 2250
2026-05-18T22:14:12 COLMAP[feature_extractor] I20260518 22:14:11.667501    82 feature_extraction.cc:295]   Camera:          #1 - SIMPLE_RADIAL
2026-05-18T22:14:12 COLMAP[feature_extractor] I20260518 22:14:11.667513    82 feature_extraction.cc:298]   Focal Length:    2545.54px (Prior)
2026-05-18T22:14:12 COLMAP[feature_extractor] I20260518 22:14:11.667529    82 feature_extraction.cc:302]   Features:        10617 (SIFT)
2026-05-18T22:14:12 COLMAP[feature_extractor] I20260518 22:14:11.926816    82 feature_extraction.cc:316]   GPS:             LAT=40.523, LON=-111.893, ALT=1425.614
2026-05-18T22:14:12 COLMAP[feature_extractor] I20260518 22:14:11.926879    82 feature_extraction.cc:323]   Gravity:         X=0.000, Y=1.000, Z=0.000
2026-05-18T22:14:15 COLMAP[feature_extractor] I20260518 22:14:14.515867    82 feature_extraction.cc:280] Processed file [1288/1710]
2026-05-18T22:14:15 COLMAP[feature_extractor] I20260518 22:14:14.515924    82 feature_extraction.cc:283]   Name:            DJI_01288.JPG
2026-05-18T22:14:15 COLMAP[feature_extractor] I20260518 22:14:14.515936    82 feature_extraction.cc:292]   Dimensions:      4000 x 2250
2026-05-18T22:14:15 COLMAP[feature_extractor] I20260518 22:14:14.515947    82 feature_extraction.cc:295]   Camera:          #1 - SIMPLE_RADIAL
2026-05-18T22:14:15 COLMAP[feature_extractor] I20260518 22:14:14.515959    82 feature_extraction.cc:298]   Focal Length:    2545.54px (Prior)
2026-05-18T22:14:15 COLMAP[feature_extractor] I20260518 22:14:14.515974    82 feature_extraction.cc:302]   Features:        10421 (SIFT)
2026-05-18T22:14:15 COLMAP[feature_extractor] I20260518 22:14:14.695537    82 feature_extraction.cc:316]   GPS:             LAT=40.523, LON=-111.893, ALT=1425.714
2026-05-18T22:14:15 COLMAP[feature_extractor] I20260518 22:14:14.695592    82 feature_extraction.cc:323]   Gravity:         X=0.000, Y=1.000, Z=0.000
2026-05-18T22:14:17 COLMAP[feature_extractor] I20260518 22:14:17.484622    82 feature_extraction.cc:280] Processed file [1289/1710]
2026-05-18T22:14:17 COLMAP[feature_extractor] I20260518 22:14:17.484680    82 feature_extraction.cc:283]   Name:            DJI_01289.JPG
2026-05-18T22:14:17 COLMAP[feature_extractor] I20260518 22:14:17.484692    82 feature_extraction.cc:292]   Dimensions:      4000 x 2250
2026-05-18T22:14:17 COLMAP[feature_extractor] I20260518 22:14:17.484704    82 feature_extraction.cc:295]   Camera:          #1 - SIMPLE_RADIAL
2026-05-18T22:14:17 COLMAP[feature_extractor] I20260518 22:14:17.484745    82 feature_extraction.cc:298]   Focal Length:    2545.54px (Prior)
2026-05-18T22:14:17 COLMAP[feature_extractor] I20260518 22:14:17.484762    82 feature_extraction.cc:302]   Features:        8915 (SIFT)
2026-05-18T22:14:19 COLMAP[feature_extractor] I20260518 22:14:17.680660    82 feature_extraction.cc:316]   GPS:             LAT=40.523, LON=-111.893, ALT=1425.614
2026-05-18T22:14:19 COLMAP[feature_extractor] I20260518 22:14:17.680714    82 feature_extraction.cc:323]   Gravity:         X=0.000, Y=1.000, Z=0.000
2026-05-18T22:14:19 COLMAP[feature_extractor] I20260518 22:14:18.047029    82 feature_extraction.cc:280] Processed file [1290/1710]
2026-05-18T22:14:19 COLMAP[feature_extractor] I20260518 22:14:18.047086    82 feature_extraction.cc:283]   Name:            DJI_01290.JPG
2026-05-18T22:14:19 COLMAP[feature_extractor] I20260518 22:14:18.047097    82 feature_extraction.cc:292]   Dimensions:      4000 x 2250
2026-05-18T22:14:19 COLMAP[feature_extractor] I20260518 22:14:18.047108    82 feature_extraction.cc:295]   Camera:          #1 - SIMPLE_RADIAL
2026-05-18T22:14:19 COLMAP[feature_extractor] I20260518 22:14:18.047119    82 feature_extraction.cc:298]   Focal Length:    2545.54px (Prior)
2026-05-18T22:14:19 COLMAP[feature_extractor] I20260518 22:14:18.047135    82 feature_extraction.cc:302]   Features:        8897 (SIFT)
2026-05-18T22:14:19 COLMAP[feature_extractor] I20260518 22:14:18.225569    82 feature_extraction.cc:316]   GPS:             LAT=40.523, LON=-111.893, ALT=1425.614
2026-05-18T22:14:19 COLMAP[feature_extractor] I20260518 22:14:18.225618    82 feature_extraction.cc:323]   Gravity:         X=0.000, Y=1.000, Z=0.000
2026-05-18T22:14:22 COLMAP[feature_extractor] I20260518 22:14:20.943913    82 feature_extraction.cc:280] Processed file [1291/1710]
2026-05-18T22:14:22 COLMAP[feature_extractor] I20260518 22:14:20.943967    82 feature_extraction.cc:283]   Name:            DJI_01291.JPG
2026-05-18T22:14:22 COLMAP[feature_extractor] I20260518 22:14:20.943980    82 feature_extraction.cc:292]   Dimensions:      4000 x 2250
2026-05-18T22:14:22 COLMAP[feature_extractor] I20260518 22:14:20.943991    82 feature_extraction.cc:295]   Camera:          #1 - SIMPLE_RADIAL
2026-05-18T22:14:22 COLMAP[feature_extractor] I20260518 22:14:20.944003    82 feature_extraction.cc:298]   Focal Length:    2545.54px (Prior)
2026-05-18T22:14:22 COLMAP[feature_extractor] I20260518 22:14:20.944020    82 feature_extraction.cc:302]   Features:        8933 (SIFT)
2026-05-18T22:14:22 COLMAP[feature_extractor] I20260518 22:14:21.173480    82 feature_extraction.cc:316]   GPS:             LAT=40.523, LON=-111.893, ALT=1425.414
2026-05-18T22:14:22 COLMAP[feature_extractor] I20260518 22:14:21.173537    82 feature_extraction.cc:323]   Gravity:         X=0.000, Y=1.000, Z=0.000
2026-05-18T22:14:24 COLMAP[feature_extractor] I20260518 22:14:23.806705    82 feature_extraction.cc:280] Processed file [1292/1710]
2026-05-18T22:14:24 COLMAP[feature_extractor] I20260518 22:14:23.806763    82 feature_extraction.cc:283]   Name:            DJI_01292.JPG
2026-05-18T22:14:24 COLMAP[feature_extractor] I20260518 22:14:23.806777    82 feature_extraction.cc:292]   Dimensions:      4000 x 2250
2026-05-18T22:14:24 COLMAP[feature_extractor] I20260518 22:14:23.806785    82 feature_extraction.cc:295]   Camera:          #1 - SIMPLE_RADIAL
2026-05-18T22:14:24 COLMAP[feature_extractor] I20260518 22:14:23.806795    82 feature_extraction.cc:298]   Focal Length:    2545.54px (Prior)
2026-05-18T22:14:24 COLMAP[feature_extractor] I20260518 22:14:23.806810    82 feature_extraction.cc:302]   Features:        9335 (SIFT)
2026-05-18T22:14:24 COLMAP[feature_extractor] I20260518 22:14:24.028687    82 feature_extraction.cc:316]   GPS:             LAT=40.523, LON=-111.892, ALT=1425.614
2026-05-18T22:14:24 COLMAP[feature_extractor] I20260518 22:14:24.028743    82 feature_extraction.cc:323]   Gravity:         X=0.000, Y=1.000, Z=0.000
2026-05-18T22:14:26 COLMAP[feature_extractor] I20260518 22:14:26.631459    82 feature_extraction.cc:280] Processed file [1293/1710]
2026-05-18T22:14:26 COLMAP[feature_extractor] I20260518 22:14:26.631517    82 feature_extraction.cc:283]   Name:            DJI_01293.JPG
2026-05-18T22:14:26 COLMAP[feature_extractor] I20260518 22:14:26.631529    82 feature_extraction.cc:292]   Dimensions:      4000 x 2250
2026-05-18T22:14:26 COLMAP[feature_extractor] I20260518 22:14:26.631541    82 feature_extraction.cc:295]   Camera:          #1 - SIMPLE_RADIAL
2026-05-18T22:14:26 COLMAP[feature_extractor] I20260518 22:14:26.631551    82 feature_extraction.cc:298]   Focal Length:    2545.54px (Prior)
2026-05-18T22:14:26 COLMAP[feature_extractor] I20260518 22:14:26.631567    82 feature_extraction.cc:302]   Features:        8746 (SIFT)
2026-05-18T22:14:27 COLMAP[feature_extractor] I20260518 22:14:26.866073    82 feature_extraction.cc:316]   GPS:             LAT=40.523, LON=-111.892, ALT=1425.914
2026-05-18T22:14:27 COLMAP[feature_extractor] I20260518 22:14:26.866124    82 feature_extraction.cc:323]   Gravity:         X=0.000, Y=1.000, Z=0.000
2026-05-18T22:14:27 COLMAP[feature_extractor] I20260518 22:14:27.196507    82 feature_extraction.cc:280] Processed file [1294/1710]
2026-05-18T22:14:27 COLMAP[feature_extractor] I20260518 22:14:27.196557    82 feature_extraction.cc:283]   Name:            DJI_01294.JPG
2026-05-18T22:14:27 COLMAP[feature_extractor] I20260518 22:14:27.196569    82 feature_extraction.cc:292]   Dimensions:      4000 x 2250
2026-05-18T22:14:27 COLMAP[feature_extractor] I20260518 22:14:27.196580    82 feature_extraction.cc:295]   Camera:          #1 - SIMPLE_RADIAL
2026-05-18T22:14:27 COLMAP[feature_extractor] I20260518 22:14:27.196591    82 feature_extraction.cc:298]   Focal Length:    2545.54px (Prior)
2026-05-18T22:14:27 COLMAP[feature_extractor] I20260518 22:14:27.196607    82 feature_extraction.cc:302]   Features:        8746 (SIFT)
2026-05-18T22:14:27 COLMAP[feature_extractor] I20260518 22:14:27.457566    82 feature_extraction.cc:316]   GPS:             LAT=40.523, LON=-111.892, ALT=1425.614
2026-05-18T22:14:27 COLMAP[feature_extractor] I20260518 22:14:27.457648    82 feature_extraction.cc:323]   Gravity:         X=0.000, Y=1.000, Z=0.000
2026-05-18T22:14:31 COLMAP[feature_extractor] I20260518 22:14:30.235097    82 feature_extraction.cc:280] Processed file [1295/1710]
2026-05-18T22:14:31 COLMAP[feature_extractor] I20260518 22:14:30.235153    82 feature_extraction.cc:283]   Name:            DJI_01295.JPG
2026-05-18T22:14:31 COLMAP[feature_extractor] I20260518 22:14:30.235165    82 feature_extraction.cc:292]   Dimensions:      4000 x 2250
2026-05-18T22:14:31 COLMAP[feature_extractor] I20260518 22:14:30.235176    82 feature_extraction.cc:295]   Camera:          #1 - SIMPLE_RADIAL
2026-05-18T22:14:31 COLMAP[feature_extractor] I20260518 22:14:30.235188    82 feature_extraction.cc:298]   Focal Length:    2545.54px (Prior)
2026-05-18T22:14:31 COLMAP[feature_extractor] I20260518 22:14:30.235204    82 feature_extraction.cc:302]   Features:        8555 (SIFT)
2026-05-18T22:14:31 COLMAP[feature_extractor] I20260518 22:14:30.531018    82 feature_extraction.cc:316]   GPS:             LAT=40.523, LON=-111.892, ALT=1425.814
2026-05-18T22:14:31 COLMAP[feature_extractor] I20260518 22:14:30.531080    82 feature_extraction.cc:323]   Gravity:         X=0.000, Y=1.000, Z=0.000
2026-05-18T22:14:34 COLMAP[feature_extractor] I20260518 22:14:33.108469    82 feature_extraction.cc:280] Processed file [1296/1710]
2026-05-18T22:14:34 COLMAP[feature_extractor] I20260518 22:14:33.108523    82 feature_extraction.cc:283]   Name:            DJI_01296.JPG
2026-05-18T22:14:34 COLMAP[feature_extractor] I20260518 22:14:33.108536    82 feature_extraction.cc:292]   Dimensions:      4000 x 2250
2026-05-18T22:14:34 COLMAP[feature_extractor] I20260518 22:14:33.108546    82 feature_extraction.cc:295]   Camera:          #1 - SIMPLE_RADIAL
2026-05-18T22:14:34 COLMAP[feature_extractor] I20260518 22:14:33.108557    82 feature_extraction.cc:298]   Focal Length:    2545.54px (Prior)
2026-05-18T22:14:34 COLMAP[feature_extractor] I20260518 22:14:33.108572    82 feature_extraction.cc:302]   Features:        8728 (SIFT)
2026-05-18T22:14:34 COLMAP[feature_extractor] I20260518 22:14:33.331749    82 feature_extraction.cc:316]   GPS:             LAT=40.523, LON=-111.892, ALT=1425.514
2026-05-18T22:14:34 COLMAP[feature_extractor] I20260518 22:14:33.331804    82 feature_extraction.cc:323]   Gravity:         X=0.000, Y=1.000, Z=0.000
2026-05-18T22:14:36 COLMAP[feature_extractor] I20260518 22:14:35.944936    82 feature_extraction.cc:280] Processed file [1297/1710]
2026-05-18T22:14:36 COLMAP[feature_extractor] I20260518 22:14:35.945027    82 feature_extraction.cc:283]   Name:            DJI_01297.JPG
2026-05-18T22:14:36 COLMAP[feature_extractor] I20260518 22:14:35.945041    82 feature_extraction.cc:292]   Dimensions:      4000 x 2250
2026-05-18T22:14:36 COLMAP[feature_extractor] I20260518 22:14:35.945052    82 feature_extraction.cc:295]   Camera:          #1 - SIMPLE_RADIAL
2026-05-18T22:14:36 COLMAP[feature_extractor] I20260518 22:14:35.945063    82 feature_extraction.cc:298]   Focal Length:    2545.54px (Prior)
2026-05-18T22:14:36 COLMAP[feature_extractor] I20260518 22:14:35.945079    82 feature_extraction.cc:302]   Features:        8550 (SIFT)
2026-05-18T22:14:36 COLMAP[feature_extractor] I20260518 22:14:36.168171    82 feature_extraction.cc:316]   GPS:             LAT=40.523, LON=-111.892, ALT=1425.814
2026-05-18T22:14:36 COLMAP[feature_extractor] I20260518 22:14:36.168228    82 feature_extraction.cc:323]   Gravity:         X=0.000, Y=1.000, Z=0.000
2026-05-18T22:14:37 COLMAP[feature_extractor] I20260518 22:14:36.460031    82 feature_extraction.cc:280] Processed file [1298/1710]
2026-05-18T22:14:37 COLMAP[feature_extractor] I20260518 22:14:36.460094    82 feature_extraction.cc:283]   Name:            DJI_01298.JPG
2026-05-18T22:14:37 COLMAP[feature_extractor] I20260518 22:14:36.460106    82 feature_extraction.cc:292]   Dimensions:      4000 x 2250
2026-05-18T22:14:37 COLMAP[feature_extractor] I20260518 22:14:36.460117    82 feature_extraction.cc:295]   Camera:          #1 - SIMPLE_RADIAL
2026-05-18T22:14:37 COLMAP[feature_extractor] I20260518 22:14:36.460129    82 feature_extraction.cc:298]   Focal Length:    2545.54px (Prior)
2026-05-18T22:14:37 COLMAP[feature_extractor] I20260518 22:14:36.460143    82 feature_extraction.cc:302]   Features:        9384 (SIFT)
2026-05-18T22:14:37 COLMAP[feature_extractor] I20260518 22:14:36.660322    82 feature_extraction.cc:316]   GPS:             LAT=40.523, LON=-111.892, ALT=1425.914
2026-05-18T22:14:37 COLMAP[feature_extractor] I20260518 22:14:36.660384    82 feature_extraction.cc:323]   Gravity:         X=0.000, Y=1.000, Z=0.000
2026-05-18T22:14:42 COLMAP[feature_extractor] I20260518 22:14:39.575428    82 feature_extraction.cc:280] Processed file [1299/1710]
2026-05-18T22:14:42 COLMAP[feature_extractor] I20260518 22:14:39.575496    82 feature_extraction.cc:283]   Name:            DJI_01299.JPG
2026-05-18T22:14:42 COLMAP[feature_extractor] I20260518 22:14:39.575510    82 feature_extraction.cc:292]   Dimensions:      4000 x 2250
2026-05-18T22:14:42 COLMAP[feature_extractor] I20260518 22:14:39.575521    82 feature_extraction.cc:295]   Camera:          #1 - SIMPLE_RADIAL
2026-05-18T22:14:42 COLMAP[feature_extractor] I20260518 22:14:39.575532    82 feature_extraction.cc:298]   Focal Length:    2545.54px (Prior)
2026-05-18T22:14:42 COLMAP[feature_extractor] I20260518 22:14:39.575548    82 feature_extraction.cc:302]   Features:        9013 (SIFT)
2026-05-18T22:14:42 COLMAP[feature_extractor] I20260518 22:14:39.818681    82 feature_extraction.cc:316]   GPS:             LAT=40.523, LON=-111.892, ALT=1425.714
2026-05-18T22:14:42 COLMAP[feature_extractor] I20260518 22:14:39.818739    82 feature_extraction.cc:323]   Gravity:         X=0.000, Y=1.000, Z=0.000
2026-05-18T22:14:42 COLMAP[feature_extractor] I20260518 22:14:42.213215    82 feature_extraction.cc:280] Processed file [1300/1710]
2026-05-18T22:14:42 COLMAP[feature_extractor] I20260518 22:14:42.213271    82 feature_extraction.cc:283]   Name:            DJI_01300.JPG
2026-05-18T22:14:42 COLMAP[feature_extractor] I20260518 22:14:42.213284    82 feature_extraction.cc:292]   Dimensions:      4000 x 2250
2026-05-18T22:14:42 COLMAP[feature_extractor] I20260518 22:14:42.213294    82 feature_extraction.cc:295]   Camera:          #1 - SIMPLE_RADIAL
2026-05-18T22:14:42 COLMAP[feature_extractor] I20260518 22:14:42.213305    82 feature_extraction.cc:298]   Focal Length:    2545.54px (Prior)
2026-05-18T22:14:42 COLMAP[feature_extractor] I20260518 22:14:42.213321    82 feature_extraction.cc:302]   Features:        9217 (SIFT)
2026-05-18T22:14:43 COLMAP[feature_extractor] I20260518 22:14:42.602871    82 feature_extraction.cc:316]   GPS:             LAT=40.523, LON=-111.892, ALT=1425.714
2026-05-18T22:14:43 COLMAP[feature_extractor] I20260518 22:14:42.602932    82 feature_extraction.cc:323]   Gravity:         X=0.000, Y=1.000, Z=0.000
2026-05-18T22:14:45 COLMAP[feature_extractor] I20260518 22:14:44.993083    82 feature_extraction.cc:280] Processed file [1301/1710]
2026-05-18T22:14:45 COLMAP[feature_extractor] I20260518 22:14:44.993134    82 feature_extraction.cc:283]   Name:            DJI_01301.JPG
2026-05-18T22:14:45 COLMAP[feature_extractor] I20260518 22:14:44.993147    82 feature_extraction.cc:292]   Dimensions:      4000 x 2250
2026-05-18T22:14:45 COLMAP[feature_extractor] I20260518 22:14:44.993157    82 feature_extraction.cc:295]   Camera:          #1 - SIMPLE_RADIAL
2026-05-18T22:14:45 COLMAP[feature_extractor] I20260518 22:14:44.993170    82 feature_extraction.cc:298]   Focal Length:    2545.54px (Prior)
2026-05-18T22:14:45 COLMAP[feature_extractor] I20260518 22:14:44.993185    82 feature_extraction.cc:302]   Features:        9293 (SIFT)
2026-05-18T22:14:45 COLMAP[feature_extractor] I20260518 22:14:45.238986    82 feature_extraction.cc:316]   GPS:             LAT=40.523, LON=-111.892, ALT=1425.814
2026-05-18T22:14:45 COLMAP[feature_extractor] I20260518 22:14:45.239037    82 feature_extraction.cc:323]   Gravity:         X=0.000, Y=1.000, Z=0.000
2026-05-18T22:14:46 COLMAP[feature_extractor] I20260518 22:14:45.680272    82 feature_extraction.cc:280] Processed file [1302/1710]
2026-05-18T22:14:46 COLMAP[feature_extractor] I20260518 22:14:45.680330    82 feature_extraction.cc:283]   Name:            DJI_01302.JPG
2026-05-18T22:14:46 COLMAP[feature_extractor] I20260518 22:14:45.680341    82 feature_extraction.cc:292]   Dimensions:      4000 x 2250
2026-05-18T22:14:46 COLMAP[feature_extractor] I20260518 22:14:45.680351    82 feature_extraction.cc:295]   Camera:          #1 - SIMPLE_RADIAL
2026-05-18T22:14:46 COLMAP[feature_extractor] I20260518 22:14:45.680395    82 feature_extraction.cc:298]   Focal Length:    2545.54px (Prior)
2026-05-18T22:14:46 COLMAP[feature_extractor] I20260518 22:14:45.680411    82 feature_extraction.cc:302]   Features:        8893 (SIFT)
2026-05-18T22:14:46 COLMAP[feature_extractor] I20260518 22:14:45.890336    82 feature_extraction.cc:316]   GPS:             LAT=40.523, LON=-111.892, ALT=1425.914
2026-05-18T22:14:46 COLMAP[feature_extractor] I20260518 22:14:45.890398    82 feature_extraction.cc:323]   Gravity:         X=0.000, Y=1.000, Z=0.000
2026-05-18T22:14:49 COLMAP[feature_extractor] I20260518 22:14:48.902690    82 feature_extraction.cc:280] Processed file [1303/1710]
2026-05-18T22:14:49 COLMAP[feature_extractor] I20260518 22:14:48.902745    82 feature_extraction.cc:283]   Name:            DJI_01303.JPG
2026-05-18T22:14:49 COLMAP[feature_extractor] I20260518 22:14:48.902757    82 feature_extraction.cc:292]   Dimensions:      4000 x 2250
2026-05-18T22:14:49 COLMAP[feature_extractor] I20260518 22:14:48.902768    82 feature_extraction.cc:295]   Camera:          #1 - SIMPLE_RADIAL
2026-05-18T22:14:49 COLMAP[feature_extractor] I20260518 22:14:48.902779    82 feature_extraction.cc:298]   Focal Length:    2545.54px (Prior)
2026-05-18T22:14:49 COLMAP[feature_extractor] I20260518 22:14:48.902796    82 feature_extraction.cc:302]   Features:        8928 (SIFT)
2026-05-18T22:14:49 COLMAP[feature_extractor] I20260518 22:14:49.207718    82 feature_extraction.cc:316]   GPS:             LAT=40.523, LON=-111.892, ALT=1425.314
2026-05-18T22:14:49 COLMAP[feature_extractor] I20260518 22:14:49.207772    82 feature_extraction.cc:323]   Gravity:         X=0.000, Y=1.000, Z=0.000
2026-05-18T22:14:51 COLMAP[feature_extractor] I20260518 22:14:51.336509    82 feature_extraction.cc:280] Processed file [1304/1710]
2026-05-18T22:14:51 COLMAP[feature_extractor] I20260518 22:14:51.336563    82 feature_extraction.cc:283]   Name:            DJI_01304.JPG
2026-05-18T22:14:51 COLMAP[feature_extractor] I20260518 22:14:51.336575    82 feature_extraction.cc:292]   Dimensions:      4000 x 2250
2026-05-18T22:14:51 COLMAP[feature_extractor] I20260518 22:14:51.336586    82 feature_extraction.cc:295]   Camera:          #1 - SIMPLE_RADIAL
2026-05-18T22:14:51 COLMAP[feature_extractor] I20260518 22:14:51.336597    82 feature_extraction.cc:298]   Focal Length:    2545.54px (Prior)
2026-05-18T22:14:51 COLMAP[feature_extractor] I20260518 22:14:51.336613    82 feature_extraction.cc:302]   Features:        9003 (SIFT)
2026-05-18T22:14:51 COLMAP[feature_extractor] I20260518 22:14:51.522323    82 feature_extraction.cc:316]   GPS:             LAT=40.523, LON=-111.892, ALT=1424.914
2026-05-18T22:14:51 COLMAP[feature_extractor] I20260518 22:14:51.522373    82 feature_extraction.cc:323]   Gravity:         X=0.000, Y=1.000, Z=0.000
2026-05-18T22:14:54 COLMAP[feature_extractor] I20260518 22:14:54.147401    82 feature_extraction.cc:280] Processed file [1305/1710]
2026-05-18T22:14:54 COLMAP[feature_extractor] I20260518 22:14:54.147454    82 feature_extraction.cc:283]   Name:            DJI_01305.JPG
2026-05-18T22:14:54 COLMAP[feature_extractor] I20260518 22:14:54.147466    82 feature_extraction.cc:292]   Dimensions:      4000 x 2250
2026-05-18T22:14:54 COLMAP[feature_extractor] I20260518 22:14:54.147476    82 feature_extraction.cc:295]   Camera:          #1 - SIMPLE_RADIAL
2026-05-18T22:14:54 COLMAP[feature_extractor] I20260518 22:14:54.147488    82 feature_extraction.cc:298]   Focal Length:    2545.54px (Prior)
2026-05-18T22:14:54 COLMAP[feature_extractor] I20260518 22:14:54.147504    82 feature_extraction.cc:302]   Features:        9491 (SIFT)
2026-05-18T22:14:54 COLMAP[feature_extractor] I20260518 22:14:54.379513    82 feature_extraction.cc:316]   GPS:             LAT=40.523, LON=-111.892, ALT=1425.314
2026-05-18T22:14:54 COLMAP[feature_extractor] I20260518 22:14:54.379567    82 feature_extraction.cc:323]   Gravity:         X=0.000, Y=1.000, Z=0.000
2026-05-18T22:14:55 COLMAP[feature_extractor] I20260518 22:14:55.017068    82 feature_extraction.cc:280] Processed file [1306/1710]
2026-05-18T22:14:55 COLMAP[feature_extractor] I20260518 22:14:55.017127    82 feature_extraction.cc:283]   Name:            DJI_01306.JPG
2026-05-18T22:14:55 COLMAP[feature_extractor] I20260518 22:14:55.017138    82 feature_extraction.cc:292]   Dimensions:      4000 x 2250
2026-05-18T22:14:55 COLMAP[feature_extractor] I20260518 22:14:55.017148    82 feature_extraction.cc:295]   Camera:          #1 - SIMPLE_RADIAL
2026-05-18T22:14:55 COLMAP[feature_extractor] I20260518 22:14:55.017158    82 feature_extraction.cc:298]   Focal Length:    2545.54px (Prior)
2026-05-18T22:14:55 COLMAP[feature_extractor] I20260518 22:14:55.017172    82 feature_extraction.cc:302]   Features:        9448 (SIFT)
2026-05-18T22:14:55 COLMAP[feature_extractor] I20260518 22:14:55.234045    82 feature_extraction.cc:316]   GPS:             LAT=40.523, LON=-111.892, ALT=1424.914
2026-05-18T22:14:55 COLMAP[feature_extractor] I20260518 22:14:55.234102    82 feature_extraction.cc:323]   Gravity:         X=0.000, Y=1.000, Z=0.000
2026-05-18T22:14:59 COLMAP[feature_extractor] I20260518 22:14:58.239462    82 feature_extraction.cc:280] Processed file [1307/1710]
2026-05-18T22:14:59 COLMAP[feature_extractor] I20260518 22:14:58.239516    82 feature_extraction.cc:283]   Name:            DJI_01307.JPG
2026-05-18T22:14:59 COLMAP[feature_extractor] I20260518 22:14:58.239527    82 feature_extraction.cc:292]   Dimensions:      4000 x 2250
2026-05-18T22:14:59 COLMAP[feature_extractor] I20260518 22:14:58.239538    82 feature_extraction.cc:295]   Camera:          #1 - SIMPLE_RADIAL
2026-05-18T22:14:59 COLMAP[feature_extractor] I20260518 22:14:58.239549    82 feature_extraction.cc:298]   Focal Length:    2545.54px (Prior)
2026-05-18T22:14:59 COLMAP[feature_extractor] I20260518 22:14:58.239565    82 feature_extraction.cc:302]   Features:        8410 (SIFT)
2026-05-18T22:14:59 COLMAP[feature_extractor] I20260518 22:14:58.444361    82 feature_extraction.cc:316]   GPS:             LAT=40.523, LON=-111.892, ALT=1435.014
2026-05-18T22:14:59 COLMAP[feature_extractor] I20260518 22:14:58.444451    82 feature_extraction.cc:323]   Gravity:         X=0.000, Y=1.000, Z=0.000
2026-05-18T22:15:01 COLMAP[feature_extractor] I20260518 22:15:00.656529    82 feature_extraction.cc:280] Processed file [1308/1710]
2026-05-18T22:15:01 COLMAP[feature_extractor] I20260518 22:15:00.656582    82 feature_extraction.cc:283]   Name:            DJI_01308.JPG
2026-05-18T22:15:01 COLMAP[feature_extractor] I20260518 22:15:00.656594    82 feature_extraction.cc:292]   Dimensions:      4000 x 2250
2026-05-18T22:15:01 COLMAP[feature_extractor] I20260518 22:15:00.656605    82 feature_extraction.cc:295]   Camera:          #1 - SIMPLE_RADIAL
2026-05-18T22:15:01 COLMAP[feature_extractor] I20260518 22:15:00.656616    82 feature_extraction.cc:298]   Focal Length:    2545.54px (Prior)
2026-05-18T22:15:01 COLMAP[feature_extractor] I20260518 22:15:00.656632    82 feature_extraction.cc:302]   Features:        8204 (SIFT)
2026-05-18T22:15:01 COLMAP[feature_extractor] I20260518 22:15:00.934612    82 feature_extraction.cc:316]   GPS:             LAT=40.523, LON=-111.892, ALT=1435.114
2026-05-18T22:15:01 COLMAP[feature_extractor] I20260518 22:15:00.934674    82 feature_extraction.cc:323]   Gravity:         X=0.000, Y=1.000, Z=0.000
2026-05-18T22:15:03 COLMAP[feature_extractor] I20260518 22:15:03.440325    82 feature_extraction.cc:280] Processed file [1309/1710]
2026-05-18T22:15:03 COLMAP[feature_extractor] I20260518 22:15:03.440387    82 feature_extraction.cc:283]   Name:            DJI_01309.JPG
2026-05-18T22:15:03 COLMAP[feature_extractor] I20260518 22:15:03.440402    82 feature_extraction.cc:292]   Dimensions:      4000 x 2250
2026-05-18T22:15:03 COLMAP[feature_extractor] I20260518 22:15:03.440414    82 feature_extraction.cc:295]   Camera:          #1 - SIMPLE_RADIAL
2026-05-18T22:15:03 COLMAP[feature_extractor] I20260518 22:15:03.440428    82 feature_extraction.cc:298]   Focal Length:    2545.54px (Prior)
2026-05-18T22:15:03 COLMAP[feature_extractor] I20260518 22:15:03.440445    82 feature_extraction.cc:302]   Features:        8425 (SIFT)
2026-05-18T22:15:03 COLMAP[feature_extractor] I20260518 22:15:03.679234    82 feature_extraction.cc:316]   GPS:             LAT=40.523, LON=-111.892, ALT=1435.014
2026-05-18T22:15:03 COLMAP[feature_extractor] I20260518 22:15:03.679291    82 feature_extraction.cc:323]   Gravity:         X=0.000, Y=1.000, Z=0.000
2026-05-18T22:15:04 COLMAP[feature_extractor] I20260518 22:15:04.418808    82 feature_extraction.cc:280] Processed file [1310/1710]
2026-05-18T22:15:04 COLMAP[feature_extractor] I20260518 22:15:04.418866    82 feature_extraction.cc:283]   Name:            DJI_01310.JPG
2026-05-18T22:15:04 COLMAP[feature_extractor] I20260518 22:15:04.418879    82 feature_extraction.cc:292]   Dimensions:      4000 x 2250
2026-05-18T22:15:04 COLMAP[feature_extractor] I20260518 22:15:04.418890    82 feature_extraction.cc:295]   Camera:          #1 - SIMPLE_RADIAL
2026-05-18T22:15:04 COLMAP[feature_extractor] I20260518 22:15:04.418901    82 feature_extraction.cc:298]   Focal Length:    2545.54px (Prior)
2026-05-18T22:15:04 COLMAP[feature_extractor] I20260518 22:15:04.418917    82 feature_extraction.cc:302]   Features:        9891 (SIFT)
2026-05-18T22:15:04 COLMAP[feature_extractor] I20260518 22:15:04.670475    82 feature_extraction.cc:316]   GPS:             LAT=40.523, LON=-111.892, ALT=1435.214
2026-05-18T22:15:04 COLMAP[feature_extractor] I20260518 22:15:04.670526    82 feature_extraction.cc:323]   Gravity:         X=0.000, Y=1.000, Z=0.000
2026-05-18T22:15:07 COLMAP[feature_extractor] I20260518 22:15:07.653093    82 feature_extraction.cc:280] Processed file [1311/1710]
2026-05-18T22:15:07 COLMAP[feature_extractor] I20260518 22:15:07.653172    82 feature_extraction.cc:283]   Name:            DJI_01311.JPG
2026-05-18T22:15:07 COLMAP[feature_extractor] I20260518 22:15:07.653184    82 feature_extraction.cc:292]   Dimensions:      4000 x 2250
2026-05-18T22:15:07 COLMAP[feature_extractor] I20260518 22:15:07.653195    82 feature_extraction.cc:295]   Camera:          #1 - SIMPLE_RADIAL
2026-05-18T22:15:07 COLMAP[feature_extractor] I20260518 22:15:07.653208    82 feature_extraction.cc:298]   Focal Length:    2545.54px (Prior)
2026-05-18T22:15:07 COLMAP[feature_extractor] I20260518 22:15:07.653223    82 feature_extraction.cc:302]   Features:        9866 (SIFT)
2026-05-18T22:15:11 COLMAP[feature_extractor] I20260518 22:15:07.964354    82 feature_extraction.cc:316]   GPS:             LAT=40.523, LON=-111.892, ALT=1434.914
2026-05-18T22:15:11 COLMAP[feature_extractor] I20260518 22:15:07.964421    82 feature_extraction.cc:323]   Gravity:         X=0.000, Y=1.000, Z=0.000
2026-05-18T22:15:11 COLMAP[feature_extractor] I20260518 22:15:10.176579    82 feature_extraction.cc:280] Processed file [1312/1710]
2026-05-18T22:15:11 COLMAP[feature_extractor] I20260518 22:15:10.176640    82 feature_extraction.cc:283]   Name:            DJI_01312.JPG
2026-05-18T22:15:11 COLMAP[feature_extractor] I20260518 22:15:10.176651    82 feature_extraction.cc:292]   Dimensions:      4000 x 2250
2026-05-18T22:15:11 COLMAP[feature_extractor] I20260518 22:15:10.176662    82 feature_extraction.cc:295]   Camera:          #1 - SIMPLE_RADIAL
2026-05-18T22:15:11 COLMAP[feature_extractor] I20260518 22:15:10.176674    82 feature_extraction.cc:298]   Focal Length:    2545.54px (Prior)
2026-05-18T22:15:11 COLMAP[feature_extractor] I20260518 22:15:10.176690    82 feature_extraction.cc:302]   Features:        10197 (SIFT)
2026-05-18T22:15:11 COLMAP[feature_extractor] I20260518 22:15:10.398375    82 feature_extraction.cc:316]   GPS:             LAT=40.523, LON=-111.892, ALT=1435.714
2026-05-18T22:15:11 COLMAP[feature_extractor] I20260518 22:15:10.398437    82 feature_extraction.cc:323]   Gravity:         X=0.000, Y=1.000, Z=0.000
2026-05-18T22:15:13 COLMAP[feature_extractor] I20260518 22:15:12.718540    82 feature_extraction.cc:280] Processed file [1313/1710]
2026-05-18T22:15:13 COLMAP[feature_extractor] I20260518 22:15:12.718605    82 feature_extraction.cc:283]   Name:            DJI_01313.JPG
2026-05-18T22:15:13 COLMAP[feature_extractor] I20260518 22:15:12.718617    82 feature_extraction.cc:292]   Dimensions:      4000 x 2250
2026-05-18T22:15:13 COLMAP[feature_extractor] I20260518 22:15:12.718628    82 feature_extraction.cc:295]   Camera:          #1 - SIMPLE_RADIAL
2026-05-18T22:15:13 COLMAP[feature_extractor] I20260518 22:15:12.718640    82 feature_extraction.cc:298]   Focal Length:    2545.54px (Prior)
2026-05-18T22:15:13 COLMAP[feature_extractor] I20260518 22:15:12.718657    82 feature_extraction.cc:302]   Features:        8891 (SIFT)
2026-05-18T22:15:13 COLMAP[feature_extractor] I20260518 22:15:12.931452    82 feature_extraction.cc:316]   GPS:             LAT=40.523, LON=-111.893, ALT=1443.914
2026-05-18T22:15:13 COLMAP[feature_extractor] I20260518 22:15:12.931504    82 feature_extraction.cc:323]   Gravity:         X=0.000, Y=1.000, Z=0.000
2026-05-18T22:15:13 COLMAP[feature_extractor] I20260518 22:15:13.531401    82 feature_extraction.cc:280] Processed file [1314/1710]
2026-05-18T22:15:13 COLMAP[feature_extractor] I20260518 22:15:13.531459    82 feature_extraction.cc:283]   Name:            DJI_01314.JPG
2026-05-18T22:15:13 COLMAP[feature_extractor] I20260518 22:15:13.531471    82 feature_extraction.cc:292]   Dimensions:      4000 x 2250
2026-05-18T22:15:13 COLMAP[feature_extractor] I20260518 22:15:13.531482    82 feature_extraction.cc:295]   Camera:          #1 - SIMPLE_RADIAL
2026-05-18T22:15:13 COLMAP[feature_extractor] I20260518 22:15:13.531493    82 feature_extraction.cc:298]   Focal Length:    2545.54px (Prior)
2026-05-18T22:15:13 COLMAP[feature_extractor] I20260518 22:15:13.531510    82 feature_extraction.cc:302]   Features:        8993 (SIFT)
2026-05-18T22:15:13 COLMAP[feature_extractor] I20260518 22:15:13.843945    82 feature_extraction.cc:316]   GPS:             LAT=40.523, LON=-111.893, ALT=1444.214
2026-05-18T22:15:13 COLMAP[feature_extractor] I20260518 22:15:13.844003    82 feature_extraction.cc:323]   Gravity:         X=0.000, Y=1.000, Z=0.000
2026-05-18T22:15:16 COLMAP[feature_extractor] I20260518 22:15:16.859148    82 feature_extraction.cc:280] Processed file [1315/1710]
2026-05-18T22:15:16 COLMAP[feature_extractor] I20260518 22:15:16.859203    82 feature_extraction.cc:283]   Name:            DJI_01315.JPG
2026-05-18T22:15:16 COLMAP[feature_extractor] I20260518 22:15:16.859216    82 feature_extraction.cc:292]   Dimensions:      4000 x 2250
2026-05-18T22:15:16 COLMAP[feature_extractor] I20260518 22:15:16.859227    82 feature_extraction.cc:295]   Camera:          #1 - SIMPLE_RADIAL
2026-05-18T22:15:16 COLMAP[feature_extractor] I20260518 22:15:16.859238    82 feature_extraction.cc:298]   Focal Length:    2545.54px (Prior)
2026-05-18T22:15:16 COLMAP[feature_extractor] I20260518 22:15:16.859254    82 feature_extraction.cc:302]   Features:        9646 (SIFT)
2026-05-18T22:15:17 COLMAP[feature_extractor] I20260518 22:15:17.200966    82 feature_extraction.cc:316]   GPS:             LAT=40.523, LON=-111.893, ALT=1445.514
2026-05-18T22:15:17 COLMAP[feature_extractor] I20260518 22:15:17.201031    82 feature_extraction.cc:323]   Gravity:         X=0.000, Y=1.000, Z=0.000
2026-05-18T22:15:20 COLMAP[feature_extractor] I20260518 22:15:19.469254    82 feature_extraction.cc:280] Processed file [1316/1710]
2026-05-18T22:15:20 COLMAP[feature_extractor] I20260518 22:15:19.469317    82 feature_extraction.cc:283]   Name:            DJI_01316.JPG
2026-05-18T22:15:20 COLMAP[feature_extractor] I20260518 22:15:19.469332    82 feature_extraction.cc:292]   Dimensions:      4000 x 2250
2026-05-18T22:15:20 COLMAP[feature_extractor] I20260518 22:15:19.469344    82 feature_extraction.cc:295]   Camera:          #1 - SIMPLE_RADIAL
2026-05-18T22:15:20 COLMAP[feature_extractor] I20260518 22:15:19.469399    82 feature_extraction.cc:298]   Focal Length:    2545.54px (Prior)
2026-05-18T22:15:20 COLMAP[feature_extractor] I20260518 22:15:19.469416    82 feature_extraction.cc:302]   Features:        9947 (SIFT)
2026-05-18T22:15:20 COLMAP[feature_extractor] I20260518 22:15:19.778581    82 feature_extraction.cc:316]   GPS:             LAT=40.523, LON=-111.893, ALT=1447.014
2026-05-18T22:15:20 COLMAP[feature_extractor] I20260518 22:15:19.778645    82 feature_extraction.cc:323]   Gravity:         X=0.000, Y=1.000, Z=0.000
2026-05-18T22:15:22 COLMAP[feature_extractor] I20260518 22:15:22.011396    82 feature_extraction.cc:280] Processed file [1317/1710]
2026-05-18T22:15:22 COLMAP[feature_extractor] I20260518 22:15:22.011456    82 feature_extraction.cc:283]   Name:            DJI_01317.JPG
2026-05-18T22:15:22 COLMAP[feature_extractor] I20260518 22:15:22.011468    82 feature_extraction.cc:292]   Dimensions:      4000 x 2250
2026-05-18T22:15:22 COLMAP[feature_extractor] I20260518 22:15:22.011479    82 feature_extraction.cc:295]   Camera:          #1 - SIMPLE_RADIAL
2026-05-18T22:15:22 COLMAP[feature_extractor] I20260518 22:15:22.011490    82 feature_extraction.cc:298]   Focal Length:    2545.54px (Prior)
2026-05-18T22:15:22 COLMAP[feature_extractor] I20260518 22:15:22.011507    82 feature_extraction.cc:302]   Features:        10055 (SIFT)
2026-05-18T22:15:22 COLMAP[feature_extractor] I20260518 22:15:22.287801    82 feature_extraction.cc:316]   GPS:             LAT=40.523, LON=-111.893, ALT=1447.814
2026-05-18T22:15:22 COLMAP[feature_extractor] I20260518 22:15:22.287863    82 feature_extraction.cc:323]   Gravity:         X=0.000, Y=1.000, Z=0.000
2026-05-18T22:15:23 COLMAP[feature_extractor] I20260518 22:15:22.674458    82 feature_extraction.cc:280] Processed file [1318/1710]
2026-05-18T22:15:23 COLMAP[feature_extractor] I20260518 22:15:22.674520    82 feature_extraction.cc:283]   Name:            DJI_01318.JPG
2026-05-18T22:15:23 COLMAP[feature_extractor] I20260518 22:15:22.674532    82 feature_extraction.cc:292]   Dimensions:      4000 x 2250
2026-05-18T22:15:23 COLMAP[feature_extractor] I20260518 22:15:22.674542    82 feature_extraction.cc:295]   Camera:          #1 - SIMPLE_RADIAL
2026-05-18T22:15:23 COLMAP[feature_extractor] I20260518 22:15:22.674554    82 feature_extraction.cc:298]   Focal Length:    2545.54px (Prior)
2026-05-18T22:15:23 COLMAP[feature_extractor] I20260518 22:15:22.674569    82 feature_extraction.cc:302]   Features:        9521 (SIFT)
2026-05-18T22:15:23 COLMAP[feature_extractor] I20260518 22:15:22.917186    82 feature_extraction.cc:316]   GPS:             LAT=40.523, LON=-111.892, ALT=1448.014
2026-05-18T22:15:23 COLMAP[feature_extractor] I20260518 22:15:22.917246    82 feature_extraction.cc:323]   Gravity:         X=0.000, Y=1.000, Z=0.000
2026-05-18T22:15:26 COLMAP[feature_extractor] I20260518 22:15:25.983908    82 feature_extraction.cc:280] Processed file [1319/1710]
2026-05-18T22:15:26 COLMAP[feature_extractor] I20260518 22:15:25.983975    82 feature_extraction.cc:283]   Name:            DJI_01319.JPG
2026-05-18T22:15:26 COLMAP[feature_extractor] I20260518 22:15:25.983989    82 feature_extraction.cc:292]   Dimensions:      4000 x 2250
2026-05-18T22:15:26 COLMAP[feature_extractor] I20260518 22:15:25.984023    82 feature_extraction.cc:295]   Camera:          #1 - SIMPLE_RADIAL
2026-05-18T22:15:26 COLMAP[feature_extractor] I20260518 22:15:25.984035    82 feature_extraction.cc:298]   Focal Length:    2545.54px (Prior)
2026-05-18T22:15:26 COLMAP[feature_extractor] I20260518 22:15:25.984051    82 feature_extraction.cc:302]   Features:        9022 (SIFT)
2026-05-18T22:15:26 COLMAP[feature_extractor] I20260518 22:15:26.198460    82 feature_extraction.cc:316]   GPS:             LAT=40.523, LON=-111.892, ALT=1447.614
2026-05-18T22:15:26 COLMAP[feature_extractor] I20260518 22:15:26.198515    82 feature_extraction.cc:323]   Gravity:         X=0.000, Y=1.000, Z=0.000
2026-05-18T22:15:29 COLMAP[feature_extractor] I20260518 22:15:28.744395    82 feature_extraction.cc:280] Processed file [1320/1710]
2026-05-18T22:15:29 COLMAP[feature_extractor] I20260518 22:15:28.744455    82 feature_extraction.cc:283]   Name:            DJI_01320.JPG
2026-05-18T22:15:29 COLMAP[feature_extractor] I20260518 22:15:28.744467    82 feature_extraction.cc:292]   Dimensions:      4000 x 2250
2026-05-18T22:15:29 COLMAP[feature_extractor] I20260518 22:15:28.744478    82 feature_extraction.cc:295]   Camera:          #1 - SIMPLE_RADIAL
2026-05-18T22:15:29 COLMAP[feature_extractor] I20260518 22:15:28.744489    82 feature_extraction.cc:298]   Focal Length:    2545.54px (Prior)
2026-05-18T22:15:29 COLMAP[feature_extractor] I20260518 22:15:28.744505    82 feature_extraction.cc:302]   Features:        9174 (SIFT)
2026-05-18T22:15:29 COLMAP[feature_extractor] I20260518 22:15:29.005378    82 feature_extraction.cc:316]   GPS:             LAT=40.523, LON=-111.892, ALT=1446.814
2026-05-18T22:15:29 COLMAP[feature_extractor] I20260518 22:15:29.005437    82 feature_extraction.cc:323]   Gravity:         X=0.000, Y=1.000, Z=0.000
2026-05-18T22:15:31 COLMAP[feature_extractor] I20260518 22:15:31.378887    82 feature_extraction.cc:280] Processed file [1321/1710]
2026-05-18T22:15:31 COLMAP[feature_extractor] I20260518 22:15:31.378949    82 feature_extraction.cc:283]   Name:            DJI_01321.JPG
2026-05-18T22:15:31 COLMAP[feature_extractor] I20260518 22:15:31.378961    82 feature_extraction.cc:292]   Dimensions:      4000 x 2250
2026-05-18T22:15:31 COLMAP[feature_extractor] I20260518 22:15:31.378973    82 feature_extraction.cc:295]   Camera:          #1 - SIMPLE_RADIAL
2026-05-18T22:15:31 COLMAP[feature_extractor] I20260518 22:15:31.378984    82 feature_extraction.cc:298]   Focal Length:    2545.54px (Prior)
2026-05-18T22:15:31 COLMAP[feature_extractor] I20260518 22:15:31.379000    82 feature_extraction.cc:302]   Features:        8225 (SIFT)
2026-05-18T22:15:31 COLMAP[feature_extractor] I20260518 22:15:31.601074    82 feature_extraction.cc:316]   GPS:             LAT=40.523, LON=-111.892, ALT=1447.014
2026-05-18T22:15:31 COLMAP[feature_extractor] I20260518 22:15:31.601176    82 feature_extraction.cc:323]   Gravity:         X=0.000, Y=1.000, Z=0.000
2026-05-18T22:15:33 COLMAP[feature_extractor] I20260518 22:15:31.995540    82 feature_extraction.cc:280] Processed file [1322/1710]
2026-05-18T22:15:33 COLMAP[feature_extractor] I20260518 22:15:31.995606    82 feature_extraction.cc:283]   Name:            DJI_01322.JPG
2026-05-18T22:15:33 COLMAP[feature_extractor] I20260518 22:15:31.995620    82 feature_extraction.cc:292]   Dimensions:      4000 x 2250
2026-05-18T22:15:33 COLMAP[feature_extractor] I20260518 22:15:31.995631    82 feature_extraction.cc:295]   Camera:          #1 - SIMPLE_RADIAL
2026-05-18T22:15:33 COLMAP[feature_extractor] I20260518 22:15:31.995643    82 feature_extraction.cc:298]   Focal Length:    2545.54px (Prior)
2026-05-18T22:15:33 COLMAP[feature_extractor] I20260518 22:15:31.995659    82 feature_extraction.cc:302]   Features:        11537 (SIFT)
2026-05-18T22:15:33 COLMAP[feature_extractor] I20260518 22:15:32.193003    82 feature_extraction.cc:316]   GPS:             LAT=40.522, LON=-111.893, ALT=1419.399
2026-05-18T22:15:33 COLMAP[feature_extractor] I20260518 22:15:32.193063    82 feature_extraction.cc:323]   Gravity:         X=0.000, Y=1.000, Z=0.000
2026-05-18T22:15:35 COLMAP[feature_extractor] I20260518 22:15:35.478806    82 feature_extraction.cc:280] Processed file [1323/1710]
2026-05-18T22:15:35 COLMAP[feature_extractor] I20260518 22:15:35.478873    82 feature_extraction.cc:283]   Name:            DJI_01323.JPG
2026-05-18T22:15:35 COLMAP[feature_extractor] I20260518 22:15:35.478886    82 feature_extraction.cc:292]   Dimensions:      4000 x 2250
2026-05-18T22:15:35 COLMAP[feature_extractor] I20260518 22:15:35.478897    82 feature_extraction.cc:295]   Camera:          #1 - SIMPLE_RADIAL
2026-05-18T22:15:35 COLMAP[feature_extractor] I20260518 22:15:35.478909    82 feature_extraction.cc:298]   Focal Length:    2545.54px (Prior)
2026-05-18T22:15:35 COLMAP[feature_extractor] I20260518 22:15:35.478924    82 feature_extraction.cc:302]   Features:        11574 (SIFT)
2026-05-18T22:15:35 COLMAP[feature_extractor] I20260518 22:15:35.606616    82 feature_extraction.cc:316]   GPS:             LAT=40.522, LON=-111.893, ALT=1426.399
2026-05-18T22:15:35 COLMAP[feature_extractor] I20260518 22:15:35.606675    82 feature_extraction.cc:323]   Gravity:         X=0.000, Y=1.000, Z=0.000
2026-05-18T22:15:39 COLMAP[feature_extractor] I20260518 22:15:37.902004    82 feature_extraction.cc:280] Processed file [1324/1710]
2026-05-18T22:15:39 COLMAP[feature_extractor] I20260518 22:15:37.902254    82 feature_extraction.cc:283]   Name:            DJI_01324.JPG
2026-05-18T22:15:39 COLMAP[feature_extractor] I20260518 22:15:37.902483    82 feature_extraction.cc:292]   Dimensions:      4000 x 2250
2026-05-18T22:15:39 COLMAP[feature_extractor] I20260518 22:15:37.902501    82 feature_extraction.cc:295]   Camera:          #1 - SIMPLE_RADIAL
2026-05-18T22:15:39 COLMAP[feature_extractor] I20260518 22:15:37.902513    82 feature_extraction.cc:298]   Focal Length:    2545.54px (Prior)
2026-05-18T22:15:39 COLMAP[feature_extractor] I20260518 22:15:37.903167    82 feature_extraction.cc:302]   Features:        11842 (SIFT)
2026-05-18T22:15:39 COLMAP[feature_extractor] I20260518 22:15:38.155517    82 feature_extraction.cc:316]   GPS:             LAT=40.522, LON=-111.893, ALT=1458.499
2026-05-18T22:15:39 COLMAP[feature_extractor] I20260518 22:15:38.155577    82 feature_extraction.cc:323]   Gravity:         X=0.000, Y=1.000, Z=0.000
2026-05-18T22:15:41 COLMAP[feature_extractor] I20260518 22:15:40.402647    82 feature_extraction.cc:280] Processed file [1325/1710]
2026-05-18T22:15:41 COLMAP[feature_extractor] I20260518 22:15:40.402704    82 feature_extraction.cc:283]   Name:            DJI_01325.JPG
2026-05-18T22:15:41 COLMAP[feature_extractor] I20260518 22:15:40.402716    82 feature_extraction.cc:292]   Dimensions:      4000 x 2250
2026-05-18T22:15:41 COLMAP[feature_extractor] I20260518 22:15:40.402727    82 feature_extraction.cc:295]   Camera:          #1 - SIMPLE_RADIAL
2026-05-18T22:15:41 COLMAP[feature_extractor] I20260518 22:15:40.402738    82 feature_extraction.cc:298]   Focal Length:    2545.54px (Prior)
2026-05-18T22:15:41 COLMAP[feature_extractor] I20260518 22:15:40.402755    82 feature_extraction.cc:302]   Features:        9818 (SIFT)
2026-05-18T22:15:41 COLMAP[feature_extractor] I20260518 22:15:40.781641    82 feature_extraction.cc:316]   GPS:             LAT=40.522, LON=-111.893, ALT=1458.599
2026-05-18T22:15:41 COLMAP[feature_extractor] I20260518 22:15:40.781694    82 feature_extraction.cc:323]   Gravity:         X=0.000, Y=1.000, Z=0.000
2026-05-18T22:15:41 COLMAP[feature_extractor] I20260518 22:15:41.236729    82 feature_extraction.cc:280] Processed file [1326/1710]
2026-05-18T22:15:41 COLMAP[feature_extractor] I20260518 22:15:41.236786    82 feature_extraction.cc:283]   Name:            DJI_01326.JPG
2026-05-18T22:15:41 COLMAP[feature_extractor] I20260518 22:15:41.236799    82 feature_extraction.cc:292]   Dimensions:      4000 x 2250
2026-05-18T22:15:41 COLMAP[feature_extractor] I20260518 22:15:41.236809    82 feature_extraction.cc:295]   Camera:          #1 - SIMPLE_RADIAL
2026-05-18T22:15:41 COLMAP[feature_extractor] I20260518 22:15:41.236820    82 feature_extraction.cc:298]   Focal Length:    2545.54px (Prior)
2026-05-18T22:15:41 COLMAP[feature_extractor] I20260518 22:15:41.236836    82 feature_extraction.cc:302]   Features:        10155 (SIFT)
2026-05-18T22:15:41 COLMAP[feature_extractor] I20260518 22:15:41.437937    82 feature_extraction.cc:316]   GPS:             LAT=40.522, LON=-111.893, ALT=1459.099
2026-05-18T22:15:41 COLMAP[feature_extractor] I20260518 22:15:41.438002    82 feature_extraction.cc:323]   Gravity:         X=0.000, Y=1.000, Z=0.000
2026-05-18T22:15:45 COLMAP[feature_extractor] I20260518 22:15:44.688756    82 feature_extraction.cc:280] Processed file [1327/1710]
2026-05-18T22:15:45 COLMAP[feature_extractor] I20260518 22:15:44.688812    82 feature_extraction.cc:283]   Name:            DJI_01327.JPG
2026-05-18T22:15:45 COLMAP[feature_extractor] I20260518 22:15:44.688823    82 feature_extraction.cc:292]   Dimensions:      4000 x 2250
2026-05-18T22:15:45 COLMAP[feature_extractor] I20260518 22:15:44.688832    82 feature_extraction.cc:295]   Camera:          #1 - SIMPLE_RADIAL
2026-05-18T22:15:45 COLMAP[feature_extractor] I20260518 22:15:44.688843    82 feature_extraction.cc:298]   Focal Length:    2545.54px (Prior)
2026-05-18T22:15:45 COLMAP[feature_extractor] I20260518 22:15:44.688858    82 feature_extraction.cc:302]   Features:        9552 (SIFT)
2026-05-18T22:15:45 COLMAP[feature_extractor] I20260518 22:15:45.020023    82 feature_extraction.cc:316]   GPS:             LAT=40.522, LON=-111.893, ALT=1459.099
2026-05-18T22:15:45 COLMAP[feature_extractor] I20260518 22:15:45.020077    82 feature_extraction.cc:323]   Gravity:         X=0.000, Y=1.000, Z=0.000
2026-05-18T22:15:47 COLMAP[feature_extractor] I20260518 22:15:47.133116    82 feature_extraction.cc:280] Processed file [1328/1710]
2026-05-18T22:15:47 COLMAP[feature_extractor] I20260518 22:15:47.133170    82 feature_extraction.cc:283]   Name:            DJI_01328.JPG
2026-05-18T22:15:47 COLMAP[feature_extractor] I20260518 22:15:47.133183    82 feature_extraction.cc:292]   Dimensions:      4000 x 2250
2026-05-18T22:15:47 COLMAP[feature_extractor] I20260518 22:15:47.133193    82 feature_extraction.cc:295]   Camera:          #1 - SIMPLE_RADIAL
2026-05-18T22:15:47 COLMAP[feature_extractor] I20260518 22:15:47.133205    82 feature_extraction.cc:298]   Focal Length:    2545.54px (Prior)
2026-05-18T22:15:47 COLMAP[feature_extractor] I20260518 22:15:47.133220    82 feature_extraction.cc:302]   Features:        10008 (SIFT)
2026-05-18T22:15:48 COLMAP[feature_extractor] I20260518 22:15:47.356256    82 feature_extraction.cc:316]   GPS:             LAT=40.522, LON=-111.893, ALT=1459.999
2026-05-18T22:15:48 COLMAP[feature_extractor] I20260518 22:15:47.356309    82 feature_extraction.cc:323]   Gravity:         X=0.000, Y=1.000, Z=0.000
2026-05-18T22:15:50 COLMAP[feature_extractor] I20260518 22:15:49.536535    82 feature_extraction.cc:280] Processed file [1329/1710]
2026-05-18T22:15:50 COLMAP[feature_extractor] I20260518 22:15:49.536594    82 feature_extraction.cc:283]   Name:            DJI_01329.JPG
2026-05-18T22:15:50 COLMAP[feature_extractor] I20260518 22:15:49.536607    82 feature_extraction.cc:292]   Dimensions:      4000 x 2250
2026-05-18T22:15:50 COLMAP[feature_extractor] I20260518 22:15:49.536617    82 feature_extraction.cc:295]   Camera:          #1 - SIMPLE_RADIAL
2026-05-18T22:15:50 COLMAP[feature_extractor] I20260518 22:15:49.536661    82 feature_extraction.cc:298]   Focal Length:    2545.54px (Prior)
2026-05-18T22:15:50 COLMAP[feature_extractor] I20260518 22:15:49.536677    82 feature_extraction.cc:302]   Features:        10369 (SIFT)
2026-05-18T22:15:50 COLMAP[feature_extractor] I20260518 22:15:49.820712    82 feature_extraction.cc:316]   GPS:             LAT=40.522, LON=-111.892, ALT=1460.299
2026-05-18T22:15:50 COLMAP[feature_extractor] I20260518 22:15:49.820771    82 feature_extraction.cc:323]   Gravity:         X=0.000, Y=1.000, Z=0.000
2026-05-18T22:15:53 COLMAP[feature_extractor] I20260518 22:15:50.457010    82 feature_extraction.cc:280] Processed file [1330/1710]
2026-05-18T22:15:53 COLMAP[feature_extractor] I20260518 22:15:50.457073    82 feature_extraction.cc:283]   Name:            DJI_01330.JPG
2026-05-18T22:15:53 COLMAP[feature_extractor] I20260518 22:15:50.457085    82 feature_extraction.cc:292]   Dimensions:      4000 x 2250
2026-05-18T22:15:53 COLMAP[feature_extractor] I20260518 22:15:50.457096    82 feature_extraction.cc:295]   Camera:          #1 - SIMPLE_RADIAL
2026-05-18T22:15:53 COLMAP[feature_extractor] I20260518 22:15:50.457108    82 feature_extraction.cc:298]   Focal Length:    2545.54px (Prior)
2026-05-18T22:15:53 COLMAP[feature_extractor] I20260518 22:15:50.457123    82 feature_extraction.cc:302]   Features:        10659 (SIFT)
2026-05-18T22:15:53 COLMAP[feature_extractor] I20260518 22:15:50.688211    82 feature_extraction.cc:316]   GPS:             LAT=40.522, LON=-111.892, ALT=1461.199
2026-05-18T22:15:53 COLMAP[feature_extractor] I20260518 22:15:50.688269    82 feature_extraction.cc:323]   Gravity:         X=0.000, Y=1.000, Z=0.000
2026-05-18T22:15:54 COLMAP[feature_extractor] I20260518 22:15:53.749402    82 feature_extraction.cc:280] Processed file [1331/1710]
2026-05-18T22:15:54 COLMAP[feature_extractor] I20260518 22:15:53.749460    82 feature_extraction.cc:283]   Name:            DJI_01331.JPG
2026-05-18T22:15:54 COLMAP[feature_extractor] I20260518 22:15:53.749472    82 feature_extraction.cc:292]   Dimensions:      4000 x 2250
2026-05-18T22:15:54 COLMAP[feature_extractor] I20260518 22:15:53.749483    82 feature_extraction.cc:295]   Camera:          #1 - SIMPLE_RADIAL
2026-05-18T22:15:54 COLMAP[feature_extractor] I20260518 22:15:53.749495    82 feature_extraction.cc:298]   Focal Length:    2545.54px (Prior)
2026-05-18T22:15:54 COLMAP[feature_extractor] I20260518 22:15:53.749511    82 feature_extraction.cc:302]   Features:        10999 (SIFT)
2026-05-18T22:15:54 COLMAP[feature_extractor] I20260518 22:15:54.145283    82 feature_extraction.cc:316]   GPS:             LAT=40.522, LON=-111.892, ALT=1462.199
2026-05-18T22:15:54 COLMAP[feature_extractor] I20260518 22:15:54.145345    82 feature_extraction.cc:323]   Gravity:         X=0.000, Y=1.000, Z=0.000
2026-05-18T22:15:58 COLMAP[feature_extractor] I20260518 22:15:56.508013    82 feature_extraction.cc:280] Processed file [1332/1710]
2026-05-18T22:15:58 COLMAP[feature_extractor] I20260518 22:15:56.508070    82 feature_extraction.cc:283]   Name:            DJI_01332.JPG
2026-05-18T22:15:58 COLMAP[feature_extractor] I20260518 22:15:56.508082    82 feature_extraction.cc:292]   Dimensions:      4000 x 2250
2026-05-18T22:15:58 COLMAP[feature_extractor] I20260518 22:15:56.508093    82 feature_extraction.cc:295]   Camera:          #1 - SIMPLE_RADIAL
2026-05-18T22:15:58 COLMAP[feature_extractor] I20260518 22:15:56.508104    82 feature_extraction.cc:298]   Focal Length:    2545.54px (Prior)
2026-05-18T22:15:58 COLMAP[feature_extractor] I20260518 22:15:56.508121    82 feature_extraction.cc:302]   Features:        8329 (SIFT)
2026-05-18T22:15:58 COLMAP[feature_extractor] I20260518 22:15:56.725183    82 feature_extraction.cc:316]   GPS:             LAT=40.522, LON=-111.892, ALT=1462.699
2026-05-18T22:15:58 COLMAP[feature_extractor] I20260518 22:15:56.725236    82 feature_extraction.cc:323]   Gravity:         X=0.000, Y=1.000, Z=0.000
2026-05-18T22:15:59 COLMAP[feature_extractor] I20260518 22:15:58.560374    82 feature_extraction.cc:280] Processed file [1333/1710]
2026-05-18T22:15:59 COLMAP[feature_extractor] I20260518 22:15:58.560427    82 feature_extraction.cc:283]   Name:            DJI_01333.JPG
2026-05-18T22:15:59 COLMAP[feature_extractor] I20260518 22:15:58.560439    82 feature_extraction.cc:292]   Dimensions:      4000 x 2250
2026-05-18T22:15:59 COLMAP[feature_extractor] I20260518 22:15:58.560449    82 feature_extraction.cc:295]   Camera:          #1 - SIMPLE_RADIAL
2026-05-18T22:15:59 COLMAP[feature_extractor] I20260518 22:15:58.560460    82 feature_extraction.cc:298]   Focal Length:    2545.54px (Prior)
2026-05-18T22:15:59 COLMAP[feature_extractor] I20260518 22:15:58.560477    82 feature_extraction.cc:302]   Features:        8377 (SIFT)
2026-05-18T22:15:59 COLMAP[feature_extractor] I20260518 22:15:58.837244    82 feature_extraction.cc:316]   GPS:             LAT=40.522, LON=-111.892, ALT=1463.199
2026-05-18T22:15:59 COLMAP[feature_extractor] I20260518 22:15:58.837296    82 feature_extraction.cc:323]   Gravity:         X=0.000, Y=1.000, Z=0.000
2026-05-18T22:16:01 COLMAP[feature_extractor] I20260518 22:15:59.922578    82 feature_extraction.cc:280] Processed file [1334/1710]
2026-05-18T22:16:01 COLMAP[feature_extractor] I20260518 22:15:59.922629    82 feature_extraction.cc:283]   Name:            DJI_01334.JPG
2026-05-18T22:16:01 COLMAP[feature_extractor] I20260518 22:15:59.922642    82 feature_extraction.cc:292]   Dimensions:      4000 x 2250
2026-05-18T22:16:01 COLMAP[feature_extractor] I20260518 22:15:59.922652    82 feature_extraction.cc:295]   Camera:          #1 - SIMPLE_RADIAL
2026-05-18T22:16:01 COLMAP[feature_extractor] I20260518 22:15:59.922664    82 feature_extraction.cc:298]   Focal Length:    2545.54px (Prior)
2026-05-18T22:16:01 COLMAP[feature_extractor] I20260518 22:15:59.922679    82 feature_extraction.cc:302]   Features:        8429 (SIFT)
2026-05-18T22:16:01 COLMAP[feature_extractor] I20260518 22:16:00.226809    82 feature_extraction.cc:316]   GPS:             LAT=40.522, LON=-111.892, ALT=1463.099
2026-05-18T22:16:01 COLMAP[feature_extractor] I20260518 22:16:00.226899    82 feature_extraction.cc:323]   Gravity:         X=0.000, Y=1.000, Z=0.000
2026-05-18T22:16:03 COLMAP[feature_extractor] I20260518 22:16:03.047398    82 feature_extraction.cc:280] Processed file [1335/1710]
2026-05-18T22:16:03 COLMAP[feature_extractor] I20260518 22:16:03.047446    82 feature_extraction.cc:283]   Name:            DJI_01335.JPG
2026-05-18T22:16:03 COLMAP[feature_extractor] I20260518 22:16:03.047458    82 feature_extraction.cc:292]   Dimensions:      4000 x 2250
2026-05-18T22:16:03 COLMAP[feature_extractor] I20260518 22:16:03.047469    82 feature_extraction.cc:295]   Camera:          #1 - SIMPLE_RADIAL
2026-05-18T22:16:03 COLMAP[feature_extractor] I20260518 22:16:03.047480    82 feature_extraction.cc:298]   Focal Length:    2545.54px (Prior)
2026-05-18T22:16:03 COLMAP[feature_extractor] I20260518 22:16:03.047497    82 feature_extraction.cc:302]   Features:        8589 (SIFT)
2026-05-18T22:16:03 COLMAP[feature_extractor] I20260518 22:16:03.339279    82 feature_extraction.cc:316]   GPS:             LAT=40.522, LON=-111.892, ALT=1462.999
2026-05-18T22:16:03 COLMAP[feature_extractor] I20260518 22:16:03.339336    82 feature_extraction.cc:323]   Gravity:         X=0.000, Y=1.000, Z=0.000
2026-05-18T22:16:06 COLMAP[feature_extractor] I20260518 22:16:05.882192    82 feature_extraction.cc:280] Processed file [1336/1710]
2026-05-18T22:16:06 COLMAP[feature_extractor] I20260518 22:16:05.882248    82 feature_extraction.cc:283]   Name:            DJI_01336.JPG
2026-05-18T22:16:06 COLMAP[feature_extractor] I20260518 22:16:05.882261    82 feature_extraction.cc:292]   Dimensions:      4000 x 2250
2026-05-18T22:16:06 COLMAP[feature_extractor] I20260518 22:16:05.882270    82 feature_extraction.cc:295]   Camera:          #1 - SIMPLE_RADIAL
2026-05-18T22:16:06 COLMAP[feature_extractor] I20260518 22:16:05.882282    82 feature_extraction.cc:298]   Focal Length:    2545.54px (Prior)
2026-05-18T22:16:06 COLMAP[feature_extractor] I20260518 22:16:05.882297    82 feature_extraction.cc:302]   Features:        8524 (SIFT)
2026-05-18T22:16:06 COLMAP[feature_extractor] I20260518 22:16:06.154325    82 feature_extraction.cc:316]   GPS:             LAT=40.522, LON=-111.892, ALT=1463.499
2026-05-18T22:16:06 COLMAP[feature_extractor] I20260518 22:16:06.154379    82 feature_extraction.cc:323]   Gravity:         X=0.000, Y=1.000, Z=0.000
2026-05-18T22:16:08 COLMAP[feature_extractor] I20260518 22:16:07.768045    82 feature_extraction.cc:280] Processed file [1337/1710]
2026-05-18T22:16:08 COLMAP[feature_extractor] I20260518 22:16:07.768100    82 feature_extraction.cc:283]   Name:            DJI_01337.JPG
2026-05-18T22:16:08 COLMAP[feature_extractor] I20260518 22:16:07.768111    82 feature_extraction.cc:292]   Dimensions:      4000 x 2250
2026-05-18T22:16:08 COLMAP[feature_extractor] I20260518 22:16:07.768121    82 feature_extraction.cc:295]   Camera:          #1 - SIMPLE_RADIAL
2026-05-18T22:16:08 COLMAP[feature_extractor] I20260518 22:16:07.768133    82 feature_extraction.cc:298]   Focal Length:    2545.54px (Prior)
2026-05-18T22:16:08 COLMAP[feature_extractor] I20260518 22:16:07.768149    82 feature_extraction.cc:302]   Features:        8542 (SIFT)
2026-05-18T22:16:08 COLMAP[feature_extractor] I20260518 22:16:08.026898    82 feature_extraction.cc:316]   GPS:             LAT=40.522, LON=-111.892, ALT=1463.499
2026-05-18T22:16:08 COLMAP[feature_extractor] I20260518 22:16:08.026968    82 feature_extraction.cc:323]   Gravity:         X=0.000, Y=1.000, Z=0.000
2026-05-18T22:16:09 COLMAP[feature_extractor] I20260518 22:16:09.435205    82 feature_extraction.cc:280] Processed file [1338/1710]
2026-05-18T22:16:09 COLMAP[feature_extractor] I20260518 22:16:09.435256    82 feature_extraction.cc:283]   Name:            DJI_01338.JPG
2026-05-18T22:16:09 COLMAP[feature_extractor] I20260518 22:16:09.435267    82 feature_extraction.cc:292]   Dimensions:      4000 x 2250
2026-05-18T22:16:09 COLMAP[feature_extractor] I20260518 22:16:09.435278    82 feature_extraction.cc:295]   Camera:          #1 - SIMPLE_RADIAL
2026-05-18T22:16:09 COLMAP[feature_extractor] I20260518 22:16:09.435290    82 feature_extraction.cc:298]   Focal Length:    2545.54px (Prior)
2026-05-18T22:16:09 COLMAP[feature_extractor] I20260518 22:16:09.435305    82 feature_extraction.cc:302]   Features:        8684 (SIFT)
2026-05-18T22:16:09 COLMAP[feature_extractor] I20260518 22:16:09.713459    82 feature_extraction.cc:316]   GPS:             LAT=40.522, LON=-111.893, ALT=1464.199
2026-05-18T22:16:09 COLMAP[feature_extractor] I20260518 22:16:09.713521    82 feature_extraction.cc:323]   Gravity:         X=0.000, Y=1.000, Z=0.000
2026-05-18T22:16:13 COLMAP[feature_extractor] I20260518 22:16:12.251139    82 feature_extraction.cc:280] Processed file [1339/1710]
2026-05-18T22:16:13 COLMAP[feature_extractor] I20260518 22:16:12.251199    82 feature_extraction.cc:283]   Name:            DJI_01339.JPG
2026-05-18T22:16:13 COLMAP[feature_extractor] I20260518 22:16:12.251211    82 feature_extraction.cc:292]   Dimensions:      4000 x 2250
2026-05-18T22:16:13 COLMAP[feature_extractor] I20260518 22:16:12.251222    82 feature_extraction.cc:295]   Camera:          #1 - SIMPLE_RADIAL
2026-05-18T22:16:13 COLMAP[feature_extractor] I20260518 22:16:12.251235    82 feature_extraction.cc:298]   Focal Length:    2545.54px (Prior)
2026-05-18T22:16:13 COLMAP[feature_extractor] I20260518 22:16:12.251250    82 feature_extraction.cc:302]   Features:        8843 (SIFT)
2026-05-18T22:16:13 COLMAP[feature_extractor] I20260518 22:16:12.469874    82 feature_extraction.cc:316]   GPS:             LAT=40.522, LON=-111.893, ALT=1463.899
2026-05-18T22:16:13 COLMAP[feature_extractor] I20260518 22:16:12.469936    82 feature_extraction.cc:323]   Gravity:         X=0.000, Y=1.000, Z=0.000
2026-05-18T22:16:15 COLMAP[feature_extractor] I20260518 22:16:15.051358    82 feature_extraction.cc:280] Processed file [1340/1710]
2026-05-18T22:16:15 COLMAP[feature_extractor] I20260518 22:16:15.051437    82 feature_extraction.cc:283]   Name:            DJI_01340.JPG
2026-05-18T22:16:15 COLMAP[feature_extractor] I20260518 22:16:15.051452    82 feature_extraction.cc:292]   Dimensions:      4000 x 2250
2026-05-18T22:16:15 COLMAP[feature_extractor] I20260518 22:16:15.051463    82 feature_extraction.cc:295]   Camera:          #1 - SIMPLE_RADIAL
2026-05-18T22:16:15 COLMAP[feature_extractor] I20260518 22:16:15.051476    82 feature_extraction.cc:298]   Focal Length:    2545.54px (Prior)
2026-05-18T22:16:15 COLMAP[feature_extractor] I20260518 22:16:15.051492    82 feature_extraction.cc:302]   Features:        9797 (SIFT)
2026-05-18T22:16:16 COLMAP[feature_extractor] I20260518 22:16:15.370574    82 feature_extraction.cc:316]   GPS:             LAT=40.522, LON=-111.893, ALT=1464.699
2026-05-18T22:16:16 COLMAP[feature_extractor] I20260518 22:16:15.370642    82 feature_extraction.cc:323]   Gravity:         X=0.000, Y=1.000, Z=0.000
2026-05-18T22:16:17 COLMAP[feature_extractor] I20260518 22:16:16.939091    82 feature_extraction.cc:280] Processed file [1341/1710]
2026-05-18T22:16:17 COLMAP[feature_extractor] I20260518 22:16:16.939152    82 feature_extraction.cc:283]   Name:            DJI_01341.JPG
2026-05-18T22:16:17 COLMAP[feature_extractor] I20260518 22:16:16.939163    82 feature_extraction.cc:292]   Dimensions:      4000 x 2250
2026-05-18T22:16:17 COLMAP[feature_extractor] I20260518 22:16:16.939174    82 feature_extraction.cc:295]   Camera:          #1 - SIMPLE_RADIAL
2026-05-18T22:16:17 COLMAP[feature_extractor] I20260518 22:16:16.939185    82 feature_extraction.cc:298]   Focal Length:    2545.54px (Prior)
2026-05-18T22:16:17 COLMAP[feature_extractor] I20260518 22:16:16.939201    82 feature_extraction.cc:302]   Features:        9931 (SIFT)
2026-05-18T22:16:18 COLMAP[feature_extractor] I20260518 22:16:17.131124    82 feature_extraction.cc:316]   GPS:             LAT=40.522, LON=-111.893, ALT=1464.999
2026-05-18T22:16:18 COLMAP[feature_extractor] I20260518 22:16:17.131184    82 feature_extraction.cc:323]   Gravity:         X=0.000, Y=1.000, Z=0.000
2026-05-18T22:16:19 COLMAP[feature_extractor] I20260518 22:16:18.772650    82 feature_extraction.cc:280] Processed file [1342/1710]
2026-05-18T22:16:19 COLMAP[feature_extractor] I20260518 22:16:18.772701    82 feature_extraction.cc:283]   Name:            DJI_01342.JPG
2026-05-18T22:16:19 COLMAP[feature_extractor] I20260518 22:16:18.772712    82 feature_extraction.cc:292]   Dimensions:      4000 x 2250
2026-05-18T22:16:19 COLMAP[feature_extractor] I20260518 22:16:18.772723    82 feature_extraction.cc:295]   Camera:          #1 - SIMPLE_RADIAL
2026-05-18T22:16:19 COLMAP[feature_extractor] I20260518 22:16:18.772734    82 feature_extraction.cc:298]   Focal Length:    2545.54px (Prior)
2026-05-18T22:16:19 COLMAP[feature_extractor] I20260518 22:16:18.772751    82 feature_extraction.cc:302]   Features:        8870 (SIFT)
2026-05-18T22:16:19 COLMAP[feature_extractor] I20260518 22:16:19.068712    82 feature_extraction.cc:316]   GPS:             LAT=40.522, LON=-111.893, ALT=1465.199
2026-05-18T22:16:19 COLMAP[feature_extractor] I20260518 22:16:19.068766    82 feature_extraction.cc:323]   Gravity:         X=0.000, Y=1.000, Z=0.000
2026-05-18T22:16:21 COLMAP[feature_extractor] I20260518 22:16:21.394671    82 feature_extraction.cc:280] Processed file [1343/1710]
2026-05-18T22:16:21 COLMAP[feature_extractor] I20260518 22:16:21.394721    82 feature_extraction.cc:283]   Name:            DJI_01343.JPG
2026-05-18T22:16:21 COLMAP[feature_extractor] I20260518 22:16:21.394764    82 feature_extraction.cc:292]   Dimensions:      4000 x 2250
2026-05-18T22:16:21 COLMAP[feature_extractor] I20260518 22:16:21.394775    82 feature_extraction.cc:295]   Camera:          #1 - SIMPLE_RADIAL
2026-05-18T22:16:21 COLMAP[feature_extractor] I20260518 22:16:21.394786    82 feature_extraction.cc:298]   Focal Length:    2545.54px (Prior)
2026-05-18T22:16:21 COLMAP[feature_extractor] I20260518 22:16:21.394802    82 feature_extraction.cc:302]   Features:        8850 (SIFT)
2026-05-18T22:16:21 COLMAP[feature_extractor] I20260518 22:16:21.735246    82 feature_extraction.cc:316]   GPS:             LAT=40.522, LON=-111.893, ALT=1465.799
2026-05-18T22:16:21 COLMAP[feature_extractor] I20260518 22:16:21.735298    82 feature_extraction.cc:323]   Gravity:         X=0.000, Y=1.000, Z=0.000
2026-05-18T22:16:25 COLMAP[feature_extractor] I20260518 22:16:24.294545    82 feature_extraction.cc:280] Processed file [1344/1710]
2026-05-18T22:16:25 COLMAP[feature_extractor] I20260518 22:16:24.294602    82 feature_extraction.cc:283]   Name:            DJI_01344.JPG
2026-05-18T22:16:25 COLMAP[feature_extractor] I20260518 22:16:24.294615    82 feature_extraction.cc:292]   Dimensions:      4000 x 2250
2026-05-18T22:16:25 COLMAP[feature_extractor] I20260518 22:16:24.294625    82 feature_extraction.cc:295]   Camera:          #1 - SIMPLE_RADIAL
2026-05-18T22:16:25 COLMAP[feature_extractor] I20260518 22:16:24.294636    82 feature_extraction.cc:298]   Focal Length:    2545.54px (Prior)
2026-05-18T22:16:25 COLMAP[feature_extractor] I20260518 22:16:24.294651    82 feature_extraction.cc:302]   Features:        8690 (SIFT)
2026-05-18T22:16:25 COLMAP[feature_extractor] I20260518 22:16:24.666203    82 feature_extraction.cc:316]   GPS:             LAT=40.522, LON=-111.893, ALT=1465.899
2026-05-18T22:16:25 COLMAP[feature_extractor] I20260518 22:16:24.666257    82 feature_extraction.cc:323]   Gravity:         X=0.000, Y=1.000, Z=0.000
2026-05-18T22:16:26 COLMAP[feature_extractor] I20260518 22:16:26.194484    82 feature_extraction.cc:280] Processed file [1345/1710]
2026-05-18T22:16:26 COLMAP[feature_extractor] I20260518 22:16:26.194540    82 feature_extraction.cc:283]   Name:            DJI_01345.JPG
2026-05-18T22:16:26 COLMAP[feature_extractor] I20260518 22:16:26.194552    82 feature_extraction.cc:292]   Dimensions:      4000 x 2250
2026-05-18T22:16:26 COLMAP[feature_extractor] I20260518 22:16:26.194563    82 feature_extraction.cc:295]   Camera:          #1 - SIMPLE_RADIAL
2026-05-18T22:16:26 COLMAP[feature_extractor] I20260518 22:16:26.194574    82 feature_extraction.cc:298]   Focal Length:    2545.54px (Prior)
2026-05-18T22:16:26 COLMAP[feature_extractor] I20260518 22:16:26.194589    82 feature_extraction.cc:302]   Features:        8638 (SIFT)
2026-05-18T22:16:26 COLMAP[feature_extractor] I20260518 22:16:26.433455    82 feature_extraction.cc:316]   GPS:             LAT=40.522, LON=-111.893, ALT=1465.699
2026-05-18T22:16:26 COLMAP[feature_extractor] I20260518 22:16:26.433509    82 feature_extraction.cc:323]   Gravity:         X=0.000, Y=1.000, Z=0.000
2026-05-18T22:16:28 COLMAP[feature_extractor] I20260518 22:16:27.952735    82 feature_extraction.cc:280] Processed file [1346/1710]
2026-05-18T22:16:28 COLMAP[feature_extractor] I20260518 22:16:27.952792    82 feature_extraction.cc:283]   Name:            DJI_01346.JPG
2026-05-18T22:16:28 COLMAP[feature_extractor] I20260518 22:16:27.952804    82 feature_extraction.cc:292]   Dimensions:      4000 x 2250
2026-05-18T22:16:28 COLMAP[feature_extractor] I20260518 22:16:27.952816    82 feature_extraction.cc:295]   Camera:          #1 - SIMPLE_RADIAL
2026-05-18T22:16:28 COLMAP[feature_extractor] I20260518 22:16:27.952826    82 feature_extraction.cc:298]   Focal Length:    2545.54px (Prior)
2026-05-18T22:16:28 COLMAP[feature_extractor] I20260518 22:16:27.952842    82 feature_extraction.cc:302]   Features:        9137 (SIFT)
2026-05-18T22:16:28 COLMAP[feature_extractor] I20260518 22:16:28.202579    82 feature_extraction.cc:316]   GPS:             LAT=40.522, LON=-111.893, ALT=1466.499
2026-05-18T22:16:28 COLMAP[feature_extractor] I20260518 22:16:28.202638    82 feature_extraction.cc:323]   Gravity:         X=0.000, Y=1.000, Z=0.000
2026-05-18T22:16:31 COLMAP[feature_extractor] I20260518 22:16:30.735420    82 feature_extraction.cc:280] Processed file [1347/1710]
2026-05-18T22:16:31 COLMAP[feature_extractor] I20260518 22:16:30.735478    82 feature_extraction.cc:283]   Name:            DJI_01347.JPG
2026-05-18T22:16:31 COLMAP[feature_extractor] I20260518 22:16:30.735491    82 feature_extraction.cc:292]   Dimensions:      4000 x 2250
2026-05-18T22:16:31 COLMAP[feature_extractor] I20260518 22:16:30.735502    82 feature_extraction.cc:295]   Camera:          #1 - SIMPLE_RADIAL
2026-05-18T22:16:31 COLMAP[feature_extractor] I20260518 22:16:30.735512    82 feature_extraction.cc:298]   Focal Length:    2545.54px (Prior)
2026-05-18T22:16:31 COLMAP[feature_extractor] I20260518 22:16:30.735527    82 feature_extraction.cc:302]   Features:        9422 (SIFT)
2026-05-18T22:16:31 COLMAP[feature_extractor] I20260518 22:16:31.003453    82 feature_extraction.cc:316]   GPS:             LAT=40.522, LON=-111.893, ALT=1466.999
2026-05-18T22:16:31 COLMAP[feature_extractor] I20260518 22:16:31.003508    82 feature_extraction.cc:323]   Gravity:         X=0.000, Y=1.000, Z=0.000
2026-05-18T22:16:33 COLMAP[feature_extractor] I20260518 22:16:33.697374    82 feature_extraction.cc:280] Processed file [1348/1710]
2026-05-18T22:16:33 COLMAP[feature_extractor] I20260518 22:16:33.697428    82 feature_extraction.cc:283]   Name:            DJI_01348.JPG
2026-05-18T22:16:33 COLMAP[feature_extractor] I20260518 22:16:33.697440    82 feature_extraction.cc:292]   Dimensions:      4000 x 2250
2026-05-18T22:16:33 COLMAP[feature_extractor] I20260518 22:16:33.697450    82 feature_extraction.cc:295]   Camera:          #1 - SIMPLE_RADIAL
2026-05-18T22:16:33 COLMAP[feature_extractor] I20260518 22:16:33.697463    82 feature_extraction.cc:298]   Focal Length:    2545.54px (Prior)
2026-05-18T22:16:33 COLMAP[feature_extractor] I20260518 22:16:33.697510    82 feature_extraction.cc:302]   Features:        9054 (SIFT)
2026-05-18T22:16:35 COLMAP[feature_extractor] I20260518 22:16:34.025564    82 feature_extraction.cc:316]   GPS:             LAT=40.521, LON=-111.893, ALT=1467.699
2026-05-18T22:16:35 COLMAP[feature_extractor] I20260518 22:16:34.025619    82 feature_extraction.cc:323]   Gravity:         X=0.000, Y=1.000, Z=0.000
2026-05-18T22:16:36 COLMAP[feature_extractor] I20260518 22:16:35.270812    82 feature_extraction.cc:280] Processed file [1349/1710]
2026-05-18T22:16:36 COLMAP[feature_extractor] I20260518 22:16:35.270869    82 feature_extraction.cc:283]   Name:            DJI_01349.JPG
2026-05-18T22:16:36 COLMAP[feature_extractor] I20260518 22:16:35.270881    82 feature_extraction.cc:292]   Dimensions:      4000 x 2250
2026-05-18T22:16:36 COLMAP[feature_extractor] I20260518 22:16:35.270892    82 feature_extraction.cc:295]   Camera:          #1 - SIMPLE_RADIAL
2026-05-18T22:16:36 COLMAP[feature_extractor] I20260518 22:16:35.270903    82 feature_extraction.cc:298]   Focal Length:    2545.54px (Prior)
2026-05-18T22:16:36 COLMAP[feature_extractor] I20260518 22:16:35.270920    82 feature_extraction.cc:302]   Features:        9729 (SIFT)
2026-05-18T22:16:36 COLMAP[feature_extractor] I20260518 22:16:35.617003    82 feature_extraction.cc:316]   GPS:             LAT=40.521, LON=-111.892, ALT=1468.899
2026-05-18T22:16:36 COLMAP[feature_extractor] I20260518 22:16:35.617061    82 feature_extraction.cc:323]   Gravity:         X=0.000, Y=1.000, Z=0.000
2026-05-18T22:16:38 COLMAP[feature_extractor] I20260518 22:16:37.237990    82 feature_extraction.cc:280] Processed file [1350/1710]
2026-05-18T22:16:38 COLMAP[feature_extractor] I20260518 22:16:37.238050    82 feature_extraction.cc:283]   Name:            DJI_01350.JPG
2026-05-18T22:16:38 COLMAP[feature_extractor] I20260518 22:16:37.238062    82 feature_extraction.cc:292]   Dimensions:      4000 x 2250
2026-05-18T22:16:38 COLMAP[feature_extractor] I20260518 22:16:37.238072    82 feature_extraction.cc:295]   Camera:          #1 - SIMPLE_RADIAL
2026-05-18T22:16:38 COLMAP[feature_extractor] I20260518 22:16:37.238085    82 feature_extraction.cc:298]   Focal Length:    2545.54px (Prior)
2026-05-18T22:16:38 COLMAP[feature_extractor] I20260518 22:16:37.238099    82 feature_extraction.cc:302]   Features:        9265 (SIFT)
2026-05-18T22:16:38 COLMAP[feature_extractor] I20260518 22:16:37.463698    82 feature_extraction.cc:316]   GPS:             LAT=40.521, LON=-111.892, ALT=1469.599
2026-05-18T22:16:38 COLMAP[feature_extractor] I20260518 22:16:37.463758    82 feature_extraction.cc:323]   Gravity:         X=0.000, Y=1.000, Z=0.000
2026-05-18T22:16:40 COLMAP[feature_extractor] I20260518 22:16:39.917814    82 feature_extraction.cc:280] Processed file [1351/1710]
2026-05-18T22:16:40 COLMAP[feature_extractor] I20260518 22:16:39.917891    82 feature_extraction.cc:283]   Name:            DJI_01351.JPG
2026-05-18T22:16:40 COLMAP[feature_extractor] I20260518 22:16:39.917904    82 feature_extraction.cc:292]   Dimensions:      4000 x 2250
2026-05-18T22:16:40 COLMAP[feature_extractor] I20260518 22:16:39.917914    82 feature_extraction.cc:295]   Camera:          #1 - SIMPLE_RADIAL
2026-05-18T22:16:40 COLMAP[feature_extractor] I20260518 22:16:39.917927    82 feature_extraction.cc:298]   Focal Length:    2545.54px (Prior)
2026-05-18T22:16:40 COLMAP[feature_extractor] I20260518 22:16:39.917941    82 feature_extraction.cc:302]   Features:        10078 (SIFT)
2026-05-18T22:16:40 COLMAP[feature_extractor] I20260518 22:16:40.199354    82 feature_extraction.cc:316]   GPS:             LAT=40.522, LON=-111.892, ALT=1470.099
2026-05-18T22:16:40 COLMAP[feature_extractor] I20260518 22:16:40.199426    82 feature_extraction.cc:323]   Gravity:         X=0.000, Y=1.000, Z=0.000
2026-05-18T22:16:43 COLMAP[feature_extractor] I20260518 22:16:42.942605    82 feature_extraction.cc:280] Processed file [1352/1710]
2026-05-18T22:16:43 COLMAP[feature_extractor] I20260518 22:16:42.942658    82 feature_extraction.cc:283]   Name:            DJI_01352.JPG
2026-05-18T22:16:43 COLMAP[feature_extractor] I20260518 22:16:42.942670    82 feature_extraction.cc:292]   Dimensions:      4000 x 2250
2026-05-18T22:16:43 COLMAP[feature_extractor] I20260518 22:16:42.942680    82 feature_extraction.cc:295]   Camera:          #1 - SIMPLE_RADIAL
2026-05-18T22:16:43 COLMAP[feature_extractor] I20260518 22:16:42.942692    82 feature_extraction.cc:298]   Focal Length:    2545.54px (Prior)
2026-05-18T22:16:43 COLMAP[feature_extractor] I20260518 22:16:42.942708    82 feature_extraction.cc:302]   Features:        11207 (SIFT)
2026-05-18T22:16:43 COLMAP[feature_extractor] I20260518 22:16:43.135970    82 feature_extraction.cc:316]   GPS:             LAT=40.522, LON=-111.892, ALT=1471.499
2026-05-18T22:16:43 COLMAP[feature_extractor] I20260518 22:16:43.136027    82 feature_extraction.cc:323]   Gravity:         X=0.000, Y=1.000, Z=0.000
2026-05-18T22:16:45 COLMAP[feature_extractor] I20260518 22:16:44.487967    82 feature_extraction.cc:280] Processed file [1353/1710]
2026-05-18T22:16:45 COLMAP[feature_extractor] I20260518 22:16:44.488018    82 feature_extraction.cc:283]   Name:            DJI_01353.JPG
2026-05-18T22:16:45 COLMAP[feature_extractor] I20260518 22:16:44.488030    82 feature_extraction.cc:292]   Dimensions:      4000 x 2250
2026-05-18T22:16:45 COLMAP[feature_extractor] I20260518 22:16:44.488040    82 feature_extraction.cc:295]   Camera:          #1 - SIMPLE_RADIAL
2026-05-18T22:16:45 COLMAP[feature_extractor] I20260518 22:16:44.488052    82 feature_extraction.cc:298]   Focal Length:    2545.54px (Prior)
2026-05-18T22:16:45 COLMAP[feature_extractor] I20260518 22:16:44.488068    82 feature_extraction.cc:302]   Features:        8325 (SIFT)
2026-05-18T22:16:45 COLMAP[feature_extractor] I20260518 22:16:44.658285    82 feature_extraction.cc:316]   GPS:             LAT=40.522, LON=-111.891, ALT=1472.899
2026-05-18T22:16:45 COLMAP[feature_extractor] I20260518 22:16:44.658337    82 feature_extraction.cc:323]   Gravity:         X=0.000, Y=1.000, Z=0.000
2026-05-18T22:16:48 COLMAP[feature_extractor] I20260518 22:16:46.493506    82 feature_extraction.cc:280] Processed file [1354/1710]
2026-05-18T22:16:48 COLMAP[feature_extractor] I20260518 22:16:46.493566    82 feature_extraction.cc:283]   Name:            DJI_01354.JPG
2026-05-18T22:16:48 COLMAP[feature_extractor] I20260518 22:16:46.493577    82 feature_extraction.cc:292]   Dimensions:      4000 x 2250
2026-05-18T22:16:48 COLMAP[feature_extractor] I20260518 22:16:46.493587    82 feature_extraction.cc:295]   Camera:          #1 - SIMPLE_RADIAL
2026-05-18T22:16:48 COLMAP[feature_extractor] I20260518 22:16:46.493599    82 feature_extraction.cc:298]   Focal Length:    2545.54px (Prior)
2026-05-18T22:16:48 COLMAP[feature_extractor] I20260518 22:16:46.493615    82 feature_extraction.cc:302]   Features:        8282 (SIFT)
2026-05-18T22:16:48 COLMAP[feature_extractor] I20260518 22:16:46.799539    82 feature_extraction.cc:316]   GPS:             LAT=40.522, LON=-111.891, ALT=1472.799
2026-05-18T22:16:48 COLMAP[feature_extractor] I20260518 22:16:46.799592    82 feature_extraction.cc:323]   Gravity:         X=0.000, Y=1.000, Z=0.000
2026-05-18T22:16:49 COLMAP[feature_extractor] I20260518 22:16:49.163398    82 feature_extraction.cc:280] Processed file [1355/1710]
2026-05-18T22:16:49 COLMAP[feature_extractor] I20260518 22:16:49.163453    82 feature_extraction.cc:283]   Name:            DJI_01355.JPG
2026-05-18T22:16:49 COLMAP[feature_extractor] I20260518 22:16:49.163465    82 feature_extraction.cc:292]   Dimensions:      4000 x 2250
2026-05-18T22:16:49 COLMAP[feature_extractor] I20260518 22:16:49.163476    82 feature_extraction.cc:295]   Camera:          #1 - SIMPLE_RADIAL
2026-05-18T22:16:49 COLMAP[feature_extractor] I20260518 22:16:49.163487    82 feature_extraction.cc:298]   Focal Length:    2545.54px (Prior)
2026-05-18T22:16:49 COLMAP[feature_extractor] I20260518 22:16:49.163503    82 feature_extraction.cc:302]   Features:        11584 (SIFT)
2026-05-18T22:16:49 COLMAP[feature_extractor] I20260518 22:16:49.448843    82 feature_extraction.cc:316]   GPS:             LAT=40.522, LON=-111.891, ALT=1472.599
2026-05-18T22:16:49 COLMAP[feature_extractor] I20260518 22:16:49.448897    82 feature_extraction.cc:323]   Gravity:         X=0.000, Y=1.000, Z=0.000
2026-05-18T22:16:52 COLMAP[feature_extractor] I20260518 22:16:52.008877    82 feature_extraction.cc:280] Processed file [1356/1710]
2026-05-18T22:16:52 COLMAP[feature_extractor] I20260518 22:16:52.008929    82 feature_extraction.cc:283]   Name:            DJI_01356.JPG
2026-05-18T22:16:52 COLMAP[feature_extractor] I20260518 22:16:52.008942    82 feature_extraction.cc:292]   Dimensions:      4000 x 2250
2026-05-18T22:16:52 COLMAP[feature_extractor] I20260518 22:16:52.008952    82 feature_extraction.cc:295]   Camera:          #1 - SIMPLE_RADIAL
2026-05-18T22:16:52 COLMAP[feature_extractor] I20260518 22:16:52.008998    82 feature_extraction.cc:298]   Focal Length:    2545.54px (Prior)
2026-05-18T22:16:52 COLMAP[feature_extractor] I20260518 22:16:52.009014    82 feature_extraction.cc:302]   Features:        8259 (SIFT)
2026-05-18T22:16:52 COLMAP[feature_extractor] I20260518 22:16:52.315912    82 feature_extraction.cc:316]   GPS:             LAT=40.522, LON=-111.891, ALT=1473.199
2026-05-18T22:16:52 COLMAP[feature_extractor] I20260518 22:16:52.315976    82 feature_extraction.cc:323]   Gravity:         X=0.000, Y=1.000, Z=0.000
2026-05-18T22:16:53 COLMAP[feature_extractor] I20260518 22:16:53.679046    82 feature_extraction.cc:280] Processed file [1357/1710]
2026-05-18T22:16:53 COLMAP[feature_extractor] I20260518 22:16:53.679103    82 feature_extraction.cc:283]   Name:            DJI_01357.JPG
2026-05-18T22:16:53 COLMAP[feature_extractor] I20260518 22:16:53.679116    82 feature_extraction.cc:292]   Dimensions:      4000 x 2250
2026-05-18T22:16:53 COLMAP[feature_extractor] I20260518 22:16:53.679126    82 feature_extraction.cc:295]   Camera:          #1 - SIMPLE_RADIAL
2026-05-18T22:16:53 COLMAP[feature_extractor] I20260518 22:16:53.679137    82 feature_extraction.cc:298]   Focal Length:    2545.54px (Prior)
2026-05-18T22:16:53 COLMAP[feature_extractor] I20260518 22:16:53.679152    82 feature_extraction.cc:302]   Features:        8200 (SIFT)
2026-05-18T22:16:54 COLMAP[feature_extractor] I20260518 22:16:53.920403    82 feature_extraction.cc:316]   GPS:             LAT=40.522, LON=-111.892, ALT=1472.999
2026-05-18T22:16:54 COLMAP[feature_extractor] I20260518 22:16:53.920467    82 feature_extraction.cc:323]   Gravity:         X=0.000, Y=1.000, Z=0.000
2026-05-18T22:16:55 COLMAP[feature_extractor] I20260518 22:16:55.698208    82 feature_extraction.cc:280] Processed file [1358/1710]
2026-05-18T22:16:55 COLMAP[feature_extractor] I20260518 22:16:55.698269    82 feature_extraction.cc:283]   Name:            DJI_01358.JPG
2026-05-18T22:16:55 COLMAP[feature_extractor] I20260518 22:16:55.698282    82 feature_extraction.cc:292]   Dimensions:      4000 x 2250
2026-05-18T22:16:55 COLMAP[feature_extractor] I20260518 22:16:55.698292    82 feature_extraction.cc:295]   Camera:          #1 - SIMPLE_RADIAL
2026-05-18T22:16:55 COLMAP[feature_extractor] I20260518 22:16:55.698303    82 feature_extraction.cc:298]   Focal Length:    2545.54px (Prior)
2026-05-18T22:16:55 COLMAP[feature_extractor] I20260518 22:16:55.698319    82 feature_extraction.cc:302]   Features:        8383 (SIFT)
2026-05-18T22:16:56 COLMAP[feature_extractor] I20260518 22:16:55.941691    82 feature_extraction.cc:316]   GPS:             LAT=40.521, LON=-111.892, ALT=1473.099
2026-05-18T22:16:56 COLMAP[feature_extractor] I20260518 22:16:55.941751    82 feature_extraction.cc:323]   Gravity:         X=0.000, Y=1.000, Z=0.000
2026-05-18T22:16:59 COLMAP[feature_extractor] I20260518 22:16:58.445863    82 feature_extraction.cc:280] Processed file [1359/1710]
2026-05-18T22:16:59 COLMAP[feature_extractor] I20260518 22:16:58.445914    82 feature_extraction.cc:283]   Name:            DJI_01359.JPG
2026-05-18T22:16:59 COLMAP[feature_extractor] I20260518 22:16:58.445926    82 feature_extraction.cc:292]   Dimensions:      4000 x 2250
2026-05-18T22:16:59 COLMAP[feature_extractor] I20260518 22:16:58.445937    82 feature_extraction.cc:295]   Camera:          #1 - SIMPLE_RADIAL
2026-05-18T22:16:59 COLMAP[feature_extractor] I20260518 22:16:58.445950    82 feature_extraction.cc:298]   Focal Length:    2545.54px (Prior)
2026-05-18T22:16:59 COLMAP[feature_extractor] I20260518 22:16:58.445964    82 feature_extraction.cc:302]   Features:        8551 (SIFT)
2026-05-18T22:16:59 COLMAP[feature_extractor] I20260518 22:16:58.756347    82 feature_extraction.cc:316]   GPS:             LAT=40.521, LON=-111.892, ALT=1473.599
2026-05-18T22:16:59 COLMAP[feature_extractor] I20260518 22:16:58.756399    82 feature_extraction.cc:323]   Gravity:         X=0.000, Y=1.000, Z=0.000
2026-05-18T22:17:02 COLMAP[feature_extractor] I20260518 22:17:01.308914    82 feature_extraction.cc:280] Processed file [1360/1710]
2026-05-18T22:17:02 COLMAP[feature_extractor] I20260518 22:17:01.308970    82 feature_extraction.cc:283]   Name:            DJI_01360.JPG
2026-05-18T22:17:02 COLMAP[feature_extractor] I20260518 22:17:01.308982    82 feature_extraction.cc:292]   Dimensions:      4000 x 2250
2026-05-18T22:17:02 COLMAP[feature_extractor] I20260518 22:17:01.308993    82 feature_extraction.cc:295]   Camera:          #1 - SIMPLE_RADIAL
2026-05-18T22:17:02 COLMAP[feature_extractor] I20260518 22:17:01.309005    82 feature_extraction.cc:298]   Focal Length:    2545.54px (Prior)
2026-05-18T22:17:02 COLMAP[feature_extractor] I20260518 22:17:01.309020    82 feature_extraction.cc:302]   Features:        8676 (SIFT)
2026-05-18T22:17:02 COLMAP[feature_extractor] I20260518 22:17:01.636983    82 feature_extraction.cc:316]   GPS:             LAT=40.521, LON=-111.892, ALT=1473.699
2026-05-18T22:17:02 COLMAP[feature_extractor] I20260518 22:17:01.637035    82 feature_extraction.cc:323]   Gravity:         X=0.000, Y=1.000, Z=0.000
2026-05-18T22:17:03 COLMAP[feature_extractor] I20260518 22:17:03.063443    82 feature_extraction.cc:280] Processed file [1361/1710]
2026-05-18T22:17:03 COLMAP[feature_extractor] I20260518 22:17:03.063498    82 feature_extraction.cc:283]   Name:            DJI_01361.JPG
2026-05-18T22:17:03 COLMAP[feature_extractor] I20260518 22:17:03.063510    82 feature_extraction.cc:292]   Dimensions:      4000 x 2250
2026-05-18T22:17:03 COLMAP[feature_extractor] I20260518 22:17:03.063521    82 feature_extraction.cc:295]   Camera:          #1 - SIMPLE_RADIAL
2026-05-18T22:17:03 COLMAP[feature_extractor] I20260518 22:17:03.063532    82 feature_extraction.cc:298]   Focal Length:    2545.54px (Prior)
2026-05-18T22:17:03 COLMAP[feature_extractor] I20260518 22:17:03.063548    82 feature_extraction.cc:302]   Features:        8626 (SIFT)
2026-05-18T22:17:04 COLMAP[feature_extractor] I20260518 22:17:03.278234    82 feature_extraction.cc:316]   GPS:             LAT=40.521, LON=-111.893, ALT=1473.799
2026-05-18T22:17:04 COLMAP[feature_extractor] I20260518 22:17:03.278321    82 feature_extraction.cc:323]   Gravity:         X=0.000, Y=1.000, Z=0.000
2026-05-18T22:17:05 COLMAP[feature_extractor] I20260518 22:17:05.043601    82 feature_extraction.cc:280] Processed file [1362/1710]
2026-05-18T22:17:05 COLMAP[feature_extractor] I20260518 22:17:05.043653    82 feature_extraction.cc:283]   Name:            DJI_01362.JPG
2026-05-18T22:17:05 COLMAP[feature_extractor] I20260518 22:17:05.043666    82 feature_extraction.cc:292]   Dimensions:      4000 x 2250
2026-05-18T22:17:05 COLMAP[feature_extractor] I20260518 22:17:05.043676    82 feature_extraction.cc:295]   Camera:          #1 - SIMPLE_RADIAL
2026-05-18T22:17:05 COLMAP[feature_extractor] I20260518 22:17:05.043689    82 feature_extraction.cc:298]   Focal Length:    2545.54px (Prior)
2026-05-18T22:17:05 COLMAP[feature_extractor] I20260518 22:17:05.043704    82 feature_extraction.cc:302]   Features:        8567 (SIFT)
2026-05-18T22:17:06 COLMAP[feature_extractor] I20260518 22:17:05.265235    82 feature_extraction.cc:316]   GPS:             LAT=40.521, LON=-111.893, ALT=1474.499
2026-05-18T22:17:06 COLMAP[feature_extractor] I20260518 22:17:05.265292    82 feature_extraction.cc:323]   Gravity:         X=0.000, Y=1.000, Z=0.000
2026-05-18T22:17:08 COLMAP[feature_extractor] I20260518 22:17:07.866462    82 feature_extraction.cc:280] Processed file [1363/1710]
2026-05-18T22:17:08 COLMAP[feature_extractor] I20260518 22:17:07.866518    82 feature_extraction.cc:283]   Name:            DJI_01363.JPG
2026-05-18T22:17:08 COLMAP[feature_extractor] I20260518 22:17:07.866529    82 feature_extraction.cc:292]   Dimensions:      4000 x 2250
2026-05-18T22:17:08 COLMAP[feature_extractor] I20260518 22:17:07.866540    82 feature_extraction.cc:295]   Camera:          #1 - SIMPLE_RADIAL
2026-05-18T22:17:08 COLMAP[feature_extractor] I20260518 22:17:07.866551    82 feature_extraction.cc:298]   Focal Length:    2545.54px (Prior)
2026-05-18T22:17:08 COLMAP[feature_extractor] I20260518 22:17:07.866567    82 feature_extraction.cc:302]   Features:        8719 (SIFT)
2026-05-18T22:17:08 COLMAP[feature_extractor] I20260518 22:17:08.097967    82 feature_extraction.cc:316]   GPS:             LAT=40.521, LON=-111.893, ALT=1475.199
2026-05-18T22:17:08 COLMAP[feature_extractor] I20260518 22:17:08.098018    82 feature_extraction.cc:323]   Gravity:         X=0.000, Y=1.000, Z=0.000
2026-05-18T22:17:10 COLMAP[feature_extractor] I20260518 22:17:10.605254    82 feature_extraction.cc:280] Processed file [1364/1710]
2026-05-18T22:17:10 COLMAP[feature_extractor] I20260518 22:17:10.605324    82 feature_extraction.cc:283]   Name:            DJI_01364.JPG
2026-05-18T22:17:10 COLMAP[feature_extractor] I20260518 22:17:10.605335    82 feature_extraction.cc:292]   Dimensions:      4000 x 2250
2026-05-18T22:17:10 COLMAP[feature_extractor] I20260518 22:17:10.605346    82 feature_extraction.cc:295]   Camera:          #1 - SIMPLE_RADIAL
2026-05-18T22:17:10 COLMAP[feature_extractor] I20260518 22:17:10.605358    82 feature_extraction.cc:298]   Focal Length:    2545.54px (Prior)
2026-05-18T22:17:10 COLMAP[feature_extractor] I20260518 22:17:10.605382    82 feature_extraction.cc:302]   Features:        9011 (SIFT)
2026-05-18T22:17:12 COLMAP[feature_extractor] I20260518 22:17:10.859581    82 feature_extraction.cc:316]   GPS:             LAT=40.521, LON=-111.893, ALT=1475.799
2026-05-18T22:17:12 COLMAP[feature_extractor] I20260518 22:17:10.859635    82 feature_extraction.cc:323]   Gravity:         X=0.000, Y=1.000, Z=0.000
2026-05-18T22:17:12 COLMAP[feature_extractor] I20260518 22:17:12.260499    82 feature_extraction.cc:280] Processed file [1365/1710]
2026-05-18T22:17:12 COLMAP[feature_extractor] I20260518 22:17:12.260561    82 feature_extraction.cc:283]   Name:            DJI_01365.JPG
2026-05-18T22:17:12 COLMAP[feature_extractor] I20260518 22:17:12.260576    82 feature_extraction.cc:292]   Dimensions:      4000 x 2250
2026-05-18T22:17:12 COLMAP[feature_extractor] I20260518 22:17:12.260587    82 feature_extraction.cc:295]   Camera:          #1 - SIMPLE_RADIAL
2026-05-18T22:17:12 COLMAP[feature_extractor] I20260518 22:17:12.260599    82 feature_extraction.cc:298]   Focal Length:    2545.54px (Prior)
2026-05-18T22:17:12 COLMAP[feature_extractor] I20260518 22:17:12.260615    82 feature_extraction.cc:302]   Features:        9102 (SIFT)
2026-05-18T22:17:13 COLMAP[feature_extractor] I20260518 22:17:12.654974    82 feature_extraction.cc:316]   GPS:             LAT=40.521, LON=-111.894, ALT=1475.899
2026-05-18T22:17:13 COLMAP[feature_extractor] I20260518 22:17:12.655026    82 feature_extraction.cc:323]   Gravity:         X=0.000, Y=1.000, Z=0.000
2026-05-18T22:17:14 COLMAP[feature_extractor] I20260518 22:17:14.507398    82 feature_extraction.cc:280] Processed file [1366/1710]
2026-05-18T22:17:14 COLMAP[feature_extractor] I20260518 22:17:14.507459    82 feature_extraction.cc:283]   Name:            DJI_01366.JPG
2026-05-18T22:17:14 COLMAP[feature_extractor] I20260518 22:17:14.507472    82 feature_extraction.cc:292]   Dimensions:      4000 x 2250
2026-05-18T22:17:14 COLMAP[feature_extractor] I20260518 22:17:14.507483    82 feature_extraction.cc:295]   Camera:          #1 - SIMPLE_RADIAL
2026-05-18T22:17:14 COLMAP[feature_extractor] I20260518 22:17:14.507494    82 feature_extraction.cc:298]   Focal Length:    2545.54px (Prior)
2026-05-18T22:17:14 COLMAP[feature_extractor] I20260518 22:17:14.507510    82 feature_extraction.cc:302]   Features:        9284 (SIFT)
2026-05-18T22:17:16 COLMAP[feature_extractor] I20260518 22:17:14.753947    82 feature_extraction.cc:316]   GPS:             LAT=40.522, LON=-111.894, ALT=1476.899
2026-05-18T22:17:16 COLMAP[feature_extractor] I20260518 22:17:14.754002    82 feature_extraction.cc:323]   Gravity:         X=0.000, Y=1.000, Z=0.000
2026-05-18T22:17:17 COLMAP[feature_extractor] I20260518 22:17:16.942593    82 feature_extraction.cc:280] Processed file [1367/1710]
2026-05-18T22:17:17 COLMAP[feature_extractor] I20260518 22:17:16.942649    82 feature_extraction.cc:283]   Name:            DJI_01367.JPG
2026-05-18T22:17:17 COLMAP[feature_extractor] I20260518 22:17:16.942662    82 feature_extraction.cc:292]   Dimensions:      4000 x 2250
2026-05-18T22:17:17 COLMAP[feature_extractor] I20260518 22:17:16.942672    82 feature_extraction.cc:295]   Camera:          #1 - SIMPLE_RADIAL
2026-05-18T22:17:17 COLMAP[feature_extractor] I20260518 22:17:16.942684    82 feature_extraction.cc:298]   Focal Length:    2545.54px (Prior)
2026-05-18T22:17:17 COLMAP[feature_extractor] I20260518 22:17:16.942700    82 feature_extraction.cc:302]   Features:        9243 (SIFT)
2026-05-18T22:17:17 COLMAP[feature_extractor] I20260518 22:17:17.171728    82 feature_extraction.cc:316]   GPS:             LAT=40.522, LON=-111.894, ALT=1476.999
2026-05-18T22:17:17 COLMAP[feature_extractor] I20260518 22:17:17.171782    82 feature_extraction.cc:323]   Gravity:         X=0.000, Y=1.000, Z=0.000
2026-05-18T22:17:19 COLMAP[feature_extractor] I20260518 22:17:19.831408    82 feature_extraction.cc:280] Processed file [1368/1710]
2026-05-18T22:17:19 COLMAP[feature_extractor] I20260518 22:17:19.831465    82 feature_extraction.cc:283]   Name:            DJI_01368.JPG
2026-05-18T22:17:19 COLMAP[feature_extractor] I20260518 22:17:19.831477    82 feature_extraction.cc:292]   Dimensions:      4000 x 2250
2026-05-18T22:17:19 COLMAP[feature_extractor] I20260518 22:17:19.831488    82 feature_extraction.cc:295]   Camera:          #1 - SIMPLE_RADIAL
2026-05-18T22:17:19 COLMAP[feature_extractor] I20260518 22:17:19.831499    82 feature_extraction.cc:298]   Focal Length:    2545.54px (Prior)
2026-05-18T22:17:19 COLMAP[feature_extractor] I20260518 22:17:19.831516    82 feature_extraction.cc:302]   Features:        9168 (SIFT)
2026-05-18T22:17:20 COLMAP[feature_extractor] I20260518 22:17:20.007305    82 feature_extraction.cc:316]   GPS:             LAT=40.522, LON=-111.894, ALT=1476.699
2026-05-18T22:17:20 COLMAP[feature_extractor] I20260518 22:17:20.007359    82 feature_extraction.cc:323]   Gravity:         X=0.000, Y=1.000, Z=0.000
2026-05-18T22:17:21 COLMAP[feature_extractor] I20260518 22:17:21.476630    82 feature_extraction.cc:280] Processed file [1369/1710]
2026-05-18T22:17:21 COLMAP[feature_extractor] I20260518 22:17:21.476691    82 feature_extraction.cc:283]   Name:            DJI_01369.JPG
2026-05-18T22:17:21 COLMAP[feature_extractor] I20260518 22:17:21.476703    82 feature_extraction.cc:292]   Dimensions:      4000 x 2250
2026-05-18T22:17:21 COLMAP[feature_extractor] I20260518 22:17:21.476714    82 feature_extraction.cc:295]   Camera:          #1 - SIMPLE_RADIAL
2026-05-18T22:17:21 COLMAP[feature_extractor] I20260518 22:17:21.476758    82 feature_extraction.cc:298]   Focal Length:    2545.54px (Prior)
2026-05-18T22:17:21 COLMAP[feature_extractor] I20260518 22:17:21.476773    82 feature_extraction.cc:302]   Features:        9113 (SIFT)
2026-05-18T22:17:21 COLMAP[feature_extractor] I20260518 22:17:21.671394    82 feature_extraction.cc:316]   GPS:             LAT=40.522, LON=-111.894, ALT=1476.799
2026-05-18T22:17:21 COLMAP[feature_extractor] I20260518 22:17:21.671459    82 feature_extraction.cc:323]   Gravity:         X=0.000, Y=1.000, Z=0.000
2026-05-18T22:17:24 COLMAP[feature_extractor] I20260518 22:17:23.568394    82 feature_extraction.cc:280] Processed file [1370/1710]
2026-05-18T22:17:24 COLMAP[feature_extractor] I20260518 22:17:23.568454    82 feature_extraction.cc:283]   Name:            DJI_01370.JPG
2026-05-18T22:17:24 COLMAP[feature_extractor] I20260518 22:17:23.568466    82 feature_extraction.cc:292]   Dimensions:      4000 x 2250
2026-05-18T22:17:24 COLMAP[feature_extractor] I20260518 22:17:23.568477    82 feature_extraction.cc:295]   Camera:          #1 - SIMPLE_RADIAL
2026-05-18T22:17:24 COLMAP[feature_extractor] I20260518 22:17:23.568488    82 feature_extraction.cc:298]   Focal Length:    2545.54px (Prior)
2026-05-18T22:17:24 COLMAP[feature_extractor] I20260518 22:17:23.568504    82 feature_extraction.cc:302]   Features:        8685 (SIFT)
2026-05-18T22:17:24 COLMAP[feature_extractor] I20260518 22:17:23.807163    82 feature_extraction.cc:316]   GPS:             LAT=40.521, LON=-111.894, ALT=1477.299
2026-05-18T22:17:24 COLMAP[feature_extractor] I20260518 22:17:23.807222    82 feature_extraction.cc:323]   Gravity:         X=0.000, Y=1.000, Z=0.000
2026-05-18T22:17:27 COLMAP[feature_extractor] I20260518 22:17:26.121798    82 feature_extraction.cc:280] Processed file [1371/1710]
2026-05-18T22:17:27 COLMAP[feature_extractor] I20260518 22:17:26.121862    82 feature_extraction.cc:283]   Name:            DJI_01371.JPG
2026-05-18T22:17:27 COLMAP[feature_extractor] I20260518 22:17:26.121876    82 feature_extraction.cc:292]   Dimensions:      4000 x 2250
2026-05-18T22:17:27 COLMAP[feature_extractor] I20260518 22:17:26.121886    82 feature_extraction.cc:295]   Camera:          #1 - SIMPLE_RADIAL
2026-05-18T22:17:27 COLMAP[feature_extractor] I20260518 22:17:26.121897    82 feature_extraction.cc:298]   Focal Length:    2545.54px (Prior)
2026-05-18T22:17:27 COLMAP[feature_extractor] I20260518 22:17:26.121912    82 feature_extraction.cc:302]   Features:        8954 (SIFT)
2026-05-18T22:17:27 COLMAP[feature_extractor] I20260518 22:17:26.335145    82 feature_extraction.cc:316]   GPS:             LAT=40.521, LON=-111.894, ALT=1477.899
2026-05-18T22:17:27 COLMAP[feature_extractor] I20260518 22:17:26.335202    82 feature_extraction.cc:323]   Gravity:         X=0.000, Y=1.000, Z=0.000
2026-05-18T22:17:29 COLMAP[feature_extractor] I20260518 22:17:29.100639    82 feature_extraction.cc:280] Processed file [1372/1710]
2026-05-18T22:17:29 COLMAP[feature_extractor] I20260518 22:17:29.100692    82 feature_extraction.cc:283]   Name:            DJI_01372.JPG
2026-05-18T22:17:29 COLMAP[feature_extractor] I20260518 22:17:29.100705    82 feature_extraction.cc:292]   Dimensions:      4000 x 2250
2026-05-18T22:17:29 COLMAP[feature_extractor] I20260518 22:17:29.100715    82 feature_extraction.cc:295]   Camera:          #1 - SIMPLE_RADIAL
2026-05-18T22:17:29 COLMAP[feature_extractor] I20260518 22:17:29.100728    82 feature_extraction.cc:298]   Focal Length:    2545.54px (Prior)
2026-05-18T22:17:29 COLMAP[feature_extractor] I20260518 22:17:29.100742    82 feature_extraction.cc:302]   Features:        8884 (SIFT)
2026-05-18T22:17:29 COLMAP[feature_extractor] I20260518 22:17:29.337787    82 feature_extraction.cc:316]   GPS:             LAT=40.521, LON=-111.893, ALT=1478.599
2026-05-18T22:17:29 COLMAP[feature_extractor] I20260518 22:17:29.337845    82 feature_extraction.cc:323]   Gravity:         X=0.000, Y=1.000, Z=0.000
2026-05-18T22:17:31 COLMAP[feature_extractor] I20260518 22:17:30.697613    82 feature_extraction.cc:280] Processed file [1373/1710]
2026-05-18T22:17:31 COLMAP[feature_extractor] I20260518 22:17:30.697669    82 feature_extraction.cc:283]   Name:            DJI_01373.JPG
2026-05-18T22:17:31 COLMAP[feature_extractor] I20260518 22:17:30.697681    82 feature_extraction.cc:292]   Dimensions:      4000 x 2250
2026-05-18T22:17:31 COLMAP[feature_extractor] I20260518 22:17:30.697692    82 feature_extraction.cc:295]   Camera:          #1 - SIMPLE_RADIAL
2026-05-18T22:17:31 COLMAP[feature_extractor] I20260518 22:17:30.697703    82 feature_extraction.cc:298]   Focal Length:    2545.54px (Prior)
2026-05-18T22:17:31 COLMAP[feature_extractor] I20260518 22:17:30.697719    82 feature_extraction.cc:302]   Features:        9054 (SIFT)
2026-05-18T22:17:31 COLMAP[feature_extractor] I20260518 22:17:30.948181    82 feature_extraction.cc:316]   GPS:             LAT=40.521, LON=-111.893, ALT=1479.199
2026-05-18T22:17:31 COLMAP[feature_extractor] I20260518 22:17:30.948233    82 feature_extraction.cc:323]   Gravity:         X=0.000, Y=1.000, Z=0.000
2026-05-18T22:17:34 COLMAP[feature_extractor] I20260518 22:17:33.036971    82 feature_extraction.cc:280] Processed file [1374/1710]
2026-05-18T22:17:34 COLMAP[feature_extractor] I20260518 22:17:33.037025    82 feature_extraction.cc:283]   Name:            DJI_01374.JPG
2026-05-18T22:17:34 COLMAP[feature_extractor] I20260518 22:17:33.037037    82 feature_extraction.cc:292]   Dimensions:      4000 x 2250
2026-05-18T22:17:34 COLMAP[feature_extractor] I20260518 22:17:33.037048    82 feature_extraction.cc:295]   Camera:          #1 - SIMPLE_RADIAL
2026-05-18T22:17:34 COLMAP[feature_extractor] I20260518 22:17:33.037060    82 feature_extraction.cc:298]   Focal Length:    2545.54px (Prior)
2026-05-18T22:17:34 COLMAP[feature_extractor] I20260518 22:17:33.037075    82 feature_extraction.cc:302]   Features:        9162 (SIFT)
2026-05-18T22:17:34 COLMAP[feature_extractor] I20260518 22:17:33.386708    82 feature_extraction.cc:316]   GPS:             LAT=40.521, LON=-111.893, ALT=1479.399
2026-05-18T22:17:34 COLMAP[feature_extractor] I20260518 22:17:33.386785    82 feature_extraction.cc:323]   Gravity:         X=0.000, Y=1.000, Z=0.000
2026-05-18T22:17:35 COLMAP[feature_extractor] I20260518 22:17:35.239394    82 feature_extraction.cc:280] Processed file [1375/1710]
2026-05-18T22:17:35 COLMAP[feature_extractor] I20260518 22:17:35.239455    82 feature_extraction.cc:283]   Name:            DJI_01375.JPG
2026-05-18T22:17:35 COLMAP[feature_extractor] I20260518 22:17:35.239468    82 feature_extraction.cc:292]   Dimensions:      4000 x 2250
2026-05-18T22:17:35 COLMAP[feature_extractor] I20260518 22:17:35.239480    82 feature_extraction.cc:295]   Camera:          #1 - SIMPLE_RADIAL
2026-05-18T22:17:35 COLMAP[feature_extractor] I20260518 22:17:35.239493    82 feature_extraction.cc:298]   Focal Length:    2545.54px (Prior)
2026-05-18T22:17:35 COLMAP[feature_extractor] I20260518 22:17:35.239508    82 feature_extraction.cc:302]   Features:        9209 (SIFT)
2026-05-18T22:17:36 COLMAP[feature_extractor] I20260518 22:17:35.483744    82 feature_extraction.cc:316]   GPS:             LAT=40.521, LON=-111.893, ALT=1480.399
2026-05-18T22:17:36 COLMAP[feature_extractor] I20260518 22:17:35.483805    82 feature_extraction.cc:323]   Gravity:         X=0.000, Y=1.000, Z=0.000
2026-05-18T22:17:38 COLMAP[feature_extractor] I20260518 22:17:38.427927    82 feature_extraction.cc:280] Processed file [1376/1710]
2026-05-18T22:17:38 COLMAP[feature_extractor] I20260518 22:17:38.427989    82 feature_extraction.cc:283]   Name:            DJI_01376.JPG
2026-05-18T22:17:38 COLMAP[feature_extractor] I20260518 22:17:38.428002    82 feature_extraction.cc:292]   Dimensions:      4000 x 2250
2026-05-18T22:17:38 COLMAP[feature_extractor] I20260518 22:17:38.428013    82 feature_extraction.cc:295]   Camera:          #1 - SIMPLE_RADIAL
2026-05-18T22:17:38 COLMAP[feature_extractor] I20260518 22:17:38.428025    82 feature_extraction.cc:298]   Focal Length:    2545.54px (Prior)
2026-05-18T22:17:38 COLMAP[feature_extractor] I20260518 22:17:38.428040    82 feature_extraction.cc:302]   Features:        8919 (SIFT)
2026-05-18T22:17:39 COLMAP[feature_extractor] I20260518 22:17:38.649077    82 feature_extraction.cc:316]   GPS:             LAT=40.521, LON=-111.892, ALT=1480.999
2026-05-18T22:17:39 COLMAP[feature_extractor] I20260518 22:17:38.649135    82 feature_extraction.cc:323]   Gravity:         X=0.000, Y=1.000, Z=0.000
2026-05-18T22:17:40 COLMAP[feature_extractor] I20260518 22:17:39.896155    82 feature_extraction.cc:280] Processed file [1377/1710]
2026-05-18T22:17:40 COLMAP[feature_extractor] I20260518 22:17:39.896209    82 feature_extraction.cc:283]   Name:            DJI_01377.JPG
2026-05-18T22:17:40 COLMAP[feature_extractor] I20260518 22:17:39.896220    82 feature_extraction.cc:292]   Dimensions:      4000 x 2250
2026-05-18T22:17:40 COLMAP[feature_extractor] I20260518 22:17:39.896230    82 feature_extraction.cc:295]   Camera:          #1 - SIMPLE_RADIAL
2026-05-18T22:17:40 COLMAP[feature_extractor] I20260518 22:17:39.896239    82 feature_extraction.cc:298]   Focal Length:    2545.54px (Prior)
2026-05-18T22:17:40 COLMAP[feature_extractor] I20260518 22:17:39.896253    82 feature_extraction.cc:302]   Features:        8702 (SIFT)
2026-05-18T22:17:40 COLMAP[feature_extractor] I20260518 22:17:40.288558    82 feature_extraction.cc:316]   GPS:             LAT=40.521, LON=-111.892, ALT=1481.699
2026-05-18T22:17:40 COLMAP[feature_extractor] I20260518 22:17:40.288611    82 feature_extraction.cc:323]   Gravity:         X=0.000, Y=1.000, Z=0.000
2026-05-18T22:17:44 COLMAP[feature_extractor] I20260518 22:17:42.292629    82 feature_extraction.cc:280] Processed file [1378/1710]
2026-05-18T22:17:44 COLMAP[feature_extractor] I20260518 22:17:42.292716    82 feature_extraction.cc:283]   Name:            DJI_01378.JPG
2026-05-18T22:17:44 COLMAP[feature_extractor] I20260518 22:17:42.292730    82 feature_extraction.cc:292]   Dimensions:      4000 x 2250
2026-05-18T22:17:44 COLMAP[feature_extractor] I20260518 22:17:42.292739    82 feature_extraction.cc:295]   Camera:          #1 - SIMPLE_RADIAL
2026-05-18T22:17:44 COLMAP[feature_extractor] I20260518 22:17:42.292748    82 feature_extraction.cc:298]   Focal Length:    2545.54px (Prior)
2026-05-18T22:17:44 COLMAP[feature_extractor] I20260518 22:17:42.292762    82 feature_extraction.cc:302]   Features:        8478 (SIFT)
2026-05-18T22:17:44 COLMAP[feature_extractor] I20260518 22:17:42.537415    82 feature_extraction.cc:316]   GPS:             LAT=40.521, LON=-111.892, ALT=1482.899
2026-05-18T22:17:44 COLMAP[feature_extractor] I20260518 22:17:42.537472    82 feature_extraction.cc:323]   Gravity:         X=0.000, Y=1.000, Z=0.000
2026-05-18T22:17:45 COLMAP[feature_extractor] I20260518 22:17:44.547336    82 feature_extraction.cc:280] Processed file [1379/1710]
2026-05-18T22:17:45 COLMAP[feature_extractor] I20260518 22:17:44.547408    82 feature_extraction.cc:283]   Name:            DJI_01379.JPG
2026-05-18T22:17:45 COLMAP[feature_extractor] I20260518 22:17:44.547421    82 feature_extraction.cc:292]   Dimensions:      4000 x 2250
2026-05-18T22:17:45 COLMAP[feature_extractor] I20260518 22:17:44.547430    82 feature_extraction.cc:295]   Camera:          #1 - SIMPLE_RADIAL
2026-05-18T22:17:45 COLMAP[feature_extractor] I20260518 22:17:44.547441    82 feature_extraction.cc:298]   Focal Length:    2545.54px (Prior)
2026-05-18T22:17:45 COLMAP[feature_extractor] I20260518 22:17:44.547453    82 feature_extraction.cc:302]   Features:        8699 (SIFT)
2026-05-18T22:17:45 COLMAP[feature_extractor] I20260518 22:17:44.838634    82 feature_extraction.cc:316]   GPS:             LAT=40.521, LON=-111.891, ALT=1483.199
2026-05-18T22:17:45 COLMAP[feature_extractor] I20260518 22:17:44.838691    82 feature_extraction.cc:323]   Gravity:         X=0.000, Y=1.000, Z=0.000
2026-05-18T22:17:47 COLMAP[feature_extractor] I20260518 22:17:47.572098    82 feature_extraction.cc:280] Processed file [1380/1710]
2026-05-18T22:17:47 COLMAP[feature_extractor] I20260518 22:17:47.572152    82 feature_extraction.cc:283]   Name:            DJI_01380.JPG
2026-05-18T22:17:47 COLMAP[feature_extractor] I20260518 22:17:47.572165    82 feature_extraction.cc:292]   Dimensions:      4000 x 2250
2026-05-18T22:17:47 COLMAP[feature_extractor] I20260518 22:17:47.572175    82 feature_extraction.cc:295]   Camera:          #1 - SIMPLE_RADIAL
2026-05-18T22:17:47 COLMAP[feature_extractor] I20260518 22:17:47.572186    82 feature_extraction.cc:298]   Focal Length:    2545.54px (Prior)
2026-05-18T22:17:47 COLMAP[feature_extractor] I20260518 22:17:47.572202    82 feature_extraction.cc:302]   Features:        8674 (SIFT)
2026-05-18T22:17:48 COLMAP[feature_extractor] I20260518 22:17:47.899541    82 feature_extraction.cc:316]   GPS:             LAT=40.521, LON=-111.891, ALT=1485.199
2026-05-18T22:17:48 COLMAP[feature_extractor] I20260518 22:17:47.899595    82 feature_extraction.cc:323]   Gravity:         X=0.000, Y=1.000, Z=0.000
2026-05-18T22:17:49 COLMAP[feature_extractor] I20260518 22:17:49.049597    82 feature_extraction.cc:280] Processed file [1381/1710]
2026-05-18T22:17:49 COLMAP[feature_extractor] I20260518 22:17:49.049649    82 feature_extraction.cc:283]   Name:            DJI_01381.JPG
2026-05-18T22:17:49 COLMAP[feature_extractor] I20260518 22:17:49.049661    82 feature_extraction.cc:292]   Dimensions:      4000 x 2250
2026-05-18T22:17:49 COLMAP[feature_extractor] I20260518 22:17:49.049671    82 feature_extraction.cc:295]   Camera:          #1 - SIMPLE_RADIAL
2026-05-18T22:17:49 COLMAP[feature_extractor] I20260518 22:17:49.049683    82 feature_extraction.cc:298]   Focal Length:    2545.54px (Prior)
2026-05-18T22:17:49 COLMAP[feature_extractor] I20260518 22:17:49.049698    82 feature_extraction.cc:302]   Features:        9537 (SIFT)
2026-05-18T22:17:49 COLMAP[feature_extractor] I20260518 22:17:49.389220    82 feature_extraction.cc:316]   GPS:             LAT=40.521, LON=-111.891, ALT=1483.499
2026-05-18T22:17:49 COLMAP[feature_extractor] I20260518 22:17:49.389273    82 feature_extraction.cc:323]   Gravity:         X=0.000, Y=1.000, Z=0.000
2026-05-18T22:17:51 COLMAP[feature_extractor] I20260518 22:17:51.350978    82 feature_extraction.cc:280] Processed file [1382/1710]
2026-05-18T22:17:51 COLMAP[feature_extractor] I20260518 22:17:51.351028    82 feature_extraction.cc:283]   Name:            DJI_01382.JPG
2026-05-18T22:17:51 COLMAP[feature_extractor] I20260518 22:17:51.351040    82 feature_extraction.cc:292]   Dimensions:      4000 x 2250
2026-05-18T22:17:51 COLMAP[feature_extractor] I20260518 22:17:51.351051    82 feature_extraction.cc:295]   Camera:          #1 - SIMPLE_RADIAL
2026-05-18T22:17:51 COLMAP[feature_extractor] I20260518 22:17:51.351063    82 feature_extraction.cc:298]   Focal Length:    2545.54px (Prior)
2026-05-18T22:17:51 COLMAP[feature_extractor] I20260518 22:17:51.351079    82 feature_extraction.cc:302]   Features:        11599 (SIFT)
2026-05-18T22:17:51 COLMAP[feature_extractor] I20260518 22:17:51.537730    82 feature_extraction.cc:316]   GPS:             LAT=40.521, LON=-111.891, ALT=1485.499
2026-05-18T22:17:51 COLMAP[feature_extractor] I20260518 22:17:51.537781    82 feature_extraction.cc:323]   Gravity:         X=0.000, Y=1.000, Z=0.000
2026-05-18T22:17:54 COLMAP[feature_extractor] I20260518 22:17:53.698047    82 feature_extraction.cc:280] Processed file [1383/1710]
2026-05-18T22:17:54 COLMAP[feature_extractor] I20260518 22:17:53.698105    82 feature_extraction.cc:283]   Name:            DJI_01383.JPG
2026-05-18T22:17:54 COLMAP[feature_extractor] I20260518 22:17:53.698117    82 feature_extraction.cc:292]   Dimensions:      4000 x 2250
2026-05-18T22:17:54 COLMAP[feature_extractor] I20260518 22:17:53.698128    82 feature_extraction.cc:295]   Camera:          #1 - SIMPLE_RADIAL
2026-05-18T22:17:54 COLMAP[feature_extractor] I20260518 22:17:53.698174    82 feature_extraction.cc:298]   Focal Length:    2545.54px (Prior)
2026-05-18T22:17:54 COLMAP[feature_extractor] I20260518 22:17:53.698190    82 feature_extraction.cc:302]   Features:        9465 (SIFT)
2026-05-18T22:17:54 COLMAP[feature_extractor] I20260518 22:17:54.012585    82 feature_extraction.cc:316]   GPS:             LAT=40.521, LON=-111.891, ALT=1485.899
2026-05-18T22:17:54 COLMAP[feature_extractor] I20260518 22:17:54.012638    82 feature_extraction.cc:323]   Gravity:         X=0.000, Y=1.000, Z=0.000
2026-05-18T22:17:58 COLMAP[feature_extractor] I20260518 22:17:56.922385    82 feature_extraction.cc:280] Processed file [1384/1710]
2026-05-18T22:17:58 COLMAP[feature_extractor] I20260518 22:17:56.922438    82 feature_extraction.cc:283]   Name:            DJI_01384.JPG
2026-05-18T22:17:58 COLMAP[feature_extractor] I20260518 22:17:56.922451    82 feature_extraction.cc:292]   Dimensions:      4000 x 2250
2026-05-18T22:17:58 COLMAP[feature_extractor] I20260518 22:17:56.922461    82 feature_extraction.cc:295]   Camera:          #1 - SIMPLE_RADIAL
2026-05-18T22:17:58 COLMAP[feature_extractor] I20260518 22:17:56.922472    82 feature_extraction.cc:298]   Focal Length:    2545.54px (Prior)
2026-05-18T22:17:58 COLMAP[feature_extractor] I20260518 22:17:56.922487    82 feature_extraction.cc:302]   Features:        9523 (SIFT)
2026-05-18T22:17:58 COLMAP[feature_extractor] I20260518 22:17:57.158294    82 feature_extraction.cc:316]   GPS:             LAT=40.521, LON=-111.891, ALT=1485.699
2026-05-18T22:17:58 COLMAP[feature_extractor] I20260518 22:17:57.158354    82 feature_extraction.cc:323]   Gravity:         X=0.000, Y=1.000, Z=0.000
2026-05-18T22:17:58 COLMAP[feature_extractor] I20260518 22:17:58.182839    82 feature_extraction.cc:280] Processed file [1385/1710]
2026-05-18T22:17:58 COLMAP[feature_extractor] I20260518 22:17:58.182896    82 feature_extraction.cc:283]   Name:            DJI_01385.JPG
2026-05-18T22:17:58 COLMAP[feature_extractor] I20260518 22:17:58.182909    82 feature_extraction.cc:292]   Dimensions:      4000 x 2250
2026-05-18T22:17:58 COLMAP[feature_extractor] I20260518 22:17:58.182919    82 feature_extraction.cc:295]   Camera:          #1 - SIMPLE_RADIAL
2026-05-18T22:17:58 COLMAP[feature_extractor] I20260518 22:17:58.182930    82 feature_extraction.cc:298]   Focal Length:    2545.54px (Prior)
2026-05-18T22:17:58 COLMAP[feature_extractor] I20260518 22:17:58.182945    82 feature_extraction.cc:302]   Features:        9547 (SIFT)
2026-05-18T22:18:00 COLMAP[feature_extractor] I20260518 22:17:58.460829    82 feature_extraction.cc:316]   GPS:             LAT=40.521, LON=-111.891, ALT=1485.399
2026-05-18T22:18:00 COLMAP[feature_extractor] I20260518 22:17:58.460883    82 feature_extraction.cc:323]   Gravity:         X=0.000, Y=1.000, Z=0.000
2026-05-18T22:18:01 COLMAP[feature_extractor] I20260518 22:18:00.583338    82 feature_extraction.cc:280] Processed file [1386/1710]
2026-05-18T22:18:01 COLMAP[feature_extractor] I20260518 22:18:00.583405    82 feature_extraction.cc:283]   Name:            DJI_01386.JPG
2026-05-18T22:18:01 COLMAP[feature_extractor] I20260518 22:18:00.583418    82 feature_extraction.cc:292]   Dimensions:      4000 x 2250
2026-05-18T22:18:01 COLMAP[feature_extractor] I20260518 22:18:00.583429    82 feature_extraction.cc:295]   Camera:          #1 - SIMPLE_RADIAL
2026-05-18T22:18:01 COLMAP[feature_extractor] I20260518 22:18:00.583441    82 feature_extraction.cc:298]   Focal Length:    2545.54px (Prior)
2026-05-18T22:18:01 COLMAP[feature_extractor] I20260518 22:18:00.583456    82 feature_extraction.cc:302]   Features:        9614 (SIFT)
2026-05-18T22:18:01 COLMAP[feature_extractor] I20260518 22:18:00.999531    82 feature_extraction.cc:316]   GPS:             LAT=40.521, LON=-111.891, ALT=1485.899
2026-05-18T22:18:01 COLMAP[feature_extractor] I20260518 22:18:00.999579    82 feature_extraction.cc:323]   Gravity:         X=0.000, Y=1.000, Z=0.000
2026-05-18T22:18:03 COLMAP[feature_extractor] I20260518 22:18:03.164328    82 feature_extraction.cc:280] Processed file [1387/1710]
2026-05-18T22:18:03 COLMAP[feature_extractor] I20260518 22:18:03.164386    82 feature_extraction.cc:283]   Name:            DJI_01387.JPG
2026-05-18T22:18:03 COLMAP[feature_extractor] I20260518 22:18:03.164399    82 feature_extraction.cc:292]   Dimensions:      4000 x 2250
2026-05-18T22:18:03 COLMAP[feature_extractor] I20260518 22:18:03.164410    82 feature_extraction.cc:295]   Camera:          #1 - SIMPLE_RADIAL
2026-05-18T22:18:03 COLMAP[feature_extractor] I20260518 22:18:03.164422    82 feature_extraction.cc:298]   Focal Length:    2545.54px (Prior)
2026-05-18T22:18:03 COLMAP[feature_extractor] I20260518 22:18:03.164438    82 feature_extraction.cc:302]   Features:        9690 (SIFT)
2026-05-18T22:18:04 COLMAP[feature_extractor] I20260518 22:18:03.397244    82 feature_extraction.cc:316]   GPS:             LAT=40.521, LON=-111.891, ALT=1486.099
2026-05-18T22:18:04 COLMAP[feature_extractor] I20260518 22:18:03.397300    82 feature_extraction.cc:323]   Gravity:         X=0.000, Y=1.000, Z=0.000
2026-05-18T22:18:06 COLMAP[feature_extractor] I20260518 22:18:06.301146    82 feature_extraction.cc:280] Processed file [1388/1710]
2026-05-18T22:18:06 COLMAP[feature_extractor] I20260518 22:18:06.301201    82 feature_extraction.cc:283]   Name:            DJI_01388.JPG
2026-05-18T22:18:06 COLMAP[feature_extractor] I20260518 22:18:06.301213    82 feature_extraction.cc:292]   Dimensions:      4000 x 2250
2026-05-18T22:18:06 COLMAP[feature_extractor] I20260518 22:18:06.301224    82 feature_extraction.cc:295]   Camera:          #1 - SIMPLE_RADIAL
2026-05-18T22:18:06 COLMAP[feature_extractor] I20260518 22:18:06.301236    82 feature_extraction.cc:298]   Focal Length:    2545.54px (Prior)
2026-05-18T22:18:06 COLMAP[feature_extractor] I20260518 22:18:06.301251    82 feature_extraction.cc:302]   Features:        9779 (SIFT)
2026-05-18T22:18:07 COLMAP[feature_extractor] I20260518 22:18:06.555248    82 feature_extraction.cc:316]   GPS:             LAT=40.521, LON=-111.891, ALT=1486.499
2026-05-18T22:18:07 COLMAP[feature_extractor] I20260518 22:18:06.555333    82 feature_extraction.cc:323]   Gravity:         X=0.000, Y=1.000, Z=0.000
2026-05-18T22:18:07 COLMAP[feature_extractor] I20260518 22:18:07.608625    82 feature_extraction.cc:280] Processed file [1389/1710]
2026-05-18T22:18:07 COLMAP[feature_extractor] I20260518 22:18:07.608686    82 feature_extraction.cc:283]   Name:            DJI_01389.JPG
2026-05-18T22:18:07 COLMAP[feature_extractor] I20260518 22:18:07.608700    82 feature_extraction.cc:292]   Dimensions:      4000 x 2250
2026-05-18T22:18:07 COLMAP[feature_extractor] I20260518 22:18:07.608709    82 feature_extraction.cc:295]   Camera:          #1 - SIMPLE_RADIAL
2026-05-18T22:18:07 COLMAP[feature_extractor] I20260518 22:18:07.608721    82 feature_extraction.cc:298]   Focal Length:    2545.54px (Prior)
2026-05-18T22:18:07 COLMAP[feature_extractor] I20260518 22:18:07.608736    82 feature_extraction.cc:302]   Features:        9564 (SIFT)
2026-05-18T22:18:08 COLMAP[feature_extractor] I20260518 22:18:07.876253    82 feature_extraction.cc:316]   GPS:             LAT=40.521, LON=-111.892, ALT=1486.699
2026-05-18T22:18:08 COLMAP[feature_extractor] I20260518 22:18:07.876309    82 feature_extraction.cc:323]   Gravity:         X=0.000, Y=1.000, Z=0.000
2026-05-18T22:18:09 COLMAP[feature_extractor] I20260518 22:18:09.754029    82 feature_extraction.cc:280] Processed file [1390/1710]
2026-05-18T22:18:09 COLMAP[feature_extractor] I20260518 22:18:09.754083    82 feature_extraction.cc:283]   Name:            DJI_01390.JPG
2026-05-18T22:18:09 COLMAP[feature_extractor] I20260518 22:18:09.754096    82 feature_extraction.cc:292]   Dimensions:      4000 x 2250
2026-05-18T22:18:09 COLMAP[feature_extractor] I20260518 22:18:09.754106    82 feature_extraction.cc:295]   Camera:          #1 - SIMPLE_RADIAL
2026-05-18T22:18:09 COLMAP[feature_extractor] I20260518 22:18:09.754117    82 feature_extraction.cc:298]   Focal Length:    2545.54px (Prior)
2026-05-18T22:18:09 COLMAP[feature_extractor] I20260518 22:18:09.754133    82 feature_extraction.cc:302]   Features:        9374 (SIFT)
2026-05-18T22:18:11 COLMAP[feature_extractor] I20260518 22:18:10.060408    82 feature_extraction.cc:316]   GPS:             LAT=40.521, LON=-111.892, ALT=1487.299
2026-05-18T22:18:11 COLMAP[feature_extractor] I20260518 22:18:10.060461    82 feature_extraction.cc:323]   Gravity:         X=0.000, Y=1.000, Z=0.000
2026-05-18T22:18:13 COLMAP[feature_extractor] I20260518 22:18:12.456822    82 feature_extraction.cc:280] Processed file [1391/1710]
2026-05-18T22:18:13 COLMAP[feature_extractor] I20260518 22:18:12.456902    82 feature_extraction.cc:283]   Name:            DJI_01391.JPG
2026-05-18T22:18:13 COLMAP[feature_extractor] I20260518 22:18:12.456915    82 feature_extraction.cc:292]   Dimensions:      4000 x 2250
2026-05-18T22:18:13 COLMAP[feature_extractor] I20260518 22:18:12.456925    82 feature_extraction.cc:295]   Camera:          #1 - SIMPLE_RADIAL
2026-05-18T22:18:13 COLMAP[feature_extractor] I20260518 22:18:12.456938    82 feature_extraction.cc:298]   Focal Length:    2545.54px (Prior)
2026-05-18T22:18:13 COLMAP[feature_extractor] I20260518 22:18:12.456952    82 feature_extraction.cc:302]   Features:        9156 (SIFT)
2026-05-18T22:18:13 COLMAP[feature_extractor] I20260518 22:18:12.680776    82 feature_extraction.cc:316]   GPS:             LAT=40.521, LON=-111.892, ALT=1487.799
2026-05-18T22:18:13 COLMAP[feature_extractor] I20260518 22:18:12.680838    82 feature_extraction.cc:323]   Gravity:         X=0.000, Y=1.000, Z=0.000
2026-05-18T22:18:15 COLMAP[feature_extractor] I20260518 22:18:15.558486    82 feature_extraction.cc:280] Processed file [1392/1710]
2026-05-18T22:18:15 COLMAP[feature_extractor] I20260518 22:18:15.558548    82 feature_extraction.cc:283]   Name:            DJI_01392.JPG
2026-05-18T22:18:15 COLMAP[feature_extractor] I20260518 22:18:15.558560    82 feature_extraction.cc:292]   Dimensions:      4000 x 2250
2026-05-18T22:18:15 COLMAP[feature_extractor] I20260518 22:18:15.558571    82 feature_extraction.cc:295]   Camera:          #1 - SIMPLE_RADIAL
2026-05-18T22:18:15 COLMAP[feature_extractor] I20260518 22:18:15.558583    82 feature_extraction.cc:298]   Focal Length:    2545.54px (Prior)
2026-05-18T22:18:15 COLMAP[feature_extractor] I20260518 22:18:15.558598    82 feature_extraction.cc:302]   Features:        9110 (SIFT)
2026-05-18T22:18:17 COLMAP[feature_extractor] I20260518 22:18:15.839038    82 feature_extraction.cc:316]   GPS:             LAT=40.521, LON=-111.892, ALT=1488.499
2026-05-18T22:18:17 COLMAP[feature_extractor] I20260518 22:18:15.839094    82 feature_extraction.cc:323]   Gravity:         X=0.000, Y=1.000, Z=0.000
2026-05-18T22:18:17 COLMAP[feature_extractor] I20260518 22:18:16.681695    82 feature_extraction.cc:280] Processed file [1393/1710]
2026-05-18T22:18:17 COLMAP[feature_extractor] I20260518 22:18:16.681751    82 feature_extraction.cc:283]   Name:            DJI_01393.JPG
2026-05-18T22:18:17 COLMAP[feature_extractor] I20260518 22:18:16.681762    82 feature_extraction.cc:292]   Dimensions:      4000 x 2250
2026-05-18T22:18:17 COLMAP[feature_extractor] I20260518 22:18:16.681773    82 feature_extraction.cc:295]   Camera:          #1 - SIMPLE_RADIAL
2026-05-18T22:18:17 COLMAP[feature_extractor] I20260518 22:18:16.681785    82 feature_extraction.cc:298]   Focal Length:    2545.54px (Prior)
2026-05-18T22:18:17 COLMAP[feature_extractor] I20260518 22:18:16.681802    82 feature_extraction.cc:302]   Features:        9195 (SIFT)
2026-05-18T22:18:17 COLMAP[feature_extractor] I20260518 22:18:16.911306    82 feature_extraction.cc:316]   GPS:             LAT=40.521, LON=-111.893, ALT=1488.799
2026-05-18T22:18:17 COLMAP[feature_extractor] I20260518 22:18:16.911356    82 feature_extraction.cc:323]   Gravity:         X=0.000, Y=1.000, Z=0.000
2026-05-18T22:18:19 COLMAP[feature_extractor] I20260518 22:18:19.083696    82 feature_extraction.cc:280] Processed file [1394/1710]
2026-05-18T22:18:19 COLMAP[feature_extractor] I20260518 22:18:19.083752    82 feature_extraction.cc:283]   Name:            DJI_01394.JPG
2026-05-18T22:18:19 COLMAP[feature_extractor] I20260518 22:18:19.083765    82 feature_extraction.cc:292]   Dimensions:      4000 x 2250
2026-05-18T22:18:19 COLMAP[feature_extractor] I20260518 22:18:19.083776    82 feature_extraction.cc:295]   Camera:          #1 - SIMPLE_RADIAL
2026-05-18T22:18:19 COLMAP[feature_extractor] I20260518 22:18:19.083787    82 feature_extraction.cc:298]   Focal Length:    2545.54px (Prior)
2026-05-18T22:18:19 COLMAP[feature_extractor] I20260518 22:18:19.083803    82 feature_extraction.cc:302]   Features:        9337 (SIFT)
2026-05-18T22:18:19 COLMAP[feature_extractor] I20260518 22:18:19.355499    82 feature_extraction.cc:316]   GPS:             LAT=40.521, LON=-111.893, ALT=1488.399
2026-05-18T22:18:19 COLMAP[feature_extractor] I20260518 22:18:19.355557    82 feature_extraction.cc:323]   Gravity:         X=0.000, Y=1.000, Z=0.000
2026-05-18T22:18:22 COLMAP[feature_extractor] I20260518 22:18:21.665061    82 feature_extraction.cc:280] Processed file [1395/1710]
2026-05-18T22:18:22 COLMAP[feature_extractor] I20260518 22:18:21.665120    82 feature_extraction.cc:283]   Name:            DJI_01395.JPG
2026-05-18T22:18:22 COLMAP[feature_extractor] I20260518 22:18:21.665132    82 feature_extraction.cc:292]   Dimensions:      4000 x 2250
2026-05-18T22:18:22 COLMAP[feature_extractor] I20260518 22:18:21.665143    82 feature_extraction.cc:295]   Camera:          #1 - SIMPLE_RADIAL
2026-05-18T22:18:22 COLMAP[feature_extractor] I20260518 22:18:21.665155    82 feature_extraction.cc:298]   Focal Length:    2545.54px (Prior)
2026-05-18T22:18:22 COLMAP[feature_extractor] I20260518 22:18:21.665170    82 feature_extraction.cc:302]   Features:        9596 (SIFT)
2026-05-18T22:18:22 COLMAP[feature_extractor] I20260518 22:18:21.911535    82 feature_extraction.cc:316]   GPS:             LAT=40.521, LON=-111.893, ALT=1489.199
2026-05-18T22:18:22 COLMAP[feature_extractor] I20260518 22:18:21.911590    82 feature_extraction.cc:323]   Gravity:         X=0.000, Y=1.000, Z=0.000
2026-05-18T22:18:25 COLMAP[feature_extractor] I20260518 22:18:24.967406    82 feature_extraction.cc:280] Processed file [1396/1710]
2026-05-18T22:18:25 COLMAP[feature_extractor] I20260518 22:18:24.967463    82 feature_extraction.cc:283]   Name:            DJI_01396.JPG
2026-05-18T22:18:25 COLMAP[feature_extractor] I20260518 22:18:24.967476    82 feature_extraction.cc:292]   Dimensions:      4000 x 2250
2026-05-18T22:18:25 COLMAP[feature_extractor] I20260518 22:18:24.967489    82 feature_extraction.cc:295]   Camera:          #1 - SIMPLE_RADIAL
2026-05-18T22:18:25 COLMAP[feature_extractor] I20260518 22:18:24.967533    82 feature_extraction.cc:298]   Focal Length:    2545.54px (Prior)
2026-05-18T22:18:25 COLMAP[feature_extractor] I20260518 22:18:24.967549    82 feature_extraction.cc:302]   Features:        9568 (SIFT)
2026-05-18T22:18:26 COLMAP[feature_extractor] I20260518 22:18:25.254463    82 feature_extraction.cc:316]   GPS:             LAT=40.521, LON=-111.893, ALT=1489.799
2026-05-18T22:18:26 COLMAP[feature_extractor] I20260518 22:18:25.254518    82 feature_extraction.cc:323]   Gravity:         X=0.000, Y=1.000, Z=0.000
2026-05-18T22:18:26 COLMAP[feature_extractor] I20260518 22:18:25.701887    82 feature_extraction.cc:280] Processed file [1397/1710]
2026-05-18T22:18:26 COLMAP[feature_extractor] I20260518 22:18:25.701946    82 feature_extraction.cc:283]   Name:            DJI_01397.JPG
2026-05-18T22:18:26 COLMAP[feature_extractor] I20260518 22:18:25.701960    82 feature_extraction.cc:292]   Dimensions:      4000 x 2250
2026-05-18T22:18:26 COLMAP[feature_extractor] I20260518 22:18:25.701973    82 feature_extraction.cc:295]   Camera:          #1 - SIMPLE_RADIAL
2026-05-18T22:18:26 COLMAP[feature_extractor] I20260518 22:18:25.701987    82 feature_extraction.cc:298]   Focal Length:    2545.54px (Prior)
2026-05-18T22:18:26 COLMAP[feature_extractor] I20260518 22:18:25.702001    82 feature_extraction.cc:302]   Features:        9610 (SIFT)
2026-05-18T22:18:26 COLMAP[feature_extractor] I20260518 22:18:25.950896    82 feature_extraction.cc:316]   GPS:             LAT=40.521, LON=-111.894, ALT=1490.399
2026-05-18T22:18:26 COLMAP[feature_extractor] I20260518 22:18:25.950953    82 feature_extraction.cc:323]   Gravity:         X=0.000, Y=1.000, Z=0.000
2026-05-18T22:18:29 COLMAP[feature_extractor] I20260518 22:18:28.385237    82 feature_extraction.cc:280] Processed file [1398/1710]
2026-05-18T22:18:29 COLMAP[feature_extractor] I20260518 22:18:28.385296    82 feature_extraction.cc:283]   Name:            DJI_01398.JPG
2026-05-18T22:18:29 COLMAP[feature_extractor] I20260518 22:18:28.385309    82 feature_extraction.cc:292]   Dimensions:      4000 x 2250
2026-05-18T22:18:29 COLMAP[feature_extractor] I20260518 22:18:28.385320    82 feature_extraction.cc:295]   Camera:          #1 - SIMPLE_RADIAL
2026-05-18T22:18:29 COLMAP[feature_extractor] I20260518 22:18:28.385332    82 feature_extraction.cc:298]   Focal Length:    2545.54px (Prior)
2026-05-18T22:18:29 COLMAP[feature_extractor] I20260518 22:18:28.385347    82 feature_extraction.cc:302]   Features:        9773 (SIFT)
2026-05-18T22:18:29 COLMAP[feature_extractor] I20260518 22:18:28.650652    82 feature_extraction.cc:316]   GPS:             LAT=40.521, LON=-111.894, ALT=1490.599
2026-05-18T22:18:29 COLMAP[feature_extractor] I20260518 22:18:28.650708    82 feature_extraction.cc:323]   Gravity:         X=0.000, Y=1.000, Z=0.000
2026-05-18T22:18:31 COLMAP[feature_extractor] I20260518 22:18:30.911718    82 feature_extraction.cc:280] Processed file [1399/1710]
2026-05-18T22:18:31 COLMAP[feature_extractor] I20260518 22:18:30.911773    82 feature_extraction.cc:283]   Name:            DJI_01399.JPG
2026-05-18T22:18:31 COLMAP[feature_extractor] I20260518 22:18:30.911785    82 feature_extraction.cc:292]   Dimensions:      4000 x 2250
2026-05-18T22:18:31 COLMAP[feature_extractor] I20260518 22:18:30.911796    82 feature_extraction.cc:295]   Camera:          #1 - SIMPLE_RADIAL
2026-05-18T22:18:31 COLMAP[feature_extractor] I20260518 22:18:30.911808    82 feature_extraction.cc:298]   Focal Length:    2545.54px (Prior)
2026-05-18T22:18:31 COLMAP[feature_extractor] I20260518 22:18:30.911823    82 feature_extraction.cc:302]   Features:        9941 (SIFT)
2026-05-18T22:18:32 COLMAP[feature_extractor] I20260518 22:18:31.131268    82 feature_extraction.cc:316]   GPS:             LAT=40.521, LON=-111.894, ALT=1491.199
2026-05-18T22:18:32 COLMAP[feature_extractor] I20260518 22:18:31.131318    82 feature_extraction.cc:323]   Gravity:         X=0.000, Y=1.000, Z=0.000
2026-05-18T22:18:34 COLMAP[feature_extractor] I20260518 22:18:34.216296    82 feature_extraction.cc:280] Processed file [1400/1710]
2026-05-18T22:18:34 COLMAP[feature_extractor] I20260518 22:18:34.216357    82 feature_extraction.cc:283]   Name:            DJI_01400.JPG
2026-05-18T22:18:34 COLMAP[feature_extractor] I20260518 22:18:34.216370    82 feature_extraction.cc:292]   Dimensions:      4000 x 2250
2026-05-18T22:18:34 COLMAP[feature_extractor] I20260518 22:18:34.216382    82 feature_extraction.cc:295]   Camera:          #1 - SIMPLE_RADIAL
2026-05-18T22:18:34 COLMAP[feature_extractor] I20260518 22:18:34.216392    82 feature_extraction.cc:298]   Focal Length:    2545.54px (Prior)
2026-05-18T22:18:34 COLMAP[feature_extractor] I20260518 22:18:34.216409    82 feature_extraction.cc:302]   Features:        10027 (SIFT)
2026-05-18T22:18:35 COLMAP[feature_extractor] I20260518 22:18:34.569088    82 feature_extraction.cc:316]   GPS:             LAT=40.521, LON=-111.894, ALT=1491.699
2026-05-18T22:18:35 COLMAP[feature_extractor] I20260518 22:18:34.569147    82 feature_extraction.cc:323]   Gravity:         X=0.000, Y=1.000, Z=0.000
2026-05-18T22:18:35 COLMAP[feature_extractor] I20260518 22:18:35.073380    82 feature_extraction.cc:280] Processed file [1401/1710]
2026-05-18T22:18:35 COLMAP[feature_extractor] I20260518 22:18:35.073439    82 feature_extraction.cc:283]   Name:            DJI_01401.JPG
2026-05-18T22:18:35 COLMAP[feature_extractor] I20260518 22:18:35.073451    82 feature_extraction.cc:292]   Dimensions:      4000 x 2250
2026-05-18T22:18:35 COLMAP[feature_extractor] I20260518 22:18:35.073462    82 feature_extraction.cc:295]   Camera:          #1 - SIMPLE_RADIAL
2026-05-18T22:18:35 COLMAP[feature_extractor] I20260518 22:18:35.073473    82 feature_extraction.cc:298]   Focal Length:    2545.54px (Prior)
2026-05-18T22:18:35 COLMAP[feature_extractor] I20260518 22:18:35.073490    82 feature_extraction.cc:302]   Features:        10178 (SIFT)
2026-05-18T22:18:35 COLMAP[feature_extractor] I20260518 22:18:35.260805    82 feature_extraction.cc:316]   GPS:             LAT=40.521, LON=-111.895, ALT=1492.099
2026-05-18T22:18:35 COLMAP[feature_extractor] I20260518 22:18:35.260898    82 feature_extraction.cc:323]   Gravity:         X=0.000, Y=1.000, Z=0.000
2026-05-18T22:18:37 COLMAP[feature_extractor] I20260518 22:18:37.533393    82 feature_extraction.cc:280] Processed file [1402/1710]
2026-05-18T22:18:37 COLMAP[feature_extractor] I20260518 22:18:37.533448    82 feature_extraction.cc:283]   Name:            DJI_01402.JPG
2026-05-18T22:18:37 COLMAP[feature_extractor] I20260518 22:18:37.533461    82 feature_extraction.cc:292]   Dimensions:      4000 x 2250
2026-05-18T22:18:37 COLMAP[feature_extractor] I20260518 22:18:37.533471    82 feature_extraction.cc:295]   Camera:          #1 - SIMPLE_RADIAL
2026-05-18T22:18:37 COLMAP[feature_extractor] I20260518 22:18:37.533483    82 feature_extraction.cc:298]   Focal Length:    2545.54px (Prior)
2026-05-18T22:18:37 COLMAP[feature_extractor] I20260518 22:18:37.533499    82 feature_extraction.cc:302]   Features:        10147 (SIFT)
2026-05-18T22:18:38 COLMAP[feature_extractor] I20260518 22:18:37.748900    82 feature_extraction.cc:316]   GPS:             LAT=40.521, LON=-111.895, ALT=1492.799
2026-05-18T22:18:38 COLMAP[feature_extractor] I20260518 22:18:37.748958    82 feature_extraction.cc:323]   Gravity:         X=0.000, Y=1.000, Z=0.000
2026-05-18T22:18:40 COLMAP[feature_extractor] I20260518 22:18:40.299480    82 feature_extraction.cc:280] Processed file [1403/1710]
2026-05-18T22:18:40 COLMAP[feature_extractor] I20260518 22:18:40.299536    82 feature_extraction.cc:283]   Name:            DJI_01403.JPG
2026-05-18T22:18:40 COLMAP[feature_extractor] I20260518 22:18:40.299549    82 feature_extraction.cc:292]   Dimensions:      4000 x 2250
2026-05-18T22:18:40 COLMAP[feature_extractor] I20260518 22:18:40.299561    82 feature_extraction.cc:295]   Camera:          #1 - SIMPLE_RADIAL
2026-05-18T22:18:40 COLMAP[feature_extractor] I20260518 22:18:40.299571    82 feature_extraction.cc:298]   Focal Length:    2545.54px (Prior)
2026-05-18T22:18:40 COLMAP[feature_extractor] I20260518 22:18:40.299587    82 feature_extraction.cc:302]   Features:        10175 (SIFT)
2026-05-18T22:18:43 COLMAP[feature_extractor] I20260518 22:18:40.624392    82 feature_extraction.cc:316]   GPS:             LAT=40.521, LON=-111.895, ALT=1492.399
2026-05-18T22:18:43 COLMAP[feature_extractor] I20260518 22:18:40.624454    82 feature_extraction.cc:323]   Gravity:         X=0.000, Y=1.000, Z=0.000
2026-05-18T22:18:44 COLMAP[feature_extractor] I20260518 22:18:43.312206    82 feature_extraction.cc:280] Processed file [1404/1710]
2026-05-18T22:18:44 COLMAP[feature_extractor] I20260518 22:18:43.312305    82 feature_extraction.cc:283]   Name:            DJI_01404.JPG
2026-05-18T22:18:44 COLMAP[feature_extractor] I20260518 22:18:43.312319    82 feature_extraction.cc:292]   Dimensions:      4000 x 2250
2026-05-18T22:18:44 COLMAP[feature_extractor] I20260518 22:18:43.312330    82 feature_extraction.cc:295]   Camera:          #1 - SIMPLE_RADIAL
2026-05-18T22:18:44 COLMAP[feature_extractor] I20260518 22:18:43.312341    82 feature_extraction.cc:298]   Focal Length:    2545.54px (Prior)
2026-05-18T22:18:44 COLMAP[feature_extractor] I20260518 22:18:43.312356    82 feature_extraction.cc:302]   Features:        10014 (SIFT)
2026-05-18T22:18:44 COLMAP[feature_extractor] I20260518 22:18:43.564913    82 feature_extraction.cc:316]   GPS:             LAT=40.521, LON=-111.895, ALT=1492.499
2026-05-18T22:18:44 COLMAP[feature_extractor] I20260518 22:18:43.564965    82 feature_extraction.cc:323]   Gravity:         X=0.000, Y=1.000, Z=0.000
2026-05-18T22:18:44 COLMAP[feature_extractor] I20260518 22:18:44.230903    82 feature_extraction.cc:280] Processed file [1405/1710]
2026-05-18T22:18:44 COLMAP[feature_extractor] I20260518 22:18:44.230957    82 feature_extraction.cc:283]   Name:            DJI_01405.JPG
2026-05-18T22:18:44 COLMAP[feature_extractor] I20260518 22:18:44.230968    82 feature_extraction.cc:292]   Dimensions:      4000 x 2250
2026-05-18T22:18:44 COLMAP[feature_extractor] I20260518 22:18:44.230978    82 feature_extraction.cc:295]   Camera:          #1 - SIMPLE_RADIAL
2026-05-18T22:18:44 COLMAP[feature_extractor] I20260518 22:18:44.230990    82 feature_extraction.cc:298]   Focal Length:    2545.54px (Prior)
2026-05-18T22:18:44 COLMAP[feature_extractor] I20260518 22:18:44.231006    82 feature_extraction.cc:302]   Features:        9928 (SIFT)
2026-05-18T22:18:45 COLMAP[feature_extractor] I20260518 22:18:44.506043    82 feature_extraction.cc:316]   GPS:             LAT=40.521, LON=-111.895, ALT=1492.999
2026-05-18T22:18:45 COLMAP[feature_extractor] I20260518 22:18:44.506094    82 feature_extraction.cc:323]   Gravity:         X=0.000, Y=1.000, Z=0.000
2026-05-18T22:18:47 COLMAP[feature_extractor] I20260518 22:18:46.618108    82 feature_extraction.cc:280] Processed file [1406/1710]
2026-05-18T22:18:47 COLMAP[feature_extractor] I20260518 22:18:46.618160    82 feature_extraction.cc:283]   Name:            DJI_01406.JPG
2026-05-18T22:18:47 COLMAP[feature_extractor] I20260518 22:18:46.618171    82 feature_extraction.cc:292]   Dimensions:      4000 x 2250
2026-05-18T22:18:47 COLMAP[feature_extractor] I20260518 22:18:46.618181    82 feature_extraction.cc:295]   Camera:          #1 - SIMPLE_RADIAL
2026-05-18T22:18:47 COLMAP[feature_extractor] I20260518 22:18:46.618193    82 feature_extraction.cc:298]   Focal Length:    2545.54px (Prior)
2026-05-18T22:18:47 COLMAP[feature_extractor] I20260518 22:18:46.618208    82 feature_extraction.cc:302]   Features:        9785 (SIFT)
2026-05-18T22:18:47 COLMAP[feature_extractor] I20260518 22:18:46.901700    82 feature_extraction.cc:316]   GPS:             LAT=40.521, LON=-111.894, ALT=1493.499
2026-05-18T22:18:47 COLMAP[feature_extractor] I20260518 22:18:46.901755    82 feature_extraction.cc:323]   Gravity:         X=0.000, Y=1.000, Z=0.000
2026-05-18T22:18:49 COLMAP[feature_extractor] I20260518 22:18:49.379426    82 feature_extraction.cc:280] Processed file [1407/1710]
2026-05-18T22:18:49 COLMAP[feature_extractor] I20260518 22:18:49.379482    82 feature_extraction.cc:283]   Name:            DJI_01407.JPG
2026-05-18T22:18:49 COLMAP[feature_extractor] I20260518 22:18:49.379494    82 feature_extraction.cc:292]   Dimensions:      4000 x 2250
2026-05-18T22:18:49 COLMAP[feature_extractor] I20260518 22:18:49.379505    82 feature_extraction.cc:295]   Camera:          #1 - SIMPLE_RADIAL
2026-05-18T22:18:49 COLMAP[feature_extractor] I20260518 22:18:49.379516    82 feature_extraction.cc:298]   Focal Length:    2545.54px (Prior)
2026-05-18T22:18:49 COLMAP[feature_extractor] I20260518 22:18:49.379532    82 feature_extraction.cc:302]   Features:        9427 (SIFT)
2026-05-18T22:18:50 COLMAP[feature_extractor] I20260518 22:18:49.662050    82 feature_extraction.cc:316]   GPS:             LAT=40.521, LON=-111.894, ALT=1493.999
2026-05-18T22:18:50 COLMAP[feature_extractor] I20260518 22:18:49.662098    82 feature_extraction.cc:323]   Gravity:         X=0.000, Y=1.000, Z=0.000
2026-05-18T22:18:52 COLMAP[feature_extractor] I20260518 22:18:52.654719    82 feature_extraction.cc:280] Processed file [1408/1710]
2026-05-18T22:18:52 COLMAP[feature_extractor] I20260518 22:18:52.654772    82 feature_extraction.cc:283]   Name:            DJI_01408.JPG
2026-05-18T22:18:52 COLMAP[feature_extractor] I20260518 22:18:52.654784    82 feature_extraction.cc:292]   Dimensions:      4000 x 2250
2026-05-18T22:18:52 COLMAP[feature_extractor] I20260518 22:18:52.654795    82 feature_extraction.cc:295]   Camera:          #1 - SIMPLE_RADIAL
2026-05-18T22:18:52 COLMAP[feature_extractor] I20260518 22:18:52.654806    82 feature_extraction.cc:298]   Focal Length:    2545.54px (Prior)
2026-05-18T22:18:52 COLMAP[feature_extractor] I20260518 22:18:52.654822    82 feature_extraction.cc:302]   Features:        9448 (SIFT)
2026-05-18T22:18:53 COLMAP[feature_extractor] I20260518 22:18:53.030135    82 feature_extraction.cc:316]   GPS:             LAT=40.521, LON=-111.894, ALT=1494.599
2026-05-18T22:18:53 COLMAP[feature_extractor] I20260518 22:18:53.030193    82 feature_extraction.cc:323]   Gravity:         X=0.000, Y=1.000, Z=0.000
2026-05-18T22:18:53 COLMAP[feature_extractor] I20260518 22:18:53.546727    82 feature_extraction.cc:280] Processed file [1409/1710]
2026-05-18T22:18:53 COLMAP[feature_extractor] I20260518 22:18:53.546783    82 feature_extraction.cc:283]   Name:            DJI_01409.JPG
2026-05-18T22:18:53 COLMAP[feature_extractor] I20260518 22:18:53.546797    82 feature_extraction.cc:292]   Dimensions:      4000 x 2250
2026-05-18T22:18:53 COLMAP[feature_extractor] I20260518 22:18:53.546806    82 feature_extraction.cc:295]   Camera:          #1 - SIMPLE_RADIAL
2026-05-18T22:18:53 COLMAP[feature_extractor] I20260518 22:18:53.546849    82 feature_extraction.cc:298]   Focal Length:    2545.54px (Prior)
2026-05-18T22:18:53 COLMAP[feature_extractor] I20260518 22:18:53.546865    82 feature_extraction.cc:302]   Features:        9282 (SIFT)
2026-05-18T22:18:54 COLMAP[feature_extractor] I20260518 22:18:53.825820    82 feature_extraction.cc:316]   GPS:             LAT=40.521, LON=-111.894, ALT=1495.199
2026-05-18T22:18:54 COLMAP[feature_extractor] I20260518 22:18:53.825870    82 feature_extraction.cc:323]   Gravity:         X=0.000, Y=1.000, Z=0.000
2026-05-18T22:18:55 COLMAP[feature_extractor] I20260518 22:18:55.747080    82 feature_extraction.cc:280] Processed file [1410/1710]
2026-05-18T22:18:55 COLMAP[feature_extractor] I20260518 22:18:55.747155    82 feature_extraction.cc:283]   Name:            DJI_01410.JPG
2026-05-18T22:18:55 COLMAP[feature_extractor] I20260518 22:18:55.747169    82 feature_extraction.cc:292]   Dimensions:      4000 x 2250
2026-05-18T22:18:55 COLMAP[feature_extractor] I20260518 22:18:55.747179    82 feature_extraction.cc:295]   Camera:          #1 - SIMPLE_RADIAL
2026-05-18T22:18:55 COLMAP[feature_extractor] I20260518 22:18:55.747190    82 feature_extraction.cc:298]   Focal Length:    2545.54px (Prior)
2026-05-18T22:18:55 COLMAP[feature_extractor] I20260518 22:18:55.747206    82 feature_extraction.cc:302]   Features:        9167 (SIFT)
2026-05-18T22:18:56 COLMAP[feature_extractor] I20260518 22:18:56.023209    82 feature_extraction.cc:316]   GPS:             LAT=40.520, LON=-111.893, ALT=1495.699
2026-05-18T22:18:56 COLMAP[feature_extractor] I20260518 22:18:56.023265    82 feature_extraction.cc:323]   Gravity:         X=0.000, Y=1.000, Z=0.000
2026-05-18T22:19:01 COLMAP[feature_extractor] I20260518 22:18:58.687738    82 feature_extraction.cc:280] Processed file [1411/1710]
2026-05-18T22:19:01 COLMAP[feature_extractor] I20260518 22:18:58.687788    82 feature_extraction.cc:283]   Name:            DJI_01411.JPG
2026-05-18T22:19:01 COLMAP[feature_extractor] I20260518 22:18:58.687800    82 feature_extraction.cc:292]   Dimensions:      4000 x 2250
2026-05-18T22:19:01 COLMAP[feature_extractor] I20260518 22:18:58.687811    82 feature_extraction.cc:295]   Camera:          #1 - SIMPLE_RADIAL
2026-05-18T22:19:01 COLMAP[feature_extractor] I20260518 22:18:58.687822    82 feature_extraction.cc:298]   Focal Length:    2545.54px (Prior)
2026-05-18T22:19:01 COLMAP[feature_extractor] I20260518 22:18:58.687839    82 feature_extraction.cc:302]   Features:        9190 (SIFT)
2026-05-18T22:19:01 COLMAP[feature_extractor] I20260518 22:18:58.973516    82 feature_extraction.cc:316]   GPS:             LAT=40.520, LON=-111.893, ALT=1496.399
2026-05-18T22:19:01 COLMAP[feature_extractor] I20260518 22:18:58.973562    82 feature_extraction.cc:323]   Gravity:         X=0.000, Y=1.000, Z=0.000
2026-05-18T22:19:02 COLMAP[feature_extractor] I20260518 22:19:01.841821    82 feature_extraction.cc:280] Processed file [1412/1710]
2026-05-18T22:19:02 COLMAP[feature_extractor] I20260518 22:19:01.841871    82 feature_extraction.cc:283]   Name:            DJI_01412.JPG
2026-05-18T22:19:02 COLMAP[feature_extractor] I20260518 22:19:01.841884    82 feature_extraction.cc:292]   Dimensions:      4000 x 2250
2026-05-18T22:19:02 COLMAP[feature_extractor] I20260518 22:19:01.841895    82 feature_extraction.cc:295]   Camera:          #1 - SIMPLE_RADIAL
2026-05-18T22:19:02 COLMAP[feature_extractor] I20260518 22:19:01.841907    82 feature_extraction.cc:298]   Focal Length:    2545.54px (Prior)
2026-05-18T22:19:02 COLMAP[feature_extractor] I20260518 22:19:01.842586    82 feature_extraction.cc:302]   Features:        8837 (SIFT)
2026-05-18T22:19:02 COLMAP[feature_extractor] I20260518 22:19:02.224646    82 feature_extraction.cc:316]   GPS:             LAT=40.520, LON=-111.893, ALT=1497.299
2026-05-18T22:19:02 COLMAP[feature_extractor] I20260518 22:19:02.224694    82 feature_extraction.cc:323]   Gravity:         X=0.000, Y=1.000, Z=0.000
2026-05-18T22:19:04 COLMAP[feature_extractor] I20260518 22:19:02.905351    82 feature_extraction.cc:280] Processed file [1413/1710]
2026-05-18T22:19:04 COLMAP[feature_extractor] I20260518 22:19:02.905413    82 feature_extraction.cc:283]   Name:            DJI_01413.JPG
2026-05-18T22:19:04 COLMAP[feature_extractor] I20260518 22:19:02.905428    82 feature_extraction.cc:292]   Dimensions:      4000 x 2250
2026-05-18T22:19:04 COLMAP[feature_extractor] I20260518 22:19:02.905440    82 feature_extraction.cc:295]   Camera:          #1 - SIMPLE_RADIAL
2026-05-18T22:19:04 COLMAP[feature_extractor] I20260518 22:19:02.905452    82 feature_extraction.cc:298]   Focal Length:    2545.54px (Prior)
2026-05-18T22:19:04 COLMAP[feature_extractor] I20260518 22:19:02.905470    82 feature_extraction.cc:302]   Features:        8702 (SIFT)
2026-05-18T22:19:04 COLMAP[feature_extractor] I20260518 22:19:03.163645    82 feature_extraction.cc:316]   GPS:             LAT=40.520, LON=-111.892, ALT=1497.699
2026-05-18T22:19:04 COLMAP[feature_extractor] I20260518 22:19:03.163697    82 feature_extraction.cc:323]   Gravity:         X=0.000, Y=1.000, Z=0.000
2026-05-18T22:19:05 COLMAP[feature_extractor] I20260518 22:19:05.103722    82 feature_extraction.cc:280] Processed file [1414/1710]
2026-05-18T22:19:05 COLMAP[feature_extractor] I20260518 22:19:05.103775    82 feature_extraction.cc:283]   Name:            DJI_01414.JPG
2026-05-18T22:19:05 COLMAP[feature_extractor] I20260518 22:19:05.103786    82 feature_extraction.cc:292]   Dimensions:      4000 x 2250
2026-05-18T22:19:05 COLMAP[feature_extractor] I20260518 22:19:05.103797    82 feature_extraction.cc:295]   Camera:          #1 - SIMPLE_RADIAL
2026-05-18T22:19:05 COLMAP[feature_extractor] I20260518 22:19:05.103808    82 feature_extraction.cc:298]   Focal Length:    2545.54px (Prior)
2026-05-18T22:19:05 COLMAP[feature_extractor] I20260518 22:19:05.103824    82 feature_extraction.cc:302]   Features:        8423 (SIFT)
2026-05-18T22:19:06 COLMAP[feature_extractor] I20260518 22:19:05.354724    82 feature_extraction.cc:316]   GPS:             LAT=40.520, LON=-111.892, ALT=1498.699
2026-05-18T22:19:06 COLMAP[feature_extractor] I20260518 22:19:05.354812    82 feature_extraction.cc:323]   Gravity:         X=0.000, Y=1.000, Z=0.000
2026-05-18T22:19:09 COLMAP[feature_extractor] I20260518 22:19:08.001502    82 feature_extraction.cc:280] Processed file [1415/1710]
2026-05-18T22:19:09 COLMAP[feature_extractor] I20260518 22:19:08.001555    82 feature_extraction.cc:283]   Name:            DJI_01415.JPG
2026-05-18T22:19:09 COLMAP[feature_extractor] I20260518 22:19:08.001567    82 feature_extraction.cc:292]   Dimensions:      4000 x 2250
2026-05-18T22:19:09 COLMAP[feature_extractor] I20260518 22:19:08.001578    82 feature_extraction.cc:295]   Camera:          #1 - SIMPLE_RADIAL
2026-05-18T22:19:09 COLMAP[feature_extractor] I20260518 22:19:08.001590    82 feature_extraction.cc:298]   Focal Length:    2545.54px (Prior)
2026-05-18T22:19:09 COLMAP[feature_extractor] I20260518 22:19:08.001606    82 feature_extraction.cc:302]   Features:        8459 (SIFT)
2026-05-18T22:19:09 COLMAP[feature_extractor] I20260518 22:19:08.297961    82 feature_extraction.cc:316]   GPS:             LAT=40.520, LON=-111.892, ALT=1498.999
2026-05-18T22:19:09 COLMAP[feature_extractor] I20260518 22:19:08.298017    82 feature_extraction.cc:323]   Gravity:         X=0.000, Y=1.000, Z=0.000
2026-05-18T22:19:12 COLMAP[feature_extractor] I20260518 22:19:11.283282    82 feature_extraction.cc:280] Processed file [1416/1710]
2026-05-18T22:19:12 COLMAP[feature_extractor] I20260518 22:19:11.283337    82 feature_extraction.cc:283]   Name:            DJI_01416.JPG
2026-05-18T22:19:12 COLMAP[feature_extractor] I20260518 22:19:11.283349    82 feature_extraction.cc:292]   Dimensions:      4000 x 2250
2026-05-18T22:19:12 COLMAP[feature_extractor] I20260518 22:19:11.283360    82 feature_extraction.cc:295]   Camera:          #1 - SIMPLE_RADIAL
2026-05-18T22:19:12 COLMAP[feature_extractor] I20260518 22:19:11.283386    82 feature_extraction.cc:298]   Focal Length:    2545.54px (Prior)
2026-05-18T22:19:12 COLMAP[feature_extractor] I20260518 22:19:11.283402    82 feature_extraction.cc:302]   Features:        8586 (SIFT)
2026-05-18T22:19:12 COLMAP[feature_extractor] I20260518 22:19:11.546975    82 feature_extraction.cc:316]   GPS:             LAT=40.520, LON=-111.892, ALT=1499.699
2026-05-18T22:19:12 COLMAP[feature_extractor] I20260518 22:19:11.547030    82 feature_extraction.cc:323]   Gravity:         X=0.000, Y=1.000, Z=0.000
2026-05-18T22:19:12 COLMAP[feature_extractor] I20260518 22:19:12.075310    82 feature_extraction.cc:280] Processed file [1417/1710]
2026-05-18T22:19:12 COLMAP[feature_extractor] I20260518 22:19:12.075363    82 feature_extraction.cc:283]   Name:            DJI_01417.JPG
2026-05-18T22:19:12 COLMAP[feature_extractor] I20260518 22:19:12.075390    82 feature_extraction.cc:292]   Dimensions:      4000 x 2250
2026-05-18T22:19:12 COLMAP[feature_extractor] I20260518 22:19:12.075402    82 feature_extraction.cc:295]   Camera:          #1 - SIMPLE_RADIAL
2026-05-18T22:19:12 COLMAP[feature_extractor] I20260518 22:19:12.075413    82 feature_extraction.cc:298]   Focal Length:    2545.54px (Prior)
2026-05-18T22:19:12 COLMAP[feature_extractor] I20260518 22:19:12.075428    82 feature_extraction.cc:302]   Features:        8384 (SIFT)
2026-05-18T22:19:12 COLMAP[feature_extractor] I20260518 22:19:12.421429    82 feature_extraction.cc:316]   GPS:             LAT=40.520, LON=-111.891, ALT=1499.499
2026-05-18T22:19:12 COLMAP[feature_extractor] I20260518 22:19:12.421484    82 feature_extraction.cc:323]   Gravity:         X=0.000, Y=1.000, Z=0.000
2026-05-18T22:19:14 COLMAP[feature_extractor] I20260518 22:19:14.216512    82 feature_extraction.cc:280] Processed file [1418/1710]
2026-05-18T22:19:14 COLMAP[feature_extractor] I20260518 22:19:14.216596    82 feature_extraction.cc:283]   Name:            DJI_01418.JPG
2026-05-18T22:19:14 COLMAP[feature_extractor] I20260518 22:19:14.216609    82 feature_extraction.cc:292]   Dimensions:      4000 x 2250
2026-05-18T22:19:14 COLMAP[feature_extractor] I20260518 22:19:14.216620    82 feature_extraction.cc:295]   Camera:          #1 - SIMPLE_RADIAL
2026-05-18T22:19:14 COLMAP[feature_extractor] I20260518 22:19:14.216631    82 feature_extraction.cc:298]   Focal Length:    2545.54px (Prior)
2026-05-18T22:19:14 COLMAP[feature_extractor] I20260518 22:19:14.216647    82 feature_extraction.cc:302]   Features:        8573 (SIFT)
2026-05-18T22:19:14 COLMAP[feature_extractor] I20260518 22:19:14.421243    82 feature_extraction.cc:316]   GPS:             LAT=40.521, LON=-111.891, ALT=1500.699
2026-05-18T22:19:14 COLMAP[feature_extractor] I20260518 22:19:14.421305    82 feature_extraction.cc:323]   Gravity:         X=0.000, Y=1.000, Z=0.000
2026-05-18T22:19:17 COLMAP[feature_extractor] I20260518 22:19:17.333096    82 feature_extraction.cc:280] Processed file [1419/1710]
2026-05-18T22:19:17 COLMAP[feature_extractor] I20260518 22:19:17.333148    82 feature_extraction.cc:283]   Name:            DJI_01419.JPG
2026-05-18T22:19:17 COLMAP[feature_extractor] I20260518 22:19:17.333159    82 feature_extraction.cc:292]   Dimensions:      4000 x 2250
2026-05-18T22:19:17 COLMAP[feature_extractor] I20260518 22:19:17.333170    82 feature_extraction.cc:295]   Camera:          #1 - SIMPLE_RADIAL
2026-05-18T22:19:17 COLMAP[feature_extractor] I20260518 22:19:17.333182    82 feature_extraction.cc:298]   Focal Length:    2545.54px (Prior)
2026-05-18T22:19:17 COLMAP[feature_extractor] I20260518 22:19:17.333197    82 feature_extraction.cc:302]   Features:        8375 (SIFT)
2026-05-18T22:19:17 COLMAP[feature_extractor] I20260518 22:19:17.617074    82 feature_extraction.cc:316]   GPS:             LAT=40.521, LON=-111.891, ALT=1501.999
2026-05-18T22:19:17 COLMAP[feature_extractor] I20260518 22:19:17.617129    82 feature_extraction.cc:323]   Gravity:         X=0.000, Y=1.000, Z=0.000
2026-05-18T22:19:20 COLMAP[feature_extractor] I20260518 22:19:20.722436    82 feature_extraction.cc:280] Processed file [1420/1710]
2026-05-18T22:19:20 COLMAP[feature_extractor] I20260518 22:19:20.722486    82 feature_extraction.cc:283]   Name:            DJI_01420.JPG
2026-05-18T22:19:20 COLMAP[feature_extractor] I20260518 22:19:20.722498    82 feature_extraction.cc:292]   Dimensions:      4000 x 2250
2026-05-18T22:19:20 COLMAP[feature_extractor] I20260518 22:19:20.722509    82 feature_extraction.cc:295]   Camera:          #1 - SIMPLE_RADIAL
2026-05-18T22:19:20 COLMAP[feature_extractor] I20260518 22:19:20.722520    82 feature_extraction.cc:298]   Focal Length:    2545.54px (Prior)
2026-05-18T22:19:20 COLMAP[feature_extractor] I20260518 22:19:20.722536    82 feature_extraction.cc:302]   Features:        8454 (SIFT)
2026-05-18T22:19:21 COLMAP[feature_extractor] I20260518 22:19:20.982535    82 feature_extraction.cc:316]   GPS:             LAT=40.521, LON=-111.890, ALT=1502.599
2026-05-18T22:19:21 COLMAP[feature_extractor] I20260518 22:19:20.982589    82 feature_extraction.cc:323]   Gravity:         X=0.000, Y=1.000, Z=0.000
2026-05-18T22:19:21 COLMAP[feature_extractor] I20260518 22:19:21.332510    82 feature_extraction.cc:280] Processed file [1421/1710]
2026-05-18T22:19:21 COLMAP[feature_extractor] I20260518 22:19:21.332558    82 feature_extraction.cc:283]   Name:            DJI_01421.JPG
2026-05-18T22:19:21 COLMAP[feature_extractor] I20260518 22:19:21.332571    82 feature_extraction.cc:292]   Dimensions:      4000 x 2250
2026-05-18T22:19:21 COLMAP[feature_extractor] I20260518 22:19:21.332581    82 feature_extraction.cc:295]   Camera:          #1 - SIMPLE_RADIAL
2026-05-18T22:19:21 COLMAP[feature_extractor] I20260518 22:19:21.332592    82 feature_extraction.cc:298]   Focal Length:    2545.54px (Prior)
2026-05-18T22:19:21 COLMAP[feature_extractor] I20260518 22:19:21.332607    82 feature_extraction.cc:302]   Features:        8223 (SIFT)
2026-05-18T22:19:21 COLMAP[feature_extractor] I20260518 22:19:21.649675    82 feature_extraction.cc:316]   GPS:             LAT=40.521, LON=-111.890, ALT=1502.699
2026-05-18T22:19:21 COLMAP[feature_extractor] I20260518 22:19:21.649734    82 feature_extraction.cc:323]   Gravity:         X=0.000, Y=1.000, Z=0.000
2026-05-18T22:19:24 COLMAP[feature_extractor] I20260518 22:19:23.233345    82 feature_extraction.cc:280] Processed file [1422/1710]
2026-05-18T22:19:24 COLMAP[feature_extractor] I20260518 22:19:23.233409    82 feature_extraction.cc:283]   Name:            DJI_01422.JPG
2026-05-18T22:19:24 COLMAP[feature_extractor] I20260518 22:19:23.233421    82 feature_extraction.cc:292]   Dimensions:      4000 x 2250
2026-05-18T22:19:24 COLMAP[feature_extractor] I20260518 22:19:23.233433    82 feature_extraction.cc:295]   Camera:          #1 - SIMPLE_RADIAL
2026-05-18T22:19:24 COLMAP[feature_extractor] I20260518 22:19:23.233443    82 feature_extraction.cc:298]   Focal Length:    2545.54px (Prior)
2026-05-18T22:19:24 COLMAP[feature_extractor] I20260518 22:19:23.233459    82 feature_extraction.cc:302]   Features:        11750 (SIFT)
2026-05-18T22:19:24 COLMAP[feature_extractor] I20260518 22:19:23.466125    82 feature_extraction.cc:316]   GPS:             LAT=40.521, LON=-111.890, ALT=1503.199
2026-05-18T22:19:24 COLMAP[feature_extractor] I20260518 22:19:23.466179    82 feature_extraction.cc:323]   Gravity:         X=0.000, Y=1.000, Z=0.000
2026-05-18T22:19:27 COLMAP[feature_extractor] I20260518 22:19:26.611400    82 feature_extraction.cc:280] Processed file [1423/1710]
2026-05-18T22:19:27 COLMAP[feature_extractor] I20260518 22:19:26.611466    82 feature_extraction.cc:283]   Name:            DJI_01423.JPG
2026-05-18T22:19:27 COLMAP[feature_extractor] I20260518 22:19:26.611478    82 feature_extraction.cc:292]   Dimensions:      4000 x 2250
2026-05-18T22:19:27 COLMAP[feature_extractor] I20260518 22:19:26.611487    82 feature_extraction.cc:295]   Camera:          #1 - SIMPLE_RADIAL
2026-05-18T22:19:27 COLMAP[feature_extractor] I20260518 22:19:26.611534    82 feature_extraction.cc:298]   Focal Length:    2545.54px (Prior)
2026-05-18T22:19:27 COLMAP[feature_extractor] I20260518 22:19:26.611552    82 feature_extraction.cc:302]   Features:        11416 (SIFT)
2026-05-18T22:19:27 COLMAP[feature_extractor] I20260518 22:19:26.938277    82 feature_extraction.cc:316]   GPS:             LAT=40.521, LON=-111.890, ALT=1503.999
2026-05-18T22:19:27 COLMAP[feature_extractor] I20260518 22:19:26.938341    82 feature_extraction.cc:323]   Gravity:         X=0.000, Y=1.000, Z=0.000
2026-05-18T22:19:30 COLMAP[feature_extractor] I20260518 22:19:29.869551    82 feature_extraction.cc:280] Processed file [1424/1710]
2026-05-18T22:19:30 COLMAP[feature_extractor] I20260518 22:19:29.869606    82 feature_extraction.cc:283]   Name:            DJI_01424.JPG
2026-05-18T22:19:30 COLMAP[feature_extractor] I20260518 22:19:29.869617    82 feature_extraction.cc:292]   Dimensions:      4000 x 2250
2026-05-18T22:19:30 COLMAP[feature_extractor] I20260518 22:19:29.869626    82 feature_extraction.cc:295]   Camera:          #1 - SIMPLE_RADIAL
2026-05-18T22:19:30 COLMAP[feature_extractor] I20260518 22:19:29.869637    82 feature_extraction.cc:298]   Focal Length:    2545.54px (Prior)
2026-05-18T22:19:30 COLMAP[feature_extractor] I20260518 22:19:29.869650    82 feature_extraction.cc:302]   Features:        11267 (SIFT)
2026-05-18T22:19:30 COLMAP[feature_extractor] I20260518 22:19:30.134748    82 feature_extraction.cc:316]   GPS:             LAT=40.521, LON=-111.890, ALT=1504.199
2026-05-18T22:19:30 COLMAP[feature_extractor] I20260518 22:19:30.134807    82 feature_extraction.cc:323]   Gravity:         X=0.000, Y=1.000, Z=0.000
2026-05-18T22:19:30 COLMAP[feature_extractor] I20260518 22:19:30.368887    82 feature_extraction.cc:280] Processed file [1425/1710]
2026-05-18T22:19:30 COLMAP[feature_extractor] I20260518 22:19:30.368947    82 feature_extraction.cc:283]   Name:            DJI_01425.JPG
2026-05-18T22:19:30 COLMAP[feature_extractor] I20260518 22:19:30.368959    82 feature_extraction.cc:292]   Dimensions:      4000 x 2250
2026-05-18T22:19:30 COLMAP[feature_extractor] I20260518 22:19:30.368970    82 feature_extraction.cc:295]   Camera:          #1 - SIMPLE_RADIAL
2026-05-18T22:19:30 COLMAP[feature_extractor] I20260518 22:19:30.368983    82 feature_extraction.cc:298]   Focal Length:    2545.54px (Prior)
2026-05-18T22:19:30 COLMAP[feature_extractor] I20260518 22:19:30.368999    82 feature_extraction.cc:302]   Features:        11295 (SIFT)
2026-05-18T22:19:30 COLMAP[feature_extractor] I20260518 22:19:30.575239    82 feature_extraction.cc:316]   GPS:             LAT=40.521, LON=-111.890, ALT=1503.999
2026-05-18T22:19:30 COLMAP[feature_extractor] I20260518 22:19:30.575289    82 feature_extraction.cc:323]   Gravity:         X=0.000, Y=1.000, Z=0.000
2026-05-18T22:19:32 COLMAP[feature_extractor] I20260518 22:19:32.717258    82 feature_extraction.cc:280] Processed file [1426/1710]
2026-05-18T22:19:32 COLMAP[feature_extractor] I20260518 22:19:32.717334    82 feature_extraction.cc:283]   Name:            DJI_01426.JPG
2026-05-18T22:19:32 COLMAP[feature_extractor] I20260518 22:19:32.717346    82 feature_extraction.cc:292]   Dimensions:      4000 x 2250
2026-05-18T22:19:32 COLMAP[feature_extractor] I20260518 22:19:32.717357    82 feature_extraction.cc:295]   Camera:          #1 - SIMPLE_RADIAL
2026-05-18T22:19:32 COLMAP[feature_extractor] I20260518 22:19:32.717378    82 feature_extraction.cc:298]   Focal Length:    2545.54px (Prior)
2026-05-18T22:19:32 COLMAP[feature_extractor] I20260518 22:19:32.717396    82 feature_extraction.cc:302]   Features:        11371 (SIFT)
2026-05-18T22:19:33 COLMAP[feature_extractor] I20260518 22:19:32.938726    82 feature_extraction.cc:316]   GPS:             LAT=40.521, LON=-111.890, ALT=1503.799
2026-05-18T22:19:33 COLMAP[feature_extractor] I20260518 22:19:32.938786    82 feature_extraction.cc:323]   Gravity:         X=0.000, Y=1.000, Z=0.000
2026-05-18T22:19:37 COLMAP[feature_extractor] I20260518 22:19:35.967396    82 feature_extraction.cc:280] Processed file [1427/1710]
2026-05-18T22:19:37 COLMAP[feature_extractor] I20260518 22:19:35.967448    82 feature_extraction.cc:283]   Name:            DJI_01427.JPG
2026-05-18T22:19:37 COLMAP[feature_extractor] I20260518 22:19:35.967460    82 feature_extraction.cc:292]   Dimensions:      4000 x 2250
2026-05-18T22:19:37 COLMAP[feature_extractor] I20260518 22:19:35.967471    82 feature_extraction.cc:295]   Camera:          #1 - SIMPLE_RADIAL
2026-05-18T22:19:37 COLMAP[feature_extractor] I20260518 22:19:35.967482    82 feature_extraction.cc:298]   Focal Length:    2545.54px (Prior)
2026-05-18T22:19:37 COLMAP[feature_extractor] I20260518 22:19:35.967499    82 feature_extraction.cc:302]   Features:        11593 (SIFT)
2026-05-18T22:19:37 COLMAP[feature_extractor] I20260518 22:19:36.221643    82 feature_extraction.cc:316]   GPS:             LAT=40.521, LON=-111.890, ALT=1503.899
2026-05-18T22:19:37 COLMAP[feature_extractor] I20260518 22:19:36.221694    82 feature_extraction.cc:323]   Gravity:         X=0.000, Y=1.000, Z=0.000
2026-05-18T22:19:39 COLMAP[feature_extractor] I20260518 22:19:39.079576    82 feature_extraction.cc:280] Processed file [1428/1710]
2026-05-18T22:19:39 COLMAP[feature_extractor] I20260518 22:19:39.079633    82 feature_extraction.cc:283]   Name:            DJI_01428.JPG
2026-05-18T22:19:39 COLMAP[feature_extractor] I20260518 22:19:39.079646    82 feature_extraction.cc:292]   Dimensions:      4000 x 2250
2026-05-18T22:19:39 COLMAP[feature_extractor] I20260518 22:19:39.079656    82 feature_extraction.cc:295]   Camera:          #1 - SIMPLE_RADIAL
2026-05-18T22:19:39 COLMAP[feature_extractor] I20260518 22:19:39.079668    82 feature_extraction.cc:298]   Focal Length:    2545.54px (Prior)
2026-05-18T22:19:39 COLMAP[feature_extractor] I20260518 22:19:39.079684    82 feature_extraction.cc:302]   Features:        11887 (SIFT)
2026-05-18T22:19:39 COLMAP[feature_extractor] I20260518 22:19:39.311821    82 feature_extraction.cc:316]   GPS:             LAT=40.521, LON=-111.890, ALT=1503.099
2026-05-18T22:19:39 COLMAP[feature_extractor] I20260518 22:19:39.311902    82 feature_extraction.cc:323]   Gravity:         X=0.000, Y=1.000, Z=0.000
2026-05-18T22:19:40 COLMAP[feature_extractor] I20260518 22:19:39.667570    82 feature_extraction.cc:280] Processed file [1429/1710]
2026-05-18T22:19:40 COLMAP[feature_extractor] I20260518 22:19:39.667627    82 feature_extraction.cc:283]   Name:            DJI_01429.JPG
2026-05-18T22:19:40 COLMAP[feature_extractor] I20260518 22:19:39.667639    82 feature_extraction.cc:292]   Dimensions:      4000 x 2250
2026-05-18T22:19:40 COLMAP[feature_extractor] I20260518 22:19:39.667650    82 feature_extraction.cc:295]   Camera:          #1 - SIMPLE_RADIAL
2026-05-18T22:19:40 COLMAP[feature_extractor] I20260518 22:19:39.667661    82 feature_extraction.cc:298]   Focal Length:    2545.54px (Prior)
2026-05-18T22:19:40 COLMAP[feature_extractor] I20260518 22:19:39.667676    82 feature_extraction.cc:302]   Features:        8348 (SIFT)
2026-05-18T22:19:40 COLMAP[feature_extractor] I20260518 22:19:39.924691    82 feature_extraction.cc:316]   GPS:             LAT=40.521, LON=-111.890, ALT=1503.399
2026-05-18T22:19:40 COLMAP[feature_extractor] I20260518 22:19:39.924741    82 feature_extraction.cc:323]   Gravity:         X=0.000, Y=1.000, Z=0.000
2026-05-18T22:19:42 COLMAP[feature_extractor] I20260518 22:19:41.983108    82 feature_extraction.cc:280] Processed file [1430/1710]
2026-05-18T22:19:42 COLMAP[feature_extractor] I20260518 22:19:41.983166    82 feature_extraction.cc:283]   Name:            DJI_01430.JPG
2026-05-18T22:19:42 COLMAP[feature_extractor] I20260518 22:19:41.983178    82 feature_extraction.cc:292]   Dimensions:      4000 x 2250
2026-05-18T22:19:42 COLMAP[feature_extractor] I20260518 22:19:41.983188    82 feature_extraction.cc:295]   Camera:          #1 - SIMPLE_RADIAL
2026-05-18T22:19:42 COLMAP[feature_extractor] I20260518 22:19:41.983201    82 feature_extraction.cc:298]   Focal Length:    2545.54px (Prior)
2026-05-18T22:19:42 COLMAP[feature_extractor] I20260518 22:19:41.983215    82 feature_extraction.cc:302]   Features:        8274 (SIFT)
2026-05-18T22:19:42 COLMAP[feature_extractor] I20260518 22:19:42.290807    82 feature_extraction.cc:316]   GPS:             LAT=40.520, LON=-111.891, ALT=1503.699
2026-05-18T22:19:42 COLMAP[feature_extractor] I20260518 22:19:42.290863    82 feature_extraction.cc:323]   Gravity:         X=0.000, Y=1.000, Z=0.000
2026-05-18T22:19:45 COLMAP[feature_extractor] I20260518 22:19:45.143131    82 feature_extraction.cc:280] Processed file [1431/1710]
2026-05-18T22:19:45 COLMAP[feature_extractor] I20260518 22:19:45.143206    82 feature_extraction.cc:283]   Name:            DJI_01431.JPG
2026-05-18T22:19:45 COLMAP[feature_extractor] I20260518 22:19:45.143219    82 feature_extraction.cc:292]   Dimensions:      4000 x 2250
2026-05-18T22:19:45 COLMAP[feature_extractor] I20260518 22:19:45.143230    82 feature_extraction.cc:295]   Camera:          #1 - SIMPLE_RADIAL
2026-05-18T22:19:45 COLMAP[feature_extractor] I20260518 22:19:45.143242    82 feature_extraction.cc:298]   Focal Length:    2545.54px (Prior)
2026-05-18T22:19:45 COLMAP[feature_extractor] I20260518 22:19:45.143257    82 feature_extraction.cc:302]   Features:        8202 (SIFT)
2026-05-18T22:19:45 COLMAP[feature_extractor] I20260518 22:19:45.397307    82 feature_extraction.cc:316]   GPS:             LAT=40.520, LON=-111.891, ALT=1503.399
2026-05-18T22:19:45 COLMAP[feature_extractor] I20260518 22:19:45.397372    82 feature_extraction.cc:323]   Gravity:         X=0.000, Y=1.000, Z=0.000
2026-05-18T22:19:49 COLMAP[feature_extractor] I20260518 22:19:48.232240    82 feature_extraction.cc:280] Processed file [1432/1710]
2026-05-18T22:19:49 COLMAP[feature_extractor] I20260518 22:19:48.232296    82 feature_extraction.cc:283]   Name:            DJI_01432.JPG
2026-05-18T22:19:49 COLMAP[feature_extractor] I20260518 22:19:48.232308    82 feature_extraction.cc:292]   Dimensions:      4000 x 2250
2026-05-18T22:19:49 COLMAP[feature_extractor] I20260518 22:19:48.232319    82 feature_extraction.cc:295]   Camera:          #1 - SIMPLE_RADIAL
2026-05-18T22:19:49 COLMAP[feature_extractor] I20260518 22:19:48.232331    82 feature_extraction.cc:298]   Focal Length:    2545.54px (Prior)
2026-05-18T22:19:49 COLMAP[feature_extractor] I20260518 22:19:48.232347    82 feature_extraction.cc:302]   Features:        11936 (SIFT)
2026-05-18T22:19:49 COLMAP[feature_extractor] I20260518 22:19:48.529613    82 feature_extraction.cc:316]   GPS:             LAT=40.520, LON=-111.891, ALT=1502.399
2026-05-18T22:19:49 COLMAP[feature_extractor] I20260518 22:19:48.529671    82 feature_extraction.cc:323]   Gravity:         X=0.000, Y=1.000, Z=0.000
2026-05-18T22:19:49 COLMAP[feature_extractor] I20260518 22:19:48.729290    82 feature_extraction.cc:280] Processed file [1433/1710]
2026-05-18T22:19:49 COLMAP[feature_extractor] I20260518 22:19:48.729346    82 feature_extraction.cc:283]   Name:            DJI_01433.JPG
2026-05-18T22:19:49 COLMAP[feature_extractor] I20260518 22:19:48.729358    82 feature_extraction.cc:292]   Dimensions:      4000 x 2250
2026-05-18T22:19:49 COLMAP[feature_extractor] I20260518 22:19:48.729375    82 feature_extraction.cc:295]   Camera:          #1 - SIMPLE_RADIAL
2026-05-18T22:19:49 COLMAP[feature_extractor] I20260518 22:19:48.729387    82 feature_extraction.cc:298]   Focal Length:    2545.54px (Prior)
2026-05-18T22:19:49 COLMAP[feature_extractor] I20260518 22:19:48.729401    82 feature_extraction.cc:302]   Features:        11795 (SIFT)
2026-05-18T22:19:49 COLMAP[feature_extractor] I20260518 22:19:48.962527    82 feature_extraction.cc:316]   GPS:             LAT=40.520, LON=-111.891, ALT=1502.899
2026-05-18T22:19:49 COLMAP[feature_extractor] I20260518 22:19:48.962582    82 feature_extraction.cc:323]   Gravity:         X=0.000, Y=1.000, Z=0.000
2026-05-18T22:19:51 COLMAP[feature_extractor] I20260518 22:19:51.157343    82 feature_extraction.cc:280] Processed file [1434/1710]
2026-05-18T22:19:51 COLMAP[feature_extractor] I20260518 22:19:51.157405    82 feature_extraction.cc:283]   Name:            DJI_01434.JPG
2026-05-18T22:19:51 COLMAP[feature_extractor] I20260518 22:19:51.157418    82 feature_extraction.cc:292]   Dimensions:      4000 x 2250
2026-05-18T22:19:51 COLMAP[feature_extractor] I20260518 22:19:51.157428    82 feature_extraction.cc:295]   Camera:          #1 - SIMPLE_RADIAL
2026-05-18T22:19:51 COLMAP[feature_extractor] I20260518 22:19:51.157439    82 feature_extraction.cc:298]   Focal Length:    2545.54px (Prior)
2026-05-18T22:19:51 COLMAP[feature_extractor] I20260518 22:19:51.157455    82 feature_extraction.cc:302]   Features:        11635 (SIFT)
2026-05-18T22:19:52 COLMAP[feature_extractor] I20260518 22:19:51.469836    82 feature_extraction.cc:316]   GPS:             LAT=40.520, LON=-111.892, ALT=1502.999
2026-05-18T22:19:52 COLMAP[feature_extractor] I20260518 22:19:51.469890    82 feature_extraction.cc:323]   Gravity:         X=0.000, Y=1.000, Z=0.000
2026-05-18T22:19:55 COLMAP[feature_extractor] I20260518 22:19:54.453804    82 feature_extraction.cc:280] Processed file [1435/1710]
2026-05-18T22:19:55 COLMAP[feature_extractor] I20260518 22:19:54.453860    82 feature_extraction.cc:283]   Name:            DJI_01435.JPG
2026-05-18T22:19:55 COLMAP[feature_extractor] I20260518 22:19:54.453872    82 feature_extraction.cc:292]   Dimensions:      4000 x 2250
2026-05-18T22:19:55 COLMAP[feature_extractor] I20260518 22:19:54.453883    82 feature_extraction.cc:295]   Camera:          #1 - SIMPLE_RADIAL
2026-05-18T22:19:55 COLMAP[feature_extractor] I20260518 22:19:54.453895    82 feature_extraction.cc:298]   Focal Length:    2545.54px (Prior)
2026-05-18T22:19:55 COLMAP[feature_extractor] I20260518 22:19:54.453912    82 feature_extraction.cc:302]   Features:        11562 (SIFT)
2026-05-18T22:19:55 COLMAP[feature_extractor] I20260518 22:19:54.794056    82 feature_extraction.cc:316]   GPS:             LAT=40.520, LON=-111.892, ALT=1501.599
2026-05-18T22:19:55 COLMAP[feature_extractor] I20260518 22:19:54.794116    82 feature_extraction.cc:323]   Gravity:         X=0.000, Y=1.000, Z=0.000
2026-05-18T22:19:57 COLMAP[feature_extractor] I20260518 22:19:57.422834    82 feature_extraction.cc:280] Processed file [1436/1710]
2026-05-18T22:19:57 COLMAP[feature_extractor] I20260518 22:19:57.422887    82 feature_extraction.cc:283]   Name:            DJI_01436.JPG
2026-05-18T22:19:57 COLMAP[feature_extractor] I20260518 22:19:57.422899    82 feature_extraction.cc:292]   Dimensions:      4000 x 2250
2026-05-18T22:19:57 COLMAP[feature_extractor] I20260518 22:19:57.422909    82 feature_extraction.cc:295]   Camera:          #1 - SIMPLE_RADIAL
2026-05-18T22:19:57 COLMAP[feature_extractor] I20260518 22:19:57.422953    82 feature_extraction.cc:298]   Focal Length:    2545.54px (Prior)
2026-05-18T22:19:57 COLMAP[feature_extractor] I20260518 22:19:57.422969    82 feature_extraction.cc:302]   Features:        11704 (SIFT)
2026-05-18T22:19:57 COLMAP[feature_extractor] I20260518 22:19:57.742208    82 feature_extraction.cc:316]   GPS:             LAT=40.520, LON=-111.892, ALT=1502.699
2026-05-18T22:19:57 COLMAP[feature_extractor] I20260518 22:19:57.742264    82 feature_extraction.cc:323]   Gravity:         X=0.000, Y=1.000, Z=0.000
2026-05-18T22:19:58 COLMAP[feature_extractor] I20260518 22:19:57.852676    82 feature_extraction.cc:280] Processed file [1437/1710]
2026-05-18T22:19:58 COLMAP[feature_extractor] I20260518 22:19:57.852730    82 feature_extraction.cc:283]   Name:            DJI_01437.JPG
2026-05-18T22:19:58 COLMAP[feature_extractor] I20260518 22:19:57.852742    82 feature_extraction.cc:292]   Dimensions:      4000 x 2250
2026-05-18T22:19:58 COLMAP[feature_extractor] I20260518 22:19:57.852752    82 feature_extraction.cc:295]   Camera:          #1 - SIMPLE_RADIAL
2026-05-18T22:19:58 COLMAP[feature_extractor] I20260518 22:19:57.852764    82 feature_extraction.cc:298]   Focal Length:    2545.54px (Prior)
2026-05-18T22:19:58 COLMAP[feature_extractor] I20260518 22:19:57.852779    82 feature_extraction.cc:302]   Features:        11793 (SIFT)
2026-05-18T22:19:58 COLMAP[feature_extractor] I20260518 22:19:58.059314    82 feature_extraction.cc:316]   GPS:             LAT=40.520, LON=-111.893, ALT=1501.999
2026-05-18T22:19:58 COLMAP[feature_extractor] I20260518 22:19:58.059367    82 feature_extraction.cc:323]   Gravity:         X=0.000, Y=1.000, Z=0.000
2026-05-18T22:20:00 COLMAP[feature_extractor] I20260518 22:20:00.604857    82 feature_extraction.cc:280] Processed file [1438/1710]
2026-05-18T22:20:00 COLMAP[feature_extractor] I20260518 22:20:00.604916    82 feature_extraction.cc:283]   Name:            DJI_01438.JPG
2026-05-18T22:20:00 COLMAP[feature_extractor] I20260518 22:20:00.604928    82 feature_extraction.cc:292]   Dimensions:      4000 x 2250
2026-05-18T22:20:00 COLMAP[feature_extractor] I20260518 22:20:00.604939    82 feature_extraction.cc:295]   Camera:          #1 - SIMPLE_RADIAL
2026-05-18T22:20:00 COLMAP[feature_extractor] I20260518 22:20:00.604951    82 feature_extraction.cc:298]   Focal Length:    2545.54px (Prior)
2026-05-18T22:20:00 COLMAP[feature_extractor] I20260518 22:20:00.604967    82 feature_extraction.cc:302]   Features:        12083 (SIFT)
2026-05-18T22:20:01 COLMAP[feature_extractor] I20260518 22:20:00.967785    82 feature_extraction.cc:316]   GPS:             LAT=40.520, LON=-111.893, ALT=1501.699
2026-05-18T22:20:01 COLMAP[feature_extractor] I20260518 22:20:00.967844    82 feature_extraction.cc:323]   Gravity:         X=0.000, Y=1.000, Z=0.000
2026-05-18T22:20:04 COLMAP[feature_extractor] I20260518 22:20:03.859395    82 feature_extraction.cc:280] Processed file [1439/1710]
2026-05-18T22:20:04 COLMAP[feature_extractor] I20260518 22:20:03.859449    82 feature_extraction.cc:283]   Name:            DJI_01439.JPG
2026-05-18T22:20:04 COLMAP[feature_extractor] I20260518 22:20:03.859462    82 feature_extraction.cc:292]   Dimensions:      4000 x 2250
2026-05-18T22:20:04 COLMAP[feature_extractor] I20260518 22:20:03.859473    82 feature_extraction.cc:295]   Camera:          #1 - SIMPLE_RADIAL
2026-05-18T22:20:04 COLMAP[feature_extractor] I20260518 22:20:03.859484    82 feature_extraction.cc:298]   Focal Length:    2545.54px (Prior)
2026-05-18T22:20:04 COLMAP[feature_extractor] I20260518 22:20:03.859499    82 feature_extraction.cc:302]   Features:        11991 (SIFT)
2026-05-18T22:20:04 COLMAP[feature_extractor] I20260518 22:20:04.166395    82 feature_extraction.cc:316]   GPS:             LAT=40.520, LON=-111.893, ALT=1501.299
2026-05-18T22:20:04 COLMAP[feature_extractor] I20260518 22:20:04.166448    82 feature_extraction.cc:323]   Gravity:         X=0.000, Y=1.000, Z=0.000
2026-05-18T22:20:07 COLMAP[feature_extractor] I20260518 22:20:06.966272    82 feature_extraction.cc:280] Processed file [1440/1710]
2026-05-18T22:20:07 COLMAP[feature_extractor] I20260518 22:20:06.966331    82 feature_extraction.cc:283]   Name:            DJI_01440.JPG
2026-05-18T22:20:07 COLMAP[feature_extractor] I20260518 22:20:06.966342    82 feature_extraction.cc:292]   Dimensions:      4000 x 2250
2026-05-18T22:20:07 COLMAP[feature_extractor] I20260518 22:20:06.966351    82 feature_extraction.cc:295]   Camera:          #1 - SIMPLE_RADIAL
2026-05-18T22:20:07 COLMAP[feature_extractor] I20260518 22:20:06.966360    82 feature_extraction.cc:298]   Focal Length:    2545.54px (Prior)
2026-05-18T22:20:07 COLMAP[feature_extractor] I20260518 22:20:06.966375    82 feature_extraction.cc:302]   Features:        8376 (SIFT)
2026-05-18T22:20:08 COLMAP[feature_extractor] I20260518 22:20:07.180881    82 feature_extraction.cc:316]   GPS:             LAT=40.520, LON=-111.893, ALT=1500.999
2026-05-18T22:20:08 COLMAP[feature_extractor] I20260518 22:20:07.180933    82 feature_extraction.cc:323]   Gravity:         X=0.000, Y=1.000, Z=0.000
2026-05-18T22:20:08 COLMAP[feature_extractor] I20260518 22:20:07.469537    82 feature_extraction.cc:280] Processed file [1441/1710]
2026-05-18T22:20:08 COLMAP[feature_extractor] I20260518 22:20:07.469585    82 feature_extraction.cc:283]   Name:            DJI_01441.JPG
2026-05-18T22:20:08 COLMAP[feature_extractor] I20260518 22:20:07.469597    82 feature_extraction.cc:292]   Dimensions:      4000 x 2250
2026-05-18T22:20:08 COLMAP[feature_extractor] I20260518 22:20:07.469607    82 feature_extraction.cc:295]   Camera:          #1 - SIMPLE_RADIAL
2026-05-18T22:20:08 COLMAP[feature_extractor] I20260518 22:20:07.469619    82 feature_extraction.cc:298]   Focal Length:    2545.54px (Prior)
2026-05-18T22:20:08 COLMAP[feature_extractor] I20260518 22:20:07.469635    82 feature_extraction.cc:302]   Features:        8558 (SIFT)
2026-05-18T22:20:08 COLMAP[feature_extractor] I20260518 22:20:07.752746    82 feature_extraction.cc:316]   GPS:             LAT=40.520, LON=-111.894, ALT=1501.499
2026-05-18T22:20:08 COLMAP[feature_extractor] I20260518 22:20:07.752799    82 feature_extraction.cc:323]   Gravity:         X=0.000, Y=1.000, Z=0.000
2026-05-18T22:20:11 COLMAP[feature_extractor] I20260518 22:20:10.088148    82 feature_extraction.cc:280] Processed file [1442/1710]
2026-05-18T22:20:11 COLMAP[feature_extractor] I20260518 22:20:10.088200    82 feature_extraction.cc:283]   Name:            DJI_01442.JPG
2026-05-18T22:20:11 COLMAP[feature_extractor] I20260518 22:20:10.088213    82 feature_extraction.cc:292]   Dimensions:      4000 x 2250
2026-05-18T22:20:11 COLMAP[feature_extractor] I20260518 22:20:10.088224    82 feature_extraction.cc:295]   Camera:          #1 - SIMPLE_RADIAL
2026-05-18T22:20:11 COLMAP[feature_extractor] I20260518 22:20:10.088235    82 feature_extraction.cc:298]   Focal Length:    2545.54px (Prior)
2026-05-18T22:20:11 COLMAP[feature_extractor] I20260518 22:20:10.088251    82 feature_extraction.cc:302]   Features:        8758 (SIFT)
2026-05-18T22:20:11 COLMAP[feature_extractor] I20260518 22:20:10.390571    82 feature_extraction.cc:316]   GPS:             LAT=40.520, LON=-111.894, ALT=1501.599
2026-05-18T22:20:11 COLMAP[feature_extractor] I20260518 22:20:10.390630    82 feature_extraction.cc:323]   Gravity:         X=0.000, Y=1.000, Z=0.000
2026-05-18T22:20:13 COLMAP[feature_extractor] I20260518 22:20:12.944114    82 feature_extraction.cc:280] Processed file [1443/1710]
2026-05-18T22:20:13 COLMAP[feature_extractor] I20260518 22:20:12.944166    82 feature_extraction.cc:283]   Name:            DJI_01443.JPG
2026-05-18T22:20:13 COLMAP[feature_extractor] I20260518 22:20:12.944178    82 feature_extraction.cc:292]   Dimensions:      4000 x 2250
2026-05-18T22:20:13 COLMAP[feature_extractor] I20260518 22:20:12.944188    82 feature_extraction.cc:295]   Camera:          #1 - SIMPLE_RADIAL
2026-05-18T22:20:13 COLMAP[feature_extractor] I20260518 22:20:12.944200    82 feature_extraction.cc:298]   Focal Length:    2545.54px (Prior)
2026-05-18T22:20:13 COLMAP[feature_extractor] I20260518 22:20:12.944216    82 feature_extraction.cc:302]   Features:        8775 (SIFT)
2026-05-18T22:20:14 COLMAP[feature_extractor] I20260518 22:20:13.143944    82 feature_extraction.cc:316]   GPS:             LAT=40.520, LON=-111.894, ALT=1501.599
2026-05-18T22:20:14 COLMAP[feature_extractor] I20260518 22:20:13.144004    82 feature_extraction.cc:323]   Gravity:         X=0.000, Y=1.000, Z=0.000
2026-05-18T22:20:16 COLMAP[feature_extractor] I20260518 22:20:16.185909    82 feature_extraction.cc:280] Processed file [1444/1710]
2026-05-18T22:20:16 COLMAP[feature_extractor] I20260518 22:20:16.185992    82 feature_extraction.cc:283]   Name:            DJI_01444.JPG
2026-05-18T22:20:16 COLMAP[feature_extractor] I20260518 22:20:16.186005    82 feature_extraction.cc:292]   Dimensions:      4000 x 2250
2026-05-18T22:20:16 COLMAP[feature_extractor] I20260518 22:20:16.186017    82 feature_extraction.cc:295]   Camera:          #1 - SIMPLE_RADIAL
2026-05-18T22:20:16 COLMAP[feature_extractor] I20260518 22:20:16.186028    82 feature_extraction.cc:298]   Focal Length:    2545.54px (Prior)
2026-05-18T22:20:16 COLMAP[feature_extractor] I20260518 22:20:16.186043    82 feature_extraction.cc:302]   Features:        8938 (SIFT)
2026-05-18T22:20:16 COLMAP[feature_extractor] I20260518 22:20:16.524923    82 feature_extraction.cc:316]   GPS:             LAT=40.520, LON=-111.894, ALT=1501.499
2026-05-18T22:20:16 COLMAP[feature_extractor] I20260518 22:20:16.524979    82 feature_extraction.cc:323]   Gravity:         X=0.000, Y=1.000, Z=0.000
2026-05-18T22:20:16 COLMAP[feature_extractor] I20260518 22:20:16.546352    82 feature_extraction.cc:280] Processed file [1445/1710]
2026-05-18T22:20:16 COLMAP[feature_extractor] I20260518 22:20:16.546401    82 feature_extraction.cc:283]   Name:            DJI_01445.JPG
2026-05-18T22:20:16 COLMAP[feature_extractor] I20260518 22:20:16.546412    82 feature_extraction.cc:292]   Dimensions:      4000 x 2250
2026-05-18T22:20:16 COLMAP[feature_extractor] I20260518 22:20:16.546423    82 feature_extraction.cc:295]   Camera:          #1 - SIMPLE_RADIAL
2026-05-18T22:20:16 COLMAP[feature_extractor] I20260518 22:20:16.546434    82 feature_extraction.cc:298]   Focal Length:    2545.54px (Prior)
2026-05-18T22:20:16 COLMAP[feature_extractor] I20260518 22:20:16.546448    82 feature_extraction.cc:302]   Features:        8891 (SIFT)
2026-05-18T22:20:17 COLMAP[feature_extractor] I20260518 22:20:16.796608    82 feature_extraction.cc:316]   GPS:             LAT=40.520, LON=-111.895, ALT=1501.299
2026-05-18T22:20:17 COLMAP[feature_extractor] I20260518 22:20:16.796655    82 feature_extraction.cc:323]   Gravity:         X=0.000, Y=1.000, Z=0.000
2026-05-18T22:20:19 COLMAP[feature_extractor] I20260518 22:20:19.411550    82 feature_extraction.cc:280] Processed file [1446/1710]
2026-05-18T22:20:19 COLMAP[feature_extractor] I20260518 22:20:19.411605    82 feature_extraction.cc:283]   Name:            DJI_01446.JPG
2026-05-18T22:20:19 COLMAP[feature_extractor] I20260518 22:20:19.411616    82 feature_extraction.cc:292]   Dimensions:      4000 x 2250
2026-05-18T22:20:19 COLMAP[feature_extractor] I20260518 22:20:19.411628    82 feature_extraction.cc:295]   Camera:          #1 - SIMPLE_RADIAL
2026-05-18T22:20:19 COLMAP[feature_extractor] I20260518 22:20:19.411639    82 feature_extraction.cc:298]   Focal Length:    2545.54px (Prior)
2026-05-18T22:20:19 COLMAP[feature_extractor] I20260518 22:20:19.411654    82 feature_extraction.cc:302]   Features:        8793 (SIFT)
2026-05-18T22:20:20 COLMAP[feature_extractor] I20260518 22:20:19.746905    82 feature_extraction.cc:316]   GPS:             LAT=40.520, LON=-111.895, ALT=1501.099
2026-05-18T22:20:20 COLMAP[feature_extractor] I20260518 22:20:19.746961    82 feature_extraction.cc:323]   Gravity:         X=0.000, Y=1.000, Z=0.000
2026-05-18T22:20:22 COLMAP[feature_extractor] I20260518 22:20:22.163401    82 feature_extraction.cc:280] Processed file [1447/1710]
2026-05-18T22:20:22 COLMAP[feature_extractor] I20260518 22:20:22.163462    82 feature_extraction.cc:283]   Name:            DJI_01447.JPG
2026-05-18T22:20:22 COLMAP[feature_extractor] I20260518 22:20:22.163475    82 feature_extraction.cc:292]   Dimensions:      4000 x 2250
2026-05-18T22:20:22 COLMAP[feature_extractor] I20260518 22:20:22.163484    82 feature_extraction.cc:295]   Camera:          #1 - SIMPLE_RADIAL
2026-05-18T22:20:22 COLMAP[feature_extractor] I20260518 22:20:22.163496    82 feature_extraction.cc:298]   Focal Length:    2545.54px (Prior)
2026-05-18T22:20:22 COLMAP[feature_extractor] I20260518 22:20:22.163511    82 feature_extraction.cc:302]   Features:        8770 (SIFT)
2026-05-18T22:20:24 COLMAP[feature_extractor] I20260518 22:20:22.459971    82 feature_extraction.cc:316]   GPS:             LAT=40.520, LON=-111.895, ALT=1500.899
2026-05-18T22:20:24 COLMAP[feature_extractor] I20260518 22:20:22.460034    82 feature_extraction.cc:323]   Gravity:         X=0.000, Y=1.000, Z=0.000
2026-05-18T22:20:26 COLMAP[feature_extractor] I20260518 22:20:25.217016    82 feature_extraction.cc:280] Processed file [1448/1710]
2026-05-18T22:20:26 COLMAP[feature_extractor] I20260518 22:20:25.217072    82 feature_extraction.cc:283]   Name:            DJI_01448.JPG
2026-05-18T22:20:26 COLMAP[feature_extractor] I20260518 22:20:25.217084    82 feature_extraction.cc:292]   Dimensions:      4000 x 2250
2026-05-18T22:20:26 COLMAP[feature_extractor] I20260518 22:20:25.217095    82 feature_extraction.cc:295]   Camera:          #1 - SIMPLE_RADIAL
2026-05-18T22:20:26 COLMAP[feature_extractor] I20260518 22:20:25.217106    82 feature_extraction.cc:298]   Focal Length:    2545.54px (Prior)
2026-05-18T22:20:26 COLMAP[feature_extractor] I20260518 22:20:25.217123    82 feature_extraction.cc:302]   Features:        8759 (SIFT)
2026-05-18T22:20:26 COLMAP[feature_extractor] I20260518 22:20:25.480849    82 feature_extraction.cc:316]   GPS:             LAT=40.520, LON=-111.895, ALT=1500.899
2026-05-18T22:20:26 COLMAP[feature_extractor] I20260518 22:20:25.480909    82 feature_extraction.cc:323]   Gravity:         X=0.000, Y=1.000, Z=0.000
2026-05-18T22:20:26 COLMAP[feature_extractor] I20260518 22:20:25.979940    82 feature_extraction.cc:280] Processed file [1449/1710]
2026-05-18T22:20:26 COLMAP[feature_extractor] I20260518 22:20:25.980000    82 feature_extraction.cc:283]   Name:            DJI_01449.JPG
2026-05-18T22:20:26 COLMAP[feature_extractor] I20260518 22:20:25.980013    82 feature_extraction.cc:292]   Dimensions:      4000 x 2250
2026-05-18T22:20:26 COLMAP[feature_extractor] I20260518 22:20:25.980023    82 feature_extraction.cc:295]   Camera:          #1 - SIMPLE_RADIAL
2026-05-18T22:20:26 COLMAP[feature_extractor] I20260518 22:20:25.980067    82 feature_extraction.cc:298]   Focal Length:    2545.54px (Prior)
2026-05-18T22:20:26 COLMAP[feature_extractor] I20260518 22:20:25.980082    82 feature_extraction.cc:302]   Features:        8720 (SIFT)
2026-05-18T22:20:27 COLMAP[feature_extractor] I20260518 22:20:26.266762    82 feature_extraction.cc:316]   GPS:             LAT=40.521, LON=-111.896, ALT=1500.999
2026-05-18T22:20:27 COLMAP[feature_extractor] I20260518 22:20:26.266826    82 feature_extraction.cc:323]   Gravity:         X=0.000, Y=1.000, Z=0.000
2026-05-18T22:20:29 COLMAP[feature_extractor] I20260518 22:20:28.505419    82 feature_extraction.cc:280] Processed file [1450/1710]
2026-05-18T22:20:29 COLMAP[feature_extractor] I20260518 22:20:28.505471    82 feature_extraction.cc:283]   Name:            DJI_01450.JPG
2026-05-18T22:20:29 COLMAP[feature_extractor] I20260518 22:20:28.505483    82 feature_extraction.cc:292]   Dimensions:      4000 x 2250
2026-05-18T22:20:29 COLMAP[feature_extractor] I20260518 22:20:28.505494    82 feature_extraction.cc:295]   Camera:          #1 - SIMPLE_RADIAL
2026-05-18T22:20:29 COLMAP[feature_extractor] I20260518 22:20:28.505506    82 feature_extraction.cc:298]   Focal Length:    2545.54px (Prior)
2026-05-18T22:20:29 COLMAP[feature_extractor] I20260518 22:20:28.505520    82 feature_extraction.cc:302]   Features:        9336 (SIFT)
2026-05-18T22:20:29 COLMAP[feature_extractor] I20260518 22:20:28.725041    82 feature_extraction.cc:316]   GPS:             LAT=40.521, LON=-111.896, ALT=1500.299
2026-05-18T22:20:29 COLMAP[feature_extractor] I20260518 22:20:28.725100    82 feature_extraction.cc:323]   Gravity:         X=0.000, Y=1.000, Z=0.000
2026-05-18T22:20:32 COLMAP[feature_extractor] I20260518 22:20:31.373463    82 feature_extraction.cc:280] Processed file [1451/1710]
2026-05-18T22:20:32 COLMAP[feature_extractor] I20260518 22:20:31.373518    82 feature_extraction.cc:283]   Name:            DJI_01451.JPG
2026-05-18T22:20:32 COLMAP[feature_extractor] I20260518 22:20:31.373530    82 feature_extraction.cc:292]   Dimensions:      4000 x 2250
2026-05-18T22:20:32 COLMAP[feature_extractor] I20260518 22:20:31.373541    82 feature_extraction.cc:295]   Camera:          #1 - SIMPLE_RADIAL
2026-05-18T22:20:32 COLMAP[feature_extractor] I20260518 22:20:31.373553    82 feature_extraction.cc:298]   Focal Length:    2545.54px (Prior)
2026-05-18T22:20:32 COLMAP[feature_extractor] I20260518 22:20:31.373567    82 feature_extraction.cc:302]   Features:        9128 (SIFT)
2026-05-18T22:20:32 COLMAP[feature_extractor] I20260518 22:20:31.614038    82 feature_extraction.cc:316]   GPS:             LAT=40.521, LON=-111.896, ALT=1500.899
2026-05-18T22:20:32 COLMAP[feature_extractor] I20260518 22:20:31.614095    82 feature_extraction.cc:323]   Gravity:         X=0.000, Y=1.000, Z=0.000
2026-05-18T22:20:35 COLMAP[feature_extractor] I20260518 22:20:34.597889    82 feature_extraction.cc:280] Processed file [1452/1710]
2026-05-18T22:20:35 COLMAP[feature_extractor] I20260518 22:20:34.597949    82 feature_extraction.cc:283]   Name:            DJI_01452.JPG
2026-05-18T22:20:35 COLMAP[feature_extractor] I20260518 22:20:34.597961    82 feature_extraction.cc:292]   Dimensions:      4000 x 2250
2026-05-18T22:20:35 COLMAP[feature_extractor] I20260518 22:20:34.597970    82 feature_extraction.cc:295]   Camera:          #1 - SIMPLE_RADIAL
2026-05-18T22:20:35 COLMAP[feature_extractor] I20260518 22:20:34.597980    82 feature_extraction.cc:298]   Focal Length:    2545.54px (Prior)
2026-05-18T22:20:35 COLMAP[feature_extractor] I20260518 22:20:34.597994    82 feature_extraction.cc:302]   Features:        9290 (SIFT)
2026-05-18T22:20:35 COLMAP[feature_extractor] I20260518 22:20:34.923528    82 feature_extraction.cc:316]   GPS:             LAT=40.521, LON=-111.896, ALT=1500.999
2026-05-18T22:20:35 COLMAP[feature_extractor] I20260518 22:20:34.923581    82 feature_extraction.cc:323]   Gravity:         X=0.000, Y=1.000, Z=0.000
2026-05-18T22:20:35 COLMAP[feature_extractor] I20260518 22:20:35.212486    82 feature_extraction.cc:280] Processed file [1453/1710]
2026-05-18T22:20:35 COLMAP[feature_extractor] I20260518 22:20:35.212536    82 feature_extraction.cc:283]   Name:            DJI_01453.JPG
2026-05-18T22:20:35 COLMAP[feature_extractor] I20260518 22:20:35.212548    82 feature_extraction.cc:292]   Dimensions:      4000 x 2250
2026-05-18T22:20:35 COLMAP[feature_extractor] I20260518 22:20:35.212559    82 feature_extraction.cc:295]   Camera:          #1 - SIMPLE_RADIAL
2026-05-18T22:20:35 COLMAP[feature_extractor] I20260518 22:20:35.212570    82 feature_extraction.cc:298]   Focal Length:    2545.54px (Prior)
2026-05-18T22:20:35 COLMAP[feature_extractor] I20260518 22:20:35.212585    82 feature_extraction.cc:302]   Features:        9241 (SIFT)
2026-05-18T22:20:36 COLMAP[feature_extractor] I20260518 22:20:35.533825    82 feature_extraction.cc:316]   GPS:             LAT=40.521, LON=-111.896, ALT=1500.699
2026-05-18T22:20:36 COLMAP[feature_extractor] I20260518 22:20:35.533885    82 feature_extraction.cc:323]   Gravity:         X=0.000, Y=1.000, Z=0.000
2026-05-18T22:20:38 COLMAP[feature_extractor] I20260518 22:20:37.641582    82 feature_extraction.cc:280] Processed file [1454/1710]
2026-05-18T22:20:38 COLMAP[feature_extractor] I20260518 22:20:37.641639    82 feature_extraction.cc:283]   Name:            DJI_01454.JPG
2026-05-18T22:20:38 COLMAP[feature_extractor] I20260518 22:20:37.641651    82 feature_extraction.cc:292]   Dimensions:      4000 x 2250
2026-05-18T22:20:38 COLMAP[feature_extractor] I20260518 22:20:37.641664    82 feature_extraction.cc:295]   Camera:          #1 - SIMPLE_RADIAL
2026-05-18T22:20:38 COLMAP[feature_extractor] I20260518 22:20:37.641674    82 feature_extraction.cc:298]   Focal Length:    2545.54px (Prior)
2026-05-18T22:20:38 COLMAP[feature_extractor] I20260518 22:20:37.641690    82 feature_extraction.cc:302]   Features:        9260 (SIFT)
2026-05-18T22:20:38 COLMAP[feature_extractor] I20260518 22:20:37.886500    82 feature_extraction.cc:316]   GPS:             LAT=40.521, LON=-111.896, ALT=1500.899
2026-05-18T22:20:38 COLMAP[feature_extractor] I20260518 22:20:37.886582    82 feature_extraction.cc:323]   Gravity:         X=0.000, Y=1.000, Z=0.000
2026-05-18T22:20:41 COLMAP[feature_extractor] I20260518 22:20:40.849612    82 feature_extraction.cc:280] Processed file [1455/1710]
2026-05-18T22:20:41 COLMAP[feature_extractor] I20260518 22:20:40.849665    82 feature_extraction.cc:283]   Name:            DJI_01455.JPG
2026-05-18T22:20:41 COLMAP[feature_extractor] I20260518 22:20:40.849677    82 feature_extraction.cc:292]   Dimensions:      4000 x 2250
2026-05-18T22:20:41 COLMAP[feature_extractor] I20260518 22:20:40.849689    82 feature_extraction.cc:295]   Camera:          #1 - SIMPLE_RADIAL
2026-05-18T22:20:41 COLMAP[feature_extractor] I20260518 22:20:40.849700    82 feature_extraction.cc:298]   Focal Length:    2545.54px (Prior)
2026-05-18T22:20:41 COLMAP[feature_extractor] I20260518 22:20:40.849715    82 feature_extraction.cc:302]   Features:        9041 (SIFT)
2026-05-18T22:20:41 COLMAP[feature_extractor] I20260518 22:20:41.099817    82 feature_extraction.cc:316]   GPS:             LAT=40.520, LON=-111.896, ALT=1500.999
2026-05-18T22:20:41 COLMAP[feature_extractor] I20260518 22:20:41.099872    82 feature_extraction.cc:323]   Gravity:         X=0.000, Y=1.000, Z=0.000
2026-05-18T22:20:44 COLMAP[feature_extractor] I20260518 22:20:43.796617    82 feature_extraction.cc:280] Processed file [1456/1710]
2026-05-18T22:20:44 COLMAP[feature_extractor] I20260518 22:20:43.796674    82 feature_extraction.cc:283]   Name:            DJI_01456.JPG
2026-05-18T22:20:44 COLMAP[feature_extractor] I20260518 22:20:43.796685    82 feature_extraction.cc:292]   Dimensions:      4000 x 2250
2026-05-18T22:20:44 COLMAP[feature_extractor] I20260518 22:20:43.796696    82 feature_extraction.cc:295]   Camera:          #1 - SIMPLE_RADIAL
2026-05-18T22:20:44 COLMAP[feature_extractor] I20260518 22:20:43.796707    82 feature_extraction.cc:298]   Focal Length:    2545.54px (Prior)
2026-05-18T22:20:44 COLMAP[feature_extractor] I20260518 22:20:43.796723    82 feature_extraction.cc:302]   Features:        8992 (SIFT)
2026-05-18T22:20:44 COLMAP[feature_extractor] I20260518 22:20:44.039975    82 feature_extraction.cc:316]   GPS:             LAT=40.520, LON=-111.895, ALT=1501.099
2026-05-18T22:20:44 COLMAP[feature_extractor] I20260518 22:20:44.040035    82 feature_extraction.cc:323]   Gravity:         X=0.000, Y=1.000, Z=0.000
2026-05-18T22:20:45 COLMAP[feature_extractor] I20260518 22:20:44.341884    82 feature_extraction.cc:280] Processed file [1457/1710]
2026-05-18T22:20:45 COLMAP[feature_extractor] I20260518 22:20:44.341943    82 feature_extraction.cc:283]   Name:            DJI_01457.JPG
2026-05-18T22:20:45 COLMAP[feature_extractor] I20260518 22:20:44.341956    82 feature_extraction.cc:292]   Dimensions:      4000 x 2250
2026-05-18T22:20:45 COLMAP[feature_extractor] I20260518 22:20:44.341969    82 feature_extraction.cc:295]   Camera:          #1 - SIMPLE_RADIAL
2026-05-18T22:20:45 COLMAP[feature_extractor] I20260518 22:20:44.341980    82 feature_extraction.cc:298]   Focal Length:    2545.54px (Prior)
2026-05-18T22:20:45 COLMAP[feature_extractor] I20260518 22:20:44.341995    82 feature_extraction.cc:302]   Features:        9033 (SIFT)
2026-05-18T22:20:45 COLMAP[feature_extractor] I20260518 22:20:44.621213    82 feature_extraction.cc:316]   GPS:             LAT=40.520, LON=-111.895, ALT=1501.099
2026-05-18T22:20:45 COLMAP[feature_extractor] I20260518 22:20:44.621273    82 feature_extraction.cc:323]   Gravity:         X=0.000, Y=1.000, Z=0.000
2026-05-18T22:20:47 COLMAP[feature_extractor] I20260518 22:20:46.971395    82 feature_extraction.cc:280] Processed file [1458/1710]
2026-05-18T22:20:47 COLMAP[feature_extractor] I20260518 22:20:46.971500    82 feature_extraction.cc:283]   Name:            DJI_01458.JPG
2026-05-18T22:20:47 COLMAP[feature_extractor] I20260518 22:20:46.971514    82 feature_extraction.cc:292]   Dimensions:      4000 x 2250
2026-05-18T22:20:47 COLMAP[feature_extractor] I20260518 22:20:46.971526    82 feature_extraction.cc:295]   Camera:          #1 - SIMPLE_RADIAL
2026-05-18T22:20:47 COLMAP[feature_extractor] I20260518 22:20:46.971537    82 feature_extraction.cc:298]   Focal Length:    2545.54px (Prior)
2026-05-18T22:20:47 COLMAP[feature_extractor] I20260518 22:20:46.971552    82 feature_extraction.cc:302]   Features:        9076 (SIFT)
2026-05-18T22:20:47 COLMAP[feature_extractor] I20260518 22:20:47.234090    82 feature_extraction.cc:316]   GPS:             LAT=40.520, LON=-111.895, ALT=1501.299
2026-05-18T22:20:47 COLMAP[feature_extractor] I20260518 22:20:47.234149    82 feature_extraction.cc:323]   Gravity:         X=0.000, Y=1.000, Z=0.000
2026-05-18T22:20:50 COLMAP[feature_extractor] I20260518 22:20:49.905275    82 feature_extraction.cc:280] Processed file [1459/1710]
2026-05-18T22:20:50 COLMAP[feature_extractor] I20260518 22:20:49.905329    82 feature_extraction.cc:283]   Name:            DJI_01459.JPG
2026-05-18T22:20:50 COLMAP[feature_extractor] I20260518 22:20:49.905341    82 feature_extraction.cc:292]   Dimensions:      4000 x 2250
2026-05-18T22:20:50 COLMAP[feature_extractor] I20260518 22:20:49.905352    82 feature_extraction.cc:295]   Camera:          #1 - SIMPLE_RADIAL
2026-05-18T22:20:50 COLMAP[feature_extractor] I20260518 22:20:49.905371    82 feature_extraction.cc:298]   Focal Length:    2545.54px (Prior)
2026-05-18T22:20:50 COLMAP[feature_extractor] I20260518 22:20:49.905387    82 feature_extraction.cc:302]   Features:        8939 (SIFT)
2026-05-18T22:20:50 COLMAP[feature_extractor] I20260518 22:20:50.199501    82 feature_extraction.cc:316]   GPS:             LAT=40.520, LON=-111.894, ALT=1501.199
2026-05-18T22:20:50 COLMAP[feature_extractor] I20260518 22:20:50.199559    82 feature_extraction.cc:323]   Gravity:         X=0.000, Y=1.000, Z=0.000
2026-05-18T22:20:53 COLMAP[feature_extractor] I20260518 22:20:53.031073    82 feature_extraction.cc:280] Processed file [1460/1710]
2026-05-18T22:20:53 COLMAP[feature_extractor] I20260518 22:20:53.031128    82 feature_extraction.cc:283]   Name:            DJI_01460.JPG
2026-05-18T22:20:53 COLMAP[feature_extractor] I20260518 22:20:53.031140    82 feature_extraction.cc:292]   Dimensions:      4000 x 2250
2026-05-18T22:20:53 COLMAP[feature_extractor] I20260518 22:20:53.031152    82 feature_extraction.cc:295]   Camera:          #1 - SIMPLE_RADIAL
2026-05-18T22:20:53 COLMAP[feature_extractor] I20260518 22:20:53.031163    82 feature_extraction.cc:298]   Focal Length:    2545.54px (Prior)
2026-05-18T22:20:53 COLMAP[feature_extractor] I20260518 22:20:53.031178    82 feature_extraction.cc:302]   Features:        8767 (SIFT)
2026-05-18T22:20:53 COLMAP[feature_extractor] I20260518 22:20:53.258882    82 feature_extraction.cc:316]   GPS:             LAT=40.520, LON=-111.894, ALT=1500.999
2026-05-18T22:20:53 COLMAP[feature_extractor] I20260518 22:20:53.258949    82 feature_extraction.cc:323]   Gravity:         X=0.000, Y=1.000, Z=0.000
2026-05-18T22:20:53 COLMAP[feature_extractor] I20260518 22:20:53.485106    82 feature_extraction.cc:280] Processed file [1461/1710]
2026-05-18T22:20:53 COLMAP[feature_extractor] I20260518 22:20:53.485163    82 feature_extraction.cc:283]   Name:            DJI_01461.JPG
2026-05-18T22:20:53 COLMAP[feature_extractor] I20260518 22:20:53.485176    82 feature_extraction.cc:292]   Dimensions:      4000 x 2250
2026-05-18T22:20:53 COLMAP[feature_extractor] I20260518 22:20:53.485186    82 feature_extraction.cc:295]   Camera:          #1 - SIMPLE_RADIAL
2026-05-18T22:20:53 COLMAP[feature_extractor] I20260518 22:20:53.485198    82 feature_extraction.cc:298]   Focal Length:    2545.54px (Prior)
2026-05-18T22:20:53 COLMAP[feature_extractor] I20260518 22:20:53.485213    82 feature_extraction.cc:302]   Features:        8737 (SIFT)
2026-05-18T22:20:54 COLMAP[feature_extractor] I20260518 22:20:53.743906    82 feature_extraction.cc:316]   GPS:             LAT=40.520, LON=-111.894, ALT=1501.699
2026-05-18T22:20:54 COLMAP[feature_extractor] I20260518 22:20:53.743961    82 feature_extraction.cc:323]   Gravity:         X=0.000, Y=1.000, Z=0.000
2026-05-18T22:20:56 COLMAP[feature_extractor] I20260518 22:20:56.337167    82 feature_extraction.cc:280] Processed file [1462/1710]
2026-05-18T22:20:56 COLMAP[feature_extractor] I20260518 22:20:56.337224    82 feature_extraction.cc:283]   Name:            DJI_01462.JPG
2026-05-18T22:20:56 COLMAP[feature_extractor] I20260518 22:20:56.337235    82 feature_extraction.cc:292]   Dimensions:      4000 x 2250
2026-05-18T22:20:56 COLMAP[feature_extractor] I20260518 22:20:56.337246    82 feature_extraction.cc:295]   Camera:          #1 - SIMPLE_RADIAL
2026-05-18T22:20:56 COLMAP[feature_extractor] I20260518 22:20:56.337257    82 feature_extraction.cc:298]   Focal Length:    2545.54px (Prior)
2026-05-18T22:20:56 COLMAP[feature_extractor] I20260518 22:20:56.337273    82 feature_extraction.cc:302]   Features:        8539 (SIFT)
2026-05-18T22:20:56 COLMAP[feature_extractor] I20260518 22:20:56.609701    82 feature_extraction.cc:316]   GPS:             LAT=40.520, LON=-111.894, ALT=1501.299
2026-05-18T22:20:56 COLMAP[feature_extractor] I20260518 22:20:56.609761    82 feature_extraction.cc:323]   Gravity:         X=0.000, Y=1.000, Z=0.000
2026-05-18T22:20:59 COLMAP[feature_extractor] I20260518 22:20:59.138490    82 feature_extraction.cc:280] Processed file [1463/1710]
2026-05-18T22:20:59 COLMAP[feature_extractor] I20260518 22:20:59.138551    82 feature_extraction.cc:283]   Name:            DJI_01463.JPG
2026-05-18T22:20:59 COLMAP[feature_extractor] I20260518 22:20:59.138563    82 feature_extraction.cc:292]   Dimensions:      4000 x 2250
2026-05-18T22:20:59 COLMAP[feature_extractor] I20260518 22:20:59.138574    82 feature_extraction.cc:295]   Camera:          #1 - SIMPLE_RADIAL
2026-05-18T22:20:59 COLMAP[feature_extractor] I20260518 22:20:59.138615    82 feature_extraction.cc:298]   Focal Length:    2545.54px (Prior)
2026-05-18T22:20:59 COLMAP[feature_extractor] I20260518 22:20:59.138631    82 feature_extraction.cc:302]   Features:        8378 (SIFT)
2026-05-18T22:20:59 COLMAP[feature_extractor] I20260518 22:20:59.379938    82 feature_extraction.cc:316]   GPS:             LAT=40.520, LON=-111.893, ALT=1501.699
2026-05-18T22:20:59 COLMAP[feature_extractor] I20260518 22:20:59.379992    82 feature_extraction.cc:323]   Gravity:         X=0.000, Y=1.000, Z=0.000
2026-05-18T22:21:02 COLMAP[feature_extractor] I20260518 22:21:02.208283    82 feature_extraction.cc:280] Processed file [1464/1710]
2026-05-18T22:21:02 COLMAP[feature_extractor] I20260518 22:21:02.208343    82 feature_extraction.cc:283]   Name:            DJI_01464.JPG
2026-05-18T22:21:02 COLMAP[feature_extractor] I20260518 22:21:02.208356    82 feature_extraction.cc:292]   Dimensions:      4000 x 2250
2026-05-18T22:21:02 COLMAP[feature_extractor] I20260518 22:21:02.208367    82 feature_extraction.cc:295]   Camera:          #1 - SIMPLE_RADIAL
2026-05-18T22:21:02 COLMAP[feature_extractor] I20260518 22:21:02.208379    82 feature_extraction.cc:298]   Focal Length:    2545.54px (Prior)
2026-05-18T22:21:02 COLMAP[feature_extractor] I20260518 22:21:02.208395    82 feature_extraction.cc:302]   Features:        8323 (SIFT)
2026-05-18T22:21:02 COLMAP[feature_extractor] I20260518 22:21:02.546191    82 feature_extraction.cc:316]   GPS:             LAT=40.519, LON=-111.893, ALT=1501.699
2026-05-18T22:21:02 COLMAP[feature_extractor] I20260518 22:21:02.546247    82 feature_extraction.cc:323]   Gravity:         X=0.000, Y=1.000, Z=0.000
2026-05-18T22:21:02 COLMAP[feature_extractor] I20260518 22:21:02.690765    82 feature_extraction.cc:280] Processed file [1465/1710]
2026-05-18T22:21:02 COLMAP[feature_extractor] I20260518 22:21:02.690812    82 feature_extraction.cc:283]   Name:            DJI_01465.JPG
2026-05-18T22:21:02 COLMAP[feature_extractor] I20260518 22:21:02.690824    82 feature_extraction.cc:292]   Dimensions:      4000 x 2250
2026-05-18T22:21:02 COLMAP[feature_extractor] I20260518 22:21:02.690835    82 feature_extraction.cc:295]   Camera:          #1 - SIMPLE_RADIAL
2026-05-18T22:21:02 COLMAP[feature_extractor] I20260518 22:21:02.690846    82 feature_extraction.cc:298]   Focal Length:    2545.54px (Prior)
2026-05-18T22:21:02 COLMAP[feature_extractor] I20260518 22:21:02.690862    82 feature_extraction.cc:302]   Features:        11935 (SIFT)
2026-05-18T22:21:02 COLMAP[feature_extractor] I20260518 22:21:02.831285    82 feature_extraction.cc:316]   GPS:             LAT=40.519, LON=-111.893, ALT=1502.099
2026-05-18T22:21:02 COLMAP[feature_extractor] I20260518 22:21:02.831336    82 feature_extraction.cc:323]   Gravity:         X=0.000, Y=1.000, Z=0.000
2026-05-18T22:21:06 COLMAP[feature_extractor] I20260518 22:21:05.975417    82 feature_extraction.cc:280] Processed file [1466/1710]
2026-05-18T22:21:06 COLMAP[feature_extractor] I20260518 22:21:05.975469    82 feature_extraction.cc:283]   Name:            DJI_01466.JPG
2026-05-18T22:21:06 COLMAP[feature_extractor] I20260518 22:21:05.975481    82 feature_extraction.cc:292]   Dimensions:      4000 x 2250
2026-05-18T22:21:06 COLMAP[feature_extractor] I20260518 22:21:05.975492    82 feature_extraction.cc:295]   Camera:          #1 - SIMPLE_RADIAL
2026-05-18T22:21:06 COLMAP[feature_extractor] I20260518 22:21:05.975504    82 feature_extraction.cc:298]   Focal Length:    2545.54px (Prior)
2026-05-18T22:21:06 COLMAP[feature_extractor] I20260518 22:21:05.975520    82 feature_extraction.cc:302]   Features:        11757 (SIFT)
2026-05-18T22:21:06 COLMAP[feature_extractor] I20260518 22:21:06.181354    82 feature_extraction.cc:316]   GPS:             LAT=40.519, LON=-111.892, ALT=1501.799
2026-05-18T22:21:06 COLMAP[feature_extractor] I20260518 22:21:06.181416    82 feature_extraction.cc:323]   Gravity:         X=0.000, Y=1.000, Z=0.000
2026-05-18T22:21:09 COLMAP[feature_extractor] I20260518 22:21:08.438594    82 feature_extraction.cc:280] Processed file [1467/1710]
2026-05-18T22:21:09 COLMAP[feature_extractor] I20260518 22:21:08.438652    82 feature_extraction.cc:283]   Name:            DJI_01467.JPG
2026-05-18T22:21:09 COLMAP[feature_extractor] I20260518 22:21:08.438664    82 feature_extraction.cc:292]   Dimensions:      4000 x 2250
2026-05-18T22:21:09 COLMAP[feature_extractor] I20260518 22:21:08.438675    82 feature_extraction.cc:295]   Camera:          #1 - SIMPLE_RADIAL
2026-05-18T22:21:09 COLMAP[feature_extractor] I20260518 22:21:08.438686    82 feature_extraction.cc:298]   Focal Length:    2545.54px (Prior)
2026-05-18T22:21:09 COLMAP[feature_extractor] I20260518 22:21:08.438702    82 feature_extraction.cc:302]   Features:        11722 (SIFT)
2026-05-18T22:21:09 COLMAP[feature_extractor] I20260518 22:21:08.735690    82 feature_extraction.cc:316]   GPS:             LAT=40.519, LON=-111.892, ALT=1501.799
2026-05-18T22:21:09 COLMAP[feature_extractor] I20260518 22:21:08.735749    82 feature_extraction.cc:323]   Gravity:         X=0.000, Y=1.000, Z=0.000
2026-05-18T22:21:11 COLMAP[feature_extractor] I20260518 22:21:11.397022    82 feature_extraction.cc:280] Processed file [1468/1710]
2026-05-18T22:21:11 COLMAP[feature_extractor] I20260518 22:21:11.397079    82 feature_extraction.cc:283]   Name:            DJI_01468.JPG
2026-05-18T22:21:11 COLMAP[feature_extractor] I20260518 22:21:11.397092    82 feature_extraction.cc:292]   Dimensions:      4000 x 2250
2026-05-18T22:21:11 COLMAP[feature_extractor] I20260518 22:21:11.397104    82 feature_extraction.cc:295]   Camera:          #1 - SIMPLE_RADIAL
2026-05-18T22:21:11 COLMAP[feature_extractor] I20260518 22:21:11.397115    82 feature_extraction.cc:298]   Focal Length:    2545.54px (Prior)
2026-05-18T22:21:11 COLMAP[feature_extractor] I20260518 22:21:11.397131    82 feature_extraction.cc:302]   Features:        11646 (SIFT)
2026-05-18T22:21:11 COLMAP[feature_extractor] I20260518 22:21:11.696174    82 feature_extraction.cc:316]   GPS:             LAT=40.519, LON=-111.892, ALT=1502.299
2026-05-18T22:21:11 COLMAP[feature_extractor] I20260518 22:21:11.696261    82 feature_extraction.cc:323]   Gravity:         X=0.000, Y=1.000, Z=0.000
2026-05-18T22:21:12 COLMAP[feature_extractor] I20260518 22:21:11.996649    82 feature_extraction.cc:280] Processed file [1469/1710]
2026-05-18T22:21:12 COLMAP[feature_extractor] I20260518 22:21:11.996701    82 feature_extraction.cc:283]   Name:            DJI_01469.JPG
2026-05-18T22:21:12 COLMAP[feature_extractor] I20260518 22:21:11.996713    82 feature_extraction.cc:292]   Dimensions:      4000 x 2250
2026-05-18T22:21:12 COLMAP[feature_extractor] I20260518 22:21:11.996724    82 feature_extraction.cc:295]   Camera:          #1 - SIMPLE_RADIAL
2026-05-18T22:21:12 COLMAP[feature_extractor] I20260518 22:21:11.996735    82 feature_extraction.cc:298]   Focal Length:    2545.54px (Prior)
2026-05-18T22:21:12 COLMAP[feature_extractor] I20260518 22:21:11.996752    82 feature_extraction.cc:302]   Features:        11556 (SIFT)
2026-05-18T22:21:12 COLMAP[feature_extractor] I20260518 22:21:12.282260    82 feature_extraction.cc:316]   GPS:             LAT=40.520, LON=-111.892, ALT=1502.099
2026-05-18T22:21:12 COLMAP[feature_extractor] I20260518 22:21:12.282317    82 feature_extraction.cc:323]   Gravity:         X=0.000, Y=1.000, Z=0.000
2026-05-18T22:21:15 COLMAP[feature_extractor] I20260518 22:21:15.061136    82 feature_extraction.cc:280] Processed file [1470/1710]
2026-05-18T22:21:15 COLMAP[feature_extractor] I20260518 22:21:15.061190    82 feature_extraction.cc:283]   Name:            DJI_01470.JPG
2026-05-18T22:21:16 COLMAP[feature_extractor] I20260518 22:21:15.061203    82 feature_extraction.cc:292]   Dimensions:      4000 x 2250
2026-05-18T22:21:16 COLMAP[feature_extractor] I20260518 22:21:15.061214    82 feature_extraction.cc:295]   Camera:          #1 - SIMPLE_RADIAL
2026-05-18T22:21:16 COLMAP[feature_extractor] I20260518 22:21:15.061225    82 feature_extraction.cc:298]   Focal Length:    2545.54px (Prior)
2026-05-18T22:21:16 COLMAP[feature_extractor] I20260518 22:21:15.061241    82 feature_extraction.cc:302]   Features:        11622 (SIFT)
2026-05-18T22:21:16 COLMAP[feature_extractor] I20260518 22:21:15.284206    82 feature_extraction.cc:316]   GPS:             LAT=40.520, LON=-111.891, ALT=1502.999
2026-05-18T22:21:16 COLMAP[feature_extractor] I20260518 22:21:15.284263    82 feature_extraction.cc:323]   Gravity:         X=0.000, Y=1.000, Z=0.000
2026-05-18T22:21:18 COLMAP[feature_extractor] I20260518 22:21:17.865531    82 feature_extraction.cc:280] Processed file [1471/1710]
2026-05-18T22:21:18 COLMAP[feature_extractor] I20260518 22:21:17.865624    82 feature_extraction.cc:283]   Name:            DJI_01471.JPG
2026-05-18T22:21:18 COLMAP[feature_extractor] I20260518 22:21:17.865638    82 feature_extraction.cc:292]   Dimensions:      4000 x 2250
2026-05-18T22:21:18 COLMAP[feature_extractor] I20260518 22:21:17.865649    82 feature_extraction.cc:295]   Camera:          #1 - SIMPLE_RADIAL
2026-05-18T22:21:18 COLMAP[feature_extractor] I20260518 22:21:17.865660    82 feature_extraction.cc:298]   Focal Length:    2545.54px (Prior)
2026-05-18T22:21:18 COLMAP[feature_extractor] I20260518 22:21:17.865676    82 feature_extraction.cc:302]   Features:        11536 (SIFT)
2026-05-18T22:21:18 COLMAP[feature_extractor] I20260518 22:21:18.255446    82 feature_extraction.cc:316]   GPS:             LAT=40.520, LON=-111.891, ALT=1502.799
2026-05-18T22:21:18 COLMAP[feature_extractor] I20260518 22:21:18.255506    82 feature_extraction.cc:323]   Gravity:         X=0.000, Y=1.000, Z=0.000
2026-05-18T22:21:21 COLMAP[feature_extractor] I20260518 22:21:20.594295    82 feature_extraction.cc:280] Processed file [1472/1710]
2026-05-18T22:21:21 COLMAP[feature_extractor] I20260518 22:21:20.594353    82 feature_extraction.cc:283]   Name:            DJI_01472.JPG
2026-05-18T22:21:21 COLMAP[feature_extractor] I20260518 22:21:20.594365    82 feature_extraction.cc:292]   Dimensions:      4000 x 2250
2026-05-18T22:21:21 COLMAP[feature_extractor] I20260518 22:21:20.594376    82 feature_extraction.cc:295]   Camera:          #1 - SIMPLE_RADIAL
2026-05-18T22:21:21 COLMAP[feature_extractor] I20260518 22:21:20.594388    82 feature_extraction.cc:298]   Focal Length:    2545.54px (Prior)
2026-05-18T22:21:21 COLMAP[feature_extractor] I20260518 22:21:20.594403    82 feature_extraction.cc:302]   Features:        11616 (SIFT)
2026-05-18T22:21:21 COLMAP[feature_extractor] I20260518 22:21:20.799517    82 feature_extraction.cc:316]   GPS:             LAT=40.520, LON=-111.891, ALT=1502.899
2026-05-18T22:21:21 COLMAP[feature_extractor] I20260518 22:21:20.799573    82 feature_extraction.cc:323]   Gravity:         X=0.000, Y=1.000, Z=0.000
2026-05-18T22:21:21 COLMAP[feature_extractor] I20260518 22:21:21.113596    82 feature_extraction.cc:280] Processed file [1473/1710]
2026-05-18T22:21:21 COLMAP[feature_extractor] I20260518 22:21:21.113667    82 feature_extraction.cc:283]   Name:            DJI_01473.JPG
2026-05-18T22:21:21 COLMAP[feature_extractor] I20260518 22:21:21.113680    82 feature_extraction.cc:292]   Dimensions:      4000 x 2250
2026-05-18T22:21:21 COLMAP[feature_extractor] I20260518 22:21:21.113691    82 feature_extraction.cc:295]   Camera:          #1 - SIMPLE_RADIAL
2026-05-18T22:21:21 COLMAP[feature_extractor] I20260518 22:21:21.113703    82 feature_extraction.cc:298]   Focal Length:    2545.54px (Prior)
2026-05-18T22:21:21 COLMAP[feature_extractor] I20260518 22:21:21.113719    82 feature_extraction.cc:302]   Features:        11808 (SIFT)
2026-05-18T22:21:21 COLMAP[feature_extractor] I20260518 22:21:21.410854    82 feature_extraction.cc:316]   GPS:             LAT=40.520, LON=-111.890, ALT=1502.999
2026-05-18T22:21:21 COLMAP[feature_extractor] I20260518 22:21:21.410915    82 feature_extraction.cc:323]   Gravity:         X=0.000, Y=1.000, Z=0.000
2026-05-18T22:21:24 COLMAP[feature_extractor] I20260518 22:21:24.298069    82 feature_extraction.cc:280] Processed file [1474/1710]
2026-05-18T22:21:24 COLMAP[feature_extractor] I20260518 22:21:24.298128    82 feature_extraction.cc:283]   Name:            DJI_01474.JPG
2026-05-18T22:21:24 COLMAP[feature_extractor] I20260518 22:21:24.298141    82 feature_extraction.cc:292]   Dimensions:      4000 x 2250
2026-05-18T22:21:24 COLMAP[feature_extractor] I20260518 22:21:24.298151    82 feature_extraction.cc:295]   Camera:          #1 - SIMPLE_RADIAL
2026-05-18T22:21:24 COLMAP[feature_extractor] I20260518 22:21:24.298162    82 feature_extraction.cc:298]   Focal Length:    2545.54px (Prior)
2026-05-18T22:21:24 COLMAP[feature_extractor] I20260518 22:21:24.298178    82 feature_extraction.cc:302]   Features:        11693 (SIFT)
2026-05-18T22:21:24 COLMAP[feature_extractor] I20260518 22:21:24.536108    82 feature_extraction.cc:316]   GPS:             LAT=40.520, LON=-111.890, ALT=1502.899
2026-05-18T22:21:24 COLMAP[feature_extractor] I20260518 22:21:24.536168    82 feature_extraction.cc:323]   Gravity:         X=0.000, Y=1.000, Z=0.000
2026-05-18T22:21:28 COLMAP[feature_extractor] I20260518 22:21:27.192833    82 feature_extraction.cc:280] Processed file [1475/1710]
2026-05-18T22:21:28 COLMAP[feature_extractor] I20260518 22:21:27.192884    82 feature_extraction.cc:283]   Name:            DJI_01475.JPG
2026-05-18T22:21:28 COLMAP[feature_extractor] I20260518 22:21:27.192896    82 feature_extraction.cc:292]   Dimensions:      4000 x 2250
2026-05-18T22:21:28 COLMAP[feature_extractor] I20260518 22:21:27.192909    82 feature_extraction.cc:295]   Camera:          #1 - SIMPLE_RADIAL
2026-05-18T22:21:28 COLMAP[feature_extractor] I20260518 22:21:27.192921    82 feature_extraction.cc:298]   Focal Length:    2545.54px (Prior)
2026-05-18T22:21:28 COLMAP[feature_extractor] I20260518 22:21:27.192938    82 feature_extraction.cc:302]   Features:        11470 (SIFT)
2026-05-18T22:21:28 COLMAP[feature_extractor] I20260518 22:21:27.542616    82 feature_extraction.cc:316]   GPS:             LAT=40.520, LON=-111.890, ALT=1503.899
2026-05-18T22:21:28 COLMAP[feature_extractor] I20260518 22:21:27.542676    82 feature_extraction.cc:323]   Gravity:         X=0.000, Y=1.000, Z=0.000
2026-05-18T22:21:30 COLMAP[feature_extractor] I20260518 22:21:29.709292    82 feature_extraction.cc:280] Processed file [1476/1710]
2026-05-18T22:21:30 COLMAP[feature_extractor] I20260518 22:21:29.709347    82 feature_extraction.cc:283]   Name:            DJI_01476.JPG
2026-05-18T22:21:30 COLMAP[feature_extractor] I20260518 22:21:29.709367    82 feature_extraction.cc:292]   Dimensions:      4000 x 2250
2026-05-18T22:21:30 COLMAP[feature_extractor] I20260518 22:21:29.709378    82 feature_extraction.cc:295]   Camera:          #1 - SIMPLE_RADIAL
2026-05-18T22:21:30 COLMAP[feature_extractor] I20260518 22:21:29.709417    82 feature_extraction.cc:298]   Focal Length:    2545.54px (Prior)
2026-05-18T22:21:30 COLMAP[feature_extractor] I20260518 22:21:29.709432    82 feature_extraction.cc:302]   Features:        11124 (SIFT)
2026-05-18T22:21:30 COLMAP[feature_extractor] I20260518 22:21:30.039740    82 feature_extraction.cc:316]   GPS:             LAT=40.520, LON=-111.890, ALT=1503.199
2026-05-18T22:21:30 COLMAP[feature_extractor] I20260518 22:21:30.039794    82 feature_extraction.cc:323]   Gravity:         X=0.000, Y=1.000, Z=0.000
2026-05-18T22:21:30 COLMAP[feature_extractor] I20260518 22:21:30.276584    82 feature_extraction.cc:280] Processed file [1477/1710]
2026-05-18T22:21:30 COLMAP[feature_extractor] I20260518 22:21:30.276633    82 feature_extraction.cc:283]   Name:            DJI_01477.JPG
2026-05-18T22:21:30 COLMAP[feature_extractor] I20260518 22:21:30.276645    82 feature_extraction.cc:292]   Dimensions:      4000 x 2250
2026-05-18T22:21:30 COLMAP[feature_extractor] I20260518 22:21:30.276656    82 feature_extraction.cc:295]   Camera:          #1 - SIMPLE_RADIAL
2026-05-18T22:21:30 COLMAP[feature_extractor] I20260518 22:21:30.276667    82 feature_extraction.cc:298]   Focal Length:    2545.54px (Prior)
2026-05-18T22:21:30 COLMAP[feature_extractor] I20260518 22:21:30.276683    82 feature_extraction.cc:302]   Features:        10660 (SIFT)
2026-05-18T22:21:30 COLMAP[feature_extractor] I20260518 22:21:30.512035    82 feature_extraction.cc:316]   GPS:             LAT=40.521, LON=-111.889, ALT=1502.999
2026-05-18T22:21:30 COLMAP[feature_extractor] I20260518 22:21:30.512092    82 feature_extraction.cc:323]   Gravity:         X=0.000, Y=1.000, Z=0.000
2026-05-18T22:21:33 COLMAP[feature_extractor] I20260518 22:21:33.501484    82 feature_extraction.cc:280] Processed file [1478/1710]
2026-05-18T22:21:33 COLMAP[feature_extractor] I20260518 22:21:33.501541    82 feature_extraction.cc:283]   Name:            DJI_01478.JPG
2026-05-18T22:21:33 COLMAP[feature_extractor] I20260518 22:21:33.501556    82 feature_extraction.cc:292]   Dimensions:      4000 x 2250
2026-05-18T22:21:33 COLMAP[feature_extractor] I20260518 22:21:33.501569    82 feature_extraction.cc:295]   Camera:          #1 - SIMPLE_RADIAL
2026-05-18T22:21:33 COLMAP[feature_extractor] I20260518 22:21:33.501582    82 feature_extraction.cc:298]   Focal Length:    2545.54px (Prior)
2026-05-18T22:21:33 COLMAP[feature_extractor] I20260518 22:21:33.501600    82 feature_extraction.cc:302]   Features:        10956 (SIFT)
2026-05-18T22:21:34 COLMAP[feature_extractor] I20260518 22:21:33.765331    82 feature_extraction.cc:316]   GPS:             LAT=40.521, LON=-111.889, ALT=1503.699
2026-05-18T22:21:34 COLMAP[feature_extractor] I20260518 22:21:33.765391    82 feature_extraction.cc:323]   Gravity:         X=0.000, Y=1.000, Z=0.000
2026-05-18T22:21:36 COLMAP[feature_extractor] I20260518 22:21:36.549067    82 feature_extraction.cc:280] Processed file [1479/1710]
2026-05-18T22:21:36 COLMAP[feature_extractor] I20260518 22:21:36.549124    82 feature_extraction.cc:283]   Name:            DJI_01479.JPG
2026-05-18T22:21:36 COLMAP[feature_extractor] I20260518 22:21:36.549136    82 feature_extraction.cc:292]   Dimensions:      4000 x 2250
2026-05-18T22:21:36 COLMAP[feature_extractor] I20260518 22:21:36.549147    82 feature_extraction.cc:295]   Camera:          #1 - SIMPLE_RADIAL
2026-05-18T22:21:36 COLMAP[feature_extractor] I20260518 22:21:36.549158    82 feature_extraction.cc:298]   Focal Length:    2545.54px (Prior)
2026-05-18T22:21:36 COLMAP[feature_extractor] I20260518 22:21:36.549175    82 feature_extraction.cc:302]   Features:        11047 (SIFT)
2026-05-18T22:21:36 COLMAP[feature_extractor] I20260518 22:21:36.737623    82 feature_extraction.cc:316]   GPS:             LAT=40.521, LON=-111.889, ALT=1504.399
2026-05-18T22:21:36 COLMAP[feature_extractor] I20260518 22:21:36.737682    82 feature_extraction.cc:323]   Gravity:         X=0.000, Y=1.000, Z=0.000
2026-05-18T22:21:39 COLMAP[feature_extractor] I20260518 22:21:38.952800    82 feature_extraction.cc:280] Processed file [1480/1710]
2026-05-18T22:21:39 COLMAP[feature_extractor] I20260518 22:21:38.952859    82 feature_extraction.cc:283]   Name:            DJI_01480.JPG
2026-05-18T22:21:39 COLMAP[feature_extractor] I20260518 22:21:38.952872    82 feature_extraction.cc:292]   Dimensions:      4000 x 2250
2026-05-18T22:21:39 COLMAP[feature_extractor] I20260518 22:21:38.952881    82 feature_extraction.cc:295]   Camera:          #1 - SIMPLE_RADIAL
2026-05-18T22:21:39 COLMAP[feature_extractor] I20260518 22:21:38.952891    82 feature_extraction.cc:298]   Focal Length:    2545.54px (Prior)
2026-05-18T22:21:39 COLMAP[feature_extractor] I20260518 22:21:38.952904    82 feature_extraction.cc:302]   Features:        11351 (SIFT)
2026-05-18T22:21:39 COLMAP[feature_extractor] I20260518 22:21:39.165397    82 feature_extraction.cc:316]   GPS:             LAT=40.521, LON=-111.889, ALT=1503.799
2026-05-18T22:21:39 COLMAP[feature_extractor] I20260518 22:21:39.165454    82 feature_extraction.cc:323]   Gravity:         X=0.000, Y=1.000, Z=0.000
2026-05-18T22:21:39 COLMAP[feature_extractor] I20260518 22:21:39.508579    82 feature_extraction.cc:280] Processed file [1481/1710]
2026-05-18T22:21:39 COLMAP[feature_extractor] I20260518 22:21:39.508630    82 feature_extraction.cc:283]   Name:            DJI_01481.JPG
2026-05-18T22:21:39 COLMAP[feature_extractor] I20260518 22:21:39.508641    82 feature_extraction.cc:292]   Dimensions:      4000 x 2250
2026-05-18T22:21:39 COLMAP[feature_extractor] I20260518 22:21:39.508651    82 feature_extraction.cc:295]   Camera:          #1 - SIMPLE_RADIAL
2026-05-18T22:21:39 COLMAP[feature_extractor] I20260518 22:21:39.508663    82 feature_extraction.cc:298]   Focal Length:    2545.54px (Prior)
2026-05-18T22:21:39 COLMAP[feature_extractor] I20260518 22:21:39.508679    82 feature_extraction.cc:302]   Features:        11304 (SIFT)
2026-05-18T22:21:40 COLMAP[feature_extractor] I20260518 22:21:39.763533    82 feature_extraction.cc:316]   GPS:             LAT=40.521, LON=-111.889, ALT=1503.799
2026-05-18T22:21:40 COLMAP[feature_extractor] I20260518 22:21:39.763589    82 feature_extraction.cc:323]   Gravity:         X=0.000, Y=1.000, Z=0.000
2026-05-18T22:21:42 COLMAP[feature_extractor] I20260518 22:21:42.580790    82 feature_extraction.cc:280] Processed file [1482/1710]
2026-05-18T22:21:42 COLMAP[feature_extractor] I20260518 22:21:42.580844    82 feature_extraction.cc:283]   Name:            DJI_01482.JPG
2026-05-18T22:21:42 COLMAP[feature_extractor] I20260518 22:21:42.580857    82 feature_extraction.cc:292]   Dimensions:      4000 x 2250
2026-05-18T22:21:42 COLMAP[feature_extractor] I20260518 22:21:42.580868    82 feature_extraction.cc:295]   Camera:          #1 - SIMPLE_RADIAL
2026-05-18T22:21:42 COLMAP[feature_extractor] I20260518 22:21:42.580878    82 feature_extraction.cc:298]   Focal Length:    2545.54px (Prior)
2026-05-18T22:21:42 COLMAP[feature_extractor] I20260518 22:21:42.580894    82 feature_extraction.cc:302]   Features:        11502 (SIFT)
2026-05-18T22:21:43 COLMAP[feature_extractor] I20260518 22:21:42.882809    82 feature_extraction.cc:316]   GPS:             LAT=40.521, LON=-111.889, ALT=1503.599
2026-05-18T22:21:43 COLMAP[feature_extractor] I20260518 22:21:42.882867    82 feature_extraction.cc:323]   Gravity:         X=0.000, Y=1.000, Z=0.000
2026-05-18T22:21:46 COLMAP[feature_extractor] I20260518 22:21:45.832068    82 feature_extraction.cc:280] Processed file [1483/1710]
2026-05-18T22:21:46 COLMAP[feature_extractor] I20260518 22:21:45.832124    82 feature_extraction.cc:283]   Name:            DJI_01483.JPG
2026-05-18T22:21:46 COLMAP[feature_extractor] I20260518 22:21:45.832136    82 feature_extraction.cc:292]   Dimensions:      4000 x 2250
2026-05-18T22:21:46 COLMAP[feature_extractor] I20260518 22:21:45.832145    82 feature_extraction.cc:295]   Camera:          #1 - SIMPLE_RADIAL
2026-05-18T22:21:46 COLMAP[feature_extractor] I20260518 22:21:45.832155    82 feature_extraction.cc:298]   Focal Length:    2545.54px (Prior)
2026-05-18T22:21:46 COLMAP[feature_extractor] I20260518 22:21:45.832170    82 feature_extraction.cc:302]   Features:        11548 (SIFT)
2026-05-18T22:21:46 COLMAP[feature_extractor] I20260518 22:21:46.027328    82 feature_extraction.cc:316]   GPS:             LAT=40.520, LON=-111.890, ALT=1503.699
2026-05-18T22:21:46 COLMAP[feature_extractor] I20260518 22:21:46.027397    82 feature_extraction.cc:323]   Gravity:         X=0.000, Y=1.000, Z=0.000
2026-05-18T22:21:48 COLMAP[feature_extractor] I20260518 22:21:48.486078    82 feature_extraction.cc:280] Processed file [1484/1710]
2026-05-18T22:21:48 COLMAP[feature_extractor] I20260518 22:21:48.486155    82 feature_extraction.cc:283]   Name:            DJI_01484.JPG
2026-05-18T22:21:48 COLMAP[feature_extractor] I20260518 22:21:48.486166    82 feature_extraction.cc:292]   Dimensions:      4000 x 2250
2026-05-18T22:21:48 COLMAP[feature_extractor] I20260518 22:21:48.486176    82 feature_extraction.cc:295]   Camera:          #1 - SIMPLE_RADIAL
2026-05-18T22:21:48 COLMAP[feature_extractor] I20260518 22:21:48.486184    82 feature_extraction.cc:298]   Focal Length:    2545.54px (Prior)
2026-05-18T22:21:48 COLMAP[feature_extractor] I20260518 22:21:48.486199    82 feature_extraction.cc:302]   Features:        11514 (SIFT)
2026-05-18T22:21:48 COLMAP[feature_extractor] I20260518 22:21:48.691915    82 feature_extraction.cc:316]   GPS:             LAT=40.520, LON=-111.890, ALT=1503.799
2026-05-18T22:21:48 COLMAP[feature_extractor] I20260518 22:21:48.691964    82 feature_extraction.cc:323]   Gravity:         X=0.000, Y=1.000, Z=0.000
2026-05-18T22:21:48 COLMAP[feature_extractor] I20260518 22:21:48.695273    82 feature_extraction.cc:280] Processed file [1485/1710]
2026-05-18T22:21:48 COLMAP[feature_extractor] I20260518 22:21:48.695305    82 feature_extraction.cc:283]   Name:            DJI_01485.JPG
2026-05-18T22:21:48 COLMAP[feature_extractor] I20260518 22:21:48.695317    82 feature_extraction.cc:292]   Dimensions:      4000 x 2250
2026-05-18T22:21:48 COLMAP[feature_extractor] I20260518 22:21:48.695327    82 feature_extraction.cc:295]   Camera:          #1 - SIMPLE_RADIAL
2026-05-18T22:21:48 COLMAP[feature_extractor] I20260518 22:21:48.695338    82 feature_extraction.cc:298]   Focal Length:    2545.54px (Prior)
2026-05-18T22:21:48 COLMAP[feature_extractor] I20260518 22:21:48.695351    82 feature_extraction.cc:302]   Features:        11759 (SIFT)
2026-05-18T22:21:48 COLMAP[feature_extractor] I20260518 22:21:48.695415    82 feature_extraction.cc:316]   GPS:             LAT=40.520, LON=-111.890, ALT=1503.599
2026-05-18T22:21:48 COLMAP[feature_extractor] I20260518 22:21:48.695429    82 feature_extraction.cc:323]   Gravity:         X=0.000, Y=1.000, Z=0.000
2026-05-18T22:21:51 COLMAP[feature_extractor] I20260518 22:21:51.763031    82 feature_extraction.cc:280] Processed file [1486/1710]
2026-05-18T22:21:51 COLMAP[feature_extractor] I20260518 22:21:51.763082    82 feature_extraction.cc:283]   Name:            DJI_01486.JPG
2026-05-18T22:21:51 COLMAP[feature_extractor] I20260518 22:21:51.763093    82 feature_extraction.cc:292]   Dimensions:      4000 x 2250
2026-05-18T22:21:51 COLMAP[feature_extractor] I20260518 22:21:51.763104    82 feature_extraction.cc:295]   Camera:          #1 - SIMPLE_RADIAL
2026-05-18T22:21:51 COLMAP[feature_extractor] I20260518 22:21:51.763116    82 feature_extraction.cc:298]   Focal Length:    2545.54px (Prior)
2026-05-18T22:21:51 COLMAP[feature_extractor] I20260518 22:21:51.763131    82 feature_extraction.cc:302]   Features:        11973 (SIFT)
2026-05-18T22:21:53 COLMAP[feature_extractor] I20260518 22:21:52.020215    82 feature_extraction.cc:316]   GPS:             LAT=40.520, LON=-111.890, ALT=1503.299
2026-05-18T22:21:53 COLMAP[feature_extractor] I20260518 22:21:52.020267    82 feature_extraction.cc:323]   Gravity:         X=0.000, Y=1.000, Z=0.000
2026-05-18T22:21:56 COLMAP[feature_extractor] I20260518 22:21:55.072299    82 feature_extraction.cc:280] Processed file [1487/1710]
2026-05-18T22:21:56 COLMAP[feature_extractor] I20260518 22:21:55.072351    82 feature_extraction.cc:283]   Name:            DJI_01487.JPG
2026-05-18T22:21:56 COLMAP[feature_extractor] I20260518 22:21:55.072364    82 feature_extraction.cc:292]   Dimensions:      4000 x 2250
2026-05-18T22:21:56 COLMAP[feature_extractor] I20260518 22:21:55.072376    82 feature_extraction.cc:295]   Camera:          #1 - SIMPLE_RADIAL
2026-05-18T22:21:56 COLMAP[feature_extractor] I20260518 22:21:55.072387    82 feature_extraction.cc:298]   Focal Length:    2545.54px (Prior)
2026-05-18T22:21:56 COLMAP[feature_extractor] I20260518 22:21:55.072404    82 feature_extraction.cc:302]   Features:        11170 (SIFT)
2026-05-18T22:21:56 COLMAP[feature_extractor] I20260518 22:21:55.314620    82 feature_extraction.cc:316]   GPS:             LAT=40.520, LON=-111.891, ALT=1502.899
2026-05-18T22:21:56 COLMAP[feature_extractor] I20260518 22:21:55.314677    82 feature_extraction.cc:323]   Gravity:         X=0.000, Y=1.000, Z=0.000
2026-05-18T22:21:58 COLMAP[feature_extractor] I20260518 22:21:57.709123    82 feature_extraction.cc:280] Processed file [1488/1710]
2026-05-18T22:21:58 COLMAP[feature_extractor] I20260518 22:21:57.709183    82 feature_extraction.cc:283]   Name:            DJI_01488.JPG
2026-05-18T22:21:58 COLMAP[feature_extractor] I20260518 22:21:57.709195    82 feature_extraction.cc:292]   Dimensions:      4000 x 2250
2026-05-18T22:21:58 COLMAP[feature_extractor] I20260518 22:21:57.709206    82 feature_extraction.cc:295]   Camera:          #1 - SIMPLE_RADIAL
2026-05-18T22:21:58 COLMAP[feature_extractor] I20260518 22:21:57.709218    82 feature_extraction.cc:298]   Focal Length:    2545.54px (Prior)
2026-05-18T22:21:58 COLMAP[feature_extractor] I20260518 22:21:57.709233    82 feature_extraction.cc:302]   Features:        11820 (SIFT)
2026-05-18T22:21:58 COLMAP[feature_extractor] I20260518 22:21:58.010375    82 feature_extraction.cc:316]   GPS:             LAT=40.520, LON=-111.891, ALT=1502.499
2026-05-18T22:21:58 COLMAP[feature_extractor] I20260518 22:21:58.010429    82 feature_extraction.cc:323]   Gravity:         X=0.000, Y=1.000, Z=0.000
2026-05-18T22:21:58 COLMAP[feature_extractor] I20260518 22:21:58.013918    82 feature_extraction.cc:280] Processed file [1489/1710]
2026-05-18T22:21:58 COLMAP[feature_extractor] I20260518 22:21:58.013953    82 feature_extraction.cc:283]   Name:            DJI_01489.JPG
2026-05-18T22:21:58 COLMAP[feature_extractor] I20260518 22:21:58.013964    82 feature_extraction.cc:292]   Dimensions:      4000 x 2250
2026-05-18T22:21:58 COLMAP[feature_extractor] I20260518 22:21:58.013975    82 feature_extraction.cc:295]   Camera:          #1 - SIMPLE_RADIAL
2026-05-18T22:21:58 COLMAP[feature_extractor] I20260518 22:21:58.014006    82 feature_extraction.cc:298]   Focal Length:    2545.54px (Prior)
2026-05-18T22:21:58 COLMAP[feature_extractor] I20260518 22:21:58.014020    82 feature_extraction.cc:302]   Features:        11857 (SIFT)
2026-05-18T22:21:58 COLMAP[feature_extractor] I20260518 22:21:58.014060    82 feature_extraction.cc:316]   GPS:             LAT=40.520, LON=-111.891, ALT=1502.699
2026-05-18T22:21:58 COLMAP[feature_extractor] I20260518 22:21:58.014074    82 feature_extraction.cc:323]   Gravity:         X=0.000, Y=1.000, Z=0.000
2026-05-18T22:22:01 COLMAP[feature_extractor] I20260518 22:22:00.985802    82 feature_extraction.cc:280] Processed file [1490/1710]
2026-05-18T22:22:01 COLMAP[feature_extractor] I20260518 22:22:00.985857    82 feature_extraction.cc:283]   Name:            DJI_01490.JPG
2026-05-18T22:22:01 COLMAP[feature_extractor] I20260518 22:22:00.985868    82 feature_extraction.cc:292]   Dimensions:      4000 x 2250
2026-05-18T22:22:01 COLMAP[feature_extractor] I20260518 22:22:00.985879    82 feature_extraction.cc:295]   Camera:          #1 - SIMPLE_RADIAL
2026-05-18T22:22:01 COLMAP[feature_extractor] I20260518 22:22:00.985891    82 feature_extraction.cc:298]   Focal Length:    2545.54px (Prior)
2026-05-18T22:22:01 COLMAP[feature_extractor] I20260518 22:22:00.985908    82 feature_extraction.cc:302]   Features:        11998 (SIFT)
2026-05-18T22:22:01 COLMAP[feature_extractor] I20260518 22:22:01.229995    82 feature_extraction.cc:316]   GPS:             LAT=40.520, LON=-111.892, ALT=1502.499
2026-05-18T22:22:01 COLMAP[feature_extractor] I20260518 22:22:01.230051    82 feature_extraction.cc:323]   Gravity:         X=0.000, Y=1.000, Z=0.000
2026-05-18T22:22:04 COLMAP[feature_extractor] I20260518 22:22:04.222862    82 feature_extraction.cc:280] Processed file [1491/1710]
2026-05-18T22:22:04 COLMAP[feature_extractor] I20260518 22:22:04.222918    82 feature_extraction.cc:283]   Name:            DJI_01491.JPG
2026-05-18T22:22:04 COLMAP[feature_extractor] I20260518 22:22:04.222930    82 feature_extraction.cc:292]   Dimensions:      4000 x 2250
2026-05-18T22:22:04 COLMAP[feature_extractor] I20260518 22:22:04.222941    82 feature_extraction.cc:295]   Camera:          #1 - SIMPLE_RADIAL
2026-05-18T22:22:04 COLMAP[feature_extractor] I20260518 22:22:04.222954    82 feature_extraction.cc:298]   Focal Length:    2545.54px (Prior)
2026-05-18T22:22:04 COLMAP[feature_extractor] I20260518 22:22:04.222968    82 feature_extraction.cc:302]   Features:        8271 (SIFT)
2026-05-18T22:22:04 COLMAP[feature_extractor] I20260518 22:22:04.554535    82 feature_extraction.cc:316]   GPS:             LAT=40.520, LON=-111.892, ALT=1502.299
2026-05-18T22:22:04 COLMAP[feature_extractor] I20260518 22:22:04.554587    82 feature_extraction.cc:323]   Gravity:         X=0.000, Y=1.000, Z=0.000
2026-05-18T22:22:07 COLMAP[feature_extractor] I20260518 22:22:06.975111    82 feature_extraction.cc:280] Processed file [1492/1710]
2026-05-18T22:22:07 COLMAP[feature_extractor] I20260518 22:22:06.975167    82 feature_extraction.cc:283]   Name:            DJI_01493.JPG
2026-05-18T22:22:07 COLMAP[feature_extractor] I20260518 22:22:06.975179    82 feature_extraction.cc:292]   Dimensions:      4000 x 2250
2026-05-18T22:22:07 COLMAP[feature_extractor] I20260518 22:22:06.975190    82 feature_extraction.cc:295]   Camera:          #1 - SIMPLE_RADIAL
2026-05-18T22:22:07 COLMAP[feature_extractor] I20260518 22:22:06.975201    82 feature_extraction.cc:298]   Focal Length:    2545.54px (Prior)
2026-05-18T22:22:07 COLMAP[feature_extractor] I20260518 22:22:06.975217    82 feature_extraction.cc:302]   Features:        12037 (SIFT)
2026-05-18T22:22:07 COLMAP[feature_extractor] I20260518 22:22:07.229954    82 feature_extraction.cc:316]   GPS:             LAT=40.520, LON=-111.892, ALT=1501.799
2026-05-18T22:22:07 COLMAP[feature_extractor] I20260518 22:22:07.230013    82 feature_extraction.cc:323]   Gravity:         X=0.000, Y=1.000, Z=0.000
2026-05-18T22:22:07 COLMAP[feature_extractor] I20260518 22:22:07.253640    82 feature_extraction.cc:280] Processed file [1493/1710]
2026-05-18T22:22:07 COLMAP[feature_extractor] I20260518 22:22:07.254066    82 feature_extraction.cc:283]   Name:            DJI_01492.JPG
2026-05-18T22:22:07 COLMAP[feature_extractor] I20260518 22:22:07.254387    82 feature_extraction.cc:292]   Dimensions:      4000 x 2250
2026-05-18T22:22:07 COLMAP[feature_extractor] I20260518 22:22:07.254653    82 feature_extraction.cc:295]   Camera:          #1 - SIMPLE_RADIAL
2026-05-18T22:22:07 COLMAP[feature_extractor] I20260518 22:22:07.254906    82 feature_extraction.cc:298]   Focal Length:    2545.54px (Prior)
2026-05-18T22:22:07 COLMAP[feature_extractor] I20260518 22:22:07.255154    82 feature_extraction.cc:302]   Features:        12011 (SIFT)
2026-05-18T22:22:07 COLMAP[feature_extractor] I20260518 22:22:07.625447    82 feature_extraction.cc:316]   GPS:             LAT=40.520, LON=-111.892, ALT=1502.099
2026-05-18T22:22:07 COLMAP[feature_extractor] I20260518 22:22:07.625509    82 feature_extraction.cc:323]   Gravity:         X=0.000, Y=1.000, Z=0.000
2026-05-18T22:22:11 COLMAP[feature_extractor] I20260518 22:22:10.570652    82 feature_extraction.cc:280] Processed file [1494/1710]
2026-05-18T22:22:11 COLMAP[feature_extractor] I20260518 22:22:10.570719    82 feature_extraction.cc:283]   Name:            DJI_01494.JPG
2026-05-18T22:22:11 COLMAP[feature_extractor] I20260518 22:22:10.570730    82 feature_extraction.cc:292]   Dimensions:      4000 x 2250
2026-05-18T22:22:11 COLMAP[feature_extractor] I20260518 22:22:10.570741    82 feature_extraction.cc:295]   Camera:          #1 - SIMPLE_RADIAL
2026-05-18T22:22:11 COLMAP[feature_extractor] I20260518 22:22:10.570753    82 feature_extraction.cc:298]   Focal Length:    2545.54px (Prior)
2026-05-18T22:22:11 COLMAP[feature_extractor] I20260518 22:22:10.570770    82 feature_extraction.cc:302]   Features:        12084 (SIFT)
2026-05-18T22:22:11 COLMAP[feature_extractor] I20260518 22:22:10.842126    82 feature_extraction.cc:316]   GPS:             LAT=40.520, LON=-111.893, ALT=1501.699
2026-05-18T22:22:11 COLMAP[feature_extractor] I20260518 22:22:10.842181    82 feature_extraction.cc:323]   Gravity:         X=0.000, Y=1.000, Z=0.000
2026-05-18T22:22:14 COLMAP[feature_extractor] I20260518 22:22:13.458811    82 feature_extraction.cc:280] Processed file [1495/1710]
2026-05-18T22:22:14 COLMAP[feature_extractor] I20260518 22:22:13.458870    82 feature_extraction.cc:283]   Name:            DJI_01495.JPG
2026-05-18T22:22:14 COLMAP[feature_extractor] I20260518 22:22:13.458882    82 feature_extraction.cc:292]   Dimensions:      4000 x 2250
2026-05-18T22:22:14 COLMAP[feature_extractor] I20260518 22:22:13.458894    82 feature_extraction.cc:295]   Camera:          #1 - SIMPLE_RADIAL
2026-05-18T22:22:14 COLMAP[feature_extractor] I20260518 22:22:13.458905    82 feature_extraction.cc:298]   Focal Length:    2545.54px (Prior)
2026-05-18T22:22:14 COLMAP[feature_extractor] I20260518 22:22:13.458921    82 feature_extraction.cc:302]   Features:        8393 (SIFT)
2026-05-18T22:22:14 COLMAP[feature_extractor] I20260518 22:22:13.698805    82 feature_extraction.cc:316]   GPS:             LAT=40.520, LON=-111.893, ALT=1501.499
2026-05-18T22:22:14 COLMAP[feature_extractor] I20260518 22:22:13.698864    82 feature_extraction.cc:323]   Gravity:         X=0.000, Y=1.000, Z=0.000
2026-05-18T22:22:17 COLMAP[feature_extractor] I20260518 22:22:16.227578    82 feature_extraction.cc:280] Processed file [1496/1710]
2026-05-18T22:22:17 COLMAP[feature_extractor] I20260518 22:22:16.227634    82 feature_extraction.cc:283]   Name:            DJI_01497.JPG
2026-05-18T22:22:17 COLMAP[feature_extractor] I20260518 22:22:16.227646    82 feature_extraction.cc:292]   Dimensions:      4000 x 2250
2026-05-18T22:22:17 COLMAP[feature_extractor] I20260518 22:22:16.227658    82 feature_extraction.cc:295]   Camera:          #1 - SIMPLE_RADIAL
2026-05-18T22:22:17 COLMAP[feature_extractor] I20260518 22:22:16.227669    82 feature_extraction.cc:298]   Focal Length:    2545.54px (Prior)
2026-05-18T22:22:17 COLMAP[feature_extractor] I20260518 22:22:16.227684    82 feature_extraction.cc:302]   Features:        8929 (SIFT)
2026-05-18T22:22:17 COLMAP[feature_extractor] I20260518 22:22:16.506003    82 feature_extraction.cc:316]   GPS:             LAT=40.520, LON=-111.893, ALT=1501.199
2026-05-18T22:22:17 COLMAP[feature_extractor] I20260518 22:22:16.506059    82 feature_extraction.cc:323]   Gravity:         X=0.000, Y=1.000, Z=0.000
2026-05-18T22:22:17 COLMAP[feature_extractor] I20260518 22:22:16.508698    82 feature_extraction.cc:280] Processed file [1497/1710]
2026-05-18T22:22:17 COLMAP[feature_extractor] I20260518 22:22:16.508735    82 feature_extraction.cc:283]   Name:            DJI_01496.JPG
2026-05-18T22:22:17 COLMAP[feature_extractor] I20260518 22:22:16.508745    82 feature_extraction.cc:292]   Dimensions:      4000 x 2250
2026-05-18T22:22:17 COLMAP[feature_extractor] I20260518 22:22:16.508756    82 feature_extraction.cc:295]   Camera:          #1 - SIMPLE_RADIAL
2026-05-18T22:22:17 COLMAP[feature_extractor] I20260518 22:22:16.508769    82 feature_extraction.cc:298]   Focal Length:    2545.54px (Prior)
2026-05-18T22:22:17 COLMAP[feature_extractor] I20260518 22:22:16.508781    82 feature_extraction.cc:302]   Features:        8738 (SIFT)
2026-05-18T22:22:17 COLMAP[feature_extractor] I20260518 22:22:16.508823    82 feature_extraction.cc:316]   GPS:             LAT=40.520, LON=-111.893, ALT=1501.499
2026-05-18T22:22:17 COLMAP[feature_extractor] I20260518 22:22:16.508837    82 feature_extraction.cc:323]   Gravity:         X=0.000, Y=1.000, Z=0.000
2026-05-18T22:22:21 COLMAP[feature_extractor] I20260518 22:22:19.914034    82 feature_extraction.cc:280] Processed file [1498/1710]
2026-05-18T22:22:21 COLMAP[feature_extractor] I20260518 22:22:19.914120    82 feature_extraction.cc:283]   Name:            DJI_01498.JPG
2026-05-18T22:22:21 COLMAP[feature_extractor] I20260518 22:22:19.914134    82 feature_extraction.cc:292]   Dimensions:      4000 x 2250
2026-05-18T22:22:21 COLMAP[feature_extractor] I20260518 22:22:19.914145    82 feature_extraction.cc:295]   Camera:          #1 - SIMPLE_RADIAL
2026-05-18T22:22:21 COLMAP[feature_extractor] I20260518 22:22:19.914156    82 feature_extraction.cc:298]   Focal Length:    2545.54px (Prior)
2026-05-18T22:22:21 COLMAP[feature_extractor] I20260518 22:22:19.914171    82 feature_extraction.cc:302]   Features:        9195 (SIFT)
2026-05-18T22:22:21 COLMAP[feature_extractor] I20260518 22:22:20.233917    82 feature_extraction.cc:316]   GPS:             LAT=40.520, LON=-111.894, ALT=1501.199
2026-05-18T22:22:21 COLMAP[feature_extractor] I20260518 22:22:20.233976    82 feature_extraction.cc:323]   Gravity:         X=0.000, Y=1.000, Z=0.000
2026-05-18T22:22:23 COLMAP[feature_extractor] I20260518 22:22:22.684844    82 feature_extraction.cc:280] Processed file [1499/1710]
2026-05-18T22:22:23 COLMAP[feature_extractor] I20260518 22:22:22.684908    82 feature_extraction.cc:283]   Name:            DJI_01499.JPG
2026-05-18T22:22:23 COLMAP[feature_extractor] I20260518 22:22:22.684921    82 feature_extraction.cc:292]   Dimensions:      4000 x 2250
2026-05-18T22:22:23 COLMAP[feature_extractor] I20260518 22:22:22.684933    82 feature_extraction.cc:295]   Camera:          #1 - SIMPLE_RADIAL
2026-05-18T22:22:23 COLMAP[feature_extractor] I20260518 22:22:22.684945    82 feature_extraction.cc:298]   Focal Length:    2545.54px (Prior)
2026-05-18T22:22:23 COLMAP[feature_extractor] I20260518 22:22:22.684960    82 feature_extraction.cc:302]   Features:        9217 (SIFT)
2026-05-18T22:22:23 COLMAP[feature_extractor] I20260518 22:22:23.059677    82 feature_extraction.cc:316]   GPS:             LAT=40.520, LON=-111.894, ALT=1500.899
2026-05-18T22:22:23 COLMAP[feature_extractor] I20260518 22:22:23.059739    82 feature_extraction.cc:323]   Gravity:         X=0.000, Y=1.000, Z=0.000
2026-05-18T22:22:26 COLMAP[feature_extractor] I20260518 22:22:25.375277    82 feature_extraction.cc:280] Processed file [1500/1710]
2026-05-18T22:22:26 COLMAP[feature_extractor] I20260518 22:22:25.375351    82 feature_extraction.cc:283]   Name:            DJI_01501.JPG
2026-05-18T22:22:26 COLMAP[feature_extractor] I20260518 22:22:25.375365    82 feature_extraction.cc:292]   Dimensions:      4000 x 2250
2026-05-18T22:22:26 COLMAP[feature_extractor] I20260518 22:22:25.375388    82 feature_extraction.cc:295]   Camera:          #1 - SIMPLE_RADIAL
2026-05-18T22:22:26 COLMAP[feature_extractor] I20260518 22:22:25.375399    82 feature_extraction.cc:298]   Focal Length:    2545.54px (Prior)
2026-05-18T22:22:26 COLMAP[feature_extractor] I20260518 22:22:25.375415    82 feature_extraction.cc:302]   Features:        9417 (SIFT)
2026-05-18T22:22:26 COLMAP[feature_extractor] I20260518 22:22:25.739616    82 feature_extraction.cc:316]   GPS:             LAT=40.520, LON=-111.894, ALT=1500.499
2026-05-18T22:22:26 COLMAP[feature_extractor] I20260518 22:22:25.739671    82 feature_extraction.cc:323]   Gravity:         X=0.000, Y=1.000, Z=0.000
2026-05-18T22:22:26 COLMAP[feature_extractor] I20260518 22:22:25.742400    82 feature_extraction.cc:280] Processed file [1501/1710]
2026-05-18T22:22:26 COLMAP[feature_extractor] I20260518 22:22:25.742434    82 feature_extraction.cc:283]   Name:            DJI_01500.JPG
2026-05-18T22:22:26 COLMAP[feature_extractor] I20260518 22:22:25.742445    82 feature_extraction.cc:292]   Dimensions:      4000 x 2250
2026-05-18T22:22:26 COLMAP[feature_extractor] I20260518 22:22:25.742456    82 feature_extraction.cc:295]   Camera:          #1 - SIMPLE_RADIAL
2026-05-18T22:22:26 COLMAP[feature_extractor] I20260518 22:22:25.742468    82 feature_extraction.cc:298]   Focal Length:    2545.54px (Prior)
2026-05-18T22:22:26 COLMAP[feature_extractor] I20260518 22:22:25.742481    82 feature_extraction.cc:302]   Features:        9402 (SIFT)
2026-05-18T22:22:26 COLMAP[feature_extractor] I20260518 22:22:25.742523    82 feature_extraction.cc:316]   GPS:             LAT=40.520, LON=-111.894, ALT=1500.899
2026-05-18T22:22:26 COLMAP[feature_extractor] I20260518 22:22:25.742538    82 feature_extraction.cc:323]   Gravity:         X=0.000, Y=1.000, Z=0.000
2026-05-18T22:22:29 COLMAP[feature_extractor] I20260518 22:22:29.145766    82 feature_extraction.cc:280] Processed file [1502/1710]
2026-05-18T22:22:29 COLMAP[feature_extractor] I20260518 22:22:29.145817    82 feature_extraction.cc:283]   Name:            DJI_01502.JPG
2026-05-18T22:22:29 COLMAP[feature_extractor] I20260518 22:22:29.145829    82 feature_extraction.cc:292]   Dimensions:      4000 x 2250
2026-05-18T22:22:29 COLMAP[feature_extractor] I20260518 22:22:29.145840    82 feature_extraction.cc:295]   Camera:          #1 - SIMPLE_RADIAL
2026-05-18T22:22:29 COLMAP[feature_extractor] I20260518 22:22:29.145851    82 feature_extraction.cc:298]   Focal Length:    2545.54px (Prior)
2026-05-18T22:22:29 COLMAP[feature_extractor] I20260518 22:22:29.145867    82 feature_extraction.cc:302]   Features:        9456 (SIFT)
2026-05-18T22:22:29 COLMAP[feature_extractor] I20260518 22:22:29.345954    82 feature_extraction.cc:316]   GPS:             LAT=40.520, LON=-111.894, ALT=1500.799
2026-05-18T22:22:29 COLMAP[feature_extractor] I20260518 22:22:29.346009    82 feature_extraction.cc:323]   Gravity:         X=0.000, Y=1.000, Z=0.000
2026-05-18T22:22:31 COLMAP[feature_extractor] I20260518 22:22:31.887430    82 feature_extraction.cc:280] Processed file [1503/1710]
2026-05-18T22:22:31 COLMAP[feature_extractor] I20260518 22:22:31.887493    82 feature_extraction.cc:283]   Name:            DJI_01503.JPG
2026-05-18T22:22:31 COLMAP[feature_extractor] I20260518 22:22:31.887507    82 feature_extraction.cc:292]   Dimensions:      4000 x 2250
2026-05-18T22:22:31 COLMAP[feature_extractor] I20260518 22:22:31.887519    82 feature_extraction.cc:295]   Camera:          #1 - SIMPLE_RADIAL
2026-05-18T22:22:31 COLMAP[feature_extractor] I20260518 22:22:31.887573    82 feature_extraction.cc:298]   Focal Length:    2545.54px (Prior)
2026-05-18T22:22:31 COLMAP[feature_extractor] I20260518 22:22:31.887589    82 feature_extraction.cc:302]   Features:        9713 (SIFT)
2026-05-18T22:22:33 COLMAP[feature_extractor] I20260518 22:22:32.200978    82 feature_extraction.cc:316]   GPS:             LAT=40.521, LON=-111.895, ALT=1499.999
2026-05-18T22:22:33 COLMAP[feature_extractor] I20260518 22:22:32.201037    82 feature_extraction.cc:323]   Gravity:         X=0.000, Y=1.000, Z=0.000
2026-05-18T22:22:34 COLMAP[feature_extractor] I20260518 22:22:34.627594    82 feature_extraction.cc:280] Processed file [1504/1710]
2026-05-18T22:22:34 COLMAP[feature_extractor] I20260518 22:22:34.627645    82 feature_extraction.cc:283]   Name:            DJI_01504.JPG
2026-05-18T22:22:34 COLMAP[feature_extractor] I20260518 22:22:34.627657    82 feature_extraction.cc:292]   Dimensions:      4000 x 2250
2026-05-18T22:22:34 COLMAP[feature_extractor] I20260518 22:22:34.627667    82 feature_extraction.cc:295]   Camera:          #1 - SIMPLE_RADIAL
2026-05-18T22:22:34 COLMAP[feature_extractor] I20260518 22:22:34.627679    82 feature_extraction.cc:298]   Focal Length:    2545.54px (Prior)
2026-05-18T22:22:34 COLMAP[feature_extractor] I20260518 22:22:34.627696    82 feature_extraction.cc:302]   Features:        9769 (SIFT)
2026-05-18T22:22:35 COLMAP[feature_extractor] I20260518 22:22:35.021152    82 feature_extraction.cc:316]   GPS:             LAT=40.521, LON=-111.895, ALT=1500.299
2026-05-18T22:22:35 COLMAP[feature_extractor] I20260518 22:22:35.021214    82 feature_extraction.cc:323]   Gravity:         X=0.000, Y=1.000, Z=0.000
2026-05-18T22:22:35 COLMAP[feature_extractor] I20260518 22:22:35.031450    82 feature_extraction.cc:280] Processed file [1505/1710]
2026-05-18T22:22:35 COLMAP[feature_extractor] I20260518 22:22:35.035400    82 feature_extraction.cc:283]   Name:            DJI_01505.JPG
2026-05-18T22:22:35 COLMAP[feature_extractor] I20260518 22:22:35.035744    82 feature_extraction.cc:292]   Dimensions:      4000 x 2250
2026-05-18T22:22:35 COLMAP[feature_extractor] I20260518 22:22:35.035974    82 feature_extraction.cc:295]   Camera:          #1 - SIMPLE_RADIAL
2026-05-18T22:22:35 COLMAP[feature_extractor] I20260518 22:22:35.036178    82 feature_extraction.cc:298]   Focal Length:    2545.54px (Prior)
2026-05-18T22:22:35 COLMAP[feature_extractor] I20260518 22:22:35.036374    82 feature_extraction.cc:302]   Features:        9885 (SIFT)
2026-05-18T22:22:35 COLMAP[feature_extractor] I20260518 22:22:35.393201    82 feature_extraction.cc:316]   GPS:             LAT=40.521, LON=-111.895, ALT=1499.899
2026-05-18T22:22:35 COLMAP[feature_extractor] I20260518 22:22:35.393258    82 feature_extraction.cc:323]   Gravity:         X=0.000, Y=1.000, Z=0.000
2026-05-18T22:22:38 COLMAP[feature_extractor] I20260518 22:22:38.331919    82 feature_extraction.cc:280] Processed file [1506/1710]
2026-05-18T22:22:38 COLMAP[feature_extractor] I20260518 22:22:38.331974    82 feature_extraction.cc:283]   Name:            DJI_01506.JPG
2026-05-18T22:22:38 COLMAP[feature_extractor] I20260518 22:22:38.331985    82 feature_extraction.cc:292]   Dimensions:      4000 x 2250
2026-05-18T22:22:38 COLMAP[feature_extractor] I20260518 22:22:38.331997    82 feature_extraction.cc:295]   Camera:          #1 - SIMPLE_RADIAL
2026-05-18T22:22:38 COLMAP[feature_extractor] I20260518 22:22:38.332010    82 feature_extraction.cc:298]   Focal Length:    2545.54px (Prior)
2026-05-18T22:22:38 COLMAP[feature_extractor] I20260518 22:22:38.332024    82 feature_extraction.cc:302]   Features:        9789 (SIFT)
2026-05-18T22:22:39 COLMAP[feature_extractor] I20260518 22:22:38.679163    82 feature_extraction.cc:316]   GPS:             LAT=40.521, LON=-111.895, ALT=1500.399
2026-05-18T22:22:39 COLMAP[feature_extractor] I20260518 22:22:38.679217    82 feature_extraction.cc:323]   Gravity:         X=0.000, Y=1.000, Z=0.000
2026-05-18T22:22:42 COLMAP[feature_extractor] I20260518 22:22:41.107597    82 feature_extraction.cc:280] Processed file [1507/1710]
2026-05-18T22:22:42 COLMAP[feature_extractor] I20260518 22:22:41.107651    82 feature_extraction.cc:283]   Name:            DJI_01507.JPG
2026-05-18T22:22:42 COLMAP[feature_extractor] I20260518 22:22:41.107663    82 feature_extraction.cc:292]   Dimensions:      4000 x 2250
2026-05-18T22:22:42 COLMAP[feature_extractor] I20260518 22:22:41.107674    82 feature_extraction.cc:295]   Camera:          #1 - SIMPLE_RADIAL
2026-05-18T22:22:42 COLMAP[feature_extractor] I20260518 22:22:41.107686    82 feature_extraction.cc:298]   Focal Length:    2545.54px (Prior)
2026-05-18T22:22:42 COLMAP[feature_extractor] I20260518 22:22:41.107702    82 feature_extraction.cc:302]   Features:        9702 (SIFT)
2026-05-18T22:22:42 COLMAP[feature_extractor] I20260518 22:22:41.394430    82 feature_extraction.cc:316]   GPS:             LAT=40.521, LON=-111.895, ALT=1500.099
2026-05-18T22:22:42 COLMAP[feature_extractor] I20260518 22:22:41.394490    82 feature_extraction.cc:323]   Gravity:         X=0.000, Y=1.000, Z=0.000
2026-05-18T22:22:44 COLMAP[feature_extractor] I20260518 22:22:43.797655    82 feature_extraction.cc:280] Processed file [1508/1710]
2026-05-18T22:22:44 COLMAP[feature_extractor] I20260518 22:22:43.797714    82 feature_extraction.cc:283]   Name:            DJI_01509.JPG
2026-05-18T22:22:44 COLMAP[feature_extractor] I20260518 22:22:43.797727    82 feature_extraction.cc:292]   Dimensions:      4000 x 2250
2026-05-18T22:22:44 COLMAP[feature_extractor] I20260518 22:22:43.797737    82 feature_extraction.cc:295]   Camera:          #1 - SIMPLE_RADIAL
2026-05-18T22:22:44 COLMAP[feature_extractor] I20260518 22:22:43.797749    82 feature_extraction.cc:298]   Focal Length:    2545.54px (Prior)
2026-05-18T22:22:44 COLMAP[feature_extractor] I20260518 22:22:43.797765    82 feature_extraction.cc:302]   Features:        9701 (SIFT)
2026-05-18T22:22:44 COLMAP[feature_extractor] I20260518 22:22:44.062239    82 feature_extraction.cc:316]   GPS:             LAT=40.521, LON=-111.895, ALT=1499.899
2026-05-18T22:22:44 COLMAP[feature_extractor] I20260518 22:22:44.062325    82 feature_extraction.cc:323]   Gravity:         X=0.000, Y=1.000, Z=0.000
2026-05-18T22:22:44 COLMAP[feature_extractor] I20260518 22:22:44.217806    82 feature_extraction.cc:280] Processed file [1509/1710]
2026-05-18T22:22:44 COLMAP[feature_extractor] I20260518 22:22:44.217859    82 feature_extraction.cc:283]   Name:            DJI_01508.JPG
2026-05-18T22:22:44 COLMAP[feature_extractor] I20260518 22:22:44.217871    82 feature_extraction.cc:292]   Dimensions:      4000 x 2250
2026-05-18T22:22:44 COLMAP[feature_extractor] I20260518 22:22:44.217882    82 feature_extraction.cc:295]   Camera:          #1 - SIMPLE_RADIAL
2026-05-18T22:22:44 COLMAP[feature_extractor] I20260518 22:22:44.217893    82 feature_extraction.cc:298]   Focal Length:    2545.54px (Prior)
2026-05-18T22:22:44 COLMAP[feature_extractor] I20260518 22:22:44.217908    82 feature_extraction.cc:302]   Features:        9769 (SIFT)
2026-05-18T22:22:45 COLMAP[feature_extractor] I20260518 22:22:44.585217    82 feature_extraction.cc:316]   GPS:             LAT=40.521, LON=-111.895, ALT=1500.199
2026-05-18T22:22:45 COLMAP[feature_extractor] I20260518 22:22:44.585273    82 feature_extraction.cc:323]   Gravity:         X=0.000, Y=1.000, Z=0.000
2026-05-18T22:22:47 COLMAP[feature_extractor] I20260518 22:22:47.491930    82 feature_extraction.cc:280] Processed file [1510/1710]
2026-05-18T22:22:47 COLMAP[feature_extractor] I20260518 22:22:47.491986    82 feature_extraction.cc:283]   Name:            DJI_01510.JPG
2026-05-18T22:22:47 COLMAP[feature_extractor] I20260518 22:22:47.491997    82 feature_extraction.cc:292]   Dimensions:      4000 x 2250
2026-05-18T22:22:47 COLMAP[feature_extractor] I20260518 22:22:47.492008    82 feature_extraction.cc:295]   Camera:          #1 - SIMPLE_RADIAL
2026-05-18T22:22:47 COLMAP[feature_extractor] I20260518 22:22:47.492020    82 feature_extraction.cc:298]   Focal Length:    2545.54px (Prior)
2026-05-18T22:22:47 COLMAP[feature_extractor] I20260518 22:22:47.492035    82 feature_extraction.cc:302]   Features:        9832 (SIFT)
2026-05-18T22:22:49 COLMAP[feature_extractor] I20260518 22:22:47.728941    82 feature_extraction.cc:316]   GPS:             LAT=40.521, LON=-111.895, ALT=1499.999
2026-05-18T22:22:49 COLMAP[feature_extractor] I20260518 22:22:47.728997    82 feature_extraction.cc:323]   Gravity:         X=0.000, Y=1.000, Z=0.000
2026-05-18T22:22:51 COLMAP[feature_extractor] I20260518 22:22:50.327396    82 feature_extraction.cc:280] Processed file [1511/1710]
2026-05-18T22:22:51 COLMAP[feature_extractor] I20260518 22:22:50.327468    82 feature_extraction.cc:283]   Name:            DJI_01511.JPG
2026-05-18T22:22:51 COLMAP[feature_extractor] I20260518 22:22:50.327481    82 feature_extraction.cc:292]   Dimensions:      4000 x 2250
2026-05-18T22:22:51 COLMAP[feature_extractor] I20260518 22:22:50.327492    82 feature_extraction.cc:295]   Camera:          #1 - SIMPLE_RADIAL
2026-05-18T22:22:51 COLMAP[feature_extractor] I20260518 22:22:50.327503    82 feature_extraction.cc:298]   Focal Length:    2545.54px (Prior)
2026-05-18T22:22:51 COLMAP[feature_extractor] I20260518 22:22:50.327518    82 feature_extraction.cc:302]   Features:        9876 (SIFT)
2026-05-18T22:22:51 COLMAP[feature_extractor] I20260518 22:22:50.537253    82 feature_extraction.cc:316]   GPS:             LAT=40.521, LON=-111.895, ALT=1499.999
2026-05-18T22:22:51 COLMAP[feature_extractor] I20260518 22:22:50.537315    82 feature_extraction.cc:323]   Gravity:         X=0.000, Y=1.000, Z=0.000
2026-05-18T22:22:53 COLMAP[feature_extractor] I20260518 22:22:53.068321    82 feature_extraction.cc:280] Processed file [1512/1710]
2026-05-18T22:22:53 COLMAP[feature_extractor] I20260518 22:22:53.068374    82 feature_extraction.cc:283]   Name:            DJI_01512.JPG
2026-05-18T22:22:53 COLMAP[feature_extractor] I20260518 22:22:53.068387    82 feature_extraction.cc:292]   Dimensions:      4000 x 2250
2026-05-18T22:22:53 COLMAP[feature_extractor] I20260518 22:22:53.068397    82 feature_extraction.cc:295]   Camera:          #1 - SIMPLE_RADIAL
2026-05-18T22:22:53 COLMAP[feature_extractor] I20260518 22:22:53.068408    82 feature_extraction.cc:298]   Focal Length:    2545.54px (Prior)
2026-05-18T22:22:53 COLMAP[feature_extractor] I20260518 22:22:53.068424    82 feature_extraction.cc:302]   Features:        9648 (SIFT)
2026-05-18T22:22:53 COLMAP[feature_extractor] I20260518 22:22:53.321030    82 feature_extraction.cc:316]   GPS:             LAT=40.521, LON=-111.895, ALT=1500.399
2026-05-18T22:22:53 COLMAP[feature_extractor] I20260518 22:22:53.321082    82 feature_extraction.cc:323]   Gravity:         X=0.000, Y=1.000, Z=0.000
2026-05-18T22:22:53 COLMAP[feature_extractor] I20260518 22:22:53.394199    82 feature_extraction.cc:280] Processed file [1513/1710]
2026-05-18T22:22:53 COLMAP[feature_extractor] I20260518 22:22:53.394250    82 feature_extraction.cc:283]   Name:            DJI_01513.JPG
2026-05-18T22:22:53 COLMAP[feature_extractor] I20260518 22:22:53.394263    82 feature_extraction.cc:292]   Dimensions:      4000 x 2250
2026-05-18T22:22:53 COLMAP[feature_extractor] I20260518 22:22:53.394273    82 feature_extraction.cc:295]   Camera:          #1 - SIMPLE_RADIAL
2026-05-18T22:22:53 COLMAP[feature_extractor] I20260518 22:22:53.394285    82 feature_extraction.cc:298]   Focal Length:    2545.54px (Prior)
2026-05-18T22:22:53 COLMAP[feature_extractor] I20260518 22:22:53.394300    82 feature_extraction.cc:302]   Features:        8515 (SIFT)
2026-05-18T22:22:54 COLMAP[feature_extractor] I20260518 22:22:53.587411    82 feature_extraction.cc:316]   GPS:             LAT=40.521, LON=-111.894, ALT=1500.399
2026-05-18T22:22:54 COLMAP[feature_extractor] I20260518 22:22:53.587466    82 feature_extraction.cc:323]   Gravity:         X=0.000, Y=1.000, Z=0.000
2026-05-18T22:22:59 COLMAP[feature_extractor] I20260518 22:22:56.684021    82 feature_extraction.cc:280] Processed file [1514/1710]
2026-05-18T22:22:59 COLMAP[feature_extractor] I20260518 22:22:56.684075    82 feature_extraction.cc:283]   Name:            DJI_01514.JPG
2026-05-18T22:22:59 COLMAP[feature_extractor] I20260518 22:22:56.684087    82 feature_extraction.cc:292]   Dimensions:      4000 x 2250
2026-05-18T22:22:59 COLMAP[feature_extractor] I20260518 22:22:56.684099    82 feature_extraction.cc:295]   Camera:          #1 - SIMPLE_RADIAL
2026-05-18T22:22:59 COLMAP[feature_extractor] I20260518 22:22:56.684110    82 feature_extraction.cc:298]   Focal Length:    2545.54px (Prior)
2026-05-18T22:22:59 COLMAP[feature_extractor] I20260518 22:22:56.684125    82 feature_extraction.cc:302]   Features:        8597 (SIFT)
2026-05-18T22:22:59 COLMAP[feature_extractor] I20260518 22:22:56.927316    82 feature_extraction.cc:316]   GPS:             LAT=40.520, LON=-111.894, ALT=1500.699
2026-05-18T22:22:59 COLMAP[feature_extractor] I20260518 22:22:56.927599    82 feature_extraction.cc:323]   Gravity:         X=0.000, Y=1.000, Z=0.000
2026-05-18T22:22:59 COLMAP[feature_extractor] I20260518 22:22:59.359728    82 feature_extraction.cc:280] Processed file [1515/1710]
2026-05-18T22:22:59 COLMAP[feature_extractor] I20260518 22:22:59.359787    82 feature_extraction.cc:283]   Name:            DJI_01515.JPG
2026-05-18T22:23:01 COLMAP[feature_extractor] I20260518 22:22:59.359799    82 feature_extraction.cc:292]   Dimensions:      4000 x 2250
2026-05-18T22:23:01 COLMAP[feature_extractor] I20260518 22:22:59.359810    82 feature_extraction.cc:295]   Camera:          #1 - SIMPLE_RADIAL
2026-05-18T22:23:01 COLMAP[feature_extractor] I20260518 22:22:59.359822    82 feature_extraction.cc:298]   Focal Length:    2545.54px (Prior)
2026-05-18T22:23:01 COLMAP[feature_extractor] I20260518 22:22:59.359838    82 feature_extraction.cc:302]   Features:        8632 (SIFT)
2026-05-18T22:23:01 COLMAP[feature_extractor] I20260518 22:22:59.526376    82 feature_extraction.cc:316]   GPS:             LAT=40.520, LON=-111.894, ALT=1500.699
2026-05-18T22:23:01 COLMAP[feature_extractor] I20260518 22:22:59.526429    82 feature_extraction.cc:323]   Gravity:         X=0.000, Y=1.000, Z=0.000
2026-05-18T22:23:03 COLMAP[feature_extractor] I20260518 22:23:02.470170    82 feature_extraction.cc:280] Processed file [1516/1710]
2026-05-18T22:23:03 COLMAP[feature_extractor] I20260518 22:23:02.470224    82 feature_extraction.cc:283]   Name:            DJI_01516.JPG
2026-05-18T22:23:03 COLMAP[feature_extractor] I20260518 22:23:02.470237    82 feature_extraction.cc:292]   Dimensions:      4000 x 2250
2026-05-18T22:23:03 COLMAP[feature_extractor] I20260518 22:23:02.470247    82 feature_extraction.cc:295]   Camera:          #1 - SIMPLE_RADIAL
2026-05-18T22:23:03 COLMAP[feature_extractor] I20260518 22:23:02.470294    82 feature_extraction.cc:298]   Focal Length:    2545.54px (Prior)
2026-05-18T22:23:03 COLMAP[feature_extractor] I20260518 22:23:02.470310    82 feature_extraction.cc:302]   Features:        8668 (SIFT)
2026-05-18T22:23:03 COLMAP[feature_extractor] I20260518 22:23:02.749428    82 feature_extraction.cc:316]   GPS:             LAT=40.520, LON=-111.893, ALT=1500.899
2026-05-18T22:23:03 COLMAP[feature_extractor] I20260518 22:23:02.749482    82 feature_extraction.cc:323]   Gravity:         X=0.000, Y=1.000, Z=0.000
2026-05-18T22:23:03 COLMAP[feature_extractor] I20260518 22:23:02.759087    82 feature_extraction.cc:280] Processed file [1517/1710]
2026-05-18T22:23:03 COLMAP[feature_extractor] I20260518 22:23:02.771389    82 feature_extraction.cc:283]   Name:            DJI_01517.JPG
2026-05-18T22:23:03 COLMAP[feature_extractor] I20260518 22:23:02.771661    82 feature_extraction.cc:292]   Dimensions:      4000 x 2250
2026-05-18T22:23:03 COLMAP[feature_extractor] I20260518 22:23:02.771848    82 feature_extraction.cc:295]   Camera:          #1 - SIMPLE_RADIAL
2026-05-18T22:23:03 COLMAP[feature_extractor] I20260518 22:23:02.772019    82 feature_extraction.cc:298]   Focal Length:    2545.54px (Prior)
2026-05-18T22:23:03 COLMAP[feature_extractor] I20260518 22:23:02.772199    82 feature_extraction.cc:302]   Features:        8790 (SIFT)
2026-05-18T22:23:03 COLMAP[feature_extractor] I20260518 22:23:03.071285    82 feature_extraction.cc:316]   GPS:             LAT=40.520, LON=-111.893, ALT=1500.999
2026-05-18T22:23:03 COLMAP[feature_extractor] I20260518 22:23:03.071331    82 feature_extraction.cc:323]   Gravity:         X=0.000, Y=1.000, Z=0.000
2026-05-18T22:23:06 COLMAP[feature_extractor] I20260518 22:23:06.051401    82 feature_extraction.cc:280] Processed file [1518/1710]
2026-05-18T22:23:06 COLMAP[feature_extractor] I20260518 22:23:06.051455    82 feature_extraction.cc:283]   Name:            DJI_01518.JPG
2026-05-18T22:23:06 COLMAP[feature_extractor] I20260518 22:23:06.051467    82 feature_extraction.cc:292]   Dimensions:      4000 x 2250
2026-05-18T22:23:06 COLMAP[feature_extractor] I20260518 22:23:06.051478    82 feature_extraction.cc:295]   Camera:          #1 - SIMPLE_RADIAL
2026-05-18T22:23:06 COLMAP[feature_extractor] I20260518 22:23:06.051491    82 feature_extraction.cc:298]   Focal Length:    2545.54px (Prior)
2026-05-18T22:23:06 COLMAP[feature_extractor] I20260518 22:23:06.051505    82 feature_extraction.cc:302]   Features:        8690 (SIFT)
2026-05-18T22:23:07 COLMAP[feature_extractor] I20260518 22:23:06.235814    82 feature_extraction.cc:316]   GPS:             LAT=40.520, LON=-111.893, ALT=1501.099
2026-05-18T22:23:07 COLMAP[feature_extractor] I20260518 22:23:06.235865    82 feature_extraction.cc:323]   Gravity:         X=0.000, Y=1.000, Z=0.000
2026-05-18T22:23:09 COLMAP[feature_extractor] I20260518 22:23:08.880528    82 feature_extraction.cc:280] Processed file [1519/1710]
2026-05-18T22:23:09 COLMAP[feature_extractor] I20260518 22:23:08.880581    82 feature_extraction.cc:283]   Name:            DJI_01519.JPG
2026-05-18T22:23:09 COLMAP[feature_extractor] I20260518 22:23:08.880594    82 feature_extraction.cc:292]   Dimensions:      4000 x 2250
2026-05-18T22:23:09 COLMAP[feature_extractor] I20260518 22:23:08.880605    82 feature_extraction.cc:295]   Camera:          #1 - SIMPLE_RADIAL
2026-05-18T22:23:09 COLMAP[feature_extractor] I20260518 22:23:08.880617    82 feature_extraction.cc:298]   Focal Length:    2545.54px (Prior)
2026-05-18T22:23:09 COLMAP[feature_extractor] I20260518 22:23:08.880633    82 feature_extraction.cc:302]   Features:        8958 (SIFT)
2026-05-18T22:23:10 COLMAP[feature_extractor] I20260518 22:23:09.195537    82 feature_extraction.cc:316]   GPS:             LAT=40.520, LON=-111.893, ALT=1501.799
2026-05-18T22:23:10 COLMAP[feature_extractor] I20260518 22:23:09.195593    82 feature_extraction.cc:323]   Gravity:         X=0.000, Y=1.000, Z=0.000
2026-05-18T22:23:12 COLMAP[feature_extractor] I20260518 22:23:11.678843    82 feature_extraction.cc:280] Processed file [1520/1710]
2026-05-18T22:23:12 COLMAP[feature_extractor] I20260518 22:23:11.678902    82 feature_extraction.cc:283]   Name:            DJI_01520.JPG
2026-05-18T22:23:12 COLMAP[feature_extractor] I20260518 22:23:11.678915    82 feature_extraction.cc:292]   Dimensions:      4000 x 2250
2026-05-18T22:23:12 COLMAP[feature_extractor] I20260518 22:23:11.678925    82 feature_extraction.cc:295]   Camera:          #1 - SIMPLE_RADIAL
2026-05-18T22:23:12 COLMAP[feature_extractor] I20260518 22:23:11.678936    82 feature_extraction.cc:298]   Focal Length:    2545.54px (Prior)
2026-05-18T22:23:12 COLMAP[feature_extractor] I20260518 22:23:11.678951    82 feature_extraction.cc:302]   Features:        9019 (SIFT)
2026-05-18T22:23:12 COLMAP[feature_extractor] I20260518 22:23:11.904492    82 feature_extraction.cc:316]   GPS:             LAT=40.520, LON=-111.892, ALT=1501.699
2026-05-18T22:23:12 COLMAP[feature_extractor] I20260518 22:23:11.904546    82 feature_extraction.cc:323]   Gravity:         X=0.000, Y=1.000, Z=0.000
2026-05-18T22:23:12 COLMAP[feature_extractor] I20260518 22:23:11.907186    82 feature_extraction.cc:280] Processed file [1521/1710]
2026-05-18T22:23:12 COLMAP[feature_extractor] I20260518 22:23:11.907220    82 feature_extraction.cc:283]   Name:            DJI_01521.JPG
2026-05-18T22:23:12 COLMAP[feature_extractor] I20260518 22:23:11.907231    82 feature_extraction.cc:292]   Dimensions:      4000 x 2250
2026-05-18T22:23:12 COLMAP[feature_extractor] I20260518 22:23:11.907243    82 feature_extraction.cc:295]   Camera:          #1 - SIMPLE_RADIAL
2026-05-18T22:23:12 COLMAP[feature_extractor] I20260518 22:23:11.907253    82 feature_extraction.cc:298]   Focal Length:    2545.54px (Prior)
2026-05-18T22:23:12 COLMAP[feature_extractor] I20260518 22:23:11.907266    82 feature_extraction.cc:302]   Features:        8617 (SIFT)
2026-05-18T22:23:12 COLMAP[feature_extractor] I20260518 22:23:11.907308    82 feature_extraction.cc:316]   GPS:             LAT=40.520, LON=-111.892, ALT=1501.899
2026-05-18T22:23:12 COLMAP[feature_extractor] I20260518 22:23:11.907346    82 feature_extraction.cc:323]   Gravity:         X=0.000, Y=1.000, Z=0.000
2026-05-18T22:23:16 COLMAP[feature_extractor] I20260518 22:23:15.320179    82 feature_extraction.cc:280] Processed file [1522/1710]
2026-05-18T22:23:16 COLMAP[feature_extractor] I20260518 22:23:15.320232    82 feature_extraction.cc:283]   Name:            DJI_01522.JPG
2026-05-18T22:23:16 COLMAP[feature_extractor] I20260518 22:23:15.320245    82 feature_extraction.cc:292]   Dimensions:      4000 x 2250
2026-05-18T22:23:16 COLMAP[feature_extractor] I20260518 22:23:15.320255    82 feature_extraction.cc:295]   Camera:          #1 - SIMPLE_RADIAL
2026-05-18T22:23:16 COLMAP[feature_extractor] I20260518 22:23:15.320266    82 feature_extraction.cc:298]   Focal Length:    2545.54px (Prior)
2026-05-18T22:23:16 COLMAP[feature_extractor] I20260518 22:23:15.320282    82 feature_extraction.cc:302]   Features:        8922 (SIFT)
2026-05-18T22:23:16 COLMAP[feature_extractor] I20260518 22:23:15.549850    82 feature_extraction.cc:316]   GPS:             LAT=40.520, LON=-111.892, ALT=1501.899
2026-05-18T22:23:16 COLMAP[feature_extractor] I20260518 22:23:15.549902    82 feature_extraction.cc:323]   Gravity:         X=0.000, Y=1.000, Z=0.000
2026-05-18T22:23:18 COLMAP[feature_extractor] I20260518 22:23:18.145174    82 feature_extraction.cc:280] Processed file [1523/1710]
2026-05-18T22:23:18 COLMAP[feature_extractor] I20260518 22:23:18.145231    82 feature_extraction.cc:283]   Name:            DJI_01523.JPG
2026-05-18T22:23:18 COLMAP[feature_extractor] I20260518 22:23:18.145244    82 feature_extraction.cc:292]   Dimensions:      4000 x 2250
2026-05-18T22:23:18 COLMAP[feature_extractor] I20260518 22:23:18.145255    82 feature_extraction.cc:295]   Camera:          #1 - SIMPLE_RADIAL
2026-05-18T22:23:18 COLMAP[feature_extractor] I20260518 22:23:18.145267    82 feature_extraction.cc:298]   Focal Length:    2545.54px (Prior)
2026-05-18T22:23:18 COLMAP[feature_extractor] I20260518 22:23:18.145282    82 feature_extraction.cc:302]   Features:        8791 (SIFT)
2026-05-18T22:23:18 COLMAP[feature_extractor] I20260518 22:23:18.362632    82 feature_extraction.cc:316]   GPS:             LAT=40.520, LON=-111.892, ALT=1502.499
2026-05-18T22:23:18 COLMAP[feature_extractor] I20260518 22:23:18.362687    82 feature_extraction.cc:323]   Gravity:         X=0.000, Y=1.000, Z=0.000
2026-05-18T22:23:21 COLMAP[feature_extractor] I20260518 22:23:20.856151    82 feature_extraction.cc:280] Processed file [1524/1710]
2026-05-18T22:23:21 COLMAP[feature_extractor] I20260518 22:23:20.856244    82 feature_extraction.cc:283]   Name:            DJI_01524.JPG
2026-05-18T22:23:21 COLMAP[feature_extractor] I20260518 22:23:20.856261    82 feature_extraction.cc:292]   Dimensions:      4000 x 2250
2026-05-18T22:23:21 COLMAP[feature_extractor] I20260518 22:23:20.856271    82 feature_extraction.cc:295]   Camera:          #1 - SIMPLE_RADIAL
2026-05-18T22:23:21 COLMAP[feature_extractor] I20260518 22:23:20.856282    82 feature_extraction.cc:298]   Focal Length:    2545.54px (Prior)
2026-05-18T22:23:21 COLMAP[feature_extractor] I20260518 22:23:20.856298    82 feature_extraction.cc:302]   Features:        8717 (SIFT)
2026-05-18T22:23:21 COLMAP[feature_extractor] I20260518 22:23:21.106830    82 feature_extraction.cc:316]   GPS:             LAT=40.521, LON=-111.891, ALT=1502.499
2026-05-18T22:23:21 COLMAP[feature_extractor] I20260518 22:23:21.106889    82 feature_extraction.cc:323]   Gravity:         X=0.000, Y=1.000, Z=0.000
2026-05-18T22:23:21 COLMAP[feature_extractor] I20260518 22:23:21.109587    82 feature_extraction.cc:280] Processed file [1525/1710]
2026-05-18T22:23:21 COLMAP[feature_extractor] I20260518 22:23:21.109632    82 feature_extraction.cc:283]   Name:            DJI_01525.JPG
2026-05-18T22:23:21 COLMAP[feature_extractor] I20260518 22:23:21.109643    82 feature_extraction.cc:292]   Dimensions:      4000 x 2250
2026-05-18T22:23:21 COLMAP[feature_extractor] I20260518 22:23:21.109652    82 feature_extraction.cc:295]   Camera:          #1 - SIMPLE_RADIAL
2026-05-18T22:23:21 COLMAP[feature_extractor] I20260518 22:23:21.109663    82 feature_extraction.cc:298]   Focal Length:    2545.54px (Prior)
2026-05-18T22:23:21 COLMAP[feature_extractor] I20260518 22:23:21.109676    82 feature_extraction.cc:302]   Features:        8688 (SIFT)
2026-05-18T22:23:22 COLMAP[feature_extractor] I20260518 22:23:21.457087    82 feature_extraction.cc:316]   GPS:             LAT=40.521, LON=-111.891, ALT=1502.799
2026-05-18T22:23:22 COLMAP[feature_extractor] I20260518 22:23:21.457149    82 feature_extraction.cc:323]   Gravity:         X=0.000, Y=1.000, Z=0.000
2026-05-18T22:23:24 COLMAP[feature_extractor] I20260518 22:23:24.594681    82 feature_extraction.cc:280] Processed file [1526/1710]
2026-05-18T22:23:24 COLMAP[feature_extractor] I20260518 22:23:24.594738    82 feature_extraction.cc:283]   Name:            DJI_01526.JPG
2026-05-18T22:23:24 COLMAP[feature_extractor] I20260518 22:23:24.594750    82 feature_extraction.cc:292]   Dimensions:      4000 x 2250
2026-05-18T22:23:24 COLMAP[feature_extractor] I20260518 22:23:24.594760    82 feature_extraction.cc:295]   Camera:          #1 - SIMPLE_RADIAL
2026-05-18T22:23:24 COLMAP[feature_extractor] I20260518 22:23:24.594769    82 feature_extraction.cc:298]   Focal Length:    2545.54px (Prior)
2026-05-18T22:23:24 COLMAP[feature_extractor] I20260518 22:23:24.594784    82 feature_extraction.cc:302]   Features:        8538 (SIFT)
2026-05-18T22:23:25 COLMAP[feature_extractor] I20260518 22:23:24.919724    82 feature_extraction.cc:316]   GPS:             LAT=40.521, LON=-111.891, ALT=1502.999
2026-05-18T22:23:25 COLMAP[feature_extractor] I20260518 22:23:24.919782    82 feature_extraction.cc:323]   Gravity:         X=0.000, Y=1.000, Z=0.000
2026-05-18T22:23:27 COLMAP[feature_extractor] I20260518 22:23:27.393427    82 feature_extraction.cc:280] Processed file [1527/1710]
2026-05-18T22:23:27 COLMAP[feature_extractor] I20260518 22:23:27.393492    82 feature_extraction.cc:283]   Name:            DJI_01527.JPG
2026-05-18T22:23:27 COLMAP[feature_extractor] I20260518 22:23:27.393504    82 feature_extraction.cc:292]   Dimensions:      4000 x 2250
2026-05-18T22:23:27 COLMAP[feature_extractor] I20260518 22:23:27.393513    82 feature_extraction.cc:295]   Camera:          #1 - SIMPLE_RADIAL
2026-05-18T22:23:27 COLMAP[feature_extractor] I20260518 22:23:27.393523    82 feature_extraction.cc:298]   Focal Length:    2545.54px (Prior)
2026-05-18T22:23:27 COLMAP[feature_extractor] I20260518 22:23:27.393538    82 feature_extraction.cc:302]   Features:        8681 (SIFT)
2026-05-18T22:23:27 COLMAP[feature_extractor] I20260518 22:23:27.661775    82 feature_extraction.cc:316]   GPS:             LAT=40.521, LON=-111.891, ALT=1503.299
2026-05-18T22:23:27 COLMAP[feature_extractor] I20260518 22:23:27.661834    82 feature_extraction.cc:323]   Gravity:         X=0.000, Y=1.000, Z=0.000
2026-05-18T22:23:30 COLMAP[feature_extractor] I20260518 22:23:30.147424    82 feature_extraction.cc:280] Processed file [1528/1710]
2026-05-18T22:23:30 COLMAP[feature_extractor] I20260518 22:23:30.147480    82 feature_extraction.cc:283]   Name:            DJI_01528.JPG
2026-05-18T22:23:30 COLMAP[feature_extractor] I20260518 22:23:30.147491    82 feature_extraction.cc:292]   Dimensions:      4000 x 2250
2026-05-18T22:23:30 COLMAP[feature_extractor] I20260518 22:23:30.147502    82 feature_extraction.cc:295]   Camera:          #1 - SIMPLE_RADIAL
2026-05-18T22:23:30 COLMAP[feature_extractor] I20260518 22:23:30.147513    82 feature_extraction.cc:298]   Focal Length:    2545.54px (Prior)
2026-05-18T22:23:30 COLMAP[feature_extractor] I20260518 22:23:30.147529    82 feature_extraction.cc:302]   Features:        8863 (SIFT)
2026-05-18T22:23:30 COLMAP[feature_extractor] I20260518 22:23:30.363042    82 feature_extraction.cc:316]   GPS:             LAT=40.521, LON=-111.890, ALT=1504.099
2026-05-18T22:23:30 COLMAP[feature_extractor] I20260518 22:23:30.363095    82 feature_extraction.cc:323]   Gravity:         X=0.000, Y=1.000, Z=0.000
2026-05-18T22:23:30 COLMAP[feature_extractor] I20260518 22:23:30.373121    82 feature_extraction.cc:280] Processed file [1529/1710]
2026-05-18T22:23:30 COLMAP[feature_extractor] I20260518 22:23:30.373512    82 feature_extraction.cc:283]   Name:            DJI_01529.JPG
2026-05-18T22:23:30 COLMAP[feature_extractor] I20260518 22:23:30.373824    82 feature_extraction.cc:292]   Dimensions:      4000 x 2250
2026-05-18T22:23:30 COLMAP[feature_extractor] I20260518 22:23:30.374107    82 feature_extraction.cc:295]   Camera:          #1 - SIMPLE_RADIAL
2026-05-18T22:23:30 COLMAP[feature_extractor] I20260518 22:23:30.374403    82 feature_extraction.cc:298]   Focal Length:    2545.54px (Prior)
2026-05-18T22:23:30 COLMAP[feature_extractor] I20260518 22:23:30.374673    82 feature_extraction.cc:302]   Features:        9018 (SIFT)
2026-05-18T22:23:30 COLMAP[feature_extractor] I20260518 22:23:30.723170    82 feature_extraction.cc:316]   GPS:             LAT=40.521, LON=-111.890, ALT=1503.499
2026-05-18T22:23:30 COLMAP[feature_extractor] I20260518 22:23:30.723222    82 feature_extraction.cc:323]   Gravity:         X=0.000, Y=1.000, Z=0.000
2026-05-18T22:23:33 COLMAP[feature_extractor] I20260518 22:23:33.751731    82 feature_extraction.cc:280] Processed file [1530/1710]
2026-05-18T22:23:33 COLMAP[feature_extractor] I20260518 22:23:33.751787    82 feature_extraction.cc:283]   Name:            DJI_01530.JPG
2026-05-18T22:23:33 COLMAP[feature_extractor] I20260518 22:23:33.751799    82 feature_extraction.cc:292]   Dimensions:      4000 x 2250
2026-05-18T22:23:33 COLMAP[feature_extractor] I20260518 22:23:33.751811    82 feature_extraction.cc:295]   Camera:          #1 - SIMPLE_RADIAL
2026-05-18T22:23:33 COLMAP[feature_extractor] I20260518 22:23:33.751822    82 feature_extraction.cc:298]   Focal Length:    2545.54px (Prior)
2026-05-18T22:23:33 COLMAP[feature_extractor] I20260518 22:23:33.751837    82 feature_extraction.cc:302]   Features:        9033 (SIFT)
2026-05-18T22:23:34 COLMAP[feature_extractor] I20260518 22:23:34.123559    82 feature_extraction.cc:316]   GPS:             LAT=40.521, LON=-111.890, ALT=1503.199
2026-05-18T22:23:34 COLMAP[feature_extractor] I20260518 22:23:34.123612    82 feature_extraction.cc:323]   Gravity:         X=0.000, Y=1.000, Z=0.000
2026-05-18T22:23:38 COLMAP[feature_extractor] I20260518 22:23:36.556237    82 feature_extraction.cc:280] Processed file [1531/1710]
2026-05-18T22:23:38 COLMAP[feature_extractor] I20260518 22:23:36.556289    82 feature_extraction.cc:283]   Name:            DJI_01531.JPG
2026-05-18T22:23:38 COLMAP[feature_extractor] I20260518 22:23:36.556301    82 feature_extraction.cc:292]   Dimensions:      4000 x 2250
2026-05-18T22:23:38 COLMAP[feature_extractor] I20260518 22:23:36.556313    82 feature_extraction.cc:295]   Camera:          #1 - SIMPLE_RADIAL
2026-05-18T22:23:38 COLMAP[feature_extractor] I20260518 22:23:36.556324    82 feature_extraction.cc:298]   Focal Length:    2545.54px (Prior)
2026-05-18T22:23:38 COLMAP[feature_extractor] I20260518 22:23:36.556339    82 feature_extraction.cc:302]   Features:        9102 (SIFT)
2026-05-18T22:23:38 COLMAP[feature_extractor] I20260518 22:23:36.798434    82 feature_extraction.cc:316]   GPS:             LAT=40.521, LON=-111.890, ALT=1503.899
2026-05-18T22:23:38 COLMAP[feature_extractor] I20260518 22:23:36.798491    82 feature_extraction.cc:323]   Gravity:         X=0.000, Y=1.000, Z=0.000
2026-05-18T22:23:39 COLMAP[feature_extractor] I20260518 22:23:39.472932    82 feature_extraction.cc:280] Processed file [1532/1710]
2026-05-18T22:23:39 COLMAP[feature_extractor] I20260518 22:23:39.472988    82 feature_extraction.cc:283]   Name:            DJI_01532.JPG
2026-05-18T22:23:39 COLMAP[feature_extractor] I20260518 22:23:39.473001    82 feature_extraction.cc:292]   Dimensions:      4000 x 2250
2026-05-18T22:23:39 COLMAP[feature_extractor] I20260518 22:23:39.473011    82 feature_extraction.cc:295]   Camera:          #1 - SIMPLE_RADIAL
2026-05-18T22:23:39 COLMAP[feature_extractor] I20260518 22:23:39.473023    82 feature_extraction.cc:298]   Focal Length:    2545.54px (Prior)
2026-05-18T22:23:39 COLMAP[feature_extractor] I20260518 22:23:39.473038    82 feature_extraction.cc:302]   Features:        9332 (SIFT)
2026-05-18T22:23:40 COLMAP[feature_extractor] I20260518 22:23:39.693639    82 feature_extraction.cc:316]   GPS:             LAT=40.521, LON=-111.890, ALT=1503.099
2026-05-18T22:23:40 COLMAP[feature_extractor] I20260518 22:23:39.693706    82 feature_extraction.cc:323]   Gravity:         X=0.000, Y=1.000, Z=0.000
2026-05-18T22:23:40 COLMAP[feature_extractor] I20260518 22:23:39.696553    82 feature_extraction.cc:280] Processed file [1533/1710]
2026-05-18T22:23:40 COLMAP[feature_extractor] I20260518 22:23:39.696600    82 feature_extraction.cc:283]   Name:            DJI_01533.JPG
2026-05-18T22:23:40 COLMAP[feature_extractor] I20260518 22:23:39.696612    82 feature_extraction.cc:292]   Dimensions:      4000 x 2250
2026-05-18T22:23:40 COLMAP[feature_extractor] I20260518 22:23:39.696622    82 feature_extraction.cc:295]   Camera:          #1 - SIMPLE_RADIAL
2026-05-18T22:23:40 COLMAP[feature_extractor] I20260518 22:23:39.696635    82 feature_extraction.cc:298]   Focal Length:    2545.54px (Prior)
2026-05-18T22:23:40 COLMAP[feature_extractor] I20260518 22:23:39.696647    82 feature_extraction.cc:302]   Features:        9546 (SIFT)
2026-05-18T22:23:40 COLMAP[feature_extractor] I20260518 22:23:39.696688    82 feature_extraction.cc:316]   GPS:             LAT=40.521, LON=-111.891, ALT=1502.899
2026-05-18T22:23:40 COLMAP[feature_extractor] I20260518 22:23:39.696702    82 feature_extraction.cc:323]   Gravity:         X=0.000, Y=1.000, Z=0.000
2026-05-18T22:23:43 COLMAP[feature_extractor] I20260518 22:23:42.901485    82 feature_extraction.cc:280] Processed file [1534/1710]
2026-05-18T22:23:43 COLMAP[feature_extractor] I20260518 22:23:42.901552    82 feature_extraction.cc:283]   Name:            DJI_01534.JPG
2026-05-18T22:23:43 COLMAP[feature_extractor] I20260518 22:23:42.901564    82 feature_extraction.cc:292]   Dimensions:      4000 x 2250
2026-05-18T22:23:43 COLMAP[feature_extractor] I20260518 22:23:42.901575    82 feature_extraction.cc:295]   Camera:          #1 - SIMPLE_RADIAL
2026-05-18T22:23:43 COLMAP[feature_extractor] I20260518 22:23:42.901587    82 feature_extraction.cc:298]   Focal Length:    2545.54px (Prior)
2026-05-18T22:23:43 COLMAP[feature_extractor] I20260518 22:23:42.901602    82 feature_extraction.cc:302]   Features:        9583 (SIFT)
2026-05-18T22:23:43 COLMAP[feature_extractor] I20260518 22:23:43.090305    82 feature_extraction.cc:316]   GPS:             LAT=40.521, LON=-111.891, ALT=1502.999
2026-05-18T22:23:43 COLMAP[feature_extractor] I20260518 22:23:43.090404    82 feature_extraction.cc:323]   Gravity:         X=0.000, Y=1.000, Z=0.000
2026-05-18T22:23:45 COLMAP[feature_extractor] I20260518 22:23:45.690330    82 feature_extraction.cc:280] Processed file [1535/1710]
2026-05-18T22:23:45 COLMAP[feature_extractor] I20260518 22:23:45.690388    82 feature_extraction.cc:283]   Name:            DJI_01535.JPG
2026-05-18T22:23:45 COLMAP[feature_extractor] I20260518 22:23:45.690400    82 feature_extraction.cc:292]   Dimensions:      4000 x 2250
2026-05-18T22:23:45 COLMAP[feature_extractor] I20260518 22:23:45.690411    82 feature_extraction.cc:295]   Camera:          #1 - SIMPLE_RADIAL
2026-05-18T22:23:45 COLMAP[feature_extractor] I20260518 22:23:45.690423    82 feature_extraction.cc:298]   Focal Length:    2545.54px (Prior)
2026-05-18T22:23:45 COLMAP[feature_extractor] I20260518 22:23:45.690438    82 feature_extraction.cc:302]   Features:        9568 (SIFT)
2026-05-18T22:23:45 COLMAP[feature_extractor] I20260518 22:23:45.967690    82 feature_extraction.cc:316]   GPS:             LAT=40.521, LON=-111.891, ALT=1503.299
2026-05-18T22:23:45 COLMAP[feature_extractor] I20260518 22:23:45.967742    82 feature_extraction.cc:323]   Gravity:         X=0.000, Y=1.000, Z=0.000
2026-05-18T22:23:49 COLMAP[feature_extractor] I20260518 22:23:48.582721    82 feature_extraction.cc:280] Processed file [1536/1710]
2026-05-18T22:23:49 COLMAP[feature_extractor] I20260518 22:23:48.582775    82 feature_extraction.cc:283]   Name:            DJI_01536.JPG
2026-05-18T22:23:49 COLMAP[feature_extractor] I20260518 22:23:48.582787    82 feature_extraction.cc:292]   Dimensions:      4000 x 2250
2026-05-18T22:23:49 COLMAP[feature_extractor] I20260518 22:23:48.582798    82 feature_extraction.cc:295]   Camera:          #1 - SIMPLE_RADIAL
2026-05-18T22:23:49 COLMAP[feature_extractor] I20260518 22:23:48.582810    82 feature_extraction.cc:298]   Focal Length:    2545.54px (Prior)
2026-05-18T22:23:49 COLMAP[feature_extractor] I20260518 22:23:48.582825    82 feature_extraction.cc:302]   Features:        9585 (SIFT)
2026-05-18T22:23:49 COLMAP[feature_extractor] I20260518 22:23:48.817484    82 feature_extraction.cc:316]   GPS:             LAT=40.521, LON=-111.892, ALT=1502.899
2026-05-18T22:23:49 COLMAP[feature_extractor] I20260518 22:23:48.817539    82 feature_extraction.cc:323]   Gravity:         X=0.000, Y=1.000, Z=0.000
2026-05-18T22:23:49 COLMAP[feature_extractor] I20260518 22:23:49.165335    82 feature_extraction.cc:280] Processed file [1537/1710]
2026-05-18T22:23:49 COLMAP[feature_extractor] I20260518 22:23:49.165391    82 feature_extraction.cc:283]   Name:            DJI_01537.JPG
2026-05-18T22:23:49 COLMAP[feature_extractor] I20260518 22:23:49.165405    82 feature_extraction.cc:292]   Dimensions:      4000 x 2250
2026-05-18T22:23:49 COLMAP[feature_extractor] I20260518 22:23:49.165416    82 feature_extraction.cc:295]   Camera:          #1 - SIMPLE_RADIAL
2026-05-18T22:23:49 COLMAP[feature_extractor] I20260518 22:23:49.165426    82 feature_extraction.cc:298]   Focal Length:    2545.54px (Prior)
2026-05-18T22:23:49 COLMAP[feature_extractor] I20260518 22:23:49.165441    82 feature_extraction.cc:302]   Features:        9595 (SIFT)
2026-05-18T22:23:50 COLMAP[feature_extractor] I20260518 22:23:49.485064    82 feature_extraction.cc:316]   GPS:             LAT=40.521, LON=-111.892, ALT=1501.699
2026-05-18T22:23:50 COLMAP[feature_extractor] I20260518 22:23:49.485121    82 feature_extraction.cc:323]   Gravity:         X=0.000, Y=1.000, Z=0.000
2026-05-18T22:23:52 COLMAP[feature_extractor] I20260518 22:23:52.085740    82 feature_extraction.cc:280] Processed file [1538/1710]
2026-05-18T22:23:52 COLMAP[feature_extractor] I20260518 22:23:52.085817    82 feature_extraction.cc:283]   Name:            DJI_01538.JPG
2026-05-18T22:23:52 COLMAP[feature_extractor] I20260518 22:23:52.085830    82 feature_extraction.cc:292]   Dimensions:      4000 x 2250
2026-05-18T22:23:52 COLMAP[feature_extractor] I20260518 22:23:52.085841    82 feature_extraction.cc:295]   Camera:          #1 - SIMPLE_RADIAL
2026-05-18T22:23:52 COLMAP[feature_extractor] I20260518 22:23:52.085852    82 feature_extraction.cc:298]   Focal Length:    2545.54px (Prior)
2026-05-18T22:23:52 COLMAP[feature_extractor] I20260518 22:23:52.085867    82 feature_extraction.cc:302]   Features:        9633 (SIFT)
2026-05-18T22:23:52 COLMAP[feature_extractor] I20260518 22:23:52.360001    82 feature_extraction.cc:316]   GPS:             LAT=40.521, LON=-111.892, ALT=1501.099
2026-05-18T22:23:52 COLMAP[feature_extractor] I20260518 22:23:52.360052    82 feature_extraction.cc:323]   Gravity:         X=0.000, Y=1.000, Z=0.000
2026-05-18T22:23:55 COLMAP[feature_extractor] I20260518 22:23:54.721083    82 feature_extraction.cc:280] Processed file [1539/1710]
2026-05-18T22:23:55 COLMAP[feature_extractor] I20260518 22:23:54.721138    82 feature_extraction.cc:283]   Name:            DJI_01539.JPG
2026-05-18T22:23:55 COLMAP[feature_extractor] I20260518 22:23:54.721149    82 feature_extraction.cc:292]   Dimensions:      4000 x 2250
2026-05-18T22:23:55 COLMAP[feature_extractor] I20260518 22:23:54.721160    82 feature_extraction.cc:295]   Camera:          #1 - SIMPLE_RADIAL
2026-05-18T22:23:55 COLMAP[feature_extractor] I20260518 22:23:54.721171    82 feature_extraction.cc:298]   Focal Length:    2545.54px (Prior)
2026-05-18T22:23:55 COLMAP[feature_extractor] I20260518 22:23:54.721187    82 feature_extraction.cc:302]   Features:        9647 (SIFT)
2026-05-18T22:23:55 COLMAP[feature_extractor] I20260518 22:23:54.944351    82 feature_extraction.cc:316]   GPS:             LAT=40.521, LON=-111.892, ALT=1501.699
2026-05-18T22:23:55 COLMAP[feature_extractor] I20260518 22:23:54.944402    82 feature_extraction.cc:323]   Gravity:         X=0.000, Y=1.000, Z=0.000
2026-05-18T22:23:58 COLMAP[feature_extractor] I20260518 22:23:57.851394    82 feature_extraction.cc:280] Processed file [1540/1710]
2026-05-18T22:23:58 COLMAP[feature_extractor] I20260518 22:23:57.851449    82 feature_extraction.cc:283]   Name:            DJI_01540.JPG
2026-05-18T22:23:58 COLMAP[feature_extractor] I20260518 22:23:57.851461    82 feature_extraction.cc:292]   Dimensions:      4000 x 2250
2026-05-18T22:23:58 COLMAP[feature_extractor] I20260518 22:23:57.851472    82 feature_extraction.cc:295]   Camera:          #1 - SIMPLE_RADIAL
2026-05-18T22:23:58 COLMAP[feature_extractor] I20260518 22:23:57.851485    82 feature_extraction.cc:298]   Focal Length:    2545.54px (Prior)
2026-05-18T22:23:58 COLMAP[feature_extractor] I20260518 22:23:57.851500    82 feature_extraction.cc:302]   Features:        9857 (SIFT)
2026-05-18T22:23:58 COLMAP[feature_extractor] I20260518 22:23:58.165421    82 feature_extraction.cc:316]   GPS:             LAT=40.521, LON=-111.893, ALT=1501.599
2026-05-18T22:23:58 COLMAP[feature_extractor] I20260518 22:23:58.165479    82 feature_extraction.cc:323]   Gravity:         X=0.000, Y=1.000, Z=0.000
2026-05-18T22:23:59 COLMAP[feature_extractor] I20260518 22:23:58.319563    82 feature_extraction.cc:280] Processed file [1541/1710]
2026-05-18T22:23:59 COLMAP[feature_extractor] I20260518 22:23:58.319622    82 feature_extraction.cc:283]   Name:            DJI_01541.JPG
2026-05-18T22:23:59 COLMAP[feature_extractor] I20260518 22:23:58.319634    82 feature_extraction.cc:292]   Dimensions:      4000 x 2250
2026-05-18T22:23:59 COLMAP[feature_extractor] I20260518 22:23:58.319646    82 feature_extraction.cc:295]   Camera:          #1 - SIMPLE_RADIAL
2026-05-18T22:23:59 COLMAP[feature_extractor] I20260518 22:23:58.319657    82 feature_extraction.cc:298]   Focal Length:    2545.54px (Prior)
2026-05-18T22:23:59 COLMAP[feature_extractor] I20260518 22:23:58.319674    82 feature_extraction.cc:302]   Features:        9972 (SIFT)
2026-05-18T22:23:59 COLMAP[feature_extractor] I20260518 22:23:58.572786    82 feature_extraction.cc:316]   GPS:             LAT=40.521, LON=-111.893, ALT=1501.499
2026-05-18T22:23:59 COLMAP[feature_extractor] I20260518 22:23:58.572839    82 feature_extraction.cc:323]   Gravity:         X=0.000, Y=1.000, Z=0.000
2026-05-18T22:24:02 COLMAP[feature_extractor] I20260518 22:24:01.418047    82 feature_extraction.cc:280] Processed file [1542/1710]
2026-05-18T22:24:02 COLMAP[feature_extractor] I20260518 22:24:01.418104    82 feature_extraction.cc:283]   Name:            DJI_01542.JPG
2026-05-18T22:24:02 COLMAP[feature_extractor] I20260518 22:24:01.418116    82 feature_extraction.cc:292]   Dimensions:      4000 x 2250
2026-05-18T22:24:02 COLMAP[feature_extractor] I20260518 22:24:01.418128    82 feature_extraction.cc:295]   Camera:          #1 - SIMPLE_RADIAL
2026-05-18T22:24:02 COLMAP[feature_extractor] I20260518 22:24:01.418138    82 feature_extraction.cc:298]   Focal Length:    2545.54px (Prior)
2026-05-18T22:24:02 COLMAP[feature_extractor] I20260518 22:24:01.418154    82 feature_extraction.cc:302]   Features:        10014 (SIFT)
2026-05-18T22:24:02 COLMAP[feature_extractor] I20260518 22:24:01.747917    82 feature_extraction.cc:316]   GPS:             LAT=40.521, LON=-111.893, ALT=1501.199
2026-05-18T22:24:02 COLMAP[feature_extractor] I20260518 22:24:01.747967    82 feature_extraction.cc:323]   Gravity:         X=0.000, Y=1.000, Z=0.000
2026-05-18T22:24:04 COLMAP[feature_extractor] I20260518 22:24:04.231279    82 feature_extraction.cc:280] Processed file [1543/1710]
2026-05-18T22:24:04 COLMAP[feature_extractor] I20260518 22:24:04.231334    82 feature_extraction.cc:283]   Name:            DJI_01543.JPG
2026-05-18T22:24:04 COLMAP[feature_extractor] I20260518 22:24:04.231348    82 feature_extraction.cc:292]   Dimensions:      4000 x 2250
2026-05-18T22:24:04 COLMAP[feature_extractor] I20260518 22:24:04.231359    82 feature_extraction.cc:295]   Camera:          #1 - SIMPLE_RADIAL
2026-05-18T22:24:04 COLMAP[feature_extractor] I20260518 22:24:04.231415    82 feature_extraction.cc:298]   Focal Length:    2545.54px (Prior)
2026-05-18T22:24:04 COLMAP[feature_extractor] I20260518 22:24:04.231431    82 feature_extraction.cc:302]   Features:        9987 (SIFT)
2026-05-18T22:24:05 COLMAP[feature_extractor] I20260518 22:24:04.447991    82 feature_extraction.cc:316]   GPS:             LAT=40.521, LON=-111.893, ALT=1501.199
2026-05-18T22:24:05 COLMAP[feature_extractor] I20260518 22:24:04.448051    82 feature_extraction.cc:323]   Gravity:         X=0.000, Y=1.000, Z=0.000
2026-05-18T22:24:07 COLMAP[feature_extractor] I20260518 22:24:07.148170    82 feature_extraction.cc:280] Processed file [1544/1710]
2026-05-18T22:24:07 COLMAP[feature_extractor] I20260518 22:24:07.148224    82 feature_extraction.cc:283]   Name:            DJI_01544.JPG
2026-05-18T22:24:07 COLMAP[feature_extractor] I20260518 22:24:07.148237    82 feature_extraction.cc:292]   Dimensions:      4000 x 2250
2026-05-18T22:24:07 COLMAP[feature_extractor] I20260518 22:24:07.148248    82 feature_extraction.cc:295]   Camera:          #1 - SIMPLE_RADIAL
2026-05-18T22:24:07 COLMAP[feature_extractor] I20260518 22:24:07.148260    82 feature_extraction.cc:298]   Focal Length:    2545.54px (Prior)
2026-05-18T22:24:07 COLMAP[feature_extractor] I20260518 22:24:07.148276    82 feature_extraction.cc:302]   Features:        9761 (SIFT)
2026-05-18T22:24:07 COLMAP[feature_extractor] I20260518 22:24:07.344427    82 feature_extraction.cc:316]   GPS:             LAT=40.521, LON=-111.893, ALT=1500.599
2026-05-18T22:24:07 COLMAP[feature_extractor] I20260518 22:24:07.344480    82 feature_extraction.cc:323]   Gravity:         X=0.000, Y=1.000, Z=0.000
2026-05-18T22:24:08 COLMAP[feature_extractor] I20260518 22:24:07.739398    82 feature_extraction.cc:280] Processed file [1545/1710]
2026-05-18T22:24:08 COLMAP[feature_extractor] I20260518 22:24:07.739456    82 feature_extraction.cc:283]   Name:            DJI_01545.JPG
2026-05-18T22:24:08 COLMAP[feature_extractor] I20260518 22:24:07.739468    82 feature_extraction.cc:292]   Dimensions:      4000 x 2250
2026-05-18T22:24:08 COLMAP[feature_extractor] I20260518 22:24:07.739480    82 feature_extraction.cc:295]   Camera:          #1 - SIMPLE_RADIAL
2026-05-18T22:24:08 COLMAP[feature_extractor] I20260518 22:24:07.739491    82 feature_extraction.cc:298]   Focal Length:    2545.54px (Prior)
2026-05-18T22:24:08 COLMAP[feature_extractor] I20260518 22:24:07.739506    82 feature_extraction.cc:302]   Features:        9898 (SIFT)
2026-05-18T22:24:08 COLMAP[feature_extractor] I20260518 22:24:07.963758    82 feature_extraction.cc:316]   GPS:             LAT=40.521, LON=-111.894, ALT=1500.899
2026-05-18T22:24:08 COLMAP[feature_extractor] I20260518 22:24:07.963814    82 feature_extraction.cc:323]   Gravity:         X=0.000, Y=1.000, Z=0.000
2026-05-18T22:24:10 COLMAP[feature_extractor] I20260518 22:24:10.541538    82 feature_extraction.cc:280] Processed file [1546/1710]
2026-05-18T22:24:10 COLMAP[feature_extractor] I20260518 22:24:10.541599    82 feature_extraction.cc:283]   Name:            DJI_01546.JPG
2026-05-18T22:24:10 COLMAP[feature_extractor] I20260518 22:24:10.541610    82 feature_extraction.cc:292]   Dimensions:      4000 x 2250
2026-05-18T22:24:10 COLMAP[feature_extractor] I20260518 22:24:10.541621    82 feature_extraction.cc:295]   Camera:          #1 - SIMPLE_RADIAL
2026-05-18T22:24:10 COLMAP[feature_extractor] I20260518 22:24:10.541632    82 feature_extraction.cc:298]   Focal Length:    2545.54px (Prior)
2026-05-18T22:24:10 COLMAP[feature_extractor] I20260518 22:24:10.541648    82 feature_extraction.cc:302]   Features:        10029 (SIFT)
2026-05-18T22:24:11 COLMAP[feature_extractor] I20260518 22:24:10.855561    82 feature_extraction.cc:316]   GPS:             LAT=40.521, LON=-111.894, ALT=1498.899
2026-05-18T22:24:11 COLMAP[feature_extractor] I20260518 22:24:10.855615    82 feature_extraction.cc:323]   Gravity:         X=0.000, Y=1.000, Z=0.000
2026-05-18T22:24:13 COLMAP[feature_extractor] I20260518 22:24:13.528054    82 feature_extraction.cc:280] Processed file [1547/1710]
2026-05-18T22:24:13 COLMAP[feature_extractor] I20260518 22:24:13.528107    82 feature_extraction.cc:283]   Name:            DJI_01547.JPG
2026-05-18T22:24:13 COLMAP[feature_extractor] I20260518 22:24:13.528119    82 feature_extraction.cc:292]   Dimensions:      4000 x 2250
2026-05-18T22:24:13 COLMAP[feature_extractor] I20260518 22:24:13.528131    82 feature_extraction.cc:295]   Camera:          #1 - SIMPLE_RADIAL
2026-05-18T22:24:13 COLMAP[feature_extractor] I20260518 22:24:13.528142    82 feature_extraction.cc:298]   Focal Length:    2545.54px (Prior)
2026-05-18T22:24:13 COLMAP[feature_extractor] I20260518 22:24:13.528158    82 feature_extraction.cc:302]   Features:        10238 (SIFT)
2026-05-18T22:24:13 COLMAP[feature_extractor] I20260518 22:24:13.816839    82 feature_extraction.cc:316]   GPS:             LAT=40.521, LON=-111.894, ALT=1500.899
2026-05-18T22:24:13 COLMAP[feature_extractor] I20260518 22:24:13.816897    82 feature_extraction.cc:323]   Gravity:         X=0.000, Y=1.000, Z=0.000
2026-05-18T22:24:16 COLMAP[feature_extractor] I20260518 22:24:16.334544    82 feature_extraction.cc:280] Processed file [1548/1710]
2026-05-18T22:24:16 COLMAP[feature_extractor] I20260518 22:24:16.334606    82 feature_extraction.cc:283]   Name:            DJI_01548.JPG
2026-05-18T22:24:16 COLMAP[feature_extractor] I20260518 22:24:16.334618    82 feature_extraction.cc:292]   Dimensions:      4000 x 2250
2026-05-18T22:24:16 COLMAP[feature_extractor] I20260518 22:24:16.334630    82 feature_extraction.cc:295]   Camera:          #1 - SIMPLE_RADIAL
2026-05-18T22:24:16 COLMAP[feature_extractor] I20260518 22:24:16.334641    82 feature_extraction.cc:298]   Focal Length:    2545.54px (Prior)
2026-05-18T22:24:16 COLMAP[feature_extractor] I20260518 22:24:16.334657    82 feature_extraction.cc:302]   Features:        10145 (SIFT)
2026-05-18T22:24:16 COLMAP[feature_extractor] I20260518 22:24:16.634931    82 feature_extraction.cc:316]   GPS:             LAT=40.521, LON=-111.894, ALT=1500.999
2026-05-18T22:24:16 COLMAP[feature_extractor] I20260518 22:24:16.635026    82 feature_extraction.cc:323]   Gravity:         X=0.000, Y=1.000, Z=0.000
2026-05-18T22:24:16 COLMAP[feature_extractor] I20260518 22:24:16.911406    82 feature_extraction.cc:280] Processed file [1549/1710]
2026-05-18T22:24:16 COLMAP[feature_extractor] I20260518 22:24:16.911455    82 feature_extraction.cc:283]   Name:            DJI_01549.JPG
2026-05-18T22:24:16 COLMAP[feature_extractor] I20260518 22:24:16.911468    82 feature_extraction.cc:292]   Dimensions:      4000 x 2250
2026-05-18T22:24:16 COLMAP[feature_extractor] I20260518 22:24:16.911478    82 feature_extraction.cc:295]   Camera:          #1 - SIMPLE_RADIAL
2026-05-18T22:24:16 COLMAP[feature_extractor] I20260518 22:24:16.911490    82 feature_extraction.cc:298]   Focal Length:    2545.54px (Prior)
2026-05-18T22:24:16 COLMAP[feature_extractor] I20260518 22:24:16.911505    82 feature_extraction.cc:302]   Features:        10318 (SIFT)
2026-05-18T22:24:18 COLMAP[feature_extractor] I20260518 22:24:17.171993    82 feature_extraction.cc:316]   GPS:             LAT=40.521, LON=-111.894, ALT=1500.699
2026-05-18T22:24:18 COLMAP[feature_extractor] I20260518 22:24:17.172051    82 feature_extraction.cc:323]   Gravity:         X=0.000, Y=1.000, Z=0.000
2026-05-18T22:24:20 COLMAP[feature_extractor] I20260518 22:24:19.677882    82 feature_extraction.cc:280] Processed file [1550/1710]
2026-05-18T22:24:20 COLMAP[feature_extractor] I20260518 22:24:19.677940    82 feature_extraction.cc:283]   Name:            DJI_01550.JPG
2026-05-18T22:24:20 COLMAP[feature_extractor] I20260518 22:24:19.677953    82 feature_extraction.cc:292]   Dimensions:      4000 x 2250
2026-05-18T22:24:20 COLMAP[feature_extractor] I20260518 22:24:19.677963    82 feature_extraction.cc:295]   Camera:          #1 - SIMPLE_RADIAL
2026-05-18T22:24:20 COLMAP[feature_extractor] I20260518 22:24:19.677974    82 feature_extraction.cc:298]   Focal Length:    2545.54px (Prior)
2026-05-18T22:24:20 COLMAP[feature_extractor] I20260518 22:24:19.677990    82 feature_extraction.cc:302]   Features:        10245 (SIFT)
2026-05-18T22:24:20 COLMAP[feature_extractor] I20260518 22:24:19.913977    82 feature_extraction.cc:316]   GPS:             LAT=40.521, LON=-111.894, ALT=1500.199
2026-05-18T22:24:20 COLMAP[feature_extractor] I20260518 22:24:19.914026    82 feature_extraction.cc:323]   Gravity:         X=0.000, Y=1.000, Z=0.000
2026-05-18T22:24:23 COLMAP[feature_extractor] I20260518 22:24:22.839535    82 feature_extraction.cc:280] Processed file [1551/1710]
2026-05-18T22:24:23 COLMAP[feature_extractor] I20260518 22:24:22.839627    82 feature_extraction.cc:283]   Name:            DJI_01551.JPG
2026-05-18T22:24:23 COLMAP[feature_extractor] I20260518 22:24:22.839639    82 feature_extraction.cc:292]   Dimensions:      4000 x 2250
2026-05-18T22:24:23 COLMAP[feature_extractor] I20260518 22:24:22.839650    82 feature_extraction.cc:295]   Camera:          #1 - SIMPLE_RADIAL
2026-05-18T22:24:23 COLMAP[feature_extractor] I20260518 22:24:22.839661    82 feature_extraction.cc:298]   Focal Length:    2545.54px (Prior)
2026-05-18T22:24:23 COLMAP[feature_extractor] I20260518 22:24:22.839676    82 feature_extraction.cc:302]   Features:        10071 (SIFT)
2026-05-18T22:24:23 COLMAP[feature_extractor] I20260518 22:24:23.096973    82 feature_extraction.cc:316]   GPS:             LAT=40.521, LON=-111.894, ALT=1500.499
2026-05-18T22:24:23 COLMAP[feature_extractor] I20260518 22:24:23.097023    82 feature_extraction.cc:323]   Gravity:         X=0.000, Y=1.000, Z=0.000
2026-05-18T22:24:26 COLMAP[feature_extractor] I20260518 22:24:25.586592    82 feature_extraction.cc:280] Processed file [1552/1710]
2026-05-18T22:24:26 COLMAP[feature_extractor] I20260518 22:24:25.586652    82 feature_extraction.cc:283]   Name:            DJI_01552.JPG
2026-05-18T22:24:26 COLMAP[feature_extractor] I20260518 22:24:25.586664    82 feature_extraction.cc:292]   Dimensions:      4000 x 2250
2026-05-18T22:24:26 COLMAP[feature_extractor] I20260518 22:24:25.586675    82 feature_extraction.cc:295]   Camera:          #1 - SIMPLE_RADIAL
2026-05-18T22:24:26 COLMAP[feature_extractor] I20260518 22:24:25.586686    82 feature_extraction.cc:298]   Focal Length:    2545.54px (Prior)
2026-05-18T22:24:26 COLMAP[feature_extractor] I20260518 22:24:25.586702    82 feature_extraction.cc:302]   Features:        10020 (SIFT)
2026-05-18T22:24:26 COLMAP[feature_extractor] I20260518 22:24:25.843868    82 feature_extraction.cc:316]   GPS:             LAT=40.521, LON=-111.894, ALT=1500.699
2026-05-18T22:24:26 COLMAP[feature_extractor] I20260518 22:24:25.843921    82 feature_extraction.cc:323]   Gravity:         X=0.000, Y=1.000, Z=0.000
2026-05-18T22:24:26 COLMAP[feature_extractor] I20260518 22:24:25.946802    82 feature_extraction.cc:280] Processed file [1553/1710]
2026-05-18T22:24:26 COLMAP[feature_extractor] I20260518 22:24:25.946857    82 feature_extraction.cc:283]   Name:            DJI_01553.JPG
2026-05-18T22:24:26 COLMAP[feature_extractor] I20260518 22:24:25.946869    82 feature_extraction.cc:292]   Dimensions:      4000 x 2250
2026-05-18T22:24:26 COLMAP[feature_extractor] I20260518 22:24:25.946880    82 feature_extraction.cc:295]   Camera:          #1 - SIMPLE_RADIAL
2026-05-18T22:24:26 COLMAP[feature_extractor] I20260518 22:24:25.946892    82 feature_extraction.cc:298]   Focal Length:    2545.54px (Prior)
2026-05-18T22:24:26 COLMAP[feature_extractor] I20260518 22:24:25.946907    82 feature_extraction.cc:302]   Features:        9876 (SIFT)
2026-05-18T22:24:27 COLMAP[feature_extractor] I20260518 22:24:26.249578    82 feature_extraction.cc:316]   GPS:             LAT=40.521, LON=-111.894, ALT=1500.699
2026-05-18T22:24:27 COLMAP[feature_extractor] I20260518 22:24:26.249635    82 feature_extraction.cc:323]   Gravity:         X=0.000, Y=1.000, Z=0.000
2026-05-18T22:24:29 COLMAP[feature_extractor] I20260518 22:24:28.919694    82 feature_extraction.cc:280] Processed file [1554/1710]
2026-05-18T22:24:29 COLMAP[feature_extractor] I20260518 22:24:28.919762    82 feature_extraction.cc:283]   Name:            DJI_01554.JPG
2026-05-18T22:24:29 COLMAP[feature_extractor] I20260518 22:24:28.919775    82 feature_extraction.cc:292]   Dimensions:      4000 x 2250
2026-05-18T22:24:29 COLMAP[feature_extractor] I20260518 22:24:28.919786    82 feature_extraction.cc:295]   Camera:          #1 - SIMPLE_RADIAL
2026-05-18T22:24:29 COLMAP[feature_extractor] I20260518 22:24:28.919797    82 feature_extraction.cc:298]   Focal Length:    2545.54px (Prior)
2026-05-18T22:24:29 COLMAP[feature_extractor] I20260518 22:24:28.919812    82 feature_extraction.cc:302]   Features:        9942 (SIFT)
2026-05-18T22:24:29 COLMAP[feature_extractor] I20260518 22:24:29.153587    82 feature_extraction.cc:316]   GPS:             LAT=40.521, LON=-111.894, ALT=1500.699
2026-05-18T22:24:29 COLMAP[feature_extractor] I20260518 22:24:29.153636    82 feature_extraction.cc:323]   Gravity:         X=0.000, Y=1.000, Z=0.000
2026-05-18T22:24:32 COLMAP[feature_extractor] I20260518 22:24:31.889029    82 feature_extraction.cc:280] Processed file [1555/1710]
2026-05-18T22:24:32 COLMAP[feature_extractor] I20260518 22:24:31.889083    82 feature_extraction.cc:283]   Name:            DJI_01555.JPG
2026-05-18T22:24:32 COLMAP[feature_extractor] I20260518 22:24:31.889096    82 feature_extraction.cc:292]   Dimensions:      4000 x 2250
2026-05-18T22:24:32 COLMAP[feature_extractor] I20260518 22:24:31.889107    82 feature_extraction.cc:295]   Camera:          #1 - SIMPLE_RADIAL
2026-05-18T22:24:32 COLMAP[feature_extractor] I20260518 22:24:31.889119    82 feature_extraction.cc:298]   Focal Length:    2545.54px (Prior)
2026-05-18T22:24:32 COLMAP[feature_extractor] I20260518 22:24:31.889135    82 feature_extraction.cc:302]   Features:        10827 (SIFT)
2026-05-18T22:24:32 COLMAP[feature_extractor] I20260518 22:24:32.147833    82 feature_extraction.cc:316]   GPS:             LAT=40.521, LON=-111.893, ALT=1501.099
2026-05-18T22:24:32 COLMAP[feature_extractor] I20260518 22:24:32.147886    82 feature_extraction.cc:323]   Gravity:         X=0.000, Y=1.000, Z=0.000
2026-05-18T22:24:35 COLMAP[feature_extractor] I20260518 22:24:34.714795    82 feature_extraction.cc:280] Processed file [1556/1710]
2026-05-18T22:24:35 COLMAP[feature_extractor] I20260518 22:24:34.714859    82 feature_extraction.cc:283]   Name:            DJI_01556.JPG
2026-05-18T22:24:35 COLMAP[feature_extractor] I20260518 22:24:34.714871    82 feature_extraction.cc:292]   Dimensions:      4000 x 2250
2026-05-18T22:24:35 COLMAP[feature_extractor] I20260518 22:24:34.714881    82 feature_extraction.cc:295]   Camera:          #1 - SIMPLE_RADIAL
2026-05-18T22:24:35 COLMAP[feature_extractor] I20260518 22:24:34.714926    82 feature_extraction.cc:298]   Focal Length:    2545.54px (Prior)
2026-05-18T22:24:35 COLMAP[feature_extractor] I20260518 22:24:34.714941    82 feature_extraction.cc:302]   Features:        11507 (SIFT)
2026-05-18T22:24:36 COLMAP[feature_extractor] I20260518 22:24:35.098860    82 feature_extraction.cc:316]   GPS:             LAT=40.521, LON=-111.893, ALT=1500.899
2026-05-18T22:24:36 COLMAP[feature_extractor] I20260518 22:24:35.098914    82 feature_extraction.cc:323]   Gravity:         X=0.000, Y=1.000, Z=0.000
2026-05-18T22:24:36 COLMAP[feature_extractor] I20260518 22:24:35.408124    82 feature_extraction.cc:280] Processed file [1557/1710]
2026-05-18T22:24:36 COLMAP[feature_extractor] I20260518 22:24:35.408180    82 feature_extraction.cc:283]   Name:            DJI_01557.JPG
2026-05-18T22:24:36 COLMAP[feature_extractor] I20260518 22:24:35.408192    82 feature_extraction.cc:292]   Dimensions:      4000 x 2250
2026-05-18T22:24:36 COLMAP[feature_extractor] I20260518 22:24:35.408203    82 feature_extraction.cc:295]   Camera:          #1 - SIMPLE_RADIAL
2026-05-18T22:24:36 COLMAP[feature_extractor] I20260518 22:24:35.408215    82 feature_extraction.cc:298]   Focal Length:    2545.54px (Prior)
2026-05-18T22:24:36 COLMAP[feature_extractor] I20260518 22:24:35.408231    82 feature_extraction.cc:302]   Features:        9052 (SIFT)
2026-05-18T22:24:36 COLMAP[feature_extractor] I20260518 22:24:35.701349    82 feature_extraction.cc:316]   GPS:             LAT=40.521, LON=-111.893, ALT=1501.399
2026-05-18T22:24:36 COLMAP[feature_extractor] I20260518 22:24:35.701419    82 feature_extraction.cc:323]   Gravity:         X=0.000, Y=1.000, Z=0.000
2026-05-18T22:24:39 COLMAP[feature_extractor] I20260518 22:24:38.249150    82 feature_extraction.cc:280] Processed file [1558/1710]
2026-05-18T22:24:39 COLMAP[feature_extractor] I20260518 22:24:38.249209    82 feature_extraction.cc:283]   Name:            DJI_01558.JPG
2026-05-18T22:24:39 COLMAP[feature_extractor] I20260518 22:24:38.249221    82 feature_extraction.cc:292]   Dimensions:      4000 x 2250
2026-05-18T22:24:39 COLMAP[feature_extractor] I20260518 22:24:38.249233    82 feature_extraction.cc:295]   Camera:          #1 - SIMPLE_RADIAL
2026-05-18T22:24:39 COLMAP[feature_extractor] I20260518 22:24:38.249243    82 feature_extraction.cc:298]   Focal Length:    2545.54px (Prior)
2026-05-18T22:24:39 COLMAP[feature_extractor] I20260518 22:24:38.249259    82 feature_extraction.cc:302]   Features:        9456 (SIFT)
2026-05-18T22:24:39 COLMAP[feature_extractor] I20260518 22:24:38.538600    82 feature_extraction.cc:316]   GPS:             LAT=40.521, LON=-111.892, ALT=1501.399
2026-05-18T22:24:39 COLMAP[feature_extractor] I20260518 22:24:38.538654    82 feature_extraction.cc:323]   Gravity:         X=0.000, Y=1.000, Z=0.000
2026-05-18T22:24:41 COLMAP[feature_extractor] I20260518 22:24:41.067395    82 feature_extraction.cc:280] Processed file [1559/1710]
2026-05-18T22:24:41 COLMAP[feature_extractor] I20260518 22:24:41.067456    82 feature_extraction.cc:283]   Name:            DJI_01559.JPG
2026-05-18T22:24:41 COLMAP[feature_extractor] I20260518 22:24:41.067469    82 feature_extraction.cc:292]   Dimensions:      4000 x 2250
2026-05-18T22:24:41 COLMAP[feature_extractor] I20260518 22:24:41.067480    82 feature_extraction.cc:295]   Camera:          #1 - SIMPLE_RADIAL
2026-05-18T22:24:41 COLMAP[feature_extractor] I20260518 22:24:41.067492    82 feature_extraction.cc:298]   Focal Length:    2545.54px (Prior)
2026-05-18T22:24:41 COLMAP[feature_extractor] I20260518 22:24:41.067507    82 feature_extraction.cc:302]   Features:        9248 (SIFT)
2026-05-18T22:24:41 COLMAP[feature_extractor] I20260518 22:24:41.296124    82 feature_extraction.cc:316]   GPS:             LAT=40.521, LON=-111.892, ALT=1501.699
2026-05-18T22:24:41 COLMAP[feature_extractor] I20260518 22:24:41.296183    82 feature_extraction.cc:323]   Gravity:         X=0.000, Y=1.000, Z=0.000
2026-05-18T22:24:44 COLMAP[feature_extractor] I20260518 22:24:44.100718    82 feature_extraction.cc:280] Processed file [1560/1710]
2026-05-18T22:24:44 COLMAP[feature_extractor] I20260518 22:24:44.100780    82 feature_extraction.cc:283]   Name:            DJI_01560.JPG
2026-05-18T22:24:44 COLMAP[feature_extractor] I20260518 22:24:44.100793    82 feature_extraction.cc:292]   Dimensions:      4000 x 2250
2026-05-18T22:24:44 COLMAP[feature_extractor] I20260518 22:24:44.100803    82 feature_extraction.cc:295]   Camera:          #1 - SIMPLE_RADIAL
2026-05-18T22:24:44 COLMAP[feature_extractor] I20260518 22:24:44.100814    82 feature_extraction.cc:298]   Focal Length:    2545.54px (Prior)
2026-05-18T22:24:44 COLMAP[feature_extractor] I20260518 22:24:44.100831    82 feature_extraction.cc:302]   Features:        9131 (SIFT)
2026-05-18T22:24:44 COLMAP[feature_extractor] I20260518 22:24:44.269095    82 feature_extraction.cc:316]   GPS:             LAT=40.521, LON=-111.892, ALT=1501.799
2026-05-18T22:24:44 COLMAP[feature_extractor] I20260518 22:24:44.269160    82 feature_extraction.cc:323]   Gravity:         X=0.000, Y=1.000, Z=0.000
2026-05-18T22:24:44 COLMAP[feature_extractor] I20260518 22:24:44.681056    82 feature_extraction.cc:280] Processed file [1561/1710]
2026-05-18T22:24:44 COLMAP[feature_extractor] I20260518 22:24:44.681115    82 feature_extraction.cc:283]   Name:            DJI_01561.JPG
2026-05-18T22:24:44 COLMAP[feature_extractor] I20260518 22:24:44.681128    82 feature_extraction.cc:292]   Dimensions:      4000 x 2250
2026-05-18T22:24:44 COLMAP[feature_extractor] I20260518 22:24:44.681138    82 feature_extraction.cc:295]   Camera:          #1 - SIMPLE_RADIAL
2026-05-18T22:24:44 COLMAP[feature_extractor] I20260518 22:24:44.681149    82 feature_extraction.cc:298]   Focal Length:    2545.54px (Prior)
2026-05-18T22:24:44 COLMAP[feature_extractor] I20260518 22:24:44.681164    82 feature_extraction.cc:302]   Features:        9119 (SIFT)
2026-05-18T22:24:45 COLMAP[feature_extractor] I20260518 22:24:44.950394    82 feature_extraction.cc:316]   GPS:             LAT=40.521, LON=-111.892, ALT=1502.099
2026-05-18T22:24:45 COLMAP[feature_extractor] I20260518 22:24:44.950479    82 feature_extraction.cc:323]   Gravity:         X=0.000, Y=1.000, Z=0.000
2026-05-18T22:24:47 COLMAP[feature_extractor] I20260518 22:24:47.497430    82 feature_extraction.cc:280] Processed file [1562/1710]
2026-05-18T22:24:47 COLMAP[feature_extractor] I20260518 22:24:47.497486    82 feature_extraction.cc:283]   Name:            DJI_01562.JPG
2026-05-18T22:24:47 COLMAP[feature_extractor] I20260518 22:24:47.497498    82 feature_extraction.cc:292]   Dimensions:      4000 x 2250
2026-05-18T22:24:47 COLMAP[feature_extractor] I20260518 22:24:47.497509    82 feature_extraction.cc:295]   Camera:          #1 - SIMPLE_RADIAL
2026-05-18T22:24:47 COLMAP[feature_extractor] I20260518 22:24:47.497520    82 feature_extraction.cc:298]   Focal Length:    2545.54px (Prior)
2026-05-18T22:24:47 COLMAP[feature_extractor] I20260518 22:24:47.497536    82 feature_extraction.cc:302]   Features:        11105 (SIFT)
2026-05-18T22:24:47 COLMAP[feature_extractor] I20260518 22:24:47.722332    82 feature_extraction.cc:316]   GPS:             LAT=40.521, LON=-111.891, ALT=1502.899
2026-05-18T22:24:47 COLMAP[feature_extractor] I20260518 22:24:47.722393    82 feature_extraction.cc:323]   Gravity:         X=0.000, Y=1.000, Z=0.000
2026-05-18T22:24:50 COLMAP[feature_extractor] I20260518 22:24:50.231397    82 feature_extraction.cc:280] Processed file [1563/1710]
2026-05-18T22:24:50 COLMAP[feature_extractor] I20260518 22:24:50.231460    82 feature_extraction.cc:283]   Name:            DJI_01563.JPG
2026-05-18T22:24:50 COLMAP[feature_extractor] I20260518 22:24:50.231473    82 feature_extraction.cc:292]   Dimensions:      4000 x 2250
2026-05-18T22:24:50 COLMAP[feature_extractor] I20260518 22:24:50.231483    82 feature_extraction.cc:295]   Camera:          #1 - SIMPLE_RADIAL
2026-05-18T22:24:50 COLMAP[feature_extractor] I20260518 22:24:50.231494    82 feature_extraction.cc:298]   Focal Length:    2545.54px (Prior)
2026-05-18T22:24:50 COLMAP[feature_extractor] I20260518 22:24:50.231509    82 feature_extraction.cc:302]   Features:        9364 (SIFT)
2026-05-18T22:24:51 COLMAP[feature_extractor] I20260518 22:24:50.518441    82 feature_extraction.cc:316]   GPS:             LAT=40.521, LON=-111.891, ALT=1503.099
2026-05-18T22:24:51 COLMAP[feature_extractor] I20260518 22:24:50.518596    82 feature_extraction.cc:323]   Gravity:         X=0.000, Y=1.000, Z=0.000
2026-05-18T22:24:53 COLMAP[feature_extractor] I20260518 22:24:53.256145    82 feature_extraction.cc:280] Processed file [1564/1710]
2026-05-18T22:24:53 COLMAP[feature_extractor] I20260518 22:24:53.256223    82 feature_extraction.cc:283]   Name:            DJI_01564.JPG
2026-05-18T22:24:53 COLMAP[feature_extractor] I20260518 22:24:53.256235    82 feature_extraction.cc:292]   Dimensions:      4000 x 2250
2026-05-18T22:24:53 COLMAP[feature_extractor] I20260518 22:24:53.256246    82 feature_extraction.cc:295]   Camera:          #1 - SIMPLE_RADIAL
2026-05-18T22:24:53 COLMAP[feature_extractor] I20260518 22:24:53.256258    82 feature_extraction.cc:298]   Focal Length:    2545.54px (Prior)
2026-05-18T22:24:53 COLMAP[feature_extractor] I20260518 22:24:53.256273    82 feature_extraction.cc:302]   Features:        10019 (SIFT)
2026-05-18T22:24:54 COLMAP[feature_extractor] I20260518 22:24:53.506031    82 feature_extraction.cc:316]   GPS:             LAT=40.522, LON=-111.891, ALT=1502.799
2026-05-18T22:24:54 COLMAP[feature_extractor] I20260518 22:24:53.506088    82 feature_extraction.cc:323]   Gravity:         X=0.000, Y=1.000, Z=0.000
2026-05-18T22:24:54 COLMAP[feature_extractor] I20260518 22:24:53.892657    82 feature_extraction.cc:280] Processed file [1565/1710]
2026-05-18T22:24:54 COLMAP[feature_extractor] I20260518 22:24:53.892707    82 feature_extraction.cc:283]   Name:            DJI_01565.JPG
2026-05-18T22:24:54 COLMAP[feature_extractor] I20260518 22:24:53.892719    82 feature_extraction.cc:292]   Dimensions:      4000 x 2250
2026-05-18T22:24:54 COLMAP[feature_extractor] I20260518 22:24:53.892730    82 feature_extraction.cc:295]   Camera:          #1 - SIMPLE_RADIAL
2026-05-18T22:24:54 COLMAP[feature_extractor] I20260518 22:24:53.892741    82 feature_extraction.cc:298]   Focal Length:    2545.54px (Prior)
2026-05-18T22:24:54 COLMAP[feature_extractor] I20260518 22:24:53.892757    82 feature_extraction.cc:302]   Features:        8853 (SIFT)
2026-05-18T22:24:54 COLMAP[feature_extractor] I20260518 22:24:54.251036    82 feature_extraction.cc:316]   GPS:             LAT=40.522, LON=-111.891, ALT=1503.499
2026-05-18T22:24:54 COLMAP[feature_extractor] I20260518 22:24:54.251091    82 feature_extraction.cc:323]   Gravity:         X=0.000, Y=1.000, Z=0.000
2026-05-18T22:24:57 COLMAP[feature_extractor] I20260518 22:24:56.813408    82 feature_extraction.cc:280] Processed file [1566/1710]
2026-05-18T22:24:57 COLMAP[feature_extractor] I20260518 22:24:56.813458    82 feature_extraction.cc:283]   Name:            DJI_01566.JPG
2026-05-18T22:24:57 COLMAP[feature_extractor] I20260518 22:24:56.813470    82 feature_extraction.cc:292]   Dimensions:      4000 x 2250
2026-05-18T22:24:57 COLMAP[feature_extractor] I20260518 22:24:56.813481    82 feature_extraction.cc:295]   Camera:          #1 - SIMPLE_RADIAL
2026-05-18T22:24:57 COLMAP[feature_extractor] I20260518 22:24:56.813493    82 feature_extraction.cc:298]   Focal Length:    2545.54px (Prior)
2026-05-18T22:24:57 COLMAP[feature_extractor] I20260518 22:24:56.813508    82 feature_extraction.cc:302]   Features:        8862 (SIFT)
2026-05-18T22:24:57 COLMAP[feature_extractor] I20260518 22:24:57.191533    82 feature_extraction.cc:316]   GPS:             LAT=40.522, LON=-111.891, ALT=1503.299
2026-05-18T22:24:57 COLMAP[feature_extractor] I20260518 22:24:57.191584    82 feature_extraction.cc:323]   Gravity:         X=0.000, Y=1.000, Z=0.000
2026-05-18T22:24:59 COLMAP[feature_extractor] I20260518 22:24:59.389938    82 feature_extraction.cc:280] Processed file [1567/1710]
2026-05-18T22:24:59 COLMAP[feature_extractor] I20260518 22:24:59.389993    82 feature_extraction.cc:283]   Name:            DJI_01567.JPG
2026-05-18T22:24:59 COLMAP[feature_extractor] I20260518 22:24:59.390005    82 feature_extraction.cc:292]   Dimensions:      4000 x 2250
2026-05-18T22:24:59 COLMAP[feature_extractor] I20260518 22:24:59.390015    82 feature_extraction.cc:295]   Camera:          #1 - SIMPLE_RADIAL
2026-05-18T22:24:59 COLMAP[feature_extractor] I20260518 22:24:59.390026    82 feature_extraction.cc:298]   Focal Length:    2545.54px (Prior)
2026-05-18T22:24:59 COLMAP[feature_extractor] I20260518 22:24:59.390043    82 feature_extraction.cc:302]   Features:        8933 (SIFT)
2026-05-18T22:24:59 COLMAP[feature_extractor] I20260518 22:24:59.604568    82 feature_extraction.cc:316]   GPS:             LAT=40.522, LON=-111.891, ALT=1502.899
2026-05-18T22:24:59 COLMAP[feature_extractor] I20260518 22:24:59.604619    82 feature_extraction.cc:323]   Gravity:         X=0.000, Y=1.000, Z=0.000
2026-05-18T22:25:02 COLMAP[feature_extractor] I20260518 22:25:02.742832    82 feature_extraction.cc:280] Processed file [1568/1710]
2026-05-18T22:25:02 COLMAP[feature_extractor] I20260518 22:25:02.742889    82 feature_extraction.cc:283]   Name:            DJI_01568.JPG
2026-05-18T22:25:02 COLMAP[feature_extractor] I20260518 22:25:02.742902    82 feature_extraction.cc:292]   Dimensions:      4000 x 2250
2026-05-18T22:25:02 COLMAP[feature_extractor] I20260518 22:25:02.742913    82 feature_extraction.cc:295]   Camera:          #1 - SIMPLE_RADIAL
2026-05-18T22:25:02 COLMAP[feature_extractor] I20260518 22:25:02.742923    82 feature_extraction.cc:298]   Focal Length:    2545.54px (Prior)
2026-05-18T22:25:02 COLMAP[feature_extractor] I20260518 22:25:02.742939    82 feature_extraction.cc:302]   Features:        11632 (SIFT)
2026-05-18T22:25:04 COLMAP[feature_extractor] I20260518 22:25:03.017576    82 feature_extraction.cc:316]   GPS:             LAT=40.521, LON=-111.891, ALT=1502.899
2026-05-18T22:25:04 COLMAP[feature_extractor] I20260518 22:25:03.017627    82 feature_extraction.cc:323]   Gravity:         X=0.000, Y=1.000, Z=0.000
2026-05-18T22:25:04 COLMAP[feature_extractor] I20260518 22:25:03.173008    82 feature_extraction.cc:280] Processed file [1569/1710]
2026-05-18T22:25:04 COLMAP[feature_extractor] I20260518 22:25:03.173058    82 feature_extraction.cc:283]   Name:            DJI_01569.JPG
2026-05-18T22:25:04 COLMAP[feature_extractor] I20260518 22:25:03.173069    82 feature_extraction.cc:292]   Dimensions:      4000 x 2250
2026-05-18T22:25:04 COLMAP[feature_extractor] I20260518 22:25:03.173080    82 feature_extraction.cc:295]   Camera:          #1 - SIMPLE_RADIAL
2026-05-18T22:25:04 COLMAP[feature_extractor] I20260518 22:25:03.173118    82 feature_extraction.cc:298]   Focal Length:    2545.54px (Prior)
2026-05-18T22:25:04 COLMAP[feature_extractor] I20260518 22:25:03.173133    82 feature_extraction.cc:302]   Features:        8223 (SIFT)
2026-05-18T22:25:04 COLMAP[feature_extractor] I20260518 22:25:03.447254    82 feature_extraction.cc:316]   GPS:             LAT=40.521, LON=-111.892, ALT=1502.499
2026-05-18T22:25:04 COLMAP[feature_extractor] I20260518 22:25:03.447314    82 feature_extraction.cc:323]   Gravity:         X=0.000, Y=1.000, Z=0.000
2026-05-18T22:25:06 COLMAP[feature_extractor] I20260518 22:25:06.238086    82 feature_extraction.cc:280] Processed file [1570/1710]
2026-05-18T22:25:06 COLMAP[feature_extractor] I20260518 22:25:06.238144    82 feature_extraction.cc:283]   Name:            DJI_01570.JPG
2026-05-18T22:25:06 COLMAP[feature_extractor] I20260518 22:25:06.238157    82 feature_extraction.cc:292]   Dimensions:      4000 x 2250
2026-05-18T22:25:06 COLMAP[feature_extractor] I20260518 22:25:06.238168    82 feature_extraction.cc:295]   Camera:          #1 - SIMPLE_RADIAL
2026-05-18T22:25:06 COLMAP[feature_extractor] I20260518 22:25:06.238179    82 feature_extraction.cc:298]   Focal Length:    2545.54px (Prior)
2026-05-18T22:25:06 COLMAP[feature_extractor] I20260518 22:25:06.238195    82 feature_extraction.cc:302]   Features:        10568 (SIFT)
2026-05-18T22:25:06 COLMAP[feature_extractor] I20260518 22:25:06.498293    82 feature_extraction.cc:316]   GPS:             LAT=40.521, LON=-111.892, ALT=1501.799
2026-05-18T22:25:06 COLMAP[feature_extractor] I20260518 22:25:06.498353    82 feature_extraction.cc:323]   Gravity:         X=0.000, Y=1.000, Z=0.000
2026-05-18T22:25:09 COLMAP[feature_extractor] I20260518 22:25:08.642200    82 feature_extraction.cc:280] Processed file [1571/1710]
2026-05-18T22:25:09 COLMAP[feature_extractor] I20260518 22:25:08.642256    82 feature_extraction.cc:283]   Name:            DJI_01571.JPG
2026-05-18T22:25:09 COLMAP[feature_extractor] I20260518 22:25:08.642267    82 feature_extraction.cc:292]   Dimensions:      4000 x 2250
2026-05-18T22:25:09 COLMAP[feature_extractor] I20260518 22:25:08.642278    82 feature_extraction.cc:295]   Camera:          #1 - SIMPLE_RADIAL
2026-05-18T22:25:09 COLMAP[feature_extractor] I20260518 22:25:08.642289    82 feature_extraction.cc:298]   Focal Length:    2545.54px (Prior)
2026-05-18T22:25:09 COLMAP[feature_extractor] I20260518 22:25:08.642305    82 feature_extraction.cc:302]   Features:        8357 (SIFT)
2026-05-18T22:25:09 COLMAP[feature_extractor] I20260518 22:25:09.030758    82 feature_extraction.cc:316]   GPS:             LAT=40.521, LON=-111.892, ALT=1501.599
2026-05-18T22:25:09 COLMAP[feature_extractor] I20260518 22:25:09.030812    82 feature_extraction.cc:323]   Gravity:         X=0.000, Y=1.000, Z=0.000
2026-05-18T22:25:12 COLMAP[feature_extractor] I20260518 22:25:12.021252    82 feature_extraction.cc:280] Processed file [1572/1710]
2026-05-18T22:25:12 COLMAP[feature_extractor] I20260518 22:25:12.021313    82 feature_extraction.cc:283]   Name:            DJI_01572.JPG
2026-05-18T22:25:12 COLMAP[feature_extractor] I20260518 22:25:12.021324    82 feature_extraction.cc:292]   Dimensions:      4000 x 2250
2026-05-18T22:25:12 COLMAP[feature_extractor] I20260518 22:25:12.021333    82 feature_extraction.cc:295]   Camera:          #1 - SIMPLE_RADIAL
2026-05-18T22:25:12 COLMAP[feature_extractor] I20260518 22:25:12.021343    82 feature_extraction.cc:298]   Focal Length:    2545.54px (Prior)
2026-05-18T22:25:12 COLMAP[feature_extractor] I20260518 22:25:12.021365    82 feature_extraction.cc:302]   Features:        9064 (SIFT)
2026-05-18T22:25:12 COLMAP[feature_extractor] I20260518 22:25:12.214603    82 feature_extraction.cc:316]   GPS:             LAT=40.521, LON=-111.892, ALT=1501.099
2026-05-18T22:25:12 COLMAP[feature_extractor] I20260518 22:25:12.214659    82 feature_extraction.cc:323]   Gravity:         X=0.000, Y=1.000, Z=0.000
2026-05-18T22:25:12 COLMAP[feature_extractor] I20260518 22:25:12.653396    82 feature_extraction.cc:280] Processed file [1573/1710]
2026-05-18T22:25:12 COLMAP[feature_extractor] I20260518 22:25:12.653460    82 feature_extraction.cc:283]   Name:            DJI_01573.JPG
2026-05-18T22:25:12 COLMAP[feature_extractor] I20260518 22:25:12.653471    82 feature_extraction.cc:292]   Dimensions:      4000 x 2250
2026-05-18T22:25:12 COLMAP[feature_extractor] I20260518 22:25:12.653482    82 feature_extraction.cc:295]   Camera:          #1 - SIMPLE_RADIAL
2026-05-18T22:25:12 COLMAP[feature_extractor] I20260518 22:25:12.653493    82 feature_extraction.cc:298]   Focal Length:    2545.54px (Prior)
2026-05-18T22:25:12 COLMAP[feature_extractor] I20260518 22:25:12.653508    82 feature_extraction.cc:302]   Features:        9775 (SIFT)
2026-05-18T22:25:13 COLMAP[feature_extractor] I20260518 22:25:12.944640    82 feature_extraction.cc:316]   GPS:             LAT=40.521, LON=-111.893, ALT=1500.999
2026-05-18T22:25:13 COLMAP[feature_extractor] I20260518 22:25:12.944694    82 feature_extraction.cc:323]   Gravity:         X=0.000, Y=1.000, Z=0.000
2026-05-18T22:25:15 COLMAP[feature_extractor] I20260518 22:25:15.383452    82 feature_extraction.cc:280] Processed file [1574/1710]
2026-05-18T22:25:15 COLMAP[feature_extractor] I20260518 22:25:15.383504    82 feature_extraction.cc:283]   Name:            DJI_01574.JPG
2026-05-18T22:25:15 COLMAP[feature_extractor] I20260518 22:25:15.383517    82 feature_extraction.cc:292]   Dimensions:      4000 x 2250
2026-05-18T22:25:15 COLMAP[feature_extractor] I20260518 22:25:15.383527    82 feature_extraction.cc:295]   Camera:          #1 - SIMPLE_RADIAL
2026-05-18T22:25:15 COLMAP[feature_extractor] I20260518 22:25:15.383538    82 feature_extraction.cc:298]   Focal Length:    2545.54px (Prior)
2026-05-18T22:25:15 COLMAP[feature_extractor] I20260518 22:25:15.383554    82 feature_extraction.cc:302]   Features:        9677 (SIFT)
2026-05-18T22:25:15 COLMAP[feature_extractor] I20260518 22:25:15.583809    82 feature_extraction.cc:316]   GPS:             LAT=40.521, LON=-111.893, ALT=1500.199
2026-05-18T22:25:15 COLMAP[feature_extractor] I20260518 22:25:15.583900    82 feature_extraction.cc:323]   Gravity:         X=0.000, Y=1.000, Z=0.000
2026-05-18T22:25:18 COLMAP[feature_extractor] I20260518 22:25:17.821252    82 feature_extraction.cc:280] Processed file [1575/1710]
2026-05-18T22:25:18 COLMAP[feature_extractor] I20260518 22:25:17.821311    82 feature_extraction.cc:283]   Name:            DJI_01575.JPG
2026-05-18T22:25:18 COLMAP[feature_extractor] I20260518 22:25:17.821323    82 feature_extraction.cc:292]   Dimensions:      4000 x 2250
2026-05-18T22:25:18 COLMAP[feature_extractor] I20260518 22:25:17.821336    82 feature_extraction.cc:295]   Camera:          #1 - SIMPLE_RADIAL
2026-05-18T22:25:18 COLMAP[feature_extractor] I20260518 22:25:17.821346    82 feature_extraction.cc:298]   Focal Length:    2545.54px (Prior)
2026-05-18T22:25:18 COLMAP[feature_extractor] I20260518 22:25:17.821368    82 feature_extraction.cc:302]   Features:        9420 (SIFT)
2026-05-18T22:25:18 COLMAP[feature_extractor] I20260518 22:25:18.058363    82 feature_extraction.cc:316]   GPS:             LAT=40.521, LON=-111.893, ALT=1500.499
2026-05-18T22:25:18 COLMAP[feature_extractor] I20260518 22:25:18.058421    82 feature_extraction.cc:323]   Gravity:         X=0.000, Y=1.000, Z=0.000
2026-05-18T22:25:22 COLMAP[feature_extractor] I20260518 22:25:21.367398    82 feature_extraction.cc:280] Processed file [1576/1710]
2026-05-18T22:25:22 COLMAP[feature_extractor] I20260518 22:25:21.367456    82 feature_extraction.cc:283]   Name:            DJI_01576.JPG
2026-05-18T22:25:22 COLMAP[feature_extractor] I20260518 22:25:21.367468    82 feature_extraction.cc:292]   Dimensions:      4000 x 2250
2026-05-18T22:25:22 COLMAP[feature_extractor] I20260518 22:25:21.367479    82 feature_extraction.cc:295]   Camera:          #1 - SIMPLE_RADIAL
2026-05-18T22:25:22 COLMAP[feature_extractor] I20260518 22:25:21.367491    82 feature_extraction.cc:298]   Focal Length:    2545.54px (Prior)
2026-05-18T22:25:22 COLMAP[feature_extractor] I20260518 22:25:21.367506    82 feature_extraction.cc:302]   Features:        9241 (SIFT)
2026-05-18T22:25:22 COLMAP[feature_extractor] I20260518 22:25:21.633889    82 feature_extraction.cc:316]   GPS:             LAT=40.521, LON=-111.893, ALT=1499.099
2026-05-18T22:25:22 COLMAP[feature_extractor] I20260518 22:25:21.633948    82 feature_extraction.cc:323]   Gravity:         X=0.000, Y=1.000, Z=0.000
2026-05-18T22:25:22 COLMAP[feature_extractor] I20260518 22:25:21.856532    82 feature_extraction.cc:280] Processed file [1577/1710]
2026-05-18T22:25:22 COLMAP[feature_extractor] I20260518 22:25:21.856595    82 feature_extraction.cc:283]   Name:            DJI_01577.JPG
2026-05-18T22:25:22 COLMAP[feature_extractor] I20260518 22:25:21.856607    82 feature_extraction.cc:292]   Dimensions:      4000 x 2250
2026-05-18T22:25:22 COLMAP[feature_extractor] I20260518 22:25:21.856618    82 feature_extraction.cc:295]   Camera:          #1 - SIMPLE_RADIAL
2026-05-18T22:25:22 COLMAP[feature_extractor] I20260518 22:25:21.856629    82 feature_extraction.cc:298]   Focal Length:    2545.54px (Prior)
2026-05-18T22:25:22 COLMAP[feature_extractor] I20260518 22:25:21.856645    82 feature_extraction.cc:302]   Features:        9196 (SIFT)
2026-05-18T22:25:22 COLMAP[feature_extractor] I20260518 22:25:22.217715    82 feature_extraction.cc:316]   GPS:             LAT=40.522, LON=-111.894, ALT=1499.499
2026-05-18T22:25:22 COLMAP[feature_extractor] I20260518 22:25:22.217768    82 feature_extraction.cc:323]   Gravity:         X=0.000, Y=1.000, Z=0.000
2026-05-18T22:25:24 COLMAP[feature_extractor] I20260518 22:25:24.623401    82 feature_extraction.cc:280] Processed file [1578/1710]
2026-05-18T22:25:24 COLMAP[feature_extractor] I20260518 22:25:24.623481    82 feature_extraction.cc:283]   Name:            DJI_01578.JPG
2026-05-18T22:25:24 COLMAP[feature_extractor] I20260518 22:25:24.623493    82 feature_extraction.cc:292]   Dimensions:      4000 x 2250
2026-05-18T22:25:24 COLMAP[feature_extractor] I20260518 22:25:24.623503    82 feature_extraction.cc:295]   Camera:          #1 - SIMPLE_RADIAL
2026-05-18T22:25:24 COLMAP[feature_extractor] I20260518 22:25:24.623515    82 feature_extraction.cc:298]   Focal Length:    2545.54px (Prior)
2026-05-18T22:25:24 COLMAP[feature_extractor] I20260518 22:25:24.623530    82 feature_extraction.cc:302]   Features:        10063 (SIFT)
2026-05-18T22:25:24 COLMAP[feature_extractor] I20260518 22:25:24.805027    82 feature_extraction.cc:316]   GPS:             LAT=40.522, LON=-111.894, ALT=1499.099
2026-05-18T22:25:24 COLMAP[feature_extractor] I20260518 22:25:24.805080    82 feature_extraction.cc:323]   Gravity:         X=0.000, Y=1.000, Z=0.000
2026-05-18T22:25:27 COLMAP[feature_extractor] I20260518 22:25:26.985781    82 feature_extraction.cc:280] Processed file [1579/1710]
2026-05-18T22:25:27 COLMAP[feature_extractor] I20260518 22:25:26.985834    82 feature_extraction.cc:283]   Name:            DJI_01579.JPG
2026-05-18T22:25:27 COLMAP[feature_extractor] I20260518 22:25:26.985846    82 feature_extraction.cc:292]   Dimensions:      4000 x 2250
2026-05-18T22:25:27 COLMAP[feature_extractor] I20260518 22:25:26.985857    82 feature_extraction.cc:295]   Camera:          #1 - SIMPLE_RADIAL
2026-05-18T22:25:27 COLMAP[feature_extractor] I20260518 22:25:26.985869    82 feature_extraction.cc:298]   Focal Length:    2545.54px (Prior)
2026-05-18T22:25:27 COLMAP[feature_extractor] I20260518 22:25:26.985885    82 feature_extraction.cc:302]   Features:        8767 (SIFT)
2026-05-18T22:25:27 COLMAP[feature_extractor] I20260518 22:25:27.383016    82 feature_extraction.cc:316]   GPS:             LAT=40.522, LON=-111.894, ALT=1499.199
2026-05-18T22:25:27 COLMAP[feature_extractor] I20260518 22:25:27.383073    82 feature_extraction.cc:323]   Gravity:         X=0.000, Y=1.000, Z=0.000
2026-05-18T22:25:30 COLMAP[feature_extractor] I20260518 22:25:30.619656    82 feature_extraction.cc:280] Processed file [1580/1710]
2026-05-18T22:25:30 COLMAP[feature_extractor] I20260518 22:25:30.619704    82 feature_extraction.cc:283]   Name:            DJI_01580.JPG
2026-05-18T22:25:30 COLMAP[feature_extractor] I20260518 22:25:30.619716    82 feature_extraction.cc:292]   Dimensions:      4000 x 2250
2026-05-18T22:25:30 COLMAP[feature_extractor] I20260518 22:25:30.619727    82 feature_extraction.cc:295]   Camera:          #1 - SIMPLE_RADIAL
2026-05-18T22:25:30 COLMAP[feature_extractor] I20260518 22:25:30.619738    82 feature_extraction.cc:298]   Focal Length:    2545.54px (Prior)
2026-05-18T22:25:30 COLMAP[feature_extractor] I20260518 22:25:30.619755    82 feature_extraction.cc:302]   Features:        8276 (SIFT)
2026-05-18T22:25:31 COLMAP[feature_extractor] I20260518 22:25:30.954216    82 feature_extraction.cc:316]   GPS:             LAT=40.522, LON=-111.894, ALT=1499.399
2026-05-18T22:25:31 COLMAP[feature_extractor] I20260518 22:25:30.954272    82 feature_extraction.cc:323]   Gravity:         X=0.000, Y=1.000, Z=0.000
2026-05-18T22:25:31 COLMAP[feature_extractor] I20260518 22:25:30.965423    82 feature_extraction.cc:280] Processed file [1581/1710]
2026-05-18T22:25:31 COLMAP[feature_extractor] I20260518 22:25:30.965464    82 feature_extraction.cc:283]   Name:            DJI_01581.JPG
2026-05-18T22:25:31 COLMAP[feature_extractor] I20260518 22:25:30.965476    82 feature_extraction.cc:292]   Dimensions:      4000 x 2250
2026-05-18T22:25:31 COLMAP[feature_extractor] I20260518 22:25:30.965487    82 feature_extraction.cc:295]   Camera:          #1 - SIMPLE_RADIAL
2026-05-18T22:25:31 COLMAP[feature_extractor] I20260518 22:25:30.965497    82 feature_extraction.cc:298]   Focal Length:    2545.54px (Prior)
2026-05-18T22:25:31 COLMAP[feature_extractor] I20260518 22:25:30.965512    82 feature_extraction.cc:302]   Features:        8223 (SIFT)
2026-05-18T22:25:31 COLMAP[feature_extractor] I20260518 22:25:31.280700    82 feature_extraction.cc:316]   GPS:             LAT=40.522, LON=-111.894, ALT=1498.999
2026-05-18T22:25:31 COLMAP[feature_extractor] I20260518 22:25:31.280752    82 feature_extraction.cc:323]   Gravity:         X=0.000, Y=1.000, Z=0.000
2026-05-18T22:25:33 COLMAP[feature_extractor] I20260518 22:25:33.686185    82 feature_extraction.cc:280] Processed file [1582/1710]
2026-05-18T22:25:33 COLMAP[feature_extractor] I20260518 22:25:33.686234    82 feature_extraction.cc:283]   Name:            DJI_01582.JPG
2026-05-18T22:25:33 COLMAP[feature_extractor] I20260518 22:25:33.686245    82 feature_extraction.cc:292]   Dimensions:      4000 x 2250
2026-05-18T22:25:33 COLMAP[feature_extractor] I20260518 22:25:33.686256    82 feature_extraction.cc:295]   Camera:          #1 - SIMPLE_RADIAL
2026-05-18T22:25:33 COLMAP[feature_extractor] I20260518 22:25:33.686268    82 feature_extraction.cc:298]   Focal Length:    2545.54px (Prior)
2026-05-18T22:25:33 COLMAP[feature_extractor] I20260518 22:25:33.686285    82 feature_extraction.cc:302]   Features:        11173 (SIFT)
2026-05-18T22:25:34 COLMAP[feature_extractor] I20260518 22:25:33.936924    82 feature_extraction.cc:316]   GPS:             LAT=40.522, LON=-111.894, ALT=1499.499
2026-05-18T22:25:34 COLMAP[feature_extractor] I20260518 22:25:33.936981    82 feature_extraction.cc:323]   Gravity:         X=0.000, Y=1.000, Z=0.000
2026-05-18T22:25:36 COLMAP[feature_extractor] I20260518 22:25:36.180346    82 feature_extraction.cc:280] Processed file [1583/1710]
2026-05-18T22:25:36 COLMAP[feature_extractor] I20260518 22:25:36.180402    82 feature_extraction.cc:283]   Name:            DJI_01583.JPG
2026-05-18T22:25:36 COLMAP[feature_extractor] I20260518 22:25:36.180414    82 feature_extraction.cc:292]   Dimensions:      4000 x 2250
2026-05-18T22:25:36 COLMAP[feature_extractor] I20260518 22:25:36.180425    82 feature_extraction.cc:295]   Camera:          #1 - SIMPLE_RADIAL
2026-05-18T22:25:36 COLMAP[feature_extractor] I20260518 22:25:36.180469    82 feature_extraction.cc:298]   Focal Length:    2545.54px (Prior)
2026-05-18T22:25:36 COLMAP[feature_extractor] I20260518 22:25:36.180486    82 feature_extraction.cc:302]   Features:        11236 (SIFT)
2026-05-18T22:25:36 COLMAP[feature_extractor] I20260518 22:25:36.407270    82 feature_extraction.cc:316]   GPS:             LAT=40.522, LON=-111.893, ALT=1499.999
2026-05-18T22:25:36 COLMAP[feature_extractor] I20260518 22:25:36.407325    82 feature_extraction.cc:323]   Gravity:         X=0.000, Y=1.000, Z=0.000
2026-05-18T22:25:40 COLMAP[feature_extractor] I20260518 22:25:40.097368    82 feature_extraction.cc:280] Processed file [1584/1710]
2026-05-18T22:25:40 COLMAP[feature_extractor] I20260518 22:25:40.097422    82 feature_extraction.cc:283]   Name:            DJI_01584.JPG
2026-05-18T22:25:40 COLMAP[feature_extractor] I20260518 22:25:40.097434    82 feature_extraction.cc:292]   Dimensions:      4000 x 2250
2026-05-18T22:25:40 COLMAP[feature_extractor] I20260518 22:25:40.097445    82 feature_extraction.cc:295]   Camera:          #1 - SIMPLE_RADIAL
2026-05-18T22:25:40 COLMAP[feature_extractor] I20260518 22:25:40.097456    82 feature_extraction.cc:298]   Focal Length:    2545.54px (Prior)
2026-05-18T22:25:40 COLMAP[feature_extractor] I20260518 22:25:40.097471    82 feature_extraction.cc:302]   Features:        11475 (SIFT)
2026-05-18T22:25:40 COLMAP[feature_extractor] I20260518 22:25:40.381319    82 feature_extraction.cc:316]   GPS:             LAT=40.521, LON=-111.893, ALT=1500.399
2026-05-18T22:25:40 COLMAP[feature_extractor] I20260518 22:25:40.381381    82 feature_extraction.cc:323]   Gravity:         X=0.000, Y=1.000, Z=0.000
2026-05-18T22:25:40 COLMAP[feature_extractor] I20260518 22:25:40.384689    82 feature_extraction.cc:280] Processed file [1585/1710]
2026-05-18T22:25:40 COLMAP[feature_extractor] I20260518 22:25:40.384722    82 feature_extraction.cc:283]   Name:            DJI_01585.JPG
2026-05-18T22:25:40 COLMAP[feature_extractor] I20260518 22:25:40.384732    82 feature_extraction.cc:292]   Dimensions:      4000 x 2250
2026-05-18T22:25:40 COLMAP[feature_extractor] I20260518 22:25:40.384742    82 feature_extraction.cc:295]   Camera:          #1 - SIMPLE_RADIAL
2026-05-18T22:25:40 COLMAP[feature_extractor] I20260518 22:25:40.384753    82 feature_extraction.cc:298]   Focal Length:    2545.54px (Prior)
2026-05-18T22:25:40 COLMAP[feature_extractor] I20260518 22:25:40.384768    82 feature_extraction.cc:302]   Features:        8360 (SIFT)
2026-05-18T22:25:40 COLMAP[feature_extractor] I20260518 22:25:40.666177    82 feature_extraction.cc:316]   GPS:             LAT=40.521, LON=-111.893, ALT=1500.599
2026-05-18T22:25:40 COLMAP[feature_extractor] I20260518 22:25:40.666236    82 feature_extraction.cc:323]   Gravity:         X=0.000, Y=1.000, Z=0.000
2026-05-18T22:25:43 COLMAP[feature_extractor] I20260518 22:25:42.768225    82 feature_extraction.cc:280] Processed file [1586/1710]
2026-05-18T22:25:43 COLMAP[feature_extractor] I20260518 22:25:42.768281    82 feature_extraction.cc:283]   Name:            DJI_01586.JPG
2026-05-18T22:25:43 COLMAP[feature_extractor] I20260518 22:25:42.768293    82 feature_extraction.cc:292]   Dimensions:      4000 x 2250
2026-05-18T22:25:43 COLMAP[feature_extractor] I20260518 22:25:42.768304    82 feature_extraction.cc:295]   Camera:          #1 - SIMPLE_RADIAL
2026-05-18T22:25:43 COLMAP[feature_extractor] I20260518 22:25:42.768316    82 feature_extraction.cc:298]   Focal Length:    2545.54px (Prior)
2026-05-18T22:25:43 COLMAP[feature_extractor] I20260518 22:25:42.768332    82 feature_extraction.cc:302]   Features:        8558 (SIFT)
2026-05-18T22:25:43 COLMAP[feature_extractor] I20260518 22:25:43.096252    82 feature_extraction.cc:316]   GPS:             LAT=40.521, LON=-111.892, ALT=1500.799
2026-05-18T22:25:43 COLMAP[feature_extractor] I20260518 22:25:43.096308    82 feature_extraction.cc:323]   Gravity:         X=0.000, Y=1.000, Z=0.000
2026-05-18T22:25:45 COLMAP[feature_extractor] I20260518 22:25:45.480552    82 feature_extraction.cc:280] Processed file [1587/1710]
2026-05-18T22:25:45 COLMAP[feature_extractor] I20260518 22:25:45.480618    82 feature_extraction.cc:283]   Name:            DJI_01587.JPG
2026-05-18T22:25:45 COLMAP[feature_extractor] I20260518 22:25:45.480629    82 feature_extraction.cc:292]   Dimensions:      4000 x 2250
2026-05-18T22:25:45 COLMAP[feature_extractor] I20260518 22:25:45.480640    82 feature_extraction.cc:295]   Camera:          #1 - SIMPLE_RADIAL
2026-05-18T22:25:45 COLMAP[feature_extractor] I20260518 22:25:45.480651    82 feature_extraction.cc:298]   Focal Length:    2545.54px (Prior)
2026-05-18T22:25:45 COLMAP[feature_extractor] I20260518 22:25:45.480667    82 feature_extraction.cc:302]   Features:        11464 (SIFT)
2026-05-18T22:25:45 COLMAP[feature_extractor] I20260518 22:25:45.761337    82 feature_extraction.cc:316]   GPS:             LAT=40.521, LON=-111.892, ALT=1501.599
2026-05-18T22:25:45 COLMAP[feature_extractor] I20260518 22:25:45.761404    82 feature_extraction.cc:323]   Gravity:         X=0.000, Y=1.000, Z=0.000
2026-05-18T22:25:50 COLMAP[feature_extractor] I20260518 22:25:49.284873    82 feature_extraction.cc:280] Processed file [1588/1710]
2026-05-18T22:25:50 COLMAP[feature_extractor] I20260518 22:25:49.284934    82 feature_extraction.cc:283]   Name:            DJI_01589.JPG
2026-05-18T22:25:50 COLMAP[feature_extractor] I20260518 22:25:49.284947    82 feature_extraction.cc:292]   Dimensions:      4000 x 2250
2026-05-18T22:25:50 COLMAP[feature_extractor] I20260518 22:25:49.284957    82 feature_extraction.cc:295]   Camera:          #1 - SIMPLE_RADIAL
2026-05-18T22:25:50 COLMAP[feature_extractor] I20260518 22:25:49.284969    82 feature_extraction.cc:298]   Focal Length:    2545.54px (Prior)
2026-05-18T22:25:50 COLMAP[feature_extractor] I20260518 22:25:49.284986    82 feature_extraction.cc:302]   Features:        8755 (SIFT)
2026-05-18T22:25:50 COLMAP[feature_extractor] I20260518 22:25:49.463088    82 feature_extraction.cc:316]   GPS:             LAT=40.522, LON=-111.892, ALT=1501.999
2026-05-18T22:25:50 COLMAP[feature_extractor] I20260518 22:25:49.463181    82 feature_extraction.cc:323]   Gravity:         X=0.000, Y=1.000, Z=0.000
2026-05-18T22:25:50 COLMAP[feature_extractor] I20260518 22:25:49.643569    82 feature_extraction.cc:280] Processed file [1589/1710]
2026-05-18T22:25:50 COLMAP[feature_extractor] I20260518 22:25:49.643628    82 feature_extraction.cc:283]   Name:            DJI_01588.JPG
2026-05-18T22:25:50 COLMAP[feature_extractor] I20260518 22:25:49.643640    82 feature_extraction.cc:292]   Dimensions:      4000 x 2250
2026-05-18T22:25:50 COLMAP[feature_extractor] I20260518 22:25:49.643651    82 feature_extraction.cc:295]   Camera:          #1 - SIMPLE_RADIAL
2026-05-18T22:25:50 COLMAP[feature_extractor] I20260518 22:25:49.643662    82 feature_extraction.cc:298]   Focal Length:    2545.54px (Prior)
2026-05-18T22:25:50 COLMAP[feature_extractor] I20260518 22:25:49.643678    82 feature_extraction.cc:302]   Features:        8244 (SIFT)
2026-05-18T22:25:50 COLMAP[feature_extractor] I20260518 22:25:49.926602    82 feature_extraction.cc:316]   GPS:             LAT=40.522, LON=-111.892, ALT=1501.899
2026-05-18T22:25:50 COLMAP[feature_extractor] I20260518 22:25:49.926662    82 feature_extraction.cc:323]   Gravity:         X=0.000, Y=1.000, Z=0.000
2026-05-18T22:25:52 COLMAP[feature_extractor] I20260518 22:25:51.984771    82 feature_extraction.cc:280] Processed file [1590/1710]
2026-05-18T22:25:52 COLMAP[feature_extractor] I20260518 22:25:51.984833    82 feature_extraction.cc:283]   Name:            DJI_01590.JPG
2026-05-18T22:25:52 COLMAP[feature_extractor] I20260518 22:25:51.984845    82 feature_extraction.cc:292]   Dimensions:      4000 x 2250
2026-05-18T22:25:52 COLMAP[feature_extractor] I20260518 22:25:51.984856    82 feature_extraction.cc:295]   Camera:          #1 - SIMPLE_RADIAL
2026-05-18T22:25:52 COLMAP[feature_extractor] I20260518 22:25:51.984867    82 feature_extraction.cc:298]   Focal Length:    2545.54px (Prior)
2026-05-18T22:25:52 COLMAP[feature_extractor] I20260518 22:25:51.984884    82 feature_extraction.cc:302]   Features:        8770 (SIFT)
2026-05-18T22:25:53 COLMAP[feature_extractor] I20260518 22:25:52.344795    82 feature_extraction.cc:316]   GPS:             LAT=40.522, LON=-111.892, ALT=1502.599
2026-05-18T22:25:53 COLMAP[feature_extractor] I20260518 22:25:52.344852    82 feature_extraction.cc:323]   Gravity:         X=0.000, Y=1.000, Z=0.000
2026-05-18T22:25:55 COLMAP[feature_extractor] I20260518 22:25:54.669345    82 feature_extraction.cc:280] Processed file [1591/1710]
2026-05-18T22:25:55 COLMAP[feature_extractor] I20260518 22:25:54.669430    82 feature_extraction.cc:283]   Name:            DJI_01591.JPG
2026-05-18T22:25:55 COLMAP[feature_extractor] I20260518 22:25:54.669445    82 feature_extraction.cc:292]   Dimensions:      4000 x 2250
2026-05-18T22:25:55 COLMAP[feature_extractor] I20260518 22:25:54.669457    82 feature_extraction.cc:295]   Camera:          #1 - SIMPLE_RADIAL
2026-05-18T22:25:55 COLMAP[feature_extractor] I20260518 22:25:54.669471    82 feature_extraction.cc:298]   Focal Length:    2545.54px (Prior)
2026-05-18T22:25:55 COLMAP[feature_extractor] I20260518 22:25:54.669487    82 feature_extraction.cc:302]   Features:        8803 (SIFT)
2026-05-18T22:25:55 COLMAP[feature_extractor] I20260518 22:25:54.929021    82 feature_extraction.cc:316]   GPS:             LAT=40.522, LON=-111.892, ALT=1502.599
2026-05-18T22:25:55 COLMAP[feature_extractor] I20260518 22:25:54.929082    82 feature_extraction.cc:323]   Gravity:         X=0.000, Y=1.000, Z=0.000
2026-05-18T22:25:59 COLMAP[feature_extractor] I20260518 22:25:58.567394    82 feature_extraction.cc:280] Processed file [1592/1710]
2026-05-18T22:25:59 COLMAP[feature_extractor] I20260518 22:25:58.567456    82 feature_extraction.cc:283]   Name:            DJI_01592.JPG
2026-05-18T22:25:59 COLMAP[feature_extractor] I20260518 22:25:58.567468    82 feature_extraction.cc:292]   Dimensions:      4000 x 2250
2026-05-18T22:25:59 COLMAP[feature_extractor] I20260518 22:25:58.567479    82 feature_extraction.cc:295]   Camera:          #1 - SIMPLE_RADIAL
2026-05-18T22:25:59 COLMAP[feature_extractor] I20260518 22:25:58.567490    82 feature_extraction.cc:298]   Focal Length:    2545.54px (Prior)
2026-05-18T22:25:59 COLMAP[feature_extractor] I20260518 22:25:58.567507    82 feature_extraction.cc:302]   Features:        8738 (SIFT)
2026-05-18T22:25:59 COLMAP[feature_extractor] I20260518 22:25:58.990051    82 feature_extraction.cc:316]   GPS:             LAT=40.522, LON=-111.892, ALT=1502.299
2026-05-18T22:25:59 COLMAP[feature_extractor] I20260518 22:25:58.990109    82 feature_extraction.cc:323]   Gravity:         X=0.000, Y=1.000, Z=0.000
2026-05-18T22:25:59 COLMAP[feature_extractor] I20260518 22:25:59.013399    82 feature_extraction.cc:280] Processed file [1593/1710]
2026-05-18T22:25:59 COLMAP[feature_extractor] I20260518 22:25:59.013443    82 feature_extraction.cc:283]   Name:            DJI_01593.JPG
2026-05-18T22:25:59 COLMAP[feature_extractor] I20260518 22:25:59.013455    82 feature_extraction.cc:292]   Dimensions:      4000 x 2250
2026-05-18T22:25:59 COLMAP[feature_extractor] I20260518 22:25:59.013464    82 feature_extraction.cc:295]   Camera:          #1 - SIMPLE_RADIAL
2026-05-18T22:25:59 COLMAP[feature_extractor] I20260518 22:25:59.013475    82 feature_extraction.cc:298]   Focal Length:    2545.54px (Prior)
2026-05-18T22:25:59 COLMAP[feature_extractor] I20260518 22:25:59.013489    82 feature_extraction.cc:302]   Features:        8649 (SIFT)
2026-05-18T22:25:59 COLMAP[feature_extractor] I20260518 22:25:59.326174    82 feature_extraction.cc:316]   GPS:             LAT=40.522, LON=-111.892, ALT=1502.299
2026-05-18T22:25:59 COLMAP[feature_extractor] I20260518 22:25:59.326231    82 feature_extraction.cc:323]   Gravity:         X=0.000, Y=1.000, Z=0.000
2026-05-18T22:26:01 COLMAP[feature_extractor] I20260518 22:26:01.064605    82 feature_extraction.cc:280] Processed file [1594/1710]
2026-05-18T22:26:01 COLMAP[feature_extractor] I20260518 22:26:01.064659    82 feature_extraction.cc:283]   Name:            DJI_01594.JPG
2026-05-18T22:26:01 COLMAP[feature_extractor] I20260518 22:26:01.064671    82 feature_extraction.cc:292]   Dimensions:      4000 x 2250
2026-05-18T22:26:01 COLMAP[feature_extractor] I20260518 22:26:01.064682    82 feature_extraction.cc:295]   Camera:          #1 - SIMPLE_RADIAL
2026-05-18T22:26:01 COLMAP[feature_extractor] I20260518 22:26:01.064693    82 feature_extraction.cc:298]   Focal Length:    2545.54px (Prior)
2026-05-18T22:26:01 COLMAP[feature_extractor] I20260518 22:26:01.064709    82 feature_extraction.cc:302]   Features:        8630 (SIFT)
2026-05-18T22:26:02 COLMAP[feature_extractor] I20260518 22:26:01.329070    82 feature_extraction.cc:316]   GPS:             LAT=40.522, LON=-111.892, ALT=1502.199
2026-05-18T22:26:02 COLMAP[feature_extractor] I20260518 22:26:01.329121    82 feature_extraction.cc:323]   Gravity:         X=0.000, Y=1.000, Z=0.000
2026-05-18T22:26:04 COLMAP[feature_extractor] I20260518 22:26:04.000792    82 feature_extraction.cc:280] Processed file [1595/1710]
2026-05-18T22:26:04 COLMAP[feature_extractor] I20260518 22:26:04.000849    82 feature_extraction.cc:283]   Name:            DJI_01595.JPG
2026-05-18T22:26:04 COLMAP[feature_extractor] I20260518 22:26:04.000860    82 feature_extraction.cc:292]   Dimensions:      4000 x 2250
2026-05-18T22:26:04 COLMAP[feature_extractor] I20260518 22:26:04.000871    82 feature_extraction.cc:295]   Camera:          #1 - SIMPLE_RADIAL
2026-05-18T22:26:04 COLMAP[feature_extractor] I20260518 22:26:04.000882    82 feature_extraction.cc:298]   Focal Length:    2545.54px (Prior)
2026-05-18T22:26:04 COLMAP[feature_extractor] I20260518 22:26:04.000898    82 feature_extraction.cc:302]   Features:        8595 (SIFT)
2026-05-18T22:26:05 COLMAP[feature_extractor] I20260518 22:26:04.299814    82 feature_extraction.cc:316]   GPS:             LAT=40.522, LON=-111.892, ALT=1501.499
2026-05-18T22:26:05 COLMAP[feature_extractor] I20260518 22:26:04.299867    82 feature_extraction.cc:323]   Gravity:         X=0.000, Y=1.000, Z=0.000
2026-05-18T22:26:08 COLMAP[feature_extractor] I20260518 22:26:07.849483    82 feature_extraction.cc:280] Processed file [1596/1710]
2026-05-18T22:26:08 COLMAP[feature_extractor] I20260518 22:26:07.849534    82 feature_extraction.cc:283]   Name:            DJI_01596.JPG
2026-05-18T22:26:08 COLMAP[feature_extractor] I20260518 22:26:07.849547    82 feature_extraction.cc:292]   Dimensions:      4000 x 2250
2026-05-18T22:26:08 COLMAP[feature_extractor] I20260518 22:26:07.849558    82 feature_extraction.cc:295]   Camera:          #1 - SIMPLE_RADIAL
2026-05-18T22:26:08 COLMAP[feature_extractor] I20260518 22:26:07.849602    82 feature_extraction.cc:298]   Focal Length:    2545.54px (Prior)
2026-05-18T22:26:08 COLMAP[feature_extractor] I20260518 22:26:07.849619    82 feature_extraction.cc:302]   Features:        11175 (SIFT)
2026-05-18T22:26:08 COLMAP[feature_extractor] I20260518 22:26:08.119522    82 feature_extraction.cc:316]   GPS:             LAT=40.522, LON=-111.892, ALT=1501.699
2026-05-18T22:26:08 COLMAP[feature_extractor] I20260518 22:26:08.119577    82 feature_extraction.cc:323]   Gravity:         X=0.000, Y=1.000, Z=0.000
2026-05-18T22:26:08 COLMAP[feature_extractor] I20260518 22:26:08.122781    82 feature_extraction.cc:280] Processed file [1597/1710]
2026-05-18T22:26:08 COLMAP[feature_extractor] I20260518 22:26:08.122815    82 feature_extraction.cc:283]   Name:            DJI_01597.JPG
2026-05-18T22:26:08 COLMAP[feature_extractor] I20260518 22:26:08.122825    82 feature_extraction.cc:292]   Dimensions:      4000 x 2250
2026-05-18T22:26:08 COLMAP[feature_extractor] I20260518 22:26:08.122835    82 feature_extraction.cc:295]   Camera:          #1 - SIMPLE_RADIAL
2026-05-18T22:26:08 COLMAP[feature_extractor] I20260518 22:26:08.122846    82 feature_extraction.cc:298]   Focal Length:    2545.54px (Prior)
2026-05-18T22:26:08 COLMAP[feature_extractor] I20260518 22:26:08.122859    82 feature_extraction.cc:302]   Features:        8320 (SIFT)
2026-05-18T22:26:10 COLMAP[feature_extractor] I20260518 22:26:08.620390    82 feature_extraction.cc:316]   GPS:             LAT=40.522, LON=-111.893, ALT=1500.799
2026-05-18T22:26:10 COLMAP[feature_extractor] I20260518 22:26:08.620442    82 feature_extraction.cc:323]   Gravity:         X=0.000, Y=1.000, Z=0.000
2026-05-18T22:26:11 COLMAP[feature_extractor] I20260518 22:26:10.551366    82 feature_extraction.cc:280] Processed file [1598/1710]
2026-05-18T22:26:11 COLMAP[feature_extractor] I20260518 22:26:10.551438    82 feature_extraction.cc:283]   Name:            DJI_01598.JPG
2026-05-18T22:26:11 COLMAP[feature_extractor] I20260518 22:26:10.551451    82 feature_extraction.cc:292]   Dimensions:      4000 x 2250
2026-05-18T22:26:11 COLMAP[feature_extractor] I20260518 22:26:10.551461    82 feature_extraction.cc:295]   Camera:          #1 - SIMPLE_RADIAL
2026-05-18T22:26:11 COLMAP[feature_extractor] I20260518 22:26:10.551473    82 feature_extraction.cc:298]   Focal Length:    2545.54px (Prior)
2026-05-18T22:26:11 COLMAP[feature_extractor] I20260518 22:26:10.551488    82 feature_extraction.cc:302]   Features:        11793 (SIFT)
2026-05-18T22:26:11 COLMAP[feature_extractor] I20260518 22:26:10.708437    82 feature_extraction.cc:316]   GPS:             LAT=40.522, LON=-111.893, ALT=1500.899
2026-05-18T22:26:11 COLMAP[feature_extractor] I20260518 22:26:10.708496    82 feature_extraction.cc:323]   Gravity:         X=0.000, Y=1.000, Z=0.000
2026-05-18T22:26:13 COLMAP[feature_extractor] I20260518 22:26:13.449323    82 feature_extraction.cc:280] Processed file [1599/1710]
2026-05-18T22:26:13 COLMAP[feature_extractor] I20260518 22:26:13.449391    82 feature_extraction.cc:283]   Name:            DJI_01599.JPG
2026-05-18T22:26:13 COLMAP[feature_extractor] I20260518 22:26:13.449404    82 feature_extraction.cc:292]   Dimensions:      4000 x 2250
2026-05-18T22:26:13 COLMAP[feature_extractor] I20260518 22:26:13.449414    82 feature_extraction.cc:295]   Camera:          #1 - SIMPLE_RADIAL
2026-05-18T22:26:13 COLMAP[feature_extractor] I20260518 22:26:13.449424    82 feature_extraction.cc:298]   Focal Length:    2545.54px (Prior)
2026-05-18T22:26:13 COLMAP[feature_extractor] I20260518 22:26:13.449437    82 feature_extraction.cc:302]   Features:        11419 (SIFT)
2026-05-18T22:26:13 COLMAP[feature_extractor] I20260518 22:26:13.723528    82 feature_extraction.cc:316]   GPS:             LAT=40.522, LON=-111.893, ALT=1501.399
2026-05-18T22:26:13 COLMAP[feature_extractor] I20260518 22:26:13.723585    82 feature_extraction.cc:323]   Gravity:         X=0.000, Y=1.000, Z=0.000
2026-05-18T22:26:17 COLMAP[feature_extractor] I20260518 22:26:17.120414    82 feature_extraction.cc:280] Processed file [1600/1710]
2026-05-18T22:26:17 COLMAP[feature_extractor] I20260518 22:26:17.120471    82 feature_extraction.cc:283]   Name:            DJI_01601.JPG
2026-05-18T22:26:17 COLMAP[feature_extractor] I20260518 22:26:17.120483    82 feature_extraction.cc:292]   Dimensions:      4000 x 2250
2026-05-18T22:26:17 COLMAP[feature_extractor] I20260518 22:26:17.120492    82 feature_extraction.cc:295]   Camera:          #1 - SIMPLE_RADIAL
2026-05-18T22:26:17 COLMAP[feature_extractor] I20260518 22:26:17.120503    82 feature_extraction.cc:298]   Focal Length:    2545.54px (Prior)
2026-05-18T22:26:17 COLMAP[feature_extractor] I20260518 22:26:17.120517    82 feature_extraction.cc:302]   Features:        11495 (SIFT)
2026-05-18T22:26:17 COLMAP[feature_extractor] I20260518 22:26:17.324388    82 feature_extraction.cc:316]   GPS:             LAT=40.522, LON=-111.893, ALT=1501.199
2026-05-18T22:26:17 COLMAP[feature_extractor] I20260518 22:26:17.324441    82 feature_extraction.cc:323]   Gravity:         X=0.000, Y=1.000, Z=0.000
2026-05-18T22:26:17 COLMAP[feature_extractor] I20260518 22:26:17.327858    82 feature_extraction.cc:280] Processed file [1601/1710]
2026-05-18T22:26:17 COLMAP[feature_extractor] I20260518 22:26:17.327893    82 feature_extraction.cc:283]   Name:            DJI_01600.JPG
2026-05-18T22:26:17 COLMAP[feature_extractor] I20260518 22:26:17.327903    82 feature_extraction.cc:292]   Dimensions:      4000 x 2250
2026-05-18T22:26:17 COLMAP[feature_extractor] I20260518 22:26:17.327914    82 feature_extraction.cc:295]   Camera:          #1 - SIMPLE_RADIAL
2026-05-18T22:26:17 COLMAP[feature_extractor] I20260518 22:26:17.327926    82 feature_extraction.cc:298]   Focal Length:    2545.54px (Prior)
2026-05-18T22:26:17 COLMAP[feature_extractor] I20260518 22:26:17.327939    82 feature_extraction.cc:302]   Features:        9746 (SIFT)
2026-05-18T22:26:17 COLMAP[feature_extractor] I20260518 22:26:17.328011    82 feature_extraction.cc:316]   GPS:             LAT=40.522, LON=-111.893, ALT=1500.599
2026-05-18T22:26:17 COLMAP[feature_extractor] I20260518 22:26:17.328047    82 feature_extraction.cc:323]   Gravity:         X=0.000, Y=1.000, Z=0.000
2026-05-18T22:26:19 COLMAP[feature_extractor] I20260518 22:26:19.693360    82 feature_extraction.cc:280] Processed file [1602/1710]
2026-05-18T22:26:19 COLMAP[feature_extractor] I20260518 22:26:19.693411    82 feature_extraction.cc:283]   Name:            DJI_01602.JPG
2026-05-18T22:26:19 COLMAP[feature_extractor] I20260518 22:26:19.693423    82 feature_extraction.cc:292]   Dimensions:      4000 x 2250
2026-05-18T22:26:19 COLMAP[feature_extractor] I20260518 22:26:19.693434    82 feature_extraction.cc:295]   Camera:          #1 - SIMPLE_RADIAL
2026-05-18T22:26:19 COLMAP[feature_extractor] I20260518 22:26:19.693445    82 feature_extraction.cc:298]   Focal Length:    2545.54px (Prior)
2026-05-18T22:26:19 COLMAP[feature_extractor] I20260518 22:26:19.693461    82 feature_extraction.cc:302]   Features:        9306 (SIFT)
2026-05-18T22:26:20 COLMAP[feature_extractor] I20260518 22:26:20.066819    82 feature_extraction.cc:316]   GPS:             LAT=40.522, LON=-111.893, ALT=1500.799
2026-05-18T22:26:20 COLMAP[feature_extractor] I20260518 22:26:20.066872    82 feature_extraction.cc:323]   Gravity:         X=0.000, Y=1.000, Z=0.000
2026-05-18T22:26:23 COLMAP[feature_extractor] I20260518 22:26:22.535055    82 feature_extraction.cc:280] Processed file [1603/1710]
2026-05-18T22:26:23 COLMAP[feature_extractor] I20260518 22:26:22.535110    82 feature_extraction.cc:283]   Name:            DJI_01603.JPG
2026-05-18T22:26:23 COLMAP[feature_extractor] I20260518 22:26:22.535122    82 feature_extraction.cc:292]   Dimensions:      4000 x 2250
2026-05-18T22:26:23 COLMAP[feature_extractor] I20260518 22:26:22.535133    82 feature_extraction.cc:295]   Camera:          #1 - SIMPLE_RADIAL
2026-05-18T22:26:23 COLMAP[feature_extractor] I20260518 22:26:22.535145    82 feature_extraction.cc:298]   Focal Length:    2545.54px (Prior)
2026-05-18T22:26:23 COLMAP[feature_extractor] I20260518 22:26:22.535161    82 feature_extraction.cc:302]   Features:        8921 (SIFT)
2026-05-18T22:26:23 COLMAP[feature_extractor] I20260518 22:26:22.916328    82 feature_extraction.cc:316]   GPS:             LAT=40.522, LON=-111.893, ALT=1500.899
2026-05-18T22:26:23 COLMAP[feature_extractor] I20260518 22:26:22.916384    82 feature_extraction.cc:323]   Gravity:         X=0.000, Y=1.000, Z=0.000
2026-05-18T22:26:26 COLMAP[feature_extractor] I20260518 22:26:26.375402    82 feature_extraction.cc:280] Processed file [1604/1710]
2026-05-18T22:26:26 COLMAP[feature_extractor] I20260518 22:26:26.375494    82 feature_extraction.cc:283]   Name:            DJI_01605.JPG
2026-05-18T22:26:26 COLMAP[feature_extractor] I20260518 22:26:26.375506    82 feature_extraction.cc:292]   Dimensions:      4000 x 2250
2026-05-18T22:26:26 COLMAP[feature_extractor] I20260518 22:26:26.375515    82 feature_extraction.cc:295]   Camera:          #1 - SIMPLE_RADIAL
2026-05-18T22:26:26 COLMAP[feature_extractor] I20260518 22:26:26.375525    82 feature_extraction.cc:298]   Focal Length:    2545.54px (Prior)
2026-05-18T22:26:26 COLMAP[feature_extractor] I20260518 22:26:26.375540    82 feature_extraction.cc:302]   Features:        8582 (SIFT)
2026-05-18T22:26:27 COLMAP[feature_extractor] I20260518 22:26:26.575984    82 feature_extraction.cc:316]   GPS:             LAT=40.522, LON=-111.893, ALT=1501.399
2026-05-18T22:26:27 COLMAP[feature_extractor] I20260518 22:26:26.576037    82 feature_extraction.cc:323]   Gravity:         X=0.000, Y=1.000, Z=0.000
2026-05-18T22:26:27 COLMAP[feature_extractor] I20260518 22:26:26.586103    82 feature_extraction.cc:280] Processed file [1605/1710]
2026-05-18T22:26:27 COLMAP[feature_extractor] I20260518 22:26:26.587399    82 feature_extraction.cc:283]   Name:            DJI_01604.JPG
2026-05-18T22:26:27 COLMAP[feature_extractor] I20260518 22:26:26.587710    82 feature_extraction.cc:292]   Dimensions:      4000 x 2250
2026-05-18T22:26:27 COLMAP[feature_extractor] I20260518 22:26:26.587936    82 feature_extraction.cc:295]   Camera:          #1 - SIMPLE_RADIAL
2026-05-18T22:26:27 COLMAP[feature_extractor] I20260518 22:26:26.588171    82 feature_extraction.cc:298]   Focal Length:    2545.54px (Prior)
2026-05-18T22:26:27 COLMAP[feature_extractor] I20260518 22:26:26.588402    82 feature_extraction.cc:302]   Features:        10895 (SIFT)
2026-05-18T22:26:27 COLMAP[feature_extractor] I20260518 22:26:26.843145    82 feature_extraction.cc:316]   GPS:             LAT=40.522, LON=-111.893, ALT=1500.699
2026-05-18T22:26:27 COLMAP[feature_extractor] I20260518 22:26:26.843194    82 feature_extraction.cc:323]   Gravity:         X=0.000, Y=1.000, Z=0.000
2026-05-18T22:26:30 COLMAP[feature_extractor] I20260518 22:26:28.937201    82 feature_extraction.cc:280] Processed file [1606/1710]
2026-05-18T22:26:30 COLMAP[feature_extractor] I20260518 22:26:28.937248    82 feature_extraction.cc:283]   Name:            DJI_01606.JPG
2026-05-18T22:26:30 COLMAP[feature_extractor] I20260518 22:26:28.937260    82 feature_extraction.cc:292]   Dimensions:      4000 x 2250
2026-05-18T22:26:30 COLMAP[feature_extractor] I20260518 22:26:28.937271    82 feature_extraction.cc:295]   Camera:          #1 - SIMPLE_RADIAL
2026-05-18T22:26:30 COLMAP[feature_extractor] I20260518 22:26:28.937282    82 feature_extraction.cc:298]   Focal Length:    2545.54px (Prior)
2026-05-18T22:26:30 COLMAP[feature_extractor] I20260518 22:26:28.937297    82 feature_extraction.cc:302]   Features:        10074 (SIFT)
2026-05-18T22:26:30 COLMAP[feature_extractor] I20260518 22:26:29.243767    82 feature_extraction.cc:316]   GPS:             LAT=40.522, LON=-111.893, ALT=1500.999
2026-05-18T22:26:30 COLMAP[feature_extractor] I20260518 22:26:29.243815    82 feature_extraction.cc:323]   Gravity:         X=0.000, Y=1.000, Z=0.000
2026-05-18T22:26:32 COLMAP[feature_extractor] I20260518 22:26:31.910895    82 feature_extraction.cc:280] Processed file [1607/1710]
2026-05-18T22:26:32 COLMAP[feature_extractor] I20260518 22:26:31.910952    82 feature_extraction.cc:283]   Name:            DJI_01607.JPG
2026-05-18T22:26:32 COLMAP[feature_extractor] I20260518 22:26:31.910965    82 feature_extraction.cc:292]   Dimensions:      4000 x 2250
2026-05-18T22:26:32 COLMAP[feature_extractor] I20260518 22:26:31.910975    82 feature_extraction.cc:295]   Camera:          #1 - SIMPLE_RADIAL
2026-05-18T22:26:32 COLMAP[feature_extractor] I20260518 22:26:31.910987    82 feature_extraction.cc:298]   Focal Length:    2545.54px (Prior)
2026-05-18T22:26:32 COLMAP[feature_extractor] I20260518 22:26:31.911002    82 feature_extraction.cc:302]   Features:        9669 (SIFT)
2026-05-18T22:26:33 COLMAP[feature_extractor] I20260518 22:26:32.279160    82 feature_extraction.cc:316]   GPS:             LAT=40.522, LON=-111.892, ALT=1501.399
2026-05-18T22:26:33 COLMAP[feature_extractor] I20260518 22:26:32.279220    82 feature_extraction.cc:323]   Gravity:         X=0.000, Y=1.000, Z=0.000
2026-05-18T22:26:36 COLMAP[feature_extractor] I20260518 22:26:35.474229    82 feature_extraction.cc:280] Processed file [1608/1710]
2026-05-18T22:26:36 COLMAP[feature_extractor] I20260518 22:26:35.474290    82 feature_extraction.cc:283]   Name:            DJI_01608.JPG
2026-05-18T22:26:36 COLMAP[feature_extractor] I20260518 22:26:35.474303    82 feature_extraction.cc:292]   Dimensions:      4000 x 2250
2026-05-18T22:26:36 COLMAP[feature_extractor] I20260518 22:26:35.474311    82 feature_extraction.cc:295]   Camera:          #1 - SIMPLE_RADIAL
2026-05-18T22:26:36 COLMAP[feature_extractor] I20260518 22:26:35.474320    82 feature_extraction.cc:298]   Focal Length:    2545.54px (Prior)
2026-05-18T22:26:36 COLMAP[feature_extractor] I20260518 22:26:35.474335    82 feature_extraction.cc:302]   Features:        10360 (SIFT)
2026-05-18T22:26:36 COLMAP[feature_extractor] I20260518 22:26:35.784840    82 feature_extraction.cc:316]   GPS:             LAT=40.522, LON=-111.892, ALT=1501.799
2026-05-18T22:26:36 COLMAP[feature_extractor] I20260518 22:26:35.784899    82 feature_extraction.cc:323]   Gravity:         X=0.000, Y=1.000, Z=0.000
2026-05-18T22:26:36 COLMAP[feature_extractor] I20260518 22:26:35.787940    82 feature_extraction.cc:280] Processed file [1609/1710]
2026-05-18T22:26:36 COLMAP[feature_extractor] I20260518 22:26:35.787976    82 feature_extraction.cc:283]   Name:            DJI_01609.JPG
2026-05-18T22:26:36 COLMAP[feature_extractor] I20260518 22:26:35.787986    82 feature_extraction.cc:292]   Dimensions:      4000 x 2250
2026-05-18T22:26:36 COLMAP[feature_extractor] I20260518 22:26:35.787997    82 feature_extraction.cc:295]   Camera:          #1 - SIMPLE_RADIAL
2026-05-18T22:26:36 COLMAP[feature_extractor] I20260518 22:26:35.788028    82 feature_extraction.cc:298]   Focal Length:    2545.54px (Prior)
2026-05-18T22:26:36 COLMAP[feature_extractor] I20260518 22:26:35.788040    82 feature_extraction.cc:302]   Features:        11310 (SIFT)
2026-05-18T22:26:36 COLMAP[feature_extractor] I20260518 22:26:35.788084    82 feature_extraction.cc:316]   GPS:             LAT=40.522, LON=-111.892, ALT=1501.299
2026-05-18T22:26:36 COLMAP[feature_extractor] I20260518 22:26:35.788097    82 feature_extraction.cc:323]   Gravity:         X=0.000, Y=1.000, Z=0.000
2026-05-18T22:26:38 COLMAP[feature_extractor] I20260518 22:26:38.266021    82 feature_extraction.cc:280] Processed file [1610/1710]
2026-05-18T22:26:38 COLMAP[feature_extractor] I20260518 22:26:38.266079    82 feature_extraction.cc:283]   Name:            DJI_01610.JPG
2026-05-18T22:26:38 COLMAP[feature_extractor] I20260518 22:26:38.266091    82 feature_extraction.cc:292]   Dimensions:      4000 x 2250
2026-05-18T22:26:38 COLMAP[feature_extractor] I20260518 22:26:38.266103    82 feature_extraction.cc:295]   Camera:          #1 - SIMPLE_RADIAL
2026-05-18T22:26:38 COLMAP[feature_extractor] I20260518 22:26:38.266114    82 feature_extraction.cc:298]   Focal Length:    2545.54px (Prior)
2026-05-18T22:26:38 COLMAP[feature_extractor] I20260518 22:26:38.266130    82 feature_extraction.cc:302]   Features:        11320 (SIFT)
2026-05-18T22:26:38 COLMAP[feature_extractor] I20260518 22:26:38.477121    82 feature_extraction.cc:316]   GPS:             LAT=40.522, LON=-111.892, ALT=1501.899
2026-05-18T22:26:38 COLMAP[feature_extractor] I20260518 22:26:38.477177    82 feature_extraction.cc:323]   Gravity:         X=0.000, Y=1.000, Z=0.000
2026-05-18T22:26:41 COLMAP[feature_extractor] I20260518 22:26:41.207139    82 feature_extraction.cc:280] Processed file [1611/1710]
2026-05-18T22:26:41 COLMAP[feature_extractor] I20260518 22:26:41.207191    82 feature_extraction.cc:283]   Name:            DJI_01611.JPG
2026-05-18T22:26:41 COLMAP[feature_extractor] I20260518 22:26:41.207203    82 feature_extraction.cc:292]   Dimensions:      4000 x 2250
2026-05-18T22:26:41 COLMAP[feature_extractor] I20260518 22:26:41.207213    82 feature_extraction.cc:295]   Camera:          #1 - SIMPLE_RADIAL
2026-05-18T22:26:41 COLMAP[feature_extractor] I20260518 22:26:41.207226    82 feature_extraction.cc:298]   Focal Length:    2545.54px (Prior)
2026-05-18T22:26:41 COLMAP[feature_extractor] I20260518 22:26:41.207240    82 feature_extraction.cc:302]   Features:        11190 (SIFT)
2026-05-18T22:26:41 COLMAP[feature_extractor] I20260518 22:26:41.564735    82 feature_extraction.cc:316]   GPS:             LAT=40.522, LON=-111.892, ALT=1501.799
2026-05-18T22:26:41 COLMAP[feature_extractor] I20260518 22:26:41.564795    82 feature_extraction.cc:323]   Gravity:         X=0.000, Y=1.000, Z=0.000
2026-05-18T22:26:45 COLMAP[feature_extractor] I20260518 22:26:44.731415    82 feature_extraction.cc:280] Processed file [1612/1710]
2026-05-18T22:26:45 COLMAP[feature_extractor] I20260518 22:26:44.731477    82 feature_extraction.cc:283]   Name:            DJI_01613.JPG
2026-05-18T22:26:45 COLMAP[feature_extractor] I20260518 22:26:44.731489    82 feature_extraction.cc:292]   Dimensions:      4000 x 2250
2026-05-18T22:26:45 COLMAP[feature_extractor] I20260518 22:26:44.731500    82 feature_extraction.cc:295]   Camera:          #1 - SIMPLE_RADIAL
2026-05-18T22:26:45 COLMAP[feature_extractor] I20260518 22:26:44.731513    82 feature_extraction.cc:298]   Focal Length:    2545.54px (Prior)
2026-05-18T22:26:45 COLMAP[feature_extractor] I20260518 22:26:44.731528    82 feature_extraction.cc:302]   Features:        9987 (SIFT)
2026-05-18T22:26:45 COLMAP[feature_extractor] I20260518 22:26:44.997089    82 feature_extraction.cc:316]   GPS:             LAT=40.522, LON=-111.892, ALT=1496.299
2026-05-18T22:26:45 COLMAP[feature_extractor] I20260518 22:26:44.997144    82 feature_extraction.cc:323]   Gravity:         X=0.000, Y=1.000, Z=0.000
2026-05-18T22:26:45 COLMAP[feature_extractor] I20260518 22:26:45.000093    82 feature_extraction.cc:280] Processed file [1613/1710]
2026-05-18T22:26:45 COLMAP[feature_extractor] I20260518 22:26:45.000126    82 feature_extraction.cc:283]   Name:            DJI_01612.JPG
2026-05-18T22:26:45 COLMAP[feature_extractor] I20260518 22:26:45.000138    82 feature_extraction.cc:292]   Dimensions:      4000 x 2250
2026-05-18T22:26:45 COLMAP[feature_extractor] I20260518 22:26:45.000149    82 feature_extraction.cc:295]   Camera:          #1 - SIMPLE_RADIAL
2026-05-18T22:26:45 COLMAP[feature_extractor] I20260518 22:26:45.000160    82 feature_extraction.cc:298]   Focal Length:    2545.54px (Prior)
2026-05-18T22:26:45 COLMAP[feature_extractor] I20260518 22:26:45.000174    82 feature_extraction.cc:302]   Features:        10989 (SIFT)
2026-05-18T22:26:45 COLMAP[feature_extractor] I20260518 22:26:45.000217    82 feature_extraction.cc:316]   GPS:             LAT=40.522, LON=-111.892, ALT=1501.299
2026-05-18T22:26:45 COLMAP[feature_extractor] I20260518 22:26:45.000232    82 feature_extraction.cc:323]   Gravity:         X=0.000, Y=1.000, Z=0.000
2026-05-18T22:26:48 COLMAP[feature_extractor] I20260518 22:26:47.614141    82 feature_extraction.cc:280] Processed file [1614/1710]
2026-05-18T22:26:48 COLMAP[feature_extractor] I20260518 22:26:47.614202    82 feature_extraction.cc:283]   Name:            DJI_01614.JPG
2026-05-18T22:26:48 COLMAP[feature_extractor] I20260518 22:26:47.614213    82 feature_extraction.cc:292]   Dimensions:      4000 x 2250
2026-05-18T22:26:48 COLMAP[feature_extractor] I20260518 22:26:47.614224    82 feature_extraction.cc:295]   Camera:          #1 - SIMPLE_RADIAL
2026-05-18T22:26:48 COLMAP[feature_extractor] I20260518 22:26:47.614235    82 feature_extraction.cc:298]   Focal Length:    2545.54px (Prior)
2026-05-18T22:26:48 COLMAP[feature_extractor] I20260518 22:26:47.614250    82 feature_extraction.cc:302]   Features:        9544 (SIFT)
2026-05-18T22:26:48 COLMAP[feature_extractor] I20260518 22:26:47.817699    82 feature_extraction.cc:316]   GPS:             LAT=40.522, LON=-111.893, ALT=1496.099
2026-05-18T22:26:48 COLMAP[feature_extractor] I20260518 22:26:47.817795    82 feature_extraction.cc:323]   Gravity:         X=0.000, Y=1.000, Z=0.000
2026-05-18T22:26:50 COLMAP[feature_extractor] I20260518 22:26:50.439901    82 feature_extraction.cc:280] Processed file [1615/1710]
2026-05-18T22:26:50 COLMAP[feature_extractor] I20260518 22:26:50.439954    82 feature_extraction.cc:283]   Name:            DJI_01615.JPG
2026-05-18T22:26:50 COLMAP[feature_extractor] I20260518 22:26:50.439966    82 feature_extraction.cc:292]   Dimensions:      4000 x 2250
2026-05-18T22:26:50 COLMAP[feature_extractor] I20260518 22:26:50.439977    82 feature_extraction.cc:295]   Camera:          #1 - SIMPLE_RADIAL
2026-05-18T22:26:50 COLMAP[feature_extractor] I20260518 22:26:50.439988    82 feature_extraction.cc:298]   Focal Length:    2545.54px (Prior)
2026-05-18T22:26:50 COLMAP[feature_extractor] I20260518 22:26:50.440004    82 feature_extraction.cc:302]   Features:        8651 (SIFT)
2026-05-18T22:26:50 COLMAP[feature_extractor] I20260518 22:26:50.607632    82 feature_extraction.cc:316]   GPS:             LAT=40.522, LON=-111.893, ALT=1496.199
2026-05-18T22:26:50 COLMAP[feature_extractor] I20260518 22:26:50.607683    82 feature_extraction.cc:323]   Gravity:         X=0.000, Y=1.000, Z=0.000
2026-05-18T22:26:54 COLMAP[feature_extractor] I20260518 22:26:53.808036    82 feature_extraction.cc:280] Processed file [1616/1710]
2026-05-18T22:26:54 COLMAP[feature_extractor] I20260518 22:26:53.808096    82 feature_extraction.cc:283]   Name:            DJI_01616.JPG
2026-05-18T22:26:54 COLMAP[feature_extractor] I20260518 22:26:53.808108    82 feature_extraction.cc:292]   Dimensions:      4000 x 2250
2026-05-18T22:26:54 COLMAP[feature_extractor] I20260518 22:26:53.808120    82 feature_extraction.cc:295]   Camera:          #1 - SIMPLE_RADIAL
2026-05-18T22:26:54 COLMAP[feature_extractor] I20260518 22:26:53.808130    82 feature_extraction.cc:298]   Focal Length:    2545.54px (Prior)
2026-05-18T22:26:54 COLMAP[feature_extractor] I20260518 22:26:53.808146    82 feature_extraction.cc:302]   Features:        10749 (SIFT)
2026-05-18T22:26:54 COLMAP[feature_extractor] I20260518 22:26:54.143981    82 feature_extraction.cc:316]   GPS:             LAT=40.522, LON=-111.893, ALT=1496.599
2026-05-18T22:26:54 COLMAP[feature_extractor] I20260518 22:26:54.144042    82 feature_extraction.cc:323]   Gravity:         X=0.000, Y=1.000, Z=0.000
2026-05-18T22:26:54 COLMAP[feature_extractor] I20260518 22:26:54.154654    82 feature_extraction.cc:280] Processed file [1617/1710]
2026-05-18T22:26:54 COLMAP[feature_extractor] I20260518 22:26:54.167493    82 feature_extraction.cc:283]   Name:            DJI_01617.JPG
2026-05-18T22:26:54 COLMAP[feature_extractor] I20260518 22:26:54.167588    82 feature_extraction.cc:292]   Dimensions:      4000 x 2250
2026-05-18T22:26:54 COLMAP[feature_extractor] I20260518 22:26:54.167625    82 feature_extraction.cc:295]   Camera:          #1 - SIMPLE_RADIAL
2026-05-18T22:26:54 COLMAP[feature_extractor] I20260518 22:26:54.167657    82 feature_extraction.cc:298]   Focal Length:    2545.54px (Prior)
2026-05-18T22:26:54 COLMAP[feature_extractor] I20260518 22:26:54.167690    82 feature_extraction.cc:302]   Features:        10388 (SIFT)
2026-05-18T22:26:54 COLMAP[feature_extractor] I20260518 22:26:54.416518    82 feature_extraction.cc:316]   GPS:             LAT=40.522, LON=-111.893, ALT=1496.099
2026-05-18T22:26:54 COLMAP[feature_extractor] I20260518 22:26:54.416579    82 feature_extraction.cc:323]   Gravity:         X=0.000, Y=1.000, Z=0.000
2026-05-18T22:26:57 COLMAP[feature_extractor] I20260518 22:26:56.785310    82 feature_extraction.cc:280] Processed file [1618/1710]
2026-05-18T22:26:57 COLMAP[feature_extractor] I20260518 22:26:56.785400    82 feature_extraction.cc:283]   Name:            DJI_01618.JPG
2026-05-18T22:26:57 COLMAP[feature_extractor] I20260518 22:26:56.785414    82 feature_extraction.cc:292]   Dimensions:      4000 x 2250
2026-05-18T22:26:57 COLMAP[feature_extractor] I20260518 22:26:56.785425    82 feature_extraction.cc:295]   Camera:          #1 - SIMPLE_RADIAL
2026-05-18T22:26:57 COLMAP[feature_extractor] I20260518 22:26:56.785436    82 feature_extraction.cc:298]   Focal Length:    2545.54px (Prior)
2026-05-18T22:26:57 COLMAP[feature_extractor] I20260518 22:26:56.785452    82 feature_extraction.cc:302]   Features:        11845 (SIFT)
2026-05-18T22:26:57 COLMAP[feature_extractor] I20260518 22:26:57.034193    82 feature_extraction.cc:316]   GPS:             LAT=40.522, LON=-111.893, ALT=1497.099
2026-05-18T22:26:57 COLMAP[feature_extractor] I20260518 22:26:57.034252    82 feature_extraction.cc:323]   Gravity:         X=0.000, Y=1.000, Z=0.000
2026-05-18T22:26:59 COLMAP[feature_extractor] I20260518 22:26:59.616271    82 feature_extraction.cc:280] Processed file [1619/1710]
2026-05-18T22:26:59 COLMAP[feature_extractor] I20260518 22:26:59.616326    82 feature_extraction.cc:283]   Name:            DJI_01619.JPG
2026-05-18T22:26:59 COLMAP[feature_extractor] I20260518 22:26:59.616338    82 feature_extraction.cc:292]   Dimensions:      4000 x 2250
2026-05-18T22:26:59 COLMAP[feature_extractor] I20260518 22:26:59.616349    82 feature_extraction.cc:295]   Camera:          #1 - SIMPLE_RADIAL
2026-05-18T22:26:59 COLMAP[feature_extractor] I20260518 22:26:59.616360    82 feature_extraction.cc:298]   Focal Length:    2545.54px (Prior)
2026-05-18T22:26:59 COLMAP[feature_extractor] I20260518 22:26:59.616375    82 feature_extraction.cc:302]   Features:        10784 (SIFT)
2026-05-18T22:26:59 COLMAP[feature_extractor] I20260518 22:26:59.865367    82 feature_extraction.cc:316]   GPS:             LAT=40.523, LON=-111.894, ALT=1496.799
2026-05-18T22:26:59 COLMAP[feature_extractor] I20260518 22:26:59.865423    82 feature_extraction.cc:323]   Gravity:         X=0.000, Y=1.000, Z=0.000
2026-05-18T22:27:03 COLMAP[feature_extractor] I20260518 22:27:03.065833    82 feature_extraction.cc:280] Processed file [1620/1710]
2026-05-18T22:27:03 COLMAP[feature_extractor] I20260518 22:27:03.065893    82 feature_extraction.cc:283]   Name:            DJI_01620.JPG
2026-05-18T22:27:03 COLMAP[feature_extractor] I20260518 22:27:03.065905    82 feature_extraction.cc:292]   Dimensions:      4000 x 2250
2026-05-18T22:27:03 COLMAP[feature_extractor] I20260518 22:27:03.065917    82 feature_extraction.cc:295]   Camera:          #1 - SIMPLE_RADIAL
2026-05-18T22:27:03 COLMAP[feature_extractor] I20260518 22:27:03.065928    82 feature_extraction.cc:298]   Focal Length:    2545.54px (Prior)
2026-05-18T22:27:03 COLMAP[feature_extractor] I20260518 22:27:03.065944    82 feature_extraction.cc:302]   Features:        9699 (SIFT)
2026-05-18T22:27:04 COLMAP[feature_extractor] I20260518 22:27:03.722077    82 feature_extraction.cc:316]   GPS:             LAT=40.523, LON=-111.894, ALT=1497.199
2026-05-18T22:27:04 COLMAP[feature_extractor] I20260518 22:27:03.722133    82 feature_extraction.cc:323]   Gravity:         X=0.000, Y=1.000, Z=0.000
2026-05-18T22:27:04 COLMAP[feature_extractor] I20260518 22:27:03.725081    82 feature_extraction.cc:280] Processed file [1621/1710]
2026-05-18T22:27:04 COLMAP[feature_extractor] I20260518 22:27:03.725122    82 feature_extraction.cc:283]   Name:            DJI_01621.JPG
2026-05-18T22:27:04 COLMAP[feature_extractor] I20260518 22:27:03.725134    82 feature_extraction.cc:292]   Dimensions:      4000 x 2250
2026-05-18T22:27:04 COLMAP[feature_extractor] I20260518 22:27:03.725144    82 feature_extraction.cc:295]   Camera:          #1 - SIMPLE_RADIAL
2026-05-18T22:27:04 COLMAP[feature_extractor] I20260518 22:27:03.725157    82 feature_extraction.cc:298]   Focal Length:    2545.54px (Prior)
2026-05-18T22:27:04 COLMAP[feature_extractor] I20260518 22:27:03.725169    82 feature_extraction.cc:302]   Features:        9627 (SIFT)
2026-05-18T22:27:04 COLMAP[feature_extractor] I20260518 22:27:03.725214    82 feature_extraction.cc:316]   GPS:             LAT=40.523, LON=-111.894, ALT=1497.299
2026-05-18T22:27:04 COLMAP[feature_extractor] I20260518 22:27:03.725227    82 feature_extraction.cc:323]   Gravity:         X=0.000, Y=1.000, Z=0.000
2026-05-18T22:27:06 COLMAP[feature_extractor] I20260518 22:27:05.975685    82 feature_extraction.cc:280] Processed file [1622/1710]
2026-05-18T22:27:06 COLMAP[feature_extractor] I20260518 22:27:05.975744    82 feature_extraction.cc:283]   Name:            DJI_01622.JPG
2026-05-18T22:27:06 COLMAP[feature_extractor] I20260518 22:27:05.975755    82 feature_extraction.cc:292]   Dimensions:      4000 x 2250
2026-05-18T22:27:06 COLMAP[feature_extractor] I20260518 22:27:05.975766    82 feature_extraction.cc:295]   Camera:          #1 - SIMPLE_RADIAL
2026-05-18T22:27:06 COLMAP[feature_extractor] I20260518 22:27:05.975778    82 feature_extraction.cc:298]   Focal Length:    2545.54px (Prior)
2026-05-18T22:27:06 COLMAP[feature_extractor] I20260518 22:27:05.975795    82 feature_extraction.cc:302]   Features:        10062 (SIFT)
2026-05-18T22:27:06 COLMAP[feature_extractor] I20260518 22:27:06.249403    82 feature_extraction.cc:316]   GPS:             LAT=40.523, LON=-111.894, ALT=1497.099
2026-05-18T22:27:06 COLMAP[feature_extractor] I20260518 22:27:06.249457    82 feature_extraction.cc:323]   Gravity:         X=0.000, Y=1.000, Z=0.000
2026-05-18T22:27:09 COLMAP[feature_extractor] I20260518 22:27:09.156953    82 feature_extraction.cc:280] Processed file [1623/1710]
2026-05-18T22:27:09 COLMAP[feature_extractor] I20260518 22:27:09.157011    82 feature_extraction.cc:283]   Name:            DJI_01623.JPG
2026-05-18T22:27:09 COLMAP[feature_extractor] I20260518 22:27:09.157023    82 feature_extraction.cc:292]   Dimensions:      4000 x 2250
2026-05-18T22:27:09 COLMAP[feature_extractor] I20260518 22:27:09.157033    82 feature_extraction.cc:295]   Camera:          #1 - SIMPLE_RADIAL
2026-05-18T22:27:09 COLMAP[feature_extractor] I20260518 22:27:09.157078    82 feature_extraction.cc:298]   Focal Length:    2545.54px (Prior)
2026-05-18T22:27:09 COLMAP[feature_extractor] I20260518 22:27:09.157094    82 feature_extraction.cc:302]   Features:        9752 (SIFT)
2026-05-18T22:27:09 COLMAP[feature_extractor] I20260518 22:27:09.565723    82 feature_extraction.cc:316]   GPS:             LAT=40.523, LON=-111.894, ALT=1497.099
2026-05-18T22:27:09 COLMAP[feature_extractor] I20260518 22:27:09.565781    82 feature_extraction.cc:323]   Gravity:         X=0.000, Y=1.000, Z=0.000
2026-05-18T22:27:13 COLMAP[feature_extractor] I20260518 22:27:12.366889    82 feature_extraction.cc:280] Processed file [1624/1710]
2026-05-18T22:27:13 COLMAP[feature_extractor] I20260518 22:27:12.366951    82 feature_extraction.cc:283]   Name:            DJI_01624.JPG
2026-05-18T22:27:13 COLMAP[feature_extractor] I20260518 22:27:12.366964    82 feature_extraction.cc:292]   Dimensions:      4000 x 2250
2026-05-18T22:27:13 COLMAP[feature_extractor] I20260518 22:27:12.366974    82 feature_extraction.cc:295]   Camera:          #1 - SIMPLE_RADIAL
2026-05-18T22:27:13 COLMAP[feature_extractor] I20260518 22:27:12.366986    82 feature_extraction.cc:298]   Focal Length:    2545.54px (Prior)
2026-05-18T22:27:13 COLMAP[feature_extractor] I20260518 22:27:12.367002    82 feature_extraction.cc:302]   Features:        10858 (SIFT)
2026-05-18T22:27:13 COLMAP[feature_extractor] I20260518 22:27:12.595429    82 feature_extraction.cc:316]   GPS:             LAT=40.522, LON=-111.894, ALT=1494.199
2026-05-18T22:27:13 COLMAP[feature_extractor] I20260518 22:27:12.595487    82 feature_extraction.cc:323]   Gravity:         X=0.000, Y=1.000, Z=0.000
2026-05-18T22:27:13 COLMAP[feature_extractor] I20260518 22:27:12.721324    82 feature_extraction.cc:280] Processed file [1625/1710]
2026-05-18T22:27:13 COLMAP[feature_extractor] I20260518 22:27:12.721390    82 feature_extraction.cc:283]   Name:            DJI_01625.JPG
2026-05-18T22:27:13 COLMAP[feature_extractor] I20260518 22:27:12.721402    82 feature_extraction.cc:292]   Dimensions:      4000 x 2250
2026-05-18T22:27:13 COLMAP[feature_extractor] I20260518 22:27:12.721412    82 feature_extraction.cc:295]   Camera:          #1 - SIMPLE_RADIAL
2026-05-18T22:27:13 COLMAP[feature_extractor] I20260518 22:27:12.721424    82 feature_extraction.cc:298]   Focal Length:    2545.54px (Prior)
2026-05-18T22:27:13 COLMAP[feature_extractor] I20260518 22:27:12.721439    82 feature_extraction.cc:302]   Features:        8350 (SIFT)
2026-05-18T22:27:13 COLMAP[feature_extractor] I20260518 22:27:12.906170    82 feature_extraction.cc:316]   GPS:             LAT=40.522, LON=-111.894, ALT=1490.199
2026-05-18T22:27:13 COLMAP[feature_extractor] I20260518 22:27:12.906224    82 feature_extraction.cc:323]   Gravity:         X=0.000, Y=1.000, Z=0.000
2026-05-18T22:27:16 COLMAP[feature_extractor] I20260518 22:27:15.307953    82 feature_extraction.cc:280] Processed file [1626/1710]
2026-05-18T22:27:16 COLMAP[feature_extractor] I20260518 22:27:15.308012    82 feature_extraction.cc:283]   Name:            DJI_01626.JPG
2026-05-18T22:27:16 COLMAP[feature_extractor] I20260518 22:27:15.308025    82 feature_extraction.cc:292]   Dimensions:      4000 x 2250
2026-05-18T22:27:16 COLMAP[feature_extractor] I20260518 22:27:15.308037    82 feature_extraction.cc:295]   Camera:          #1 - SIMPLE_RADIAL
2026-05-18T22:27:16 COLMAP[feature_extractor] I20260518 22:27:15.308049    82 feature_extraction.cc:298]   Focal Length:    2545.54px (Prior)
2026-05-18T22:27:16 COLMAP[feature_extractor] I20260518 22:27:15.308066    82 feature_extraction.cc:302]   Features:        11105 (SIFT)
2026-05-18T22:27:16 COLMAP[feature_extractor] I20260518 22:27:15.589731    82 feature_extraction.cc:316]   GPS:             LAT=40.522, LON=-111.894, ALT=1484.199
2026-05-18T22:27:16 COLMAP[feature_extractor] I20260518 22:27:15.589787    82 feature_extraction.cc:323]   Gravity:         X=0.000, Y=1.000, Z=0.000
2026-05-18T22:27:19 COLMAP[feature_extractor] I20260518 22:27:18.432453    82 feature_extraction.cc:280] Processed file [1627/1710]
2026-05-18T22:27:19 COLMAP[feature_extractor] I20260518 22:27:18.432505    82 feature_extraction.cc:283]   Name:            DJI_01627.JPG
2026-05-18T22:27:19 COLMAP[feature_extractor] I20260518 22:27:18.432518    82 feature_extraction.cc:292]   Dimensions:      4000 x 2250
2026-05-18T22:27:19 COLMAP[feature_extractor] I20260518 22:27:18.432529    82 feature_extraction.cc:295]   Camera:          #1 - SIMPLE_RADIAL
2026-05-18T22:27:19 COLMAP[feature_extractor] I20260518 22:27:18.432540    82 feature_extraction.cc:298]   Focal Length:    2545.54px (Prior)
2026-05-18T22:27:19 COLMAP[feature_extractor] I20260518 22:27:18.432556    82 feature_extraction.cc:302]   Features:        11226 (SIFT)
2026-05-18T22:27:19 COLMAP[feature_extractor] I20260518 22:27:18.780570    82 feature_extraction.cc:316]   GPS:             LAT=40.522, LON=-111.894, ALT=1481.099
2026-05-18T22:27:19 COLMAP[feature_extractor] I20260518 22:27:18.780630    82 feature_extraction.cc:323]   Gravity:         X=0.000, Y=1.000, Z=0.000
2026-05-18T22:27:22 COLMAP[feature_extractor] I20260518 22:27:21.529984    82 feature_extraction.cc:280] Processed file [1628/1710]
2026-05-18T22:27:22 COLMAP[feature_extractor] I20260518 22:27:21.530046    82 feature_extraction.cc:283]   Name:            DJI_01628.JPG
2026-05-18T22:27:22 COLMAP[feature_extractor] I20260518 22:27:21.530059    82 feature_extraction.cc:292]   Dimensions:      4000 x 2250
2026-05-18T22:27:22 COLMAP[feature_extractor] I20260518 22:27:21.530071    82 feature_extraction.cc:295]   Camera:          #1 - SIMPLE_RADIAL
2026-05-18T22:27:22 COLMAP[feature_extractor] I20260518 22:27:21.530081    82 feature_extraction.cc:298]   Focal Length:    2545.54px (Prior)
2026-05-18T22:27:22 COLMAP[feature_extractor] I20260518 22:27:21.530097    82 feature_extraction.cc:302]   Features:        11088 (SIFT)
2026-05-18T22:27:22 COLMAP[feature_extractor] I20260518 22:27:21.807013    82 feature_extraction.cc:316]   GPS:             LAT=40.522, LON=-111.894, ALT=1480.699
2026-05-18T22:27:22 COLMAP[feature_extractor] I20260518 22:27:21.807103    82 feature_extraction.cc:323]   Gravity:         X=0.000, Y=1.000, Z=0.000
2026-05-18T22:27:22 COLMAP[feature_extractor] I20260518 22:27:21.818737    82 feature_extraction.cc:280] Processed file [1629/1710]
2026-05-18T22:27:22 COLMAP[feature_extractor] I20260518 22:27:21.818780    82 feature_extraction.cc:283]   Name:            DJI_01629.JPG
2026-05-18T22:27:22 COLMAP[feature_extractor] I20260518 22:27:21.818792    82 feature_extraction.cc:292]   Dimensions:      4000 x 2250
2026-05-18T22:27:22 COLMAP[feature_extractor] I20260518 22:27:21.818804    82 feature_extraction.cc:295]   Camera:          #1 - SIMPLE_RADIAL
2026-05-18T22:27:22 COLMAP[feature_extractor] I20260518 22:27:21.818813    82 feature_extraction.cc:298]   Focal Length:    2545.54px (Prior)
2026-05-18T22:27:22 COLMAP[feature_extractor] I20260518 22:27:21.818828    82 feature_extraction.cc:302]   Features:        10891 (SIFT)
2026-05-18T22:27:22 COLMAP[feature_extractor] I20260518 22:27:22.101073    82 feature_extraction.cc:316]   GPS:             LAT=40.522, LON=-111.894, ALT=1481.299
2026-05-18T22:27:22 COLMAP[feature_extractor] I20260518 22:27:22.101120    82 feature_extraction.cc:323]   Gravity:         X=0.000, Y=1.000, Z=0.000
2026-05-18T22:27:24 COLMAP[feature_extractor] I20260518 22:27:24.501024    82 feature_extraction.cc:280] Processed file [1630/1710]
2026-05-18T22:27:24 COLMAP[feature_extractor] I20260518 22:27:24.501085    82 feature_extraction.cc:283]   Name:            DJI_01630.JPG
2026-05-18T22:27:24 COLMAP[feature_extractor] I20260518 22:27:24.501098    82 feature_extraction.cc:292]   Dimensions:      4000 x 2250
2026-05-18T22:27:24 COLMAP[feature_extractor] I20260518 22:27:24.501109    82 feature_extraction.cc:295]   Camera:          #1 - SIMPLE_RADIAL
2026-05-18T22:27:24 COLMAP[feature_extractor] I20260518 22:27:24.501120    82 feature_extraction.cc:298]   Focal Length:    2545.54px (Prior)
2026-05-18T22:27:24 COLMAP[feature_extractor] I20260518 22:27:24.501137    82 feature_extraction.cc:302]   Features:        10661 (SIFT)
2026-05-18T22:27:26 COLMAP[feature_extractor] I20260518 22:27:24.810532    82 feature_extraction.cc:316]   GPS:             LAT=40.522, LON=-111.894, ALT=1481.599
2026-05-18T22:27:26 COLMAP[feature_extractor] I20260518 22:27:24.810591    82 feature_extraction.cc:323]   Gravity:         X=0.000, Y=1.000, Z=0.000
2026-05-18T22:27:28 COLMAP[feature_extractor] I20260518 22:27:27.755913    82 feature_extraction.cc:280] Processed file [1631/1710]
2026-05-18T22:27:28 COLMAP[feature_extractor] I20260518 22:27:27.755999    82 feature_extraction.cc:283]   Name:            DJI_01631.JPG
2026-05-18T22:27:28 COLMAP[feature_extractor] I20260518 22:27:27.756013    82 feature_extraction.cc:292]   Dimensions:      4000 x 2250
2026-05-18T22:27:28 COLMAP[feature_extractor] I20260518 22:27:27.756023    82 feature_extraction.cc:295]   Camera:          #1 - SIMPLE_RADIAL
2026-05-18T22:27:28 COLMAP[feature_extractor] I20260518 22:27:27.756035    82 feature_extraction.cc:298]   Focal Length:    2545.54px (Prior)
2026-05-18T22:27:28 COLMAP[feature_extractor] I20260518 22:27:27.756050    82 feature_extraction.cc:302]   Features:        11280 (SIFT)
2026-05-18T22:27:28 COLMAP[feature_extractor] I20260518 22:27:28.012207    82 feature_extraction.cc:316]   GPS:             LAT=40.522, LON=-111.894, ALT=1481.999
2026-05-18T22:27:28 COLMAP[feature_extractor] I20260518 22:27:28.012264    82 feature_extraction.cc:323]   Gravity:         X=0.000, Y=1.000, Z=0.000
2026-05-18T22:27:30 COLMAP[feature_extractor] I20260518 22:27:30.699606    82 feature_extraction.cc:280] Processed file [1632/1710]
2026-05-18T22:27:30 COLMAP[feature_extractor] I20260518 22:27:30.699669    82 feature_extraction.cc:283]   Name:            DJI_01632.JPG
2026-05-18T22:27:30 COLMAP[feature_extractor] I20260518 22:27:30.699683    82 feature_extraction.cc:292]   Dimensions:      4000 x 2250
2026-05-18T22:27:30 COLMAP[feature_extractor] I20260518 22:27:30.699694    82 feature_extraction.cc:295]   Camera:          #1 - SIMPLE_RADIAL
2026-05-18T22:27:30 COLMAP[feature_extractor] I20260518 22:27:30.699705    82 feature_extraction.cc:298]   Focal Length:    2545.54px (Prior)
2026-05-18T22:27:30 COLMAP[feature_extractor] I20260518 22:27:30.699720    82 feature_extraction.cc:302]   Features:        8770 (SIFT)
2026-05-18T22:27:31 COLMAP[feature_extractor] I20260518 22:27:30.971218    82 feature_extraction.cc:316]   GPS:             LAT=40.523, LON=-111.894, ALT=1481.899
2026-05-18T22:27:31 COLMAP[feature_extractor] I20260518 22:27:30.971278    82 feature_extraction.cc:323]   Gravity:         X=0.000, Y=1.000, Z=0.000
2026-05-18T22:27:31 COLMAP[feature_extractor] I20260518 22:27:30.990094    82 feature_extraction.cc:280] Processed file [1633/1710]
2026-05-18T22:27:31 COLMAP[feature_extractor] I20260518 22:27:30.990144    82 feature_extraction.cc:283]   Name:            DJI_01633.JPG
2026-05-18T22:27:31 COLMAP[feature_extractor] I20260518 22:27:30.990155    82 feature_extraction.cc:292]   Dimensions:      4000 x 2250
2026-05-18T22:27:31 COLMAP[feature_extractor] I20260518 22:27:30.990166    82 feature_extraction.cc:295]   Camera:          #1 - SIMPLE_RADIAL
2026-05-18T22:27:31 COLMAP[feature_extractor] I20260518 22:27:30.990177    82 feature_extraction.cc:298]   Focal Length:    2545.54px (Prior)
2026-05-18T22:27:31 COLMAP[feature_extractor] I20260518 22:27:30.990191    82 feature_extraction.cc:302]   Features:        8843 (SIFT)
2026-05-18T22:27:31 COLMAP[feature_extractor] I20260518 22:27:31.229974    82 feature_extraction.cc:316]   GPS:             LAT=40.523, LON=-111.894, ALT=1481.699
2026-05-18T22:27:31 COLMAP[feature_extractor] I20260518 22:27:31.230026    82 feature_extraction.cc:323]   Gravity:         X=0.000, Y=1.000, Z=0.000
2026-05-18T22:27:33 COLMAP[feature_extractor] I20260518 22:27:33.697732    82 feature_extraction.cc:280] Processed file [1634/1710]
2026-05-18T22:27:33 COLMAP[feature_extractor] I20260518 22:27:33.697788    82 feature_extraction.cc:283]   Name:            DJI_01634.JPG
2026-05-18T22:27:33 COLMAP[feature_extractor] I20260518 22:27:33.697800    82 feature_extraction.cc:292]   Dimensions:      4000 x 2250
2026-05-18T22:27:33 COLMAP[feature_extractor] I20260518 22:27:33.697811    82 feature_extraction.cc:295]   Camera:          #1 - SIMPLE_RADIAL
2026-05-18T22:27:33 COLMAP[feature_extractor] I20260518 22:27:33.697822    82 feature_extraction.cc:298]   Focal Length:    2545.54px (Prior)
2026-05-18T22:27:33 COLMAP[feature_extractor] I20260518 22:27:33.697839    82 feature_extraction.cc:302]   Features:        11081 (SIFT)
2026-05-18T22:27:34 COLMAP[feature_extractor] I20260518 22:27:33.942652    82 feature_extraction.cc:316]   GPS:             LAT=40.521, LON=-111.894, ALT=1416.551
2026-05-18T22:27:34 COLMAP[feature_extractor] I20260518 22:27:33.942711    82 feature_extraction.cc:323]   Gravity:         X=0.000, Y=1.000, Z=0.000
2026-05-18T22:27:36 COLMAP[feature_extractor] I20260518 22:27:36.932444    82 feature_extraction.cc:280] Processed file [1635/1710]
2026-05-18T22:27:36 COLMAP[feature_extractor] I20260518 22:27:36.932500    82 feature_extraction.cc:283]   Name:            DJI_01635.JPG
2026-05-18T22:27:36 COLMAP[feature_extractor] I20260518 22:27:36.932513    82 feature_extraction.cc:292]   Dimensions:      4000 x 2250
2026-05-18T22:27:36 COLMAP[feature_extractor] I20260518 22:27:36.932524    82 feature_extraction.cc:295]   Camera:          #1 - SIMPLE_RADIAL
2026-05-18T22:27:36 COLMAP[feature_extractor] I20260518 22:27:36.932535    82 feature_extraction.cc:298]   Focal Length:    2545.54px (Prior)
2026-05-18T22:27:36 COLMAP[feature_extractor] I20260518 22:27:36.932551    82 feature_extraction.cc:302]   Features:        10803 (SIFT)
2026-05-18T22:27:38 COLMAP[feature_extractor] I20260518 22:27:37.140151    82 feature_extraction.cc:316]   GPS:             LAT=40.521, LON=-111.894, ALT=1417.251
2026-05-18T22:27:38 COLMAP[feature_extractor] I20260518 22:27:37.140208    82 feature_extraction.cc:323]   Gravity:         X=0.000, Y=1.000, Z=0.000
2026-05-18T22:27:40 COLMAP[feature_extractor] I20260518 22:27:39.977751    82 feature_extraction.cc:280] Processed file [1636/1710]
2026-05-18T22:27:40 COLMAP[feature_extractor] I20260518 22:27:39.977798    82 feature_extraction.cc:283]   Name:            DJI_01636.JPG
2026-05-18T22:27:40 COLMAP[feature_extractor] I20260518 22:27:39.977810    82 feature_extraction.cc:292]   Dimensions:      4000 x 2250
2026-05-18T22:27:40 COLMAP[feature_extractor] I20260518 22:27:39.977821    82 feature_extraction.cc:295]   Camera:          #1 - SIMPLE_RADIAL
2026-05-18T22:27:40 COLMAP[feature_extractor] I20260518 22:27:39.977860    82 feature_extraction.cc:298]   Focal Length:    2545.54px (Prior)
2026-05-18T22:27:40 COLMAP[feature_extractor] I20260518 22:27:39.977876    82 feature_extraction.cc:302]   Features:        8822 (SIFT)
2026-05-18T22:27:40 COLMAP[feature_extractor] I20260518 22:27:40.288059    82 feature_extraction.cc:316]   GPS:             LAT=40.521, LON=-111.894, ALT=1416.351
2026-05-18T22:27:40 COLMAP[feature_extractor] I20260518 22:27:40.288111    82 feature_extraction.cc:323]   Gravity:         X=0.000, Y=1.000, Z=0.000
2026-05-18T22:27:40 COLMAP[feature_extractor] I20260518 22:27:40.295284    82 feature_extraction.cc:280] Processed file [1637/1710]
2026-05-18T22:27:40 COLMAP[feature_extractor] I20260518 22:27:40.295320    82 feature_extraction.cc:283]   Name:            DJI_01637.JPG
2026-05-18T22:27:40 COLMAP[feature_extractor] I20260518 22:27:40.295332    82 feature_extraction.cc:292]   Dimensions:      4000 x 2250
2026-05-18T22:27:40 COLMAP[feature_extractor] I20260518 22:27:40.295343    82 feature_extraction.cc:295]   Camera:          #1 - SIMPLE_RADIAL
2026-05-18T22:27:40 COLMAP[feature_extractor] I20260518 22:27:40.295354    82 feature_extraction.cc:298]   Focal Length:    2545.54px (Prior)
2026-05-18T22:27:40 COLMAP[feature_extractor] I20260518 22:27:40.295379    82 feature_extraction.cc:302]   Features:        8795 (SIFT)
2026-05-18T22:27:40 COLMAP[feature_extractor] I20260518 22:27:40.295428    82 feature_extraction.cc:316]   GPS:             LAT=40.521, LON=-111.894, ALT=1416.351
2026-05-18T22:27:40 COLMAP[feature_extractor] I20260518 22:27:40.295444    82 feature_extraction.cc:323]   Gravity:         X=0.000, Y=1.000, Z=0.000
2026-05-18T22:27:43 COLMAP[feature_extractor] I20260518 22:27:42.916221    82 feature_extraction.cc:280] Processed file [1638/1710]
2026-05-18T22:27:43 COLMAP[feature_extractor] I20260518 22:27:42.916276    82 feature_extraction.cc:283]   Name:            DJI_01638.JPG
2026-05-18T22:27:43 COLMAP[feature_extractor] I20260518 22:27:42.916288    82 feature_extraction.cc:292]   Dimensions:      4000 x 2250
2026-05-18T22:27:43 COLMAP[feature_extractor] I20260518 22:27:42.916299    82 feature_extraction.cc:295]   Camera:          #1 - SIMPLE_RADIAL
2026-05-18T22:27:43 COLMAP[feature_extractor] I20260518 22:27:42.916311    82 feature_extraction.cc:298]   Focal Length:    2545.54px (Prior)
2026-05-18T22:27:43 COLMAP[feature_extractor] I20260518 22:27:42.916325    82 feature_extraction.cc:302]   Features:        9094 (SIFT)
2026-05-18T22:27:43 COLMAP[feature_extractor] I20260518 22:27:43.137878    82 feature_extraction.cc:316]   GPS:             LAT=40.521, LON=-111.893, ALT=1416.451
2026-05-18T22:27:43 COLMAP[feature_extractor] I20260518 22:27:43.137929    82 feature_extraction.cc:323]   Gravity:         X=0.000, Y=1.000, Z=0.000
2026-05-18T22:27:46 COLMAP[feature_extractor] I20260518 22:27:46.240454    82 feature_extraction.cc:280] Processed file [1639/1710]
2026-05-18T22:27:46 COLMAP[feature_extractor] I20260518 22:27:46.240513    82 feature_extraction.cc:283]   Name:            DJI_01639.JPG
2026-05-18T22:27:46 COLMAP[feature_extractor] I20260518 22:27:46.240526    82 feature_extraction.cc:292]   Dimensions:      4000 x 2250
2026-05-18T22:27:46 COLMAP[feature_extractor] I20260518 22:27:46.240536    82 feature_extraction.cc:295]   Camera:          #1 - SIMPLE_RADIAL
2026-05-18T22:27:46 COLMAP[feature_extractor] I20260518 22:27:46.240548    82 feature_extraction.cc:298]   Focal Length:    2545.54px (Prior)
2026-05-18T22:27:46 COLMAP[feature_extractor] I20260518 22:27:46.240564    82 feature_extraction.cc:302]   Features:        9184 (SIFT)
2026-05-18T22:27:47 COLMAP[feature_extractor] I20260518 22:27:46.480878    82 feature_extraction.cc:316]   GPS:             LAT=40.521, LON=-111.893, ALT=1416.551
2026-05-18T22:27:47 COLMAP[feature_extractor] I20260518 22:27:46.480934    82 feature_extraction.cc:323]   Gravity:         X=0.000, Y=1.000, Z=0.000
2026-05-18T22:27:49 COLMAP[feature_extractor] I20260518 22:27:49.108734    82 feature_extraction.cc:280] Processed file [1640/1710]
2026-05-18T22:27:49 COLMAP[feature_extractor] I20260518 22:27:49.108786    82 feature_extraction.cc:283]   Name:            DJI_01640.JPG
2026-05-18T22:27:49 COLMAP[feature_extractor] I20260518 22:27:49.108798    82 feature_extraction.cc:292]   Dimensions:      4000 x 2250
2026-05-18T22:27:49 COLMAP[feature_extractor] I20260518 22:27:49.108809    82 feature_extraction.cc:295]   Camera:          #1 - SIMPLE_RADIAL
2026-05-18T22:27:49 COLMAP[feature_extractor] I20260518 22:27:49.108821    82 feature_extraction.cc:298]   Focal Length:    2545.54px (Prior)
2026-05-18T22:27:49 COLMAP[feature_extractor] I20260518 22:27:49.108836    82 feature_extraction.cc:302]   Features:        9226 (SIFT)
2026-05-18T22:27:49 COLMAP[feature_extractor] I20260518 22:27:49.375873    82 feature_extraction.cc:316]   GPS:             LAT=40.521, LON=-111.893, ALT=1415.951
2026-05-18T22:27:49 COLMAP[feature_extractor] I20260518 22:27:49.375928    82 feature_extraction.cc:323]   Gravity:         X=0.000, Y=1.000, Z=0.000
2026-05-18T22:27:50 COLMAP[feature_extractor] I20260518 22:27:49.679406    82 feature_extraction.cc:280] Processed file [1641/1710]
2026-05-18T22:27:50 COLMAP[feature_extractor] I20260518 22:27:49.679458    82 feature_extraction.cc:283]   Name:            DJI_01641.JPG
2026-05-18T22:27:50 COLMAP[feature_extractor] I20260518 22:27:49.679471    82 feature_extraction.cc:292]   Dimensions:      4000 x 2250
2026-05-18T22:27:50 COLMAP[feature_extractor] I20260518 22:27:49.679481    82 feature_extraction.cc:295]   Camera:          #1 - SIMPLE_RADIAL
2026-05-18T22:27:50 COLMAP[feature_extractor] I20260518 22:27:49.679493    82 feature_extraction.cc:298]   Focal Length:    2545.54px (Prior)
2026-05-18T22:27:50 COLMAP[feature_extractor] I20260518 22:27:49.679508    82 feature_extraction.cc:302]   Features:        9208 (SIFT)
2026-05-18T22:27:50 COLMAP[feature_extractor] I20260518 22:27:49.981498    82 feature_extraction.cc:316]   GPS:             LAT=40.521, LON=-111.893, ALT=1416.251
2026-05-18T22:27:50 COLMAP[feature_extractor] I20260518 22:27:49.981580    82 feature_extraction.cc:323]   Gravity:         X=0.000, Y=1.000, Z=0.000
2026-05-18T22:27:52 COLMAP[feature_extractor] I20260518 22:27:52.156184    82 feature_extraction.cc:280] Processed file [1642/1710]
2026-05-18T22:27:52 COLMAP[feature_extractor] I20260518 22:27:52.156251    82 feature_extraction.cc:283]   Name:            DJI_01642.JPG
2026-05-18T22:27:52 COLMAP[feature_extractor] I20260518 22:27:52.156265    82 feature_extraction.cc:292]   Dimensions:      4000 x 2250
2026-05-18T22:27:52 COLMAP[feature_extractor] I20260518 22:27:52.156275    82 feature_extraction.cc:295]   Camera:          #1 - SIMPLE_RADIAL
2026-05-18T22:27:52 COLMAP[feature_extractor] I20260518 22:27:52.156287    82 feature_extraction.cc:298]   Focal Length:    2545.54px (Prior)
2026-05-18T22:27:52 COLMAP[feature_extractor] I20260518 22:27:52.156302    82 feature_extraction.cc:302]   Features:        9327 (SIFT)
2026-05-18T22:27:52 COLMAP[feature_extractor] I20260518 22:27:52.432056    82 feature_extraction.cc:316]   GPS:             LAT=40.521, LON=-111.893, ALT=1416.151
2026-05-18T22:27:52 COLMAP[feature_extractor] I20260518 22:27:52.432111    82 feature_extraction.cc:323]   Gravity:         X=0.000, Y=1.000, Z=0.000
2026-05-18T22:27:56 COLMAP[feature_extractor] I20260518 22:27:55.438016    82 feature_extraction.cc:280] Processed file [1643/1710]
2026-05-18T22:27:56 COLMAP[feature_extractor] I20260518 22:27:55.438086    82 feature_extraction.cc:283]   Name:            DJI_01643.JPG
2026-05-18T22:27:56 COLMAP[feature_extractor] I20260518 22:27:55.438100    82 feature_extraction.cc:292]   Dimensions:      4000 x 2250
2026-05-18T22:27:56 COLMAP[feature_extractor] I20260518 22:27:55.438112    82 feature_extraction.cc:295]   Camera:          #1 - SIMPLE_RADIAL
2026-05-18T22:27:56 COLMAP[feature_extractor] I20260518 22:27:55.438124    82 feature_extraction.cc:298]   Focal Length:    2545.54px (Prior)
2026-05-18T22:27:56 COLMAP[feature_extractor] I20260518 22:27:55.438141    82 feature_extraction.cc:302]   Features:        9126 (SIFT)
2026-05-18T22:27:56 COLMAP[feature_extractor] I20260518 22:27:55.658774    82 feature_extraction.cc:316]   GPS:             LAT=40.521, LON=-111.893, ALT=1416.251
2026-05-18T22:27:56 COLMAP[feature_extractor] I20260518 22:27:55.658831    82 feature_extraction.cc:323]   Gravity:         X=0.000, Y=1.000, Z=0.000
2026-05-18T22:27:59 COLMAP[feature_extractor] I20260518 22:27:58.137631    82 feature_extraction.cc:280] Processed file [1644/1710]
2026-05-18T22:27:59 COLMAP[feature_extractor] I20260518 22:27:58.137709    82 feature_extraction.cc:283]   Name:            DJI_01644.JPG
2026-05-18T22:27:59 COLMAP[feature_extractor] I20260518 22:27:58.137723    82 feature_extraction.cc:292]   Dimensions:      4000 x 2250
2026-05-18T22:27:59 COLMAP[feature_extractor] I20260518 22:27:58.137733    82 feature_extraction.cc:295]   Camera:          #1 - SIMPLE_RADIAL
2026-05-18T22:27:59 COLMAP[feature_extractor] I20260518 22:27:58.137744    82 feature_extraction.cc:298]   Focal Length:    2545.54px (Prior)
2026-05-18T22:27:59 COLMAP[feature_extractor] I20260518 22:27:58.137759    82 feature_extraction.cc:302]   Features:        10656 (SIFT)
2026-05-18T22:27:59 COLMAP[feature_extractor] I20260518 22:27:58.437525    82 feature_extraction.cc:316]   GPS:             LAT=40.521, LON=-111.893, ALT=1416.051
2026-05-18T22:27:59 COLMAP[feature_extractor] I20260518 22:27:58.437583    82 feature_extraction.cc:323]   Gravity:         X=0.000, Y=1.000, Z=0.000
2026-05-18T22:27:59 COLMAP[feature_extractor] I20260518 22:27:59.111088    82 feature_extraction.cc:280] Processed file [1645/1710]
2026-05-18T22:27:59 COLMAP[feature_extractor] I20260518 22:27:59.111142    82 feature_extraction.cc:283]   Name:            DJI_01645.JPG
2026-05-18T22:27:59 COLMAP[feature_extractor] I20260518 22:27:59.111155    82 feature_extraction.cc:292]   Dimensions:      4000 x 2250
2026-05-18T22:27:59 COLMAP[feature_extractor] I20260518 22:27:59.111166    82 feature_extraction.cc:295]   Camera:          #1 - SIMPLE_RADIAL
2026-05-18T22:27:59 COLMAP[feature_extractor] I20260518 22:27:59.111178    82 feature_extraction.cc:298]   Focal Length:    2545.54px (Prior)
2026-05-18T22:27:59 COLMAP[feature_extractor] I20260518 22:27:59.111193    82 feature_extraction.cc:302]   Features:        10008 (SIFT)
2026-05-18T22:28:00 COLMAP[feature_extractor] I20260518 22:27:59.342769    82 feature_extraction.cc:316]   GPS:             LAT=40.521, LON=-111.893, ALT=1415.851
2026-05-18T22:28:00 COLMAP[feature_extractor] I20260518 22:27:59.342828    82 feature_extraction.cc:323]   Gravity:         X=0.000, Y=1.000, Z=0.000
2026-05-18T22:28:02 COLMAP[feature_extractor] I20260518 22:28:01.485605    82 feature_extraction.cc:280] Processed file [1646/1710]
2026-05-18T22:28:02 COLMAP[feature_extractor] I20260518 22:28:01.486344    82 feature_extraction.cc:283]   Name:            DJI_01646.JPG
2026-05-18T22:28:02 COLMAP[feature_extractor] I20260518 22:28:01.486366    82 feature_extraction.cc:292]   Dimensions:      4000 x 2250
2026-05-18T22:28:02 COLMAP[feature_extractor] I20260518 22:28:01.486377    82 feature_extraction.cc:295]   Camera:          #1 - SIMPLE_RADIAL
2026-05-18T22:28:02 COLMAP[feature_extractor] I20260518 22:28:01.486388    82 feature_extraction.cc:298]   Focal Length:    2545.54px (Prior)
2026-05-18T22:28:02 COLMAP[feature_extractor] I20260518 22:28:01.486405    82 feature_extraction.cc:302]   Features:        9801 (SIFT)
2026-05-18T22:28:02 COLMAP[feature_extractor] I20260518 22:28:01.652033    82 feature_extraction.cc:316]   GPS:             LAT=40.521, LON=-111.893, ALT=1415.451
2026-05-18T22:28:02 COLMAP[feature_extractor] I20260518 22:28:01.652082    82 feature_extraction.cc:323]   Gravity:         X=0.000, Y=1.000, Z=0.000
2026-05-18T22:28:04 COLMAP[feature_extractor] I20260518 22:28:04.569381    82 feature_extraction.cc:280] Processed file [1647/1710]
2026-05-18T22:28:04 COLMAP[feature_extractor] I20260518 22:28:04.569437    82 feature_extraction.cc:283]   Name:            DJI_01647.JPG
2026-05-18T22:28:04 COLMAP[feature_extractor] I20260518 22:28:04.569450    82 feature_extraction.cc:292]   Dimensions:      4000 x 2250
2026-05-18T22:28:04 COLMAP[feature_extractor] I20260518 22:28:04.569460    82 feature_extraction.cc:295]   Camera:          #1 - SIMPLE_RADIAL
2026-05-18T22:28:04 COLMAP[feature_extractor] I20260518 22:28:04.569473    82 feature_extraction.cc:298]   Focal Length:    2545.54px (Prior)
2026-05-18T22:28:04 COLMAP[feature_extractor] I20260518 22:28:04.569489    82 feature_extraction.cc:302]   Features:        9781 (SIFT)
2026-05-18T22:28:07 COLMAP[feature_extractor] I20260518 22:28:04.852555    82 feature_extraction.cc:316]   GPS:             LAT=40.521, LON=-111.893, ALT=1416.751
2026-05-18T22:28:07 COLMAP[feature_extractor] I20260518 22:28:04.852612    82 feature_extraction.cc:323]   Gravity:         X=0.000, Y=1.000, Z=0.000
2026-05-18T22:28:07 COLMAP[feature_extractor] I20260518 22:28:07.405699    82 feature_extraction.cc:280] Processed file [1648/1710]
2026-05-18T22:28:07 COLMAP[feature_extractor] I20260518 22:28:07.405750    82 feature_extraction.cc:283]   Name:            DJI_01648.JPG
2026-05-18T22:28:07 COLMAP[feature_extractor] I20260518 22:28:07.405762    82 feature_extraction.cc:292]   Dimensions:      4000 x 2250
2026-05-18T22:28:07 COLMAP[feature_extractor] I20260518 22:28:07.405773    82 feature_extraction.cc:295]   Camera:          #1 - SIMPLE_RADIAL
2026-05-18T22:28:07 COLMAP[feature_extractor] I20260518 22:28:07.405784    82 feature_extraction.cc:298]   Focal Length:    2545.54px (Prior)
2026-05-18T22:28:07 COLMAP[feature_extractor] I20260518 22:28:07.405799    82 feature_extraction.cc:302]   Features:        9784 (SIFT)
2026-05-18T22:28:08 COLMAP[feature_extractor] I20260518 22:28:07.624866    82 feature_extraction.cc:316]   GPS:             LAT=40.521, LON=-111.893, ALT=1417.251
2026-05-18T22:28:08 COLMAP[feature_extractor] I20260518 22:28:07.624923    82 feature_extraction.cc:323]   Gravity:         X=0.000, Y=1.000, Z=0.000
2026-05-18T22:28:10 COLMAP[feature_extractor] I20260518 22:28:08.493065    82 feature_extraction.cc:280] Processed file [1649/1710]
2026-05-18T22:28:10 COLMAP[feature_extractor] I20260518 22:28:08.493121    82 feature_extraction.cc:283]   Name:            DJI_01649.JPG
2026-05-18T22:28:10 COLMAP[feature_extractor] I20260518 22:28:08.493134    82 feature_extraction.cc:292]   Dimensions:      4000 x 2250
2026-05-18T22:28:10 COLMAP[feature_extractor] I20260518 22:28:08.493144    82 feature_extraction.cc:295]   Camera:          #1 - SIMPLE_RADIAL
2026-05-18T22:28:10 COLMAP[feature_extractor] I20260518 22:28:08.493187    82 feature_extraction.cc:298]   Focal Length:    2545.54px (Prior)
2026-05-18T22:28:10 COLMAP[feature_extractor] I20260518 22:28:08.493203    82 feature_extraction.cc:302]   Features:        9216 (SIFT)
2026-05-18T22:28:10 COLMAP[feature_extractor] I20260518 22:28:08.729444    82 feature_extraction.cc:316]   GPS:             LAT=40.521, LON=-111.893, ALT=1417.051
2026-05-18T22:28:10 COLMAP[feature_extractor] I20260518 22:28:08.729494    82 feature_extraction.cc:323]   Gravity:         X=0.000, Y=1.000, Z=0.000
2026-05-18T22:28:11 COLMAP[feature_extractor] I20260518 22:28:10.790421    82 feature_extraction.cc:280] Processed file [1650/1710]
2026-05-18T22:28:11 COLMAP[feature_extractor] I20260518 22:28:10.790472    82 feature_extraction.cc:283]   Name:            DJI_01650.JPG
2026-05-18T22:28:11 COLMAP[feature_extractor] I20260518 22:28:10.790484    82 feature_extraction.cc:292]   Dimensions:      4000 x 2250
2026-05-18T22:28:11 COLMAP[feature_extractor] I20260518 22:28:10.790494    82 feature_extraction.cc:295]   Camera:          #1 - SIMPLE_RADIAL
2026-05-18T22:28:11 COLMAP[feature_extractor] I20260518 22:28:10.790506    82 feature_extraction.cc:298]   Focal Length:    2545.54px (Prior)
2026-05-18T22:28:11 COLMAP[feature_extractor] I20260518 22:28:10.790521    82 feature_extraction.cc:302]   Features:        9002 (SIFT)
2026-05-18T22:28:11 COLMAP[feature_extractor] I20260518 22:28:11.103793    82 feature_extraction.cc:316]   GPS:             LAT=40.521, LON=-111.893, ALT=1416.951
2026-05-18T22:28:11 COLMAP[feature_extractor] I20260518 22:28:11.103838    82 feature_extraction.cc:323]   Gravity:         X=0.000, Y=1.000, Z=0.000
2026-05-18T22:28:15 COLMAP[feature_extractor] I20260518 22:28:13.837838    82 feature_extraction.cc:280] Processed file [1651/1710]
2026-05-18T22:28:15 COLMAP[feature_extractor] I20260518 22:28:13.837895    82 feature_extraction.cc:283]   Name:            DJI_01651.JPG
2026-05-18T22:28:15 COLMAP[feature_extractor] I20260518 22:28:13.837908    82 feature_extraction.cc:292]   Dimensions:      4000 x 2250
2026-05-18T22:28:15 COLMAP[feature_extractor] I20260518 22:28:13.837918    82 feature_extraction.cc:295]   Camera:          #1 - SIMPLE_RADIAL
2026-05-18T22:28:15 COLMAP[feature_extractor] I20260518 22:28:13.837930    82 feature_extraction.cc:298]   Focal Length:    2545.54px (Prior)
2026-05-18T22:28:15 COLMAP[feature_extractor] I20260518 22:28:13.837945    82 feature_extraction.cc:302]   Features:        9032 (SIFT)
2026-05-18T22:28:15 COLMAP[feature_extractor] I20260518 22:28:14.038301    82 feature_extraction.cc:316]   GPS:             LAT=40.521, LON=-111.893, ALT=1416.651
2026-05-18T22:28:15 COLMAP[feature_extractor] I20260518 22:28:14.038355    82 feature_extraction.cc:323]   Gravity:         X=0.000, Y=1.000, Z=0.000
2026-05-18T22:28:16 COLMAP[feature_extractor] I20260518 22:28:16.782429    82 feature_extraction.cc:280] Processed file [1652/1710]
2026-05-18T22:28:16 COLMAP[feature_extractor] I20260518 22:28:16.782485    82 feature_extraction.cc:283]   Name:            DJI_01652.JPG
2026-05-18T22:28:16 COLMAP[feature_extractor] I20260518 22:28:16.782497    82 feature_extraction.cc:292]   Dimensions:      4000 x 2250
2026-05-18T22:28:16 COLMAP[feature_extractor] I20260518 22:28:16.782507    82 feature_extraction.cc:295]   Camera:          #1 - SIMPLE_RADIAL
2026-05-18T22:28:16 COLMAP[feature_extractor] I20260518 22:28:16.782519    82 feature_extraction.cc:298]   Focal Length:    2545.54px (Prior)
2026-05-18T22:28:16 COLMAP[feature_extractor] I20260518 22:28:16.782536    82 feature_extraction.cc:302]   Features:        9068 (SIFT)
2026-05-18T22:28:17 COLMAP[feature_extractor] I20260518 22:28:17.105789    82 feature_extraction.cc:316]   GPS:             LAT=40.521, LON=-111.893, ALT=1416.551
2026-05-18T22:28:17 COLMAP[feature_extractor] I20260518 22:28:17.105854    82 feature_extraction.cc:323]   Gravity:         X=0.000, Y=1.000, Z=0.000
2026-05-18T22:28:17 COLMAP[feature_extractor] I20260518 22:28:17.911401    82 feature_extraction.cc:280] Processed file [1653/1710]
2026-05-18T22:28:17 COLMAP[feature_extractor] I20260518 22:28:17.911459    82 feature_extraction.cc:283]   Name:            DJI_01653.JPG
2026-05-18T22:28:17 COLMAP[feature_extractor] I20260518 22:28:17.911471    82 feature_extraction.cc:292]   Dimensions:      4000 x 2250
2026-05-18T22:28:17 COLMAP[feature_extractor] I20260518 22:28:17.911482    82 feature_extraction.cc:295]   Camera:          #1 - SIMPLE_RADIAL
2026-05-18T22:28:17 COLMAP[feature_extractor] I20260518 22:28:17.911494    82 feature_extraction.cc:298]   Focal Length:    2545.54px (Prior)
2026-05-18T22:28:17 COLMAP[feature_extractor] I20260518 22:28:17.911509    82 feature_extraction.cc:302]   Features:        9079 (SIFT)
2026-05-18T22:28:18 COLMAP[feature_extractor] I20260518 22:28:18.110244    82 feature_extraction.cc:316]   GPS:             LAT=40.521, LON=-111.893, ALT=1416.651
2026-05-18T22:28:18 COLMAP[feature_extractor] I20260518 22:28:18.110306    82 feature_extraction.cc:323]   Gravity:         X=0.000, Y=1.000, Z=0.000
2026-05-18T22:28:20 COLMAP[feature_extractor] I20260518 22:28:19.975538    82 feature_extraction.cc:280] Processed file [1654/1710]
2026-05-18T22:28:20 COLMAP[feature_extractor] I20260518 22:28:19.975595    82 feature_extraction.cc:283]   Name:            DJI_01654.JPG
2026-05-18T22:28:20 COLMAP[feature_extractor] I20260518 22:28:19.975610    82 feature_extraction.cc:292]   Dimensions:      4000 x 2250
2026-05-18T22:28:20 COLMAP[feature_extractor] I20260518 22:28:19.975620    82 feature_extraction.cc:295]   Camera:          #1 - SIMPLE_RADIAL
2026-05-18T22:28:20 COLMAP[feature_extractor] I20260518 22:28:19.975631    82 feature_extraction.cc:298]   Focal Length:    2545.54px (Prior)
2026-05-18T22:28:20 COLMAP[feature_extractor] I20260518 22:28:19.975646    82 feature_extraction.cc:302]   Features:        9024 (SIFT)
2026-05-18T22:28:20 COLMAP[feature_extractor] I20260518 22:28:20.305341    82 feature_extraction.cc:316]   GPS:             LAT=40.521, LON=-111.892, ALT=1416.851
2026-05-18T22:28:20 COLMAP[feature_extractor] I20260518 22:28:20.305440    82 feature_extraction.cc:323]   Gravity:         X=0.000, Y=1.000, Z=0.000
2026-05-18T22:28:23 COLMAP[feature_extractor] I20260518 22:28:22.948920    82 feature_extraction.cc:280] Processed file [1655/1710]
2026-05-18T22:28:23 COLMAP[feature_extractor] I20260518 22:28:22.948979    82 feature_extraction.cc:283]   Name:            DJI_01655.JPG
2026-05-18T22:28:23 COLMAP[feature_extractor] I20260518 22:28:22.948992    82 feature_extraction.cc:292]   Dimensions:      4000 x 2250
2026-05-18T22:28:23 COLMAP[feature_extractor] I20260518 22:28:22.949002    82 feature_extraction.cc:295]   Camera:          #1 - SIMPLE_RADIAL
2026-05-18T22:28:23 COLMAP[feature_extractor] I20260518 22:28:22.949013    82 feature_extraction.cc:298]   Focal Length:    2545.54px (Prior)
2026-05-18T22:28:23 COLMAP[feature_extractor] I20260518 22:28:22.949029    82 feature_extraction.cc:302]   Features:        8930 (SIFT)
2026-05-18T22:28:24 COLMAP[feature_extractor] I20260518 22:28:23.202793    82 feature_extraction.cc:316]   GPS:             LAT=40.521, LON=-111.892, ALT=1417.051
2026-05-18T22:28:24 COLMAP[feature_extractor] I20260518 22:28:23.202862    82 feature_extraction.cc:323]   Gravity:         X=0.000, Y=1.000, Z=0.000
2026-05-18T22:28:26 COLMAP[feature_extractor] I20260518 22:28:26.117142    82 feature_extraction.cc:280] Processed file [1656/1710]
2026-05-18T22:28:26 COLMAP[feature_extractor] I20260518 22:28:26.117203    82 feature_extraction.cc:283]   Name:            DJI_01656.JPG
2026-05-18T22:28:26 COLMAP[feature_extractor] I20260518 22:28:26.117215    82 feature_extraction.cc:292]   Dimensions:      4000 x 2250
2026-05-18T22:28:26 COLMAP[feature_extractor] I20260518 22:28:26.117225    82 feature_extraction.cc:295]   Camera:          #1 - SIMPLE_RADIAL
2026-05-18T22:28:26 COLMAP[feature_extractor] I20260518 22:28:26.117237    82 feature_extraction.cc:298]   Focal Length:    2545.54px (Prior)
2026-05-18T22:28:26 COLMAP[feature_extractor] I20260518 22:28:26.117252    82 feature_extraction.cc:302]   Features:        9096 (SIFT)
2026-05-18T22:28:27 COLMAP[feature_extractor] I20260518 22:28:26.381976    82 feature_extraction.cc:316]   GPS:             LAT=40.521, LON=-111.892, ALT=1417.251
2026-05-18T22:28:27 COLMAP[feature_extractor] I20260518 22:28:26.382033    82 feature_extraction.cc:323]   Gravity:         X=0.000, Y=1.000, Z=0.000
2026-05-18T22:28:27 COLMAP[feature_extractor] I20260518 22:28:27.071276    82 feature_extraction.cc:280] Processed file [1657/1710]
2026-05-18T22:28:27 COLMAP[feature_extractor] I20260518 22:28:27.071336    82 feature_extraction.cc:283]   Name:            DJI_01657.JPG
2026-05-18T22:28:27 COLMAP[feature_extractor] I20260518 22:28:27.071347    82 feature_extraction.cc:292]   Dimensions:      4000 x 2250
2026-05-18T22:28:27 COLMAP[feature_extractor] I20260518 22:28:27.071358    82 feature_extraction.cc:295]   Camera:          #1 - SIMPLE_RADIAL
2026-05-18T22:28:27 COLMAP[feature_extractor] I20260518 22:28:27.071389    82 feature_extraction.cc:298]   Focal Length:    2545.54px (Prior)
2026-05-18T22:28:27 COLMAP[feature_extractor] I20260518 22:28:27.071405    82 feature_extraction.cc:302]   Features:        9127 (SIFT)
2026-05-18T22:28:27 COLMAP[feature_extractor] I20260518 22:28:27.274314    82 feature_extraction.cc:316]   GPS:             LAT=40.521, LON=-111.892, ALT=1418.551
2026-05-18T22:28:27 COLMAP[feature_extractor] I20260518 22:28:27.274374    82 feature_extraction.cc:323]   Gravity:         X=0.000, Y=1.000, Z=0.000
2026-05-18T22:28:29 COLMAP[feature_extractor] I20260518 22:28:29.153015    82 feature_extraction.cc:280] Processed file [1658/1710]
2026-05-18T22:28:29 COLMAP[feature_extractor] I20260518 22:28:29.153103    82 feature_extraction.cc:283]   Name:            DJI_01658.JPG
2026-05-18T22:28:29 COLMAP[feature_extractor] I20260518 22:28:29.153116    82 feature_extraction.cc:292]   Dimensions:      4000 x 2250
2026-05-18T22:28:29 COLMAP[feature_extractor] I20260518 22:28:29.153127    82 feature_extraction.cc:295]   Camera:          #1 - SIMPLE_RADIAL
2026-05-18T22:28:29 COLMAP[feature_extractor] I20260518 22:28:29.153138    82 feature_extraction.cc:298]   Focal Length:    2545.54px (Prior)
2026-05-18T22:28:29 COLMAP[feature_extractor] I20260518 22:28:29.153154    82 feature_extraction.cc:302]   Features:        8965 (SIFT)
2026-05-18T22:28:30 COLMAP[feature_extractor] I20260518 22:28:29.398803    82 feature_extraction.cc:316]   GPS:             LAT=40.521, LON=-111.892, ALT=1418.251
2026-05-18T22:28:30 COLMAP[feature_extractor] I20260518 22:28:29.398865    82 feature_extraction.cc:323]   Gravity:         X=0.000, Y=1.000, Z=0.000
2026-05-18T22:28:32 COLMAP[feature_extractor] I20260518 22:28:32.152487    82 feature_extraction.cc:280] Processed file [1659/1710]
2026-05-18T22:28:32 COLMAP[feature_extractor] I20260518 22:28:32.152542    82 feature_extraction.cc:283]   Name:            DJI_01659.JPG
2026-05-18T22:28:32 COLMAP[feature_extractor] I20260518 22:28:32.152555    82 feature_extraction.cc:292]   Dimensions:      4000 x 2250
2026-05-18T22:28:32 COLMAP[feature_extractor] I20260518 22:28:32.152565    82 feature_extraction.cc:295]   Camera:          #1 - SIMPLE_RADIAL
2026-05-18T22:28:32 COLMAP[feature_extractor] I20260518 22:28:32.152577    82 feature_extraction.cc:298]   Focal Length:    2545.54px (Prior)
2026-05-18T22:28:32 COLMAP[feature_extractor] I20260518 22:28:32.152592    82 feature_extraction.cc:302]   Features:        9013 (SIFT)
2026-05-18T22:28:32 COLMAP[feature_extractor] I20260518 22:28:32.384500    82 feature_extraction.cc:316]   GPS:             LAT=40.521, LON=-111.892, ALT=1418.751
2026-05-18T22:28:32 COLMAP[feature_extractor] I20260518 22:28:32.384558    82 feature_extraction.cc:323]   Gravity:         X=0.000, Y=1.000, Z=0.000
2026-05-18T22:28:35 COLMAP[feature_extractor] I20260518 22:28:35.288615    82 feature_extraction.cc:280] Processed file [1660/1710]
2026-05-18T22:28:35 COLMAP[feature_extractor] I20260518 22:28:35.288672    82 feature_extraction.cc:283]   Name:            DJI_01660.JPG
2026-05-18T22:28:35 COLMAP[feature_extractor] I20260518 22:28:35.288686    82 feature_extraction.cc:292]   Dimensions:      4000 x 2250
2026-05-18T22:28:35 COLMAP[feature_extractor] I20260518 22:28:35.288697    82 feature_extraction.cc:295]   Camera:          #1 - SIMPLE_RADIAL
2026-05-18T22:28:35 COLMAP[feature_extractor] I20260518 22:28:35.288707    82 feature_extraction.cc:298]   Focal Length:    2545.54px (Prior)
2026-05-18T22:28:35 COLMAP[feature_extractor] I20260518 22:28:35.288723    82 feature_extraction.cc:302]   Features:        9029 (SIFT)
2026-05-18T22:28:35 COLMAP[feature_extractor] I20260518 22:28:35.513962    82 feature_extraction.cc:316]   GPS:             LAT=40.521, LON=-111.892, ALT=1420.251
2026-05-18T22:28:35 COLMAP[feature_extractor] I20260518 22:28:35.514024    82 feature_extraction.cc:323]   Gravity:         X=0.000, Y=1.000, Z=0.000
2026-05-18T22:28:36 COLMAP[feature_extractor] I20260518 22:28:36.301755    82 feature_extraction.cc:280] Processed file [1661/1710]
2026-05-18T22:28:36 COLMAP[feature_extractor] I20260518 22:28:36.301815    82 feature_extraction.cc:283]   Name:            DJI_01661.JPG
2026-05-18T22:28:36 COLMAP[feature_extractor] I20260518 22:28:36.301826    82 feature_extraction.cc:292]   Dimensions:      4000 x 2250
2026-05-18T22:28:36 COLMAP[feature_extractor] I20260518 22:28:36.301836    82 feature_extraction.cc:295]   Camera:          #1 - SIMPLE_RADIAL
2026-05-18T22:28:36 COLMAP[feature_extractor] I20260518 22:28:36.301846    82 feature_extraction.cc:298]   Focal Length:    2545.54px (Prior)
2026-05-18T22:28:36 COLMAP[feature_extractor] I20260518 22:28:36.301859    82 feature_extraction.cc:302]   Features:        10603 (SIFT)
2026-05-18T22:28:36 COLMAP[feature_extractor] I20260518 22:28:36.546066    82 feature_extraction.cc:316]   GPS:             LAT=40.521, LON=-111.892, ALT=1421.251
2026-05-18T22:28:36 COLMAP[feature_extractor] I20260518 22:28:36.546125    82 feature_extraction.cc:323]   Gravity:         X=0.000, Y=1.000, Z=0.000
2026-05-18T22:28:38 COLMAP[feature_extractor] I20260518 22:28:38.480571    82 feature_extraction.cc:280] Processed file [1662/1710]
2026-05-18T22:28:38 COLMAP[feature_extractor] I20260518 22:28:38.480628    82 feature_extraction.cc:283]   Name:            DJI_01662.JPG
2026-05-18T22:28:38 COLMAP[feature_extractor] I20260518 22:28:38.480640    82 feature_extraction.cc:292]   Dimensions:      4000 x 2250
2026-05-18T22:28:38 COLMAP[feature_extractor] I20260518 22:28:38.480651    82 feature_extraction.cc:295]   Camera:          #1 - SIMPLE_RADIAL
2026-05-18T22:28:38 COLMAP[feature_extractor] I20260518 22:28:38.480664    82 feature_extraction.cc:298]   Focal Length:    2545.54px (Prior)
2026-05-18T22:28:38 COLMAP[feature_extractor] I20260518 22:28:38.480679    82 feature_extraction.cc:302]   Features:        12408 (SIFT)
2026-05-18T22:28:38 COLMAP[feature_extractor] I20260518 22:28:38.708885    82 feature_extraction.cc:316]   GPS:             LAT=40.521, LON=-111.892, ALT=1419.651
2026-05-18T22:28:38 COLMAP[feature_extractor] I20260518 22:28:38.708945    82 feature_extraction.cc:323]   Gravity:         X=0.000, Y=1.000, Z=0.000
2026-05-18T22:28:41 COLMAP[feature_extractor] I20260518 22:28:41.363400    82 feature_extraction.cc:280] Processed file [1663/1710]
2026-05-18T22:28:41 COLMAP[feature_extractor] I20260518 22:28:41.363456    82 feature_extraction.cc:283]   Name:            DJI_01663.JPG
2026-05-18T22:28:41 COLMAP[feature_extractor] I20260518 22:28:41.363468    82 feature_extraction.cc:292]   Dimensions:      4000 x 2250
2026-05-18T22:28:41 COLMAP[feature_extractor] I20260518 22:28:41.363478    82 feature_extraction.cc:295]   Camera:          #1 - SIMPLE_RADIAL
2026-05-18T22:28:41 COLMAP[feature_extractor] I20260518 22:28:41.363521    82 feature_extraction.cc:298]   Focal Length:    2545.54px (Prior)
2026-05-18T22:28:41 COLMAP[feature_extractor] I20260518 22:28:41.363538    82 feature_extraction.cc:302]   Features:        12936 (SIFT)
2026-05-18T22:28:42 COLMAP[feature_extractor] I20260518 22:28:41.570681    82 feature_extraction.cc:316]   GPS:             LAT=40.521, LON=-111.892, ALT=1419.551
2026-05-18T22:28:42 COLMAP[feature_extractor] I20260518 22:28:41.570739    82 feature_extraction.cc:323]   Gravity:         X=0.000, Y=1.000, Z=0.000
2026-05-18T22:28:44 COLMAP[feature_extractor] I20260518 22:28:44.557845    82 feature_extraction.cc:280] Processed file [1664/1710]
2026-05-18T22:28:44 COLMAP[feature_extractor] I20260518 22:28:44.557904    82 feature_extraction.cc:283]   Name:            DJI_01664.JPG
2026-05-18T22:28:44 COLMAP[feature_extractor] I20260518 22:28:44.557915    82 feature_extraction.cc:292]   Dimensions:      4000 x 2250
2026-05-18T22:28:44 COLMAP[feature_extractor] I20260518 22:28:44.557926    82 feature_extraction.cc:295]   Camera:          #1 - SIMPLE_RADIAL
2026-05-18T22:28:44 COLMAP[feature_extractor] I20260518 22:28:44.557937    82 feature_extraction.cc:298]   Focal Length:    2545.54px (Prior)
2026-05-18T22:28:44 COLMAP[feature_extractor] I20260518 22:28:44.557952    82 feature_extraction.cc:302]   Features:        11791 (SIFT)
2026-05-18T22:28:45 COLMAP[feature_extractor] I20260518 22:28:44.770414    82 feature_extraction.cc:316]   GPS:             LAT=40.521, LON=-111.892, ALT=1419.551
2026-05-18T22:28:45 COLMAP[feature_extractor] I20260518 22:28:44.770475    82 feature_extraction.cc:323]   Gravity:         X=0.000, Y=1.000, Z=0.000
2026-05-18T22:28:45 COLMAP[feature_extractor] I20260518 22:28:45.540341    82 feature_extraction.cc:280] Processed file [1665/1710]
2026-05-18T22:28:45 COLMAP[feature_extractor] I20260518 22:28:45.540397    82 feature_extraction.cc:283]   Name:            DJI_01665.JPG
2026-05-18T22:28:45 COLMAP[feature_extractor] I20260518 22:28:45.540409    82 feature_extraction.cc:292]   Dimensions:      4000 x 2250
2026-05-18T22:28:45 COLMAP[feature_extractor] I20260518 22:28:45.540421    82 feature_extraction.cc:295]   Camera:          #1 - SIMPLE_RADIAL
2026-05-18T22:28:45 COLMAP[feature_extractor] I20260518 22:28:45.540431    82 feature_extraction.cc:298]   Focal Length:    2545.54px (Prior)
2026-05-18T22:28:45 COLMAP[feature_extractor] I20260518 22:28:45.540447    82 feature_extraction.cc:302]   Features:        11444 (SIFT)
2026-05-18T22:28:45 COLMAP[feature_extractor] I20260518 22:28:45.724612    82 feature_extraction.cc:316]   GPS:             LAT=40.521, LON=-111.892, ALT=1419.851
2026-05-18T22:28:45 COLMAP[feature_extractor] I20260518 22:28:45.724679    82 feature_extraction.cc:323]   Gravity:         X=0.000, Y=1.000, Z=0.000
2026-05-18T22:28:47 COLMAP[feature_extractor] I20260518 22:28:47.761967    82 feature_extraction.cc:280] Processed file [1666/1710]
2026-05-18T22:28:47 COLMAP[feature_extractor] I20260518 22:28:47.762025    82 feature_extraction.cc:283]   Name:            DJI_01666.JPG
2026-05-18T22:28:47 COLMAP[feature_extractor] I20260518 22:28:47.762037    82 feature_extraction.cc:292]   Dimensions:      4000 x 2250
2026-05-18T22:28:47 COLMAP[feature_extractor] I20260518 22:28:47.762048    82 feature_extraction.cc:295]   Camera:          #1 - SIMPLE_RADIAL
2026-05-18T22:28:47 COLMAP[feature_extractor] I20260518 22:28:47.762060    82 feature_extraction.cc:298]   Focal Length:    2545.54px (Prior)
2026-05-18T22:28:47 COLMAP[feature_extractor] I20260518 22:28:47.762075    82 feature_extraction.cc:302]   Features:        12208 (SIFT)
2026-05-18T22:28:48 COLMAP[feature_extractor] I20260518 22:28:48.173086    82 feature_extraction.cc:316]   GPS:             LAT=40.521, LON=-111.892, ALT=1419.451
2026-05-18T22:28:48 COLMAP[feature_extractor] I20260518 22:28:48.173146    82 feature_extraction.cc:323]   Gravity:         X=0.000, Y=1.000, Z=0.000
2026-05-18T22:28:50 COLMAP[feature_extractor] I20260518 22:28:50.652302    82 feature_extraction.cc:280] Processed file [1667/1710]
2026-05-18T22:28:50 COLMAP[feature_extractor] I20260518 22:28:50.652359    82 feature_extraction.cc:283]   Name:            DJI_01667.JPG
2026-05-18T22:28:50 COLMAP[feature_extractor] I20260518 22:28:50.652370    82 feature_extraction.cc:292]   Dimensions:      4000 x 2250
2026-05-18T22:28:50 COLMAP[feature_extractor] I20260518 22:28:50.652381    82 feature_extraction.cc:295]   Camera:          #1 - SIMPLE_RADIAL
2026-05-18T22:28:50 COLMAP[feature_extractor] I20260518 22:28:50.652392    82 feature_extraction.cc:298]   Focal Length:    2545.54px (Prior)
2026-05-18T22:28:50 COLMAP[feature_extractor] I20260518 22:28:50.652410    82 feature_extraction.cc:302]   Features:        11424 (SIFT)
2026-05-18T22:28:50 COLMAP[feature_extractor] I20260518 22:28:50.885391    82 feature_extraction.cc:316]   GPS:             LAT=40.521, LON=-111.892, ALT=1419.551
2026-05-18T22:28:50 COLMAP[feature_extractor] I20260518 22:28:50.885447    82 feature_extraction.cc:323]   Gravity:         X=0.000, Y=1.000, Z=0.000
2026-05-18T22:28:54 COLMAP[feature_extractor] I20260518 22:28:53.716842    82 feature_extraction.cc:280] Processed file [1668/1710]
2026-05-18T22:28:54 COLMAP[feature_extractor] I20260518 22:28:53.716902    82 feature_extraction.cc:283]   Name:            DJI_01668.JPG
2026-05-18T22:28:54 COLMAP[feature_extractor] I20260518 22:28:53.716914    82 feature_extraction.cc:292]   Dimensions:      4000 x 2250
2026-05-18T22:28:54 COLMAP[feature_extractor] I20260518 22:28:53.716925    82 feature_extraction.cc:295]   Camera:          #1 - SIMPLE_RADIAL
2026-05-18T22:28:54 COLMAP[feature_extractor] I20260518 22:28:53.716936    82 feature_extraction.cc:298]   Focal Length:    2545.54px (Prior)
2026-05-18T22:28:54 COLMAP[feature_extractor] I20260518 22:28:53.716952    82 feature_extraction.cc:302]   Features:        10926 (SIFT)
2026-05-18T22:28:54 COLMAP[feature_extractor] I20260518 22:28:53.959885    82 feature_extraction.cc:316]   GPS:             LAT=40.521, LON=-111.893, ALT=1419.951
2026-05-18T22:28:54 COLMAP[feature_extractor] I20260518 22:28:53.959941    82 feature_extraction.cc:323]   Gravity:         X=0.000, Y=1.000, Z=0.000
2026-05-18T22:28:55 COLMAP[feature_extractor] I20260518 22:28:54.775741    82 feature_extraction.cc:280] Processed file [1669/1710]
2026-05-18T22:28:55 COLMAP[feature_extractor] I20260518 22:28:54.775799    82 feature_extraction.cc:283]   Name:            DJI_01669.JPG
2026-05-18T22:28:55 COLMAP[feature_extractor] I20260518 22:28:54.775810    82 feature_extraction.cc:292]   Dimensions:      4000 x 2250
2026-05-18T22:28:55 COLMAP[feature_extractor] I20260518 22:28:54.775821    82 feature_extraction.cc:295]   Camera:          #1 - SIMPLE_RADIAL
2026-05-18T22:28:55 COLMAP[feature_extractor] I20260518 22:28:54.775832    82 feature_extraction.cc:298]   Focal Length:    2545.54px (Prior)
2026-05-18T22:28:55 COLMAP[feature_extractor] I20260518 22:28:54.775847    82 feature_extraction.cc:302]   Features:        9818 (SIFT)
2026-05-18T22:28:55 COLMAP[feature_extractor] I20260518 22:28:55.120128    82 feature_extraction.cc:316]   GPS:             LAT=40.521, LON=-111.893, ALT=1419.351
2026-05-18T22:28:55 COLMAP[feature_extractor] I20260518 22:28:55.120180    82 feature_extraction.cc:323]   Gravity:         X=0.000, Y=1.000, Z=0.000
2026-05-18T22:28:57 COLMAP[feature_extractor] I20260518 22:28:57.181538    82 feature_extraction.cc:280] Processed file [1670/1710]
2026-05-18T22:28:57 COLMAP[feature_extractor] I20260518 22:28:57.181599    82 feature_extraction.cc:283]   Name:            DJI_01670.JPG
2026-05-18T22:28:57 COLMAP[feature_extractor] I20260518 22:28:57.181612    82 feature_extraction.cc:292]   Dimensions:      4000 x 2250
2026-05-18T22:28:57 COLMAP[feature_extractor] I20260518 22:28:57.181622    82 feature_extraction.cc:295]   Camera:          #1 - SIMPLE_RADIAL
2026-05-18T22:28:57 COLMAP[feature_extractor] I20260518 22:28:57.181634    82 feature_extraction.cc:298]   Focal Length:    2545.54px (Prior)
2026-05-18T22:28:57 COLMAP[feature_extractor] I20260518 22:28:57.181650    82 feature_extraction.cc:302]   Features:        9529 (SIFT)
2026-05-18T22:28:57 COLMAP[feature_extractor] I20260518 22:28:57.364730    82 feature_extraction.cc:316]   GPS:             LAT=40.521, LON=-111.893, ALT=1419.351
2026-05-18T22:28:57 COLMAP[feature_extractor] I20260518 22:28:57.364790    82 feature_extraction.cc:323]   Gravity:         X=0.000, Y=1.000, Z=0.000
2026-05-18T22:29:00 COLMAP[feature_extractor] I20260518 22:28:59.879411    82 feature_extraction.cc:280] Processed file [1671/1710]
2026-05-18T22:29:00 COLMAP[feature_extractor] I20260518 22:28:59.879488    82 feature_extraction.cc:283]   Name:            DJI_01671.JPG
2026-05-18T22:29:00 COLMAP[feature_extractor] I20260518 22:28:59.879500    82 feature_extraction.cc:292]   Dimensions:      4000 x 2250
2026-05-18T22:29:00 COLMAP[feature_extractor] I20260518 22:28:59.879511    82 feature_extraction.cc:295]   Camera:          #1 - SIMPLE_RADIAL
2026-05-18T22:29:00 COLMAP[feature_extractor] I20260518 22:28:59.879523    82 feature_extraction.cc:298]   Focal Length:    2545.54px (Prior)
2026-05-18T22:29:00 COLMAP[feature_extractor] I20260518 22:28:59.879539    82 feature_extraction.cc:302]   Features:        9822 (SIFT)
2026-05-18T22:29:00 COLMAP[feature_extractor] I20260518 22:29:00.266264    82 feature_extraction.cc:316]   GPS:             LAT=40.521, LON=-111.893, ALT=1419.251
2026-05-18T22:29:00 COLMAP[feature_extractor] I20260518 22:29:00.266322    82 feature_extraction.cc:323]   Gravity:         X=0.000, Y=1.000, Z=0.000
2026-05-18T22:29:03 COLMAP[feature_extractor] I20260518 22:29:02.979095    82 feature_extraction.cc:280] Processed file [1672/1710]
2026-05-18T22:29:03 COLMAP[feature_extractor] I20260518 22:29:02.979152    82 feature_extraction.cc:283]   Name:            DJI_01672.JPG
2026-05-18T22:29:03 COLMAP[feature_extractor] I20260518 22:29:02.979164    82 feature_extraction.cc:292]   Dimensions:      4000 x 2250
2026-05-18T22:29:03 COLMAP[feature_extractor] I20260518 22:29:02.979175    82 feature_extraction.cc:295]   Camera:          #1 - SIMPLE_RADIAL
2026-05-18T22:29:03 COLMAP[feature_extractor] I20260518 22:29:02.979187    82 feature_extraction.cc:298]   Focal Length:    2545.54px (Prior)
2026-05-18T22:29:03 COLMAP[feature_extractor] I20260518 22:29:02.979202    82 feature_extraction.cc:302]   Features:        8210 (SIFT)
2026-05-18T22:29:04 COLMAP[feature_extractor] I20260518 22:29:03.194664    82 feature_extraction.cc:316]   GPS:             LAT=40.521, LON=-111.893, ALT=1419.751
2026-05-18T22:29:04 COLMAP[feature_extractor] I20260518 22:29:03.194726    82 feature_extraction.cc:323]   Gravity:         X=0.000, Y=1.000, Z=0.000
2026-05-18T22:29:04 COLMAP[feature_extractor] I20260518 22:29:04.055142    82 feature_extraction.cc:280] Processed file [1673/1710]
2026-05-18T22:29:04 COLMAP[feature_extractor] I20260518 22:29:04.055208    82 feature_extraction.cc:283]   Name:            DJI_01673.JPG
2026-05-18T22:29:04 COLMAP[feature_extractor] I20260518 22:29:04.055222    82 feature_extraction.cc:292]   Dimensions:      4000 x 2250
2026-05-18T22:29:04 COLMAP[feature_extractor] I20260518 22:29:04.055233    82 feature_extraction.cc:295]   Camera:          #1 - SIMPLE_RADIAL
2026-05-18T22:29:04 COLMAP[feature_extractor] I20260518 22:29:04.055243    82 feature_extraction.cc:298]   Focal Length:    2545.54px (Prior)
2026-05-18T22:29:04 COLMAP[feature_extractor] I20260518 22:29:04.055259    82 feature_extraction.cc:302]   Features:        8507 (SIFT)
2026-05-18T22:29:05 COLMAP[feature_extractor] I20260518 22:29:04.357956    82 feature_extraction.cc:316]   GPS:             LAT=40.521, LON=-111.893, ALT=1419.551
2026-05-18T22:29:05 COLMAP[feature_extractor] I20260518 22:29:04.358021    82 feature_extraction.cc:323]   Gravity:         X=0.000, Y=1.000, Z=0.000
2026-05-18T22:29:07 COLMAP[feature_extractor] I20260518 22:29:06.571544    82 feature_extraction.cc:280] Processed file [1674/1710]
2026-05-18T22:29:07 COLMAP[feature_extractor] I20260518 22:29:06.571599    82 feature_extraction.cc:283]   Name:            DJI_01674.JPG
2026-05-18T22:29:07 COLMAP[feature_extractor] I20260518 22:29:06.571611    82 feature_extraction.cc:292]   Dimensions:      4000 x 2250
2026-05-18T22:29:07 COLMAP[feature_extractor] I20260518 22:29:06.571623    82 feature_extraction.cc:295]   Camera:          #1 - SIMPLE_RADIAL
2026-05-18T22:29:07 COLMAP[feature_extractor] I20260518 22:29:06.571635    82 feature_extraction.cc:298]   Focal Length:    2545.54px (Prior)
2026-05-18T22:29:07 COLMAP[feature_extractor] I20260518 22:29:06.571650    82 feature_extraction.cc:302]   Features:        8700 (SIFT)
2026-05-18T22:29:07 COLMAP[feature_extractor] I20260518 22:29:06.841094    82 feature_extraction.cc:316]   GPS:             LAT=40.521, LON=-111.893, ALT=1418.951
2026-05-18T22:29:07 COLMAP[feature_extractor] I20260518 22:29:06.841158    82 feature_extraction.cc:323]   Gravity:         X=0.000, Y=1.000, Z=0.000
2026-05-18T22:29:09 COLMAP[feature_extractor] I20260518 22:29:09.036129    82 feature_extraction.cc:280] Processed file [1675/1710]
2026-05-18T22:29:09 COLMAP[feature_extractor] I20260518 22:29:09.036188    82 feature_extraction.cc:283]   Name:            DJI_01675.JPG
2026-05-18T22:29:09 COLMAP[feature_extractor] I20260518 22:29:09.036201    82 feature_extraction.cc:292]   Dimensions:      4000 x 2250
2026-05-18T22:29:09 COLMAP[feature_extractor] I20260518 22:29:09.036211    82 feature_extraction.cc:295]   Camera:          #1 - SIMPLE_RADIAL
2026-05-18T22:29:09 COLMAP[feature_extractor] I20260518 22:29:09.036222    82 feature_extraction.cc:298]   Focal Length:    2545.54px (Prior)
2026-05-18T22:29:09 COLMAP[feature_extractor] I20260518 22:29:09.036237    82 feature_extraction.cc:302]   Features:        8596 (SIFT)
2026-05-18T22:29:09 COLMAP[feature_extractor] I20260518 22:29:09.351792    82 feature_extraction.cc:316]   GPS:             LAT=40.521, LON=-111.893, ALT=1419.751
2026-05-18T22:29:09 COLMAP[feature_extractor] I20260518 22:29:09.351854    82 feature_extraction.cc:323]   Gravity:         X=0.000, Y=1.000, Z=0.000
2026-05-18T22:29:12 COLMAP[feature_extractor] I20260518 22:29:12.445745    82 feature_extraction.cc:280] Processed file [1676/1710]
2026-05-18T22:29:12 COLMAP[feature_extractor] I20260518 22:29:12.445798    82 feature_extraction.cc:283]   Name:            DJI_01676.JPG
2026-05-18T22:29:12 COLMAP[feature_extractor] I20260518 22:29:12.445811    82 feature_extraction.cc:292]   Dimensions:      4000 x 2250
2026-05-18T22:29:12 COLMAP[feature_extractor] I20260518 22:29:12.445822    82 feature_extraction.cc:295]   Camera:          #1 - SIMPLE_RADIAL
2026-05-18T22:29:12 COLMAP[feature_extractor] I20260518 22:29:12.445861    82 feature_extraction.cc:298]   Focal Length:    2545.54px (Prior)
2026-05-18T22:29:12 COLMAP[feature_extractor] I20260518 22:29:12.445878    82 feature_extraction.cc:302]   Features:        8441 (SIFT)
2026-05-18T22:29:12 COLMAP[feature_extractor] I20260518 22:29:12.734642    82 feature_extraction.cc:316]   GPS:             LAT=40.521, LON=-111.893, ALT=1419.451
2026-05-18T22:29:12 COLMAP[feature_extractor] I20260518 22:29:12.734694    82 feature_extraction.cc:323]   Gravity:         X=0.000, Y=1.000, Z=0.000
2026-05-18T22:29:13 COLMAP[feature_extractor] I20260518 22:29:13.257539    82 feature_extraction.cc:280] Processed file [1677/1710]
2026-05-18T22:29:13 COLMAP[feature_extractor] I20260518 22:29:13.257597    82 feature_extraction.cc:283]   Name:            DJI_01677.JPG
2026-05-18T22:29:13 COLMAP[feature_extractor] I20260518 22:29:13.257609    82 feature_extraction.cc:292]   Dimensions:      4000 x 2250
2026-05-18T22:29:13 COLMAP[feature_extractor] I20260518 22:29:13.257620    82 feature_extraction.cc:295]   Camera:          #1 - SIMPLE_RADIAL
2026-05-18T22:29:13 COLMAP[feature_extractor] I20260518 22:29:13.257632    82 feature_extraction.cc:298]   Focal Length:    2545.54px (Prior)
2026-05-18T22:29:13 COLMAP[feature_extractor] I20260518 22:29:13.257648    82 feature_extraction.cc:302]   Features:        8960 (SIFT)
2026-05-18T22:29:13 COLMAP[feature_extractor] I20260518 22:29:13.499162    82 feature_extraction.cc:316]   GPS:             LAT=40.521, LON=-111.893, ALT=1419.651
2026-05-18T22:29:13 COLMAP[feature_extractor] I20260518 22:29:13.499218    82 feature_extraction.cc:323]   Gravity:         X=0.000, Y=1.000, Z=0.000
2026-05-18T22:29:15 COLMAP[feature_extractor] I20260518 22:29:15.748144    82 feature_extraction.cc:280] Processed file [1678/1710]
2026-05-18T22:29:15 COLMAP[feature_extractor] I20260518 22:29:15.748195    82 feature_extraction.cc:283]   Name:            DJI_01678.JPG
2026-05-18T22:29:15 COLMAP[feature_extractor] I20260518 22:29:15.748207    82 feature_extraction.cc:292]   Dimensions:      4000 x 2250
2026-05-18T22:29:15 COLMAP[feature_extractor] I20260518 22:29:15.748219    82 feature_extraction.cc:295]   Camera:          #1 - SIMPLE_RADIAL
2026-05-18T22:29:15 COLMAP[feature_extractor] I20260518 22:29:15.748230    82 feature_extraction.cc:298]   Focal Length:    2545.54px (Prior)
2026-05-18T22:29:15 COLMAP[feature_extractor] I20260518 22:29:15.748246    82 feature_extraction.cc:302]   Features:        9103 (SIFT)
2026-05-18T22:29:15 COLMAP[feature_extractor] I20260518 22:29:15.977619    82 feature_extraction.cc:316]   GPS:             LAT=40.521, LON=-111.893, ALT=1419.651
2026-05-18T22:29:15 COLMAP[feature_extractor] I20260518 22:29:15.977671    82 feature_extraction.cc:323]   Gravity:         X=0.000, Y=1.000, Z=0.000
2026-05-18T22:29:19 COLMAP[feature_extractor] I20260518 22:29:18.532629    82 feature_extraction.cc:280] Processed file [1679/1710]
2026-05-18T22:29:19 COLMAP[feature_extractor] I20260518 22:29:18.532682    82 feature_extraction.cc:283]   Name:            DJI_01679.JPG
2026-05-18T22:29:19 COLMAP[feature_extractor] I20260518 22:29:18.532696    82 feature_extraction.cc:292]   Dimensions:      4000 x 2250
2026-05-18T22:29:19 COLMAP[feature_extractor] I20260518 22:29:18.532706    82 feature_extraction.cc:295]   Camera:          #1 - SIMPLE_RADIAL
2026-05-18T22:29:19 COLMAP[feature_extractor] I20260518 22:29:18.532717    82 feature_extraction.cc:298]   Focal Length:    2545.54px (Prior)
2026-05-18T22:29:19 COLMAP[feature_extractor] I20260518 22:29:18.532733    82 feature_extraction.cc:302]   Features:        9871 (SIFT)
2026-05-18T22:29:19 COLMAP[feature_extractor] I20260518 22:29:18.807466    82 feature_extraction.cc:316]   GPS:             LAT=40.521, LON=-111.894, ALT=1420.051
2026-05-18T22:29:19 COLMAP[feature_extractor] I20260518 22:29:18.807514    82 feature_extraction.cc:323]   Gravity:         X=0.000, Y=1.000, Z=0.000
2026-05-18T22:29:22 COLMAP[feature_extractor] I20260518 22:29:21.457427    82 feature_extraction.cc:280] Processed file [1680/1710]
2026-05-18T22:29:22 COLMAP[feature_extractor] I20260518 22:29:21.457480    82 feature_extraction.cc:283]   Name:            DJI_01680.JPG
2026-05-18T22:29:22 COLMAP[feature_extractor] I20260518 22:29:21.457492    82 feature_extraction.cc:292]   Dimensions:      4000 x 2250
2026-05-18T22:29:22 COLMAP[feature_extractor] I20260518 22:29:21.457504    82 feature_extraction.cc:295]   Camera:          #1 - SIMPLE_RADIAL
2026-05-18T22:29:22 COLMAP[feature_extractor] I20260518 22:29:21.457515    82 feature_extraction.cc:298]   Focal Length:    2545.54px (Prior)
2026-05-18T22:29:22 COLMAP[feature_extractor] I20260518 22:29:21.457530    82 feature_extraction.cc:302]   Features:        11191 (SIFT)
2026-05-18T22:29:22 COLMAP[feature_extractor] I20260518 22:29:21.682183    82 feature_extraction.cc:316]   GPS:             LAT=40.521, LON=-111.894, ALT=1420.751
2026-05-18T22:29:22 COLMAP[feature_extractor] I20260518 22:29:21.682245    82 feature_extraction.cc:323]   Gravity:         X=0.000, Y=1.000, Z=0.000
2026-05-18T22:29:22 COLMAP[feature_extractor] I20260518 22:29:22.454267    82 feature_extraction.cc:280] Processed file [1681/1710]
2026-05-18T22:29:22 COLMAP[feature_extractor] I20260518 22:29:22.454319    82 feature_extraction.cc:283]   Name:            DJI_01681.JPG
2026-05-18T22:29:22 COLMAP[feature_extractor] I20260518 22:29:22.454331    82 feature_extraction.cc:292]   Dimensions:      4000 x 2250
2026-05-18T22:29:22 COLMAP[feature_extractor] I20260518 22:29:22.454342    82 feature_extraction.cc:295]   Camera:          #1 - SIMPLE_RADIAL
2026-05-18T22:29:22 COLMAP[feature_extractor] I20260518 22:29:22.454353    82 feature_extraction.cc:298]   Focal Length:    2545.54px (Prior)
2026-05-18T22:29:22 COLMAP[feature_extractor] I20260518 22:29:22.454368    82 feature_extraction.cc:302]   Features:        10067 (SIFT)
2026-05-18T22:29:23 COLMAP[feature_extractor] I20260518 22:29:22.674129    82 feature_extraction.cc:316]   GPS:             LAT=40.521, LON=-111.894, ALT=1422.951
2026-05-18T22:29:23 COLMAP[feature_extractor] I20260518 22:29:22.674218    82 feature_extraction.cc:323]   Gravity:         X=0.000, Y=1.000, Z=0.000
2026-05-18T22:29:25 COLMAP[feature_extractor] I20260518 22:29:25.023658    82 feature_extraction.cc:280] Processed file [1682/1710]
2026-05-18T22:29:25 COLMAP[feature_extractor] I20260518 22:29:25.023711    82 feature_extraction.cc:283]   Name:            DJI_01682.JPG
2026-05-18T22:29:25 COLMAP[feature_extractor] I20260518 22:29:25.023723    82 feature_extraction.cc:292]   Dimensions:      4000 x 2250
2026-05-18T22:29:25 COLMAP[feature_extractor] I20260518 22:29:25.023734    82 feature_extraction.cc:295]   Camera:          #1 - SIMPLE_RADIAL
2026-05-18T22:29:25 COLMAP[feature_extractor] I20260518 22:29:25.023746    82 feature_extraction.cc:298]   Focal Length:    2545.54px (Prior)
2026-05-18T22:29:25 COLMAP[feature_extractor] I20260518 22:29:25.023761    82 feature_extraction.cc:302]   Features:        8952 (SIFT)
2026-05-18T22:29:25 COLMAP[feature_extractor] I20260518 22:29:25.346706    82 feature_extraction.cc:316]   GPS:             LAT=40.521, LON=-111.893, ALT=1423.151
2026-05-18T22:29:25 COLMAP[feature_extractor] I20260518 22:29:25.346767    82 feature_extraction.cc:323]   Gravity:         X=0.000, Y=1.000, Z=0.000
2026-05-18T22:29:28 COLMAP[feature_extractor] I20260518 22:29:27.805405    82 feature_extraction.cc:280] Processed file [1683/1710]
2026-05-18T22:29:28 COLMAP[feature_extractor] I20260518 22:29:27.805461    82 feature_extraction.cc:283]   Name:            DJI_01683.JPG
2026-05-18T22:29:28 COLMAP[feature_extractor] I20260518 22:29:27.805473    82 feature_extraction.cc:292]   Dimensions:      4000 x 2250
2026-05-18T22:29:28 COLMAP[feature_extractor] I20260518 22:29:27.805485    82 feature_extraction.cc:295]   Camera:          #1 - SIMPLE_RADIAL
2026-05-18T22:29:28 COLMAP[feature_extractor] I20260518 22:29:27.805495    82 feature_extraction.cc:298]   Focal Length:    2545.54px (Prior)
2026-05-18T22:29:28 COLMAP[feature_extractor] I20260518 22:29:27.805510    82 feature_extraction.cc:302]   Features:        10461 (SIFT)
2026-05-18T22:29:28 COLMAP[feature_extractor] I20260518 22:29:28.127719    82 feature_extraction.cc:316]   GPS:             LAT=40.521, LON=-111.893, ALT=1423.651
2026-05-18T22:29:28 COLMAP[feature_extractor] I20260518 22:29:28.127774    82 feature_extraction.cc:323]   Gravity:         X=0.000, Y=1.000, Z=0.000
2026-05-18T22:29:31 COLMAP[feature_extractor] I20260518 22:29:30.569432    82 feature_extraction.cc:280] Processed file [1684/1710]
2026-05-18T22:29:31 COLMAP[feature_extractor] I20260518 22:29:30.569520    82 feature_extraction.cc:283]   Name:            DJI_01684.JPG
2026-05-18T22:29:31 COLMAP[feature_extractor] I20260518 22:29:30.569535    82 feature_extraction.cc:292]   Dimensions:      4000 x 2250
2026-05-18T22:29:31 COLMAP[feature_extractor] I20260518 22:29:30.569545    82 feature_extraction.cc:295]   Camera:          #1 - SIMPLE_RADIAL
2026-05-18T22:29:31 COLMAP[feature_extractor] I20260518 22:29:30.569556    82 feature_extraction.cc:298]   Focal Length:    2545.54px (Prior)
2026-05-18T22:29:31 COLMAP[feature_extractor] I20260518 22:29:30.569571    82 feature_extraction.cc:302]   Features:        10405 (SIFT)
2026-05-18T22:29:31 COLMAP[feature_extractor] I20260518 22:29:30.750679    82 feature_extraction.cc:316]   GPS:             LAT=40.521, LON=-111.893, ALT=1423.751
2026-05-18T22:29:31 COLMAP[feature_extractor] I20260518 22:29:30.750734    82 feature_extraction.cc:323]   Gravity:         X=0.000, Y=1.000, Z=0.000
2026-05-18T22:29:33 COLMAP[feature_extractor] I20260518 22:29:31.711755    82 feature_extraction.cc:280] Processed file [1685/1710]
2026-05-18T22:29:33 COLMAP[feature_extractor] I20260518 22:29:31.711812    82 feature_extraction.cc:283]   Name:            DJI_01685.JPG
2026-05-18T22:29:33 COLMAP[feature_extractor] I20260518 22:29:31.711824    82 feature_extraction.cc:292]   Dimensions:      4000 x 2250
2026-05-18T22:29:33 COLMAP[feature_extractor] I20260518 22:29:31.711835    82 feature_extraction.cc:295]   Camera:          #1 - SIMPLE_RADIAL
2026-05-18T22:29:33 COLMAP[feature_extractor] I20260518 22:29:31.711846    82 feature_extraction.cc:298]   Focal Length:    2545.54px (Prior)
2026-05-18T22:29:33 COLMAP[feature_extractor] I20260518 22:29:31.711862    82 feature_extraction.cc:302]   Features:        10329 (SIFT)
2026-05-18T22:29:33 COLMAP[feature_extractor] I20260518 22:29:31.967411    82 feature_extraction.cc:316]   GPS:             LAT=40.521, LON=-111.893, ALT=1423.751
2026-05-18T22:29:33 COLMAP[feature_extractor] I20260518 22:29:31.967468    82 feature_extraction.cc:323]   Gravity:         X=0.000, Y=1.000, Z=0.000
2026-05-18T22:29:35 COLMAP[feature_extractor] I20260518 22:29:34.294759    82 feature_extraction.cc:280] Processed file [1686/1710]
2026-05-18T22:29:35 COLMAP[feature_extractor] I20260518 22:29:34.294821    82 feature_extraction.cc:283]   Name:            DJI_01686.JPG
2026-05-18T22:29:35 COLMAP[feature_extractor] I20260518 22:29:34.294834    82 feature_extraction.cc:292]   Dimensions:      4000 x 2250
2026-05-18T22:29:35 COLMAP[feature_extractor] I20260518 22:29:34.294845    82 feature_extraction.cc:295]   Camera:          #1 - SIMPLE_RADIAL
2026-05-18T22:29:35 COLMAP[feature_extractor] I20260518 22:29:34.294857    82 feature_extraction.cc:298]   Focal Length:    2545.54px (Prior)
2026-05-18T22:29:35 COLMAP[feature_extractor] I20260518 22:29:34.294872    82 feature_extraction.cc:302]   Features:        8248 (SIFT)
2026-05-18T22:29:35 COLMAP[feature_extractor] I20260518 22:29:34.566658    82 feature_extraction.cc:316]   GPS:             LAT=40.521, LON=-111.893, ALT=1423.951
2026-05-18T22:29:35 COLMAP[feature_extractor] I20260518 22:29:34.566711    82 feature_extraction.cc:323]   Gravity:         X=0.000, Y=1.000, Z=0.000
2026-05-18T22:29:37 COLMAP[feature_extractor] I20260518 22:29:36.973412    82 feature_extraction.cc:280] Processed file [1687/1710]
2026-05-18T22:29:37 COLMAP[feature_extractor] I20260518 22:29:36.973470    82 feature_extraction.cc:283]   Name:            DJI_01687.JPG
2026-05-18T22:29:37 COLMAP[feature_extractor] I20260518 22:29:36.973482    82 feature_extraction.cc:292]   Dimensions:      4000 x 2250
2026-05-18T22:29:37 COLMAP[feature_extractor] I20260518 22:29:36.973493    82 feature_extraction.cc:295]   Camera:          #1 - SIMPLE_RADIAL
2026-05-18T22:29:37 COLMAP[feature_extractor] I20260518 22:29:36.973505    82 feature_extraction.cc:298]   Focal Length:    2545.54px (Prior)
2026-05-18T22:29:37 COLMAP[feature_extractor] I20260518 22:29:36.973520    82 feature_extraction.cc:302]   Features:        8372 (SIFT)
2026-05-18T22:29:37 COLMAP[feature_extractor] I20260518 22:29:37.208097    82 feature_extraction.cc:316]   GPS:             LAT=40.521, LON=-111.893, ALT=1424.951
2026-05-18T22:29:37 COLMAP[feature_extractor] I20260518 22:29:37.208153    82 feature_extraction.cc:323]   Gravity:         X=0.000, Y=1.000, Z=0.000
2026-05-18T22:29:40 COLMAP[feature_extractor] I20260518 22:29:39.740468    82 feature_extraction.cc:280] Processed file [1688/1710]
2026-05-18T22:29:40 COLMAP[feature_extractor] I20260518 22:29:39.740528    82 feature_extraction.cc:283]   Name:            DJI_01688.JPG
2026-05-18T22:29:40 COLMAP[feature_extractor] I20260518 22:29:39.740540    82 feature_extraction.cc:292]   Dimensions:      4000 x 2250
2026-05-18T22:29:40 COLMAP[feature_extractor] I20260518 22:29:39.740551    82 feature_extraction.cc:295]   Camera:          #1 - SIMPLE_RADIAL
2026-05-18T22:29:40 COLMAP[feature_extractor] I20260518 22:29:39.740562    82 feature_extraction.cc:298]   Focal Length:    2545.54px (Prior)
2026-05-18T22:29:40 COLMAP[feature_extractor] I20260518 22:29:39.740578    82 feature_extraction.cc:302]   Features:        8325 (SIFT)
2026-05-18T22:29:40 COLMAP[feature_extractor] I20260518 22:29:39.964838    82 feature_extraction.cc:316]   GPS:             LAT=40.521, LON=-111.893, ALT=1425.151
2026-05-18T22:29:40 COLMAP[feature_extractor] I20260518 22:29:39.964905    82 feature_extraction.cc:323]   Gravity:         X=0.000, Y=1.000, Z=0.000
2026-05-18T22:29:41 COLMAP[feature_extractor] I20260518 22:29:40.931402    82 feature_extraction.cc:280] Processed file [1689/1710]
2026-05-18T22:29:41 COLMAP[feature_extractor] I20260518 22:29:40.931469    82 feature_extraction.cc:283]   Name:            DJI_01689.JPG
2026-05-18T22:29:41 COLMAP[feature_extractor] I20260518 22:29:40.931483    82 feature_extraction.cc:292]   Dimensions:      4000 x 2250
2026-05-18T22:29:41 COLMAP[feature_extractor] I20260518 22:29:40.931492    82 feature_extraction.cc:295]   Camera:          #1 - SIMPLE_RADIAL
2026-05-18T22:29:41 COLMAP[feature_extractor] I20260518 22:29:40.931540    82 feature_extraction.cc:298]   Focal Length:    2545.54px (Prior)
2026-05-18T22:29:41 COLMAP[feature_extractor] I20260518 22:29:40.931556    82 feature_extraction.cc:302]   Features:        8401 (SIFT)
2026-05-18T22:29:41 COLMAP[feature_extractor] I20260518 22:29:41.208410    82 feature_extraction.cc:316]   GPS:             LAT=40.521, LON=-111.893, ALT=1425.151
2026-05-18T22:29:41 COLMAP[feature_extractor] I20260518 22:29:41.208467    82 feature_extraction.cc:323]   Gravity:         X=0.000, Y=1.000, Z=0.000
2026-05-18T22:29:45 COLMAP[feature_extractor] I20260518 22:29:43.556581    82 feature_extraction.cc:280] Processed file [1690/1710]
2026-05-18T22:29:45 COLMAP[feature_extractor] I20260518 22:29:43.556644    82 feature_extraction.cc:283]   Name:            DJI_01690.JPG
2026-05-18T22:29:45 COLMAP[feature_extractor] I20260518 22:29:43.556658    82 feature_extraction.cc:292]   Dimensions:      4000 x 2250
2026-05-18T22:29:45 COLMAP[feature_extractor] I20260518 22:29:43.556667    82 feature_extraction.cc:295]   Camera:          #1 - SIMPLE_RADIAL
2026-05-18T22:29:45 COLMAP[feature_extractor] I20260518 22:29:43.556679    82 feature_extraction.cc:298]   Focal Length:    2545.54px (Prior)
2026-05-18T22:29:45 COLMAP[feature_extractor] I20260518 22:29:43.556695    82 feature_extraction.cc:302]   Features:        9179 (SIFT)
2026-05-18T22:29:45 COLMAP[feature_extractor] I20260518 22:29:43.827479    82 feature_extraction.cc:316]   GPS:             LAT=40.521, LON=-111.893, ALT=1424.951
2026-05-18T22:29:45 COLMAP[feature_extractor] I20260518 22:29:43.827544    82 feature_extraction.cc:323]   Gravity:         X=0.000, Y=1.000, Z=0.000
2026-05-18T22:29:47 COLMAP[feature_extractor] I20260518 22:29:46.539399    82 feature_extraction.cc:280] Processed file [1691/1710]
2026-05-18T22:29:47 COLMAP[feature_extractor] I20260518 22:29:46.539463    82 feature_extraction.cc:283]   Name:            DJI_01691.JPG
2026-05-18T22:29:47 COLMAP[feature_extractor] I20260518 22:29:46.539475    82 feature_extraction.cc:292]   Dimensions:      4000 x 2250
2026-05-18T22:29:47 COLMAP[feature_extractor] I20260518 22:29:46.539486    82 feature_extraction.cc:295]   Camera:          #1 - SIMPLE_RADIAL
2026-05-18T22:29:47 COLMAP[feature_extractor] I20260518 22:29:46.539498    82 feature_extraction.cc:298]   Focal Length:    2545.54px (Prior)
2026-05-18T22:29:47 COLMAP[feature_extractor] I20260518 22:29:46.539513    82 feature_extraction.cc:302]   Features:        9271 (SIFT)
2026-05-18T22:29:47 COLMAP[feature_extractor] I20260518 22:29:46.809393    82 feature_extraction.cc:316]   GPS:             LAT=40.521, LON=-111.892, ALT=1425.751
2026-05-18T22:29:47 COLMAP[feature_extractor] I20260518 22:29:46.809451    82 feature_extraction.cc:323]   Gravity:         X=0.000, Y=1.000, Z=0.000
2026-05-18T22:29:48 COLMAP[feature_extractor] I20260518 22:29:48.818236    82 feature_extraction.cc:280] Processed file [1692/1710]
2026-05-18T22:29:48 COLMAP[feature_extractor] I20260518 22:29:48.818291    82 feature_extraction.cc:283]   Name:            DJI_01692.JPG
2026-05-18T22:29:48 COLMAP[feature_extractor] I20260518 22:29:48.818303    82 feature_extraction.cc:292]   Dimensions:      4000 x 2250
2026-05-18T22:29:48 COLMAP[feature_extractor] I20260518 22:29:48.818315    82 feature_extraction.cc:295]   Camera:          #1 - SIMPLE_RADIAL
2026-05-18T22:29:48 COLMAP[feature_extractor] I20260518 22:29:48.818325    82 feature_extraction.cc:298]   Focal Length:    2545.54px (Prior)
2026-05-18T22:29:48 COLMAP[feature_extractor] I20260518 22:29:48.818341    82 feature_extraction.cc:302]   Features:        8812 (SIFT)
2026-05-18T22:29:49 COLMAP[feature_extractor] I20260518 22:29:49.096634    82 feature_extraction.cc:316]   GPS:             LAT=40.521, LON=-111.892, ALT=1425.951
2026-05-18T22:29:49 COLMAP[feature_extractor] I20260518 22:29:49.096692    82 feature_extraction.cc:323]   Gravity:         X=0.000, Y=1.000, Z=0.000
2026-05-18T22:29:50 COLMAP[feature_extractor] I20260518 22:29:49.942013    82 feature_extraction.cc:280] Processed file [1693/1710]
2026-05-18T22:29:50 COLMAP[feature_extractor] I20260518 22:29:49.942065    82 feature_extraction.cc:283]   Name:            DJI_01693.JPG
2026-05-18T22:29:50 COLMAP[feature_extractor] I20260518 22:29:49.942076    82 feature_extraction.cc:292]   Dimensions:      4000 x 2250
2026-05-18T22:29:50 COLMAP[feature_extractor] I20260518 22:29:49.942087    82 feature_extraction.cc:295]   Camera:          #1 - SIMPLE_RADIAL
2026-05-18T22:29:50 COLMAP[feature_extractor] I20260518 22:29:49.942099    82 feature_extraction.cc:298]   Focal Length:    2545.54px (Prior)
2026-05-18T22:29:50 COLMAP[feature_extractor] I20260518 22:29:49.942114    82 feature_extraction.cc:302]   Features:        8647 (SIFT)
2026-05-18T22:29:50 COLMAP[feature_extractor] I20260518 22:29:50.254825    82 feature_extraction.cc:316]   GPS:             LAT=40.521, LON=-111.892, ALT=1425.651
2026-05-18T22:29:50 COLMAP[feature_extractor] I20260518 22:29:50.254886    82 feature_extraction.cc:323]   Gravity:         X=0.000, Y=1.000, Z=0.000
2026-05-18T22:29:52 COLMAP[feature_extractor] I20260518 22:29:52.842743    82 feature_extraction.cc:280] Processed file [1694/1710]
2026-05-18T22:29:52 COLMAP[feature_extractor] I20260518 22:29:52.842797    82 feature_extraction.cc:283]   Name:            DJI_01694.JPG
2026-05-18T22:29:52 COLMAP[feature_extractor] I20260518 22:29:52.842810    82 feature_extraction.cc:292]   Dimensions:      4000 x 2250
2026-05-18T22:29:52 COLMAP[feature_extractor] I20260518 22:29:52.842821    82 feature_extraction.cc:295]   Camera:          #1 - SIMPLE_RADIAL
2026-05-18T22:29:52 COLMAP[feature_extractor] I20260518 22:29:52.842832    82 feature_extraction.cc:298]   Focal Length:    2545.54px (Prior)
2026-05-18T22:29:52 COLMAP[feature_extractor] I20260518 22:29:52.842847    82 feature_extraction.cc:302]   Features:        8287 (SIFT)
2026-05-18T22:29:53 COLMAP[feature_extractor] I20260518 22:29:53.216394    82 feature_extraction.cc:316]   GPS:             LAT=40.521, LON=-111.892, ALT=1425.351
2026-05-18T22:29:53 COLMAP[feature_extractor] I20260518 22:29:53.216476    82 feature_extraction.cc:323]   Gravity:         X=0.000, Y=1.000, Z=0.000
2026-05-18T22:29:55 COLMAP[feature_extractor] I20260518 22:29:55.873239    82 feature_extraction.cc:280] Processed file [1695/1710]
2026-05-18T22:29:55 COLMAP[feature_extractor] I20260518 22:29:55.873292    82 feature_extraction.cc:283]   Name:            DJI_01695.JPG
2026-05-18T22:29:55 COLMAP[feature_extractor] I20260518 22:29:55.873306    82 feature_extraction.cc:292]   Dimensions:      4000 x 2250
2026-05-18T22:29:55 COLMAP[feature_extractor] I20260518 22:29:55.873315    82 feature_extraction.cc:295]   Camera:          #1 - SIMPLE_RADIAL
2026-05-18T22:29:55 COLMAP[feature_extractor] I20260518 22:29:55.873327    82 feature_extraction.cc:298]   Focal Length:    2545.54px (Prior)
2026-05-18T22:29:55 COLMAP[feature_extractor] I20260518 22:29:55.873343    82 feature_extraction.cc:302]   Features:        8315 (SIFT)
2026-05-18T22:29:57 COLMAP[feature_extractor] I20260518 22:29:56.120462    82 feature_extraction.cc:316]   GPS:             LAT=40.521, LON=-111.892, ALT=1425.751
2026-05-18T22:29:57 COLMAP[feature_extractor] I20260518 22:29:56.120514    82 feature_extraction.cc:323]   Gravity:         X=0.000, Y=1.000, Z=0.000
2026-05-18T22:29:58 COLMAP[feature_extractor] I20260518 22:29:57.894778    82 feature_extraction.cc:280] Processed file [1696/1710]
2026-05-18T22:29:58 COLMAP[feature_extractor] I20260518 22:29:57.894830    82 feature_extraction.cc:283]   Name:            DJI_01696.JPG
2026-05-18T22:29:58 COLMAP[feature_extractor] I20260518 22:29:57.894842    82 feature_extraction.cc:292]   Dimensions:      4000 x 2250
2026-05-18T22:29:58 COLMAP[feature_extractor] I20260518 22:29:57.894853    82 feature_extraction.cc:295]   Camera:          #1 - SIMPLE_RADIAL
2026-05-18T22:29:58 COLMAP[feature_extractor] I20260518 22:29:57.894865    82 feature_extraction.cc:298]   Focal Length:    2545.54px (Prior)
2026-05-18T22:29:58 COLMAP[feature_extractor] I20260518 22:29:57.894881    82 feature_extraction.cc:302]   Features:        8365 (SIFT)
2026-05-18T22:29:58 COLMAP[feature_extractor] I20260518 22:29:58.149037    82 feature_extraction.cc:316]   GPS:             LAT=40.521, LON=-111.892, ALT=1426.051
2026-05-18T22:29:58 COLMAP[feature_extractor] I20260518 22:29:58.149097    82 feature_extraction.cc:323]   Gravity:         X=0.000, Y=1.000, Z=0.000
2026-05-18T22:29:59 COLMAP[feature_extractor] I20260518 22:29:59.215708    82 feature_extraction.cc:280] Processed file [1697/1710]
2026-05-18T22:29:59 COLMAP[feature_extractor] I20260518 22:29:59.215760    82 feature_extraction.cc:283]   Name:            DJI_01697.JPG
2026-05-18T22:29:59 COLMAP[feature_extractor] I20260518 22:29:59.215772    82 feature_extraction.cc:292]   Dimensions:      4000 x 2250
2026-05-18T22:29:59 COLMAP[feature_extractor] I20260518 22:29:59.215783    82 feature_extraction.cc:295]   Camera:          #1 - SIMPLE_RADIAL
2026-05-18T22:29:59 COLMAP[feature_extractor] I20260518 22:29:59.215795    82 feature_extraction.cc:298]   Focal Length:    2545.54px (Prior)
2026-05-18T22:29:59 COLMAP[feature_extractor] I20260518 22:29:59.215811    82 feature_extraction.cc:302]   Features:        8847 (SIFT)
2026-05-18T22:29:59 COLMAP[feature_extractor] I20260518 22:29:59.518671    82 feature_extraction.cc:316]   GPS:             LAT=40.521, LON=-111.892, ALT=1426.051
2026-05-18T22:29:59 COLMAP[feature_extractor] I20260518 22:29:59.518724    82 feature_extraction.cc:323]   Gravity:         X=0.000, Y=1.000, Z=0.000
2026-05-18T22:30:02 COLMAP[feature_extractor] I20260518 22:30:02.364832    82 feature_extraction.cc:280] Processed file [1698/1710]
2026-05-18T22:30:02 COLMAP[feature_extractor] I20260518 22:30:02.364897    82 feature_extraction.cc:283]   Name:            DJI_01698.JPG
2026-05-18T22:30:02 COLMAP[feature_extractor] I20260518 22:30:02.364909    82 feature_extraction.cc:292]   Dimensions:      4000 x 2250
2026-05-18T22:30:02 COLMAP[feature_extractor] I20260518 22:30:02.364919    82 feature_extraction.cc:295]   Camera:          #1 - SIMPLE_RADIAL
2026-05-18T22:30:02 COLMAP[feature_extractor] I20260518 22:30:02.364931    82 feature_extraction.cc:298]   Focal Length:    2545.54px (Prior)
2026-05-18T22:30:02 COLMAP[feature_extractor] I20260518 22:30:02.364946    82 feature_extraction.cc:302]   Features:        9297 (SIFT)
2026-05-18T22:30:02 COLMAP[feature_extractor] I20260518 22:30:02.603585    82 feature_extraction.cc:316]   GPS:             LAT=40.521, LON=-111.891, ALT=1426.251
2026-05-18T22:30:02 COLMAP[feature_extractor] I20260518 22:30:02.603641    82 feature_extraction.cc:323]   Gravity:         X=0.000, Y=1.000, Z=0.000
2026-05-18T22:30:05 COLMAP[feature_extractor] I20260518 22:30:05.400939    82 feature_extraction.cc:280] Processed file [1699/1710]
2026-05-18T22:30:05 COLMAP[feature_extractor] I20260518 22:30:05.400991    82 feature_extraction.cc:283]   Name:            DJI_01699.JPG
2026-05-18T22:30:05 COLMAP[feature_extractor] I20260518 22:30:05.401005    82 feature_extraction.cc:292]   Dimensions:      4000 x 2250
2026-05-18T22:30:05 COLMAP[feature_extractor] I20260518 22:30:05.401014    82 feature_extraction.cc:295]   Camera:          #1 - SIMPLE_RADIAL
2026-05-18T22:30:05 COLMAP[feature_extractor] I20260518 22:30:05.401026    82 feature_extraction.cc:298]   Focal Length:    2545.54px (Prior)
2026-05-18T22:30:05 COLMAP[feature_extractor] I20260518 22:30:05.401041    82 feature_extraction.cc:302]   Features:        9048 (SIFT)
2026-05-18T22:30:06 COLMAP[feature_extractor] I20260518 22:30:05.770887    82 feature_extraction.cc:316]   GPS:             LAT=40.521, LON=-111.891, ALT=1425.051
2026-05-18T22:30:06 COLMAP[feature_extractor] I20260518 22:30:05.770943    82 feature_extraction.cc:323]   Gravity:         X=0.000, Y=1.000, Z=0.000
2026-05-18T22:30:07 COLMAP[feature_extractor] I20260518 22:30:07.436074    82 feature_extraction.cc:280] Processed file [1700/1710]
2026-05-18T22:30:07 COLMAP[feature_extractor] I20260518 22:30:07.436125    82 feature_extraction.cc:283]   Name:            DJI_01700.JPG
2026-05-18T22:30:07 COLMAP[feature_extractor] I20260518 22:30:07.436138    82 feature_extraction.cc:292]   Dimensions:      4000 x 2250
2026-05-18T22:30:07 COLMAP[feature_extractor] I20260518 22:30:07.436148    82 feature_extraction.cc:295]   Camera:          #1 - SIMPLE_RADIAL
2026-05-18T22:30:07 COLMAP[feature_extractor] I20260518 22:30:07.436160    82 feature_extraction.cc:298]   Focal Length:    2545.54px (Prior)
2026-05-18T22:30:07 COLMAP[feature_extractor] I20260518 22:30:07.436177    82 feature_extraction.cc:302]   Features:        8972 (SIFT)
2026-05-18T22:30:07 COLMAP[feature_extractor] I20260518 22:30:07.686539    82 feature_extraction.cc:316]   GPS:             LAT=40.521, LON=-111.892, ALT=1425.651
2026-05-18T22:30:07 COLMAP[feature_extractor] I20260518 22:30:07.686590    82 feature_extraction.cc:323]   Gravity:         X=0.000, Y=1.000, Z=0.000
2026-05-18T22:30:08 COLMAP[feature_extractor] I20260518 22:30:08.772789    82 feature_extraction.cc:280] Processed file [1701/1710]
2026-05-18T22:30:08 COLMAP[feature_extractor] I20260518 22:30:08.772840    82 feature_extraction.cc:283]   Name:            DJI_01701.JPG
2026-05-18T22:30:08 COLMAP[feature_extractor] I20260518 22:30:08.772852    82 feature_extraction.cc:292]   Dimensions:      4000 x 2250
2026-05-18T22:30:08 COLMAP[feature_extractor] I20260518 22:30:08.772863    82 feature_extraction.cc:295]   Camera:          #1 - SIMPLE_RADIAL
2026-05-18T22:30:08 COLMAP[feature_extractor] I20260518 22:30:08.772874    82 feature_extraction.cc:298]   Focal Length:    2545.54px (Prior)
2026-05-18T22:30:08 COLMAP[feature_extractor] I20260518 22:30:08.772890    82 feature_extraction.cc:302]   Features:        9697 (SIFT)
2026-05-18T22:30:09 COLMAP[feature_extractor] I20260518 22:30:09.082088    82 feature_extraction.cc:316]   GPS:             LAT=40.521, LON=-111.892, ALT=1426.351
2026-05-18T22:30:09 COLMAP[feature_extractor] I20260518 22:30:09.082139    82 feature_extraction.cc:323]   Gravity:         X=0.000, Y=1.000, Z=0.000
2026-05-18T22:30:12 COLMAP[feature_extractor] I20260518 22:30:11.462738    82 feature_extraction.cc:280] Processed file [1702/1710]
2026-05-18T22:30:12 COLMAP[feature_extractor] I20260518 22:30:11.462790    82 feature_extraction.cc:283]   Name:            DJI_01702.JPG
2026-05-18T22:30:12 COLMAP[feature_extractor] I20260518 22:30:11.462801    82 feature_extraction.cc:292]   Dimensions:      4000 x 2250
2026-05-18T22:30:12 COLMAP[feature_extractor] I20260518 22:30:11.462812    82 feature_extraction.cc:295]   Camera:          #1 - SIMPLE_RADIAL
2026-05-18T22:30:12 COLMAP[feature_extractor] I20260518 22:30:11.462823    82 feature_extraction.cc:298]   Focal Length:    2545.54px (Prior)
2026-05-18T22:30:12 COLMAP[feature_extractor] I20260518 22:30:11.462839    82 feature_extraction.cc:302]   Features:        9350 (SIFT)
2026-05-18T22:30:12 COLMAP[feature_extractor] I20260518 22:30:11.714412    82 feature_extraction.cc:316]   GPS:             LAT=40.521, LON=-111.892, ALT=1426.251
2026-05-18T22:30:12 COLMAP[feature_extractor] I20260518 22:30:11.714463    82 feature_extraction.cc:323]   Gravity:         X=0.000, Y=1.000, Z=0.000
2026-05-18T22:30:14 COLMAP[feature_extractor] I20260518 22:30:14.424258    82 feature_extraction.cc:280] Processed file [1703/1710]
2026-05-18T22:30:14 COLMAP[feature_extractor] I20260518 22:30:14.424309    82 feature_extraction.cc:283]   Name:            DJI_01703.JPG
2026-05-18T22:30:14 COLMAP[feature_extractor] I20260518 22:30:14.424321    82 feature_extraction.cc:292]   Dimensions:      4000 x 2250
2026-05-18T22:30:14 COLMAP[feature_extractor] I20260518 22:30:14.424331    82 feature_extraction.cc:295]   Camera:          #1 - SIMPLE_RADIAL
2026-05-18T22:30:14 COLMAP[feature_extractor] I20260518 22:30:14.424373    82 feature_extraction.cc:298]   Focal Length:    2545.54px (Prior)
2026-05-18T22:30:14 COLMAP[feature_extractor] I20260518 22:30:14.424391    82 feature_extraction.cc:302]   Features:        8947 (SIFT)
2026-05-18T22:30:15 COLMAP[feature_extractor] I20260518 22:30:14.667297    82 feature_extraction.cc:316]   GPS:             LAT=40.521, LON=-111.892, ALT=1425.951
2026-05-18T22:30:15 COLMAP[feature_extractor] I20260518 22:30:14.667353    82 feature_extraction.cc:323]   Gravity:         X=0.000, Y=1.000, Z=0.000
2026-05-18T22:30:17 COLMAP[feature_extractor] I20260518 22:30:17.027420    82 feature_extraction.cc:280] Processed file [1704/1710]
2026-05-18T22:30:17 COLMAP[feature_extractor] I20260518 22:30:17.027478    82 feature_extraction.cc:283]   Name:            DJI_01704.JPG
2026-05-18T22:30:17 COLMAP[feature_extractor] I20260518 22:30:17.027491    82 feature_extraction.cc:292]   Dimensions:      4000 x 2250
2026-05-18T22:30:17 COLMAP[feature_extractor] I20260518 22:30:17.027503    82 feature_extraction.cc:295]   Camera:          #1 - SIMPLE_RADIAL
2026-05-18T22:30:17 COLMAP[feature_extractor] I20260518 22:30:17.027513    82 feature_extraction.cc:298]   Focal Length:    2545.54px (Prior)
2026-05-18T22:30:17 COLMAP[feature_extractor] I20260518 22:30:17.027529    82 feature_extraction.cc:302]   Features:        8521 (SIFT)
2026-05-18T22:30:17 COLMAP[feature_extractor] I20260518 22:30:17.317926    82 feature_extraction.cc:316]   GPS:             LAT=40.521, LON=-111.892, ALT=1426.851
2026-05-18T22:30:17 COLMAP[feature_extractor] I20260518 22:30:17.317982    82 feature_extraction.cc:323]   Gravity:         X=0.000, Y=1.000, Z=0.000
2026-05-18T22:30:18 COLMAP[feature_extractor] I20260518 22:30:17.943662    82 feature_extraction.cc:280] Processed file [1705/1710]
2026-05-18T22:30:18 COLMAP[feature_extractor] I20260518 22:30:17.943732    82 feature_extraction.cc:283]   Name:            DJI_01705.JPG
2026-05-18T22:30:18 COLMAP[feature_extractor] I20260518 22:30:17.943744    82 feature_extraction.cc:292]   Dimensions:      4000 x 2250
2026-05-18T22:30:18 COLMAP[feature_extractor] I20260518 22:30:17.943755    82 feature_extraction.cc:295]   Camera:          #1 - SIMPLE_RADIAL
2026-05-18T22:30:18 COLMAP[feature_extractor] I20260518 22:30:17.943766    82 feature_extraction.cc:298]   Focal Length:    2545.54px (Prior)
2026-05-18T22:30:18 COLMAP[feature_extractor] I20260518 22:30:17.943782    82 feature_extraction.cc:302]   Features:        8654 (SIFT)
2026-05-18T22:30:18 COLMAP[feature_extractor] I20260518 22:30:17.943853    82 feature_extraction.cc:316]   GPS:             LAT=40.521, LON=-111.892, ALT=1426.451
2026-05-18T22:30:18 COLMAP[feature_extractor] I20260518 22:30:17.943868    82 feature_extraction.cc:323]   Gravity:         X=0.000, Y=1.000, Z=0.000
2026-05-18T22:30:20 COLMAP[feature_extractor] I20260518 22:30:20.643411    82 feature_extraction.cc:280] Processed file [1706/1710]
2026-05-18T22:30:20 COLMAP[feature_extractor] I20260518 22:30:20.643468    82 feature_extraction.cc:283]   Name:            DJI_01706.JPG
2026-05-18T22:30:20 COLMAP[feature_extractor] I20260518 22:30:20.643481    82 feature_extraction.cc:292]   Dimensions:      4000 x 2250
2026-05-18T22:30:20 COLMAP[feature_extractor] I20260518 22:30:20.643491    82 feature_extraction.cc:295]   Camera:          #1 - SIMPLE_RADIAL
2026-05-18T22:30:20 COLMAP[feature_extractor] I20260518 22:30:20.643503    82 feature_extraction.cc:298]   Focal Length:    2545.54px (Prior)
2026-05-18T22:30:20 COLMAP[feature_extractor] I20260518 22:30:20.643519    82 feature_extraction.cc:302]   Features:        8462 (SIFT)
2026-05-18T22:30:20 COLMAP[feature_extractor] I20260518 22:30:20.643594    82 feature_extraction.cc:316]   GPS:             LAT=40.521, LON=-111.893, ALT=1426.051
2026-05-18T22:30:20 COLMAP[feature_extractor] I20260518 22:30:20.643608    82 feature_extraction.cc:323]   Gravity:         X=0.000, Y=1.000, Z=0.000
2026-05-18T22:30:24 COLMAP[feature_extractor] I20260518 22:30:23.411700    82 feature_extraction.cc:280] Processed file [1707/1710]
2026-05-18T22:30:24 COLMAP[feature_extractor] I20260518 22:30:23.411754    82 feature_extraction.cc:283]   Name:            DJI_01707.JPG
2026-05-18T22:30:24 COLMAP[feature_extractor] I20260518 22:30:23.411767    82 feature_extraction.cc:292]   Dimensions:      4000 x 2250
2026-05-18T22:30:24 COLMAP[feature_extractor] I20260518 22:30:23.411777    82 feature_extraction.cc:295]   Camera:          #1 - SIMPLE_RADIAL
2026-05-18T22:30:24 COLMAP[feature_extractor] I20260518 22:30:23.411789    82 feature_extraction.cc:298]   Focal Length:    2545.54px (Prior)
2026-05-18T22:30:24 COLMAP[feature_extractor] I20260518 22:30:23.411805    82 feature_extraction.cc:302]   Features:        8244 (SIFT)
2026-05-18T22:30:24 COLMAP[feature_extractor] I20260518 22:30:23.411880    82 feature_extraction.cc:316]   GPS:             LAT=40.521, LON=-111.893, ALT=1426.351
2026-05-18T22:30:24 COLMAP[feature_extractor] I20260518 22:30:23.411895    82 feature_extraction.cc:323]   Gravity:         X=0.000, Y=1.000, Z=0.000
2026-05-18T22:30:25 COLMAP[feature_extractor] I20260518 22:30:24.729242    82 feature_extraction.cc:280] Processed file [1708/1710]
2026-05-18T22:30:25 COLMAP[feature_extractor] I20260518 22:30:24.729293    82 feature_extraction.cc:283]   Name:            DJI_01708.JPG
2026-05-18T22:30:25 COLMAP[feature_extractor] I20260518 22:30:24.729305    82 feature_extraction.cc:292]   Dimensions:      4000 x 2250
2026-05-18T22:30:25 COLMAP[feature_extractor] I20260518 22:30:24.729314    82 feature_extraction.cc:295]   Camera:          #1 - SIMPLE_RADIAL
2026-05-18T22:30:25 COLMAP[feature_extractor] I20260518 22:30:24.729324    82 feature_extraction.cc:298]   Focal Length:    2545.54px (Prior)
2026-05-18T22:30:25 COLMAP[feature_extractor] I20260518 22:30:24.729338    82 feature_extraction.cc:302]   Features:        8226 (SIFT)
2026-05-18T22:30:25 COLMAP[feature_extractor] I20260518 22:30:24.729418    82 feature_extraction.cc:316]   GPS:             LAT=40.521, LON=-111.893, ALT=1426.351
2026-05-18T22:30:25 COLMAP[feature_extractor] I20260518 22:30:24.729467    82 feature_extraction.cc:323]   Gravity:         X=0.000, Y=1.000, Z=0.000
2026-05-18T22:30:26 COLMAP[feature_extractor] I20260518 22:30:25.796305    82 feature_extraction.cc:280] Processed file [1709/1710]
2026-05-18T22:30:26 COLMAP[feature_extractor] I20260518 22:30:25.796368    82 feature_extraction.cc:283]   Name:            DJI_01709.JPG
2026-05-18T22:30:26 COLMAP[feature_extractor] I20260518 22:30:25.796380    82 feature_extraction.cc:292]   Dimensions:      4000 x 2250
2026-05-18T22:30:26 COLMAP[feature_extractor] I20260518 22:30:25.796391    82 feature_extraction.cc:295]   Camera:          #1 - SIMPLE_RADIAL
2026-05-18T22:30:26 COLMAP[feature_extractor] I20260518 22:30:25.796403    82 feature_extraction.cc:298]   Focal Length:    2545.54px (Prior)
2026-05-18T22:30:26 COLMAP[feature_extractor] I20260518 22:30:25.796418    82 feature_extraction.cc:302]   Features:        11956 (SIFT)
2026-05-18T22:30:26 COLMAP[feature_extractor] I20260518 22:30:25.796495    82 feature_extraction.cc:316]   GPS:             LAT=40.521, LON=-111.893, ALT=1426.551
2026-05-18T22:30:26 COLMAP[feature_extractor] I20260518 22:30:25.796514    82 feature_extraction.cc:323]   Gravity:         X=0.000, Y=1.000, Z=0.000
2026-05-18T22:30:27 COLMAP[feature_extractor] I20260518 22:30:27.092881    82 feature_extraction.cc:280] Processed file [1710/1710]
2026-05-18T22:30:27 COLMAP[feature_extractor] I20260518 22:30:27.092931    82 feature_extraction.cc:283]   Name:            DJI_01710.JPG
2026-05-18T22:30:27 COLMAP[feature_extractor] I20260518 22:30:27.092945    82 feature_extraction.cc:292]   Dimensions:      4000 x 2250
2026-05-18T22:30:27 COLMAP[feature_extractor] I20260518 22:30:27.092954    82 feature_extraction.cc:295]   Camera:          #1 - SIMPLE_RADIAL
2026-05-18T22:30:27 COLMAP[feature_extractor] I20260518 22:30:27.092964    82 feature_extraction.cc:298]   Focal Length:    2545.54px (Prior)
2026-05-18T22:30:27 COLMAP[feature_extractor] I20260518 22:30:27.092978    82 feature_extraction.cc:302]   Features:        14124 (SIFT)
2026-05-18T22:30:27 COLMAP[feature_extractor] I20260518 22:30:27.093056    82 feature_extraction.cc:316]   GPS:             LAT=40.521, LON=-111.893, ALT=1425.351
2026-05-18T22:30:27 COLMAP[feature_extractor] I20260518 22:30:27.093078    82 feature_extraction.cc:323]   Gravity:         X=0.000, Y=1.000, Z=0.000
2026-05-18T22:30:27 COLMAP[feature_extractor] I20260518 22:30:27.194327    76 timer.cc:90] Elapsed time: 65.942 [minutes]
2026-05-18T22:30:27 2026-05-18 22:30:27,241 - INFO - COLMAP pose_priors schema variant=pose_prior_id columns=['coordinate_system', 'corr_data_id', 'corr_sensor_id', 'corr_sensor_type', 'gravity', 'pose_prior_id', 'position', 'position_covariance']
2026-05-18T22:30:27 2026-05-18 22:30:27,241 - INFO - COLMAP pose priors available for 1710/1710 GPS-tagged images (coverage 100.00%, source=feature_extractor)
2026-05-18T22:31:12 2026-05-18 22:31:11,697 - INFO - Prepared chunk 0 database by pruning global features down to 172 images
2026-05-18T22:31:12 2026-05-18 22:31:11,698 - INFO - [chunk_00_spatial_matcher] colmap spatial_matcher --database_path /tmp/colmap_sfm_gefg0_n4/chunk_00/database.db --FeatureMatching.use_gpu 1 --FeatureMatching.guided_matching 1 --SpatialMatching.ignore_z 0 --SpatialMatching.max_num_neighbors 12 --SpatialMatching.max_distance 120.0
2026-05-18T22:31:12 COLMAP[chunk_00_spatial_matcher] I20260518 22:31:11.889458  2036 feature_matching.cc:195] === Feature matching & geometric verification ===
2026-05-18T22:31:12 COLMAP[chunk_00_spatial_matcher] I20260518 22:31:11.961898  2037 feature_matching_utils.cc:80] Bind FeatureMatcherWorker to GPU device 0
2026-05-18T22:31:12 COLMAP[chunk_00_spatial_matcher] I20260518 22:31:11.961901  2043 feature_matching_utils.cc:80] Bind FeatureMatcherWorker to GPU device 0
2026-05-18T22:31:12 COLMAP[chunk_00_spatial_matcher] I20260518 22:31:11.962584  2037 sift.cc:1547] Creating SIFT GPU feature matcher
2026-05-18T22:31:12 COLMAP[chunk_00_spatial_matcher] I20260518 22:31:11.962586  2043 sift.cc:1547] Creating SIFT GPU feature matcher
2026-05-18T22:31:12 COLMAP[chunk_00_spatial_matcher] I20260518 22:31:11.966115  2036 pairing.cc:560] Generating spatial image pairs...
2026-05-18T22:31:12 COLMAP[chunk_00_spatial_matcher] I20260518 22:31:11.966143  2036 pairing.cc:565] Indexing images...
2026-05-18T22:31:12 COLMAP[chunk_00_spatial_matcher] I20260518 22:31:11.967522  2036 pairing.cc:570]  in 0.001s
2026-05-18T22:31:12 COLMAP[chunk_00_spatial_matcher] I20260518 22:31:11.967549  2036 pairing.cc:584] Building search index...
2026-05-18T22:31:12 COLMAP[chunk_00_spatial_matcher] I20260518 22:31:11.967566  2036 pairing.cc:589]  in 0.000s
2026-05-18T22:31:12 COLMAP[chunk_00_spatial_matcher] I20260518 22:31:11.967574  2036 pairing.cc:592] Searching for nearest neighbors...
2026-05-18T22:31:12 COLMAP[chunk_00_spatial_matcher] I20260518 22:31:11.978662  2036 pairing.cc:608]  in 0.011s
2026-05-18T22:31:12 COLMAP[chunk_00_spatial_matcher] I20260518 22:31:11.978708  2036 pairing.cc:631] Processing image [1/172]
2026-05-18T22:31:12 COLMAP[chunk_00_spatial_matcher] I20260518 22:31:12.299687  2036 feature_matching.cc:217] in 0.321s
2026-05-18T22:31:12 COLMAP[chunk_00_spatial_matcher] I20260518 22:31:12.299736  2036 pairing.cc:631] Processing image [2/172]
2026-05-18T22:31:13 COLMAP[chunk_00_spatial_matcher] I20260518 22:31:12.563100  2036 feature_matching.cc:217] in 0.263s
2026-05-18T22:31:13 COLMAP[chunk_00_spatial_matcher] I20260518 22:31:12.563144  2036 pairing.cc:631] Processing image [3/172]
2026-05-18T22:31:13 COLMAP[chunk_00_spatial_matcher] I20260518 22:31:12.780711  2036 feature_matching.cc:217] in 0.218s
2026-05-18T22:31:13 COLMAP[chunk_00_spatial_matcher] I20260518 22:31:12.780759  2036 pairing.cc:631] Processing image [4/172]
2026-05-18T22:31:13 COLMAP[chunk_00_spatial_matcher] I20260518 22:31:12.970799  2036 feature_matching.cc:217] in 0.190s
2026-05-18T22:31:13 COLMAP[chunk_00_spatial_matcher] I20260518 22:31:12.970850  2036 pairing.cc:631] Processing image [5/172]
2026-05-18T22:31:13 COLMAP[chunk_00_spatial_matcher] I20260518 22:31:13.275688  2036 feature_matching.cc:217] in 0.305s
2026-05-18T22:31:13 COLMAP[chunk_00_spatial_matcher] I20260518 22:31:13.275741  2036 pairing.cc:631] Processing image [6/172]
2026-05-18T22:31:14 COLMAP[chunk_00_spatial_matcher] I20260518 22:31:13.630126  2036 feature_matching.cc:217] in 0.354s
2026-05-18T22:31:14 COLMAP[chunk_00_spatial_matcher] I20260518 22:31:13.630168  2036 pairing.cc:631] Processing image [7/172]
2026-05-18T22:31:14 COLMAP[chunk_00_spatial_matcher] I20260518 22:31:13.875284  2036 feature_matching.cc:217] in 0.245s
2026-05-18T22:31:14 COLMAP[chunk_00_spatial_matcher] I20260518 22:31:13.875334  2036 pairing.cc:631] Processing image [8/172]
2026-05-18T22:31:14 COLMAP[chunk_00_spatial_matcher] I20260518 22:31:14.114640  2036 feature_matching.cc:217] in 0.239s
2026-05-18T22:31:14 COLMAP[chunk_00_spatial_matcher] I20260518 22:31:14.114691  2036 pairing.cc:631] Processing image [9/172]
2026-05-18T22:31:14 COLMAP[chunk_00_spatial_matcher] I20260518 22:31:14.333036  2036 feature_matching.cc:217] in 0.218s
2026-05-18T22:31:14 COLMAP[chunk_00_spatial_matcher] I20260518 22:31:14.333086  2036 pairing.cc:631] Processing image [10/172]
2026-05-18T22:31:15 COLMAP[chunk_00_spatial_matcher] I20260518 22:31:14.548643  2036 feature_matching.cc:217] in 0.216s
2026-05-18T22:31:15 COLMAP[chunk_00_spatial_matcher] I20260518 22:31:14.548691  2036 pairing.cc:631] Processing image [11/172]
2026-05-18T22:31:15 COLMAP[chunk_00_spatial_matcher] I20260518 22:31:14.717231  2036 feature_matching.cc:217] in 0.169s
2026-05-18T22:31:15 COLMAP[chunk_00_spatial_matcher] I20260518 22:31:14.717280  2036 pairing.cc:631] Processing image [12/172]
2026-05-18T22:31:15 COLMAP[chunk_00_spatial_matcher] I20260518 22:31:14.864651  2036 feature_matching.cc:217] in 0.147s
2026-05-18T22:31:15 COLMAP[chunk_00_spatial_matcher] I20260518 22:31:14.864696  2036 pairing.cc:631] Processing image [13/172]
2026-05-18T22:31:15 COLMAP[chunk_00_spatial_matcher] I20260518 22:31:15.000703  2036 feature_matching.cc:217] in 0.136s
2026-05-18T22:31:15 COLMAP[chunk_00_spatial_matcher] I20260518 22:31:15.000748  2036 pairing.cc:631] Processing image [14/172]
2026-05-18T22:31:15 COLMAP[chunk_00_spatial_matcher] I20260518 22:31:15.182137  2036 feature_matching.cc:217] in 0.181s
2026-05-18T22:31:15 COLMAP[chunk_00_spatial_matcher] I20260518 22:31:15.182186  2036 pairing.cc:631] Processing image [15/172]
2026-05-18T22:31:16 COLMAP[chunk_00_spatial_matcher] I20260518 22:31:15.384955  2036 feature_matching.cc:217] in 0.203s
2026-05-18T22:31:16 COLMAP[chunk_00_spatial_matcher] I20260518 22:31:15.385003  2036 pairing.cc:631] Processing image [16/172]
2026-05-18T22:31:16 COLMAP[chunk_00_spatial_matcher] I20260518 22:31:15.577363  2036 feature_matching.cc:217] in 0.192s
2026-05-18T22:31:16 COLMAP[chunk_00_spatial_matcher] I20260518 22:31:15.577407  2036 pairing.cc:631] Processing image [17/172]
2026-05-18T22:31:16 COLMAP[chunk_00_spatial_matcher] I20260518 22:31:15.788973  2036 feature_matching.cc:217] in 0.212s
2026-05-18T22:31:16 COLMAP[chunk_00_spatial_matcher] I20260518 22:31:15.789022  2036 pairing.cc:631] Processing image [18/172]
2026-05-18T22:31:16 COLMAP[chunk_00_spatial_matcher] I20260518 22:31:16.017019  2036 feature_matching.cc:217] in 0.228s
2026-05-18T22:31:16 COLMAP[chunk_00_spatial_matcher] I20260518 22:31:16.017067  2036 pairing.cc:631] Processing image [19/172]
2026-05-18T22:31:16 COLMAP[chunk_00_spatial_matcher] I20260518 22:31:16.245734  2036 feature_matching.cc:217] in 0.229s
2026-05-18T22:31:16 COLMAP[chunk_00_spatial_matcher] I20260518 22:31:16.245781  2036 pairing.cc:631] Processing image [20/172]
2026-05-18T22:31:17 COLMAP[chunk_00_spatial_matcher] I20260518 22:31:16.474910  2036 feature_matching.cc:217] in 0.229s
2026-05-18T22:31:17 COLMAP[chunk_00_spatial_matcher] I20260518 22:31:16.474956  2036 pairing.cc:631] Processing image [21/172]
2026-05-18T22:31:17 COLMAP[chunk_00_spatial_matcher] I20260518 22:31:16.709839  2036 feature_matching.cc:217] in 0.235s
2026-05-18T22:31:17 COLMAP[chunk_00_spatial_matcher] I20260518 22:31:16.709885  2036 pairing.cc:631] Processing image [22/172]
2026-05-18T22:31:17 COLMAP[chunk_00_spatial_matcher] I20260518 22:31:16.957799  2036 feature_matching.cc:217] in 0.248s
2026-05-18T22:31:17 COLMAP[chunk_00_spatial_matcher] I20260518 22:31:16.957847  2036 pairing.cc:631] Processing image [23/172]
2026-05-18T22:31:17 COLMAP[chunk_00_spatial_matcher] I20260518 22:31:17.170002  2036 feature_matching.cc:217] in 0.212s
2026-05-18T22:31:17 COLMAP[chunk_00_spatial_matcher] I20260518 22:31:17.170051  2036 pairing.cc:631] Processing image [24/172]
2026-05-18T22:31:17 COLMAP[chunk_00_spatial_matcher] I20260518 22:31:17.381249  2036 feature_matching.cc:217] in 0.211s
2026-05-18T22:31:17 COLMAP[chunk_00_spatial_matcher] I20260518 22:31:17.381296  2036 pairing.cc:631] Processing image [25/172]
2026-05-18T22:31:18 COLMAP[chunk_00_spatial_matcher] I20260518 22:31:17.594358  2036 feature_matching.cc:217] in 0.213s
2026-05-18T22:31:18 COLMAP[chunk_00_spatial_matcher] I20260518 22:31:17.594413  2036 pairing.cc:631] Processing image [26/172]
2026-05-18T22:31:18 COLMAP[chunk_00_spatial_matcher] I20260518 22:31:17.774127  2036 feature_matching.cc:217] in 0.180s
2026-05-18T22:31:18 COLMAP[chunk_00_spatial_matcher] I20260518 22:31:17.774175  2036 pairing.cc:631] Processing image [27/172]
2026-05-18T22:31:18 COLMAP[chunk_00_spatial_matcher] I20260518 22:31:17.939694  2036 feature_matching.cc:217] in 0.166s
2026-05-18T22:31:18 COLMAP[chunk_00_spatial_matcher] I20260518 22:31:17.939740  2036 pairing.cc:631] Processing image [28/172]
2026-05-18T22:31:18 COLMAP[chunk_00_spatial_matcher] I20260518 22:31:18.057857  2036 feature_matching.cc:217] in 0.118s
2026-05-18T22:31:18 COLMAP[chunk_00_spatial_matcher] I20260518 22:31:18.057904  2036 pairing.cc:631] Processing image [29/172]
2026-05-18T22:31:18 COLMAP[chunk_00_spatial_matcher] I20260518 22:31:18.156081  2036 feature_matching.cc:217] in 0.098s
2026-05-18T22:31:18 COLMAP[chunk_00_spatial_matcher] I20260518 22:31:18.156129  2036 pairing.cc:631] Processing image [30/172]
2026-05-18T22:31:18 COLMAP[chunk_00_spatial_matcher] I20260518 22:31:18.292315  2036 feature_matching.cc:217] in 0.136s
2026-05-18T22:31:18 COLMAP[chunk_00_spatial_matcher] I20260518 22:31:18.292368  2036 pairing.cc:631] Processing image [31/172]
2026-05-18T22:31:19 COLMAP[chunk_00_spatial_matcher] I20260518 22:31:18.417567  2036 feature_matching.cc:217] in 0.125s
2026-05-18T22:31:19 COLMAP[chunk_00_spatial_matcher] I20260518 22:31:18.417615  2036 pairing.cc:631] Processing image [32/172]
2026-05-18T22:31:19 COLMAP[chunk_00_spatial_matcher] I20260518 22:31:18.512192  2036 feature_matching.cc:217] in 0.095s
2026-05-18T22:31:19 COLMAP[chunk_00_spatial_matcher] I20260518 22:31:18.512239  2036 pairing.cc:631] Processing image [33/172]
2026-05-18T22:31:19 COLMAP[chunk_00_spatial_matcher] I20260518 22:31:18.602738  2036 feature_matching.cc:217] in 0.091s
2026-05-18T22:31:19 COLMAP[chunk_00_spatial_matcher] I20260518 22:31:18.602794  2036 pairing.cc:631] Processing image [34/172]
2026-05-18T22:31:19 COLMAP[chunk_00_spatial_matcher] I20260518 22:31:18.707072  2036 feature_matching.cc:217] in 0.104s
2026-05-18T22:31:19 COLMAP[chunk_00_spatial_matcher] I20260518 22:31:18.707115  2036 pairing.cc:631] Processing image [35/172]
2026-05-18T22:31:19 COLMAP[chunk_00_spatial_matcher] I20260518 22:31:18.801586  2036 feature_matching.cc:217] in 0.094s
2026-05-18T22:31:19 COLMAP[chunk_00_spatial_matcher] I20260518 22:31:18.801627  2036 pairing.cc:631] Processing image [36/172]
2026-05-18T22:31:19 COLMAP[chunk_00_spatial_matcher] I20260518 22:31:19.000046  2036 feature_matching.cc:217] in 0.198s
2026-05-18T22:31:19 COLMAP[chunk_00_spatial_matcher] I20260518 22:31:19.000097  2036 pairing.cc:631] Processing image [37/172]
2026-05-18T22:31:19 COLMAP[chunk_00_spatial_matcher] I20260518 22:31:19.181819  2036 feature_matching.cc:217] in 0.182s
2026-05-18T22:31:19 COLMAP[chunk_00_spatial_matcher] I20260518 22:31:19.181864  2036 pairing.cc:631] Processing image [38/172]
2026-05-18T22:31:20 COLMAP[chunk_00_spatial_matcher] I20260518 22:31:19.394464  2036 feature_matching.cc:217] in 0.213s
2026-05-18T22:31:20 COLMAP[chunk_00_spatial_matcher] I20260518 22:31:19.394510  2036 pairing.cc:631] Processing image [39/172]
2026-05-18T22:31:20 COLMAP[chunk_00_spatial_matcher] I20260518 22:31:19.632001  2036 feature_matching.cc:217] in 0.238s
2026-05-18T22:31:20 COLMAP[chunk_00_spatial_matcher] I20260518 22:31:19.632048  2036 pairing.cc:631] Processing image [40/172]
2026-05-18T22:31:20 COLMAP[chunk_00_spatial_matcher] I20260518 22:31:19.826022  2036 feature_matching.cc:217] in 0.194s
2026-05-18T22:31:20 COLMAP[chunk_00_spatial_matcher] I20260518 22:31:19.826071  2036 pairing.cc:631] Processing image [41/172]
2026-05-18T22:31:20 COLMAP[chunk_00_spatial_matcher] I20260518 22:31:20.008402  2036 feature_matching.cc:217] in 0.182s
2026-05-18T22:31:20 COLMAP[chunk_00_spatial_matcher] I20260518 22:31:20.008450  2036 pairing.cc:631] Processing image [42/172]
2026-05-18T22:31:20 COLMAP[chunk_00_spatial_matcher] I20260518 22:31:20.116333  2036 feature_matching.cc:217] in 0.108s
2026-05-18T22:31:20 COLMAP[chunk_00_spatial_matcher] I20260518 22:31:20.116377  2036 pairing.cc:631] Processing image [43/172]
2026-05-18T22:31:20 COLMAP[chunk_00_spatial_matcher] I20260518 22:31:20.116510  2036 feature_matching.cc:217] in 0.000s
2026-05-18T22:31:20 COLMAP[chunk_00_spatial_matcher] I20260518 22:31:20.116525  2036 pairing.cc:631] Processing image [44/172]
2026-05-18T22:31:21 COLMAP[chunk_00_spatial_matcher] I20260518 22:31:20.648661  2036 feature_matching.cc:217] in 0.532s
2026-05-18T22:31:21 COLMAP[chunk_00_spatial_matcher] I20260518 22:31:20.648706  2036 pairing.cc:631] Processing image [45/172]
2026-05-18T22:31:21 COLMAP[chunk_00_spatial_matcher] I20260518 22:31:20.858999  2036 feature_matching.cc:217] in 0.210s
2026-05-18T22:31:21 COLMAP[chunk_00_spatial_matcher] I20260518 22:31:20.859050  2036 pairing.cc:631] Processing image [46/172]
2026-05-18T22:31:21 COLMAP[chunk_00_spatial_matcher] I20260518 22:31:21.261981  2036 feature_matching.cc:217] in 0.403s
2026-05-18T22:31:21 COLMAP[chunk_00_spatial_matcher] I20260518 22:31:21.262030  2036 pairing.cc:631] Processing image [47/172]
2026-05-18T22:31:22 COLMAP[chunk_00_spatial_matcher] I20260518 22:31:21.448508  2036 feature_matching.cc:217] in 0.187s
2026-05-18T22:31:22 COLMAP[chunk_00_spatial_matcher] I20260518 22:31:21.448558  2036 pairing.cc:631] Processing image [48/172]
2026-05-18T22:31:22 COLMAP[chunk_00_spatial_matcher] I20260518 22:31:21.770150  2036 feature_matching.cc:217] in 0.322s
2026-05-18T22:31:22 COLMAP[chunk_00_spatial_matcher] I20260518 22:31:21.770200  2036 pairing.cc:631] Processing image [49/172]
2026-05-18T22:31:22 COLMAP[chunk_00_spatial_matcher] I20260518 22:31:22.040053  2036 feature_matching.cc:217] in 0.270s
2026-05-18T22:31:22 COLMAP[chunk_00_spatial_matcher] I20260518 22:31:22.040107  2036 pairing.cc:631] Processing image [50/172]
2026-05-18T22:31:22 COLMAP[chunk_00_spatial_matcher] I20260518 22:31:22.284866  2036 feature_matching.cc:217] in 0.245s
2026-05-18T22:31:22 COLMAP[chunk_00_spatial_matcher] I20260518 22:31:22.284914  2036 pairing.cc:631] Processing image [51/172]
2026-05-18T22:31:23 COLMAP[chunk_00_spatial_matcher] I20260518 22:31:22.538805  2036 feature_matching.cc:217] in 0.254s
2026-05-18T22:31:23 COLMAP[chunk_00_spatial_matcher] I20260518 22:31:22.538856  2036 pairing.cc:631] Processing image [52/172]
2026-05-18T22:31:23 COLMAP[chunk_00_spatial_matcher] I20260518 22:31:22.759572  2036 feature_matching.cc:217] in 0.221s
2026-05-18T22:31:23 COLMAP[chunk_00_spatial_matcher] I20260518 22:31:22.759619  2036 pairing.cc:631] Processing image [53/172]
2026-05-18T22:31:23 COLMAP[chunk_00_spatial_matcher] I20260518 22:31:23.019649  2036 feature_matching.cc:217] in 0.260s
2026-05-18T22:31:23 COLMAP[chunk_00_spatial_matcher] I20260518 22:31:23.019696  2036 pairing.cc:631] Processing image [54/172]
2026-05-18T22:31:23 COLMAP[chunk_00_spatial_matcher] I20260518 22:31:23.246766  2036 feature_matching.cc:217] in 0.227s
2026-05-18T22:31:23 COLMAP[chunk_00_spatial_matcher] I20260518 22:31:23.246817  2036 pairing.cc:631] Processing image [55/172]
2026-05-18T22:31:24 COLMAP[chunk_00_spatial_matcher] I20260518 22:31:23.494839  2036 feature_matching.cc:217] in 0.248s
2026-05-18T22:31:24 COLMAP[chunk_00_spatial_matcher] I20260518 22:31:23.494892  2036 pairing.cc:631] Processing image [56/172]
2026-05-18T22:31:24 COLMAP[chunk_00_spatial_matcher] I20260518 22:31:23.746631  2036 feature_matching.cc:217] in 0.252s
2026-05-18T22:31:24 COLMAP[chunk_00_spatial_matcher] I20260518 22:31:23.746680  2036 pairing.cc:631] Processing image [57/172]
2026-05-18T22:31:24 COLMAP[chunk_00_spatial_matcher] I20260518 22:31:23.938092  2036 feature_matching.cc:217] in 0.191s
2026-05-18T22:31:24 COLMAP[chunk_00_spatial_matcher] I20260518 22:31:23.938145  2036 pairing.cc:631] Processing image [58/172]
2026-05-18T22:31:24 COLMAP[chunk_00_spatial_matcher] I20260518 22:31:24.086808  2036 feature_matching.cc:217] in 0.149s
2026-05-18T22:31:24 COLMAP[chunk_00_spatial_matcher] I20260518 22:31:24.086856  2036 pairing.cc:631] Processing image [59/172]
2026-05-18T22:31:24 COLMAP[chunk_00_spatial_matcher] I20260518 22:31:24.201565  2036 feature_matching.cc:217] in 0.115s
2026-05-18T22:31:24 COLMAP[chunk_00_spatial_matcher] I20260518 22:31:24.201614  2036 pairing.cc:631] Processing image [60/172]
2026-05-18T22:31:24 COLMAP[chunk_00_spatial_matcher] I20260518 22:31:24.297569  2036 feature_matching.cc:217] in 0.096s
2026-05-18T22:31:24 COLMAP[chunk_00_spatial_matcher] I20260518 22:31:24.297616  2036 pairing.cc:631] Processing image [61/172]
2026-05-18T22:31:24 COLMAP[chunk_00_spatial_matcher] I20260518 22:31:24.399190  2036 feature_matching.cc:217] in 0.102s
2026-05-18T22:31:24 COLMAP[chunk_00_spatial_matcher] I20260518 22:31:24.399241  2036 pairing.cc:631] Processing image [62/172]
2026-05-18T22:31:25 COLMAP[chunk_00_spatial_matcher] I20260518 22:31:24.563342  2036 feature_matching.cc:217] in 0.164s
2026-05-18T22:31:25 COLMAP[chunk_00_spatial_matcher] I20260518 22:31:24.563416  2036 pairing.cc:631] Processing image [63/172]
2026-05-18T22:31:25 COLMAP[chunk_00_spatial_matcher] I20260518 22:31:24.729676  2036 feature_matching.cc:217] in 0.166s
2026-05-18T22:31:25 COLMAP[chunk_00_spatial_matcher] I20260518 22:31:24.729722  2036 pairing.cc:631] Processing image [64/172]
2026-05-18T22:31:25 COLMAP[chunk_00_spatial_matcher] I20260518 22:31:24.903894  2036 feature_matching.cc:217] in 0.174s
2026-05-18T22:31:25 COLMAP[chunk_00_spatial_matcher] I20260518 22:31:24.903939  2036 pairing.cc:631] Processing image [65/172]
2026-05-18T22:31:25 COLMAP[chunk_00_spatial_matcher] I20260518 22:31:25.074887  2036 feature_matching.cc:217] in 0.171s
2026-05-18T22:31:25 COLMAP[chunk_00_spatial_matcher] I20260518 22:31:25.074935  2036 pairing.cc:631] Processing image [66/172]
2026-05-18T22:31:25 COLMAP[chunk_00_spatial_matcher] I20260518 22:31:25.266731  2036 feature_matching.cc:217] in 0.192s
2026-05-18T22:31:25 COLMAP[chunk_00_spatial_matcher] I20260518 22:31:25.266777  2036 pairing.cc:631] Processing image [67/172]
2026-05-18T22:31:25 COLMAP[chunk_00_spatial_matcher] I20260518 22:31:25.446512  2036 feature_matching.cc:217] in 0.180s
2026-05-18T22:31:25 COLMAP[chunk_00_spatial_matcher] I20260518 22:31:25.446563  2036 pairing.cc:631] Processing image [68/172]
2026-05-18T22:31:26 COLMAP[chunk_00_spatial_matcher] I20260518 22:31:25.646271  2036 feature_matching.cc:217] in 0.200s
2026-05-18T22:31:26 COLMAP[chunk_00_spatial_matcher] I20260518 22:31:25.646318  2036 pairing.cc:631] Processing image [69/172]
2026-05-18T22:31:26 COLMAP[chunk_00_spatial_matcher] I20260518 22:31:25.859543  2036 feature_matching.cc:217] in 0.213s
2026-05-18T22:31:26 COLMAP[chunk_00_spatial_matcher] I20260518 22:31:25.859593  2036 pairing.cc:631] Processing image [70/172]
2026-05-18T22:31:26 COLMAP[chunk_00_spatial_matcher] I20260518 22:31:26.051651  2036 feature_matching.cc:217] in 0.192s
2026-05-18T22:31:26 COLMAP[chunk_00_spatial_matcher] I20260518 22:31:26.051702  2036 pairing.cc:631] Processing image [71/172]
2026-05-18T22:31:26 COLMAP[chunk_00_spatial_matcher] I20260518 22:31:26.266197  2036 feature_matching.cc:217] in 0.215s
2026-05-18T22:31:26 COLMAP[chunk_00_spatial_matcher] I20260518 22:31:26.266248  2036 pairing.cc:631] Processing image [72/172]
2026-05-18T22:31:27 COLMAP[chunk_00_spatial_matcher] I20260518 22:31:26.605839  2036 feature_matching.cc:217] in 0.340s
2026-05-18T22:31:27 COLMAP[chunk_00_spatial_matcher] I20260518 22:31:26.605890  2036 pairing.cc:631] Processing image [73/172]
2026-05-18T22:31:27 COLMAP[chunk_00_spatial_matcher] I20260518 22:31:26.854400  2036 feature_matching.cc:217] in 0.249s
2026-05-18T22:31:27 COLMAP[chunk_00_spatial_matcher] I20260518 22:31:26.854449  2036 pairing.cc:631] Processing image [74/172]
2026-05-18T22:31:27 COLMAP[chunk_00_spatial_matcher] I20260518 22:31:27.097558  2036 feature_matching.cc:217] in 0.243s
2026-05-18T22:31:27 COLMAP[chunk_00_spatial_matcher] I20260518 22:31:27.097608  2036 pairing.cc:631] Processing image [75/172]
2026-05-18T22:31:27 COLMAP[chunk_00_spatial_matcher] I20260518 22:31:27.425675  2036 feature_matching.cc:217] in 0.328s
2026-05-18T22:31:27 COLMAP[chunk_00_spatial_matcher] I20260518 22:31:27.425726  2036 pairing.cc:631] Processing image [76/172]
2026-05-18T22:31:28 COLMAP[chunk_00_spatial_matcher] I20260518 22:31:27.721935  2036 feature_matching.cc:217] in 0.296s
2026-05-18T22:31:28 COLMAP[chunk_00_spatial_matcher] I20260518 22:31:27.721987  2036 pairing.cc:631] Processing image [77/172]
2026-05-18T22:31:28 COLMAP[chunk_00_spatial_matcher] I20260518 22:31:28.013350  2036 feature_matching.cc:217] in 0.291s
2026-05-18T22:31:28 COLMAP[chunk_00_spatial_matcher] I20260518 22:31:28.013402  2036 pairing.cc:631] Processing image [78/172]
2026-05-18T22:31:28 COLMAP[chunk_00_spatial_matcher] I20260518 22:31:28.283857  2036 feature_matching.cc:217] in 0.270s
2026-05-18T22:31:28 COLMAP[chunk_00_spatial_matcher] I20260518 22:31:28.283907  2036 pairing.cc:631] Processing image [79/172]
2026-05-18T22:31:28 COLMAP[chunk_00_spatial_matcher] I20260518 22:31:28.480926  2036 feature_matching.cc:217] in 0.197s
2026-05-18T22:31:28 COLMAP[chunk_00_spatial_matcher] I20260518 22:31:28.480988  2036 pairing.cc:631] Processing image [80/172]
2026-05-18T22:31:29 COLMAP[chunk_00_spatial_matcher] I20260518 22:31:28.684324  2036 feature_matching.cc:217] in 0.203s
2026-05-18T22:31:29 COLMAP[chunk_00_spatial_matcher] I20260518 22:31:28.684373  2036 pairing.cc:631] Processing image [81/172]
2026-05-18T22:31:29 COLMAP[chunk_00_spatial_matcher] I20260518 22:31:28.888716  2036 feature_matching.cc:217] in 0.204s
2026-05-18T22:31:29 COLMAP[chunk_00_spatial_matcher] I20260518 22:31:28.888764  2036 pairing.cc:631] Processing image [82/172]
2026-05-18T22:31:29 COLMAP[chunk_00_spatial_matcher] I20260518 22:31:29.088173  2036 feature_matching.cc:217] in 0.199s
2026-05-18T22:31:29 COLMAP[chunk_00_spatial_matcher] I20260518 22:31:29.088224  2036 pairing.cc:631] Processing image [83/172]
2026-05-18T22:31:29 COLMAP[chunk_00_spatial_matcher] I20260518 22:31:29.280637  2036 feature_matching.cc:217] in 0.192s
2026-05-18T22:31:29 COLMAP[chunk_00_spatial_matcher] I20260518 22:31:29.280684  2036 pairing.cc:631] Processing image [84/172]
2026-05-18T22:31:29 COLMAP[chunk_00_spatial_matcher] I20260518 22:31:29.472324  2036 feature_matching.cc:217] in 0.192s
2026-05-18T22:31:29 COLMAP[chunk_00_spatial_matcher] I20260518 22:31:29.472375  2036 pairing.cc:631] Processing image [85/172]
2026-05-18T22:31:30 COLMAP[chunk_00_spatial_matcher] I20260518 22:31:29.669220  2036 feature_matching.cc:217] in 0.197s
2026-05-18T22:31:30 COLMAP[chunk_00_spatial_matcher] I20260518 22:31:29.669268  2036 pairing.cc:631] Processing image [86/172]
2026-05-18T22:31:30 COLMAP[chunk_00_spatial_matcher] I20260518 22:31:29.872469  2036 feature_matching.cc:217] in 0.203s
2026-05-18T22:31:30 COLMAP[chunk_00_spatial_matcher] I20260518 22:31:29.872517  2036 pairing.cc:631] Processing image [87/172]
2026-05-18T22:31:30 COLMAP[chunk_00_spatial_matcher] I20260518 22:31:30.058087  2036 feature_matching.cc:217] in 0.186s
2026-05-18T22:31:30 COLMAP[chunk_00_spatial_matcher] I20260518 22:31:30.058133  2036 pairing.cc:631] Processing image [88/172]
2026-05-18T22:31:30 COLMAP[chunk_00_spatial_matcher] I20260518 22:31:30.202178  2036 feature_matching.cc:217] in 0.144s
2026-05-18T22:31:30 COLMAP[chunk_00_spatial_matcher] I20260518 22:31:30.202226  2036 pairing.cc:631] Processing image [89/172]
2026-05-18T22:31:30 COLMAP[chunk_00_spatial_matcher] I20260518 22:31:30.350342  2036 feature_matching.cc:217] in 0.148s
2026-05-18T22:31:30 COLMAP[chunk_00_spatial_matcher] I20260518 22:31:30.350390  2036 pairing.cc:631] Processing image [90/172]
2026-05-18T22:31:30 COLMAP[chunk_00_spatial_matcher] I20260518 22:31:30.465410  2036 feature_matching.cc:217] in 0.115s
2026-05-18T22:31:30 COLMAP[chunk_00_spatial_matcher] I20260518 22:31:30.465458  2036 pairing.cc:631] Processing image [91/172]
2026-05-18T22:31:31 COLMAP[chunk_00_spatial_matcher] I20260518 22:31:30.556658  2036 feature_matching.cc:217] in 0.091s
2026-05-18T22:31:31 COLMAP[chunk_00_spatial_matcher] I20260518 22:31:30.556700  2036 pairing.cc:631] Processing image [92/172]
2026-05-18T22:31:31 COLMAP[chunk_00_spatial_matcher] I20260518 22:31:30.622838  2036 feature_matching.cc:217] in 0.066s
2026-05-18T22:31:31 COLMAP[chunk_00_spatial_matcher] I20260518 22:31:30.622876  2036 pairing.cc:631] Processing image [93/172]
2026-05-18T22:31:31 COLMAP[chunk_00_spatial_matcher] I20260518 22:31:30.691468  2036 feature_matching.cc:217] in 0.069s
2026-05-18T22:31:31 COLMAP[chunk_00_spatial_matcher] I20260518 22:31:30.691504  2036 pairing.cc:631] Processing image [94/172]
2026-05-18T22:31:31 COLMAP[chunk_00_spatial_matcher] I20260518 22:31:30.788996  2036 feature_matching.cc:217] in 0.098s
2026-05-18T22:31:31 COLMAP[chunk_00_spatial_matcher] I20260518 22:31:30.789036  2036 pairing.cc:631] Processing image [95/172]
2026-05-18T22:31:31 COLMAP[chunk_00_spatial_matcher] I20260518 22:31:30.916867  2036 feature_matching.cc:217] in 0.128s
2026-05-18T22:31:31 COLMAP[chunk_00_spatial_matcher] I20260518 22:31:30.916908  2036 pairing.cc:631] Processing image [96/172]
2026-05-18T22:31:31 COLMAP[chunk_00_spatial_matcher] I20260518 22:31:31.027302  2036 feature_matching.cc:217] in 0.110s
2026-05-18T22:31:31 COLMAP[chunk_00_spatial_matcher] I20260518 22:31:31.027344  2036 pairing.cc:631] Processing image [97/172]
2026-05-18T22:31:31 COLMAP[chunk_00_spatial_matcher] I20260518 22:31:31.142303  2036 feature_matching.cc:217] in 0.115s
2026-05-18T22:31:31 COLMAP[chunk_00_spatial_matcher] I20260518 22:31:31.142344  2036 pairing.cc:631] Processing image [98/172]
2026-05-18T22:31:31 COLMAP[chunk_00_spatial_matcher] I20260518 22:31:31.249450  2036 feature_matching.cc:217] in 0.107s
2026-05-18T22:31:31 COLMAP[chunk_00_spatial_matcher] I20260518 22:31:31.249496  2036 pairing.cc:631] Processing image [99/172]
2026-05-18T22:31:31 COLMAP[chunk_00_spatial_matcher] I20260518 22:31:31.376197  2036 feature_matching.cc:217] in 0.127s
2026-05-18T22:31:31 COLMAP[chunk_00_spatial_matcher] I20260518 22:31:31.376242  2036 pairing.cc:631] Processing image [100/172]
2026-05-18T22:31:32 COLMAP[chunk_00_spatial_matcher] I20260518 22:31:31.494920  2036 feature_matching.cc:217] in 0.119s
2026-05-18T22:31:32 COLMAP[chunk_00_spatial_matcher] I20260518 22:31:31.494968  2036 pairing.cc:631] Processing image [101/172]
2026-05-18T22:31:32 COLMAP[chunk_00_spatial_matcher] I20260518 22:31:31.623381  2036 feature_matching.cc:217] in 0.128s
2026-05-18T22:31:32 COLMAP[chunk_00_spatial_matcher] I20260518 22:31:31.623425  2036 pairing.cc:631] Processing image [102/172]
2026-05-18T22:31:32 COLMAP[chunk_00_spatial_matcher] I20260518 22:31:31.751904  2036 feature_matching.cc:217] in 0.129s
2026-05-18T22:31:32 COLMAP[chunk_00_spatial_matcher] I20260518 22:31:31.751948  2036 pairing.cc:631] Processing image [103/172]
2026-05-18T22:31:32 COLMAP[chunk_00_spatial_matcher] I20260518 22:31:31.887710  2036 feature_matching.cc:217] in 0.136s
2026-05-18T22:31:32 COLMAP[chunk_00_spatial_matcher] I20260518 22:31:31.887755  2036 pairing.cc:631] Processing image [104/172]
2026-05-18T22:31:32 COLMAP[chunk_00_spatial_matcher] I20260518 22:31:32.048424  2036 feature_matching.cc:217] in 0.161s
2026-05-18T22:31:32 COLMAP[chunk_00_spatial_matcher] I20260518 22:31:32.048465  2036 pairing.cc:631] Processing image [105/172]
2026-05-18T22:31:32 COLMAP[chunk_00_spatial_matcher] I20260518 22:31:32.245956  2036 feature_matching.cc:217] in 0.198s
2026-05-18T22:31:32 COLMAP[chunk_00_spatial_matcher] I20260518 22:31:32.246003  2036 pairing.cc:631] Processing image [106/172]
2026-05-18T22:31:32 COLMAP[chunk_00_spatial_matcher] I20260518 22:31:32.437321  2036 feature_matching.cc:217] in 0.191s
2026-05-18T22:31:32 COLMAP[chunk_00_spatial_matcher] I20260518 22:31:32.437376  2036 pairing.cc:631] Processing image [107/172]
2026-05-18T22:31:33 COLMAP[chunk_00_spatial_matcher] I20260518 22:31:32.622531  2036 feature_matching.cc:217] in 0.185s
2026-05-18T22:31:33 COLMAP[chunk_00_spatial_matcher] I20260518 22:31:32.622575  2036 pairing.cc:631] Processing image [108/172]
2026-05-18T22:31:33 COLMAP[chunk_00_spatial_matcher] I20260518 22:31:32.828001  2036 feature_matching.cc:217] in 0.205s
2026-05-18T22:31:33 COLMAP[chunk_00_spatial_matcher] I20260518 22:31:32.828047  2036 pairing.cc:631] Processing image [109/172]
2026-05-18T22:31:33 COLMAP[chunk_00_spatial_matcher] I20260518 22:31:33.045142  2036 feature_matching.cc:217] in 0.217s
2026-05-18T22:31:33 COLMAP[chunk_00_spatial_matcher] I20260518 22:31:33.045188  2036 pairing.cc:631] Processing image [110/172]
2026-05-18T22:31:33 COLMAP[chunk_00_spatial_matcher] I20260518 22:31:33.286108  2036 feature_matching.cc:217] in 0.241s
2026-05-18T22:31:33 COLMAP[chunk_00_spatial_matcher] I20260518 22:31:33.286156  2036 pairing.cc:631] Processing image [111/172]
2026-05-18T22:31:33 COLMAP[chunk_00_spatial_matcher] I20260518 22:31:33.455634  2036 feature_matching.cc:217] in 0.170s
2026-05-18T22:31:33 COLMAP[chunk_00_spatial_matcher] I20260518 22:31:33.455683  2036 pairing.cc:631] Processing image [112/172]
2026-05-18T22:31:34 COLMAP[chunk_00_spatial_matcher] I20260518 22:31:33.559455  2036 feature_matching.cc:217] in 0.104s
2026-05-18T22:31:34 COLMAP[chunk_00_spatial_matcher] I20260518 22:31:33.559499  2036 pairing.cc:631] Processing image [113/172]
2026-05-18T22:31:34 COLMAP[chunk_00_spatial_matcher] I20260518 22:31:33.632828  2036 feature_matching.cc:217] in 0.073s
2026-05-18T22:31:34 COLMAP[chunk_00_spatial_matcher] I20260518 22:31:33.632870  2036 pairing.cc:631] Processing image [114/172]
2026-05-18T22:31:34 COLMAP[chunk_00_spatial_matcher] I20260518 22:31:33.772538  2036 feature_matching.cc:217] in 0.140s
2026-05-18T22:31:34 COLMAP[chunk_00_spatial_matcher] I20260518 22:31:33.772588  2036 pairing.cc:631] Processing image [115/172]
2026-05-18T22:31:34 COLMAP[chunk_00_spatial_matcher] I20260518 22:31:33.854655  2036 feature_matching.cc:217] in 0.082s
2026-05-18T22:31:34 COLMAP[chunk_00_spatial_matcher] I20260518 22:31:33.854696  2036 pairing.cc:631] Processing image [116/172]
2026-05-18T22:31:34 COLMAP[chunk_00_spatial_matcher] I20260518 22:31:33.924525  2036 feature_matching.cc:217] in 0.070s
2026-05-18T22:31:34 COLMAP[chunk_00_spatial_matcher] I20260518 22:31:33.924562  2036 pairing.cc:631] Processing image [117/172]
2026-05-18T22:31:34 COLMAP[chunk_00_spatial_matcher] I20260518 22:31:33.999174  2036 feature_matching.cc:217] in 0.075s
2026-05-18T22:31:34 COLMAP[chunk_00_spatial_matcher] I20260518 22:31:33.999217  2036 pairing.cc:631] Processing image [118/172]
2026-05-18T22:31:34 COLMAP[chunk_00_spatial_matcher] I20260518 22:31:34.109629  2036 feature_matching.cc:217] in 0.110s
2026-05-18T22:31:34 COLMAP[chunk_00_spatial_matcher] I20260518 22:31:34.109673  2036 pairing.cc:631] Processing image [119/172]
2026-05-18T22:31:34 COLMAP[chunk_00_spatial_matcher] I20260518 22:31:34.182413  2036 feature_matching.cc:217] in 0.073s
2026-05-18T22:31:34 COLMAP[chunk_00_spatial_matcher] I20260518 22:31:34.182454  2036 pairing.cc:631] Processing image [120/172]
2026-05-18T22:31:34 COLMAP[chunk_00_spatial_matcher] I20260518 22:31:34.281908  2036 feature_matching.cc:217] in 0.099s
2026-05-18T22:31:34 COLMAP[chunk_00_spatial_matcher] I20260518 22:31:34.281950  2036 pairing.cc:631] Processing image [121/172]
2026-05-18T22:31:34 COLMAP[chunk_00_spatial_matcher] I20260518 22:31:34.374173  2036 feature_matching.cc:217] in 0.092s
2026-05-18T22:31:34 COLMAP[chunk_00_spatial_matcher] I20260518 22:31:34.374213  2036 pairing.cc:631] Processing image [122/172]
2026-05-18T22:31:35 COLMAP[chunk_00_spatial_matcher] I20260518 22:31:34.497062  2036 feature_matching.cc:217] in 0.123s
2026-05-18T22:31:35 COLMAP[chunk_00_spatial_matcher] I20260518 22:31:34.497107  2036 pairing.cc:631] Processing image [123/172]
2026-05-18T22:31:35 COLMAP[chunk_00_spatial_matcher] I20260518 22:31:34.582597  2036 feature_matching.cc:217] in 0.086s
2026-05-18T22:31:35 COLMAP[chunk_00_spatial_matcher] I20260518 22:31:34.582639  2036 pairing.cc:631] Processing image [124/172]
2026-05-18T22:31:35 COLMAP[chunk_00_spatial_matcher] I20260518 22:31:34.692070  2036 feature_matching.cc:217] in 0.109s
2026-05-18T22:31:35 COLMAP[chunk_00_spatial_matcher] I20260518 22:31:34.692118  2036 pairing.cc:631] Processing image [125/172]
2026-05-18T22:31:35 COLMAP[chunk_00_spatial_matcher] I20260518 22:31:34.864424  2036 feature_matching.cc:217] in 0.172s
2026-05-18T22:31:35 COLMAP[chunk_00_spatial_matcher] I20260518 22:31:34.864467  2036 pairing.cc:631] Processing image [126/172]
2026-05-18T22:31:35 COLMAP[chunk_00_spatial_matcher] I20260518 22:31:35.073163  2036 feature_matching.cc:217] in 0.209s
2026-05-18T22:31:35 COLMAP[chunk_00_spatial_matcher] I20260518 22:31:35.073210  2036 pairing.cc:631] Processing image [127/172]
2026-05-18T22:31:35 COLMAP[chunk_00_spatial_matcher] I20260518 22:31:35.254611  2036 feature_matching.cc:217] in 0.181s
2026-05-18T22:31:35 COLMAP[chunk_00_spatial_matcher] I20260518 22:31:35.254659  2036 pairing.cc:631] Processing image [128/172]
2026-05-18T22:31:35 COLMAP[chunk_00_spatial_matcher] I20260518 22:31:35.397073  2036 feature_matching.cc:217] in 0.142s
2026-05-18T22:31:35 COLMAP[chunk_00_spatial_matcher] I20260518 22:31:35.397119  2036 pairing.cc:631] Processing image [129/172]
2026-05-18T22:31:36 COLMAP[chunk_00_spatial_matcher] I20260518 22:31:35.512629  2036 feature_matching.cc:217] in 0.116s
2026-05-18T22:31:36 COLMAP[chunk_00_spatial_matcher] I20260518 22:31:35.512677  2036 pairing.cc:631] Processing image [130/172]
2026-05-18T22:31:36 COLMAP[chunk_00_spatial_matcher] I20260518 22:31:35.603593  2036 feature_matching.cc:217] in 0.091s
2026-05-18T22:31:36 COLMAP[chunk_00_spatial_matcher] I20260518 22:31:35.603636  2036 pairing.cc:631] Processing image [131/172]
2026-05-18T22:31:36 COLMAP[chunk_00_spatial_matcher] I20260518 22:31:35.663960  2036 feature_matching.cc:217] in 0.060s
2026-05-18T22:31:36 COLMAP[chunk_00_spatial_matcher] I20260518 22:31:35.663997  2036 pairing.cc:631] Processing image [132/172]
2026-05-18T22:31:36 COLMAP[chunk_00_spatial_matcher] I20260518 22:31:35.740691  2036 feature_matching.cc:217] in 0.077s
2026-05-18T22:31:36 COLMAP[chunk_00_spatial_matcher] I20260518 22:31:35.740731  2036 pairing.cc:631] Processing image [133/172]
2026-05-18T22:31:36 COLMAP[chunk_00_spatial_matcher] I20260518 22:31:35.904143  2036 feature_matching.cc:217] in 0.163s
2026-05-18T22:31:36 COLMAP[chunk_00_spatial_matcher] I20260518 22:31:35.904189  2036 pairing.cc:631] Processing image [134/172]
2026-05-18T22:31:36 COLMAP[chunk_00_spatial_matcher] I20260518 22:31:36.032728  2036 feature_matching.cc:217] in 0.129s
2026-05-18T22:31:36 COLMAP[chunk_00_spatial_matcher] I20260518 22:31:36.032773  2036 pairing.cc:631] Processing image [135/172]
2026-05-18T22:31:36 COLMAP[chunk_00_spatial_matcher] I20260518 22:31:36.126593  2036 feature_matching.cc:217] in 0.094s
2026-05-18T22:31:36 COLMAP[chunk_00_spatial_matcher] I20260518 22:31:36.126634  2036 pairing.cc:631] Processing image [136/172]
2026-05-18T22:31:36 COLMAP[chunk_00_spatial_matcher] I20260518 22:31:36.207952  2036 feature_matching.cc:217] in 0.081s
2026-05-18T22:31:36 COLMAP[chunk_00_spatial_matcher] I20260518 22:31:36.207994  2036 pairing.cc:631] Processing image [137/172]
2026-05-18T22:31:36 COLMAP[chunk_00_spatial_matcher] I20260518 22:31:36.292483  2036 feature_matching.cc:217] in 0.085s
2026-05-18T22:31:36 COLMAP[chunk_00_spatial_matcher] I20260518 22:31:36.292522  2036 pairing.cc:631] Processing image [138/172]
2026-05-18T22:31:36 COLMAP[chunk_00_spatial_matcher] I20260518 22:31:36.376269  2036 feature_matching.cc:217] in 0.084s
2026-05-18T22:31:36 COLMAP[chunk_00_spatial_matcher] I20260518 22:31:36.376307  2036 pairing.cc:631] Processing image [139/172]
2026-05-18T22:31:36 COLMAP[chunk_00_spatial_matcher] I20260518 22:31:36.458716  2036 feature_matching.cc:217] in 0.082s
2026-05-18T22:31:36 COLMAP[chunk_00_spatial_matcher] I20260518 22:31:36.458753  2036 pairing.cc:631] Processing image [140/172]
2026-05-18T22:31:37 COLMAP[chunk_00_spatial_matcher] I20260518 22:31:36.579272  2036 feature_matching.cc:217] in 0.121s
2026-05-18T22:31:37 COLMAP[chunk_00_spatial_matcher] I20260518 22:31:36.579313  2036 pairing.cc:631] Processing image [141/172]
2026-05-18T22:31:37 COLMAP[chunk_00_spatial_matcher] I20260518 22:31:36.705935  2036 feature_matching.cc:217] in 0.127s
2026-05-18T22:31:37 COLMAP[chunk_00_spatial_matcher] I20260518 22:31:36.705977  2036 pairing.cc:631] Processing image [142/172]
2026-05-18T22:31:37 COLMAP[chunk_00_spatial_matcher] I20260518 22:31:36.803602  2036 feature_matching.cc:217] in 0.098s
2026-05-18T22:31:37 COLMAP[chunk_00_spatial_matcher] I20260518 22:31:36.803646  2036 pairing.cc:631] Processing image [143/172]
2026-05-18T22:31:37 COLMAP[chunk_00_spatial_matcher] I20260518 22:31:36.922575  2036 feature_matching.cc:217] in 0.119s
2026-05-18T22:31:37 COLMAP[chunk_00_spatial_matcher] I20260518 22:31:36.922619  2036 pairing.cc:631] Processing image [144/172]
2026-05-18T22:31:37 COLMAP[chunk_00_spatial_matcher] I20260518 22:31:37.043910  2036 feature_matching.cc:217] in 0.121s
2026-05-18T22:31:37 COLMAP[chunk_00_spatial_matcher] I20260518 22:31:37.043953  2036 pairing.cc:631] Processing image [145/172]
2026-05-18T22:31:37 COLMAP[chunk_00_spatial_matcher] I20260518 22:31:37.112502  2036 feature_matching.cc:217] in 0.069s
2026-05-18T22:31:37 COLMAP[chunk_00_spatial_matcher] I20260518 22:31:37.112541  2036 pairing.cc:631] Processing image [146/172]
2026-05-18T22:31:37 COLMAP[chunk_00_spatial_matcher] I20260518 22:31:37.183310  2036 feature_matching.cc:217] in 0.071s
2026-05-18T22:31:37 COLMAP[chunk_00_spatial_matcher] I20260518 22:31:37.183347  2036 pairing.cc:631] Processing image [147/172]
2026-05-18T22:31:37 COLMAP[chunk_00_spatial_matcher] I20260518 22:31:37.262696  2036 feature_matching.cc:217] in 0.079s
2026-05-18T22:31:37 COLMAP[chunk_00_spatial_matcher] I20260518 22:31:37.262734  2036 pairing.cc:631] Processing image [148/172]
2026-05-18T22:31:37 COLMAP[chunk_00_spatial_matcher] I20260518 22:31:37.370975  2036 feature_matching.cc:217] in 0.108s
2026-05-18T22:31:37 COLMAP[chunk_00_spatial_matcher] I20260518 22:31:37.371016  2036 pairing.cc:631] Processing image [149/172]
2026-05-18T22:31:37 COLMAP[chunk_00_spatial_matcher] I20260518 22:31:37.464908  2036 feature_matching.cc:217] in 0.094s
2026-05-18T22:31:37 COLMAP[chunk_00_spatial_matcher] I20260518 22:31:37.464946  2036 pairing.cc:631] Processing image [150/172]
2026-05-18T22:31:38 COLMAP[chunk_00_spatial_matcher] I20260518 22:31:37.555155  2036 feature_matching.cc:217] in 0.090s
2026-05-18T22:31:38 COLMAP[chunk_00_spatial_matcher] I20260518 22:31:37.555192  2036 pairing.cc:631] Processing image [151/172]
2026-05-18T22:31:38 COLMAP[chunk_00_spatial_matcher] I20260518 22:31:37.667588  2036 feature_matching.cc:217] in 0.112s
2026-05-18T22:31:38 COLMAP[chunk_00_spatial_matcher] I20260518 22:31:37.667626  2036 pairing.cc:631] Processing image [152/172]
2026-05-18T22:31:38 COLMAP[chunk_00_spatial_matcher] I20260518 22:31:37.819023  2036 feature_matching.cc:217] in 0.151s
2026-05-18T22:31:38 COLMAP[chunk_00_spatial_matcher] I20260518 22:31:37.819067  2036 pairing.cc:631] Processing image [153/172]
2026-05-18T22:31:38 COLMAP[chunk_00_spatial_matcher] I20260518 22:31:37.979405  2036 feature_matching.cc:217] in 0.160s
2026-05-18T22:31:38 COLMAP[chunk_00_spatial_matcher] I20260518 22:31:37.979451  2036 pairing.cc:631] Processing image [154/172]
2026-05-18T22:31:38 COLMAP[chunk_00_spatial_matcher] I20260518 22:31:38.103544  2036 feature_matching.cc:217] in 0.124s
2026-05-18T22:31:38 COLMAP[chunk_00_spatial_matcher] I20260518 22:31:38.103590  2036 pairing.cc:631] Processing image [155/172]
2026-05-18T22:31:38 COLMAP[chunk_00_spatial_matcher] I20260518 22:31:38.197598  2036 feature_matching.cc:217] in 0.094s
2026-05-18T22:31:38 COLMAP[chunk_00_spatial_matcher] I20260518 22:31:38.197643  2036 pairing.cc:631] Processing image [156/172]
2026-05-18T22:31:38 COLMAP[chunk_00_spatial_matcher] I20260518 22:31:38.291468  2036 feature_matching.cc:217] in 0.094s
2026-05-18T22:31:38 COLMAP[chunk_00_spatial_matcher] I20260518 22:31:38.291515  2036 pairing.cc:631] Processing image [157/172]
2026-05-18T22:31:38 COLMAP[chunk_00_spatial_matcher] I20260518 22:31:38.352425  2036 feature_matching.cc:217] in 0.061s
2026-05-18T22:31:38 COLMAP[chunk_00_spatial_matcher] I20260518 22:31:38.352463  2036 pairing.cc:631] Processing image [158/172]
2026-05-18T22:31:38 COLMAP[chunk_00_spatial_matcher] I20260518 22:31:38.396922  2036 feature_matching.cc:217] in 0.044s
2026-05-18T22:31:38 COLMAP[chunk_00_spatial_matcher] I20260518 22:31:38.396965  2036 pairing.cc:631] Processing image [159/172]
2026-05-18T22:31:38 COLMAP[chunk_00_spatial_matcher] I20260518 22:31:38.457407  2036 feature_matching.cc:217] in 0.060s
2026-05-18T22:31:38 COLMAP[chunk_00_spatial_matcher] I20260518 22:31:38.457442  2036 pairing.cc:631] Processing image [160/172]
2026-05-18T22:31:38 COLMAP[chunk_00_spatial_matcher] I20260518 22:31:38.496887  2036 feature_matching.cc:217] in 0.039s
2026-05-18T22:31:38 COLMAP[chunk_00_spatial_matcher] I20260518 22:31:38.496922  2036 pairing.cc:631] Processing image [161/172]
2026-05-18T22:31:39 COLMAP[chunk_00_spatial_matcher] I20260518 22:31:38.851547  2036 feature_matching.cc:217] in 0.355s
2026-05-18T22:31:39 COLMAP[chunk_00_spatial_matcher] I20260518 22:31:38.851600  2036 pairing.cc:631] Processing image [162/172]
2026-05-18T22:31:39 COLMAP[chunk_00_spatial_matcher] I20260518 22:31:39.055727  2036 feature_matching.cc:217] in 0.204s
2026-05-18T22:31:39 COLMAP[chunk_00_spatial_matcher] I20260518 22:31:39.055773  2036 pairing.cc:631] Processing image [163/172]
2026-05-18T22:31:39 COLMAP[chunk_00_spatial_matcher] I20260518 22:31:39.248034  2036 feature_matching.cc:217] in 0.192s
2026-05-18T22:31:39 COLMAP[chunk_00_spatial_matcher] I20260518 22:31:39.248082  2036 pairing.cc:631] Processing image [164/172]
2026-05-18T22:31:39 COLMAP[chunk_00_spatial_matcher] I20260518 22:31:39.461898  2036 feature_matching.cc:217] in 0.214s
2026-05-18T22:31:39 COLMAP[chunk_00_spatial_matcher] I20260518 22:31:39.461941  2036 pairing.cc:631] Processing image [165/172]
2026-05-18T22:31:40 COLMAP[chunk_00_spatial_matcher] I20260518 22:31:39.903649  2036 feature_matching.cc:217] in 0.442s
2026-05-18T22:31:40 COLMAP[chunk_00_spatial_matcher] I20260518 22:31:39.903697  2036 pairing.cc:631] Processing image [166/172]
2026-05-18T22:31:40 COLMAP[chunk_00_spatial_matcher] I20260518 22:31:40.309580  2036 feature_matching.cc:217] in 0.406s
2026-05-18T22:31:40 COLMAP[chunk_00_spatial_matcher] I20260518 22:31:40.309628  2036 pairing.cc:631] Processing image [167/172]
2026-05-18T22:31:41 COLMAP[chunk_00_spatial_matcher] I20260518 22:31:40.714985  2036 feature_matching.cc:217] in 0.405s
2026-05-18T22:31:41 COLMAP[chunk_00_spatial_matcher] I20260518 22:31:40.715032  2036 pairing.cc:631] Processing image [168/172]
2026-05-18T22:31:41 COLMAP[chunk_00_spatial_matcher] I20260518 22:31:40.808252  2036 feature_matching.cc:217] in 0.093s
2026-05-18T22:31:41 COLMAP[chunk_00_spatial_matcher] I20260518 22:31:40.808315  2036 pairing.cc:631] Processing image [169/172]
2026-05-18T22:31:41 COLMAP[chunk_00_spatial_matcher] I20260518 22:31:40.994717  2036 feature_matching.cc:217] in 0.186s
2026-05-18T22:31:41 COLMAP[chunk_00_spatial_matcher] I20260518 22:31:40.994762  2036 pairing.cc:631] Processing image [170/172]
2026-05-18T22:31:41 COLMAP[chunk_00_spatial_matcher] I20260518 22:31:41.063279  2036 feature_matching.cc:217] in 0.069s
2026-05-18T22:31:41 COLMAP[chunk_00_spatial_matcher] I20260518 22:31:41.063316  2036 pairing.cc:631] Processing image [171/172]
2026-05-18T22:31:41 COLMAP[chunk_00_spatial_matcher] I20260518 22:31:41.109045  2036 feature_matching.cc:217] in 0.046s
2026-05-18T22:31:41 COLMAP[chunk_00_spatial_matcher] I20260518 22:31:41.109077  2036 pairing.cc:631] Processing image [172/172]
2026-05-18T22:31:41 COLMAP[chunk_00_spatial_matcher] I20260518 22:31:41.109192  2036 feature_matching.cc:217] in 0.000s
2026-05-18T22:31:41 COLMAP[chunk_00_spatial_matcher] I20260518 22:31:41.109208  2036 timer.cc:90] Elapsed time: 0.487 [minutes]
2026-05-18T22:31:41 2026-05-18 22:31:41,170 - INFO - chunk_00_spatial_matcher added 1149 verified image pairs
2026-05-18T22:31:41 2026-05-18 22:31:41,173 - INFO - [chunk_00_sequential_matcher] colmap sequential_matcher --database_path /tmp/colmap_sfm_gefg0_n4/chunk_00/database.db --SequentialMatching.overlap 8 --SequentialMatching.quadratic_overlap 1 --SequentialMatching.loop_detection 0
2026-05-18T22:31:41 COLMAP[chunk_00_sequential_matcher] I20260518 22:31:41.360349  2071 feature_matching.cc:195] === Feature matching & geometric verification ===
2026-05-18T22:31:41 COLMAP[chunk_00_sequential_matcher] I20260518 22:31:41.421387  2072 feature_matching_utils.cc:80] Bind FeatureMatcherWorker to GPU device 0
2026-05-18T22:31:41 COLMAP[chunk_00_sequential_matcher] I20260518 22:31:41.422065  2072 sift.cc:1547] Creating SIFT GPU feature matcher
2026-05-18T22:31:41 COLMAP[chunk_00_sequential_matcher] I20260518 22:31:41.422674  2071 pairing.cc:415] Generating sequential image pairs...
2026-05-18T22:31:41 COLMAP[chunk_00_sequential_matcher] I20260518 22:31:41.425539  2071 pairing.cc:473] Processing image [1/172]
2026-05-18T22:31:42 COLMAP[chunk_00_sequential_matcher] I20260518 22:31:41.540729  2071 feature_matching.cc:217] in 0.115s
2026-05-18T22:31:42 COLMAP[chunk_00_sequential_matcher] I20260518 22:31:41.540779  2071 pairing.cc:473] Processing image [2/172]
2026-05-18T22:31:42 COLMAP[chunk_00_sequential_matcher] I20260518 22:31:41.679910  2071 feature_matching.cc:217] in 0.139s
2026-05-18T22:31:42 COLMAP[chunk_00_sequential_matcher] I20260518 22:31:41.679960  2071 pairing.cc:473] Processing image [3/172]
2026-05-18T22:31:42 COLMAP[chunk_00_sequential_matcher] I20260518 22:31:41.882673  2071 feature_matching.cc:217] in 0.203s
2026-05-18T22:31:42 COLMAP[chunk_00_sequential_matcher] I20260518 22:31:41.882730  2071 pairing.cc:473] Processing image [4/172]
2026-05-18T22:31:42 COLMAP[chunk_00_sequential_matcher] I20260518 22:31:42.003762  2071 feature_matching.cc:217] in 0.121s
2026-05-18T22:31:42 COLMAP[chunk_00_sequential_matcher] I20260518 22:31:42.003808  2071 pairing.cc:473] Processing image [5/172]
2026-05-18T22:31:42 COLMAP[chunk_00_sequential_matcher] I20260518 22:31:42.195796  2071 feature_matching.cc:217] in 0.192s
2026-05-18T22:31:42 COLMAP[chunk_00_sequential_matcher] I20260518 22:31:42.195843  2071 pairing.cc:473] Processing image [6/172]
2026-05-18T22:31:42 COLMAP[chunk_00_sequential_matcher] I20260518 22:31:42.477373  2071 feature_matching.cc:217] in 0.282s
2026-05-18T22:31:42 COLMAP[chunk_00_sequential_matcher] I20260518 22:31:42.477417  2071 pairing.cc:473] Processing image [7/172]
2026-05-18T22:31:43 COLMAP[chunk_00_sequential_matcher] I20260518 22:31:42.824836  2071 feature_matching.cc:217] in 0.347s
2026-05-18T22:31:43 COLMAP[chunk_00_sequential_matcher] I20260518 22:31:42.824887  2071 pairing.cc:473] Processing image [8/172]
2026-05-18T22:31:43 COLMAP[chunk_00_sequential_matcher] I20260518 22:31:42.919365  2071 feature_matching.cc:217] in 0.095s
2026-05-18T22:31:43 COLMAP[chunk_00_sequential_matcher] I20260518 22:31:42.919427  2071 pairing.cc:473] Processing image [9/172]
2026-05-18T22:31:43 COLMAP[chunk_00_sequential_matcher] I20260518 22:31:43.001521  2071 feature_matching.cc:217] in 0.082s
2026-05-18T22:31:43 COLMAP[chunk_00_sequential_matcher] I20260518 22:31:43.001566  2071 pairing.cc:473] Processing image [10/172]
2026-05-18T22:31:43 COLMAP[chunk_00_sequential_matcher] I20260518 22:31:43.104571  2071 feature_matching.cc:217] in 0.103s
2026-05-18T22:31:43 COLMAP[chunk_00_sequential_matcher] I20260518 22:31:43.104611  2071 pairing.cc:473] Processing image [11/172]
2026-05-18T22:31:43 COLMAP[chunk_00_sequential_matcher] I20260518 22:31:43.191802  2071 feature_matching.cc:217] in 0.087s
2026-05-18T22:31:43 COLMAP[chunk_00_sequential_matcher] I20260518 22:31:43.191845  2071 pairing.cc:473] Processing image [12/172]
2026-05-18T22:31:43 COLMAP[chunk_00_sequential_matcher] I20260518 22:31:43.305124  2071 feature_matching.cc:217] in 0.113s
2026-05-18T22:31:43 COLMAP[chunk_00_sequential_matcher] I20260518 22:31:43.305176  2071 pairing.cc:473] Processing image [13/172]
2026-05-18T22:31:43 COLMAP[chunk_00_sequential_matcher] I20260518 22:31:43.493702  2071 feature_matching.cc:217] in 0.189s
2026-05-18T22:31:43 COLMAP[chunk_00_sequential_matcher] I20260518 22:31:43.493752  2071 pairing.cc:473] Processing image [14/172]
2026-05-18T22:31:44 COLMAP[chunk_00_sequential_matcher] I20260518 22:31:43.720084  2071 feature_matching.cc:217] in 0.226s
2026-05-18T22:31:44 COLMAP[chunk_00_sequential_matcher] I20260518 22:31:43.720126  2071 pairing.cc:473] Processing image [15/172]
2026-05-18T22:31:44 COLMAP[chunk_00_sequential_matcher] I20260518 22:31:44.031226  2071 feature_matching.cc:217] in 0.311s
2026-05-18T22:31:44 COLMAP[chunk_00_sequential_matcher] I20260518 22:31:44.031270  2071 pairing.cc:473] Processing image [16/172]
2026-05-18T22:31:44 COLMAP[chunk_00_sequential_matcher] I20260518 22:31:44.282819  2071 feature_matching.cc:217] in 0.252s
2026-05-18T22:31:44 COLMAP[chunk_00_sequential_matcher] I20260518 22:31:44.282868  2071 pairing.cc:473] Processing image [17/172]
2026-05-18T22:31:45 COLMAP[chunk_00_sequential_matcher] I20260518 22:31:44.676303  2071 feature_matching.cc:217] in 0.393s
2026-05-18T22:31:45 COLMAP[chunk_00_sequential_matcher] I20260518 22:31:44.676350  2071 pairing.cc:473] Processing image [18/172]
2026-05-18T22:31:45 COLMAP[chunk_00_sequential_matcher] I20260518 22:31:44.802150  2071 feature_matching.cc:217] in 0.126s
2026-05-18T22:31:45 COLMAP[chunk_00_sequential_matcher] I20260518 22:31:44.802197  2071 pairing.cc:473] Processing image [19/172]
2026-05-18T22:31:45 COLMAP[chunk_00_sequential_matcher] I20260518 22:31:45.117713  2071 feature_matching.cc:217] in 0.316s
2026-05-18T22:31:45 COLMAP[chunk_00_sequential_matcher] I20260518 22:31:45.117762  2071 pairing.cc:473] Processing image [20/172]
2026-05-18T22:31:45 COLMAP[chunk_00_sequential_matcher] I20260518 22:31:45.354765  2071 feature_matching.cc:217] in 0.237s
2026-05-18T22:31:45 COLMAP[chunk_00_sequential_matcher] I20260518 22:31:45.354812  2071 pairing.cc:473] Processing image [21/172]
2026-05-18T22:31:45 COLMAP[chunk_00_sequential_matcher] I20260518 22:31:45.501561  2071 feature_matching.cc:217] in 0.147s
2026-05-18T22:31:45 COLMAP[chunk_00_sequential_matcher] I20260518 22:31:45.501607  2071 pairing.cc:473] Processing image [22/172]
2026-05-18T22:31:46 COLMAP[chunk_00_sequential_matcher] I20260518 22:31:45.861742  2071 feature_matching.cc:217] in 0.360s
2026-05-18T22:31:46 COLMAP[chunk_00_sequential_matcher] I20260518 22:31:45.861790  2071 pairing.cc:473] Processing image [23/172]
2026-05-18T22:31:46 COLMAP[chunk_00_sequential_matcher] I20260518 22:31:45.927309  2071 feature_matching.cc:217] in 0.066s
2026-05-18T22:31:46 COLMAP[chunk_00_sequential_matcher] I20260518 22:31:45.927358  2071 pairing.cc:473] Processing image [24/172]
2026-05-18T22:31:46 COLMAP[chunk_00_sequential_matcher] I20260518 22:31:45.995644  2071 feature_matching.cc:217] in 0.068s
2026-05-18T22:31:46 COLMAP[chunk_00_sequential_matcher] I20260518 22:31:45.995703  2071 pairing.cc:473] Processing image [25/172]
2026-05-18T22:31:46 COLMAP[chunk_00_sequential_matcher] I20260518 22:31:46.052688  2071 feature_matching.cc:217] in 0.057s
2026-05-18T22:31:46 COLMAP[chunk_00_sequential_matcher] I20260518 22:31:46.052729  2071 pairing.cc:473] Processing image [26/172]
2026-05-18T22:31:46 COLMAP[chunk_00_sequential_matcher] I20260518 22:31:46.122443  2071 feature_matching.cc:217] in 0.070s
2026-05-18T22:31:46 COLMAP[chunk_00_sequential_matcher] I20260518 22:31:46.122481  2071 pairing.cc:473] Processing image [27/172]
2026-05-18T22:31:46 COLMAP[chunk_00_sequential_matcher] I20260518 22:31:46.194953  2071 feature_matching.cc:217] in 0.072s
2026-05-18T22:31:46 COLMAP[chunk_00_sequential_matcher] I20260518 22:31:46.194994  2071 pairing.cc:473] Processing image [28/172]
2026-05-18T22:31:46 COLMAP[chunk_00_sequential_matcher] I20260518 22:31:46.269575  2071 feature_matching.cc:217] in 0.075s
2026-05-18T22:31:46 COLMAP[chunk_00_sequential_matcher] I20260518 22:31:46.269613  2071 pairing.cc:473] Processing image [29/172]
2026-05-18T22:31:46 COLMAP[chunk_00_sequential_matcher] I20260518 22:31:46.352346  2071 feature_matching.cc:217] in 0.083s
2026-05-18T22:31:46 COLMAP[chunk_00_sequential_matcher] I20260518 22:31:46.352383  2071 pairing.cc:473] Processing image [30/172]
2026-05-18T22:31:46 COLMAP[chunk_00_sequential_matcher] I20260518 22:31:46.436025  2071 feature_matching.cc:217] in 0.084s
2026-05-18T22:31:46 COLMAP[chunk_00_sequential_matcher] I20260518 22:31:46.436061  2071 pairing.cc:473] Processing image [31/172]
2026-05-18T22:31:47 COLMAP[chunk_00_sequential_matcher] I20260518 22:31:46.646574  2071 feature_matching.cc:217] in 0.211s
2026-05-18T22:31:47 COLMAP[chunk_00_sequential_matcher] I20260518 22:31:46.646611  2071 pairing.cc:473] Processing image [32/172]
2026-05-18T22:31:47 COLMAP[chunk_00_sequential_matcher] I20260518 22:31:46.985316  2071 feature_matching.cc:217] in 0.339s
2026-05-18T22:31:47 COLMAP[chunk_00_sequential_matcher] I20260518 22:31:46.985370  2071 pairing.cc:473] Processing image [33/172]
2026-05-18T22:31:47 COLMAP[chunk_00_sequential_matcher] I20260518 22:31:47.354176  2071 feature_matching.cc:217] in 0.369s
2026-05-18T22:31:47 COLMAP[chunk_00_sequential_matcher] I20260518 22:31:47.354225  2071 pairing.cc:473] Processing image [34/172]
2026-05-18T22:31:48 COLMAP[chunk_00_sequential_matcher] I20260518 22:31:47.613639  2071 feature_matching.cc:217] in 0.259s
2026-05-18T22:31:48 COLMAP[chunk_00_sequential_matcher] I20260518 22:31:47.613684  2071 pairing.cc:473] Processing image [35/172]
2026-05-18T22:31:48 COLMAP[chunk_00_sequential_matcher] I20260518 22:31:47.725397  2071 feature_matching.cc:217] in 0.112s
2026-05-18T22:31:48 COLMAP[chunk_00_sequential_matcher] I20260518 22:31:47.725438  2071 pairing.cc:473] Processing image [36/172]
2026-05-18T22:31:48 COLMAP[chunk_00_sequential_matcher] I20260518 22:31:48.234946  2071 feature_matching.cc:217] in 0.510s
2026-05-18T22:31:48 COLMAP[chunk_00_sequential_matcher] I20260518 22:31:48.234990  2071 pairing.cc:473] Processing image [37/172]
2026-05-18T22:31:49 COLMAP[chunk_00_sequential_matcher] I20260518 22:31:48.688423  2071 feature_matching.cc:217] in 0.453s
2026-05-18T22:31:49 COLMAP[chunk_00_sequential_matcher] I20260518 22:31:48.688472  2071 pairing.cc:473] Processing image [38/172]
2026-05-18T22:31:49 COLMAP[chunk_00_sequential_matcher] I20260518 22:31:49.101135  2071 feature_matching.cc:217] in 0.413s
2026-05-18T22:31:49 COLMAP[chunk_00_sequential_matcher] I20260518 22:31:49.101181  2071 pairing.cc:473] Processing image [39/172]
2026-05-18T22:31:49 COLMAP[chunk_00_sequential_matcher] I20260518 22:31:49.474880  2071 feature_matching.cc:217] in 0.374s
2026-05-18T22:31:49 COLMAP[chunk_00_sequential_matcher] I20260518 22:31:49.474933  2071 pairing.cc:473] Processing image [40/172]
2026-05-18T22:31:50 COLMAP[chunk_00_sequential_matcher] I20260518 22:31:49.703636  2071 feature_matching.cc:217] in 0.229s
2026-05-18T22:31:50 COLMAP[chunk_00_sequential_matcher] I20260518 22:31:49.703682  2071 pairing.cc:473] Processing image [41/172]
2026-05-18T22:31:50 COLMAP[chunk_00_sequential_matcher] I20260518 22:31:49.815099  2071 feature_matching.cc:217] in 0.111s
2026-05-18T22:31:50 COLMAP[chunk_00_sequential_matcher] I20260518 22:31:49.815141  2071 pairing.cc:473] Processing image [42/172]
2026-05-18T22:31:50 COLMAP[chunk_00_sequential_matcher] I20260518 22:31:49.965145  2071 feature_matching.cc:217] in 0.150s
2026-05-18T22:31:50 COLMAP[chunk_00_sequential_matcher] I20260518 22:31:49.965186  2071 pairing.cc:473] Processing image [43/172]
2026-05-18T22:31:50 COLMAP[chunk_00_sequential_matcher] I20260518 22:31:50.182368  2071 feature_matching.cc:217] in 0.217s
2026-05-18T22:31:50 COLMAP[chunk_00_sequential_matcher] I20260518 22:31:50.182410  2071 pairing.cc:473] Processing image [44/172]
2026-05-18T22:31:50 COLMAP[chunk_00_sequential_matcher] I20260518 22:31:50.251490  2071 feature_matching.cc:217] in 0.069s
2026-05-18T22:31:50 COLMAP[chunk_00_sequential_matcher] I20260518 22:31:50.251528  2071 pairing.cc:473] Processing image [45/172]
2026-05-18T22:31:51 COLMAP[chunk_00_sequential_matcher] I20260518 22:31:50.703039  2071 feature_matching.cc:217] in 0.452s
2026-05-18T22:31:51 COLMAP[chunk_00_sequential_matcher] I20260518 22:31:50.703084  2071 pairing.cc:473] Processing image [46/172]
2026-05-18T22:31:51 COLMAP[chunk_00_sequential_matcher] I20260518 22:31:51.106226  2071 feature_matching.cc:217] in 0.403s
2026-05-18T22:31:51 COLMAP[chunk_00_sequential_matcher] I20260518 22:31:51.106271  2071 pairing.cc:473] Processing image [47/172]
2026-05-18T22:31:51 COLMAP[chunk_00_sequential_matcher] I20260518 22:31:51.192562  2071 feature_matching.cc:217] in 0.086s
2026-05-18T22:31:51 COLMAP[chunk_00_sequential_matcher] I20260518 22:31:51.192605  2071 pairing.cc:473] Processing image [48/172]
2026-05-18T22:31:51 COLMAP[chunk_00_sequential_matcher] I20260518 22:31:51.260061  2071 feature_matching.cc:217] in 0.067s
2026-05-18T22:31:51 COLMAP[chunk_00_sequential_matcher] I20260518 22:31:51.260099  2071 pairing.cc:473] Processing image [49/172]
2026-05-18T22:31:51 COLMAP[chunk_00_sequential_matcher] I20260518 22:31:51.363052  2071 feature_matching.cc:217] in 0.103s
2026-05-18T22:31:51 COLMAP[chunk_00_sequential_matcher] I20260518 22:31:51.363091  2071 pairing.cc:473] Processing image [50/172]
2026-05-18T22:31:51 COLMAP[chunk_00_sequential_matcher] I20260518 22:31:51.449514  2071 feature_matching.cc:217] in 0.086s
2026-05-18T22:31:51 COLMAP[chunk_00_sequential_matcher] I20260518 22:31:51.449549  2071 pairing.cc:473] Processing image [51/172]
2026-05-18T22:31:52 COLMAP[chunk_00_sequential_matcher] I20260518 22:31:51.534432  2071 feature_matching.cc:217] in 0.085s
2026-05-18T22:31:52 COLMAP[chunk_00_sequential_matcher] I20260518 22:31:51.534468  2071 pairing.cc:473] Processing image [52/172]
2026-05-18T22:31:52 COLMAP[chunk_00_sequential_matcher] I20260518 22:31:51.623752  2071 feature_matching.cc:217] in 0.089s
2026-05-18T22:31:52 COLMAP[chunk_00_sequential_matcher] I20260518 22:31:51.623788  2071 pairing.cc:473] Processing image [53/172]
2026-05-18T22:31:52 COLMAP[chunk_00_sequential_matcher] I20260518 22:31:51.685822  2071 feature_matching.cc:217] in 0.062s
2026-05-18T22:31:52 COLMAP[chunk_00_sequential_matcher] I20260518 22:31:51.685855  2071 pairing.cc:473] Processing image [54/172]
2026-05-18T22:31:52 COLMAP[chunk_00_sequential_matcher] I20260518 22:31:51.745085  2071 feature_matching.cc:217] in 0.059s
2026-05-18T22:31:52 COLMAP[chunk_00_sequential_matcher] I20260518 22:31:51.745118  2071 pairing.cc:473] Processing image [55/172]
2026-05-18T22:31:52 COLMAP[chunk_00_sequential_matcher] I20260518 22:31:51.807528  2071 feature_matching.cc:217] in 0.062s
2026-05-18T22:31:52 COLMAP[chunk_00_sequential_matcher] I20260518 22:31:51.807560  2071 pairing.cc:473] Processing image [56/172]
2026-05-18T22:31:52 COLMAP[chunk_00_sequential_matcher] I20260518 22:31:51.878124  2071 feature_matching.cc:217] in 0.071s
2026-05-18T22:31:52 COLMAP[chunk_00_sequential_matcher] I20260518 22:31:51.878162  2071 pairing.cc:473] Processing image [57/172]
2026-05-18T22:31:52 COLMAP[chunk_00_sequential_matcher] I20260518 22:31:51.936024  2071 feature_matching.cc:217] in 0.058s
2026-05-18T22:31:52 COLMAP[chunk_00_sequential_matcher] I20260518 22:31:51.936060  2071 pairing.cc:473] Processing image [58/172]
2026-05-18T22:31:52 COLMAP[chunk_00_sequential_matcher] I20260518 22:31:52.151760  2071 feature_matching.cc:217] in 0.216s
2026-05-18T22:31:52 COLMAP[chunk_00_sequential_matcher] I20260518 22:31:52.151806  2071 pairing.cc:473] Processing image [59/172]
2026-05-18T22:31:52 COLMAP[chunk_00_sequential_matcher] I20260518 22:31:52.279237  2071 feature_matching.cc:217] in 0.127s
2026-05-18T22:31:52 COLMAP[chunk_00_sequential_matcher] I20260518 22:31:52.279285  2071 pairing.cc:473] Processing image [60/172]
2026-05-18T22:31:53 COLMAP[chunk_00_sequential_matcher] I20260518 22:31:52.571985  2071 feature_matching.cc:217] in 0.293s
2026-05-18T22:31:53 COLMAP[chunk_00_sequential_matcher] I20260518 22:31:52.572039  2071 pairing.cc:473] Processing image [61/172]
2026-05-18T22:31:53 COLMAP[chunk_00_sequential_matcher] I20260518 22:31:52.665495  2071 feature_matching.cc:217] in 0.093s
2026-05-18T22:31:53 COLMAP[chunk_00_sequential_matcher] I20260518 22:31:52.665541  2071 pairing.cc:473] Processing image [62/172]
2026-05-18T22:31:53 COLMAP[chunk_00_sequential_matcher] I20260518 22:31:52.771880  2071 feature_matching.cc:217] in 0.106s
2026-05-18T22:31:53 COLMAP[chunk_00_sequential_matcher] I20260518 22:31:52.771936  2071 pairing.cc:473] Processing image [63/172]
2026-05-18T22:31:53 COLMAP[chunk_00_sequential_matcher] I20260518 22:31:52.852591  2071 feature_matching.cc:217] in 0.081s
2026-05-18T22:31:53 COLMAP[chunk_00_sequential_matcher] I20260518 22:31:52.852631  2071 pairing.cc:473] Processing image [64/172]
2026-05-18T22:31:53 COLMAP[chunk_00_sequential_matcher] I20260518 22:31:52.924625  2071 feature_matching.cc:217] in 0.072s
2026-05-18T22:31:53 COLMAP[chunk_00_sequential_matcher] I20260518 22:31:52.924662  2071 pairing.cc:473] Processing image [65/172]
2026-05-18T22:31:53 COLMAP[chunk_00_sequential_matcher] I20260518 22:31:53.018777  2071 feature_matching.cc:217] in 0.094s
2026-05-18T22:31:53 COLMAP[chunk_00_sequential_matcher] I20260518 22:31:53.018819  2071 pairing.cc:473] Processing image [66/172]
2026-05-18T22:31:53 COLMAP[chunk_00_sequential_matcher] I20260518 22:31:53.102041  2071 feature_matching.cc:217] in 0.083s
2026-05-18T22:31:53 COLMAP[chunk_00_sequential_matcher] I20260518 22:31:53.102080  2071 pairing.cc:473] Processing image [67/172]
2026-05-18T22:31:53 COLMAP[chunk_00_sequential_matcher] I20260518 22:31:53.166548  2071 feature_matching.cc:217] in 0.064s
2026-05-18T22:31:53 COLMAP[chunk_00_sequential_matcher] I20260518 22:31:53.166586  2071 pairing.cc:473] Processing image [68/172]
2026-05-18T22:31:53 COLMAP[chunk_00_sequential_matcher] I20260518 22:31:53.241042  2071 feature_matching.cc:217] in 0.074s
2026-05-18T22:31:53 COLMAP[chunk_00_sequential_matcher] I20260518 22:31:53.241072  2071 pairing.cc:473] Processing image [69/172]
2026-05-18T22:31:53 COLMAP[chunk_00_sequential_matcher] I20260518 22:31:53.300985  2071 feature_matching.cc:217] in 0.060s
2026-05-18T22:31:53 COLMAP[chunk_00_sequential_matcher] I20260518 22:31:53.301023  2071 pairing.cc:473] Processing image [70/172]
2026-05-18T22:31:53 COLMAP[chunk_00_sequential_matcher] I20260518 22:31:53.372077  2071 feature_matching.cc:217] in 0.071s
2026-05-18T22:31:53 COLMAP[chunk_00_sequential_matcher] I20260518 22:31:53.372110  2071 pairing.cc:473] Processing image [71/172]
2026-05-18T22:31:53 COLMAP[chunk_00_sequential_matcher] I20260518 22:31:53.426074  2071 feature_matching.cc:217] in 0.054s
2026-05-18T22:31:53 COLMAP[chunk_00_sequential_matcher] I20260518 22:31:53.426110  2071 pairing.cc:473] Processing image [72/172]
2026-05-18T22:31:54 COLMAP[chunk_00_sequential_matcher] I20260518 22:31:53.597113  2071 feature_matching.cc:217] in 0.171s
2026-05-18T22:31:54 COLMAP[chunk_00_sequential_matcher] I20260518 22:31:53.597146  2071 pairing.cc:473] Processing image [73/172]
2026-05-18T22:31:54 COLMAP[chunk_00_sequential_matcher] I20260518 22:31:53.826813  2071 feature_matching.cc:217] in 0.230s
2026-05-18T22:31:54 COLMAP[chunk_00_sequential_matcher] I20260518 22:31:53.826858  2071 pairing.cc:473] Processing image [74/172]
2026-05-18T22:31:54 COLMAP[chunk_00_sequential_matcher] I20260518 22:31:54.192517  2071 feature_matching.cc:217] in 0.366s
2026-05-18T22:31:54 COLMAP[chunk_00_sequential_matcher] I20260518 22:31:54.192562  2071 pairing.cc:473] Processing image [75/172]
2026-05-18T22:31:54 COLMAP[chunk_00_sequential_matcher] I20260518 22:31:54.471601  2071 feature_matching.cc:217] in 0.279s
2026-05-18T22:31:54 COLMAP[chunk_00_sequential_matcher] I20260518 22:31:54.471657  2071 pairing.cc:473] Processing image [76/172]
2026-05-18T22:31:55 COLMAP[chunk_00_sequential_matcher] I20260518 22:31:54.568212  2071 feature_matching.cc:217] in 0.097s
2026-05-18T22:31:55 COLMAP[chunk_00_sequential_matcher] I20260518 22:31:54.568267  2071 pairing.cc:473] Processing image [77/172]
2026-05-18T22:31:55 COLMAP[chunk_00_sequential_matcher] I20260518 22:31:54.936697  2071 feature_matching.cc:217] in 0.368s
2026-05-18T22:31:55 COLMAP[chunk_00_sequential_matcher] I20260518 22:31:54.936753  2071 pairing.cc:473] Processing image [78/172]
2026-05-18T22:31:55 COLMAP[chunk_00_sequential_matcher] I20260518 22:31:55.031469  2071 feature_matching.cc:217] in 0.095s
2026-05-18T22:31:55 COLMAP[chunk_00_sequential_matcher] I20260518 22:31:55.031522  2071 pairing.cc:473] Processing image [79/172]
2026-05-18T22:31:55 COLMAP[chunk_00_sequential_matcher] I20260518 22:31:55.087708  2071 feature_matching.cc:217] in 0.056s
2026-05-18T22:31:55 COLMAP[chunk_00_sequential_matcher] I20260518 22:31:55.087764  2071 pairing.cc:473] Processing image [80/172]
2026-05-18T22:31:55 COLMAP[chunk_00_sequential_matcher] I20260518 22:31:55.147799  2071 feature_matching.cc:217] in 0.060s
2026-05-18T22:31:55 COLMAP[chunk_00_sequential_matcher] I20260518 22:31:55.147848  2071 pairing.cc:473] Processing image [81/172]
2026-05-18T22:31:55 COLMAP[chunk_00_sequential_matcher] I20260518 22:31:55.231251  2071 feature_matching.cc:217] in 0.083s
2026-05-18T22:31:55 COLMAP[chunk_00_sequential_matcher] I20260518 22:31:55.231302  2071 pairing.cc:473] Processing image [82/172]
2026-05-18T22:31:55 COLMAP[chunk_00_sequential_matcher] I20260518 22:31:55.280566  2071 feature_matching.cc:217] in 0.049s
2026-05-18T22:31:55 COLMAP[chunk_00_sequential_matcher] I20260518 22:31:55.280616  2071 pairing.cc:473] Processing image [83/172]
2026-05-18T22:31:55 COLMAP[chunk_00_sequential_matcher] I20260518 22:31:55.335012  2071 feature_matching.cc:217] in 0.054s
2026-05-18T22:31:55 COLMAP[chunk_00_sequential_matcher] I20260518 22:31:55.335062  2071 pairing.cc:473] Processing image [84/172]
2026-05-18T22:31:55 COLMAP[chunk_00_sequential_matcher] I20260518 22:31:55.395015  2071 feature_matching.cc:217] in 0.060s
2026-05-18T22:31:55 COLMAP[chunk_00_sequential_matcher] I20260518 22:31:55.395069  2071 pairing.cc:473] Processing image [85/172]
2026-05-18T22:31:55 COLMAP[chunk_00_sequential_matcher] I20260518 22:31:55.453465  2071 feature_matching.cc:217] in 0.058s
2026-05-18T22:31:55 COLMAP[chunk_00_sequential_matcher] I20260518 22:31:55.453519  2071 pairing.cc:473] Processing image [86/172]
2026-05-18T22:31:55 COLMAP[chunk_00_sequential_matcher] I20260518 22:31:55.502987  2071 feature_matching.cc:217] in 0.050s
2026-05-18T22:31:55 COLMAP[chunk_00_sequential_matcher] I20260518 22:31:55.503042  2071 pairing.cc:473] Processing image [87/172]
2026-05-18T22:31:56 COLMAP[chunk_00_sequential_matcher] I20260518 22:31:55.553503  2071 feature_matching.cc:217] in 0.050s
2026-05-18T22:31:56 COLMAP[chunk_00_sequential_matcher] I20260518 22:31:55.553558  2071 pairing.cc:473] Processing image [88/172]
2026-05-18T22:31:56 COLMAP[chunk_00_sequential_matcher] I20260518 22:31:55.619160  2071 feature_matching.cc:217] in 0.066s
2026-05-18T22:31:56 COLMAP[chunk_00_sequential_matcher] I20260518 22:31:55.619210  2071 pairing.cc:473] Processing image [89/172]
2026-05-18T22:31:56 COLMAP[chunk_00_sequential_matcher] I20260518 22:31:55.691215  2071 feature_matching.cc:217] in 0.072s
2026-05-18T22:31:56 COLMAP[chunk_00_sequential_matcher] I20260518 22:31:55.691272  2071 pairing.cc:473] Processing image [90/172]
2026-05-18T22:31:56 COLMAP[chunk_00_sequential_matcher] I20260518 22:31:55.743950  2071 feature_matching.cc:217] in 0.053s
2026-05-18T22:31:56 COLMAP[chunk_00_sequential_matcher] I20260518 22:31:55.744002  2071 pairing.cc:473] Processing image [91/172]
2026-05-18T22:31:56 COLMAP[chunk_00_sequential_matcher] I20260518 22:31:55.910349  2071 feature_matching.cc:217] in 0.166s
2026-05-18T22:31:56 COLMAP[chunk_00_sequential_matcher] I20260518 22:31:55.910405  2071 pairing.cc:473] Processing image [92/172]
2026-05-18T22:31:56 COLMAP[chunk_00_sequential_matcher] I20260518 22:31:56.071471  2071 feature_matching.cc:217] in 0.161s
2026-05-18T22:31:56 COLMAP[chunk_00_sequential_matcher] I20260518 22:31:56.071527  2071 pairing.cc:473] Processing image [93/172]
2026-05-18T22:31:56 COLMAP[chunk_00_sequential_matcher] I20260518 22:31:56.179343  2071 feature_matching.cc:217] in 0.108s
2026-05-18T22:31:56 COLMAP[chunk_00_sequential_matcher] I20260518 22:31:56.179421  2071 pairing.cc:473] Processing image [94/172]
2026-05-18T22:31:56 COLMAP[chunk_00_sequential_matcher] I20260518 22:31:56.274447  2071 feature_matching.cc:217] in 0.095s
2026-05-18T22:31:56 COLMAP[chunk_00_sequential_matcher] I20260518 22:31:56.274499  2071 pairing.cc:473] Processing image [95/172]
2026-05-18T22:31:56 COLMAP[chunk_00_sequential_matcher] I20260518 22:31:56.322353  2071 feature_matching.cc:217] in 0.048s
2026-05-18T22:31:56 COLMAP[chunk_00_sequential_matcher] I20260518 22:31:56.322408  2071 pairing.cc:473] Processing image [96/172]
2026-05-18T22:31:56 COLMAP[chunk_00_sequential_matcher] I20260518 22:31:56.523452  2071 feature_matching.cc:217] in 0.201s
2026-05-18T22:31:56 COLMAP[chunk_00_sequential_matcher] I20260518 22:31:56.523507  2071 pairing.cc:473] Processing image [97/172]
2026-05-18T22:31:57 COLMAP[chunk_00_sequential_matcher] I20260518 22:31:56.587934  2071 feature_matching.cc:217] in 0.064s
2026-05-18T22:31:57 COLMAP[chunk_00_sequential_matcher] I20260518 22:31:56.587991  2071 pairing.cc:473] Processing image [98/172]
2026-05-18T22:31:57 COLMAP[chunk_00_sequential_matcher] I20260518 22:31:56.663638  2071 feature_matching.cc:217] in 0.076s
2026-05-18T22:31:57 COLMAP[chunk_00_sequential_matcher] I20260518 22:31:56.663693  2071 pairing.cc:473] Processing image [99/172]
2026-05-18T22:31:57 COLMAP[chunk_00_sequential_matcher] I20260518 22:31:56.723001  2071 feature_matching.cc:217] in 0.059s
2026-05-18T22:31:57 COLMAP[chunk_00_sequential_matcher] I20260518 22:31:56.723052  2071 pairing.cc:473] Processing image [100/172]
2026-05-18T22:31:57 COLMAP[chunk_00_sequential_matcher] I20260518 22:31:56.789995  2071 feature_matching.cc:217] in 0.067s
2026-05-18T22:31:57 COLMAP[chunk_00_sequential_matcher] I20260518 22:31:56.790046  2071 pairing.cc:473] Processing image [101/172]
2026-05-18T22:31:57 COLMAP[chunk_00_sequential_matcher] I20260518 22:31:56.849825  2071 feature_matching.cc:217] in 0.060s
2026-05-18T22:31:57 COLMAP[chunk_00_sequential_matcher] I20260518 22:31:56.849879  2071 pairing.cc:473] Processing image [102/172]
2026-05-18T22:31:57 COLMAP[chunk_00_sequential_matcher] I20260518 22:31:56.901198  2071 feature_matching.cc:217] in 0.051s
2026-05-18T22:31:57 COLMAP[chunk_00_sequential_matcher] I20260518 22:31:56.901249  2071 pairing.cc:473] Processing image [103/172]
2026-05-18T22:31:57 COLMAP[chunk_00_sequential_matcher] I20260518 22:31:56.949177  2071 feature_matching.cc:217] in 0.048s
2026-05-18T22:31:57 COLMAP[chunk_00_sequential_matcher] I20260518 22:31:56.949229  2071 pairing.cc:473] Processing image [104/172]
2026-05-18T22:31:57 COLMAP[chunk_00_sequential_matcher] I20260518 22:31:57.162954  2071 feature_matching.cc:217] in 0.214s
2026-05-18T22:31:57 COLMAP[chunk_00_sequential_matcher] I20260518 22:31:57.163003  2071 pairing.cc:473] Processing image [105/172]
2026-05-18T22:31:57 COLMAP[chunk_00_sequential_matcher] I20260518 22:31:57.505204  2071 feature_matching.cc:217] in 0.342s
2026-05-18T22:31:57 COLMAP[chunk_00_sequential_matcher] I20260518 22:31:57.505261  2071 pairing.cc:473] Processing image [106/172]
2026-05-18T22:31:58 COLMAP[chunk_00_sequential_matcher] I20260518 22:31:57.860765  2071 feature_matching.cc:217] in 0.356s
2026-05-18T22:31:58 COLMAP[chunk_00_sequential_matcher] I20260518 22:31:57.860822  2071 pairing.cc:473] Processing image [107/172]
2026-05-18T22:31:58 COLMAP[chunk_00_sequential_matcher] I20260518 22:31:57.989830  2071 feature_matching.cc:217] in 0.129s
2026-05-18T22:31:58 COLMAP[chunk_00_sequential_matcher] I20260518 22:31:57.989890  2071 pairing.cc:473] Processing image [108/172]
2026-05-18T22:31:58 COLMAP[chunk_00_sequential_matcher] I20260518 22:31:58.273798  2071 feature_matching.cc:217] in 0.284s
2026-05-18T22:31:58 COLMAP[chunk_00_sequential_matcher] I20260518 22:31:58.273852  2071 pairing.cc:473] Processing image [109/172]
2026-05-18T22:31:58 COLMAP[chunk_00_sequential_matcher] I20260518 22:31:58.321391  2071 feature_matching.cc:217] in 0.048s
2026-05-18T22:31:58 COLMAP[chunk_00_sequential_matcher] I20260518 22:31:58.321445  2071 pairing.cc:473] Processing image [110/172]
2026-05-18T22:31:58 COLMAP[chunk_00_sequential_matcher] I20260518 22:31:58.410327  2071 feature_matching.cc:217] in 0.089s
2026-05-18T22:31:58 COLMAP[chunk_00_sequential_matcher] I20260518 22:31:58.410385  2071 pairing.cc:473] Processing image [111/172]
2026-05-18T22:31:58 COLMAP[chunk_00_sequential_matcher] I20260518 22:31:58.493350  2071 feature_matching.cc:217] in 0.083s
2026-05-18T22:31:58 COLMAP[chunk_00_sequential_matcher] I20260518 22:31:58.493408  2071 pairing.cc:473] Processing image [112/172]
2026-05-18T22:31:59 COLMAP[chunk_00_sequential_matcher] I20260518 22:31:58.866717  2071 feature_matching.cc:217] in 0.373s
2026-05-18T22:31:59 COLMAP[chunk_00_sequential_matcher] I20260518 22:31:58.866775  2071 pairing.cc:473] Processing image [113/172]
2026-05-18T22:31:59 COLMAP[chunk_00_sequential_matcher] I20260518 22:31:58.941675  2071 feature_matching.cc:217] in 0.075s
2026-05-18T22:31:59 COLMAP[chunk_00_sequential_matcher] I20260518 22:31:58.941736  2071 pairing.cc:473] Processing image [114/172]
2026-05-18T22:31:59 COLMAP[chunk_00_sequential_matcher] I20260518 22:31:59.267294  2071 feature_matching.cc:217] in 0.326s
2026-05-18T22:31:59 COLMAP[chunk_00_sequential_matcher] I20260518 22:31:59.267350  2071 pairing.cc:473] Processing image [115/172]
2026-05-18T22:31:59 COLMAP[chunk_00_sequential_matcher] I20260518 22:31:59.448218  2071 feature_matching.cc:217] in 0.181s
2026-05-18T22:31:59 COLMAP[chunk_00_sequential_matcher] I20260518 22:31:59.448275  2071 pairing.cc:473] Processing image [116/172]
2026-05-18T22:31:59 COLMAP[chunk_00_sequential_matcher] I20260518 22:31:59.527599  2071 feature_matching.cc:217] in 0.079s
2026-05-18T22:31:59 COLMAP[chunk_00_sequential_matcher] I20260518 22:31:59.527650  2071 pairing.cc:473] Processing image [117/172]
2026-05-18T22:32:00 COLMAP[chunk_00_sequential_matcher] I20260518 22:31:59.600840  2071 feature_matching.cc:217] in 0.073s
2026-05-18T22:32:00 COLMAP[chunk_00_sequential_matcher] I20260518 22:31:59.600893  2071 pairing.cc:473] Processing image [118/172]
2026-05-18T22:32:00 COLMAP[chunk_00_sequential_matcher] I20260518 22:31:59.658428  2071 feature_matching.cc:217] in 0.058s
2026-05-18T22:32:00 COLMAP[chunk_00_sequential_matcher] I20260518 22:31:59.658481  2071 pairing.cc:473] Processing image [119/172]
2026-05-18T22:32:00 COLMAP[chunk_00_sequential_matcher] I20260518 22:31:59.712389  2071 feature_matching.cc:217] in 0.054s
2026-05-18T22:32:00 COLMAP[chunk_00_sequential_matcher] I20260518 22:31:59.712445  2071 pairing.cc:473] Processing image [120/172]
2026-05-18T22:32:00 COLMAP[chunk_00_sequential_matcher] I20260518 22:31:59.764328  2071 feature_matching.cc:217] in 0.052s
2026-05-18T22:32:00 COLMAP[chunk_00_sequential_matcher] I20260518 22:31:59.764374  2071 pairing.cc:473] Processing image [121/172]
2026-05-18T22:32:00 COLMAP[chunk_00_sequential_matcher] I20260518 22:31:59.806854  2071 feature_matching.cc:217] in 0.043s
2026-05-18T22:32:00 COLMAP[chunk_00_sequential_matcher] I20260518 22:31:59.806898  2071 pairing.cc:473] Processing image [122/172]
2026-05-18T22:32:00 COLMAP[chunk_00_sequential_matcher] I20260518 22:31:59.854766  2071 feature_matching.cc:217] in 0.048s
2026-05-18T22:32:00 COLMAP[chunk_00_sequential_matcher] I20260518 22:31:59.854815  2071 pairing.cc:473] Processing image [123/172]
2026-05-18T22:32:00 COLMAP[chunk_00_sequential_matcher] I20260518 22:31:59.905014  2071 feature_matching.cc:217] in 0.050s
2026-05-18T22:32:00 COLMAP[chunk_00_sequential_matcher] I20260518 22:31:59.905066  2071 pairing.cc:473] Processing image [124/172]
2026-05-18T22:32:00 COLMAP[chunk_00_sequential_matcher] I20260518 22:31:59.971783  2071 feature_matching.cc:217] in 0.067s
2026-05-18T22:32:00 COLMAP[chunk_00_sequential_matcher] I20260518 22:31:59.971846  2071 pairing.cc:473] Processing image [125/172]
2026-05-18T22:32:00 COLMAP[chunk_00_sequential_matcher] I20260518 22:32:00.031932  2071 feature_matching.cc:217] in 0.060s
2026-05-18T22:32:00 COLMAP[chunk_00_sequential_matcher] I20260518 22:32:00.031985  2071 pairing.cc:473] Processing image [126/172]
2026-05-18T22:32:00 COLMAP[chunk_00_sequential_matcher] I20260518 22:32:00.068035  2071 feature_matching.cc:217] in 0.036s
2026-05-18T22:32:00 COLMAP[chunk_00_sequential_matcher] I20260518 22:32:00.068089  2071 pairing.cc:473] Processing image [127/172]
2026-05-18T22:32:00 COLMAP[chunk_00_sequential_matcher] I20260518 22:32:00.195182  2071 feature_matching.cc:217] in 0.127s
2026-05-18T22:32:00 COLMAP[chunk_00_sequential_matcher] I20260518 22:32:00.195242  2071 pairing.cc:473] Processing image [128/172]
2026-05-18T22:32:00 COLMAP[chunk_00_sequential_matcher] I20260518 22:32:00.308976  2071 feature_matching.cc:217] in 0.114s
2026-05-18T22:32:00 COLMAP[chunk_00_sequential_matcher] I20260518 22:32:00.309036  2071 pairing.cc:473] Processing image [129/172]
2026-05-18T22:32:00 COLMAP[chunk_00_sequential_matcher] I20260518 22:32:00.474982  2071 feature_matching.cc:217] in 0.166s
2026-05-18T22:32:00 COLMAP[chunk_00_sequential_matcher] I20260518 22:32:00.475035  2071 pairing.cc:473] Processing image [130/172]
2026-05-18T22:32:01 COLMAP[chunk_00_sequential_matcher] I20260518 22:32:00.618732  2071 feature_matching.cc:217] in 0.144s
2026-05-18T22:32:01 COLMAP[chunk_00_sequential_matcher] I20260518 22:32:00.618783  2071 pairing.cc:473] Processing image [131/172]
2026-05-18T22:32:01 COLMAP[chunk_00_sequential_matcher] I20260518 22:32:00.686911  2071 feature_matching.cc:217] in 0.068s
2026-05-18T22:32:01 COLMAP[chunk_00_sequential_matcher] I20260518 22:32:00.686955  2071 pairing.cc:473] Processing image [132/172]
2026-05-18T22:32:01 COLMAP[chunk_00_sequential_matcher] I20260518 22:32:00.975992  2071 feature_matching.cc:217] in 0.289s
2026-05-18T22:32:01 COLMAP[chunk_00_sequential_matcher] I20260518 22:32:00.976049  2071 pairing.cc:473] Processing image [133/172]
2026-05-18T22:32:01 COLMAP[chunk_00_sequential_matcher] I20260518 22:32:01.025738  2071 feature_matching.cc:217] in 0.050s
2026-05-18T22:32:01 COLMAP[chunk_00_sequential_matcher] I20260518 22:32:01.025786  2071 pairing.cc:473] Processing image [134/172]
2026-05-18T22:32:01 COLMAP[chunk_00_sequential_matcher] I20260518 22:32:01.171321  2071 feature_matching.cc:217] in 0.146s
2026-05-18T22:32:01 COLMAP[chunk_00_sequential_matcher] I20260518 22:32:01.171366  2071 pairing.cc:473] Processing image [135/172]
2026-05-18T22:32:01 COLMAP[chunk_00_sequential_matcher] I20260518 22:32:01.226894  2071 feature_matching.cc:217] in 0.056s
2026-05-18T22:32:01 COLMAP[chunk_00_sequential_matcher] I20260518 22:32:01.226934  2071 pairing.cc:473] Processing image [136/172]
2026-05-18T22:32:01 COLMAP[chunk_00_sequential_matcher] I20260518 22:32:01.293298  2071 feature_matching.cc:217] in 0.066s
2026-05-18T22:32:01 COLMAP[chunk_00_sequential_matcher] I20260518 22:32:01.293340  2071 pairing.cc:473] Processing image [137/172]
2026-05-18T22:32:01 COLMAP[chunk_00_sequential_matcher] I20260518 22:32:01.355654  2071 feature_matching.cc:217] in 0.062s
2026-05-18T22:32:01 COLMAP[chunk_00_sequential_matcher] I20260518 22:32:01.355690  2071 pairing.cc:473] Processing image [138/172]
2026-05-18T22:32:01 COLMAP[chunk_00_sequential_matcher] I20260518 22:32:01.410514  2071 feature_matching.cc:217] in 0.055s
2026-05-18T22:32:01 COLMAP[chunk_00_sequential_matcher] I20260518 22:32:01.410552  2071 pairing.cc:473] Processing image [139/172]
2026-05-18T22:32:02 COLMAP[chunk_00_sequential_matcher] I20260518 22:32:01.548578  2071 feature_matching.cc:217] in 0.138s
2026-05-18T22:32:02 COLMAP[chunk_00_sequential_matcher] I20260518 22:32:01.548622  2071 pairing.cc:473] Processing image [140/172]
2026-05-18T22:32:02 COLMAP[chunk_00_sequential_matcher] I20260518 22:32:01.662743  2071 feature_matching.cc:217] in 0.114s
2026-05-18T22:32:02 COLMAP[chunk_00_sequential_matcher] I20260518 22:32:01.662788  2071 pairing.cc:473] Processing image [141/172]
2026-05-18T22:32:02 COLMAP[chunk_00_sequential_matcher] I20260518 22:32:01.738102  2071 feature_matching.cc:217] in 0.075s
2026-05-18T22:32:02 COLMAP[chunk_00_sequential_matcher] I20260518 22:32:01.738173  2071 pairing.cc:473] Processing image [142/172]
2026-05-18T22:32:02 COLMAP[chunk_00_sequential_matcher] I20260518 22:32:01.806666  2071 feature_matching.cc:217] in 0.069s
2026-05-18T22:32:02 COLMAP[chunk_00_sequential_matcher] I20260518 22:32:01.806712  2071 pairing.cc:473] Processing image [143/172]
2026-05-18T22:32:02 COLMAP[chunk_00_sequential_matcher] I20260518 22:32:01.862224  2071 feature_matching.cc:217] in 0.056s
2026-05-18T22:32:02 COLMAP[chunk_00_sequential_matcher] I20260518 22:32:01.862268  2071 pairing.cc:473] Processing image [144/172]
2026-05-18T22:32:02 COLMAP[chunk_00_sequential_matcher] I20260518 22:32:01.932987  2071 feature_matching.cc:217] in 0.071s
2026-05-18T22:32:02 COLMAP[chunk_00_sequential_matcher] I20260518 22:32:01.933028  2071 pairing.cc:473] Processing image [145/172]
2026-05-18T22:32:02 COLMAP[chunk_00_sequential_matcher] I20260518 22:32:02.104792  2071 feature_matching.cc:217] in 0.172s
2026-05-18T22:32:02 COLMAP[chunk_00_sequential_matcher] I20260518 22:32:02.104844  2071 pairing.cc:473] Processing image [146/172]
2026-05-18T22:32:02 COLMAP[chunk_00_sequential_matcher] I20260518 22:32:02.305985  2071 feature_matching.cc:217] in 0.201s
2026-05-18T22:32:02 COLMAP[chunk_00_sequential_matcher] I20260518 22:32:02.306039  2071 pairing.cc:473] Processing image [147/172]
2026-05-18T22:32:03 COLMAP[chunk_00_sequential_matcher] I20260518 22:32:02.592867  2071 feature_matching.cc:217] in 0.287s
2026-05-18T22:32:03 COLMAP[chunk_00_sequential_matcher] I20260518 22:32:02.592922  2071 pairing.cc:473] Processing image [148/172]
2026-05-18T22:32:03 COLMAP[chunk_00_sequential_matcher] I20260518 22:32:02.877625  2071 feature_matching.cc:217] in 0.285s
2026-05-18T22:32:03 COLMAP[chunk_00_sequential_matcher] I20260518 22:32:02.877681  2071 pairing.cc:473] Processing image [149/172]
2026-05-18T22:32:03 COLMAP[chunk_00_sequential_matcher] I20260518 22:32:03.237133  2071 feature_matching.cc:217] in 0.359s
2026-05-18T22:32:03 COLMAP[chunk_00_sequential_matcher] I20260518 22:32:03.237177  2071 pairing.cc:473] Processing image [150/172]
2026-05-18T22:32:04 COLMAP[chunk_00_sequential_matcher] I20260518 22:32:03.586841  2071 feature_matching.cc:217] in 0.350s
2026-05-18T22:32:04 COLMAP[chunk_00_sequential_matcher] I20260518 22:32:03.586892  2071 pairing.cc:473] Processing image [151/172]
2026-05-18T22:32:04 COLMAP[chunk_00_sequential_matcher] I20260518 22:32:03.618444  2071 feature_matching.cc:217] in 0.032s
2026-05-18T22:32:04 COLMAP[chunk_00_sequential_matcher] I20260518 22:32:03.618482  2071 pairing.cc:473] Processing image [152/172]
2026-05-18T22:32:04 COLMAP[chunk_00_sequential_matcher] I20260518 22:32:03.665014  2071 feature_matching.cc:217] in 0.047s
2026-05-18T22:32:04 COLMAP[chunk_00_sequential_matcher] I20260518 22:32:03.665046  2071 pairing.cc:473] Processing image [153/172]
2026-05-18T22:32:04 COLMAP[chunk_00_sequential_matcher] I20260518 22:32:03.713120  2071 feature_matching.cc:217] in 0.048s
2026-05-18T22:32:04 COLMAP[chunk_00_sequential_matcher] I20260518 22:32:03.713151  2071 pairing.cc:473] Processing image [154/172]
2026-05-18T22:32:04 COLMAP[chunk_00_sequential_matcher] I20260518 22:32:03.757753  2071 feature_matching.cc:217] in 0.045s
2026-05-18T22:32:04 COLMAP[chunk_00_sequential_matcher] I20260518 22:32:03.757786  2071 pairing.cc:473] Processing image [155/172]
2026-05-18T22:32:04 COLMAP[chunk_00_sequential_matcher] I20260518 22:32:03.999637  2071 feature_matching.cc:217] in 0.242s
2026-05-18T22:32:04 COLMAP[chunk_00_sequential_matcher] I20260518 22:32:03.999683  2071 pairing.cc:473] Processing image [156/172]
2026-05-18T22:32:04 COLMAP[chunk_00_sequential_matcher] I20260518 22:32:04.028528  2071 feature_matching.cc:217] in 0.029s
2026-05-18T22:32:04 COLMAP[chunk_00_sequential_matcher] I20260518 22:32:04.028565  2071 pairing.cc:473] Processing image [157/172]
2026-05-18T22:32:04 COLMAP[chunk_00_sequential_matcher] I20260518 22:32:04.296674  2071 feature_matching.cc:217] in 0.268s
2026-05-18T22:32:04 COLMAP[chunk_00_sequential_matcher] I20260518 22:32:04.296720  2071 pairing.cc:473] Processing image [158/172]
2026-05-18T22:32:05 COLMAP[chunk_00_sequential_matcher] I20260518 22:32:04.641618  2071 feature_matching.cc:217] in 0.345s
2026-05-18T22:32:05 COLMAP[chunk_00_sequential_matcher] I20260518 22:32:04.641669  2071 pairing.cc:473] Processing image [159/172]
2026-05-18T22:32:05 COLMAP[chunk_00_sequential_matcher] I20260518 22:32:04.772572  2071 feature_matching.cc:217] in 0.131s
2026-05-18T22:32:05 COLMAP[chunk_00_sequential_matcher] I20260518 22:32:04.772627  2071 pairing.cc:473] Processing image [160/172]
2026-05-18T22:32:05 COLMAP[chunk_00_sequential_matcher] I20260518 22:32:04.848260  2071 feature_matching.cc:217] in 0.076s
2026-05-18T22:32:05 COLMAP[chunk_00_sequential_matcher] I20260518 22:32:04.848320  2071 pairing.cc:473] Processing image [161/172]
2026-05-18T22:32:05 COLMAP[chunk_00_sequential_matcher] I20260518 22:32:04.848400  2071 feature_matching.cc:217] in 0.000s
2026-05-18T22:32:05 COLMAP[chunk_00_sequential_matcher] I20260518 22:32:04.848417  2071 pairing.cc:473] Processing image [162/172]
2026-05-18T22:32:05 COLMAP[chunk_00_sequential_matcher] I20260518 22:32:04.848493  2071 feature_matching.cc:217] in 0.000s
2026-05-18T22:32:05 COLMAP[chunk_00_sequential_matcher] I20260518 22:32:04.848511  2071 pairing.cc:473] Processing image [163/172]
2026-05-18T22:32:05 COLMAP[chunk_00_sequential_matcher] I20260518 22:32:04.848589  2071 feature_matching.cc:217] in 0.000s
2026-05-18T22:32:05 COLMAP[chunk_00_sequential_matcher] I20260518 22:32:04.848606  2071 pairing.cc:473] Processing image [164/172]
2026-05-18T22:32:05 COLMAP[chunk_00_sequential_matcher] I20260518 22:32:04.848680  2071 feature_matching.cc:217] in 0.000s
2026-05-18T22:32:05 COLMAP[chunk_00_sequential_matcher] I20260518 22:32:04.848690  2071 pairing.cc:473] Processing image [165/172]
2026-05-18T22:32:05 COLMAP[chunk_00_sequential_matcher] I20260518 22:32:04.848755  2071 feature_matching.cc:217] in 0.000s
2026-05-18T22:32:05 COLMAP[chunk_00_sequential_matcher] I20260518 22:32:04.848767  2071 pairing.cc:473] Processing image [166/172]
2026-05-18T22:32:05 COLMAP[chunk_00_sequential_matcher] I20260518 22:32:04.848827  2071 feature_matching.cc:217] in 0.000s
2026-05-18T22:32:05 COLMAP[chunk_00_sequential_matcher] I20260518 22:32:04.848839  2071 pairing.cc:473] Processing image [167/172]
2026-05-18T22:32:05 COLMAP[chunk_00_sequential_matcher] I20260518 22:32:04.848903  2071 feature_matching.cc:217] in 0.000s
2026-05-18T22:32:05 COLMAP[chunk_00_sequential_matcher] I20260518 22:32:04.848923  2071 pairing.cc:473] Processing image [168/172]
2026-05-18T22:32:05 COLMAP[chunk_00_sequential_matcher] I20260518 22:32:04.848986  2071 feature_matching.cc:217] in 0.000s
2026-05-18T22:32:05 COLMAP[chunk_00_sequential_matcher] I20260518 22:32:04.849002  2071 pairing.cc:473] Processing image [169/172]
2026-05-18T22:32:05 COLMAP[chunk_00_sequential_matcher] I20260518 22:32:04.849049  2071 feature_matching.cc:217] in 0.000s
2026-05-18T22:32:05 COLMAP[chunk_00_sequential_matcher] I20260518 22:32:04.849061  2071 pairing.cc:473] Processing image [170/172]
2026-05-18T22:32:05 COLMAP[chunk_00_sequential_matcher] I20260518 22:32:04.849103  2071 feature_matching.cc:217] in 0.000s
2026-05-18T22:32:05 COLMAP[chunk_00_sequential_matcher] I20260518 22:32:04.849115  2071 pairing.cc:473] Processing image [171/172]
2026-05-18T22:32:05 COLMAP[chunk_00_sequential_matcher] I20260518 22:32:04.849148  2071 feature_matching.cc:217] in 0.000s
2026-05-18T22:32:05 COLMAP[chunk_00_sequential_matcher] I20260518 22:32:04.849159  2071 pairing.cc:473] Processing image [172/172]
2026-05-18T22:32:05 COLMAP[chunk_00_sequential_matcher] I20260518 22:32:04.849170  2071 feature_matching.cc:217] in 0.000s
2026-05-18T22:32:05 COLMAP[chunk_00_sequential_matcher] I20260518 22:32:04.849205  2071 timer.cc:90] Elapsed time: 0.391 [minutes]
2026-05-18T22:32:05 2026-05-18 22:32:04,904 - INFO - chunk_00_sequential_matcher added 729 verified image pairs
2026-05-18T22:32:05 2026-05-18 22:32:04,904 - INFO - [chunk_00_mapper_initial] colmap mapper --database_path /tmp/colmap_sfm_gefg0_n4/chunk_00/database.db --image_path /tmp/colmap_sfm_gefg0_n4/images --output_path /tmp/colmap_sfm_gefg0_n4/chunk_00/sparse_initial --Mapper.num_threads -1 --Mapper.ba_refine_principal_point 0
2026-05-18T22:32:05 COLMAP[chunk_00_mapper_initial] I20260518 22:32:05.056334  2093 incremental_pipeline.cc:265] Loading database
2026-05-18T22:32:05 COLMAP[chunk_00_mapper_initial] I20260518 22:32:05.056672  2093 database_cache.cc:72] Loading rigs...
2026-05-18T22:32:05 COLMAP[chunk_00_mapper_initial] I20260518 22:32:05.056746  2093 database_cache.cc:82]  1 in 0.000s
2026-05-18T22:32:05 COLMAP[chunk_00_mapper_initial] I20260518 22:32:05.056767  2093 database_cache.cc:90] Loading cameras...
2026-05-18T22:32:05 COLMAP[chunk_00_mapper_initial] I20260518 22:32:05.056792  2093 database_cache.cc:108]  1 in 0.000s
2026-05-18T22:32:05 COLMAP[chunk_00_mapper_initial] I20260518 22:32:05.056802  2093 database_cache.cc:116] Loading frames...
2026-05-18T22:32:05 COLMAP[chunk_00_mapper_initial] I20260518 22:32:05.059121  2093 database_cache.cc:126]  1710 in 0.002s
2026-05-18T22:32:05 COLMAP[chunk_00_mapper_initial] I20260518 22:32:05.059156  2093 database_cache.cc:134] Loading matches...
2026-05-18T22:32:05 COLMAP[chunk_00_mapper_initial] I20260518 22:32:05.099205  2093 database_cache.cc:139]  1770 in 0.040s
2026-05-18T22:32:05 COLMAP[chunk_00_mapper_initial] I20260518 22:32:05.099259  2093 database_cache.cc:147] Loading images...
2026-05-18T22:32:05 COLMAP[chunk_00_mapper_initial] I20260518 22:32:05.168839  2093 database_cache.cc:241]  172 in 0.070s (connected 172, loaded 172)
2026-05-18T22:32:05 COLMAP[chunk_00_mapper_initial] I20260518 22:32:05.168906  2093 database_cache.cc:255] Loading pose priors...
2026-05-18T22:32:05 COLMAP[chunk_00_mapper_initial] I20260518 22:32:05.169878  2093 database_cache.cc:263]  1710 in 0.001s
2026-05-18T22:32:05 COLMAP[chunk_00_mapper_initial] I20260518 22:32:05.169915  2093 database_cache.cc:271] Building correspondence graph...
2026-05-18T22:32:06 COLMAP[chunk_00_mapper_initial] I20260518 22:32:05.897753  2093 database_cache.cc:300]  in 0.728s (ignored 0)
2026-05-18T22:32:06 COLMAP[chunk_00_mapper_initial] I20260518 22:32:05.897892  2093 timer.cc:90] Elapsed time: 0.014 [minutes]
2026-05-18T22:32:06 COLMAP[chunk_00_mapper_initial] I20260518 22:32:05.909740  2093 incremental_pipeline.cc:377] Finding good initial image pair
2026-05-18T22:32:07 COLMAP[chunk_00_mapper_initial] I20260518 22:32:06.963471  2093 incremental_pipeline.cc:401] Registering initial image pair #1436 and #1440
2026-05-18T22:32:07 COLMAP[chunk_00_mapper_initial] I20260518 22:32:06.972393  2093 incremental_pipeline.cc:419] Global bundle adjustment
2026-05-18T22:32:07 COLMAP[chunk_00_mapper_initial] I20260518 22:32:07.234973  2093 incremental_pipeline.cc:524] Registering image #1496 (num_reg_frames=2)
2026-05-18T22:32:07 COLMAP[chunk_00_mapper_initial] I20260518 22:32:07.235020  2093 incremental_pipeline.cc:527] => Image sees 231 / 7982 points
2026-05-18T22:32:08 COLMAP[chunk_00_mapper_initial] I20260518 22:32:07.609898  2093 incremental_pipeline.cc:78] Retriangulation and Global bundle adjustment
2026-05-18T22:32:08 COLMAP[chunk_00_mapper_initial] I20260518 22:32:08.010515  2093 incremental_pipeline.cc:524] Registering image #1498 (num_reg_frames=3)
2026-05-18T22:32:08 COLMAP[chunk_00_mapper_initial] I20260518 22:32:08.010567  2093 incremental_pipeline.cc:527] => Image sees 1848 / 8162 points
2026-05-18T22:32:09 COLMAP[chunk_00_mapper_initial] I20260518 22:32:08.734571  2093 incremental_pipeline.cc:78] Retriangulation and Global bundle adjustment
2026-05-18T22:32:09 COLMAP[chunk_00_mapper_initial] I20260518 22:32:09.099327  2093 incremental_pipeline.cc:524] Registering image #1499 (num_reg_frames=4)
2026-05-18T22:32:09 COLMAP[chunk_00_mapper_initial] I20260518 22:32:09.099399  2093 incremental_pipeline.cc:527] => Image sees 2525 / 8044 points
2026-05-18T22:32:10 COLMAP[chunk_00_mapper_initial] I20260518 22:32:10.125253  2093 incremental_pipeline.cc:78] Retriangulation and Global bundle adjustment
2026-05-18T22:32:10 COLMAP[chunk_00_mapper_initial] I20260518 22:32:10.446983  2093 incremental_pipeline.cc:524] Registering image #1441 (num_reg_frames=5)
2026-05-18T22:32:10 COLMAP[chunk_00_mapper_initial] I20260518 22:32:10.447034  2093 incremental_pipeline.cc:527] => Image sees 3749 / 7542 points
2026-05-18T22:32:12 COLMAP[chunk_00_mapper_initial] I20260518 22:32:12.275784  2093 incremental_pipeline.cc:78] Retriangulation and Global bundle adjustment
2026-05-18T22:32:13 COLMAP[chunk_00_mapper_initial] I20260518 22:32:12.679621  2093 incremental_pipeline.cc:524] Registering image #1442 (num_reg_frames=6)
2026-05-18T22:32:13 COLMAP[chunk_00_mapper_initial] I20260518 22:32:12.679674  2093 incremental_pipeline.cc:527] => Image sees 3708 / 7608 points
2026-05-18T22:32:14 COLMAP[chunk_00_mapper_initial] I20260518 22:32:13.825860  2093 incremental_pipeline.cc:78] Retriangulation and Global bundle adjustment
2026-05-18T22:32:14 COLMAP[chunk_00_mapper_initial] I20260518 22:32:14.421552  2093 incremental_pipeline.cc:524] Registering image #1501 (num_reg_frames=7)
2026-05-18T22:32:14 COLMAP[chunk_00_mapper_initial] I20260518 22:32:14.421603  2093 incremental_pipeline.cc:527] => Image sees 3960 / 8111 points
2026-05-18T22:32:15 COLMAP[chunk_00_mapper_initial] I20260518 22:32:15.542754  2093 incremental_pipeline.cc:78] Retriangulation and Global bundle adjustment
2026-05-18T22:32:16 COLMAP[chunk_00_mapper_initial] I20260518 22:32:16.109596  2093 incremental_pipeline.cc:524] Registering image #1443 (num_reg_frames=8)
2026-05-18T22:32:16 COLMAP[chunk_00_mapper_initial] I20260518 22:32:16.109648  2093 incremental_pipeline.cc:527] => Image sees 3821 / 7575 points
2026-05-18T22:32:17 COLMAP[chunk_00_mapper_initial] I20260518 22:32:17.279084  2093 incremental_pipeline.cc:78] Retriangulation and Global bundle adjustment
2026-05-18T22:32:18 COLMAP[chunk_00_mapper_initial] I20260518 22:32:17.918789  2093 incremental_pipeline.cc:524] Registering image #1500 (num_reg_frames=9)
2026-05-18T22:32:18 COLMAP[chunk_00_mapper_initial] I20260518 22:32:17.918846  2093 incremental_pipeline.cc:527] => Image sees 3971 / 8154 points
2026-05-18T22:32:19 COLMAP[chunk_00_mapper_initial] I20260518 22:32:19.123164  2093 incremental_pipeline.cc:78] Retriangulation and Global bundle adjustment
2026-05-18T22:32:20 COLMAP[chunk_00_mapper_initial] I20260518 22:32:19.717922  2093 incremental_pipeline.cc:524] Registering image #1444 (num_reg_frames=10)
2026-05-18T22:32:20 COLMAP[chunk_00_mapper_initial] I20260518 22:32:19.717976  2093 incremental_pipeline.cc:527] => Image sees 3933 / 7753 points
2026-05-18T22:32:21 COLMAP[chunk_00_mapper_initial] I20260518 22:32:20.969493  2093 incremental_pipeline.cc:78] Retriangulation and Global bundle adjustment
2026-05-18T22:32:22 COLMAP[chunk_00_mapper_initial] I20260518 22:32:21.713135  2093 incremental_pipeline.cc:524] Registering image #1502 (num_reg_frames=11)
2026-05-18T22:32:22 COLMAP[chunk_00_mapper_initial] I20260518 22:32:21.713189  2093 incremental_pipeline.cc:527] => Image sees 3790 / 7921 points
2026-05-18T22:32:23 COLMAP[chunk_00_mapper_initial] I20260518 22:32:23.045411  2093 incremental_pipeline.cc:524] Registering image #1445 (num_reg_frames=12)
2026-05-18T22:32:23 COLMAP[chunk_00_mapper_initial] I20260518 22:32:23.045462  2093 incremental_pipeline.cc:527] => Image sees 3863 / 7640 points
2026-05-18T22:32:24 COLMAP[chunk_00_mapper_initial] I20260518 22:32:24.329119  2093 incremental_pipeline.cc:78] Retriangulation and Global bundle adjustment
2026-05-18T22:32:25 COLMAP[chunk_00_mapper_initial] I20260518 22:32:25.214848  2093 incremental_pipeline.cc:524] Registering image #1503 (num_reg_frames=13)
2026-05-18T22:32:25 COLMAP[chunk_00_mapper_initial] I20260518 22:32:25.214900  2093 incremental_pipeline.cc:527] => Image sees 3465 / 8222 points
2026-05-18T22:32:26 COLMAP[chunk_00_mapper_initial] I20260518 22:32:26.554874  2093 incremental_pipeline.cc:524] Registering image #1446 (num_reg_frames=14)
2026-05-18T22:32:26 COLMAP[chunk_00_mapper_initial] I20260518 22:32:26.554926  2093 incremental_pipeline.cc:527] => Image sees 3877 / 7553 points
2026-05-18T22:32:28 COLMAP[chunk_00_mapper_initial] I20260518 22:32:27.860401  2093 incremental_pipeline.cc:78] Retriangulation and Global bundle adjustment
2026-05-18T22:32:29 COLMAP[chunk_00_mapper_initial] I20260518 22:32:28.897969  2093 incremental_pipeline.cc:524] Registering image #1439 (num_reg_frames=15)
2026-05-18T22:32:29 COLMAP[chunk_00_mapper_initial] I20260518 22:32:28.898022  2093 incremental_pipeline.cc:527] => Image sees 4366 / 9629 points
2026-05-18T22:32:30 COLMAP[chunk_00_mapper_initial] I20260518 22:32:30.412065  2093 incremental_pipeline.cc:524] Registering image #1497 (num_reg_frames=16)
2026-05-18T22:32:30 COLMAP[chunk_00_mapper_initial] I20260518 22:32:30.412117  2093 incremental_pipeline.cc:527] => Image sees 4278 / 7810 points
2026-05-18T22:32:31 COLMAP[chunk_00_mapper_initial] I20260518 22:32:31.523994  2093 incremental_pipeline.cc:78] Retriangulation and Global bundle adjustment
2026-05-18T22:32:33 COLMAP[chunk_00_mapper_initial] I20260518 22:32:32.819317  2093 incremental_pipeline.cc:524] Registering image #1447 (num_reg_frames=17)
2026-05-18T22:32:33 COLMAP[chunk_00_mapper_initial] I20260518 22:32:32.819389  2093 incremental_pipeline.cc:527] => Image sees 3372 / 7401 points
2026-05-18T22:32:34 COLMAP[chunk_00_mapper_initial] I20260518 22:32:34.062222  2093 incremental_pipeline.cc:524] Registering image #1504 (num_reg_frames=18)
2026-05-18T22:32:34 COLMAP[chunk_00_mapper_initial] I20260518 22:32:34.062274  2093 incremental_pipeline.cc:527] => Image sees 3502 / 8260 points
2026-05-18T22:32:35 COLMAP[chunk_00_mapper_initial] I20260518 22:32:35.227646  2093 incremental_pipeline.cc:78] Retriangulation and Global bundle adjustment
2026-05-18T22:32:36 COLMAP[chunk_00_mapper_initial] I20260518 22:32:36.559159  2093 incremental_pipeline.cc:524] Registering image #1512 (num_reg_frames=19)
2026-05-18T22:32:36 COLMAP[chunk_00_mapper_initial] I20260518 22:32:36.559209  2093 incremental_pipeline.cc:527] => Image sees 3755 / 8339 points
2026-05-18T22:32:38 COLMAP[chunk_00_mapper_initial] I20260518 22:32:37.884265  2093 incremental_pipeline.cc:524] Registering image #1448 (num_reg_frames=20)
2026-05-18T22:32:38 COLMAP[chunk_00_mapper_initial] I20260518 22:32:37.884318  2093 incremental_pipeline.cc:527] => Image sees 3602 / 7381 points
2026-05-18T22:32:39 COLMAP[chunk_00_mapper_initial] I20260518 22:32:39.029776  2093 incremental_pipeline.cc:78] Retriangulation and Global bundle adjustment
2026-05-18T22:32:42 COLMAP[chunk_00_mapper_initial] I20260518 22:32:41.661783  2093 incremental_pipeline.cc:524] Registering image #1505 (num_reg_frames=21)
2026-05-18T22:32:42 COLMAP[chunk_00_mapper_initial] I20260518 22:32:41.661835  2093 incremental_pipeline.cc:527] => Image sees 3480 / 8540 points
2026-05-18T22:32:43 COLMAP[chunk_00_mapper_initial] I20260518 22:32:42.912246  2093 incremental_pipeline.cc:524] Registering image #1511 (num_reg_frames=22)
2026-05-18T22:32:43 COLMAP[chunk_00_mapper_initial] I20260518 22:32:42.912298  2093 incremental_pipeline.cc:527] => Image sees 4237 / 8609 points
2026-05-18T22:32:44 COLMAP[chunk_00_mapper_initial] I20260518 22:32:44.235029  2093 incremental_pipeline.cc:78] Retriangulation and Global bundle adjustment
2026-05-18T22:32:46 COLMAP[chunk_00_mapper_initial] I20260518 22:32:45.948395  2093 incremental_pipeline.cc:524] Registering image #1406 (num_reg_frames=23)
2026-05-18T22:32:46 COLMAP[chunk_00_mapper_initial] I20260518 22:32:45.948447  2093 incremental_pipeline.cc:527] => Image sees 4112 / 8572 points
2026-05-18T22:32:47 COLMAP[chunk_00_mapper_initial] I20260518 22:32:47.266798  2093 incremental_pipeline.cc:524] Registering image #1405 (num_reg_frames=24)
2026-05-18T22:32:47 COLMAP[chunk_00_mapper_initial] I20260518 22:32:47.266845  2093 incremental_pipeline.cc:527] => Image sees 4017 / 8731 points
2026-05-18T22:32:49 COLMAP[chunk_00_mapper_initial] I20260518 22:32:48.665745  2093 incremental_pipeline.cc:524] Registering image #1407 (num_reg_frames=25)
2026-05-18T22:32:49 COLMAP[chunk_00_mapper_initial] I20260518 22:32:48.665793  2093 incremental_pipeline.cc:527] => Image sees 4385 / 8323 points
2026-05-18T22:32:50 COLMAP[chunk_00_mapper_initial] I20260518 22:32:50.034478  2093 incremental_pipeline.cc:78] Retriangulation and Global bundle adjustment
2026-05-18T22:32:54 COLMAP[chunk_00_mapper_initial] I20260518 22:32:53.772136  2093 incremental_pipeline.cc:524] Registering image #1399 (num_reg_frames=26)
2026-05-18T22:32:54 COLMAP[chunk_00_mapper_initial] I20260518 22:32:53.772192  2093 incremental_pipeline.cc:527] => Image sees 4880 / 8545 points
2026-05-18T22:32:55 COLMAP[chunk_00_mapper_initial] I20260518 22:32:55.359509  2093 incremental_pipeline.cc:524] Registering image #1400 (num_reg_frames=27)
2026-05-18T22:32:55 COLMAP[chunk_00_mapper_initial] I20260518 22:32:55.359556  2093 incremental_pipeline.cc:527] => Image sees 5219 / 8394 points
2026-05-18T22:32:57 COLMAP[chunk_00_mapper_initial] I20260518 22:32:57.014837  2093 incremental_pipeline.cc:524] Registering image #1401 (num_reg_frames=28)
2026-05-18T22:32:57 COLMAP[chunk_00_mapper_initial] I20260518 22:32:57.014891  2093 incremental_pipeline.cc:527] => Image sees 5092 / 8892 points
2026-05-18T22:32:58 COLMAP[chunk_00_mapper_initial] I20260518 22:32:58.562103  2093 incremental_pipeline.cc:78] Retriangulation and Global bundle adjustment
2026-05-18T22:33:02 COLMAP[chunk_00_mapper_initial] I20260518 22:33:02.170493  2093 incremental_pipeline.cc:524] Registering image #1404 (num_reg_frames=29)
2026-05-18T22:33:02 COLMAP[chunk_00_mapper_initial] I20260518 22:33:02.170542  2093 incremental_pipeline.cc:527] => Image sees 5174 / 9010 points
2026-05-18T22:33:04 COLMAP[chunk_00_mapper_initial] I20260518 22:33:03.827033  2093 incremental_pipeline.cc:524] Registering image #1402 (num_reg_frames=30)
2026-05-18T22:33:04 COLMAP[chunk_00_mapper_initial] I20260518 22:33:03.827082  2093 incremental_pipeline.cc:527] => Image sees 5320 / 9202 points
2026-05-18T22:33:05 COLMAP[chunk_00_mapper_initial] I20260518 22:33:05.522756  2093 incremental_pipeline.cc:524] Registering image #1403 (num_reg_frames=31)
2026-05-18T22:33:05 COLMAP[chunk_00_mapper_initial] I20260518 22:33:05.522835  2093 incremental_pipeline.cc:527] => Image sees 5718 / 9040 points
2026-05-18T22:33:07 COLMAP[chunk_00_mapper_initial] I20260518 22:33:07.173446  2093 incremental_pipeline.cc:78] Retriangulation and Global bundle adjustment
2026-05-18T22:33:11 COLMAP[chunk_00_mapper_initial] I20260518 22:33:11.416240  2093 incremental_pipeline.cc:524] Registering image #1398 (num_reg_frames=32)
2026-05-18T22:33:11 COLMAP[chunk_00_mapper_initial] I20260518 22:33:11.416298  2093 incremental_pipeline.cc:527] => Image sees 4513 / 8105 points
2026-05-18T22:33:13 COLMAP[chunk_00_mapper_initial] I20260518 22:33:12.914423  2093 incremental_pipeline.cc:524] Registering image #1408 (num_reg_frames=33)
2026-05-18T22:33:13 COLMAP[chunk_00_mapper_initial] I20260518 22:33:12.914472  2093 incremental_pipeline.cc:527] => Image sees 4444 / 8240 points
2026-05-18T22:33:14 COLMAP[chunk_00_mapper_initial] I20260518 22:33:14.438251  2093 incremental_pipeline.cc:524] Registering image #1510 (num_reg_frames=34)
2026-05-18T22:33:14 COLMAP[chunk_00_mapper_initial] I20260518 22:33:14.438302  2093 incremental_pipeline.cc:527] => Image sees 4951 / 8544 points
2026-05-18T22:33:16 COLMAP[chunk_00_mapper_initial] I20260518 22:33:16.111985  2093 incremental_pipeline.cc:524] Registering image #1506 (num_reg_frames=35)
2026-05-18T22:33:16 COLMAP[chunk_00_mapper_initial] I20260518 22:33:16.112038  2093 incremental_pipeline.cc:527] => Image sees 4578 / 8913 points
2026-05-18T22:33:17 COLMAP[chunk_00_mapper_initial] I20260518 22:33:17.543310  2093 incremental_pipeline.cc:78] Retriangulation and Global bundle adjustment
2026-05-18T22:33:22 COLMAP[chunk_00_mapper_initial] I20260518 22:33:22.528283  2093 incremental_pipeline.cc:524] Registering image #1508 (num_reg_frames=36)
2026-05-18T22:33:22 COLMAP[chunk_00_mapper_initial] I20260518 22:33:22.528335  2093 incremental_pipeline.cc:527] => Image sees 5302 / 8881 points
2026-05-18T22:33:24 COLMAP[chunk_00_mapper_initial] I20260518 22:33:24.138978  2093 incremental_pipeline.cc:524] Registering image #1509 (num_reg_frames=37)
2026-05-18T22:33:24 COLMAP[chunk_00_mapper_initial] I20260518 22:33:24.139027  2093 incremental_pipeline.cc:527] => Image sees 5190 / 9039 points
2026-05-18T22:33:26 COLMAP[chunk_00_mapper_initial] I20260518 22:33:25.778522  2093 incremental_pipeline.cc:524] Registering image #1507 (num_reg_frames=38)
2026-05-18T22:33:26 COLMAP[chunk_00_mapper_initial] I20260518 22:33:25.778574  2093 incremental_pipeline.cc:527] => Image sees 5758 / 8993 points
2026-05-18T22:33:27 COLMAP[chunk_00_mapper_initial] I20260518 22:33:27.444229  2093 incremental_pipeline.cc:524] Registering image #1547 (num_reg_frames=39)
2026-05-18T22:33:27 COLMAP[chunk_00_mapper_initial] I20260518 22:33:27.444278  2093 incremental_pipeline.cc:527] => Image sees 4212 / 8568 points
2026-05-18T22:33:29 COLMAP[chunk_00_mapper_initial] I20260518 22:33:28.707813  2093 incremental_pipeline.cc:78] Retriangulation and Global bundle adjustment
2026-05-18T22:33:34 COLMAP[chunk_00_mapper_initial] I20260518 22:33:34.633538  2093 incremental_pipeline.cc:524] Registering image #1549 (num_reg_frames=40)
2026-05-18T22:33:34 COLMAP[chunk_00_mapper_initial] I20260518 22:33:34.633590  2093 incremental_pipeline.cc:527] => Image sees 4334 / 9333 points
2026-05-18T22:33:36 COLMAP[chunk_00_mapper_initial] I20260518 22:33:36.146847  2093 incremental_pipeline.cc:524] Registering image #1548 (num_reg_frames=41)
2026-05-18T22:33:36 COLMAP[chunk_00_mapper_initial] I20260518 22:33:36.146917  2093 incremental_pipeline.cc:527] => Image sees 5143 / 8970 points
2026-05-18T22:33:38 COLMAP[chunk_00_mapper_initial] I20260518 22:33:37.675014  2093 incremental_pipeline.cc:524] Registering image #1550 (num_reg_frames=42)
2026-05-18T22:33:38 COLMAP[chunk_00_mapper_initial] I20260518 22:33:37.675065  2093 incremental_pipeline.cc:527] => Image sees 5760 / 9213 points
2026-05-18T22:33:39 COLMAP[chunk_00_mapper_initial] I20260518 22:33:39.344316  2093 incremental_pipeline.cc:524] Registering image #1551 (num_reg_frames=43)
2026-05-18T22:33:39 COLMAP[chunk_00_mapper_initial] I20260518 22:33:39.344365  2093 incremental_pipeline.cc:527] => Image sees 5770 / 9049 points
2026-05-18T22:33:41 COLMAP[chunk_00_mapper_initial] I20260518 22:33:40.955737  2093 incremental_pipeline.cc:78] Retriangulation and Global bundle adjustment
2026-05-18T22:33:48 COLMAP[chunk_00_mapper_initial] I20260518 22:33:48.089543  2093 incremental_pipeline.cc:524] Registering image #1552 (num_reg_frames=44)
2026-05-18T22:33:48 COLMAP[chunk_00_mapper_initial] I20260518 22:33:48.089597  2093 incremental_pipeline.cc:527] => Image sees 5441 / 8685 points
2026-05-18T22:33:50 COLMAP[chunk_00_mapper_initial] I20260518 22:33:49.764741  2093 incremental_pipeline.cc:524] Registering image #1553 (num_reg_frames=45)
2026-05-18T22:33:50 COLMAP[chunk_00_mapper_initial] I20260518 22:33:49.764791  2093 incremental_pipeline.cc:527] => Image sees 4854 / 7982 points
2026-05-18T22:33:51 COLMAP[chunk_00_mapper_initial] I20260518 22:33:51.295225  2093 incremental_pipeline.cc:524] Registering image #1370 (num_reg_frames=46)
2026-05-18T22:33:51 COLMAP[chunk_00_mapper_initial] I20260518 22:33:51.295274  2093 incremental_pipeline.cc:527] => Image sees 4458 / 6342 points
2026-05-18T22:33:53 COLMAP[chunk_00_mapper_initial] I20260518 22:33:52.675953  2093 incremental_pipeline.cc:524] Registering image #1546 (num_reg_frames=47)
2026-05-18T22:33:53 COLMAP[chunk_00_mapper_initial] I20260518 22:33:52.676003  2093 incremental_pipeline.cc:527] => Image sees 4806 / 8170 points
2026-05-18T22:33:54 COLMAP[chunk_00_mapper_initial] I20260518 22:33:54.228374  2093 incremental_pipeline.cc:524] Registering image #1371 (num_reg_frames=48)
2026-05-18T22:33:54 COLMAP[chunk_00_mapper_initial] I20260518 22:33:54.228420  2093 incremental_pipeline.cc:527] => Image sees 4677 / 6884 points
2026-05-18T22:33:55 COLMAP[chunk_00_mapper_initial] I20260518 22:33:55.597199  2093 incremental_pipeline.cc:78] Retriangulation and Global bundle adjustment
2026-05-18T22:34:04 COLMAP[chunk_00_mapper_initial] I20260518 22:34:03.741778  2093 incremental_pipeline.cc:524] Registering image #1513 (num_reg_frames=49)
2026-05-18T22:34:04 COLMAP[chunk_00_mapper_initial] I20260518 22:34:03.741834  2093 incremental_pipeline.cc:527] => Image sees 5371 / 7278 points
2026-05-18T22:34:05 COLMAP[chunk_00_mapper_initial] I20260518 22:34:05.341619  2093 incremental_pipeline.cc:524] Registering image #1397 (num_reg_frames=50)
2026-05-18T22:34:05 COLMAP[chunk_00_mapper_initial] I20260518 22:34:05.341668  2093 incremental_pipeline.cc:527] => Image sees 4493 / 7954 points
2026-05-18T22:34:07 COLMAP[chunk_00_mapper_initial] I20260518 22:34:06.760633  2093 incremental_pipeline.cc:524] Registering image #1409 (num_reg_frames=51)
2026-05-18T22:34:07 COLMAP[chunk_00_mapper_initial] I20260518 22:34:06.760712  2093 incremental_pipeline.cc:527] => Image sees 4464 / 7971 points
2026-05-18T22:34:08 COLMAP[chunk_00_mapper_initial] I20260518 22:34:08.224946  2093 incremental_pipeline.cc:524] Registering image #1545 (num_reg_frames=52)
2026-05-18T22:34:08 COLMAP[chunk_00_mapper_initial] I20260518 22:34:08.224994  2093 incremental_pipeline.cc:527] => Image sees 4590 / 8127 points
2026-05-18T22:34:10 COLMAP[chunk_00_mapper_initial] I20260518 22:34:09.741299  2093 incremental_pipeline.cc:524] Registering image #1372 (num_reg_frames=53)
2026-05-18T22:34:10 COLMAP[chunk_00_mapper_initial] I20260518 22:34:09.741358  2093 incremental_pipeline.cc:527] => Image sees 4476 / 6726 points
2026-05-18T22:34:11 COLMAP[chunk_00_mapper_initial] I20260518 22:34:11.027007  2093 incremental_pipeline.cc:78] Retriangulation and Global bundle adjustment
2026-05-18T22:34:21 COLMAP[chunk_00_mapper_initial] I20260518 22:34:20.987408  2093 incremental_pipeline.cc:524] Registering image #1364 (num_reg_frames=54)
2026-05-18T22:34:21 COLMAP[chunk_00_mapper_initial] I20260518 22:34:20.987462  2093 incremental_pipeline.cc:527] => Image sees 4439 / 6090 points
2026-05-18T22:34:22 COLMAP[chunk_00_mapper_initial] I20260518 22:34:22.359323  2093 incremental_pipeline.cc:524] Registering image #1396 (num_reg_frames=55)
2026-05-18T22:34:22 COLMAP[chunk_00_mapper_initial] I20260518 22:34:22.359393  2093 incremental_pipeline.cc:527] => Image sees 4681 / 8130 points
2026-05-18T22:34:24 COLMAP[chunk_00_mapper_initial] I20260518 22:34:23.815609  2093 incremental_pipeline.cc:524] Registering image #1544 (num_reg_frames=56)
2026-05-18T22:34:24 COLMAP[chunk_00_mapper_initial] I20260518 22:34:23.815655  2093 incremental_pipeline.cc:527] => Image sees 4858 / 8025 points
2026-05-18T22:34:25 COLMAP[chunk_00_mapper_initial] I20260518 22:34:25.303328  2093 incremental_pipeline.cc:524] Registering image #1410 (num_reg_frames=57)
2026-05-18T22:34:25 COLMAP[chunk_00_mapper_initial] I20260518 22:34:25.303396  2093 incremental_pipeline.cc:527] => Image sees 4694 / 7891 points
2026-05-18T22:34:27 COLMAP[chunk_00_mapper_initial] I20260518 22:34:26.816588  2093 incremental_pipeline.cc:524] Registering image #1514 (num_reg_frames=58)
2026-05-18T22:34:27 COLMAP[chunk_00_mapper_initial] I20260518 22:34:26.816642  2093 incremental_pipeline.cc:527] => Image sees 5559 / 7435 points
2026-05-18T22:34:28 COLMAP[chunk_00_mapper_initial] I20260518 22:34:28.485082  2093 incremental_pipeline.cc:524] Registering image #1515 (num_reg_frames=59)
2026-05-18T22:34:28 COLMAP[chunk_00_mapper_initial] I20260518 22:34:28.485134  2093 incremental_pipeline.cc:527] => Image sees 5525 / 7359 points
2026-05-18T22:34:30 COLMAP[chunk_00_mapper_initial] I20260518 22:34:30.052177  2093 incremental_pipeline.cc:78] Retriangulation and Global bundle adjustment
2026-05-18T22:34:41 COLMAP[chunk_00_mapper_initial] I20260518 22:34:40.878958  2093 incremental_pipeline.cc:524] Registering image #1516 (num_reg_frames=60)
2026-05-18T22:34:41 COLMAP[chunk_00_mapper_initial] I20260518 22:34:40.879025  2093 incremental_pipeline.cc:527] => Image sees 5181 / 7360 points
2026-05-18T22:34:42 COLMAP[chunk_00_mapper_initial] I20260518 22:34:42.436335  2093 incremental_pipeline.cc:524] Registering image #1395 (num_reg_frames=61)
2026-05-18T22:34:42 COLMAP[chunk_00_mapper_initial] I20260518 22:34:42.436388  2093 incremental_pipeline.cc:527] => Image sees 4741 / 8081 points
2026-05-18T22:34:44 COLMAP[chunk_00_mapper_initial] I20260518 22:34:43.889247  2093 incremental_pipeline.cc:524] Registering image #1543 (num_reg_frames=62)
2026-05-18T22:34:44 COLMAP[chunk_00_mapper_initial] I20260518 22:34:43.889294  2093 incremental_pipeline.cc:527] => Image sees 4905 / 8200 points
2026-05-18T22:34:45 COLMAP[chunk_00_mapper_initial] I20260518 22:34:45.404873  2093 incremental_pipeline.cc:524] Registering image #1411 (num_reg_frames=63)
2026-05-18T22:34:45 COLMAP[chunk_00_mapper_initial] I20260518 22:34:45.404922  2093 incremental_pipeline.cc:527] => Image sees 4723 / 7914 points
2026-05-18T22:34:47 COLMAP[chunk_00_mapper_initial] I20260518 22:34:46.891244  2093 incremental_pipeline.cc:524] Registering image #1517 (num_reg_frames=64)
2026-05-18T22:34:47 COLMAP[chunk_00_mapper_initial] I20260518 22:34:46.891296  2093 incremental_pipeline.cc:527] => Image sees 5055 / 7522 points
2026-05-18T22:34:48 COLMAP[chunk_00_mapper_initial] I20260518 22:34:48.468142  2093 incremental_pipeline.cc:524] Registering image #1542 (num_reg_frames=65)
2026-05-18T22:34:48 COLMAP[chunk_00_mapper_initial] I20260518 22:34:48.468192  2093 incremental_pipeline.cc:527] => Image sees 4615 / 8353 points
2026-05-18T22:34:50 COLMAP[chunk_00_mapper_initial] I20260518 22:34:49.869463  2093 incremental_pipeline.cc:78] Retriangulation and Global bundle adjustment
2026-05-18T22:35:02 COLMAP[chunk_00_mapper_initial] I20260518 22:35:02.048203  2093 incremental_pipeline.cc:524] Registering image #1394 (num_reg_frames=66)
2026-05-18T22:35:02 COLMAP[chunk_00_mapper_initial] I20260518 22:35:02.048262  2093 incremental_pipeline.cc:527] => Image sees 4663 / 7875 points
2026-05-18T22:35:03 COLMAP[chunk_00_mapper_initial] I20260518 22:35:03.572161  2093 incremental_pipeline.cc:524] Registering image #1541 (num_reg_frames=67)
2026-05-18T22:35:03 COLMAP[chunk_00_mapper_initial] I20260518 22:35:03.572218  2093 incremental_pipeline.cc:527] => Image sees 4676 / 8372 points
2026-05-18T22:35:05 COLMAP[chunk_00_mapper_initial] I20260518 22:35:05.111696  2093 incremental_pipeline.cc:524] Registering image #261 (num_reg_frames=68)
2026-05-18T22:35:05 COLMAP[chunk_00_mapper_initial] I20260518 22:35:05.111747  2093 incremental_pipeline.cc:527] => Image sees 3958 / 8721 points
2026-05-18T22:35:06 COLMAP[chunk_00_mapper_initial] I20260518 22:35:06.598992  2093 incremental_pipeline.cc:524] Registering image #409 (num_reg_frames=69)
2026-05-18T22:35:06 COLMAP[chunk_00_mapper_initial] I20260518 22:35:06.599048  2093 incremental_pipeline.cc:527] => Image sees 4254 / 8801 points
2026-05-18T22:35:08 COLMAP[chunk_00_mapper_initial] I20260518 22:35:08.186203  2093 incremental_pipeline.cc:524] Registering image #260 (num_reg_frames=70)
2026-05-18T22:35:08 COLMAP[chunk_00_mapper_initial] I20260518 22:35:08.186254  2093 incremental_pipeline.cc:527] => Image sees 4872 / 8773 points
2026-05-18T22:35:10 COLMAP[chunk_00_mapper_initial] I20260518 22:35:09.861057  2093 incremental_pipeline.cc:524] Registering image #262 (num_reg_frames=71)
2026-05-18T22:35:10 COLMAP[chunk_00_mapper_initial] I20260518 22:35:09.861107  2093 incremental_pipeline.cc:527] => Image sees 4941 / 8818 points
2026-05-18T22:35:11 COLMAP[chunk_00_mapper_initial] I20260518 22:35:11.648947  2093 incremental_pipeline.cc:524] Registering image #410 (num_reg_frames=72)
2026-05-18T22:35:11 COLMAP[chunk_00_mapper_initial] I20260518 22:35:11.649032  2093 incremental_pipeline.cc:527] => Image sees 5211 / 8996 points
2026-05-18T22:35:13 COLMAP[chunk_00_mapper_initial] I20260518 22:35:13.267216  2093 incremental_pipeline.cc:78] Retriangulation and Global bundle adjustment
2026-05-18T22:35:26 COLMAP[chunk_00_mapper_initial] I20260518 22:35:26.298480  2093 incremental_pipeline.cc:524] Registering image #408 (num_reg_frames=73)
2026-05-18T22:35:26 COLMAP[chunk_00_mapper_initial] I20260518 22:35:26.298545  2093 incremental_pipeline.cc:527] => Image sees 5265 / 8894 points
2026-05-18T22:35:28 COLMAP[chunk_00_mapper_initial] I20260518 22:35:28.054844  2093 incremental_pipeline.cc:524] Registering image #411 (num_reg_frames=74)
2026-05-18T22:35:28 COLMAP[chunk_00_mapper_initial] I20260518 22:35:28.054893  2093 incremental_pipeline.cc:527] => Image sees 5159 / 8732 points
2026-05-18T22:35:29 COLMAP[chunk_00_mapper_initial] I20260518 22:35:29.807822  2093 incremental_pipeline.cc:524] Registering image #412 (num_reg_frames=75)
2026-05-18T22:35:29 COLMAP[chunk_00_mapper_initial] I20260518 22:35:29.807870  2093 incremental_pipeline.cc:527] => Image sees 4595 / 8341 points
2026-05-18T22:35:31 COLMAP[chunk_00_mapper_initial] I20260518 22:35:31.393394  2093 incremental_pipeline.cc:524] Registering image #259 (num_reg_frames=76)
2026-05-18T22:35:31 COLMAP[chunk_00_mapper_initial] I20260518 22:35:31.393442  2093 incremental_pipeline.cc:527] => Image sees 5119 / 7782 points
2026-05-18T22:35:33 COLMAP[chunk_00_mapper_initial] I20260518 22:35:33.072304  2093 incremental_pipeline.cc:524] Registering image #407 (num_reg_frames=77)
2026-05-18T22:35:33 COLMAP[chunk_00_mapper_initial] I20260518 22:35:33.072355  2093 incremental_pipeline.cc:527] => Image sees 5456 / 8392 points
2026-05-18T22:35:35 COLMAP[chunk_00_mapper_initial] I20260518 22:35:34.942723  2093 incremental_pipeline.cc:524] Registering image #405 (num_reg_frames=78)
2026-05-18T22:35:35 COLMAP[chunk_00_mapper_initial] I20260518 22:35:34.942773  2093 incremental_pipeline.cc:527] => Image sees 4819 / 8273 points
2026-05-18T22:35:36 COLMAP[chunk_00_mapper_initial] I20260518 22:35:36.599852  2093 incremental_pipeline.cc:524] Registering image #303 (num_reg_frames=79)
2026-05-18T22:35:36 COLMAP[chunk_00_mapper_initial] I20260518 22:35:36.599903  2093 incremental_pipeline.cc:527] => Image sees 4091 / 8780 points
2026-05-18T22:35:38 COLMAP[chunk_00_mapper_initial] I20260518 22:35:38.090112  2093 incremental_pipeline.cc:524] Registering image #300 (num_reg_frames=80)
2026-05-18T22:35:38 COLMAP[chunk_00_mapper_initial] I20260518 22:35:38.090164  2093 incremental_pipeline.cc:527] => Image sees 4881 / 8659 points
2026-05-18T22:35:39 COLMAP[chunk_00_mapper_initial] I20260518 22:35:39.642436  2093 incremental_pipeline.cc:78] Retriangulation and Global bundle adjustment
2026-05-18T22:35:57 COLMAP[chunk_00_mapper_initial] I20260518 22:35:57.094875  2093 incremental_pipeline.cc:524] Registering image #302 (num_reg_frames=81)
2026-05-18T22:35:57 COLMAP[chunk_00_mapper_initial] I20260518 22:35:57.094954  2093 incremental_pipeline.cc:527] => Image sees 5202 / 8817 points
2026-05-18T22:35:59 COLMAP[chunk_00_mapper_initial] I20260518 22:35:58.951437  2093 incremental_pipeline.cc:524] Registering image #301 (num_reg_frames=82)
2026-05-18T22:35:59 COLMAP[chunk_00_mapper_initial] I20260518 22:35:58.951489  2093 incremental_pipeline.cc:527] => Image sees 5862 / 8853 points
2026-05-18T22:36:00 COLMAP[chunk_00_mapper_initial] I20260518 22:36:00.914319  2093 incremental_pipeline.cc:524] Registering image #304 (num_reg_frames=83)
2026-05-18T22:36:00 COLMAP[chunk_00_mapper_initial] I20260518 22:36:00.914371  2093 incremental_pipeline.cc:527] => Image sees 4950 / 8629 points
2026-05-18T22:36:02 COLMAP[chunk_00_mapper_initial] I20260518 22:36:02.689308  2093 incremental_pipeline.cc:524] Registering image #299 (num_reg_frames=84)
2026-05-18T22:36:02 COLMAP[chunk_00_mapper_initial] I20260518 22:36:02.689368  2093 incremental_pipeline.cc:527] => Image sees 5849 / 8386 points
2026-05-18T22:36:04 COLMAP[chunk_00_mapper_initial] I20260518 22:36:04.653187  2093 incremental_pipeline.cc:524] Registering image #298 (num_reg_frames=85)
2026-05-18T22:36:04 COLMAP[chunk_00_mapper_initial] I20260518 22:36:04.653234  2093 incremental_pipeline.cc:527] => Image sees 5565 / 8445 points
2026-05-18T22:36:06 COLMAP[chunk_00_mapper_initial] I20260518 22:36:06.533075  2093 incremental_pipeline.cc:524] Registering image #305 (num_reg_frames=86)
2026-05-18T22:36:06 COLMAP[chunk_00_mapper_initial] I20260518 22:36:06.533131  2093 incremental_pipeline.cc:527] => Image sees 5326 / 8536 points
2026-05-18T22:36:08 COLMAP[chunk_00_mapper_initial] I20260518 22:36:08.301661  2093 incremental_pipeline.cc:524] Registering image #297 (num_reg_frames=87)
2026-05-18T22:36:08 COLMAP[chunk_00_mapper_initial] I20260518 22:36:08.301719  2093 incremental_pipeline.cc:527] => Image sees 5105 / 8617 points
2026-05-18T22:36:10 COLMAP[chunk_00_mapper_initial] I20260518 22:36:10.013338  2093 incremental_pipeline.cc:524] Registering image #306 (num_reg_frames=88)
2026-05-18T22:36:10 COLMAP[chunk_00_mapper_initial] I20260518 22:36:10.013401  2093 incremental_pipeline.cc:527] => Image sees 5273 / 8578 points
2026-05-18T22:36:11 COLMAP[chunk_00_mapper_initial] I20260518 22:36:11.768690  2093 incremental_pipeline.cc:524] Registering image #296 (num_reg_frames=89)
2026-05-18T22:36:11 COLMAP[chunk_00_mapper_initial] I20260518 22:36:11.768740  2093 incremental_pipeline.cc:527] => Image sees 4175 / 8156 points
2026-05-18T22:36:13 COLMAP[chunk_00_mapper_initial] I20260518 22:36:13.247642  2093 incremental_pipeline.cc:78] Retriangulation and Global bundle adjustment
2026-05-18T22:36:45 COLMAP[chunk_00_mapper_initial] I20260518 22:36:44.251163  2093 incremental_pipeline.cc:524] Registering image #307 (num_reg_frames=90)
2026-05-18T22:36:45 COLMAP[chunk_00_mapper_initial] I20260518 22:36:44.251247  2093 incremental_pipeline.cc:527] => Image sees 4639 / 8514 points
2026-05-18T22:36:46 COLMAP[chunk_00_mapper_initial] I20260518 22:36:45.826064  2093 incremental_pipeline.cc:524] Registering image #406 (num_reg_frames=91)
2026-05-18T22:36:46 COLMAP[chunk_00_mapper_initial] I20260518 22:36:45.826118  2093 incremental_pipeline.cc:527] => Image sees 4859 / 7637 points
2026-05-18T22:36:48 COLMAP[chunk_00_mapper_initial] I20260518 22:36:47.531997  2093 incremental_pipeline.cc:524] Registering image #308 (num_reg_frames=92)
2026-05-18T22:36:48 COLMAP[chunk_00_mapper_initial] I20260518 22:36:47.532050  2093 incremental_pipeline.cc:527] => Image sees 4257 / 8042 points
2026-05-18T22:36:50 COLMAP[chunk_00_mapper_initial] I20260518 22:36:49.037003  2093 incremental_pipeline.cc:524] Registering image #1412 (num_reg_frames=93)
2026-05-18T22:36:50 COLMAP[chunk_00_mapper_initial] I20260518 22:36:49.037053  2093 incremental_pipeline.cc:527] => Image sees 4443 / 7759 points
2026-05-18T22:36:51 COLMAP[chunk_00_mapper_initial] I20260518 22:36:50.530263  2093 incremental_pipeline.cc:524] Registering image #1518 (num_reg_frames=94)
2026-05-18T22:36:51 COLMAP[chunk_00_mapper_initial] I20260518 22:36:50.530315  2093 incremental_pipeline.cc:527] => Image sees 5007 / 7524 points
2026-05-18T22:36:53 COLMAP[chunk_00_mapper_initial] I20260518 22:36:52.133229  2093 incremental_pipeline.cc:524] Registering image #1393 (num_reg_frames=95)
2026-05-18T22:36:53 COLMAP[chunk_00_mapper_initial] I20260518 22:36:52.133285  2093 incremental_pipeline.cc:527] => Image sees 4269 / 8012 points
2026-05-18T22:36:54 COLMAP[chunk_00_mapper_initial] I20260518 22:36:53.587327  2093 incremental_pipeline.cc:524] Registering image #1540 (num_reg_frames=96)
2026-05-18T22:36:54 COLMAP[chunk_00_mapper_initial] I20260518 22:36:53.587395  2093 incremental_pipeline.cc:527] => Image sees 4506 / 8335 points
2026-05-18T22:36:56 COLMAP[chunk_00_mapper_initial] I20260518 22:36:55.102859  2093 incremental_pipeline.cc:524] Registering image #1392 (num_reg_frames=97)
2026-05-18T22:36:56 COLMAP[chunk_00_mapper_initial] I20260518 22:36:55.102910  2093 incremental_pipeline.cc:527] => Image sees 4983 / 7941 points
2026-05-18T22:36:57 COLMAP[chunk_00_mapper_initial] I20260518 22:36:56.674548  2093 incremental_pipeline.cc:524] Registering image #1539 (num_reg_frames=98)
2026-05-18T22:36:57 COLMAP[chunk_00_mapper_initial] I20260518 22:36:56.674599  2093 incremental_pipeline.cc:527] => Image sees 4893 / 7963 points
2026-05-18T22:36:59 COLMAP[chunk_00_mapper_initial] I20260518 22:36:58.247548  2093 incremental_pipeline.cc:524] Registering image #1519 (num_reg_frames=99)
2026-05-18T22:36:59 COLMAP[chunk_00_mapper_initial] I20260518 22:36:58.247598  2093 incremental_pipeline.cc:527] => Image sees 5029 / 7888 points
2026-05-18T22:37:00 COLMAP[chunk_00_mapper_initial] I20260518 22:36:59.770784  2093 incremental_pipeline.cc:78] Retriangulation and Global bundle adjustment
2026-05-18T22:37:33 COLMAP[chunk_00_mapper_initial] I20260518 22:37:32.349987  2093 incremental_pipeline.cc:524] Registering image #1520 (num_reg_frames=100)
2026-05-18T22:37:33 COLMAP[chunk_00_mapper_initial] I20260518 22:37:32.350065  2093 incremental_pipeline.cc:527] => Image sees 5258 / 7900 points
2026-05-18T22:37:34 COLMAP[chunk_00_mapper_initial] I20260518 22:37:34.074476  2093 incremental_pipeline.cc:524] Registering image #1413 (num_reg_frames=101)
2026-05-18T22:37:34 COLMAP[chunk_00_mapper_initial] I20260518 22:37:34.074527  2093 incremental_pipeline.cc:527] => Image sees 5686 / 7706 points
2026-05-18T22:37:36 COLMAP[chunk_00_mapper_initial] I20260518 22:37:35.801476  2093 incremental_pipeline.cc:524] Registering image #1414 (num_reg_frames=102)
2026-05-18T22:37:36 COLMAP[chunk_00_mapper_initial] I20260518 22:37:35.801523  2093 incremental_pipeline.cc:527] => Image sees 4769 / 7391 points
2026-05-18T22:37:38 COLMAP[chunk_00_mapper_initial] I20260518 22:37:37.406857  2093 incremental_pipeline.cc:524] Registering image #1521 (num_reg_frames=103)
2026-05-18T22:37:38 COLMAP[chunk_00_mapper_initial] I20260518 22:37:37.406906  2093 incremental_pipeline.cc:527] => Image sees 5003 / 7261 points
2026-05-18T22:37:39 COLMAP[chunk_00_mapper_initial] I20260518 22:37:39.052752  2093 incremental_pipeline.cc:524] Registering image #364 (num_reg_frames=104)
2026-05-18T22:37:39 COLMAP[chunk_00_mapper_initial] I20260518 22:37:39.052803  2093 incremental_pipeline.cc:527] => Image sees 4652 / 8278 points
2026-05-18T22:37:41 COLMAP[chunk_00_mapper_initial] I20260518 22:37:40.666978  2093 incremental_pipeline.cc:524] Registering image #365 (num_reg_frames=105)
2026-05-18T22:37:41 COLMAP[chunk_00_mapper_initial] I20260518 22:37:40.667033  2093 incremental_pipeline.cc:527] => Image sees 4868 / 8342 points
2026-05-18T22:37:43 COLMAP[chunk_00_mapper_initial] I20260518 22:37:42.325090  2093 incremental_pipeline.cc:524] Registering image #366 (num_reg_frames=106)
2026-05-18T22:37:43 COLMAP[chunk_00_mapper_initial] I20260518 22:37:42.325139  2093 incremental_pipeline.cc:527] => Image sees 5026 / 8223 points
2026-05-18T22:37:44 COLMAP[chunk_00_mapper_initial] I20260518 22:37:43.980854  2093 incremental_pipeline.cc:524] Registering image #363 (num_reg_frames=107)
2026-05-18T22:37:44 COLMAP[chunk_00_mapper_initial] I20260518 22:37:43.980909  2093 incremental_pipeline.cc:527] => Image sees 5348 / 8155 points
2026-05-18T22:37:46 COLMAP[chunk_00_mapper_initial] I20260518 22:37:45.719354  2093 incremental_pipeline.cc:524] Registering image #362 (num_reg_frames=108)
2026-05-18T22:37:46 COLMAP[chunk_00_mapper_initial] I20260518 22:37:45.719421  2093 incremental_pipeline.cc:527] => Image sees 5263 / 8167 points
2026-05-18T22:37:48 COLMAP[chunk_00_mapper_initial] I20260518 22:37:47.418558  2093 incremental_pipeline.cc:524] Registering image #361 (num_reg_frames=109)
2026-05-18T22:37:48 COLMAP[chunk_00_mapper_initial] I20260518 22:37:47.418608  2093 incremental_pipeline.cc:527] => Image sees 5018 / 8163 points
2026-05-18T22:37:49 COLMAP[chunk_00_mapper_initial] I20260518 22:37:49.046428  2093 incremental_pipeline.cc:524] Registering image #353 (num_reg_frames=110)
2026-05-18T22:37:49 COLMAP[chunk_00_mapper_initial] I20260518 22:37:49.046478  2093 incremental_pipeline.cc:527] => Image sees 4952 / 7794 points
2026-05-18T22:37:51 COLMAP[chunk_00_mapper_initial] I20260518 22:37:50.688691  2093 incremental_pipeline.cc:78] Retriangulation and Global bundle adjustment
2026-05-18T22:38:26 COLMAP[chunk_00_mapper_initial] I20260518 22:38:25.720546  2093 incremental_pipeline.cc:524] Registering image #352 (num_reg_frames=111)
2026-05-18T22:38:26 COLMAP[chunk_00_mapper_initial] I20260518 22:38:25.720633  2093 incremental_pipeline.cc:527] => Image sees 4860 / 7680 points
2026-05-18T22:38:28 COLMAP[chunk_00_mapper_initial] I20260518 22:38:27.488473  2093 incremental_pipeline.cc:524] Registering image #354 (num_reg_frames=112)
2026-05-18T22:38:28 COLMAP[chunk_00_mapper_initial] I20260518 22:38:27.488531  2093 incremental_pipeline.cc:527] => Image sees 5241 / 7794 points
2026-05-18T22:38:30 COLMAP[chunk_00_mapper_initial] I20260518 22:38:29.284237  2093 incremental_pipeline.cc:524] Registering image #351 (num_reg_frames=113)
2026-05-18T22:38:30 COLMAP[chunk_00_mapper_initial] I20260518 22:38:29.284287  2093 incremental_pipeline.cc:527] => Image sees 4965 / 7721 points
2026-05-18T22:38:31 COLMAP[chunk_00_mapper_initial] I20260518 22:38:31.017195  2093 incremental_pipeline.cc:524] Registering image #350 (num_reg_frames=114)
2026-05-18T22:38:31 COLMAP[chunk_00_mapper_initial] I20260518 22:38:31.017251  2093 incremental_pipeline.cc:527] => Image sees 4316 / 6704 points
2026-05-18T22:38:33 COLMAP[chunk_00_mapper_initial] I20260518 22:38:32.617957  2093 incremental_pipeline.cc:524] Registering image #360 (num_reg_frames=115)
2026-05-18T22:38:33 COLMAP[chunk_00_mapper_initial] I20260518 22:38:32.618011  2093 incremental_pipeline.cc:527] => Image sees 4924 / 8227 points
2026-05-18T22:38:35 COLMAP[chunk_00_mapper_initial] I20260518 22:38:34.284303  2093 incremental_pipeline.cc:524] Registering image #355 (num_reg_frames=116)
2026-05-18T22:38:35 COLMAP[chunk_00_mapper_initial] I20260518 22:38:34.284360  2093 incremental_pipeline.cc:527] => Image sees 5139 / 7792 points
2026-05-18T22:38:36 COLMAP[chunk_00_mapper_initial] I20260518 22:38:36.025978  2093 incremental_pipeline.cc:524] Registering image #356 (num_reg_frames=117)
2026-05-18T22:38:36 COLMAP[chunk_00_mapper_initial] I20260518 22:38:36.026029  2093 incremental_pipeline.cc:527] => Image sees 5026 / 8082 points
2026-05-18T22:38:38 COLMAP[chunk_00_mapper_initial] I20260518 22:38:37.697896  2093 incremental_pipeline.cc:524] Registering image #359 (num_reg_frames=118)
2026-05-18T22:38:38 COLMAP[chunk_00_mapper_initial] I20260518 22:38:37.697947  2093 incremental_pipeline.cc:527] => Image sees 5547 / 8345 points
2026-05-18T22:38:40 COLMAP[chunk_00_mapper_initial] I20260518 22:38:39.436079  2093 incremental_pipeline.cc:524] Registering image #357 (num_reg_frames=119)
2026-05-18T22:38:40 COLMAP[chunk_00_mapper_initial] I20260518 22:38:39.436126  2093 incremental_pipeline.cc:527] => Image sees 5502 / 8485 points
2026-05-18T22:38:41 COLMAP[chunk_00_mapper_initial] I20260518 22:38:41.240262  2093 incremental_pipeline.cc:524] Registering image #358 (num_reg_frames=120)
2026-05-18T22:38:41 COLMAP[chunk_00_mapper_initial] I20260518 22:38:41.240310  2093 incremental_pipeline.cc:527] => Image sees 5940 / 8473 points
2026-05-18T22:38:43 COLMAP[chunk_00_mapper_initial] I20260518 22:38:43.084877  2093 incremental_pipeline.cc:524] Registering image #1450 (num_reg_frames=121)
2026-05-18T22:38:43 COLMAP[chunk_00_mapper_initial] I20260518 22:38:43.084930  2093 incremental_pipeline.cc:527] => Image sees 4664 / 8310 points
2026-05-18T22:38:45 COLMAP[chunk_00_mapper_initial] I20260518 22:38:44.679008  2093 incremental_pipeline.cc:524] Registering image #1452 (num_reg_frames=122)
2026-05-18T22:38:45 COLMAP[chunk_00_mapper_initial] I20260518 22:38:44.679060  2093 incremental_pipeline.cc:527] => Image sees 5196 / 8399 points
2026-05-18T22:38:47 COLMAP[chunk_00_mapper_initial] I20260518 22:38:46.320508  2093 incremental_pipeline.cc:78] Retriangulation and Global bundle adjustment
2026-05-18T22:39:32 COLMAP[chunk_00_mapper_initial] I20260518 22:39:31.777976  2093 incremental_pipeline.cc:524] Registering image #1453 (num_reg_frames=123)
2026-05-18T22:39:32 COLMAP[chunk_00_mapper_initial] I20260518 22:39:31.778064  2093 incremental_pipeline.cc:527] => Image sees 5660 / 8276 points
2026-05-18T22:39:34 COLMAP[chunk_00_mapper_initial] I20260518 22:39:33.549623  2093 incremental_pipeline.cc:524] Registering image #1451 (num_reg_frames=124)
2026-05-18T22:39:34 COLMAP[chunk_00_mapper_initial] I20260518 22:39:33.549671  2093 incremental_pipeline.cc:527] => Image sees 5848 / 8154 points
2026-05-18T22:39:36 COLMAP[chunk_00_mapper_initial] I20260518 22:39:35.385692  2093 incremental_pipeline.cc:524] Registering image #1454 (num_reg_frames=125)
2026-05-18T22:39:36 COLMAP[chunk_00_mapper_initial] I20260518 22:39:35.385746  2093 incremental_pipeline.cc:527] => Image sees 5551 / 8011 points
2026-05-18T22:39:37 COLMAP[chunk_00_mapper_initial] I20260518 22:39:37.174057  2093 incremental_pipeline.cc:524] Registering image #1449 (num_reg_frames=126)
2026-05-18T22:39:37 COLMAP[chunk_00_mapper_initial] I20260518 22:39:37.174110  2093 incremental_pipeline.cc:527] => Image sees 5638 / 7220 points
2026-05-18T22:39:39 COLMAP[chunk_00_mapper_initial] I20260518 22:39:38.985303  2093 incremental_pipeline.cc:524] Registering image #1455 (num_reg_frames=127)
2026-05-18T22:39:39 COLMAP[chunk_00_mapper_initial] I20260518 22:39:38.985366  2093 incremental_pipeline.cc:527] => Image sees 5649 / 7533 points
2026-05-18T22:39:41 COLMAP[chunk_00_mapper_initial] I20260518 22:39:40.870766  2093 incremental_pipeline.cc:524] Registering image #1456 (num_reg_frames=128)
2026-05-18T22:39:41 COLMAP[chunk_00_mapper_initial] I20260518 22:39:40.870821  2093 incremental_pipeline.cc:527] => Image sees 5609 / 7421 points
2026-05-18T22:39:43 COLMAP[chunk_00_mapper_initial] I20260518 22:39:42.704617  2093 incremental_pipeline.cc:524] Registering image #1457 (num_reg_frames=129)
2026-05-18T22:39:43 COLMAP[chunk_00_mapper_initial] I20260518 22:39:42.704672  2093 incremental_pipeline.cc:527] => Image sees 5525 / 7354 points
2026-05-18T22:39:45 COLMAP[chunk_00_mapper_initial] I20260518 22:39:44.527916  2093 incremental_pipeline.cc:524] Registering image #1458 (num_reg_frames=130)
2026-05-18T22:39:45 COLMAP[chunk_00_mapper_initial] I20260518 22:39:44.527969  2093 incremental_pipeline.cc:527] => Image sees 5587 / 7483 points
2026-05-18T22:39:46 COLMAP[chunk_00_mapper_initial] I20260518 22:39:46.319239  2093 incremental_pipeline.cc:524] Registering image #1459 (num_reg_frames=131)
2026-05-18T22:39:46 COLMAP[chunk_00_mapper_initial] I20260518 22:39:46.319295  2093 incremental_pipeline.cc:527] => Image sees 5302 / 7149 points
2026-05-18T22:39:48 COLMAP[chunk_00_mapper_initial] I20260518 22:39:48.068867  2093 incremental_pipeline.cc:524] Registering image #1460 (num_reg_frames=132)
2026-05-18T22:39:48 COLMAP[chunk_00_mapper_initial] I20260518 22:39:48.068917  2093 incremental_pipeline.cc:527] => Image sees 5212 / 7055 points
2026-05-18T22:39:50 COLMAP[chunk_00_mapper_initial] I20260518 22:39:49.829648  2093 incremental_pipeline.cc:524] Registering image #1461 (num_reg_frames=133)
2026-05-18T22:39:50 COLMAP[chunk_00_mapper_initial] I20260518 22:39:49.829700  2093 incremental_pipeline.cc:527] => Image sees 5155 / 6884 points
2026-05-18T22:39:52 COLMAP[chunk_00_mapper_initial] I20260518 22:39:51.511646  2093 incremental_pipeline.cc:524] Registering image #1462 (num_reg_frames=134)
2026-05-18T22:39:52 COLMAP[chunk_00_mapper_initial] I20260518 22:39:51.511694  2093 incremental_pipeline.cc:527] => Image sees 4964 / 6710 points
2026-05-18T22:39:53 COLMAP[chunk_00_mapper_initial] I20260518 22:39:53.106081  2093 incremental_pipeline.cc:524] Registering image #1438 (num_reg_frames=135)
2026-05-18T22:39:53 COLMAP[chunk_00_mapper_initial] I20260518 22:39:53.106132  2093 incremental_pipeline.cc:527] => Image sees 5428 / 10122 points
2026-05-18T22:39:55 COLMAP[chunk_00_mapper_initial] I20260518 22:39:54.814359  2093 incremental_pipeline.cc:78] Retriangulation and Global bundle adjustment
2026-05-18T22:40:33 COLMAP[chunk_00_mapper_initial] I20260518 22:40:32.728533  2093 incremental_pipeline.cc:524] Registering image #1495 (num_reg_frames=136)
2026-05-18T22:40:33 COLMAP[chunk_00_mapper_initial] I20260518 22:40:32.728612  2093 incremental_pipeline.cc:527] => Image sees 5320 / 7520 points
2026-05-18T22:40:35 COLMAP[chunk_00_mapper_initial] I20260518 22:40:34.561691  2093 incremental_pipeline.cc:524] Registering image #1437 (num_reg_frames=137)
2026-05-18T22:40:35 COLMAP[chunk_00_mapper_initial] I20260518 22:40:34.561753  2093 incremental_pipeline.cc:527] => Image sees 6116 / 10327 points
2026-05-18T22:40:37 COLMAP[chunk_00_mapper_initial] I20260518 22:40:36.645025  2093 incremental_pipeline.cc:524] Registering image #1494 (num_reg_frames=138)
2026-05-18T22:40:37 COLMAP[chunk_00_mapper_initial] I20260518 22:40:36.645080  2093 incremental_pipeline.cc:527] => Image sees 6597 / 10660 points
2026-05-18T22:40:39 COLMAP[chunk_00_mapper_initial] I20260518 22:40:38.674955  2093 incremental_pipeline.cc:524] Registering image #1492 (num_reg_frames=139)
2026-05-18T22:40:39 COLMAP[chunk_00_mapper_initial] I20260518 22:40:38.675004  2093 incremental_pipeline.cc:527] => Image sees 6947 / 10565 points
2026-05-18T22:40:41 COLMAP[chunk_00_mapper_initial] I20260518 22:40:40.808921  2093 incremental_pipeline.cc:524] Registering image #1435 (num_reg_frames=140)
2026-05-18T22:40:41 COLMAP[chunk_00_mapper_initial] I20260518 22:40:40.808971  2093 incremental_pipeline.cc:527] => Image sees 5660 / 9993 points
2026-05-18T22:40:43 COLMAP[chunk_00_mapper_initial] I20260518 22:40:42.778890  2093 incremental_pipeline.cc:524] Registering image #1415 (num_reg_frames=141)
2026-05-18T22:40:43 COLMAP[chunk_00_mapper_initial] I20260518 22:40:42.778939  2093 incremental_pipeline.cc:527] => Image sees 4594 / 7032 points
2026-05-18T22:40:44 COLMAP[chunk_00_mapper_initial] I20260518 22:40:44.365269  2093 incremental_pipeline.cc:524] Registering image #1493 (num_reg_frames=142)
2026-05-18T22:40:44 COLMAP[chunk_00_mapper_initial] I20260518 22:40:44.365320  2093 incremental_pipeline.cc:527] => Image sees 6634 / 10094 points
2026-05-18T22:40:47 COLMAP[chunk_00_mapper_initial] I20260518 22:40:46.552878  2093 incremental_pipeline.cc:524] Registering image #367 (num_reg_frames=143)
2026-05-18T22:40:47 COLMAP[chunk_00_mapper_initial] I20260518 22:40:46.552932  2093 incremental_pipeline.cc:527] => Image sees 4755 / 6752 points
2026-05-18T22:40:48 COLMAP[chunk_00_mapper_initial] I20260518 22:40:48.318466  2093 incremental_pipeline.cc:524] Registering image #1463 (num_reg_frames=144)
2026-05-18T22:40:48 COLMAP[chunk_00_mapper_initial] I20260518 22:40:48.318521  2093 incremental_pipeline.cc:527] => Image sees 4802 / 6598 points
2026-05-18T22:40:50 COLMAP[chunk_00_mapper_initial] I20260518 22:40:49.986871  2093 incremental_pipeline.cc:524] Registering image #1434 (num_reg_frames=145)
2026-05-18T22:40:50 COLMAP[chunk_00_mapper_initial] I20260518 22:40:49.986923  2093 incremental_pipeline.cc:527] => Image sees 5251 / 9786 points
2026-05-18T22:40:52 COLMAP[chunk_00_mapper_initial] I20260518 22:40:51.837414  2093 incremental_pipeline.cc:524] Registering image #1464 (num_reg_frames=146)
2026-05-18T22:40:52 COLMAP[chunk_00_mapper_initial] I20260518 22:40:51.837461  2093 incremental_pipeline.cc:527] => Image sees 4670 / 6485 points
2026-05-18T22:40:53 COLMAP[chunk_00_mapper_initial] I20260518 22:40:53.488512  2093 incremental_pipeline.cc:524] Registering image #1465 (num_reg_frames=147)
2026-05-18T22:40:53 COLMAP[chunk_00_mapper_initial] I20260518 22:40:53.488564  2093 incremental_pipeline.cc:527] => Image sees 6217 / 8913 points
2026-05-18T22:40:55 COLMAP[chunk_00_mapper_initial] I20260518 22:40:55.450377  2093 incremental_pipeline.cc:524] Registering image #1466 (num_reg_frames=148)
2026-05-18T22:40:55 COLMAP[chunk_00_mapper_initial] I20260518 22:40:55.450433  2093 incremental_pipeline.cc:527] => Image sees 6247 / 9114 points
2026-05-18T22:40:57 COLMAP[chunk_00_mapper_initial] I20260518 22:40:57.538048  2093 incremental_pipeline.cc:524] Registering image #1467 (num_reg_frames=149)
2026-05-18T22:40:57 COLMAP[chunk_00_mapper_initial] I20260518 22:40:57.538098  2093 incremental_pipeline.cc:527] => Image sees 6273 / 9073 points
2026-05-18T22:40:59 COLMAP[chunk_00_mapper_initial] I20260518 22:40:59.472101  2093 incremental_pipeline.cc:78] Retriangulation and Global bundle adjustment
2026-05-18T22:41:55 COLMAP[chunk_00_mapper_initial] I20260518 22:41:55.385212  2093 incremental_pipeline.cc:524] Registering image #1468 (num_reg_frames=150)
2026-05-18T22:41:55 COLMAP[chunk_00_mapper_initial] I20260518 22:41:55.385296  2093 incremental_pipeline.cc:527] => Image sees 5970 / 9150 points
2026-05-18T22:41:57 COLMAP[chunk_00_mapper_initial] I20260518 22:41:57.346503  2093 incremental_pipeline.cc:524] Registering image #1491 (num_reg_frames=151)
2026-05-18T22:41:57 COLMAP[chunk_00_mapper_initial] I20260518 22:41:57.346553  2093 incremental_pipeline.cc:527] => Image sees 4949 / 7063 points
2026-05-18T22:41:59 COLMAP[chunk_00_mapper_initial] I20260518 22:41:59.220453  2093 incremental_pipeline.cc:524] Registering image #1469 (num_reg_frames=152)
2026-05-18T22:41:59 COLMAP[chunk_00_mapper_initial] I20260518 22:41:59.220510  2093 incremental_pipeline.cc:527] => Image sees 5551 / 9095 points
2026-05-18T22:42:01 COLMAP[chunk_00_mapper_initial] I20260518 22:42:01.114382  2093 incremental_pipeline.cc:524] Registering image #1433 (num_reg_frames=153)
2026-05-18T22:42:01 COLMAP[chunk_00_mapper_initial] I20260518 22:42:01.114428  2093 incremental_pipeline.cc:527] => Image sees 5267 / 9539 points
2026-05-18T22:42:03 COLMAP[chunk_00_mapper_initial] I20260518 22:42:03.027359  2093 incremental_pipeline.cc:524] Registering image #1490 (num_reg_frames=154)
2026-05-18T22:42:03 COLMAP[chunk_00_mapper_initial] I20260518 22:42:03.027426  2093 incremental_pipeline.cc:527] => Image sees 6493 / 9897 points
2026-05-18T22:42:05 COLMAP[chunk_00_mapper_initial] I20260518 22:42:05.060811  2093 incremental_pipeline.cc:524] Registering image #1470 (num_reg_frames=155)
2026-05-18T22:42:05 COLMAP[chunk_00_mapper_initial] I20260518 22:42:05.060863  2093 incremental_pipeline.cc:527] => Image sees 5970 / 9380 points
2026-05-18T22:42:07 COLMAP[chunk_00_mapper_initial] I20260518 22:42:07.026319  2093 incremental_pipeline.cc:524] Registering image #1489 (num_reg_frames=156)
2026-05-18T22:42:07 COLMAP[chunk_00_mapper_initial] I20260518 22:42:07.026371  2093 incremental_pipeline.cc:527] => Image sees 6054 / 9062 points
2026-05-18T22:42:09 COLMAP[chunk_00_mapper_initial] I20260518 22:42:08.983084  2093 incremental_pipeline.cc:524] Registering image #1471 (num_reg_frames=157)
2026-05-18T22:42:09 COLMAP[chunk_00_mapper_initial] I20260518 22:42:08.983146  2093 incremental_pipeline.cc:527] => Image sees 5563 / 7802 points
2026-05-18T22:42:11 COLMAP[chunk_00_mapper_initial] I20260518 22:42:10.971576  2093 incremental_pipeline.cc:524] Registering image #1555 (num_reg_frames=158)
2026-05-18T22:42:11 COLMAP[chunk_00_mapper_initial] I20260518 22:42:10.971633  2093 incremental_pipeline.cc:527] => Image sees 4423 / 7056 points
2026-05-18T22:42:12 COLMAP[chunk_00_mapper_initial] I20260518 22:42:12.679984  2093 incremental_pipeline.cc:524] Registering image #1554 (num_reg_frames=159)
2026-05-18T22:42:12 COLMAP[chunk_00_mapper_initial] I20260518 22:42:12.680032  2093 incremental_pipeline.cc:527] => Image sees 4539 / 6914 points
2026-05-18T22:42:14 COLMAP[chunk_00_mapper_initial] I20260518 22:42:14.324103  2093 incremental_pipeline.cc:524] Registering image #1681 (num_reg_frames=160)
2026-05-18T22:42:14 COLMAP[chunk_00_mapper_initial] I20260518 22:42:14.324155  2093 incremental_pipeline.cc:527] => Image sees 133 / 6366 points
2026-05-18T22:42:15 COLMAP[chunk_00_mapper_initial] I20260518 22:42:15.331828  2093 incremental_pipeline.cc:524] Registering image #1636 (num_reg_frames=161)
2026-05-18T22:42:15 COLMAP[chunk_00_mapper_initial] I20260518 22:42:15.331883  2093 incremental_pipeline.cc:527] => Image sees 109 / 6539 points
2026-05-18T22:42:16 COLMAP[chunk_00_mapper_initial] I20260518 22:42:16.449311  2093 incremental_pipeline.cc:524] Registering image #1637 (num_reg_frames=162)
2026-05-18T22:42:16 COLMAP[chunk_00_mapper_initial] I20260518 22:42:16.449373  2093 incremental_pipeline.cc:527] => Image sees 1693 / 6743 points
2026-05-18T22:42:17 COLMAP[chunk_00_mapper_initial] I20260518 22:42:17.570621  2093 incremental_pipeline.cc:78] Retriangulation and Global bundle adjustment
2026-05-18T22:43:07 COLMAP[chunk_00_mapper_initial] I20260518 22:43:07.800724  2093 incremental_pipeline.cc:524] Registering image #1638 (num_reg_frames=163)
2026-05-18T22:43:07 COLMAP[chunk_00_mapper_initial] I20260518 22:43:07.800808  2093 incremental_pipeline.cc:527] => Image sees 2477 / 6137 points
2026-05-18T22:43:09 COLMAP[chunk_00_mapper_initial] I20260518 22:43:09.133934  2093 incremental_pipeline.cc:524] Registering image #1639 (num_reg_frames=164)
2026-05-18T22:43:09 COLMAP[chunk_00_mapper_initial] I20260518 22:43:09.133985  2093 incremental_pipeline.cc:527] => Image sees 2538 / 5292 points
2026-05-18T22:43:10 COLMAP[chunk_00_mapper_initial] I20260518 22:43:10.505718  2093 incremental_pipeline.cc:524] Registering image #1683 (num_reg_frames=165)
2026-05-18T22:43:10 COLMAP[chunk_00_mapper_initial] I20260518 22:43:10.505770  2093 incremental_pipeline.cc:527] => Image sees 2549 / 5564 points
2026-05-18T22:43:11 COLMAP[chunk_00_mapper_initial] I20260518 22:43:11.878767  2093 incremental_pipeline.cc:524] Registering image #1678 (num_reg_frames=166)
2026-05-18T22:43:11 COLMAP[chunk_00_mapper_initial] I20260518 22:43:11.878829  2093 incremental_pipeline.cc:527] => Image sees 3297 / 6160 points
2026-05-18T22:43:13 COLMAP[chunk_00_mapper_initial] I20260518 22:43:13.229204  2093 incremental_pipeline.cc:524] Registering image #1682 (num_reg_frames=167)
2026-05-18T22:43:13 COLMAP[chunk_00_mapper_initial] I20260518 22:43:13.229265  2093 incremental_pipeline.cc:527] => Image sees 3627 / 6054 points
2026-05-18T22:43:14 COLMAP[chunk_00_mapper_initial] I20260518 22:43:14.615506  2093 incremental_pipeline.cc:524] Registering image #1679 (num_reg_frames=168)
2026-05-18T22:43:14 COLMAP[chunk_00_mapper_initial] I20260518 22:43:14.615562  2093 incremental_pipeline.cc:527] => Image sees 3942 / 6397 points
2026-05-18T22:43:16 COLMAP[chunk_00_mapper_initial] I20260518 22:43:16.117337  2093 incremental_pipeline.cc:524] Registering image #1635 (num_reg_frames=169)
2026-05-18T22:43:16 COLMAP[chunk_00_mapper_initial] I20260518 22:43:16.117405  2093 incremental_pipeline.cc:527] => Image sees 3264 / 5059 points
2026-05-18T22:43:17 COLMAP[chunk_00_mapper_initial] I20260518 22:43:17.505844  2093 incremental_pipeline.cc:524] Registering image #1677 (num_reg_frames=170)
2026-05-18T22:43:17 COLMAP[chunk_00_mapper_initial] I20260518 22:43:17.505909  2093 incremental_pipeline.cc:527] => Image sees 3420 / 4453 points
2026-05-18T22:43:18 COLMAP[chunk_00_mapper_initial] I20260518 22:43:18.868661  2093 incremental_pipeline.cc:524] Registering image #1680 (num_reg_frames=171)
2026-05-18T22:43:18 COLMAP[chunk_00_mapper_initial] I20260518 22:43:18.868722  2093 incremental_pipeline.cc:527] => Image sees 3165 / 4810 points
2026-05-18T22:43:20 COLMAP[chunk_00_mapper_initial] I20260518 22:43:20.302255  2093 incremental_pipeline.cc:78] Retriangulation and Global bundle adjustment
2026-05-18T22:43:51 COLMAP[chunk_00_mapper_initial] I20260518 22:43:51.810375  2093 incremental_pipeline.cc:78] Retriangulation and Global bundle adjustment
2026-05-18T22:44:19 COLMAP[chunk_00_mapper_initial] I20260518 22:44:18.374696  2093 incremental_pipeline.cc:710] Keeping successful reconstruction
2026-05-18T22:44:19 COLMAP[chunk_00_mapper_initial] I20260518 22:44:18.636554  2093 timer.cc:90] Elapsed time: 12.212 [minutes]
2026-05-18T22:44:19 2026-05-18 22:44:18,714 - INFO - [chunk_00_mapper_initial_model_converter_0] colmap model_converter --input_path /tmp/colmap_sfm_gefg0_n4/chunk_00/sparse_initial/0 --output_path /tmp/colmap_sfm_gefg0_n4/text_models/chunk_00_mapper_initial/0 --output_type TXT
2026-05-18T22:44:23 2026-05-18 22:44:22,798 - INFO - chunk_00_mapper_initial model 0 registered 172/172 images and 111407 points
