2026-05-15T21:39:25.194000+00:00 md1shrunk1456-1778880862-3dgs/algo-1-1778880912 ✅ sitecustomize: filtered deprecated CUDA arch flags (TORCH_CUDA_ARCH_LIST=8.0 8.6)
2026-05-15T21:39:25.194000+00:00 md1shrunk1456-1778880862-3dgs/algo-1-1778880912 ✅ sitecustomize: patched nerfstudio PIL conversion
2026-05-15T21:39:25.194000+00:00 md1shrunk1456-1778880862-3dgs/algo-1-1778880912 ✅ PyTorch version doesn't have dynamo module
2026-05-15T21:39:25.194000+00:00 md1shrunk1456-1778880862-3dgs/algo-1-1778880912 ✅ TORCH_COMPILE_DISABLE=1 set
2026-05-15T21:39:25.194000+00:00 md1shrunk1456-1778880862-3dgs/algo-1-1778880912 ✅ TORCH_CUDA_ARCH_LIST=8.0 8.6
2026-05-15T21:39:25.194000+00:00 md1shrunk1456-1778880862-3dgs/algo-1-1778880912 ✅ CUDAARCHS=70;80;86
2026-05-15T21:39:25.194000+00:00 md1shrunk1456-1778880862-3dgs/algo-1-1778880912 ✅ LD_LIBRARY_PATH=/opt/conda/lib/python3.10/site-packages/cv2/../../lib64:/usr/local/cuda/lib64:/usr/local/cuda/lib
2026-05-15T21:39:25.194000+00:00 md1shrunk1456-1778880862-3dgs/algo-1-1778880912 ✅ LIBRARY_PATH=/usr/local/cuda/lib64:/usr/local/cuda/lib
2026-05-15T21:39:25.195000+00:00 md1shrunk1456-1778880862-3dgs/algo-1-1778880912 2026-05-15 21:39:22,558 - INFO - 🚀 NerfStudio Production Training Started
2026-05-15T21:39:25.195000+00:00 md1shrunk1456-1778880862-3dgs/algo-1-1778880912 2026-05-15 21:39:22,558 - INFO - 📦 Framework: NerfStudio with splatfacto-w-light
2026-05-15T21:39:25.195000+00:00 md1shrunk1456-1778880862-3dgs/algo-1-1778880912 2026-05-15 21:39:22,558 - INFO - 🎯 Goal: high-quality 3D splats with full sky background coverage
2026-05-15T21:39:25.195000+00:00 md1shrunk1456-1778880862-3dgs/algo-1-1778880912 2026-05-15 21:39:22,567 - INFO - 📝 Override training.max_iterations = 30000 (from MAX_ITERATIONS)
2026-05-15T21:39:25.195000+00:00 md1shrunk1456-1778880862-3dgs/algo-1-1778880912 2026-05-15 21:39:22,567 - INFO - 📝 Override training.target_psnr = 35.0 (from TARGET_PSNR)
2026-05-15T21:39:25.195000+00:00 md1shrunk1456-1778880862-3dgs/algo-1-1778880912 2026-05-15 21:39:22,568 - INFO - 📝 Override model.sh_degree = 3 (from SH_DEGREE)
2026-05-15T21:39:25.195000+00:00 md1shrunk1456-1778880862-3dgs/algo-1-1778880912 2026-05-15 21:39:22,568 - INFO - 📝 Override model.bilateral_processing = False (from BILATERAL_PROCESSING)
2026-05-15T21:39:25.195000+00:00 md1shrunk1456-1778880862-3dgs/algo-1-1778880912 2026-05-15 21:39:22,568 - INFO - 📝 Override training.log_interval = 100 (from LOG_INTERVAL)
2026-05-15T21:39:25.195000+00:00 md1shrunk1456-1778880862-3dgs/algo-1-1778880912 2026-05-15 21:39:22,568 - INFO - 📝 Override model.variant = splatfacto-w-light (from MODEL_VARIANT)
2026-05-15T21:39:25.195000+00:00 md1shrunk1456-1778880862-3dgs/algo-1-1778880912 2026-05-15 21:39:22,568 - INFO - 📝 Override model.rasterize_mode = classic (from RASTERIZE_MODE)
2026-05-15T21:39:25.195000+00:00 md1shrunk1456-1778880862-3dgs/algo-1-1778880912 2026-05-15 21:39:22,568 - INFO - 📝 Override model.use_scale_regularization = True (from USE_SCALE_REGULARIZATION)
2026-05-15T21:39:25.195000+00:00 md1shrunk1456-1778880862-3dgs/algo-1-1778880912 2026-05-15 21:39:22,568 - INFO - 📝 Override model.cull_alpha_thresh = 0.12 (from CULL_ALPHA_THRESH)
2026-05-15T21:39:25.195000+00:00 md1shrunk1456-1778880862-3dgs/algo-1-1778880912 2026-05-15 21:39:22,568 - INFO - 📝 Override model.cull_scale_thresh = 0.35 (from CULL_SCALE_THRESH)
2026-05-15T21:39:25.196000+00:00 md1shrunk1456-1778880862-3dgs/algo-1-1778880912 2026-05-15 21:39:22,568 - INFO - 📝 Override model.enable_bg_model = True (from ENABLE_BG_MODEL)
2026-05-15T21:39:25.196000+00:00 md1shrunk1456-1778880862-3dgs/algo-1-1778880912 2026-05-15 21:39:22,568 - INFO - 📝 Override model.enable_alpha_loss = True (from ENABLE_ALPHA_LOSS)
2026-05-15T21:39:25.196000+00:00 md1shrunk1456-1778880862-3dgs/algo-1-1778880912 2026-05-15 21:39:22,568 - INFO - 📝 Override model.enable_robust_mask = True (from ENABLE_ROBUST_MASK)
2026-05-15T21:39:25.196000+00:00 md1shrunk1456-1778880862-3dgs/algo-1-1778880912 2026-05-15 21:39:22,568 - INFO - 📝 Override model.bg_sh_degree = 8 (from BG_SH_DEGREE)
2026-05-15T21:39:25.196000+00:00 md1shrunk1456-1778880862-3dgs/algo-1-1778880912 2026-05-15 21:39:22,568 - INFO - 📝 Override model.appearance_embed_dim = 64 (from APPEARANCE_EMBED_DIM)
2026-05-15T21:39:25.196000+00:00 md1shrunk1456-1778880862-3dgs/algo-1-1778880912 2026-05-15 21:39:22,568 - INFO - 📝 Override model.never_mask_upper = 0.4 (from NEVER_MASK_UPPER)
2026-05-15T21:39:25.196000+00:00 md1shrunk1456-1778880862-3dgs/algo-1-1778880912 2026-05-15 21:39:22,568 - INFO - 📝 Override output.background_skybox.appearance_mode = auto_camera (from BACKGROUND_APPEARANCE_MODE)
2026-05-15T21:39:25.196000+00:00 md1shrunk1456-1778880862-3dgs/algo-1-1778880912 2026-05-15 21:39:22,568 - INFO - 📝 Override output.background_skybox.width = 2048 (from BACKGROUND_SKYBOX_WIDTH)
2026-05-15T21:39:25.196000+00:00 md1shrunk1456-1778880862-3dgs/algo-1-1778880912 2026-05-15 21:39:22,568 - INFO - 📝 Override output.background_skybox.height = 1024 (from BACKGROUND_SKYBOX_HEIGHT)
2026-05-15T21:39:25.196000+00:00 md1shrunk1456-1778880862-3dgs/algo-1-1778880912 2026-05-15 21:39:22,568 - INFO - 📝 Override output.background_skybox.quality = 95 (from BACKGROUND_SKYBOX_QUALITY)
2026-05-15T21:39:25.196000+00:00 md1shrunk1456-1778880862-3dgs/algo-1-1778880912 2026-05-15 21:39:22,568 - INFO - 📝 Override output.background_skybox.selection_stride = 5 (from BACKGROUND_SELECTION_STRIDE)
2026-05-15T21:39:25.196000+00:00 md1shrunk1456-1778880862-3dgs/algo-1-1778880912 2026-05-15 21:39:22,568 - INFO - 📝 Override output.background_skybox.selection_max_frames = 32 (from BACKGROUND_SELECTION_MAX_FRAMES)
2026-05-15T21:39:25.196000+00:00 md1shrunk1456-1778880862-3dgs/algo-1-1778880912 2026-05-15 21:39:22,568 - INFO - 📝 Override output.floater_pruning.enabled = True (from FLOATER_PRUNING_ENABLED)
2026-05-15T21:39:25.196000+00:00 md1shrunk1456-1778880862-3dgs/algo-1-1778880912 2026-05-15 21:39:22,568 - INFO - 📝 Override output.floater_pruning.min_views = 6 (from FLOATER_PRUNING_MIN_VIEWS)
2026-05-15T21:39:25.196000+00:00 md1shrunk1456-1778880862-3dgs/algo-1-1778880912 2026-05-15 21:39:22,568 - INFO - 📝 Override output.floater_pruning.top_region_ratio = 0.35 (from FLOATER_PRUNING_TOP_REGION_RATIO)
2026-05-15T21:39:25.196000+00:00 md1shrunk1456-1778880862-3dgs/algo-1-1778880912 2026-05-15 21:39:22,568 - INFO - 📝 Override output.floater_pruning.top_view_fraction = 0.9 (from FLOATER_PRUNING_TOP_VIEW_FRACTION)
2026-05-15T21:39:25.196000+00:00 md1shrunk1456-1778880862-3dgs/algo-1-1778880912 2026-05-15 21:39:22,568 - INFO - 📝 Override output.floater_pruning.min_sky_views = 2 (from FLOATER_PRUNING_MIN_SKY_VIEWS)
2026-05-15T21:39:25.196000+00:00 md1shrunk1456-1778880862-3dgs/algo-1-1778880912 2026-05-15 21:39:22,568 - INFO - 📝 Override output.floater_pruning.sky_min_luminance = 0.3 (from FLOATER_PRUNING_SKY_MIN_LUMINANCE)
2026-05-15T21:39:25.196000+00:00 md1shrunk1456-1778880862-3dgs/algo-1-1778880912 2026-05-15 21:39:22,568 - INFO - 📝 Override output.floater_pruning.sky_min_saturation = 0.08 (from FLOATER_PRUNING_SKY_MIN_SATURATION)
2026-05-15T21:39:25.196000+00:00 md1shrunk1456-1778880862-3dgs/algo-1-1778880912 2026-05-15 21:39:22,568 - INFO - 📝 Override output.floater_pruning.sky_blue_dominance_margin = 0.02 (from FLOATER_PRUNING_SKY_BLUE_DOMINANCE_MARGIN)
2026-05-15T21:39:25.196000+00:00 md1shrunk1456-1778880862-3dgs/algo-1-1778880912 2026-05-15 21:39:22,569 - INFO - 📝 Override output.floater_pruning.max_opacity = 0.75 (from FLOATER_PRUNING_MAX_OPACITY)
2026-05-15T21:39:25.196000+00:00 md1shrunk1456-1778880862-3dgs/algo-1-1778880912 2026-05-15 21:39:22,569 - INFO - 📝 Override output.floater_pruning.max_color_distance = 0.18 (from FLOATER_PRUNING_MAX_COLOR_DISTANCE)
2026-05-15T21:39:25.196000+00:00 md1shrunk1456-1778880862-3dgs/algo-1-1778880912 2026-05-15 21:39:22,569 - INFO - 📝 Override output.floater_pruning.min_edge_support = 1 (from FLOATER_PRUNING_MIN_EDGE_SUPPORT)
2026-05-15T21:39:25.196000+00:00 md1shrunk1456-1778880862-3dgs/algo-1-1778880912 2026-05-15 21:39:22,569 - INFO - 🚀 NerfStudio Trainer initialized (Spaceport splatfacto-w-light)
2026-05-15T21:39:25.196000+00:00 md1shrunk1456-1778880862-3dgs/algo-1-1778880912 2026-05-15 21:39:22,569 - INFO - 📁 Input directory: /opt/ml/input/data/training
2026-05-15T21:39:25.196000+00:00 md1shrunk1456-1778880862-3dgs/algo-1-1778880912 2026-05-15 21:39:22,569 - INFO - 📁 Output directory: /opt/ml/model
2026-05-15T21:39:25.196000+00:00 md1shrunk1456-1778880862-3dgs/algo-1-1778880912 2026-05-15 21:39:22,569 - INFO - 📁 Temp directory: /tmp/nerfstudio_training
2026-05-15T21:39:25.196000+00:00 md1shrunk1456-1778880862-3dgs/algo-1-1778880912 2026-05-15 21:39:22,569 - INFO - 🚀 Starting complete NerfStudio training pipeline
2026-05-15T21:39:25.196000+00:00 md1shrunk1456-1778880862-3dgs/algo-1-1778880912 2026-05-15 21:39:22,569 - INFO - 📅 Timestamp: 2026-05-15 21:39:22
2026-05-15T21:39:25.196000+00:00 md1shrunk1456-1778880862-3dgs/algo-1-1778880912 2026-05-15 21:39:22,569 - INFO - ================================================================================
2026-05-15T21:39:25.196000+00:00 md1shrunk1456-1778880862-3dgs/algo-1-1778880912 2026-05-15 21:39:22,569 - INFO - 🔍 Validating COLMAP data format for NerfStudio...
2026-05-15T21:39:25.196000+00:00 md1shrunk1456-1778880862-3dgs/algo-1-1778880912 2026-05-15 21:39:23,403 - INFO - 📊 COLMAP Data Validation:
2026-05-15T21:39:25.196000+00:00 md1shrunk1456-1778880862-3dgs/algo-1-1778880912 2026-05-15 21:39:23,403 - INFO -    Cameras: 1
2026-05-15T21:39:25.196000+00:00 md1shrunk1456-1778880862-3dgs/algo-1-1778880912 2026-05-15 21:39:23,403 - INFO -    Images registered: 1456
2026-05-15T21:39:25.196000+00:00 md1shrunk1456-1778880862-3dgs/algo-1-1778880912 2026-05-15 21:39:23,403 - INFO -    Image files: 1456
2026-05-15T21:39:25.196000+00:00 md1shrunk1456-1778880862-3dgs/algo-1-1778880912 2026-05-15 21:39:23,403 - INFO -    3D points: 1020913
2026-05-15T21:39:25.197000+00:00 md1shrunk1456-1778880862-3dgs/algo-1-1778880912 2026-05-15 21:39:23,403 - INFO - 📊 DETAILED COLMAP ANALYSIS:
2026-05-15T21:39:25.197000+00:00 md1shrunk1456-1778880862-3dgs/algo-1-1778880912 2026-05-15 21:39:23,403 - INFO -    Sample image files (first 5):
2026-05-15T21:39:25.197000+00:00 md1shrunk1456-1778880862-3dgs/algo-1-1778880912 2026-05-15 21:39:23,403 - INFO -       1. DJI_0507.JPG
2026-05-15T21:39:25.197000+00:00 md1shrunk1456-1778880862-3dgs/algo-1-1778880912 2026-05-15 21:39:23,403 - INFO -       2. DJI_0339.JPG
2026-05-15T21:39:25.197000+00:00 md1shrunk1456-1778880862-3dgs/algo-1-1778880912 2026-05-15 21:39:23,403 - INFO -       3. DJI_02655.JPG
2026-05-15T21:39:25.197000+00:00 md1shrunk1456-1778880862-3dgs/algo-1-1778880912 2026-05-15 21:39:23,403 - INFO -       4. DJI_0956.JPG
2026-05-15T21:39:25.197000+00:00 md1shrunk1456-1778880862-3dgs/algo-1-1778880912 2026-05-15 21:39:23,403 - INFO -       5. DJI_01012.JPG
2026-05-15T21:39:25.197000+00:00 md1shrunk1456-1778880862-3dgs/algo-1-1778880912 2026-05-15 21:39:23,403 - INFO -    Camera parameters (first camera):
2026-05-15T21:39:25.197000+00:00 md1shrunk1456-1778880862-3dgs/algo-1-1778880912 2026-05-15 21:39:23,403 - INFO -       1 SIMPLE_RADIAL 4000 2250 3031.5864084787368 2000 1125 0.00074832474123282618
2026-05-15T21:39:25.197000+00:00 md1shrunk1456-1778880862-3dgs/algo-1-1778880912 2026-05-15 21:39:23,979 - INFO -    Sample image registration (first image):
2026-05-15T21:39:25.197000+00:00 md1shrunk1456-1778880862-3dgs/algo-1-1778880912 2026-05-15 21:39:23,979 - INFO -       1 0.54551771288888418 -0.096025824814273963 -0.76140956673814753 -0.33681588082043568 2.5963207351949347 -0.17450101820179389 0.088330426687385874 1 DJI_01000.JPG
2026-05-15T21:39:25.197000+00:00 md1shrunk1456-1778880862-3dgs/algo-1-1778880912 2026-05-15 21:39:23,979 - INFO -       2011.0853271484375 55.149284362792969 -1 119.68613433837891 110.21706390380859 -1 119.68613433837891 110.21706390380859 -1 513.26239013671875 113.6536865234375 -1 513.26239013671875 113.6536865234375 -1 390.8565673828125 122.13569641113281 -1 455.08087158203125 122.42059326171875 -1 511.8486328125 123.47728729248047 -1 2795.3154296875 123.67672729492188 -1 158.52972412109375 124.83826446533203 -1 264.3270263671875 125.7193603515625 -1 264.3270263671875 125.7193603515625 -1 539.35345458984375 126.87001037597656 -1 1258.4337158203125 128.37068176269531 -1 599.53118896484375 130.38394165039062 -1 1225.161865234375 131.72966003417969 -1 971.3643798828125 134.15875244140625 -1 1015.3661499023438 135.94277954101562 -1 2176.73193359375 135.67115783691406 -1 745.25726318359375 138.06425476074219 -1 382.11947631835938 139.29905700683594 -1 382.11947631835938 139.29905700683594 -1 1105.7401123046875 139.66427612304688 -1 1105.7401123046875 139.66427612304688 -1 236.66810607910156 140.15245056152344 -1 738.157958984375 140.64242553710938 -1 464.026123046875 142.88290405273438 -1 905.7568359375 142.63568115234375 -1 1526.4970703125 142.87051391601562 -1 726.43316650390625 144.247802734375 -1 1476.9483642578125 144.01217651367188 -1 2142.411865234375 144.01156616210938 -1 323.65643310546875 145.78504943847656 -1 323.65643310546875 145.78504943847656 -1 800.18212890625 148.04360961914062 -1 800.18212890625 148.04360961914062 -1 1485.2039794921875 146.77926635742188 -1 1485.2039794921875 146.77926635742188 -1 357.83755493164062 146.883056640625 -1 991.8927001953125 147.82614135742188 -1 110.77240753173828 149.67756652832031 -1 895.1463623046875 151.58566284179688 -1 895.1463623046875 151.58566284179688 -1 150.91551208496094 151.88551330566406 -1 695.1619873046875 152.22721862792969 -1 1108.697998046875 152.53143310546875 -1 1287.7098388671875 153.013671875 -1 1465.389892578125 152.77207946777344 -1 1465.389892578125 152.77207946777344 -1 307.73739624023438 154.15815734863281 -1 974.18450927734375 154.40969848632812 -1 974.18450927734375 154.40969848632812 -1 1095.7010498046875 156.4854736328125 -1 1095.7010498046875 156.4854736328125 -1 23.177406311035156 158.03633117675781 -1 212.78775024414062 158.45841979980469 -1 799.19525146484375 157.79891967773438 -1 1271.83447265625 158.31544494628906 -1 2099.662353515625 158.54730224609375 -1 284.7147216796875 159.73951721191406 -1 2037.8642578125 159.29022216796875 -1 2600.04248046875 159.635498046875 -1 2620.25146484375 162.49693298339844 -1 2620.25146484375 162.49693298339844 -1 975.82708740234375 164.13653564453125 -1 533.8026123046875 166.01036071777344 -1 533.8026123046875 166.01036071777344 -1 2582.812744140625 165.67793273925781 -1 336.8680419921875 166.89315795898438 -1 377.27780151367188 166.55342102050781 -1 2202.683837890625 166.61032104492188 -1 2202.683837890625 166.61032104492188 -1 901.3363037109375 168.26118469238281 -1 208.63731384277344 170.27250671386719 -1 923.3499755859375 170.47421264648438 -1 1754.643310546875 170.51376342773438 -1 2072.36474609375 170.55906677246094 -1 236.73342895507812 171.78056335449219 -1 818.975341796875 172.03085327148438 -1 818.975341796875 172.03085327148438 -1 1269.7862548828125 171.51985168457031 -1 1070.6182861328125 173.38595581054688 -1 1070.6182861328125 173.38595581054688 -1 7.4090232849121094 175.45646667480469 -1 1695.8818359375 177.99461364746094 -1 860.2025146484375 179.86680603027344 -1 2610.779052734375 179.44496154785156 -1 822.17333984375 180.63858032226562 -1 779.47900390625 181.87033081054688 -1 2236.866455078125 181.90766906738281 -1 2059.446044921875 183.34616088867188 -1 2020.903076171875 184.17192077636719 -1 2020.903076171875 184.17192077636719 -1 904.5269775390625 185.74653625488281 -1 904.5269775390625 185.74653625488281 -1 2522.00390625 185.72724914550781 -1 463.34051513671875 186.17913818359375 -1 1886.6094970703125 187.76518249511719 -1 2212.1318359375 187.80044555664062 -1 2212.1318359375 187.80044555664062 -1 1160.1917724609375 188.81254577636719 -1 1849.1248779296875 189.60403442382812 -1 1849.1248779296875 189.60403442382812 -1 1288.3193359375 189.95176696777344 -1 1808.4278564453125 192.33001708984375 -1 1052.91650390625 192.73979187011719 -1 1076.1207275390625 193.56298828125 -1 1398.45166015625 193.92912292480469 -1 694.51318359375 196.07804870605469 -1 705.29608154296875 196.90786743164062 -1 2575.028076171875 196.67723083496094 -1 1122.635009765625 197.69728088378906 -1 268.14663696289062 199.5966796875 -1 289.20281982421875 199.71871948242188 -1 606.5609130859375 199.52981567382812 -1 1369.4326171875 199.32203674316406 -1 2364.474365234375 198.87490844726562 -1 301.58309936523438 200.28887939453125 -1 314.11984252929688 200.42417907714844 -1 682.74609375 201.02584838867188 -1 727.8731689453125 201.80661010742188 -1 1230.8143310546875 201.21572875976562 -1 927.159912109375 202.73123168945312 -1 1515.5634765625 203.29466247558594 -1 1804.292236328125 203.5457763671875 -1 2030.2930908203125 203.12442016601562 -1 1790.3095703125 205.63491821289062 -1 2020.848388671875 206.17788696289062 -1 825.1483154296875 208.00758361816406 -1 1730.82763671875 208.2757568359375 -1 251.06382751464844 209.53387451171875 -1 1247.467529296875 208.91546630859375 -1 1527.46484375 210.26043701171875 1168865 1798.8388671875 210.28411865234375 -1 1798.8388671875 210.28411865234375 -1 1598.2188720703125 213.64698791503906 -1 2460.390380859375 213.11357116699219 -1 2606.585693359375 213.15643310546875 -1 776.0931396484375 214.58340454101562 -1 2056.076416015625 215.90789794921875 -1 919.374267578125 216.52879333496094 -1 147.02931213378906 218.18017578125 -1 1203.5347900390625 218.47006225585938 -1 2122.751708984375 218.59451293945312 -1 1120.1697998046875 218.77603149414062 -1 1766.02978515625 219.98553466796875 -1 2328.887451171875 220.47914123535156 -1 2676.89208984375 220.989990234375 -1 714.25286865234375 223.34912109375 -1 714.25286865234375 223.34912109375 -1 1799.859619140625 222.62983703613281 -1 1799.859619140625 222.62983703613281 -1 2006.23486328125 223.6300048828125 -1 456.61312866210938 224.49858093261719 -1 961.6270751953125 223.85649108886719 477481 1414.859375 224.36422729492188 -1 2288.223388671875 224.53573608398438 -1 1107.421142578125 225.62860107421875 -1 2385.35205078125 226.48750305175781 -1 9.188145637512207 228.26246643066406 -1 375.843994140625 229.07899475097656 -1 767.18328857421875 229.400634765625 -1 1337.6988525390625 229.25743103027344 -1 1425.7496337890625 229.17601013183594 -1 1458.3812255859375 228.71060180664062 -1 161.64443969726562 231.22560119628906 -1 171.96226501464844 230.91758728027344 -1 2456.84130859375 230.8331298828125 -1 2456.84130859375 230.8331298828125 -1 717.7177734375 231.39924621582031 -1 781.65008544921875 231.71102905273438 -1 781.65008544921875 231.71102905273438 -1 1235.6937255859375 233.18374633789062 -1 2280.97216796875 232.74919128417969 -1 2366.5068359375 234.25401306152344 -1 290.40545654296875 236.18380737304688 -1 1494.3297119140625 235.69242858886719 -1 1555.5303955078125 237.31080627441406 -1 1688.7359619140625 237.57249450683594 -1 661.5396728515625 238.17849731445312 -1 1204.6099853515625 238.62322998046875 -1 2468.198486328125 238.95086669921875 -1 7.6505222320556641 241.06330871582031 -1 7.6505222320556641 241.06330871582031 -1 102.69137573242188 241.26817321777344 -1 837.54736328125 242.17439270019531 -1 678.8038330078125 243.703369140625 -1 165.161376953125 244.71829223632812 -1 165.161376953125 244.71829223632812 -1 595.45965576171875 244.86549377441406 -1 595.45965576171875 244.86549377441406 -1 2784.34521484375 244.60452270507812 -1 1820.5823974609375 245.51298522949219 -1 2343.705810546875 245.22006225585938 -1 464.1429443359375 246.77761840820312 -1 1087.279541015625 246.38291931152344 477379 1087.279541015625 246.38291931152344 -1 1141.365478515625 246.58151245117188 477380 1141.365478515625 246.58151245117188 477381 2380.773193359375 246.72798156738281 -1 2476.49072265625 247.40570068359375 -1 184.443115234375 248.26631164550781 -1 855.7244873046875 248.75628662109375 -1 921.29833984375 249.16754150390625 -1 1210.16064453125 249.16458129882812 -1 1625.389892578125 250.95872497558594 -1 1999.702880859375 249.88082885742188 -1 1516.86279296875 251.93794250488281 -1 1753.69921875 251.43431091308594 -1 634.5223388671875 253.35960388183594 -1 2461.0576171875 252.7911376953125 -1 2712.637939453125 254.19732666015625 -1 98.792655944824219 255.16374206542969 -1 497.74456787109375 255.30915832519531 -1 645.25946044921875 255.73065185546875 -1 2097.87890625 255.33700561523438 -1 2144.9482421875 255.19775390625 -1 2425.4921875 255.23696899414062 -1 66.917633056640625 257.252685546875 -1 2774.62109375 258.01220703125 -1 2774.62109375 258.01220703125 -1 2814.81494140625 258.53195190429688 -1 2814.81494140625 258.53195190429688 -1 249.94734191894531 260.11419677734375 -1 407.51541137695312 259.930908203125 -1 1686.102783203125 261.14785766601562 -1 1894.54296875 260.75228881835938 -1 2463.9267578125 260.56118774414062 -1 663.22686767578125 262.0399169921875 -1 1116.888671875 261.24996948242188 -1 1625.3603515625 263.24713134765625 -1 1815.479736328125 262.99679565429688 -1 1815.479736328125 262.99679565429688 -1 2807.181640625 263.3719482421875 -1 392.87686157226562 264.88946533203125 -1 2098.79638671875 264.27389526367188 -1 2749.929443359375 264.4188232421875 -1 1398.2432861328125 266.1612548828125 -1 1790.8214111328125 265.19601440429688 -1 2725.0009765625 266.66146850585938 -1 2882.970703125 267.35494995117188 -1 209.786376953125 269.95266723632812 -1 847.954833984375 270.83175659179688 -1 2465.933349609375 271.04864501953125 -1 1733.51611328125 271.5301513671875 -1 2109.546875 271.52157592773438 -1 747.0848388671875 274.05694580078125 -1 1995.3740234375 273.92681884765625 -1 2010.093994140625 274.45440673828125 -1 2733.098388671875 274.84042358398438 -1 1404.7618408203125 275.30181884765625 -1 758.275634765625 278.31283569335938 -1 1754.496826171875 278.20346069335938 -1 1831.891357421875 277.60650634765625 -1 3059.76025390625 278.00311279296875 -1 1495.7073974609375 279.302001953125 -1 231.48558044433594 280.44171142578125 -1 231.48558044433594 280.44171142578125 -1 1095.1116943359375 280.78549194335938 -1 2790.01611328125 281.2510986328125 -1 2833.82861328125 281.73651123046875 -1 2833.82861328125 281.73651123046875 -1 2068.848388671875 283.74658203125 -1 2068.848388671875 283.74658203125 -1 1461.204833984375 285.888427734375 -1 1461.204833984375 285.888427734375 -1 3148.705078125 286.7884521484375 -1 112.32323455810547 288.0087890625 -1 763.191162109375 288.64700317382812 -1 1092.6768798828125 289.24920654296875 -1 2020.084228515625 288.97152709960938 -1 473.521484375 290.68072509765625 -1 794.8734130859375 292.32644653320312 -1 1479.794677734375 292.43310546875 -1 1567.43310546875 292.36114501953125 -1 1692.0458984375 292.87969970703125 -1 1788.43115234375 292.62435913085938 -1 1534.0233154296875 298.02435302734375 1168874 1831.6077880859375 297.832763671875 1168348 2712.396240234375 298.4755859375 -1 39.516120910644531 299.92803955078125 -1 39.516120910644531 299.92803955078125 -1 459.9261474609375 298.79339599609375 -1 2546.960205078125 300.71609497070312 -1 2490.745361328125 306.56689453125 -1 1594.7210693359375 307.61676025390625 -1 1666.5032958984375 307.950927734375 -1 2968.63134765625 308.687255859375 -1 1153.619140625 309.97113037109375 -1 1809.3458251953125 309.01885986328125 -1 3231.829833984375 311.63754272460938 -1 1386.9102783203125 313.51113891601562 -1 1673.2490234375 313.300048828125 -1 1097.6905517578125 313.8074951171875 -1 1414.670166015625 314.946533203125 -1 1414.670166015625 314.946533203125 -1 18.139907836914062 316.07794189453125 -1 1162.6495361328125 315.31314086914062 -1 236.96241760253906 317.0677490234375 -1 597.2083740234375 317.56570434570312 -1 2507.33544921875 316.68698120117188 -1 2671.661376953125 315.962646484375 -1 1147.91552734375 318.2060546875 -1 1532.123291015625 318.61203002929688 1361819 1532.123291015625 318.61203002929688 -1 724.91888427734375 318.83340454101562 -1 1084.0052490234375 319.60284423828125 -1 2736.58740234375 320.069091796875 -1 306.34844970703125 322.11688232421875 -1 1124.1343994140625 321.73873901367188 -1 1757.3504638671875 322.56790161132812 -1 2321.18994140625 321.43096923828125 -1 2321.18994140625 321.43096923828125 -1 1728.982421875 323.42343139648438 -1 1728.982421875 323.42343139648438 -1 1829.12841796875 322.52886962890625 1168879 393.5001220703125 324.71298217773438 -1 2991.743408203125 323.86676025390625 -1 2137.119384765625 327.247314453125 -1 3068.952880859375 326.39501953125 -1 1179.6385498046875 327.50762939453125 -1 1467.0880126953125 329.11004638671875 -1 1579.878173828125 329.77841186523438 -1 2563.865966796875 329.7445068359375 -1 17.687532424926758 330.8106689453125 -1 2340.75390625 330.13739013671875 -1 2340.75390625 330.13739013671875 -1 2818.810546875 330.47848510742188 -1 1887.5224609375 332.5626220703125 -1 1887.5224609375 332.5626220703125 -1 1964.908935546875 333.60455322265625 -1 2525.07080078125 334.53839111328125 -1 2332.3798828125 336.00775146484375 -1 2134.53564453125 336.715087890625 -1 2134.53564453125 336.715087890625 -1 464.47174072265625 338.22796630859375 -1 1693.264892578125 337.52374267578125 -1 1711.6923828125 338.626708984375 -1 3286.1025390625 337.6895751953125 -1 2619.33837890625 339.313720703125 -1 2619.33837890625 339.313720703125 -1 3311.01123046875 339.27810668945312 -1 2866.497802734375 341.12765502929688 -1 2866.497802734375 341.12765502929688 -1 612.71673583984375 342.5023193359375 -1 1264.0018310546875 342.60614013671875 1175460 1264.0018310546875 342.60614013671875 -1 1435.9949951171875 342.3924560546875 -1 2433.899658203125 344.15802001953125 -1 3184.54931640625 345.09466552734375 -1 3184.54931640625 345.09466552734375 -1 1532.963623046875 346.29022216796875 -1 172.6993408203125 348.38897705078125 -1 172.6993408203125 348.38897705078125 -1 296.99322509765625 348.80450439453125 -1 589.88934326171875 349.13150024414062 -1 1633.44775390625 349.05059814453125 -1 1757.0447998046875 349.16265869140625 -1 3272.61962890625 348.98715209960938 -1 3390.76220703125 350.24432373046875 -1 506.965576171875 351.50271606445312 -1 1594.63916015625 351.62725830078125 -1 2026.08349609375 351.56610107421875 -1 37.627559661865234 352.72067260742188 -1 1276.53125 353.60888671875 -1 2301.6611328125 352.88787841796875 -1 2990.60107421875 353.62429809570312 -1 689.4273681640625 353.843994140625 -1 1739.4146728515625 354.7862548828125 -1 2697.609375 354.50360107421875 -1 3301.84033203125 354.0802001953125 -1 581.554931640625 355.67303466796875 -1 3422.099853515625 356.28811645507812 -1 2166.953125 357.0216064453125 -1 2166.953125 357.0216064453125 -1 3046.398681640625 356.41751098632812 -1 3278.072509765625 356.6513671875 -1 50.949165344238281 358.87008666992188 -1 50.949165344238281 358.87008666992188 -1 3452.1181640625 359.118896484375 -1 543.531494140625 360.60784912109375 -1 1863.169189453125 360.20880126953125 -1 2066.80029296875 360.3631591796875 -1 2102.193115234375 360.21575927734375 -1 2729.0439453125 361.04617309570312 -1 2729.0439453125 361.04617309570312 -1 2765.940185546875 360.49005126953125 -1 2765.940185546875 360.49005126953125 -1 2966.712646484375 360.71978759765625 -1 1231.87939453125 361.93301391601562 -1 2704.217529296875 361.69033813476562 -1 2704.217529296875 361.69033813476562 -1 2437.970458984375 362.44674682617188 -1 2796.001953125 363.13092041015625 -1 2796.001953125 363.13092041015625 -1 2854.36279296875 362.77645874023438 -1 2854.36279296875 362.77645874023438 -1 288.13128662109375 364.71279907226562 -1 3163.958740234375 366.66290283203125 -1 3163.958740234375 366.66290283203125 -1 1790.736572265625 367.72576904296875 -1 2971.850830078125 368.43246459960938 -1 2666.187744140625 369.4034423828125 -1 2708.64892578125 369.14700317382812 -1 3006.899658203125 369.2686767578125 -1 3103.428955078125 368.63357543945312 -1 1497.9200439453125 369.79803466796875 -1 1304.59912109375 371.89193725585938 -1 2532.095703125 371.8306884765625 -1 3780.74169921875 371.7100830078125 -1 1397.89013671875 372.83541870117188 -1 1397.89013671875 372.83541870117188 -1 486.99365234375 374.02468872070312 -1 3163.210205078125 374.562744140625 -1 3291.72607421875 374.38565063476562 -1 453.
2026-05-15T21:39:25.197000+00:00 md1shrunk1456-1778880862-3dgs/algo-1-1778880912 2047119140625 375.78131103515625 -1 1510.7490234375 374.6201171875 1354683 1095.1851806640625 376.9644775390625 -1 1789.934814453125 376.91958618164062 1166293 1972.138671875 376.95724487304688 1168888 2882.984375 376.38339233398438 -1 2933.10498046875 376.96649169921875 -1 1710.476806640625 377.975341796875 -1 2492.59423828125 377.5833740234375 -1 2492.59423828125 377.5833740234375 -1 3530.48828125 377.31625366210938 -1 601.59906005859375 379.84890747070312 -1 2172.552734375 378.97518920898438 -1 3304.130615234375 379.32339477539062 -1 1503.751220703125 380.98822021484375 477116 3791.1025390625 380.80722045898438 -1 2233.1923828125 381.855712890625 1511013 105.30936431884766 383.06195068359375 -1 296.0478515625 382.7791748046875 -1 649.89569091796875 383.69134521484375 -1 2108.30908203125 382.93695068359375 -1 2108.30908203125 382.93695068359375 -1 2780.953369140625 382.5570068359375 -1 3629.078369140625 383.65667724609375 -1 221.55825805664062 384.72210693359375 -1 1452.4573974609375 384.06283569335938 -1 2260.9072265625 384.322998046875 -1 2423.22705078125 384.0633544921875 -1 2539.56005859375 385.0203857421875 -1 3117.2822265625 384.58438110351562 -1 3613.0234375 384.81622314453125 -1 1275.308349609375 385.11416625976562 -1 1275.308349609375 385.11416625976562 -1 1433.055419921875 385.51275634765625 -1 3264.044921875 385.62872314453125 -1 1658.3245849609375 387.531494140625 -1 640.0889892578125 390.63998413085938 -1 1284.7076416015625 390.27996826171875 -1 1284.7076416015625 390.27996826171875 -1 388.96649169921875 391.402587890625 -1 1267.4962158203125 391.48406982421875 -1 3727.78369140625 392.061767578125 -1 241.711669921875 393.51589965820312 -1 135.97982788085938 393.89218139648438 -1 1468.205078125 394.60842895507812 -1 1611.625 394.72265625 -1 2535.406494140625 393.8126220703125 -1 1260.680419921875 397.14105224609375 -1 2009.4267578125 396.4962158203125 1166294 2571.982666015625 396.04385375976562 -1 49.036483764648438 397.65640258789062 -1 49.036483764648438 397.65640258789062 -1 2421.640869140625 397.76461791992188 -1 270.85491943359375 399.40579223632812 -1 1957.28515625 399.47177124023438 -1 3489.004150390625 399.790771484375 -1 35.465633392333984 401.18450927734375 -1 2116.196533203125 400.426513671875 1175626 3398.063720703125 401.04071044921875 -1 3557.73779296875 400.6185302734375 -1 656.05767822265625 402.1856689453125 -1 128.459228515625 403.52371215820312 -1 3751.014404296875 404.95285034179688 -1 66.159393310546875 405.82949829101562 -1 234.64617919921875 405.55255126953125 -1 263.5177001953125 406.558349609375 -1 263.5177001953125 406.558349609375 -1 385.75494384765625 406.70001220703125 -1 1282.287109375 406.15850830078125 -1 118.8243408203125 408.18487548828125 -1 1389.9266357421875 407.9232177734375 -1 3944.44775390625 407.628662109375 -1 1305.9404296875 409.40109252929688 -1 2956.5771484375 409.47930908203125 -1 3855.537109375 410.42919921875 -1 131.74871826171875 411.79501342773438 -1 703.93402099609375 411.64520263671875 -1 1474.4619140625 411.53228759765625 -1 2924.1923828125 411.48248291015625 -1 3368.74755859375 411.9954833984375 -1 3416.77294921875 414.05810546875 -1 3946.286376953125 415.24041748046875 -1 2498.6787109375 416.68795776367188 -1 3004.488525390625 416.22052001953125 -1 3920.073486328125 416.46377563476562 -1 3097.046142578125 417.52230834960938 -1 1404.8267822265625 418.92010498046875 -1 224.35859680175781 420.7215576171875 -1 224.35859680175781 420.7215576171875 -1 1952.34765625 422.89581298828125 -1 1968.094482421875 422.94976806640625 -1 2342.029296875 423.80307006835938 -1 3092.24658203125 424.76080322265625 -1 3235.5009765625 425.2745361328125 -1 3944.75341796875 424.436767578125 -1 2370.06396484375 425.13259887695312 -1 2370.06396484375 425.13259887695312 -1 3069.658203125 426.15277099609375 -1 3069.658203125 426.15277099609375 -1 2571.531005859375 427.61029052734375 -1 2304.7490234375 428.04049682617188 -1 2887.993408203125 428.43157958984375 -1 1810.2830810546875 430.59890747070312 -1 2403.91748046875 431.8349609375 1169441 3241.79833984375 432.12725830078125 -1 3488.88525390625 431.771484375 -1 3915.899658203125 432.32904052734375 -1 3972.833251953125 432.67706298828125 -1 228.50881958007812 433.59097290039062 -1 2837.951416015625 433.53204345703125 -1 443.3968505859375 438.33175659179688 -1 534.40325927734375 438.4251708984375 -1 2327.49072265625 437.88711547851562 -1 3147.019287109375 438.09332275390625 -1 3147.019287109375 438.09332275390625 -1 1701.256103515625 439.52056884765625 1166034 1701.256103515625 439.52056884765625 -1 2385.5966796875 439.16812133789062 1169442 47.597423553466797 440.801513671875 -1 47.597423553466797 440.801513671875 -1 2974.489990234375 441.91299438476562 -1 2974.489990234375 441.91299438476562 -1 2711.056884765625 444.63812255859375 -1 2531.005126953125 446.40811157226562 -1 82.385902404785156 447.97467041015625 -1 3511.642822265625 448.2406005859375 -1 6.0652279853820801 453.53237915039062 -1 620.77178955078125 453.9222412109375 -1 2536.670166015625 456.15032958984375 -1 3256.03076171875 455.64639282226562 -1 318.01260375976562 457.91744995117188 -1 1371.512939453125 459.63128662109375 -1 2002.222900390625 459.98226928710938 -1 1992.6954345703125 461.02069091796875 1166586 626.364501953125 461.6405029296875 -1 1984.098876953125 461.66082763671875 1354687 2527.927001953125 461.321044921875 -1 2793.906005859375 463.69735717773438 -1 132.4110107421875 464.61685180664062 -1 3069.8046875 464.731201171875 -1 3069.8046875 464.731201171875 -1 1424.842529296875 465.8758544921875 -1 2207.83154296875 466.14984130859375 -1 2207.83154296875 466.14984130859375 -1 2769.378662109375 466.54708862304688 -1 2783.14013671875 466.60723876953125 -1 1798.3770751953125 468.57363891601562 1166035 2352.073974609375 468.89694213867188 1169447 2478.455078125 472.0999755859375 334709 2489.699951171875 472.57052612304688 334792 3853.82275390625 471.78887939453125 -1 262.05453491210938 476.80953979492188 -1 1668.718017578125 476.874267578125 -1 1668.718017578125 476.874267578125 -1 3155.5576171875 476.33102416992188 -1 2352.358154296875 479.25384521484375 -1 2352.358154296875 479.25384521484375 -1 3853.69580078125 479.83056640625 -1 185.41090393066406 480.96224975585938 -1 3232.31689453125 480.35281372070312 -1 3250.77587890625 481.66836547851562 -1 1728.481689453125 484.05075073242188 334708 686.72332763671875 485.25082397460938 -1 1056.386962890625 489.05279541015625 -1 976.8779296875 490.13726806640625 -1 976.8779296875 490.13726806640625 -1 95.452545166015625 492.26559448242188 -1 472.35491943359375 491.36126708984375 -1 472.35491943359375 491.36126708984375 -1 3700.78662109375 491.37850952148438 -1 557.714111328125 493.17572021484375 -1 1759.2750244140625 494.12136840820312 -1 1233.815185546875 496.80691528320312 -1 2397.351806640625 497.21697998046875 -1 2582.16357421875 497.26992797851562 -1 2911.654052734375 496.65103149414062 -1 1198.3563232421875 498.29238891601562 -1 2520.63525390625 498.35787963867188 1169709 2798.923828125 498.25982666015625 334416 2798.923828125 498.25982666015625 -1 3285.4306640625 497.66455078125 -1 3285.4306640625 497.66455078125 -1 214.05967712402344 499.29888916015625 -1 2664.49853515625 499.42840576171875 -1 2408.0732421875 501.463623046875 -1 2835.875244140625 502.31869506835938 334412 2001.814208984375 504.57809448242188 1359170 993.68359375 505.74893188476562 -1 1233.942138671875 507.09475708007812 -1 1233.942138671875 507.09475708007812 -1 685.79315185546875 507.98251342773438 -1 3283.2197265625 507.65866088867188 -1 2804.34912109375 508.62057495117188 1169450 3948.87353515625 510.01446533203125 -1 223.461669921875 513.14215087890625 -1 2508.331298828125 512.9188232421875 334790 3874.46435546875 512.633544921875 -1 1286.861083984375 515.27447509765625 -1 2555.01708984375 516.48486328125 334788 902.0914306640625 520.7845458984375 -1 1050.3485107421875 520.6697998046875 -1 1201.7716064453125 520.2139892578125 -1 1220.765869140625 521.13629150390625 -1 224.20126342773438 521.894775390625 -1 98.430595397949219 526.07293701171875 -1 1353.962890625 525.6064453125 -1 1672.6820068359375 525.6163330078125 -1 1672.6820068359375 525.6163330078125 -1 2371.0537109375 525.505859375 334787 3603.02685546875 527.4705810546875 -1 2387.8916015625 527.61785888671875 -1 2690.11572265625 528.59552001953125 334786 3274.8720703125 527.168701171875 334512 3339.458984375 527.88885498046875 -1 3962.77685546875 527.6226806640625 -1 634.86285400390625 529.2835693359375 -1 1008.8604125976562 531.62353515625 -1 1025.095703125 531.76629638671875 -1 1370.8751220703125 533.52081298828125 -1 2857.17236328125 534.22308349609375 -1 495.26910400390625 535.3590087890625 -1 936.2359619140625 536.4825439453125 -1 1708.988525390625 537.54364013671875 -1 1945.721923828125 537.642822265625 -1 3001.431884765625 540.29058837890625 -1 3001.431884765625 540.29058837890625 -1 675.26904296875 542.17193603515625 -1 1738.6229248046875 541.64697265625 -1 924.76678466796875 543.8006591796875 -1 3951.50146484375 544.3662109375 -1 2469.462646484375 545.219482421875 -1 540.7579345703125 546.3226318359375 -1 1006.8952026367188 546.462646484375 -1 3488.636474609375 547.5482177734375 -1 160.45162963867188 548.07733154296875 -1 3132.697998046875 548.2230224609375 -1 2973.26318359375 549.80487060546875 -1 781.8792724609375 551.5888671875 -1 1294.6741943359375 551.4884033203125 -1 615.673583984375 553.38677978515625 -1 1409.40283203125 554.7490234375 -1 2323.607421875 554.90899658203125 334783 2963.37158203125 554.4150390625 -1 949.62945556640625 556.7286376953125 -1 2454.16748046875 556.8282470703125 334131 2454.16748046875 556.8282470703125 -1 482.59136962890625 557.8271484375 -1 528.6630859375 559.60723876953125 -1 1673.85791015625 559.20361328125 -1 628.71124267578125 560.82403564453125 -1 3215.685791015625 561.054931640625 -1 3691.857421875 562.5374755859375 -1 660.5513916015625 563.1788330078125 -1 692.96923828125 566.05694580078125 -1 476.81259155273438 567.05731201171875 -1 1789.921875 566.623291015625 -1 2739.724365234375 568.08221435546875 -1 1772.855224609375 569.52764892578125 -1 2433.01806640625 569.91802978515625 334781 3942.539306640625 572.66265869140625 -1 2318.860107421875 574.6968994140625 -1 2318.860107421875 574.6968994140625 -1 588.29296875 575.64874267578125 -1 102.61177062988281 577.02197265625 -1 102.61177062988281 577.02197265625 -1 609.60546875 576.62060546875 -1 915.1365966796875 575.88848876953125 -1 2586.969970703125 576.5400390625 -1 577.012451171875 582.70428466796875 -1 2343.41357421875 584.8505859375 -1 2343.41357421875 584.8505859375 -1 3391.4462890625 587.0260009765625 -1 1971.14306640625 588.03094482421875 -1 1971.14306640625 588.03094482421875 -1 3314.96142578125 588.5775146484375 -1 12.023797035217285 590.219482421875 -1 1259.7044677734375 590.2457275390625 -1 3329.65966796875 590.8046875 495832 1472.267333984375 595.50909423828125 -1 103.06450653076172 597.895751953125 -1 2435.885986328125 599.651123046875 334701 2478.781494140625 601.0245361328125 -1 2218.340087890625 603.48541259765625 1166302 1417.6561279296875 604.8497314453125 -1 2348.27099609375 604.86151123046875 334650 2466.2177734375 604.21539306640625 334091 1048.225830078125 607.83184814453125 -1 1584.0111083984375 606.9263916015625 -1 2243.649658203125 606.56231689453125 334700 35.9605712890625 608.10626220703125 -1 2316.4033203125 608.21075439453125 -1 545.01837158203125 609.23284912109375 -1 3968.631591796875 608.88397216796875 -1 2444.45849609375 610.41204833984375 334776 1165.599365234375 612.31927490234375 -1 1835.58056640625 613.403564453125 -1 1475.7333984375 616.88018798828125 -1 2533.755859375 619.5906982421875 1169463 1985.670166015625 621.13848876953125 1166303 1985.670166015625 621.13848876953125 334698 1929.090576171875 627.30670166015625 -1 2434.421630859375 627.843017578125 -1 1165.16748046875 633.57806396484375 -1 1165.16748046875 633.57806396484375 -1 3331.585693359375 632.64447021484375 334511 3371.436767578125 636.2838134765625 -1 1540.44921875 638.004150390625 -1 1694.061279296875 640.6351318359375 -1 3379.949951171875 642.2012939453125 -1 3301.035400390625 644.6412353515625 495923 1300.5478515625 645.65545654296875 -1 1300.5478515625 645.65545654296875 -1 1719.2259521484375 647.063232421875 -1 1625.209228515625 648.0341796875 -1 1625.209228515625 648.0341796875 -1 2337.336669921875 649.4901123046875 -1 1339.962646484375 650.41552734375 -1 59.132881164550781 652.32940673828125 -1 3803.0732421875 652.060302734375 -1 2384.50048828125 652.8294677734375 1169722 1165.3038330078125 654.73870849609375 -1 1165.3038330078125 654.73870849609375 -1 1508.0408935546875 656.8878173828125 -1 2139.740966796875 657.65576171875 334770 1683.856689453125 658.8499755859375 -1 3694.179443359375 660.72235107421875 -1 245.13175964355469 661.8114013671875 -1 245.13175964355469 661.8114013671875 -1 2328.3818359375 665.3626708984375 -1 1288.418701171875 667.43341064453125 -1 2338.29638671875 669.42138671875 -1 1006.8492431640625 670.5299072265625 -1 1006.8492431640625 670.5299072265625 -1 2577.8232421875 671.71942138671875 334402 1807.7130126953125 673.368408203125 -1 3758.3837890625 673.127197265625 -1 2992.987060546875 676.47955322265625 -1 3785.224609375 677.85980224609375 -1 3292.770751953125 680.57403564453125 -1 3292.770751953125 680.57403564453125 -1 2042.9212646484375 682.6932373046875 334693 2042.9212646484375 682.6932373046875 -1 3770.3984375 684.349853515625 -1 1143.933837890625 686.025390625 -1 2258.657470703125 687.8116455078125 1169468 2819.5849609375 688.26953125 -1 2819.5849609375 688.26953125 -1 1239.4896240234375 689.286376953125 -1 2111.376708984375 689.19525146484375 -1 3619.9814453125 689.598388671875 -1 3619.9814453125 689.598388671875 -1 2025.53173828125 690.8245849609375 1166676 3602.81201171875 690.02349853515625 -1 786.32073974609375 693.41375732421875 -1 3233.45947265625 696.5224609375 -1 922.84600830078125 697.7362060546875 -1 2750.588623046875 698.408447265625 -1 3111.9521484375 697.7445068359375 334173 3027.8408203125 699.23065185546875 -1 3876.25830078125 700.343994140625 -1 3480.0625 702.8619384765625 -1 3480.0625 702.8619384765625 -1 1560.7740478515625 704.32464599609375 -1 2435.591064453125 705.127197265625 1169469 2435.591064453125 705.127197265625 -1 3340.435546875 705.68994140625 -1 3927.07666015625 707.22955322265625 1166588 1064.17822265625 708.25860595703125 477488 1064.17822265625 708.25860595703125 477489 1779.90869140625 710.93292236328125 508891 3767.83642578125 712.2308349609375 -1 3767.83642578125 712.2308349609375 -1 3510.675048828125 712.7147216796875 1349071 2403.40771484375 714.940185546875 -1 2428.532470703125 715.54718017578125 -1 1092.98583984375 718.3232421875 -1 1631.687255859375 718.20318603515625 508946 1493.2237548828125 718.85125732421875 -1 1493.2237548828125 718.85125732421875 508947 3493.611328125 719.434814453125 -1 3493.611328125 719.434814453125 -1 3967.196044921875 718.9837646484375 -1 1482.26904296875 720.46173095703125 -1 2120.6025390625 720.41009521484375 -1 2979.46337890625 721.43646240234375 -1 791.59185791015625 723.098388671875 1349232 3786.47265625 722.719482421875 -1 1011.3934326171875 724.7847900390625 477490 3828.411865234375 724.4171142578125 -1 779.3936767578125 725.29534912109375 -1 1684.963134765625 727.826904296875 508948 1160.790771484375 730.411865234375 -1 1160.790771484375 730.411865234375 -1 1385.6773681640625 731.16522216796875 -1 1385.6773681640625 731.16522216796875 -1 1990.7659912109375 730.95037841796875 334690 2921.137451171875 730.49676513671875 -1 2921.137451171875 730.49676513671875 -1 985.6357421875 731.86651611328125 -1 3874.71826171875 732.2421875 -1 3820.12939453125 732.8153076171875 -1 2351.666015625 733.75250244140625 -1 2351.666015625 733.75250244140625 -1 2806.581787109375 734.196533203125 1169471 3926.916748046875 735.9833984375 -1 3987.3251953125 736.36724853515625 -1 1318.484619140625 739.61395263671875 -1 2492.5908203125 739.9957275390625 -1 855.646728515625 741.68402099609375 -1 2048.431396484375 742.34466552734375 -1 3371.185546875 742.08184814453125 480381 2278.668212890625 743.5919189453125 -1 3673.215087890625 742.86083984375 -1 759.33660888671875 745.33416748046875 -1 1877.4293212890625 745.15496826171875 -1 1871.3641357421875 746.449951171875 -1 1009.1669311523438 748.89923095703125 -1 3749.18603515625 749.8790283203125 -1
2026-05-15T21:39:25.197000+00:00 md1shrunk1456-1778880862-3dgs/algo-1-1778880912 409.82052612304688 750.8031005859375 -1 2293.66845703125 753.0228271484375 -1 1279.1192626953125 754.323974609375 477494 1279.1192626953125 754.323974609375 477495 1774.636962890625 754.0211181640625 476746 2880.1787109375 756.995849609375 -1 3065.90673828125 757.62646484375 -1 3537.423095703125 757.083251953125 -1 3577.78564453125 756.37567138671875 480380 504.8857421875 758.76904296875 -1 840.66070556640625 757.9102783203125 -1 3459.47412109375 758.296875 -1 1174.277587890625 759.3941650390625 -1 1679.2884521484375 758.87335205078125 476749 2073.653076171875 760.2840576171875 -1 3449.72412109375 761.02728271484375 1349068 1281.325927734375 763.185791015625 477652 2992.884521484375 762.783935546875 -1 3129.375 764.4085693359375 -1 3145.5322265625 764.54644775390625 -1 3145.5322265625 764.54644775390625 -1 3514.953857421875 765.27471923828125 -1 3697.64599609375 765.50445556640625 -1 1473.03759765625 766.7362060546875 477383 1484.712646484375 766.71881103515625 477385 1826.1048583984375 766.37994384765625 -1 1737.90185546875 768.1571044921875 -1 1635.0335693359375 769.37591552734375 477651 1786.78369140625 768.850830078125 -1 3117.077880859375 771.3624267578125 -1 264.86520385742188 773.17327880859375 -1 3600.478271484375 772.6021728515625 -1 2831.8359375 774.879150390625 -1 3695.37646484375 774.4952392578125 -1 2409.98876953125 774.93133544921875 -1 1268.3634033203125 776.899658203125 -1 1268.3634033203125 776.899658203125 -1 1322.614013671875 776.289794921875 477387 3668.4287109375 778.123291015625 -1 1446.0491943359375 779.2548828125 477388 3566.92578125 779.1114501953125 -1 341.63818359375 780.5108642578125 -1 641.8099365234375 782.253662109375 -1 3551.300048828125 781.54931640625 -1 3551.300048828125 781.54931640625 -1 3585.67138671875 782.784912109375 -1 3691.025634765625 783.71795654296875 -1 3768.95654296875 783.19329833984375 -1 3722.173095703125 784.73699951171875 -1 1554.5078125 787.3746337890625 477497 1554.5078125 787.3746337890625 477496 2005.322998046875 786.863525390625 -1 2005.322998046875 786.863525390625 -1 1728.4388427734375 788.076171875 -1 3659.820556640625 787.416259765625 -1 3709.16357421875 788.29620361328125 -1 3524.5087890625 790.01763916015625 -1 3770.388671875 790.82769775390625 -1 2380.117919921875 792.4910888671875 -1 1996.6937255859375 793.2633056640625 -1 2947.4169921875 793.177734375 -1 2947.4169921875 793.177734375 -1 2866.70947265625 795.529296875 -1 2041.15234375 796.74285888671875 -1 3722.144775390625 799.265869140625 -1 3904.3583984375 800.87060546875 -1 1203.626220703125 802.211669921875 508658 1203.626220703125 802.211669921875 -1 1268.7940673828125 801.44830322265625 509121 2359.318359375 803.07489013671875 -1 2475.3974609375 804.915283203125 -1 2475.3974609375 804.915283203125 -1 255.08912658691406 806.01513671875 -1 2761.2734375 805.3958740234375 -1 2988.51953125 805.0980224609375 -1 2988.51953125 805.0980224609375 -1 626.549072265625 808.34405517578125 -1 626.549072265625 808.34405517578125 -1 923.0947265625 807.8984375 -1 3699.472412109375 808.229736328125 -1 3779.87060546875 809.521728515625 -1 3779.87060546875 809.521728515625 -1 3731.291259765625 811.1009521484375 -1 3731.291259765625 811.1009521484375 -1 1544.9415283203125 812.2027587890625 477654 2530.67236328125 812.3223876953125 -1 143.70523071289062 814.19805908203125 -1 1529.77294921875 814.9075927734375 -1 2240.544921875 814.31146240234375 -1 214.37057495117188 816.265625 -1 978.0234375 816.6258544921875 -1 1461.6094970703125 816.96923828125 -1 3723.330078125 817.4217529296875 -1 3723.330078125 817.4217529296875 -1 2820.048583984375 820.03387451171875 -1 3938.517822265625 821.6163330078125 -1 1151.9619140625 823.913330078125 -1 1532.541015625 823.73193359375 477655 3880.903564453125 824.623779296875 -1 1405.9283447265625 826.01776123046875 -1 2846.83154296875 825.5166015625 -1 3902.86181640625 825.37664794921875 -1 388.18081665039062 827.06268310546875 477136 388.18081665039062 827.06268310546875 1349229 925.499267578125 827.04443359375 477503 3048.098388671875 827.3155517578125 -1 902.6494140625 828.70599365234375 477505 2303.51318359375 828.06610107421875 -1 3279.1806640625 827.57562255859375 -1 3322.9609375 828.4732666015625 -1 1500.5181884765625 829.1453857421875 -1 376.5399169921875 830.951171875 -1 1486.38623046875 830.1795654296875 477656 674.7220458984375 833.55279541015625 1360015 1127.7650146484375 833.2911376953125 472858 1258.87890625 833.498779296875 -1 3993.913330078125 834.9486083984375 -1 908.41546630859375 835.74468994140625 472859 1952.150634765625 837.126220703125 1159758 657.3402099609375 837.6475830078125 390501 378.14727783203125 839.19317626953125 -1 929.22064208984375 839.38201904296875 477506 2371.389892578125 841.36322021484375 -1 2371.389892578125 841.36322021484375 -1 1581.339111328125 842.3399658203125 477395 3720.841796875 843.47344970703125 -1 529.78448486328125 845.9769287109375 472860 3855.956787109375 845.6422119140625 -1 2374.8564453125 849.9249267578125 -1 1802.0421142578125 850.27679443359375 476649 1421.279296875 852.2640380859375 -1 1962.2047119140625 852.28485107421875 1363066 1962.2047119140625 852.28485107421875 1363067 1950.122802734375 853.5794677734375 1363068 1950.122802734375 853.5794677734375 1363069 1979.063232421875 852.55401611328125 1366496 2797.865966796875 853.634765625 -1 3106.29052734375 852.8812255859375 -1 1464.5311279296875 854.70184326171875 -1 1471.8634033203125 853.319091796875 258085 1471.8634033203125 853.319091796875 476758 2000.7041015625 856.68817138671875 1552452 3958.266845703125 855.552001953125 -1 1267.962890625 858.5015869140625 -1 1800.635009765625 858.51043701171875 476757 2687.713623046875 857.83087158203125 -1 2687.713623046875 857.83087158203125 -1 1858.1068115234375 860.4951171875 -1 328.39813232421875 861.3914794921875 477139 2780.015625 862.245361328125 -1 2780.015625 862.245361328125 -1 272.5037841796875 862.63824462890625 -1 272.5037841796875 862.63824462890625 -1 593.88067626953125 863.3592529296875 477140 1466.5150146484375 863.92584228515625 1552109 1466.5150146484375 863.92584228515625 1552110 2429.735595703125 865.281982421875 -1 2664.539794921875 865.05078125 -1 1447.1064453125 866.992431640625 1552111 1644.25634765625 866.3592529296875 -1 3138.0126953125 867.64373779296875 -1 1653.4007568359375 867.95806884765625 477396 3080.1416015625 868.0489501953125 480416 2203.612060546875 869.678955078125 -1 816.71728515625 871.5318603515625 -1 1817.9283447265625 871.98614501953125 1554047 1130.238525390625 875.41082763671875 1174303 2554.603515625 875.002685546875 -1 2938.72314453125 876.43316650390625 -1 1677.095703125 878.789306640625 510135 3485.43212890625 878.1986083984375 -1 227.99234008789062 878.81719970703125 -1 227.99234008789062 878.81719970703125 -1 769.3094482421875 882.298583984375 -1 769.3094482421875 882.298583984375 -1 870.12017822265625 882.2637939453125 -1 1039.45166015625 882.5052490234375 -1 1039.45166015625 882.5052490234375 -1 3301.345458984375 882.68402099609375 -1 3581.648193359375 882.96270751953125 1166591 789.23529052734375 884.631103515625 476478 1688.2158203125 884.8043212890625 1555565 2602.436279296875 885.0296630859375 -1 3638.281494140625 886.87353515625 -1 1311.42333984375 888.149169921875 -1 706.46722412109375 888.97369384765625 477142 991.20172119140625 889.86639404296875 472862 3174.7470703125 889.928955078125 -1 1037.51904296875 892.28790283203125 -1 3463.271240234375 891.36895751953125 -1 2599.15283203125 893.40283203125 -1 2677.244140625 893.1138916015625 -1 3893.813232421875 893.2467041015625 -1 151.44514465332031 895.21124267578125 -1 232.25617980957031 895.40472412109375 -1 864.602783203125 895.71807861328125 1360033 895.50537109375 895.2713623046875 476479 1729.5751953125 895.4434814453125 -1 1310.841064453125 897.15362548828125 477402 3943.3095703125 896.1925048828125 -1 289.1783447265625 898.1102294921875 -1 3177.457275390625 898.38037109375 -1 350.79910278320312 900.05487060546875 -1 350.79910278320312 900.05487060546875 -1 2705.967041015625 899.36163330078125 -1 2705.967041015625 899.36163330078125 -1 932.05560302734375 900.2672119140625 472863 2004.53662109375 901.26904296875 -1 1674.793212890625 901.34307861328125 -1 3228.108154296875 902.12249755859375 -1 1239.0250244140625 903.3585205078125 -1 165.75802612304688 903.976318359375 -1 521.22113037109375 904.66986083984375 -1 521.22113037109375 904.66986083984375 -1 605.0096435546875 903.801025390625 -1 1825.9931640625 903.667724609375 -1 285.24298095703125 906.138427734375 430316 285.24298095703125 906.138427734375 -1 3104.2919921875 905.5362548828125 -1 3104.2919921875 905.5362548828125 -1 826.126220703125 906.5889892578125 -1 1344.7559814453125 905.69775390625 477519 1927.29638671875 906.26708984375 1551402 2698.8720703125 908.56231689453125 -1 3911.423828125 908.07855224609375 -1 2607.00244140625 909.2900390625 -1 3619.9296875 908.7998046875 -1 218.43727111816406 910.968017578125 477143 218.43727111816406 910.968017578125 -1 1997.38037109375 910.46051025390625 1359887 2816.42333984375 911.009033203125 -1 3244.522705078125 911.52252197265625 480421 474.60491943359375 913.4814453125 -1 2727.49951171875 914.4454345703125 -1 1977.0848388671875 915.33819580078125 -1 3688.974609375 915.73272705078125 -1 563.69305419921875 916.7667236328125 -1 744.1180419921875 916.65771484375 -1 744.1180419921875 916.65771484375 -1 1498.1195068359375 916.7353515625 -1 1709.1705322265625 916.83660888671875 -1 1561.1552734375 918.02362060546875 -1 1770.0330810546875 918.58349609375 404521 2646.2509765625 918.5030517578125 -1 2055.957275390625 919.7166748046875 -1 437.84442138671875 920.83404541015625 430324 437.84442138671875 920.83404541015625 -1 2478.462158203125 920.3665771484375 -1 611.9156494140625 923.01123046875 473787 844.152587890625 923.2015380859375 477147 2616.310791015625 922.9840087890625 -1 857.4730224609375 923.89031982421875 472865 1183.642333984375 924.2032470703125 493128 2339.39697265625 924.20501708984375 -1 2339.39697265625 924.20501708984375 1166601 1958.523193359375 927.273681640625 -1 2391.74267578125 926.449951171875 1366498 887.17376708984375 927.57666015625 -1 2570.91943359375 928.29803466796875 -1 2796.107421875 927.8790283203125 -1 2796.107421875 927.8790283203125 -1 2806.49169921875 928.567626953125 -1 3769.052978515625 928.36297607421875 -1 1690.8978271484375 929.4385986328125 1365579 2922.7509765625 929.1451416015625 1354693 3158.51953125 929.9681396484375 480828 40.947612762451172 930.21209716796875 -1 2369.574951171875 930.0810546875 1166375 2667.73046875 930.31549072265625 -1 2980.58837890625 930.385498046875 -1 246.54763793945312 931.5013427734375 -1 746.72113037109375 931.68511962890625 477150 537.9346923828125 933.7978515625 477148 2512.918212890625 932.90374755859375 -1 2512.918212890625 932.90374755859375 -1 1944.5814208984375 933.99871826171875 1551404 2772.439208984375 934.9412841796875 -1 2433.00390625 935.10650634765625 1552505 2469.09423828125 935.8778076171875 -1 3176.5244140625 935.67315673828125 480424 3176.5244140625 935.67315673828125 -1 3689.119873046875 935.65521240234375 -1 1724.2750244140625 936.98419189453125 -1 3486.52197265625 937.162109375 -1 3613.84716796875 936.62530517578125 -1 824.475830078125 938.14306640625 -1 958.32025146484375 940.01434326171875 -1 3039.56689453125 939.23681640625 480430 3647.270263671875 939.8343505859375 -1 529.20550537109375 940.0606689453125 -1 844.478759765625 941.36376953125 476483 1304.27587890625 943.0816650390625 -1 3124.05029296875 943.7080078125 -1 3124.05029296875 943.7080078125 -1 3435.93212890625 943.113037109375 -1 3473.5302734375 943.17327880859375 -1 1531.4228515625 945.673828125 477407 2497.302490234375 944.899658203125 472146 2870.725341796875 946.044921875 -1 3380.909423828125 945.8250732421875 -1 3658.906494140625 944.7799072265625 -1 823.6246337890625 946.43011474609375 -1 2809.6171875 946.34820556640625 -1 3319.4375 946.78033447265625 -1 3395.61083984375 947.08544921875 -1 1950.9876708984375 948.0916748046875 512352 1510.395263671875 949.6192626953125 -1 2913.093017578125 949.22314453125 -1 1249.325439453125 950.1920166015625 1555566 2857.761474609375 950.73846435546875 -1 1040.6063232421875 953.01702880859375 477409 1496.60986328125 953.0198974609375 -1 2288.178955078125 952.97491455078125 1366500 3512.769775390625 952.96478271484375 -1 3320.63818359375 954.83526611328125 -1 1483.215576171875 955.24365234375 477522 2071.011962890625 956.92559814453125 476781 2322.6875 957.10198974609375 -1 3315.005126953125 956.3837890625 -1 3315.005126953125 956.3837890625 -1 3040.709228515625 958.53521728515625 -1 2952.717529296875 959.9031982421875 1354689 2952.717529296875 959.9031982421875 1349002 2671.4921875 960.61590576171875 -1 2908.6376953125 960.39129638671875 1166310 2908.6376953125 960.39129638671875 -1 2936.522216796875 961.08544921875 1166311 2936.522216796875 961.08544921875 1166312 3273.876708984375 960.750732421875 -1 3408.65966796875 960.357421875 -1 1919.345703125 961.62664794921875 476668 1919.345703125 961.62664794921875 476669 3107.011474609375 961.98638916015625 480435 3200.8310546875 962.20855712890625 -1 3200.8310546875 962.20855712890625 -1 3211.32666015625 961.83355712890625 480428 3211.32666015625 961.83355712890625 495888 92.015495300292969 963.1239013671875 -1 3227.07470703125 963.496826171875 -1 3292.664794921875 963.161865234375 -1 1554.5457763671875 963.9888916015625 -1 2441.189208984375 965.43572998046875 1552501 2514.55517578125 966.4378662109375 1552502 2891.47021484375 966.8541259765625 -1 3085.08544921875 966.9622802734375 1166313 147.16607666015625 968.952392578125 -1 3992.907470703125 968.58648681640625 -1 1922.7939453125 969.87725830078125 476670 3392.552734375 969.8399658203125 -1 3392.552734375 969.8399658203125 -1 2263.46826171875 970.67724609375 -1 2611.308349609375 971.201904296875 1169488 793.791015625 971.622802734375 -1 793.791015625 971.622802734375 -1 2034.9390869140625 972.276123046875 -1 2645.2060546875 971.45928955078125 -1 3039.4521484375 972.3975830078125 1349058 3052.057861328125 971.50970458984375 480448 2098.91943359375 973.385498046875 1366503 2436.646484375 972.75909423828125 -1 961.8336181640625 975.388671875 477527 2389.5498046875 976.26214599609375 1369243 3700.064453125 977.33758544921875 -1 3688.6201171875 978.43621826171875 -1 95.170013427734375 978.8343505859375 430325 2824.184814453125 979.72894287109375 -1 1768.993896484375 980.36383056640625 -1 3016.076416015625 981.025390625 -1 2455.78564453125 982.22894287109375 -1 2455.78564453125 982.22894287109375 -1 2791.61474609375 982.0780029296875 -1 3255.33251953125 981.65155029296875 -1 2253.08349609375 982.62213134765625 1366622 2629.51416015625 983.65386962890625 -1 3073.54150390625 983.353759765625 1366504 3938.76220703125 982.5579833984375 476654 1043.5126953125 984.37060546875 416654 1043.5126953125 984.37060546875 508802 1847.3138427734375 984.513427734375 477410 2396.283203125 984.8984375 -1 3463.4736328125 984.7803955078125 -1 3582.84033203125 983.879150390625 -1 2585.24658203125 985.900634765625 -1 2966.73388671875 985.36712646484375 1349000 3396.57421875 985.5050048828125 -1 3929.5498046875 985.70074462890625 -1 2832.17822265625 987.0496826171875 -1 3126.505126953125 986.340576171875 -1 3209.0224609375 986.4830322265625 -1 3222.1923828125 987.3155517578125 -1 3222.1923828125 987.3155517578125 -1 624.94293212890625 988.38043212890625 477155 3644.509521484375 987.8599853515625 -1 3424.56201171875 989.5711669921875 -1 3908.623291015625 989.409912109375 476655 474.4342041015625 989.9053955078125 -1 914.61785888671875 990.728759765625 477528 1030.5875244140625 990.7490234375 472871 1172.345703125 991.53082275390625 477415 2663.11572265625 991.9217529296875 -1 3269.93212890625 991.4278564453125 -1 2773.139404296875 993.1004638671875 -1 3500.716796875 997.4228515625 -1 1381.6456298828125 997.5968017578125 477413 2132.576416015625 997.92913818359375 1551405 3157.41015625 998.04595947265625 1166316 1354.29150390625 999.8607177734375 477416 3231.785888671875 999.5771484375 -1 1072.656494140625 1000.5533447265625 -1 2159.456298828125 1000.5078125 1551406 2159.456298828125 1000.5078125 334563 3290.114501953125 999.96856689453125 -1 34.821628570556641 1002.6812133789062 477154 870.572265625 1003.01025390625 473173 1998.28125 1003.4044799804688 477658 302.16241455078125 1004.3075561523438 -1 1832.64233398437
2026-05-15T21:39:25.197000+00:00 md1shrunk1456-1778880862-3dgs/algo-1-1778880912 5 1005.0381469726562 1365886 1725.681396484375 1005.6173095703125 399021 2836.235595703125 1005.3176879882812 -1 484.61148071289062 1007.0904541015625 -1 1217.81298828125 1007.2476196289062 -1 3024.6171875 1006.9134521484375 1362680 1275.5621337890625 1008.4579467773438 -1 1333.88427734375 1008.6541748046875 -1 3281.43017578125 1008.1472778320312 -1 1980.7752685546875 1009.3609619140625 -1 2423.1806640625 1009.6600952148438 -1 44.370189666748047 1010.3057250976562 1360013 44.370189666748047 1010.3057250976562 1360048 641.3243408203125 1010.5554809570312 -1 1119.1954345703125 1010.816162109375 -1 16.506603240966797 1011.4737548828125 -1 472.58395385742188 1011.651611328125 472876 3378.212890625 1011.7391967773438 -1 62.529464721679688 1013.23876953125 -1 2385.380615234375 1012.9166259765625 -1 2385.380615234375 1012.9166259765625 -1 1071.2664794921875 1014.898681640625 493156 2769.9609375 1014.8772583007812 -1 3108.912353515625 1014.4654541015625 333978 315.3807373046875 1015.431884765625 1349226 1829.01025390625 1015.0947265625 -1 2594.494873046875 1015.9426879882812 -1 2952.628173828125 1016.0826416015625 480463 2758.921875 1018.1859741210938 -1 3365.458984375 1018.433349609375 -1 3650.480712890625 1018.3951416015625 1166596 2318.822998046875 1019.3992919921875 1366506 2633.29296875 1020.8733520507812 -1 3375.646728515625 1020.8931884765625 1164595 719.89593505859375 1021.72802734375 476489 1354.57080078125 1021.4056396484375 1555567 2404.423583984375 1022.3322143554688 -1 1523.3814697265625 1022.7269287109375 477420 1548.94140625 1022.72998046875 431392 678.40478515625 1023.801025390625 1349225 827.79351806640625 1024.5303955078125 -1 1851.44384765625 1024.5390625 1363076 3232.237548828125 1024.06689453125 495890 3232.237548828125 1024.06689453125 -1 1056.3155517578125 1025.7716064453125 -1 1802.1982421875 1026.025634765625 -1 2036.973388671875 1025.9381103515625 1551408 2036.973388671875 1025.9381103515625 1365748 2130.6630859375 1025.9229736328125 -1 2171.325927734375 1026.3348388671875 334198 3263.282470703125 1026.2113037109375 -1 819.771728515625 1026.59619140625 -1 2314.538818359375 1027.09765625 -1 3213.668212890625 1027.0306396484375 -1 3181.3515625 1029.347412109375 1164596 665.8084716796875 1030.4017333984375 -1 665.8084716796875 1030.4017333984375 -1 864.94573974609375 1031.0399169921875 -1 359.45797729492188 1031.603515625 477164 3378.039794921875 1032.807373046875 1349060 1167.5499267578125 1033.1126708984375 -1 1851.060546875 1032.7564697265625 -1 2951.0966796875 1033.5615234375 1164594 2951.0966796875 1033.5615234375 1164593 3552.962646484375 1033.782470703125 1166843 1962.8709716796875 1035.162841796875 -1 1438.8934326171875 1036.7530517578125 -1 1740.818603515625 1037.1116943359375 -1 1740.818603515625 1037.1116943359375 -1 3055.862060546875 1037.379638671875 -1 3174.70068359375 1036.5343017578125 -1 3573.770751953125 1036.642578125 -1 267.488525390625 1037.8935546875 1362497 306.9100341796875 1038.479736328125 -1 730.37451171875 1038.705810546875 -1 1727.1112060546875 1037.815185546875 431396 1727.1112060546875 1037.815185546875 1552105 3714.673095703125 1037.8983154296875 476774 1714.67822265625 1039.2933349609375 423611 3880.624755859375 1039.7137451171875 -1 629.35693359375 1042.1375732421875 -1 2712.23828125 1044.8023681640625 -1 2712.23828125 1044.8023681640625 -1 942.45916748046875 1044.879150390625 477433 186.93260192871094 1045.876220703125 -1 186.93260192871094 1045.876220703125 -1 1808.1273193359375 1047.2572021484375 -1 2427.716552734375 1047.0433349609375 -1 2889.31298828125 1046.792724609375 -1 2902.77880859375 1046.807373046875 1351856 2902.77880859375 1046.807373046875 -1 98.116851806640625 1047.784912109375 -1 218.13484191894531 1049.0291748046875 -1 928.06884765625 1047.978515625 477172 2262.411865234375 1047.6865234375 1169499 2262.411865234375 1047.6865234375 1365953 449.10479736328125 1049.6781005859375 -1 2487.6181640625 1049.7608642578125 -1 2487.6181640625 1049.7608642578125 -1 3424.086669921875 1049.18994140625 496635 475.15322875976562 1050.52978515625 477171 778.9901123046875 1050.40576171875 -1 1647.6873779296875 1050.531494140625 477427 1032.1278076171875 1051.2315673828125 -1 1448.218017578125 1051.9525146484375 -1 2360.22265625 1052.3504638671875 -1 2817.418212890625 1051.332275390625 -1 1615.7884521484375 1054.28515625 477428 866.58135986328125 1055.8802490234375 477173 2894.76025390625 1055.4078369140625 1164621 731.81976318359375 1056.372802734375 -1 2254.34130859375 1056.4580078125 478587 131.90000915527344 1058.7530517578125 -1 131.90000915527344 1058.7530517578125 -1 2428.58935546875 1057.852294921875 -1 3221.252685546875 1057.64306640625 -1 3221.252685546875 1057.64306640625 -1 3854.9697265625 1057.71337890625 -1 2598.2646484375 1058.98291015625 -1 2755.1162109375 1059.4326171875 -1 3832.278076171875 1059.060546875 -1 3948.9765625 1060.173583984375 -1 316.41116333007812 1062.20556640625 -1 2107.179443359375 1061.5625 1555527 2357.584228515625 1062.47021484375 -1 3135.17431640625 1062.1451416015625 -1 3803.9140625 1062.17822265625 418981 1878.2957763671875 1063.6002197265625 478201 1779.421875 1064.89111328125 423614 1947.0625 1065.8131103515625 -1 1357.72412109375 1066.31884765625 1360005 1563.1826171875 1066.5657958984375 477432 1961.2926025390625 1066.75 -1 2515.627685546875 1066.90234375 -1 3434.60693359375 1068.29150390625 -1 1712.7362060546875 1069.604248046875 -1 1712.7362060546875 1069.604248046875 -1 3851.64697265625 1069.0296630859375 -1 2464.951171875 1070.486572265625 -1 588.29351806640625 1071.9423828125 -1 1586.423828125 1071.5582275390625 -1 1586.423828125 1071.5582275390625 -1 1635.1976318359375 1072.4224853515625 477703 2414.379150390625 1072.9974365234375 -1 2414.379150390625 1072.9974365234375 -1 2524.421142578125 1072.977294921875 -1 1354.2938232421875 1074.2880859375 -1 1354.2938232421875 1074.2880859375 -1 1958.02880859375 1074.98193359375 -1 3908.693359375 1074.744140625 476665 1653.755126953125 1075.775146484375 -1 1335.909912109375 1075.9923095703125 -1 1671.8260498046875 1076.646728515625 -1 2382.134765625 1076.9324951171875 -1 2674.00390625 1077.5592041015625 -1 2674.00390625 1077.5592041015625 -1 1305.794677734375 1077.4544677734375 -1 1305.794677734375 1077.4544677734375 431399 2363.864501953125 1078.5380859375 -1 179.97834777832031 1079.4342041015625 -1 440.9658203125 1079.19970703125 -1 565.9560546875 1080.747314453125 -1 2162.996337890625 1080.775390625 476800 156.41770935058594 1081.1851806640625 -1 906.623779296875 1081.4130859375 423929 2175.95703125 1081.5379638671875 476801 284.34576416015625 1084.4547119140625 1360074 1539.296875 1084.359619140625 -1 1539.296875 1084.359619140625 -1 1665.4168701171875 1084.5762939453125 1365592 348.35186767578125 1085.883544921875 -1 360.6722412109375 1085.373779296875 477177 1414.475830078125 1086.1058349609375 477704 2434.57470703125 1087.12451171875 -1 260.66201782226562 1088.298828125 -1 388.63247680664062 1088.2728271484375 477179 388.63247680664062 1088.2728271484375 477180 1200.3873291015625 1089.470947265625 -1 3304.489990234375 1089.3634033203125 -1 2974.468017578125 1090.498046875 -1 410.73809814453125 1092.4468994140625 -1 1724.846923828125 1091.744140625 477537 1967.300048828125 1091.61572265625 -1 1967.300048828125 1091.61572265625 -1 3351.91650390625 1091.2452392578125 -1 3614.6044921875 1091.56298828125 -1 3614.6044921875 1091.56298828125 -1 3629.8056640625 1091.822509765625 1159762 1671.59326171875 1093.703125 477540 2079.2705078125 1093.3990478515625 477533 2764.6611328125 1092.5560302734375 476673 3334.3193359375 1092.86767578125 -1 498.5511474609375 1094.587646484375 -1 498.5511474609375 1094.587646484375 472892 1108.2947998046875 1093.8016357421875 472888 1108.2947998046875 1093.8016357421875 476491 2593.403076171875 1095.0999755859375 -1 2593.403076171875 1095.0999755859375 -1 2159.33935546875 1095.87939453125 -1 3450.61328125 1096.1673583984375 -1 3450.61328125 1096.1673583984375 -1 145.05526733398438 1096.539794921875 -1 836.38916015625 1098.2823486328125 -1 1046.238525390625 1099.3199462890625 430630 1046.238525390625 1099.3199462890625 430628 1965.193115234375 1099.3338623046875 -1 2527.60888671875 1099.895263671875 1363079 2758.1884765625 1098.8511962890625 -1 3208.992919921875 1099.3671875 -1 3969.8056640625 1099.945556640625 -1 457.9874267578125 1100.6280517578125 -1 1926.745849609375 1100.811279296875 508692 1926.745849609375 1100.811279296875 1365595 2338.39697265625 1100.4376220703125 -1 2962.0869140625 1100.9906005859375 -1 3159.48583984375 1101.311279296875 418984 3716.37353515625 1100.3834228515625 -1 3765.171142578125 1100.260986328125 418987 3765.171142578125 1100.260986328125 -1 1535.3258056640625 1101.816650390625 477542 1535.3258056640625 1101.816650390625 477541 2107.681884765625 1101.8026123046875 476685 2038.520751953125 1104.114990234375 -1 2446.57666015625 1104.8438720703125 1177494 2893.49755859375 1104.51953125 -1 471.555419921875 1105.9263916015625 -1 539.59344482421875 1106.310546875 -1 2027.914794921875 1105.2861328125 -1 2400.96337890625 1105.93408203125 -1 3943.0546875 1104.7803955078125 -1 1902.56982421875 1106.7012939453125 -1 3392.043212890625 1106.7763671875 418990 554.0836181640625 1108.6812744140625 1360032 554.0836181640625 1108.6812744140625 -1 2333.19580078125 1108.3082275390625 -1 2333.19580078125 1108.3082275390625 -1 2389.403076171875 1107.7987060546875 -1 1125.754638671875 1112.2354736328125 -1 1489.3330078125 1112.1796875 477444 3774.021240234375 1112.01708984375 -1 3774.021240234375 1112.01708984375 418993 280.36090087890625 1113.2020263671875 -1 413.08978271484375 1113.4501953125 477186 1550.498291015625 1112.837646484375 477543 2516.75341796875 1113.3759765625 1363080 2574.550537109375 1113.4027099609375 -1 3130.744384765625 1113.193359375 -1 85.838203430175781 1115.827392578125 -1 401.37417602539062 1115.4775390625 1360079 1798.040771484375 1115.94775390625 1365887 2173.154541015625 1115.723388671875 -1 2883.398193359375 1115.6021728515625 337131 2999.068359375 1115.379150390625 508834 238.79594421386719 1116.62255859375 477182 238.79594421386719 1116.62255859375 477183 388.36318969726562 1117.447265625 1360046 2436.3349609375 1117.16162109375 1363081 288.37973022460938 1118.4403076171875 -1 288.37973022460938 1118.4403076171875 -1 2618.32568359375 1117.8956298828125 478242 2871.78759765625 1117.229248046875 -1 3525.42724609375 1117.677734375 -1 3691.0927734375 1118.4453125 332872 3755.68994140625 1117.9569091796875 418998 3755.68994140625 1117.9569091796875 419001 1582.664306640625 1118.30029296875 -1 1854.2669677734375 1119.2088623046875 -1 2502.707275390625 1118.9588623046875 -1 440.3701171875 1120.5975341796875 -1 532.06494140625 1120.5751953125 -1 1144.36474609375 1121.81884765625 476495 1309.0325927734375 1121.893798828125 -1 1814.5709228515625 1122.035400390625 476696 2853.188720703125 1121.607421875 -1 1090.367919921875 1123.8172607421875 -1 3118.203125 1123.1937255859375 1164600 3496.12109375 1122.7930908203125 -1 470.1329345703125 1123.9320068359375 -1 1290.9876708984375 1124.319580078125 -1 2751.697998046875 1123.81689453125 -1 2751.697998046875 1123.81689453125 -1 2565.967041015625 1125.3839111328125 -1 2905.541748046875 1125.5546875 1164624 3404.6875 1125.4578857421875 419004 3404.6875 1125.4578857421875 419007 1466.699462890625 1127.280029296875 477705 1856.966796875 1127.0692138671875 476812 2614.816650390625 1127.26904296875 -1 2425.902587890625 1128.00439453125 1551410 2504.665283203125 1128.4700927734375 1363083 2714.9697265625 1127.8563232421875 419010 2714.9697265625 1127.8563232421875 419013 183.63580322265625 1129.3250732421875 -1 183.63580322265625 1129.3250732421875 -1 403.15597534179688 1129.8232421875 1349224 3071.71630859375 1129.6619873046875 -1 3876.207275390625 1129.67333984375 -1 1189.322998046875 1130.275146484375 -1 1189.322998046875 1130.275146484375 -1 1624.1416015625 1130.4783935546875 477448 2849.89892578125 1130.7933349609375 419016 711.0294189453125 1132.290771484375 477189 1075.531982421875 1132.298583984375 477545 1821.0899658203125 1132.277587890625 -1 68.621589660644531 1133.9302978515625 -1 723.7220458984375 1133.210693359375 1349222 723.7220458984375 1133.210693359375 1349221 2704.78076171875 1133.5614013671875 -1 2704.78076171875 1133.5614013671875 -1 2772.8623046875 1132.5133056640625 -1 1470.8990478515625 1135.3203125 1551413 1517.6748046875 1135.268798828125 1359881 2556.877685546875 1137.5458984375 -1 529.759765625 1138.0350341796875 -1 689.1904296875 1139.7138671875 -1 731.37396240234375 1138.82470703125 473824 731.37396240234375 1138.82470703125 -1 2165.614990234375 1139.23388671875 -1 665.73822021484375 1141.0753173828125 473846 2038.208251953125 1141.0548095703125 -1 2215.01708984375 1140.4554443359375 -1 2299.033447265625 1140.7254638671875 -1 2316.41357421875 1140.6585693359375 -1 2566.79248046875 1140.5894775390625 -1 76.106742858886719 1142.65185546875 -1 76.106742858886719 1142.65185546875 1349223 2284.22607421875 1141.6297607421875 -1 699.22271728515625 1143.6219482421875 1349220 1311.902099609375 1144.39501953125 -1 2958.001953125 1144.229248046875 1164625 2061.65966796875 1146.17236328125 -1 2061.65966796875 1146.17236328125 -1 879.45361328125 1146.052734375 473649 3304.491943359375 1146.9490966796875 -1 687.5838623046875 1148.3189697265625 -1 687.5838623046875 1148.3189697265625 -1 1329.9638671875 1149.767333984375 509126 1374.4249267578125 1149.6005859375 -1 110.947509765625 1150.2469482421875 -1 478.46923828125 1150.073486328125 477194 1360.740966796875 1150.054931640625 509125 1360.740966796875 1150.054931640625 477455 696.785400390625 1152.7066650390625 -1 947.6993408203125 1152.9173583984375 473650 947.6993408203125 1152.9173583984375 473794 1657.82177734375 1152.9730224609375 -1 1227.8575439453125 1153.4263916015625 -1 1473.528076171875 1154.2421875 -1 820.34246826171875 1156.1640625 413147 1242.861572265625 1155.80224609375 -1 1242.861572265625 1155.80224609375 477548 1527.2392578125 1156.1370849609375 508966 2615.9599609375 1156.1011962890625 -1 3937.86572265625 1155.8544921875 -1 21.088233947753906 1157.1734619140625 -1 1679.599609375 1156.4151611328125 431426 2756.26513671875 1156.4256591796875 472142 2756.26513671875 1156.4256591796875 -1 2920.112060546875 1157.119873046875 1555528 2174.425048828125 1158.400146484375 -1 2683.599853515625 1158.803466796875 508734 3119.85595703125 1157.839111328125 -1 561.6138916015625 1159.0093994140625 -1 2720.2685546875 1159.57666015625 -1 2881.3134765625 1158.9093017578125 -1 3108.8974609375 1160.159423828125 -1 422.275390625 1160.72216796875 -1 1235.1103515625 1162.2235107421875 451936 1904.310791015625 1161.68505859375 -1 2995.54541015625 1162.447509765625 1361377 198.42440795898438 1164.8739013671875 -1 2973.09814453125 1164.7578125 1363086 3061.9765625 1164.1685791015625 -1 3402.044677734375 1163.887939453125 -1 3402.044677734375 1163.887939453125 -1 676.1705322265625 1165.7777099609375 477196 729.68377685546875 1166.157470703125 -1 2078.732421875 1165.711181640625 -1 2121.2373046875 1165.331787109375 -1 1462.6795654296875 1167.131591796875 477122 3806.237548828125 1166.6854248046875 419019 940.47900390625 1168.454833984375 -1 1315.4208984375 1168.4886474609375 431421 1453.2838134765625 1167.85205078125 1554551 877.19573974609375 1169.763671875 476502 1513.34423828125 1170.0791015625 -1 1802.41357421875 1170.26171875 -1 2719.82666015625 1170.10693359375 -1 837.7813720703125 1171.8759765625 -1 1204.4224853515625 1173.8079833984375 -1 1567.010986328125 1173.5567626953125 -1 1567.010986328125 1173.5567626953125 -1 3131.42578125 1172.5810546875 337400 1120.187255859375 1174.9095458984375 430431 1545.523681640625 1175.5576171875 -1 3740.44970703125 1176.236328125 -1 3740.44970703125 1176.236328125 -1 1058.682373046875 1176.6961669921875 -1 1058.682373046875 1176.6961669921875 -1 714.07049560546875 1178.0496826171875 477199 1307.570556640625 1178.3204345703125 1359880 1598.81103515625 1178.158935546875 -1 1878.052978515625 1178.31591796875 -1 2367.517333984375 1177.9656982421875 -1 1482.693115234375 1179.9560546875 -1 2442.555419921875 1179.2884521484375 -1 17.960689544677734 1181.0743408203125 -1 277.157470703125 1179.9324951171875 -1 922.89337158203125 1180.709228515625 -1 2192.31103515625 1181.7926025390625 -1 2256.47802734375 1181.9517822265625 -1 219.2158508300781
2026-05-15T21:39:25.197000+00:00 md1shrunk1456-1778880862-3dgs/algo-1-1778880912 2 1183.251220703125 -1 219.21585083007812 1183.251220703125 -1 726.174072265625 1182.9716796875 -1 726.174072265625 1182.9716796875 -1 2270.521484375 1183.09228515625 -1 2540.010009765625 1182.6806640625 -1 1255.4061279296875 1184.7703857421875 472908 962.00927734375 1185.72412109375 1360010 1275.9315185546875 1185.7117919921875 -1 3646.94921875 1185.1527099609375 555528 770.405029296875 1187.86279296875 473652 1226.511474609375 1188.5172119140625 430656 1356.2713623046875 1188.5350341796875 -1 2832.99609375 1187.9266357421875 419022 3243.6083984375 1187.9486083984375 476684 2196.677734375 1189.198486328125 -1 3657.578369140625 1190.0894775390625 416067 2573.7421875 1190.8238525390625 -1 1433.954833984375 1191.82666015625 -1 1495.7598876953125 1192.5250244140625 -1 1645.9295654296875 1191.5843505859375 -1 1645.9295654296875 1191.5843505859375 -1 3256.373291015625 1191.568359375 419025 171.365234375 1192.7879638671875 -1 1142.482421875 1192.973388671875 431422 1731.4097900390625 1193.3602294921875 -1 1197.211181640625 1194.1220703125 1348465 1722.5653076171875 1194.550048828125 -1 1780.922607421875 1194.470458984375 -1 2967.331298828125 1194.222412109375 -1 3209.345947265625 1193.9949951171875 337399 249.93780517578125 1195.5712890625 -1 188.15519714355469 1196.4287109375 -1 766.55828857421875 1196.4046630859375 477205 2203.83154296875 1196.487548828125 -1 3961.225830078125 1196.919189453125 477956 3025.34521484375 1197.5059814453125 477811 836.32879638671875 1200.6983642578125 477206 1432.666748046875 1200.93505859375 405208 1611.81982421875 1201.32763671875 -1 200.16485595703125 1202.9229736328125 410202 914.2689208984375 1202.78857421875 -1 190.6773681640625 1205.69775390625 -1 3202.587646484375 1205.41650390625 337398 336.43374633789062 1206.6075439453125 -1 2834.53173828125 1207.02783203125 419033 3220.42431640625 1207.19482421875 419036 83.370773315429688 1208.083251953125 -1 83.370773315429688 1208.083251953125 -1 739.0491943359375 1207.8978271484375 -1 1483.0712890625 1207.5831298828125 -1 1790.8392333984375 1207.886962890625 -1 25.911346435546875 1210.167724609375 -1 3345.408203125 1208.9776611328125 -1 3345.408203125 1208.9776611328125 -1 311.32623291015625 1211.0845947265625 -1 503.3865966796875 1210.8653564453125 472913 969.89837646484375 1211.6812744140625 424017 1225.31005859375 1210.49658203125 430454 432.29098510742188 1211.7568359375 -1 921.34765625 1211.5220947265625 473656 2481.33984375 1212.1419677734375 -1 1191.0338134765625 1212.581298828125 509135 3063.332275390625 1212.8065185546875 337397 3.9700653553009033 1215.1954345703125 -1 1267.695068359375 1215.62646484375 -1 2271.14697265625 1216.0419921875 -1 79.460556030273438 1217.3609619140625 1349218 1532.946044921875 1217.2266845703125 -1 1461.0291748046875 1218.4139404296875 1554552 2469.777587890625 1218.61279296875 -1 2941.24951171875 1219.222900390625 -1 3106.841064453125 1219.29052734375 455736 3121.541748046875 1218.7718505859375 326655 3391.61279296875 1219.9578857421875 -1 27.255716323852539 1220.7188720703125 -1 1063.521240234375 1220.3336181640625 430440 619.5699462890625 1222.338623046875 477209 693.7158203125 1222.499267578125 477211 1902.827880859375 1221.796142578125 513545 815.69769287109375 1223.1492919921875 -1 895.67510986328125 1223.061279296875 1360009 1880.9930419921875 1223.522705078125 -1 558.3175048828125 1224.2550048828125 -1 2291.353515625 1224.4324951171875 -1 606.4661865234375 1226.075927734375 473659 2251.3505859375 1226.9034423828125 -1 2428.540283203125 1226.8291015625 -1 587.2105712890625 1227.7867431640625 -1 768.61474609375 1228.1929931640625 1349216 2239.50439453125 1227.9189453125 -1 389.404052734375 1229.256103515625 -1 1491.4521484375 1229.0096435546875 476821 1993.4765625 1229.3865966796875 513541 1993.4765625 1229.3865966796875 -1 2086.92529296875 1229.22119140625 -1 2615.79833984375 1229.9534912109375 -1 2737.265625 1229.713623046875 -1 2737.265625 1229.713623046875 -1 3654.3359375 1229.452392578125 -1 3834.05029296875 1229.81298828125 -1 1256.049072265625 1230.984619140625 -1 1344.6246337890625 1230.152099609375 -1 2222.680419921875 1230.3004150390625 -1 1047.119384765625 1231.6624755859375 -1 453.69094848632812 1233.2943115234375 477212 2133.172119140625 1234.079833984375 -1 172.63032531738281 1237.0667724609375 -1 3341.208251953125 1236.61279296875 1359937 1877.0380859375 1238.073974609375 -1 2630.097900390625 1238.6273193359375 -1 160.51002502441406 1239.52294921875 -1 738.8668212890625 1242.2230224609375 -1 2148.92919921875 1241.4560546875 -1 2148.92919921875 1241.4560546875 -1 2167.39208984375 1242.091796875 -1 137.33590698242188 1243.461181640625 1349285 1135.96435546875 1243.1112060546875 783924 236.60052490234375 1244.148193359375 -1 1402.5111083984375 1244.851806640625 -1 2912.660888671875 1244.068115234375 1363090 2912.660888671875 1244.068115234375 337572 813.160888671875 1245.321044921875 -1 3100.0810546875 1245.7822265625 1164627 3463.1494140625 1244.947265625 1359938 3463.1494140625 1244.947265625 1348510 3601.26904296875 1245.9620361328125 -1 197.82234191894531 1247.9249267578125 477215 392.35272216796875 1248.1671142578125 -1 424.7781982421875 1248.2901611328125 -1 726.00885009765625 1247.771240234375 477216 1822.1112060546875 1248.7669677734375 -1 1822.1112060546875 1248.7669677734375 -1 183.96537780761719 1249.7020263671875 -1 356.53350830078125 1248.7811279296875 -1 3229.7373046875 1250.814697265625 555192 239.88487243652344 1252.044677734375 -1 1554.2279052734375 1251.399658203125 -1 3577.3330078125 1251.857666015625 476689 2526.98681640625 1252.976806640625 337571 2526.98681640625 1252.976806640625 407956 608.13714599609375 1254.545166015625 -1 1764.5185546875 1256.10009765625 -1 3606.936279296875 1255.13916015625 404299 3672.10302734375 1255.940185546875 -1 1420.924560546875 1256.7569580078125 451948 1760.6751708984375 1257.5203857421875 424812 889.75146484375 1258.4278564453125 -1 1233.95068359375 1257.173095703125 472918 2369.4443359375 1258.19384765625 -1 3207.00927734375 1258.2490234375 497916 361.11416625976562 1258.961669921875 -1 2204.09716796875 1259.28564453125 -1 195.43240356445312 1260.3154296875 473666 3095.99560546875 1260.9302978515625 -1 942.44635009765625 1262.9722900390625 1360008 256.09442138671875 1264.2470703125 1349215 1045.9246826171875 1265.948974609375 451946 1422.357177734375 1266.2608642578125 -1 2335.359375 1265.812744140625 -1 2617.433837890625 1265.1234130859375 -1 977.61260986328125 1266.592529296875 430453 3580.1064453125 1266.330322265625 337396 1407.673095703125 1268.54833984375 -1 597.16656494140625 1269.4049072265625 477219 166.60737609863281 1270.3096923828125 1349214 444.06771850585938 1270.76513671875 -1 792.569580078125 1270.2115478515625 -1 854.652587890625 1271.203125 473830 868.4996337890625 1270.384521484375 477305 1392.3876953125 1270.72412109375 -1 1137.65576171875 1272.2132568359375 451950 2498.7958984375 1271.985595703125 -1 2925.378173828125 1271.78076171875 410192 76.7376708984375 1273.078857421875 -1 842.61810302734375 1272.6060791015625 -1 66.011856079101562 1274.7640380859375 -1 399.8179931640625 1277.626220703125 451942 560.582275390625 1277.3759765625 1360077 2577.340087890625 1276.7880859375 -1 3366.558837890625 1276.64208984375 -1 232.50811767578125 1277.8326416015625 -1 232.50811767578125 1277.8326416015625 -1 1234.9388427734375 1277.71875 477549 1234.9388427734375 1277.71875 -1 3699.8701171875 1278.296875 416113 168.11581420898438 1279.3502197265625 -1 440.74505615234375 1279.7860107421875 729526 898.465087890625 1279.3070068359375 -1 2178.875 1279.0152587890625 391118 787.05072021484375 1280.672119140625 1360349 787.05072021484375 1280.672119140625 476508 1313.1923828125 1280.9071044921875 -1 3741.469970703125 1280.495849609375 476697 2089.538330078125 1282.0640869140625 419051 491.10894775390625 1283.216064453125 1349213 583.4957275390625 1283.19970703125 -1 3666.98876953125 1283.391357421875 -1 393.64163208007812 1284.7264404296875 -1 476.77243041992188 1284.2999267578125 -1 749.3846435546875 1284.4310302734375 1349212 2112.55419921875 1284.33984375 391114 2404.45703125 1285.21142578125 -1 2700.021728515625 1285.948486328125 337395 526.6707763671875 1287.274169921875 -1 1650.5408935546875 1286.4381103515625 -1 1650.5408935546875 1286.4381103515625 -1 2136.887451171875 1287.06787109375 1159764 310.57684326171875 1287.6673583984375 -1 447.46383666992188 1287.7777099609375 -1 455.04803466796875 1287.3009033203125 451947 3231.02880859375 1287.828125 419055 1763.1402587890625 1289.097900390625 476825 669.6624755859375 1291.2392578125 430433 901.14447021484375 1290.9234619140625 430456 957.4178466796875 1290.359130859375 -1 267.84402465820312 1292.24951171875 -1 1169.96728515625 1291.8201904296875 -1 2208.502685546875 1292.4537353515625 476819 196.7049560546875 1293.5654296875 -1 196.7049560546875 1293.5654296875 -1 413.812744140625 1293.9576416015625 451949 467.28173828125 1294.05419921875 -1 1492.4407958984375 1294.572021484375 476830 2224.072265625 1295.181884765625 1551415 3488.46875 1294.2259521484375 477960 3488.46875 1294.2259521484375 -1 188.2313232421875 1295.373779296875 -1 944.1541748046875 1295.22900390625 -1 3873.84814453125 1296.5625 476700 1320.341796875 1297.907958984375 -1 1320.341796875 1297.907958984375 -1 1356.169921875 1298.2379150390625 -1 1356.169921875 1298.2379150390625 -1 1410.08740234375 1298.04150390625 -1 1410.08740234375 1298.04150390625 -1 3753.865234375 1299.7015380859375 419058 777.84423828125 1302.1087646484375 1349211 3299.634033203125 1301.868408203125 -1 283.074462890625 1303.5609130859375 477226 2239.84814453125 1303.3472900390625 1551416 888.85260009765625 1304.6783447265625 -1 2707.410888671875 1305.284423828125 -1 938.1859130859375 1307.253173828125 403643 3107.30224609375 1309.34033203125 1160597 192.72198486328125 1310.9307861328125 -1 740.72314453125 1310.868408203125 -1 3136.939453125 1310.8155517578125 419061 634.91162109375 1313.0145263671875 -1 985.6705322265625 1314.82568359375 431454 1703.7879638671875 1314.53515625 1363094 405.46261596679688 1315.471435546875 -1 704.04248046875 1315.21240234375 -1 1390.927490234375 1315.4208984375 -1 1675.004150390625 1316.05615234375 337568 1209.9327392578125 1316.774169921875 418736 1209.9327392578125 1316.774169921875 -1 2689.994873046875 1316.836181640625 419064 3499.4365234375 1316.70654296875 477990 3538.332763671875 1317.3388671875 -1 747.2171630859375 1318.316650390625 -1 747.2171630859375 1318.316650390625 -1 2167.10107421875 1319.517333984375 1551418 2346.65625 1319.025390625 419067 2731.63671875 1320.3236083984375 332869 3104.69775390625 1320.43017578125 1361012 3104.69775390625 1320.43017578125 1361379 1600.1231689453125 1321.16455078125 391101 2239.14990234375 1322.20068359375 -1 2623.42236328125 1321.169677734375 414769 2623.42236328125 1321.169677734375 411399 1443.812255859375 1323.04833984375 -1 2569.8037109375 1323.0828857421875 337394 1503.1552734375 1324.84326171875 476835 3928.64794921875 1323.6785888671875 -1 2555.12890625 1326.651611328125 424320 1642.5474853515625 1327.383056640625 -1 489.17266845703125 1328.3592529296875 -1 2078.005126953125 1328.5462646484375 1365752 3728.410888671875 1328.16845703125 1354628 448.29348754882812 1329.1705322265625 -1 1630.8824462890625 1329.66455078125 -1 3417.962646484375 1329.539306640625 -1 953.1044921875 1330.1304931640625 -1 953.1044921875 1330.1304931640625 -1 1237.940673828125 1330.2410888671875 431468 554.54071044921875 1331.599853515625 -1 990.6636962890625 1333.11572265625 430475 2129.63916015625 1333.2310791015625 400891 728.46380615234375 1335.501708984375 477230 2272.818359375 1336.093505859375 419077 24.031139373779297 1336.50634765625 -1 198.1329345703125 1336.6444091796875 -1 959.34454345703125 1336.1632080078125 -1 959.34454345703125 1336.1632080078125 -1 1437.985595703125 1336.77099609375 402510 281.86932373046875 1338.226806640625 -1 281.86932373046875 1338.226806640625 -1 2550.038330078125 1337.5731201171875 419080 2617.033935546875 1337.66748046875 1551419 2676.25537109375 1337.5556640625 419083 1081.8790283203125 1339.6422119140625 -1 1693.289306640625 1338.77197265625 476833 2874.62255859375 1339.828857421875 -1 953.0916748046875 1339.7716064453125 -1 953.0916748046875 1339.7716064453125 424114 986.8336181640625 1340.531982421875 -1 3596.743408203125 1340.30615234375 410264 53.558479309082031 1341.951416015625 -1 53.558479309082031 1341.951416015625 -1 824.93341064453125 1343.28076171875 -1 1460.392333984375 1343.43798828125 408360 3877.922119140625 1343.367431640625 476709 364.81396484375 1345.346923828125 -1 1138.97998046875 1344.574951171875 -1 3180.20703125 1344.049072265625 337393 3416.563720703125 1345.1148681640625 -1 834.83880615234375 1346.98486328125 -1 1109.632568359375 1348.45556640625 -1 2300.964599609375 1348.684814453125 -1 1521.00927734375 1349.2774658203125 476840 216.0191650390625 1350.9869384765625 -1 625.9346923828125 1350.4515380859375 -1 3185.987548828125 1351.9713134765625 410303 163.66128540039062 1353.5723876953125 -1 3219.3740234375 1352.8587646484375 506338 185.05012512207031 1354.908203125 -1 486.67938232421875 1355.0279541015625 -1 486.67938232421875 1355.0279541015625 -1 912.65802001953125 1354.5416259765625 -1 912.65802001953125 1354.5416259765625 -1 1465.7813720703125 1354.554443359375 -1 2454.583984375 1354.9423828125 391080 2559.335693359375 1355.973876953125 1365781 3432.881103515625 1356.1695556640625 410317 558.5875244140625 1356.9215087890625 424048 558.5875244140625 1356.9215087890625 -1 3632.0400390625 1357.213623046875 -1 950.04180908203125 1358.154296875 -1 2301.0908203125 1358.4935302734375 -1 197.11891174316406 1358.744873046875 -1 197.11891174316406 1358.744873046875 -1 404.0736083984375 1358.75634765625 -1 1071.3984375 1359.8851318359375 -1 495.822265625 1361.92919921875 451958 2863.1171875 1361.9825439453125 -1 177.43417358398438 1363.5748291015625 -1 3777.447265625 1363.17236328125 337392 895.15557861328125 1363.8465576171875 451963 1218.334228515625 1364.576904296875 -1 1218.334228515625 1364.576904296875 509136 2703.98046875 1365.8641357421875 419086 3678.999267578125 1366.328857421875 -1 990.00634765625 1366.6173095703125 1174297 1123.5396728515625 1367.0904541015625 430495 3539.839111328125 1367.01318359375 337391 254.58161926269531 1368.1102294921875 -1 407.06231689453125 1367.6666259765625 430439 407.06231689453125 1367.6666259765625 473834 2635.3681640625 1369.029052734375 1363100 1140.949951171875 1370.7567138671875 -1 857.5302734375 1372.01416015625 -1 857.5302734375 1372.01416015625 476511 1395.9449462890625 1371.239501953125 407739 2573.095458984375 1371.814208984375 391076 2573.095458984375 1371.814208984375 476725 2805.593017578125 1372.346923828125 476823 3105.177734375 1371.9190673828125 -1 457.421630859375 1372.6929931640625 -1 457.421630859375 1372.6929931640625 -1 754.80902099609375 1373.2685546875 -1 1455.121337890625 1373.18359375 -1 3205.07470703125 1372.8594970703125 476818 3915.23388671875 1372.8009033203125 -1 27.291408538818359 1374.9990234375 -1 296.1865234375 1375.0343017578125 477308 296.1865234375 1375.0343017578125 -1 993.7882080078125 1373.6292724609375 -1 1322.89697265625 1375.3828125 1348464 1635.0810546875 1375.9600830078125 593416 1868.3521728515625 1375.061767578125 419092 335.0562744140625 1378.4776611328125 -1 335.0562744140625 1378.4776611328125 477309 3752.15087890625 1377.416259765625 -1 2090.506591796875 1378.905029296875 419095 1026.078369140625 1380.2581787109375 -1 556.33978271484375 1381.24365234375 1349209 650.22821044921875 1382.2216796875 1349197 1399.0233154296875 1382.3162841796875 -1 3736.910400390625 1381.5595703125 416179 2747.774658203125 1382.712158203125 1351858 300.21170043945312 1383.730224609375 -1 597.78851318359375 1384.3682861328125 -1 929.0423583984375 1384.482421875 -1 3312.5498046875 1384.7474365234375 1363101 878.33245849609375 1385.775390625 -1 672.952392578125 1386.4915771484375 -1 672.952392578125 1386.4915771484375 -1 1284.958984375 1386.221435546875 431481 1692.01611328125 1387.8162841796875 1363102 3013.686767578125 1388.10595703125 1164750 763.79766845703125 1390.8985595703125 1349794 763.79766845703125 1390.8985595703125 -1 279.04544067382812 1391.369384765625 -1 530.47174072265625 1391.4769287109375 -1 530.47174072265625 1391.4769287109375 -1 543.8284912109375 1391.7254638671875 -1 3089.51708984
2026-05-15T21:39:25.198000+00:00 md1shrunk1456-1778880862-3dgs/algo-1-1778880912 375 1391.518798828125 -1 3870.84375 1391.830078125 -1 3870.84375 1391.830078125 -1 3959.01318359375 1392.026123046875 -1 811.58514404296875 1393.2947998046875 430477 1074.8070068359375 1393.02490234375 476513 1209.187744140625 1393.7615966796875 -1 1209.187744140625 1393.7615966796875 -1 1091.3040771484375 1395.978759765625 430504 2320.766357421875 1395.7945556640625 391059 656.9708251953125 1396.7962646484375 477244 974.72625732421875 1397.3985595703125 430494 2813.6318359375 1396.6513671875 -1 3242.42919921875 1397.001708984375 391067 289.39572143554688 1397.286865234375 430441 289.39572143554688 1397.286865234375 1360284 335.12478637695312 1399.3226318359375 -1 311.83505249023438 1399.3671875 -1 392.41793823242188 1399.494384765625 -1 525.2799072265625 1398.861328125 -1 525.2799072265625 1398.861328125 477240 987.230224609375 1399.109619140625 430687 2329.357177734375 1398.9537353515625 -1 136.58383178710938 1401.0015869140625 -1 136.58383178710938 1401.0015869140625 -1 571.74066162109375 1400.3681640625 477243 1611.686279296875 1400.685791015625 391045 2048.5810546875 1400.845947265625 410339 2471.491455078125 1401.669189453125 -1 2403.63916015625 1401.9786376953125 419098 1592.220703125 1402.9871826171875 476929 3975.3486328125 1404.40234375 450942 94.03070068359375 1405.9202880859375 -1 1071.87353515625 1405.624755859375 410371 1071.87353515625 1405.624755859375 419101 2855.33984375 1405.75927734375 1349039 3142.48388671875 1405.2362060546875 476822 3269.577392578125 1405.1771240234375 1363103 3269.577392578125 1405.1771240234375 411524 3630.533447265625 1405.3802490234375 -1 3630.533447265625 1405.3802490234375 -1 689.5460205078125 1406.731689453125 -1 821.56976318359375 1405.908447265625 430485 517.72509765625 1407.9730224609375 -1 1811.7047119140625 1408.2667236328125 1555530 1811.7047119140625 1408.2667236328125 337389 2051.128662109375 1408.636962890625 419104 1055.427490234375 1410.037109375 451973 501.72683715820312 1410.7286376953125 477245 883.7467041015625 1410.998291015625 -1 998.84759521484375 1411.1060791015625 -1 998.84759521484375 1411.1060791015625 -1 2555.46337890625 1410.67724609375 1351203 326.5938720703125 1411.262939453125 -1 1527.9658203125 1412.1214599609375 476849 1527.9658203125 1412.1214599609375 100365 1950.837646484375 1412.82861328125 1159767 2236.95361328125 1411.6954345703125 476837 3930.92431640625 1411.7152099609375 -1 593.06524658203125 1413.8218994140625 451970 834.0703125 1412.724365234375 473695 2178.53955078125 1413.653076171875 337562 2178.53955078125 1413.653076171875 416228 3670.75390625 1413.450439453125 -1 3670.75390625 1413.450439453125 -1 512.923828125 1414.2926025390625 -1 918.1929931640625 1413.888671875 -1 3224.601806640625 1414.8741455078125 337388 3839.39208984375 1416.1688232421875 -1 3940.926513671875 1414.912109375 -1 248.04258728027344 1416.521728515625 1347339 383.60980224609375 1416.939697265625 -1 383.60980224609375 1416.939697265625 -1 755.42724609375 1416.840576171875 473835 793.6451416015625 1416.57568359375 1349302 3863.27587890625 1417.184814453125 476713 1640.7371826171875 1418.4173583984375 -1 1640.7371826171875 1418.4173583984375 -1 2905.45361328125 1418.045166015625 1365783 2905.45361328125 1418.045166015625 -1 3656.075439453125 1417.694580078125 -1 3656.075439453125 1417.694580078125 -1 370.72689819335938 1419.7421875 451969 2980.6728515625 1419.4727783203125 476826 969.814208984375 1420.2890625 430502 1497.97412109375 1421.33203125 391033 1497.97412109375 1421.33203125 -1 587.75439453125 1422.255615234375 -1 1333.803466796875 1421.622314453125 -1 1451.807861328125 1420.792236328125 403246 2846.07666015625 1422.090576171875 332867 3236.402587890625 1421.831787109375 472179 3264.66796875 1422.297119140625 496706 107.09071350097656 1422.708251953125 -1 719.9893798828125 1422.5274658203125 1360076 186.31265258789062 1425.1563720703125 -1 737.4967041015625 1424.017822265625 477251 419.52896118164062 1426.734619140625 1349207 419.52896118164062 1426.734619140625 -1 810.70556640625 1426.09033203125 -1 810.70556640625 1426.09033203125 -1 1710.7750244140625 1426.335693359375 328997 712.50250244140625 1427.8984375 477254 1210.291748046875 1427.863037109375 509139 1358.9820556640625 1428.2774658203125 -1 2686.5712890625 1427.62890625 474441 781.20147705078125 1429.3060302734375 -1 781.20147705078125 1429.3060302734375 -1 37.037815093994141 1430.3887939453125 -1 334.94549560546875 1431.0972900390625 413259 451.27227783203125 1430.7738037109375 477249 601.16668701171875 1431.2159423828125 477253 2518.123046875 1431.120361328125 -1 3394.712890625 1430.2760009765625 -1 410.55914306640625 1431.398193359375 473697 539.79266357421875 1432.281005859375 477252 427.33270263671875 1433.2879638671875 -1 427.33270263671875 1433.2879638671875 473700 670.4320068359375 1433.7900390625 -1 658.091064453125 1435.521484375 1349301 743.98504638671875 1435.82470703125 -1 2911.646728515625 1435.1636962890625 419107 1382.6390380859375 1437.0185546875 391013 1521.091796875 1436.1845703125 1555531 2293.406982421875 1436.965576171875 478331 2624.828125 1437.4261474609375 404572 2624.828125 1437.4261474609375 1360867 2029.484375 1438.3653564453125 391020 3779.179931640625 1437.86279296875 -1 1659.5692138671875 1438.9906005859375 410440 1429.9822998046875 1440.8331298828125 508983 3962.98095703125 1440.14794921875 -1 79.197074890136719 1441.596923828125 -1 165.88864135742188 1442.486572265625 1349206 502.31582641601562 1443.009765625 477256 2838.77490234375 1443.0458984375 -1 349.02896118164062 1444.3907470703125 -1 683.750732421875 1444.140869140625 90421 2036.25537109375 1443.9423828125 1551421 1139.356201171875 1445.0523681640625 -1 3593.8212890625 1444.722900390625 410455 383.86410522460938 1447.6844482421875 477255 1067.160400390625 1448.529296875 -1 210.98797607421875 1450.0133056640625 -1 714.84503173828125 1448.9293212890625 -1 1622.28125 1448.6962890625 -1 11.461501121520996 1451.032470703125 -1 77.292091369628906 1451.011962890625 1349270 544.8486328125 1450.707275390625 -1 676.396484375 1450.405029296875 -1 676.396484375 1450.405029296875 -1 692.40777587890625 1451.5048828125 -1 692.40777587890625 1451.5048828125 -1 704.35821533203125 1450.0194091796875 1349300 1932.1673583984375 1450.33447265625 1551422 335.62435913085938 1454.048095703125 -1 335.62435913085938 1454.048095703125 -1 375.50396728515625 1454.396484375 473702 978.7640380859375 1454.2919921875 477559 441.10015869140625 1459.468505859375 -1 633.436767578125 1459.9083251953125 451977 2064.457763671875 1459.1387939453125 410474 2064.457763671875 1459.1387939453125 337561 285.2371826171875 1460.5087890625 1347344 285.2371826171875 1460.5087890625 1360041 1955.608642578125 1461.047607421875 1363111 2756.420654296875 1461.33447265625 419976 3527.76123046875 1460.5592041015625 476724 3794.351806640625 1460.60302734375 -1 1999.60498046875 1461.8402099609375 1551424 3438.791015625 1462.4761962890625 416267 2025.9498291015625 1462.552001953125 -1 141.09268188476562 1465.597412109375 -1 1207.48681640625 1469.922119140625 -1 470.1881103515625 1470.80859375 477257 1818.8731689453125 1471.1663818359375 416283 1464.6827392578125 1471.2904052734375 423650 2770.7470703125 1472.22412109375 419112 3373.32177734375 1471.339111328125 333995 3373.32177734375 1471.339111328125 419117 1572.1759033203125 1472.9306640625 1359879 1572.1759033203125 1472.9306640625 476936 1886.79833984375 1472.5926513671875 476851 1886.79833984375 1472.5926513671875 476852 3722.91796875 1472.922607421875 -1 212.29322814941406 1475.14501953125 -1 394.83432006835938 1475.8880615234375 -1 394.83432006835938 1475.8880615234375 -1 3964.079833984375 1476.160400390625 -1 3964.079833984375 1476.160400390625 -1 293.99169921875 1476.349609375 473703 307.958740234375 1477.15234375 -1 2565.33056640625 1476.402099609375 1551427 1988.964111328125 1477.9786376953125 419120 1988.964111328125 1477.9786376953125 419123 3986.721435546875 1477.949951171875 -1 263.38497924804688 1480.00341796875 -1 1602.5120849609375 1479.4296875 414841 1669.9688720703125 1479.9254150390625 405579 1893.898681640625 1479.5233154296875 337560 1893.898681640625 1479.5233154296875 419126 540.825927734375 1480.9921875 -1 3217.478515625 1479.998291015625 476729 3372.22607421875 1481.70458984375 419129 5.4386310577392578 1483.0418701171875 -1 1618.7694091796875 1483.3681640625 404323 2784.451171875 1483.396728515625 -1 314.79498291015625 1484.1978759765625 -1 3605.625 1484.3463134765625 -1 3605.625 1484.3463134765625 -1 1782.5849609375 1485.442138671875 -1 2350.025634765625 1485.4130859375 -1 2564.77001953125 1485.8787841796875 1551430 3081.99609375 1486.121337890625 476731 2460.573486328125 1487.07421875 411591 2460.573486328125 1487.07421875 -1 266.19378662109375 1487.8233642578125 -1 396.59744262695312 1488.2998046875 -1 1493.4722900390625 1487.99169921875 509040 3695.44873046875 1487.5408935546875 -1 43.832324981689453 1489.006103515625 -1 1255.0062255859375 1488.992919921875 -1 2945.634521484375 1489.634521484375 -1 539.49310302734375 1490.663818359375 1347352 945.53656005859375 1490.6798095703125 -1 1930.574951171875 1491.8084716796875 476935 3483.439453125 1491.395751953125 332868 1690.0947265625 1492.7276611328125 1159768 2752.021484375 1493.0125732421875 -1 824.1019287109375 1494.7486572265625 419134 881.282958984375 1494.1004638671875 -1 881.282958984375 1494.1004638671875 -1 189.88726806640625 1495.0860595703125 -1 3085.2529296875 1496.0875244140625 476834 54.808635711669922 1497.81640625 -1 2698.58984375 1497.8717041015625 419137 2698.58984375 1497.8717041015625 419140 246.77871704101562 1499.18994140625 -1 111.00157165527344 1501.285888671875 -1 111.00157165527344 1501.285888671875 -1 3004.343017578125 1501.0704345703125 476839 235.84109497070312 1501.998046875 -1 383.3114013671875 1501.990234375 -1 22.614603042602539 1506.001708984375 -1 300.1370849609375 1505.9013671875 -1 300.1370849609375 1505.9013671875 -1 590.17901611328125 1505.6220703125 1349205 2495.22216796875 1505.8857421875 -1 252.91761779785156 1507.7618408203125 -1 671.91033935546875 1507.3541259765625 -1 2010.410400390625 1506.71533203125 390994 818.0401611328125 1507.92626953125 476607 818.0401611328125 1507.92626953125 -1 2070.469970703125 1508.1556396484375 419143 2975.611328125 1508.1329345703125 -1 2482.97705078125 1509.62158203125 -1 3554.794677734375 1508.81640625 -1 3546.328125 1510.328857421875 -1 3944.3427734375 1511.12939453125 -1 3944.3427734375 1511.12939453125 -1 233.68365478515625 1512.2691650390625 -1 802.1375732421875 1512.3741455078125 1349254 854.7381591796875 1512.21728515625 1349283 854.7381591796875 1512.21728515625 -1 1374.0191650390625 1512.197265625 419152 1566.8682861328125 1512.7904052734375 419155 2375.8291015625 1511.794677734375 -1 2424.989990234375 1511.726318359375 390990 2870.0888671875 1512.37158203125 419158 795.778076171875 1513.1077880859375 1360031 1743.5980224609375 1513.0654296875 407115 589.3919677734375 1514.172119140625 -1 589.3919677734375 1514.172119140625 1546994 1090.6302490234375 1514.7569580078125 -1 2674.470703125 1514.5238037109375 419161 2683.78564453125 1514.1466064453125 419164 2825.70361328125 1514.7568359375 408551 676.76947021484375 1515.7861328125 424193 2899.651123046875 1515.486572265625 -1 210.23927307128906 1516.3173828125 -1 884.4932861328125 1519.0618896484375 -1 2545.288818359375 1519.8607177734375 390986 3890.49169921875 1519.424072265625 -1 274.89352416992188 1520.2520751953125 -1 894.90228271484375 1520.630615234375 419167 2968.34375 1520.0830078125 -1 133.20298767089844 1522.594482421875 -1 133.20298767089844 1522.594482421875 -1 1785.1683349609375 1521.382080078125 476941 3531.51220703125 1522.488037109375 -1 1478.412109375 1522.81884765625 419170 2265.05419921875 1523.2574462890625 1361009 2521.679443359375 1523.51318359375 337387 2790.59716796875 1523.6676025390625 476736 3020.1865234375 1523.6925048828125 419173 3439.2041015625 1523.2586669921875 -1 251.88259887695312 1524.4764404296875 -1 838.258056640625 1524.701416015625 408072 1558.083984375 1525.6915283203125 476947 2415.593994140625 1525.61328125 337557 3150.531982421875 1525.3685302734375 -1 452.35565185546875 1527.543212890625 -1 452.35565185546875 1527.543212890625 -1 887.7061767578125 1528.24462890625 1349253 3882.80517578125 1527.3436279296875 -1 681.3184814453125 1529.6064453125 -1 150.62586975097656 1533.0772705078125 -1 1189.899658203125 1533.009521484375 -1 1452.380615234375 1533.38623046875 419179 2772.7265625 1533.32275390625 1361382 263.79534912109375 1534.859130859375 -1 2101.693603515625 1534.220703125 476855 3222.51806640625 1535.8800048828125 -1 1209.095947265625 1536.3941650390625 430541 1423.764892578125 1536.4295654296875 390945 1827.9083251953125 1536.903564453125 337555 3045.802001953125 1536.4610595703125 -1 684.7684326171875 1537.761962890625 -1 684.7684326171875 1537.761962890625 -1 2282.727783203125 1538.21142578125 -1 3059.549560546875 1537.8465576171875 -1 3090.816650390625 1537.909423828125 -1 3120.07666015625 1538.6732177734375 -1 1403.5087890625 1538.66162109375 337386 2135.4716796875 1539.074462890625 476856 2199.36865234375 1539.895263671875 424916 2443.002197265625 1539.632080078125 390949 1776.6290283203125 1540.097900390625 390247 3161.662841796875 1540.3045654296875 -1 373.77838134765625 1542.1173095703125 -1 3582.68603515625 1541.8828125 -1 3198.243408203125 1543.3228759765625 419185 3763.88671875 1543.0224609375 -1 359.382568359375 1544.140625 -1 253.87602233886719 1545.5804443359375 -1 507.0106201171875 1545.57568359375 1362518 435.52606201171875 1546.7579345703125 -1 1367.909423828125 1547.4248046875 1359877 235.65377807617188 1548.5792236328125 -1 3739.83544921875 1548.4302978515625 -1 222.04801940917969 1550.312255859375 -1 762.5372314453125 1550.343505859375 430522 2223.6689453125 1549.979248046875 1555265 2223.6689453125 1549.979248046875 1554540 2770.935302734375 1550.8994140625 476846 958.21160888671875 1551.58740234375 -1 27.253534317016602 1553.147705078125 -1 1222.2679443359375 1552.93994140625 -1 1468.650634765625 1553.42041015625 337554 1966.39404296875 1552.55029296875 419188 2462.03369140625 1552.742919921875 337385 3567.51025390625 1553.162109375 -1 3807.484130859375 1553.169677734375 -1 120.44561767578125 1554.7972412109375 -1 304.01608276367188 1554.4150390625 -1 304.01608276367188 1554.4150390625 -1 393.80459594726562 1554.840576171875 -1 3006.435791015625 1554.2371826171875 -1 3418.7275390625 1554.729248046875 -1 506.5628662109375 1555.438232421875 430503 1431.4598388671875 1556.2275390625 -1 3715.06640625 1556.037841796875 -1 1571.77783203125 1556.416259765625 337384 3230.5693359375 1556.7144775390625 -1 3768.71240234375 1557.5469970703125 -1 3768.71240234375 1557.5469970703125 -1 1617.697998046875 1557.8818359375 -1 1282.963134765625 1559.7742919921875 -1 2457.4453125 1561.398681640625 390937 3413.852294921875 1561.907470703125 -1 1439.50146484375 1563.9598388671875 337383 3204.01806640625 1564.1612548828125 -1 519.00689697265625 1565.380615234375 1349347 3717.25830078125 1565.3856201171875 -1 2976.037353515625 1567.1397705078125 476845 2976.037353515625 1567.1397705078125 476844 3890.58154296875 1567.190673828125 -1 2462.036376953125 1568.26025390625 337553 2462.036376953125 1568.26025390625 337552 233.79362487792969 1569.0570068359375 -1 1502.1678466796875 1570.36083984375 -1 3958.19287109375 1569.8887939453125 -1 2865.709228515625 1571.14404296875 -1 2966.734375 1570.7701416015625 477843 2966.734375 1570.7701416015625 476847 3746.113525390625 1570.281982421875 -1 3746.113525390625 1570.281982421875 -1 1947.772216796875 1571.7449951171875 476858 3007.305908203125 1571.719970703125 419194 3160.16064453125 1571.5037841796875 -1 3509.11279296875 1572.259765625 -1 3509.11279296875 1572.259765625 -1 3617.86669921875 1572.51025390625 -1 3617.86669921875 1572.51025390625 -1 61.217250823974609 1574.3056640625 457592 262.7076416015625 1574.4324951171875 -1 3262.28271484375 1575.3741455078125 -1 3262.28271484375 1575.3741455078125 -1 49.751911163330078 1577.3004150390625 -1 2254.302978515625 1577.215576171875 -1 3687.720703125 1577.187255859375 -1 3865.1728515625 1576.13671875 -1 1198.2215576171875 1579.557373046875 337382 2267.236328125 1579.608642578125 -1 3090.91162109375 1578.7666015625 -1 506.01333618164062 1580.108642578125 452217 2322.1259765625 1580.721435546875 424429 3844.22827148437
2026-05-15T21:39:25.198000+00:00 md1shrunk1456-1778880862-3dgs/algo-1-1778880912 5 1580.1922607421875 -1 240.39932250976562 1582.3267822265625 -1 1243.4180908203125 1581.82373046875 -1 107.43109893798828 1582.683349609375 -1 740.1070556640625 1583.375 419201 2519.21826171875 1582.8846435546875 -1 2542.8818359375 1582.8587646484375 337551 2756.124267578125 1582.50341796875 337381 2779.57861328125 1582.4892578125 -1 2779.57861328125 1582.4892578125 477997 3152.3740234375 1583.1995849609375 -1 3506.164794921875 1583.34765625 -1 3634.48486328125 1583.47216796875 -1 3634.48486328125 1583.47216796875 -1 396.540283203125 1584.99755859375 -1 946.50872802734375 1584.11376953125 337380 2116.118408203125 1585.889892578125 -1 3202.427978515625 1585.4970703125 -1 77.362258911132812 1587.436767578125 -1 999.0423583984375 1586.2265625 -1 1314.2784423828125 1586.5916748046875 -1 165.755859375 1587.79736328125 -1 670.53399658203125 1588.1702880859375 -1 1274.91162109375 1587.476806640625 -1 3934.056640625 1588.063720703125 -1 192.99147033691406 1589.1456298828125 -1 107.27935028076172 1590.6724853515625 -1 1387.1026611328125 1590.7103271484375 -1 1387.1026611328125 1590.7103271484375 -1 1506.1170654296875 1591.2476806640625 390190 1932.955078125 1590.9736328125 1351176 2040.12158203125 1591.2525634765625 424463 3061.116943359375 1590.724609375 -1 406.31500244140625 1591.6436767578125 1360121 3605.1103515625 1591.3677978515625 -1 2579.416259765625 1593.04443359375 -1 3310.37646484375 1592.8106689453125 1159771 3637.143798828125 1593.695556640625 -1 32.81854248046875 1594.48291015625 1349204 1319.7374267578125 1594.3824462890625 390919 3127.17626953125 1597.4505615234375 -1 3127.17626953125 1597.4505615234375 -1 85.454025268554688 1598.3857421875 -1 3564.02587890625 1598.1287841796875 -1 3564.02587890625 1598.1287841796875 -1 1653.989990234375 1599.6669921875 1181721 2093.091064453125 1598.7025146484375 -1 1771.30615234375 1600.78955078125 446227 3831.95654296875 1600.9393310546875 -1 3831.95654296875 1600.9393310546875 -1 2126.0390625 1601.22119140625 476859 2755.4091796875 1602.392333984375 -1 3383.405517578125 1601.6572265625 -1 346.75991821289062 1603.272705078125 -1 892.62908935546875 1603.3857421875 408567 1437.7021484375 1603.0504150390625 337547 521.7076416015625 1604.3505859375 451989 1862.25732421875 1604.52490234375 337548 3119.7119140625 1604.068359375 -1 3119.7119140625 1604.068359375 -1 1836.5887451171875 1605.6268310546875 390916 3817.23388671875 1605.6004638671875 -1 3988.578857421875 1606.0704345703125 -1 3988.578857421875 1606.0704345703125 -1 1827.152099609375 1607.4468994140625 476949 3395.7392578125 1607.44970703125 -1 3421.232666015625 1608.52783203125 -1 3421.232666015625 1608.52783203125 423661 3836.876220703125 1608.099609375 -1 468.21453857421875 1609.799072265625 -1 3002.19677734375 1608.9869384765625 -1 3868.57958984375 1609.48046875 -1 2512.43017578125 1611.102783203125 424418 897.0772705078125 1612.14892578125 430717 2937.685302734375 1611.7744140625 -1 3498.246826171875 1611.413330078125 449810 2703.169921875 1612.8818359375 419204 1714.319091796875 1614.3984375 408838 1766.8873291015625 1614.4273681640625 -1 1848.59814453125 1614.4727783203125 -1 1848.59814453125 1614.4727783203125 -1 3343.51171875 1614.408447265625 -1 3634.97216796875 1614.4139404296875 450955 3634.97216796875 1614.4139404296875 1159774 1188.856689453125 1616.1815185546875 -1 1188.856689453125 1616.1815185546875 -1 1387.28076171875 1617.937255859375 -1 1387.28076171875 1617.937255859375 -1 2099.648193359375 1618.0980224609375 390909 3002.577880859375 1618.010498046875 -1 3002.577880859375 1618.010498046875 -1 2539.319091796875 1619.065673828125 424421 2572.410888671875 1619.4420166015625 476945 3471.7587890625 1619.372802734375 -1 2436.03662109375 1621.0472412109375 476857 1208.7265625 1621.43115234375 -1 1627.172607421875 1621.3807373046875 -1 3925.650634765625 1623.525390625 -1 3925.650634765625 1623.525390625 -1 2588.803955078125 1624.0570068359375 -1 2588.803955078125 1624.0570068359375 -1 3630.54736328125 1623.841796875 -1 62.312755584716797 1625.120361328125 -1 2171.4970703125 1625.1524658203125 417437 2911.2705078125 1626.0643310546875 -1 3879.751953125 1625.91259765625 -1 2878.681640625 1626.893310546875 450090 259.00335693359375 1628.338134765625 -1 1253.617919921875 1628.5133056640625 390157 2512.94873046875 1628.26171875 -1 3267.27197265625 1629.005859375 337378 3870.986083984375 1629.7845458984375 -1 3870.986083984375 1629.7845458984375 -1 3409.6689453125 1630.8233642578125 409953 3593.6015625 1630.8277587890625 -1 564.7191162109375 1631.290283203125 419207 3948.1396484375 1633.487060546875 -1 3948.1396484375 1633.487060546875 -1 87.305435180664062 1636.2498779296875 -1 2095.322998046875 1635.1263427734375 476860 2095.322998046875 1635.1263427734375 411736 2244.650390625 1637.0712890625 401928 2244.650390625 1637.0712890625 -1 2254.30810546875 1636.61083984375 337546 2900.583740234375 1636.9410400390625 -1 3647.175048828125 1637.3858642578125 -1 3733.908203125 1637.3450927734375 -1 579.5673828125 1638.5552978515625 419210 2580.34423828125 1638.2451171875 476946 2806.731201171875 1637.9051513671875 -1 2806.731201171875 1637.9051513671875 -1 2872.29541015625 1638.198486328125 -1 1478.140869140625 1639.4822998046875 -1 1914.2994384765625 1639.872802734375 419213 1914.2994384765625 1639.872802734375 -1 3894.253173828125 1639.29248046875 -1 3894.253173828125 1639.29248046875 -1 2310.052001953125 1640.118408203125 419216 2654.27294921875 1640.6907958984375 -1 3725.967041015625 1643.8330078125 -1 3856.923583984375 1644.9180908203125 -1 3856.923583984375 1644.9180908203125 -1 50.45953369140625 1645.843505859375 -1 2547.507080078125 1645.553955078125 -1 2547.507080078125 1645.553955078125 -1 2681.48828125 1645.640380859375 -1 3656.173828125 1645.68359375 -1 3736.62353515625 1645.96630859375 -1 1899.2841796875 1646.8763427734375 -1 2535.748046875 1647.951416015625 -1 3522.87939453125 1648.1397705078125 -1 322.8946533203125 1649.3828125 1349282 1153.78271484375 1649.0081787109375 419219 2043.1065673828125 1648.6419677734375 -1 3282.10986328125 1649.3408203125 419222 445.127197265625 1650.581787109375 419224 2764.674072265625 1651.370849609375 -1 2680.38134765625 1654.47412109375 -1 2680.38134765625 1654.47412109375 -1 3363.555908203125 1653.75927734375 -1 3474.6162109375 1654.81201171875 419230 1517.7784423828125 1657.21142578125 -1 2827.05029296875 1656.921142578125 -1 2827.05029296875 1656.921142578125 -1 3091.44384765625 1656.822265625 -1 3091.44384765625 1656.822265625 337377 3250.436767578125 1656.639892578125 -1 3250.436767578125 1656.639892578125 -1 3798.27783203125 1656.95654296875 -1 3798.27783203125 1656.95654296875 -1 2757.7646484375 1658.630126953125 -1 3505.822509765625 1657.7109375 -1 97.059402465820312 1658.5234375 -1 1339.301513671875 1659.5660400390625 -1 1339.301513671875 1659.5660400390625 -1 2737.764892578125 1659.1986083984375 477887 2929.6708984375 1659.41845703125 -1 3878.08251953125 1659.973876953125 -1 2970.9189453125 1660.1439208984375 -1 515.04437255859375 1661.6429443359375 419241 1866.291748046875 1662.2069091796875 390900 1779.300537109375 1662.92041015625 399537 1325.9539794921875 1664.2059326171875 423709 1325.9539794921875 1664.2059326171875 -1 3782.97265625 1664.417236328125 -1 1214.9365234375 1666.176025390625 -1 2382.133056640625 1665.7305908203125 445818 3869.434814453125 1665.2342529296875 -1 3965.0986328125 1666.2938232421875 -1 51.939697265625 1668.3934326171875 -1 2004.12060546875 1668.625244140625 -1 3859.516845703125 1671.670166015625 196273 2453.033203125 1673.069580078125 -1 3315.609130859375 1673.5755615234375 419245 3439.72607421875 1673.25830078125 -1 160.6719970703125 1673.97119140625 -1 1891.7283935546875 1674.3841552734375 390894 495.61312866210938 1675.3929443359375 452230 2118.903564453125 1674.733154296875 -1 2118.903564453125 1674.733154296875 -1 2672.66015625 1674.915283203125 -1 2747.91259765625 1676.380615234375 419248 440.457763671875 1676.9671630859375 -1 3471.255126953125 1676.118408203125 -1 3471.255126953125 1676.118408203125 -1 2755.7646484375 1678.606201171875 -1 2911.36181640625 1677.533935546875 -1 2153.539794921875 1679.1282958984375 -1 2832.416748046875 1679.1356201171875 1159780 3594.7646484375 1679.1392822265625 -1 3866.46142578125 1680.921875 -1 1125.774658203125 1682.1278076171875 390891 2456.17578125 1681.4019775390625 392082 3005.03271484375 1681.702392578125 -1 3005.03271484375 1681.702392578125 -1 3444.0703125 1682.343505859375 419261 2204.95751953125 1683.196533203125 -1 2539.731689453125 1684.6356201171875 -1 3686.63720703125 1683.9337158203125 -1 2607.988525390625 1685.5699462890625 -1 2708.836669921875 1685.379638671875 -1 2954.067626953125 1685.39697265625 -1 935.3192138671875 1686.3306884765625 -1 2000.21923828125 1687.0506591796875 419264 3786.496337890625 1687.548583984375 -1 141.33880615234375 1689.15771484375 430509 2640.87353515625 1690.2110595703125 -1 3919.302978515625 1689.5494384765625 -1 3944.3408203125 1689.3463134765625 -1 104.01988220214844 1690.24951171875 -1 1769.440673828125 1691.2213134765625 334287 1833.102783203125 1692.5364990234375 -1 3589.43408203125 1691.9638671875 -1 611.525634765625 1693.9532470703125 337376 2747.33447265625 1693.5048828125 -1 3498.1806640625 1693.9503173828125 -1 1947.819580078125 1695.5577392578125 -1 2559.6123046875 1695.582763671875 -1 1934.284912109375 1696.9517822265625 423706 3833.9111328125 1696.8665771484375 451472 3861.732177734375 1696.5382080078125 451471 144.29031372070312 1697.870849609375 -1 2136.91015625 1698.236328125 -1 3550.22509765625 1698.064453125 -1 3778.809814453125 1697.2958984375 -1 3778.809814453125 1697.2958984375 -1 53.821235656738281 1701.33984375 -1 3115.218505859375 1701.463134765625 -1 3115.218505859375 1701.463134765625 -1 469.90322875976562 1703.062744140625 430534 2004.099365234375 1702.7216796875 390888 2616.74365234375 1702.6624755859375 -1 144.57456970214844 1706.12890625 -1 1811.8748779296875 1707.3192138671875 477892 3126.60986328125 1707.9820556640625 -1 3301.199951171875 1707.686767578125 337375 3701.54052734375 1708.5992431640625 450960 131.2171630859375 1709.259521484375 477323 1138.9376220703125 1710.479736328125 430729 1555.49951171875 1708.861328125 419267 1555.49951171875 1708.861328125 1159783 2358.531494140625 1709.7060546875 -1 743.33184814453125 1710.625732421875 -1 743.33184814453125 1710.625732421875 -1 1242.8865966796875 1710.27880859375 419270 3393.8359375 1710.744140625 -1 2424.75634765625 1711.960205078125 -1 3481.485595703125 1712.58203125 -1 1886.1558837890625 1714.68994140625 419273 3783.727783203125 1715.09619140625 196279 262.771240234375 1716.3233642578125 -1 1391.58203125 1716.5570068359375 390104 1486.786865234375 1716.6619873046875 494535 1809.6884765625 1717.46337890625 -1 3703.530517578125 1717.323486328125 -1 506.33285522460938 1719.541015625 419277 1363.68310546875 1719.957763671875 399675 1363.68310546875 1719.957763671875 -1 2661.875244140625 1719.2237548828125 -1 2351.364990234375 1720.4539794921875 390885 2749.81884765625 1721.2119140625 -1 3274.020751953125 1720.8994140625 -1 3274.020751953125 1720.8994140625 419280 3514.1806640625 1720.2728271484375 -1 2201.004638671875 1721.885009765625 -1 2360.21435546875 1722.1929931640625 -1 3062.634033203125 1721.7371826171875 -1 3062.634033203125 1721.7371826171875 -1 110.35398864746094 1723.58984375 -1 2035.05908203125 1722.51220703125 419287 3627.83642578125 1723.5638427734375 -1 3627.83642578125 1723.5638427734375 -1 3653.64501953125 1723.7537841796875 -1 3653.64501953125 1723.7537841796875 -1 195.01324462890625 1725.599853515625 477268 1488.774658203125 1725.28662109375 390869 741.05072021484375 1726.8507080078125 -1 2810.16943359375 1726.7559814453125 -1 3224.6884765625 1727.6600341796875 1159784 219.08358764648438 1729.3988037109375 452052 1871.7890625 1731.756591796875 399648 3088.64794921875 1732.2381591796875 -1 3571.44189453125 1732.5706787109375 -1 2687.151123046875 1734.7764892578125 -1 2790.81298828125 1734.231201171875 -1 1736.684326171875 1734.8699951171875 476950 3640.3505859375 1735.220703125 -1 3794.2490234375 1737.29296875 -1 2659.63232421875 1738.799072265625 -1 1225.20703125 1739.46435546875 390857 1908.609619140625 1738.943359375 419289 2253.471923828125 1739.301025390625 337541 2239.376220703125 1742.573974609375 -1 2359.2373046875 1741.7774658203125 -1 858.34466552734375 1742.67138671875 390854 858.34466552734375 1742.67138671875 419292 1003.9926147460938 1743.5263671875 430726 2348.09228515625 1742.7479248046875 -1 2483.581298828125 1742.8388671875 -1 3517.4697265625 1742.9478759765625 -1 1533.0693359375 1744.825439453125 1363132 2622.1923828125 1744.43701171875 -1 3562.88134765625 1744.2216796875 -1 558.15460205078125 1746.1029052734375 419299 1896.166259765625 1745.695556640625 -1 1999.48046875 1745.89697265625 337374 1999.48046875 1745.89697265625 477024 3541.541748046875 1745.3916015625 -1 2695.2568359375 1746.6474609375 -1 3525.48828125 1746.720458984375 -1 2371.708740234375 1748.6158447265625 -1 2409.267333984375 1748.6431884765625 390860 3253.598388671875 1748.8184814453125 -1 3426.43212890625 1748.4217529296875 -1 3500.730224609375 1747.7003173828125 -1 2472.167236328125 1748.958251953125 -1 2899.382568359375 1749.506591796875 -1 2926.91259765625 1749.7880859375 -1 2926.91259765625 1749.7880859375 -1 3625.02685546875 1749.800537109375 -1 3625.02685546875 1749.800537109375 -1 1025.75927734375 1750.0286865234375 479127 2659.84375 1749.853515625 -1 2649.075927734375 1753.650146484375 -1 3097.06640625 1752.7734375 -1 281.38629150390625 1755.17431640625 -1 269.10308837890625 1755.382080078125 -1 2318.384765625 1756.9813232421875 -1 2364.46435546875 1757.11669921875 -1 2717.165771484375 1758.18017578125 -1 256.93731689453125 1759.1966552734375 419308 256.93731689453125 1759.1966552734375 -1 3745.583740234375 1759.3787841796875 451477 311.9776611328125 1762.3743896484375 -1 413.24447631835938 1761.45166015625 -1 3120.6318359375 1761.64501953125 1159785 876.387451171875 1762.824951171875 430721 876.387451171875 1762.824951171875 419311 333.24783325195312 1764.30712890625 -1 2886.62744140625 1764.58447265625 1159786 3497.435546875 1764.3818359375 -1 3497.435546875 1764.3818359375 -1 3602.45654296875 1764.3822021484375 450971 1911.2689208984375 1765.801025390625 337373 1911.2689208984375 1765.801025390625 410497 3280.26513671875 1765.750244140625 451127 3692.75927734375 1766.5931396484375 451480 3692.75927734375 1766.5931396484375 451481 800.36553955078125 1767.69580078125 473711 948.782958984375 1768.57275390625 419314 1156.570556640625 1768.1402587890625 430559 1712.631103515625 1768.7275390625 419317 2467.812744140625 1767.3985595703125 -1 211.5294189453125 1769.8609619140625 -1 689.61334228515625 1770.5076904296875 -1 1975.46630859375 1771.048095703125 1359932 3515.15673828125 1770.2198486328125 -1 152.67568969726562 1771.6112060546875 -1 226.28196716308594 1771.66015625 -1 1989.49609375 1771.8817138671875 390846 1989.49609375 1771.8817138671875 -1 3450.893310546875 1772.3370361328125 450983 3564.03466796875 1771.73681640625 -1 3973.278564453125 1771.6466064453125 -1 259.42578125 1773.0284423828125 419320 372.9156494140625 1773.3946533203125 -1 846.22686767578125 1773.921875 -1 2651.458984375 1773.7476806640625 -1 3994.7529296875 1772.383056640625 -1 892.703125 1774.02880859375 390831 1122.553466796875 1774.475830078125 419323 1122.553466796875 1774.475830078125 -1 2445.037109375 1774.2174072265625 -1 2477.3525390625 1773.83203125 -1 3587.28955078125 1773.663818359375 -1 3924.139404296875 1774.4786376953125 -1 807.4736328125 1775.376953125 411951 807.4736328125 1775.376953125 -1 2453.9736328125 1775.80224609375 -1 169.19671630859375 1777.41943359375 -1 1879.24462890625 1777.42724609375 404623 1879.24462890625 1777.42724609375 -1 1732.5224609375 1778.3453369140625 399602 1732.5224609375 1778.3453369140625 476861 1937.8916015625 1778.158447265625 390843 1937.8916015625 1778.158447265625 -1 3067.80419921875 1778.85791015625 -1 3603.78173828125 1779.8302001953125 -1 3775.71337890625 1778.935302734375 -1 3775.71337890625 1778.935302734375 -1 2917.61962890625 1781.537841796875 -1 2917.61962890625 1781.537841796875 -1 3427.022705078125 1781.4007568359375 -1 1845.274169921875 1782.964111328125 -1 1845.274169921875 1782.964111328125 424535 2246.364501953125 1783.584228515625 -1 2280.564208984375 1782.873413085
2026-05-15T21:39:25.198000+00:00 md1shrunk1456-1778880862-3dgs/algo-1-1778880912 9375 -1 2312.61767578125 1783.055419921875 -1 3471.3037109375 1783.146484375 450984 644.5050048828125 1784.1693115234375 -1 2658.41845703125 1784.270751953125 -1 1274.494873046875 1785.752197265625 390819 2354.47607421875 1785.2515869140625 -1 2440.993896484375 1785.30322265625 -1 2457.87939453125 1785.239990234375 -1 1723.2667236328125 1786.79541015625 476952 1723.2667236328125 1786.79541015625 -1 1772.2581787109375 1789.1552734375 450288 2491.8759765625 1788.54736328125 -1 2845.83935546875 1787.6649169921875 1359931 2845.83935546875 1787.6649169921875 419334 826.2987060546875 1789.2845458984375 -1 1540.1251220703125 1789.57373046875 419337 2732.54248046875 1789.1868896484375 -1 2177.01513671875 1790.424560546875 390834 3596.213134765625 1791.090576171875 -1 3869.064697265625 1790.9674072265625 -1 2250.3720703125 1792.11328125 -1 3057.15576171875 1793.3392333984375 449879 3141.6259765625 1792.8565673828125 -1 3295.331787109375 1793.106689453125 -1 128.45051574707031 1794.710205078125 -1 2390.371337890625 1795.455322265625 -1 3465.840087890625 1796.0821533203125 450989 1.2941994667053223 1796.6920166015625 -1 830.8946533203125 1797.72705078125 419340 1379.160888671875 1797.6279296875 -1 1459.146484375 1797.6112060546875 419343 1835.09765625 1798.2373046875 479143 1835.09765625 1798.2373046875 399584 1595.249755859375 1799.332275390625 404736 3321.580810546875 1799.2218017578125 419346 3394.3896484375 1800.0126953125 419349 756.009765625 1801.5662841796875 424360 2456.79150390625 1801.715576171875 -1 821.9053955078125 1804.458251953125 419352 821.9053955078125 1804.458251953125 419355 1437.32373046875 1804.7349853515625 -1 2350.801025390625 1804.815673828125 -1 2350.801025390625 1804.815673828125 -1 3796.215576171875 1804.8021240234375 -1 2425.8896484375 1805.7529296875 -1 2791.01513671875 1805.264404296875 -1 2903.314208984375 1805.2196044921875 -1 2997.59228515625 1805.821533203125 -1 2997.59228515625 1805.821533203125 -1 883.6376953125 1807.5208740234375 479128 1886.0816650390625 1806.34130859375 390081 2372.21728515625 1807.2303466796875 -1 3208.43896484375 1806.59033203125 -1 3324.764404296875 1806.817138671875 416631 3848.046630859375 1806.2828369140625 -1 2334.74658203125 1807.8876953125 -1 3649.265625 1808.1922607421875 451486 2318.032958984375 1808.7501220703125 -1 3664.277587890625 1809.379150390625 -1 492.80929565429688 1810.694091796875 -1 659.8218994140625 1810.8203125 -1 659.8218994140625 1810.8203125 390075 3757.8740234375 1811.0780029296875 -1 1853.24365234375 1811.5703125 472851 2281.673095703125 1812.347412109375 -1 3282.15576171875 1811.7200927734375 -1 757.97900390625 1812.9017333984375 337372 3169.534912109375 1812.608642578125 451016 3617.17529296875 1813.7216796875 -1 1619.536376953125 1815.1341552734375 337371 3747.367919921875 1815.595458984375 -1 3326.9150390625 1816.2022705078125 419360 3389.858154296875 1817.0404052734375 -1 3389.858154296875 1817.0404052734375 416656 2126.2099609375 1818.63134765625 390802 3494.79931640625 1817.6641845703125 337370 3494.79931640625 1817.6641845703125 -1 241.321533203125 1819.4078369140625 337369 241.321533203125 1819.4078369140625 419363 454.53689575195312 1818.7774658203125 -1 454.53689575195312 1818.7774658203125 -1 3160.040283203125 1820.0670166015625 -1 1084.6597900390625 1820.16455078125 -1 684.60498046875 1822.24169921875 390785 2521.851806640625 1821.9439697265625 -1 2521.851806640625 1821.9439697265625 -1 2850.494384765625 1821.81982421875 -1 3461.060546875 1822.3656005859375 -1 3595.419677734375 1821.3426513671875 -1 562.8629150390625 1825.0245361328125 419366 2337.59130859375 1824.405029296875 -1 3139.809814453125 1825.433349609375 -1 2624.82568359375 1827.849609375 -1 2468.2841796875 1829.0623779296875 -1 2929.25146484375 1830.924560546875 -1 1927.390625 1832.099609375 -1 1600.3779296875 1833.4075927734375 -1 2774.4404296875 1832.458984375 -1 3810.0986328125 1833.507080078125 -1 3915.21533203125 1833.1524658203125 -1 3915.21533203125 1833.1524658203125 -1 572.6632080078125 1834.6026611328125 -1 1828.1513671875 1834.64208984375 390788 2227.25732421875 1834.145751953125 419369 3752.762451171875 1834.1912841796875 -1 1245.6416015625 1835.265869140625 1348461 1393.852294921875 1835.226806640625 405514 1457.601806640625 1836.45654296875 410528 1457.601806640625 1836.45654296875 390779 1882.2718505859375 1835.538330078125 419372 2125.5654296875 1835.783447265625 -1 473.6925048828125 1837.1429443359375 -1 473.6925048828125 1837.1429443359375 -1 1085.1298828125 1836.57958984375 419375 1085.1298828125 1836.57958984375 -1 2160.08740234375 1836.9765625 -1 2345.527099609375 1837.5751953125 -1 2811.547607421875 1837.212646484375 -1 3154.733642578125 1837.3389892578125 405093 2710.18310546875 1838.7646484375 -1 3624.4306640625 1837.973388671875 -1 850.0941162109375 1839.9571533203125 419378 2330.714599609375 1839.518798828125 -1 1231.9822998046875 1841.1656494140625 1348460 3605.81298828125 1840.810546875 -1 3605.81298828125 1840.810546875 -1 1780.5157470703125 1841.6160888671875 1159790 3278.92578125 1842.0379638671875 -1 3278.92578125 1842.0379638671875 -1 769.1458740234375 1843.7982177734375 -1 1439.453125 1843.182373046875 419381 1150.5384521484375 1844.127685546875 431538 2434.513671875 1844.4404296875 -1 2936.49560546875 1844.77734375 -1 2936.49560546875 1844.77734375 -1 2989.32080078125 1844.5439453125 -1 40.493667602539062 1845.6500244140625 -1 2146.741943359375 1845.73095703125 -1 217.71247863769531 1847.39404296875 -1 2563.7294921875 1846.505126953125 -1 3813.818115234375 1846.8004150390625 -1 1338.681640625 1848.4949951171875 390761 3398.63525390625 1848.027587890625 -1 1619.236572265625 1850.8861083984375 390047 2470.5048828125 1850.9425048828125 -1 670.0716552734375 1851.4073486328125 -1 2131.63916015625 1851.9578857421875 -1 3621.191162109375 1852.3912353515625 -1 3217.16650390625 1853.1572265625 -1 3994.74560546875 1853.8463134765625 -1 141.97230529785156 1855.5718994140625 1349275 907.80029296875 1855.427490234375 419383 1907.3359375 1855.088623046875 419386 717.75640869140625 1856.4464111328125 337367 1855.682861328125 1856.5015869140625 472766 3418.26318359375 1857.4981689453125 -1 3418.26318359375 1857.4981689453125 -1 3528.332275390625 1858.22216796875 -1 1525.2137451171875 1859.9244384765625 455431 1794.6595458984375 1860.03466796875 -1 2099.78369140625 1859.2576904296875 -1 3962.34375 1859.4139404296875 451479 3962.34375 1859.4139404296875 451478 3791.12109375 1860.88037109375 -1 772.2012939453125 1863.68603515625 390753 1903.443115234375 1864.0648193359375 -1 1903.443115234375 1864.0648193359375 1363139 2745.373779296875 1862.483154296875 -1 1126.206787109375 1864.6728515625 479120 2819.275390625 1865.36669921875 419392 2819.275390625 1865.36669921875 -1 865.63446044921875 1865.7916259765625 430747 1845.4827880859375 1865.232177734375 419396 3255.58984375 1865.9266357421875 -1 342.73614501953125 1866.389404296875 -1 342.73614501953125 1866.389404296875 -1 2859.43701171875 1866.910400390625 1159792 12.028660774230957 1867.9197998046875 -1 1565.5560302734375 1868.4876708984375 -1 1565.5560302734375 1868.4876708984375 412601 2175.966552734375 1868.4373779296875 -1 2932.702880859375 1868.34228515625 -1 1879.1253662109375 1870.039306640625 490018 1879.1253662109375 1870.039306640625 390006 2099.68310546875 1869.25048828125 -1 3838.427978515625 1869.6624755859375 -1 3838.427978515625 1869.6624755859375 -1 3962.8037109375 1870.7652587890625 -1 188.65240478515625 1871.5540771484375 -1 1028.7208251953125 1871.9593505859375 430572 3238.142333984375 1871.990234375 -1 349.24252319335938 1872.65966796875 419398 349.24252319335938 1872.65966796875 1349274 2518.986572265625 1873.3291015625 -1 1493.421630859375 1874.21923828125 390750 1858.60107421875 1873.884033203125 419404 3614.079345703125 1874.7840576171875 -1 2960.829833984375 1875.0054931640625 -1 3991.97412109375 1875.87548828125 -1 1662.2681884765625 1877.4891357421875 389996 777.6810302734375 1877.69873046875 -1 777.6810302734375 1877.69873046875 -1 3534.3662109375 1878.9635009765625 -1 3269.847412109375 1879.792724609375 419407 3269.847412109375 1879.792724609375 -1 3475.0751953125 1878.8426513671875 -1 2013.39794921875 1879.9146728515625 -1 2013.39794921875 1879.9146728515625 -1 3607.142578125 1880.86962890625 -1 663.2366943359375 1882.3402099609375 1360103 2750.462890625 1883.1243896484375 -1 219.64825439453125 1884.8114013671875 -1 1537.0860595703125 1886.5272216796875 419410 2145.026123046875 1885.7154541015625 -1 2236.68994140625 1885.485107421875 417521 3561.369873046875 1886.00048828125 419413 1257.635009765625 1886.73486328125 -1 2692.72412109375 1886.6868896484375 1159794 35.390251159667969 1887.780517578125 419416 151.75096130371094 1888.045166015625 419419 151.75096130371094 1888.045166015625 -1 3600.501953125 1889.74853515625 1159795 1880.85888671875 1891.3751220703125 390747 126.879150390625 1892.66162109375 419422 504.69570922851562 1892.40234375 1360104 716.03509521484375 1894.235107421875 -1 2841.324462890625 1894.9609375 1159796 2902.311767578125 1894.5775146484375 1159797 2902.311767578125 1894.5775146484375 -1 3212.19287109375 1894.31689453125 451035 1291.778076171875 1894.9725341796875 455704 2424.59423828125 1895.075927734375 389985 3402.764892578125 1895.9503173828125 451014 3537.35498046875 1896.0950927734375 -1 5.605259895324707 1896.918212890625 -1 5.605259895324707 1896.918212890625 -1 106.23386383056641 1896.174072265625 337366 936.6875 1897.2083740234375 430570 936.6875 1897.2083740234375 430569 1236.7802734375 1896.695068359375 389960 3576.24951171875 1897.16357421875 -1 2361.535888671875 1899.5986328125 419425 2361.535888671875 1899.5986328125 419428 366.17294311523438 1900.5516357421875 419431 366.17294311523438 1900.5516357421875 -1 585.30194091796875 1900.488525390625 -1 690.40643310546875 1900.85107421875 -1 690.40643310546875 1900.85107421875 -1 1694.460693359375 1900.113525390625 1159799 1740.28662109375 1900.9422607421875 472309 2396.078125 1902.413330078125 -1 2396.078125 1902.413330078125 -1 3852.630615234375 1904.021240234375 451488 850.532958984375 1905.68701171875 430563 1139.0458984375 1905.386474609375 -1 1591.20947265625 1904.8865966796875 390741 3233.613037109375 1906.1337890625 -1 3622.4970703125 1905.40673828125 -1 3774.714599609375 1905.1904296875 -1 3372.093505859375 1907.255126953125 451147 1248.29833984375 1908.107421875 390735 2887.298828125 1909.978759765625 -1 2887.298828125 1909.978759765625 -1 3111.261962890625 1909.52734375 -1 3111.261962890625 1909.52734375 451165 3898.117919921875 1908.8299560546875 -1 3898.117919921875 1908.8299560546875 -1 187.92547607421875 1910.49609375 337365 1074.335693359375 1910.7166748046875 430578 2477.708984375 1910.26904296875 -1 3909.29638671875 1910.91748046875 -1 584.1610107421875 1911.63623046875 419436 1046.3206787109375 1911.916748046875 419439 3455.6806640625 1911.5977783203125 -1 2051.26025390625 1912.6710205078125 -1 3853.259765625 1912.7838134765625 -1 1749.511474609375 1913.835205078125 389946 3155.400390625 1914.88037109375 337364 3182.77685546875 1914.9451904296875 -1 3263.98876953125 1914.60205078125 -1 3397.380126953125 1914.106689453125 1358567 3434.3447265625 1914.85888671875 -1 20.301801681518555 1914.94091796875 419442 302.38931274414062 1916.0101318359375 337363 1374.1185302734375 1915.557861328125 -1 1374.1185302734375 1915.557861328125 -1 2170.4765625 1916.109619140625 1350423 2289.31005859375 1916.3134765625 389955 3310.98193359375 1916.41552734375 -1 3800.058349609375 1915.483154296875 -1 3977.852783203125 1916.717041015625 -1 239.25599670410156 1918.6680908203125 337362 717.0137939453125 1917.2723388671875 389894 1297.957275390625 1918.6802978515625 473878 3649.992431640625 1917.4638671875 -1 2031.03271484375 1919.74951171875 -1 39.340782165527344 1922.136474609375 419445 174.89187622070312 1922.3839111328125 -1 2300.486572265625 1921.691650390625 -1 2468.08642578125 1922.532470703125 -1 2238.889404296875 1922.812255859375 -1 2761.830078125 1923.48291015625 1159801 2761.830078125 1923.48291015625 -1 3746.58984375 1922.82177734375 -1 3746.58984375 1922.82177734375 -1 20.004951477050781 1924.733642578125 -1 1374.6124267578125 1924.891845703125 389903 2104.51708984375 1924.510498046875 390729 2994.216796875 1924.459716796875 -1 2994.216796875 1924.459716796875 1159802 3161.4375 1925.44580078125 337361 3713.993896484375 1925.68115234375 -1 3921.115478515625 1925.6627197265625 -1 3921.115478515625 1925.6627197265625 -1 270.94927978515625 1926.39111328125 419448 909.88128662109375 1926.9163818359375 479121 3138.81640625 1926.252685546875 -1 3283.26123046875 1926.8177490234375 419451 3283.26123046875 1926.8177490234375 -1 1316.20263671875 1928.5621337890625 337360 1360.7786865234375 1928.3193359375 1349293 1360.7786865234375 1928.3193359375 390717 1746.439208984375 1927.9197998046875 337539 1802.4102783203125 1928.0316162109375 419454 2135.5888671875 1928.23974609375 -1 3619.34033203125 1928.391845703125 -1 3950.67529296875 1927.370849609375 -1 3950.67529296875 1927.370849609375 -1 1574.31005859375 1929.4605712890625 -1 317.63629150390625 1931.7894287109375 -1 1010.0147705078125 1932.40185546875 430576 1540.089599609375 1932.02880859375 -1 2779.594482421875 1934.10546875 1159803 1900.722900390625 1935.84814453125 390714 1900.722900390625 1935.84814453125 390711 1437.035888671875 1937.235595703125 -1 1647.1552734375 1936.4312744140625 416846 839.188232421875 1938.728515625 -1 2487.68603515625 1937.64697265625 -1 2620.85009765625 1938.03662109375 -1 365.94332885742188 1939.1563720703125 419457 2414.084716796875 1938.99609375 -1 167.06108093261719 1939.999755859375 -1 1724.196533203125 1940.8466796875 -1 2515.959228515625 1940.6048583984375 -1 701.4010009765625 1942.398193359375 -1 701.4010009765625 1942.398193359375 -1 2003.3531494140625 1942.13134765625 -1 2003.3531494140625 1942.13134765625 -1 2157.656494140625 1941.6795654296875 -1 2157.656494140625 1941.6795654296875 -1 2923.39453125 1941.99267578125 451511 2859.603515625 1943.3525390625 -1 2859.603515625 1943.3525390625 -1 3155.934814453125 1943.40576171875 419461 3638.774169921875 1943.1092529296875 -1 3704.708251953125 1942.652099609375 -1 2643.26806640625 1944.744384765625 -1 2643.26806640625 1944.744384765625 -1 2825.112548828125 1944.4703369140625 -1 3555.46923828125 1944.0888671875 -1 501.04840087890625 1945.92919921875 -1 501.04840087890625 1945.92919921875 -1 3383.78857421875 1945.136962890625 -1 3383.78857421875 1945.136962890625 -1 38.7271728515625 1946.5650634765625 -1 803.81378173828125 1947.4830322265625 -1 803.81378173828125 1947.4830322265625 -1 1212.7879638671875 1946.5794677734375 390700 3029.882568359375 1946.318115234375 419469 3262.9931640625 1947.0445556640625 337359 364.85784912109375 1947.858642578125 -1 2883.158935546875 1948.4466552734375 451548 3131.595703125 1948.230712890625 337358 3354.504150390625 1947.6890869140625 337357 3420.9423828125 1949.3804931640625 -1 2220.15283203125 1950.138427734375 400023 2220.15283203125 1950.138427734375 -1 1304.0260009765625 1952.0140380859375 -1 2069.193359375 1951.47900390625 -1 2313.605712890625 1951.67333984375 -1 2313.605712890625 1951.67333984375 -1 195.6939697265625 1953.59619140625 -1 3476.69287109375 1953.591064453125 -1 3880.03125 1953.6585693359375 -1 6.2009372711181641 1953.6314697265625 -1 878.23760986328125 1954.4931640625 419473 3653.89892578125 1954.90869140625 -1 3653.89892578125 1954.90869140625 -1 3906.231689453125 1954.345458984375 -1 2284.347900390625 1957.0916748046875 -1 2284.347900390625 1957.0916748046875 -1 2474.220703125 1957.158203125 -1 2474.220703125 1957.158203125 -1 3634.06787109375 1957.281982421875 -1 744.4195556640625 1957.8868408203125 -1 790.09820556640625 1958.6474609375 405996 1223.6639404296875 1958.2874755859375 416852 1466.514892578125 1958.349853515625 390695 1675.931884765625 1959.169189453125 462245 1675.931884765625 1959.169189453125 -1 2303.72509765625 1957.28662109375 -1 3100.9833984375 1957.8408203125 451064 3707.231201171875 1958.65234375 -1 3008.058837890625 1959.1864013671875 419478 109.57909393310547 1960.233642578125 -1 3807.162109375 1959.97265625 -1 2011.734130859375 1961.5611572265625 -1 2897.98388671875 1962.3402099609375 451549 1738.110107421875 1962.4742431640625 390692 2714.6123046875 1963.3753662109375 -1 270.01046752929688 1964.9375 337356 1853.77490234375 1964
2026-05-15T21:39:25.198000+00:00 md1shrunk1456-1778880862-3dgs/algo-1-1778880912 .75537109375 -1 3071.745361328125 1965.1136474609375 419481 3761.762939453125 1964.8154296875 -1 986.4642333984375 1966.12548828125 419484 1185.1923828125 1965.7196044921875 419487 2120.6337890625 1965.7935791015625 -1 3960.107666015625 1965.20654296875 -1 3013.03662109375 1966.33837890625 451178 3388.13330078125 1966.794921875 419492 3549.0732421875 1966.7291259765625 -1 2417.06884765625 1968.53564453125 -1 1117.455810546875 1969.86767578125 419495 1117.455810546875 1969.86767578125 -1 3172.155517578125 1969.1033935546875 -1 3172.155517578125 1969.1033935546875 -1 703.12982177734375 1970.53173828125 424453 3537.9423828125 1970.50048828125 -1 425.41851806640625 1971.564208984375 -1 1753.13525390625 1971.689453125 416858 2392.04345703125 1971.7889404296875 -1 1423.79443359375 1972.9013671875 423773 3232.173095703125 1972.7996826171875 -1 3232.173095703125 1972.7996826171875 -1 3667.961669921875 1973.39111328125 -1 2116.877685546875 1975.9825439453125 -1 2779.9404296875 1976.84619140625 1160093 3009.373779296875 1977.0941162109375 -1 164.59321594238281 1979.0960693359375 -1 164.59321594238281 1979.0960693359375 -1 869.61944580078125 1978.624755859375 390681 1626.6436767578125 1978.393310546875 -1 3355.407470703125 1979.75244140625 -1 1387.939208984375 1981.02099609375 -1 2196.49853515625 1980.71826171875 -1 3144.308837890625 1980.90185546875 -1 629.09326171875 1982.200439453125 419502 1355.9222412109375 1981.6688232421875 514745 960.57794189453125 1983.351806640625 390675 1027.0274658203125 1983.5068359375 419505 3017.158203125 1982.8809814453125 451182 3280.121826171875 1983.4501953125 -1 2645.5595703125 1983.841796875 -1 3861.8876953125 1984.84423828125 -1 1059.186767578125 1985.58837890625 431557 1059.186767578125 1985.58837890625 401937 1711.5008544921875 1986.5146484375 -1 1822.248291015625 1985.816162109375 -1 1822.248291015625 1985.816162109375 -1 473.6123046875 1986.736572265625 419508 3001.6181640625 1987.138427734375 -1 3001.6181640625 1987.138427734375 419511 3657.463623046875 1986.699951171875 -1 3657.463623046875 1986.699951171875 -1 859.34912109375 1988.1175537109375 419514 2794.819091796875 1988.667236328125 -1 326.86660766601562 1990.1806640625 -1 326.86660766601562 1990.1806640625 -1 3426.80419921875 1989.894775390625 -1 3426.80419921875 1989.894775390625 -1 1811.229248046875 1990.95166015625 -1 1861.5703125 1990.86767578125 -1 295.86605834960938 1991.9581298828125 419517 1009.8043212890625 1992.570068359375 -1 1033.216796875 1992.059326171875 390672 2089.0205078125 1992.0655517578125 424165 2089.0205078125 1992.0655517578125 -1 3521.121826171875 1992.1312255859375 451150 3521.121826171875 1992.1312255859375 -1 1553.046630859375 1993.211669921875 -1 2072.166259765625 1993.334228515625 -1 2072.166259765625 1993.334228515625 416864 2526.40771484375 1992.8558349609375 447736 3535.417724609375 1993.041015625 -1 2160.6650390625 1993.9189453125 390678 2304.1552734375 1995.2850341796875 401956 2864.9599609375 1994.0992431640625 -1 3476.44482421875 1994.427734375 419521 1879.22802734375 1996.087890625 -1 2370.767822265625 1995.6805419921875 -1 3120.126953125 1995.463623046875 -1 366.61468505859375 1997.267822265625 337355 881.16387939453125 1996.47216796875 416872 1410.1826171875 1996.7698974609375 -1 2797.384765625 1997.1429443359375 -1 1055.984375 1997.591796875 -1 1055.984375 1997.591796875 -1 579.12103271484375 2000.3309326171875 419524 579.12103271484375 2000.3309326171875 337523 1029.5118408203125 2001.3660888671875 430586 1263.2630615234375 2002.808837890625 337524 2836.513916015625 2001.9033203125 -1 2866.644287109375 2002.4266357421875 -1 3364.369140625 2001.8255615234375 -1 2070.659423828125 2002.6947021484375 390669 3604.1572265625 2003.09814453125 -1 3692.795166015625 2003.815673828125 -1 3692.795166015625 2003.815673828125 -1 3762.50830078125 2003.004150390625 -1 94.098518371582031 2004.6611328125 -1 1216.431396484375 2004.61572265625 390664 3477.65576171875 2004.26904296875 -1 3661.840576171875 2004.7587890625 -1 414.621337890625 2005.18896484375 419527 769.268798828125 2005.6761474609375 419530 929.6915283203125 2005.3272705078125 419532 929.6915283203125 2005.3272705078125 419536 1088.4083251953125 2005.1337890625 404523 1088.4083251953125 2005.1337890625 416875 3119.515625 2005.617431640625 1159811 3119.515625 2005.617431640625 419539 613.744384765625 2007.5047607421875 -1 613.744384765625 2007.5047607421875 -1 1147.56787109375 2007.363037109375 410538 1514.8267822265625 2007.267333984375 -1 2657.679443359375 2006.8079833984375 -1 2703.63720703125 2006.3758544921875 -1 583.7435302734375 2008.58740234375 -1 1896.291259765625 2008.51171875 401876 2674.9580078125 2008.6090087890625 -1 735.690673828125 2009.0040283203125 419544 835.61700439453125 2009.21484375 337222 1272.4769287109375 2009.75732421875 472838 1272.4769287109375 2009.75732421875 399696 3899.139404296875 2010.16455078125 -1 1411.777587890625 2011.803955078125 337354 1411.777587890625 2011.803955078125 -1 2224.939697265625 2012.2716064453125 -1 229.89469909667969 2012.9564208984375 -1 1701.6044921875 2013.2982177734375 -1 1701.6044921875 2013.2982177734375 -1 3335.67578125 2013.178466796875 -1 1387.248291015625 2014.2608642578125 -1 1547.5123291015625 2015.099853515625 -1 2285.47412109375 2015.0323486328125 400020 1921.591064453125 2016.741455078125 -1 3850.15869140625 2017.091064453125 -1 1712.8546142578125 2018.4541015625 401747 1712.8546142578125 2018.4541015625 -1 3082.89892578125 2018.4931640625 451184 3082.89892578125 2018.4931640625 451185 3119.6826171875 2018.345703125 412631 3341.4697265625 2021.0943603515625 -1 3817.869873046875 2020.5596923828125 -1 1768.751220703125 2021.5919189453125 -1 693.318359375 2023.376708984375 -1 679.177734375 2024.0455322265625 -1 3355.3759765625 2024.693359375 -1 3485.805908203125 2024.86083984375 451045 3538.21923828125 2025.04296875 -1 633.8148193359375 2026.1781005859375 419547 2952.033935546875 2026.232177734375 -1 3853.369140625 2025.167724609375 -1 3291.1904296875 2027.03857421875 419550 443.24261474609375 2029.64111328125 419553 918.723876953125 2029.7125244140625 407177 1589.8349609375 2029.5152587890625 419556 1892.6185302734375 2029.278076171875 -1 2063.628173828125 2029.3291015625 -1 2101.691162109375 2029.7479248046875 -1 2101.691162109375 2029.7479248046875 -1 1200.8482666015625 2030.4345703125 419559 1628.253173828125 2031.24267578125 -1 3598.94677734375 2030.450439453125 -1 1719.44775390625 2031.721435546875 -1 2658.805908203125 2031.72412109375 -1 72.914283752441406 2032.989501953125 -1 801.95263671875 2033.01220703125 -1 2453.95458984375 2032.699951171875 -1 3610.700439453125 2032.701416015625 451025 3994.248291015625 2033.411865234375 -1 1733.3148193359375 2034.40380859375 -1 57.179904937744141 2035.765625 419565 956.06622314453125 2036.26904296875 400942 1153.949951171875 2035.256591796875 419568 1751.3890380859375 2035.887939453125 -1 1751.3890380859375 2035.887939453125 -1 3936.54736328125 2036.468994140625 -1 715.7021484375 2038.149658203125 -1 774.928955078125 2037.93212890625 -1 774.928955078125 2037.93212890625 -1 3309.084228515625 2038.6156005859375 337353 2636.822509765625 2039.6669921875 -1 509.08447265625 2041.251220703125 390629 509.08447265625 2041.251220703125 399978 1090.4329833984375 2040.3729248046875 337223 2053.765869140625 2040.06298828125 390649 2130.802001953125 2040.4151611328125 -1 3720.70947265625 2040.270751953125 -1 2860.1728515625 2041.3934326171875 -1 2725.8486328125 2044.682861328125 -1 385.76797485351562 2046.1805419921875 -1 385.76797485351562 2046.1805419921875 -1 783.3074951171875 2045.4228515625 419571 783.3074951171875 2045.4228515625 -1 932.816162109375 2046.026611328125 -1 1960.5592041015625 2045.1610107421875 -1 3167.510986328125 2046.61962890625 451180 3563.89697265625 2046.535400390625 451040 3563.89697265625 2046.535400390625 451039 3600.65283203125 2047.06591796875 419574 3600.65283203125 2047.06591796875 -1 84.486991882324219 2048.5830078125 -1 173.89251708984375 2047.9815673828125 -1 623.4871826171875 2048.192626953125 -1 3051.62939453125 2047.97998046875 451192 3990.6396484375 2048.249267578125 -1 1541.3861083984375 2049.83203125 -1 1908.136474609375 2049.210693359375 -1 1908.136474609375 2049.210693359375 -1 3106.942138671875 2049.7939453125 451189 3750.507568359375 2049.69189453125 451496 1134.46337890625 2051.16796875 337351 1876.65625 2050.260986328125 -1 3340.283447265625 2050.90673828125 450245 1966.75341796875 2051.962890625 -1 2242.5029296875 2052.7392578125 -1 3489.963623046875 2051.9501953125 -1 683.176513671875 2053.9423828125 419577 787.43475341796875 2054.699951171875 -1 411.69131469726562 2055.58544921875 -1 1013.324951171875 2055.96875 -1 1013.324951171875 2055.96875 -1 1025.8782958984375 2055.854248046875 390623 1585.158447265625 2054.75048828125 -1 2904.1240234375 2055.22412109375 -1 2904.1240234375 2055.22412109375 -1 630.359619140625 2056.8125 419580 1823.5780029296875 2056.87939453125 -1 3443.0263671875 2057.36865234375 -1 1265.171875 2057.88671875 -1 2154.304443359375 2058.476318359375 -1 2748.13916015625 2059.5029296875 -1 3231.0380859375 2059.020263671875 1159813 3516.86083984375 2059.24267578125 -1 3905.29541015625 2059.01318359375 451491 1966.878173828125 2061.406005859375 -1 3414.51025390625 2061.865966796875 -1 580.004150390625 2062.967041015625 -1 1456.9566650390625 2063.261474609375 -1 978.57659912109375 2064.5234375 -1 1192.6402587890625 2064.35693359375 419583 1192.6402587890625 2064.35693359375 -1 2636.87451171875 2063.52197265625 -1 3586.672607421875 2064.286376953125 -1 3586.672607421875 2064.286376953125 -1 2098.371337890625 2065.567138671875 -1 3800.6494140625 2065.6513671875 -1 1578.8658447265625 2066.82421875 -1 1578.8658447265625 2066.82421875 -1 378.97494506835938 2068.53955078125 419585 1812.83837890625 2068.652099609375 -1 1812.83837890625 2068.652099609375 -1 3684.55615234375 2068.383056640625 -1 3684.55615234375 2068.383056640625 -1 3909.73193359375 2068.385498046875 -1 3909.73193359375 2068.385498046875 -1 1415.694091796875 2068.899169921875 -1 1610.721435546875 2069.497802734375 -1 3593.6875 2069.7587890625 451044 1525.8770751953125 2070.83935546875 419588 3455.14208984375 2071.163818359375 -1 3579.653076171875 2070.434326171875 -1 203.47390747070312 2072.90966796875 430554 436.89895629882812 2072.748779296875 -1 893.9110107421875 2072.892578125 -1 3134.853271484375 2072.7060546875 -1 3354.54638671875 2073.43359375 -1 181.82447814941406 2074.060546875 390615 1266.191162109375 2075.408203125 -1 1535.845947265625 2075.86328125 399556 1837.098388671875 2076.2353515625 -1 1935.875244140625 2075.177734375 -1 2080.634521484375 2076.2080078125 -1 3825.971923828125 2075.84423828125 -1 1576.4259033203125 2076.271484375 337350 2030.970703125 2076.8525390625 -1 2222.231689453125 2077.208251953125 -1 3023.288330078125 2076.1064453125 419591 546.531005859375 2078.115966796875 -1 954.85174560546875 2078.52099609375 416901 3070.912841796875 2077.35498046875 337349 575.2601318359375 2078.752685546875 390612 593.05645751953125 2079.884033203125 416910 1807.9029541015625 2079.631591796875 -1 3976.9580078125 2078.787841796875 -1 3976.9580078125 2078.787841796875 -1 2468.899169921875 2080.234619140625 -1 662.21954345703125 2082.117919921875 -1 1158.942626953125 2081.575439453125 337348 1980.024169921875 2081.633056640625 -1 150.57858276367188 2082.92041015625 -1 1049.2786865234375 2083.72119140625 416907 2422.1728515625 2083.664794921875 -1 202.37481689453125 2087.15771484375 -1 1592.4818115234375 2086.1826171875 -1 2145.73828125 2086.5517578125 -1 2278.89404296875 2087.2890625 419598 2576.600341796875 2086.53759765625 -1 3122.087158203125 2086.68408203125 419601 3202.996826171875 2087.302734375 419604 3869.15478515625 2086.72802734375 451493 3869.15478515625 2086.72802734375 451494 3991.633544921875 2086.83447265625 -1 3071.527099609375 2088.0380859375 419607 1010.615234375 2089.45166015625 -1 1173.8133544921875 2088.74951171875 -1 296.53253173828125 2090.58203125 390603 958.60833740234375 2091.076416015625 337347 2597.76416015625 2090.2548828125 -1 3860.024169921875 2090.5810546875 -1 1073.9791259765625 2092.225341796875 419610 1253.2877197265625 2091.0703125 419613 2299.499267578125 2091.9052734375 -1 3321.905517578125 2092.21484375 -1 3527.052001953125 2092.476318359375 -1 265.53643798828125 2093.6689453125 -1 265.53643798828125 2093.6689453125 -1 1290.119873046875 2093.805908203125 337518 2777.31689453125 2095.59228515625 -1 1865.146484375 2097.609619140625 -1 2535.66552734375 2095.77099609375 -1 2140.359619140625 2098.480712890625 -1 2209.0556640625 2098.185791015625 -1 3882.16455078125 2097.38525390625 -1 3970.014892578125 2098.094482421875 -1 469.66607666015625 2099.31005859375 -1 2229.236083984375 2099.7587890625 -1 2845.826416015625 2098.740234375 -1 3507.56689453125 2098.9296875 -1 3516.072021484375 2099.073486328125 -1 1011.8448486328125 2100.419921875 -1 1011.8448486328125 2100.419921875 419621 381.7508544921875 2102.4423828125 -1 381.7508544921875 2102.4423828125 -1 1764.1148681640625 2102.045166015625 -1 1764.1148681640625 2102.045166015625 -1 3015.10986328125 2101.55322265625 419624 3334.9033203125 2102.1318359375 -1 3800.65966796875 2102.14111328125 -1 1944.586669921875 2103.369384765625 -1 430.852783203125 2104.369384765625 -1 3076.1484375 2105.16015625 402786 490.015625 2105.332275390625 390597 1130.4140625 2105.866455078125 -1 1130.4140625 2105.866455078125 -1 2524.720703125 2105.2548828125 -1 2524.720703125 2105.2548828125 337346 2915.632568359375 2105.67822265625 1159815 2915.632568359375 2105.67822265625 402754 2258.15283203125 2107.6552734375 -1 2893.103515625 2107.46630859375 -1 3992.01220703125 2106.547607421875 -1 1176.6259765625 2107.651611328125 416938 1490.052001953125 2107.910400390625 390600 2977.75146484375 2107.929443359375 419627 2977.75146484375 2107.929443359375 -1 804.64404296875 2109.14453125 337345 1382.6890869140625 2109.584716796875 -1 2130.234130859375 2111.530029296875 -1 3953.8681640625 2111.972412109375 -1 878.3409423828125 2113.404296875 -1 500.150634765625 2114.263671875 -1 1148.31201171875 2113.91943359375 -1 2201.67041015625 2114.385009765625 -1 3417.092041015625 2114.556884765625 -1 3778.572265625 2115.196533203125 -1 3896.85009765625 2115.644287109375 -1 1807.7337646484375 2116.484619140625 -1 2942.723388671875 2116.913818359375 1159817 2980.032958984375 2116.54833984375 402710 2980.032958984375 2116.54833984375 -1 2396.81201171875 2118.072998046875 -1 2569.78466796875 2117.958251953125 -1 368.96478271484375 2119.426513671875 -1 543.6783447265625 2119.369873046875 -1 1218.44873046875 2119.0244140625 -1 2027.252197265625 2119.552490234375 -1 1943.46875 2120.880859375 -1 778.37286376953125 2121.82568359375 390588 2855.875 2121.595703125 337344 3018.4169921875 2121.37109375 -1 3018.4169921875 2121.37109375 1159818 3530.87744140625 2121.911376953125 -1 3646.93603515625 2122.073486328125 451506 3689.0068359375 2121.711181640625 451505 3809.852294921875 2122.59326171875 -1 232.94351196289062 2122.69189453125 -1 232.94351196289062 2122.69189453125 -1 2935.25390625 2123.646484375 337343 490.02862548828125 2124.713623046875 337342 490.02862548828125 2124.713623046875 -1 2069.83251953125 2124.308837890625 -1 2534.035888671875 2124.28466796875 -1 3265.697998046875 2124.3681640625 -1 3265.697998046875 2124.3681640625 419632 3831.716064453125 2124.023193359375 -1 2883.90966796875 2125.94140625 1159819 1539.9066162109375 2126.69384765625 423792 1539.9066162109375 2126.69384765625 1181695 3821.45947265625 2127.052978515625 -1 3517.652587890625 2128.009521484375 -1 3950.55126953125 2127.6171875 -1 101.05887603759766 2129.8994140625 -1 2413.58251953125 2129.03759765625 -1 3577.27392578125 2129.28857421875 -1 3577.27392578125 2129.28857421875 -1 1354.41552734375 2131.55908203125 -1 1354.41552734375 2131.55908203125 -1 3387.45947265625 2131.854248046875 451069 3807.4375 2132.36572265625 -1 3085.36083984375 2132.5458984375 -1 1443.9429931640625 2134.444091796875 -1 2002.484375 2134.272216796875 -1 3636.738525390625 2134.842529296875 -1 3636.738525390625 2134.842529296875 -1 1488.805419921875 2135.370849609375 -1 1488.805419921875 2135.370849609375 -1 2079.4970703125 2136.0771484375 -1 2927.818359375 2136.123046875 1159820 1971.2431640625 2137.2529296875 -1 1971.2431640625 2137.2529296875 -1 3857.19775390625 2136.29296875 -1 3
2026-05-15T21:39:25.198000+00:00 md1shrunk1456-1778880862-3dgs/algo-1-1778880912 857.19775390625 2136.29296875 -1 1476.781494140625 2138.295654296875 -1 1506.339111328125 2138.08984375 -1 3495.964111328125 2137.896484375 451065 101.40940856933594 2139.357666015625 337341 1581.932373046875 2139.7109375 -1 2219.10498046875 2139.8515625 -1 1592.4249267578125 2140.436767578125 -1 2749.23095703125 2140.033935546875 -1 944.8519287109375 2141.82470703125 -1 1790.4766845703125 2141.81494140625 -1 1944.650146484375 2140.9521484375 -1 1944.650146484375 2140.9521484375 -1 1513.4783935546875 2143.373291015625 -1 2032.780029296875 2143.857666015625 -1 2286.27783203125 2144.433349609375 -1 3995.30224609375 2144.3955078125 -1 1050.853515625 2145.919921875 -1 1050.853515625 2145.919921875 -1 1845.18798828125 2145.2041015625 -1 2579.895263671875 2145.599365234375 -1 2579.895263671875 2145.599365234375 -1 3237.0576171875 2145.397705078125 -1 1630.010986328125 2147.172119140625 -1 2154.660888671875 2147.0927734375 -1 2154.660888671875 2147.0927734375 -1 82.241050720214844 2148.72119140625 419637 1856.005126953125 2147.859130859375 -1 2397.31787109375 2148.86767578125 -1 2522.11669921875 2147.613525390625 -1 3673.75244140625 2147.85107421875 -1 1940.7476806640625 2149.498291015625 -1 1940.7476806640625 2149.498291015625 419640 3077.728515625 2149.4833984375 -1 1425.636962890625 2150.6484375 337517 1589.66650390625 2151.08740234375 -1 3000.81494140625 2150.05810546875 1159821 3105.661376953125 2150.717529296875 -1 474.663330078125 2151.353515625 -1 474.663330078125 2151.353515625 -1 1721.5736083984375 2151.731201171875 -1 3945.3779296875 2151.660400390625 -1 2412.85791015625 2153.38818359375 -1 2412.85791015625 2153.38818359375 -1 2642.10498046875 2153.3330078125 -1 2642.10498046875 2153.3330078125 -1 3051.1630859375 2153.279052734375 -1 3331.9560546875 2153.5966796875 -1 3962.60400390625 2153.11767578125 -1 3641.59375 2153.934814453125 -1 3035.666015625 2155.221923828125 -1 3550.32421875 2155.488037109375 -1 1464.1826171875 2157.3271484375 337340 1809.5897216796875 2157.36962890625 416990 1870.566650390625 2157.35400390625 -1 3217.57421875 2157.39892578125 419643 238.83984375 2158.169189453125 -1 3244.138671875 2157.746337890625 451074 2668.808837890625 2159.4189453125 -1 994.52294921875 2160.1181640625 419646 994.52294921875 2160.1181640625 -1 1222.201171875 2160.21826171875 419649 1222.201171875 2160.21826171875 407994 3771.623779296875 2160.85595703125 -1 3943.054443359375 2161.005615234375 -1 2133.544677734375 2162.3525390625 -1 3530.355224609375 2162.12060546875 -1 640.9814453125 2163.13818359375 419653 2689.19482421875 2164.28076171875 1159823 3293.263671875 2163.99755859375 -1 3452.875732421875 2164.95068359375 -1 1466.685546875 2166.1396484375 -1 1768.9061279296875 2166.044189453125 -1 3254.86474609375 2165.92333984375 -1 3396.94580078125 2165.250732421875 -1 3396.94580078125 2165.250732421875 451186 1641.126220703125 2167.59130859375 -1 2757.91748046875 2167.322021484375 419656 3718.34326171875 2166.486328125 -1 3718.34326171875 2166.486328125 -1 2227.51416015625 2168.259765625 -1 3667.97900390625 2168.552001953125 -1 2866.927490234375 2169.147705078125 -1 2237.163818359375 2170.818603515625 -1 2237.163818359375 2170.818603515625 -1 2340.06982421875 2171.0859375 -1 2566.196533203125 2170.759033203125 -1 3408.6005859375 2170.243896484375 451073 3823.46728515625 2170.888916015625 -1 708.6239013671875 2172.170654296875 -1 708.6239013671875 2172.170654296875 -1 1972.3590087890625 2172.00830078125 -1 1972.3590087890625 2172.00830078125 -1 583.019775390625 2172.85595703125 337700 1589.234375 2173.660400390625 -1 1589.234375 2173.660400390625 -1 649.0791015625 2174.218017578125 -1 3882.7666015625 2174.481689453125 -1 1463.1175537109375 2175.295166015625 -1 2411.074951171875 2175.756591796875 -1 3552.20361328125 2175.796875 451066 3744.354248046875 2176.71826171875 -1 370.53997802734375 2178.562744140625 -1 370.53997802734375 2178.562744140625 -1 675.8538818359375 2178.59716796875 417023 693.19873046875 2177.505859375 419659 2210.756591796875 2178.54833984375 -1 3196.885009765625 2178.55859375 451201 3900.240478515625 2177.808837890625 -1 847.16485595703125 2179.338623046875 -1 847.16485595703125 2179.338623046875 -1 2769.936767578125 2179.1943359375 1159824 2769.936767578125 2179.1943359375 -1 7.0073652267456055 2181.071533203125 -1 3172.406982421875 2181.131591796875 -1 3172.406982421875 2181.131591796875 -1 1148.5960693359375 2183.14501953125 337339 2404.91845703125 2182.951904296875 -1 3615.30712890625 2183.531494140625 -1 771.96826171875 2184.265625 -1 2174.0048828125 2184.507080078125 -1 708.6572265625 2185.483642578125 -1 806.9241943359375 2185.617431640625 -1 806.9241943359375 2185.617431640625 -1 1058.5289306640625 2186.1845703125 -1 3507.36328125 2185.121826171875 -1 1562.20947265625 2186.7060546875 -1 3554.9892578125 2186.682373046875 -1 3554.9892578125 2186.682373046875 -1 324.47036743164062 2188.051513671875 390537 324.47036743164062 2188.051513671875 -1 3176.8955078125 2188.371826171875 -1 1860.930908203125 2189.48193359375 -1 2989.236083984375 2190.262939453125 -1 3073.717041015625 2190.66748046875 -1 3762.32666015625 2190.3994140625 451508 3956.304931640625 2190.67724609375 -1 2408.11962890625 2192.136962890625 -1 2690.4111328125 2192.0673828125 448100 3808.349853515625 2191.6318359375 -1 575.75384521484375 2193.33837890625 -1 575.75384521484375 2193.33837890625 -1 1543.5596923828125 2193.25146484375 -1 1620.7579345703125 2193.5556640625 -1 3227.03466796875 2193.254150390625 -1 3452.983642578125 2193.010009765625 -1 3452.983642578125 2193.010009765625 -1 3946.5068359375 2193.20458984375 -1 637.67584228515625 2194.276123046875 -1 1187.27587890625 2193.804443359375 -1 1733.906005859375 2195.33642578125 -1 3239.4462890625 2195.927978515625 -1 3492.6494140625 2195.38232421875 -1 3916.197509765625 2195.896728515625 -1 674.71221923828125 2196.23876953125 -1 2303.8662109375 2197.35986328125 419670 2508.34423828125 2198.2060546875 -1 2568.116455078125 2198.757568359375 -1 3137.0625 2198.87841796875 1159826 3517.945556640625 2197.8720703125 -1 1512.96875 2199.30126953125 -1 700.9276123046875 2200.5556640625 419673 2488.89404296875 2200.803466796875 -1 2488.89404296875 2200.803466796875 -1 2741.95849609375 2200.33447265625 419676 1086.481201171875 2201.447509765625 417029 1739.9534912109375 2201.970458984375 -1 1739.9534912109375 2201.970458984375 390534 3803.52783203125 2201.675537109375 -1 1612.5965576171875 2202.40673828125 -1 1809.708984375 2203.357177734375 -1 3071.9541015625 2203.7119140625 -1 3118.712890625 2202.6220703125 -1 2923.830810546875 2204.314453125 419679 2046.1448974609375 2205.420654296875 -1 2046.1448974609375 2205.420654296875 -1 3098.893798828125 2206.342529296875 -1 3098.893798828125 2206.342529296875 -1 227.39021301269531 2206.818115234375 -1 1587.912109375 2206.745361328125 -1 1587.912109375 2206.745361328125 -1 1983.522216796875 2207.333251953125 -1 2593.2607421875 2207.91796875 -1 3931.8701171875 2208.066162109375 -1 2073.02001953125 2208.828125 -1 2073.02001953125 2208.828125 -1 2534.708251953125 2210.8798828125 419682 2534.708251953125 2210.8798828125 -1 3016.912109375 2212.410400390625 419685 3016.912109375 2212.410400390625 -1 3212.7060546875 2211.26953125 1159827 3882.3134765625 2212.43359375 -1 393.07131958007812 2213.79296875 -1 632.9869384765625 2212.829833984375 -1 1167.5611572265625 2212.503662109375 419688 3596.849609375 2212.886962890625 -1 469.36572265625 2213.798828125 419691 894.2412109375 2215.5380859375 -1 1538.81787109375 2216.68359375 -1 1671.93701171875 2216.610595703125 -1 3519.0517578125 2217.053466796875 -1 1107.865234375 2218.028564453125 -1 1231.313720703125 2219.66015625 -1 3887.39697265625 2219.387451171875 -1 474.93206787109375 2220.898681640625 -1 1478.04736328125 2220.569580078125 390528 3682.12646484375 2221.605224609375 -1 3682.12646484375 2221.605224609375 -1 2022.185546875 2223.343017578125 -1 2419.956298828125 2222.944091796875 419694 3183.181640625 2223.346435546875 419697 3292.376953125 2223.23095703125 -1 3548.21435546875 2222.788330078125 -1 3548.21435546875 2222.788330078125 -1 1032.48828125 2224.2490234375 -1 1832.51708984375 2224.291259765625 -1 1843.410400390625 2224.953369140625 -1 3191.513916015625 2224.7734375 -1 3191.513916015625 2224.7734375 -1 97.458648681640625 2225.65576171875 -1 1396.70361328125 2225.553955078125 -1 1396.70361328125 2225.553955078125 -1 3709.17236328125 2225.901123046875 451543 3709.17236328125 2225.901123046875 451544 2970.87451171875 2226.467041015625 419700 3136.893310546875 2227.393798828125 -1 3136.893310546875 2227.393798828125 -1 3472.0087890625 2226.85009765625 -1 1227.102783203125 2228.069580078125 -1 1227.102783203125 2228.069580078125 -1 2307.04736328125 2228.469482421875 -1 2328.141357421875 2228.017822265625 414107 2949.327392578125 2228.2490234375 419705 1076.5946044921875 2230.303466796875 -1 1660.6182861328125 2229.76611328125 -1 3408.91162109375 2229.8779296875 -1 3408.91162109375 2229.8779296875 -1 3433.080810546875 2229.38525390625 -1 2380.051025390625 2230.406494140625 -1 2722.0576171875 2231.062255859375 448106 2924.109375 2231.166748046875 419709 3103.021484375 2230.57763671875 1159830 444.803955078125 2231.882080078125 -1 1428.4019775390625 2231.27197265625 -1 1428.4019775390625 2231.27197265625 -1 1498.769775390625 2232.897705078125 -1 2567.1103515625 2232.403076171875 -1 2752.99853515625 2231.522216796875 419712 178.6043701171875 2232.833740234375 -1 3795.99169921875 2234.038330078125 451510 3795.99169921875 2234.038330078125 451509 1335.745361328125 2234.386962890625 419715 3616.34765625 2234.400146484375 -1 3777.59814453125 2234.218994140625 -1 871.15673828125 2235.668701171875 -1 1693.7659912109375 2236.154052734375 -1 2650.86181640625 2235.28955078125 -1 298.89126586914062 2237.03076171875 -1 903.5128173828125 2237.106689453125 -1 2585.622802734375 2237.14453125 -1 2312.84619140625 2239.04736328125 -1 2382.4619140625 2239.303955078125 -1 2870.6572265625 2239.1572265625 1159831 2870.6572265625 2239.1572265625 1159832 3136.381591796875 2239.672607421875 -1 3155.77001953125 2238.93359375 450343 2656.935791015625 2240.640625 -1 1620.43359375 2241.7822265625 -1 143.60272216796875 2242.4111328125 -1 192.2037353515625 2242.742431640625 -1 396.69979858398438 2243.11181640625 -1 926.3455810546875 2242.61083984375 -1 2029.190673828125 2243.36767578125 -1 2632.69921875 2243.724853515625 -1 2632.69921875 2243.724853515625 -1 3166.09375 2242.90576171875 -1 3424.393310546875 2243.634765625 -1 3424.393310546875 2243.634765625 -1 3539.7978515625 2243.189697265625 -1 2096.880615234375 2244.302734375 -1 2096.880615234375 2244.302734375 -1 2294.38818359375 2244.919189453125 -1 2294.38818359375 2244.919189453125 -1 2721.356201171875 2243.9130859375 -1 3194.50830078125 2244.42529296875 455766 3369.4609375 2244.55029296875 -1 2487.18310546875 2245.509765625 -1 2493.3212890625 30.424478530883789 -1 2493.3212890625 30.424478530883789 -1 1252.75048828125 97.240005493164062 -1 1232.6358642578125 100.05908203125 -1 188.57540893554688 113.37586212158203 -1 171.99354553222656 114.27116394042969 -1 95.03558349609375 115.36243438720703 -1 529.12432861328125 118.67384338378906 -1 239.586669921875 120.35929870605469 -1 1207.7564697265625 120.73468017578125 -1 368.99334716796875 125.94180297851562 -1 99.959831237792969 128.18649291992188 -1 99.959831237792969 128.18649291992188 -1 1806.15380859375 128.82589721679688 -1 13.307791709899902 132.58477783203125 -1 349.87841796875 131.69435119628906 -1 395.4483642578125 131.4718017578125 -1 395.4483642578125 131.4718017578125 -1 50.82867431640625 136.23516845703125 -1 1076.590576171875 137.28837585449219 -1 790.4517822265625 138.65046691894531 -1 1368.167236328125 138.01881408691406 -1 306.22561645507812 142.65097045898438 -1 58.762546539306641 145.951416015625 -1 1388.41796875 147.30429077148438 -1 981.19805908203125 148.14610290527344 -1 981.19805908203125 148.14610290527344 -1 1130.2559814453125 148.71153259277344 -1 2195.300048828125 149.78739929199219 -1 29.729572296142578 150.61001586914062 -1 1038.702880859375 149.60406494140625 -1 950.23626708984375 151.22686767578125 -1 950.23626708984375 151.22686767578125 -1 1373.19189453125 152.07942199707031 -1 2571.251953125 151.53515625 -1 1119.7708740234375 152.99832153320312 -1 531.74334716796875 154.13665771484375 -1 1020.8325805664062 157.34590148925781 -1 1020.8325805664062 157.34590148925781 -1 418.3717041015625 158.30088806152344 -1 1194.4390869140625 159.45555114746094 -1 1194.4390869140625 159.45555114746094 -1 2588.8681640625 159.59494018554688 -1 829.32586669921875 160.88041687011719 -1 1439.826904296875 160.408203125 -1 1984.5008544921875 160.34085083007812 -1 321.1109619140625 162.3486328125 -1 813.38427734375 161.25715637207031 -1 1218.2518310546875 163.50816345214844 -1 2082.41064453125 163.6441650390625 -1 1117.4425048828125 164.47354125976562 -1 389.75204467773438 166.3065185546875 -1 2030.446044921875 167.4481201171875 -1 188.72749328613281 168.78404235839844 -1 285.43206787109375 169.36907958984375 -1 2469.354248046875 169.44677734375 -1 92.418601989746094 170.89714050292969 -1 1559.0516357421875 175.88006591796875 -1 880.0924072265625 176.25001525878906 -1 1080.0914306640625 178.3677978515625 -1 1377.1002197265625 178.44793701171875 -1 1031.282958984375 180.98381042480469 -1 1593.7213134765625 182.43692016601562 -1 1543.6553955078125 184.76835632324219 -1 2009.535400390625 185.56698608398438 -1 831.865478515625 186.61517333984375 -1 1626.920166015625 187.04013061523438 -1 9.6914176940917969 190.02679443359375 -1 9.6914176940917969 190.02679443359375 -1 2311.837646484375 190.85218811035156 -1 2311.837646484375 190.85218811035156 -1 846.61688232421875 191.59742736816406 -1 2635.88134765625 191.92018127441406 -1 2635.88134765625 191.92018127441406 -1 131.84510803222656 194.93592834472656 -1 1590.1129150390625 195.74169921875 -1 2017.8614501953125 196.41893005371094 -1 1410.4404296875 197.0859375 -1 1410.4404296875 197.0859375 -1 1911.786865234375 197.98728942871094 -1 1922.7081298828125 199.93980407714844 -1 761.0479736328125 205.30027770996094 -1 1009.389404296875 205.61170959472656 477564 1009.389404296875 205.61170959472656 477565 1466.1427001953125 205.21949768066406 -1 918.37469482421875 206.26226806640625 477480 68.270355224609375 210.44889831542969 -1 195.52716064453125 212.30789184570312 -1 1086.4371337890625 212.35528564453125 -1 711.67303466796875 213.91253662109375 -1 1027.0029296875 214.11528015136719 -1 1027.0029296875 214.11528015136719 -1 694.6923828125 215.9537353515625 -1 2700.98291015625 216.17333984375 -1 1887.32958984375 217.64512634277344 -1 2018.7244873046875 217.06062316894531 -1 1529.9091796875 221.52976989746094 1361803 1529.9091796875 221.52976989746094 1168867 1909.598876953125 221.96260070800781 -1 633.73175048828125 223.23397827148438 -1 1737.541015625 225.36257934570312 -1 1196.5736083984375 227.07492065429688 -1 1394.06884765625 228.10121154785156 -1 129.43212890625 227.998046875 -1 129.43212890625 227.998046875 -1 2119.462646484375 227.64483642578125 -1 835.77880859375 229.91390991210938 264185 1505.136962890625 228.84454345703125 1168339 1059.0235595703125 230.44187927246094 -1 2157.19482421875 233.45001220703125 -1 2418.537353515625 233.31239318847656 -1 1874.0955810546875 234.62678527832031 -1 1874.0955810546875 234.62678527832031 -1 270.24777221679688 235.341064453125 94851 602.668212890625 235.17488098144531 -1 2611.19384765625 235.15577697753906 -1 617.8863525390625 237.59788513183594 -1 1260.775390625 237.1396484375 -1 1661.5546875 236.54100036621094 -1 229.50894165039062 241.15679931640625 -1 2652.541259765625 240.02117919921875 -1 121.41432952880859 241.40548706054688 -1 629.7442626953125 243.45420837402344 1165808 1153.719970703125 243.44865417480469 -1 1319.0338134765625 244.01002502441406 -1 760.8326416015625 246.13677978515625 -1 2600.553955078125 246.47407531738281 -1 928.6781005859375 247.48663330078125 -1 1739.30126953125 247.05892944335938 -1 216.29396057128906 249.20890808105469 -1 2733.507080078125 250.88665771484375 -1 1692.50830078125 252.97055053710938 -1 2246.137451171875 253.84518432617188 -1 374.28240966796875 255.22880554199219 -1 374.28240966796875 255.22880554199219 -1 1402.865966796875 256.10711669921875 -1 1402.865966796875 256.10711669921875 -1 27.137725830078125 258.61468505859375 -1 1731.7211914062
2026-05-15T21:39:25.198000+00:00 md1shrunk1456-1778880862-3dgs/algo-1-1778880912 5 259.60198974609375 -1 1731.72119140625 259.60198974609375 -1 1804.5537109375 259.2049560546875 -1 2044.77734375 259.87124633789062 -1 1268.3468017578125 260.4691162109375 -1 1473.19677734375 260.168701171875 1168341 2404.963134765625 260.89877319335938 -1 2762.514892578125 260.42453002929688 -1 2762.514892578125 260.42453002929688 -1 567.14764404296875 262.695068359375 -1 627.04541015625 263.67459106445312 -1 1639.4781494140625 263.30926513671875 1361804 1881.0296630859375 263.26266479492188 1361811 1082.1458740234375 264.746337890625 477567 2858.07861328125 264.41873168945312 -1 327.35415649414062 268.04165649414062 -1 327.35415649414062 268.04165649414062 -1 351.52847290039062 267.18817138671875 -1 1944.591552734375 268.400390625 -1 2489.867919921875 268.85848999023438 -1 1112.9444580078125 270.5992431640625 -1 1216.642822265625 270.49053955078125 -1 1850.3875732421875 270.2255859375 -1 1850.3875732421875 270.2255859375 -1 62.639892578125 272.3438720703125 -1 1663.8006591796875 272.4837646484375 1361805 1101.3377685546875 274.16030883789062 -1 1152.7369384765625 274.02923583984375 477569 1783.2001953125 273.87442016601562 1169100 2056.008544921875 274.61459350585938 1168343 2056.008544921875 274.61459350585938 -1 2912.15478515625 275.07437133789062 -1 2944.90966796875 275.1280517578125 -1 2842.609619140625 275.646240234375 -1 94.1099853515625 278.16241455078125 -1 425.95269775390625 277.5045166015625 -1 1539.9615478515625 278.48434448242188 1361807 2025.133544921875 279.4693603515625 1361806 1562.5706787109375 281.25039672851562 1168872 1072.2645263671875 281.88259887695312 477484 660.5130615234375 282.87759399414062 -1 660.5130615234375 282.87759399414062 -1 2697.73876953125 284.47308349609375 -1 1860.5177001953125 286.1956787109375 -1 1535.1488037109375 287.93893432617188 -1 361.096435546875 289.20574951171875 -1 299.94949340820312 289.93490600585938 -1 299.94949340820312 289.93490600585938 -1 490.84722900390625 290.60317993164062 -1 1634.4969482421875 290.85147094726562 -1 2085.251953125 290.5235595703125 -1 1587.55517578125 292.40924072265625 1168347 214.632568359375 292.69049072265625 -1 315.05410766601562 297.16513061523438 -1 1811.525146484375 298.791259765625 -1 2050.997314453125 299.47628784179688 1354743 2100.79345703125 300.89797973632812 1168876 41.879043579101562 301.91415405273438 -1 41.879043579101562 301.91415405273438 -1 2881.8173828125 302.71609497070312 -1 1393.4080810546875 304.84725952148438 477718 1393.4080810546875 304.84725952148438 -1 2291.595947265625 304.86737060546875 -1 2291.595947265625 304.86737060546875 -1 764.94293212890625 305.1845703125 -1 2478.69482421875 306.74700927734375 -1 2711.61767578125 308.23239135742188 -1 1684.26904296875 309.30477905273438 -1 1753.2783203125 313.1419677734375 -1 1753.2783203125 313.1419677734375 -1 1827.88525390625 313.70855712890625 -1 1967.2459716796875 314.168701171875 1361808 2071.34423828125 314.68771362304688 -1 2937.014404296875 314.20489501953125 -1 2372.9140625 315.33831787109375 -1 83.828819274902344 321.61685180664062 -1 291.90008544921875 322.45587158203125 -1 140.85270690917969 324.40869140625 -1 2973.4853515625 324.3717041015625 -1 3131.770263671875 327.34530639648438 -1 3131.770263671875 327.34530639648438 -1 2185.785888671875 329.55804443359375 -1 636.14898681640625 332.072509765625 -1 2098.020263671875 332.08721923828125 1168881 2768.03076171875 332.41558837890625 -1 2768.03076171875 332.41558837890625 -1 2445.95654296875 333.35345458984375 -1 2503.822998046875 334.5458984375 -1 2941.364990234375 334.23455810546875 -1 1701.5240478515625 335.15960693359375 -1 2719.326171875 336.411376953125 -1 3374.01806640625 337.0135498046875 -1 1232.0301513671875 341.4217529296875 -1 3016.8193359375 342.19021606445312 -1 3086.52734375 343.1011962890625 -1 3357.362060546875 343.32095336914062 -1 226.19210815429688 346.43338012695312 -1 226.19210815429688 346.43338012695312 -1 2093.598876953125 346.425048828125 -1 2118.564697265625 347.39273071289062 1168882 2170.654541015625 347.07330322265625 1168474 2452.64697265625 347.25857543945312 -1 535.3575439453125 349.81439208984375 -1 1223.8173828125 349.11959838867188 -1 1246.2734375 349.4439697265625 -1 1916.9847412109375 348.83209228515625 -1 1973.080810546875 349.21737670898438 1168352 2833.658203125 350.54022216796875 -1 1500.492919921875 350.66787719726562 1166361 1500.492919921875 350.66787719726562 -1 2848.952880859375 350.78900146484375 1370498 3432.31201171875 351.087890625 -1 2405.229248046875 352.4656982421875 -1 2817.302001953125 352.34097290039062 -1 234.35157775878906 353.49810791015625 -1 2581.056640625 353.13705444335938 -1 2794.27001953125 353.24859619140625 -1 2520.06298828125 353.64654541015625 -1 1540.7115478515625 355.21908569335938 1354682 3679.412841796875 355.81759643554688 -1 466.09295654296875 356.58718872070312 -1 2083.983154296875 356.62356567382812 1168883 3129.67333984375 356.94976806640625 -1 2116.228271484375 358.03878784179688 1168354 2137.43359375 358.6785888671875 1168355 2137.43359375 358.6785888671875 -1 2448.332275390625 358.31527709960938 -1 2448.332275390625 358.31527709960938 -1 3058.139404296875 359.4730224609375 -1 2040.2412109375 360.31536865234375 1361809 1462.8349609375 365.39779663085938 -1 1533.902587890625 365.74090576171875 -1 1533.902587890625 365.74090576171875 1361832 2642.74267578125 365.24444580078125 -1 3735.9345703125 365.3394775390625 -1 3087.283935546875 366.54818725585938 -1 683.238525390625 367.4461669921875 -1 1672.8306884765625 368.75216674804688 -1 2498.821044921875 368.78817749023438 1370501 2498.821044921875 368.78817749023438 1370502 1662.1630859375 369.75830078125 -1 2282.423828125 369.449462890625 -1 2770.09814453125 370.81539916992188 -1 2848.93017578125 372.6416015625 -1 1175.3807373046875 373.0213623046875 477485 1175.3807373046875 373.0213623046875 -1 1726.759765625 374.9539794921875 -1 1726.759765625 374.9539794921875 -1 2246.992431640625 374.2066650390625 -1 113.5738525390625 376.3509521484375 -1 2214.406982421875 375.43634033203125 1168887 565.67071533203125 377.4251708984375 -1 2153.3125 377.3138427734375 1168360 2153.3125 377.3138427734375 1168359 3082.784423828125 376.36929321289062 1370504 3082.784423828125 376.36929321289062 -1 1564.9671630859375 377.8004150390625 -1 2964.404541015625 378.42300415039062 -1 3445.693359375 377.54727172851562 -1 473.39505004882812 379.85882568359375 -1 1411.09619140625 379.48284912109375 477722 1289.9620361328125 380.89599609375 -1 1376.445068359375 379.9208984375 477721 432.72833251953125 381.40411376953125 -1 432.72833251953125 381.40411376953125 -1 1598.5621337890625 381.60784912109375 -1 1598.5621337890625 381.60784912109375 -1 3686.46240234375 382.777099609375 -1 207.50845336914062 384.51205444335938 -1 669.2816162109375 384.2542724609375 -1 3663.56591796875 384.6209716796875 -1 2555.4912109375 385.1346435546875 -1 1543.6439208984375 386.55816650390625 1361810 62.750465393066406 391.09259033203125 -1 62.750465393066406 391.09259033203125 -1 1441.6746826171875 390.76300048828125 477723 2183.774169921875 390.83267211914062 -1 3408.4931640625 390.75894165039062 -1 953.01751708984375 391.82937622070312 -1 953.01751708984375 391.82937622070312 -1 2139.41552734375 391.30923461914062 1359153 2283.9111328125 391.687255859375 -1 3327.05322265625 392.62371826171875 -1 3718.33642578125 392.086669921875 -1 1120.38134765625 393.9305419921875 -1 3055.782470703125 394.13833618164062 -1 3055.782470703125 394.13833618164062 -1 2491.007080078125 396.89971923828125 -1 1582.6146240234375 398.8994140625 1166215 1376.7392578125 401.38385009765625 -1 2302.636474609375 401.65133666992188 -1 2302.636474609375 401.65133666992188 -1 1669.3017578125 402.77420043945312 -1 11.050191879272461 404.33575439453125 -1 96.607925415039062 404.8978271484375 -1 3219.49853515625 404.080322265625 -1 3278.12060546875 404.34637451171875 -1 3897.98486328125 405.31060791015625 -1 2503.95947265625 408.428466796875 1168891 3153.30078125 407.8817138671875 -1 1402.7119140625 409.77908325195312 477724 1637.2337646484375 409.53485107421875 -1 3333.5537109375 409.6148681640625 -1 3383.522705078125 413.3719482421875 -1 3960.46826171875 414.89886474609375 -1 3977.159423828125 416.21475219726562 -1 327.36090087890625 416.49050903320312 -1 197.55174255371094 418.69644165039062 -1 2836.84130859375 417.78964233398438 -1 2280.679443359375 419.757568359375 -1 708.1798095703125 423.84884643554688 -1 708.1798095703125 423.84884643554688 -1 2633.270263671875 425.74462890625 -1 1551.679931640625 427.57473754882812 -1 1359.1337890625 428.47195434570312 -1 8.7693681716918945 429.0672607421875 -1 3934.857177734375 429.80072021484375 -1 2543.642822265625 431.7955322265625 1168893 2557.5712890625 431.30731201171875 1168894 3665.81884765625 432.28152465820312 -1 31.611736297607422 432.23077392578125 -1 3344.50048828125 432.644775390625 -1 3257.994384765625 434.7215576171875 -1 62.3072509765625 434.98904418945312 -1 1557.36083984375 435.78994750976562 -1 1602.63232421875 442.25430297851562 -1 2542.0869140625 443.42239379882812 -1 1498.326171875 446.57025146484375 -1 1415.58349609375 448.21139526367188 -1 327.60684204101562 448.86968994140625 -1 327.60684204101562 448.86968994140625 -1 395.487548828125 450.641845703125 -1 1372.6038818359375 450.2779541015625 -1 2451.22509765625 450.42559814453125 1169443 137.04658508300781 454.85989379882812 462255 350.51882934570312 454.0501708984375 -1 350.51882934570312 454.0501708984375 -1 1384.254638671875 456.21047973632812 -1 2903.73828125 455.3721923828125 1354755 2272.265869140625 458.66644287109375 -1 2003.5780029296875 460.2413330078125 -1 1415.3797607421875 466.23382568359375 -1 3915.10546875 466.67279052734375 -1 647.056640625 474.70513916015625 -1 2446.655517578125 475.00717163085938 -1 2412.41259765625 478.60357666015625 -1 567.44921875 482.05288696289062 -1 2436.347900390625 481.95858764648438 -1 591.67474365234375 486.66641235351562 -1 2491.596435546875 487.0313720703125 1168898 207.94236755371094 487.77511596679688 -1 966.5782470703125 489.60018920898438 -1 966.5782470703125 489.60018920898438 -1 2377.9609375 489.97744750976562 1361381 1302.4110107421875 492.2313232421875 -1 436.15414428710938 493.14944458007812 -1 1013.9901733398438 494.325439453125 -1 142.79925537109375 497.49957275390625 -1 1325.9910888671875 499.45986938476562 -1 3047.196044921875 499.89486694335938 334515 1295.26416015625 502.816162109375 -1 1015.156982421875 505.093994140625 -1 704.9063720703125 505.8917236328125 -1 3119.7255859375 505.96484375 1349017 3119.7255859375 505.96484375 480743 3075.755859375 509.90188598632812 481179 1052.4638671875 510.16024780273438 -1 1267.400634765625 512.72821044921875 -1 2787.094482421875 511.73870849609375 334338 199.22576904296875 513.3406982421875 -1 2087.74169921875 512.97216796875 -1 275.39483642578125 517.69183349609375 -1 2076.6982421875 517.68316650390625 334655 2076.6982421875 517.68316650390625 334656 3630.810302734375 520.021484375 495914 2467.313720703125 521.5806884765625 1362735 132.87191772460938 525.11407470703125 -1 2091.537109375 528.59454345703125 334653 2091.537109375 528.59454345703125 -1 2290.13720703125 527.82061767578125 1359147 3034.51220703125 527.91009521484375 1169451 970.63134765625 530.62799072265625 -1 2072.44189453125 530.26373291015625 334334 2493.668212890625 531.0506591796875 -1 2524.098388671875 530.24957275390625 334654 3989.69970703125 532.02099609375 -1 2466.113525390625 533.00042724609375 1169454 2027.665283203125 533.7686767578125 334332 2848.010009765625 535.30047607421875 334410 3958.698486328125 536.82501220703125 -1 1332.162109375 537.81195068359375 -1 2772.855224609375 537.74603271484375 334092 1321.85205078125 542.9688720703125 -1 9.7711172103881836 544.2091064453125 -1 56.048187255859375 544.6845703125 -1 56.048187255859375 544.6845703125 -1 2550.656982421875 545.72900390625 -1 691.6627197265625 548.1875 -1 2666.62255859375 549.75579833984375 -1 51.413383483886719 554.6151123046875 -1 2043.042724609375 558.1837158203125 -1 2530.86474609375 558.6685791015625 334704 495.49822998046875 563.930908203125 -1 101.56852722167969 567.4100341796875 462266 473.643310546875 567.41717529296875 -1 679.302001953125 567.7269287109375 -1 281.44757080078125 570.16094970703125 -1 298.43014526367188 571.784912109375 -1 2373.32080078125 571.9212646484375 334652 1417.3125 575.38018798828125 -1 3364.627685546875 577.87750244140625 1349016 179.33551025390625 578.8846435546875 -1 1549.424560546875 578.8988037109375 -1 2558.540283203125 583.261962890625 -1 559.98870849609375 584.7371826171875 -1 1389.0947265625 586.05218505859375 -1 2545.79931640625 585.88433837890625 -1 502.32601928710938 589.807373046875 -1 1616.4793701171875 588.85235595703125 -1 1560.5859375 590.8502197265625 -1 2531.650146484375 591.010009765625 -1 2967.1591796875 595.9610595703125 334407 3350.8291015625 596.9832763671875 -1 3927.423095703125 596.954833984375 -1 36.186973571777344 598.94189453125 -1 2450.9150390625 600.8092041015625 -1 90.87994384765625 601.7763671875 -1 50.799503326416016 604.0819091796875 -1 1145.01513671875 607.9124755859375 -1 279.17620849609375 608.191162109375 -1 561.0965576171875 609.683349609375 -1 2318.6455078125 610.079833984375 -1 2397.976806640625 612.1419677734375 1354691 3349.75927734375 614.6683349609375 -1 1270.10498046875 616.03155517578125 -1 3529.869140625 623.1063232421875 480355 2796.7216796875 626.3876953125 -1 3424.21240234375 627.4205322265625 1166587 110.6011962890625 631.36895751953125 1349201 3572.604736328125 633.5294189453125 1359982 1508.2872314453125 633.8248291015625 -1 43.852161407470703 635.2135009765625 -1 3963.700927734375 636.2047119140625 -1 3963.700927734375 636.2047119140625 480354 1709.085693359375 637.93646240234375 -1 2240.864501953125 638.25634765625 334326 64.9351806640625 638.8436279296875 -1 2822.65478515625 638.9844970703125 -1 81.03314208984375 642.9111328125 1360095 1328.201416015625 643.12432861328125 -1 2045.5986328125 645.14794921875 1166731 3635.527099609375 646.11572265625 334510 2030.2568359375 646.7576904296875 334645 2030.2568359375 646.7576904296875 334644 143.036865234375 648.77008056640625 -1 1635.2454833984375 647.68304443359375 -1 1635.2454833984375 647.68304443359375 -1 3264.326416015625 648.49176025390625 481182 3595.812744140625 648.083740234375 1348496 3568.95556640625 652.1259765625 1349073 1952.77880859375 652.750244140625 1164720 1802.8369140625 655.706298828125 -1 3394.875244140625 659.91448974609375 -1 3625.0546875 662.15771484375 480360 721.68701171875 665.0166015625 -1 1433.2490234375 667.44293212890625 -1 1549.150146484375 669.96514892578125 -1 3745.83056640625 669.59527587890625 -1 2014.5091552734375 670.7667236328125 334694 3619.4326171875 673.6944580078125 -1 3632.5947265625 674.3094482421875 -1 2263.08447265625 676.178466796875 -1 3427.712158203125 677.66363525390625 1349014 3427.712158203125 677.66363525390625 1349013 1118.04150390625 679.42437744140625 -1 2304.899658203125 679.78448486328125 -1 3186.802978515625 681.12969970703125 1349012 791.2467041015625 682.299072265625 -1 637.353759765625 683.33062744140625 476535 1468.71923828125 683.34912109375 -1 683.8536376953125 684.091796875 473144 683.8536376953125 684.091796875 -1 3141.364990234375 687.4359130859375 -1 2891.815185546875 687.97210693359375 -1 2448.5087890625 691.12005615234375 -1 2246.7802734375 691.6568603515625 -1 3566.854248046875 692.99993896484375 480768 3722.131103515625 692.78271484375 480760 923.27325439453125 695.65606689453125 -1 3133.106689453125 698.36328125 -1 3684.80126953125 697.98431396484375 1349072 1264.529296875 698.7227783203125 477570 1803.914794921875 699.2509765625 -1 3312.354736328125 699.385498046875 1349070 3963.932861328125 698.697265625 480363 2184.543701171875 701.597412109375 1168364 2411.693115234375 701.63995361328125 -1 3483.568359375 702.990478515625 480775 3483.568359375 702.990478515625 -1 2117.94580078125 704.3079833984375 1351864 2446.492431640625 704.33203125 1354756 2446.492431640625 704.33203125 -1 3008.1357421875 705.59600830078125 328755 3819.860595703125 708.30810546875 480765 1515.64501953125 710.20654296875 -1 3713.105224609375 712.8026123046875 495846 1202.03515625 714.6868896484375 -1 681.2236328125 714.57489013671875 390514 3101.609375 715.31341552734375 1349011 2522.217041015625 718.9173583984375 -1 1109.7359619140625 723.96044921875 477572 351.0229797363
2026-05-15T21:39:25.198000+00:00 md1shrunk1456-1778880862-3dgs/algo-1-1778880912 2812 725.3189697265625 -1 3111.43896484375 725.51214599609375 334120 3468.843017578125 726.8682861328125 -1 1226.590087890625 731.219482421875 477491 1427.41162109375 730.8681640625 1359878 729.558349609375 734.8255615234375 476537 1910.4407958984375 735.0916748046875 -1 924.865966796875 735.15289306640625 -1 503.38607788085938 736.6473388671875 -1 3268.1787109375 738.31573486328125 480782 1331.196533203125 739.55657958984375 -1 2503.093994140625 739.54461669921875 -1 3072.221435546875 739.56298828125 480789 1527.764892578125 740.0400390625 476867 3776.0966796875 743.64251708984375 -1 1340.139892578125 745.461181640625 -1 1702.4091796875 747.10455322265625 477728 1907.3419189453125 747.19085693359375 -1 2961.85302734375 746.864013671875 1169472 3028.505615234375 746.61187744140625 1169470 683.4945068359375 748.5751953125 -1 1713.776611328125 754.803466796875 476747 1713.776611328125 754.803466796875 476748 3897.0703125 754.71240234375 -1 3986.8525390625 754.20220947265625 -1 1786.0003662109375 758.4720458984375 477684 1809.78369140625 757.80712890625 -1 3351.779296875 758.5169677734375 1349067 1695.3167724609375 758.67486572265625 476868 367.2156982421875 761.08245849609375 -1 1919.6214599609375 760.0673828125 -1 1919.6214599609375 760.0673828125 -1 3466.25927734375 760.8974609375 334392 1722.13134765625 761.9027099609375 476869 1748.2122802734375 762.78375244140625 -1 2927.83203125 766.162353515625 481207 1389.1087646484375 766.9654541015625 -1 2631.09814453125 767.96929931640625 -1 2603.93994140625 769.60272216796875 -1 3193.512939453125 771.42095947265625 1349066 493.85867309570312 774.5645751953125 -1 1494.8701171875 774.04632568359375 -1 1667.4537353515625 774.84014892578125 -1 1334.7999267578125 775.8677978515625 -1 3577.077880859375 775.51727294921875 -1 176.78857421875 776.49078369140625 -1 1385.4962158203125 777.406494140625 477575 3736.7060546875 777.47857666015625 495862 629.50860595703125 777.67791748046875 476539 3707.9951171875 778.7042236328125 1349069 3805.599609375 777.234130859375 -1 274.66098022460938 780.97442626953125 -1 1242.639404296875 782.3946533203125 477498 1420.45849609375 783.07928466796875 477576 3199.3359375 784.715087890625 480797 3177.703125 785.4976806640625 -1 370.12286376953125 787.17230224609375 -1 370.12286376953125 787.17230224609375 1349230 1222.26708984375 788.37957763671875 477499 1649.916015625 788.480224609375 -1 3149.318359375 788.7113037109375 480397 3149.318359375 788.7113037109375 480396 630.9072265625 789.1810302734375 473146 3266.063232421875 791.69708251953125 -1 616.0921630859375 792.4388427734375 473147 3158.470703125 796.953369140625 480803 3344.97314453125 798.10723876953125 -1 3344.97314453125 798.10723876953125 1348493 2780.88818359375 798.468505859375 -1 939.08624267578125 802.29034423828125 390508 1338.7568359375 802.4012451171875 -1 3130.530029296875 802.6995849609375 -1 828.1824951171875 805.4794921875 473148 368.11981201171875 806.03668212890625 -1 3566.900634765625 808.885009765625 -1 413.70822143554688 809.07659912109375 -1 3582.892578125 810.19927978515625 328754 1999.1748046875 811.5721435546875 476750 2402.746337890625 812.30926513671875 -1 2402.746337890625 812.30926513671875 -1 2169.8017578125 814.14190673828125 1168909 2329.306640625 817.7017822265625 -1 374.61532592773438 820.00921630859375 462276 2461.6103515625 819.21435546875 1168907 3467.56689453125 819.3038330078125 1349065 3822.35888671875 821.8697509765625 -1 3822.35888671875 821.8697509765625 -1 2355.636962890625 829.08514404296875 -1 1863.865478515625 832.90521240234375 476962 2326.3486328125 832.42620849609375 -1 3467.2275390625 834.2283935546875 -1 500.10552978515625 836.27191162109375 462277 2390.534423828125 837.51458740234375 -1 3850.07568359375 837.20098876953125 -1 2163.211669921875 838.0706787109375 -1 2263.844482421875 837.54327392578125 -1 1594.419921875 840.857421875 -1 1732.9864501953125 845.794921875 1365624 1009.2484130859375 846.71380615234375 783942 1009.2484130859375 846.71380615234375 783944 883.04071044921875 848.38427734375 473151 1761.0399169921875 848.2052001953125 1365573 2471.04638671875 848.68951416015625 -1 2025.44140625 849.30389404296875 469289 2025.44140625 849.30389404296875 -1 2163.0556640625 849.21630859375 477687 3967.274169921875 848.9046630859375 -1 2347.790771484375 852.30279541015625 -1 3134.7900390625 851.33819580078125 -1 478.25222778320312 854.72052001953125 -1 3837.45166015625 854.7025146484375 480393 1729.3714599609375 859.23193359375 1365790 787.3572998046875 862.24847412109375 -1 2031.4296875 861.33941650390625 476879 359.688720703125 863.37701416015625 -1 1701.874267578125 863.33184814453125 1554559 1823.0748291015625 863.8505859375 476882 3881.52099609375 864.9398193359375 480798 3673.305419921875 869.18951416015625 1166590 2825.099609375 876.37872314453125 -1 3132.51953125 876.93060302734375 -1 3188.625 876.857177734375 1354710 1331.19189453125 878.904296875 -1 1593.9329833984375 879.40484619140625 -1 3465.325927734375 878.88067626953125 334145 2898.580078125 884.22393798828125 480826 2704.003662109375 888.80316162109375 -1 921.48077392578125 892.5897216796875 473153 2208.07470703125 892.81396484375 -1 1143.866943359375 894.62939453125 -1 120.48542785644531 895.18896484375 -1 601.44940185546875 895.164306640625 -1 3067.9013671875 896.42791748046875 480824 3600.447265625 897.3292236328125 334146 3614.09619140625 898.3387451171875 1366683 3614.09619140625 898.3387451171875 496610 1250.0242919921875 899.55389404296875 477730 2863.67138671875 899.2435302734375 -1 679.76898193359375 901.3658447265625 473156 2004.5274658203125 902.10107421875 -1 787.33648681640625 907.40203857421875 775574 1785.400146484375 909.15191650390625 -1 254.60275268554688 908.86346435546875 1360080 2014.149169921875 909.18994140625 476887 1943.939208984375 914.3072509765625 1555585 1338.021484375 917.48956298828125 -1 1140.871337890625 919.64105224609375 776042 1140.871337890625 919.64105224609375 403305 1279.1732177734375 919.75616455078125 -1 876.6573486328125 920.21087646484375 -1 1070.69677734375 920.22491455078125 473160 1453.5438232421875 920.5579833984375 476893 2912.264404296875 921.08367919921875 1354758 934.9337158203125 922.3333740234375 -1 2199.494140625 923.51739501953125 -1 1109.5003662109375 927.423095703125 -1 1976.5362548828125 926.440185546875 1551432 2688.742919921875 928.6138916015625 472144 267.10787963867188 929.33544921875 -1 134.22781372070312 931.9832763671875 -1 1983.6004638671875 933.12774658203125 1555532 855.5599365234375 934.79791259765625 431378 2930.654296875 936.17462158203125 1354696 92.581855773925781 937.2877197265625 477146 2448.968994140625 936.73822021484375 1168916 670.38299560546875 938.00750732421875 776025 2579.992431640625 937.8482666015625 -1 1111.614501953125 939.46783447265625 -1 2857.331298828125 939.798828125 -1 40.926441192626953 939.9952392578125 1174246 593.2777099609375 942.23211669921875 466429 2539.35107421875 941.38848876953125 1168917 1908.11181640625 943.22454833984375 1554537 2680.6806640625 944.5279541015625 -1 2737.376953125 943.606689453125 -1 3682.692626953125 943.7056884765625 -1 2832.0615234375 946.78411865234375 -1 3451.440185546875 947.0516357421875 480822 787.3040771484375 948.6424560546875 473169 1520.9376220703125 949.1297607421875 -1 2893.45068359375 949.64715576171875 -1 194.09912109375 950.24176025390625 462624 1573.66015625 951.57745361328125 -1 1620.32275390625 951.8193359375 1555590 2054.520263671875 951.1021728515625 1555466 88.855010986328125 953.49188232421875 -1 2458.349365234375 952.848876953125 1552508 2515.8310546875 952.69903564453125 1166682 595.7584228515625 953.7467041015625 473171 1895.4510498046875 954.7823486328125 476896 2163.5 958.505126953125 476888 2163.5 958.505126953125 -1 794.780517578125 959.22393798828125 476543 1467.954345703125 958.825927734375 412817 1539.968505859375 959.747314453125 -1 1581.310302734375 959.93170166015625 477523 2850.02978515625 959.08880615234375 480847 2850.02978515625 959.08880615234375 480846 3152.90234375 960.652587890625 -1 2862.807861328125 961.9805908203125 1354759 1624.498779296875 962.49212646484375 1365584 2746.3779296875 964.034912109375 -1 2759.17919921875 964.774169921875 -1 3518.365234375 965.18646240234375 1171707 77.401100158691406 966.79931640625 430323 2045.46923828125 966.626220703125 1555610 3063.591064453125 967.2159423828125 472181 3063.591064453125 967.2159423828125 -1 617.8206787109375 968.6231689453125 -1 617.8206787109375 968.6231689453125 -1 818.3438720703125 968.2806396484375 -1 1838.1336669921875 969.5867919921875 476786 1934.9134521484375 971.3751220703125 1168921 2364.58349609375 971.415771484375 -1 2624.8623046875 973.316162109375 -1 2562.201171875 976.3525390625 1366523 3227.917236328125 977.37554931640625 1552511 3601.03271484375 978.52227783203125 497912 1427.034423828125 980.2535400390625 -1 2260.451416015625 982.50494384765625 477694 2526.53173828125 981.5755615234375 1552503 2950.685546875 983.84918212890625 1552076 254.63394165039062 984.97320556640625 -1 254.63394165039062 984.97320556640625 -1 2705.053955078125 985.14044189453125 -1 3707.92724609375 985.50421142578125 -1 238.13438415527344 985.838134765625 493118 2645.966796875 985.449462890625 -1 2645.966796875 985.449462890625 -1 313.4998779296875 989.6029052734375 -1 2936.857666015625 988.77685546875 1166378 2936.857666015625 988.77685546875 1166379 3176.506591796875 988.983642578125 -1 3044.39599609375 990.93170166015625 480844 2613.461669921875 993.03900146484375 1552513 587.525146484375 995.5555419921875 473646 1139.0697021484375 995.53521728515625 -1 2587.13623046875 995.210693359375 -1 903.242431640625 997.4375 431385 903.242431640625 997.4375 431383 1011.7313232421875 996.516845703125 -1 2843.13818359375 997.4044189453125 -1 3875.24609375 997.4620361328125 -1 1258.0546875 1000.860595703125 393284 2359.364990234375 1001.7516479492188 -1 2359.364990234375 1001.7516479492188 -1 2406.74658203125 1000.4398193359375 -1 1027.2913818359375 1001.3516235351562 431387 1795.5762939453125 1002.3753662109375 -1 2320.297119140625 1002.4744262695312 478721 2320.297119140625 1002.4744262695312 -1 252.45938110351562 1003.3560791015625 430337 67.654815673828125 1004.269775390625 -1 2511.0771484375 1004.1307983398438 -1 2939.735107421875 1004.612548828125 1168369 566.91455078125 1006.8731689453125 -1 3067.235107421875 1006.5155639648438 -1 3306.126708984375 1007.14794921875 -1 3720.99609375 1006.6505126953125 -1 1502.2166748046875 1009.5372314453125 1552139 2081.771240234375 1009.684814453125 -1 442.0394287109375 1010.117919921875 775604 718.5157470703125 1011.2095947265625 477160 2203.361083984375 1012.6407470703125 476899 2579.4814453125 1014.1063842773438 -1 2579.4814453125 1014.1063842773438 -1 2948.81982421875 1016.077392578125 -1 2948.81982421875 1016.077392578125 480463 3257.760986328125 1017.1396484375 -1 3310.041259765625 1016.7059326171875 -1 3043.56640625 1017.0978393554688 480855 1244.30810546875 1019.6761474609375 431390 1244.30810546875 1019.6761474609375 1359623 2855.076904296875 1019.2083740234375 -1 3028.542724609375 1018.77197265625 472182 3183.242431640625 1019.0914916992188 -1 1500.1463623046875 1021.0687255859375 1365587 1639.390869140625 1020.85791015625 1555572 1639.390869140625 1020.85791015625 1555571 1709.424072265625 1021.3944091796875 1365800 2620.60400390625 1021.0733032226562 1367972 2714.19140625 1020.76513671875 1172234 2714.19140625 1020.76513671875 -1 10.777106285095215 1022.481689453125 -1 52.168418884277344 1021.7713623046875 462689 1411.379150390625 1023.0965576171875 412827 2513.1865234375 1021.97705078125 -1 636.6890869140625 1023.9305419921875 -1 1976.943603515625 1024.6395263671875 465127 309.19146728515625 1028.454833984375 795848 1558.340087890625 1028.11865234375 -1 1617.794921875 1027.6832275390625 -1 1617.794921875 1027.6832275390625 -1 214.73919677734375 1029.3265380859375 1360075 2323.5771484375 1029.34619140625 477696 2801.725830078125 1029.79541015625 -1 3733.707275390625 1029.751708984375 -1 547.96575927734375 1030.9544677734375 775623 1576.000732421875 1031.0224609375 1555488 1763.8209228515625 1030.03466796875 1554561 3875.84033203125 1030.825439453125 326653 3351.14599609375 1031.8297119140625 479292 1111.4698486328125 1033.290771484375 -1 1517.4346923828125 1033.2596435546875 1555605 2106.5302734375 1033.1746826171875 -1 1272.1146240234375 1034.5853271484375 -1 183.49913024902344 1036.1263427734375 -1 2155.447509765625 1035.44091796875 -1 2169.130615234375 1035.41796875 476794 3082.0693359375 1037.111083984375 -1 3082.0693359375 1037.111083984375 -1 242.13853454589844 1039.2274169921875 -1 1459.843994140625 1039.1551513671875 431748 1459.843994140625 1039.1551513671875 407892 468.18606567382812 1042.0323486328125 -1 766.15655517578125 1043.89990234375 -1 1513.7294921875 1043.378173828125 1365640 1995.4901123046875 1043.2989501953125 476906 2108.32080078125 1043.18505859375 1551440 2512.2412109375 1043.100830078125 -1 1481.1717529296875 1043.940673828125 -1 3489.089599609375 1043.9010009765625 480438 1692.875244140625 1047.45166015625 1365802 64.097373962402344 1047.7906494140625 -1 64.097373962402344 1047.7906494140625 -1 797.30718994140625 1051.4862060546875 473796 797.30718994140625 1051.4862060546875 476546 1725.2940673828125 1050.5166015625 1552226 1593.9375 1052.9967041015625 393245 317.8450927734375 1053.2496337890625 -1 317.8450927734375 1053.2496337890625 -1 699.33038330078125 1052.877685546875 473647 2010.0343017578125 1053.4410400390625 1365895 2379.47900390625 1053.0167236328125 1168926 3338.31689453125 1052.744873046875 1164622 1487.111083984375 1054.369873046875 1554550 3795.29443359375 1054.0167236328125 476660 570.00140380859375 1055.917236328125 421883 589.1756591796875 1055.83935546875 430622 632.5408935546875 1055.2210693359375 775649 632.5408935546875 1055.2210693359375 393954 2535.756103515625 1055.148193359375 -1 3487.43603515625 1055.54150390625 1159837 816.38055419921875 1056.0281982421875 430624 2235.22119140625 1057.1998291015625 -1 241.61636352539062 1059.5604248046875 -1 241.61636352539062 1059.5604248046875 -1 2484.1669921875 1059.5250244140625 -1 3435.405517578125 1059.32958984375 -1 2468.73681640625 1060.951171875 -1 2812.40869140625 1060.7803955078125 -1 2932.16259765625 1060.6688232421875 -1 2932.16259765625 1060.6688232421875 -1 3745.112548828125 1060.107421875 476664 1535.1658935546875 1061.598388671875 1555573 2400.729736328125 1061.623291015625 -1 2400.729736328125 1061.623291015625 -1 740.7069091796875 1062.8870849609375 423902 3241.461181640625 1063.6802978515625 495969 622.46875 1064.77392578125 -1 1306.9931640625 1065.681640625 -1 3514.2900390625 1065.54296875 1159838 690.94183349609375 1066.53125 431391 1292.95849609375 1066.8341064453125 -1 1576.56787109375 1067.1324462890625 1365591 1813.7501220703125 1066.72509765625 508714 711.634521484375 1068.72119140625 -1 1500.233154296875 1068.025390625 1552144 2573.238525390625 1068.313232421875 -1 1279.923583984375 1069.053955078125 -1 242.28898620605469 1071.7918701171875 -1 570.7908935546875 1071.95751953125 -1 752.99749755859375 1071.45458984375 423906 2799.09814453125 1072.498291015625 -1 278.66778564453125 1073.4036865234375 -1 1845.682373046875 1072.326171875 423617 2809.968505859375 1072.896240234375 -1 2965.20556640625 1073.4693603515625 -1 2979.45751953125 1073.115966796875 -1 1368.562255859375 1074.755615234375 -1 1941.8040771484375 1074.5728759765625 -1 2941.65673828125 1073.7724609375 -1 1655.064208984375 1075.978271484375 -1 1735.2606201171875 1076.0584716796875 1365803 3618.269287109375 1075.340087890625 481849 685.76104736328125 1076.7855224609375 473740 2191.644287109375 1078.4998779296875 -1 2191.644287109375 1078.4998779296875 -1 2347.44970703125 1082.376953125 -1 3346.13916015625 1081.8369140625 1354629 1767.1318359375 1083.213623046875 -1 1784.0819091796875 1082.7393798828125 390465 2274.869873046875 1083.0428466796875 476799 3627.448486328125 1083.461669921875 496565 3991.510009765625 1082.7100830078125 -1 2689.873291015625 1083.7716064453125 -1 2047.127197265625 1086.0296630859375 -1 2260.15185546875 1085.9208984375 -1 77.382743835449219 1088.19775390625 -1 77.382743835449219 1088.19775390625 -1 2032.2705078125 1088.1617431640625 -1 2032.2705078125 1088.1617431640625 -1 1749.2078857421875 1091.230712890625 476808 2456.68798828125 1093.743408203125 -1 670.0820922851
2026-05-15T21:39:25.198000+00:00 md1shrunk1456-1778880862-3dgs/algo-1-1778880912 5625 1095.9913330078125 -1 3404.39892578125 1096.001220703125 -1 109.35040283203125 1096.7015380859375 1556160 2214.289794921875 1097.4742431640625 -1 2438.713623046875 1096.8267822265625 1159840 3807.890869140625 1097.3502197265625 1551441 3807.890869140625 1097.3502197265625 1371382 93.236701965332031 1097.966552734375 473739 93.236701965332031 1097.966552734375 430361 2477.871337890625 1098.2314453125 326633 2877.9423828125 1097.61767578125 -1 2983.917236328125 1098.3662109375 -1 3789.67041015625 1098.3990478515625 419730 3789.67041015625 1098.3990478515625 419733 302.11819458007812 1099.8011474609375 -1 655.85662841796875 1099.3121337890625 1181789 1424.711669921875 1099.180419921875 393901 1813.0372314453125 1099.167724609375 1365804 2911.684326171875 1098.920166015625 -1 3180.4814453125 1101.2733154296875 419737 69.361572265625 1101.9444580078125 -1 827.326416015625 1101.4683837890625 478202 1383.14453125 1101.2567138671875 -1 121.28610229492188 1103.0018310546875 1360052 1029.921630859375 1104.631591796875 779371 1282.432373046875 1104.3909912109375 -1 178.21998596191406 1105.5439453125 466881 325.93145751953125 1107.510498046875 462489 2722.25927734375 1106.831298828125 1169495 3467.506103515625 1107.085205078125 419740 3754.024658203125 1107.7694091796875 419744 3754.024658203125 1107.7694091796875 337336 201.44268798828125 1109.5042724609375 1360051 201.44268798828125 1109.5042724609375 1360073 2311.78662109375 1109.750244140625 -1 2456.41552734375 1109.2437744140625 -1 2493.865234375 1109.218505859375 1363176 73.855331420898438 1111.01171875 462486 73.855331420898438 1111.01171875 462541 453.88455200195312 1110.216064453125 430391 453.88455200195312 1110.216064453125 -1 1253.7574462890625 1110.70556640625 -1 1253.7574462890625 1110.70556640625 -1 3842.65478515625 1110.26025390625 1551445 2110.25537109375 1111.6568603515625 476805 117.10402679443359 1113.5899658203125 -1 262.26828002929688 1114.79345703125 -1 756.391845703125 1115.90234375 473735 2372.166259765625 1115.2861328125 -1 2403.8212890625 1115.3809814453125 -1 2403.8212890625 1115.3809814453125 -1 2559.80224609375 1115.501953125 -1 2628.607421875 1116.4697265625 -1 1523.254150390625 1116.8504638671875 -1 2010.57080078125 1117.0692138671875 -1 3945.30322265625 1117.0780029296875 -1 3945.30322265625 1117.0780029296875 -1 614.2508544921875 1118.097412109375 1360078 1431.9212646484375 1117.1983642578125 -1 1431.9212646484375 1117.1983642578125 -1 1047.077880859375 1118.984619140625 430874 3677.458984375 1119.1771240234375 419749 12.990599632263184 1120.9326171875 -1 1358.0482177734375 1120.638671875 337808 2459.998779296875 1120.6031494140625 -1 2092.191162109375 1122.66796875 -1 3847.835693359375 1123.2100830078125 410553 3847.835693359375 1123.2100830078125 419753 277.08209228515625 1124.089111328125 558274 277.08209228515625 1124.089111328125 -1 1444.623046875 1124.1865234375 -1 258.29705810546875 1125.54833984375 -1 718.17041015625 1125.2354736328125 -1 1455.514404296875 1125.7642822265625 477544 1661.4036865234375 1125.2396240234375 -1 2836.343017578125 1125.6007080078125 -1 1599.072998046875 1126.9884033203125 -1 332.8765869140625 1128.2540283203125 430388 2467.714599609375 1129.4951171875 -1 5.8690381050109863 1130.465576171875 -1 1685.234375 1130.1380615234375 -1 2480.648681640625 1130.669189453125 1552198 2480.648681640625 1130.669189453125 1555619 225.64144897460938 1131.8922119140625 568489 1098.143310546875 1131.5887451171875 779387 2436.673583984375 1132.1854248046875 -1 2687.523193359375 1134.349609375 -1 3758.930908203125 1135.22705078125 419755 138.44444274902344 1136.75634765625 1360072 3662.924560546875 1138.701171875 419758 1029.4453125 1138.9471435546875 -1 1171.6160888671875 1139.95166015625 431411 152.17546081542969 1140.858642578125 1349198 830.557373046875 1140.260009765625 775693 1825.538330078125 1140.659912109375 1555490 3051.512451171875 1141.9337158203125 -1 119.07406616210938 1142.789794921875 1360049 338.01361083984375 1144.000732421875 473736 2113.999755859375 1144.5762939453125 -1 2425.1259765625 1144.236572265625 1365898 1994.8863525390625 1145.243408203125 -1 1994.8863525390625 1145.243408203125 -1 2335.727783203125 1145.5394287109375 1361020 2607.70361328125 1146.835205078125 -1 977.344482421875 1147.7452392578125 430638 3752.00537109375 1148.38916015625 1551446 55.211502075195312 1149.4996337890625 -1 933.6591796875 1151.5325927734375 -1 1544.8316650390625 1152.475830078125 1365650 2314.0712890625 1151.6895751953125 -1 2546.38427734375 1152.193359375 -1 651.8310546875 1154.961181640625 473790 651.8310546875 1154.961181640625 473752 2228.7080078125 1153.5648193359375 -1 3956.91943359375 1154.379638671875 1551448 3956.91943359375 1154.379638671875 -1 2108.37744140625 1155.928466796875 -1 2557.568603515625 1155.422119140625 -1 2970.20361328125 1155.8033447265625 419763 3597.068115234375 1155.3294677734375 337334 1443.3291015625 1157.2144775390625 -1 2615.263671875 1156.0484619140625 -1 3527.50048828125 1157.7340087890625 419766 3970.820068359375 1158.4686279296875 476672 127.76973724365234 1159.3531494140625 473737 2746.866455078125 1159.802734375 -1 2836.364501953125 1159.3214111328125 337332 70.948677062988281 1161.35546875 -1 70.948677062988281 1161.35546875 -1 1405.671630859375 1161.6484375 -1 1210.385498046875 1164.76416015625 1555987 1867.140869140625 1164.40966796875 -1 2863.38232421875 1164.6424560546875 -1 1539.8316650390625 1165.4053955078125 399987 727.78875732421875 1166.4010009765625 -1 754.922607421875 1166.9801025390625 -1 1636.0557861328125 1168.66552734375 -1 2243.382568359375 1169.055419921875 -1 2651.828857421875 1169.469482421875 -1 1181.2799072265625 1170.1962890625 -1 1900.256103515625 1170.582763671875 -1 2510.519775390625 1170.143310546875 -1 2510.519775390625 1170.143310546875 400007 2682.24072265625 1170.713623046875 -1 2682.24072265625 1170.713623046875 -1 1501.98388671875 1172.534423828125 1555533 2601.49267578125 1171.5693359375 -1 2601.49267578125 1171.5693359375 -1 2988.21533203125 1172.684326171875 1351308 1588.61181640625 1172.6026611328125 -1 2121.4814453125 1175.503662109375 -1 1357.04150390625 1177.5137939453125 -1 1831.4853515625 1176.276611328125 399844 2467.456787109375 1176.7781982421875 -1 832.0223388671875 1180.0057373046875 -1 832.0223388671875 1180.0057373046875 431417 72.3551025390625 1182.817138671875 -1 249.24252319335938 1181.666015625 -1 2245.373046875 1181.55224609375 337806 2497.30810546875 1182.5234375 -1 2582.311767578125 1182.184814453125 -1 3770.6865234375 1182.602783203125 1159841 2568.1376953125 1184.3909912109375 -1 641.97381591796875 1185.3211669921875 473717 1986.372802734375 1185.9681396484375 -1 2070.2578125 1187.081787109375 -1 813.27911376953125 1188.1121826171875 452038 1277.4273681640625 1187.6436767578125 -1 1277.4273681640625 1187.6436767578125 794983 2663.781982421875 1187.5966796875 -1 2720.423828125 1188.83349609375 -1 855.95751953125 1189.041015625 -1 546.2972412109375 1190.031005859375 423953 3329.779052734375 1191.020263671875 555219 34.552314758300781 1194.8045654296875 -1 1262.5926513671875 1194.5455322265625 -1 1791.1138916015625 1194.6334228515625 -1 165.20748901367188 1196.5894775390625 473782 619.8564453125 1199.19140625 473654 731.2884521484375 1199.542236328125 421880 731.2884521484375 1199.542236328125 -1 1440.3082275390625 1199.4879150390625 -1 2693.990234375 1199.257080078125 -1 3015.32568359375 1198.9896240234375 -1 1208.195556640625 1201.093994140625 -1 2640.295654296875 1200.3175048828125 -1 2680.8037109375 1201.700439453125 -1 3262.27294921875 1202.025390625 419776 3282.432861328125 1201.875244140625 554824 1185.215576171875 1203.276123046875 430657 1394.8096923828125 1203.20263671875 -1 577.32513427734375 1204.13720703125 -1 937.133544921875 1205.230712890625 424956 1010.7402954101562 1205.10302734375 560598 449.87716674804688 1205.9420166015625 423950 1091.65283203125 1207.188720703125 430886 3233.76171875 1205.87109375 479183 3130.1767578125 1208.3753662109375 455048 17.867557525634766 1209.5693359375 462490 620.7279052734375 1209.798095703125 -1 1774.2076416015625 1208.6689453125 -1 2877.7021484375 1208.9798583984375 -1 491.35498046875 1210.3162841796875 -1 2247.044921875 1216.5787353515625 -1 2315.842041015625 1217.03662109375 -1 284.953857421875 1218.26220703125 339791 1993.1922607421875 1218.6046142578125 513540 2231.65478515625 1217.95751953125 423843 2715.001953125 1218.69091796875 419782 2809.78857421875 1218.7257080078125 -1 1005.031982421875 1218.7498779296875 -1 1242.4620361328125 1219.4619140625 -1 1242.4620361328125 1219.4619140625 393839 1256.32763671875 1218.9356689453125 477586 3586.296142578125 1218.8914794921875 419786 1798.7225341796875 1221.171875 478274 3264.85205078125 1220.16259765625 419789 1598.238525390625 1221.4736328125 -1 1598.238525390625 1221.4736328125 -1 456.7440185546875 1223.1866455078125 -1 848.656982421875 1223.031005859375 424010 249.02284240722656 1224.75244140625 -1 1303.81103515625 1224.83056640625 -1 3242.34619140625 1223.93798828125 455035 3242.34619140625 1223.93798828125 455036 3277.64404296875 1225.3902587890625 497923 3277.64404296875 1225.3902587890625 497923 345.05374145507812 1226.630126953125 473753 2340.2587890625 1226.777587890625 -1 2340.2587890625 1226.777587890625 -1 227.96542358398438 1228.44677734375 413127 2632.453125 1228.5875244140625 419796 3578.443359375 1228.47802734375 334140 1360.8681640625 1229.7274169921875 -1 1571.3441162109375 1229.9359130859375 -1 2013.8251953125 1229.08203125 -1 2013.8251953125 1229.08203125 1363181 2722.08251953125 1232.2060546875 -1 2722.08251953125 1232.2060546875 419805 3228.846435546875 1232.937255859375 419808 2119.431396484375 1233.2733154296875 510148 2142.59912109375 1232.883056640625 -1 1542.220703125 1234.1019287109375 -1 1729.75341796875 1234.5811767578125 -1 1719.4647216796875 1236.133056640625 -1 2404.176513671875 1236.0843505859375 -1 3890.194091796875 1237.670166015625 475741 256.14276123046875 1239.6280517578125 -1 2084.4091796875 1239.4263916015625 -1 2084.4091796875 1239.4263916015625 -1 2737.757568359375 1239.8797607421875 -1 1905.7635498046875 1240.80859375 -1 3729.474609375 1240.751220703125 474462 857.21014404296875 1241.667724609375 -1 2279.1162109375 1241.724365234375 -1 2890.30126953125 1241.380859375 399963 1029.7122802734375 1243.095947265625 -1 1029.7122802734375 1243.095947265625 -1 2508.810791015625 1243.2659912109375 -1 3446.96826171875 1246.0291748046875 476692 3851.221923828125 1245.839599609375 -1 1384.1297607421875 1246.738525390625 431448 3137.219482421875 1246.5601806640625 -1 3263.766845703125 1248.2579345703125 555196 3822.3134765625 1247.6412353515625 476807 709.25262451171875 1248.8673095703125 -1 2728.6279296875 1252.322021484375 419819 510.19802856445312 1255.1651611328125 473391 3360.5302734375 1255.1470947265625 -1 545.934326171875 1256.3018798828125 1362923 1390.193603515625 1257.2852783203125 -1 2419.333251953125 1256.4610595703125 -1 142.05624389648438 1257.896728515625 430410 2893.18798828125 1258.288818359375 1365776 2893.18798828125 1258.288818359375 328734 709.3974609375 1259.842041015625 -1 528.49267578125 1260.5050048828125 -1 2742.61865234375 1260.4794921875 476921 3019.494873046875 1260.0855712890625 555186 1735.0482177734375 1261.3604736328125 1159842 3988.359130859375 1263.346435546875 -1 834.16046142578125 1264.1864013671875 430436 1362.456298828125 1265.622802734375 -1 2481.7421875 1265.907470703125 390377 2481.7421875 1265.907470703125 390374 2841.190185546875 1265.1649169921875 332852 3606.116943359375 1265.77685546875 419830 1186.8638916015625 1267.1031494140625 -1 542.55316162109375 1268.4215087890625 473667 1341.304931640625 1268.6226806640625 -1 1755.835205078125 1267.55859375 477124 2036.088623046875 1268.012939453125 390367 3326.1787109375 1267.546630859375 -1 222.50448608398438 1269.412353515625 477301 906.03521728515625 1269.5174560546875 473665 906.03521728515625 1269.5174560546875 473664 1812.7158203125 1269.7001953125 -1 2109.42578125 1269.2335205078125 -1 369.82940673828125 1270.9737548828125 473773 2734.1259765625 1270.7247314453125 419835 2734.1259765625 1270.7247314453125 419838 3275.597900390625 1270.0606689453125 1551453 3104.043212890625 1271.4703369140625 626076 3201.610107421875 1273.456298828125 1349241 3201.610107421875 1273.456298828125 476917 3240.86474609375 1274.1143798828125 451459 3240.86474609375 1274.1143798828125 1551456 971.12335205078125 1275.56298828125 412952 2340.00927734375 1275.58447265625 419853 2659.29150390625 1275.4659423828125 419856 2659.29150390625 1275.4659423828125 -1 346.21554565429688 1279.6522216796875 -1 909.3643798828125 1279.6217041015625 473780 3162.655029296875 1279.33203125 476919 3228.810546875 1279.470458984375 555180 985.68426513671875 1280.7935791015625 412966 1674.171875 1283.2783203125 -1 572.22808837890625 1285.758544921875 473671 1385.538330078125 1285.2060546875 -1 2339.984619140625 1285.431640625 1363184 128.79371643066406 1287.0045166015625 -1 2967.91455078125 1287.8212890625 419864 3732.10595703125 1288.067138671875 419868 3732.10595703125 1288.067138671875 1363679 2822.166015625 1291.1719970703125 332844 1422.4742431640625 1291.600341796875 -1 1720.0604248046875 1292.059814453125 477006 31.552093505859375 1292.0301513671875 -1 3587.781005859375 1293.303466796875 -1 712.41815185546875 1293.9345703125 791330 1017.476806640625 1295.8740234375 -1 2133.259033203125 1295.7896728515625 1551460 126.80078125 1297.9241943359375 1362507 2331.342041015625 1297.7513427734375 1551462 115.54991912841797 1300.6751708984375 477223 3138.486328125 1300.26953125 419877 246.65823364257812 1302.1405029296875 -1 1049.1824951171875 1301.38134765625 -1 1277.347412109375 1303.870361328125 -1 2418.38818359375 1304.4190673828125 -1 3196.2685546875 1303.871337890625 419881 707.44329833984375 1305.3662109375 -1 891.1724853515625 1305.50439453125 -1 3410.74658203125 1306.0626220703125 397328 3410.74658203125 1306.0626220703125 397361 439.00238037109375 1306.43408203125 473786 1016.81103515625 1307.1572265625 -1 1210.7291259765625 1306.2615966796875 430675 2104.078125 1307.617919921875 -1 2104.078125 1307.617919921875 -1 3878.493896484375 1307.31591796875 -1 751.408447265625 1307.830078125 -1 358.6578369140625 1311.4403076171875 451951 3317.816162109375 1312.0693359375 390347 503.64190673828125 1312.9356689453125 -1 863.58026123046875 1312.114501953125 -1 1445.9324951171875 1313.298828125 -1 2259.76220703125 1313.648193359375 419889 2818.410400390625 1313.8306884765625 478044 375.671875 1314.82763671875 477307 887.3316650390625 1315.9300537109375 -1 887.3316650390625 1315.9300537109375 424074 1847.1112060546875 1316.302001953125 450460 2188.09521484375 1316.31298828125 419896 3743.1865234375 1315.358642578125 455040 391.58660888671875 1316.9361572265625 -1 3436.546875 1316.396240234375 419899 3436.546875 1316.396240234375 1359893 965.76055908203125 1318.728515625 -1 729.6934814453125 1319.328369140625 -1 1198.9510498046875 1320.1605224609375 479133 126.38098907470703 1321.4259033203125 1360070 126.38098907470703 1321.4259033203125 430416 1382.960693359375 1322.632080078125 -1 994.7811279296875 1324.139892578125 736678 2392.585693359375 1324.9830322265625 390332 702.82171630859375 1325.512451171875 -1 2519.72216796875 1325.239013671875 476820 2665.06787109375 1326.25390625 419902 2115.96630859375 1326.908447265625 419906 762.3465576171875 1329.996337890625 473724 3360.43798828125 1329.71044921875 1361049 535.022705078125 1332.0445556640625 1348148 2701.7529296875 1332.7264404296875 477738 713.13818359375 1332.3243408203125 472005 713.13818359375 1332.3243408203125 462623 1028.5496826171875 1333.4417724609375 423226 1028.5496826171875 1333.4417724609375 -1 2058.828369140625 1333.3057861328125 412140 216.21304321289062 1334.740234375 -1 518.01361083984375 1334.4912109375 -1 2498.068603515625 1334.5338134765625 1551464 880.6322021484375 1335.5244140625 -1 880.6322021484375 1335.5244140625 -1 1122.447265625 1335.5390625 -1 3308.354248046875 1335.43017578125 1554545 1648.2850341796875 1337.1337890625 -1 1648.2850341796875 1337.1337890625 -1 482.9600830078125 1338.4937744140625 -1 482.9600830078125 1338.4937744140625 -1 700.89935302734375 1337.92724609375 424062 656.825439453125 1341.138916015625 424059 802.6173095703125 1340.675537109375 -1 802.6173095703125 1340.675537109375 430896 1321.6533203125 1
2026-05-15T21:39:25.198000+00:00 md1shrunk1456-1778880862-3dgs/algo-1-1778880912 340.980224609375 400862 3915.4912109375 1340.422607421875 475744 3915.4912109375 1340.422607421875 467647 764.6739501953125 1342.096435546875 -1 3540.805908203125 1341.60498046875 555142 2064.03173828125 1343.7574462890625 1552199 3927.62255859375 1343.31591796875 476813 3322.86474609375 1344.30029296875 334178 3322.86474609375 1344.30029296875 334179 866.2474365234375 1345.123779296875 -1 866.2474365234375 1345.123779296875 -1 3673.398681640625 1346.020263671875 476815 41.595932006835938 1346.784423828125 1347324 900.9296875 1346.822021484375 -1 1052.422607421875 1347.47021484375 -1 879.24102783203125 1348.2960205078125 473833 879.24102783203125 1348.2960205078125 -1 1694.6441650390625 1348.715576171875 1554626 1064.8436279296875 1349.007568359375 -1 1647.49365234375 1349.404541015625 417293 1796.122314453125 1349.406005859375 450470 1796.122314453125 1349.406005859375 419920 2276.679931640625 1349.744140625 337282 2276.679931640625 1349.744140625 -1 540.5452880859375 1350.5584716796875 -1 665.70123291015625 1350.25634765625 1362569 1023.7618408203125 1353.6383056640625 451961 1023.7618408203125 1353.6383056640625 -1 826.2744140625 1354.919189453125 430668 1172.6878662109375 1353.9886474609375 337837 1241.913818359375 1354.9681396484375 513503 1241.913818359375 1354.9681396484375 -1 2838.669921875 1354.825439453125 419923 244.33657836914062 1355.061279296875 -1 1534.77294921875 1355.98876953125 -1 2708.19775390625 1356.17041015625 419926 2708.19775390625 1356.17041015625 337330 77.644287109375 1357.7862548828125 -1 575.448974609375 1357.5743408203125 473681 575.448974609375 1357.5743408203125 476587 726.1854248046875 1358.5699462890625 1548047 726.1854248046875 1358.5699462890625 452044 951.365234375 1358.0361328125 473852 2923.40869140625 1357.9578857421875 419929 3263.425048828125 1357.671630859375 -1 3507.358642578125 1358.353759765625 555121 213.91294860839844 1361.467529296875 1360069 213.91294860839844 1361.467529296875 -1 1305.34814453125 1363.6168212890625 431479 2749.80078125 1362.760986328125 328740 3142.148193359375 1363.25341796875 334177 3142.148193359375 1363.25341796875 477838 2728.59033203125 1364.4183349609375 390325 818.5782470703125 1365.186279296875 430669 606.67584228515625 1367.3204345703125 430662 776.8587646484375 1367.5625 -1 1195.7392578125 1366.4970703125 -1 1231.8641357421875 1367.774169921875 337836 73.759475708007812 1368.925537109375 -1 1469.9677734375 1369.783203125 -1 1523.307373046875 1369.89794921875 -1 385.65264892578125 1371.3018798828125 424964 385.65264892578125 1371.3018798828125 -1 1184.2386474609375 1370.957275390625 431475 1583.39306640625 1370.955078125 479225 1380.8983154296875 1371.65673828125 409158 726.09912109375 1373.7525634765625 473683 827.31072998046875 1373.011474609375 424117 1041.5333251953125 1373.601806640625 430686 1170.3355712890625 1377.460693359375 393813 398.44699096679688 1377.808837890625 473685 1528.791259765625 1378.989013671875 1551465 2138.31005859375 1381.06103515625 1159844 969.84259033203125 1382.6190185546875 393821 625.518310546875 1383.295654296875 1360347 625.518310546875 1383.295654296875 477342 3372.7880859375 1382.59375 326673 43.488086700439453 1384.40576171875 1349298 347.89495849609375 1384.4736328125 1347335 1110.3551025390625 1385.0185546875 -1 3688.420166015625 1384.313232421875 419944 3144.460693359375 1385.641845703125 476924 249.46617126464844 1388.032470703125 -1 317.19952392578125 1388.57177734375 1360227 1491.7242431640625 1388.08544921875 -1 233.29437255859375 1389.824462890625 1360044 475.40606689453125 1390.124755859375 -1 847.99920654296875 1388.9130859375 424142 834.8575439453125 1390.5614013671875 430673 2114.6884765625 1390.429931640625 406861 2114.6884765625 1390.429931640625 415327 2297.9111328125 1391.167236328125 391063 2422.902587890625 1392.549072265625 1551467 3051.069580078125 1391.821533203125 419949 38.580532073974609 1393.4425048828125 1362506 450.566162109375 1393.5040283203125 431456 450.566162109375 1393.5040283203125 -1 710.35736083984375 1393.268310546875 473686 361.43499755859375 1395.2503662109375 -1 796.7601318359375 1395.172119140625 424128 433.81179809570312 1397.4339599609375 452046 560.7515869140625 1397.5367431640625 473692 1367.8350830078125 1398.52685546875 -1 1459.51611328125 1397.9027099609375 555125 733.65545654296875 1399.708251953125 1361024 918.40142822265625 1399.7138671875 413849 21.651828765869141 1400.5389404296875 1360043 783.038818359375 1400.3046875 578517 1004.40380859375 1402.208984375 413422 3054.791015625 1401.86279296875 419952 468.92523193359375 1402.626708984375 -1 468.92523193359375 1402.626708984375 431459 544.66351318359375 1402.708251953125 473769 764.3360595703125 1402.5458984375 -1 810.955810546875 1404.279541015625 403038 1322.049072265625 1404.43896484375 -1 194.18362426757812 1405.8331298828125 -1 1103.0618896484375 1405.6536865234375 -1 1103.0618896484375 1405.6536865234375 -1 1551.2021484375 1405.7239990234375 -1 794.4320068359375 1407.2816162109375 473866 930.5386962890625 1406.85546875 -1 1090.2578125 1406.1329345703125 784145 2810.052490234375 1407.188720703125 565775 3851.4833984375 1406.2196044921875 326347 3851.4833984375 1406.2196044921875 -1 616.3990478515625 1407.5694580078125 473696 739.9332275390625 1408.0882568359375 -1 1241.0517578125 1407.5087890625 -1 1366.24267578125 1409.50830078125 -1 1366.24267578125 1409.50830078125 -1 2167.079345703125 1408.767578125 1551468 850.158447265625 1411.0625 -1 1224.3448486328125 1410.531982421875 -1 2321.31689453125 1410.52587890625 417875 2040.74755859375 1411.4080810546875 390293 1629.3890380859375 1413.6151123046875 -1 399.46353149414062 1414.4927978515625 477312 399.46353149414062 1414.4927978515625 451968 1441.07763671875 1414.972412109375 393792 1441.07763671875 1414.972412109375 -1 3536.775146484375 1415.4168701171875 419957 3536.775146484375 1415.4168701171875 419961 2008.17578125 1417.490966796875 455439 2207.1611328125 1418.534423828125 -1 2207.1611328125 1418.534423828125 -1 2647.115478515625 1418.3043212890625 419964 618.347900390625 1420.21142578125 337503 618.347900390625 1420.21142578125 473742 457.53207397460938 1420.0185546875 473864 602.96502685546875 1420.0548095703125 471981 602.96502685546875 1420.0548095703125 413369 1220.961181640625 1420.9093017578125 430912 1373.5279541015625 1420.354736328125 -1 1373.5279541015625 1420.354736328125 -1 3695.033203125 1421.2437744140625 -1 1144.978759765625 1420.9893798828125 -1 1350.3883056640625 1421.19677734375 -1 322.450439453125 1423.59130859375 431463 322.450439453125 1423.59130859375 1347341 1287.9322509765625 1422.5987548828125 415060 578.041015625 1424.3140869140625 -1 578.041015625 1424.3140869140625 -1 1022.3803100585938 1426.807861328125 1548040 1438.6986083984375 1427.1593017578125 393775 1621.8126220703125 1426.949462890625 1552165 2864.8037109375 1426.8194580078125 -1 3070.06005859375 1426.690673828125 408802 651.470458984375 1427.654541015625 473862 2902.225341796875 1428.4853515625 403583 438.84600830078125 1429.08251953125 477314 438.84600830078125 1429.08251953125 477313 1009.724853515625 1429.42333984375 -1 260.679443359375 1430.035888671875 -1 260.679443359375 1430.035888671875 431462 169.85848999023438 1431.8016357421875 473860 362.787109375 1433.72607421875 473828 362.787109375 1433.72607421875 451972 2082.336181640625 1434.310791015625 1551469 60.253631591796875 1435.7237548828125 473858 555.2657470703125 1435.736083984375 390287 880.40740966796875 1436.165283203125 -1 880.40740966796875 1436.165283203125 430688 2997.29931640625 1435.1259765625 -1 633.82928466796875 1437.1865234375 473699 3309.6689453125 1437.0517578125 455055 309.38113403320312 1438.49853515625 431467 309.38113403320312 1438.49853515625 1360348 796.0679931640625 1438.111328125 430685 1025.86669921875 1437.7235107421875 -1 607.700439453125 1439.1380615234375 473701 40.254264831542969 1439.998046875 473857 40.254264831542969 1439.998046875 473856 152.85270690917969 1440.131591796875 431461 152.85270690917969 1440.131591796875 1362620 406.984619140625 1441.018310546875 413292 291.71466064453125 1442.343017578125 -1 3212.209228515625 1441.38916015625 476827 3852.824951171875 1442.5517578125 -1 1724.0723876953125 1443.3946533203125 -1 2814.580322265625 1442.8228759765625 472819 3027.5302734375 1442.5843505859375 -1 3007.7607421875 1444.55908203125 -1 3007.7607421875 1444.55908203125 404112 280.68057250976562 1445.6749267578125 1347342 1234.7625732421875 1445.207763671875 511386 1322.125244140625 1445.74169921875 399764 740.5308837890625 1446.2305908203125 431480 819.95855712890625 1447.1275634765625 424183 1636.3402099609375 1446.7027587890625 337415 3236.50048828125 1446.293212890625 565935 3236.50048828125 1446.293212890625 1348489 269.49932861328125 1448.7373046875 -1 1041.22021484375 1448.2252197265625 430514 2766.295166015625 1447.8736572265625 455765 1441.8333740234375 1450.899658203125 -1 195.943603515625 1451.8724365234375 1360151 3921.165771484375 1452.28271484375 -1 353.95660400390625 1453.0712890625 -1 932.1827392578125 1453.615234375 430693 3935.770263671875 1453.00048828125 -1 3935.770263671875 1453.00048828125 -1 325.75881958007812 1456.2921142578125 1347347 325.75881958007812 1456.2921142578125 1347346 609.1356201171875 1456.18603515625 451976 1631.0206298828125 1455.5506591796875 1552467 2771.445068359375 1455.63427734375 1349036 3555.47021484375 1455.8721923828125 508874 3555.47021484375 1455.8721923828125 508875 3572.220703125 1455.4686279296875 477943 103.61903381347656 1457.5048828125 1360068 103.61903381347656 1457.5048828125 1347338 252.33694458007812 1456.597412109375 413436 252.33694458007812 1456.597412109375 462681 1558.9954833984375 1458.7403564453125 -1 3971.953125 1459.7459716796875 -1 826.408203125 1460.2239990234375 -1 905.398681640625 1460.113037109375 -1 3797.37109375 1460.236328125 -1 58.052703857421875 1462.1759033203125 -1 693.1793212890625 1462.435546875 -1 2755.872802734375 1462.276611328125 419976 3262.580322265625 1464.80859375 476309 316.04647827148438 1464.998046875 -1 397.86468505859375 1465.75244140625 424095 397.86468505859375 1465.75244140625 424099 1705.09765625 1465.344970703125 1361050 1133.704833984375 1467.329833984375 -1 2637.453125 1466.6026611328125 423639 3495.159912109375 1467.4500732421875 405232 1322.27978515625 1468.68212890625 393767 1507.032470703125 1469.698974609375 477014 1507.032470703125 1469.698974609375 -1 1606.6912841796875 1469.2027587890625 -1 1073.1744384765625 1470.080078125 430913 3767.0068359375 1470.3228759765625 -1 1145.377685546875 1474.4029541015625 430711 3254.374755859375 1473.90673828125 416087 3931.281494140625 1474.8558349609375 -1 1342.10400390625 1475.0791015625 -1 3706.322021484375 1477.24609375 -1 1872.450439453125 1479.1649169921875 334165 1565.50927734375 1482.806884765625 419982 3129.878173828125 1483.69775390625 477813 2695.810302734375 1487.224365234375 419984 2066.559326171875 1488.48876953125 -1 2066.559326171875 1488.48876953125 -1 2078.273681640625 1490.009765625 -1 3065.233154296875 1489.593017578125 337500 3065.233154296875 1489.593017578125 1361378 2545.863037109375 1489.9608154296875 390262 2961.485595703125 1489.545166015625 -1 3037.22900390625 1490.6951904296875 -1 3377.70458984375 1491.5587158203125 -1 3377.70458984375 1491.5587158203125 419987 3832.459716796875 1492.257568359375 423636 3329.439697265625 1493.2667236328125 390266 2635.199951171875 1496.5191650390625 -1 2647.84619140625 1495.171875 477012 2986.452392578125 1495.3497314453125 1160962 2986.452392578125 1495.3497314453125 -1 807.57373046875 1497.365234375 393751 1223.5657958984375 1496.7352294921875 -1 1841.005615234375 1498.2579345703125 390259 3557.2138671875 1498.3604736328125 -1 111.94594573974609 1501.3526611328125 -1 111.94594573974609 1501.3526611328125 -1 1721.5736083984375 1502.19580078125 -1 1721.5736083984375 1502.19580078125 476940 2863.090576171875 1502.2032470703125 -1 3977.97119140625 1502.20947265625 451468 318.651611328125 1503.7926025390625 473709 2304.0341796875 1502.953369140625 400775 689.4468994140625 1506.2896728515625 425005 2906.143798828125 1506.0560302734375 419990 552.21356201171875 1509.341552734375 413434 1196.4639892578125 1509.960205078125 784221 1118.7847900390625 1510.27734375 430535 3184.0068359375 1510.629638671875 417376 902.42431640625 1511.0728759765625 -1 1582.083984375 1512.4171142578125 390974 3836.754150390625 1512.1162109375 -1 362.05691528320312 1512.6744384765625 430478 2816.443359375 1513.7440185546875 -1 2358.76318359375 1514.5953369140625 1164773 2788.8203125 1514.0008544921875 455496 2788.8203125 1514.0008544921875 419993 1686.991943359375 1515.52734375 450491 1794.417724609375 1515.066162109375 419996 1794.417724609375 1515.066162109375 477762 2849.928955078125 1515.51708984375 337329 692.8287353515625 1518.715087890625 -1 833.31231689453125 1517.9248046875 405771 2383.993896484375 1517.6787109375 424399 884.27728271484375 1519.3018798828125 -1 1765.26904296875 1519.293212890625 390256 3460.0537109375 1519.444580078125 -1 910.942626953125 1519.9921875 -1 1962.6649169921875 1525.6083984375 476937 888.9324951171875 1527.8603515625 -1 3467.34814453125 1528.59814453125 -1 3082.826904296875 1529.49853515625 -1 3585.09375 1531.18994140625 -1 859.97442626953125 1531.4598388671875 -1 1024.20654296875 1535.0263671875 -1 2050.3193359375 1535.5650634765625 -1 2166.432861328125 1535.767578125 419999 2745.580810546875 1535.966796875 472247 1907.7471923828125 1537.121826171875 420002 232.24006652832031 1539.175048828125 -1 1441.755126953125 1539.588623046875 399744 1441.755126953125 1539.588623046875 404549 2064.456787109375 1539.9561767578125 477906 2348.901123046875 1539.7490234375 1360859 2723.300537109375 1540.0654296875 476932 3077.052001953125 1541.6895751953125 417405 462.97943115234375 1542.6597900390625 413448 3726.89453125 1543.67431640625 -1 199.03140258789062 1543.9520263671875 462594 1429.4385986328125 1546.23046875 509161 1429.4385986328125 1546.23046875 417411 1684.2249755859375 1546.102783203125 390226 3939.458251953125 1545.1182861328125 -1 444.69876098632812 1546.239990234375 1547618 1046.015380859375 1547.303955078125 390207 289.5784912109375 1548.6976318359375 -1 3595.03173828125 1548.5218505859375 -1 3595.03173828125 1548.5218505859375 1159845 326.63601684570312 1550.455810546875 414208 326.63601684570312 1550.455810546875 404656 881.03912353515625 1550.1739501953125 -1 881.03912353515625 1550.1739501953125 -1 3973.76171875 1553.2171630859375 -1 9.3314781188964844 1554.7081298828125 -1 1668.9088134765625 1554.61474609375 420007 1668.9088134765625 1554.61474609375 -1 2996.539306640625 1554.553466796875 -1 3087.92236328125 1555.8887939453125 420010 776.4658203125 1557.25537109375 1362525 860.3385009765625 1556.2744140625 473842 2976.39697265625 1556.50048828125 -1 46.667091369628906 1559.62744140625 1349297 191.37413024902344 1562.7086181640625 -1 1798.2705078125 1562.7325439453125 405244 10.971233367919922 1564.8486328125 1174264 2238.72705078125 1564.969970703125 476560 3043.28515625 1568.4473876953125 -1 3291.02685546875 1569.7198486328125 -1 3750.650390625 1569.2506103515625 1160020 3750.650390625 1569.2506103515625 451088 1876.5367431640625 1571.481201171875 399859 1876.5367431640625 1571.481201171875 390201 3739.28955078125 1570.6622314453125 -1 3739.28955078125 1570.6622314453125 -1 3797.748779296875 1570.6287841796875 -1 377.23098754882812 1574.8968505859375 1347612 2504.11767578125 1574.616943359375 424899 1635.61865234375 1575.994384765625 420013 2075.228515625 1575.31005859375 411699 1659.10986328125 1578.2965087890625 404885 2282.0419921875 1579.0794677734375 -1 3610.1337890625 1579.6961669921875 -1 3610.1337890625 1579.6961669921875 1159849 22.427131652832031 1581.432373046875 -1 804.14910888671875 1582.339599609375 -1 1751.824951171875 1584.0814208984375 390925 1170.7481689453125 1587.46337890625 399714 3407.971435546875 1586.809326171875 -1 3771.631103515625 1587.1947021484375 -1 755.0220947265625 1589.53515625 424258 2939.15673828125 1589.641357421875 417425 2314.92724609375 1590.593017578125 476944 2314.92724609375 1590.593017578125 -1 3784.038330078125 1591.774169921875 423647 3784.038330078125 1591.774169921875 337230 1858.562744140625 1593.072509765625 -1 3523.9423828125 1593.76708984375 -1 2520.3115234375 1594.18994140625 476938 2886.6494140625 1594.8756103515625 404084 2274.44799804
2026-05-15T21:39:25.199000+00:00 md1shrunk1456-1778880862-3dgs/algo-1-1778880912 6875 1595.43505859375 -1 55.644767761230469 1598.4434814453125 457593 2433.941162109375 1598.814453125 337529 2433.941162109375 1598.814453125 408542 558.02862548828125 1600.4859619140625 473718 3845.920166015625 1601.0284423828125 -1 3845.920166015625 1601.0284423828125 -1 2939.1201171875 1602.2412109375 390198 3477.575439453125 1601.451904296875 -1 2631.3134765625 1602.86865234375 -1 2740.452880859375 1603.400390625 474470 3066.21142578125 1603.136962890625 451237 3576.005859375 1605.1165771484375 -1 3720.0302734375 1609.811279296875 451090 2591.27685546875 1611.479736328125 477016 2624.306884765625 1612.45068359375 404210 2624.306884765625 1612.45068359375 390181 2728.66455078125 1613.004638671875 477015 3089.90478515625 1613.0966796875 -1 3089.90478515625 1613.0966796875 -1 3664.066162109375 1613.3863525390625 -1 3664.066162109375 1613.3863525390625 -1 3015.450439453125 1614.405517578125 423658 3078.153076171875 1617.544677734375 -1 3078.153076171875 1617.544677734375 -1 3948.215087890625 1619.6123046875 451512 2310.924072265625 1619.993896484375 477019 2661.96923828125 1621.3603515625 -1 3505.48486328125 1621.565185546875 -1 3831.1474609375 1623.005615234375 -1 3831.1474609375 1623.005615234375 -1 3142.978515625 1624.3382568359375 -1 1454.677001953125 1627.0086669921875 -1 1465.277099609375 1627.055419921875 390175 2014.0338134765625 1626.9677734375 334517 2978.1015625 1627.288818359375 -1 2978.1015625 1627.288818359375 -1 3290.32177734375 1627.07177734375 -1 3290.32177734375 1627.07177734375 420018 38.224437713623047 1628.429443359375 596725 600.40966796875 1628.33837890625 431501 486.82327270507812 1630.112548828125 1362517 2541.010498046875 1630.1947021484375 -1 3001.058349609375 1630.49267578125 -1 1709.8072509765625 1633.4429931640625 390166 2958.71337890625 1633.259521484375 -1 2958.71337890625 1633.259521484375 -1 231.616455078125 1634.642333984375 -1 2168.732666015625 1634.42138671875 420021 3634.875732421875 1634.2327880859375 -1 265.96646118164062 1635.86669921875 -1 2418.71875 1635.1767578125 -1 2418.71875 1635.1767578125 -1 793.52996826171875 1636.5545654296875 -1 1582.8265380859375 1636.4166259765625 476592 2038.9337158203125 1637.326171875 476565 2861.273193359375 1637.1600341796875 -1 2861.273193359375 1637.1600341796875 -1 3753.6044921875 1636.80712890625 -1 45.445999145507812 1638.3062744140625 -1 3802.0224609375 1639.8131103515625 -1 1986.5240478515625 1642.3597412109375 -1 2885.490478515625 1642.322265625 -1 2715.6279296875 1643.47509765625 -1 3566.73291015625 1642.9078369140625 -1 3566.73291015625 1642.9078369140625 -1 3926.96484375 1642.67919921875 -1 169.64178466796875 1644.356201171875 -1 62.907798767089844 1645.8814697265625 -1 2122.14306640625 1645.7708740234375 400899 3389.1455078125 1645.17041015625 -1 535.03466796875 1646.8016357421875 1360107 3747.6357421875 1647.3712158203125 -1 2170.323486328125 1647.9107666015625 390148 2833.02294921875 1647.84814453125 -1 3320.55126953125 1647.6298828125 -1 2633.7578125 1649.761962890625 -1 2845.6513671875 1650.47265625 -1 604.0052490234375 1650.408935546875 400443 3918.095703125 1650.6011962890625 423671 3240.074462890625 1651.7884521484375 1159850 3486.32275390625 1651.2060546875 420026 3486.32275390625 1651.2060546875 420028 3840.798095703125 1654.3585205078125 451470 3840.798095703125 1654.3585205078125 -1 1985.705322265625 1656.034912109375 -1 339.89544677734375 1657.236572265625 -1 492.5450439453125 1656.572265625 424237 2716.838134765625 1657.8355712890625 -1 2104.228271484375 1659.85009765625 337544 3285.265869140625 1659.4383544921875 -1 3125.1953125 1660.5970458984375 -1 1259.994140625 1661.911376953125 418756 2654.377685546875 1661.5087890625 337545 3344.068603515625 1662.44189453125 -1 3987.503662109375 1663.024169921875 412503 3987.503662109375 1663.024169921875 -1 2131.078125 1664.07470703125 390139 3078.808837890625 1664.1212158203125 -1 3065.229736328125 1665.7435302734375 -1 3065.229736328125 1665.7435302734375 -1 1983.0108642578125 1667.4281005859375 445832 2577.765869140625 1668.138916015625 -1 3909.0654296875 1668.1676025390625 -1 2966.02099609375 1669.622802734375 -1 198.6630859375 1670.25439453125 -1 1574.416259765625 1672.635009765625 477022 2546.5166015625 1672.790771484375 -1 3027.441162109375 1672.59423828125 -1 3552.544921875 1673.0283203125 451101 1335.401123046875 1674.6153564453125 390128 2821.079345703125 1675.25927734375 -1 3893.44580078125 1673.719482421875 -1 2136.2646484375 1675.1051025390625 -1 3458.5625 1676.1143798828125 420037 52.824882507324219 1678.9771728515625 -1 52.824882507324219 1678.9771728515625 -1 2571.720703125 1678.715576171875 406215 136.20449829101562 1679.9853515625 473849 1953.2412109375 1679.156982421875 -1 3043.765869140625 1682.2767333984375 -1 3043.765869140625 1682.2767333984375 -1 3561.583984375 1683.4384765625 423687 1319.2462158203125 1684.2200927734375 -1 94.871299743652344 1685.4888916015625 1349195 278.020263671875 1685.6397705078125 452222 2845.03125 1686.58154296875 -1 2552.14892578125 1687.7186279296875 -1 2552.14892578125 1687.7186279296875 391972 2519.93017578125 1692.9580078125 -1 3829.00048828125 1692.552734375 451517 1554.88232421875 1696.0972900390625 420048 1554.88232421875 1696.0972900390625 390122 2147.541259765625 1697.4945068359375 337543 2545.18505859375 1696.96923828125 -1 2545.18505859375 1696.96923828125 -1 3695.083251953125 1697.2576904296875 -1 507.93118286132812 1699.208740234375 400308 2801.015625 1699.048095703125 1160060 3224.7412109375 1698.768798828125 -1 159.72357177734375 1701.5955810546875 457597 1168.477783203125 1703.372802734375 393693 2388.6689453125 1703.468505859375 406107 493.75152587890625 1704.8167724609375 -1 3530.711669921875 1704.3890380859375 -1 1479.4801025390625 1706.005859375 -1 1479.4801025390625 1706.005859375 400418 1264.548583984375 1706.986083984375 420053 1310.779541015625 1706.9945068359375 400843 1714.4830322265625 1708.3350830078125 -1 513.97503662109375 1708.93505859375 -1 1763.5911865234375 1710.01123046875 401739 1763.5911865234375 1710.01123046875 477023 3507.341796875 1710.9454345703125 1363214 3655.488037109375 1711.624755859375 -1 3951.56396484375 1712.0631103515625 -1 3951.56396484375 1712.0631103515625 -1 2296.89013671875 1713.52978515625 -1 2725.13818359375 1712.9798583984375 -1 3635.205078125 1713.1346435546875 1159855 3635.205078125 1713.1346435546875 -1 1329.342041015625 1714.356201171875 -1 1329.342041015625 1714.356201171875 -1 2394.17919921875 1714.05517578125 -1 2394.17919921875 1714.05517578125 -1 2632.12353515625 1716.214599609375 -1 2632.12353515625 1716.214599609375 -1 293.90689086914062 1716.7420654296875 424239 727.8785400390625 1717.203125 337323 1742.419921875 1717.6927490234375 420070 2617.94921875 1717.47705078125 337666 242.96685791015625 1720.2283935546875 1360106 242.96685791015625 1720.2283935546875 1362513 2495.66064453125 1720.438720703125 -1 3399.388671875 1721.23291015625 -1 3399.388671875 1721.23291015625 -1 2001.0572509765625 1722.1617431640625 -1 3084.402099609375 1721.58740234375 -1 2649.053955078125 1723.655029296875 -1 2649.053955078125 1723.655029296875 -1 3991.842041015625 1722.99169921875 -1 132.69438171386719 1723.8250732421875 -1 1700.72314453125 1724.8780517578125 406185 1700.72314453125 1724.8780517578125 477026 2392.094482421875 1724.213623046875 -1 2713.684326171875 1725.0213623046875 -1 1595.607421875 1725.4609375 -1 2468.075439453125 1726.572021484375 -1 119.03790283203125 1727.1849365234375 -1 181.93988037109375 1727.11279296875 1360120 1984.424560546875 1726.4146728515625 -1 284.00091552734375 1728.42529296875 1360170 2917.04345703125 1732.7313232421875 -1 556.311279296875 1734.024169921875 424305 556.311279296875 1734.024169921875 424307 2618.708740234375 1732.4034423828125 -1 198.46640014648438 1734.8585205078125 -1 3947.1865234375 1736.157470703125 -1 1604.6845703125 1736.682373046875 1551470 1604.6845703125 1736.682373046875 420084 1052.670166015625 1738.4910888671875 479091 3407.232421875 1740.93701171875 451238 3407.232421875 1740.93701171875 337321 3914.06884765625 1740.6031494140625 -1 3914.06884765625 1740.6031494140625 -1 191.06687927246094 1744.953125 -1 2554.208740234375 1746.6187744140625 -1 3354.736572265625 1746.7962646484375 420087 681.28955078125 1748.892822265625 425065 1555.0771484375 1749.310302734375 479241 1555.0771484375 1749.310302734375 455767 1961.0596923828125 1749.6361083984375 472767 2253.276611328125 1749.1175537109375 406321 3575.52490234375 1751.8861083984375 451108 2288.56201171875 1753.69287109375 -1 2397.999755859375 1754.652099609375 -1 2397.999755859375 1754.652099609375 -1 3663.0234375 1754.7752685546875 -1 1258.371826171875 1755.7005615234375 -1 2639.66796875 1755.312255859375 -1 2639.66796875 1755.312255859375 -1 2549.85205078125 1757.18505859375 -1 2682.02685546875 1757.6922607421875 -1 2864.2353515625 1757.843994140625 -1 2864.2353515625 1757.843994140625 -1 3108.287109375 1758.843505859375 420094 3108.287109375 1758.843505859375 337320 292.4393310546875 1758.891845703125 431510 292.4393310546875 1758.891845703125 431511 3733.749755859375 1759.339111328125 -1 2051.77734375 1760.928466796875 414360 1880.744140625 1762.6697998046875 -1 828.254638671875 1764.583984375 430720 971.48736572265625 1764.8065185546875 401669 1184.0579833984375 1764.367919921875 479162 1184.0579833984375 1764.367919921875 -1 2820.35546875 1766.26318359375 420099 2820.35546875 1766.26318359375 -1 2059.02490234375 1769.0029296875 -1 97.220108032226562 1772.29052734375 -1 2491.92822265625 1771.83544921875 -1 2974.7998046875 1772.087158203125 -1 1387.1046142578125 1773.368408203125 1359930 2076.5107421875 1773.0352783203125 472762 999.3404541015625 1775.7957763671875 430937 999.3404541015625 1775.7957763671875 337830 2374.27734375 1776.94091796875 -1 2374.27734375 1776.94091796875 -1 1165.977294921875 1777.6190185546875 -1 3737.934814453125 1778.5814208984375 -1 3737.934814453125 1778.5814208984375 1159859 3164.061279296875 1779.100830078125 -1 1749.944091796875 1780.35986328125 -1 3785.32763671875 1780.58837890625 -1 2058.588623046875 1781.943115234375 420102 152.32209777832031 1782.6795654296875 1360065 2081.948974609375 1783.67138671875 479252 2340.88818359375 1783.603271484375 409040 1448.615478515625 1784.358154296875 -1 660.302001953125 1785.2513427734375 390084 1560.7705078125 1786.8544921875 480327 3760.892333984375 1786.6025390625 451522 715.0955810546875 1789.5123291015625 -1 2287.916259765625 1792.1190185546875 337691 2809.267822265625 1794.0284423828125 420105 3673.509521484375 1793.574462890625 -1 58.432395935058594 1794.2259521484375 1349280 432.60787963867188 1794.5667724609375 -1 1186.9920654296875 1794.11181640625 -1 1793.4874267578125 1796.00244140625 406584 3765.82080078125 1795.9442138671875 1363222 30.046234130859375 1796.975830078125 1349279 30.046234130859375 1796.975830078125 1349277 1074.814208984375 1796.57275390625 479129 2391.587158203125 1797.921875 -1 3684.0986328125 1799.4525146484375 450974 3281.761474609375 1800.0633544921875 -1 3281.761474609375 1800.0633544921875 -1 2438.80810546875 1803.1781005859375 337318 3918.3486328125 1804.5313720703125 -1 2245.59033203125 1805.523681640625 420109 1435.318115234375 1806.7913818359375 472303 2201.210693359375 1808.6400146484375 -1 2620.0322265625 1807.509033203125 -1 2970.650634765625 1809.684814453125 -1 2356.041748046875 1813.959228515625 -1 2356.041748046875 1813.959228515625 -1 3805.076904296875 1815.884765625 -1 2240.194091796875 1816.39990234375 -1 2240.194091796875 1816.39990234375 -1 398.81121826171875 1818.6436767578125 -1 2034.7247314453125 1818.080078125 -1 3583.1220703125 1818.7802734375 -1 2871.641845703125 1819.0093994140625 337317 2871.641845703125 1819.0093994140625 479246 3701.84814453125 1820.547119140625 -1 2295.68798828125 1821.1512451171875 -1 196.14396667480469 1822.230712890625 452218 1114.5316162109375 1821.4560546875 1359986 2212.028564453125 1821.09765625 -1 2322.610595703125 1821.511474609375 -1 382.24563598632812 1822.6600341796875 399779 3112.1064453125 1823.780517578125 -1 3458.860107421875 1824.00439453125 -1 3458.860107421875 1824.00439453125 -1 3750.419677734375 1824.9656982421875 -1 3750.419677734375 1824.9656982421875 -1 844.9232177734375 1827.9405517578125 -1 2243.10498046875 1829.2376708984375 -1 2243.10498046875 1829.2376708984375 -1 3694.95751953125 1829.246826171875 -1 3694.95751953125 1829.246826171875 -1 3213.622802734375 1830.5426025390625 420133 3213.622802734375 1830.5426025390625 -1 3520.736083984375 1830.107177734375 -1 1064.1402587890625 1832.302001953125 1360057 1814.767578125 1832.2734375 -1 2293.634765625 1832.182373046875 -1 3290.72265625 1832.85107421875 420136 3655.67138671875 1832.593505859375 -1 3655.67138671875 1832.593505859375 -1 2069.416259765625 1833.94384765625 -1 431.11557006835938 1835.5731201171875 420139 1990.015869140625 1835.20703125 472239 1990.015869140625 1835.20703125 403656 352.63232421875 1837.6793212890625 420142 352.63232421875 1837.6793212890625 420145 3030.119873046875 1839.9791259765625 420149 1289.8472900390625 1839.94482421875 473880 3554.235595703125 1841.0411376953125 -1 669.89715576171875 1841.653076171875 -1 3698.3984375 1841.044189453125 450103 2133.247802734375 1842.919921875 337690 2133.247802734375 1842.919921875 -1 3117.143798828125 1843.684814453125 420152 195.74714660644531 1845.84912109375 473804 3791.57568359375 1845.97119140625 -1 174.33128356933594 1847.0631103515625 1362500 1242.0203857421875 1846.9866943359375 -1 1751.46435546875 1846.9237060546875 -1 2598.701171875 1847.421875 -1 2598.701171875 1847.421875 -1 1471.5155029296875 1848.55615234375 -1 1676.5029296875 1848.8092041015625 391968 2339.7255859375 1847.7734375 -1 3104.71240234375 1848.265380859375 450162 987.05657958984375 1850.254638671875 479125 1009.1055297851562 1851.939208984375 480321 3571.494384765625 1852.7808837890625 420162 3557.747802734375 1854.69384765625 -1 2289.95654296875 1854.8468017578125 -1 3438.886474609375 1855.912353515625 -1 1246.8818359375 1856.9296875 -1 1300.4798583984375 1859.61474609375 455417 1300.4798583984375 1859.61474609375 -1 2578.75537109375 1859.583984375 -1 2578.75537109375 1859.583984375 -1 3055.345703125 1860.065185546875 450173 3841.003662109375 1859.6251220703125 -1 1645.052734375 1861.0589599609375 342183 1415.668212890625 1861.548828125 420171 2605.70458984375 1862.6055908203125 337316 2769.58984375 1863.139404296875 447793 810.99554443359375 1864.1529541015625 337315 1406.9110107421875 1863.8641357421875 -1 1613.643798828125 1863.954833984375 390023 3004.841796875 1863.984619140625 472416 1115.3795166015625 1865.4930419921875 420176 2454.43505859375 1865.806884765625 -1 3826.665283203125 1866.332763671875 451485 2119.59521484375 1867.7708740234375 455418 1018.069091796875 1868.38916015625 420179 3276.855224609375 1868.239501953125 -1 3401.9794921875 1867.7900390625 -1 177.2266845703125 1869.220703125 424315 379.73089599609375 1869.172119140625 -1 379.73089599609375 1869.172119140625 -1 3656.6943359375 1869.297607421875 406975 847.42315673828125 1870.7061767578125 430939 2655.491943359375 1870.17236328125 -1 2952.488037109375 1871.358154296875 448226 2550.492431640625 1872.721923828125 -1 1260.317626953125 1874.09130859375 431541 798.61083984375 1876.2354736328125 430745 114.96659851074219 1876.0731201171875 1360147 114.96659851074219 1876.0731201171875 478083 3513.099365234375 1878.37939453125 420196 3544.298095703125 1879.928466796875 451131 3664.91455078125 1879.4989013671875 -1 3664.91455078125 1879.4989013671875 451120 3004.6640625 1879.91845703125 420199 3681.9501953125 1880.75 451489 3755.381103515625 1880.315185546875 -1 3620.557861328125 1884.6722412109375 410010 1699.4884033203125 1885.3203125 472473 3302.955078125 1885.939697265625 451148 386.52593994140625 1887.1763916015625 466858 3635.25732421875 1887.3699951171875 -1 19.51080322265625 1887.93994140625 1346160 886.85052490234375 1888.5833740234375 1360353 1074.5372314453125 1888.3074951171875 389976 2320.954345703125 1887.9951171875 -1 3166.11474609375 1888.69677734375 -1 3690.91259765625 1890.755859375 -1 3690.91259765625 1890.755859375 451122 3246.683349609375 1891.9481201171875 451267 1096.925537109375 1892.7696533203125 476457 2887.096923828125 1892.8538818359375 -1 1085.3009033203125 1893.342041015625 -1 1471.9765625 1893.962158203125 472848 1492.9884033203125 1893.4193115234375
 392078 1707.11865234375 1895.4791259765625 472765 2185.697265625 1897.4644775390625 -1 1548.3203125 1900.0498046875 479167 2330.952392578125 1899.677978515625 479186 2330.952392578125 1899.677978515625 -1 2618.734130859375 1898.8731689453125 -1 2618.734130859375 1898.8731689453125 450250 192.90809631347656 1901.245849609375 424330 723.48699951171875 1900.002685546875 420209 1645.349609375 1901.01025390625 403220 1645.349609375 1901.01025390625 455732 232.91485595703125 1901.751220703125 420212 1922.83837890625 1901.6107177734375 409283 1922.83837890625 1901.6107177734375 418888 3837.880615234375 1901.6273193359375 451532 3610.85009765625 1904.5135498046875 -1 3610.85009765625 1904.5135498046875 -1 261.09683227539062 1905.7734375 452228 1660.990966796875 1904.8753662109375 462240 3068.030029296875 1906.2916259765625 420215 29.352027893066406 1906.90966796875 420218 1896.593994140625 1907.095703125 405021 2294.193603515625 1906.422119140625 -1 2294.193603515625 1906.422119140625 -1 2495.34521484375 1906.509521484375 -1 3675.705810546875 1907.235595703125 -1 3867.45166015625 1907.0616455078125 -1 839.424072265625 1908.2451171875 430755 3558.58349609375 1908.61865234375 423731 3635.35595703125 1908.4874267578125 451130 3659.61376953125 1909.2177734375 423721 1173.8287353515625 1910.2886962890625 -1 2110.592041015625 1910.6378173828125 391933 2670.1298828125 1911.81005859375 -1 1547.141357421875 1911.96630859375 1360059 1547.141357421875 1911.96630859375 -1 2384.87451171875 1911.2529296875 389958 2509.409912109375 1911.9224853515625 -1 2509.409912109375 1911.9224853515625 -1 998.458740234375 1912.567138671875 479101 2065.38232421875 1913.1292724609375 -1 3812.89599609375 1913.018798828125 450987 380.77774047851562 1914.65234375 337312 380.77774047851562 1914.65234375 420224 1571.51806640625 1914.9620361328125 449117 271.10064697265625 1916.761474609375 452229 271.10064697265625 1916.761474609375 -1 2223.52392578125 1916.689697265625 -1 3612.698974609375 1916.2523193359375 472776 327.56744384765625 1918.0718994140625 416843 3310.5771484375 1917.4012451171875 420229 3505.63330078125 1918.5411376953125 -1 3505.63330078125 1918.5411376953125 -1 190.77651977539062 1921.649658203125 1349389 1820.564453125 1922.5146484375 -1 3423.76318359375 1922.3671875 -1 3423.76318359375 1922.3671875 451144 212.29092407226562 1923.641845703125 420235 597.657958984375 1923.0047607421875 -1 597.657958984375 1923.0047607421875 -1 1406.1851806640625 1922.683349609375 455437 2040.361083984375 1923.5791015625 -1 2935.3115234375 1923.220458984375 337310 3882.44384765625 1923.37255859375 -1 1552.158203125 1924.639404296875 417541 1304.581787109375 1925.597412109375 420241 3487.8515625 1925.7103271484375 451257 3596.98681640625 1925.261962890625 -1 244.516845703125 1927.3447265625 417552 2022.3358154296875 1927.359619140625 -1 2553.166015625 1926.9952392578125 -1 2729.81884765625 1926.49462890625 -1 2748.76611328125 1928.4208984375 -1 2923.53271484375 1928.375 455805 988.5770263671875 1931.056640625 473712 3607.58837890625 1932.031982421875 -1 3228.78173828125 1933.36083984375 420246 455.632080078125 1936.0108642578125 417558 3168.85595703125 1935.53662109375 -1 1596.6436767578125 1937.327880859375 -1 1976.4019775390625 1938.87548828125 -1 2536.841552734375 1938.375732421875 -1 3293.20263671875 1937.9798583984375 -1 3362.22412109375 1937.66943359375 -1 3375.005859375 1937.57373046875 1159866 3375.005859375 1937.57373046875 1159867 3668.200927734375 1937.9527587890625 -1 2018.578369140625 1941.013916015625 -1 276.961181640625 1941.93212890625 393636 2804.498291015625 1941.889892578125 1159868 2804.498291015625 1941.889892578125 1160267 1152.8994140625 1943.17919921875 420257 1152.8994140625 1943.17919921875 -1 3480.990966796875 1942.94287109375 -1 1523.2978515625 1944.8707275390625 455798 1523.2978515625 1944.8707275390625 -1 1067.97509765625 1945.07568359375 476639 3432.463134765625 1945.429931640625 -1 2278.391845703125 1947.7642822265625 -1 382.6934814453125 1949.712158203125 416855 416.53121948242188 1950.0208740234375 -1 416.53121948242188 1950.0208740234375 -1 1432.9835205078125 1949.248046875 479150 1432.9835205078125 1949.248046875 455461 52.250381469726562 1950.246826171875 420271 106.19254302978516 1950.52294921875 404219 27.017545700073242 1952.35107421875 420274 27.017545700073242 1952.35107421875 -1 1759.722412109375 1952.57666015625 420277 2007.044189453125 1951.112548828125 -1 2923.09521484375 1951.9801025390625 337308 2923.09521484375 1951.9801025390625 420280 1742.4566650390625 1953.225341796875 -1 2050.317138671875 1952.68212890625 479117 3406.168212890625 1953.253173828125 -1 3509.057373046875 1954.5067138671875 420286 1709.366943359375 1957.128173828125 -1 2976.191162109375 1957.744384765625 420290 3282.146484375 1956.5306396484375 337307 1822.734375 1960.863525390625 -1 696.99041748046875 1962.2288818359375 1360060 83.592063903808594 1965.5390625 -1 2187.74072265625 1965.5006103515625 -1 2187.74072265625 1965.5006103515625 337682 2601.181884765625 1965.451171875 416849 253.69416809082031 1967.26220703125 -1 458.79901123046875 1966.428466796875 417586 2488.74853515625 1967.3394775390625 -1 2488.74853515625 1967.3394775390625 -1 3810.48193359375 1969.653076171875 -1 3810.48193359375 1969.653076171875 -1 3987.4873046875 1971.1920166015625 1363704 1768.2733154296875 1973.089111328125 -1 2872.1943359375 1972.986083984375 -1 3968.781982421875 1973.2623291015625 -1 549.70416259765625 1975.963134765625 337304 87.798240661621094 1976.30712890625 420292 1676.5064697265625 1975.894287109375 -1 3384.18115234375 1977.7598876953125 424196 3649.025634765625 1978.5252685546875 -1 3649.025634765625 1978.5252685546875 -1 3175.149169921875 1980.7362060546875 -1 425.6142578125 1982.390380859375 417594 1856.88134765625 1982.758544921875 -1 3536.076171875 1982.592041015625 -1 2099.57421875 1984.40185546875 -1 2735.160888671875 1985.806640625 337303 459.1337890625 1987.070068359375 401900 375.38668823242188 1988.23291015625 -1 384.62222290039062 1988.39697265625 -1 3369.553466796875 1989.78759765625 -1 3389.40869140625 1990.949951171875 337301 3389.40869140625 1990.949951171875 337300 1609.07373046875 1992.2462158203125 -1 2769.582763671875 1990.97607421875 -1 1576.2396240234375 1992.698974609375 -1 1834.8583984375 1992.9783935546875 -1 2188.2041015625 1992.6922607421875 -1 3160.56787109375 1993.0732421875 472831 942.96295166015625 1995.0050048828125 420299 1045.0550537109375 1995.078369140625 337298 1045.0550537109375 1995.078369140625 -1 3099.118408203125 1994.7113037109375 337297 3329.40869140625 1996.099365234375 420303 1527.9876708984375 1997.3984375 403203 2427.46337890625 1999.973876953125 -1 3148.7890625 2000.1455078125 420306 3998.34716796875 2000.27490234375 -1 3353.828369140625 2002.2398681640625 -1 891.509765625 2003.154052734375 -1 3214.87548828125 2003.3148193359375 -1 3457.1220703125 2004.586669921875 451159 3863.23291015625 2003.9735107421875 451490 963.83154296875 2005.06103515625 416878 1172.239501953125 2005.328125 399712 1172.239501953125 2005.328125 -1 2216.571044921875 2005.71875 -1 2216.571044921875 2005.71875 -1 1721.171875 2007.3106689453125 -1 679.957275390625 2009.7613525390625 400317 3432.55029296875 2010.6109619140625 -1 1740.0380859375 2011.942138671875 -1 3171.10595703125 2012.8369140625 451282 3195.92626953125 2012.677734375 1363265 82.210350036621094 2014.392333984375 393584 3624.84716796875 2013.699951171875 449917 3556.1611328125 2015.1580810546875 -1 3556.1611328125 2015.1580810546875 -1 3689.08251953125 2014.68359375 451538 1042.5556640625 2017.33203125 -1 1042.5556640625 2017.33203125 -1 1164.8304443359375 2016.7747802734375 337522 2655.153564453125 2016.718017578125 -1 923.73724365234375 2017.968017578125 476458 772.46246337890625 2019.9005126953125 416881 1494.724609375 2018.879638671875 455716 1494.724609375 2018.879638671875 417603 2070.0068359375 2019.5032958984375 -1 332.0155029296875 2020.47900390625 -1 591.28045654296875 2020.75927734375 393571 1309.239013671875 2020.8873291015625 393529 1309.239013671875 2020.8873291015625 455443 1682.88427734375 2020.8909912109375 390659 1682.88427734375 2020.8909912109375 407623 2636.5244140625 2022.786865234375 -1 2636.5244140625 2022.786865234375 420312 426.75994873046875 2024.84716796875 -1 2376.984619140625 2024.5643310546875 -1 1741.6856689453125 2026.5721435546875 -1 2166.401123046875 2025.67236328125 -1 2166.401123046875 2025.67236328125 -1 3691.97998046875 2026.660400390625 451539 3963.778076171875 2027.463134765625 -1 483.64947509765625 2028.1572265625 337826 483.64947509765625 2028.1572265625 393567 903.9752197265625 2028.152099609375 476461 2534.799072265625 2029.240966796875 -1 2534.799072265625 2029.240966796875 -1 501.1851806640625 2031.16259765625 390643 1685.606201171875 2031.070068359375 1159869 3425.14404296875 2031.091552734375 450224 3425.14404296875 2031.091552734375 -1 3545.932861328125 2030.62744140625 -1 3764.612060546875 2030.2247314453125 -1 3950.599609375 2030.7965087890625 -1 684.64971923828125 2032.6453857421875 -1 2359.548095703125 2033.11767578125 -1 1043.0064697265625 2034.4786376953125 393537 1667.369873046875 2034.5989990234375 1159870 1369.206298828125 2035.8057861328125 1159871 1369.206298828125 2035.8057861328125 -1 2774.86181640625 2035.0848388671875 -1 2774.86181640625 2035.0848388671875 -1 3277.333740234375 2035.7598876953125 -1 925.89361572265625 2036.9085693359375 399657 3298.00244140625 2038.4344482421875 420326 492.19998168945312 2039.671630859375 401681 635.9356689453125 2038.601806640625 -1 3016.829833984375 2041.4381103515625 -1 2174.524658203125 2042.6646728515625 -1 692.75054931640625 2044.701416015625 408822 3080.697265625 2044.3797607421875 -1 1643.420654296875 2044.6171875 -1 2767.165283203125 2045.408447265625 -1 3730.349609375 2047.559326171875 -1 3730.349609375 2047.559326171875 -1 3778.167724609375 2048.2099609375 -1 580.84271240234375 2049.42333984375 393545 1800.839599609375 2050.162109375 404446 2159.57763671875 2049.635986328125 391575 2299.957275390625 2049.839111328125 -1 3619.201171875 2048.75146484375 1159872 833.9481201171875 2052.277587890625 418004 3971.37890625 2051.635498046875 423737 2025.4149169921875 2053.600830078125 -1 2351.0009765625 2053.79638671875 -1 2351.0009765625 2053.79638671875 -1 3017.501220703125 2053.17431640625 420331 3463.9228515625 2053.16357421875 -1 3572.62255859375 2053.17529296875 -1 3572.62255859375 2053.17529296875 -1 3793.09765625 2052.8134765625 -1 143.11039733886719 2054.51806640625 408872 963.90472412109375 2054.6669921875 -1 1147.6846923828125 2054.057373046875 417613 1915.677001953125 2054.522705078125 408774 440.0897216796875 2055.644775390625 -1 455.39215087890625 2056.993408203125 -1 2229.53271484375 2056.21875 -1 2275.4697265625 2056.516357421875 390632 2956.150146484375 2056.804931640625 -1 3665.6748046875 2057.384033203125 451152 351.98101806640625 2059.523681640625 -1 2198.03759765625 2059.83984375 -1 3953.17529296875 2059.455810546875 -1 310.62493896484375 2060.854736328125 393552 1952.62548828125 2060.258544921875 -1 3095.6982421875 2060.130615234375 -1 116.11737060546875 2062.064697265625 393563 116.11737060546875 2062.064697265625 409601 1937.0635986328125 2062.135009765625 -1 3532.47216796875 2062.741943359375 -1 2035.0615234375 2062.528564453125 409362 895.52581787109375 2064.87841796875 337290 1918.9061279296875 2064.135498046875 -1 2701.016845703125 2064.056640625 -1 3064.11474609375 2065.29931640625 -1 265.90679931640625 2067.4521484375 416895 265.90679931640625 2067.4521484375 416898 508.54888916015625 2067.796875 420340 2926.517578125 2069.770263671875 337289 2285.682373046875 2070.241943359375 -1 2691.37744140625 2070.176513671875 1159873 2691.37744140625 2070.176513671875 -1 3551.322021484375 2071.098388671875 -1 3948.704833984375 2071.2158203125 -1 655.3245849609375 2072.57177734375 420346 2347.090087890625 2071.2685546875 -1 2118.257080078125 2073.2353515625 -1 3167.737060546875 2072.544189453125 -1 2335.5380859375 2074.05126953125 -1 2335.5380859375 2074.05126953125 -1 3001.87353515625 2075.353759765625 -1 2107.980712890625 2075.662353515625 -1 2174.197265625 2075.4609375 479164 2594.722900390625 2076.190673828125 -1 1999.0330810546875 2075.791015625 -1 2252.39453125 2077.97509765625 -1 2252.39453125 2077.97509765625 -1 3695.2216796875 2076.95849609375 451156 1873.25830078125 2077.75 -1 3973.692626953125 2077.951171875 -1 3973.692626953125 2077.951171875 -1 538.98199462890625 2079.607421875 393533 1005.9277954101562 2078.996826171875 337520 2714.43212890625 2080.4033203125 1159875 3499.31640625 2080.4443359375 420930 1105.513427734375 2082.04931640625 -1 2062.919189453125 2081.573974609375 -1 2736.1630859375 2082.163818359375 -1 3672.118896484375 2081.4013671875 423746 3672.118896484375 2081.4013671875 423743 3933.552490234375 2082.05810546875 -1 3933.552490234375 2082.05810546875 -1 1615.4388427734375 2083.28662109375 407081 1713.600830078125 2084.10791015625 -1 1889.430908203125 2085.09716796875 -1 1889.430908203125 2085.09716796875 -1 3558.20654296875 2085.188232421875 -1 3786.437744140625 2086.18017578125 451498 1664.55908203125 2088.748046875 -1 3294.807373046875 2088.43603515625 -1 3702.17529296875 2088.43310546875 451542 842.8255615234375 2089.3671875 420373 860.8052978515625 2089.445068359375 -1 2785.20458984375 2088.847412109375 448737 2904.7119140625 2089.743896484375 -1 3904.609130859375 2089.338134765625 -1 3661.580078125 2090.3037109375 449930 677.3607177734375 2091.80712890625 -1 784.91162109375 2094.3720703125 420378 2535.112060546875 2094.148193359375 -1 740.213623046875 2095.6767578125 -1 2808.60986328125 2095.291015625 -1 2808.60986328125 2095.291015625 -1 3847.541015625 2094.9248046875 -1 277.468017578125 2096.8271484375 420387 1024.05029296875 2096.72412109375 -1 3205.186767578125 2097.00390625 450268 572.1524658203125 2098.252685546875 393512 1976.6990966796875 2100.7685546875 -1 3660.73388671875 2101.5048828125 -1 3778.093505859375 2101.29248046875 -1 3835.580810546875 2102.365966796875 -1 3835.580810546875 2102.365966796875 -1 2396.064697265625 2103.42333984375 -1 1452.244384765625 2103.812744140625 -1 2873.04150390625 2103.877197265625 -1 3190.73828125 2104.304443359375 420391 3629.93310546875 2105.037841796875 -1 3629.93310546875 2105.037841796875 337228 2142.262939453125 2107.89404296875 -1 3568.039306640625 2108.039794921875 -1 539.72857666015625 2110.361083984375 416941 1302.2064208984375 2111.09912109375 -1 3942.985595703125 2110.310791015625 -1 1928.2841796875 2112.18212890625 -1 2187.382080078125 2111.822265625 -1 3335.10107421875 2111.667236328125 423767 3982.111572265625 2111.877685546875 -1 2592.93896484375 2113.217041015625 455747 220.92501831054688 2114.353271484375 416957 220.92501831054688 2114.353271484375 -1 1542.0850830078125 2114.83935546875 -1 3183.027587890625 2114.6826171875 -1 3838.80419921875 2114.569580078125 1159879 160.06483459472656 2116.2177734375 416960 160.06483459472656 2116.2177734375 430557 428.06256103515625 2117.036865234375 416952 1493.481201171875 2116.646240234375 -1 864.79461669921875 2118.868408203125 -1 962.67547607421875 2118.76025390625 -1 962.67547607421875 2118.76025390625 -1 1098.679443359375 2118.62841796875 416944 2605.006103515625 2118.5341796875 472768 3556.799072265625 2117.89111328125 -1 2221.051025390625 2120.5859375 455799 3455.6552734375 2120.56689453125 1159880 2558.921875 2122.252685546875 -1 2558.921875 2122.252685546875 -1 2007.69677734375 2123.190673828125 -1 393.252685546875 2124.45703125 -1 393.252685546875 2124.45703125 -1 2841.33447265625 2124.343017578125 1159881 3628.9267578125 2124.1767578125 -1 2756.042236328125 2125.68603515625 -1 2756.042236328125 2125.68603515625 -1 473.08343505859375 2127.2294921875 416969 1048.55029296875 2127.6943359375 -1 1084.466796875 2126.641357421875 404065 288.45431518554688 2127.923583984375 -1 1595.0634765625 2128.898193359375 417657 1099.266357421875 2130.45068359375 416963 364.36080932617188 2131.85107421875 416978 1933.54736328125 2131.65966796875 -1 3421.06005859375 2132.35888671875 -1 3421.06005859375 2132.35888671875 -1 1678.62890625 2132.767578125 337645 1678.62890625 2132.767578125 391853 3987.26171875 2133.293701171875 -1 3987.26171875 2133.293701171875 -1 3409.19873046875 2134.38134765625 -1 3182.531494140625 2135.67041015625 451197 295.12652587890625 2137.34228515625 -1
 1055.0240478515625 2136.28955078125 -1 2176.10888671875 2136.819580078125 -1 3264.70703125 2136.794677734375 -1 3264.70703125 2136.794677734375 -1 2896.063232421875 2137.881591796875 474496 3839.3056640625 2139.4892578125 451500 3839.3056640625 2139.4892578125 451501 989.49493408203125 2140.217529296875 -1 1433.268798828125 2140.5888671875 -1 2561.600341796875 2141.01513671875 -1 3244.55078125 2140.36181640625 420421 3244.55078125 2140.36181640625 451193 2389.393310546875 2141.540771484375 -1 2389.393310546875 2141.540771484375 -1 1415.1771240234375 2144.89501953125 -1 1214.2845458984375 2146.08349609375 -1 1890.9912109375 2145.158203125 414540 3421.002197265625 2145.84033203125 1160099 560.48291015625 2146.804443359375 1349516 495.31192016601562 2149.51025390625 -1 1662.820556640625 2149.663330078125 -1 2053.33056640625 2149.786865234375 -1 3018.44482421875 2149.679443359375 -1 3842.65625 2151.19873046875 -1 1798.1805419921875 2152.311279296875 -1 1798.1805419921875 2152.311279296875 417680 2140.8310546875 2151.2578125 -1 2960.82958984375 2152.248291015625 -1 117.09092712402344 2152.7841796875 -1 737.84271240234375 2153.326171875 407841 1298.2520751953125 2155.1650390625 423801 1787.02392578125 2154.99462890625 390576 2378.703857421875 2155.501953125 -1 2921.567138671875 2155.7080078125 448054 600.63031005859375 2156.451904296875 -1 614.44952392578125 2156.49755859375 420437 1932.2606201171875 2156.269775390625 390573 1932.2606201171875 2156.269775390625 -1 2536.36376953125 2156.4814453125 1360233 408.28646850585938 2158.127685546875 399513 1689.5994873046875 2158.480224609375 -1 1689.5994873046875 2158.480224609375 -1 2751.04931640625 2158.976806640625 448088 3387.36767578125 2158.241455078125 451183 2466.21044921875 2158.90966796875 -1 2763.76025390625 2159.115234375 -1 2825.623046875 2159.015625 1159884 2825.623046875 2159.015625 1159885 158.43988037109375 2160.4794921875 417014 933.6708984375 2160.22314453125 -1 1429.5093994140625 2160.716064453125 -1 1429.5093994140625 2160.716064453125 -1 3187.818603515625 2160.4521484375 445845 3187.818603515625 2160.4521484375 446229 186.90573120117188 2161.47509765625 430562 579.86822509765625 2161.583740234375 -1 2021.826416015625 2161.541259765625 -1 2021.826416015625 2161.541259765625 -1 2934.037109375 2161.509765625 -1 2934.037109375 2161.509765625 -1 3017.79541015625 2161.91357421875 420449 2956.07958984375 2163.618408203125 420452 3849.201171875 2164.030517578125 -1 3849.201171875 2164.030517578125 -1 963.0465087890625 2165.631103515625 400209 2354.191650390625 2166.299072265625 -1 2388.550048828125 2165.277587890625 -1 3918.458984375 2166.132568359375 451499 414.31271362304688 2167.43603515625 431567 1456.348876953125 2166.79736328125 -1 1456.348876953125 2166.79736328125 -1 3173.901611328125 2165.72021484375 420455 2858.707275390625 2168.30078125 420458 215.79194641113281 2168.491455078125 -1 246.85920715332031 2169.07177734375 417020 2054.8251953125 2170.771240234375 -1 321.6846923828125 2171.904052734375 -1 1601.4088134765625 2171.721435546875 417011 1651.74169921875 2171.58984375 -1 1896.681884765625 2172.723388671875 -1 2379.40478515625 2173.5869140625 -1 1373.5113525390625 2175.109130859375 -1 1842.917724609375 2175.264404296875 -1 2703.17529296875 2174.169189453125 -1 2703.17529296875 2174.169189453125 -1 2959.388427734375 2174.93017578125 450341 2959.388427734375 2174.93017578125 448047 3016.2236328125 2174.29443359375 450333 2928.052001953125 2175.535888671875 420474 3943.23876953125 2176.264404296875 1159887 344.1029052734375 2176.5693359375 -1 799.55560302734375 2176.580810546875 -1 835.63330078125 2176.676513671875 -1 1824.706298828125 2176.486572265625 -1 2366.1591796875 2177.1611328125 -1 3059.49365234375 2176.42041015625 420477 3402.2958984375 2178.401123046875 -1 3402.2958984375 2178.401123046875 -1 3463.41455078125 2178.60546875 451179 3463.41455078125 2178.60546875 -1 2503.880615234375 2179.629150390625 -1 1612.0123291015625 2180.384033203125 -1 3774.52978515625 2181.744140625 -1 467.20840454101562 2183.541748046875 405807 1194.0682373046875 2183.048828125 -1 2586.7509765625 2182.96923828125 -1 1875.01416015625 2184.37646484375 -1 1160.1793212890625 2186.415771484375 -1 2521.352783203125 2187.043701171875 -1 3033.20263671875 2187.4169921875 -1 438.7828369140625 2187.68603515625 -1 1260.3507080078125 2187.552001953125 -1 3103.1943359375 2188.359619140625 450324 3158.66455078125 2187.30517578125 1159889 2757.64501953125 2189.230712890625 475656 2434.4404296875 2190.3740234375 -1 2248.132568359375 2192.3623046875 -1 2041.2249755859375 2193.254150390625 -1 247.3765869140625 2194.409423828125 417040 1310.654541015625 2194.685791015625 -1 1008.2745361328125 2195.53662109375 417697 2898.55712890625 2195.58251953125 448073 2898.55712890625 2195.58251953125 1159890 3569.26318359375 2194.791748046875 450278 1793.809326171875 2196.66650390625 -1 2515.12841796875 2197.546630859375 -1 2515.12841796875 2197.546630859375 -1 1957.932373046875 2199.869140625 -1 2010.9521484375 2199.243896484375 -1 2010.9521484375 2199.243896484375 -1 3543.771728515625 2198.40966796875 -1 2954.36767578125 2200.88916015625 -1 3364.66357421875 2201.5458984375 -1 2555.50830078125 2203.234375 -1 3893.598388671875 2203.084228515625 -1 3893.598388671875 2203.084228515625 -1 1246.9952392578125 2204.49609375 -1 2634.665283203125 2203.7314453125 -1 2789.3623046875 2204.21728515625 -1 2789.3623046875 2204.21728515625 -1 3619.04541015625 2204.52587890625 -1 3984.89208984375 2203.991455078125 -1 551.3990478515625 2206.025146484375 417703 3048.5302734375 2206.014404296875 420496 3464.85595703125 2205.41650390625 337225 25.765249252319336 2206.81103515625 -1 1941.6802978515625 2206.722900390625 -1 3028.840087890625 2208.664794921875 420499 1385.748046875 2209.416015625 -1 2882.890380859375 2210.7412109375 -1 2882.890380859375 2210.7412109375 -1 3140.4228515625 2210.562744140625 1159891 702.94183349609375 2211.7685546875 420502 2227.521240234375 2212.22509765625 -1 3362.947265625 2212.021240234375 449959 345.48907470703125 2212.70458984375 -1 960.4010009765625 2213.04833984375 420504 1466.791748046875 2213.533447265625 -1 1823.51953125 2214.1826171875 -1 1914.69482421875 2213.977294921875 417700 2028.041748046875 2214.161865234375 -1 2356.616455078125 2215.000732421875 -1 3739.2177734375 2215.788330078125 -1 3942.236572265625 2215.521484375 451504 2255.205322265625 2216.878173828125 -1 2754.087890625 2217.183349609375 -1 2754.087890625 2217.183349609375 -1 1091.3310546875 2218.035888671875 -1 2265.610595703125 2217.615966796875 -1 1704.162109375 2219.620849609375 -1 1851.501220703125 2219.431396484375 -1 2342.397705078125 2219.177490234375 420516 2342.397705078125 2219.177490234375 -1 3536.451171875 2219.79150390625 -1 1422.9700927734375 2220.297607421875 -1 1043.4783935546875 2222.817138671875 -1 1385.67626953125 2223.11083984375 -1 2708.38232421875 2223.08642578125 420521 3499.9248046875 2222.9248046875 450887 3607.915283203125 2225.533935546875 -1 3812.966796875 2225.261474609375 1159894 3812.966796875 2225.261474609375 -1 3988.134765625 2225.125 -1 1016.232177734375 2226.521484375 -1 3048.546875 2226.90576171875 420524 3048.546875 2226.90576171875 420527 3308.552001953125 2226.900634765625 412703 3392.09912109375 2227.396728515625 -1 3392.09912109375 2227.396728515625 -1 911.8348388671875 2227.609619140625 418081 2367.79248046875 2228.346923828125 -1 2679.014892578125 2230.19873046875 448116 2691.681640625 2230.504638671875 420532 3664.7333984375 2230.432373046875 451067 3664.7333984375 2230.432373046875 -1 1560.635009765625 2232.2060546875 -1 1560.635009765625 2232.2060546875 -1 3172.602294921875 2231.872314453125 -1 3172.602294921875 2231.872314453125 -1 3198.83837890625 2231.89501953125 420539 850.1810302734375 2233.249755859375 392054 1027.834228515625 2234.349609375 -1 1027.834228515625 2234.349609375 417069 3354.970458984375 2234.443115234375 451200 2101.21240234375 2234.970458984375 -1 2554.78759765625 2235.973388671875 -1 3691.469970703125 2235.604248046875 -1 1231.139404296875 2237.077880859375 -1 2972.14892578125 2236.772705078125 -1 2972.14892578125 2236.772705078125 -1 2327.173095703125 2238.527587890625 -1 2327.173095703125 2238.527587890625 -1 3079.265625 2238.48291015625 -1 1641.3038330078125 2238.892333984375 -1 1641.3038330078125 2238.892333984375 -1 1742.10595703125 2239.668701171875 -1 3205.79443359375 2239.865234375 -1 326.60049438476562 2240.8076171875 -1 448.83502197265625 2240.434326171875 -1 706.7381591796875 2240.07080078125 -1 706.7381591796875 2240.07080078125 -1 2606.673583984375 2240.029541015625 -1 2759.394287109375 2240.25927734375 -1 3382.393798828125 2241.0263671875 -1 160.49531555175781 2241.799072265625 -1 160.49531555175781 2241.799072265625 -1 313.71463012695312 2242.73095703125 -1 2065.668212890625 2240.968994140625 -1 3107.525634765625 2241.655517578125 -1 1095.67333984375 2242.8251953125 -1 1561.021728515625 2242.92626953125 -1 1982.9930419921875 2242.615234375 -1 1762.4482421875 2244.46337890625 -1 171.78790283203125 114.54886627197266 -1 565.8109130859375 121.51585388183594 -1 1235.6737060546875 123.93619537353516 -1 494.96609497070312 126.53688049316406 -1 209.82821655273438 133.06600952148438 -1 209.82821655273438 133.06600952148438 -1 481.50418090820312 132.22425842285156 -1 73.395500183105469 135.96661376953125 -1 73.395500183105469 135.96661376953125 -1 682.3043212890625 134.99327087402344 -1 1445.39892578125 135.68913269042969 -1 2867.327880859375 135.08351135253906 -1 2867.327880859375 135.08351135253906 -1 643.7669677734375 138.40727233886719 -1 807.95318603515625 138.09286499023438 -1 1136.0093994140625 138.36721801757812 -1 1136.0093994140625 138.36721801757812 -1 1495.1964111328125 138.86077880859375 -1 1211.886474609375 140.81703186035156 -1 1211.886474609375 140.81703186035156 -1 629.9034423828125 147.39546203613281 -1 1085.544677734375 148.92083740234375 -1 1085.544677734375 148.92083740234375 -1 1388.9788818359375 147.24971008300781 -1 1456.65869140625 150.61796569824219 -1 2557.231201171875 151.02861022949219 -1 1149.9229736328125 153.69839477539062 -1 1149.9229736328125 153.69839477539062 -1 1483.855712890625 152.12448120117188 -1 774.17327880859375 155.76388549804688 -1 719.26824951171875 157.22007751464844 -1 2210.39306640625 157.73078918457031 -1 127.59066772460938 160.83981323242188 -1 1110.016845703125 160.35879516601562 -1 1042.1690673828125 163.10089111328125 -1 1508.72900390625 163.89981079101562 -1 1933.5341796875 163.17703247070312 -1 1962.5391845703125 162.76152038574219 -1 15.691537857055664 167.8931884765625 -1 1154.9620361328125 167.49798583984375 -1 774.95782470703125 169.78828430175781 -1 1131.359130859375 169.98141479492188 -1 2058.743896484375 171.87104797363281 -1 2469.95458984375 170.81341552734375 -1 1476.1707763671875 175.52093505859375 -1 1768.44873046875 174.94987487792969 -1 2273.175048828125 175.13226318359375 -1 1877.5294189453125 178.61982727050781 -1 1017.1162109375 180.98960876464844 -1 1155.5643310546875 179.99423217773438 -1 1734.20068359375 183.19596862792969 -1 995.1497802734375 185.67013549804688 -1 1761.3685302734375 191.55435180664062 -1 2251.418212890625 190.90010070800781 -1 396.83151245117188 192.87020874023438 -1 396.83151245117188 192.87020874023438 -1 131.448974609375 194.99098205566406 -1 573.61566162109375 195.7537841796875 -1 2352.935546875 195.07148742675781 -1 2352.935546875 195.07148742675781 -1 3567.802490234375 196.00973510742188 -1 956.4267578125 197.03237915039062 -1 1565.337646484375 198.17741394042969 -1 2303.424072265625 200.43563842773438 -1 2521.088623046875 199.49577331542969 -1 443.63934326171875 205.82965087890625 -1 1493.986328125 206.08552551269531 -1 1493.986328125 206.08552551269531 -1 2344.142578125 206.07261657714844 -1 2130.89599609375 207.119140625 -1 1638.9056396484375 210.68452453613281 -1 177.95681762695312 212.76521301269531 -1 741.430908203125 214.10430908203125 -1 1832.49462890625 216.38632202148438 -1 1884.743896484375 218.12356567382812 -1 2018.7340087890625 218.84086608886719 -1 1993.63134765625 219.57052612304688 1169228 1993.63134765625 219.57052612304688 1169227 2609.87255859375 222.89093017578125 -1 327.82232666015625 225.91259765625 -1 1196.6785888671875 227.34880065917969 -1 1505.0889892578125 228.59393310546875 -1 1505.0889892578125 228.59393310546875 -1 59.137554168701172 233.471923828125 -1 207.01231384277344 232.50396728515625 -1 1985.8680419921875 232.02667236328125 -1 1074.2503662109375 236.56793212890625 477566 326.45413208007812 241.10009765625 133779 1049.9827880859375 240.14753723144531 -1 1505.54931640625 241.5772705078125 1169096 990.1961669921875 243.85198974609375 -1 1305.40380859375 242.63623046875 -1 1879.7252197265625 245.56951904296875 -1 1765.720703125 247.56854248046875 -1 2134.670166015625 248.09628295898438 -1 2208.52099609375 248.36544799804688 -1 2758.21875 247.596435546875 -1 533.21533203125 253.19459533691406 -1 533.21533203125 253.19459533691406 -1 698.5421142578125 251.89569091796875 -1 79.811317443847656 257.05926513671875 -1 301.25765991210938 261.59304809570312 -1 301.25765991210938 261.59304809570312 -1 443.66177368164062 263.96414184570312 -1 603.2972412109375 262.74948120117188 -1 697.4180908203125 266.87701416015625 -1 1517.61767578125 264.48980712890625 1361812 15.61641788482666 267.70562744140625 -1 2125.89208984375 268.82760620117188 -1 2125.89208984375 268.82760620117188 -1 2148.562255859375 270.392333984375 -1 2148.562255859375 270.392333984375 -1 172.89045715332031 273.92669677734375 -1 620.05419921875 275.96771240234375 -1 620.05419921875 275.96771240234375 -1 1767.9603271484375 275.09722900390625 -1 1448.809326171875 279.278564453125 -1 18.693845748901367 282.64724731445312 -1 18.693845748901367 282.64724731445312 -1 1549.894287109375 285.62689208984375 1168471 2149.96337890625 286.61557006835938 -1 2149.96337890625 286.61557006835938 -1 273.174072265625 289.0281982421875 -1 543.6580810546875 287.93878173828125 -1 3049.2880859375 288.20657348632812 -1 3163.596435546875 288.0306396484375 -1 674.41070556640625 291.77908325195312 -1 674.41070556640625 291.77908325195312 -1 2784.2294921875 293.072509765625 -1 1050.26025390625 297.77569580078125 -1 2531.8515625 297.69537353515625 -1 2979.483642578125 298.2236328125 -1 2939.03173828125 300.702392578125 -1 165.5142822265625 302.5589599609375 -1 1766.190185546875 302.89089965820312 1169102 2225.34912109375 303.55282592773438 -1 441.77981567382812 308.23541259765625 -1 441.77981567382812 308.23541259765625 -1 1249.403564453125 306.6116943359375 -1 1684.982177734375 308.29580688476562 1361813 2120.759521484375 308.66714477539062 -1 2712.12158203125 308.1148681640625 -1 743.4617919921875 312.8297119140625 -1 1514.533935546875 312.65472412109375 -1 223.59854125976562 317.0936279296875 -1 691.9569091796875 318.44677734375 -1 1655.1917724609375 318.90390014648438 1169104 2225.893310546875 319.02767944335938 -1 2423.38037109375 317.5843505859375 -1 2355.255859375 320.0625 -1 2646.29931640625 320.98080444335938 -1 2682.433837890625 320.08181762695312 -1 1599.6995849609375 325.6226806640625 -1 2974.07080078125 324.76577758789062 -1 1105.072998046875 328.6712646484375 -1 1105.072998046875 328.6712646484375 -1 2736.669677734375 330.45550537109375 -1 2736.669677734375 330.45550537109375 -1 3269.4501953125 330.4691162109375 -1 262.30075073242188 334.662841796875 -1 634.24249267578125 333.71923828125 -1 1701.26318359375 333.61175537109375 -1 3235.867919921875 333.70364379882812 -1 3373.681396484375 335.88485717773438 -1 1543.105224609375 338.596923828125 -1 3256.883544921875 338.35269165039062 -1 2803.033203125 340.7642822265625 -1 1890.224609375 345.36083984375 -1 3054.576171875 346.35745239257812 -1 3416.3603515625 345.52505493164062 -1 385.7420654296875 347.80746459960938 -1 421.71023559570312 347.32028198242188 -1 3504.541015625 349.49710083007812 -1 2349.216796875 352.68386840820312 -1 3078.640625 353.69235229492188 -1 209.15817260742188 356.1988525390625 -1 1293.1566162109375 356.23870849609375 477745 1444.3140869140625 355.51834106445312 -1 1605.2415771484375 355.7283935546875 -1 2083.876220703125 355.93063354492188 -1 2567.10498046875 355.8231201171875 -1 2888.6181640625 355.14950561523438 -1 182.97579956054688 358.885498046875 -1 2508.418701171875 359.27081298828125 -1 2934.936767578125 357.29580688476562 -1 1166.46166992187
2026-05-15T21:39:25.199000+00:00 md1shrunk1456-1778880862-3dgs/algo-1-1778880912 5 361.36627197265625 -1 3490.0712890625 360.62319946289062 -1 2358.12451171875 362.984619140625 1169108 2781.9150390625 363.7427978515625 -1 2781.9150390625 363.7427978515625 -1 1498.4161376953125 368.681884765625 -1 3766.46630859375 368.24276733398438 -1 3599.98974609375 371.55108642578125 -1 1080.7740478515625 372.63916015625 -1 2136.35546875 373.50128173828125 1168476 2136.35546875 373.50128173828125 -1 2191.826171875 371.52496337890625 -1 2191.826171875 371.52496337890625 -1 1262.8221435546875 375.72299194335938 -1 2338.280029296875 378.53164672851562 1354770 3230.005859375 379.3714599609375 -1 3407.077880859375 378.28872680664062 -1 1778.9515380859375 380.2587890625 1164723 1998.4833984375 380.32684326171875 -1 3111.38623046875 381.06021118164062 -1 3270.635009765625 382.69168090820312 -1 1905.9100341796875 389.42001342773438 -1 3520.78515625 387.3592529296875 -1 120.76268005371094 391.4666748046875 -1 1614.19921875 393.12503051757812 -1 100.47576904296875 402.490966796875 -1 473.685546875 403.85592651367188 -1 2430.199462890625 408.16180419921875 1359160 3305.814453125 408.16998291015625 -1 3830.8125 408.3763427734375 -1 638.66082763671875 410.315673828125 -1 638.66082763671875 410.315673828125 -1 2371.380859375 410.93597412109375 -1 3333.410400390625 409.76971435546875 -1 2111.364501953125 413.20126342773438 -1 2111.364501953125 413.20126342773438 1169250 2242.12158203125 412.2020263671875 -1 421.95773315429688 415.859619140625 -1 1664.1160888671875 417.58822631835938 1361795 3960.68994140625 415.0428466796875 -1 124.85609436035156 419.13864135742188 -1 402.38784790039062 421.244384765625 -1 2351.846923828125 421.91708374023438 1168478 3184.89501953125 420.50421142578125 -1 1562.49951171875 422.58834838867188 -1 1940.535888671875 423.36541748046875 -1 1419.829345703125 425.55767822265625 477749 3524.271240234375 424.41033935546875 -1 3524.271240234375 424.41033935546875 -1 2329.257568359375 427.16061401367188 1168892 3326.9814453125 428.82879638671875 -1 3609.08251953125 427.530029296875 -1 2543.704833984375 431.65826416015625 1168893 1713.936279296875 433.365234375 477725 3538.66357421875 436.28634643554688 1169440 2343.996337890625 436.90365600585938 -1 3112.76904296875 437.26608276367188 -1 3590.766845703125 442.87646484375 -1 3493.906494140625 451.91342163085938 -1 2350.62939453125 455.79449462890625 1354744 2759.277099609375 458.34381103515625 -1 2277.359130859375 460.7073974609375 -1 916.9912109375 465.3260498046875 -1 1416.6844482421875 465.95123291015625 -1 3915.251220703125 466.383056640625 -1 2424.9384765625 466.92044067382812 -1 3915.732177734375 478.93756103515625 -1 63.619186401367188 485.40756225585938 -1 2403.619140625 486.58984375 1359161 2403.619140625 486.58984375 -1 2944.0947265625 488.6107177734375 1169708 944.830078125 490.50106811523438 -1 944.830078125 490.50106811523438 -1 2814.952392578125 492.70065307617188 1354763 142.48501586914062 497.57257080078125 -1 971.60943603515625 501.70870971679688 -1 1209.192626953125 500.410888671875 -1 2437.81494140625 504.2259521484375 334285 366.1754150390625 504.47860717773438 -1 951.66204833984375 505.19488525390625 -1 1018.471923828125 505.75869750976562 -1 182.43319702148438 508.52511596679688 462259 679.59710693359375 508.35546875 -1 977.8927001953125 512.888671875 -1 1247.969482421875 513.75201416015625 -1 1247.969482421875 513.75201416015625 -1 2088.381591796875 512.78851318359375 -1 967.086181640625 514.9617919921875 -1 2466.223388671875 520.660888671875 1362735 2803.044677734375 520.4515380859375 1169711 3970.841796875 520.10650634765625 -1 1869.8089599609375 526.32098388671875 1361797 1008.8001098632812 528.75372314453125 -1 3837.98974609375 528.213134765625 -1 843.27508544921875 532.26153564453125 -1 1678.0736083984375 538.1800537109375 -1 2205.6181640625 542.3707275390625 334707 2718.762451171875 543.01220703125 -1 3315.439208984375 543.62469482421875 334335 82.71051025390625 545.8076171875 -1 789.26019287109375 550.95928955078125 -1 1689.4300537109375 549.624755859375 -1 397.87359619140625 565.03350830078125 477324 525.034423828125 565.41680908203125 -1 1093.958251953125 565.36138916015625 -1 1705.802734375 565.09759521484375 -1 2244.356689453125 571.90203857421875 -1 307.60784912109375 573.059326171875 417075 534.6903076171875 577.6451416015625 -1 1632.296630859375 583.11224365234375 -1 718.49249267578125 585.0703125 -1 655.4107666015625 588.411865234375 -1 3412.59716796875 587.15869140625 -1 502.07492065429688 590.5360107421875 263693 1446.10400390625 591.2955322265625 -1 2217.94873046875 591.2818603515625 1354697 123.43764495849609 596.45428466796875 -1 3350.78125 597.84368896484375 -1 3469.516357421875 603.25152587890625 1348492 2477.54541015625 611.5391845703125 -1 3488.98974609375 610.07513427734375 1348931 856.43585205078125 614.85797119140625 -1 3409.50341796875 615.7767333984375 1166670 2394.665771484375 625.43560791015625 334647 1764.26904296875 628.69537353515625 -1 2594.460205078125 631.69781494140625 334648 2022.8590087890625 635.6993408203125 -1 3595.867919921875 635.87957763671875 328735 64.140464782714844 638.56500244140625 -1 2343.6298828125 638.0552978515625 -1 3332.109375 642.64208984375 1349015 2137.46728515625 644.304931640625 1354698 3356.709228515625 646.97821044921875 1169718 3653.5283203125 648.24066162109375 328761 2433.9658203125 652.42486572265625 334089 1434.178955078125 655.57403564453125 -1 3895.52880859375 654.97686767578125 480755 2039.27197265625 659.0528564453125 1166767 3413.3251953125 657.7420654296875 -1 1342.052001953125 664.150146484375 -1 1421.197509765625 665.4864501953125 -1 2987.930908203125 665.736572265625 -1 3569.883056640625 666.34515380859375 -1 3744.863525390625 667.860595703125 -1 683.54364013671875 684.2489013671875 -1 2461.61474609375 686.3582763671875 -1 3105.8740234375 698.3291015625 481196 3963.863525390625 697.97906494140625 480363 1241.86083984375 701.181884765625 -1 1241.86083984375 701.181884765625 -1 2752.99755859375 701.6365966796875 -1 3192.32470703125 703.6934814453125 1348960 3192.32470703125 703.6934814453125 1348961 3456.8046875 704.94317626953125 1348962 915.09100341796875 708.2911376953125 -1 2039.128662109375 707.94256591796875 1351860 3115.079345703125 711.05010986328125 -1 1918.679443359375 712.2508544921875 -1 650.044677734375 715.340576171875 476574 650.044677734375 715.340576171875 -1 1746.2529296875 716.63665771484375 -1 1746.2529296875 716.63665771484375 -1 1870.935546875 716.3056640625 -1 1046.6260986328125 721.1099853515625 477571 3050.736083984375 721.43255615234375 1348928 3930.05029296875 723.48114013671875 480769 1538.58837890625 726.36627197265625 1359876 2434.27392578125 727.3731689453125 1354765 1520.921875 727.8140869140625 -1 3774.74462890625 728.0950927734375 -1 3910.912109375 727.892822265625 480771 3847.0283203125 732.289794921875 332193 3891.23193359375 732.412109375 480774 3526.16162109375 735.8719482421875 -1 3424.700927734375 737.49322509765625 -1 3797.052001953125 736.6673583984375 -1 22.408468246459961 740.41168212890625 -1 714.30615234375 743.1796875 476538 1936.343017578125 743.54803466796875 -1 2194.233642578125 742.35662841796875 1354748 1190.3447265625 746.35400390625 477592 1464.470703125 745.09326171875 477750 2539.960205078125 747.123291015625 1169729 3845.98583984375 747.499755859375 481191 3795.22216796875 755.3638916015625 481192 2608.453369140625 758.3150634765625 1354766 2953.9580078125 761.6590576171875 -1 3274.78662109375 767.091064453125 481433 3572.10400390625 766.41595458984375 -1 3729.73876953125 765.59808349609375 496125 854.968505859375 768.2767333984375 -1 1900.318359375 769.677734375 -1 1900.318359375 769.677734375 -1 2605.224365234375 771.04638671875 -1 3349.822998046875 771.19842529296875 1348958 3416.9169921875 770.91949462890625 -1 670.898193359375 772.48040771484375 417083 965.67529296875 772.28057861328125 417080 965.67529296875 772.28057861328125 -1 2325.671142578125 772.4798583984375 -1 2325.671142578125 772.4798583984375 -1 3090.6171875 773.61944580078125 -1 452.08587646484375 779.34423828125 -1 1742.169921875 777.40118408203125 -1 3133.34765625 777.0435791015625 1169475 3625.653076171875 777.75152587890625 -1 1706.3792724609375 781.0858154296875 476957 1706.3792724609375 781.0858154296875 -1 400.38812255859375 783.8487548828125 1360094 1837.8497314453125 782.43414306640625 -1 1837.8497314453125 782.43414306640625 -1 1644.0947265625 787.25677490234375 476959 3755.274658203125 788.29107666015625 480783 985.97259521484375 790.61944580078125 417089 533.58660888671875 794.44512939453125 -1 3614.51513671875 793.02337646484375 328741 3990.599365234375 797.068603515625 -1 2340.14794921875 799.8538818359375 -1 2614.015869140625 800.02392578125 -1 2681.0576171875 803.70947265625 -1 215.86509704589844 804.59765625 1358548 215.86509704589844 804.59765625 1349329 413.7314453125 809.03778076171875 -1 1032.944091796875 808.07244873046875 417092 586.10235595703125 810.56689453125 477330 2170.001220703125 812.554443359375 1168909 3069.65869140625 812.562255859375 -1 3069.65869140625 812.562255859375 481209 2026.607666015625 818.6466064453125 476960 2440.19384765625 820.1181640625 -1 2519.22509765625 823.64862060546875 -1 1710.111572265625 826.16668701171875 477752 2494.431640625 826.41595458984375 -1 828.4134521484375 828.408935546875 -1 2015.531005859375 828.1337890625 1365789 2356.49462890625 828.07281494140625 -1 3839.85009765625 827.56683349609375 496135 963.6025390625 833.5106201171875 417098 1581.93505859375 832.3084716796875 1365673 1863.3616943359375 832.88275146484375 476962 1791.831298828125 835.0135498046875 476877 3238.21533203125 834.465576171875 481210 3238.21533203125 834.465576171875 481211 1496.6094970703125 841.0927734375 1365623 2351.54736328125 841.181884765625 -1 1460.0335693359375 844.2540283203125 1365625 2661.047119140625 844.87060546875 1169733 3082.09326171875 846.75 481214 3968.190673828125 848.54766845703125 -1 3748.421875 853.28363037109375 -1 1240.7255859375 854.701904296875 -1 1240.7255859375 854.701904296875 -1 2703.09912109375 856.8104248046875 -1 1365.536865234375 858.010498046875 -1 2443.0595703125 859.19622802734375 1354757 3783.755859375 857.51593017578125 480800 562.40594482421875 860.41229248046875 -1 1729.1136474609375 859.8143310546875 -1 103.59823608398438 862.62646484375 430607 1822.786865234375 863.750732421875 -1 2874.455810546875 867.62939453125 -1 6.6739945411682129 871.4112548828125 -1 1198.2493896484375 871.48486328125 -1 1198.2493896484375 871.48486328125 473381 3465.04638671875 878.81964111328125 -1 1040.3658447265625 880.4219970703125 -1 2073.41259765625 880.77362060546875 476970 1426.961669921875 883.04803466796875 -1 403.84661865234375 887.13446044921875 -1 2405.2021484375 889.31488037109375 -1 1550.351806640625 889.6771240234375 1552135 2467.00634765625 892.566650390625 1354768 1937.362548828125 894.59356689453125 -1 246.67474365234375 900.3707275390625 -1 1738.223876953125 902.8414306640625 -1 1738.223876953125 902.8414306640625 -1 1123.0550537109375 905.4073486328125 776326 1855.6475830078125 904.8382568359375 476972 2161.054931640625 904.74114990234375 476885 938.56622314453125 908.99224853515625 473382 2379.4599609375 908.7451171875 -1 232.067138671875 910.13055419921875 746868 2964.87646484375 910.7103271484375 -1 1486.013427734375 912.34307861328125 1555569 194.83447265625 916.82244873046875 -1 194.83447265625 916.82244873046875 -1 297.86883544921875 920.83184814453125 -1 935.544189453125 923.314453125 -1 3333.73046875 921.71240234375 1359980 3640.157470703125 925.49261474609375 508954 3736.4013671875 927.2939453125 -1 2326.541015625 931.2489013671875 1552526 2530.88720703125 931.70135498046875 1169868 284.16433715820312 933.4052734375 462546 3131.29638671875 933.47467041015625 481223 1846.3013916015625 934.93902587890625 1553901 3404.919677734375 935.4139404296875 -1 371.1624755859375 937.4334716796875 1349194 2471.06298828125 937.9306640625 -1 2471.06298828125 937.9306640625 -1 2598.1123046875 938.84375 -1 2947.82080078125 937.3892822265625 481227 185.01176452636719 941.25048828125 430608 1827.3212890625 941.6290283203125 476977 1827.3212890625 941.6290283203125 -1 2121.7001953125 941.13818359375 477731 2121.7001953125 941.13818359375 1365792 433.35406494140625 945.2161865234375 430861 685.204833984375 944.57525634765625 775583 2409.553466796875 946.16546630859375 1354699 2489.723876953125 948.233642578125 1552519 3344.30224609375 947.5330810546875 496142 668.3070068359375 950.63037109375 -1 3360.6279296875 949.3875732421875 -1 795.01531982421875 958.7501220703125 476543 650.215576171875 960.5828857421875 -1 857.88702392578125 959.41259765625 431741 2027.62890625 961.95440673828125 1555535 2912.737060546875 960.996337890625 -1 3980.214599609375 961.4031982421875 1551562 775.1138916015625 964.420654296875 -1 2427.696044921875 964.5279541015625 1366521 1421.1953125 968.97369384765625 -1 1906.296630859375 968.70233154296875 477583 2319.42236328125 968.64324951171875 -1 2186.7509765625 972.1085205078125 -1 2574.067138671875 971.4698486328125 1368032 2702.5419921875 970.05908203125 -1 144.1942138671875 972.94287109375 -1 1042.617431640625 973.2430419921875 -1 1042.617431640625 973.2430419921875 1174311 1399.2933349609375 972.77880859375 791681 3618.413330078125 972.0758056640625 -1 3618.413330078125 972.0758056640625 -1 29.801025390625 974.45220947265625 339641 2035.1453857421875 975.7266845703125 1554075 2721.36181640625 976.79571533203125 -1 1030.64013671875 977.552001953125 403285 1030.64013671875 977.552001953125 -1 2605.8388671875 982.95098876953125 1168920 3707.772216796875 985.9083251953125 -1 310.73980712890625 988.306640625 -1 2155.076171875 987.4044189453125 1551474 3687.637939453125 988.0760498046875 478581 783.9432373046875 991.8050537109375 776331 2377.101806640625 990.8233642578125 -1 2377.101806640625 990.8233642578125 -1 3667.810546875 990.60028076171875 480820 1876.6298828125 993.7142333984375 1555536 837.90478515625 995.298583984375 -1 2504.89306640625 994.7445068359375 472157 2684.086669921875 994.81085205078125 -1 2684.086669921875 994.81085205078125 -1 1846.194580078125 996.91351318359375 1552202 2707.91796875 999.41259765625 -1 2707.91796875 999.41259765625 -1 3097.06005859375 998.0125732421875 -1 144.87139892578125 1000.9202880859375 -1 333.54336547851562 1001.2916259765625 1362498 733.58209228515625 1000.4845581054688 1361027 1366.2889404296875 999.28277587890625 776100 2465.1640625 1001.6544189453125 -1 3191.819091796875 1001.262939453125 -1 1539.1636962890625 1003.3615112304688 1365632 1571.8580322265625 1002.1993408203125 1365678 3399.88818359375 1004.0166015625 -1 3399.88818359375 1004.0166015625 -1 2023.0394287109375 1005.1312255859375 1555538 3110.177001953125 1006.4230346679688 479294 3110.177001953125 1006.4230346679688 -1 2286.62548828125 1007.28466796875 477734 2660.212158203125 1009.0831298828125 302503 2788.774658203125 1007.8958129882812 479303 2823.240966796875 1007.0753173828125 -1 3557.8271484375 1006.6430053710938 479281 3557.8271484375 1006.6430053710938 -1 3835.745849609375 1010.3569946289062 -1 3450.19970703125 1011.6143798828125 481224 1562.6995849609375 1014.705810546875 -1 1562.6995849609375 1014.705810546875 -1 2027.054931640625 1016.7772216796875 1555539 3257.20263671875 1016.4044189453125 -1 3257.20263671875 1016.4044189453125 -1 3183.74853515625 1018.2562866210938 479295 1509.4052734375 1020.3170776367188 1552141 2600.47607421875 1021.6285400390625 1368008 3117.16748046875 1020.9823608398438 481236 3117.16748046875 1020.9823608398438 395308 2166.6044921875 1022.5409545898438 -1 2878.72509765625 1021.80712890625 479304 3560.216064453125 1023.2839965820312 476301 176.99546813964844 1025.33447265625 472261 2560.977783203125 1024.6173095703125 -1 2771.22607421875 1025.63623046875 -1 408.22293090820312 1027.7952880859375 1360146 1617.7369384765625 1027.5574951171875 1552142 2323.21240234375 1029.4139404296875 -1 3449.48291015625 1027.5943603515625 478584 3733.622802734375 1029.995361328125 -1 3987.662109375 1029.8231201171875 -1 1242.63720703125 1032.4029541015625 -1 2570.258544921875 1036.2449951171875 -1 3648.66943359375 1033.9849853515625 -1 1258.732666015625 1038.8624267578125 -1 2182.263671875 1037.46630859375 -1 2981.088623046875 1038.133056640625 479305 242.8758544921875 1040.1904296875 -1 1305.229736328125 1040.9141845703125 -1 2332.18408203125 1041.3837890625 476988 23
2026-05-15T21:39:25.199000+00:00 md1shrunk1456-1778880862-3dgs/algo-1-1778880912 32.18408203125 1041.3837890625 1349236 3436.950439453125 1044.093017578125 -1 749.9111328125 1045.5638427734375 -1 774.532958984375 1045.2435302734375 424891 2610.466796875 1046.3612060546875 -1 2854.968017578125 1046.33154296875 -1 726.214599609375 1050.351806640625 775662 2561.588134765625 1051.111328125 -1 2803.18212890625 1049.8756103515625 -1 3235.837646484375 1049.8380126953125 -1 1285.751708984375 1055.004638671875 -1 2641.9150390625 1052.964599609375 -1 3606.110595703125 1052.5380859375 -1 2504.89306640625 1055.869140625 -1 3398.10888671875 1056.28515625 1166736 3552.0458984375 1055.918212890625 -1 2301.1162109375 1058.245849609375 -1 3435.629638671875 1058.754638671875 1166735 1412.8966064453125 1060.54638671875 477605 1775.026123046875 1059.392822265625 1365823 2283.907958984375 1060.4271240234375 -1 3029.555419921875 1061.4356689453125 -1 3962.73193359375 1061.4520263671875 490023 691.0255126953125 1066.3414306640625 431391 1292.80126953125 1066.797607421875 -1 2387.25439453125 1064.7701416015625 -1 2387.25439453125 1064.7701416015625 -1 2917.408203125 1066.984130859375 -1 2917.408203125 1066.984130859375 -1 1557.5994873046875 1067.6883544921875 1552143 2261.48291015625 1067.7110595703125 476907 3197.475341796875 1069.4945068359375 -1 3534.06201171875 1070.001708984375 514354 20.856349945068359 1074.3311767578125 -1 771.43212890625 1073.2890625 -1 771.43212890625 1073.2890625 -1 1384.0948486328125 1073.1143798828125 -1 1384.0948486328125 1073.1143798828125 -1 1524.7620849609375 1073.19677734375 -1 3499.456787109375 1074.0164794921875 480278 731.4151611328125 1073.9420166015625 775673 182.89599609375 1077.918212890625 477373 182.89599609375 1077.918212890625 -1 622.56842041015625 1078.88232421875 477335 2646.47314453125 1077.2398681640625 479317 2646.47314453125 1077.2398681640625 -1 2707.4736328125 1078.064208984375 -1 785.0802001953125 1080.4769287109375 -1 1568.668212890625 1080.2467041015625 1552171 1568.668212890625 1080.2467041015625 -1 1750.939453125 1079.3677978515625 1555540 594.2471923828125 1083.9248046875 -1 755.1259765625 1083.4415283203125 -1 2346.5478515625 1083.0185546875 -1 2689.736572265625 1083.6072998046875 -1 3055.29443359375 1086.7861328125 -1 455.45819091796875 1088.2291259765625 431746 1581.36083984375 1086.7098388671875 1365646 1807.5128173828125 1088.126953125 -1 1807.5128173828125 1088.126953125 -1 2793.8486328125 1087.763916015625 1363335 1440.80029296875 1089.942138671875 -1 1440.80029296875 1089.942138671875 406908 2641.518798828125 1090.6788330078125 -1 2641.518798828125 1090.6788330078125 -1 3100.60009765625 1089.9527587890625 -1 3376.298828125 1094.1126708984375 1360026 217.70851135253906 1096.723876953125 -1 2689.84423828125 1096.218017578125 -1 1318.8818359375 1097.43798828125 403417 2782.150634765625 1097.81982421875 479320 1400.0841064453125 1101.5550537109375 392696 2039.9488525390625 1101.982666015625 393897 153.12135314941406 1102.421630859375 466880 406.20578002929688 1103.569580078125 466894 565.47808837890625 1104.04443359375 -1 565.47808837890625 1104.04443359375 -1 1264.533447265625 1103.1190185546875 477606 30.820335388183594 1104.7935791015625 -1 30.820335388183594 1104.7935791015625 -1 2288.4453125 1105.576904296875 -1 2288.4453125 1105.576904296875 -1 2258.532958984375 1108.8841552734375 -1 2258.532958984375 1108.8841552734375 -1 3223.693603515625 1109.0986328125 420550 3478.120361328125 1108.05126953125 420553 3478.120361328125 1108.05126953125 -1 309.92303466796875 1110.6756591796875 424888 2311.65234375 1109.791015625 -1 439.47906494140625 1114.280029296875 1360067 1636.139892578125 1112.5753173828125 -1 2481.520263671875 1111.969482421875 326645 2010.6597900390625 1116.945556640625 -1 1220.55224609375 1121.012939453125 431750 1220.55224609375 1121.012939453125 431750 2970.903076171875 1120.8040771484375 -1 193.83291625976562 1124.240966796875 -1 1704.1632080078125 1123.5081787109375 -1 2314.7109375 1122.353515625 -1 210.78982543945312 1126.013671875 423887 305.9791259765625 1125.7255859375 -1 26.684841156005859 1128.3590087890625 -1 26.684841156005859 1128.3590087890625 -1 481.10653686523438 1127.4249267578125 -1 2813.211669921875 1128.6009521484375 -1 2601.9404296875 1133.377685546875 -1 3714.0107421875 1133.2728271484375 420557 319.23617553710938 1135.2984619140625 466925 319.23617553710938 1135.2984619140625 462525 1648.8353271484375 1137.398193359375 -1 1534.2392578125 1142.053466796875 -1 1772.675537109375 1140.3612060546875 -1 1772.675537109375 1140.3612060546875 -1 265.32342529296875 1143.0899658203125 425208 2146.74609375 1143.028564453125 -1 2352.922607421875 1142.56689453125 -1 3496.3720703125 1143.9110107421875 420560 3087.66357421875 1145.402099609375 -1 3604.978271484375 1144.749267578125 476904 1462.326416015625 1149.1058349609375 431756 1036.3648681640625 1150.584228515625 -1 727.15667724609375 1152.958251953125 473822 1544.701904296875 1152.51708984375 -1 1642.2353515625 1154.000732421875 -1 2637.031005859375 1153.17724609375 -1 2941.5478515625 1152.9417724609375 -1 3153.350830078125 1153.89306640625 1160345 436.9373779296875 1154.464599609375 -1 911.0150146484375 1154.809814453125 -1 2152.78759765625 1155.691650390625 -1 2245.225830078125 1154.6812744140625 -1 2444.09619140625 1154.6492919921875 1361044 2592.39501953125 1158.393310546875 -1 3266.90869140625 1156.888916015625 420563 3266.90869140625 1156.888916015625 420566 1565.969970703125 1160.41552734375 -1 1761.50732421875 1160.7962646484375 -1 3088.19482421875 1160.5894775390625 1555554 3763.18310546875 1161.6566162109375 -1 860.450927734375 1162.61572265625 -1 1124.3968505859375 1163.965576171875 430882 1124.3968505859375 1163.965576171875 -1 1839.0625 1163.922607421875 1365688 2894.08203125 1164.077880859375 1551475 1550.66748046875 1165.39892578125 -1 2691.664794921875 1165.625 -1 2477.2001953125 1167.966552734375 -1 2651.454833984375 1169.24365234375 -1 3601.61181640625 1169.220458984375 1555263 2549.0361328125 1169.7142333984375 -1 2601.06982421875 1171.4405517578125 -1 865.201416015625 1175.757568359375 -1 1220.1478271484375 1175.1375732421875 -1 2105.630126953125 1176.278564453125 -1 2293.860595703125 1176.560302734375 -1 2900.353759765625 1176.7587890625 1173341 2945.044921875 1174.480224609375 476911 2945.044921875 1174.480224609375 476912 1162.905029296875 1178.7989501953125 -1 1709.490966796875 1179.5880126953125 -1 2710.994873046875 1179.0760498046875 1552621 2245.55126953125 1181.2220458984375 -1 791.0767822265625 1185.6795654296875 -1 791.0767822265625 1185.6795654296875 -1 1570.457763671875 1184.7744140625 -1 1120.732177734375 1189.433349609375 -1 2924.02734375 1187.0147705078125 420573 2236.27587890625 1190.7545166015625 393163 2905.892578125 1191.237060546875 -1 147.62818908691406 1193.8121337890625 -1 700.919189453125 1193.4090576171875 418725 1035.3985595703125 1194.4267578125 -1 2754.34716796875 1192.6014404296875 1363338 3007.09423828125 1192.5107421875 -1 2073.3154296875 1196.8248291015625 -1 1078.3974609375 1198.05322265625 -1 1163.3017578125 1197.3826904296875 -1 1250.3394775390625 1196.9957275390625 430888 1250.3394775390625 1196.9957275390625 430889 1855.2001953125 1198.5618896484375 -1 2120.942138671875 1199.1937255859375 -1 3262.778564453125 1202.5518798828125 -1 3262.778564453125 1202.5518798828125 -1 176.92756652832031 1204.327880859375 -1 1495.0867919921875 1205.5740966796875 -1 1495.0867919921875 1205.5740966796875 -1 2233.0361328125 1205.7530517578125 -1 1231.751953125 1208.103515625 430893 2705.71826171875 1208.2811279296875 420576 2760.41748046875 1207.270263671875 -1 620.40740966796875 1209.83837890625 -1 1280.7861328125 1211.007568359375 -1 1454.6153564453125 1210.01708984375 -1 1454.6153564453125 1210.01708984375 -1 1729.697021484375 1209.54345703125 417222 1729.697021484375 1209.54345703125 -1 1310.3167724609375 1211.911376953125 -1 586.3001708984375 1216.439697265625 -1 1415.064208984375 1214.343505859375 -1 1415.064208984375 1214.343505859375 -1 2633.515380859375 1215.2344970703125 -1 3197.826171875 1215.6580810546875 554614 3197.826171875 1215.6580810546875 420580 1505.17041015625 1218.107666015625 -1 1628.781982421875 1218.970947265625 -1 435.22265625 1220.9013671875 462674 1598.400390625 1221.2962646484375 -1 1689.35205078125 1220.79541015625 -1 2120.67431640625 1220.956787109375 -1 3227.19677734375 1221.0938720703125 337285 3227.19677734375 1221.0938720703125 420583 1053.8973388671875 1222.8868408203125 -1 2484.8330078125 1222.4033203125 -1 2484.8330078125 1222.4033203125 -1 248.73004150390625 1225.3477783203125 -1 345.41091918945312 1226.701904296875 -1 2531.212158203125 1225.98486328125 -1 2531.212158203125 1225.98486328125 -1 2359.218994140625 1227.634033203125 -1 2359.218994140625 1227.634033203125 -1 2888.968505859375 1227.9478759765625 417225 2943.13330078125 1230.239990234375 -1 2943.13330078125 1230.239990234375 337531 1697.40576171875 1233.05224609375 -1 1742.8685302734375 1233.8245849609375 445899 2693.58740234375 1232.4541015625 -1 1502.794189453125 1234.4276123046875 417232 782.63330078125 1238.0233154296875 -1 2874.166259765625 1238.7196044921875 1555541 512.1434326171875 1241.2684326171875 430636 2297.57421875 1239.3409423828125 -1 3320.831298828125 1241.580322265625 420591 3320.831298828125 1241.580322265625 420594 1005.1326904296875 1242.893798828125 476582 1005.1326904296875 1242.893798828125 478391 530.7105712890625 1243.78662109375 424942 1118.5657958984375 1245.41748046875 -1 1118.5657958984375 1245.41748046875 727795 1668.7783203125 1247.760986328125 -1 2718.01220703125 1245.0267333984375 420597 3139.64990234375 1245.1175537109375 1551607 2393.35791015625 1250.2255859375 -1 2393.35791015625 1250.2255859375 -1 960.7957763671875 1250.5238037109375 -1 983.462158203125 1253.606689453125 -1 983.462158203125 1253.606689453125 -1 1197.7454833984375 1252.97607421875 -1 1687.6600341796875 1253.4908447265625 -1 2460.254150390625 1253.7696533203125 -1 2480.08935546875 1252.4244384765625 417235 3243.382568359375 1252.7069091796875 -1 3374.7314453125 1253.3194580078125 -1 1096.2879638671875 1256.4840087890625 476306 2040.8922119140625 1256.3438720703125 -1 2508.814208984375 1258.548828125 -1 691.8426513671875 1263.9735107421875 -1 572.42822265625 1265.818115234375 575322 635.899658203125 1264.928466796875 779382 1203.9735107421875 1266.1590576171875 -1 1227.5970458984375 1266.7025146484375 -1 1550.8814697265625 1265.462890625 -1 1694.445068359375 1265.6771240234375 1164770 1694.445068359375 1265.6771240234375 1164771 3320.980224609375 1265.8831787109375 1554562 3363.85888671875 1267.0469970703125 554796 1169.3486328125 1268.405029296875 -1 3014.68701171875 1271.869140625 565614 3241.119384765625 1274.041259765625 451459 3241.119384765625 1274.041259765625 1551456 1051.400634765625 1275.334228515625 -1 1051.400634765625 1275.334228515625 -1 2856.63134765625 1275.224609375 1555587 632.801513671875 1278.7691650390625 -1 705.91729736328125 1281.664794921875 472117 910.21246337890625 1280.2757568359375 -1 2317.778564453125 1281.109375 417247 1414.5006103515625 1281.61865234375 -1 1414.5006103515625 1281.61865234375 -1 14.193234443664551 1284.6849365234375 569068 14.193234443664551 1284.6849365234375 -1 240.87928771972656 1287.103271484375 -1 1098.315185546875 1285.6458740234375 -1 1464.40771484375 1285.560791015625 -1 1740.551513671875 1286.2513427734375 417261 1740.551513671875 1286.2513427734375 -1 3866.6357421875 1284.6142578125 474491 1439.3629150390625 1289.0411376953125 -1 2449.37548828125 1288.9697265625 1551478 2852.934326171875 1288.2908935546875 -1 3053.730224609375 1287.406982421875 452137 3841.32373046875 1288.0504150390625 420611 2993.7294921875 1291.0435791015625 565606 3080.183349609375 1293.015380859375 1554539 3080.183349609375 1293.015380859375 455693 535.346435546875 1295.8018798828125 -1 2381.35107421875 1295.7872314453125 1365826 3213.13037109375 1296.1357421875 334168 3173.37255859375 1298.357666015625 476922 208.79736328125 1301.93017578125 -1 369.740478515625 1301.193115234375 571961 675.8275146484375 1299.4736328125 -1 1097.073486328125 1300.203125 -1 1097.073486328125 1300.203125 -1 2752.4384765625 1300.2589111328125 -1 960.2205810546875 1304.0284423828125 568888 3428.227294921875 1304.47802734375 554783 3207.0498046875 1307.6593017578125 -1 1831.23486328125 1312.1424560546875 1555542 246.73417663574219 1312.89501953125 -1 1049.19287109375 1313.917236328125 337803 74.13433837890625 1317.1209716796875 423964 310.02957153320312 1316.400390625 -1 375.82684326171875 1314.856689453125 477307 391.34722900390625 1316.8609619140625 -1 1632.8594970703125 1318.1976318359375 -1 2689.8994140625 1319.38037109375 -1 751.210693359375 1320.72265625 -1 2233.791015625 1320.741455078125 -1 317.865234375 1326.51171875 1548204 679.39337158203125 1325.76708984375 -1 573.487060546875 1328.136474609375 -1 779.53155517578125 1327.7447509765625 -1 1080.7469482421875 1327.109130859375 393144 2348.529296875 1330.875732421875 1551480 127.01756286621094 1333.31103515625 430642 850.32684326171875 1333.347900390625 473392 1203.6612548828125 1332.3607177734375 -1 1603.3348388671875 1333.500732421875 417280 2599.557861328125 1333.3046875 417271 2722.810302734375 1332.2882080078125 420624 334.7576904296875 1337.5450439453125 430645 624.1510009765625 1340.1787109375 -1 1366.55078125 1339.964111328125 509147 3783.4091796875 1340.723388671875 337283 765.8433837890625 1342.318115234375 452134 1166.2989501953125 1342.519775390625 -1 1832.1796875 1343.3275146484375 420627 126.42704010009766 1345.606689453125 -1 1717.4000244140625 1345.5230712890625 1553902 2499.92529296875 1346.446044921875 -1 518.82208251953125 1348.4949951171875 466780 1011.013916015625 1348.70166015625 431781 1647.864990234375 1349.542724609375 417293 2539.400390625 1349.176025390625 513046 2616.325439453125 1348.86279296875 -1 3005.72607421875 1347.46728515625 445887 3005.72607421875 1347.46728515625 445888 284.01861572265625 1350.996337890625 -1 2276.27001953125 1350.3192138671875 417283 2276.27001953125 1350.3192138671875 337282 1213.498046875 1352.0791015625 473394 26.356380462646484 1355.5352783203125 1362527 26.356380462646484 1355.5352783203125 -1 424.45254516601562 1355.18212890625 -1 782.3162841796875 1355.460205078125 430667 238.80653381347656 1357.6837158203125 -1 373.95999145507812 1359.97802734375 -1 373.95999145507812 1359.97802734375 -1 703.282470703125 1361.065673828125 1360345 703.282470703125 1361.065673828125 424977 929.585205078125 1360.1611328125 425251 1571.540283203125 1362.6976318359375 -1 2866.517578125 1362.7550048828125 337281 38.950687408447266 1368.5216064453125 -1 776.94549560546875 1367.6390380859375 -1 873.70172119140625 1369.234375 431464 2280.45947265625 1368.449951171875 -1 3050.89208984375 1368.00830078125 451725 45.227855682373047 1370.55322265625 -1 203.78594970703125 1369.847900390625 466782 483.88690185546875 1371.5556640625 -1 483.88690185546875 1371.5556640625 472720 963.7952880859375 1369.242919921875 785060 1183.9688720703125 1371.1033935546875 -1 1265.412109375 1370.196044921875 452139 2972.638671875 1370.823974609375 417296 318.70932006835938 1375.26953125 472722 917.83319091796875 1372.6112060546875 424990 1285.606201171875 1372.88818359375 431788 677.09765625 1375.900390625 466759 1502.9066162109375 1375.79736328125 1551486 816.9046630859375 1377.5185546875 417867 816.9046630859375 1377.5185546875 -1 1858.4678955078125 1378.840087890625 420630 2103.755859375 1377.7655029296875 477760 2997.60302734375 1380.193603515625 337280 219.0908203125 1382.235107421875 424958 969.59405517578125 1382.875732421875 393821 2794.0576171875 1383.602783203125 420633 721.94061279296875 1386.603271484375 452138 3727.109375 1386.046142578125 -1 3727.109375 1386.046142578125 -1 1515.6212158203125 1391.479248046875 477376 2262.7041015625 1390.021728515625 1555544 2316.793701171875 1392.1400146484375 391059 886.46484375 1394.595703125 -1 2809.11279296875 1395.663330078125 1367983 2809.11279296875 1395.663330078125 1367982 1459.52490234375 1397.8369140625 555125 3026.46484375 1397.6697998046875 -1 3734.3828125 1398.8890380859375 455053 840.8333740234375 1401.397216796875 -1 1442.929931640625 1400.7423095703125 -1 1625.190185546875 1400.0517578125 1363351 237.76686096191406 1402.4171142578125 393134 1262.9256591796875 1402.8223876953125 473397 3054.780517578125 1402.562744140625 -1 685.8656005859375 1405.3452148
2026-05-15T21:39:25.199000+00:00 md1shrunk1456-1778880862-3dgs/algo-1-1778880912 4375 476557 904.9669189453125 1406.72607421875 430681 904.9669189453125 1406.72607421875 418932 1470.279541015625 1404.81494140625 -1 2305.632080078125 1406.4873046875 -1 2305.632080078125 1406.4873046875 -1 743.130859375 1408.6180419921875 417321 1380.4359130859375 1408.7896728515625 -1 1530.9974365234375 1408.2957763671875 -1 1530.9974365234375 1408.2957763671875 -1 2809.803466796875 1407.169189453125 -1 2809.803466796875 1407.169189453125 1367555 3033.151611328125 1408.2642822265625 337279 3243.92724609375 1408.331298828125 479145 133.9669189453125 1412.400634765625 462672 2402.76220703125 1414.516845703125 513196 230.80451965332031 1416.6541748046875 406192 3973.226318359375 1419.2908935546875 -1 701.44232177734375 1421.470458984375 472709 2997.04345703125 1420.44189453125 420636 2890.70654296875 1422.41064453125 420638 837.26287841796875 1425.098388671875 413856 863.414794921875 1427.227294921875 472724 1751.525634765625 1426.1693115234375 328860 2731.142333984375 1425.224365234375 -1 2863.915771484375 1427.18017578125 -1 3792.021240234375 1425.17578125 420641 242.97859191894531 1427.44775390625 -1 628.51141357421875 1428.253173828125 473730 339.1456298828125 1430.51416015625 413259 1009.808349609375 1429.37548828125 -1 1457.329345703125 1431.7640380859375 555104 362.6544189453125 1433.6737060546875 -1 1146.161865234375 1433.198486328125 430907 1349.579833984375 1432.8746337890625 -1 665.38641357421875 1436.39404296875 -1 27.363529205322266 1438.3721923828125 424026 227.27108764648438 1436.5806884765625 1360152 227.27108764648438 1436.5806884765625 -1 1598.69140625 1437.164794921875 1555264 100.00746917724609 1443.669189453125 473809 490.37847900390625 1442.1031494140625 473831 3342.228759765625 1443.272705078125 1363923 522.361572265625 1446.14501953125 472266 2794.560302734375 1446.705322265625 -1 2887.7353515625 1447.3048095703125 417890 3703.486572265625 1445.204833984375 -1 3703.486572265625 1445.204833984375 420644 546.7342529296875 1449.062744140625 418937 1821.2701416015625 1447.8148193359375 420647 35.182937622070312 1451.744384765625 -1 147.3973388671875 1451.52978515625 466774 147.3973388671875 1451.52978515625 -1 317.24765014648438 1449.696044921875 -1 2632.04052734375 1449.471435546875 1556112 2664.41650390625 1449.28125 1554553 221.06259155273438 1452.3223876953125 -1 221.06259155273438 1452.3223876953125 -1 456.48529052734375 1452.8538818359375 -1 2340.583984375 1454.1063232421875 1169765 2615.963134765625 1453.4755859375 1555545 2870.37841796875 1453.0732421875 417335 3920.611572265625 1453.1142578125 -1 175.81687927246094 1454.4296875 -1 3167.28662109375 1456.55712890625 565527 1109.176513671875 1458.62841796875 -1 3294.03076171875 1457.635009765625 565398 3729.921875 1459.106689453125 -1 2687.900634765625 1460.388916015625 455743 2687.900634765625 1460.388916015625 455744 686.4730224609375 1464.09716796875 -1 1167.3349609375 1464.2596435546875 784707 2490.0751953125 1463.5145263671875 1551495 2655.91259765625 1464.0703125 1551502 2655.91259765625 1464.0703125 554761 3780.880126953125 1462.793212890625 -1 77.874427795410156 1465.190673828125 1362496 95.247894287109375 1465.4913330078125 466772 29.204906463623047 1468.829345703125 466756 174.97389221191406 1469.15625 473715 591.56396484375 1470.159912109375 462596 591.56396484375 1470.159912109375 430676 1021.2613525390625 1474.285400390625 -1 1021.2613525390625 1474.285400390625 430911 2693.849609375 1474.756103515625 326637 187.09648132324219 1478.239990234375 1362504 187.09648132324219 1478.239990234375 479067 1708.3427734375 1477.152587890625 420650 3708.935546875 1477.5982666015625 -1 1771.6083984375 1481.294189453125 417368 3352.658935546875 1480.0865478515625 415078 3755.80712890625 1480.941162109375 337218 165.16465759277344 1487.134521484375 -1 1691.349609375 1486.654296875 455442 2302.367919921875 1489.2022705078125 445920 405.97210693359375 1492.79052734375 472712 3053.59326171875 1492.51708984375 417919 3053.59326171875 1492.51708984375 417922 3652.22412109375 1494.909423828125 -1 910.80029296875 1497.4927978515625 473855 2168.39697265625 1497.862060546875 417379 2566.00439453125 1499.50341796875 445914 2892.114013671875 1500.660400390625 -1 2892.114013671875 1500.660400390625 -1 3620.6865234375 1501.3958740234375 -1 65.678260803222656 1502.635498046875 1362505 1736.0789794921875 1503.4473876953125 -1 2137.32568359375 1502.6121826171875 417385 2502.4775390625 1505.6416015625 445916 2838.77197265625 1507.6856689453125 477010 1604.6947021484375 1511.84326171875 477060 3169.35791015625 1511.6912841796875 -1 3204.6630859375 1509.5989990234375 424802 2372.77392578125 1514.3455810546875 417394 2946.34619140625 1514.48583984375 1363360 1444.299072265625 1519.363037109375 337278 1490.0616455078125 1520.2646484375 420658 800.01904296875 1523.521728515625 472726 1607.1959228515625 1527.1929931640625 492912 1607.1959228515625 1527.1929931640625 337498 3909.97705078125 1527.5128173828125 423642 2584.9111328125 1531.8507080078125 417400 177.74400329589844 1533.3399658203125 -1 859.83154296875 1533.2042236328125 -1 2971.03515625 1533.9727783203125 337277 3024.3837890625 1533.6944580078125 -1 1178.167236328125 1536.551513671875 -1 2987.20703125 1536.30126953125 455076 1107.166259765625 1539.244140625 393067 1315.301025390625 1538.04345703125 1362917 1080.091552734375 1539.729736328125 393077 1080.091552734375 1539.729736328125 -1 2064.846435546875 1540.406494140625 -1 1648.7291259765625 1544.65087890625 334535 832.6649169921875 1549.131591796875 413946 3658.302978515625 1549.431884765625 450035 3387.45361328125 1554.35693359375 -1 3845.970458984375 1552.6112060546875 451557 1019.51708984375 1555.643310546875 -1 1634.8609619140625 1554.9970703125 477063 235.79705810546875 1558.189697265625 -1 3904.098876953125 1556.9013671875 406516 839.68017578125 1561.3206787109375 -1 2508.08740234375 1560.12744140625 417414 2276.8603515625 1568.6839599609375 1551506 3754.71435546875 1568.45947265625 1159902 695.1160888671875 1571.3304443359375 -1 803.523681640625 1569.890869140625 425271 854.59295654296875 1571.212890625 425281 2677.749267578125 1570.03369140625 455797 1760.5565185546875 1573.105712890625 -1 1925.0452880859375 1573.701416015625 -1 675.7882080078125 1574.703369140625 -1 775.56121826171875 1576.26123046875 -1 2387.89453125 1577.4404296875 -1 2387.89453125 1577.4404296875 -1 1398.649169921875 1581.7420654296875 -1 3540.88623046875 1581.139892578125 -1 3811.62060546875 1579.3914794921875 451225 1278.15283203125 1583.65576171875 -1 1326.77490234375 1583.226318359375 -1 1731.108642578125 1582.9368896484375 420672 2436.233154296875 1583.910888671875 417428 2963.983154296875 1583.1798095703125 477881 3792.448974609375 1582.678466796875 -1 788.65545654296875 1585.299560546875 393054 290.17449951171875 1589.3914794921875 393062 2805.062255859375 1586.57861328125 1361051 3184.0546875 1587.883544921875 -1 3242.716064453125 1588.050537109375 -1 3242.716064453125 1588.050537109375 -1 1366.8958740234375 1590.1177978515625 417431 3614.334716796875 1590.7862548828125 -1 1301.2197265625 1596.110595703125 417434 3079.032958984375 1602.8004150390625 -1 3108.8037109375 1600.0234375 -1 3944.891357421875 1599.373779296875 -1 2636.545166015625 1603.4039306640625 -1 2636.545166015625 1603.4039306640625 -1 3701.3837890625 1602.2802734375 423653 2419.54736328125 1606.780517578125 420681 3136.6171875 1611.651123046875 -1 646.330322265625 1612.84521484375 425269 1820.3599853515625 1612.3778076171875 417950 2898.76904296875 1614.60009765625 -1 3103.767578125 1616.4207763671875 -1 3914.55810546875 1615.905029296875 451560 3914.55810546875 1615.905029296875 451561 617.685302734375 1618.750244140625 431795 2963.434814453125 1619.2174072265625 -1 2963.434814453125 1619.2174072265625 -1 3505.5673828125 1621.030029296875 -1 308.47528076171875 1624.5269775390625 -1 653.1793212890625 1625.917724609375 393050 653.1793212890625 1625.917724609375 -1 3855.7275390625 1628.4921875 -1 3855.7275390625 1628.4921875 1159905 2542.719482421875 1631.234130859375 -1 2892.36767578125 1629.968505859375 -1 3618.3232421875 1631.6319580078125 -1 273.9403076171875 1633.0458984375 466825 1233.5777587890625 1632.73291015625 423879 3381.55859375 1632.4461669921875 -1 1842.129150390625 1635.69921875 476634 3185.418701171875 1636.097900390625 -1 22.014034271240234 1638.9219970703125 1362935 169.32640075683594 1643.959228515625 -1 2562.243408203125 1644.033203125 -1 3566.5009765625 1643.2684326171875 -1 3566.5009765625 1643.2684326171875 -1 3873.458251953125 1642.0196533203125 1159906 3873.458251953125 1642.0196533203125 451513 150.32293701171875 1646.458251953125 417447 2833.171630859375 1645.96826171875 450478 3004.07470703125 1646.056640625 -1 89.461746215820312 1649.074462890625 393743 3542.772216796875 1649.382568359375 -1 3897.884765625 1651.794921875 -1 2845.849609375 1652.39306640625 -1 678.86322021484375 1658.033447265625 413969 977.2093505859375 1657.9041748046875 431799 977.2093505859375 1657.9041748046875 417450 2328.822021484375 1659.03955078125 -1 2328.822021484375 1659.03955078125 420695 2716.502685546875 1657.7025146484375 -1 3649.3701171875 1659.0166015625 -1 3649.3701171875 1659.0166015625 451229 2866.07958984375 1664.1614990234375 420698 2866.07958984375 1664.1614990234375 -1 2665.42724609375 1664.6533203125 -1 2665.42724609375 1664.6533203125 -1 1982.836181640625 1668.150146484375 -1 3839.541259765625 1669.683349609375 -1 3839.541259765625 1669.683349609375 -1 2059.77587890625 1669.97705078125 413032 2968.206787109375 1671.30859375 -1 3638.80419921875 1670.1427001953125 -1 3819.284912109375 1670.17578125 423674 628.9119873046875 1674.26708984375 417455 628.9119873046875 1674.26708984375 413981 2104.315673828125 1673.6290283203125 -1 2546.57373046875 1672.6793212890625 -1 2651.086181640625 1673.271728515625 -1 2472.41796875 1674.69140625 -1 2888.914794921875 1679.132080078125 -1 352.63861083984375 1681.9813232421875 393046 750.0552978515625 1680.3363037109375 420701 1196.9166259765625 1679.9530029296875 393703 1852.58544921875 1681.47802734375 420704 2961.25341796875 1686.7462158203125 -1 2961.25341796875 1686.7462158203125 -1 2504.5703125 1686.937744140625 -1 664.9552001953125 1691.39453125 430921 1623.1585693359375 1690.0404052734375 390125 3539.38720703125 1691.414794921875 450081 3586.88232421875 1690.011962890625 -1 3803.00830078125 1690.02197265625 -1 3894.646240234375 1692.6190185546875 450462 1365.028564453125 1697.55419921875 480325 936.26495361328125 1699.695068359375 -1 2303.2783203125 1701.0162353515625 417959 2600.812744140625 1705.2540283203125 -1 1345.44921875 1711.2525634765625 393031 1345.44921875 1711.2525634765625 479114 2508.020751953125 1711.2469482421875 -1 573.34515380859375 1713.282958984375 425043 3710.009765625 1716.377685546875 -1 3911.14453125 1716.78759765625 -1 3938.4296875 1717.8961181640625 -1 1442.5921630859375 1721.638916015625 258491 2581.69677734375 1720.3583984375 -1 2597.862548828125 1719.69189453125 337668 2780.53076171875 1720.2947998046875 -1 3252.620849609375 1719.8802490234375 420716 1107.625 1724.800048828125 -1 2713.834228515625 1725.12353515625 -1 118.79783630371094 1727.69873046875 1362524 1320.6292724609375 1727.5963134765625 473853 3478.949951171875 1728.52978515625 420719 1065.217529296875 1728.8905029296875 -1 74.119308471679688 1734.2236328125 1360148 527.15826416015625 1732.292724609375 466862 527.15826416015625 1732.292724609375 -1 1421.1859130859375 1732.12841796875 472443 2160.312744140625 1734.6544189453125 -1 2160.312744140625 1734.6544189453125 -1 2476.232421875 1736.3524169921875 420722 2571.85986328125 1736.326904296875 -1 3668.583740234375 1736.37646484375 -1 1293.2274169921875 1738.407470703125 405418 1382.0159912109375 1737.296142578125 -1 1959.7034912109375 1737.468505859375 391813 2644.216064453125 1738.661376953125 -1 178.52729797363281 1740.167724609375 1360039 212.98370361328125 1743.6656494140625 -1 2597.18017578125 1744.030029296875 -1 1507.778076171875 1748.0206298828125 418787 2554.58935546875 1747.381103515625 417969 2817.68115234375 1747.477783203125 -1 1303.9697265625 1750.3258056640625 -1 1555.7996826171875 1750.1629638671875 479241 894.39080810546875 1755.931396484375 472278 2436.25732421875 1756.3421630859375 -1 2783.25 1755.827880859375 -1 2701.165771484375 1758.864990234375 420731 1968.6728515625 1760.3514404296875 472243 2172.0224609375 1759.648193359375 -1 2251.450439453125 1760.608154296875 -1 1763.328369140625 1762.5799560546875 420737 2642.393798828125 1761.147705078125 -1 1926.8275146484375 1767.868408203125 415906 2284.98291015625 1769.478271484375 405815 653.9677734375 1771.63037109375 466891 984.58160400390625 1770.956787109375 -1 984.58160400390625 1770.956787109375 -1 3322.2783203125 1771.1939697265625 -1 3322.2783203125 1771.1939697265625 -1 140.5380859375 1772.801025390625 425023 1125.488037109375 1772.750732421875 420743 1125.488037109375 1772.750732421875 430940 1277.9796142578125 1774.1954345703125 418795 1772.154541015625 1773.7640380859375 451915 1772.154541015625 1773.7640380859375 -1 1901.00244140625 1776.362548828125 337408 2297.783203125 1775.293212890625 -1 2321.33740234375 1776.6575927734375 -1 2405.73779296875 1775.424072265625 -1 2604.0078125 1774.65966796875 402984 2604.0078125 1774.65966796875 -1 2178.930908203125 1777.34912109375 420751 2201.9033203125 1778.3209228515625 391783 3750.64306640625 1777.366943359375 -1 247.90097045898438 1780.1756591796875 -1 2099.015380859375 1781.2364501953125 337670 2099.015380859375 1781.2364501953125 -1 98.032730102539062 1784.3944091796875 1362532 538.52978515625 1782.61181640625 403776 2420.16259765625 1783.419189453125 -1 2940.17333984375 1784.755859375 -1 2940.17333984375 1784.755859375 -1 1560.2301025390625 1787.2138671875 480327 1579.8626708984375 1787.805419921875 514708 1643.284423828125 1788.636962890625 -1 1252.453369140625 1790.1378173828125 420757 1875.9339599609375 1790.1964111328125 -1 2130.748046875 1789.45654296875 -1 2360.852783203125 1793.55908203125 -1 2360.852783203125 1793.55908203125 -1 2605.370849609375 1792.20263671875 -1 43.160789489746094 1795.51953125 1362533 430.45806884765625 1795.053466796875 -1 1922.5755615234375 1797.0355224609375 -1 2391.8125 1797.9437255859375 -1 16.674415588378906 1800.8270263671875 466822 16.674415588378906 1800.8270263671875 466821 985.3463134765625 1800.9150390625 393664 1505.722412109375 1802.8782958984375 1363372 1899.64892578125 1803.64453125 490021 2565.3203125 1802.99365234375 -1 2565.3203125 1802.99365234375 337495 360.86502075195312 1806.51318359375 466887 360.86502075195312 1806.51318359375 424313 1055.2943115234375 1805.3526611328125 -1 1210.2279052734375 1805.885009765625 431806 1805.0909423828125 1810.120849609375 451916 770.88494873046875 1815.138671875 -1 1584.094970703125 1815.5751953125 418881 2383.896240234375 1818.285888671875 -1 2084.81005859375 1821.3316650390625 -1 256.72052001953125 1821.9061279296875 466752 1306.758544921875 1823.9599609375 -1 1962.8502197265625 1824.80517578125 417484 1962.8502197265625 1824.80517578125 406197 1158.4239501953125 1828.153076171875 466470 1158.4239501953125 1828.153076171875 479141 1508.605712890625 1827.0611572265625 472849 3574.771728515625 1829.1826171875 -1 590.6046142578125 1830.2593994140625 466901 2183.400390625 1829.5146484375 405750 3772.593017578125 1830.69921875 451568 1646.14794921875 1832.3072509765625 -1 1772.74560546875 1831.9532470703125 337671 2390.81005859375 1833.55029296875 391708 986.269775390625 1836.7247314453125 393010 1801.7266845703125 1835.19482421875 423210 1801.7266845703125 1835.19482421875 451919 209.87619018554688 1837.432373046875 1362531 209.87619018554688 1837.432373046875 420772 396.16217041015625 1837.809814453125 1360038 887.988525390625 1838.3787841796875 -1 670.903076171875 1840.4197998046875 1360184 670.903076171875 1840.4197998046875 420775 1204.7320556640625 1839.88720703125 -1 2238.3701171875 1840.8726806640625 423894 1658.1712646484375 1842.9681396484375 408448 3861.4189453125 1842.12353515625 -1 300.08090209960938 1846.8861083984375 430923 2090.373046875 1846.02392578125 -1 2090.373046875 1846.02392578125 -1 2282.408203125 1845.09130859375 391942 3772.80078125 1846.4886474609375 337209 3942.28564453125 1844.3251953125 423883 3942.28564453125 1844.3251953125 -1 367.90866088867188 1847.26513671875 1347622 963.412353515625 1848.296630859375 480302 67
2026-05-15T21:39:25.199000+00:00 md1shrunk1456-1778880862-3dgs/algo-1-1778880912 .956077575683594 1851.68798828125 420778 949.229248046875 1850.71337890625 417512 2631.277099609375 1850.9625244140625 391636 3981.8076171875 1850.4351806640625 -1 3981.8076171875 1850.4351806640625 450099 54.623825073242188 1853.8349609375 425036 2397.085693359375 1854.5716552734375 -1 3723.030029296875 1853.3946533203125 337207 3750.987548828125 1853.5374755859375 337208 2242.89306640625 1855.146484375 -1 2272.014404296875 1855.376953125 337276 3438.6708984375 1855.88818359375 -1 720.86309814453125 1857.2613525390625 1360117 1046.5626220703125 1856.1558837890625 -1 1444.4642333984375 1858.296875 472821 2840.29638671875 1858.8795166015625 -1 2108.45556640625 1861.2047119140625 -1 2491.203125 1860.76416015625 -1 2491.203125 1860.76416015625 -1 3169.297119140625 1859.935302734375 420788 301.1153564453125 1863.12548828125 462612 396.34799194335938 1863.4459228515625 417518 2664.882568359375 1865.0115966796875 -1 1629.6884765625 1866.8800048828125 1555546 1901.863037109375 1864.7222900390625 -1 3537.368408203125 1866.362060546875 472334 213.4381103515625 1869.62744140625 1362537 380.49362182617188 1870.160400390625 -1 523.4554443359375 1872.1474609375 -1 523.4554443359375 1872.1474609375 -1 2188.5078125 1870.6968994140625 -1 2188.5078125 1870.6968994140625 -1 2202.1025390625 1870.612548828125 -1 2202.1025390625 1870.612548828125 -1 3017.640625 1870.08837890625 450184 3017.640625 1870.08837890625 448365 1789.900146484375 1872.461181640625 337667 3217.938232421875 1875.5662841796875 420803 864.74334716796875 1878.5284423828125 417524 1103.872802734375 1876.5770263671875 -1 2686.04736328125 1877.9100341796875 -1 1885.5858154296875 1881.3372802734375 403956 3914.824462890625 1880.59228515625 -1 3914.824462890625 1880.59228515625 -1 1141.920654296875 1881.9957275390625 492908 1246.3514404296875 1882.925048828125 337403 3045.1044921875 1883.563720703125 420806 3178.37158203125 1882.8583984375 -1 898.2298583984375 1887.1160888671875 430947 1699.652099609375 1885.392333984375 472473 2385.72900390625 1889.753173828125 -1 2385.72900390625 1889.753173828125 -1 1086.153076171875 1893.3079833984375 -1 1707.3572998046875 1895.3187255859375 472765 1020.1881103515625 1897.2630615234375 479134 1020.1881103515625 1897.2630615234375 479206 1212.406494140625 1898.9755859375 480299 3449.45703125 1900.9039306640625 1363382 157.7935791015625 1902.4366455078125 -1 157.7935791015625 1902.4366455078125 -1 826.48193359375 1901.933837890625 479136 1446.160888671875 1904.3638916015625 479192 3507.6181640625 1905.455810546875 -1 130.10421752929688 1908.6119384765625 417543 338.82125854492188 1908.963134765625 -1 543.40936279296875 1909.8016357421875 -1 1188.940185546875 1909.4671630859375 -1 1870.7965087890625 1911.305908203125 391950 2921.42919921875 1909.73876953125 420814 204.0836181640625 1913.0262451171875 -1 781.3411865234375 1913.976806640625 -1 1247.7073974609375 1913.343505859375 -1 3168.98095703125 1913.05859375 450504 3168.98095703125 1913.05859375 -1 3828.156494140625 1913.5511474609375 -1 1314.1783447265625 1915.6251220703125 411937 2174.06689453125 1915.48828125 -1 3085.017578125 1915.0823974609375 420824 2051.871337890625 1918.0675048828125 -1 823.11492919921875 1924.378173828125 472274 1181.2730712890625 1922.302978515625 492922 3764.00830078125 1923.893310546875 -1 2483.63134765625 1924.8919677734375 -1 2483.63134765625 1924.8919677734375 -1 1383.9588623046875 1931.951904296875 -1 1827.6605224609375 1930.185791015625 -1 3980.40478515625 1929.263916015625 410022 43.107280731201172 1933.4217529296875 417564 3691.68505859375 1932.3077392578125 410096 2413.705078125 1936.60205078125 417546 2953.62744140625 1936.416015625 -1 3463.459716796875 1934.987548828125 -1 3903.54443359375 1933.649658203125 -1 412.266357421875 1938.5325927734375 337493 412.266357421875 1938.5325927734375 1159908 1324.2510986328125 1938.792724609375 431817 2210.9931640625 1938.392578125 391632 2536.3017578125 1938.380615234375 -1 820.8988037109375 1940.2484130859375 393589 129.17022705078125 1941.890625 -1 260.66033935546875 1943.33447265625 1360191 260.66033935546875 1943.33447265625 452225 314.48141479492188 1944.98095703125 417571 2300.667724609375 1946.364501953125 -1 2994.661865234375 1945.9095458984375 -1 3184.1640625 1946.5284423828125 -1 357.53738403320312 1952.482177734375 417577 2026.353515625 1952.509521484375 -1 2062.7373046875 1953.020751953125 -1 2062.7373046875 1953.020751953125 -1 885.593505859375 1956.7108154296875 431075 437.76290893554688 1957.830078125 -1 755.51416015625 1958.4349365234375 476450 863.65447998046875 1958.3447265625 413519 2389.08154296875 1958.821533203125 -1 2535.4677734375 1957.8309326171875 -1 1567.72705078125 1960.5279541015625 -1 2840.025390625 1961.35888671875 420844 1403.60009765625 1963.2630615234375 391954 1542.4718017578125 1963.209228515625 400662 2211.083251953125 1962.961669921875 -1 2726.70751953125 1962.059326171875 420848 36.372943878173828 1968.8310546875 420851 2295.368408203125 1967.17529296875 -1 2295.368408203125 1967.17529296875 417568 2659.40771484375 1967.149169921875 -1 3407.823486328125 1967.0634765625 420857 3425.81982421875 1967.50048828125 420861 3572.7041015625 1970.6104736328125 -1 3781.0498046875 1976.7779541015625 412572 1149.7333984375 1980.7470703125 -1 2226.73779296875 1980.7738037109375 -1 1885.6103515625 1983.108642578125 337629 2099.874267578125 1983.849609375 -1 2905.112548828125 1984.2373046875 420865 3963.941650390625 1984.214111328125 -1 525.65557861328125 1985.8331298828125 420868 556.20892333984375 1986.0137939453125 393580 1238.5126953125 1986.8243408203125 455393 3697.248046875 1986.4752197265625 410175 751.56610107421875 1987.411376953125 393576 973.09912109375 1989.2177734375 -1 1681.6053466796875 1988.4483642578125 -1 3633.74658203125 1986.92578125 451573 673.16650390625 1991.7076416015625 392961 2707.665771484375 1990.2857666015625 420872 2707.665771484375 1990.2857666015625 -1 3787.883544921875 1991.1793212890625 423901 3787.883544921875 1991.1793212890625 -1 50.277580261230469 1993.0628662109375 393597 2769.30126953125 1991.9744873046875 -1 2825.2939453125 1992.61767578125 450542 1110.5699462890625 1996.24365234375 455394 3972.814697265625 1996.210693359375 -1 2447.38623046875 1997.62353515625 455796 2447.38623046875 1997.62353515625 -1 1770.08251953125 1999.829833984375 400027 891.441650390625 2003.619384765625 417600 3134.78271484375 2003.3509521484375 -1 3290.790771484375 2002.100341796875 455778 3916.070556640625 2002.5787353515625 451570 590.41400146484375 2006.265625 420883 3457.43505859375 2004.416748046875 -1 692.81256103515625 2007.6015625 -1 2053.033203125 2007.6990966796875 -1 2787.42626953125 2009.3231201171875 475480 82.05615234375 2014.2384033203125 393584 1591.3128662109375 2013.8408203125 479103 3689.3828125 2010.8311767578125 -1 3689.3828125 2010.8311767578125 -1 13.018375396728516 2016.6038818359375 -1 2226.4130859375 2016.4307861328125 -1 3920.37255859375 2016.3690185546875 403767 730.03143310546875 2018.6500244140625 420888 1575.013671875 2021.376953125 455748 3603.787841796875 2019.9415283203125 -1 616.07794189453125 2021.85595703125 337825 1381.4052734375 2024.4105224609375 455445 293.76272583007812 2028.81640625 390635 293.76272583007812 2028.81640625 -1 903.40478515625 2028.18701171875 -1 1359.205322265625 2029.20166015625 -1 1605.197998046875 2027.563720703125 -1 2535.0078125 2029.2144775390625 -1 2535.0078125 2029.2144775390625 -1 3744.119873046875 2027.3052978515625 -1 7.7693090438842773 2030.398193359375 -1 1287.744140625 2031.8583984375 476464 2450.16748046875 2030.0914306640625 -1 2450.16748046875 2030.0914306640625 -1 3912.959228515625 2030.7044677734375 -1 3386.090087890625 2035.9833984375 412623 636.249267578125 2038.2630615234375 -1 2392.73681640625 2039.2530517578125 -1 2587.869140625 2036.986083984375 -1 3677.160400390625 2037.884033203125 -1 2192.6357421875 2040.944580078125 -1 3042.0029296875 2041.853759765625 -1 436.69985961914062 2042.311767578125 393559 871.575927734375 2044.2689208984375 420903 2475.761962890625 2042.75 -1 3015.677734375 2043.726318359375 -1 3360.65283203125 2044.3365478515625 450522 1296.6199951171875 2045.3953857421875 455701 420.79547119140625 2048.49267578125 -1 1310.7716064453125 2048.583984375 337586 3495.828857421875 2048.05615234375 -1 891.4105224609375 2051.0234375 -1 2040.4979248046875 2050.22802734375 391863 752.43597412109375 2052.109130859375 1159910 834.236083984375 2052.646484375 418004 528.33013916015625 2056.236572265625 392952 2090.394287109375 2056.351806640625 -1 2090.394287109375 2056.351806640625 445987 3637.926025390625 2056.83154296875 -1 457.6866455078125 2057.339111328125 -1 2367.3037109375 2057.5537109375 -1 3141.87890625 2061.189453125 420909 3989.028564453125 2059.358154296875 -1 3989.028564453125 2059.358154296875 -1 287.41665649414062 2062.6328125 -1 287.41665649414062 2062.6328125 -1 1937.26220703125 2062.35888671875 -1 2078.63916015625 2064.305419921875 337640 3803.95751953125 2062.882080078125 -1 3259.726318359375 2066.199951171875 420915 80.797264099121094 2069.0791015625 -1 631.85321044921875 2068.91748046875 337823 3422.589111328125 2067.4619140625 450244 3197.86279296875 2073.3818359375 -1 1965.2520751953125 2077.0908203125 -1 1965.2520751953125 2077.0908203125 -1 3146.501220703125 2074.970458984375 -1 3146.501220703125 2074.970458984375 -1 3644.31298828125 2073.781494140625 450883 3760.217529296875 2074.84814453125 -1 3499.02392578125 2079.1943359375 420930 2654.929443359375 2082.8486328125 -1 3044.167724609375 2084.05908203125 -1 3888.056396484375 2084.3955078125 -1 6.7149453163146973 2086.2880859375 -1 564.55133056640625 2086.5205078125 -1 798.69073486328125 2085.813720703125 337489 1753.4178466796875 2086.844970703125 -1 2339.131103515625 2087.71044921875 -1 108.31356811523438 2090.01611328125 462509 259.7989501953125 2091.1064453125 420940 2117.511962890625 2092.174072265625 -1 3807.78515625 2089.859375 -1 1136.5460205078125 2094.0966796875 417643 1136.5460205078125 2094.0966796875 393497 3767.72705078125 2092.594970703125 -1 1025.41650390625 2096.4619140625 -1 2560.041259765625 2097.212158203125 -1 3088.770751953125 2095.413330078125 450551 3088.770751953125 2095.413330078125 420948 2715.289306640625 2098.760498046875 -1 3205.269775390625 2097.460693359375 -1 3501.845458984375 2097.598388671875 -1 403.05587768554688 2100.30859375 393525 403.05587768554688 2100.30859375 393520 2599.87841796875 2101.491943359375 -1 2599.87841796875 2101.491943359375 -1 2661.882080078125 2098.8671875 -1 460.873291015625 2105.583740234375 -1 1743.034912109375 2104.879638671875 -1 2910.6787109375 2105.606689453125 -1 3112.18359375 2106.161376953125 -1 2011.2001953125 2108.100341796875 -1 2161.332763671875 2107.496337890625 -1 2404.254150390625 2107.726806640625 -1 3057.333984375 2110.978271484375 420969 3057.333984375 2110.978271484375 448244 2338.423828125 2115.527099609375 -1 2338.423828125 2115.527099609375 -1 345.59066772460938 2120.12353515625 -1 2524.28759765625 2120.31396484375 -1 2524.28759765625 2120.31396484375 -1 2868.661865234375 2121.054443359375 450567 2868.661865234375 2121.054443359375 448738 396.8759765625 2123.298828125 393501 396.8759765625 2123.298828125 337822 2688.344482421875 2123.951904296875 450354 3628.19921875 2124.2021484375 -1 1971.38037109375 2125.749267578125 -1 1971.38037109375 2125.749267578125 337634 3660.229736328125 2126.8515625 -1 1010.4454345703125 2128.9169921875 -1 2972.65625 2128.15478515625 -1 175.44563293457031 2130.39013671875 -1 147.12425231933594 2133.923828125 1360181 1663.8079833984375 2133.2626953125 -1 2208.984619140625 2132.24169921875 -1 2598.44677734375 2135.912109375 -1 453.34884643554688 2138.83203125 431823 1691.52294921875 2138.903076171875 -1 2528.62060546875 2139.1728515625 479236 3352.5048828125 2137.23779296875 450272 738.34197998046875 2139.98291015625 418038 2326.90283203125 2143.648681640625 -1 2720.64111328125 2143.971435546875 -1 2851.793212890625 2144.4697265625 450575 1647.110595703125 2144.537109375 -1 2462.778076171875 2144.79541015625 -1 2462.778076171875 2144.79541015625 -1 1245.084716796875 2148.2578125 -1 1245.084716796875 2148.2578125 -1 1709.026611328125 2147.4130859375 -1 2578.2939453125 2148.613037109375 -1 3690.88720703125 2148.317626953125 450529 3745.20751953125 2148.817626953125 451278 3765.63134765625 2147.61865234375 -1 144.35832214355469 2151.432373046875 -1 665.95123291015625 2150.627685546875 -1 920.81976318359375 2151.58203125 402890 1037.07568359375 2151.221923828125 416993 685.801025390625 2152.251708984375 392910 3569.71044921875 2153.076416015625 -1 612.9849853515625 2155.197509765625 -1 1374.8463134765625 2156.3017578125 -1 1914.2767333984375 2156.048828125 -1 3346.69140625 2154.66943359375 472337 266.00775146484375 2157.635009765625 421014 836.9112548828125 2159.26513671875 -1 836.9112548828125 2159.26513671875 -1 880.76611328125 2156.60205078125 400062 880.76611328125 2156.60205078125 -1 1120.6082763671875 2157.8271484375 421017 3231.559814453125 2158.464111328125 421021 3493.43505859375 2158.4873046875 421025 2021.646728515625 2161.213623046875 -1 2329.57373046875 2162.372802734375 421028 3675.447021484375 2159.907470703125 451576 672.6690673828125 2165.934814453125 393493 672.6690673828125 2165.934814453125 393488 1580.02392578125 2166.395751953125 -1 216.00846862792969 2168.454345703125 -1 1861.724365234375 2167.9970703125 -1 3102.98291015625 2167.04638671875 474558 1652.1385498046875 2171.35107421875 -1 813.02740478515625 2174.177001953125 -1 2143.27099609375 2172.983642578125 -1 2143.27099609375 2172.983642578125 -1 2378.978759765625 2174.85693359375 -1 1350.7734375 2179.076171875 -1 1389.47412109375 2179.51513671875 -1 2689.287109375 2179.2177734375 -1 611.901123046875 2180.323974609375 403184 624.100830078125 2180.596923828125 -1 2452.4140625 2180.7041015625 421045 1502.7684326171875 2183.562255859375 -1 1502.7684326171875 2183.562255859375 -1 2260.28759765625 2183.440185546875 -1 652.86834716796875 2185.0439453125 418060 1519.5482177734375 2186.917236328125 -1 1226.003662109375 2187.44921875 -1 2783.349609375 2187.021728515625 421052 2806.305908203125 2187.25244140625 -1 1817.2198486328125 2191.018798828125 -1 2062.41845703125 2193.560546875 -1 3784.2724609375 2193.08154296875 -1 594.7822265625 2196.2529296875 -1 616.86334228515625 2194.79833984375 393476 2458.174072265625 2195.08642578125 -1 995.4285888671875 2197.619140625 -1 1235.135009765625 2198.700927734375 -1 1235.135009765625 2198.700927734375 -1 1832.605712890625 2198.487548828125 -1 1832.605712890625 2198.487548828125 -1 2277.45751953125 2196.702392578125 -1 2914.1728515625 2197.2060546875 448070 817.30859375 2199.80078125 452221 817.30859375 2199.80078125 403477 2011.3392333984375 2198.944091796875 -1 2011.3392333984375 2198.944091796875 -1 3008.77099609375 2200.642578125 479173 3451.83740234375 2199.69873046875 451285 573.35479736328125 2203.01611328125 431580 2293.1875 2203.5859375 455800 2634.767578125 2203.00146484375 -1 3427.5087890625 2202.64501953125 -1 752.49725341796875 2205.83447265625 337686 2433.264404296875 2205.50439453125 -1 3573.48046875 2209.0400390625 423939 1275.7713623046875 2212.0205078125 -1 1440.4945068359375 2211.180908203125 -1 2087.73046875 2210.864013671875 -1 1054.4573974609375 2212.7119140625 -1 2016.086181640625 2213.50537109375 -1 2656.00537109375 2213.94140625 -1 562.96160888671875 2215.239013671875 431837 2630.42431640625 2216.158203125 -1 1457.8468017578125 2217.896240234375 421104 95.896453857421875 2221.786865234375 -1 1810.9722900390625 2220.48193359375 -1 2288.947265625 2219.462646484375 -1 2288.947265625 2219.462646484375 -1 2514.3154296875 2220.860107421875 449098 2514.3154296875 2220.860107421875 448414 3780.10693359375 2220.205322265625 -1 2984.77978515625 2222.150634765625 421113 2004.5616455078125 2226.212890625 -1 2004.5616455078125 2226.212890625 -1 451.41140747070312 2228.995361328125 431836 1155.0665283203125 2227.637939453125 -1 1155.0665283203125 2227.637939453125 -1 1545.033447265625 2227.86865234375 -1 1861.324951171875 2228.242431640625 -1 938.170654296875 2230.82373046875 -1 1595.65380859375 2231.37353515625 -1 2253.1796875 2229.985595703125 -1 3466.788330078125 2230.6064453125 -1 1657.337158203125 2233.855224609375 421127 2807.350830078125 2234.54443359375 479237 468.01446533203125 2235.527587890625 -1 2190.15283203125 2236.011474609
2026-05-15T21:39:25.199000+00:00 md1shrunk1456-1778880862-3dgs/algo-1-1778880912 375 -1 2459.175048828125 2236.4111328125 -1 2459.175048828125 2236.4111328125 -1 3186.34619140625 2235.876953125 1159913 3881.58984375 2237.016357421875 -1 1342.96728515625 2237.84033203125 -1 1342.96728515625 2237.84033203125 -1 1399.1102294921875 2237.625244140625 -1 1838.4368896484375 2237.854248046875 -1 1838.4368896484375 2237.854248046875 -1 2539.819091796875 2237.7451171875 -1 2539.819091796875 2237.7451171875 -1 3527.3173828125 2239.081787109375 -1 3578.79345703125 2237.075439453125 -1 1041.03369140625 2241.33203125 -1 1041.03369140625 2241.33203125 -1 1582.7056884765625 2239.656005859375 -1 2052.55224609375 2239.675048828125 -1 2855.9228515625 2240.42822265625 -1 458.27264404296875 17.582687377929688 -1 458.27264404296875 17.582687377929688 -1 2469.08837890625 23.585386276245117 -1 1892.641357421875 82.1954345703125 -1 480.58319091796875 116.33381652832031 -1 480.58319091796875 116.33381652832031 -1 204.48295593261719 118.62406921386719 -1 2779.75244140625 119.63127899169922 -1 1120.51220703125 128.18499755859375 -1 457.41458129882812 141.57041931152344 -1 828.66552734375 144.8226318359375 -1 1512.987060546875 146.6947021484375 -1 742.17529296875 154.35292053222656 -1 1137.7991943359375 154.35000610351562 -1 996.822265625 158.82344055175781 -1 933.15728759765625 161.72003173828125 -1 1554.35205078125 160.74897766113281 -1 544.123291015625 164.38482666015625 -1 1398.516845703125 162.73614501953125 -1 1462.9765625 166.26771545410156 -1 700.52496337890625 168.72697448730469 -1 1180.0845947265625 168.29927062988281 -1 1537.745361328125 168.31365966796875 -1 1652.72412109375 170.44630432128906 -1 49.936656951904297 172.87751770019531 -1 390.4324951171875 174.4622802734375 -1 1901.986572265625 173.3272705078125 -1 1981.1419677734375 174.09478759765625 -1 1415.405029296875 178.272705078125 -1 1920.3814697265625 177.77301025390625 -1 366.82958984375 181.03684997558594 -1 1637.843505859375 183.03709411621094 -1 1665.5841064453125 183.06051635742188 -1 1682.927978515625 184.31863403320312 -1 3410.72314453125 186.64242553710938 -1 1054.3387451171875 188.8924560546875 -1 3446.183837890625 189.43055725097656 -1 3446.183837890625 189.43055725097656 -1 2706.89599609375 196.68861389160156 -1 1040.082763671875 197.79058837890625 -1 3628.686279296875 202.17532348632812 -1 1985.2618408203125 205.7186279296875 -1 1665.2734375 210.64303588867188 -1 2305.843505859375 217.32185363769531 -1 298.43914794921875 220.51596069335938 -1 363.80569458007812 220.69949340820312 -1 1045.3663330078125 222.72239685058594 477613 2342.03173828125 224.26205444335938 -1 2684.988037109375 223.14273071289062 -1 2684.988037109375 223.14273071289062 -1 807.68365478515625 225.30502319335938 -1 1012.388671875 225.55036926269531 -1 779.1304931640625 227.06239318847656 -1 1092.3099365234375 227.88087463378906 1166243 1661.3458251953125 228.02198791503906 -1 2371.70751953125 230.73117065429688 -1 661.81060791015625 233.34994506835938 -1 661.81060791015625 233.34994506835938 -1 369.1090087890625 237.63983154296875 -1 369.1090087890625 237.63983154296875 -1 2696.0234375 237.16554260253906 -1 1646.4434814453125 240.56564331054688 1169229 295.6240234375 244.5113525390625 -1 295.6240234375 244.5113525390625 -1 2048.6650390625 244.4720458984375 1169230 2389.864990234375 246.28852844238281 -1 1941.156005859375 248.22554016113281 -1 2416.911376953125 249.38772583007812 -1 1750.188232421875 253.9013671875 -1 65.204116821289062 256.4906005859375 -1 1976.650390625 255.01878356933594 1361815 2016.470947265625 259.56179809570312 -1 2179.9150390625 261.01025390625 -1 157.65203857421875 263.05706787109375 -1 2163.269775390625 263.07318115234375 -1 1025.135986328125 268.734619140625 -1 2806.1865234375 271.84585571289062 -1 375.15447998046875 272.24539184570312 -1 646.4619140625 273.69696044921875 -1 646.4619140625 273.69696044921875 -1 615.4957275390625 276.18685913085938 -1 3040.423583984375 274.72567749023438 -1 609.3187255859375 277.82284545898438 -1 1910.5938720703125 277.12570190429688 1361816 2897.034912109375 278.95355224609375 -1 1056.327880859375 279.89364624023438 -1 1490.1964111328125 279.73638916015625 -1 3126.237548828125 280.05447387695312 -1 69.3828125 283.20166015625 -1 69.3828125 283.20166015625 92540 2982.89990234375 282.2896728515625 -1 1657.7227783203125 285.90216064453125 1361817 1954.830322265625 287.11398315429688 -1 2945.834716796875 288.30352783203125 -1 438.20101928710938 290.27215576171875 -1 2425.027099609375 292.53652954101562 -1 242.53883361816406 295.92263793945312 -1 2175.547607421875 304.20132446289062 -1 1792.2569580078125 306.5211181640625 1361818 1055.8297119140625 313.85043334960938 -1 2046.798583984375 312.26919555664062 -1 2536.282470703125 312.62728881835938 -1 144.95280456542969 316.77188110351562 -1 632.0462646484375 318.88729858398438 -1 1531.53662109375 317.36929321289062 1361819 2700.948486328125 318.29144287109375 -1 518.2333984375 325.60287475585938 -1 216.90008544921875 329.61056518554688 -1 1251.2513427734375 327.70855712890625 -1 482.30404663085938 330.49227905273438 -1 2960.7509765625 333.1103515625 -1 1683.2972412109375 335.06573486328125 1361821 1717.75732421875 335.639892578125 -1 2262.171875 337.52505493164062 -1 91.68719482421875 343.26535034179688 1547023 230.1649169921875 343.17489624023438 -1 230.1649169921875 343.17489624023438 -1 1093.43408203125 342.33657836914062 -1 1879.0867919921875 343.79425048828125 -1 2212.11962890625 344.84103393554688 1169238 2065.195068359375 345.6966552734375 1168551 2740.544677734375 346.39022827148438 -1 1988.603759765625 348.41793823242188 1361814 2948.83642578125 347.334716796875 1370521 2948.83642578125 347.334716796875 -1 522.2877197265625 359.52655029296875 -1 2000.02294921875 359.4752197265625 1361822 2204.196044921875 362.77890014648438 1169240 1632.01025390625 363.39324951171875 1361824 1969.859375 363.56777954101562 1361823 1969.859375 363.56777954101562 -1 2464.333984375 361.82861328125 1169242 3737.804931640625 362.84405517578125 -1 3544.83154296875 364.73895263671875 -1 3691.424560546875 367.66021728515625 -1 357.69436645507812 369.7371826171875 -1 2268.857177734375 374.1070556640625 1169109 2400.9638671875 374.6722412109375 1169244 2740.396728515625 377.52777099609375 -1 1980.932861328125 377.622314453125 1169245 259.47616577148438 381.24819946289062 -1 1595.9345703125 383.46755981445312 1354700 1417.7467041015625 385.288330078125 477763 1695.5638427734375 385.45306396484375 -1 2170.813232421875 387.47317504882812 -1 2350.05419921875 389.6314697265625 1354747 1368.2435302734375 390.48306274414062 477748 154.56637573242188 392.825927734375 -1 2225.229248046875 391.97940063476562 -1 3829.21875 392.61370849609375 -1 2247.83837890625 396.244140625 -1 1676.848876953125 397.16079711914062 -1 454.57220458984375 408.232177734375 -1 454.57220458984375 408.232177734375 -1 1554.3170166015625 407.20965576171875 -1 3226.955322265625 408.21185302734375 -1 1421.0694580078125 409.31634521484375 477764 1421.0694580078125 409.31634521484375 477765 1956.1015625 413.00341796875 1169249 2393.99609375 411.88961791992188 1359142 76.326889038085938 415.58529663085938 462330 76.326889038085938 415.58529663085938 -1 3806.825927734375 417.11590576171875 -1 3806.825927734375 417.11590576171875 -1 439.81228637695312 420.72222900390625 -1 2941.003173828125 423.35009765625 1169251 40.324878692626953 424.91348266601562 462387 1315.603271484375 428.63006591796875 -1 365.9761962890625 430.7796630859375 -1 77.216140747070312 432.92568969726562 462332 77.216140747070312 432.92568969726562 -1 393.7073974609375 436.12811279296875 -1 2970.9658203125 442.956787109375 1168895 2818.189697265625 446.1226806640625 -1 3047.755126953125 447.13775634765625 1354762 3047.755126953125 447.13775634765625 1354761 2418.796630859375 451.97903442382812 -1 2043.64208984375 460.187255859375 1361798 2807.980712890625 462.36187744140625 -1 2916.961669921875 463.26492309570312 -1 3879.077392578125 463.78842163085938 -1 3850.147705078125 467.9376220703125 -1 128.81697082519531 470.86135864257812 -1 2268.867431640625 472.92919921875 1168557 2545.949462890625 472.91351318359375 -1 2033.2427978515625 475.11447143554688 334603 2033.2427978515625 475.11447143554688 1168596 0.77213495969772339 489.46484375 -1 1034.0172119140625 486.72442626953125 -1 2065.508056640625 488.190673828125 1351859 2509.817138671875 491.76803588867188 1351862 188.94613647460938 492.59912109375 -1 188.94613647460938 492.59912109375 -1 2457.529541015625 493.37832641601562 334260 526.17822265625 500.9779052734375 -1 1037.9659423828125 503.27304077148438 -1 3067.728515625 501.81427001953125 1348902 2481.31787109375 510.30471801757812 -1 2481.31787109375 510.30471801757812 -1 3941.220458984375 510.42156982421875 -1 3065.032958984375 519.2628173828125 -1 876.430908203125 522.5792236328125 -1 2734.10107421875 529.92242431640625 334284 3794.817138671875 530.69146728515625 496108 3794.817138671875 530.69146728515625 -1 78.020072937011719 532.883056640625 462342 354.6153564453125 533.050048828125 -1 2561.1591796875 534.551513671875 334258 230.51419067382812 536.103759765625 -1 230.51419067382812 536.103759765625 -1 434.13311767578125 536.5357666015625 -1 434.13311767578125 536.5357666015625 -1 695.08544921875 534.421142578125 -1 1187.4141845703125 541.108154296875 -1 498.63104248046875 545.787841796875 -1 645.47174072265625 548.73016357421875 -1 2032.8416748046875 546.41790771484375 -1 372.823974609375 551.104248046875 -1 106.61801147460938 554.02484130859375 -1 2750.2470703125 556.28533935546875 334282 2750.2470703125 556.28533935546875 -1 580.83441162109375 560.80517578125 -1 580.83441162109375 560.80517578125 -1 1903.7025146484375 563.7965087890625 -1 3317.256103515625 562.3714599609375 481581 3920.14111328125 568.18878173828125 480744 609.25732421875 569.9354248046875 -1 2733.5146484375 573.58160400390625 333058 686.306884765625 579.856689453125 -1 1432.4639892578125 602.825439453125 -1 3952.846923828125 603.60040283203125 -1 518.65216064453125 604.7923583984375 -1 1220.5567626953125 604.19189453125 -1 138.6756591796875 607.2318115234375 462522 2610.71142578125 607.05908203125 334045 2622.928466796875 618.56011962890625 -1 3493.76513671875 626.1336669921875 334281 3493.76513671875 626.1336669921875 334280 3565.38623046875 624.87567138671875 328743 1269.779296875 628.6046142578125 -1 1558.336669921875 630.7432861328125 -1 2519.416259765625 646.23175048828125 334617 1614.958984375 647.20147705078125 -1 1556.84521484375 649.53955078125 -1 627.48223876953125 655.531982421875 417730 583.43560791015625 669.118408203125 -1 601.8433837890625 681.556396484375 417733 1462.5322265625 680.19586181640625 -1 3738.47509765625 681.6905517578125 496117 628.17431640625 695.846435546875 1362495 628.17431640625 695.846435546875 1362494 3085.77587890625 696.2322998046875 334278 1469.2811279296875 698.00146484375 477766 3648.548583984375 698.34112548828125 1348963 3245.8984375 701.01513671875 1348491 2163.183349609375 704.752197265625 1168597 336.56448364257812 708.199462890625 462552 3642.125 715.2625732421875 481188 1188.04248046875 719.3543701171875 477614 3807.677001953125 721.63720703125 481187 3344.814208984375 723.40936279296875 1348929 346.09747314453125 725.25445556640625 462500 710.540283203125 725.2392578125 418084 1093.92138671875 729.1314697265625 477615 156.25491333007812 733.3388671875 417738 3089.745849609375 734.38604736328125 481431 3089.745849609375 734.38604736328125 1354764 1387.520751953125 735.5040283203125 1359874 1489.430419921875 734.7344970703125 477028 1231.7945556640625 742.76617431640625 -1 1355.8546142578125 743.53271484375 1359873 1686.16357421875 742.9166259765625 509063 3348.98388671875 742.72491455078125 496126 2272.647705078125 745.1239013671875 1354750 2272.647705078125 745.1239013671875 1169864 2716.82080078125 746.2476806640625 1169861 3881.5927734375 744.85223388671875 331845 2654.429931640625 747.26470947265625 1354771 271.7564697265625 749.5277099609375 477347 1431.0997314453125 751.3265380859375 1359872 3689.81689453125 751.21282958984375 328756 2212.55224609375 756.6409912109375 1359157 81.496086120605469 763.53076171875 -1 81.496086120605469 763.53076171875 -1 3565.4482421875 767.0316162109375 -1 3539.41162109375 770.62750244140625 328744 3979.712158203125 771.8358154296875 481193 3642.76123046875 787.95501708984375 1348959 3642.76123046875 787.95501708984375 481199 2769.188232421875 792.671630859375 1166770 1276.253173828125 798.4901123046875 477769 3337.269287109375 798.11865234375 -1 3686.5078125 798.6685791015625 331838 1539.0712890625 801.27618408203125 477620 1539.0712890625 801.27618408203125 477621 2169.57958984375 809.215576171875 -1 1902.6312255859375 810.6961669921875 477034 1095.15869140625 814.23388671875 -1 1435.675537109375 812.8935546875 791417 1928.4434814453125 812.9644775390625 477037 1175.014892578125 818.652099609375 417741 1249.13916015625 822.12286376953125 791686 1249.13916015625 822.12286376953125 791683 20.648200988769531 824.78662109375 -1 3358.345703125 825.92864990234375 1166894 1610.2705078125 827.99322509765625 -1 541.37774658203125 833.17266845703125 -1 1382.377685546875 832.90411376953125 417744 2886.9580078125 834.7896728515625 1169129 2886.9580078125 834.7896728515625 -1 1716.801025390625 849.57122802734375 1365674 1793.4482421875 856.62286376953125 1363453 1745.303466796875 860.593994140625 1365696 1328.2412109375 866.74102783203125 776500 1328.2412109375 866.74102783203125 776502 2811.50927734375 868.39971923828125 1169130 3570.867919921875 871.236328125 -1 3570.867919921875 871.236328125 -1 3971.58740234375 868.443359375 -1 2413.500732421875 875.36688232421875 -1 3648.64013671875 875.972412109375 334151 2575.900634765625 882.98736572265625 -1 3162.638916015625 882.7545166015625 -1 3610.26220703125 882.57598876953125 334172 3737.681884765625 889.34130859375 496137 2916.349853515625 891.60064697265625 481445 2916.349853515625 891.60064697265625 481446 2358.4169921875 894.3929443359375 -1 635.83221435546875 896.794921875 -1 1634.047607421875 902.0518798828125 788225 637.32550048828125 914.70794677734375 -1 758.17803955078125 925.94287109375 -1 3592.0048828125 925.7208251953125 1348956 1072.73046875 933.65899658203125 337485 2203.980224609375 936.71563720703125 1554052 2285.346435546875 936.776123046875 478428 3419.594970703125 934.1832275390625 328760 2545.048828125 938.3106689453125 -1 3225.102294921875 937.02032470703125 479860 3225.102294921875 937.02032470703125 -1 537.370849609375 940.919921875 -1 2301.85888671875 943.563720703125 1552517 2917.258056640625 943.0721435546875 -1 2917.258056640625 943.0721435546875 -1 2609.681640625 945.0509033203125 1169869 1662.916748046875 948.56536865234375 1552138 1311.45458984375 956.73577880859375 -1 1962.660400390625 958.24530029296875 476979 2658.982421875 958.98138427734375 -1 2411.81689453125 962.693115234375 1361799 2411.81689453125 962.693115234375 -1 1656.6510009765625 964.57940673828125 1365917 1277.2462158203125 967.84735107421875 -1 124.94597625732422 972.78369140625 472042 2224.99462890625 973.7822265625 1360022 2551.4140625 974.7603759765625 -1 3546.974609375 975.8837890625 -1 2493.106201171875 980.5772705078125 472163 3350.94873046875 981.8037109375 496274 2852.73388671875 985.677734375 479865 3195.591796875 986.0753173828125 1552529 1397.1331787109375 987.885498046875 -1 2439.95947265625 993.7247314453125 -1 2884.013916015625 992.41815185546875 479866 3548.322509765625 993.74383544921875 479631 2093.38671875 995.974365234375 334582 1288.3563232421875 996.7646484375 -1 3730.556396484375 997.79840087890625 496273 3730.556396484375 997.79840087890625 476971 977.6507568359375 1006.0482177734375 473470 3150.351318359375 1005.4619750976562 -1 690.403564453125 1010.445556640625 -1 3521.623291015625 1010.67236328125 -1 906.80731201171875 1011.9500732421875 -1 1608.564697265625 1013.4508056640625 514734 3583.949951171875 1019.1327514648438 -1 3583.949951171875 1019.1327514648438 -1 3394.94482421875 1019.5167236328125 478718 291.95529174804688 1028.5760498046875 -1 2865.1484375 1029.394287109375 479644 2898.81787109375 1030.869873046875 -1 2791.765625 1033.5517578125 -1 2791.765625 1033.5517578125 -1 1654.5631103515625 1036.379150390625 1555576 2375.217529296875 1036.0526123046875 -1 3402.66259765625 1039.0428466796875 -1 3402.66259765625 1039.0428466796875 478719 2739.5390625 1040.37451171875 -1 327.955810546875
2026-05-15T21:39:25.199000+00:00 md1shrunk1456-1778880862-3dgs/algo-1-1778880912 1045.337646484375 462355 3191.12548828125 1056.607177734375 -1 1257.50048828125 1058.4658203125 -1 3119.06201171875 1058.97021484375 -1 1871.615478515625 1061.27587890625 -1 1691.714599609375 1063.142578125 1365682 2949.54296875 1062.914306640625 -1 71.056411743164062 1065.2861328125 -1 254.13404846191406 1064.7230224609375 431036 254.13404846191406 1064.7230224609375 -1 3793.4423828125 1065.3497314453125 410966 3991.428466796875 1066.10888671875 -1 3639.30615234375 1067.9271240234375 -1 648.59429931640625 1069.5565185546875 431040 1233.7550048828125 1071.286376953125 -1 1811.842529296875 1069.52978515625 -1 3469.58154296875 1070.8011474609375 -1 712.5479736328125 1076.4541015625 -1 2299.81982421875 1074.5750732421875 -1 2478.7451171875 1075.3704833984375 -1 2478.7451171875 1075.3704833984375 -1 2589.981689453125 1074.6201171875 -1 2589.981689453125 1074.6201171875 -1 197.95919799804688 1078.3372802734375 466545 1174.3792724609375 1079.59326171875 -1 2912.9345703125 1083.13232421875 -1 3850.748046875 1083.732177734375 421143 2197.908447265625 1093.1712646484375 -1 3429.33984375 1094.1295166015625 -1 241.7276611328125 1096.0087890625 -1 241.7276611328125 1096.0087890625 392719 760.68060302734375 1098.850830078125 -1 1688.034912109375 1105.9422607421875 -1 490.63800048828125 1108.3453369140625 477348 464.62521362304688 1113.3546142578125 414412 1382.79296875 1113.9228515625 556701 1586.85498046875 1113.5224609375 -1 2532.7578125 1112.982421875 -1 2765.8330078125 1115.952880859375 -1 2037.93212890625 1121.114990234375 -1 2037.93212890625 1121.114990234375 -1 3654.61376953125 1123.34326171875 421148 3654.61376953125 1123.34326171875 421151 357.25244140625 1127.1900634765625 -1 550.44720458984375 1127.8673095703125 -1 2059.360107421875 1127.54736328125 337759 2518.253173828125 1128.323974609375 -1 453.4149169921875 1131.1258544921875 -1 1371.383056640625 1129.98974609375 392666 1406.668212890625 1130.859130859375 -1 1982.260498046875 1129.6590576171875 -1 1982.260498046875 1129.6590576171875 -1 2307.8837890625 1130.1363525390625 -1 177.83798217773438 1135.623291015625 -1 1842.6748046875 1138.48828125 1554050 2028.3828125 1138.8365478515625 -1 3845.4365234375 1138.746337890625 421155 1090.82958984375 1146.67578125 -1 1162.2738037109375 1145.3084716796875 431045 1985.731689453125 1147.0499267578125 -1 3283.4140625 1152.790283203125 421158 3283.4140625 1152.790283203125 421161 3720.5654296875 1153.574951171875 1551507 3134.9697265625 1154.7301025390625 476995 1867.40380859375 1158.1114501953125 -1 389.79647827148438 1162.923095703125 -1 1334.453857421875 1163.199951171875 418803 3648.36083984375 1163.464111328125 421170 668.3602294921875 1168.786865234375 460708 2147.1787109375 1178.320068359375 -1 2219.06298828125 1179.040283203125 -1 2814.646484375 1179.0555419921875 1365519 1049.2012939453125 1180.334716796875 476600 1731.5343017578125 1179.847900390625 -1 937.83929443359375 1183.3914794921875 -1 2793.591064453125 1183.1690673828125 421173 1204.4794921875 1188.067138671875 508871 1751.3013916015625 1187.5538330078125 337483 2604.2138671875 1188.591796875 -1 1411.950439453125 1199.234130859375 744617 1764.49609375 1198.37353515625 1361045 773.8956298828125 1199.8077392578125 418922 1637.142578125 1201.8717041015625 -1 2029.603271484375 1201.417724609375 -1 2029.603271484375 1201.417724609375 -1 3692.081298828125 1201.5845947265625 1551517 986.7982177734375 1204.7044677734375 -1 1338.6072998046875 1207.4912109375 -1 475.70956420898438 1216.833251953125 -1 656.4537353515625 1217.71044921875 -1 868.9169921875 1215.488525390625 -1 2216.46044921875 1216.5118408203125 -1 2434.799560546875 1214.7008056640625 -1 1467.6097412109375 1221.561767578125 509092 2794.572265625 1220.1932373046875 -1 2826.09619140625 1219.6082763671875 421182 3607.13330078125 1219.939697265625 554608 407.06353759765625 1228.57275390625 734881 1443.6915283203125 1228.6329345703125 -1 3301.39208984375 1227.6837158203125 421189 1123.4608154296875 1229.997802734375 -1 1407.4482421875 1231.5777587890625 -1 1656.37890625 1231.852294921875 -1 3594.43896484375 1232.2362060546875 421193 838.2620849609375 1235.192626953125 -1 3255.37109375 1235.26513671875 1551524 358.00238037109375 1238.9476318359375 779436 1333.377685546875 1237.3619384765625 -1 1333.377685546875 1237.3619384765625 744707 2259.371337890625 1237.710205078125 513177 2259.371337890625 1237.710205078125 -1 3613.93505859375 1236.9013671875 421199 3613.93505859375 1236.9013671875 481843 2810.3984375 1240.847900390625 421204 1427.0517578125 1242.0623779296875 -1 2034.4410400390625 1242.902587890625 423980 1246.7103271484375 1244.85546875 -1 795.94940185546875 1253.8480224609375 -1 836.029541015625 1252.375732421875 -1 1329.3564453125 1256.62451171875 -1 1329.3564453125 1256.62451171875 -1 2069.549560546875 1256.0623779296875 -1 2334.22314453125 1254.323486328125 -1 2443.970458984375 1256.846435546875 -1 3331.605224609375 1255.37548828125 334012 3331.605224609375 1255.37548828125 477902 1140.5361328125 1257.9930419921875 -1 1140.5361328125 1257.9930419921875 -1 2017.77587890625 1259.04541015625 -1 2115.526611328125 1256.8890380859375 -1 3206.108154296875 1258.0894775390625 497916 515.796142578125 1270.778564453125 -1 515.796142578125 1270.778564453125 783823 3064.8818359375 1269.80419921875 378356 2551.525390625 1274.4757080078125 417825 1792.904541015625 1278.0296630859375 417831 3450.961669921875 1278.28515625 421209 3450.961669921875 1278.28515625 421212 614.3402099609375 1280.814453125 476602 1525.5889892578125 1281.0673828125 -1 1525.5889892578125 1281.0673828125 -1 2368.174072265625 1280.70458984375 418141 2877.1806640625 1280.5869140625 421215 1688.666015625 1282.2088623046875 477005 3013.741455078125 1289.452392578125 478824 2419.0439453125 1290.90283203125 1551525 2031.3353271484375 1301.625244140625 1551526 3130.47021484375 1300.26953125 451723 3263.089599609375 1301.960205078125 583439 606.768310546875 1306.20068359375 473798 944.762451171875 1309.732666015625 -1 944.762451171875 1309.732666015625 -1 2394.499755859375 1310.0233154296875 1551527 168.79295349121094 1313.8095703125 466921 1356.0260009765625 1314.2064208984375 -1 765.5155029296875 1315.78271484375 -1 2364.787841796875 1314.6021728515625 1363465 1026.0047607421875 1316.930908203125 431974 2038.4755859375 1318.8359375 421224 2038.4755859375 1318.8359375 -1 1111.2852783203125 1320.8099365234375 -1 1229.5592041015625 1321.58984375 431976 1305.9337158203125 1320.396484375 476635 1305.9337158203125 1320.396484375 -1 1794.3447265625 1322.535400390625 1551528 611.671630859375 1325.298828125 431048 638.205810546875 1325.0947265625 -1 84.748832702636719 1328.705810546875 466920 3004.316162109375 1331.098876953125 -1 2315.002197265625 1333.32666015625 -1 1098.1173095703125 1336.2620849609375 -1 1180.9169921875 1335.260009765625 -1 1180.9169921875 1335.260009765625 431979 1277.3529052734375 1343.2366943359375 -1 1735.8291015625 1342.657958984375 1551529 91.475135803222656 1344.87060546875 431769 3151.3857421875 1345.56689453125 490014 1108.8157958984375 1356.67578125 -1 1108.8157958984375 1356.67578125 -1 2799.470458984375 1357.74853515625 421229 2753.883056640625 1361.5574951171875 328740 534.3870849609375 1362.797119140625 -1 1831.701171875 1362.1405029296875 418159 1831.701171875 1362.1405029296875 421232 1639.9468994140625 1364.0599365234375 417856 1792.266845703125 1367.368896484375 1551531 2827.64306640625 1367.833740234375 332834 1062.8675537109375 1369.337646484375 -1 3071.05078125 1371.7828369140625 477002 3071.05078125 1371.7828369140625 1349234 2159.089599609375 1378.2025146484375 406525 2460.16455078125 1377.21923828125 1555547 1473.9073486328125 1380.5089111328125 -1 2953.630615234375 1381.92041015625 415469 1254.1099853515625 1389.6754150390625 337782 3286.751708984375 1391.294921875 451726 3263.331298828125 1392.504150390625 417864 473.23287963867188 1395.818115234375 466738 3079.804931640625 1396.294677734375 421237 150.75331115722656 1400.44580078125 466778 2274.031494140625 1401.0484619140625 417870 1836.2628173828125 1404.017333984375 1555616 1420.284912109375 1405.48828125 392618 1578.718017578125 1404.060302734375 417883 3959.654541015625 1406.67041015625 1363472 320.81234741210938 1409.6629638671875 473810 445.2601318359375 1409.10791015625 452175 445.2601318359375 1409.10791015625 473795 344.29550170898438 1412.8245849609375 466758 3881.50830078125 1413.36083984375 -1 3164.079345703125 1416.701416015625 399365 300.93206787109375 1418.2164306640625 473847 793.9053955078125 1420.4803466796875 476605 1843.3411865234375 1421.4488525390625 455446 34.111827850341797 1426.35205078125 1362568 839.453125 1425.3375244140625 413856 1098.078369140625 1426.72216796875 -1 1520.38134765625 1424.924560546875 399347 3234.709228515625 1426.46240234375 417879 1493.1065673828125 1427.2694091796875 337480 1047.8563232421875 1435.4461669921875 -1 1247.31787109375 1435.2386474609375 -1 1333.7147216796875 1434.6002197265625 509142 1116.760498046875 1440.483154296875 418184 1570.714111328125 1440.078369140625 -1 2908.958740234375 1441.17919921875 417888 2685.8642578125 1443.9708251953125 446020 1157.59326171875 1446.1866455078125 -1 1496.8841552734375 1444.9462890625 -1 1010.4863891601562 1447.80419921875 785078 196.46318054199219 1452.131103515625 -1 698.7808837890625 1450.189208984375 406487 2743.20556640625 1453.6630859375 337479 3317.514892578125 1453.1776123046875 506341 1977.27978515625 1455.125 455447 3119.27783203125 1455.5556640625 417894 1852.987060546875 1460.1453857421875 1551534 230.82769775390625 1466.6004638671875 466766 1663.296875 1465.6763916015625 -1 121.17529296875 1472.122314453125 466763 3181.72119140625 1473.1513671875 417905 3181.72119140625 1473.1513671875 455098 955.7159423828125 1477.516845703125 -1 955.7159423828125 1477.516845703125 785085 2620.575927734375 1478.83642578125 417914 935.5635986328125 1480.4931640625 -1 2664.669189453125 1483.2056884765625 472414 2664.669189453125 1483.2056884765625 472415 3673.5615234375 1488.124755859375 1159919 146.23545837402344 1491.162353515625 473793 2750.5595703125 1490.3892822265625 1159920 103.89228820800781 1493.8524169921875 -1 1784.636474609375 1492.711669921875 417374 2234.43359375 1497.056640625 477125 2608.4375 1495.5462646484375 399313 2782.5703125 1495.1075439453125 462199 2946.044921875 1495.2025146484375 1361783 3873.7275390625 1495.35498046875 -1 3939.480224609375 1495.5755615234375 451550 3939.480224609375 1495.5755615234375 -1 708.4647216796875 1503.162841796875 431057 1035.9398193359375 1502.52978515625 -1 1760.2935791015625 1505.80224609375 455449 482.34417724609375 1508.068603515625 493371 1699.2650146484375 1510.968505859375 417931 775.808349609375 1516.693603515625 431986 623.64019775390625 1522.715576171875 -1 3655.15771484375 1523.8365478515625 -1 3492.4658203125 1526.4906005859375 -1 838.39019775390625 1530.3558349609375 -1 968.7904052734375 1531.2879638671875 1362924 1418.1239013671875 1529.9683837890625 -1 2911.6171875 1529.55078125 -1 160.44395446777344 1532.89697265625 479131 571.09271240234375 1532.7088623046875 421245 1504.435791015625 1534.114501953125 417934 1504.435791015625 1534.114501953125 417937 920.350830078125 1534.70556640625 -1 920.350830078125 1534.70556640625 -1 803.54278564453125 1541.41796875 -1 1008.4327392578125 1543.3619384765625 431067 566.79132080078125 1549.6617431640625 1174197 1394.006591796875 1550.72265625 337476 1394.006591796875 1550.72265625 421248 2270.9794921875 1553.564697265625 -1 3288.74755859375 1555.85400390625 -1 1583.580078125 1557.40380859375 -1 2075.257080078125 1560.06103515625 399288 2371.82666015625 1563.3946533203125 417943 2494.67041015625 1564.1746826171875 477059 2106.35400390625 1565.7265625 446105 2707.25341796875 1566.5137939453125 418228 2707.25341796875 1566.5137939453125 421251 273.90545654296875 1567.0989990234375 466818 3912.832275390625 1569.660888671875 -1 3912.832275390625 1569.660888671875 -1 1799.5712890625 1578.4576416015625 -1 3121.8544921875 1582.1697998046875 -1 3957.966064453125 1584.04345703125 -1 1286.676025390625 1585.5242919921875 421257 3833.30615234375 1585.420654296875 337183 3016.31494140625 1592.9193115234375 -1 3137.84765625 1593.2822265625 421260 3137.84765625 1593.2822265625 421263 3676.161865234375 1596.3037109375 423983 2902.14013671875 1598.3209228515625 399262 2959.89501953125 1603.282958984375 -1 3862.777099609375 1606.1090087890625 413018 1707.648681640625 1607.7977294921875 337475 1309.64697265625 1611.434326171875 421545 3805.984375 1617.3447265625 451583 2029.9425048828125 1619.9073486328125 445942 2290.06640625 1619.87890625 417953 2290.06640625 1619.87890625 477061 709.13214111328125 1628.038818359375 392609 3718.70751953125 1630.815185546875 337157 231.37489318847656 1633.6512451171875 -1 1780.7435302734375 1636.6435546875 -1 2790.465087890625 1635.6939697265625 421266 3641.623046875 1636.6229248046875 -1 3641.623046875 1636.6229248046875 450461 3788.947509765625 1634.486083984375 451306 1758.5474853515625 1637.828369140625 399247 419.9287109375 1640.108642578125 477354 1925.499755859375 1641.39794921875 337473 1925.499755859375 1641.39794921875 477096 2392.19677734375 1646.894287109375 337217 2983.66064453125 1644.7852783203125 -1 518.8779296875 1647.6978759765625 472249 518.8779296875 1647.6978759765625 472440 3723.1171875 1649.186767578125 1159924 1866.13232421875 1650.077880859375 -1 2665.122314453125 1649.4810791015625 1160437 2665.122314453125 1649.4810791015625 -1 3795.423583984375 1650.604736328125 -1 23.38361930847168 1653.0596923828125 425000 3181.576171875 1652.414794921875 -1 3409.48779296875 1657.89794921875 450640 437.0797119140625 1661.216796875 -1 471.46441650390625 1660.882080078125 565847 2677.35986328125 1664.616455078125 -1 1894.6275634765625 1669.5380859375 417956 2033.2725830078125 1670.942626953125 -1 222.95651245117188 1672.821533203125 466812 3873.952880859375 1673.6285400390625 -1 64.967720031738281 1675.3663330078125 582922 2729.91552734375 1676.5650634765625 421271 3538.08154296875 1677.1778564453125 -1 3538.08154296875 1677.1778564453125 -1 2881.6640625 1679.5225830078125 -1 3977.309814453125 1681.1610107421875 -1 1256.76171875 1681.84326171875 492924 2441.9384765625 1689.6455078125 391520 3494.857421875 1692.4864501953125 450643 15.882378578186035 1695.39111328125 1362516 324.80679321289062 1695.17578125 339496 296.908203125 1702.765625 430914 2782.155517578125 1703.6583251953125 421276 2782.155517578125 1703.6583251953125 -1 186.58921813964844 1705.727783203125 466806 531.83154296875 1704.224365234375 466808 2367.917724609375 1705.9681396484375 414568 3099.4931640625 1704.72802734375 421282 225.610595703125 1709.742431640625 -1 1523.83984375 1710.890869140625 480282 2708.5439453125 1709.0576171875 421286 154.09211730957031 1713.100341796875 -1 1552.0693359375 1711.09423828125 476448 1936.48388671875 1712.01904296875 479235 1936.48388671875 1712.01904296875 1363479 2406.854248046875 1713.29833984375 391515 2289.21240234375 1714.8216552734375 -1 1414.96484375 1717.4598388671875 421289 2684.635986328125 1719.4097900390625 421292 2055.287841796875 1723.324951171875 451922 2107.3115234375 1724.34326171875 391525 2548.688720703125 1721.50732421875 -1 2548.688720703125 1721.50732421875 -1 2843.18701171875 1728.0657958984375 -1 3442.384765625 1729.3426513671875 451311 3442.384765625 1729.3426513671875 451312 2668.213134765625 1734.8076171875 391498 2539.877685546875 1739.012451171875 -1 2539.877685546875 1739.012451171875 421298 3562.175537109375 1737.063232421875 424003 2448.68603515625 1739.9195556640625 -1 2448.68603515625 1739.9195556640625 -1 2647.33056640625 1741.362060546875 -1 2423.380859375 1744.468994140625 -1 2523.66357421875 1746.8397216796875 391766 987.7188720703125 1752.8321533203125 479212 1412.41357421875 1752.576171875 417980 1412.41357421875 1752.576171875 409627 1602.296142578125 1753.748291015625 472455 1809.9989013671875 1752.495849609375 472827 1874.88525390625 1756.792236328125 -1 3515.36962890625 1756.614013671875 -1 170.72434997558594 1760 466804 2590.106201171875 1761.3909912109375 -1 2616.844482421875 1760.9942626953125 -1 1177.824462890625 1763.802001953125 509104 614.87335205078125 1767.931640625 431800 2820.21630859375 1767.19873046875 -1 2220.840087890625 1772.623291015625 -1 2127.40869140625 1775.9144287109375 332828 3693.296142578125 1775.8311767578125 -1 199
2026-05-15T21:39:25.199000+00:00 md1shrunk1456-1778880862-3dgs/algo-1-1778880912 9.677978515625 1780.981201171875 -1 1538.181396484375 1781.811767578125 480295 2473.63720703125 1788.5438232421875 -1 2500.480712890625 1787.177001953125 391471 1408.5321044921875 1794.4505615234375 -1 3699.705810546875 1792.9661865234375 337213 874.4691162109375 1793.4498291015625 -1 2446.259521484375 1795.6015625 -1 3900.787109375 1796.12109375 450647 3900.787109375 1796.12109375 449015 2247.031982421875 1801.69091796875 -1 1861.2509765625 1802.99267578125 472850 461.83474731445312 1807.3232421875 466896 461.83474731445312 1807.3232421875 -1 862.6162109375 1807.943115234375 392574 1077.9827880859375 1811.39599609375 607687 3705.442138671875 1810.458740234375 -1 3798.9365234375 1810.5482177734375 451585 3798.9365234375 1810.5482177734375 -1 3732.345703125 1813.557861328125 451586 792.9375 1814.585205078125 472477 792.9375 1814.585205078125 431069 936.1524658203125 1816.3355712890625 479214 143.29647827148438 1818.5435791015625 414591 715.12213134765625 1817.10009765625 -1 715.12213134765625 1817.10009765625 466856 1920.6422119140625 1820.1800537109375 421307 3076.09130859375 1819.22998046875 421310 994.84552001953125 1819.974365234375 492906 994.84552001953125 1819.974365234375 476442 3637.822509765625 1821.457275390625 -1 65.133903503417969 1821.8970947265625 337469 331.07040405273438 1825.8551025390625 466798 702.1761474609375 1831.016357421875 466864 3675.103759765625 1829.4141845703125 -1 1006.8255615234375 1832.8614501953125 472282 3540.92236328125 1835.98291015625 -1 764.60626220703125 1840.938720703125 472279 3827.95947265625 1839.822509765625 -1 250.80886840820312 1843.7391357421875 466802 250.80886840820312 1843.7391357421875 466800 2490.951904296875 1842.7769775390625 -1 2112.587890625 1845.627197265625 406243 3574.1630859375 1846.184814453125 421318 3574.1630859375 1846.184814453125 451320 834.56671142578125 1847.2589111328125 472280 1389.978759765625 1851.956298828125 -1 2225.169921875 1852.8033447265625 479153 2337.7607421875 1855.15185546875 -1 3463.2578125 1854.104736328125 421321 241.88302612304688 1860.8995361328125 421324 1683.90087890625 1861.73583984375 452181 2129.83740234375 1861.6712646484375 -1 773.6563720703125 1866.319091796875 -1 1810.752197265625 1865.5189208984375 479487 3259.641357421875 1867.72021484375 -1 1740.9808349609375 1869.8211669921875 -1 3847.87060546875 1872.684814453125 -1 3847.87060546875 1872.684814453125 -1 44.751296997070312 1881.825439453125 425046 1438.641845703125 1879.4163818359375 479152 1596.849365234375 1890.086181640625 418852 1664.04296875 1890.4775390625 1363491 1664.04296875 1890.4775390625 -1 2297.21337890625 1891.2584228515625 -1 3501.053466796875 1890.680908203125 1363492 3501.053466796875 1890.680908203125 1159926 2111.580322265625 1893.762939453125 -1 2522.089599609375 1894.19580078125 472419 2542.400634765625 1893.9080810546875 472246 639.843505859375 1896.4598388671875 -1 639.843505859375 1896.4598388671875 -1 3805.89404296875 1898.635498046875 -1 2053.42041015625 1899.3212890625 391718 1031.0252685546875 1905.7496337890625 479210 2420.477294921875 1908.9398193359375 402382 3739.474609375 1907.9425048828125 -1 1420.305419921875 1910.717041015625 -1 937.247314453125 1917.0472412109375 472284 1707.1246337890625 1918.6265869140625 400104 1756.425537109375 1917.9365234375 407631 1756.425537109375 1917.9365234375 -1 2263.3291015625 1918.13134765625 -1 3023.088134765625 1917.965576171875 -1 2090.69189453125 1932.3450927734375 -1 2905.431884765625 1934.324951171875 421344 3830.37939453125 1936.3123779296875 337206 189.89671325683594 1938.3885498046875 392994 1991.875 1939.934814453125 399175 1991.875 1939.934814453125 479147 3886.00634765625 1941.298828125 -1 70.055412292480469 1945.8355712890625 431802 1972.7764892578125 1944.958251953125 391677 2675.37353515625 1948.453857421875 -1 2675.37353515625 1948.453857421875 -1 3528.149658203125 1947.96435546875 -1 2413.91162109375 1954.3470458984375 -1 924.036376953125 1955.1669921875 472285 1173.6722412109375 1955.4119873046875 455450 1450.209716796875 1958.0316162109375 1360221 3760.52587890625 1958.5858154296875 -1 3504.24072265625 1961.004150390625 337204 1882.08203125 1963.347900390625 391667 2685.39501953125 1963.10791015625 -1 1385.3916015625 1964.071533203125 -1 2311.49462890625 1965.6544189453125 403532 793.2877197265625 1967.7032470703125 1362938 1949.206298828125 1966.8092041015625 391652 3843.175048828125 1968.5499267578125 -1 3843.175048828125 1968.5499267578125 -1 3456.037109375 1971.2828369140625 -1 1051.525634765625 1973.0732421875 -1 2797.356201171875 1972.3656005859375 455101 2797.356201171875 1972.3656005859375 451611 1906.948486328125 1978.9405517578125 391645 2641.3330078125 1981.5081787109375 -1 1851.7188720703125 1985.79150390625 -1 2683.19970703125 1986.08544921875 -1 3992.692626953125 1986.6314697265625 -1 309.02316284179688 1991.72802734375 392544 924.6920166015625 1991.3031005859375 479116 3845.885986328125 1988.87744140625 1364058 2243.10791015625 1993.302734375 -1 2805.19677734375 1991.843505859375 450545 1090.373291015625 1998.857666015625 421361 2630.3857421875 1998.2139892578125 -1 2730.490478515625 1998.735595703125 455811 2730.490478515625 1998.735595703125 455801 1606.9415283203125 2000.7554931640625 -1 2015.01171875 1999.8646240234375 -1 2415.0703125 1999.767822265625 -1 1686.7242431640625 2004.1986083984375 1363503 1752.5745849609375 2004.202392578125 407743 2653.3046875 2001.4361572265625 -1 2653.3046875 2001.4361572265625 -1 709.38568115234375 2005.466552734375 -1 131.89654541015625 2007.346923828125 392540 2608.87109375 2008.2593994140625 455723 3689.84423828125 2009.3682861328125 -1 3689.84423828125 2009.3682861328125 -1 1829.0611572265625 2011.126220703125 -1 1829.0611572265625 2011.126220703125 -1 3894.968505859375 2009.992919921875 451536 2734.39990234375 2016.2230224609375 -1 3776.82958984375 2015.065673828125 451571 3776.82958984375 2015.065673828125 -1 1936.394775390625 2021.005615234375 399129 1672.654052734375 2023.470703125 -1 1672.654052734375 2023.470703125 472845 705.105224609375 2025.5096435546875 408151 705.105224609375 2025.5096435546875 -1 3456.61181640625 2024.36279296875 451340 3456.61181640625 2024.36279296875 421374 1650.290283203125 2030.849609375 -1 3660.88134765625 2030.1475830078125 -1 1811.24658203125 2033.639404296875 391628 1811.24658203125 2033.639404296875 409677 3293.967041015625 2032.673095703125 -1 3591.7734375 2035.317626953125 448703 1985.7412109375 2038.1142578125 -1 1395.0787353515625 2040.5848388671875 472245 3095.9921875 2039.63720703125 -1 3095.9921875 2039.63720703125 450538 859.33935546875 2043.2286376953125 424078 859.33935546875 2043.2286376953125 337149 1135.9119873046875 2043.5755615234375 -1 1498.9439697265625 2045.8258056640625 -1 1101.3277587890625 2047.683349609375 418296 1101.3277587890625 2047.683349609375 337452 2067.9990234375 2046.953857421875 -1 3585.7119140625 2055.19189453125 -1 1175.154296875 2057.55517578125 1363516 3656.67431640625 2061.521484375 -1 3225.1162109375 2065.301513671875 448228 965.09033203125 2067.109130859375 431008 3031.13720703125 2068.578125 455809 3031.13720703125 2068.578125 455807 812.12353515625 2072.34521484375 432010 1076.037353515625 2074.027099609375 418825 1778.1279296875 2073.27392578125 -1 761.886962890625 2075.07958984375 337794 865.89044189453125 2074.720703125 392519 3162.77978515625 2078.15771484375 -1 3162.77978515625 2078.15771484375 -1 2318.984619140625 2079.8095703125 -1 1997.6292724609375 2082.71337890625 -1 1997.6292724609375 2082.71337890625 418012 2909.20751953125 2085.842529296875 -1 2909.20751953125 2085.842529296875 -1 372.7435302734375 2087.456298828125 392940 372.7435302734375 2087.456298828125 1360180 954.12353515625 2087.1943359375 406076 1697.84375 2088.390625 -1 3312.15771484375 2087.869384765625 -1 1115.224365234375 2093.450439453125 391688 36.213260650634766 2096.70458984375 1360176 3395.41259765625 2095.976806640625 451347 3950.936279296875 2094.952392578125 -1 201.11135864257812 2099.79345703125 337487 2360.37353515625 2107.794921875 -1 2011.065185546875 2112.532470703125 -1 2784.624267578125 2121.44970703125 -1 2823.6171875 2119.8349609375 450711 327.97357177734375 2122.31103515625 421410 906.0186767578125 2123.384033203125 -1 2670.885009765625 2122.880859375 421413 2895.031982421875 2123.46435546875 421417 2895.031982421875 2123.46435546875 455779 3318.893798828125 2123.603759765625 421422 3318.893798828125 2123.603759765625 421426 3712.83251953125 2122.65625 455813 3753.692626953125 2122.582275390625 451594 2625.28173828125 2130.228515625 -1 2625.28173828125 2130.228515625 421432 550.1517333984375 2133.99609375 418035 925.77728271484375 2135.9599609375 -1 925.77728271484375 2135.9599609375 418032 2450.930419921875 2135.24560546875 -1 2450.930419921875 2135.24560546875 455776 2755.335693359375 2139.951904296875 1159929 2675.947265625 2142.294677734375 -1 3031.50439453125 2147.107421875 450702 3031.50439453125 2147.107421875 472347 3276.40869140625 2147.801025390625 472833 3944.604736328125 2146.54833984375 451592 1238.1614990234375 2153.734375 -1 1877.013427734375 2154.18408203125 -1 1877.013427734375 2154.18408203125 -1 1955.1307373046875 2152.693359375 -1 3170.704345703125 2152.53369140625 421454 992.84149169921875 2155.771728515625 -1 1610.98291015625 2156.14111328125 -1 1322.623779296875 2156.99658203125 -1 3801.63623046875 2156.486328125 -1 49.456134796142578 2160.7978515625 -1 1344.02294921875 2162.26416015625 -1 1832.928466796875 2166.23095703125 -1 1832.928466796875 2166.23095703125 -1 3899.83984375 2164.419189453125 337197 3899.83984375 2164.419189453125 -1 2608.51904296875 2172.18017578125 -1 3516.06640625 2173.268798828125 -1 1991.1522216796875 2175.363525390625 -1 1706.61865234375 2177.6240234375 418334 973.693115234375 2180.159423828125 -1 3255.614013671875 2180.146728515625 448240 3709.606689453125 2182.265380859375 -1 1083.302734375 2182.719482421875 418337 3885.08740234375 2182.705322265625 -1 1568.2421875 2184.822021484375 -1 944.689208984375 2187.37548828125 421461 2229.953125 2190.154052734375 -1 1602.51025390625 2192.849365234375 -1 1700.539794921875 2192.842041015625 -1 355.62457275390625 2196.9609375 431828 1067.9273681640625 2199.065185546875 391623 1067.9273681640625 2199.065185546875 418346 1353.11474609375 2199.04296875 -1 1353.11474609375 2199.04296875 -1 3320.185791015625 2199.894287109375 448239 689.28216552734375 2204.023193359375 392906 689.28216552734375 2204.023193359375 392902 1934.0491943359375 2204.55126953125 -1 2813.78955078125 2205.2578125 421477 2813.78955078125 2205.2578125 421481 3181.408935546875 2206.860107421875 -1 3264.546875 2207.940673828125 451359 630.3837890625 2211.395751953125 337463 1969.20751953125 2209.6630859375 -1 1221.8919677734375 2211.89794921875 -1 3651.16259765625 2214.36474609375 449293 2453.35302734375 2216.25146484375 -1 2453.35302734375 2216.25146484375 -1 2796.8056640625 2216.279541015625 -1 2796.8056640625 2216.279541015625 472340 3198.603759765625 2216.223388671875 472338 2143.5166015625 2217.18896484375 -1 1576.9215087890625 2221.454833984375 -1 1576.9215087890625 2221.454833984375 -1 1332.526611328125 2224.17626953125 -1 1332.526611328125 2224.17626953125 -1 2045.0750732421875 2225.239501953125 -1 1062.1942138671875 2229.511962890625 -1 1218.5992431640625 2231.0966796875 -1 1117.8121337890625 2233.74365234375 -1 2764.94140625 2233.665283203125 -1 2784.235595703125 2233.701171875 493052 2784.235595703125 2233.701171875 493113 513.8680419921875 2236.05029296875 -1 706.65625 2236.804443359375 -1 2342.18115234375 2236.534423828125 -1 2693.0146484375 2235.876953125 -1 2395.261962890625 26.154365539550781 -1 231.24951171875 133.47618103027344 -1 750.38031005859375 134.66453552246094 -1 963.5882568359375 138.32369995117188 -1 1192.196533203125 143.39642333984375 -1 1192.196533203125 143.39642333984375 -1 1380.5469970703125 149.90518188476562 -1 83.31414794921875 154.29403686523438 -1 1066.2021484375 154.58407592773438 -1 1066.2021484375 154.58407592773438 -1 1420.3685302734375 160.15765380859375 -1 1745.55126953125 168.32826232910156 -1 2376.352783203125 174.44638061523438 -1 3737.275390625 186.33201599121094 -1 860.31097412109375 188.65045166015625 -1 3704.083984375 191.49612426757812 -1 3583.7099609375 198.84695434570312 -1 1081.2156982421875 202.26043701171875 -1 1690.091064453125 209.44009399414062 -1 969.517822265625 213.0535888671875 -1 1066.469482421875 212.84156799316406 -1 2704.38818359375 216.88859558105469 -1 1423.17333984375 225.63429260253906 -1 590.291748046875 228.17196655273438 1165974 2136.0732421875 227.50465393066406 -1 1959.951904296875 232.03056335449219 1169307 966.68084716796875 235.05235290527344 -1 1725.635498046875 234.86054992675781 -1 1725.635498046875 234.86054992675781 -1 1186.625244140625 246.79838562011719 -1 2337.98388671875 245.26889038085938 -1 138.04946899414062 250.90568542480469 -1 792.79266357421875 249.87496948242188 -1 1493.0244140625 254.41326904296875 1361825 1493.0244140625 254.41326904296875 1361826 38.836189270019531 257.28244018554688 -1 2694.77490234375 259.39773559570312 -1 2694.77490234375 259.39773559570312 -1 675.46575927734375 263.45053100585938 1555491 1001.5365600585938 262.67459106445312 -1 1962.6951904296875 269.20071411132812 1169310 2654.9296875 270.56494140625 -1 346.87698364257812 275.70053100585938 -1 346.87698364257812 275.70053100585938 -1 1258.7767333984375 275.94235229492188 -1 2370.06396484375 275.19638061523438 -1 3014.794677734375 275.4498291015625 -1 44.597320556640625 284.034912109375 -1 2687.075439453125 283.49972534179688 -1 1461.227783203125 285.05352783203125 -1 117.65057373046875 289.20938110351562 -1 3071.978759765625 290.31744384765625 -1 1976.0185546875 301.52767944335938 1555489 2561.694091796875 300.88497924804688 -1 477.83837890625 307.65240478515625 -1 477.83837890625 307.65240478515625 -1 2109.378662109375 309.41830444335938 -1 1785.6533203125 326.85330200195312 1361820 1935.8758544921875 329.00222778320312 1169236 2652.79345703125 335.46035766601562 -1 2401.02197265625 340.03158569335938 -1 1961.3291015625 343.4444580078125 1168593 1961.3291015625 343.4444580078125 1168592 1037.176025390625 345.42599487304688 -1 1665.8897705078125 345.68759155273438 1361828 3504.81103515625 347.2933349609375 -1 3330.97021484375 351.04669189453125 -1 1770.123291015625 365.31826782226562 -1 3426.55810546875 365.64483642578125 -1 3654.8984375 367.88027954101562 -1 1283.2081298828125 369.70278930664062 -1 3723.9619140625 377.79537963867188 -1 3454.434814453125 387.20172119140625 -1 2086.139892578125 388.75259399414062 -1 3304.5361328125 392.71334838867188 -1 3304.5361328125 392.71334838867188 -1 42.815162658691406 399.99908447265625 -1 3463.64501953125 408.22689819335938 -1 3861.545166015625 408.53939819335938 -1 2317.419677734375 439.27993774414062 1359162 2292.309326171875 439.73385620117188 1168595 2359.749755859375 440.78790283203125 -1 2437.209716796875 450.24676513671875 1354773 2437.209716796875 450.24676513671875 1354774 2489.22314453125 487.05050659179688 334601 2846.789794921875 490.7236328125 -1 2846.789794921875 490.7236328125 -1 367.95071411132812 509.84912109375 -1 1318.39501953125 512.6904296875 -1 2481.72509765625 511.60519409179688 334259 2462.08056640625 516.11456298828125 334600 1204.529541015625 519.01971435546875 -1 1204.529541015625 519.01971435546875 -1 2583.01953125 521.37445068359375 334598 2543.28564453125 526.43267822265625 -1 2543.28564453125 526.43267822265625 334586 843.4439697265625 527.7642822265625 -1 514.53564453125 531.7652587890625 -1 1768.17333984375 540.85223388671875 -1 1768.17333984375 540.85223388671875 -1 2886.330810546875 545.4576416015625 334257 2886.330810546875 545.4576416015625 334256 1318.6309814453125 550.58709716796875 -1 699.31951904296875 553.9075927734375 -1 818.904296875 552.827880859375 -1 3883.543701171875 552.47528076171875 481421 1395.39111328125 568.35980224609375 -1 122.4732666015625 577.47113037109375 -1 812.039794921875 581.25054931640625 -1 812.039794921875 581.25054931640625 -1 374.99554443359375 586.9169921875 -1 1647.951416015625 596.09332275390625 -1 387.83880615234375 608.42608642578125 477358 3406.7783203125 619.55120849609375 -1 2738.595703125 626.4217529296875 334043 2738.595703125 626.4217529296875 334044 555.940673828125 628.75634765625 -1 2413.951171875 636.3538818359375 -1 3519.6884765625 649.1829833984375 1177551
2026-05-15T21:39:25.200000+00:00 md1shrunk1456-1778880862-3dgs/algo-1-1778880912 104.88510131835938 656.38787841796875 462422 2199.072509765625 657.746337890625 334596 3233.5322265625 675.19482421875 1348918 1541.009765625 690.88690185546875 -1 3507.08154296875 694.8077392578125 481586 984.27130126953125 726.0885009765625 477628 2981.662353515625 734.932373046875 481595 11.805181503295898 739.51568603515625 -1 1159.2845458984375 740.0296630859375 -1 3142.373046875 745.51507568359375 334253 3768.943115234375 745.124267578125 481426 1847.3046875 752.638427734375 -1 1847.3046875 752.638427734375 -1 1229.5489501953125 766.1998291015625 1359871 2436.247802734375 768.30206298828125 -1 3708.43408203125 771.59942626953125 481592 3708.43408203125 771.59942626953125 481593 3503.4609375 773.1138916015625 -1 3618.70849609375 776.4739990234375 -1 1624.5811767578125 785.10284423828125 477619 3275.083984375 795.67388916015625 1169260 3713.38671875 795.25048828125 496270 2067.00537109375 799.46868896484375 477031 2067.00537109375 799.46868896484375 477032 3648.3603515625 807.1185302734375 328745 3648.3603515625 807.1185302734375 1166769 1849.1083984375 810.198974609375 477036 3325.998779296875 820.8453369140625 496367 3408.47412109375 827.54205322265625 1349102 3408.47412109375 827.54205322265625 -1 1444.5799560546875 830.99908447265625 477622 1444.5799560546875 830.99908447265625 477623 867.2408447265625 836.224365234375 418092 2191.3193359375 835.39923095703125 1169324 3274.21630859375 834.7293701171875 481602 3765.62353515625 836.2529296875 331480 1167.9755859375 838.222412109375 418089 3609.689697265625 843.86163330078125 1348916 2193.549560546875 857.1190185546875 -1 2646.551513671875 862.7899169921875 1354775 3151.907958984375 864.474365234375 481607 3254.395751953125 862.270263671875 481442 3629.853515625 863.820556640625 334150 685.1451416015625 868.3297119140625 476614 3319.75146484375 870.5909423828125 480031 1622.0985107421875 872.5050048828125 1554031 984.3065185546875 876.5611572265625 -1 984.3065185546875 876.5611572265625 -1 450.1566162109375 879.10516357421875 -1 1790.8582763671875 878.27685546875 477770 3272.50439453125 878.43682861328125 496369 1753.921142578125 881.43072509765625 -1 3924.459228515625 883.5421142578125 1172435 3115.242919921875 887.7681884765625 1354707 1692.328125 889.7554931640625 -1 3299.421875 889.50494384765625 479856 3325.224609375 891.65228271484375 1349101 34.076950073242188 905.796142578125 733049 2516.802001953125 909.5662841796875 1169327 1175.5 913.0535888671875 -1 1175.5 913.0535888671875 418115 2356.904296875 915.2080078125 -1 2274.031494140625 920.6575927734375 478518 2748.991455078125 926.93450927734375 -1 208.43017578125 933.72320556640625 -1 584.85137939453125 940.1376953125 -1 2994.6123046875 975.1590576171875 480038 1919.2100830078125 981.95855712890625 1365838 2905.805908203125 983.12750244140625 -1 2336.994873046875 987.8408203125 -1 3906.661376953125 993.02490234375 -1 1751.4482421875 1005.6082763671875 1555589 3331.903076171875 1006.7772216796875 -1 555.8157958984375 1011.4249267578125 466918 3749.10107421875 1011.5465698242188 1554062 1833.5455322265625 1022.4124755859375 1365922 2138.9521484375 1023.6129760742188 477070 322.9599609375 1024.5966796875 337461 386.52346801757812 1026.4222412109375 -1 2351.00537109375 1032.72998046875 478893 84.453109741210938 1037.02294921875 -1 3590.653076171875 1040.7835693359375 478822 495.08865356445312 1043.6947021484375 -1 3676.84375 1043.9573974609375 1349075 3350.85595703125 1049.0029296875 478823 3350.85595703125 1049.0029296875 -1 1952.3114013671875 1050.476806640625 477052 1387.03515625 1054.7154541015625 788328 1320.6365966796875 1055.7294921875 -1 1320.6365966796875 1055.7294921875 418118 1634.985595703125 1061.5772705078125 1365699 1634.985595703125 1061.5772705078125 -1 3578.09130859375 1068.87890625 497907 2999.56884765625 1071.316162109375 -1 2215.59521484375 1080.28955078125 477053 1685.8648681640625 1084.218994140625 1365701 1685.8648681640625 1084.218994140625 1365700 2736.24609375 1085.98974609375 -1 2736.24609375 1085.98974609375 479655 912.58416748046875 1086.85986328125 1361029 1617.718994140625 1092.5361328125 1365702 2371.889892578125 1095.115966796875 -1 2514.086669921875 1106.8687744140625 -1 2942.482666015625 1106.210693359375 -1 3318.01953125 1111.58642578125 421511 1418.790771484375 1113.03564453125 -1 2431.88427734375 1115.3306884765625 -1 1285.7066650390625 1118.6988525390625 -1 1898.218994140625 1117.195556640625 -1 3699.01220703125 1117.5687255859375 -1 3699.01220703125 1117.5687255859375 421514 95.474052429199219 1122.95458984375 788413 1340.63623046875 1130.960205078125 418859 1960.098876953125 1131.343505859375 -1 1960.098876953125 1131.343505859375 -1 2654.90869140625 1133.1802978515625 -1 3229.451904296875 1138.54052734375 477051 3229.451904296875 1138.54052734375 421520 3665.4306640625 1140.0902099609375 -1 2502.796630859375 1145.5535888671875 -1 2502.796630859375 1145.5535888671875 -1 2377.873291015625 1153.419921875 -1 1468.246337890625 1155.09326171875 418124 1017.92626953125 1157.431884765625 -1 1304.9163818359375 1160.4722900390625 -1 1992.02392578125 1168.4788818359375 -1 1730.10400390625 1179.2427978515625 -1 966.5570068359375 1190.214599609375 -1 1456.255615234375 1190.6025390625 -1 888.82147216796875 1198.8123779296875 -1 2796.540771484375 1203.3140869140625 1363545 3272.115478515625 1203.226318359375 337271 1709.9671630859375 1208.92236328125 -1 1785.510498046875 1209.1192626953125 -1 2508.6142578125 1219.1956787109375 -1 31.090030670166016 1220.50634765625 432101 3727.54150390625 1220.30712890625 497921 1145.8330078125 1223.727294921875 476601 1095.023681640625 1226.6810302734375 -1 958.239501953125 1231.438720703125 472738 663.9246826171875 1235.9764404296875 -1 1370.609130859375 1236.2161865234375 -1 1370.609130859375 1236.2161865234375 -1 3202.43505859375 1236.468017578125 1555267 2429.28125 1240.3126220703125 -1 314.228759765625 1243.3985595703125 -1 622.252685546875 1241.5926513671875 779518 900.34332275390625 1248.58544921875 -1 143.92645263671875 1251.24267578125 -1 2309.946044921875 1254.5875244140625 -1 3121.927490234375 1255.8504638671875 451791 741.20751953125 1257.472900390625 -1 402.61349487304688 1259.9332275390625 431758 1636.309326171875 1261.220703125 -1 1489.0574951171875 1263.9674072265625 -1 1489.0574951171875 1263.9674072265625 -1 33.317470550537109 1266.8443603515625 473476 1256.0611572265625 1271.995849609375 -1 1256.0611572265625 1271.995849609375 -1 2160.59228515625 1269.488037109375 -1 365.72726440429688 1276.836181640625 462553 3106.50537109375 1279.7154541015625 509148 1036.0810546875 1282.151611328125 -1 174.75384521484375 1287.138671875 1548199 3078.268798828125 1285.920654296875 1349512 1940.509765625 1299.0465087890625 1555550 3351.258544921875 1297.06396484375 589451 3790.571533203125 1299.387939453125 455090 3790.571533203125 1299.387939453125 455091 2081.56103515625 1304.55078125 418147 815.45654296875 1304.969482421875 452188 88.534507751464844 1308.38525390625 466900 986.5086669921875 1307.791259765625 432107 2720.659423828125 1315.130126953125 477054 220.37969970703125 1318.067626953125 339420 220.37969970703125 1318.067626953125 466893 678.77325439453125 1320.433349609375 -1 678.77325439453125 1320.433349609375 -1 2816.39697265625 1320.118896484375 421530 3256.323486328125 1320.740966796875 421533 3394.970703125 1324.2322998046875 455094 3394.970703125 1324.2322998046875 455093 2626.974609375 1330.2100830078125 451794 1366.65087890625 1338.7647705078125 431980 1366.65087890625 1338.7647705078125 -1 2289.426513671875 1339.12548828125 1551537 1222.3900146484375 1344.807861328125 -1 1222.3900146484375 1344.807861328125 -1 2970.880859375 1350.1622314453125 409755 1984.174560546875 1357.4632568359375 1551538 611.07708740234375 1361.62255859375 472125 611.07708740234375 1361.62255859375 -1 2268.41015625 1369.513427734375 1551542 3309.15673828125 1367.51171875 418153 3344.12548828125 1369.4061279296875 451793 417.77725219726562 1372.7822265625 -1 3276.228515625 1373.3790283203125 418156 266.3431396484375 1378.540283203125 -1 640.5352783203125 1377.639404296875 1360140 2920.61572265625 1378.7279052734375 418162 152.07977294921875 1379.2528076171875 337710 152.07977294921875 1379.2528076171875 403661 2868.265625 1382.646728515625 334153 3128.1796875 1385.963134765625 451795 56.212306976318359 1387.42138671875 -1 3423.708251953125 1387.420166015625 421536 1605.735107421875 1394.002197265625 418171 1920.86962890625 1399.029052734375 477081 1031.5130615234375 1402.86865234375 418844 1031.5130615234375 1402.86865234375 432112 1961.3084716796875 1416.4832763671875 418174 1228.3997802734375 1421.404296875 -1 740.3546142578125 1428.29052734375 462707 1214.06396484375 1441.0386962890625 337270 3253.328125 1444.22998046875 421539 1189.212646484375 1445.644775390625 -1 1377.6455078125 1447.666748046875 -1 1377.6455078125 1447.666748046875 -1 2562.93359375 1455.6773681640625 334162 1621.7353515625 1457.576416015625 -1 2510.59716796875 1458.769287109375 1365857 2510.59716796875 1458.769287109375 -1 3217.791748046875 1456.9263916015625 337269 3148.46142578125 1464.199951171875 337267 2443.8603515625 1472.25537109375 -1 2797.314697265625 1474.10791015625 421542 2593.38671875 1475.478515625 -1 1898.168701171875 1480.525634765625 479163 3116.109619140625 1487.36181640625 478043 789.7711181640625 1494.6572265625 -1 789.7711181640625 1494.6572265625 -1 3192.336669921875 1495.288330078125 -1 1162.943359375 1500.4058837890625 -1 1882.0750732421875 1500.0537109375 337456 1431.248779296875 1502.8245849609375 337266 1253.1676025390625 1506.0938720703125 337455 1253.1676025390625 1506.0938720703125 418210 47.380111694335938 1507.4986572265625 -1 2755.17529296875 1508.8636474609375 337478 24.424016952514648 1512.033447265625 -1 186.54647827148438 1514.3848876953125 462577 2978.908935546875 1516.4862060546875 -1 2410.46044921875 1519.10400390625 418207 1735.6768798828125 1523.2623291015625 1359985 326.359619140625 1529.21533203125 -1 326.359619140625 1529.21533203125 -1 3983.631591796875 1527.419921875 -1 1139.4322509765625 1537.183837890625 418836 3030.33349609375 1539.30224609375 418442 1360.70361328125 1539.500244140625 337454 1360.70361328125 1539.500244140625 418218 3402.0390625 1550.5018310546875 -1 3402.0390625 1550.5018310546875 -1 2199.203369140625 1555.3197021484375 455456 2334.073486328125 1565.690673828125 1349527 2334.073486328125 1565.690673828125 418231 1973.027099609375 1568.918701171875 1351857 1973.027099609375 1568.918701171875 477085 2519.3623046875 1573.941650390625 418234 2519.3623046875 1573.941650390625 418237 489.043701171875 1579.60595703125 -1 163.59809875488281 1584.845703125 -1 925.855712890625 1587.60791015625 337453 3020.76708984375 1589.1126708984375 -1 3893.1640625 1589.5947265625 -1 3509.818115234375 1594.799560546875 -1 187.75434875488281 1597.0245361328125 599274 1790.1336669921875 1600.6519775390625 418247 1523.78759765625 1610.0567626953125 424000 1309.0252685546875 1615.01123046875 421545 2734.02392578125 1621.505615234375 421548 2184.926025390625 1624.539306640625 -1 2184.926025390625 1624.539306640625 -1 522.22509765625 1629.681884765625 466816 3037.03369140625 1632.1328125 -1 678.658447265625 1639.7275390625 392371 3513.041015625 1641.0777587890625 472772 3618.23974609375 1660.423095703125 -1 145.83815002441406 1662.98876953125 457787 3318.781494140625 1665.303466796875 337153 394.09002685546875 1684.2333984375 425424 3693.779052734375 1691.6591796875 -1 1445.642333984375 1695.489501953125 493010 1445.642333984375 1695.489501953125 -1 3647.869873046875 1694.8046875 451598 3647.869873046875 1694.8046875 423993 3735.486083984375 1704.0745849609375 423997 210.87974548339844 1710.207275390625 -1 876.37384033203125 1719.812255859375 392588 2444.48681640625 1720.57861328125 391511 95.149696350097656 1722.656982421875 466794 1173.1243896484375 1723.4185791015625 421556 965.7801513671875 1728.2398681640625 -1 965.7801513671875 1728.2398681640625 -1 998.8013916015625 1730.410400390625 -1 1679.732666015625 1735.6866455078125 460468 2935.37255859375 1734.841796875 -1 1359.015625 1738.548828125 506344 1933.055908203125 1739.6673583984375 514744 810.3929443359375 1742.778564453125 472287 2497.1748046875 1745.634033203125 477104 3706.163330078125 1748.848388671875 451309 3982.89697265625 1749.1514892578125 -1 536.65728759765625 1762.9783935546875 1360122 536.65728759765625 1762.9783935546875 466898 2490.63525390625 1770.689208984375 391494 2660.97509765625 1771.724853515625 -1 55.051673889160156 1772.4840087890625 -1 755.84521484375 1772.7911376953125 418263 1056.06787109375 1778.4144287109375 417473 3625.2099609375 1781.932861328125 -1 505.36907958984375 1788.13427734375 -1 505.36907958984375 1788.13427734375 -1 383.03713989257812 1789.864990234375 -1 693.625244140625 1794.00048828125 -1 3509.21630859375 1794.8681640625 472343 3542.0185546875 1794.39453125 410591 288.8333740234375 1798.4638671875 432122 2221.6044921875 1798.0677490234375 418273 2310.349609375 1801.795654296875 -1 3625.74267578125 1803.846435546875 -1 594.728271484375 1806.9617919921875 -1 1573.0638427734375 1805.4664306640625 -1 1573.0638427734375 1805.4664306640625 -1 117.88059234619141 1810.542724609375 1360111 435.82107543945312 1814.104736328125 392580 1141.1954345703125 1815.5133056640625 479096 2087.493408203125 1822.287841796875 -1 41.151348114013672 1825.084228515625 466792 1599.533447265625 1825.054931640625 476463 870.2294921875 1828.29296875 472290 3565.69384765625 1827.7525634765625 -1 641.13104248046875 1830.072265625 462590 641.13104248046875 1830.072265625 462589 2367.792236328125 1838.7122802734375 -1 1121.90625 1844.638671875 -1 2185.537353515625 1850.0738525390625 -1 2185.537353515625 1850.0738525390625 421565 990.3267822265625 1856.7685546875 410600 2075.46044921875 1863.6865234375 -1 2166.60107421875 1864.723876953125 -1 2166.60107421875 1864.723876953125 -1 2222.942626953125 1872.758056640625 -1 2250.342041015625 1873.70068359375 -1 2641.54248046875 1872.2681884765625 -1 3457.4462890625 1872.214599609375 -1 3457.4462890625 1872.214599609375 472421 192.03854370117188 1876.24853515625 425306 701.6461181640625 1875.18994140625 1360173 2319.44482421875 1880.43115234375 -1 987.5716552734375 1886.7474365234375 479216 2395.83544921875 1884.9720458984375 -1 3138.47998046875 1885.5650634765625 451385 3138.47998046875 1885.5650634765625 451384 2653.292236328125 1890.1060791015625 455782 1331.5009765625 1892.5938720703125 -1 1258.3851318359375 1896.80078125 -1 3776.37451171875 1896.237548828125 -1 2162.7646484375 1899.9449462890625 337604 2162.7646484375 1899.9449462890625 -1 761.78564453125 1905.517333984375 337770 2467.728759765625 1905.4515380859375 -1 3005.305419921875 1906.0166015625 493045 1409.0858154296875 1912.187744140625 -1 1667.21435546875 1913.775146484375 337605 3375.2421875 1914.195556640625 -1 3686.877197265625 1914.6922607421875 451605 67.641021728515625 1925.816162109375 392553 1270.143310546875 1927.3206787109375 -1 3405.796875 1925.013427734375 -1 159.47587585449219 1932.063720703125 418486 2534.3125 1933.7718505859375 -1 887.96453857421875 1933.713623046875 472289 2051.816650390625 1938.710205078125 -1 2051.816650390625 1938.710205078125 337621 1665.2623291015625 1941.38427734375 391484 3174.925537109375 1942.32763671875 1159932 3174.925537109375 1942.32763671875 -1 1052.2904052734375 1950.14697265625 479217 1703.93408203125 1949.92529296875 -1 53.486457824707031 1960.5023193359375 -1 307.96572875976562 1963.3277587890625 421590 287.58685302734375 1965.369140625 -1 2706.63720703125 1965.941650390625 421594 2706.63720703125 1965.941650390625 479171 1021.8374633789062 1968.73681640625 480279 965.86663818359375 1969.261962890625 -1 1298.0224609375 1973.8074951171875 -1 3113.8173828125 1976.6954345703125 -1 3728.67041015625 1981.3514404296875 -1 3504.735107421875 1985.877197265625 449450 204.33950805664062 1988.571044921875 413607 3551.34375 1988.435546875 -1 3551.34375 1988.435546875 -1 345.80755615234375 1990.43603515625 392536 3656.700439453125 1993.3814697265625 449281 1385.0950927734375 1995.8685302734375 -1 2785.259765625 2000.449462890625 403181 2110.1572265625 2003.089111328125 391405 2139.439453125 2004.7471923828125 -1 3183.015625 2012.710693359375 455768 3798.756103515625 2014.4884033203125 -1 3798.756103515625 2014.4884033203125 -1 815.7861328125 2017.280517578125 479115 1804.16369628
2026-05-15T21:39:25.200000+00:00 md1shrunk1456-1778880862-3dgs/algo-1-1778880912 90625 2015.4205322265625 391443 1804.1636962890625 2015.4205322265625 1361385 1992.884765625 2015.2119140625 337616 1398.75537109375 2019.054443359375 455746 2292.50537109375 2018.2386474609375 -1 2677.7568359375 2017.42333984375 -1 2643.203369140625 2020.32763671875 -1 2343.47314453125 2023.9429931640625 -1 2701.9462890625 2025.2978515625 -1 3510.15185546875 2027.7637939453125 450748 3576.54736328125 2031.4971923828125 451381 823.291748046875 2036.3184814453125 -1 3098.982421875 2035.7774658203125 -1 2308.785400390625 2038.190673828125 -1 1938.2550048828125 2044.6328125 479229 1938.2550048828125 2044.6328125 479094 3873.151611328125 2044.630859375 -1 164.43008422851562 2048.1826171875 418302 814.4813232421875 2054.47509765625 392523 1059.40380859375 2057.0390625 421613 1535.331787109375 2055.378662109375 -1 1617.65185546875 2061.0205078125 -1 1617.65185546875 2061.0205078125 -1 1862.2388916015625 2059.18017578125 424121 1896.4422607421875 2063.50244140625 -1 1977.9285888671875 2063.787353515625 -1 2710.624755859375 2064.2587890625 -1 2109.361083984375 2064.79931640625 -1 3830.30322265625 2065.41162109375 -1 3830.30322265625 2065.41162109375 451590 2023.6644287109375 2067.61279296875 -1 3259.380126953125 2072.30810546875 -1 1147.6925048828125 2075.50537109375 -1 901.3538818359375 2081.336181640625 418495 2841.0078125 2081.20361328125 -1 2677.80419921875 2083.37158203125 -1 981.3560791015625 2087.2763671875 -1 1796.6884765625 2089.66162109375 -1 2212.654052734375 2093.82275390625 -1 1959.371337890625 2099.6484375 391346 1704.15380859375 2106.878662109375 -1 3914.26904296875 2120.625244140625 337178 1761.9671630859375 2124.408203125 -1 1761.9671630859375 2124.408203125 -1 1776.758056640625 2127.119140625 1159936 1016.7884521484375 2129.519287109375 -1 1571.1461181640625 2132.564208984375 391379 1696.337158203125 2133.20458984375 391356 3733.23974609375 2134.71337890625 451595 3733.23974609375 2134.71337890625 1159937 2204.65966796875 2142.052734375 -1 72.58160400390625 2155.444580078125 337767 72.58160400390625 2155.444580078125 -1 1397.8916015625 2161.490234375 391389 1397.8916015625 2161.490234375 -1 3438.815673828125 2170.72802734375 -1 3438.815673828125 2170.72802734375 -1 1812.392333984375 2172.761474609375 -1 2120.27490234375 2173.81591796875 -1 1317.4949951171875 2176.0908203125 -1 1476.6429443359375 2180.114501953125 -1 40.584732055664062 2192.41796875 -1 1173.7889404296875 2197.302001953125 337615 3700.441650390625 2199.7451171875 -1 3700.441650390625 2199.7451171875 -1 291.04635620117188 2208.91064453125 -1 979.7965087890625 2210.60205078125 -1 1313.1048583984375 2209.501708984375 -1 1437.6036376953125 2211.899658203125 -1 3853.564697265625 2214.127685546875 449053 1614.33349609375 2216.05517578125 -1 1614.33349609375 2216.05517578125 -1 2333.62890625 2220.77783203125 421620 2333.62890625 2220.77783203125 421623 2273.524169921875 2222.140380859375 455769 3107.230224609375 2223.939697265625 -1 3768.79931640625 2223.097900390625 -1 2064.454345703125 2226.516357421875 -1 2064.454345703125 2226.516357421875 -1 3166.6875 2228.446533203125 -1 1306.139892578125 2232.74072265625 -1 2438.58837890625 2233.340087890625 -1 1259.455322265625 2234.484375 -1 3476.7744140625 2234.53125 -1 1018.4374389648438 2244.961181640625 -1 598.29705810546875 140.68191528320312 -1 1168.381103515625 145.24336242675781 -1 406.97003173828125 154.33908081054688 -1 1802.96435546875 161.35006713867188 -1 1745.2166748046875 168.56024169921875 -1 2245.32275390625 168.356201171875 -1 3923.683837890625 172.09951782226562 -1 108.72227478027344 178.93415832519531 -1 2658.96240234375 191.40792846679688 -1 2706.480712890625 191.03117370605469 -1 787.43499755859375 194.66232299804688 -1 1175.09423828125 194.41290283203125 -1 596.70709228515625 201.6744384765625 -1 3529.96044921875 203.22004699707031 -1 676.08209228515625 210.95068359375 -1 1384.061767578125 211.7943115234375 -1 1329.572021484375 215.64994812011719 -1 2148.620849609375 235.68539428710938 -1 408.61264038085938 239.19927978515625 -1 2263.669189453125 242.7242431640625 -1 2263.669189453125 242.7242431640625 -1 2508.119873046875 242.26759338378906 -1 2508.119873046875 242.26759338378906 -1 2786.168212890625 247.06692504882812 -1 591.72265625 260.12283325195312 -1 1559.8084716796875 262.96685791015625 1361829 2728.6005859375 280.76351928710938 -1 2883.96240234375 280.74459838867188 -1 1601.5111083984375 286.9005126953125 1361830 2421.573974609375 293.11370849609375 -1 2331.40087890625 296.94729614257812 -1 2236.99560546875 304.47247314453125 -1 1555.201416015625 324.9337158203125 1361827 1625.26611328125 325.53311157226562 -1 2399.054931640625 341.9080810546875 -1 3276.4892578125 340.71539306640625 -1 1116.21435546875 356.0184326171875 -1 3382.61083984375 354.42782592773438 -1 2026.373046875 365.041015625 -1 2026.373046875 365.041015625 -1 3482.964111328125 366.69830322265625 -1 1713.4754638671875 369.087890625 -1 136.38661193847656 373.8082275390625 -1 136.38661193847656 373.8082275390625 -1 3372.02392578125 381.443115234375 -1 1694.59814453125 389.84869384765625 -1 2868.1728515625 389.41409301757812 -1 2412.536376953125 399.0504150390625 1354779 1315.242431640625 403.80184936523438 -1 1128.5538330078125 416.4920654296875 -1 2386.172119140625 416.014404296875 -1 55.847404479980469 420.85861206054688 -1 3114.24365234375 418.77911376953125 1354772 149.54278564453125 430.841064453125 462445 1522.925537109375 431.01016235351562 -1 1816.30810546875 429.80068969726562 -1 3838.174072265625 443.74371337890625 -1 1449.6552734375 452.4951171875 -1 2437.595947265625 450.16741943359375 1354773 2437.595947265625 450.16741943359375 1354774 3519.58203125 461.85610961914062 -1 3323.1982421875 472.0093994140625 -1 515.9830322265625 479.48004150390625 -1 1224.0751953125 480.23956298828125 -1 3302.15380859375 480.24917602539062 1169320 2536.56298828125 499.550537109375 1169356 842.2923583984375 526.2598876953125 -1 1882.65185546875 524.52362060546875 334578 3338.182373046875 529.37841796875 1348912 3256.59619140625 540.105712890625 1359976 1395.77783203125 569.0362548828125 -1 2381.54931640625 570.476806640625 -1 2533.1845703125 571.9339599609375 -1 121.96869659423828 576.45880126953125 -1 121.96869659423828 576.45880126953125 -1 2465.290283203125 594.64605712890625 -1 1022.90087890625 601.27569580078125 -1 1565.1396484375 600.32415771484375 -1 3975.536865234375 602.2608642578125 -1 3975.536865234375 602.2608642578125 -1 386.90798950195312 609.13446044921875 -1 1291.4825439453125 610.08355712890625 -1 3363.298095703125 612.2110595703125 481707 2451.093994140625 622.11175537109375 334240 3461.051025390625 619.1923828125 481710 3461.051025390625 619.1923828125 481709 555.1064453125 630.57977294921875 -1 1593.4454345703125 637.37158203125 -1 2414.11767578125 636.3997802734375 -1 3764.98388671875 663.5037841796875 1354705 1992.9149169921875 668.74456787109375 334577 2935.16064453125 668.23699951171875 328742 2751.368408203125 679.75067138671875 1170019 1498.730712890625 684.23486328125 -1 2377.77978515625 686.58135986328125 -1 2932.747802734375 698.74212646484375 481712 2932.747802734375 698.74212646484375 481713 1233.8392333984375 709.7608642578125 -1 3927.005859375 715.851806640625 481848 1518.085693359375 718.73992919921875 -1 1249.2222900390625 730.9024658203125 -1 2088.876220703125 733.830322265625 -1 1494.731689453125 740.89813232421875 -1 3583.423828125 745.373046875 -1 3303.524169921875 750.3948974609375 1359148 2587.75732421875 760.24951171875 1359163 3224.651123046875 791.6168212890625 481716 3550.29736328125 796.56640625 327594 2878.000732421875 807.21380615234375 1552596 1827.508544921875 811.37841796875 -1 2924.974365234375 809.126953125 -1 3952.5986328125 811.14349365234375 -1 2379.713134765625 813.6329345703125 -1 3886.626220703125 813.682373046875 481594 3535.942138671875 822.61383056640625 1348917 2712.0185546875 830.37646484375 1170023 2659.34814453125 837.78228759765625 1354781 3633.71875 837.74163818359375 328748 2081.786376953125 841.8056640625 477065 1317.70361328125 845.1136474609375 -1 2044.064697265625 845.45257568359375 -1 3948.24658203125 845.40704345703125 481596 826.9149169921875 851.80914306640625 418361 2220.154541015625 854.1610107421875 -1 2220.154541015625 854.1610107421875 -1 1854.432861328125 860.8162841796875 1551539 3712.2978515625 858.2413330078125 481601 3712.2978515625 858.2413330078125 481600 1420.317138671875 865.60760498046875 -1 1822.026611328125 866.0078125 477089 2614.64892578125 868.07318115234375 1354782 2852.58349609375 880.241943359375 -1 1278.21240234375 884.6109619140625 -1 1278.21240234375 884.6109619140625 -1 1357.19384765625 888.01953125 -1 3884.265625 886.40899658203125 -1 2634.3193359375 892.3634033203125 1354776 3152.840576171875 892.63580322265625 481721 2044.18310546875 895.886474609375 477090 1230.7904052734375 904.1058349609375 -1 1230.7904052734375 904.1058349609375 -1 873.604736328125 911.55181884765625 432177 873.604736328125 911.55181884765625 432176 907.045166015625 909.9298095703125 -1 1039.374267578125 910.4248046875 -1 1175.970703125 912.6666259765625 -1 1175.970703125 912.6666259765625 418115 602.7359619140625 914.7664794921875 -1 1066.791748046875 932.959716796875 -1 1066.791748046875 932.959716796875 -1 1750.864501953125 929.11810302734375 -1 2903.18603515625 936.549560546875 1169363 753.240478515625 948.57574462890625 776506 2836.431884765625 947.91473388671875 -1 2434.34521484375 954.4033203125 -1 941.41632080078125 962.31146240234375 -1 175.27615356445312 965.710693359375 431115 175.27615356445312 965.710693359375 -1 2473.643798828125 972.0723876953125 1367906 757.06231689453125 975.6177978515625 432180 692.905029296875 988.5867919921875 776632 1248.6534423828125 988.3255615234375 -1 3308.85595703125 989.09576416015625 481611 3576.7353515625 992.7303466796875 -1 275.572021484375 997.06817626953125 -1 315.72650146484375 994.77203369140625 1362458 1825.20361328125 996.64501953125 1552217 1042.8602294921875 1009.8695068359375 -1 2578.421875 1008.4302978515625 -1 1339.485107421875 1016.970458984375 -1 3812.420654296875 1015.9810791015625 451840 2921.07666015625 1025.567138671875 480044 3761.89697265625 1032.0587158203125 490004 2301.72900390625 1044.572021484375 -1 292.50057983398438 1051.078125 473788 2083.47998046875 1048.259765625 477076 2083.47998046875 1048.259765625 477077 2172.45654296875 1058.075439453125 477092 2763.77392578125 1056.451416015625 -1 2763.77392578125 1056.451416015625 -1 3959.931640625 1053.5859375 -1 1012.5861206054688 1066.8660888671875 418378 3100.571044921875 1063.821044921875 -1 3609.521484375 1065.5369873046875 477069 3355.8427734375 1074.8253173828125 1359998 2539.994873046875 1085.3565673828125 -1 3252.23486328125 1086.5733642578125 -1 2450.363037109375 1088.3673095703125 -1 2009.4267578125 1097.276123046875 -1 3600.74560546875 1095.6014404296875 477091 1580.2520751953125 1102.2642822265625 -1 1663.3690185546875 1105.264404296875 -1 2084.860595703125 1105.9654541015625 477632 2683.3779296875 1106.46337890625 508884 1649.1468505859375 1107.711181640625 -1 1610.896240234375 1117.7110595703125 -1 1610.896240234375 1117.7110595703125 -1 1839.841796875 1117.0421142578125 -1 3697.072265625 1117.0299072265625 -1 2736.1533203125 1121.470947265625 -1 2736.1533203125 1121.470947265625 -1 879.93927001953125 1125.968505859375 779512 514.02606201171875 1129.806884765625 1174221 3302.62158203125 1132.1075439453125 477075 1304.4024658203125 1135.6126708984375 -1 1281.4434814453125 1140.9534912109375 -1 750.61328125 1151.00048828125 -1 2418.187744140625 1150.430908203125 -1 3463.65966796875 1149.337646484375 421630 793.0626220703125 1156.5986328125 472740 86.626144409179688 1171.2869873046875 567157 86.626144409179688 1171.2869873046875 -1 1804.89013671875 1169.460205078125 -1 2042.086669921875 1177.660888671875 -1 1520.344482421875 1182.1126708984375 -1 1970.1890869140625 1180.07958984375 -1 19.861583709716797 1194.1580810546875 -1 2834.08740234375 1195.837158203125 -1 3240.88818359375 1199.233154296875 421633 1900.350341796875 1206.12451171875 -1 670.41650390625 1208.401611328125 462620 749.4814453125 1234.4664306640625 594297 3600.7099609375 1237.034912109375 -1 622.13299560546875 1241.8883056640625 779518 313.0367431640625 1244.9398193359375 -1 1522.165283203125 1254.118896484375 -1 1721.706787109375 1256.1304931640625 -1 261.74664306640625 1261.5255126953125 1360007 1875.655029296875 1260.425537109375 -1 1875.655029296875 1260.425537109375 -1 3658.78662109375 1265.69873046875 514691 193.15818786621094 1272.603759765625 -1 692.1231689453125 1271.04296875 779521 2587.33154296875 1269.4361572265625 421636 2997.397705078125 1273.3277587890625 1360222 144.79899597167969 1276.9195556640625 466916 2695.525390625 1279.1151123046875 421641 1876.215576171875 1286.79248046875 1159942 1876.215576171875 1286.79248046875 -1 1269.77490234375 1294.988525390625 -1 2897.04150390625 1297.27294921875 328749 3009.092041015625 1295.346435546875 334163 324.04913330078125 1301.68017578125 -1 1802.518798828125 1299.662841796875 446240 274.63467407226562 1314.8731689453125 431126 274.63467407226562 1314.8731689453125 392398 1384.73681640625 1316.833984375 -1 14.948745727539062 1321.5517578125 -1 2916.379638671875 1323.894775390625 421646 827.1346435546875 1328.971435546875 -1 1059.8096923828125 1332.4757080078125 -1 3221.3681640625 1335.0889892578125 497910 1330.8349609375 1341.791748046875 -1 1330.8349609375 1341.791748046875 413432 32.381023406982422 1343.635986328125 -1 134.54856872558594 1354.72265625 -1 3412.7138671875 1359.718994140625 410627 2268.41357421875 1369.362060546875 1551542 3074.25634765625 1371.8956298828125 1349234 2845.091552734375 1375.5816650390625 421651 2899.685546875 1375.178955078125 446134 2391.89990234375 1380.6414794921875 513355 2391.89990234375 1380.6414794921875 1552219 1090.4267578125 1389.5380859375 431165 984.4434814453125 1405.1422119140625 -1 984.4434814453125 1405.1422119140625 418414 2636.727294921875 1407.661865234375 418407 3456.679931640625 1416.275634765625 421653 1548.677001953125 1423.310546875 1552221 1548.677001953125 1423.310546875 1363586 1916.6387939453125 1422.88720703125 418417 2345.25244140625 1442.71142578125 455457 3339.015625 1440.42724609375 497911 1674.0032958984375 1445.1563720703125 1552191 573.56494140625 1448.6982421875 -1 3910.684814453125 1452.648193359375 -1 3910.684814453125 1452.648193359375 -1 495.58407592773438 1461.9224853515625 1547626 495.58407592773438 1461.9224853515625 472466 3257.26123046875 1458.8974609375 331318 7.9191865921020508 1463.1383056640625 466761 1964.001220703125 1479.8890380859375 455455 2490.6220703125 1482.406494140625 1551544 909.2677001953125 1491.129150390625 421892 2813.661865234375 1492.52685546875 418430 227.12033081054688 1494.8663330078125 462684 1429.78466796875 1502.0738525390625 -1 44.160366058349609 1506.916015625 1360087 3049.787841796875 1512.5465087890625 418435 1984.568115234375 1516.2847900390625 415624 2187.33203125 1519.925048828125 -1 1735.8863525390625 1523.878662109375 1359985 2325.83203125 1527.06103515625 418439 3490.15234375 1531.470458984375 -1 1547.37158203125 1542.29541015625 418445 3030.2421875 1539.325927734375 -1 3402.27978515625 1577.196533203125 -1 118.51950836181641 1592.1771240234375 413812 1468.522705078125 1589.51806640625 -1 2026.6119384765625 1616.429931640625 -1 3955.61279296875 1625.892578125 337159 3955.61279296875 1625.892578125 1363589 198.90658569335938 1630.76904296875 -1 112.28524017333984 1643.6578369140625 418458 281.11749267578125 1641.0028076171875 -1 1848.972412109375 1646.566162109375 -1 2799.3779296875 1650.466064453125 -1 2799.3779296875 1650.466064453125 -1 3685.901123046875 1648.539794921875 -1 3907.63525390625 1656.080078125 -1 2778.825927734375 1674.2039794921875 -1 394.26153564453125 1683.81298828125 425424 2731.5908203125 1686.9029541015625 -1 141.07546997070312 1692.8974609375 418811 285.06076049804688 1694.63623046875 -1 2532.26025390625 1691.08203125 -1 91.867843627929688 1699.4385986328125 466789 1638.7802734375 1705.613037109375 472793 385.89031982421875 1709.1875 -1 3844.78173828125 1712.3529052734375 -1 3888.444580078125 1716.284912109375 450736 1448.2220458984375 1720.7958984375 337261 1448.2220458984375 1720.7958984375 -1 96.276466369628906 1724.1220703125 -1 2334.779541015625 1735.0592041015625 414593 2739.46923828125 1740.2100830078125
2026-05-15T21:39:25.200000+00:00 md1shrunk1456-1778880862-3dgs/algo-1-1778880912 -1 3626.73095703125 1750.696044921875 1363593 3626.73095703125 1750.696044921875 455681 3826.085205078125 1756.01318359375 -1 141.10752868652344 1760.1353759765625 462618 141.10752868652344 1760.1353759765625 418595 2439.17431640625 1765.8387451171875 -1 2439.17431640625 1765.8387451171875 -1 2894.246826171875 1776.9093017578125 -1 2894.246826171875 1776.9093017578125 1159944 731.971435546875 1787.10986328125 472481 3731.0625 1794.66162109375 337151 3987.15771484375 1798.899169921875 -1 2409.698486328125 1818.2213134765625 -1 2346.903076171875 1824.58447265625 337449 945.21490478515625 1838.0272216796875 413842 945.21490478515625 1838.0272216796875 418467 429.68447875976562 1842.390869140625 472467 3065.89990234375 1844.67236328125 -1 281.79525756835938 1855.65478515625 -1 3549.680419921875 1860.958984375 -1 3549.680419921875 1860.958984375 506350 2272.296630859375 1866.366455078125 -1 2399.586669921875 1868.2701416015625 -1 3680.767578125 1866.9703369140625 450739 3680.767578125 1866.9703369140625 404382 3821.15673828125 1878.446044921875 -1 1161.6492919921875 1886.0765380859375 473875 870.65576171875 1888.4996337890625 -1 1331.14697265625 1892.9022216796875 -1 3549.5146484375 1889.442138671875 451409 2705.302490234375 1896.796630859375 -1 3450.55224609375 1898.353759765625 1359994 3974.28125 1909.5277099609375 -1 1599.172607421875 1916.747802734375 493021 1599.172607421875 1916.747802734375 337598 1523.3690185546875 1922.195556640625 455715 3101.427734375 1934.58203125 -1 3101.427734375 1934.58203125 451418 2052.516357421875 1939.5631103515625 -1 2052.516357421875 1939.5631103515625 -1 1705.2471923828125 1945.693359375 -1 1705.2471923828125 1945.693359375 -1 1203.3067626953125 1957.173583984375 480304 2399.27587890625 1978.11474609375 -1 2855.5224609375 1988.4840087890625 472388 3551.865234375 1989.46875 -1 3876.955322265625 1994.9595947265625 424113 3876.955322265625 1994.9595947265625 1159945 3213.0302734375 2006.5740966796875 -1 3474.8837890625 2006.659423828125 421679 3524.8115234375 2005.1031494140625 450795 633.97894287109375 2011.486572265625 392357 333.79727172851562 2015.3785400390625 421684 1885.2728271484375 2017.56298828125 -1 3798.71240234375 2016.6968994140625 1160474 3798.71240234375 2016.6968994140625 451607 2086.952880859375 2025.1964111328125 -1 1616.2611083984375 2031.486083984375 -1 1596.02099609375 2041.17333984375 -1 427.5235595703125 2045.031982421875 421687 427.5235595703125 2045.031982421875 337260 1354.11376953125 2046.31640625 418489 1354.11376953125 2046.31640625 -1 2059.9580078125 2056.833984375 -1 3806.05029296875 2056.801513671875 449449 3806.05029296875 2056.801513671875 449448 3453.998779296875 2065.13330078125 413409 1910.51953125 2072.84716796875 -1 3857.708740234375 2080.96826171875 449284 3857.708740234375 2080.96826171875 -1 1993.401611328125 2086.47119140625 -1 1576.7076416015625 2098.44921875 -1 2274.241455078125 2102.422119140625 -1 3895.91552734375 2100.77001953125 -1 3895.91552734375 2100.77001953125 -1 2698.427978515625 2112.18603515625 -1 2698.427978515625 2112.18603515625 -1 1328.573974609375 2115.544677734375 -1 3948.79248046875 2120.467041015625 -1 3948.79248046875 2120.467041015625 -1 1726.3125 2124.02294921875 -1 2384.150634765625 2125.9208984375 -1 2420.59423828125 2123.775146484375 450935 837.0494384765625 2128.424072265625 406946 883.2115478515625 2127.9228515625 418618 883.2115478515625 2127.9228515625 418615 1869.15869140625 2130.7314453125 -1 2125.416015625 2132.67529296875 -1 174.79881286621094 2137.31396484375 342393 705.13983154296875 2145.158203125 391332 3565.541015625 2156.731201171875 424069 3565.541015625 2156.731201171875 405483 3692.40478515625 2155.4091796875 472778 3692.40478515625 2155.4091796875 -1 1362.3065185546875 2159.379638671875 -1 1197.73095703125 2172.41015625 -1 3438.81689453125 2170.0849609375 -1 3438.81689453125 2170.0849609375 -1 1546.398681640625 2175.22119140625 -1 1959.7388916015625 2176.992431640625 -1 1959.7388916015625 2176.992431640625 -1 3359.732666015625 2175.780517578125 479239 499.62094116210938 2178.7041015625 -1 1310.7696533203125 2180.209716796875 337139 902.48284912109375 2186.81494140625 -1 1451.3416748046875 2194.066162109375 -1 1537.1318359375 2203.7421875 -1 1371.0767822265625 2215.732177734375 -1 1371.0767822265625 2215.732177734375 421703 862.91998291015625 2219.408935546875 -1 1503.674560546875 2219.072021484375 -1 1733.064208984375 2222.484619140625 -1 2304.667724609375 2222.493408203125 -1 2394.7607421875 2219.72216796875 -1 2994.152587890625 2223.552001953125 -1 223.14729309082031 2225.5546875 -1 3233.649658203125 2226.142578125 -1 1767.9100341796875 2236.703125 -1 1418.429931640625 2245.195556640625 -1 1418.429931640625 2245.195556640625 -1 2415.551513671875 25.073978424072266 -1 2415.551513671875 25.073978424072266 -1 2235.423095703125 30.476764678955078 -1 2088.07470703125 75.735679626464844 -1 2191.64990234375 126.93475341796875 -1 3013.21728515625 123.01174163818359 -1 1294.4443359375 146.62847900390625 -1 219.16993713378906 161.51608276367188 -1 435.96524047851562 169.38131713867188 -1 911.1505126953125 186.217529296875 -1 1427.0054931640625 191.24183654785156 -1 646.43994140625 221.11199951171875 -1 1241.8682861328125 218.90150451660156 -1 1669.4859619140625 260.6558837890625 1361831 2980.99951171875 274.57049560546875 -1 2485.28662109375 345.77804565429688 -1 1579.240478515625 356.00601196289062 -1 3009.39990234375 356.47518920898438 -1 3357.0859375 353.56826782226562 -1 553.721435546875 359.8551025390625 -1 1364.87158203125 375.55072021484375 477791 1752.0372314453125 376.50875854492188 -1 3711.63134765625 379.151123046875 -1 2985.77294921875 388.76739501953125 -1 641.28594970703125 401.84075927734375 -1 1517.5218505859375 398.25729370117188 -1 590.28424072265625 463.1268310546875 -1 656.818115234375 476.36502075195312 -1 656.818115234375 476.36502075195312 -1 3038.0478515625 523.03289794921875 481774 3980.252685546875 529.17376708984375 -1 2670.2490234375 536.083984375 1361835 3225.05859375 548.678955078125 1348910 3225.05859375 548.678955078125 -1 1059.375244140625 553.1473388671875 -1 3931.741943359375 553.81829833984375 -1 977.7392578125 573.065673828125 -1 1623.0604248046875 611.88726806640625 -1 3612.924560546875 630.15948486328125 481711 2378.64013671875 652.4691162109375 -1 2538.66015625 667.6478271484375 1354786 2538.66015625 667.6478271484375 1354787 1222.8956298828125 674.38916015625 -1 3403.38427734375 682.5968017578125 334233 2493.94091796875 684.22027587890625 -1 2073.730224609375 701.68243408203125 -1 2123.389404296875 747.31573486328125 1168647 2077.58544921875 770.10809326171875 -1 1684.26416015625 778.22210693359375 -1 2612.4482421875 787.224609375 480143 517.66162109375 795.05865478515625 -1 3616.73046875 809.25714111328125 328751 1614.600830078125 821.3642578125 477100 2279.08984375 820.11053466796875 -1 3310.145263671875 839.42108154296875 481717 26.593879699707031 851.8228759765625 462585 1267.04931640625 853.37548828125 776775 1593.33154296875 853.09686279296875 1365728 2514.534912109375 857.82342529296875 1361836 745.37176513671875 867.65472412109375 418523 745.37176513671875 867.65472412109375 418520 1668.6912841796875 882.26776123046875 -1 1875.14111328125 887.72369384765625 -1 1309.041259765625 905.4300537109375 -1 2315.659423828125 903.61871337890625 -1 2881.845703125 911.61102294921875 1169362 471.25363159179688 924.469970703125 -1 1384.4384765625 924.7359619140625 413272 814.112548828125 931.136474609375 -1 814.112548828125 931.136474609375 -1 1333.96630859375 934.5994873046875 -1 907.29705810546875 940.253173828125 -1 103.32756042480469 951.21124267578125 -1 103.32756042480469 951.21124267578125 -1 976.22772216796875 952.06884765625 -1 1601.6710205078125 955.6072998046875 1555584 2753.211669921875 953.89697265625 -1 822.35205078125 959.44287109375 776720 1067.8223876953125 961.1385498046875 -1 1067.8223876953125 961.1385498046875 418540 1251.6309814453125 987.72698974609375 -1 3503.9765625 989.55743408203125 -1 642.88201904296875 996.07000732421875 791587 3078.12841796875 1000.72314453125 481725 587.717529296875 1006.66455078125 776635 1302.30908203125 1004.968505859375 477650 51.813453674316406 1047.3740234375 -1 154.87654113769531 1050.71240234375 472038 381.74502563476562 1052.42236328125 337740 1658.4541015625 1053.19091796875 -1 1244.5911865234375 1057.8367919921875 418925 1244.5911865234375 1057.8367919921875 -1 3396.8115234375 1073.0936279296875 479042 1904.9993896484375 1089.4976806640625 -1 2615.029541015625 1088.509033203125 508798 2615.029541015625 1088.509033203125 -1 3083.973388671875 1090.152099609375 -1 3083.973388671875 1090.152099609375 -1 1720.2891845703125 1094.71240234375 -1 2306.237060546875 1101.8299560546875 -1 1421.2498779296875 1110.427001953125 477640 1421.2498779296875 1110.427001953125 477789 1566.8004150390625 1131.311767578125 -1 3000.001220703125 1132.1787109375 -1 460.79251098632812 1141.781494140625 466750 1244.2412109375 1142.7705078125 418916 2540.690185546875 1147.1021728515625 -1 224.86672973632812 1150.306884765625 1362926 1844.326171875 1149.3787841796875 -1 184.39651489257812 1159.742919921875 -1 500.66891479492188 1191.1177978515625 431188 500.66891479492188 1191.1177978515625 -1 141.6728515625 1195.3629150390625 -1 2965.27197265625 1194.5526123046875 421715 451.8857421875 1198.5792236328125 -1 451.8857421875 1198.5792236328125 -1 3340.640625 1205.228271484375 -1 3340.640625 1205.228271484375 334161 1854.1907958984375 1210.2874755859375 -1 3168.80224609375 1222.1552734375 421724 2578.439697265625 1238.9283447265625 -1 1941.2021484375 1242.914306640625 -1 3496.09765625 1245.392333984375 421728 2899.02783203125 1259.1475830078125 421731 2943.373046875 1259.597412109375 421734 2943.373046875 1259.597412109375 337257 3290.86669921875 1264.5733642578125 577754 283.28665161132812 1286.7080078125 783844 438.19073486328125 1287.45751953125 779516 3322.146240234375 1283.1416015625 421738 1341.1229248046875 1308.66748046875 -1 2291.687255859375 1313.0540771484375 413346 2685.05908203125 1314.5103759765625 421741 1640.7427978515625 1337.6866455078125 -1 2155.3642578125 1334.082275390625 421744 2103.91015625 1350.9246826171875 1551545 2510.4716796875 1353.252197265625 1554538 1353.717529296875 1367.284423828125 392295 987.5347900390625 1374.257568359375 392300 1066.0087890625 1375.7237548828125 -1 1315.1202392578125 1377.3023681640625 452205 2411.359375 1377.99853515625 418644 117.12250518798828 1382.617919921875 1362553 1129.083251953125 1380.62646484375 431167 1962.381591796875 1384.3287353515625 418570 1962.381591796875 1384.3287353515625 399098 1851.4100341796875 1395.71044921875 -1 3288.91064453125 1400.5804443359375 451866 1791.4560546875 1404.8228759765625 1551548 2911.93701171875 1405.823974609375 418573 1315.9520263671875 1411.9847412109375 509141 1176.186767578125 1422.378173828125 392287 526.335205078125 1432.2166748046875 425547 2830.06982421875 1456.3343505859375 418580 802.4881591796875 1467.82470703125 -1 1419.547607421875 1503.149658203125 337447 1944.2689208984375 1510.90625 455458 1192.884033203125 1514.1846923828125 418753 1020.628173828125 1519.6766357421875 431192 2459.708740234375 1520.0098876953125 418583 2876.51416015625 1540.3455810546875 421748 2030.17138671875 1544.56396484375 418448 1746.0020751953125 1558.739013671875 418586 1748.5626220703125 1591.0401611328125 -1 3727.18994140625 1597.29638671875 -1 3051.233154296875 1605.581787109375 -1 3051.233154296875 1605.581787109375 -1 3432.609375 1635.210693359375 421750 2905.569091796875 1656.196533203125 -1 92.929473876953125 1669.650634765625 462634 1935.6416015625 1678.0662841796875 -1 1529.940185546875 1681.454345703125 418592 175.77688598632812 1689.63720703125 337739 582.19146728515625 1697.55712890625 -1 1256.671142578125 1715.993408203125 -1 2483.451416015625 1719.489013671875 -1 3708.154296875 1754.0740966796875 -1 3355.33837890625 1759.8011474609375 -1 1865.7188720703125 1767.843505859375 -1 2172.1904296875 1766.6529541015625 391232 2145.429931640625 1804.2100830078125 391264 2093.946044921875 1814.631103515625 -1 2177.95361328125 1814.703369140625 -1 3031.574951171875 1821.0308837890625 -1 3760.827880859375 1819.64990234375 451405 3732.56298828125 1828.1702880859375 -1 3488.105224609375 1843.6529541015625 451433 2127.005859375 1883.411865234375 391227 1453.72314453125 1890.6195068359375 480343 1118.3402099609375 1904.239013671875 418832 2316.251220703125 1907.7838134765625 414619 1708.1512451171875 1909.7523193359375 399936 1160.683349609375 1920.500732421875 473760 1278.6680908203125 1919.11328125 462176 1278.6680908203125 1919.11328125 -1 94.560585021972656 1926.594482421875 -1 471.57803344726562 1940.95654296875 392271 471.57803344726562 1940.95654296875 392267 1241.7965087890625 1938.499267578125 460490 2323.878662109375 1948.14892578125 421756 100.31256866455078 1961.851318359375 392274 2086.69189453125 1963.971435546875 -1 1726.153564453125 1971.5654296875 418605 3611.64794921875 1974.466796875 455731 1541.620849609375 1998.318115234375 -1 1541.620849609375 1998.318115234375 -1 684.52947998046875 1998.6558837890625 -1 684.52947998046875 1998.6558837890625 410736 1954.396240234375 2016.74462890625 -1 1320.674072265625 2018.4974365234375 -1 647.57257080078125 2035.122314453125 337748 2187.3740234375 2032.245849609375 -1 1918.487548828125 2040.422119140625 404143 2454.01513671875 2041.29833984375 -1 3052.45751953125 2038.5126953125 421760 3842.3193359375 2042.0225830078125 -1 3536.360107421875 2053.677734375 455131 3536.360107421875 2053.677734375 -1 1174.926025390625 2066.75048828125 391328 2754.671875 2071.93310546875 -1 2854.944091796875 2082.700439453125 -1 3936.1240234375 2084.44482421875 -1 3936.1240234375 2084.44482421875 -1 3802.580810546875 2095.4755859375 455755 3347.916015625 2104.07080078125 -1 3537.824462890625 2115.52392578125 -1 1291.690185546875 2126.133056640625 -1 3914.896484375 2131.570068359375 -1 731.51239013671875 2166.686767578125 391324 1984.3341064453125 2167.49853515625 -1 2759.08203125 2164.979248046875 -1 1079.0657958984375 2170.484130859375 391248 398.57785034179688 2180.603515625 418624 859.1270751953125 2181.241455078125 -1 1141.679931640625 2182.2998046875 1363630 1667.2913818359375 2186.16552734375 337441 1855.0242919921875 2185.0078125 -1 549.629638671875 2192.24951171875 432203 3269.00390625 2193.203369140625 1159950 1412.4656982421875 2202.290771484375 -1 1412.4656982421875 2202.290771484375 -1 1986.640380859375 2205.537841796875 -1 1986.640380859375 2205.537841796875 -1 1642.0843505859375 2216.225341796875 -1 1642.0843505859375 2216.225341796875 418633 2569.4091796875 2242.0302734375 -1 1155.408447265625 97.113906860351562 -1 640.18243408203125 125.51303100585938 -1 180.23800659179688 147.11589050292969 -1 520.93927001953125 146.26142883300781 -1 270.38577270507812 152.07241821289062 -1 812.50299072265625 165.45156860351562 -1 1652.505859375 196.49665832519531 -1 1581.1109619140625 205.70069885253906 -1 1313.890380859375 222.17622375488281 -1 1516.658447265625 227.22593688964844 -1 566.657470703125 229.28666687011719 -1 98.9556884765625 246.58204650878906 -1 1429.1859130859375 242.73338317871094 -1 1046.1099853515625 251.60855102539062 -1 1215.943359375 312.96826171875 -1 2516.816650390625 313.41592407226562 -1 3308.666015625 319.20855712890625 -1 2357.29345703125 323.7760009765625 -1 1160.771728515625 384.42022705078125 -1 1592.937255859375 416.421630859375 -1 3051.462890625 416.37265014648438 1354788 413.4561767578125 439.29559326171875 -1 413.4561767578125 439.29559326171875 -1 227.23893737792969 451.508056640625 -1 1564.7841796875 452.25070190429688 -1 2731.599609375 464.60345458984375 -1 27.679676055908203 505.59906005859375 -1 921.09307861328125 505.802734375 -1 2765.661376953125 505.35403442382812 1359164 2765.661376953125 505.35403442382812 -1 1241.2913818359375 508.46307373046875 -1 234.3345947265625 523.036376953125 462463 2934.11181640625 521.76800537109375 1354784 2934.11181640625 521.76800537109375 1354783 1701.673095703125 523.62451171875 -1 3177.44287109375 528.94110107421875 481824 882.84912109375 549.3477783203125 -1 35.900245666503906 554.24139404296875 -1 1152.9884033203125 557.800537109375 -1 634.48876953125 567.41302490234375 -1 2431.0908203125 591.03057861328125 -1 283.64108276367188 606.147705078125 1362509 1555.8095703125 609.9334716796875 -1 1629
2026-05-15T21:39:25.200000+00:00 md1shrunk1456-1778880862-3dgs/algo-1-1778880912 .3751220703125 612.7523193359375 -1 1492.9013671875 621.22418212890625 -1 3401.111083984375 638.05328369140625 1348905 2243.920654296875 667.299072265625 -1 1957.6484375 690.66888427734375 -1 3172.108154296875 699.8704833984375 1348904 2133.204345703125 706.54144287109375 -1 3593.2998046875 712.0914306640625 328750 3593.2998046875 712.0914306640625 481777 1268.8876953125 721.6815185546875 477639 3957.29638671875 739.63018798828125 -1 1759.4915771484375 773.1669921875 -1 3466.695556640625 782.79608154296875 1348909 1432.8099365234375 795.82916259765625 -1 2911.421875 819.52508544921875 481828 332.66696166992188 827.562255859375 462622 2823.2998046875 830.107421875 -1 1072.468505859375 890.63604736328125 -1 1072.468505859375 890.63604736328125 -1 1586.4134521484375 889.32427978515625 -1 1492.4158935546875 899.8177490234375 1365740 1022.01171875 904.2310791015625 -1 3608.7099609375 915.54449462890625 481782 3979.12646484375 948.44775390625 -1 3391.789306640625 956.5059814453125 480199 188.56446838378906 967.556884765625 -1 222.155029296875 966.75567626953125 -1 2241.578857421875 965.2705078125 -1 474.02069091796875 985.49005126953125 -1 3382.685546875 996.66131591796875 -1 970.2276611328125 1017.0842895507812 -1 920.27679443359375 1023.5488891601562 337435 664.70758056640625 1032.4132080078125 -1 2546.228515625 1029.4715576171875 -1 536.52899169921875 1040.937744140625 462604 1837.51025390625 1043.8785400390625 -1 526.8790283203125 1081.5518798828125 776790 1602.1644287109375 1077.905029296875 -1 1467.9173583984375 1094.5057373046875 -1 1467.9173583984375 1094.5057373046875 337431 1101.27197265625 1102.2144775390625 -1 995.8790283203125 1122.64599609375 -1 3102.7626953125 1131.026123046875 -1 1511.902587890625 1141.401123046875 418641 1092.809814453125 1156.0472412109375 431209 1604.59619140625 1158.9459228515625 -1 2189.888427734375 1171.7362060546875 -1 2346.71728515625 1227.0814208984375 -1 524.87158203125 1228.777587890625 -1 524.87158203125 1228.777587890625 -1 2286.96923828125 1230.607666015625 -1 485.31488037109375 1234.38671875 -1 412.62127685546875 1249.548583984375 -1 862.40386962890625 1255.4210205078125 466749 986.1153564453125 1259.8634033203125 -1 1818.9503173828125 1257.4266357421875 -1 2310.32080078125 1273.3280029296875 -1 3159.10400390625 1275.294921875 334155 3159.10400390625 1275.294921875 334156 2983.434814453125 1307.162353515625 -1 2983.434814453125 1307.162353515625 -1 1946.7918701171875 1310.2476806640625 -1 2829.369873046875 1311.3397216796875 421786 3173.5341796875 1317.697509765625 334159 3173.5341796875 1317.697509765625 -1 1886.5338134765625 1326.189453125 1363634 2432.54541015625 1325.9056396484375 -1 572.71368408203125 1357.609619140625 -1 572.71368408203125 1357.609619140625 -1 2595.88623046875 1353.384765625 409740 2595.88623046875 1353.384765625 409746 2644.41650390625 1359.6033935546875 451889 2644.41650390625 1359.6033935546875 451888 1516.675537109375 1369.093994140625 -1 1516.675537109375 1369.093994140625 -1 1178.56884765625 1377.3265380859375 423204 1665.9215087890625 1392.1129150390625 337430 2584.932861328125 1398.0015869140625 -1 2584.932861328125 1398.0015869140625 477103 1491.416259765625 1410.15234375 418650 3797.004150390625 1444.2486572265625 -1 1419.5057373046875 1458.8062744140625 392238 1057.649169921875 1464.916259765625 431211 1893.840087890625 1467.02001953125 421789 2604.358154296875 1470.162841796875 418653 110.68866729736328 1504.2432861328125 466787 955.860107421875 1511.47998046875 -1 368.07781982421875 1533.02099609375 466744 232.98043823242188 1552.289306640625 466785 3306.4580078125 1550.6552734375 -1 3134.555908203125 1557.96337890625 -1 390.91403198242188 1581.6419677734375 479196 686.7774658203125 1627.8636474609375 432295 3816.7587890625 1635.7431640625 -1 564.037353515625 1658.0457763671875 337732 2595.1591796875 1667.339599609375 -1 1970.1300048828125 1681.37109375 418589 2834.399169921875 1686.0924072265625 -1 2638.672119140625 1690.5389404296875 -1 3640.255859375 1709.049560546875 424148 3640.255859375 1709.049560546875 451445 2695.11279296875 1750.9351806640625 -1 1008.0701904296875 1762.5703125 -1 1408.544921875 1787.3729248046875 -1 1408.544921875 1787.3729248046875 480329 1735.59130859375 1782.9578857421875 490017 309.87158203125 1791.241943359375 403391 1281.553466796875 1801.283447265625 1347700 1350.3994140625 1821.1357421875 403696 98.732681274414062 1826.754638671875 421801 791.34490966796875 1847.971435546875 431216 24.095056533813477 1856.779052734375 -1 840.47967529296875 1859.67919921875 -1 2360.122314453125 1862.601318359375 415758 3895.048828125 1869.8671875 337141 3613.033447265625 1900.81201171875 -1 975.54693603515625 1903.66259765625 472465 2273.3359375 1928.524658203125 -1 1684.4781494140625 1977.1844482421875 337594 251.48828125 1986.1480712890625 -1 1424.111328125 1989.109619140625 1363638 1424.111328125 1989.109619140625 -1 405.461669921875 2003.0120849609375 -1 2675.830078125 2005.53125 448515 2675.830078125 2005.53125 450854 811.163818359375 2006.5924072265625 -1 541.357666015625 2019.9580078125 337443 721.24395751953125 2024.14404296875 413971 721.24395751953125 2024.14404296875 413960 1558.372314453125 2036.1761474609375 -1 3143.682861328125 2036.19287109375 -1 3751.22998046875 2040.008544921875 -1 3884.089599609375 2048.471435546875 -1 1778.0308837890625 2056.191162109375 337592 983.20953369140625 2105.97509765625 -1 1913.61083984375 2114.025634765625 -1 2756.92138671875 2114.720703125 -1 2487.27001953125 2130.165771484375 -1 1587.2802734375 2182.25439453125 -1 1587.2802734375 2182.25439453125 418661 3211.1591796875 2180.703857421875 -1 1037.79296875 2195.438232421875 391242 1271.4979248046875 2193.498779296875 -1 1098.6805419921875 2205.380859375 410807 735.60003662109375 2217.28466796875 -1 2233.196044921875 38.496795654296875 -1 1958.04443359375 72.945510864257812 -1 643.544677734375 121.04057312011719 -1 2590.572265625 139.72286987304688 -1 519.0025634765625 150.95848083496094 -1 1090.8704833984375 180.17288208007812 -1 154.32455444335938 189.13247680664062 -1 2416.705078125 198.903564453125 -1 1580.3387451171875 205.8575439453125 -1 1134.8895263671875 220.54031372070312 -1 545.6341552734375 243.96420288085938 -1 96.427352905273438 248.19337463378906 -1 2770.67724609375 253.041259765625 -1 1241.377685546875 264.0069580078125 -1 1432.48974609375 254.93893432617188 -1 1211.998779296875 310.5665283203125 -1 1643.251708984375 311.745849609375 1169409 659.95965576171875 352.44625854492188 -1 2378.884033203125 367.14718627929688 1170062 2378.884033203125 367.14718627929688 -1 1159.611572265625 383.94912719726562 -1 3544.963134765625 384.72653198242188 -1 2883.99853515625 401.6300048828125 -1 352.459228515625 429.93820190429688 -1 1398.39794921875 443.50479125976562 -1 461.6248779296875 453.94842529296875 -1 461.6248779296875 453.94842529296875 -1 1667.91796875 473.22964477539062 -1 2901.20556640625 470.18280029296875 1170063 3592.267578125 469.49154663085938 -1 29.741647720336914 502.75466918945312 -1 3900.8037109375 496.77447509765625 -1 618.22357177734375 518.1077880859375 -1 618.22357177734375 518.1077880859375 -1 553.035400390625 544.84490966796875 -1 1927.1240234375 542.55059814453125 -1 2662.319091796875 597.04266357421875 -1 283.05606079101562 605.5888671875 1362509 2353.9375 611.60003662109375 1361837 3617.618408203125 621.45556640625 -1 3693.25341796875 631.718994140625 -1 1274.2587890625 652.99261474609375 -1 1274.2587890625 652.99261474609375 -1 2635.43994140625 663.657470703125 1169414 3605.07177734375 666.9149169921875 327593 3605.07177734375 666.9149169921875 327592 1423.30322265625 684.5098876953125 -1 2554.96435546875 718.6309814453125 1169415 3646.67578125 731.25732421875 1361801 3646.67578125 731.25732421875 -1 3506.220458984375 739.27197265625 1348903 1760.9058837890625 771.40673828125 -1 3349.653076171875 778.25738525390625 -1 298.76300048828125 787.653076171875 462635 668.094970703125 820.9898681640625 -1 845.760986328125 819.0001220703125 409874 1139.29541015625 871.66876220703125 -1 1139.29541015625 871.66876220703125 776826 677.59033203125 877.6961669921875 473622 677.59033203125 877.6961669921875 476630 820.6160888671875 880.506103515625 476628 2976.0625 917.240234375 -1 1844.8082275390625 933.45391845703125 477105 648.60107421875 944.704345703125 476637 396.63143920898438 961.9013671875 -1 396.63143920898438 961.9013671875 -1 720.9588623046875 1023.459228515625 -1 922.10260009765625 1019.5354614257812 -1 1780.30517578125 1035.9290771484375 1365927 1844.554443359375 1043.4697265625 -1 2448.498046875 1036.4560546875 -1 3298.455810546875 1042.2064208984375 -1 58.393440246582031 1052.532470703125 -1 1997.0714111328125 1051.4222412109375 -1 2122.56640625 1070.099365234375 -1 3152.3095703125 1082.6588134765625 -1 3239.00341796875 1140.6846923828125 477106 3239.00341796875 1140.6846923828125 -1 1711.302734375 1159.5164794921875 -1 2717.3662109375 1175.8853759765625 -1 950.364013671875 1196.95849609375 472295 2190.501708984375 1219.790283203125 -1 1186.9556884765625 1228.517578125 -1 3331.805419921875 1271.4793701171875 -1 2981.98779296875 1310.3380126953125 -1 2981.98779296875 1310.3380126953125 -1 939.58099365234375 1372.6402587890625 -1 939.58099365234375 1372.6402587890625 -1 3468.373779296875 1401.763671875 421814 1258.4306640625 1409.6644287109375 -1 1725.156982421875 1420.6845703125 1365744 3202.581787109375 1450.154052734375 455462 3202.581787109375 1450.154052734375 496566 1059.212158203125 1464.38427734375 431211 2201.881103515625 1475.9300537109375 477946 3321.54833984375 1492.86328125 477936 3321.54833984375 1492.86328125 421819 3113.370361328125 1503.09375 -1 2242.7802734375 1531.7685546875 418670 2934.24658203125 1551.8983154296875 -1 3171.20947265625 1566.8824462890625 -1 577.834228515625 1607.95849609375 -1 2831.748046875 1689.1796875 -1 2479.58935546875 1712.998046875 -1 333.62271118164062 1729.939208984375 -1 3161.84375 1747.1953125 -1 1010.7921142578125 1849.437255859375 431222 25.587308883666992 1858.003662109375 -1 3954.970458984375 1856.56787109375 -1 2050.741943359375 1871.434326171875 -1 183.1947021484375 1895.006591796875 459944 183.1947021484375 1895.006591796875 421824 975.78955078125 1903.9271240234375 -1 2073.086181640625 1925.613037109375 414688 1340.0733642578125 1940.2186279296875 455420 656.2242431640625 1961.2572021484375 -1 305.853515625 1978.31494140625 -1 751.55517578125 1975.861328125 472241 1582.2247314453125 1989.365234375 411033 501.3072509765625 2019.6876220703125 -1 3440.01806640625 2019.6363525390625 -1 3440.01806640625 2019.6363525390625 -1 3145.517822265625 2037.322998046875 -1 1017.0166625976562 2045.582275390625 -1 1714.59814453125 2062.072998046875 -1 2578.4189453125 2141.430908203125 -1 2357.5859375 2175.447998046875 -1 1779.0533447265625 2191.85107421875 -1 2896.515869140625 2187.245849609375 450860 2896.515869140625 2187.245849609375 -1 908.871337890625 2204.127685546875 421833 971.402587890625 2200.077880859375 -1 3771.46435546875 2196.7734375 -1 3771.46435546875 2196.7734375 -1 2605.09423828125 2211.1259765625 -1 2159.69775390625 171.11019897460938 -1 1934.528564453125 199.37615966796875 -1 1812.9287109375 223.4959716796875 -1 2267.295654296875 226.98838806152344 -1 2337.41552734375 267.9447021484375 -1 2908.5341796875 305.19110107421875 -1 3312.578369140625 311.4420166015625 -1 3147.955078125 323.44268798828125 -1 2317.851806640625 344.614013671875 1169421 301.96453857421875 389.63619995117188 93072 620.497802734375 421.31170654296875 -1 2213.940673828125 432.05303955078125 -1 1334.302001953125 541.97308349609375 -1 298.2069091796875 545.553466796875 -1 748.20831298828125 553.68524169921875 -1 2022.8563232421875 548.92755126953125 1166830 2459.01171875 573.8992919921875 -1 418.70724487304688 581.2626953125 -1 3255.76953125 619.33935546875 334212 1005.886962890625 629.6776123046875 -1 1005.886962890625 629.6776123046875 -1 3492.432861328125 676.7310791015625 1359973 2217.18701171875 733.1258544921875 -1 1131.177734375 807.00140380859375 477646 1971.4771728515625 828.3720703125 1159955 3779.25048828125 821.78411865234375 481826 2401.394287109375 849.29437255859375 -1 3679.42578125 897.6680908203125 -1 1652.41015625 919.132568359375 -1 3088.081298828125 922.99749755859375 481832 3549.513671875 923.76904296875 -1 1162.548095703125 929.90142822265625 -1 2334.15185546875 947.97216796875 -1 2334.15185546875 947.97216796875 -1 1400.512939453125 1019.6893310546875 418677 1583.946533203125 1065.803466796875 -1 1583.946533203125 1065.803466796875 -1 2232.844482421875 1063.64599609375 -1 2232.844482421875 1063.64599609375 -1 3533.815673828125 1083.50244140625 -1 674.2767333984375 1090.204833984375 462659 3822.68603515625 1091.98193359375 -1 2830.20361328125 1108.8251953125 -1 2468.888427734375 1153.278076171875 -1 2944.040283203125 1153.54296875 -1 819.60113525390625 1202.5894775390625 577462 1328.983154296875 1220.54345703125 -1 1433.0225830078125 1230.2139892578125 -1 1772.9686279296875 1246.9478759765625 -1 1772.9686279296875 1246.9478759765625 -1 2641.299072265625 1272.1873779296875 421839 1521.3084716796875 1298.9716796875 -1 2173.635498046875 1353.65087890625 477110 3107.663818359375 1351.060546875 421842 3107.663818359375 1351.060546875 451903 2277.663818359375 1387.3609619140625 -1 3572.9267578125 1451.9464111328125 -1 150.12571716308594 1459.3785400390625 -1 2290.63818359375 1466.5953369140625 -1 2038.8836669921875 1484.641357421875 418682 3456.6494140625 1476.701904296875 -1 1128.1961669921875 1497.711669921875 -1 3232.8603515625 1505.8648681640625 478039 1598.8426513671875 1524.355712890625 410899 1598.8426513671875 1524.355712890625 421845 171.05010986328125 1534.053955078125 -1 1549.4212646484375 1604.2099609375 418688 1667.058837890625 1600.76416015625 418691 143.54220581054688 1606.052978515625 411081 143.54220581054688 1606.052978515625 478570 1315.0001220703125 1683.310302734375 -1 2582.04736328125 1733.95556640625 -1 45.772510528564453 1740.5084228515625 -1 215.51626586914062 1779.241455078125 425627 2355.9560546875 1793.7989501953125 1363653 2355.9560546875 1793.7989501953125 391199 2539.677734375 1788.373779296875 -1 1723.11376953125 1857.6380615234375 337590 1723.11376953125 1857.6380615234375 418697 844.54217529296875 1939.7620849609375 -1 439.2222900390625 1947.759521484375 -1 2023.23583984375 2031.4970703125 -1 2023.23583984375 2031.4970703125 -1 788.47528076171875 2096.424072265625 -1 882.8125 2099.42822265625 -1 1366.979248046875 2109.408447265625 -1 3111.78564453125 2163.371826171875 -1 2430.2744140625 2170.24267578125 455802 2430.2744140625 2170.24267578125 -1 2193.32958984375 2200.29833984375 -1 1339.3687744140625 2217.437744140625 -1 688.31597900390625 116.69844818115234 -1 56.994384765625 196.01412963867188 -1 288.7490234375 207.69891357421875 -1 2680.34521484375 231.67784118652344 -1 2974.31298828125 248.99139404296875 -1 1327.9991455078125 280.95263671875 -1 1815.84521484375 315.54052734375 -1 1267.2178955078125 348.38931274414062 -1 2502.841064453125 379.1324462890625 1169428 1631.3006591796875 412.7967529296875 -1 2347.501220703125 444.45703125 -1 3051.611572265625 440.5096435546875 -1 1897.8355712890625 457.765625 -1 1897.8355712890625 457.765625 -1 1295.35888671875 456.20480346679688 -1 1013.6279907226562 531.3656005859375 -1 3389.916015625 530.27496337890625 -1 3389.916015625 530.27496337890625 -1 1687.130859375 631.30255126953125 -1 457.5025634765625 657.8895263671875 -1 235.06593322753906 731.17181396484375 -1 961.22003173828125 728.31610107421875 -1 3407.5087890625 727.01025390625 -1 3326.19873046875 797.4652099609375 -1 3132.304931640625 824.00146484375 -1 586.8843994140625 891.39337158203125 462630 1964.1822509765625 896.02386474609375 1166289 3230.97900390625 915.20391845703125 -1 1715.012451171875 980.4957275390625 -1 3500.238037109375 1013.4750366210938 -1 1480.072998046875 1018.4127807617188 418704 2354.631103515625 1041.0264892578125 -1 2971.798095703125 1073.8829345703125 -1 2971.798095703125 1073.8829345703125 -1 819.2744140625 1087.734130859375 -1 704.2991943359375 1166.586669921875 473882 3265.84326171875 1218.255615234375 451909 2776.744140625 1324.31396484375 421852 339.67449951171875 1402.5323486328125 -1 339.67449951171875 1402.5323486328125 -1 3311.53369140625 1418.5185546875 -1 3311.53369140625 1418.5185546875 455135 376.17791748046875 1488.0054931640625 -1 1
2026-05-15T21:39:25.200000+00:00 md1shrunk1456-1778880862-3dgs/algo-1-1778880912 132.544921875 1501.0283203125 -1 247.4739990234375 1521.37060546875 466874 3433.3271484375 1558.673095703125 -1 2674.77783203125 1694.859619140625 -1 3770.525146484375 1696.038330078125 -1 3770.525146484375 1696.038330078125 -1 2471.25146484375 1731.99951171875 -1 2471.25146484375 1731.99951171875 -1 2280.268310546875 1747.0050048828125 -1 2671.6396484375 1786.15283203125 -1 2214.610595703125 1822.648193359375 -1 1190.2496337890625 1861.0927734375 462470 858.23614501953125 1934.188720703125 -1 1346.36279296875 1967.403076171875 -1 196.1932373046875 1987.3765869140625 405282 921.504150390625 2017.7451171875 1363663 1819.658935546875 2040.6181640625 -1 2836.599365234375 2056.1591796875 -1 3579.75537109375 2092.25634765625 -1 1793.700927734375 2128.412109375 -1 390.28033447265625 120.492919921875 -1 2505.0849609375 205.43197631835938 -1 2972.25390625 242.29217529296875 -1 3596.2578125 315.04745483398438 -1 1171.827392578125 336.86434936523438 -1 131.6651611328125 375.86990356445312 -1 131.6651611328125 375.86990356445312 -1 1632.509765625 411.92376708984375 -1 1270.474365234375 449.561767578125 -1 1315.2744140625 556.36639404296875 -1 1163.827880859375 614.58551025390625 -1 2784.948974609375 699.8330078125 -1 1876.245361328125 726.14007568359375 -1 1876.245361328125 726.14007568359375 -1 3386.69091796875 717.9647216796875 -1 3157.22509765625 733.1473388671875 481836 1966.6771240234375 791.64306640625 -1 1480.3492431640625 823.45587158203125 477792 2236.3603515625 951.1412353515625 -1 2442.21044921875 933.45465087890625 -1 1952.862060546875 1001.082763671875 -1 3500.08740234375 1014.2236328125 -1 2619.202880859375 1176.716064453125 -1 218.87948608398438 1320.0665283203125 -1 1086.916015625 1427.0128173828125 493724 864.3287353515625 1505.082275390625 421895 1458.2659912109375 1533.357666015625 -1 2278.862548828125 1735.5872802734375 -1 1311.860595703125 1798.30126953125 337407 2602.664794921875 1827.662353515625 -1 1967.0921630859375 2052.7626953125 -1 1660.6658935546875 2091.953369140625 -1 2044.5697021484375 2133.694580078125 -1 2044.5697021484375 2133.694580078125 -1 1846.5203857421875 125.61300659179688 -1 517.08154296875 193.20947265625 -1 1257.6298828125 211.10136413574219 -1 3856.4287109375 748.562255859375 -1 3722.39453125 870.08148193359375 -1 3722.39453125 870.08148193359375 -1 2804.27783203125 892.5137939453125 -1 3482.4169921875 889.79803466796875 -1 2653.861328125 913.1993408203125 -1 1368.8388671875 1070.9210205078125 -1 69.9832763671875 1086.080078125 -1 1556.0145263671875 1256.662109375 -1 429.4495849609375 1379.232421875 -1 2756.818359375 1439.13720703125 -1 2756.818359375 1439.13720703125 -1 3663.21240234375 1520.7666015625 -1 3271.8818359375 1607.5621337890625 -1 3271.8818359375 1607.5621337890625 -1 1856.9365234375 1767.5208740234375 -1 3867.954345703125 1760.962646484375 -1 633.4354248046875 1981.8736572265625 -1 1227.1973876953125 2113.819091796875 -1 1719.983642578125 276.20523071289062 -1 1152.2001953125 466.59515380859375 -1 1152.2001953125 466.59515380859375 -1 1541.3966064453125 521.77423095703125 -1 3126.75341796875 878.5997314453125 -1 1948.3001708984375 1168.64697265625 -1 3495.641845703125 1206.8914794921875 -1 2190.471923828125 1421.599853515625 -1 1345.4041748046875 1528.5474853515625 -1 2753.4912109375 1826.80517578125 -1 1924.6185302734375 1906.400146484375 -1 2543.540283203125 2065.84130859375 -1 3156.4169921875 413.6826171875 -1 2919.36376953125 1071.1708984375 -1 509.76150512695312 1186.517578125 -1 2580.068603515625 1382.495849609375 -1 2779.76806640625 1812.236083984375 -1 2779.76806640625 1812.236083984375 -1 2216.08203125 2071.8544921875 -1 2582.666015625 282.6031494140625 -1 1630.678955078125 842.1055908203125 -1 2014.8248291015625 1419.3018798828125 -1 313.922607421875 1652.657958984375 -1 894.2574462890625 372.45498657226562 -1 3653.6123046875 521.16162109375 -1 3319.316162109375 1625.029296875 -1 1509.451904296875 436.35073852539062 -1 3040.78662109375 1792.03125 -1
2026-05-15T21:39:25.200000+00:00 md1shrunk1456-1778880862-3dgs/algo-1-1778880912 2026-05-15 21:39:23,980 - INFO - ✅ COLMAP data validation passed - converting to NerfStudio format
2026-05-15T21:39:25.200000+00:00 md1shrunk1456-1778880862-3dgs/algo-1-1778880912 2026-05-15 21:39:23,980 - INFO - 🔄 Converting COLMAP data to NerfStudio format...
2026-05-15T21:39:25.200000+00:00 md1shrunk1456-1778880862-3dgs/algo-1-1778880912 2026-05-15 21:39:23,981 - INFO - 🔄 Converting COLMAP TXT to BIN (required by ns-process-data)...
2026-05-15T21:39:25.200000+00:00 md1shrunk1456-1778880862-3dgs/algo-1-1778880912 2026-05-15 21:39:23,981 - INFO -    TXT input: /opt/ml/input/data/training/sparse/0
2026-05-15T21:39:25.200000+00:00 md1shrunk1456-1778880862-3dgs/algo-1-1778880912 2026-05-15 21:39:23,981 - INFO -    BIN output: /tmp/nerfstudio_training/colmap_bin/0
2026-05-15T21:39:25.200000+00:00 md1shrunk1456-1778880862-3dgs/algo-1-1778880912 2026-05-15 21:39:23,981 - INFO - 🚀 Converting text to binary: colmap model_converter --input_path /opt/ml/input/data/training/sparse/0 --output_path /tmp/nerfstudio_training/colmap_bin/0 --output_type BIN
2026-05-15T21:39:35.203000+00:00 md1shrunk1456-1778880862-3dgs/algo-1-1778880912 2026-05-15 21:39:35,061 - INFO - 📊 COLMAP model_converter STDOUT:
2026-05-15T21:39:35.203000+00:00 md1shrunk1456-1778880862-3dgs/algo-1-1778880912 2026-05-15 21:39:35,061 - INFO -    STDOUT: (empty)
2026-05-15T21:39:35.203000+00:00 md1shrunk1456-1778880862-3dgs/algo-1-1778880912 2026-05-15 21:39:35,061 - INFO - 📊 COLMAP model_converter STDERR:
2026-05-15T21:39:35.203000+00:00 md1shrunk1456-1778880862-3dgs/algo-1-1778880912 2026-05-15 21:39:35,061 - INFO -    STDERR: (empty)
2026-05-15T21:39:35.203000+00:00 md1shrunk1456-1778880862-3dgs/algo-1-1778880912 2026-05-15 21:39:35,061 - INFO - 📊 BINARY FILE VERIFICATION:
2026-05-15T21:39:35.203000+00:00 md1shrunk1456-1778880862-3dgs/algo-1-1778880912 2026-05-15 21:39:35,061 - INFO -    ✅ cameras.bin: 64 bytes
2026-05-15T21:39:35.203000+00:00 md1shrunk1456-1778880862-3dgs/algo-1-1778880912 2026-05-15 21:39:35,061 - INFO -    ✅ images.bin: 367276517 bytes
2026-05-15T21:39:35.203000+00:00 md1shrunk1456-1778880862-3dgs/algo-1-1778880912 2026-05-15 21:39:35,061 - INFO -    ✅ points3D.bin: 96003379 bytes
2026-05-15T21:39:35.203000+00:00 md1shrunk1456-1778880862-3dgs/algo-1-1778880912 2026-05-15 21:39:35,061 - INFO - ✅ COLMAP TXT→BIN conversion completed successfully
2026-05-15T21:39:35.203000+00:00 md1shrunk1456-1778880862-3dgs/algo-1-1778880912 2026-05-15 21:39:35,061 - INFO - 🚀 Executing COLMAP conversion command:
2026-05-15T21:39:35.203000+00:00 md1shrunk1456-1778880862-3dgs/algo-1-1778880912 2026-05-15 21:39:35,061 - INFO -    ns-process-data images --data /opt/ml/input/data/training/images --output-dir /tmp/nerfstudio_training/converted_data --skip-colmap --colmap-model-path /tmp/nerfstudio_training/colmap_bin/0
2026-05-15T21:42:31.253000+00:00 md1shrunk1456-1778880862-3dgs/algo-1-1778880912 2026-05-15 21:42:30,585 - INFO - 📊 ns-process-data STDOUT:
2026-05-15T21:42:31.253000+00:00 md1shrunk1456-1778880862-3dgs/algo-1-1778880912 2026-05-15 21:42:30,585 - INFO -    STDOUT: ✅ sitecustomize: filtered deprecated CUDA arch flags (TORCH_CUDA_ARCH_LIST=8.0 8.6)
2026-05-15T21:42:31.253000+00:00 md1shrunk1456-1778880862-3dgs/algo-1-1778880912 2026-05-15 21:42:30,585 - INFO -    STDOUT: ✅ sitecustomize: patched nerfstudio PIL conversion
2026-05-15T21:42:31.253000+00:00 md1shrunk1456-1778880862-3dgs/algo-1-1778880912 2026-05-15 21:42:30,585 - INFO -    STDOUT: [21:41:51] 🎉 Done copying images with prefix 'frame_'.                                        process_data_utils.py:348
2026-05-15T21:42:31.253000+00:00 md1shrunk1456-1778880862-3dgs/algo-1-1778880912 2026-05-15 21:42:30,585 - INFO -    STDOUT: [21:42:29] 🎉 🎉 🎉 All DONE 🎉 🎉 🎉                                                images_to_nerfstudio_dataset.py:135
2026-05-15T21:42:31.253000+00:00 md1shrunk1456-1778880862-3dgs/algo-1-1778880912 2026-05-15 21:42:30,585 - INFO -    STDOUT:            Starting with 1456 images                                                 images_to_nerfstudio_dataset.py:138
2026-05-15T21:42:31.253000+00:00 md1shrunk1456-1778880862-3dgs/algo-1-1778880912 2026-05-15 21:42:30,585 - INFO -    STDOUT:            Colmap matched 1456 images                                                images_to_nerfstudio_dataset.py:138
2026-05-15T21:42:31.253000+00:00 md1shrunk1456-1778880862-3dgs/algo-1-1778880912 2026-05-15 21:42:30,585 - INFO -    STDOUT:            COLMAP found poses for all images, CONGRATS!                              images_to_nerfstudio_dataset.py:138
2026-05-15T21:42:31.253000+00:00 md1shrunk1456-1778880862-3dgs/algo-1-1778880912 2026-05-15 21:42:30,585 - INFO - 📊 ns-process-data STDERR:
2026-05-15T21:42:31.253000+00:00 md1shrunk1456-1778880862-3dgs/algo-1-1778880912 2026-05-15 21:42:30,585 - INFO -    STDERR: (empty)
2026-05-15T21:42:31.253000+00:00 md1shrunk1456-1778880862-3dgs/algo-1-1778880912 2026-05-15 21:42:30,585 - INFO - 📁 Updated input directory for validation: /tmp/nerfstudio_training/converted_data
2026-05-15T21:42:31.254000+00:00 md1shrunk1456-1778880862-3dgs/algo-1-1778880912 2026-05-15 21:42:30,585 - INFO - 🔍 COMPREHENSIVE transforms.json validation...
2026-05-15T21:42:31.254000+00:00 md1shrunk1456-1778880862-3dgs/algo-1-1778880912 2026-05-15 21:42:30,678 - INFO - 📄 transforms.json file size: 1287065 bytes
2026-05-15T21:42:31.254000+00:00 md1shrunk1456-1778880862-3dgs/algo-1-1778880912 2026-05-15 21:42:30,678 - INFO - 📊 TOP-LEVEL STRUCTURE:
2026-05-15T21:42:31.254000+00:00 md1shrunk1456-1778880862-3dgs/algo-1-1778880912 2026-05-15 21:42:30,678 - INFO -    ✅ frames: present
2026-05-15T21:42:31.254000+00:00 md1shrunk1456-1778880862-3dgs/algo-1-1778880912 2026-05-15 21:42:30,678 - INFO -    ⚠️  camera_angle_x: not present (optional)
2026-05-15T21:42:31.254000+00:00 md1shrunk1456-1778880862-3dgs/algo-1-1778880912 2026-05-15 21:42:30,678 - INFO -    ✅ fl_x: 3031.5864084787368
2026-05-15T21:42:31.254000+00:00 md1shrunk1456-1778880862-3dgs/algo-1-1778880912 2026-05-15 21:42:30,678 - INFO -    ✅ fl_y: 3031.5864084787368
2026-05-15T21:42:31.254000+00:00 md1shrunk1456-1778880862-3dgs/algo-1-1778880912 2026-05-15 21:42:30,678 - INFO -    ✅ cx: 2000.0
2026-05-15T21:42:31.254000+00:00 md1shrunk1456-1778880862-3dgs/algo-1-1778880912 2026-05-15 21:42:30,678 - INFO -    ✅ cy: 1125.0
2026-05-15T21:42:31.254000+00:00 md1shrunk1456-1778880862-3dgs/algo-1-1778880912 2026-05-15 21:42:30,678 - INFO -    ✅ w: 4000
2026-05-15T21:42:31.254000+00:00 md1shrunk1456-1778880862-3dgs/algo-1-1778880912 2026-05-15 21:42:30,678 - INFO -    ✅ h: 2250
2026-05-15T21:42:31.254000+00:00 md1shrunk1456-1778880862-3dgs/algo-1-1778880912 2026-05-15 21:42:30,678 - INFO -    ✅ k1: 0.0007483247412328262
2026-05-15T21:42:31.254000+00:00 md1shrunk1456-1778880862-3dgs/algo-1-1778880912 2026-05-15 21:42:30,678 - INFO -    ✅ k2: 0.0
2026-05-15T21:42:31.254000+00:00 md1shrunk1456-1778880862-3dgs/algo-1-1778880912 2026-05-15 21:42:30,678 - INFO -    ✅ p1: 0.0
2026-05-15T21:42:31.254000+00:00 md1shrunk1456-1778880862-3dgs/algo-1-1778880912 2026-05-15 21:42:30,678 - INFO -    ✅ p2: 0.0
2026-05-15T21:42:31.254000+00:00 md1shrunk1456-1778880862-3dgs/algo-1-1778880912 2026-05-15 21:42:30,678 - INFO - 📊 FRAMES ANALYSIS:
2026-05-15T21:42:31.254000+00:00 md1shrunk1456-1778880862-3dgs/algo-1-1778880912 2026-05-15 21:42:30,678 - INFO -    Total frames: 1456
2026-05-15T21:42:31.254000+00:00 md1shrunk1456-1778880862-3dgs/algo-1-1778880912 2026-05-15 21:42:30,679 - INFO -    ✅ 1456 frames available
2026-05-15T21:42:31.254000+00:00 md1shrunk1456-1778880862-3dgs/algo-1-1778880912 2026-05-15 21:42:30,679 - INFO -    📋 FRAME 0:
2026-05-15T21:42:31.254000+00:00 md1shrunk1456-1778880862-3dgs/algo-1-1778880912 2026-05-15 21:42:30,679 - INFO -       file_path: images/frame_01456.JPG
2026-05-15T21:42:31.254000+00:00 md1shrunk1456-1778880862-3dgs/algo-1-1778880912 2026-05-15 21:42:30,679 - INFO -       ✅ Image file exists: frame_01456.JPG
2026-05-15T21:42:31.254000+00:00 md1shrunk1456-1778880862-3dgs/algo-1-1778880912 2026-05-15 21:42:30,679 - INFO -       ✅ transform_matrix: 4x4 matrix present
2026-05-15T21:42:31.254000+00:00 md1shrunk1456-1778880862-3dgs/algo-1-1778880912 2026-05-15 21:42:30,679 - INFO -       ✅ transform_matrix has non-zero values
2026-05-15T21:42:31.254000+00:00 md1shrunk1456-1778880862-3dgs/algo-1-1778880912 2026-05-15 21:42:30,679 - INFO -    📋 FRAME 1:
2026-05-15T21:42:31.254000+00:00 md1shrunk1456-1778880862-3dgs/algo-1-1778880912 2026-05-15 21:42:30,679 - INFO -       file_path: images/frame_01455.JPG
2026-05-15T21:42:31.254000+00:00 md1shrunk1456-1778880862-3dgs/algo-1-1778880912 2026-05-15 21:42:30,679 - INFO -       ✅ Image file exists: frame_01455.JPG
2026-05-15T21:42:31.254000+00:00 md1shrunk1456-1778880862-3dgs/algo-1-1778880912 2026-05-15 21:42:30,679 - INFO -       ✅ transform_matrix: 4x4 matrix present
2026-05-15T21:42:31.254000+00:00 md1shrunk1456-1778880862-3dgs/algo-1-1778880912 2026-05-15 21:42:30,679 - INFO -       ✅ transform_matrix has non-zero values
2026-05-15T21:42:31.254000+00:00 md1shrunk1456-1778880862-3dgs/algo-1-1778880912 2026-05-15 21:42:30,679 - INFO -    📋 FRAME 2:
2026-05-15T21:42:31.254000+00:00 md1shrunk1456-1778880862-3dgs/algo-1-1778880912 2026-05-15 21:42:30,679 - INFO -       file_path: images/frame_01454.JPG
2026-05-15T21:42:31.254000+00:00 md1shrunk1456-1778880862-3dgs/algo-1-1778880912 2026-05-15 21:42:30,679 - INFO -       ✅ Image file exists: frame_01454.JPG
2026-05-15T21:42:31.254000+00:00 md1shrunk1456-1778880862-3dgs/algo-1-1778880912 2026-05-15 21:42:30,679 - INFO -       ✅ transform_matrix: 4x4 matrix present
2026-05-15T21:42:31.254000+00:00 md1shrunk1456-1778880862-3dgs/algo-1-1778880912 2026-05-15 21:42:30,679 - INFO -       ✅ transform_matrix has non-zero values
2026-05-15T21:42:31.254000+00:00 md1shrunk1456-1778880862-3dgs/algo-1-1778880912 2026-05-15 21:42:30,679 - INFO -    📋 FRAME 3:
2026-05-15T21:42:31.254000+00:00 md1shrunk1456-1778880862-3dgs/algo-1-1778880912 2026-05-15 21:42:30,679 - INFO -       file_path: images/frame_01453.JPG
2026-05-15T21:42:31.254000+00:00 md1shrunk1456-1778880862-3dgs/algo-1-1778880912 2026-05-15 21:42:30,679 - INFO -       ✅ Image file exists: frame_01453.JPG
2026-05-15T21:42:31.254000+00:00 md1shrunk1456-1778880862-3dgs/algo-1-1778880912 2026-05-15 21:42:30,680 - INFO -       ✅ transform_matrix: 4x4 matrix present
2026-05-15T21:42:31.254000+00:00 md1shrunk1456-1778880862-3dgs/algo-1-1778880912 2026-05-15 21:42:30,680 - INFO -       ✅ transform_matrix has non-zero values
2026-05-15T21:42:31.254000+00:00 md1shrunk1456-1778880862-3dgs/algo-1-1778880912 2026-05-15 21:42:30,680 - INFO -    📋 FRAME 4:
2026-05-15T21:42:31.254000+00:00 md1shrunk1456-1778880862-3dgs/algo-1-1778880912 2026-05-15 21:42:30,680 - INFO -       file_path: images/frame_01452.JPG
2026-05-15T21:42:31.254000+00:00 md1shrunk1456-1778880862-3dgs/algo-1-1778880912 2026-05-15 21:42:30,680 - INFO -       ✅ Image file exists: frame_01452.JPG
2026-05-15T21:42:31.254000+00:00 md1shrunk1456-1778880862-3dgs/algo-1-1778880912 2026-05-15 21:42:30,680 - INFO -       ✅ transform_matrix: 4x4 matrix present
2026-05-15T21:42:31.254000+00:00 md1shrunk1456-1778880862-3dgs/algo-1-1778880912 2026-05-15 21:42:30,680 - INFO -       ✅ transform_matrix has non-zero values
2026-05-15T21:42:31.254000+00:00 md1shrunk1456-1778880862-3dgs/algo-1-1778880912 2026-05-15 21:42:30,680 - INFO - 📊 VALIDATION SUMMARY:
2026-05-15T21:42:31.254000+00:00 md1shrunk1456-1778880862-3dgs/algo-1-1778880912 2026-05-15 21:42:30,680 - INFO -    Total frames: 1456
2026-05-15T21:42:31.254000+00:00 md1shrunk1456-1778880862-3dgs/algo-1-1778880912 2026-05-15 21:42:30,680 - INFO -    Valid frames: 5
2026-05-15T21:42:31.254000+00:00 md1shrunk1456-1778880862-3dgs/algo-1-1778880912 2026-05-15 21:42:30,680 - INFO -    Success rate: 0.3%
2026-05-15T21:42:31.254000+00:00 md1shrunk1456-1778880862-3dgs/algo-1-1778880912 2026-05-15 21:42:30,680 - INFO - ✅ transforms.json validation passed
2026-05-15T21:42:31.254000+00:00 md1shrunk1456-1778880862-3dgs/algo-1-1778880912 2026-05-15 21:42:30,681 - INFO - ✅ COLMAP data converted successfully
2026-05-15T21:42:31.254000+00:00 md1shrunk1456-1778880862-3dgs/algo-1-1778880912 2026-05-15 21:42:30,681 - INFO - 📁 Final input directory: /tmp/nerfstudio_training/converted_data
2026-05-15T21:42:31.255000+00:00 md1shrunk1456-1778880862-3dgs/algo-1-1778880912 2026-05-15 21:42:30,688 - INFO - 🔥 Starting NerfStudio training (splatfacto-w-light)
2026-05-15T21:42:31.255000+00:00 md1shrunk1456-1778880862-3dgs/algo-1-1778880912 2026-05-15 21:42:30,688 - INFO - ============================================================
2026-05-15T21:42:31.255000+00:00 md1shrunk1456-1778880862-3dgs/algo-1-1778880912 2026-05-15 21:42:30,688 - INFO - 🎯 Training Configuration:
2026-05-15T21:42:31.255000+00:00 md1shrunk1456-1778880862-3dgs/algo-1-1778880912 2026-05-15 21:42:30,688 - INFO -    Model: splatfacto-w-light
2026-05-15T21:42:31.255000+00:00 md1shrunk1456-1778880862-3dgs/algo-1-1778880912 2026-05-15 21:42:30,688 - INFO -    Max iterations: 30000
2026-05-15T21:42:31.255000+00:00 md1shrunk1456-1778880862-3dgs/algo-1-1778880912 2026-05-15 21:42:30,688 - INFO -    SH degree: 3
2026-05-15T21:42:31.255000+00:00 md1shrunk1456-1778880862-3dgs/algo-1-1778880912 2026-05-15 21:42:30,688 - INFO -    Rasterize mode: classic
2026-05-15T21:42:31.255000+00:00 md1shrunk1456-1778880862-3dgs/algo-1-1778880912 2026-05-15 21:42:30,688 - INFO -    Scale regularization: True
2026-05-15T21:42:31.255000+00:00 md1shrunk1456-1778880862-3dgs/algo-1-1778880912 2026-05-15 21:42:30,688 - INFO -    Cull alpha threshold: 0.12
2026-05-15T21:42:31.255000+00:00 md1shrunk1456-1778880862-3dgs/algo-1-1778880912 2026-05-15 21:42:30,688 - INFO -    Cull scale threshold: 0.35
2026-05-15T21:42:31.255000+00:00 md1shrunk1456-1778880862-3dgs/algo-1-1778880912 2026-05-15 21:42:30,688 - INFO -    Background model: True
2026-05-15T21:42:31.255000+00:00 md1shrunk1456-1778880862-3dgs/algo-1-1778880912 2026-05-15 21:42:30,688 - INFO -    Alpha loss: True
2026-05-15T21:42:31.255000+00:00 md1shrunk1456-1778880862-3dgs/algo-1-1778880912 2026-05-15 21:42:30,689 - INFO -    Robust sky masking: True
2026-05-15T21:42:31.255000+00:00 md1shrunk1456-1778880862-3dgs/algo-1-1778880912 2026-05-15 21:42:30,689 - INFO -    Background SH degree: 8
2026-05-15T21:42:31.255000+00:00 md1shrunk1456-1778880862-3dgs/algo-1-1778880912 2026-05-15 21:42:30,689 - INFO -    Appearance embedding dim: 64
2026-05-15T21:42:31.255000+00:00 md1shrunk1456-1778880862-3dgs/algo-1-1778880912 2026-05-15 21:42:30,689 - INFO -    Log interval: 100
2026-05-15T21:42:31.255000+00:00 md1shrunk1456-1778880862-3dgs/algo-1-1778880912 2026-05-15 21:42:30,689 - INFO -    Dataparser: transforms.json (via ns-process-data conversion)
2026-05-15T21:42:31.255000+00:00 md1shrunk1456-1778880862-3dgs/algo-1-1778880912 2026-05-15 21:42:30,689 - INFO - ℹ️  Bilateral guided processing disabled
2026-05-15T21:42:31.255000+00:00 md1shrunk1456-1778880862-3dgs/algo-1-1778880912 2026-05-15 21:42:30,689 - INFO - 🖥️  A10G GPU optimization enabled (max-gauss-ratio: 10.0)
2026-05-15T21:42:31.255000+00:00 md1shrunk1456-1778880862-3dgs/algo-1-1778880912 2026-05-15 21:42:30,689 - INFO - 🪟 Viewer disabled for headless SageMaker training (--vis tensorboard)
2026-05-15T21:42:31.255000+00:00 md1shrunk1456-1778880862-3dgs/algo-1-1778880912 2026-05-15 21:42:30,689 - INFO - 🚀 Executing NerfStudio training command:
2026-05-15T21:42:31.255000+00:00 md1shrunk1456-1778880862-3dgs/algo-1-1778880912 2026-05-15 21:42:30,689 - INFO -    ns-train splatfacto-w-light --data /tmp/nerfstudio_training/converted_data --output-dir /tmp/nerfstudio_training --vis tensorboard --max_num_iterations 30000 --pipeline.model.sh_degree 3 --logging.steps_per_log 100 --pipeline.model.rasterize_mode classic --pipeline.model.use_scale_regularization True --pipeline.model.cull_alpha_thresh 0.12 --pipeline.model.cull_scale_thresh 0.35 --pipeline.model.enable_bg_model True --pipeline.model.enable_alpha_loss True --pipeline.model.enable_robust_mask True --pipeline.model.bg_sh_degree 8 --pipeline.model.appearance_embed_dim 64 --pipeline.model.never_mask_upper 0.4 --pipeline.model.max-gauss-ratio 10.0
2026-05-15T21:42:31.255000+00:00 md1shrunk1456-1778880862-3dgs/algo-1-1778880912 2026-05-15 21:42:30,689 - INFO - ============================================================
2026-05-15T21:42:31.255000+00:00 md1shrunk1456-1778880862-3dgs/algo-1-1778880912 2026-05-15 21:42:30,689 - INFO - ⏱️  Training timeout: 14400 seconds
2026-05-15T21:42:31.255000+00:00 md1shrunk1456-1778880862-3dgs/algo-1-1778880912 2026-05-15 21:42:30,689 - INFO - 🐍 PYTHONPATH for ns-train: /opt/ml/code:/opt/ml/code:
