2026-05-14T06:33:44.485000+00:00 md1-baseline-e2e-20260514032448-sfm/algo-1-1778729134 COLMAP[mapper_spatial_sequential_only] I20260514 06:33:44.021896  4195 incremental_pipeline.cc:524] Registering image #1724 (num_reg_frames=534)
2026-05-14T06:33:44.485000+00:00 md1-baseline-e2e-20260514032448-sfm/algo-1-1778729134 COLMAP[mapper_spatial_sequential_only] I20260514 06:33:44.021958  4195 incremental_pipeline.cc:527] => Image sees 1324 / 7734 points
2026-05-14T06:33:45.485000+00:00 md1-baseline-e2e-20260514032448-sfm/algo-1-1778729134 COLMAP[mapper_spatial_sequential_only] I20260514 06:33:45.470131  4195 incremental_pipeline.cc:524] Registering image #1636 (num_reg_frames=535)
2026-05-14T06:33:45.485000+00:00 md1-baseline-e2e-20260514032448-sfm/algo-1-1778729134 COLMAP[mapper_spatial_sequential_only] I20260514 06:33:45.470196  4195 incremental_pipeline.cc:527] => Image sees 1397 / 7740 points
2026-05-14T06:33:47.486000+00:00 md1-baseline-e2e-20260514032448-sfm/algo-1-1778729134 COLMAP[mapper_spatial_sequential_only] I20260514 06:33:47.170150  4195 incremental_pipeline.cc:524] Registering image #1613 (num_reg_frames=536)
2026-05-14T06:33:47.486000+00:00 md1-baseline-e2e-20260514032448-sfm/algo-1-1778729134 COLMAP[mapper_spatial_sequential_only] I20260514 06:33:47.170207  4195 incremental_pipeline.cc:527] => Image sees 1390 / 8328 points
2026-05-14T06:33:49.487000+00:00 md1-baseline-e2e-20260514032448-sfm/algo-1-1778729134 COLMAP[mapper_spatial_sequential_only] I20260514 06:33:48.616863  4195 incremental_pipeline.cc:524] Registering image #1725 (num_reg_frames=537)
2026-05-14T06:33:49.487000+00:00 md1-baseline-e2e-20260514032448-sfm/algo-1-1778729134 COLMAP[mapper_spatial_sequential_only] I20260514 06:33:48.616928  4195 incremental_pipeline.cc:527] => Image sees 1297 / 8197 points
2026-05-14T06:33:50.487000+00:00 md1-baseline-e2e-20260514032448-sfm/algo-1-1778729134 COLMAP[mapper_spatial_sequential_only] I20260514 06:33:50.210390  4195 incremental_pipeline.cc:524] Registering image #1598 (num_reg_frames=538)
2026-05-14T06:33:50.487000+00:00 md1-baseline-e2e-20260514032448-sfm/algo-1-1778729134 COLMAP[mapper_spatial_sequential_only] I20260514 06:33:50.210458  4195 incremental_pipeline.cc:527] => Image sees 1095 / 6030 points
2026-05-14T06:33:52.488000+00:00 md1-baseline-e2e-20260514032448-sfm/algo-1-1778729134 COLMAP[mapper_spatial_sequential_only] I20260514 06:33:52.128384  4195 incremental_pipeline.cc:524] Registering image #1370 (num_reg_frames=539)
2026-05-14T06:33:52.488000+00:00 md1-baseline-e2e-20260514032448-sfm/algo-1-1778729134 COLMAP[mapper_spatial_sequential_only] I20260514 06:33:52.128444  4195 incremental_pipeline.cc:527] => Image sees 1894 / 6783 points
2026-05-14T06:33:54.489000+00:00 md1-baseline-e2e-20260514032448-sfm/algo-1-1778729134 COLMAP[mapper_spatial_sequential_only] I20260514 06:33:53.928638  4195 incremental_pipeline.cc:524] Registering image #1596 (num_reg_frames=540)
2026-05-14T06:33:54.489000+00:00 md1-baseline-e2e-20260514032448-sfm/algo-1-1778729134 COLMAP[mapper_spatial_sequential_only] I20260514 06:33:53.928704  4195 incremental_pipeline.cc:527] => Image sees 1098 / 8090 points
2026-05-14T06:33:56.489000+00:00 md1-baseline-e2e-20260514032448-sfm/algo-1-1778729134 COLMAP[mapper_spatial_sequential_only] I20260514 06:33:55.638260  4195 incremental_pipeline.cc:524] Registering image #1369 (num_reg_frames=541)
2026-05-14T06:33:56.489000+00:00 md1-baseline-e2e-20260514032448-sfm/algo-1-1778729134 COLMAP[mapper_spatial_sequential_only] I20260514 06:33:55.638324  4195 incremental_pipeline.cc:527] => Image sees 1458 / 7294 points
2026-05-14T06:33:58.490000+00:00 md1-baseline-e2e-20260514032448-sfm/algo-1-1778729134 COLMAP[mapper_spatial_sequential_only] I20260514 06:33:57.539784  4195 incremental_pipeline.cc:524] Registering image #1368 (num_reg_frames=542)
2026-05-14T06:33:58.490000+00:00 md1-baseline-e2e-20260514032448-sfm/algo-1-1778729134 COLMAP[mapper_spatial_sequential_only] I20260514 06:33:57.539851  4195 incremental_pipeline.cc:527] => Image sees 2027 / 7916 points
2026-05-14T06:34:00.492000+00:00 md1-baseline-e2e-20260514032448-sfm/algo-1-1778729134 COLMAP[mapper_spatial_sequential_only] I20260514 06:33:59.572149  4195 incremental_pipeline.cc:524] Registering image #1597 (num_reg_frames=543)
2026-05-14T06:34:00.492000+00:00 md1-baseline-e2e-20260514032448-sfm/algo-1-1778729134 COLMAP[mapper_spatial_sequential_only] I20260514 06:33:59.572222  4195 incremental_pipeline.cc:527] => Image sees 2257 / 8070 points
2026-05-14T06:34:01.492000+00:00 md1-baseline-e2e-20260514032448-sfm/algo-1-1778729134 COLMAP[mapper_spatial_sequential_only] I20260514 06:34:01.389523  4195 incremental_pipeline.cc:524] Registering image #1367 (num_reg_frames=544)
2026-05-14T06:34:01.492000+00:00 md1-baseline-e2e-20260514032448-sfm/algo-1-1778729134 COLMAP[mapper_spatial_sequential_only] I20260514 06:34:01.389591  4195 incremental_pipeline.cc:527] => Image sees 2290 / 7622 points
2026-05-14T06:34:03.493000+00:00 md1-baseline-e2e-20260514032448-sfm/algo-1-1778729134 COLMAP[mapper_spatial_sequential_only] I20260514 06:34:03.484592  4195 incremental_pipeline.cc:524] Registering image #1594 (num_reg_frames=545)
2026-05-14T06:34:03.493000+00:00 md1-baseline-e2e-20260514032448-sfm/algo-1-1778729134 COLMAP[mapper_spatial_sequential_only] I20260514 06:34:03.484655  4195 incremental_pipeline.cc:527] => Image sees 1626 / 8222 points
2026-05-14T06:34:05.500000+00:00 md1-baseline-e2e-20260514032448-sfm/algo-1-1778729134 COLMAP[mapper_spatial_sequential_only] I20260514 06:34:05.271025  4195 incremental_pipeline.cc:524] Registering image #1366 (num_reg_frames=546)
2026-05-14T06:34:05.500000+00:00 md1-baseline-e2e-20260514032448-sfm/algo-1-1778729134 COLMAP[mapper_spatial_sequential_only] I20260514 06:34:05.271082  4195 incremental_pipeline.cc:527] => Image sees 1843 / 7296 points
2026-05-14T06:34:07.500000+00:00 md1-baseline-e2e-20260514032448-sfm/algo-1-1778729134 COLMAP[mapper_spatial_sequential_only] I20260514 06:34:07.079434  4195 incremental_pipeline.cc:524] Registering image #1432 (num_reg_frames=547)
2026-05-14T06:34:07.500000+00:00 md1-baseline-e2e-20260514032448-sfm/algo-1-1778729134 COLMAP[mapper_spatial_sequential_only] I20260514 06:34:07.079495  4195 incremental_pipeline.cc:527] => Image sees 1477 / 7776 points
2026-05-14T06:34:09.511000+00:00 md1-baseline-e2e-20260514032448-sfm/algo-1-1778729134 COLMAP[mapper_spatial_sequential_only] I20260514 06:34:08.682439  4195 incremental_pipeline.cc:524] Registering image #1431 (num_reg_frames=548)
2026-05-14T06:34:09.511000+00:00 md1-baseline-e2e-20260514032448-sfm/algo-1-1778729134 COLMAP[mapper_spatial_sequential_only] I20260514 06:34:08.682502  4195 incremental_pipeline.cc:527] => Image sees 1960 / 7909 points
2026-05-14T06:34:10.512000+00:00 md1-baseline-e2e-20260514032448-sfm/algo-1-1778729134 COLMAP[mapper_spatial_sequential_only] I20260514 06:34:10.433533  4195 incremental_pipeline.cc:524] Registering image #1433 (num_reg_frames=549)
2026-05-14T06:34:10.512000+00:00 md1-baseline-e2e-20260514032448-sfm/algo-1-1778729134 COLMAP[mapper_spatial_sequential_only] I20260514 06:34:10.433588  4195 incremental_pipeline.cc:527] => Image sees 2043 / 6771 points
2026-05-14T06:34:12.512000+00:00 md1-baseline-e2e-20260514032448-sfm/algo-1-1778729134 COLMAP[mapper_spatial_sequential_only] I20260514 06:34:12.236891  4195 incremental_pipeline.cc:524] Registering image #1541 (num_reg_frames=550)
2026-05-14T06:34:12.512000+00:00 md1-baseline-e2e-20260514032448-sfm/algo-1-1778729134 COLMAP[mapper_spatial_sequential_only] I20260514 06:34:12.236958  4195 incremental_pipeline.cc:527] => Image sees 2576 / 6904 points
2026-05-14T06:34:14.513000+00:00 md1-baseline-e2e-20260514032448-sfm/algo-1-1778729134 COLMAP[mapper_spatial_sequential_only] I20260514 06:34:14.138046  4195 incremental_pipeline.cc:524] Registering image #1539 (num_reg_frames=551)
2026-05-14T06:34:14.513000+00:00 md1-baseline-e2e-20260514032448-sfm/algo-1-1778729134 COLMAP[mapper_spatial_sequential_only] I20260514 06:34:14.138145  4195 incremental_pipeline.cc:527] => Image sees 3086 / 7015 points
2026-05-14T06:34:16.514000+00:00 md1-baseline-e2e-20260514032448-sfm/algo-1-1778729134 COLMAP[mapper_spatial_sequential_only] I20260514 06:34:16.195266  4195 incremental_pipeline.cc:524] Registering image #1429 (num_reg_frames=552)
2026-05-14T06:34:16.514000+00:00 md1-baseline-e2e-20260514032448-sfm/algo-1-1778729134 COLMAP[mapper_spatial_sequential_only] I20260514 06:34:16.195333  4195 incremental_pipeline.cc:527] => Image sees 2849 / 8314 points
2026-05-14T06:34:18.515000+00:00 md1-baseline-e2e-20260514032448-sfm/algo-1-1778729134 COLMAP[mapper_spatial_sequential_only] I20260514 06:34:18.342145  4195 incremental_pipeline.cc:524] Registering image #1538 (num_reg_frames=553)
2026-05-14T06:34:18.515000+00:00 md1-baseline-e2e-20260514032448-sfm/algo-1-1778729134 COLMAP[mapper_spatial_sequential_only] I20260514 06:34:18.342211  4195 incremental_pipeline.cc:527] => Image sees 2883 / 8121 points
2026-05-14T06:34:20.517000+00:00 md1-baseline-e2e-20260514032448-sfm/algo-1-1778729134 COLMAP[mapper_spatial_sequential_only] I20260514 06:34:20.442299  4195 incremental_pipeline.cc:524] Registering image #1428 (num_reg_frames=554)
2026-05-14T06:34:20.517000+00:00 md1-baseline-e2e-20260514032448-sfm/algo-1-1778729134 COLMAP[mapper_spatial_sequential_only] I20260514 06:34:20.442363  4195 incremental_pipeline.cc:527] => Image sees 3135 / 8414 points
2026-05-14T06:34:23.519000+00:00 md1-baseline-e2e-20260514032448-sfm/algo-1-1778729134 COLMAP[mapper_spatial_sequential_only] I20260514 06:34:22.722635  4195 incremental_pipeline.cc:524] Registering image #1480 (num_reg_frames=555)
2026-05-14T06:34:23.519000+00:00 md1-baseline-e2e-20260514032448-sfm/algo-1-1778729134 COLMAP[mapper_spatial_sequential_only] I20260514 06:34:22.722703  4195 incremental_pipeline.cc:527] => Image sees 3121 / 6878 points
2026-05-14T06:34:25.519000+00:00 md1-baseline-e2e-20260514032448-sfm/algo-1-1778729134 COLMAP[mapper_spatial_sequential_only] I20260514 06:34:24.978518  4195 incremental_pipeline.cc:524] Registering image #1427 (num_reg_frames=556)
2026-05-14T06:34:25.519000+00:00 md1-baseline-e2e-20260514032448-sfm/algo-1-1778729134 COLMAP[mapper_spatial_sequential_only] I20260514 06:34:24.978578  4195 incremental_pipeline.cc:527] => Image sees 3631 / 8269 points
2026-05-14T06:34:27.520000+00:00 md1-baseline-e2e-20260514032448-sfm/algo-1-1778729134 COLMAP[mapper_spatial_sequential_only] I20260514 06:34:27.386513  4195 incremental_pipeline.cc:524] Registering image #1426 (num_reg_frames=557)
2026-05-14T06:34:27.520000+00:00 md1-baseline-e2e-20260514032448-sfm/algo-1-1778729134 COLMAP[mapper_spatial_sequential_only] I20260514 06:34:27.386579  4195 incremental_pipeline.cc:527] => Image sees 3810 / 8293 points
2026-05-14T06:34:30.520000+00:00 md1-baseline-e2e-20260514032448-sfm/algo-1-1778729134 COLMAP[mapper_spatial_sequential_only] I20260514 06:34:29.926290  4195 incremental_pipeline.cc:524] Registering image #1425 (num_reg_frames=558)
2026-05-14T06:34:30.521000+00:00 md1-baseline-e2e-20260514032448-sfm/algo-1-1778729134 COLMAP[mapper_spatial_sequential_only] I20260514 06:34:29.926357  4195 incremental_pipeline.cc:527] => Image sees 2996 / 7988 points
2026-05-14T06:34:32.521000+00:00 md1-baseline-e2e-20260514032448-sfm/algo-1-1778729134 COLMAP[mapper_spatial_sequential_only] I20260514 06:34:32.346382  4195 incremental_pipeline.cc:524] Registering image #1537 (num_reg_frames=559)
2026-05-14T06:34:32.521000+00:00 md1-baseline-e2e-20260514032448-sfm/algo-1-1778729134 COLMAP[mapper_spatial_sequential_only] I20260514 06:34:32.346446  4195 incremental_pipeline.cc:527] => Image sees 2295 / 7644 points
2026-05-14T06:34:34.522000+00:00 md1-baseline-e2e-20260514032448-sfm/algo-1-1778729134 COLMAP[mapper_spatial_sequential_only] I20260514 06:34:34.322420  4195 incremental_pipeline.cc:524] Registering image #1479 (num_reg_frames=560)
2026-05-14T06:34:34.522000+00:00 md1-baseline-e2e-20260514032448-sfm/algo-1-1778729134 COLMAP[mapper_spatial_sequential_only] I20260514 06:34:34.322486  4195 incremental_pipeline.cc:527] => Image sees 2663 / 6775 points
2026-05-14T06:34:37.539000+00:00 md1-baseline-e2e-20260514032448-sfm/algo-1-1778729134 COLMAP[mapper_spatial_sequential_only] I20260514 06:34:36.693361  4195 incremental_pipeline.cc:524] Registering image #1424 (num_reg_frames=561)
2026-05-14T06:34:37.539000+00:00 md1-baseline-e2e-20260514032448-sfm/algo-1-1778729134 COLMAP[mapper_spatial_sequential_only] I20260514 06:34:36.693421  4195 incremental_pipeline.cc:527] => Image sees 3229 / 7005 points
2026-05-14T06:34:39.540000+00:00 md1-baseline-e2e-20260514032448-sfm/algo-1-1778729134 COLMAP[mapper_spatial_sequential_only] I20260514 06:34:39.175277  4195 incremental_pipeline.cc:524] Registering image #1536 (num_reg_frames=562)
2026-05-14T06:34:39.540000+00:00 md1-baseline-e2e-20260514032448-sfm/algo-1-1778729134 COLMAP[mapper_spatial_sequential_only] I20260514 06:34:39.175343  4195 incremental_pipeline.cc:527] => Image sees 2192 / 6825 points
2026-05-14T06:34:41.540000+00:00 md1-baseline-e2e-20260514032448-sfm/algo-1-1778729134 COLMAP[mapper_spatial_sequential_only] I20260514 06:34:40.945298  4195 incremental_pipeline.cc:524] Registering image #1423 (num_reg_frames=563)
2026-05-14T06:34:41.540000+00:00 md1-baseline-e2e-20260514032448-sfm/algo-1-1778729134 COLMAP[mapper_spatial_sequential_only] I20260514 06:34:40.945358  4195 incremental_pipeline.cc:527] => Image sees 2274 / 6808 points
2026-05-14T06:34:43.541000+00:00 md1-baseline-e2e-20260514032448-sfm/algo-1-1778729134 COLMAP[mapper_spatial_sequential_only] I20260514 06:34:43.117938  4195 incremental_pipeline.cc:524] Registering image #1478 (num_reg_frames=564)
2026-05-14T06:34:43.541000+00:00 md1-baseline-e2e-20260514032448-sfm/algo-1-1778729134 COLMAP[mapper_spatial_sequential_only] I20260514 06:34:43.118003  4195 incremental_pipeline.cc:527] => Image sees 2196 / 5802 points
2026-05-14T06:34:45.542000+00:00 md1-baseline-e2e-20260514032448-sfm/algo-1-1778729134 COLMAP[mapper_spatial_sequential_only] I20260514 06:34:45.078298  4195 incremental_pipeline.cc:524] Registering image #1365 (num_reg_frames=565)
2026-05-14T06:34:45.542000+00:00 md1-baseline-e2e-20260514032448-sfm/algo-1-1778729134 COLMAP[mapper_spatial_sequential_only] I20260514 06:34:45.078394  4195 incremental_pipeline.cc:527] => Image sees 1874 / 7052 points
2026-05-14T06:34:47.542000+00:00 md1-baseline-e2e-20260514032448-sfm/algo-1-1778729134 COLMAP[mapper_spatial_sequential_only] I20260514 06:34:46.954989  4195 incremental_pipeline.cc:78] Retriangulation and Global bundle adjustment
2026-05-14T06:35:48.780000+00:00 md1-baseline-e2e-20260514032448-sfm/algo-1-1778729134 COLMAP[mapper_spatial_sequential_only] HEARTBEAT elapsed=2684s idle=60s
2026-05-14T06:36:48.415000+00:00 md1-baseline-e2e-20260514032448-sfm/algo-1-1778729134 COLMAP[mapper_spatial_sequential_only] HEARTBEAT elapsed=2744s idle=120s
2026-05-14T06:37:48.589000+00:00 md1-baseline-e2e-20260514032448-sfm/algo-1-1778729134 COLMAP[mapper_spatial_sequential_only] HEARTBEAT elapsed=2804s idle=180s
2026-05-14T06:38:27.938000+00:00 md1-baseline-e2e-20260514032448-sfm/algo-1-1778729134 COLMAP[mapper_spatial_sequential_only] I20260514 06:38:27.870815  4195 incremental_pipeline.cc:524] Registering image #1592 (num_reg_frames=566)
2026-05-14T06:38:27.938000+00:00 md1-baseline-e2e-20260514032448-sfm/algo-1-1778729134 COLMAP[mapper_spatial_sequential_only] I20260514 06:38:27.870899  4195 incremental_pipeline.cc:527] => Image sees 2359 / 8489 points
2026-05-14T06:38:30.939000+00:00 md1-baseline-e2e-20260514032448-sfm/algo-1-1778729134 COLMAP[mapper_spatial_sequential_only] I20260514 06:38:29.945477  4195 incremental_pipeline.cc:524] Registering image #1593 (num_reg_frames=567)
2026-05-14T06:38:30.939000+00:00 md1-baseline-e2e-20260514032448-sfm/algo-1-1778729134 COLMAP[mapper_spatial_sequential_only] I20260514 06:38:29.945537  4195 incremental_pipeline.cc:527] => Image sees 2256 / 7834 points
2026-05-14T06:38:31.939000+00:00 md1-baseline-e2e-20260514032448-sfm/algo-1-1778729134 COLMAP[mapper_spatial_sequential_only] I20260514 06:38:31.663970  4195 incremental_pipeline.cc:524] Registering image #1363 (num_reg_frames=568)
2026-05-14T06:38:31.939000+00:00 md1-baseline-e2e-20260514032448-sfm/algo-1-1778729134 COLMAP[mapper_spatial_sequential_only] I20260514 06:38:31.664040  4195 incremental_pipeline.cc:527] => Image sees 1920 / 6922 points
2026-05-14T06:38:33.940000+00:00 md1-baseline-e2e-20260514032448-sfm/algo-1-1778729134 COLMAP[mapper_spatial_sequential_only] I20260514 06:38:33.713697  4195 incremental_pipeline.cc:524] Registering image #1481 (num_reg_frames=569)
2026-05-14T06:38:33.940000+00:00 md1-baseline-e2e-20260514032448-sfm/algo-1-1778729134 COLMAP[mapper_spatial_sequential_only] I20260514 06:38:33.713757  4195 incremental_pipeline.cc:527] => Image sees 2467 / 6409 points
2026-05-14T06:38:35.940000+00:00 md1-baseline-e2e-20260514032448-sfm/algo-1-1778729134 COLMAP[mapper_spatial_sequential_only] I20260514 06:38:35.613976  4195 incremental_pipeline.cc:524] Registering image #1434 (num_reg_frames=570)
2026-05-14T06:38:35.940000+00:00 md1-baseline-e2e-20260514032448-sfm/algo-1-1778729134 COLMAP[mapper_spatial_sequential_only] I20260514 06:38:35.614033  4195 incremental_pipeline.cc:527] => Image sees 1569 / 5596 points
2026-05-14T06:38:37.941000+00:00 md1-baseline-e2e-20260514032448-sfm/algo-1-1778729134 COLMAP[mapper_spatial_sequential_only] I20260514 06:38:37.387511  4195 incremental_pipeline.cc:524] Registering image #1542 (num_reg_frames=571)
2026-05-14T06:38:37.941000+00:00 md1-baseline-e2e-20260514032448-sfm/algo-1-1778729134 COLMAP[mapper_spatial_sequential_only] I20260514 06:38:37.387573  4195 incremental_pipeline.cc:527] => Image sees 1973 / 6002 points
2026-05-14T06:38:39.942000+00:00 md1-baseline-e2e-20260514032448-sfm/algo-1-1778729134 COLMAP[mapper_spatial_sequential_only] I20260514 06:38:39.260030  4195 incremental_pipeline.cc:524] Registering image #1362 (num_reg_frames=572)
2026-05-14T06:38:39.942000+00:00 md1-baseline-e2e-20260514032448-sfm/algo-1-1778729134 COLMAP[mapper_spatial_sequential_only] I20260514 06:38:39.260089  4195 incremental_pipeline.cc:527] => Image sees 1742 / 7461 points
2026-05-14T06:38:41.943000+00:00 md1-baseline-e2e-20260514032448-sfm/algo-1-1778729134 COLMAP[mapper_spatial_sequential_only] I20260514 06:38:41.021724  4195 incremental_pipeline.cc:524] Registering image #1384 (num_reg_frames=573)
2026-05-14T06:38:41.943000+00:00 md1-baseline-e2e-20260514032448-sfm/algo-1-1778729134 COLMAP[mapper_spatial_sequential_only] I20260514 06:38:41.021788  4195 incremental_pipeline.cc:527] => Image sees 1574 / 9385 points
2026-05-14T06:38:42.943000+00:00 md1-baseline-e2e-20260514032448-sfm/algo-1-1778729134 COLMAP[mapper_spatial_sequential_only] I20260514 06:38:42.597678  4195 incremental_pipeline.cc:524] Registering image #1409 (num_reg_frames=574)
2026-05-14T06:38:42.943000+00:00 md1-baseline-e2e-20260514032448-sfm/algo-1-1778729134 COLMAP[mapper_spatial_sequential_only] I20260514 06:38:42.597738  4195 incremental_pipeline.cc:527] => Image sees 1407 / 8903 points
2026-05-14T06:38:44.944000+00:00 md1-baseline-e2e-20260514032448-sfm/algo-1-1778729134 COLMAP[mapper_spatial_sequential_only] I20260514 06:38:44.449494  4195 incremental_pipeline.cc:524] Registering image #1410 (num_reg_frames=575)
2026-05-14T06:38:44.944000+00:00 md1-baseline-e2e-20260514032448-sfm/algo-1-1778729134 COLMAP[mapper_spatial_sequential_only] I20260514 06:38:44.449553  4195 incremental_pipeline.cc:527] => Image sees 2501 / 7096 points
2026-05-14T06:38:46.944000+00:00 md1-baseline-e2e-20260514032448-sfm/algo-1-1778729134 COLMAP[mapper_spatial_sequential_only] I20260514 06:38:46.442767  4195 incremental_pipeline.cc:524] Registering image #1385 (num_reg_frames=576)
2026-05-14T06:38:46.944000+00:00 md1-baseline-e2e-20260514032448-sfm/algo-1-1778729134 COLMAP[mapper_spatial_sequential_only] I20260514 06:38:46.442828  4195 incremental_pipeline.cc:527] => Image sees 2668 / 7072 points
2026-05-14T06:38:48.950000+00:00 md1-baseline-e2e-20260514032448-sfm/algo-1-1778729134 COLMAP[mapper_spatial_sequential_only] I20260514 06:38:48.293726  4195 incremental_pipeline.cc:524] Registering image #1411 (num_reg_frames=577)
2026-05-14T06:38:48.951000+00:00 md1-baseline-e2e-20260514032448-sfm/algo-1-1778729134 COLMAP[mapper_spatial_sequential_only] I20260514 06:38:48.293787  4195 incremental_pipeline.cc:527] => Image sees 2382 / 6888 points
2026-05-14T06:38:50.957000+00:00 md1-baseline-e2e-20260514032448-sfm/algo-1-1778729134 COLMAP[mapper_spatial_sequential_only] I20260514 06:38:50.118297  4195 incremental_pipeline.cc:524] Registering image #1387 (num_reg_frames=578)
2026-05-14T06:38:50.957000+00:00 md1-baseline-e2e-20260514032448-sfm/algo-1-1778729134 COLMAP[mapper_spatial_sequential_only] I20260514 06:38:50.118358  4195 incremental_pipeline.cc:527] => Image sees 2534 / 7107 points
2026-05-14T06:38:51.957000+00:00 md1-baseline-e2e-20260514032448-sfm/algo-1-1778729134 COLMAP[mapper_spatial_sequential_only] I20260514 06:38:51.954989  4195 incremental_pipeline.cc:524] Registering image #1407 (num_reg_frames=579)
2026-05-14T06:38:51.957000+00:00 md1-baseline-e2e-20260514032448-sfm/algo-1-1778729134 COLMAP[mapper_spatial_sequential_only] I20260514 06:38:51.955052  4195 incremental_pipeline.cc:527] => Image sees 2431 / 7301 points
2026-05-14T06:38:53.959000+00:00 md1-baseline-e2e-20260514032448-sfm/algo-1-1778729134 COLMAP[mapper_spatial_sequential_only] I20260514 06:38:53.854537  4195 incremental_pipeline.cc:524] Registering image #1406 (num_reg_frames=580)
2026-05-14T06:38:53.959000+00:00 md1-baseline-e2e-20260514032448-sfm/algo-1-1778729134 COLMAP[mapper_spatial_sequential_only] I20260514 06:38:53.854600  4195 incremental_pipeline.cc:527] => Image sees 2216 / 7428 points
2026-05-14T06:38:54.959000+00:00 md1-baseline-e2e-20260514032448-sfm/algo-1-1778729134 COLMAP[mapper_spatial_sequential_only] W20260514 06:38:54.665616  4195 levenberg_marquardt_strategy.cc:123] Linear solver failure. Failed to compute a step: Eigen failure. Unable to perform dense Cholesky factorization.
2026-05-14T06:38:54.960000+00:00 md1-baseline-e2e-20260514032448-sfm/algo-1-1778729134 COLMAP[mapper_spatial_sequential_only] W20260514 06:38:54.693933  4195 levenberg_marquardt_strategy.cc:123] Linear solver failure. Failed to compute a step: Eigen failure. Unable to perform dense Cholesky factorization.
2026-05-14T06:38:54.960000+00:00 md1-baseline-e2e-20260514032448-sfm/algo-1-1778729134 COLMAP[mapper_spatial_sequential_only] W20260514 06:38:54.700806  4195 levenberg_marquardt_strategy.cc:123] Linear solver failure. Failed to compute a step: Eigen failure. Unable to perform dense Cholesky factorization.
2026-05-14T06:38:54.960000+00:00 md1-baseline-e2e-20260514032448-sfm/algo-1-1778729134 COLMAP[mapper_spatial_sequential_only] W20260514 06:38:54.728852  4195 levenberg_marquardt_strategy.cc:123] Linear solver failure. Failed to compute a step: Eigen failure. Unable to perform dense Cholesky factorization.
2026-05-14T06:38:54.960000+00:00 md1-baseline-e2e-20260514032448-sfm/algo-1-1778729134 COLMAP[mapper_spatial_sequential_only] W20260514 06:38:54.756701  4195 levenberg_marquardt_strategy.cc:123] Linear solver failure. Failed to compute a step: Eigen failure. Unable to perform dense Cholesky factorization.
2026-05-14T06:38:54.960000+00:00 md1-baseline-e2e-20260514032448-sfm/algo-1-1778729134 COLMAP[mapper_spatial_sequential_only] W20260514 06:38:54.784469  4195 levenberg_marquardt_strategy.cc:123] Linear solver failure. Failed to compute a step: Eigen failure. Unable to perform dense Cholesky factorization.
2026-05-14T06:38:54.960000+00:00 md1-baseline-e2e-20260514032448-sfm/algo-1-1778729134 COLMAP[mapper_spatial_sequential_only] W20260514 06:38:54.812330  4195 levenberg_marquardt_strategy.cc:123] Linear solver failure. Failed to compute a step: Eigen failure. Unable to perform dense Cholesky factorization.
2026-05-14T06:38:54.960000+00:00 md1-baseline-e2e-20260514032448-sfm/algo-1-1778729134 COLMAP[mapper_spatial_sequential_only] W20260514 06:38:54.819298  4195 levenberg_marquardt_strategy.cc:123] Linear solver failure. Failed to compute a step: Eigen failure. Unable to perform dense Cholesky factorization.
2026-05-14T06:38:55.960000+00:00 md1-baseline-e2e-20260514032448-sfm/algo-1-1778729134 COLMAP[mapper_spatial_sequential_only] I20260514 06:38:55.597091  4195 incremental_pipeline.cc:524] Registering image #1422 (num_reg_frames=581)
2026-05-14T06:38:55.960000+00:00 md1-baseline-e2e-20260514032448-sfm/algo-1-1778729134 COLMAP[mapper_spatial_sequential_only] I20260514 06:38:55.597154  4195 incremental_pipeline.cc:527] => Image sees 1775 / 6385 points
2026-05-14T06:38:57.961000+00:00 md1-baseline-e2e-20260514032448-sfm/algo-1-1778729134 COLMAP[mapper_spatial_sequential_only] I20260514 06:38:57.301314  4195 incremental_pipeline.cc:524] Registering image #1614 (num_reg_frames=582)
2026-05-14T06:38:57.961000+00:00 md1-baseline-e2e-20260514032448-sfm/algo-1-1778729134 COLMAP[mapper_spatial_sequential_only] I20260514 06:38:57.301371  4195 incremental_pipeline.cc:527] => Image sees 1468 / 8203 points
2026-05-14T06:38:59.961000+00:00 md1-baseline-e2e-20260514032448-sfm/algo-1-1778729134 COLMAP[mapper_spatial_sequential_only] I20260514 06:38:59.170215  4195 incremental_pipeline.cc:524] Registering image #1615 (num_reg_frames=583)
2026-05-14T06:38:59.961000+00:00 md1-baseline-e2e-20260514032448-sfm/algo-1-1778729134 COLMAP[mapper_spatial_sequential_only] I20260514 06:38:59.170295  4195 incremental_pipeline.cc:527] => Image sees 1358 / 8643 points
2026-05-14T06:39:00.962000+00:00 md1-baseline-e2e-20260514032448-sfm/algo-1-1778729134 COLMAP[mapper_spatial_sequential_only] I20260514 06:39:00.956008  4195 incremental_pipeline.cc:524] Registering image #1616 (num_reg_frames=584)
2026-05-14T06:39:00.962000+00:00 md1-baseline-e2e-20260514032448-sfm/algo-1-1778729134 COLMAP[mapper_spatial_sequential_only] I20260514 06:39:00.956069  4195 incremental_pipeline.cc:527] => Image sees 1733 / 8630 points
2026-05-14T06:39:02.962000+00:00 md1-baseline-e2e-20260514032448-sfm/algo-1-1778729134 COLMAP[mapper_spatial_sequential_only] I20260514 06:39:02.827521  4195 incremental_pipeline.cc:524] Registering image #1618 (num_reg_frames=585)
2026-05-14T06:39:02.962000+00:00 md1-baseline-e2e-20260514032448-sfm/algo-1-1778729134 COLMAP[mapper_spatial_sequential_only] I20260514 06:39:02.827581  4195 incremental_pipeline.cc:527] => Image sees 1505 / 6750 points
2026-05-14T06:39:04.963000+00:00 md1-baseline-e2e-20260514032448-sfm/algo-1-1778729134 COLMAP[mapper_spatial_sequential_only] I20260514 06:39:04.745612  4195 incremental_pipeline.cc:524] Registering image #1619 (num_reg_frames=586)
2026-05-14T06:39:04.963000+00:00 md1-baseline-e2e-20260514032448-sfm/algo-1-1778729134 COLMAP[mapper_spatial_sequential_only] I20260514 06:39:04.745673  4195 incremental_pipeline.cc:527] => Image sees 1616 / 7246 points
2026-05-14T06:39:06.964000+00:00 md1-baseline-e2e-20260514032448-sfm/algo-1-1778729134 COLMAP[mapper_spatial_sequential_only] I20260514 06:39:06.751963  4195 incremental_pipeline.cc:524] Registering image #1621 (num_reg_frames=587)
2026-05-14T06:39:06.964000+00:00 md1-baseline-e2e-20260514032448-sfm/algo-1-1778729134 COLMAP[mapper_spatial_sequential_only] I20260514 06:39:06.752027  4195 incremental_pipeline.cc:527] => Image sees 1983 / 7479 points
2026-05-14T06:39:08.964000+00:00 md1-baseline-e2e-20260514032448-sfm/algo-1-1778729134 COLMAP[mapper_spatial_sequential_only] I20260514 06:39:08.646823  4195 incremental_pipeline.cc:524] Registering image #1620 (num_reg_frames=588)
2026-05-14T06:39:08.964000+00:00 md1-baseline-e2e-20260514032448-sfm/algo-1-1778729134 COLMAP[mapper_spatial_sequential_only] I20260514 06:39:08.646884  4195 incremental_pipeline.cc:527] => Image sees 1910 / 7730 points
2026-05-14T06:39:10.965000+00:00 md1-baseline-e2e-20260514032448-sfm/algo-1-1778729134 COLMAP[mapper_spatial_sequential_only] I20260514 06:39:10.438772  4195 incremental_pipeline.cc:524] Registering image #1622 (num_reg_frames=589)
2026-05-14T06:39:10.965000+00:00 md1-baseline-e2e-20260514032448-sfm/algo-1-1778729134 COLMAP[mapper_spatial_sequential_only] I20260514 06:39:10.438835  4195 incremental_pipeline.cc:527] => Image sees 2119 / 7732 points
2026-05-14T06:39:12.965000+00:00 md1-baseline-e2e-20260514032448-sfm/algo-1-1778729134 COLMAP[mapper_spatial_sequential_only] I20260514 06:39:12.102685  4195 incremental_pipeline.cc:524] Registering image #1623 (num_reg_frames=590)
2026-05-14T06:39:12.965000+00:00 md1-baseline-e2e-20260514032448-sfm/algo-1-1778729134 COLMAP[mapper_spatial_sequential_only] I20260514 06:39:12.102748  4195 incremental_pipeline.cc:527] => Image sees 1340 / 7514 points
2026-05-14T06:39:14.967000+00:00 md1-baseline-e2e-20260514032448-sfm/algo-1-1778729134 COLMAP[mapper_spatial_sequential_only] I20260514 06:39:13.984313  4195 incremental_pipeline.cc:524] Registering image #1624 (num_reg_frames=591)
2026-05-14T06:39:14.967000+00:00 md1-baseline-e2e-20260514032448-sfm/algo-1-1778729134 COLMAP[mapper_spatial_sequential_only] I20260514 06:39:13.984375  4195 incremental_pipeline.cc:527] => Image sees 2423 / 7331 points
2026-05-14T06:39:15.967000+00:00 md1-baseline-e2e-20260514032448-sfm/algo-1-1778729134 COLMAP[mapper_spatial_sequential_only] I20260514 06:39:15.817409  4195 incremental_pipeline.cc:524] Registering image #1625 (num_reg_frames=592)
2026-05-14T06:39:15.967000+00:00 md1-baseline-e2e-20260514032448-sfm/algo-1-1778729134 COLMAP[mapper_spatial_sequential_only] I20260514 06:39:15.817469  4195 incremental_pipeline.cc:527] => Image sees 1866 / 8573 points
2026-05-14T06:39:17.969000+00:00 md1-baseline-e2e-20260514032448-sfm/algo-1-1778729134 COLMAP[mapper_spatial_sequential_only] I20260514 06:39:17.877406  4195 incremental_pipeline.cc:524] Registering image #1626 (num_reg_frames=593)
2026-05-14T06:39:17.969000+00:00 md1-baseline-e2e-20260514032448-sfm/algo-1-1778729134 COLMAP[mapper_spatial_sequential_only] I20260514 06:39:17.877465  4195 incremental_pipeline.cc:527] => Image sees 2154 / 7798 points
2026-05-14T06:39:20.972000+00:00 md1-baseline-e2e-20260514032448-sfm/algo-1-1778729134 COLMAP[mapper_spatial_sequential_only] I20260514 06:39:20.015698  4195 incremental_pipeline.cc:524] Registering image #1627 (num_reg_frames=594)
2026-05-14T06:39:20.972000+00:00 md1-baseline-e2e-20260514032448-sfm/algo-1-1778729134 COLMAP[mapper_spatial_sequential_only] I20260514 06:39:20.015765  4195 incremental_pipeline.cc:527] => Image sees 2091 / 5747 points
2026-05-14T06:39:21.972000+00:00 md1-baseline-e2e-20260514032448-sfm/algo-1-1778729134 COLMAP[mapper_spatial_sequential_only] I20260514 06:39:21.948153  4195 incremental_pipeline.cc:524] Registering image #1629 (num_reg_frames=595)
2026-05-14T06:39:21.972000+00:00 md1-baseline-e2e-20260514032448-sfm/algo-1-1778729134 COLMAP[mapper_spatial_sequential_only] I20260514 06:39:21.948220  4195 incremental_pipeline.cc:527] => Image sees 2454 / 5068 points
2026-05-14T06:39:23.973000+00:00 md1-baseline-e2e-20260514032448-sfm/algo-1-1778729134 COLMAP[mapper_spatial_sequential_only] I20260514 06:39:23.769294  4195 incremental_pipeline.cc:524] Registering image #1351 (num_reg_frames=596)
2026-05-14T06:39:23.973000+00:00 md1-baseline-e2e-20260514032448-sfm/algo-1-1778729134 COLMAP[mapper_spatial_sequential_only] I20260514 06:39:23.769357  4195 incremental_pipeline.cc:527] => Image sees 1415 / 5967 points
2026-05-14T06:39:25.973000+00:00 md1-baseline-e2e-20260514032448-sfm/algo-1-1778729134 COLMAP[mapper_spatial_sequential_only] I20260514 06:39:25.274319  4195 incremental_pipeline.cc:524] Registering image #1330 (num_reg_frames=597)
2026-05-14T06:39:25.973000+00:00 md1-baseline-e2e-20260514032448-sfm/algo-1-1778729134 COLMAP[mapper_spatial_sequential_only] I20260514 06:39:25.274379  4195 incremental_pipeline.cc:527] => Image sees 1252 / 6507 points
2026-05-14T06:39:26.974000+00:00 md1-baseline-e2e-20260514032448-sfm/algo-1-1778729134 COLMAP[mapper_spatial_sequential_only] I20260514 06:39:26.663990  4195 incremental_pipeline.cc:524] Registering image #1388 (num_reg_frames=598)
2026-05-14T06:39:26.974000+00:00 md1-baseline-e2e-20260514032448-sfm/algo-1-1778729134 COLMAP[mapper_spatial_sequential_only] I20260514 06:39:26.664055  4195 incremental_pipeline.cc:527] => Image sees 1499 / 6794 points
2026-05-14T06:39:28.974000+00:00 md1-baseline-e2e-20260514032448-sfm/algo-1-1778729134 COLMAP[mapper_spatial_sequential_only] I20260514 06:39:28.294132  4195 incremental_pipeline.cc:524] Registering image #1361 (num_reg_frames=599)
2026-05-14T06:39:28.974000+00:00 md1-baseline-e2e-20260514032448-sfm/algo-1-1778729134 COLMAP[mapper_spatial_sequential_only] I20260514 06:39:28.294193  4195 incremental_pipeline.cc:527] => Image sees 1410 / 6781 points
2026-05-14T06:39:30.975000+00:00 md1-baseline-e2e-20260514032448-sfm/algo-1-1778729134 COLMAP[mapper_spatial_sequential_only] I20260514 06:39:30.044771  4195 incremental_pipeline.cc:524] Registering image #1332 (num_reg_frames=600)
2026-05-14T06:39:30.975000+00:00 md1-baseline-e2e-20260514032448-sfm/algo-1-1778729134 COLMAP[mapper_spatial_sequential_only] I20260514 06:39:30.044864  4195 incremental_pipeline.cc:527] => Image sees 1208 / 6611 points
2026-05-14T06:39:31.975000+00:00 md1-baseline-e2e-20260514032448-sfm/algo-1-1778729134 COLMAP[mapper_spatial_sequential_only] I20260514 06:39:31.615543  4195 incremental_pipeline.cc:524] Registering image #1649 (num_reg_frames=601)
2026-05-14T06:39:31.975000+00:00 md1-baseline-e2e-20260514032448-sfm/algo-1-1778729134 COLMAP[mapper_spatial_sequential_only] I20260514 06:39:31.615607  4195 incremental_pipeline.cc:527] => Image sees 1243 / 7921 points
2026-05-14T06:39:33.977000+00:00 md1-baseline-e2e-20260514032448-sfm/algo-1-1778729134 COLMAP[mapper_spatial_sequential_only] I20260514 06:39:33.316555  4195 incremental_pipeline.cc:524] Registering image #1648 (num_reg_frames=602)
2026-05-14T06:39:33.977000+00:00 md1-baseline-e2e-20260514032448-sfm/algo-1-1778729134 COLMAP[mapper_spatial_sequential_only] I20260514 06:39:33.316613  4195 incremental_pipeline.cc:527] => Image sees 2186 / 7112 points
2026-05-14T06:39:35.978000+00:00 md1-baseline-e2e-20260514032448-sfm/algo-1-1778729134 COLMAP[mapper_spatial_sequential_only] I20260514 06:39:35.078519  4195 incremental_pipeline.cc:524] Registering image #1651 (num_reg_frames=603)
2026-05-14T06:39:35.978000+00:00 md1-baseline-e2e-20260514032448-sfm/algo-1-1778729134 COLMAP[mapper_spatial_sequential_only] I20260514 06:39:35.078579  4195 incremental_pipeline.cc:527] => Image sees 2304 / 8539 points
2026-05-14T06:39:36.978000+00:00 md1-baseline-e2e-20260514032448-sfm/algo-1-1778729134 COLMAP[mapper_spatial_sequential_only] I20260514 06:39:36.815716  4195 incremental_pipeline.cc:524] Registering image #1670 (num_reg_frames=604)
2026-05-14T06:39:36.978000+00:00 md1-baseline-e2e-20260514032448-sfm/algo-1-1778729134 COLMAP[mapper_spatial_sequential_only] I20260514 06:39:36.815776  4195 incremental_pipeline.cc:527] => Image sees 1994 / 6946 points
2026-05-14T06:39:38.979000+00:00 md1-baseline-e2e-20260514032448-sfm/algo-1-1778729134 COLMAP[mapper_spatial_sequential_only] I20260514 06:39:38.414167  4195 incremental_pipeline.cc:524] Registering image #1671 (num_reg_frames=605)
2026-05-14T06:39:38.979000+00:00 md1-baseline-e2e-20260514032448-sfm/algo-1-1778729134 COLMAP[mapper_spatial_sequential_only] I20260514 06:39:38.414228  4195 incremental_pipeline.cc:527] => Image sees 2119 / 7759 points
2026-05-14T06:39:40.980000+00:00 md1-baseline-e2e-20260514032448-sfm/algo-1-1778729134 COLMAP[mapper_spatial_sequential_only] I20260514 06:39:40.328558  4195 incremental_pipeline.cc:524] Registering image #1333 (num_reg_frames=606)
2026-05-14T06:39:40.980000+00:00 md1-baseline-e2e-20260514032448-sfm/algo-1-1778729134 COLMAP[mapper_spatial_sequential_only] I20260514 06:39:40.328619  4195 incremental_pipeline.cc:527] => Image sees 2769 / 6775 points
2026-05-14T06:39:42.984000+00:00 md1-baseline-e2e-20260514032448-sfm/algo-1-1778729134 COLMAP[mapper_spatial_sequential_only] I20260514 06:39:42.151397  4195 incremental_pipeline.cc:524] Registering image #1652 (num_reg_frames=607)
2026-05-14T06:39:42.984000+00:00 md1-baseline-e2e-20260514032448-sfm/algo-1-1778729134 COLMAP[mapper_spatial_sequential_only] I20260514 06:39:42.151458  4195 incremental_pipeline.cc:527] => Image sees 2587 / 8466 points
2026-05-14T06:39:43.985000+00:00 md1-baseline-e2e-20260514032448-sfm/algo-1-1778729134 COLMAP[mapper_spatial_sequential_only] I20260514 06:39:43.947747  4195 incremental_pipeline.cc:524] Registering image #1673 (num_reg_frames=608)
2026-05-14T06:39:43.985000+00:00 md1-baseline-e2e-20260514032448-sfm/algo-1-1778729134 COLMAP[mapper_spatial_sequential_only] I20260514 06:39:43.947816  4195 incremental_pipeline.cc:527] => Image sees 2319 / 7585 points
2026-05-14T06:39:45.986000+00:00 md1-baseline-e2e-20260514032448-sfm/algo-1-1778729134 COLMAP[mapper_spatial_sequential_only] I20260514 06:39:45.913518  4195 incremental_pipeline.cc:524] Registering image #1334 (num_reg_frames=609)
2026-05-14T06:39:45.986000+00:00 md1-baseline-e2e-20260514032448-sfm/algo-1-1778729134 COLMAP[mapper_spatial_sequential_only] I20260514 06:39:45.913576  4195 incremental_pipeline.cc:527] => Image sees 3371 / 6848 points
2026-05-14T06:39:47.988000+00:00 md1-baseline-e2e-20260514032448-sfm/algo-1-1778729134 COLMAP[mapper_spatial_sequential_only] I20260514 06:39:47.866734  4195 incremental_pipeline.cc:524] Registering image #1282 (num_reg_frames=610)
2026-05-14T06:39:47.988000+00:00 md1-baseline-e2e-20260514032448-sfm/algo-1-1778729134 COLMAP[mapper_spatial_sequential_only] I20260514 06:39:47.866796  4195 incremental_pipeline.cc:527] => Image sees 1974 / 5516 points
2026-05-14T06:39:49.988000+00:00 md1-baseline-e2e-20260514032448-sfm/algo-1-1778729134 COLMAP[mapper_spatial_sequential_only] I20260514 06:39:49.622057  4195 incremental_pipeline.cc:524] Registering image #1281 (num_reg_frames=611)
2026-05-14T06:39:49.988000+00:00 md1-baseline-e2e-20260514032448-sfm/algo-1-1778729134 COLMAP[mapper_spatial_sequential_only] I20260514 06:39:49.622113  4195 incremental_pipeline.cc:527] => Image sees 2089 / 5981 points
2026-05-14T06:39:51.989000+00:00 md1-baseline-e2e-20260514032448-sfm/algo-1-1778729134 COLMAP[mapper_spatial_sequential_only] I20260514 06:39:51.411999  4195 incremental_pipeline.cc:524] Registering image #1674 (num_reg_frames=612)
2026-05-14T06:39:51.989000+00:00 md1-baseline-e2e-20260514032448-sfm/algo-1-1778729134 COLMAP[mapper_spatial_sequential_only] I20260514 06:39:51.412061  4195 incremental_pipeline.cc:527] => Image sees 2158 / 7066 points
2026-05-14T06:39:53.991000+00:00 md1-baseline-e2e-20260514032448-sfm/algo-1-1778729134 COLMAP[mapper_spatial_sequential_only] I20260514 06:39:53.208812  4195 incremental_pipeline.cc:524] Registering image #1317 (num_reg_frames=613)
2026-05-14T06:39:53.991000+00:00 md1-baseline-e2e-20260514032448-sfm/algo-1-1778729134 COLMAP[mapper_spatial_sequential_only] I20260514 06:39:53.208874  4195 incremental_pipeline.cc:527] => Image sees 1926 / 7141 points
2026-05-14T06:39:55.991000+00:00 md1-baseline-e2e-20260514032448-sfm/algo-1-1778729134 COLMAP[mapper_spatial_sequential_only] I20260514 06:39:55.008855  4195 incremental_pipeline.cc:524] Registering image #1260 (num_reg_frames=614)
2026-05-14T06:39:55.991000+00:00 md1-baseline-e2e-20260514032448-sfm/algo-1-1778729134 COLMAP[mapper_spatial_sequential_only] I20260514 06:39:55.008914  4195 incremental_pipeline.cc:527] => Image sees 1794 / 7080 points
2026-05-14T06:39:56.992000+00:00 md1-baseline-e2e-20260514032448-sfm/algo-1-1778729134 COLMAP[mapper_spatial_sequential_only] I20260514 06:39:56.556896  4195 incremental_pipeline.cc:524] Registering image #1261 (num_reg_frames=615)
2026-05-14T06:39:56.992000+00:00 md1-baseline-e2e-20260514032448-sfm/algo-1-1778729134 COLMAP[mapper_spatial_sequential_only] I20260514 06:39:56.556959  4195 incremental_pipeline.cc:527] => Image sees 2074 / 6897 points
2026-05-14T06:39:58.992000+00:00 md1-baseline-e2e-20260514032448-sfm/algo-1-1778729134 COLMAP[mapper_spatial_sequential_only] I20260514 06:39:58.058178  4195 incremental_pipeline.cc:524] Registering image #1280 (num_reg_frames=616)
2026-05-14T06:39:58.993000+00:00 md1-baseline-e2e-20260514032448-sfm/algo-1-1778729134 COLMAP[mapper_spatial_sequential_only] I20260514 06:39:58.058240  4195 incremental_pipeline.cc:527] => Image sees 1947 / 5522 points
2026-05-14T06:39:59.993000+00:00 md1-baseline-e2e-20260514032448-sfm/algo-1-1778729134 COLMAP[mapper_spatial_sequential_only] I20260514 06:39:59.940229  4195 incremental_pipeline.cc:524] Registering image #1259 (num_reg_frames=617)
2026-05-14T06:39:59.993000+00:00 md1-baseline-e2e-20260514032448-sfm/algo-1-1778729134 COLMAP[mapper_spatial_sequential_only] I20260514 06:39:59.940289  4195 incremental_pipeline.cc:527] => Image sees 2156 / 6198 points
2026-05-14T06:40:01.993000+00:00 md1-baseline-e2e-20260514032448-sfm/algo-1-1778729134 COLMAP[mapper_spatial_sequential_only] I20260514 06:40:01.870901  4195 incremental_pipeline.cc:524] Registering image #1653 (num_reg_frames=618)
2026-05-14T06:40:01.994000+00:00 md1-baseline-e2e-20260514032448-sfm/algo-1-1778729134 COLMAP[mapper_spatial_sequential_only] I20260514 06:40:01.870985  4195 incremental_pipeline.cc:527] => Image sees 2010 / 7807 points
2026-05-14T06:40:03.994000+00:00 md1-baseline-e2e-20260514032448-sfm/algo-1-1778729134 COLMAP[mapper_spatial_sequential_only] I20260514 06:40:03.577140  4195 incremental_pipeline.cc:524] Registering image #1335 (num_reg_frames=619)
2026-05-14T06:40:03.994000+00:00 md1-baseline-e2e-20260514032448-sfm/algo-1-1778729134 COLMAP[mapper_spatial_sequential_only] I20260514 06:40:03.577205  4195 incremental_pipeline.cc:527] => Image sees 2097 / 6720 points
2026-05-14T06:40:05.995000+00:00 md1-baseline-e2e-20260514032448-sfm/algo-1-1778729134 COLMAP[mapper_spatial_sequential_only] I20260514 06:40:05.487386  4195 incremental_pipeline.cc:524] Registering image #1258 (num_reg_frames=620)
2026-05-14T06:40:05.995000+00:00 md1-baseline-e2e-20260514032448-sfm/algo-1-1778729134 COLMAP[mapper_spatial_sequential_only] I20260514 06:40:05.487447  4195 incremental_pipeline.cc:527] => Image sees 1609 / 4368 points
2026-05-14T06:40:07.995000+00:00 md1-baseline-e2e-20260514032448-sfm/algo-1-1778729134 COLMAP[mapper_spatial_sequential_only] I20260514 06:40:07.288970  4195 incremental_pipeline.cc:524] Registering image #1329 (num_reg_frames=621)
2026-05-14T06:40:07.995000+00:00 md1-baseline-e2e-20260514032448-sfm/algo-1-1778729134 COLMAP[mapper_spatial_sequential_only] I20260514 06:40:07.289036  4195 incremental_pipeline.cc:527] => Image sees 1927 / 7108 points
2026-05-14T06:40:10.000000+00:00 md1-baseline-e2e-20260514032448-sfm/algo-1-1778729134 COLMAP[mapper_spatial_sequential_only] I20260514 06:40:09.065184  4195 incremental_pipeline.cc:524] Registering image #1647 (num_reg_frames=622)
2026-05-14T06:40:10.000000+00:00 md1-baseline-e2e-20260514032448-sfm/algo-1-1778729134 COLMAP[mapper_spatial_sequential_only] I20260514 06:40:09.065267  4195 incremental_pipeline.cc:527] => Image sees 2230 / 7453 points
2026-05-14T06:40:11.000000+00:00 md1-baseline-e2e-20260514032448-sfm/algo-1-1778729134 COLMAP[mapper_spatial_sequential_only] I20260514 06:40:10.775125  4195 incremental_pipeline.cc:78] Retriangulation and Global bundle adjustment
2026-05-14T06:41:12.401000+00:00 md1-baseline-e2e-20260514032448-sfm/algo-1-1778729134 COLMAP[mapper_spatial_sequential_only] HEARTBEAT elapsed=3008s idle=60s
2026-05-14T06:42:12.581000+00:00 md1-baseline-e2e-20260514032448-sfm/algo-1-1778729134 COLMAP[mapper_spatial_sequential_only] HEARTBEAT elapsed=3068s idle=120s
2026-05-14T06:43:12.219000+00:00 md1-baseline-e2e-20260514032448-sfm/algo-1-1778729134 COLMAP[mapper_spatial_sequential_only] HEARTBEAT elapsed=3128s idle=180s
2026-05-14T06:44:12.698000+00:00 md1-baseline-e2e-20260514032448-sfm/algo-1-1778729134 COLMAP[mapper_spatial_sequential_only] HEARTBEAT elapsed=3188s idle=240s
2026-05-14T06:45:12.111000+00:00 md1-baseline-e2e-20260514032448-sfm/algo-1-1778729134 COLMAP[mapper_spatial_sequential_only] HEARTBEAT elapsed=3248s idle=300s
2026-05-14T06:45:57.919000+00:00 md1-baseline-e2e-20260514032448-sfm/algo-1-1778729134 COLMAP[mapper_spatial_sequential_only] I20260514 06:45:57.790295  4195 incremental_pipeline.cc:524] Registering image #1646 (num_reg_frames=623)
2026-05-14T06:45:57.919000+00:00 md1-baseline-e2e-20260514032448-sfm/algo-1-1778729134 COLMAP[mapper_spatial_sequential_only] I20260514 06:45:57.790381  4195 incremental_pipeline.cc:527] => Image sees 1687 / 7662 points
2026-05-14T06:45:59.919000+00:00 md1-baseline-e2e-20260514032448-sfm/algo-1-1778729134 COLMAP[mapper_spatial_sequential_only] I20260514 06:45:59.758294  4195 incremental_pipeline.cc:524] Registering image #1328 (num_reg_frames=624)
2026-05-14T06:45:59.920000+00:00 md1-baseline-e2e-20260514032448-sfm/algo-1-1778729134 COLMAP[mapper_spatial_sequential_only] I20260514 06:45:59.758355  4195 incremental_pipeline.cc:527] => Image sees 2477 / 6953 points
2026-05-14T06:46:01.920000+00:00 md1-baseline-e2e-20260514032448-sfm/algo-1-1778729134 COLMAP[mapper_spatial_sequential_only] I20260514 06:46:01.721287  4195 incremental_pipeline.cc:524] Registering image #1645 (num_reg_frames=625)
2026-05-14T06:46:01.920000+00:00 md1-baseline-e2e-20260514032448-sfm/algo-1-1778729134 COLMAP[mapper_spatial_sequential_only] I20260514 06:46:01.721340  4195 incremental_pipeline.cc:527] => Image sees 2760 / 8114 points
2026-05-14T06:46:03.921000+00:00 md1-baseline-e2e-20260514032448-sfm/algo-1-1778729134 COLMAP[mapper_spatial_sequential_only] I20260514 06:46:03.627864  4195 incremental_pipeline.cc:524] Registering image #1327 (num_reg_frames=626)
2026-05-14T06:46:03.921000+00:00 md1-baseline-e2e-20260514032448-sfm/algo-1-1778729134 COLMAP[mapper_spatial_sequential_only] I20260514 06:46:03.627933  4195 incremental_pipeline.cc:527] => Image sees 2936 / 6557 points
2026-05-14T06:46:05.921000+00:00 md1-baseline-e2e-20260514032448-sfm/algo-1-1778729134 COLMAP[mapper_spatial_sequential_only] I20260514 06:46:05.628553  4195 incremental_pipeline.cc:524] Registering image #1326 (num_reg_frames=627)
2026-05-14T06:46:05.921000+00:00 md1-baseline-e2e-20260514032448-sfm/algo-1-1778729134 COLMAP[mapper_spatial_sequential_only] I20260514 06:46:05.628608  4195 incremental_pipeline.cc:527] => Image sees 3093 / 9509 points
2026-05-14T06:46:07.922000+00:00 md1-baseline-e2e-20260514032448-sfm/algo-1-1778729134 COLMAP[mapper_spatial_sequential_only] I20260514 06:46:07.683104  4195 incremental_pipeline.cc:524] Registering image #1644 (num_reg_frames=628)
2026-05-14T06:46:07.922000+00:00 md1-baseline-e2e-20260514032448-sfm/algo-1-1778729134 COLMAP[mapper_spatial_sequential_only] I20260514 06:46:07.683166  4195 incremental_pipeline.cc:527] => Image sees 3224 / 8782 points
2026-05-14T06:46:09.925000+00:00 md1-baseline-e2e-20260514032448-sfm/algo-1-1778729134 COLMAP[mapper_spatial_sequential_only] I20260514 06:46:09.745043  4195 incremental_pipeline.cc:524] Registering image #1325 (num_reg_frames=629)
2026-05-14T06:46:09.925000+00:00 md1-baseline-e2e-20260514032448-sfm/algo-1-1778729134 COLMAP[mapper_spatial_sequential_only] I20260514 06:46:09.745106  4195 incremental_pipeline.cc:527] => Image sees 4236 / 9717 points
2026-05-14T06:46:12.926000+00:00 md1-baseline-e2e-20260514032448-sfm/algo-1-1778729134 COLMAP[mapper_spatial_sequential_only] I20260514 06:46:12.056123  4195 incremental_pipeline.cc:524] Registering image #1324 (num_reg_frames=630)
2026-05-14T06:46:12.926000+00:00 md1-baseline-e2e-20260514032448-sfm/algo-1-1778729134 COLMAP[mapper_spatial_sequential_only] I20260514 06:46:12.056195  4195 incremental_pipeline.cc:527] => Image sees 4329 / 9280 points
2026-05-14T06:46:14.927000+00:00 md1-baseline-e2e-20260514032448-sfm/algo-1-1778729134 COLMAP[mapper_spatial_sequential_only] I20260514 06:46:14.435441  4195 incremental_pipeline.cc:524] Registering image #1643 (num_reg_frames=631)
2026-05-14T06:46:14.927000+00:00 md1-baseline-e2e-20260514032448-sfm/algo-1-1778729134 COLMAP[mapper_spatial_sequential_only] I20260514 06:46:14.435503  4195 incremental_pipeline.cc:527] => Image sees 2497 / 7364 points
2026-05-14T06:46:16.927000+00:00 md1-baseline-e2e-20260514032448-sfm/algo-1-1778729134 COLMAP[mapper_spatial_sequential_only] I20260514 06:46:16.578064  4195 incremental_pipeline.cc:524] Registering image #1323 (num_reg_frames=632)
2026-05-14T06:46:16.928000+00:00 md1-baseline-e2e-20260514032448-sfm/algo-1-1778729134 COLMAP[mapper_spatial_sequential_only] I20260514 06:46:16.578127  4195 incremental_pipeline.cc:527] => Image sees 3869 / 8946 points
2026-05-14T06:46:18.928000+00:00 md1-baseline-e2e-20260514032448-sfm/algo-1-1778729134 COLMAP[mapper_spatial_sequential_only] I20260514 06:46:18.927165  4195 incremental_pipeline.cc:524] Registering image #1322 (num_reg_frames=633)
2026-05-14T06:46:18.929000+00:00 md1-baseline-e2e-20260514032448-sfm/algo-1-1778729134 COLMAP[mapper_spatial_sequential_only] I20260514 06:46:18.927227  4195 incremental_pipeline.cc:527] => Image sees 2503 / 7814 points
2026-05-14T06:46:21.931000+00:00 md1-baseline-e2e-20260514032448-sfm/algo-1-1778729134 COLMAP[mapper_spatial_sequential_only] I20260514 06:46:21.072189  4195 incremental_pipeline.cc:524] Registering image #1637 (num_reg_frames=634)
2026-05-14T06:46:21.931000+00:00 md1-baseline-e2e-20260514032448-sfm/algo-1-1778729134 COLMAP[mapper_spatial_sequential_only] I20260514 06:46:21.072250  4195 incremental_pipeline.cc:527] => Image sees 1616 / 7982 points
2026-05-14T06:46:22.932000+00:00 md1-baseline-e2e-20260514032448-sfm/algo-1-1778729134 COLMAP[mapper_spatial_sequential_only] I20260514 06:46:22.835655  4195 incremental_pipeline.cc:524] Registering image #1642 (num_reg_frames=635)
2026-05-14T06:46:22.932000+00:00 md1-baseline-e2e-20260514032448-sfm/algo-1-1778729134 COLMAP[mapper_spatial_sequential_only] I20260514 06:46:22.835717  4195 incremental_pipeline.cc:527] => Image sees 1767 / 6441 points
2026-05-14T06:46:24.933000+00:00 md1-baseline-e2e-20260514032448-sfm/algo-1-1778729134 COLMAP[mapper_spatial_sequential_only] I20260514 06:46:24.797749  4195 incremental_pipeline.cc:524] Registering image #1262 (num_reg_frames=636)
2026-05-14T06:46:24.933000+00:00 md1-baseline-e2e-20260514032448-sfm/algo-1-1778729134 COLMAP[mapper_spatial_sequential_only] I20260514 06:46:24.797811  4195 incremental_pipeline.cc:527] => Image sees 1475 / 5688 points
2026-05-14T06:46:26.937000+00:00 md1-baseline-e2e-20260514032448-sfm/algo-1-1778729134 COLMAP[mapper_spatial_sequential_only] I20260514 06:46:26.292537  4195 incremental_pipeline.cc:524] Registering image #1669 (num_reg_frames=637)
2026-05-14T06:46:26.937000+00:00 md1-baseline-e2e-20260514032448-sfm/algo-1-1778729134 COLMAP[mapper_spatial_sequential_only] I20260514 06:46:26.292598  4195 incremental_pipeline.cc:527] => Image sees 1581 / 7547 points
2026-05-14T06:46:28.937000+00:00 md1-baseline-e2e-20260514032448-sfm/algo-1-1778729134 COLMAP[mapper_spatial_sequential_only] I20260514 06:46:27.968007  4195 incremental_pipeline.cc:524] Registering image #1279 (num_reg_frames=638)
2026-05-14T06:46:28.937000+00:00 md1-baseline-e2e-20260514032448-sfm/algo-1-1778729134 COLMAP[mapper_spatial_sequential_only] I20260514 06:46:27.968104  4195 incremental_pipeline.cc:527] => Image sees 1569 / 4837 points
2026-05-14T06:46:29.938000+00:00 md1-baseline-e2e-20260514032448-sfm/algo-1-1778729134 COLMAP[mapper_spatial_sequential_only] I20260514 06:46:29.784799  4195 incremental_pipeline.cc:524] Registering image #1405 (num_reg_frames=639)
2026-05-14T06:46:29.938000+00:00 md1-baseline-e2e-20260514032448-sfm/algo-1-1778729134 COLMAP[mapper_spatial_sequential_only] I20260514 06:46:29.784869  4195 incremental_pipeline.cc:527] => Image sees 1635 / 7294 points
2026-05-14T06:46:31.938000+00:00 md1-baseline-e2e-20260514032448-sfm/algo-1-1778729134 COLMAP[mapper_spatial_sequential_only] I20260514 06:46:31.707821  4195 incremental_pipeline.cc:524] Registering image #1354 (num_reg_frames=640)
2026-05-14T06:46:31.938000+00:00 md1-baseline-e2e-20260514032448-sfm/algo-1-1778729134 COLMAP[mapper_spatial_sequential_only] I20260514 06:46:31.707885  4195 incremental_pipeline.cc:527] => Image sees 1311 / 6810 points
2026-05-14T06:46:33.939000+00:00 md1-baseline-e2e-20260514032448-sfm/algo-1-1778729134 COLMAP[mapper_spatial_sequential_only] I20260514 06:46:33.428493  4195 incremental_pipeline.cc:524] Registering image #1352 (num_reg_frames=641)
2026-05-14T06:46:33.939000+00:00 md1-baseline-e2e-20260514032448-sfm/algo-1-1778729134 COLMAP[mapper_spatial_sequential_only] I20260514 06:46:33.428558  4195 incremental_pipeline.cc:527] => Image sees 2607 / 6301 points
2026-05-14T06:46:35.940000+00:00 md1-baseline-e2e-20260514032448-sfm/algo-1-1778729134 COLMAP[mapper_spatial_sequential_only] I20260514 06:46:35.370939  4195 incremental_pipeline.cc:524] Registering image #1583 (num_reg_frames=642)
2026-05-14T06:46:35.940000+00:00 md1-baseline-e2e-20260514032448-sfm/algo-1-1778729134 COLMAP[mapper_spatial_sequential_only] I20260514 06:46:35.371001  4195 incremental_pipeline.cc:527] => Image sees 1494 / 7646 points
2026-05-14T06:46:37.945000+00:00 md1-baseline-e2e-20260514032448-sfm/algo-1-1778729134 COLMAP[mapper_spatial_sequential_only] I20260514 06:46:37.241947  4195 incremental_pipeline.cc:524] Registering image #1552 (num_reg_frames=643)
2026-05-14T06:46:37.945000+00:00 md1-baseline-e2e-20260514032448-sfm/algo-1-1778729134 COLMAP[mapper_spatial_sequential_only] I20260514 06:46:37.242005  4195 incremental_pipeline.cc:527] => Image sees 1691 / 8232 points
2026-05-14T06:46:39.951000+00:00 md1-baseline-e2e-20260514032448-sfm/algo-1-1778729134 COLMAP[mapper_spatial_sequential_only] I20260514 06:46:38.999912  4195 incremental_pipeline.cc:524] Registering image #1581 (num_reg_frames=644)
2026-05-14T06:46:39.951000+00:00 md1-baseline-e2e-20260514032448-sfm/algo-1-1778729134 COLMAP[mapper_spatial_sequential_only] I20260514 06:46:38.999976  4195 incremental_pipeline.cc:527] => Image sees 2382 / 8391 points
2026-05-14T06:46:40.952000+00:00 md1-baseline-e2e-20260514032448-sfm/algo-1-1778729134 COLMAP[mapper_spatial_sequential_only] I20260514 06:46:40.932487  4195 incremental_pipeline.cc:524] Registering image #1553 (num_reg_frames=645)
2026-05-14T06:46:40.952000+00:00 md1-baseline-e2e-20260514032448-sfm/algo-1-1778729134 COLMAP[mapper_spatial_sequential_only] I20260514 06:46:40.932552  4195 incremental_pipeline.cc:527] => Image sees 3507 / 7889 points
2026-05-14T06:46:42.955000+00:00 md1-baseline-e2e-20260514032448-sfm/algo-1-1778729134 COLMAP[mapper_spatial_sequential_only] I20260514 06:46:42.950531  4195 incremental_pipeline.cc:524] Registering image #1582 (num_reg_frames=646)
2026-05-14T06:46:42.955000+00:00 md1-baseline-e2e-20260514032448-sfm/algo-1-1778729134 COLMAP[mapper_spatial_sequential_only] I20260514 06:46:42.950592  4195 incremental_pipeline.cc:527] => Image sees 3873 / 7599 points
2026-05-14T06:46:45.958000+00:00 md1-baseline-e2e-20260514032448-sfm/algo-1-1778729134 COLMAP[mapper_spatial_sequential_only] I20260514 06:46:45.100137  4195 incremental_pipeline.cc:524] Registering image #1550 (num_reg_frames=647)
2026-05-14T06:46:45.958000+00:00 md1-baseline-e2e-20260514032448-sfm/algo-1-1778729134 COLMAP[mapper_spatial_sequential_only] I20260514 06:46:45.100208  4195 incremental_pipeline.cc:527] => Image sees 2878 / 7250 points
2026-05-14T06:46:47.961000+00:00 md1-baseline-e2e-20260514032448-sfm/algo-1-1778729134 COLMAP[mapper_spatial_sequential_only] I20260514 06:46:47.069730  4195 incremental_pipeline.cc:524] Registering image #1580 (num_reg_frames=648)
2026-05-14T06:46:47.961000+00:00 md1-baseline-e2e-20260514032448-sfm/algo-1-1778729134 COLMAP[mapper_spatial_sequential_only] I20260514 06:46:47.069792  4195 incremental_pipeline.cc:527] => Image sees 2979 / 7584 points
2026-05-14T06:46:48.961000+00:00 md1-baseline-e2e-20260514032448-sfm/algo-1-1778729134 COLMAP[mapper_spatial_sequential_only] I20260514 06:46:48.893949  4195 incremental_pipeline.cc:524] Registering image #1554 (num_reg_frames=649)
2026-05-14T06:46:48.961000+00:00 md1-baseline-e2e-20260514032448-sfm/algo-1-1778729134 COLMAP[mapper_spatial_sequential_only] I20260514 06:46:48.894011  4195 incremental_pipeline.cc:527] => Image sees 2155 / 6280 points
2026-05-14T06:46:50.962000+00:00 md1-baseline-e2e-20260514032448-sfm/algo-1-1778729134 COLMAP[mapper_spatial_sequential_only] I20260514 06:46:50.722400  4195 incremental_pipeline.cc:524] Registering image #1579 (num_reg_frames=650)
2026-05-14T06:46:50.962000+00:00 md1-baseline-e2e-20260514032448-sfm/algo-1-1778729134 COLMAP[mapper_spatial_sequential_only] I20260514 06:46:50.722466  4195 incremental_pipeline.cc:527] => Image sees 1945 / 7238 points
2026-05-14T06:46:52.963000+00:00 md1-baseline-e2e-20260514032448-sfm/algo-1-1778729134 COLMAP[mapper_spatial_sequential_only] I20260514 06:46:52.469169  4195 incremental_pipeline.cc:524] Registering image #1444 (num_reg_frames=651)
2026-05-14T06:46:52.963000+00:00 md1-baseline-e2e-20260514032448-sfm/algo-1-1778729134 COLMAP[mapper_spatial_sequential_only] I20260514 06:46:52.469338  4195 incremental_pipeline.cc:527] => Image sees 1680 / 7448 points
2026-05-14T06:46:54.964000+00:00 md1-baseline-e2e-20260514032448-sfm/algo-1-1778729134 COLMAP[mapper_spatial_sequential_only] I20260514 06:46:54.326880  4195 incremental_pipeline.cc:524] Registering image #1464 (num_reg_frames=652)
2026-05-14T06:46:54.964000+00:00 md1-baseline-e2e-20260514032448-sfm/algo-1-1778729134 COLMAP[mapper_spatial_sequential_only] I20260514 06:46:54.326941  4195 incremental_pipeline.cc:527] => Image sees 2064 / 7169 points
2026-05-14T06:46:56.965000+00:00 md1-baseline-e2e-20260514032448-sfm/algo-1-1778729134 COLMAP[mapper_spatial_sequential_only] I20260514 06:46:56.078641  4195 incremental_pipeline.cc:524] Registering image #1445 (num_reg_frames=653)
2026-05-14T06:46:56.965000+00:00 md1-baseline-e2e-20260514032448-sfm/algo-1-1778729134 COLMAP[mapper_spatial_sequential_only] I20260514 06:46:56.078706  4195 incremental_pipeline.cc:527] => Image sees 2559 / 7605 points
2026-05-14T06:46:58.965000+00:00 md1-baseline-e2e-20260514032448-sfm/algo-1-1778729134 COLMAP[mapper_spatial_sequential_only] I20260514 06:46:58.075824  4195 incremental_pipeline.cc:524] Registering image #1465 (num_reg_frames=654)
2026-05-14T06:46:58.965000+00:00 md1-baseline-e2e-20260514032448-sfm/algo-1-1778729134 COLMAP[mapper_spatial_sequential_only] I20260514 06:46:58.075906  4195 incremental_pipeline.cc:527] => Image sees 2402 / 7168 points
2026-05-14T06:47:00.968000+00:00 md1-baseline-e2e-20260514032448-sfm/algo-1-1778729134 COLMAP[mapper_spatial_sequential_only] I20260514 06:47:00.052845  4195 incremental_pipeline.cc:524] Registering image #1443 (num_reg_frames=655)
2026-05-14T06:47:00.968000+00:00 md1-baseline-e2e-20260514032448-sfm/algo-1-1778729134 COLMAP[mapper_spatial_sequential_only] I20260514 06:47:00.052909  4195 incremental_pipeline.cc:527] => Image sees 1905 / 7154 points
2026-05-14T06:47:01.968000+00:00 md1-baseline-e2e-20260514032448-sfm/algo-1-1778729134 COLMAP[mapper_spatial_sequential_only] I20260514 06:47:01.949206  4195 incremental_pipeline.cc:524] Registering image #1462 (num_reg_frames=656)
2026-05-14T06:47:01.968000+00:00 md1-baseline-e2e-20260514032448-sfm/algo-1-1778729134 COLMAP[mapper_spatial_sequential_only] I20260514 06:47:01.949283  4195 incremental_pipeline.cc:527] => Image sees 2527 / 6876 points
2026-05-14T06:47:03.971000+00:00 md1-baseline-e2e-20260514032448-sfm/algo-1-1778729134 COLMAP[mapper_spatial_sequential_only] I20260514 06:47:03.826311  4195 incremental_pipeline.cc:524] Registering image #1442 (num_reg_frames=657)
2026-05-14T06:47:03.971000+00:00 md1-baseline-e2e-20260514032448-sfm/algo-1-1778729134 COLMAP[mapper_spatial_sequential_only] I20260514 06:47:03.826367  4195 incremental_pipeline.cc:527] => Image sees 2169 / 6917 points
2026-05-14T06:47:05.971000+00:00 md1-baseline-e2e-20260514032448-sfm/algo-1-1778729134 COLMAP[mapper_spatial_sequential_only] I20260514 06:47:05.636096  4195 incremental_pipeline.cc:524] Registering image #1549 (num_reg_frames=658)
2026-05-14T06:47:05.971000+00:00 md1-baseline-e2e-20260514032448-sfm/algo-1-1778729134 COLMAP[mapper_spatial_sequential_only] I20260514 06:47:05.636157  4195 incremental_pipeline.cc:527] => Image sees 2906 / 6986 points
2026-05-14T06:47:07.972000+00:00 md1-baseline-e2e-20260514032448-sfm/algo-1-1778729134 COLMAP[mapper_spatial_sequential_only] I20260514 06:47:07.504462  4195 incremental_pipeline.cc:524] Registering image #1461 (num_reg_frames=659)
2026-05-14T06:47:07.972000+00:00 md1-baseline-e2e-20260514032448-sfm/algo-1-1778729134 COLMAP[mapper_spatial_sequential_only] I20260514 06:47:07.504526  4195 incremental_pipeline.cc:527] => Image sees 2240 / 6360 points
2026-05-14T06:47:09.973000+00:00 md1-baseline-e2e-20260514032448-sfm/algo-1-1778729134 COLMAP[mapper_spatial_sequential_only] I20260514 06:47:09.296530  4195 incremental_pipeline.cc:524] Registering image #1446 (num_reg_frames=660)
2026-05-14T06:47:09.973000+00:00 md1-baseline-e2e-20260514032448-sfm/algo-1-1778729134 COLMAP[mapper_spatial_sequential_only] I20260514 06:47:09.296591  4195 incremental_pipeline.cc:527] => Image sees 1767 / 6696 points
2026-05-14T06:47:11.975000+00:00 md1-baseline-e2e-20260514032448-sfm/algo-1-1778729134 COLMAP[mapper_spatial_sequential_only] I20260514 06:47:11.255838  4195 incremental_pipeline.cc:524] Registering image #1350 (num_reg_frames=661)
2026-05-14T06:47:11.975000+00:00 md1-baseline-e2e-20260514032448-sfm/algo-1-1778729134 COLMAP[mapper_spatial_sequential_only] I20260514 06:47:11.255900  4195 incremental_pipeline.cc:527] => Image sees 1595 / 5749 points
2026-05-14T06:47:12.976000+00:00 md1-baseline-e2e-20260514032448-sfm/algo-1-1778729134 COLMAP[mapper_spatial_sequential_only] I20260514 06:47:12.865729  4195 incremental_pipeline.cc:524] Registering image #1355 (num_reg_frames=662)
2026-05-14T06:47:12.976000+00:00 md1-baseline-e2e-20260514032448-sfm/algo-1-1778729134 COLMAP[mapper_spatial_sequential_only] I20260514 06:47:12.865792  4195 incremental_pipeline.cc:527] => Image sees 1484 / 6493 points
2026-05-14T06:47:14.976000+00:00 md1-baseline-e2e-20260514032448-sfm/algo-1-1778729134 COLMAP[mapper_spatial_sequential_only] I20260514 06:47:14.636248  4195 incremental_pipeline.cc:524] Registering image #1585 (num_reg_frames=663)
2026-05-14T06:47:14.976000+00:00 md1-baseline-e2e-20260514032448-sfm/algo-1-1778729134 COLMAP[mapper_spatial_sequential_only] I20260514 06:47:14.636312  4195 incremental_pipeline.cc:527] => Image sees 1726 / 6213 points
2026-05-14T06:47:16.977000+00:00 md1-baseline-e2e-20260514032448-sfm/algo-1-1778729134 COLMAP[mapper_spatial_sequential_only] I20260514 06:47:16.517390  4195 incremental_pipeline.cc:524] Registering image #1336 (num_reg_frames=664)
2026-05-14T06:47:16.977000+00:00 md1-baseline-e2e-20260514032448-sfm/algo-1-1778729134 COLMAP[mapper_spatial_sequential_only] I20260514 06:47:16.517453  4195 incremental_pipeline.cc:527] => Image sees 2322 / 6162 points
2026-05-14T06:47:18.977000+00:00 md1-baseline-e2e-20260514032448-sfm/algo-1-1778729134 COLMAP[mapper_spatial_sequential_only] I20260514 06:47:18.497488  4195 incremental_pipeline.cc:524] Registering image #1356 (num_reg_frames=665)
2026-05-14T06:47:18.977000+00:00 md1-baseline-e2e-20260514032448-sfm/algo-1-1778729134 COLMAP[mapper_spatial_sequential_only] I20260514 06:47:18.497545  4195 incremental_pipeline.cc:527] => Image sees 2574 / 7655 points
2026-05-14T06:47:20.978000+00:00 md1-baseline-e2e-20260514032448-sfm/algo-1-1778729134 COLMAP[mapper_spatial_sequential_only] I20260514 06:47:20.448462  4195 incremental_pipeline.cc:524] Registering image #1586 (num_reg_frames=666)
2026-05-14T06:47:20.978000+00:00 md1-baseline-e2e-20260514032448-sfm/algo-1-1778729134 COLMAP[mapper_spatial_sequential_only] I20260514 06:47:20.448529  4195 incremental_pipeline.cc:527] => Image sees 1884 / 6136 points
2026-05-14T06:47:22.979000+00:00 md1-baseline-e2e-20260514032448-sfm/algo-1-1778729134 COLMAP[mapper_spatial_sequential_only] I20260514 06:47:22.294315  4195 incremental_pipeline.cc:524] Registering image #1357 (num_reg_frames=667)
2026-05-14T06:47:22.979000+00:00 md1-baseline-e2e-20260514032448-sfm/algo-1-1778729134 COLMAP[mapper_spatial_sequential_only] I20260514 06:47:22.294380  4195 incremental_pipeline.cc:527] => Image sees 2738 / 7532 points
2026-05-14T06:47:24.985000+00:00 md1-baseline-e2e-20260514032448-sfm/algo-1-1778729134 COLMAP[mapper_spatial_sequential_only] I20260514 06:47:24.251482  4195 incremental_pipeline.cc:524] Registering image #1587 (num_reg_frames=668)
2026-05-14T06:47:24.985000+00:00 md1-baseline-e2e-20260514032448-sfm/algo-1-1778729134 COLMAP[mapper_spatial_sequential_only] I20260514 06:47:24.251539  4195 incremental_pipeline.cc:527] => Image sees 2660 / 6564 points
2026-05-14T06:47:26.986000+00:00 md1-baseline-e2e-20260514032448-sfm/algo-1-1778729134 COLMAP[mapper_spatial_sequential_only] I20260514 06:47:26.187655  4195 incremental_pipeline.cc:524] Registering image #1337 (num_reg_frames=669)
2026-05-14T06:47:26.986000+00:00 md1-baseline-e2e-20260514032448-sfm/algo-1-1778729134 COLMAP[mapper_spatial_sequential_only] I20260514 06:47:26.187716  4195 incremental_pipeline.cc:527] => Image sees 1977 / 7520 points
2026-05-14T06:47:27.986000+00:00 md1-baseline-e2e-20260514032448-sfm/algo-1-1778729134 COLMAP[mapper_spatial_sequential_only] I20260514 06:47:27.934872  4195 incremental_pipeline.cc:524] Registering image #1588 (num_reg_frames=670)
2026-05-14T06:47:27.986000+00:00 md1-baseline-e2e-20260514032448-sfm/algo-1-1778729134 COLMAP[mapper_spatial_sequential_only] I20260514 06:47:27.934939  4195 incremental_pipeline.cc:527] => Image sees 1749 / 6302 points
2026-05-14T06:47:29.986000+00:00 md1-baseline-e2e-20260514032448-sfm/algo-1-1778729134 COLMAP[mapper_spatial_sequential_only] I20260514 06:47:29.695974  4195 incremental_pipeline.cc:524] Registering image #1358 (num_reg_frames=671)
2026-05-14T06:47:29.987000+00:00 md1-baseline-e2e-20260514032448-sfm/algo-1-1778729134 COLMAP[mapper_spatial_sequential_only] I20260514 06:47:29.696064  4195 incremental_pipeline.cc:527] => Image sees 1764 / 7015 points
2026-05-14T06:47:31.987000+00:00 md1-baseline-e2e-20260514032448-sfm/algo-1-1778729134 COLMAP[mapper_spatial_sequential_only] I20260514 06:47:31.595815  4195 incremental_pipeline.cc:524] Registering image #1589 (num_reg_frames=672)
2026-05-14T06:47:31.987000+00:00 md1-baseline-e2e-20260514032448-sfm/algo-1-1778729134 COLMAP[mapper_spatial_sequential_only] I20260514 06:47:31.595878  4195 incremental_pipeline.cc:527] => Image sees 1669 / 6621 points
2026-05-14T06:47:33.988000+00:00 md1-baseline-e2e-20260514032448-sfm/algo-1-1778729134 COLMAP[mapper_spatial_sequential_only] I20260514 06:47:33.568992  4195 incremental_pipeline.cc:524] Registering image #1359 (num_reg_frames=673)
2026-05-14T06:47:33.988000+00:00 md1-baseline-e2e-20260514032448-sfm/algo-1-1778729134 COLMAP[mapper_spatial_sequential_only] I20260514 06:47:33.569048  4195 incremental_pipeline.cc:527] => Image sees 1861 / 6466 points
2026-05-14T06:47:35.988000+00:00 md1-baseline-e2e-20260514032448-sfm/algo-1-1778729134 COLMAP[mapper_spatial_sequential_only] I20260514 06:47:35.395325  4195 incremental_pipeline.cc:524] Registering image #1590 (num_reg_frames=674)
2026-05-14T06:47:35.988000+00:00 md1-baseline-e2e-20260514032448-sfm/algo-1-1778729134 COLMAP[mapper_spatial_sequential_only] I20260514 06:47:35.395388  4195 incremental_pipeline.cc:527] => Image sees 1889 / 7272 points
2026-05-14T06:47:37.989000+00:00 md1-baseline-e2e-20260514032448-sfm/algo-1-1778729134 COLMAP[mapper_spatial_sequential_only] I20260514 06:47:37.456180  4195 incremental_pipeline.cc:524] Registering image #1591 (num_reg_frames=675)
2026-05-14T06:47:37.989000+00:00 md1-baseline-e2e-20260514032448-sfm/algo-1-1778729134 COLMAP[mapper_spatial_sequential_only] I20260514 06:47:37.456243  4195 incremental_pipeline.cc:527] => Image sees 2649 / 6796 points
2026-05-14T06:47:39.990000+00:00 md1-baseline-e2e-20260514032448-sfm/algo-1-1778729134 COLMAP[mapper_spatial_sequential_only] I20260514 06:47:39.362885  4195 incremental_pipeline.cc:524] Registering image #1360 (num_reg_frames=676)
2026-05-14T06:47:39.990000+00:00 md1-baseline-e2e-20260514032448-sfm/algo-1-1778729134 COLMAP[mapper_spatial_sequential_only] I20260514 06:47:39.362948  4195 incremental_pipeline.cc:527] => Image sees 3284 / 6271 points
2026-05-14T06:47:41.990000+00:00 md1-baseline-e2e-20260514032448-sfm/algo-1-1778729134 COLMAP[mapper_spatial_sequential_only] I20260514 06:47:41.351197  4195 incremental_pipeline.cc:524] Registering image #1654 (num_reg_frames=677)
2026-05-14T06:47:41.990000+00:00 md1-baseline-e2e-20260514032448-sfm/algo-1-1778729134 COLMAP[mapper_spatial_sequential_only] I20260514 06:47:41.351257  4195 incremental_pipeline.cc:527] => Image sees 1424 / 5629 points
2026-05-14T06:47:42.991000+00:00 md1-baseline-e2e-20260514032448-sfm/algo-1-1778729134 COLMAP[mapper_spatial_sequential_only] I20260514 06:47:42.897683  4195 incremental_pipeline.cc:524] Registering image #1548 (num_reg_frames=678)
2026-05-14T06:47:42.991000+00:00 md1-baseline-e2e-20260514032448-sfm/algo-1-1778729134 COLMAP[mapper_spatial_sequential_only] I20260514 06:47:42.897746  4195 incremental_pipeline.cc:527] => Image sees 1137 / 7222 points
2026-05-14T06:47:44.991000+00:00 md1-baseline-e2e-20260514032448-sfm/algo-1-1778729134 COLMAP[mapper_spatial_sequential_only] I20260514 06:47:44.624080  4195 incremental_pipeline.cc:524] Registering image #1477 (num_reg_frames=679)
2026-05-14T06:47:44.991000+00:00 md1-baseline-e2e-20260514032448-sfm/algo-1-1778729134 COLMAP[mapper_spatial_sequential_only] I20260514 06:47:44.624143  4195 incremental_pipeline.cc:527] => Image sees 1354 / 5365 points
2026-05-14T06:47:46.992000+00:00 md1-baseline-e2e-20260514032448-sfm/algo-1-1778729134 COLMAP[mapper_spatial_sequential_only] I20260514 06:47:46.238669  4195 incremental_pipeline.cc:524] Registering image #1493 (num_reg_frames=680)
2026-05-14T06:47:46.992000+00:00 md1-baseline-e2e-20260514032448-sfm/algo-1-1778729134 COLMAP[mapper_spatial_sequential_only] I20260514 06:47:46.238726  4195 incremental_pipeline.cc:527] => Image sees 1274 / 7955 points
2026-05-14T06:47:47.992000+00:00 md1-baseline-e2e-20260514032448-sfm/algo-1-1778729134 COLMAP[mapper_spatial_sequential_only] I20260514 06:47:47.769282  4195 incremental_pipeline.cc:524] Registering image #1318 (num_reg_frames=681)
2026-05-14T06:47:47.992000+00:00 md1-baseline-e2e-20260514032448-sfm/algo-1-1778729134 COLMAP[mapper_spatial_sequential_only] I20260514 06:47:47.769338  4195 incremental_pipeline.cc:527] => Image sees 1328 / 7365 points
2026-05-14T06:47:49.993000+00:00 md1-baseline-e2e-20260514032448-sfm/algo-1-1778729134 COLMAP[mapper_spatial_sequential_only] I20260514 06:47:49.611963  4195 incremental_pipeline.cc:524] Registering image #1535 (num_reg_frames=682)
2026-05-14T06:47:49.993000+00:00 md1-baseline-e2e-20260514032448-sfm/algo-1-1778729134 COLMAP[mapper_spatial_sequential_only] I20260514 06:47:49.612030  4195 incremental_pipeline.cc:527] => Image sees 1380 / 6332 points
2026-05-14T06:47:51.994000+00:00 md1-baseline-e2e-20260514032448-sfm/algo-1-1778729134 COLMAP[mapper_spatial_sequential_only] I20260514 06:47:51.103971  4195 incremental_pipeline.cc:524] Registering image #1412 (num_reg_frames=683)
2026-05-14T06:47:51.994000+00:00 md1-baseline-e2e-20260514032448-sfm/algo-1-1778729134 COLMAP[mapper_spatial_sequential_only] I20260514 06:47:51.104032  4195 incremental_pipeline.cc:527] => Image sees 1250 / 6658 points
2026-05-14T06:47:53.994000+00:00 md1-baseline-e2e-20260514032448-sfm/algo-1-1778729134 COLMAP[mapper_spatial_sequential_only] I20260514 06:47:53.066653  4195 incremental_pipeline.cc:524] Registering image #1520 (num_reg_frames=684)
2026-05-14T06:47:53.994000+00:00 md1-baseline-e2e-20260514032448-sfm/algo-1-1778729134 COLMAP[mapper_spatial_sequential_only] I20260514 06:47:53.066720  4195 incremental_pipeline.cc:527] => Image sees 1060 / 8666 points
2026-05-14T06:47:54.995000+00:00 md1-baseline-e2e-20260514032448-sfm/algo-1-1778729134 COLMAP[mapper_spatial_sequential_only] I20260514 06:47:54.640686  4195 incremental_pipeline.cc:524] Registering image #1521 (num_reg_frames=685)
2026-05-14T06:47:54.995000+00:00 md1-baseline-e2e-20260514032448-sfm/algo-1-1778729134 COLMAP[mapper_spatial_sequential_only] I20260514 06:47:54.640753  4195 incremental_pipeline.cc:527] => Image sees 1218 / 9244 points
2026-05-14T06:47:56.995000+00:00 md1-baseline-e2e-20260514032448-sfm/algo-1-1778729134 COLMAP[mapper_spatial_sequential_only] I20260514 06:47:56.053049  4195 incremental_pipeline.cc:78] Retriangulation and Global bundle adjustment
2026-05-14T06:48:57.118000+00:00 md1-baseline-e2e-20260514032448-sfm/algo-1-1778729134 COLMAP[mapper_spatial_sequential_only] HEARTBEAT elapsed=3473s idle=60s
2026-05-14T06:49:57.270000+00:00 md1-baseline-e2e-20260514032448-sfm/algo-1-1778729134 COLMAP[mapper_spatial_sequential_only] HEARTBEAT elapsed=3533s idle=120s
2026-05-14T06:50:57.563000+00:00 md1-baseline-e2e-20260514032448-sfm/algo-1-1778729134 COLMAP[mapper_spatial_sequential_only] HEARTBEAT elapsed=3593s idle=180s
2026-05-14T06:51:57.783000+00:00 md1-baseline-e2e-20260514032448-sfm/algo-1-1778729134 COLMAP[mapper_spatial_sequential_only] HEARTBEAT elapsed=3653s idle=240s
2026-05-14T06:52:52.022000+00:00 md1-baseline-e2e-20260514032448-sfm/algo-1-1778729134 COLMAP[mapper_spatial_sequential_only] I20260514 06:52:51.410383  4195 incremental_pipeline.cc:524] Registering image #1523 (num_reg_frames=686)
2026-05-14T06:52:52.022000+00:00 md1-baseline-e2e-20260514032448-sfm/algo-1-1778729134 COLMAP[mapper_spatial_sequential_only] I20260514 06:52:51.410482  4195 incremental_pipeline.cc:527] => Image sees 1331 / 10730 points
2026-05-14T06:52:54.023000+00:00 md1-baseline-e2e-20260514032448-sfm/algo-1-1778729134 COLMAP[mapper_spatial_sequential_only] I20260514 06:52:53.114611  4195 incremental_pipeline.cc:524] Registering image #1522 (num_reg_frames=687)
2026-05-14T06:52:54.023000+00:00 md1-baseline-e2e-20260514032448-sfm/algo-1-1778729134 COLMAP[mapper_spatial_sequential_only] I20260514 06:52:53.114672  4195 incremental_pipeline.cc:527] => Image sees 1552 / 10391 points
2026-05-14T06:52:55.023000+00:00 md1-baseline-e2e-20260514032448-sfm/algo-1-1778729134 COLMAP[mapper_spatial_sequential_only] I20260514 06:52:54.910133  4195 incremental_pipeline.cc:524] Registering image #1519 (num_reg_frames=688)
2026-05-14T06:52:55.023000+00:00 md1-baseline-e2e-20260514032448-sfm/algo-1-1778729134 COLMAP[mapper_spatial_sequential_only] I20260514 06:52:54.910194  4195 incremental_pipeline.cc:527] => Image sees 1325 / 8648 points
2026-05-14T06:52:57.024000+00:00 md1-baseline-e2e-20260514032448-sfm/algo-1-1778729134 COLMAP[mapper_spatial_sequential_only] I20260514 06:52:56.682155  4195 incremental_pipeline.cc:524] Registering image #1494 (num_reg_frames=689)
2026-05-14T06:52:57.024000+00:00 md1-baseline-e2e-20260514032448-sfm/algo-1-1778729134 COLMAP[mapper_spatial_sequential_only] I20260514 06:52:56.682217  4195 incremental_pipeline.cc:527] => Image sees 1232 / 7086 points
2026-05-14T06:52:59.025000+00:00 md1-baseline-e2e-20260514032448-sfm/algo-1-1778729134 COLMAP[mapper_spatial_sequential_only] I20260514 06:52:58.651616  4195 incremental_pipeline.cc:524] Registering image #1524 (num_reg_frames=690)
2026-05-14T06:52:59.025000+00:00 md1-baseline-e2e-20260514032448-sfm/algo-1-1778729134 COLMAP[mapper_spatial_sequential_only] I20260514 06:52:58.651679  4195 incremental_pipeline.cc:527] => Image sees 2957 / 10206 points
2026-05-14T06:53:02.031000+00:00 md1-baseline-e2e-20260514032448-sfm/algo-1-1778729134 COLMAP[mapper_spatial_sequential_only] I20260514 06:53:01.077080  4195 incremental_pipeline.cc:524] Registering image #1495 (num_reg_frames=691)
2026-05-14T06:53:02.031000+00:00 md1-baseline-e2e-20260514032448-sfm/algo-1-1778729134 COLMAP[mapper_spatial_sequential_only] I20260514 06:53:01.077140  4195 incremental_pipeline.cc:527] => Image sees 3019 / 7519 points
2026-05-14T06:53:04.038000+00:00 md1-baseline-e2e-20260514032448-sfm/algo-1-1778729134 COLMAP[mapper_spatial_sequential_only] I20260514 06:53:03.157256  4195 incremental_pipeline.cc:524] Registering image #1525 (num_reg_frames=692)
2026-05-14T06:53:04.038000+00:00 md1-baseline-e2e-20260514032448-sfm/algo-1-1778729134 COLMAP[mapper_spatial_sequential_only] I20260514 06:53:03.157312  4195 incremental_pipeline.cc:527] => Image sees 2606 / 8248 points
2026-05-14T06:53:06.041000+00:00 md1-baseline-e2e-20260514032448-sfm/algo-1-1778729134 COLMAP[mapper_spatial_sequential_only] I20260514 06:53:05.167424  4195 incremental_pipeline.cc:524] Registering image #1497 (num_reg_frames=693)
2026-05-14T06:53:06.041000+00:00 md1-baseline-e2e-20260514032448-sfm/algo-1-1778729134 COLMAP[mapper_spatial_sequential_only] I20260514 06:53:05.167482  4195 incremental_pipeline.cc:527] => Image sees 2456 / 8223 points
2026-05-14T06:53:08.045000+00:00 md1-baseline-e2e-20260514032448-sfm/algo-1-1778729134 COLMAP[mapper_spatial_sequential_only] I20260514 06:53:07.305320  4195 incremental_pipeline.cc:524] Registering image #1492 (num_reg_frames=694)
2026-05-14T06:53:08.045000+00:00 md1-baseline-e2e-20260514032448-sfm/algo-1-1778729134 COLMAP[mapper_spatial_sequential_only] I20260514 06:53:07.305374  4195 incremental_pipeline.cc:527] => Image sees 1784 / 6972 points
2026-05-14T06:53:10.045000+00:00 md1-baseline-e2e-20260514032448-sfm/algo-1-1778729134 COLMAP[mapper_spatial_sequential_only] I20260514 06:53:09.057814  4195 incremental_pipeline.cc:524] Registering image #1526 (num_reg_frames=695)
2026-05-14T06:53:10.045000+00:00 md1-baseline-e2e-20260514032448-sfm/algo-1-1778729134 COLMAP[mapper_spatial_sequential_only] I20260514 06:53:09.057874  4195 incremental_pipeline.cc:527] => Image sees 1721 / 8348 points
2026-05-14T06:53:12.046000+00:00 md1-baseline-e2e-20260514032448-sfm/algo-1-1778729134 COLMAP[mapper_spatial_sequential_only] I20260514 06:53:11.186993  4195 incremental_pipeline.cc:524] Registering image #1498 (num_reg_frames=696)
2026-05-14T06:53:12.046000+00:00 md1-baseline-e2e-20260514032448-sfm/algo-1-1778729134 COLMAP[mapper_spatial_sequential_only] I20260514 06:53:11.187062  4195 incremental_pipeline.cc:527] => Image sees 2776 / 8333 points
2026-05-14T06:53:14.047000+00:00 md1-baseline-e2e-20260514032448-sfm/algo-1-1778729134 COLMAP[mapper_spatial_sequential_only] I20260514 06:53:13.680939  4195 incremental_pipeline.cc:524] Registering image #1499 (num_reg_frames=697)
2026-05-14T06:53:14.047000+00:00 md1-baseline-e2e-20260514032448-sfm/algo-1-1778729134 COLMAP[mapper_spatial_sequential_only] I20260514 06:53:13.681002  4195 incremental_pipeline.cc:527] => Image sees 3331 / 7832 points
2026-05-14T06:53:16.047000+00:00 md1-baseline-e2e-20260514032448-sfm/algo-1-1778729134 COLMAP[mapper_spatial_sequential_only] I20260514 06:53:15.969050  4195 incremental_pipeline.cc:524] Registering image #1501 (num_reg_frames=698)
2026-05-14T06:53:16.047000+00:00 md1-baseline-e2e-20260514032448-sfm/algo-1-1778729134 COLMAP[mapper_spatial_sequential_only] I20260514 06:53:15.969115  4195 incremental_pipeline.cc:527] => Image sees 2897 / 7687 points
2026-05-14T06:53:19.054000+00:00 md1-baseline-e2e-20260514032448-sfm/algo-1-1778729134 COLMAP[mapper_spatial_sequential_only] I20260514 06:53:18.087417  4195 incremental_pipeline.cc:524] Registering image #1527 (num_reg_frames=699)
2026-05-14T06:53:19.054000+00:00 md1-baseline-e2e-20260514032448-sfm/algo-1-1778729134 COLMAP[mapper_spatial_sequential_only] I20260514 06:53:18.087487  4195 incremental_pipeline.cc:527] => Image sees 2816 / 7390 points
2026-05-14T06:53:21.055000+00:00 md1-baseline-e2e-20260514032448-sfm/algo-1-1778729134 COLMAP[mapper_spatial_sequential_only] I20260514 06:53:20.184122  4195 incremental_pipeline.cc:524] Registering image #1414 (num_reg_frames=700)
2026-05-14T06:53:21.055000+00:00 md1-baseline-e2e-20260514032448-sfm/algo-1-1778729134 COLMAP[mapper_spatial_sequential_only] I20260514 06:53:20.184193  4195 incremental_pipeline.cc:527] => Image sees 2749 / 7201 points
2026-05-14T06:53:23.056000+00:00 md1-baseline-e2e-20260514032448-sfm/algo-1-1778729134 COLMAP[mapper_spatial_sequential_only] I20260514 06:53:22.392295  4195 incremental_pipeline.cc:524] Registering image #1500 (num_reg_frames=701)
2026-05-14T06:53:23.056000+00:00 md1-baseline-e2e-20260514032448-sfm/algo-1-1778729134 COLMAP[mapper_spatial_sequential_only] I20260514 06:53:22.392387  4195 incremental_pipeline.cc:527] => Image sees 2480 / 7678 points
2026-05-14T06:53:25.057000+00:00 md1-baseline-e2e-20260514032448-sfm/algo-1-1778729134 COLMAP[mapper_spatial_sequential_only] I20260514 06:53:24.521503  4195 incremental_pipeline.cc:524] Registering image #1413 (num_reg_frames=702)
2026-05-14T06:53:25.057000+00:00 md1-baseline-e2e-20260514032448-sfm/algo-1-1778729134 COLMAP[mapper_spatial_sequential_only] I20260514 06:53:24.521561  4195 incremental_pipeline.cc:527] => Image sees 1698 / 7663 points
2026-05-14T06:53:27.057000+00:00 md1-baseline-e2e-20260514032448-sfm/algo-1-1778729134 COLMAP[mapper_spatial_sequential_only] I20260514 06:53:26.453011  4195 incremental_pipeline.cc:524] Registering image #1528 (num_reg_frames=703)
2026-05-14T06:53:27.057000+00:00 md1-baseline-e2e-20260514032448-sfm/algo-1-1778729134 COLMAP[mapper_spatial_sequential_only] I20260514 06:53:26.453084  4195 incremental_pipeline.cc:527] => Image sees 2158 / 7728 points
2026-05-14T06:53:29.058000+00:00 md1-baseline-e2e-20260514032448-sfm/algo-1-1778729134 COLMAP[mapper_spatial_sequential_only] I20260514 06:53:28.542454  4195 incremental_pipeline.cc:524] Registering image #1415 (num_reg_frames=704)
2026-05-14T06:53:29.058000+00:00 md1-baseline-e2e-20260514032448-sfm/algo-1-1778729134 COLMAP[mapper_spatial_sequential_only] I20260514 06:53:28.542514  4195 incremental_pipeline.cc:527] => Image sees 2152 / 7443 points
2026-05-14T06:53:31.058000+00:00 md1-baseline-e2e-20260514032448-sfm/algo-1-1778729134 COLMAP[mapper_spatial_sequential_only] I20260514 06:53:30.510038  4195 incremental_pipeline.cc:524] Registering image #1530 (num_reg_frames=705)
2026-05-14T06:53:31.058000+00:00 md1-baseline-e2e-20260514032448-sfm/algo-1-1778729134 COLMAP[mapper_spatial_sequential_only] I20260514 06:53:30.510092  4195 incremental_pipeline.cc:527] => Image sees 1650 / 6854 points
2026-05-14T06:53:33.059000+00:00 md1-baseline-e2e-20260514032448-sfm/algo-1-1778729134 COLMAP[mapper_spatial_sequential_only] I20260514 06:53:32.339188  4195 incremental_pipeline.cc:524] Registering image #1416 (num_reg_frames=706)
2026-05-14T06:53:33.059000+00:00 md1-baseline-e2e-20260514032448-sfm/algo-1-1778729134 COLMAP[mapper_spatial_sequential_only] I20260514 06:53:32.339253  4195 incremental_pipeline.cc:527] => Image sees 1354 / 6736 points
2026-05-14T06:53:35.060000+00:00 md1-baseline-e2e-20260514032448-sfm/algo-1-1778729134 COLMAP[mapper_spatial_sequential_only] I20260514 06:53:34.273638  4195 incremental_pipeline.cc:524] Registering image #1531 (num_reg_frames=707)
2026-05-14T06:53:35.060000+00:00 md1-baseline-e2e-20260514032448-sfm/algo-1-1778729134 COLMAP[mapper_spatial_sequential_only] I20260514 06:53:34.273699  4195 incremental_pipeline.cc:527] => Image sees 1441 / 6347 points
2026-05-14T06:53:37.060000+00:00 md1-baseline-e2e-20260514032448-sfm/algo-1-1778729134 COLMAP[mapper_spatial_sequential_only] I20260514 06:53:36.144577  4195 incremental_pipeline.cc:524] Registering image #1417 (num_reg_frames=708)
2026-05-14T06:53:37.060000+00:00 md1-baseline-e2e-20260514032448-sfm/algo-1-1778729134 COLMAP[mapper_spatial_sequential_only] I20260514 06:53:36.144634  4195 incremental_pipeline.cc:527] => Image sees 1482 / 6642 points
2026-05-14T06:53:38.061000+00:00 md1-baseline-e2e-20260514032448-sfm/algo-1-1778729134 COLMAP[mapper_spatial_sequential_only] I20260514 06:53:37.946008  4195 incremental_pipeline.cc:524] Registering image #1486 (num_reg_frames=709)
2026-05-14T06:53:38.061000+00:00 md1-baseline-e2e-20260514032448-sfm/algo-1-1778729134 COLMAP[mapper_spatial_sequential_only] I20260514 06:53:37.946069  4195 incremental_pipeline.cc:527] => Image sees 1392 / 5401 points
2026-05-14T06:53:40.061000+00:00 md1-baseline-e2e-20260514032448-sfm/algo-1-1778729134 COLMAP[mapper_spatial_sequential_only] I20260514 06:53:39.827092  4195 incremental_pipeline.cc:524] Registering image #1533 (num_reg_frames=710)
2026-05-14T06:53:40.061000+00:00 md1-baseline-e2e-20260514032448-sfm/algo-1-1778729134 COLMAP[mapper_spatial_sequential_only] I20260514 06:53:39.827153  4195 incremental_pipeline.cc:527] => Image sees 2088 / 8605 points
2026-05-14T06:53:42.062000+00:00 md1-baseline-e2e-20260514032448-sfm/algo-1-1778729134 COLMAP[mapper_spatial_sequential_only] I20260514 06:53:41.804857  4195 incremental_pipeline.cc:524] Registering image #1487 (num_reg_frames=711)
2026-05-14T06:53:42.062000+00:00 md1-baseline-e2e-20260514032448-sfm/algo-1-1778729134 COLMAP[mapper_spatial_sequential_only] I20260514 06:53:41.804920  4195 incremental_pipeline.cc:527] => Image sees 2726 / 8388 points
2026-05-14T06:53:44.063000+00:00 md1-baseline-e2e-20260514032448-sfm/algo-1-1778729134 COLMAP[mapper_spatial_sequential_only] I20260514 06:53:43.854985  4195 incremental_pipeline.cc:524] Registering image #1418 (num_reg_frames=712)
2026-05-14T06:53:44.063000+00:00 md1-baseline-e2e-20260514032448-sfm/algo-1-1778729134 COLMAP[mapper_spatial_sequential_only] I20260514 06:53:43.855046  4195 incremental_pipeline.cc:527] => Image sees 3171 / 6510 points
2026-05-14T06:53:46.064000+00:00 md1-baseline-e2e-20260514032448-sfm/algo-1-1778729134 COLMAP[mapper_spatial_sequential_only] I20260514 06:53:45.848537  4195 incremental_pipeline.cc:524] Registering image #1488 (num_reg_frames=713)
2026-05-14T06:53:46.064000+00:00 md1-baseline-e2e-20260514032448-sfm/algo-1-1778729134 COLMAP[mapper_spatial_sequential_only] I20260514 06:53:45.848598  4195 incremental_pipeline.cc:527] => Image sees 2761 / 6006 points
2026-05-14T06:53:48.064000+00:00 md1-baseline-e2e-20260514032448-sfm/algo-1-1778729134 COLMAP[mapper_spatial_sequential_only] I20260514 06:53:47.850399  4195 incremental_pipeline.cc:524] Registering image #1532 (num_reg_frames=714)
2026-05-14T06:53:48.064000+00:00 md1-baseline-e2e-20260514032448-sfm/algo-1-1778729134 COLMAP[mapper_spatial_sequential_only] I20260514 06:53:47.850464  4195 incremental_pipeline.cc:527] => Image sees 3180 / 6388 points
2026-05-14T06:53:50.067000+00:00 md1-baseline-e2e-20260514032448-sfm/algo-1-1778729134 COLMAP[mapper_spatial_sequential_only] I20260514 06:53:50.016094  4195 incremental_pipeline.cc:524] Registering image #1420 (num_reg_frames=715)
2026-05-14T06:53:50.067000+00:00 md1-baseline-e2e-20260514032448-sfm/algo-1-1778729134 COLMAP[mapper_spatial_sequential_only] I20260514 06:53:50.016168  4195 incremental_pipeline.cc:527] => Image sees 1794 / 5346 points
2026-05-14T06:53:53.070000+00:00 md1-baseline-e2e-20260514032448-sfm/algo-1-1778729134 COLMAP[mapper_spatial_sequential_only] I20260514 06:53:52.074041  4195 incremental_pipeline.cc:524] Registering image #1534 (num_reg_frames=716)
2026-05-14T06:53:53.070000+00:00 md1-baseline-e2e-20260514032448-sfm/algo-1-1778729134 COLMAP[mapper_spatial_sequential_only] I20260514 06:53:52.074106  4195 incremental_pipeline.cc:527] => Image sees 2089 / 6071 points
2026-05-14T06:53:54.070000+00:00 md1-baseline-e2e-20260514032448-sfm/algo-1-1778729134 COLMAP[mapper_spatial_sequential_only] I20260514 06:53:54.004148  4195 incremental_pipeline.cc:524] Registering image #1421 (num_reg_frames=717)
2026-05-14T06:53:54.070000+00:00 md1-baseline-e2e-20260514032448-sfm/algo-1-1778729134 COLMAP[mapper_spatial_sequential_only] I20260514 06:53:54.004244  4195 incremental_pipeline.cc:527] => Image sees 1875 / 6175 points
2026-05-14T06:53:57.072000+00:00 md1-baseline-e2e-20260514032448-sfm/algo-1-1778729134 COLMAP[mapper_spatial_sequential_only] I20260514 06:53:56.225708  4195 incremental_pipeline.cc:524] Registering image #1489 (num_reg_frames=718)
2026-05-14T06:53:57.072000+00:00 md1-baseline-e2e-20260514032448-sfm/algo-1-1778729134 COLMAP[mapper_spatial_sequential_only] I20260514 06:53:56.225768  4195 incremental_pipeline.cc:527] => Image sees 2191 / 5657 points
2026-05-14T06:53:59.073000+00:00 md1-baseline-e2e-20260514032448-sfm/algo-1-1778729134 COLMAP[mapper_spatial_sequential_only] I20260514 06:53:58.086913  4195 incremental_pipeline.cc:524] Registering image #1543 (num_reg_frames=719)
2026-05-14T06:53:59.073000+00:00 md1-baseline-e2e-20260514032448-sfm/algo-1-1778729134 COLMAP[mapper_spatial_sequential_only] I20260514 06:53:58.086978  4195 incremental_pipeline.cc:527] => Image sees 1254 / 6079 points
2026-05-14T06:54:00.073000+00:00 md1-baseline-e2e-20260514032448-sfm/algo-1-1778729134 COLMAP[mapper_spatial_sequential_only] I20260514 06:54:00.023918  4195 incremental_pipeline.cc:524] Registering image #1435 (num_reg_frames=720)
2026-05-14T06:54:00.073000+00:00 md1-baseline-e2e-20260514032448-sfm/algo-1-1778729134 COLMAP[mapper_spatial_sequential_only] I20260514 06:54:00.023980  4195 incremental_pipeline.cc:527] => Image sees 1370 / 5518 points
2026-05-14T06:54:02.074000+00:00 md1-baseline-e2e-20260514032448-sfm/algo-1-1778729134 COLMAP[mapper_spatial_sequential_only] I20260514 06:54:01.841264  4195 incremental_pipeline.cc:524] Registering image #1544 (num_reg_frames=721)
2026-05-14T06:54:02.074000+00:00 md1-baseline-e2e-20260514032448-sfm/algo-1-1778729134 COLMAP[mapper_spatial_sequential_only] I20260514 06:54:01.841316  4195 incremental_pipeline.cc:527] => Image sees 1389 / 5943 points
2026-05-14T06:54:04.074000+00:00 md1-baseline-e2e-20260514032448-sfm/algo-1-1778729134 COLMAP[mapper_spatial_sequential_only] I20260514 06:54:03.734293  4195 incremental_pipeline.cc:524] Registering image #1436 (num_reg_frames=722)
2026-05-14T06:54:04.075000+00:00 md1-baseline-e2e-20260514032448-sfm/algo-1-1778729134 COLMAP[mapper_spatial_sequential_only] I20260514 06:54:03.734352  4195 incremental_pipeline.cc:527] => Image sees 1850 / 9156 points
2026-05-14T06:54:06.075000+00:00 md1-baseline-e2e-20260514032448-sfm/algo-1-1778729134 COLMAP[mapper_spatial_sequential_only] I20260514 06:54:05.722231  4195 incremental_pipeline.cc:524] Registering image #1470 (num_reg_frames=723)
2026-05-14T06:54:06.075000+00:00 md1-baseline-e2e-20260514032448-sfm/algo-1-1778729134 COLMAP[mapper_spatial_sequential_only] I20260514 06:54:05.722291  4195 incremental_pipeline.cc:527] => Image sees 1703 / 8301 points
2026-05-14T06:54:08.076000+00:00 md1-baseline-e2e-20260514032448-sfm/algo-1-1778729134 COLMAP[mapper_spatial_sequential_only] I20260514 06:54:07.666157  4195 incremental_pipeline.cc:524] Registering image #1471 (num_reg_frames=724)
2026-05-14T06:54:08.076000+00:00 md1-baseline-e2e-20260514032448-sfm/algo-1-1778729134 COLMAP[mapper_spatial_sequential_only] I20260514 06:54:07.666217  4195 incremental_pipeline.cc:527] => Image sees 2432 / 8434 points
2026-05-14T06:54:10.077000+00:00 md1-baseline-e2e-20260514032448-sfm/algo-1-1778729134 COLMAP[mapper_spatial_sequential_only] I20260514 06:54:09.849570  4195 incremental_pipeline.cc:524] Registering image #1437 (num_reg_frames=725)
2026-05-14T06:54:10.077000+00:00 md1-baseline-e2e-20260514032448-sfm/algo-1-1778729134 COLMAP[mapper_spatial_sequential_only] I20260514 06:54:09.849627  4195 incremental_pipeline.cc:527] => Image sees 2206 / 8706 points
2026-05-14T06:54:12.077000+00:00 md1-baseline-e2e-20260514032448-sfm/algo-1-1778729134 COLMAP[mapper_spatial_sequential_only] I20260514 06:54:11.980261  4195 incremental_pipeline.cc:524] Registering image #1545 (num_reg_frames=726)
2026-05-14T06:54:12.077000+00:00 md1-baseline-e2e-20260514032448-sfm/algo-1-1778729134 COLMAP[mapper_spatial_sequential_only] I20260514 06:54:11.980324  4195 incremental_pipeline.cc:527] => Image sees 2502 / 8256 points
2026-05-14T06:54:14.079000+00:00 md1-baseline-e2e-20260514032448-sfm/algo-1-1778729134 COLMAP[mapper_spatial_sequential_only] I20260514 06:54:14.069175  4195 incremental_pipeline.cc:524] Registering image #1472 (num_reg_frames=727)
2026-05-14T06:54:14.079000+00:00 md1-baseline-e2e-20260514032448-sfm/algo-1-1778729134 COLMAP[mapper_spatial_sequential_only] I20260514 06:54:14.069255  4195 incremental_pipeline.cc:527] => Image sees 3367 / 8366 points
2026-05-14T06:54:17.080000+00:00 md1-baseline-e2e-20260514032448-sfm/algo-1-1778729134 COLMAP[mapper_spatial_sequential_only] I20260514 06:54:16.358327  4195 incremental_pipeline.cc:524] Registering image #1438 (num_reg_frames=728)
2026-05-14T06:54:17.080000+00:00 md1-baseline-e2e-20260514032448-sfm/algo-1-1778729134 COLMAP[mapper_spatial_sequential_only] I20260514 06:54:16.358389  4195 incremental_pipeline.cc:527] => Image sees 3591 / 8460 points
2026-05-14T06:54:19.081000+00:00 md1-baseline-e2e-20260514032448-sfm/algo-1-1778729134 COLMAP[mapper_spatial_sequential_only] I20260514 06:54:18.712611  4195 incremental_pipeline.cc:524] Registering image #1546 (num_reg_frames=729)
2026-05-14T06:54:19.081000+00:00 md1-baseline-e2e-20260514032448-sfm/algo-1-1778729134 COLMAP[mapper_spatial_sequential_only] I20260514 06:54:18.712680  4195 incremental_pipeline.cc:527] => Image sees 2517 / 6110 points
2026-05-14T06:54:21.082000+00:00 md1-baseline-e2e-20260514032448-sfm/algo-1-1778729134 COLMAP[mapper_spatial_sequential_only] I20260514 06:54:20.826107  4195 incremental_pipeline.cc:524] Registering image #1439 (num_reg_frames=730)
2026-05-14T06:54:21.082000+00:00 md1-baseline-e2e-20260514032448-sfm/algo-1-1778729134 COLMAP[mapper_spatial_sequential_only] I20260514 06:54:20.826166  4195 incremental_pipeline.cc:527] => Image sees 3806 / 8391 points
2026-05-14T06:54:24.086000+00:00 md1-baseline-e2e-20260514032448-sfm/algo-1-1778729134 COLMAP[mapper_spatial_sequential_only] I20260514 06:54:23.134147  4195 incremental_pipeline.cc:524] Registering image #1440 (num_reg_frames=731)
2026-05-14T06:54:24.086000+00:00 md1-baseline-e2e-20260514032448-sfm/algo-1-1778729134 COLMAP[mapper_spatial_sequential_only] I20260514 06:54:23.134207  4195 incremental_pipeline.cc:527] => Image sees 3332 / 6838 points
2026-05-14T06:54:26.086000+00:00 md1-baseline-e2e-20260514032448-sfm/algo-1-1778729134 COLMAP[mapper_spatial_sequential_only] I20260514 06:54:25.376619  4195 incremental_pipeline.cc:524] Registering image #1547 (num_reg_frames=732)
2026-05-14T06:54:26.086000+00:00 md1-baseline-e2e-20260514032448-sfm/algo-1-1778729134 COLMAP[mapper_spatial_sequential_only] I20260514 06:54:25.376713  4195 incremental_pipeline.cc:527] => Image sees 4341 / 7086 points
2026-05-14T06:54:28.087000+00:00 md1-baseline-e2e-20260514032448-sfm/algo-1-1778729134 COLMAP[mapper_spatial_sequential_only] I20260514 06:54:27.672765  4195 incremental_pipeline.cc:524] Registering image #1473 (num_reg_frames=733)
2026-05-14T06:54:28.087000+00:00 md1-baseline-e2e-20260514032448-sfm/algo-1-1778729134 COLMAP[mapper_spatial_sequential_only] I20260514 06:54:27.672828  4195 incremental_pipeline.cc:527] => Image sees 2972 / 7095 points
2026-05-14T06:54:30.088000+00:00 md1-baseline-e2e-20260514032448-sfm/algo-1-1778729134 COLMAP[mapper_spatial_sequential_only] I20260514 06:54:29.914328  4195 incremental_pipeline.cc:524] Registering image #1469 (num_reg_frames=734)
2026-05-14T06:54:30.088000+00:00 md1-baseline-e2e-20260514032448-sfm/algo-1-1778729134 COLMAP[mapper_spatial_sequential_only] I20260514 06:54:29.914394  4195 incremental_pipeline.cc:527] => Image sees 1673 / 5122 points
2026-05-14T06:54:32.088000+00:00 md1-baseline-e2e-20260514032448-sfm/algo-1-1778729134 COLMAP[mapper_spatial_sequential_only] I20260514 06:54:31.773290  4195 incremental_pipeline.cc:524] Registering image #1502 (num_reg_frames=735)
2026-05-14T06:54:32.088000+00:00 md1-baseline-e2e-20260514032448-sfm/algo-1-1778729134 COLMAP[mapper_spatial_sequential_only] I20260514 06:54:31.773348  4195 incremental_pipeline.cc:527] => Image sees 1655 / 7398 points
2026-05-14T06:54:34.089000+00:00 md1-baseline-e2e-20260514032448-sfm/algo-1-1778729134 COLMAP[mapper_spatial_sequential_only] I20260514 06:54:33.741150  4195 incremental_pipeline.cc:524] Registering image #1503 (num_reg_frames=736)
2026-05-14T06:54:34.089000+00:00 md1-baseline-e2e-20260514032448-sfm/algo-1-1778729134 COLMAP[mapper_spatial_sequential_only] I20260514 06:54:33.741230  4195 incremental_pipeline.cc:527] => Image sees 1618 / 7234 points
2026-05-14T06:54:36.089000+00:00 md1-baseline-e2e-20260514032448-sfm/algo-1-1778729134 COLMAP[mapper_spatial_sequential_only] I20260514 06:54:35.827630  4195 incremental_pipeline.cc:524] Registering image #1504 (num_reg_frames=737)
2026-05-14T06:54:36.089000+00:00 md1-baseline-e2e-20260514032448-sfm/algo-1-1778729134 COLMAP[mapper_spatial_sequential_only] I20260514 06:54:35.827694  4195 incremental_pipeline.cc:527] => Image sees 1531 / 7099 points
2026-05-14T06:54:38.090000+00:00 md1-baseline-e2e-20260514032448-sfm/algo-1-1778729134 COLMAP[mapper_spatial_sequential_only] I20260514 06:54:37.881757  4195 incremental_pipeline.cc:524] Registering image #1505 (num_reg_frames=738)
2026-05-14T06:54:38.090000+00:00 md1-baseline-e2e-20260514032448-sfm/algo-1-1778729134 COLMAP[mapper_spatial_sequential_only] I20260514 06:54:37.881821  4195 incremental_pipeline.cc:527] => Image sees 1341 / 6792 points
2026-05-14T06:54:40.091000+00:00 md1-baseline-e2e-20260514032448-sfm/algo-1-1778729134 COLMAP[mapper_spatial_sequential_only] I20260514 06:54:39.797765  4195 incremental_pipeline.cc:524] Registering image #1506 (num_reg_frames=739)
2026-05-14T06:54:40.091000+00:00 md1-baseline-e2e-20260514032448-sfm/algo-1-1778729134 COLMAP[mapper_spatial_sequential_only] I20260514 06:54:39.797829  4195 incremental_pipeline.cc:527] => Image sees 1329 / 6257 points
2026-05-14T06:54:42.091000+00:00 md1-baseline-e2e-20260514032448-sfm/algo-1-1778729134 COLMAP[mapper_spatial_sequential_only] I20260514 06:54:41.870358  4195 incremental_pipeline.cc:524] Registering image #1726 (num_reg_frames=740)
2026-05-14T06:54:42.091000+00:00 md1-baseline-e2e-20260514032448-sfm/algo-1-1778729134 COLMAP[mapper_spatial_sequential_only] I20260514 06:54:41.870419  4195 incremental_pipeline.cc:527] => Image sees 1443 / 8302 points
2026-05-14T06:54:44.092000+00:00 md1-baseline-e2e-20260514032448-sfm/algo-1-1778729134 COLMAP[mapper_spatial_sequential_only] I20260514 06:54:43.818218  4195 incremental_pipeline.cc:524] Registering image #1508 (num_reg_frames=741)
2026-05-14T06:54:44.092000+00:00 md1-baseline-e2e-20260514032448-sfm/algo-1-1778729134 COLMAP[mapper_spatial_sequential_only] I20260514 06:54:43.818281  4195 incremental_pipeline.cc:527] => Image sees 1214 / 6847 points
2026-05-14T06:54:46.093000+00:00 md1-baseline-e2e-20260514032448-sfm/algo-1-1778729134 COLMAP[mapper_spatial_sequential_only] I20260514 06:54:45.744884  4195 incremental_pipeline.cc:78] Retriangulation and Global bundle adjustment
2026-05-14T06:55:47.266000+00:00 md1-baseline-e2e-20260514032448-sfm/algo-1-1778729134 COLMAP[mapper_spatial_sequential_only] HEARTBEAT elapsed=3883s idle=60s
2026-05-14T06:56:47.709000+00:00 md1-baseline-e2e-20260514032448-sfm/algo-1-1778729134 COLMAP[mapper_spatial_sequential_only] HEARTBEAT elapsed=3943s idle=120s
2026-05-14T06:57:46.950000+00:00 md1-baseline-e2e-20260514032448-sfm/algo-1-1778729134 COLMAP[mapper_spatial_sequential_only] HEARTBEAT elapsed=4003s idle=180s
2026-05-14T06:58:47.276000+00:00 md1-baseline-e2e-20260514032448-sfm/algo-1-1778729134 COLMAP[mapper_spatial_sequential_only] HEARTBEAT elapsed=4063s idle=240s
2026-05-14T06:59:47.646000+00:00 md1-baseline-e2e-20260514032448-sfm/algo-1-1778729134 COLMAP[mapper_spatial_sequential_only] HEARTBEAT elapsed=4123s idle=300s
2026-05-14T07:00:46.958000+00:00 md1-baseline-e2e-20260514032448-sfm/algo-1-1778729134 COLMAP[mapper_spatial_sequential_only] HEARTBEAT elapsed=4183s idle=360s
2026-05-14T07:01:47.320000+00:00 md1-baseline-e2e-20260514032448-sfm/algo-1-1778729134 COLMAP[mapper_spatial_sequential_only] HEARTBEAT elapsed=4243s idle=420s
2026-05-14T07:01:57.359000+00:00 md1-baseline-e2e-20260514032448-sfm/algo-1-1778729134 COLMAP[mapper_spatial_sequential_only] I20260514 07:01:56.572410  4195 incremental_pipeline.cc:524] Registering image #1509 (num_reg_frames=742)
2026-05-14T07:01:57.359000+00:00 md1-baseline-e2e-20260514032448-sfm/algo-1-1778729134 COLMAP[mapper_spatial_sequential_only] I20260514 07:01:56.572505  4195 incremental_pipeline.cc:527] => Image sees 1248 / 7510 points
2026-05-14T07:01:59.360000+00:00 md1-baseline-e2e-20260514032448-sfm/algo-1-1778729134 COLMAP[mapper_spatial_sequential_only] I20260514 07:01:58.595969  4195 incremental_pipeline.cc:524] Registering image #1241 (num_reg_frames=743)
2026-05-14T07:01:59.360000+00:00 md1-baseline-e2e-20260514032448-sfm/algo-1-1778729134 COLMAP[mapper_spatial_sequential_only] I20260514 07:01:58.596032  4195 incremental_pipeline.cc:527] => Image sees 1100 / 6970 points
2026-05-14T07:02:01.360000+00:00 md1-baseline-e2e-20260514032448-sfm/algo-1-1778729134 COLMAP[mapper_spatial_sequential_only] I20260514 07:02:00.581869  4195 incremental_pipeline.cc:524] Registering image #1296 (num_reg_frames=744)
2026-05-14T07:02:01.360000+00:00 md1-baseline-e2e-20260514032448-sfm/algo-1-1778729134 COLMAP[mapper_spatial_sequential_only] I20260514 07:02:00.581929  4195 incremental_pipeline.cc:527] => Image sees 1106 / 5675 points
2026-05-14T07:02:03.361000+00:00 md1-baseline-e2e-20260514032448-sfm/algo-1-1778729134 COLMAP[mapper_spatial_sequential_only] I20260514 07:02:02.651167  4195 incremental_pipeline.cc:524] Registering image #1638 (num_reg_frames=745)
2026-05-14T07:02:03.361000+00:00 md1-baseline-e2e-20260514032448-sfm/algo-1-1778729134 COLMAP[mapper_spatial_sequential_only] I20260514 07:02:02.651228  4195 incremental_pipeline.cc:527] => Image sees 945 / 6073 points
2026-05-14T07:02:05.362000+00:00 md1-baseline-e2e-20260514032448-sfm/algo-1-1778729134 COLMAP[mapper_spatial_sequential_only] I20260514 07:02:04.514814  4195 incremental_pipeline.cc:524] Registering image #1510 (num_reg_frames=746)
2026-05-14T07:02:05.362000+00:00 md1-baseline-e2e-20260514032448-sfm/algo-1-1778729134 COLMAP[mapper_spatial_sequential_only] I20260514 07:02:04.514878  4195 incremental_pipeline.cc:527] => Image sees 1111 / 7894 points
2026-05-14T07:02:07.362000+00:00 md1-baseline-e2e-20260514032448-sfm/algo-1-1778729134 COLMAP[mapper_spatial_sequential_only] I20260514 07:02:06.501734  4195 incremental_pipeline.cc:524] Registering image #1511 (num_reg_frames=747)
2026-05-14T07:02:07.362000+00:00 md1-baseline-e2e-20260514032448-sfm/algo-1-1778729134 COLMAP[mapper_spatial_sequential_only] I20260514 07:02:06.501796  4195 incremental_pipeline.cc:527] => Image sees 1315 / 8656 points
2026-05-14T07:02:09.363000+00:00 md1-baseline-e2e-20260514032448-sfm/algo-1-1778729134 COLMAP[mapper_spatial_sequential_only] I20260514 07:02:08.572826  4195 incremental_pipeline.cc:524] Registering image #1512 (num_reg_frames=748)
2026-05-14T07:02:09.363000+00:00 md1-baseline-e2e-20260514032448-sfm/algo-1-1778729134 COLMAP[mapper_spatial_sequential_only] I20260514 07:02:08.572890  4195 incremental_pipeline.cc:527] => Image sees 1755 / 9161 points
2026-05-14T07:02:11.364000+00:00 md1-baseline-e2e-20260514032448-sfm/algo-1-1778729134 COLMAP[mapper_spatial_sequential_only] I20260514 07:02:10.612705  4195 incremental_pipeline.cc:524] Registering image #1514 (num_reg_frames=749)
2026-05-14T07:02:11.364000+00:00 md1-baseline-e2e-20260514032448-sfm/algo-1-1778729134 COLMAP[mapper_spatial_sequential_only] I20260514 07:02:10.612764  4195 incremental_pipeline.cc:527] => Image sees 1628 / 9409 points
2026-05-14T07:02:13.364000+00:00 md1-baseline-e2e-20260514032448-sfm/algo-1-1778729134 COLMAP[mapper_spatial_sequential_only] I20260514 07:02:12.543262  4195 incremental_pipeline.cc:524] Registering image #1513 (num_reg_frames=750)
2026-05-14T07:02:13.364000+00:00 md1-baseline-e2e-20260514032448-sfm/algo-1-1778729134 COLMAP[mapper_spatial_sequential_only] I20260514 07:02:12.543324  4195 incremental_pipeline.cc:527] => Image sees 1853 / 9458 points
2026-05-14T07:02:15.365000+00:00 md1-baseline-e2e-20260514032448-sfm/algo-1-1778729134 COLMAP[mapper_spatial_sequential_only] I20260514 07:02:14.488344  4195 incremental_pipeline.cc:524] Registering image #1515 (num_reg_frames=751)
2026-05-14T07:02:15.365000+00:00 md1-baseline-e2e-20260514032448-sfm/algo-1-1778729134 COLMAP[mapper_spatial_sequential_only] I20260514 07:02:14.488405  4195 incremental_pipeline.cc:527] => Image sees 1540 / 8788 points
2026-05-14T07:02:17.366000+00:00 md1-baseline-e2e-20260514032448-sfm/algo-1-1778729134 COLMAP[mapper_spatial_sequential_only] I20260514 07:02:16.638309  4195 incremental_pipeline.cc:524] Registering image #1516 (num_reg_frames=752)
2026-05-14T07:02:17.366000+00:00 md1-baseline-e2e-20260514032448-sfm/algo-1-1778729134 COLMAP[mapper_spatial_sequential_only] I20260514 07:02:16.638366  4195 incremental_pipeline.cc:527] => Image sees 1559 / 7387 points
2026-05-14T07:02:19.367000+00:00 md1-baseline-e2e-20260514032448-sfm/algo-1-1778729134 COLMAP[mapper_spatial_sequential_only] I20260514 07:02:19.078900  4195 incremental_pipeline.cc:524] Registering image #1517 (num_reg_frames=753)
2026-05-14T07:02:19.367000+00:00 md1-baseline-e2e-20260514032448-sfm/algo-1-1778729134 COLMAP[mapper_spatial_sequential_only] I20260514 07:02:19.078961  4195 incremental_pipeline.cc:527] => Image sees 3076 / 6967 points
2026-05-14T07:02:22.372000+00:00 md1-baseline-e2e-20260514032448-sfm/algo-1-1778729134 COLMAP[mapper_spatial_sequential_only] I20260514 07:02:21.453260  4195 incremental_pipeline.cc:524] Registering image #1703 (num_reg_frames=754)
2026-05-14T07:02:22.372000+00:00 md1-baseline-e2e-20260514032448-sfm/algo-1-1778729134 COLMAP[mapper_spatial_sequential_only] I20260514 07:02:21.453315  4195 incremental_pipeline.cc:527] => Image sees 1072 / 4860 points
2026-05-14T07:02:23.372000+00:00 md1-baseline-e2e-20260514032448-sfm/algo-1-1778729134 COLMAP[mapper_spatial_sequential_only] I20260514 07:02:23.273478  4195 incremental_pipeline.cc:524] Registering image #1702 (num_reg_frames=755)
2026-05-14T07:02:23.372000+00:00 md1-baseline-e2e-20260514032448-sfm/algo-1-1778729134 COLMAP[mapper_spatial_sequential_only] I20260514 07:02:23.273538  4195 incremental_pipeline.cc:527] => Image sees 1273 / 4674 points
2026-05-14T07:02:25.373000+00:00 md1-baseline-e2e-20260514032448-sfm/algo-1-1778729134 COLMAP[mapper_spatial_sequential_only] I20260514 07:02:25.174988  4195 incremental_pipeline.cc:524] Registering image #1728 (num_reg_frames=756)
2026-05-14T07:02:25.373000+00:00 md1-baseline-e2e-20260514032448-sfm/algo-1-1778729134 COLMAP[mapper_spatial_sequential_only] I20260514 07:02:25.175050  4195 incremental_pipeline.cc:527] => Image sees 1189 / 8385 points
2026-05-14T07:02:27.373000+00:00 md1-baseline-e2e-20260514032448-sfm/algo-1-1778729134 COLMAP[mapper_spatial_sequential_only] I20260514 07:02:26.999013  4195 incremental_pipeline.cc:524] Registering image #1227 (num_reg_frames=757)
2026-05-14T07:02:27.373000+00:00 md1-baseline-e2e-20260514032448-sfm/algo-1-1778729134 COLMAP[mapper_spatial_sequential_only] I20260514 07:02:26.999102  4195 incremental_pipeline.cc:527] => Image sees 1086 / 6234 points
2026-05-14T07:02:29.374000+00:00 md1-baseline-e2e-20260514032448-sfm/algo-1-1778729134 COLMAP[mapper_spatial_sequential_only] I20260514 07:02:28.890404  4195 incremental_pipeline.cc:524] Registering image #1475 (num_reg_frames=758)
2026-05-14T07:02:29.374000+00:00 md1-baseline-e2e-20260514032448-sfm/algo-1-1778729134 COLMAP[mapper_spatial_sequential_only] I20260514 07:02:28.890465  4195 incremental_pipeline.cc:527] => Image sees 1011 / 5351 points
2026-05-14T07:02:31.375000+00:00 md1-baseline-e2e-20260514032448-sfm/algo-1-1778729134 COLMAP[mapper_spatial_sequential_only] I20260514 07:02:30.708719  4195 incremental_pipeline.cc:524] Registering image #1476 (num_reg_frames=759)
2026-05-14T07:02:31.375000+00:00 md1-baseline-e2e-20260514032448-sfm/algo-1-1778729134 COLMAP[mapper_spatial_sequential_only] I20260514 07:02:30.708781  4195 incremental_pipeline.cc:527] => Image sees 1115 / 5658 points
2026-05-14T07:02:33.375000+00:00 md1-baseline-e2e-20260514032448-sfm/algo-1-1778729134 COLMAP[mapper_spatial_sequential_only] I20260514 07:02:32.527428  4195 incremental_pipeline.cc:524] Registering image #1739 (num_reg_frames=760)
2026-05-14T07:02:33.375000+00:00 md1-baseline-e2e-20260514032448-sfm/algo-1-1778729134 COLMAP[mapper_spatial_sequential_only] I20260514 07:02:32.527491  4195 incremental_pipeline.cc:527] => Image sees 1137 / 7678 points
2026-05-14T07:02:35.376000+00:00 md1-baseline-e2e-20260514032448-sfm/algo-1-1778729134 COLMAP[mapper_spatial_sequential_only] I20260514 07:02:34.537350  4195 incremental_pipeline.cc:524] Registering image #1740 (num_reg_frames=761)
2026-05-14T07:02:35.376000+00:00 md1-baseline-e2e-20260514032448-sfm/algo-1-1778729134 COLMAP[mapper_spatial_sequential_only] I20260514 07:02:34.537410  4195 incremental_pipeline.cc:527] => Image sees 1245 / 6807 points
2026-05-14T07:02:37.377000+00:00 md1-baseline-e2e-20260514032448-sfm/algo-1-1778729134 COLMAP[mapper_spatial_sequential_only] I20260514 07:02:36.482802  4195 incremental_pipeline.cc:524] Registering image #1741 (num_reg_frames=762)
2026-05-14T07:02:37.377000+00:00 md1-baseline-e2e-20260514032448-sfm/algo-1-1778729134 COLMAP[mapper_spatial_sequential_only] I20260514 07:02:36.482864  4195 incremental_pipeline.cc:527] => Image sees 2302 / 7210 points
2026-05-14T07:02:39.377000+00:00 md1-baseline-e2e-20260514032448-sfm/algo-1-1778729134 COLMAP[mapper_spatial_sequential_only] I20260514 07:02:38.689724  4195 incremental_pipeline.cc:524] Registering image #1742 (num_reg_frames=763)
2026-05-14T07:02:39.377000+00:00 md1-baseline-e2e-20260514032448-sfm/algo-1-1778729134 COLMAP[mapper_spatial_sequential_only] I20260514 07:02:38.689790  4195 incremental_pipeline.cc:527] => Image sees 2759 / 6967 points
2026-05-14T07:02:41.378000+00:00 md1-baseline-e2e-20260514032448-sfm/algo-1-1778729134 COLMAP[mapper_spatial_sequential_only] I20260514 07:02:40.729801  4195 incremental_pipeline.cc:524] Registering image #1338 (num_reg_frames=764)
2026-05-14T07:02:41.378000+00:00 md1-baseline-e2e-20260514032448-sfm/algo-1-1778729134 COLMAP[mapper_spatial_sequential_only] I20260514 07:02:40.729866  4195 incremental_pipeline.cc:527] => Image sees 1091 / 6871 points
2026-05-14T07:02:43.383000+00:00 md1-baseline-e2e-20260514032448-sfm/algo-1-1778729134 COLMAP[mapper_spatial_sequential_only] I20260514 07:02:42.542999  4195 incremental_pipeline.cc:524] Registering image #1701 (num_reg_frames=765)
2026-05-14T07:02:43.383000+00:00 md1-baseline-e2e-20260514032448-sfm/algo-1-1778729134 COLMAP[mapper_spatial_sequential_only] I20260514 07:02:42.543066  4195 incremental_pipeline.cc:527] => Image sees 882 / 4901 points
2026-05-14T07:02:44.383000+00:00 md1-baseline-e2e-20260514032448-sfm/algo-1-1778729134 COLMAP[mapper_spatial_sequential_only] I20260514 07:02:44.203225  4195 incremental_pipeline.cc:524] Registering image #1700 (num_reg_frames=766)
2026-05-14T07:02:44.384000+00:00 md1-baseline-e2e-20260514032448-sfm/algo-1-1778729134 COLMAP[mapper_spatial_sequential_only] I20260514 07:02:44.203289  4195 incremental_pipeline.cc:527] => Image sees 1187 / 6672 points
2026-05-14T07:02:46.384000+00:00 md1-baseline-e2e-20260514032448-sfm/algo-1-1778729134 COLMAP[mapper_spatial_sequential_only] I20260514 07:02:46.035456  4195 incremental_pipeline.cc:524] Registering image #1699 (num_reg_frames=767)
2026-05-14T07:02:46.384000+00:00 md1-baseline-e2e-20260514032448-sfm/algo-1-1778729134 COLMAP[mapper_spatial_sequential_only] I20260514 07:02:46.035516  4195 incremental_pipeline.cc:527] => Image sees 1762 / 7671 points
2026-05-14T07:02:48.385000+00:00 md1-baseline-e2e-20260514032448-sfm/algo-1-1778729134 COLMAP[mapper_spatial_sequential_only] I20260514 07:02:47.897881  4195 incremental_pipeline.cc:524] Registering image #1698 (num_reg_frames=768)
2026-05-14T07:02:48.385000+00:00 md1-baseline-e2e-20260514032448-sfm/algo-1-1778729134 COLMAP[mapper_spatial_sequential_only] I20260514 07:02:47.897940  4195 incremental_pipeline.cc:527] => Image sees 2121 / 8105 points
2026-05-14T07:02:50.385000+00:00 md1-baseline-e2e-20260514032448-sfm/algo-1-1778729134 COLMAP[mapper_spatial_sequential_only] I20260514 07:02:49.888360  4195 incremental_pipeline.cc:524] Registering image #1697 (num_reg_frames=769)
2026-05-14T07:02:50.385000+00:00 md1-baseline-e2e-20260514032448-sfm/algo-1-1778729134 COLMAP[mapper_spatial_sequential_only] I20260514 07:02:49.888425  4195 incremental_pipeline.cc:527] => Image sees 2568 / 8245 points
2026-05-14T07:02:52.386000+00:00 md1-baseline-e2e-20260514032448-sfm/algo-1-1778729134 COLMAP[mapper_spatial_sequential_only] I20260514 07:02:51.961098  4195 incremental_pipeline.cc:524] Registering image #1696 (num_reg_frames=770)
2026-05-14T07:02:52.386000+00:00 md1-baseline-e2e-20260514032448-sfm/algo-1-1778729134 COLMAP[mapper_spatial_sequential_only] I20260514 07:02:51.961161  4195 incremental_pipeline.cc:527] => Image sees 2178 / 7932 points
2026-05-14T07:02:54.387000+00:00 md1-baseline-e2e-20260514032448-sfm/algo-1-1778729134 COLMAP[mapper_spatial_sequential_only] I20260514 07:02:54.216229  4195 incremental_pipeline.cc:524] Registering image #1695 (num_reg_frames=771)
2026-05-14T07:02:54.387000+00:00 md1-baseline-e2e-20260514032448-sfm/algo-1-1778729134 COLMAP[mapper_spatial_sequential_only] I20260514 07:02:54.216287  4195 incremental_pipeline.cc:527] => Image sees 3109 / 8405 points
2026-05-14T07:02:57.389000+00:00 md1-baseline-e2e-20260514032448-sfm/algo-1-1778729134 COLMAP[mapper_spatial_sequential_only] I20260514 07:02:56.396201  4195 incremental_pipeline.cc:524] Registering image #1693 (num_reg_frames=772)
2026-05-14T07:02:57.389000+00:00 md1-baseline-e2e-20260514032448-sfm/algo-1-1778729134 COLMAP[mapper_spatial_sequential_only] I20260514 07:02:56.396258  4195 incremental_pipeline.cc:527] => Image sees 2889 / 7987 points
2026-05-14T07:02:59.392000+00:00 md1-baseline-e2e-20260514032448-sfm/algo-1-1778729134 COLMAP[mapper_spatial_sequential_only] I20260514 07:02:58.582264  4195 incremental_pipeline.cc:524] Registering image #1692 (num_reg_frames=773)
2026-05-14T07:02:59.393000+00:00 md1-baseline-e2e-20260514032448-sfm/algo-1-1778729134 COLMAP[mapper_spatial_sequential_only] I20260514 07:02:58.582360  4195 incremental_pipeline.cc:527] => Image sees 1736 / 7320 points
2026-05-14T07:03:01.393000+00:00 md1-baseline-e2e-20260514032448-sfm/algo-1-1778729134 COLMAP[mapper_spatial_sequential_only] I20260514 07:03:00.699666  4195 incremental_pipeline.cc:524] Registering image #1240 (num_reg_frames=774)
2026-05-14T07:03:01.393000+00:00 md1-baseline-e2e-20260514032448-sfm/algo-1-1778729134 COLMAP[mapper_spatial_sequential_only] I20260514 07:03:00.699724  4195 incremental_pipeline.cc:527] => Image sees 1011 / 7214 points
2026-05-14T07:03:03.394000+00:00 md1-baseline-e2e-20260514032448-sfm/algo-1-1778729134 COLMAP[mapper_spatial_sequential_only] I20260514 07:03:02.667759  4195 incremental_pipeline.cc:524] Registering image #1668 (num_reg_frames=775)
2026-05-14T07:03:03.394000+00:00 md1-baseline-e2e-20260514032448-sfm/algo-1-1778729134 COLMAP[mapper_spatial_sequential_only] I20260514 07:03:02.667817  4195 incremental_pipeline.cc:527] => Image sees 992 / 7192 points
2026-05-14T07:03:05.394000+00:00 md1-baseline-e2e-20260514032448-sfm/algo-1-1778729134 COLMAP[mapper_spatial_sequential_only] I20260514 07:03:04.588311  4195 incremental_pipeline.cc:524] Registering image #1780 (num_reg_frames=776)
2026-05-14T07:03:05.394000+00:00 md1-baseline-e2e-20260514032448-sfm/algo-1-1778729134 COLMAP[mapper_spatial_sequential_only] I20260514 07:03:04.588373  4195 incremental_pipeline.cc:527] => Image sees 1166 / 7868 points
2026-05-14T07:03:07.395000+00:00 md1-baseline-e2e-20260514032448-sfm/algo-1-1778729134 COLMAP[mapper_spatial_sequential_only] I20260514 07:03:06.639631  4195 incremental_pipeline.cc:524] Registering image #1787 (num_reg_frames=777)
2026-05-14T07:03:07.395000+00:00 md1-baseline-e2e-20260514032448-sfm/algo-1-1778729134 COLMAP[mapper_spatial_sequential_only] I20260514 07:03:06.639688  4195 incremental_pipeline.cc:527] => Image sees 1155 / 9094 points
2026-05-14T07:03:09.396000+00:00 md1-baseline-e2e-20260514032448-sfm/algo-1-1778729134 COLMAP[mapper_spatial_sequential_only] I20260514 07:03:08.511431  4195 incremental_pipeline.cc:524] Registering image #1349 (num_reg_frames=778)
2026-05-14T07:03:09.396000+00:00 md1-baseline-e2e-20260514032448-sfm/algo-1-1778729134 COLMAP[mapper_spatial_sequential_only] I20260514 07:03:08.511490  4195 incremental_pipeline.cc:527] => Image sees 955 / 6112 points
2026-05-14T07:03:10.396000+00:00 md1-baseline-e2e-20260514032448-sfm/algo-1-1778729134 COLMAP[mapper_spatial_sequential_only] I20260514 07:03:10.200498  4195 incremental_pipeline.cc:524] Registering image #1348 (num_reg_frames=779)
2026-05-14T07:03:10.396000+00:00 md1-baseline-e2e-20260514032448-sfm/algo-1-1778729134 COLMAP[mapper_spatial_sequential_only] I20260514 07:03:10.200560  4195 incremental_pipeline.cc:527] => Image sees 1035 / 6748 points
2026-05-14T07:03:12.397000+00:00 md1-baseline-e2e-20260514032448-sfm/algo-1-1778729134 COLMAP[mapper_spatial_sequential_only] I20260514 07:03:12.306675  4195 incremental_pipeline.cc:524] Registering image #1347 (num_reg_frames=780)
2026-05-14T07:03:12.397000+00:00 md1-baseline-e2e-20260514032448-sfm/algo-1-1778729134 COLMAP[mapper_spatial_sequential_only] I20260514 07:03:12.306739  4195 incremental_pipeline.cc:527] => Image sees 1564 / 7199 points
2026-05-14T07:03:15.398000+00:00 md1-baseline-e2e-20260514032448-sfm/algo-1-1778729134 COLMAP[mapper_spatial_sequential_only] I20260514 07:03:14.463431  4195 incremental_pipeline.cc:524] Registering image #1346 (num_reg_frames=781)
2026-05-14T07:03:15.398000+00:00 md1-baseline-e2e-20260514032448-sfm/algo-1-1778729134 COLMAP[mapper_spatial_sequential_only] I20260514 07:03:14.463491  4195 incremental_pipeline.cc:527] => Image sees 2211 / 7631 points
2026-05-14T07:03:17.399000+00:00 md1-baseline-e2e-20260514032448-sfm/algo-1-1778729134 COLMAP[mapper_spatial_sequential_only] I20260514 07:03:16.550869  4195 incremental_pipeline.cc:524] Registering image #1345 (num_reg_frames=782)
2026-05-14T07:03:17.399000+00:00 md1-baseline-e2e-20260514032448-sfm/algo-1-1778729134 COLMAP[mapper_spatial_sequential_only] I20260514 07:03:16.550935  4195 incremental_pipeline.cc:527] => Image sees 2911 / 7627 points
2026-05-14T07:03:19.401000+00:00 md1-baseline-e2e-20260514032448-sfm/algo-1-1778729134 COLMAP[mapper_spatial_sequential_only] I20260514 07:03:18.657780  4195 incremental_pipeline.cc:524] Registering image #1344 (num_reg_frames=783)
2026-05-14T07:03:19.401000+00:00 md1-baseline-e2e-20260514032448-sfm/algo-1-1778729134 COLMAP[mapper_spatial_sequential_only] I20260514 07:03:18.657835  4195 incremental_pipeline.cc:527] => Image sees 2611 / 7196 points
2026-05-14T07:03:21.401000+00:00 md1-baseline-e2e-20260514032448-sfm/algo-1-1778729134 COLMAP[mapper_spatial_sequential_only] I20260514 07:03:20.767484  4195 incremental_pipeline.cc:524] Registering image #1343 (num_reg_frames=784)
2026-05-14T07:03:21.401000+00:00 md1-baseline-e2e-20260514032448-sfm/algo-1-1778729134 COLMAP[mapper_spatial_sequential_only] I20260514 07:03:20.767544  4195 incremental_pipeline.cc:527] => Image sees 2200 / 8719 points
2026-05-14T07:03:23.402000+00:00 md1-baseline-e2e-20260514032448-sfm/algo-1-1778729134 COLMAP[mapper_spatial_sequential_only] I20260514 07:03:22.829020  4195 incremental_pipeline.cc:524] Registering image #1490 (num_reg_frames=785)
2026-05-14T07:03:23.402000+00:00 md1-baseline-e2e-20260514032448-sfm/algo-1-1778729134 COLMAP[mapper_spatial_sequential_only] I20260514 07:03:22.829082  4195 incremental_pipeline.cc:527] => Image sees 877 / 5453 points
2026-05-14T07:03:25.404000+00:00 md1-baseline-e2e-20260514032448-sfm/algo-1-1778729134 COLMAP[mapper_spatial_sequential_only] I20260514 07:03:24.728632  4195 incremental_pipeline.cc:524] Registering image #1491 (num_reg_frames=786)
2026-05-14T07:03:25.404000+00:00 md1-baseline-e2e-20260514032448-sfm/algo-1-1778729134 COLMAP[mapper_spatial_sequential_only] I20260514 07:03:24.728696  4195 incremental_pipeline.cc:527] => Image sees 1598 / 5752 points
2026-05-14T07:03:27.405000+00:00 md1-baseline-e2e-20260514032448-sfm/algo-1-1778729134 COLMAP[mapper_spatial_sequential_only] I20260514 07:03:26.643656  4195 incremental_pipeline.cc:524] Registering image #1404 (num_reg_frames=787)
2026-05-14T07:03:27.405000+00:00 md1-baseline-e2e-20260514032448-sfm/algo-1-1778729134 COLMAP[mapper_spatial_sequential_only] I20260514 07:03:26.643723  4195 incremental_pipeline.cc:527] => Image sees 850 / 7131 points
2026-05-14T07:03:29.405000+00:00 md1-baseline-e2e-20260514032448-sfm/algo-1-1778729134 COLMAP[mapper_spatial_sequential_only] I20260514 07:03:28.675562  4195 incremental_pipeline.cc:524] Registering image #1468 (num_reg_frames=788)
2026-05-14T07:03:29.405000+00:00 md1-baseline-e2e-20260514032448-sfm/algo-1-1778729134 COLMAP[mapper_spatial_sequential_only] I20260514 07:03:28.675657  4195 incremental_pipeline.cc:527] => Image sees 983 / 4448 points
2026-05-14T07:03:31.409000+00:00 md1-baseline-e2e-20260514032448-sfm/algo-1-1778729134 COLMAP[mapper_spatial_sequential_only] I20260514 07:03:30.626492  4195 incremental_pipeline.cc:524] Registering image #1729 (num_reg_frames=789)
2026-05-14T07:03:31.409000+00:00 md1-baseline-e2e-20260514032448-sfm/algo-1-1778729134 COLMAP[mapper_spatial_sequential_only] I20260514 07:03:30.626552  4195 incremental_pipeline.cc:527] => Image sees 1076 / 8378 points
2026-05-14T07:03:33.414000+00:00 md1-baseline-e2e-20260514032448-sfm/algo-1-1778729134 COLMAP[mapper_spatial_sequential_only] I20260514 07:03:32.699496  4195 incremental_pipeline.cc:524] Registering image #1482 (num_reg_frames=790)
2026-05-14T07:03:33.414000+00:00 md1-baseline-e2e-20260514032448-sfm/algo-1-1778729134 COLMAP[mapper_spatial_sequential_only] I20260514 07:03:32.699559  4195 incremental_pipeline.cc:527] => Image sees 1034 / 5586 points
2026-05-14T07:03:35.417000+00:00 md1-baseline-e2e-20260514032448-sfm/algo-1-1778729134 COLMAP[mapper_spatial_sequential_only] I20260514 07:03:34.657516  4195 incremental_pipeline.cc:524] Registering image #1483 (num_reg_frames=791)
2026-05-14T07:03:35.417000+00:00 md1-baseline-e2e-20260514032448-sfm/algo-1-1778729134 COLMAP[mapper_spatial_sequential_only] I20260514 07:03:34.657574  4195 incremental_pipeline.cc:527] => Image sees 963 / 5201 points
2026-05-14T07:03:37.417000+00:00 md1-baseline-e2e-20260514032448-sfm/algo-1-1778729134 COLMAP[mapper_spatial_sequential_only] I20260514 07:03:36.463989  4195 incremental_pipeline.cc:524] Registering image #1484 (num_reg_frames=792)
2026-05-14T07:03:37.417000+00:00 md1-baseline-e2e-20260514032448-sfm/algo-1-1778729134 COLMAP[mapper_spatial_sequential_only] I20260514 07:03:36.464051  4195 incremental_pipeline.cc:527] => Image sees 1198 / 4476 points
2026-05-14T07:03:38.418000+00:00 md1-baseline-e2e-20260514032448-sfm/algo-1-1778729134 COLMAP[mapper_spatial_sequential_only] I20260514 07:03:38.312942  4195 incremental_pipeline.cc:524] Registering image #1291 (num_reg_frames=793)
2026-05-14T07:03:38.418000+00:00 md1-baseline-e2e-20260514032448-sfm/algo-1-1778729134 COLMAP[mapper_spatial_sequential_only] I20260514 07:03:38.313004  4195 incremental_pipeline.cc:527] => Image sees 901 / 4038 points
2026-05-14T07:03:40.418000+00:00 md1-baseline-e2e-20260514032448-sfm/algo-1-1778729134 COLMAP[mapper_spatial_sequential_only] I20260514 07:03:40.217092  4195 incremental_pipeline.cc:524] Registering image #1682 (num_reg_frames=794)
2026-05-14T07:03:40.418000+00:00 md1-baseline-e2e-20260514032448-sfm/algo-1-1778729134 COLMAP[mapper_spatial_sequential_only] I20260514 07:03:40.217156  4195 incremental_pipeline.cc:527] => Image sees 1375 / 4597 points
2026-05-14T07:03:42.419000+00:00 md1-baseline-e2e-20260514032448-sfm/algo-1-1778729134 COLMAP[mapper_spatial_sequential_only] I20260514 07:03:42.166049  4195 incremental_pipeline.cc:524] Registering image #1735 (num_reg_frames=795)
2026-05-14T07:03:42.419000+00:00 md1-baseline-e2e-20260514032448-sfm/algo-1-1778729134 COLMAP[mapper_spatial_sequential_only] I20260514 07:03:42.166109  4195 incremental_pipeline.cc:527] => Image sees 1049 / 7199 points
2026-05-14T07:03:44.420000+00:00 md1-baseline-e2e-20260514032448-sfm/algo-1-1778729134 COLMAP[mapper_spatial_sequential_only] I20260514 07:03:44.117332  4195 incremental_pipeline.cc:524] Registering image #1341 (num_reg_frames=796)
2026-05-14T07:03:44.420000+00:00 md1-baseline-e2e-20260514032448-sfm/algo-1-1778729134 COLMAP[mapper_spatial_sequential_only] I20260514 07:03:44.117393  4195 incremental_pipeline.cc:527] => Image sees 924 / 7533 points
2026-05-14T07:03:46.421000+00:00 md1-baseline-e2e-20260514032448-sfm/algo-1-1778729134 COLMAP[mapper_spatial_sequential_only] I20260514 07:03:46.190560  4195 incremental_pipeline.cc:524] Registering image #1340 (num_reg_frames=797)
2026-05-14T07:03:46.421000+00:00 md1-baseline-e2e-20260514032448-sfm/algo-1-1778729134 COLMAP[mapper_spatial_sequential_only] I20260514 07:03:46.190622  4195 incremental_pipeline.cc:527] => Image sees 1126 / 6455 points
2026-05-14T07:03:48.421000+00:00 md1-baseline-e2e-20260514032448-sfm/algo-1-1778729134 COLMAP[mapper_spatial_sequential_only] I20260514 07:03:48.156837  4195 incremental_pipeline.cc:524] Registering image #1339 (num_reg_frames=798)
2026-05-14T07:03:48.421000+00:00 md1-baseline-e2e-20260514032448-sfm/algo-1-1778729134 COLMAP[mapper_spatial_sequential_only] I20260514 07:03:48.156903  4195 incremental_pipeline.cc:527] => Image sees 829 / 6131 points
2026-05-14T07:03:50.422000+00:00 md1-baseline-e2e-20260514032448-sfm/algo-1-1778729134 COLMAP[mapper_spatial_sequential_only] I20260514 07:03:50.178891  4195 incremental_pipeline.cc:524] Registering image #2378 (num_reg_frames=799)
2026-05-14T07:03:50.422000+00:00 md1-baseline-e2e-20260514032448-sfm/algo-1-1778729134 COLMAP[mapper_spatial_sequential_only] I20260514 07:03:50.178951  4195 incremental_pipeline.cc:527] => Image sees 986 / 9422 points
2026-05-14T07:03:52.423000+00:00 md1-baseline-e2e-20260514032448-sfm/algo-1-1778729134 COLMAP[mapper_spatial_sequential_only] I20260514 07:03:51.936278  4195 incremental_pipeline.cc:524] Registering image #2379 (num_reg_frames=800)
2026-05-14T07:03:52.423000+00:00 md1-baseline-e2e-20260514032448-sfm/algo-1-1778729134 COLMAP[mapper_spatial_sequential_only] I20260514 07:03:51.936338  4195 incremental_pipeline.cc:527] => Image sees 2023 / 9448 points
2026-05-14T07:03:54.423000+00:00 md1-baseline-e2e-20260514032448-sfm/algo-1-1778729134 COLMAP[mapper_spatial_sequential_only] I20260514 07:03:53.988907  4195 incremental_pipeline.cc:524] Registering image #2377 (num_reg_frames=801)
2026-05-14T07:03:54.423000+00:00 md1-baseline-e2e-20260514032448-sfm/algo-1-1778729134 COLMAP[mapper_spatial_sequential_only] I20260514 07:03:53.988968  4195 incremental_pipeline.cc:527] => Image sees 2691 / 9884 points
2026-05-14T07:03:56.424000+00:00 md1-baseline-e2e-20260514032448-sfm/algo-1-1778729134 COLMAP[mapper_spatial_sequential_only] I20260514 07:03:56.145399  4195 incremental_pipeline.cc:524] Registering image #1788 (num_reg_frames=802)
2026-05-14T07:03:56.424000+00:00 md1-baseline-e2e-20260514032448-sfm/algo-1-1778729134 COLMAP[mapper_spatial_sequential_only] I20260514 07:03:56.145458  4195 incremental_pipeline.cc:527] => Image sees 2716 / 9105 points
2026-05-14T07:03:58.424000+00:00 md1-baseline-e2e-20260514032448-sfm/algo-1-1778729134 COLMAP[mapper_spatial_sequential_only] I20260514 07:03:58.327790  4195 incremental_pipeline.cc:524] Registering image #2376 (num_reg_frames=803)
2026-05-14T07:03:58.424000+00:00 md1-baseline-e2e-20260514032448-sfm/algo-1-1778729134 COLMAP[mapper_spatial_sequential_only] I20260514 07:03:58.327854  4195 incremental_pipeline.cc:527] => Image sees 2624 / 10372 points
2026-05-14T07:04:01.428000+00:00 md1-baseline-e2e-20260514032448-sfm/algo-1-1778729134 COLMAP[mapper_spatial_sequential_only] I20260514 07:04:00.570972  4195 incremental_pipeline.cc:524] Registering image #2375 (num_reg_frames=804)
2026-05-14T07:04:01.429000+00:00 md1-baseline-e2e-20260514032448-sfm/algo-1-1778729134 COLMAP[mapper_spatial_sequential_only] I20260514 07:04:00.571066  4195 incremental_pipeline.cc:527] => Image sees 2510 / 10434 points
2026-05-14T07:04:03.429000+00:00 md1-baseline-e2e-20260514032448-sfm/algo-1-1778729134 COLMAP[mapper_spatial_sequential_only] I20260514 07:04:02.873835  4195 incremental_pipeline.cc:524] Registering image #2374 (num_reg_frames=805)
2026-05-14T07:04:03.429000+00:00 md1-baseline-e2e-20260514032448-sfm/algo-1-1778729134 COLMAP[mapper_spatial_sequential_only] I20260514 07:04:02.873898  4195 incremental_pipeline.cc:527] => Image sees 2795 / 10225 points
2026-05-14T07:04:05.430000+00:00 md1-baseline-e2e-20260514032448-sfm/algo-1-1778729134 COLMAP[mapper_spatial_sequential_only] I20260514 07:04:05.303750  4195 incremental_pipeline.cc:524] Registering image #1789 (num_reg_frames=806)
2026-05-14T07:04:05.430000+00:00 md1-baseline-e2e-20260514032448-sfm/algo-1-1778729134 COLMAP[mapper_spatial_sequential_only] I20260514 07:04:05.303808  4195 incremental_pipeline.cc:527] => Image sees 2686 / 9196 points
2026-05-14T07:04:08.433000+00:00 md1-baseline-e2e-20260514032448-sfm/algo-1-1778729134 COLMAP[mapper_spatial_sequential_only] I20260514 07:04:07.600823  4195 incremental_pipeline.cc:524] Registering image #2380 (num_reg_frames=807)
2026-05-14T07:04:08.433000+00:00 md1-baseline-e2e-20260514032448-sfm/algo-1-1778729134 COLMAP[mapper_spatial_sequential_only] I20260514 07:04:07.600889  4195 incremental_pipeline.cc:527] => Image sees 3057 / 9966 points
2026-05-14T07:04:10.433000+00:00 md1-baseline-e2e-20260514032448-sfm/algo-1-1778729134 COLMAP[mapper_spatial_sequential_only] I20260514 07:04:10.044090  4195 incremental_pipeline.cc:524] Registering image #2381 (num_reg_frames=808)
2026-05-14T07:04:10.433000+00:00 md1-baseline-e2e-20260514032448-sfm/algo-1-1778729134 COLMAP[mapper_spatial_sequential_only] I20260514 07:04:10.044149  4195 incremental_pipeline.cc:527] => Image sees 1893 / 8959 points
2026-05-14T07:04:12.434000+00:00 md1-baseline-e2e-20260514032448-sfm/algo-1-1778729134 COLMAP[mapper_spatial_sequential_only] I20260514 07:04:12.301569  4195 incremental_pipeline.cc:524] Registering image #2373 (num_reg_frames=809)
2026-05-14T07:04:12.434000+00:00 md1-baseline-e2e-20260514032448-sfm/algo-1-1778729134 COLMAP[mapper_spatial_sequential_only] I20260514 07:04:12.301640  4195 incremental_pipeline.cc:527] => Image sees 1705 / 9364 points
2026-05-14T07:04:15.435000+00:00 md1-baseline-e2e-20260514032448-sfm/algo-1-1778729134 COLMAP[mapper_spatial_sequential_only] I20260514 07:04:14.645429  4195 incremental_pipeline.cc:524] Registering image #1790 (num_reg_frames=810)
2026-05-14T07:04:15.435000+00:00 md1-baseline-e2e-20260514032448-sfm/algo-1-1778729134 COLMAP[mapper_spatial_sequential_only] I20260514 07:04:14.645494  4195 incremental_pipeline.cc:527] => Image sees 1286 / 10191 points
2026-05-14T07:04:17.438000+00:00 md1-baseline-e2e-20260514032448-sfm/algo-1-1778729134 COLMAP[mapper_spatial_sequential_only] I20260514 07:04:16.560808  4195 incremental_pipeline.cc:524] Registering image #1791 (num_reg_frames=811)
2026-05-14T07:04:17.438000+00:00 md1-baseline-e2e-20260514032448-sfm/algo-1-1778729134 COLMAP[mapper_spatial_sequential_only] I20260514 07:04:16.560876  4195 incremental_pipeline.cc:527] => Image sees 1618 / 10161 points
2026-05-14T07:04:19.440000+00:00 md1-baseline-e2e-20260514032448-sfm/algo-1-1778729134 COLMAP[mapper_spatial_sequential_only] I20260514 07:04:18.466122  4195 incremental_pipeline.cc:524] Registering image #1794 (num_reg_frames=812)
2026-05-14T07:04:19.441000+00:00 md1-baseline-e2e-20260514032448-sfm/algo-1-1778729134 COLMAP[mapper_spatial_sequential_only] I20260514 07:04:18.466187  4195 incremental_pipeline.cc:527] => Image sees 1481 / 6268 points
2026-05-14T07:04:21.444000+00:00 md1-baseline-e2e-20260514032448-sfm/algo-1-1778729134 COLMAP[mapper_spatial_sequential_only] I20260514 07:04:20.575446  4195 incremental_pipeline.cc:524] Registering image #1792 (num_reg_frames=813)
2026-05-14T07:04:21.444000+00:00 md1-baseline-e2e-20260514032448-sfm/algo-1-1778729134 COLMAP[mapper_spatial_sequential_only] I20260514 07:04:20.575513  4195 incremental_pipeline.cc:527] => Image sees 2455 / 6365 points
2026-05-14T07:04:23.444000+00:00 md1-baseline-e2e-20260514032448-sfm/algo-1-1778729134 COLMAP[mapper_spatial_sequential_only] I20260514 07:04:22.951432  4195 incremental_pipeline.cc:524] Registering image #1795 (num_reg_frames=814)
2026-05-14T07:04:23.444000+00:00 md1-baseline-e2e-20260514032448-sfm/algo-1-1778729134 COLMAP[mapper_spatial_sequential_only] I20260514 07:04:22.951498  4195 incremental_pipeline.cc:527] => Image sees 2015 / 6445 points
2026-05-14T07:04:25.445000+00:00 md1-baseline-e2e-20260514032448-sfm/algo-1-1778729134 COLMAP[mapper_spatial_sequential_only] I20260514 07:04:25.018896  4195 incremental_pipeline.cc:524] Registering image #2382 (num_reg_frames=815)
2026-05-14T07:04:25.445000+00:00 md1-baseline-e2e-20260514032448-sfm/algo-1-1778729134 COLMAP[mapper_spatial_sequential_only] I20260514 07:04:25.018959  4195 incremental_pipeline.cc:527] => Image sees 2201 / 7287 points
2026-05-14T07:04:27.446000+00:00 md1-baseline-e2e-20260514032448-sfm/algo-1-1778729134 COLMAP[mapper_spatial_sequential_only] I20260514 07:04:27.068797  4195 incremental_pipeline.cc:524] Registering image #2383 (num_reg_frames=816)
2026-05-14T07:04:27.446000+00:00 md1-baseline-e2e-20260514032448-sfm/algo-1-1778729134 COLMAP[mapper_spatial_sequential_only] I20260514 07:04:27.068861  4195 incremental_pipeline.cc:527] => Image sees 2178 / 7596 points
2026-05-14T07:04:29.446000+00:00 md1-baseline-e2e-20260514032448-sfm/algo-1-1778729134 COLMAP[mapper_spatial_sequential_only] I20260514 07:04:29.059370  4195 incremental_pipeline.cc:78] Retriangulation and Global bundle adjustment
2026-05-14T07:05:30.779000+00:00 md1-baseline-e2e-20260514032448-sfm/algo-1-1778729134 COLMAP[mapper_spatial_sequential_only] HEARTBEAT elapsed=4466s idle=60s
2026-05-14T07:06:30.273000+00:00 md1-baseline-e2e-20260514032448-sfm/algo-1-1778729134 COLMAP[mapper_spatial_sequential_only] HEARTBEAT elapsed=4526s idle=120s
2026-05-14T07:07:30.440000+00:00 md1-baseline-e2e-20260514032448-sfm/algo-1-1778729134 COLMAP[mapper_spatial_sequential_only] HEARTBEAT elapsed=4586s idle=180s
2026-05-14T07:08:30.878000+00:00 md1-baseline-e2e-20260514032448-sfm/algo-1-1778729134 COLMAP[mapper_spatial_sequential_only] HEARTBEAT elapsed=4646s idle=240s
2026-05-14T07:09:31.017000+00:00 md1-baseline-e2e-20260514032448-sfm/algo-1-1778729134 COLMAP[mapper_spatial_sequential_only] HEARTBEAT elapsed=4706s idle=300s
2026-05-14T07:10:30.525000+00:00 md1-baseline-e2e-20260514032448-sfm/algo-1-1778729134 COLMAP[mapper_spatial_sequential_only] HEARTBEAT elapsed=4766s idle=360s
2026-05-14T07:11:01.723000+00:00 md1-baseline-e2e-20260514032448-sfm/algo-1-1778729134 COLMAP[mapper_spatial_sequential_only] I20260514 07:11:01.463063  4195 incremental_pipeline.cc:524] Registering image #1796 (num_reg_frames=817)
2026-05-14T07:11:01.723000+00:00 md1-baseline-e2e-20260514032448-sfm/algo-1-1778729134 COLMAP[mapper_spatial_sequential_only] I20260514 07:11:01.463146  4195 incremental_pipeline.cc:527] => Image sees 1881 / 6518 points
2026-05-14T07:11:03.723000+00:00 md1-baseline-e2e-20260514032448-sfm/algo-1-1778729134 COLMAP[mapper_spatial_sequential_only] I20260514 07:11:03.520283  4195 incremental_pipeline.cc:524] Registering image #1797 (num_reg_frames=818)
2026-05-14T07:11:03.723000+00:00 md1-baseline-e2e-20260514032448-sfm/algo-1-1778729134 COLMAP[mapper_spatial_sequential_only] I20260514 07:11:03.520341  4195 incremental_pipeline.cc:527] => Image sees 1338 / 7057 points
2026-05-14T07:11:05.724000+00:00 md1-baseline-e2e-20260514032448-sfm/algo-1-1778729134 COLMAP[mapper_spatial_sequential_only] I20260514 07:11:05.579048  4195 incremental_pipeline.cc:524] Registering image #2372 (num_reg_frames=819)
2026-05-14T07:11:05.724000+00:00 md1-baseline-e2e-20260514032448-sfm/algo-1-1778729134 COLMAP[mapper_spatial_sequential_only] I20260514 07:11:05.579108  4195 incremental_pipeline.cc:527] => Image sees 1531 / 9505 points
2026-05-14T07:11:08.730000+00:00 md1-baseline-e2e-20260514032448-sfm/algo-1-1778729134 COLMAP[mapper_spatial_sequential_only] I20260514 07:11:07.951117  4195 incremental_pipeline.cc:524] Registering image #1798 (num_reg_frames=820)
2026-05-14T07:11:08.730000+00:00 md1-baseline-e2e-20260514032448-sfm/algo-1-1778729134 COLMAP[mapper_spatial_sequential_only] I20260514 07:11:07.951182  4195 incremental_pipeline.cc:527] => Image sees 1236 / 6785 points
2026-05-14T07:11:10.730000+00:00 md1-baseline-e2e-20260514032448-sfm/algo-1-1778729134 COLMAP[mapper_spatial_sequential_only] I20260514 07:11:10.109894  4195 incremental_pipeline.cc:524] Registering image #2384 (num_reg_frames=821)
2026-05-14T07:11:10.730000+00:00 md1-baseline-e2e-20260514032448-sfm/algo-1-1778729134 COLMAP[mapper_spatial_sequential_only] I20260514 07:11:10.109958  4195 incremental_pipeline.cc:527] => Image sees 1195 / 6998 points
2026-05-14T07:11:12.731000+00:00 md1-baseline-e2e-20260514032448-sfm/algo-1-1778729134 COLMAP[mapper_spatial_sequential_only] I20260514 07:11:12.356271  4195 incremental_pipeline.cc:524] Registering image #1185 (num_reg_frames=822)
2026-05-14T07:11:12.731000+00:00 md1-baseline-e2e-20260514032448-sfm/algo-1-1778729134 COLMAP[mapper_spatial_sequential_only] I20260514 07:11:12.356336  4195 incremental_pipeline.cc:527] => Image sees 1012 / 5243 points
2026-05-14T07:11:14.732000+00:00 md1-baseline-e2e-20260514032448-sfm/algo-1-1778729134 COLMAP[mapper_spatial_sequential_only] I20260514 07:11:14.382113  4195 incremental_pipeline.cc:524] Registering image #1183 (num_reg_frames=823)
2026-05-14T07:11:14.732000+00:00 md1-baseline-e2e-20260514032448-sfm/algo-1-1778729134 COLMAP[mapper_spatial_sequential_only] I20260514 07:11:14.382176  4195 incremental_pipeline.cc:527] => Image sees 1040 / 6512 points
2026-05-14T07:11:16.732000+00:00 md1-baseline-e2e-20260514032448-sfm/algo-1-1778729134 COLMAP[mapper_spatial_sequential_only] I20260514 07:11:16.548393  4195 incremental_pipeline.cc:524] Registering image #1184 (num_reg_frames=824)
2026-05-14T07:11:16.732000+00:00 md1-baseline-e2e-20260514032448-sfm/algo-1-1778729134 COLMAP[mapper_spatial_sequential_only] I20260514 07:11:16.548461  4195 incremental_pipeline.cc:527] => Image sees 1210 / 6019 points
2026-05-14T07:11:19.733000+00:00 md1-baseline-e2e-20260514032448-sfm/algo-1-1778729134 COLMAP[mapper_spatial_sequential_only] I20260514 07:11:18.871519  4195 incremental_pipeline.cc:524] Registering image #1182 (num_reg_frames=825)
2026-05-14T07:11:19.733000+00:00 md1-baseline-e2e-20260514032448-sfm/algo-1-1778729134 COLMAP[mapper_spatial_sequential_only] I20260514 07:11:18.871580  4195 incremental_pipeline.cc:527] => Image sees 1414 / 5997 points
2026-05-14T07:11:21.734000+00:00 md1-baseline-e2e-20260514032448-sfm/algo-1-1778729134 COLMAP[mapper_spatial_sequential_only] I20260514 07:11:20.950623  4195 incremental_pipeline.cc:524] Registering image #2371 (num_reg_frames=826)
2026-05-14T07:11:21.734000+00:00 md1-baseline-e2e-20260514032448-sfm/algo-1-1778729134 COLMAP[mapper_spatial_sequential_only] I20260514 07:11:20.950686  4195 incremental_pipeline.cc:527] => Image sees 1396 / 9244 points
2026-05-14T07:11:23.734000+00:00 md1-baseline-e2e-20260514032448-sfm/algo-1-1778729134 COLMAP[mapper_spatial_sequential_only] I20260514 07:11:23.348794  4195 incremental_pipeline.cc:524] Registering image #1186 (num_reg_frames=827)
2026-05-14T07:11:23.734000+00:00 md1-baseline-e2e-20260514032448-sfm/algo-1-1778729134 COLMAP[mapper_spatial_sequential_only] I20260514 07:11:23.348860  4195 incremental_pipeline.cc:527] => Image sees 1031 / 5645 points
2026-05-14T07:11:25.735000+00:00 md1-baseline-e2e-20260514032448-sfm/algo-1-1778729134 COLMAP[mapper_spatial_sequential_only] I20260514 07:11:25.324923  4195 incremental_pipeline.cc:524] Registering image #1175 (num_reg_frames=828)
2026-05-14T07:11:25.735000+00:00 md1-baseline-e2e-20260514032448-sfm/algo-1-1778729134 COLMAP[mapper_spatial_sequential_only] I20260514 07:11:25.324980  4195 incremental_pipeline.cc:527] => Image sees 960 / 8523 points
2026-05-14T07:11:27.736000+00:00 md1-baseline-e2e-20260514032448-sfm/algo-1-1778729134 COLMAP[mapper_spatial_sequential_only] I20260514 07:11:27.010808  4195 incremental_pipeline.cc:524] Registering image #1176 (num_reg_frames=829)
2026-05-14T07:11:27.736000+00:00 md1-baseline-e2e-20260514032448-sfm/algo-1-1778729134 COLMAP[mapper_spatial_sequential_only] I20260514 07:11:27.010870  4195 incremental_pipeline.cc:527] => Image sees 1290 / 8032 points
2026-05-14T07:11:29.736000+00:00 md1-baseline-e2e-20260514032448-sfm/algo-1-1778729134 COLMAP[mapper_spatial_sequential_only] I20260514 07:11:28.773691  4195 incremental_pipeline.cc:524] Registering image #1174 (num_reg_frames=830)
2026-05-14T07:11:29.736000+00:00 md1-baseline-e2e-20260514032448-sfm/algo-1-1778729134 COLMAP[mapper_spatial_sequential_only] I20260514 07:11:28.773752  4195 incremental_pipeline.cc:527] => Image sees 1361 / 8667 points
2026-05-14T07:11:31.737000+00:00 md1-baseline-e2e-20260514032448-sfm/algo-1-1778729134 COLMAP[mapper_spatial_sequential_only] I20260514 07:11:30.774319  4195 incremental_pipeline.cc:524] Registering image #1177 (num_reg_frames=831)
2026-05-14T07:11:31.737000+00:00 md1-baseline-e2e-20260514032448-sfm/algo-1-1778729134 COLMAP[mapper_spatial_sequential_only] I20260514 07:11:30.774380  4195 incremental_pipeline.cc:527] => Image sees 1202 / 6165 points
2026-05-14T07:11:32.737000+00:00 md1-baseline-e2e-20260514032448-sfm/algo-1-1778729134 COLMAP[mapper_spatial_sequential_only] I20260514 07:11:32.730106  4195 incremental_pipeline.cc:524] Registering image #559 (num_reg_frames=832)
2026-05-14T07:11:32.737000+00:00 md1-baseline-e2e-20260514032448-sfm/algo-1-1778729134 COLMAP[mapper_spatial_sequential_only] I20260514 07:11:32.730201  4195 incremental_pipeline.cc:527] => Image sees 1238 / 6301 points
2026-05-14T07:11:34.738000+00:00 md1-baseline-e2e-20260514032448-sfm/algo-1-1778729134 COLMAP[mapper_spatial_sequential_only] I20260514 07:11:34.539496  4195 incremental_pipeline.cc:524] Registering image #558 (num_reg_frames=833)
2026-05-14T07:11:34.738000+00:00 md1-baseline-e2e-20260514032448-sfm/algo-1-1778729134 COLMAP[mapper_spatial_sequential_only] I20260514 07:11:34.539561  4195 incremental_pipeline.cc:527] => Image sees 1376 / 6496 points
2026-05-14T07:11:36.739000+00:00 md1-baseline-e2e-20260514032448-sfm/algo-1-1778729134 COLMAP[mapper_spatial_sequential_only] I20260514 07:11:36.424119  4195 incremental_pipeline.cc:524] Registering image #557 (num_reg_frames=834)
2026-05-14T07:11:36.739000+00:00 md1-baseline-e2e-20260514032448-sfm/algo-1-1778729134 COLMAP[mapper_spatial_sequential_only] I20260514 07:11:36.424192  4195 incremental_pipeline.cc:527] => Image sees 1389 / 6944 points
2026-05-14T07:11:38.739000+00:00 md1-baseline-e2e-20260514032448-sfm/algo-1-1778729134 COLMAP[mapper_spatial_sequential_only] I20260514 07:11:38.369117  4195 incremental_pipeline.cc:524] Registering image #556 (num_reg_frames=835)
2026-05-14T07:11:38.740000+00:00 md1-baseline-e2e-20260514032448-sfm/algo-1-1778729134 COLMAP[mapper_spatial_sequential_only] I20260514 07:11:38.369179  4195 incremental_pipeline.cc:527] => Image sees 1631 / 7774 points
2026-05-14T07:11:40.740000+00:00 md1-baseline-e2e-20260514032448-sfm/algo-1-1778729134 COLMAP[mapper_spatial_sequential_only] I20260514 07:11:40.378314  4195 incremental_pipeline.cc:524] Registering image #555 (num_reg_frames=836)
2026-05-14T07:11:40.740000+00:00 md1-baseline-e2e-20260514032448-sfm/algo-1-1778729134 COLMAP[mapper_spatial_sequential_only] I20260514 07:11:40.378371  4195 incremental_pipeline.cc:527] => Image sees 2037 / 7027 points
2026-05-14T07:11:42.741000+00:00 md1-baseline-e2e-20260514032448-sfm/algo-1-1778729134 COLMAP[mapper_spatial_sequential_only] I20260514 07:11:42.324298  4195 incremental_pipeline.cc:524] Registering image #1460 (num_reg_frames=837)
2026-05-14T07:11:42.741000+00:00 md1-baseline-e2e-20260514032448-sfm/algo-1-1778729134 COLMAP[mapper_spatial_sequential_only] I20260514 07:11:42.324357  4195 incremental_pipeline.cc:527] => Image sees 994 / 7194 points
2026-05-14T07:11:44.741000+00:00 md1-baseline-e2e-20260514032448-sfm/algo-1-1778729134 COLMAP[mapper_spatial_sequential_only] I20260514 07:11:44.140873  4195 incremental_pipeline.cc:524] Registering image #1807 (num_reg_frames=838)
2026-05-14T07:11:44.741000+00:00 md1-baseline-e2e-20260514032448-sfm/algo-1-1778729134 COLMAP[mapper_spatial_sequential_only] I20260514 07:11:44.140935  4195 incremental_pipeline.cc:527] => Image sees 975 / 9029 points
2026-05-14T07:11:46.742000+00:00 md1-baseline-e2e-20260514032448-sfm/algo-1-1778729134 COLMAP[mapper_spatial_sequential_only] I20260514 07:11:46.001654  4195 incremental_pipeline.cc:524] Registering image #1804 (num_reg_frames=839)
2026-05-14T07:11:46.742000+00:00 md1-baseline-e2e-20260514032448-sfm/algo-1-1778729134 COLMAP[mapper_spatial_sequential_only] I20260514 07:11:46.001714  4195 incremental_pipeline.cc:527] => Image sees 1053 / 9348 points
2026-05-14T07:11:48.743000+00:00 md1-baseline-e2e-20260514032448-sfm/algo-1-1778729134 COLMAP[mapper_spatial_sequential_only] I20260514 07:11:48.037369  4195 incremental_pipeline.cc:524] Registering image #1584 (num_reg_frames=840)
2026-05-14T07:11:48.743000+00:00 md1-baseline-e2e-20260514032448-sfm/algo-1-1778729134 COLMAP[mapper_spatial_sequential_only] I20260514 07:11:48.037428  4195 incremental_pipeline.cc:527] => Image sees 1235 / 8663 points
2026-05-14T07:11:50.744000+00:00 md1-baseline-e2e-20260514032448-sfm/algo-1-1778729134 COLMAP[mapper_spatial_sequential_only] I20260514 07:11:50.228757  4195 incremental_pipeline.cc:524] Registering image #1793 (num_reg_frames=841)
2026-05-14T07:11:50.744000+00:00 md1-baseline-e2e-20260514032448-sfm/algo-1-1778729134 COLMAP[mapper_spatial_sequential_only] I20260514 07:11:50.228816  4195 incremental_pipeline.cc:527] => Image sees 2035 / 9293 points
2026-05-14T07:11:52.744000+00:00 md1-baseline-e2e-20260514032448-sfm/algo-1-1778729134 COLMAP[mapper_spatial_sequential_only] I20260514 07:11:52.394349  4195 incremental_pipeline.cc:524] Registering image #1595 (num_reg_frames=842)
2026-05-14T07:11:52.744000+00:00 md1-baseline-e2e-20260514032448-sfm/algo-1-1778729134 COLMAP[mapper_spatial_sequential_only] I20260514 07:11:52.394409  4195 incremental_pipeline.cc:527] => Image sees 2037 / 7960 points
2026-05-14T07:11:54.745000+00:00 md1-baseline-e2e-20260514032448-sfm/algo-1-1778729134 COLMAP[mapper_spatial_sequential_only] I20260514 07:11:54.362255  4195 incremental_pipeline.cc:524] Registering image #1572 (num_reg_frames=843)
2026-05-14T07:11:54.745000+00:00 md1-baseline-e2e-20260514032448-sfm/algo-1-1778729134 COLMAP[mapper_spatial_sequential_only] I20260514 07:11:54.362319  4195 incremental_pipeline.cc:527] => Image sees 1426 / 5879 points
2026-05-14T07:11:56.745000+00:00 md1-baseline-e2e-20260514032448-sfm/algo-1-1778729134 COLMAP[mapper_spatial_sequential_only] I20260514 07:11:56.392974  4195 incremental_pipeline.cc:524] Registering image #1782 (num_reg_frames=844)
2026-05-14T07:11:56.745000+00:00 md1-baseline-e2e-20260514032448-sfm/algo-1-1778729134 COLMAP[mapper_spatial_sequential_only] I20260514 07:11:56.393033  4195 incremental_pipeline.cc:527] => Image sees 1855 / 8460 points
2026-05-14T07:11:58.746000+00:00 md1-baseline-e2e-20260514032448-sfm/algo-1-1778729134 COLMAP[mapper_spatial_sequential_only] I20260514 07:11:58.508597  4195 incremental_pipeline.cc:524] Registering image #1562 (num_reg_frames=845)
2026-05-14T07:11:58.746000+00:00 md1-baseline-e2e-20260514032448-sfm/algo-1-1778729134 COLMAP[mapper_spatial_sequential_only] I20260514 07:11:58.508652  4195 incremental_pipeline.cc:527] => Image sees 1997 / 6742 points
2026-05-14T07:12:00.747000+00:00 md1-baseline-e2e-20260514032448-sfm/algo-1-1778729134 COLMAP[mapper_spatial_sequential_only] I20260514 07:12:00.674162  4195 incremental_pipeline.cc:524] Registering image #1771 (num_reg_frames=846)
2026-05-14T07:12:00.747000+00:00 md1-baseline-e2e-20260514032448-sfm/algo-1-1778729134 COLMAP[mapper_spatial_sequential_only] I20260514 07:12:00.674217  4195 incremental_pipeline.cc:527] => Image sees 1839 / 7395 points
2026-05-14T07:12:03.748000+00:00 md1-baseline-e2e-20260514032448-sfm/algo-1-1778729134 COLMAP[mapper_spatial_sequential_only] I20260514 07:12:02.823958  4195 incremental_pipeline.cc:524] Registering image #1551 (num_reg_frames=847)
2026-05-14T07:12:03.748000+00:00 md1-baseline-e2e-20260514032448-sfm/algo-1-1778729134 COLMAP[mapper_spatial_sequential_only] I20260514 07:12:02.824052  4195 incremental_pipeline.cc:527] => Image sees 1133 / 4802 points
2026-05-14T07:12:04.748000+00:00 md1-baseline-e2e-20260514032448-sfm/algo-1-1778729134 COLMAP[mapper_spatial_sequential_only] I20260514 07:12:04.690521  4195 incremental_pipeline.cc:524] Registering image #1806 (num_reg_frames=848)
2026-05-14T07:12:04.748000+00:00 md1-baseline-e2e-20260514032448-sfm/algo-1-1778729134 COLMAP[mapper_spatial_sequential_only] I20260514 07:12:04.690584  4195 incremental_pipeline.cc:527] => Image sees 1105 / 9313 points
2026-05-14T07:12:06.749000+00:00 md1-baseline-e2e-20260514032448-sfm/algo-1-1778729134 COLMAP[mapper_spatial_sequential_only] I20260514 07:12:06.589445  4195 incremental_pipeline.cc:524] Registering image #1805 (num_reg_frames=849)
2026-05-14T07:12:06.749000+00:00 md1-baseline-e2e-20260514032448-sfm/algo-1-1778729134 COLMAP[mapper_spatial_sequential_only] I20260514 07:12:06.589505  4195 incremental_pipeline.cc:527] => Image sees 1563 / 9256 points
2026-05-14T07:12:08.749000+00:00 md1-baseline-e2e-20260514032448-sfm/algo-1-1778729134 COLMAP[mapper_spatial_sequential_only] I20260514 07:12:08.623970  4195 incremental_pipeline.cc:524] Registering image #1803 (num_reg_frames=850)
2026-05-14T07:12:08.749000+00:00 md1-baseline-e2e-20260514032448-sfm/algo-1-1778729134 COLMAP[mapper_spatial_sequential_only] I20260514 07:12:08.624033  4195 incremental_pipeline.cc:527] => Image sees 1883 / 8884 points
2026-05-14T07:12:11.750000+00:00 md1-baseline-e2e-20260514032448-sfm/algo-1-1778729134 COLMAP[mapper_spatial_sequential_only] I20260514 07:12:10.759188  4195 incremental_pipeline.cc:524] Registering image #1808 (num_reg_frames=851)
2026-05-14T07:12:11.751000+00:00 md1-baseline-e2e-20260514032448-sfm/algo-1-1778729134 COLMAP[mapper_spatial_sequential_only] I20260514 07:12:10.759250  4195 incremental_pipeline.cc:527] => Image sees 1840 / 8170 points
2026-05-14T07:12:13.751000+00:00 md1-baseline-e2e-20260514032448-sfm/algo-1-1778729134 COLMAP[mapper_spatial_sequential_only] I20260514 07:12:13.027127  4195 incremental_pipeline.cc:524] Registering image #1802 (num_reg_frames=852)
2026-05-14T07:12:13.751000+00:00 md1-baseline-e2e-20260514032448-sfm/algo-1-1778729134 COLMAP[mapper_spatial_sequential_only] I20260514 07:12:13.027189  4195 incremental_pipeline.cc:527] => Image sees 1540 / 8271 points
2026-05-14T07:12:15.752000+00:00 md1-baseline-e2e-20260514032448-sfm/algo-1-1778729134 COLMAP[mapper_spatial_sequential_only] I20260514 07:12:15.607479  4195 incremental_pipeline.cc:524] Registering image #1809 (num_reg_frames=853)
2026-05-14T07:12:15.752000+00:00 md1-baseline-e2e-20260514032448-sfm/algo-1-1778729134 COLMAP[mapper_spatial_sequential_only] I20260514 07:12:15.607548  4195 incremental_pipeline.cc:527] => Image sees 1331 / 7163 points
2026-05-14T07:12:17.752000+00:00 md1-baseline-e2e-20260514032448-sfm/algo-1-1778729134 COLMAP[mapper_spatial_sequential_only] I20260514 07:12:17.617189  4195 incremental_pipeline.cc:524] Registering image #1810 (num_reg_frames=854)
2026-05-14T07:12:17.752000+00:00 md1-baseline-e2e-20260514032448-sfm/algo-1-1778729134 COLMAP[mapper_spatial_sequential_only] I20260514 07:12:17.617271  4195 incremental_pipeline.cc:527] => Image sees 1509 / 6876 points
2026-05-14T07:12:19.753000+00:00 md1-baseline-e2e-20260514032448-sfm/algo-1-1778729134 COLMAP[mapper_spatial_sequential_only] I20260514 07:12:19.613304  4195 incremental_pipeline.cc:524] Registering image #1903 (num_reg_frames=855)
2026-05-14T07:12:19.753000+00:00 md1-baseline-e2e-20260514032448-sfm/algo-1-1778729134 COLMAP[mapper_spatial_sequential_only] I20260514 07:12:19.613363  4195 incremental_pipeline.cc:527] => Image sees 957 / 7736 points
2026-05-14T07:12:21.754000+00:00 md1-baseline-e2e-20260514032448-sfm/algo-1-1778729134 COLMAP[mapper_spatial_sequential_only] I20260514 07:12:21.648726  4195 incremental_pipeline.cc:524] Registering image #1267 (num_reg_frames=856)
2026-05-14T07:12:21.754000+00:00 md1-baseline-e2e-20260514032448-sfm/algo-1-1778729134 COLMAP[mapper_spatial_sequential_only] I20260514 07:12:21.648787  4195 incremental_pipeline.cc:527] => Image sees 774 / 8189 points
2026-05-14T07:12:23.754000+00:00 md1-baseline-e2e-20260514032448-sfm/algo-1-1778729134 COLMAP[mapper_spatial_sequential_only] I20260514 07:12:23.275795  4195 incremental_pipeline.cc:524] Registering image #1268 (num_reg_frames=857)
2026-05-14T07:12:23.754000+00:00 md1-baseline-e2e-20260514032448-sfm/algo-1-1778729134 COLMAP[mapper_spatial_sequential_only] I20260514 07:12:23.275859  4195 incremental_pipeline.cc:527] => Image sees 995 / 8742 points
2026-05-14T07:12:25.755000+00:00 md1-baseline-e2e-20260514032448-sfm/algo-1-1778729134 COLMAP[mapper_spatial_sequential_only] I20260514 07:12:25.032897  4195 incremental_pipeline.cc:524] Registering image #1269 (num_reg_frames=858)
2026-05-14T07:12:25.755000+00:00 md1-baseline-e2e-20260514032448-sfm/algo-1-1778729134 COLMAP[mapper_spatial_sequential_only] I20260514 07:12:25.032963  4195 incremental_pipeline.cc:527] => Image sees 1009 / 8891 points
2026-05-14T07:12:27.761000+00:00 md1-baseline-e2e-20260514032448-sfm/algo-1-1778729134 COLMAP[mapper_spatial_sequential_only] I20260514 07:12:26.851740  4195 incremental_pipeline.cc:524] Registering image #1271 (num_reg_frames=859)
2026-05-14T07:12:27.761000+00:00 md1-baseline-e2e-20260514032448-sfm/algo-1-1778729134 COLMAP[mapper_spatial_sequential_only] I20260514 07:12:26.851804  4195 incremental_pipeline.cc:527] => Image sees 1040 / 9135 points
2026-05-14T07:12:28.761000+00:00 md1-baseline-e2e-20260514032448-sfm/algo-1-1778729134 COLMAP[mapper_spatial_sequential_only] I20260514 07:12:28.727137  4195 incremental_pipeline.cc:524] Registering image #1270 (num_reg_frames=860)
2026-05-14T07:12:28.761000+00:00 md1-baseline-e2e-20260514032448-sfm/algo-1-1778729134 COLMAP[mapper_spatial_sequential_only] I20260514 07:12:28.727205  4195 incremental_pipeline.cc:527] => Image sees 1042 / 9120 points
2026-05-14T07:12:30.762000+00:00 md1-baseline-e2e-20260514032448-sfm/algo-1-1778729134 COLMAP[mapper_spatial_sequential_only] I20260514 07:12:30.719755  4195 incremental_pipeline.cc:524] Registering image #1272 (num_reg_frames=861)
2026-05-14T07:12:30.762000+00:00 md1-baseline-e2e-20260514032448-sfm/algo-1-1778729134 COLMAP[mapper_spatial_sequential_only] I20260514 07:12:30.719815  4195 incremental_pipeline.cc:527] => Image sees 969 / 8608 points
2026-05-14T07:12:32.763000+00:00 md1-baseline-e2e-20260514032448-sfm/algo-1-1778729134 COLMAP[mapper_spatial_sequential_only] I20260514 07:12:32.687252  4195 incremental_pipeline.cc:524] Registering image #1266 (num_reg_frames=862)
2026-05-14T07:12:32.763000+00:00 md1-baseline-e2e-20260514032448-sfm/algo-1-1778729134 COLMAP[mapper_spatial_sequential_only] I20260514 07:12:32.687315  4195 incremental_pipeline.cc:527] => Image sees 1369 / 7002 points
2026-05-14T07:12:34.763000+00:00 md1-baseline-e2e-20260514032448-sfm/algo-1-1778729134 COLMAP[mapper_spatial_sequential_only] I20260514 07:12:34.688711  4195 incremental_pipeline.cc:524] Registering image #1273 (num_reg_frames=863)
2026-05-14T07:12:34.763000+00:00 md1-baseline-e2e-20260514032448-sfm/algo-1-1778729134 COLMAP[mapper_spatial_sequential_only] I20260514 07:12:34.688800  4195 incremental_pipeline.cc:527] => Image sees 1313 / 8262 points
2026-05-14T07:12:37.764000+00:00 md1-baseline-e2e-20260514032448-sfm/algo-1-1778729134 COLMAP[mapper_spatial_sequential_only] I20260514 07:12:37.042120  4195 incremental_pipeline.cc:524] Registering image #1239 (num_reg_frames=864)
2026-05-14T07:12:37.764000+00:00 md1-baseline-e2e-20260514032448-sfm/algo-1-1778729134 COLMAP[mapper_spatial_sequential_only] I20260514 07:12:37.042181  4195 incremental_pipeline.cc:527] => Image sees 817 / 7161 points
2026-05-14T07:12:39.765000+00:00 md1-baseline-e2e-20260514032448-sfm/algo-1-1778729134 COLMAP[mapper_spatial_sequential_only] I20260514 07:12:39.086699  4195 incremental_pipeline.cc:524] Registering image #1238 (num_reg_frames=865)
2026-05-14T07:12:39.765000+00:00 md1-baseline-e2e-20260514032448-sfm/algo-1-1778729134 COLMAP[mapper_spatial_sequential_only] I20260514 07:12:39.086757  4195 incremental_pipeline.cc:527] => Image sees 1044 / 7310 points
2026-05-14T07:12:41.765000+00:00 md1-baseline-e2e-20260514032448-sfm/algo-1-1778729134 COLMAP[mapper_spatial_sequential_only] I20260514 07:12:41.222388  4195 incremental_pipeline.cc:524] Registering image #1237 (num_reg_frames=866)
2026-05-14T07:12:41.765000+00:00 md1-baseline-e2e-20260514032448-sfm/algo-1-1778729134 COLMAP[mapper_spatial_sequential_only] I20260514 07:12:41.222445  4195 incremental_pipeline.cc:527] => Image sees 900 / 6800 points
2026-05-14T07:12:43.766000+00:00 md1-baseline-e2e-20260514032448-sfm/algo-1-1778729134 COLMAP[mapper_spatial_sequential_only] I20260514 07:12:43.363811  4195 incremental_pipeline.cc:524] Registering image #1667 (num_reg_frames=867)
2026-05-14T07:12:43.766000+00:00 md1-baseline-e2e-20260514032448-sfm/algo-1-1778729134 COLMAP[mapper_spatial_sequential_only] I20260514 07:12:43.363873  4195 incremental_pipeline.cc:527] => Image sees 855 / 6312 points
2026-05-14T07:12:45.767000+00:00 md1-baseline-e2e-20260514032448-sfm/algo-1-1778729134 COLMAP[mapper_spatial_sequential_only] I20260514 07:12:45.218547  4195 incremental_pipeline.cc:524] Registering image #1666 (num_reg_frames=868)
2026-05-14T07:12:45.767000+00:00 md1-baseline-e2e-20260514032448-sfm/algo-1-1778729134 COLMAP[mapper_spatial_sequential_only] I20260514 07:12:45.218612  4195 incremental_pipeline.cc:527] => Image sees 972 / 6610 points
2026-05-14T07:12:47.767000+00:00 md1-baseline-e2e-20260514032448-sfm/algo-1-1778729134 COLMAP[mapper_spatial_sequential_only] I20260514 07:12:47.035724  4195 incremental_pipeline.cc:524] Registering image #1665 (num_reg_frames=869)
2026-05-14T07:12:47.767000+00:00 md1-baseline-e2e-20260514032448-sfm/algo-1-1778729134 COLMAP[mapper_spatial_sequential_only] I20260514 07:12:47.035784  4195 incremental_pipeline.cc:527] => Image sees 1096 / 6712 points
2026-05-14T07:12:49.768000+00:00 md1-baseline-e2e-20260514032448-sfm/algo-1-1778729134 COLMAP[mapper_spatial_sequential_only] I20260514 07:12:48.994835  4195 incremental_pipeline.cc:524] Registering image #1664 (num_reg_frames=870)
2026-05-14T07:12:49.768000+00:00 md1-baseline-e2e-20260514032448-sfm/algo-1-1778729134 COLMAP[mapper_spatial_sequential_only] I20260514 07:12:48.994896  4195 incremental_pipeline.cc:527] => Image sees 1776 / 7365 points
2026-05-14T07:12:51.769000+00:00 md1-baseline-e2e-20260514032448-sfm/algo-1-1778729134 COLMAP[mapper_spatial_sequential_only] I20260514 07:12:51.199604  4195 incremental_pipeline.cc:524] Registering image #1663 (num_reg_frames=871)
2026-05-14T07:12:51.769000+00:00 md1-baseline-e2e-20260514032448-sfm/algo-1-1778729134 COLMAP[mapper_spatial_sequential_only] I20260514 07:12:51.199664  4195 incremental_pipeline.cc:527] => Image sees 2151 / 7609 points
2026-05-14T07:12:53.769000+00:00 md1-baseline-e2e-20260514032448-sfm/algo-1-1778729134 COLMAP[mapper_spatial_sequential_only] I20260514 07:12:53.661953  4195 incremental_pipeline.cc:524] Registering image #1662 (num_reg_frames=872)
2026-05-14T07:12:53.769000+00:00 md1-baseline-e2e-20260514032448-sfm/algo-1-1778729134 COLMAP[mapper_spatial_sequential_only] I20260514 07:12:53.662011  4195 incremental_pipeline.cc:527] => Image sees 2947 / 7764 points
2026-05-14T07:12:56.772000+00:00 md1-baseline-e2e-20260514032448-sfm/algo-1-1778729134 COLMAP[mapper_spatial_sequential_only] I20260514 07:12:56.012799  4195 incremental_pipeline.cc:524] Registering image #1660 (num_reg_frames=873)
2026-05-14T07:12:56.772000+00:00 md1-baseline-e2e-20260514032448-sfm/algo-1-1778729134 COLMAP[mapper_spatial_sequential_only] I20260514 07:12:56.012858  4195 incremental_pipeline.cc:527] => Image sees 2980 / 7775 points
2026-05-14T07:12:58.773000+00:00 md1-baseline-e2e-20260514032448-sfm/algo-1-1778729134 COLMAP[mapper_spatial_sequential_only] I20260514 07:12:58.281364  4195 incremental_pipeline.cc:524] Registering image #1659 (num_reg_frames=874)
2026-05-14T07:12:58.773000+00:00 md1-baseline-e2e-20260514032448-sfm/algo-1-1778729134 COLMAP[mapper_spatial_sequential_only] I20260514 07:12:58.281424  4195 incremental_pipeline.cc:527] => Image sees 3161 / 7624 points
2026-05-14T07:13:00.773000+00:00 md1-baseline-e2e-20260514032448-sfm/algo-1-1778729134 COLMAP[mapper_spatial_sequential_only] I20260514 07:13:00.533656  4195 incremental_pipeline.cc:524] Registering image #1658 (num_reg_frames=875)
2026-05-14T07:13:00.773000+00:00 md1-baseline-e2e-20260514032448-sfm/algo-1-1778729134 COLMAP[mapper_spatial_sequential_only] I20260514 07:13:00.533716  4195 incremental_pipeline.cc:527] => Image sees 2372 / 7968 points
2026-05-14T07:13:03.776000+00:00 md1-baseline-e2e-20260514032448-sfm/algo-1-1778729134 COLMAP[mapper_spatial_sequential_only] I20260514 07:13:02.884732  4195 incremental_pipeline.cc:524] Registering image #1657 (num_reg_frames=876)
2026-05-14T07:13:03.776000+00:00 md1-baseline-e2e-20260514032448-sfm/algo-1-1778729134 COLMAP[mapper_spatial_sequential_only] I20260514 07:13:02.884795  4195 incremental_pipeline.cc:527] => Image sees 942 / 6298 points
2026-05-14T07:13:05.776000+00:00 md1-baseline-e2e-20260514032448-sfm/algo-1-1778729134 COLMAP[mapper_spatial_sequential_only] I20260514 07:13:05.053279  4195 incremental_pipeline.cc:524] Registering image #1173 (num_reg_frames=877)
2026-05-14T07:13:05.777000+00:00 md1-baseline-e2e-20260514032448-sfm/algo-1-1778729134 COLMAP[mapper_spatial_sequential_only] I20260514 07:13:05.053354  4195 incremental_pipeline.cc:527] => Image sees 823 / 7951 points
2026-05-14T07:13:07.777000+00:00 md1-baseline-e2e-20260514032448-sfm/algo-1-1778729134 COLMAP[mapper_spatial_sequential_only] I20260514 07:13:07.100174  4195 incremental_pipeline.cc:524] Registering image #1914 (num_reg_frames=878)
2026-05-14T07:13:07.777000+00:00 md1-baseline-e2e-20260514032448-sfm/algo-1-1778729134 COLMAP[mapper_spatial_sequential_only] I20260514 07:13:07.100237  4195 incremental_pipeline.cc:527] => Image sees 866 / 6612 points
2026-05-14T07:13:09.778000+00:00 md1-baseline-e2e-20260514032448-sfm/algo-1-1778729134 COLMAP[mapper_spatial_sequential_only] I20260514 07:13:09.200973  4195 incremental_pipeline.cc:524] Registering image #1925 (num_reg_frames=879)
2026-05-14T07:13:09.778000+00:00 md1-baseline-e2e-20260514032448-sfm/algo-1-1778729134 COLMAP[mapper_spatial_sequential_only] I20260514 07:13:09.201032  4195 incremental_pipeline.cc:527] => Image sees 948 / 6617 points
2026-05-14T07:13:11.779000+00:00 md1-baseline-e2e-20260514032448-sfm/algo-1-1778729134 COLMAP[mapper_spatial_sequential_only] I20260514 07:13:11.278345  4195 incremental_pipeline.cc:524] Registering image #2940 (num_reg_frames=880)
2026-05-14T07:13:11.779000+00:00 md1-baseline-e2e-20260514032448-sfm/algo-1-1778729134 COLMAP[mapper_spatial_sequential_only] I20260514 07:13:11.278407  4195 incremental_pipeline.cc:527] => Image sees 715 / 6542 points
2026-05-14T07:13:13.784000+00:00 md1-baseline-e2e-20260514032448-sfm/algo-1-1778729134 COLMAP[mapper_spatial_sequential_only] I20260514 07:13:13.114857  4195 incremental_pipeline.cc:524] Registering image #1283 (num_reg_frames=881)
2026-05-14T07:13:13.785000+00:00 md1-baseline-e2e-20260514032448-sfm/algo-1-1778729134 COLMAP[mapper_spatial_sequential_only] I20260514 07:13:13.114923  4195 incremental_pipeline.cc:527] => Image sees 903 / 5438 points
2026-05-14T07:13:15.785000+00:00 md1-baseline-e2e-20260514032448-sfm/algo-1-1778729134 COLMAP[mapper_spatial_sequential_only] I20260514 07:13:14.858950  4195 incremental_pipeline.cc:524] Registering image #1762 (num_reg_frames=882)
2026-05-14T07:13:15.785000+00:00 md1-baseline-e2e-20260514032448-sfm/algo-1-1778729134 COLMAP[mapper_spatial_sequential_only] I20260514 07:13:14.859011  4195 incremental_pipeline.cc:527] => Image sees 813 / 7698 points
2026-05-14T07:13:16.786000+00:00 md1-baseline-e2e-20260514032448-sfm/algo-1-1778729134 COLMAP[mapper_spatial_sequential_only] I20260514 07:13:16.662552  4195 incremental_pipeline.cc:524] Registering image #2035 (num_reg_frames=883)
2026-05-14T07:13:16.786000+00:00 md1-baseline-e2e-20260514032448-sfm/algo-1-1778729134 COLMAP[mapper_spatial_sequential_only] I20260514 07:13:16.662617  4195 incremental_pipeline.cc:527] => Image sees 887 / 7866 points
2026-05-14T07:13:18.786000+00:00 md1-baseline-e2e-20260514032448-sfm/algo-1-1778729134 COLMAP[mapper_spatial_sequential_only] I20260514 07:13:18.374508  4195 incremental_pipeline.cc:524] Registering image #2057 (num_reg_frames=884)
2026-05-14T07:13:18.786000+00:00 md1-baseline-e2e-20260514032448-sfm/algo-1-1778729134 COLMAP[mapper_spatial_sequential_only] I20260514 07:13:18.374572  4195 incremental_pipeline.cc:527] => Image sees 856 / 7190 points
2026-05-14T07:13:20.787000+00:00 md1-baseline-e2e-20260514032448-sfm/algo-1-1778729134 COLMAP[mapper_spatial_sequential_only] I20260514 07:13:20.560214  4195 incremental_pipeline.cc:524] Registering image #2046 (num_reg_frames=885)
2026-05-14T07:13:20.787000+00:00 md1-baseline-e2e-20260514032448-sfm/algo-1-1778729134 COLMAP[mapper_spatial_sequential_only] I20260514 07:13:20.560272  4195 incremental_pipeline.cc:527] => Image sees 1095 / 7476 points
2026-05-14T07:13:22.788000+00:00 md1-baseline-e2e-20260514032448-sfm/algo-1-1778729134 COLMAP[mapper_spatial_sequential_only] I20260514 07:13:22.513505  4195 incremental_pipeline.cc:524] Registering image #1889 (num_reg_frames=886)
2026-05-14T07:13:22.788000+00:00 md1-baseline-e2e-20260514032448-sfm/algo-1-1778729134 COLMAP[mapper_spatial_sequential_only] I20260514 07:13:22.513566  4195 incremental_pipeline.cc:527] => Image sees 840 / 5118 points
2026-05-14T07:13:24.788000+00:00 md1-baseline-e2e-20260514032448-sfm/algo-1-1778729134 COLMAP[mapper_spatial_sequential_only] I20260514 07:13:24.355942  4195 incremental_pipeline.cc:524] Registering image #1888 (num_reg_frames=887)
2026-05-14T07:13:24.788000+00:00 md1-baseline-e2e-20260514032448-sfm/algo-1-1778729134 COLMAP[mapper_spatial_sequential_only] I20260514 07:13:24.356006  4195 incremental_pipeline.cc:527] => Image sees 930 / 4035 points
2026-05-14T07:13:26.789000+00:00 md1-baseline-e2e-20260514032448-sfm/algo-1-1778729134 COLMAP[mapper_spatial_sequential_only] I20260514 07:13:26.239670  4195 incremental_pipeline.cc:524] Registering image #1761 (num_reg_frames=888)
2026-05-14T07:13:26.789000+00:00 md1-baseline-e2e-20260514032448-sfm/algo-1-1778729134 COLMAP[mapper_spatial_sequential_only] I20260514 07:13:26.239734  4195 incremental_pipeline.cc:527] => Image sees 871 / 7113 points
2026-05-14T07:13:28.790000+00:00 md1-baseline-e2e-20260514032448-sfm/algo-1-1778729134 COLMAP[mapper_spatial_sequential_only] I20260514 07:13:28.378695  4195 incremental_pipeline.cc:524] Registering image #1759 (num_reg_frames=889)
2026-05-14T07:13:28.790000+00:00 md1-baseline-e2e-20260514032448-sfm/algo-1-1778729134 COLMAP[mapper_spatial_sequential_only] I20260514 07:13:28.378758  4195 incremental_pipeline.cc:527] => Image sees 1186 / 7268 points
2026-05-14T07:13:30.790000+00:00 md1-baseline-e2e-20260514032448-sfm/algo-1-1778729134 COLMAP[mapper_spatial_sequential_only] I20260514 07:13:30.482210  4195 incremental_pipeline.cc:524] Registering image #1758 (num_reg_frames=890)
2026-05-14T07:13:30.790000+00:00 md1-baseline-e2e-20260514032448-sfm/algo-1-1778729134 COLMAP[mapper_spatial_sequential_only] I20260514 07:13:30.482270  4195 incremental_pipeline.cc:527] => Image sees 1081 / 7874 points
2026-05-14T07:13:32.791000+00:00 md1-baseline-e2e-20260514032448-sfm/algo-1-1778729134 COLMAP[mapper_spatial_sequential_only] I20260514 07:13:32.442956  4195 incremental_pipeline.cc:524] Registering image #1763 (num_reg_frames=891)
2026-05-14T07:13:32.791000+00:00 md1-baseline-e2e-20260514032448-sfm/algo-1-1778729134 COLMAP[mapper_spatial_sequential_only] I20260514 07:13:32.443017  4195 incremental_pipeline.cc:527] => Image sees 793 / 7501 points
2026-05-14T07:13:34.792000+00:00 md1-baseline-e2e-20260514032448-sfm/algo-1-1778729134 COLMAP[mapper_spatial_sequential_only] I20260514 07:13:34.320514  4195 incremental_pipeline.cc:524] Registering image #1821 (num_reg_frames=892)
2026-05-14T07:13:34.792000+00:00 md1-baseline-e2e-20260514032448-sfm/algo-1-1778729134 COLMAP[mapper_spatial_sequential_only] I20260514 07:13:34.320578  4195 incremental_pipeline.cc:527] => Image sees 991 / 7712 points
2026-05-14T07:13:36.792000+00:00 md1-baseline-e2e-20260514032448-sfm/algo-1-1778729134 COLMAP[mapper_spatial_sequential_only] I20260514 07:13:36.524564  4195 incremental_pipeline.cc:524] Registering image #1757 (num_reg_frames=893)
2026-05-14T07:13:36.792000+00:00 md1-baseline-e2e-20260514032448-sfm/algo-1-1778729134 COLMAP[mapper_spatial_sequential_only] I20260514 07:13:36.524655  4195 incremental_pipeline.cc:527] => Image sees 969 / 6278 points
2026-05-14T07:13:38.793000+00:00 md1-baseline-e2e-20260514032448-sfm/algo-1-1778729134 COLMAP[mapper_spatial_sequential_only] I20260514 07:13:38.524008  4195 incremental_pipeline.cc:524] Registering image #1756 (num_reg_frames=894)
2026-05-14T07:13:38.793000+00:00 md1-baseline-e2e-20260514032448-sfm/algo-1-1778729134 COLMAP[mapper_spatial_sequential_only] I20260514 07:13:38.524071  4195 incremental_pipeline.cc:527] => Image sees 1394 / 8966 points
2026-05-14T07:13:40.793000+00:00 md1-baseline-e2e-20260514032448-sfm/algo-1-1778729134 COLMAP[mapper_spatial_sequential_only] I20260514 07:13:40.601374  4195 incremental_pipeline.cc:524] Registering image #1755 (num_reg_frames=895)
2026-05-14T07:13:40.794000+00:00 md1-baseline-e2e-20260514032448-sfm/algo-1-1778729134 COLMAP[mapper_spatial_sequential_only] I20260514 07:13:40.601435  4195 incremental_pipeline.cc:527] => Image sees 1401 / 9904 points
2026-05-14T07:13:42.794000+00:00 md1-baseline-e2e-20260514032448-sfm/algo-1-1778729134 COLMAP[mapper_spatial_sequential_only] I20260514 07:13:42.705931  4195 incremental_pipeline.cc:524] Registering image #1754 (num_reg_frames=896)
2026-05-14T07:13:42.794000+00:00 md1-baseline-e2e-20260514032448-sfm/algo-1-1778729134 COLMAP[mapper_spatial_sequential_only] I20260514 07:13:42.705994  4195 incremental_pipeline.cc:527] => Image sees 2237 / 9632 points
2026-05-14T07:13:45.797000+00:00 md1-baseline-e2e-20260514032448-sfm/algo-1-1778729134 COLMAP[mapper_spatial_sequential_only] I20260514 07:13:44.880105  4195 incremental_pipeline.cc:524] Registering image #1753 (num_reg_frames=897)
2026-05-14T07:13:45.797000+00:00 md1-baseline-e2e-20260514032448-sfm/algo-1-1778729134 COLMAP[mapper_spatial_sequential_only] I20260514 07:13:44.880179  4195 incremental_pipeline.cc:527] => Image sees 1657 / 9312 points
2026-05-14T07:13:47.798000+00:00 md1-baseline-e2e-20260514032448-sfm/algo-1-1778729134 COLMAP[mapper_spatial_sequential_only] I20260514 07:13:46.924870  4195 incremental_pipeline.cc:524] Registering image #1820 (num_reg_frames=898)
2026-05-14T07:13:47.798000+00:00 md1-baseline-e2e-20260514032448-sfm/algo-1-1778729134 COLMAP[mapper_spatial_sequential_only] I20260514 07:13:46.924935  4195 incremental_pipeline.cc:527] => Image sees 961 / 7251 points
2026-05-14T07:13:49.799000+00:00 md1-baseline-e2e-20260514032448-sfm/algo-1-1778729134 COLMAP[mapper_spatial_sequential_only] I20260514 07:13:48.925297  4195 incremental_pipeline.cc:78] Retriangulation and Global bundle adjustment
2026-05-14T07:14:50.931000+00:00 md1-baseline-e2e-20260514032448-sfm/algo-1-1778729134 COLMAP[mapper_spatial_sequential_only] HEARTBEAT elapsed=5026s idle=60s
2026-05-14T07:15:50.316000+00:00 md1-baseline-e2e-20260514032448-sfm/algo-1-1778729134 COLMAP[mapper_spatial_sequential_only] HEARTBEAT elapsed=5086s idle=120s
2026-05-14T07:16:50.462000+00:00 md1-baseline-e2e-20260514032448-sfm/algo-1-1778729134 COLMAP[mapper_spatial_sequential_only] HEARTBEAT elapsed=5146s idle=180s
2026-05-14T07:17:50.973000+00:00 md1-baseline-e2e-20260514032448-sfm/algo-1-1778729134 COLMAP[mapper_spatial_sequential_only] HEARTBEAT elapsed=5206s idle=240s
2026-05-14T07:18:27.652000+00:00 md1-baseline-e2e-20260514032448-sfm/algo-1-1778729134 COLMAP[mapper_spatial_sequential_only] I20260514 07:18:27.349799  4195 incremental_pipeline.cc:524] Registering image #1752 (num_reg_frames=899)
2026-05-14T07:18:27.652000+00:00 md1-baseline-e2e-20260514032448-sfm/algo-1-1778729134 COLMAP[mapper_spatial_sequential_only] I20260514 07:18:27.349886  4195 incremental_pipeline.cc:527] => Image sees 1067 / 9262 points
2026-05-14T07:18:29.652000+00:00 md1-baseline-e2e-20260514032448-sfm/algo-1-1778729134 COLMAP[mapper_spatial_sequential_only] I20260514 07:18:29.530367  4195 incremental_pipeline.cc:524] Registering image #1750 (num_reg_frames=900)
2026-05-14T07:18:29.652000+00:00 md1-baseline-e2e-20260514032448-sfm/algo-1-1778729134 COLMAP[mapper_spatial_sequential_only] I20260514 07:18:29.530429  4195 incremental_pipeline.cc:527] => Image sees 1014 / 6802 points
2026-05-14T07:18:31.653000+00:00 md1-baseline-e2e-20260514032448-sfm/algo-1-1778729134 COLMAP[mapper_spatial_sequential_only] I20260514 07:18:31.589094  4195 incremental_pipeline.cc:524] Registering image #1751 (num_reg_frames=901)
2026-05-14T07:18:31.653000+00:00 md1-baseline-e2e-20260514032448-sfm/algo-1-1778729134 COLMAP[mapper_spatial_sequential_only] I20260514 07:18:31.589159  4195 incremental_pipeline.cc:527] => Image sees 1254 / 8420 points
2026-05-14T07:18:33.653000+00:00 md1-baseline-e2e-20260514032448-sfm/algo-1-1778729134 COLMAP[mapper_spatial_sequential_only] I20260514 07:18:33.650669  4195 incremental_pipeline.cc:524] Registering image #1766 (num_reg_frames=902)
2026-05-14T07:18:33.653000+00:00 md1-baseline-e2e-20260514032448-sfm/algo-1-1778729134 COLMAP[mapper_spatial_sequential_only] I20260514 07:18:33.650725  4195 incremental_pipeline.cc:527] => Image sees 932 / 7100 points
2026-05-14T07:18:35.654000+00:00 md1-baseline-e2e-20260514032448-sfm/algo-1-1778729134 COLMAP[mapper_spatial_sequential_only] I20260514 07:18:35.402030  4195 incremental_pipeline.cc:524] Registering image #1764 (num_reg_frames=903)
2026-05-14T07:18:35.654000+00:00 md1-baseline-e2e-20260514032448-sfm/algo-1-1778729134 COLMAP[mapper_spatial_sequential_only] I20260514 07:18:35.402091  4195 incremental_pipeline.cc:527] => Image sees 1013 / 7785 points
2026-05-14T07:18:37.655000+00:00 md1-baseline-e2e-20260514032448-sfm/algo-1-1778729134 COLMAP[mapper_spatial_sequential_only] I20260514 07:18:37.266865  4195 incremental_pipeline.cc:524] Registering image #1765 (num_reg_frames=904)
2026-05-14T07:18:37.655000+00:00 md1-baseline-e2e-20260514032448-sfm/algo-1-1778729134 COLMAP[mapper_spatial_sequential_only] I20260514 07:18:37.266927  4195 incremental_pipeline.cc:527] => Image sees 1209 / 6110 points
2026-05-14T07:18:39.655000+00:00 md1-baseline-e2e-20260514032448-sfm/algo-1-1778729134 COLMAP[mapper_spatial_sequential_only] I20260514 07:18:39.377965  4195 incremental_pipeline.cc:524] Registering image #1202 (num_reg_frames=905)
2026-05-14T07:18:39.655000+00:00 md1-baseline-e2e-20260514032448-sfm/algo-1-1778729134 COLMAP[mapper_spatial_sequential_only] I20260514 07:18:39.378026  4195 incremental_pipeline.cc:527] => Image sees 1226 / 5483 points
2026-05-14T07:18:41.656000+00:00 md1-baseline-e2e-20260514032448-sfm/algo-1-1778729134 COLMAP[mapper_spatial_sequential_only] I20260514 07:18:41.392372  4195 incremental_pipeline.cc:524] Registering image #1201 (num_reg_frames=906)
2026-05-14T07:18:41.656000+00:00 md1-baseline-e2e-20260514032448-sfm/algo-1-1778729134 COLMAP[mapper_spatial_sequential_only] I20260514 07:18:41.392431  4195 incremental_pipeline.cc:527] => Image sees 1200 / 5901 points
2026-05-14T07:18:43.656000+00:00 md1-baseline-e2e-20260514032448-sfm/algo-1-1778729134 COLMAP[mapper_spatial_sequential_only] I20260514 07:18:43.376233  4195 incremental_pipeline.cc:524] Registering image #1200 (num_reg_frames=907)
2026-05-14T07:18:43.657000+00:00 md1-baseline-e2e-20260514032448-sfm/algo-1-1778729134 COLMAP[mapper_spatial_sequential_only] I20260514 07:18:43.376294  4195 incremental_pipeline.cc:527] => Image sees 1256 / 7716 points
2026-05-14T07:18:45.657000+00:00 md1-baseline-e2e-20260514032448-sfm/algo-1-1778729134 COLMAP[mapper_spatial_sequential_only] I20260514 07:18:45.429617  4195 incremental_pipeline.cc:524] Registering image #1203 (num_reg_frames=908)
2026-05-14T07:18:45.657000+00:00 md1-baseline-e2e-20260514032448-sfm/algo-1-1778729134 COLMAP[mapper_spatial_sequential_only] I20260514 07:18:45.429677  4195 incremental_pipeline.cc:527] => Image sees 1301 / 5493 points
2026-05-14T07:18:47.658000+00:00 md1-baseline-e2e-20260514032448-sfm/algo-1-1778729134 COLMAP[mapper_spatial_sequential_only] I20260514 07:18:47.398804  4195 incremental_pipeline.cc:524] Registering image #1204 (num_reg_frames=909)
2026-05-14T07:18:47.658000+00:00 md1-baseline-e2e-20260514032448-sfm/algo-1-1778729134 COLMAP[mapper_spatial_sequential_only] I20260514 07:18:47.398864  4195 incremental_pipeline.cc:527] => Image sees 1235 / 6215 points
2026-05-14T07:18:49.658000+00:00 md1-baseline-e2e-20260514032448-sfm/algo-1-1778729134 COLMAP[mapper_spatial_sequential_only] I20260514 07:18:49.488847  4195 incremental_pipeline.cc:524] Registering image #1205 (num_reg_frames=910)
2026-05-14T07:18:49.659000+00:00 md1-baseline-e2e-20260514032448-sfm/algo-1-1778729134 COLMAP[mapper_spatial_sequential_only] I20260514 07:18:49.488914  4195 incremental_pipeline.cc:527] => Image sees 1625 / 6394 points
2026-05-14T07:18:51.659000+00:00 md1-baseline-e2e-20260514032448-sfm/algo-1-1778729134 COLMAP[mapper_spatial_sequential_only] I20260514 07:18:51.589525  4195 incremental_pipeline.cc:524] Registering image #1198 (num_reg_frames=911)
2026-05-14T07:18:51.659000+00:00 md1-baseline-e2e-20260514032448-sfm/algo-1-1778729134 COLMAP[mapper_spatial_sequential_only] I20260514 07:18:51.589589  4195 incremental_pipeline.cc:527] => Image sees 1174 / 8555 points
2026-05-14T07:18:54.660000+00:00 md1-baseline-e2e-20260514032448-sfm/algo-1-1778729134 COLMAP[mapper_spatial_sequential_only] I20260514 07:18:53.795742  4195 incremental_pipeline.cc:524] Registering image #1197 (num_reg_frames=912)
2026-05-14T07:18:54.660000+00:00 md1-baseline-e2e-20260514032448-sfm/algo-1-1778729134 COLMAP[mapper_spatial_sequential_only] I20260514 07:18:53.795796  4195 incremental_pipeline.cc:527] => Image sees 1481 / 9459 points
2026-05-14T07:18:56.661000+00:00 md1-baseline-e2e-20260514032448-sfm/algo-1-1778729134 COLMAP[mapper_spatial_sequential_only] I20260514 07:18:56.126397  4195 incremental_pipeline.cc:524] Registering image #1196 (num_reg_frames=913)
2026-05-14T07:18:56.661000+00:00 md1-baseline-e2e-20260514032448-sfm/algo-1-1778729134 COLMAP[mapper_spatial_sequential_only] I20260514 07:18:56.126453  4195 incremental_pipeline.cc:527] => Image sees 2475 / 9818 points
2026-05-14T07:18:58.661000+00:00 md1-baseline-e2e-20260514032448-sfm/algo-1-1778729134 COLMAP[mapper_spatial_sequential_only] I20260514 07:18:58.415470  4195 incremental_pipeline.cc:524] Registering image #1195 (num_reg_frames=914)
2026-05-14T07:18:58.661000+00:00 md1-baseline-e2e-20260514032448-sfm/algo-1-1778729134 COLMAP[mapper_spatial_sequential_only] I20260514 07:18:58.415561  4195 incremental_pipeline.cc:527] => Image sees 2858 / 10023 points
2026-05-14T07:19:01.662000+00:00 md1-baseline-e2e-20260514032448-sfm/algo-1-1778729134 COLMAP[mapper_spatial_sequential_only] I20260514 07:19:00.933389  4195 incremental_pipeline.cc:524] Registering image #1194 (num_reg_frames=915)
2026-05-14T07:19:01.662000+00:00 md1-baseline-e2e-20260514032448-sfm/algo-1-1778729134 COLMAP[mapper_spatial_sequential_only] I20260514 07:19:00.933446  4195 incremental_pipeline.cc:527] => Image sees 3001 / 9866 points
2026-05-14T07:19:03.663000+00:00 md1-baseline-e2e-20260514032448-sfm/algo-1-1778729134 COLMAP[mapper_spatial_sequential_only] I20260514 07:19:03.496153  4195 incremental_pipeline.cc:524] Registering image #1193 (num_reg_frames=916)
2026-05-14T07:19:03.663000+00:00 md1-baseline-e2e-20260514032448-sfm/algo-1-1778729134 COLMAP[mapper_spatial_sequential_only] I20260514 07:19:03.496224  4195 incremental_pipeline.cc:527] => Image sees 1734 / 6817 points
2026-05-14T07:19:06.664000+00:00 md1-baseline-e2e-20260514032448-sfm/algo-1-1778729134 COLMAP[mapper_spatial_sequential_only] I20260514 07:19:05.790416  4195 incremental_pipeline.cc:524] Registering image #1767 (num_reg_frames=917)
2026-05-14T07:19:06.664000+00:00 md1-baseline-e2e-20260514032448-sfm/algo-1-1778729134 COLMAP[mapper_spatial_sequential_only] I20260514 07:19:05.790479  4195 incremental_pipeline.cc:527] => Image sees 1148 / 7022 points
2026-05-14T07:19:08.667000+00:00 md1-baseline-e2e-20260514032448-sfm/algo-1-1778729134 COLMAP[mapper_spatial_sequential_only] I20260514 07:19:07.788012  4195 incremental_pipeline.cc:524] Registering image #1730 (num_reg_frames=918)
2026-05-14T07:19:08.667000+00:00 md1-baseline-e2e-20260514032448-sfm/algo-1-1778729134 COLMAP[mapper_spatial_sequential_only] I20260514 07:19:07.788077  4195 incremental_pipeline.cc:527] => Image sees 967 / 7851 points
2026-05-14T07:19:10.667000+00:00 md1-baseline-e2e-20260514032448-sfm/algo-1-1778729134 COLMAP[mapper_spatial_sequential_only] I20260514 07:19:10.231150  4195 incremental_pipeline.cc:524] Registering image #1731 (num_reg_frames=919)
2026-05-14T07:19:10.667000+00:00 md1-baseline-e2e-20260514032448-sfm/algo-1-1778729134 COLMAP[mapper_spatial_sequential_only] I20260514 07:19:10.231212  4195 incremental_pipeline.cc:527] => Image sees 943 / 6950 points
2026-05-14T07:19:13.668000+00:00 md1-baseline-e2e-20260514032448-sfm/algo-1-1778729134 COLMAP[mapper_spatial_sequential_only] I20260514 07:19:12.680503  4195 incremental_pipeline.cc:524] Registering image #1732 (num_reg_frames=920)
2026-05-14T07:19:13.668000+00:00 md1-baseline-e2e-20260514032448-sfm/algo-1-1778729134 COLMAP[mapper_spatial_sequential_only] I20260514 07:19:12.680568  4195 incremental_pipeline.cc:527] => Image sees 1421 / 6398 points
2026-05-14T07:19:15.669000+00:00 md1-baseline-e2e-20260514032448-sfm/algo-1-1778729134 COLMAP[mapper_spatial_sequential_only] I20260514 07:19:15.098483  4195 incremental_pipeline.cc:524] Registering image #1733 (num_reg_frames=921)
2026-05-14T07:19:15.669000+00:00 md1-baseline-e2e-20260514032448-sfm/algo-1-1778729134 COLMAP[mapper_spatial_sequential_only] I20260514 07:19:15.098547  4195 incremental_pipeline.cc:527] => Image sees 871 / 7018 points
2026-05-14T07:19:17.670000+00:00 md1-baseline-e2e-20260514032448-sfm/algo-1-1778729134 COLMAP[mapper_spatial_sequential_only] I20260514 07:19:17.272946  4195 incremental_pipeline.cc:524] Registering image #1675 (num_reg_frames=922)
2026-05-14T07:19:17.670000+00:00 md1-baseline-e2e-20260514032448-sfm/algo-1-1778729134 COLMAP[mapper_spatial_sequential_only] I20260514 07:19:17.273005  4195 incremental_pipeline.cc:527] => Image sees 862 / 6506 points
2026-05-14T07:19:19.670000+00:00 md1-baseline-e2e-20260514032448-sfm/algo-1-1778729134 COLMAP[mapper_spatial_sequential_only] I20260514 07:19:19.400941  4195 incremental_pipeline.cc:524] Registering image #1676 (num_reg_frames=923)
2026-05-14T07:19:19.670000+00:00 md1-baseline-e2e-20260514032448-sfm/algo-1-1778729134 COLMAP[mapper_spatial_sequential_only] I20260514 07:19:19.401008  4195 incremental_pipeline.cc:527] => Image sees 1219 / 6101 points
2026-05-14T07:19:21.671000+00:00 md1-baseline-e2e-20260514032448-sfm/algo-1-1778729134 COLMAP[mapper_spatial_sequential_only] I20260514 07:19:21.486004  4195 incremental_pipeline.cc:524] Registering image #1284 (num_reg_frames=924)
2026-05-14T07:19:21.671000+00:00 md1-baseline-e2e-20260514032448-sfm/algo-1-1778729134 COLMAP[mapper_spatial_sequential_only] I20260514 07:19:21.486063  4195 incremental_pipeline.cc:527] => Image sees 1337 / 4918 points
2026-05-14T07:19:24.672000+00:00 md1-baseline-e2e-20260514032448-sfm/algo-1-1778729134 COLMAP[mapper_spatial_sequential_only] I20260514 07:19:23.717352  4195 incremental_pipeline.cc:524] Registering image #1677 (num_reg_frames=925)
2026-05-14T07:19:24.672000+00:00 md1-baseline-e2e-20260514032448-sfm/algo-1-1778729134 COLMAP[mapper_spatial_sequential_only] I20260514 07:19:23.717412  4195 incremental_pipeline.cc:527] => Image sees 1376 / 6321 points
2026-05-14T07:19:26.672000+00:00 md1-baseline-e2e-20260514032448-sfm/algo-1-1778729134 COLMAP[mapper_spatial_sequential_only] I20260514 07:19:25.866534  4195 incremental_pipeline.cc:524] Registering image #1285 (num_reg_frames=926)
2026-05-14T07:19:26.672000+00:00 md1-baseline-e2e-20260514032448-sfm/algo-1-1778729134 COLMAP[mapper_spatial_sequential_only] I20260514 07:19:25.866598  4195 incremental_pipeline.cc:527] => Image sees 1901 / 7056 points
2026-05-14T07:19:28.673000+00:00 md1-baseline-e2e-20260514032448-sfm/algo-1-1778729134 COLMAP[mapper_spatial_sequential_only] I20260514 07:19:28.146359  4195 incremental_pipeline.cc:524] Registering image #1286 (num_reg_frames=927)
2026-05-14T07:19:28.673000+00:00 md1-baseline-e2e-20260514032448-sfm/algo-1-1778729134 COLMAP[mapper_spatial_sequential_only] I20260514 07:19:28.146423  4195 incremental_pipeline.cc:527] => Image sees 1850 / 7352 points
2026-05-14T07:19:30.674000+00:00 md1-baseline-e2e-20260514032448-sfm/algo-1-1778729134 COLMAP[mapper_spatial_sequential_only] I20260514 07:19:30.237389  4195 incremental_pipeline.cc:524] Registering image #1678 (num_reg_frames=928)
2026-05-14T07:19:30.674000+00:00 md1-baseline-e2e-20260514032448-sfm/algo-1-1778729134 COLMAP[mapper_spatial_sequential_only] I20260514 07:19:30.237474  4195 incremental_pipeline.cc:527] => Image sees 1855 / 6370 points
2026-05-14T07:19:32.674000+00:00 md1-baseline-e2e-20260514032448-sfm/algo-1-1778729134 COLMAP[mapper_spatial_sequential_only] I20260514 07:19:32.449752  4195 incremental_pipeline.cc:524] Registering image #1679 (num_reg_frames=929)
2026-05-14T07:19:32.674000+00:00 md1-baseline-e2e-20260514032448-sfm/algo-1-1778729134 COLMAP[mapper_spatial_sequential_only] I20260514 07:19:32.449813  4195 incremental_pipeline.cc:527] => Image sees 1708 / 8238 points
2026-05-14T07:19:34.675000+00:00 md1-baseline-e2e-20260514032448-sfm/algo-1-1778729134 COLMAP[mapper_spatial_sequential_only] I20260514 07:19:34.648056  4195 incremental_pipeline.cc:524] Registering image #1288 (num_reg_frames=930)
2026-05-14T07:19:34.675000+00:00 md1-baseline-e2e-20260514032448-sfm/algo-1-1778729134 COLMAP[mapper_spatial_sequential_only] I20260514 07:19:34.648120  4195 incremental_pipeline.cc:527] => Image sees 2255 / 7744 points
2026-05-14T07:19:37.676000+00:00 md1-baseline-e2e-20260514032448-sfm/algo-1-1778729134 COLMAP[mapper_spatial_sequential_only] I20260514 07:19:36.735625  4195 incremental_pipeline.cc:524] Registering image #1680 (num_reg_frames=931)
2026-05-14T07:19:37.676000+00:00 md1-baseline-e2e-20260514032448-sfm/algo-1-1778729134 COLMAP[mapper_spatial_sequential_only] I20260514 07:19:36.735682  4195 incremental_pipeline.cc:527] => Image sees 2233 / 7465 points
2026-05-14T07:19:39.678000+00:00 md1-baseline-e2e-20260514032448-sfm/algo-1-1778729134 COLMAP[mapper_spatial_sequential_only] I20260514 07:19:38.831359  4195 incremental_pipeline.cc:524] Registering image #1681 (num_reg_frames=932)
2026-05-14T07:19:39.678000+00:00 md1-baseline-e2e-20260514032448-sfm/algo-1-1778729134 COLMAP[mapper_spatial_sequential_only] I20260514 07:19:38.831416  4195 incremental_pipeline.cc:527] => Image sees 1632 / 4669 points
2026-05-14T07:19:41.679000+00:00 md1-baseline-e2e-20260514032448-sfm/algo-1-1778729134 COLMAP[mapper_spatial_sequential_only] I20260514 07:19:41.033545  4195 incremental_pipeline.cc:524] Registering image #1289 (num_reg_frames=933)
2026-05-14T07:19:41.679000+00:00 md1-baseline-e2e-20260514032448-sfm/algo-1-1778729134 COLMAP[mapper_spatial_sequential_only] I20260514 07:19:41.033598  4195 incremental_pipeline.cc:527] => Image sees 1989 / 5632 points
2026-05-14T07:19:43.679000+00:00 md1-baseline-e2e-20260514032448-sfm/algo-1-1778729134 COLMAP[mapper_spatial_sequential_only] I20260514 07:19:43.297623  4195 incremental_pipeline.cc:524] Registering image #1290 (num_reg_frames=934)
2026-05-14T07:19:43.679000+00:00 md1-baseline-e2e-20260514032448-sfm/algo-1-1778729134 COLMAP[mapper_spatial_sequential_only] I20260514 07:19:43.297680  4195 incremental_pipeline.cc:527] => Image sees 1725 / 4334 points
2026-05-14T07:19:45.680000+00:00 md1-baseline-e2e-20260514032448-sfm/algo-1-1778729134 COLMAP[mapper_spatial_sequential_only] I20260514 07:19:45.325490  4195 incremental_pipeline.cc:524] Registering image #1691 (num_reg_frames=935)
2026-05-14T07:19:45.680000+00:00 md1-baseline-e2e-20260514032448-sfm/algo-1-1778729134 COLMAP[mapper_spatial_sequential_only] I20260514 07:19:45.325546  4195 incremental_pipeline.cc:527] => Image sees 957 / 6669 points
2026-05-14T07:19:47.681000+00:00 md1-baseline-e2e-20260514032448-sfm/algo-1-1778729134 COLMAP[mapper_spatial_sequential_only] I20260514 07:19:47.311944  4195 incremental_pipeline.cc:524] Registering image #1274 (num_reg_frames=936)
2026-05-14T07:19:47.681000+00:00 md1-baseline-e2e-20260514032448-sfm/algo-1-1778729134 COLMAP[mapper_spatial_sequential_only] I20260514 07:19:47.312005  4195 incremental_pipeline.cc:527] => Image sees 918 / 8250 points
2026-05-14T07:19:49.681000+00:00 md1-baseline-e2e-20260514032448-sfm/algo-1-1778729134 COLMAP[mapper_spatial_sequential_only] I20260514 07:19:49.480159  4195 incremental_pipeline.cc:524] Registering image #1578 (num_reg_frames=937)
2026-05-14T07:19:49.681000+00:00 md1-baseline-e2e-20260514032448-sfm/algo-1-1778729134 COLMAP[mapper_spatial_sequential_only] I20260514 07:19:49.480225  4195 incremental_pipeline.cc:527] => Image sees 758 / 6890 points
2026-05-14T07:19:51.682000+00:00 md1-baseline-e2e-20260514032448-sfm/algo-1-1778729134 COLMAP[mapper_spatial_sequential_only] I20260514 07:19:51.552568  4195 incremental_pipeline.cc:524] Registering image #1466 (num_reg_frames=938)
2026-05-14T07:19:51.682000+00:00 md1-baseline-e2e-20260514032448-sfm/algo-1-1778729134 COLMAP[mapper_spatial_sequential_only] I20260514 07:19:51.552631  4195 incremental_pipeline.cc:527] => Image sees 698 / 4872 points
2026-05-14T07:19:53.683000+00:00 md1-baseline-e2e-20260514032448-sfm/algo-1-1778729134 COLMAP[mapper_spatial_sequential_only] I20260514 07:19:53.591583  4195 incremental_pipeline.cc:524] Registering image #1467 (num_reg_frames=939)
2026-05-14T07:19:53.683000+00:00 md1-baseline-e2e-20260514032448-sfm/algo-1-1778729134 COLMAP[mapper_spatial_sequential_only] I20260514 07:19:53.591645  4195 incremental_pipeline.cc:527] => Image sees 1163 / 4183 points
2026-05-14T07:19:55.683000+00:00 md1-baseline-e2e-20260514032448-sfm/algo-1-1778729134 COLMAP[mapper_spatial_sequential_only] I20260514 07:19:55.462587  4195 incremental_pipeline.cc:524] Registering image #1447 (num_reg_frames=940)
2026-05-14T07:19:55.683000+00:00 md1-baseline-e2e-20260514032448-sfm/algo-1-1778729134 COLMAP[mapper_spatial_sequential_only] I20260514 07:19:55.462648  4195 incremental_pipeline.cc:527] => Image sees 902 / 4971 points
2026-05-14T07:19:57.684000+00:00 md1-baseline-e2e-20260514032448-sfm/algo-1-1778729134 COLMAP[mapper_spatial_sequential_only] I20260514 07:19:57.587512  4195 incremental_pipeline.cc:524] Registering image #2938 (num_reg_frames=941)
2026-05-14T07:19:57.684000+00:00 md1-baseline-e2e-20260514032448-sfm/algo-1-1778729134 COLMAP[mapper_spatial_sequential_only] I20260514 07:19:57.587569  4195 incremental_pipeline.cc:527] => Image sees 631 / 7653 points
2026-05-14T07:19:59.685000+00:00 md1-baseline-e2e-20260514032448-sfm/algo-1-1778729134 COLMAP[mapper_spatial_sequential_only] I20260514 07:19:59.390733  4195 incremental_pipeline.cc:524] Registering image #2939 (num_reg_frames=942)
2026-05-14T07:19:59.685000+00:00 md1-baseline-e2e-20260514032448-sfm/algo-1-1778729134 COLMAP[mapper_spatial_sequential_only] I20260514 07:19:59.390790  4195 incremental_pipeline.cc:527] => Image sees 912 / 5336 points
2026-05-14T07:20:01.685000+00:00 md1-baseline-e2e-20260514032448-sfm/algo-1-1778729134 COLMAP[mapper_spatial_sequential_only] I20260514 07:20:01.274643  4195 incremental_pipeline.cc:524] Registering image #2937 (num_reg_frames=943)
2026-05-14T07:20:01.685000+00:00 md1-baseline-e2e-20260514032448-sfm/algo-1-1778729134 COLMAP[mapper_spatial_sequential_only] I20260514 07:20:01.274742  4195 incremental_pipeline.cc:527] => Image sees 909 / 6755 points
2026-05-14T07:20:03.686000+00:00 md1-baseline-e2e-20260514032448-sfm/algo-1-1778729134 COLMAP[mapper_spatial_sequential_only] I20260514 07:20:03.198105  4195 incremental_pipeline.cc:524] Registering image #2941 (num_reg_frames=944)
2026-05-14T07:20:03.686000+00:00 md1-baseline-e2e-20260514032448-sfm/algo-1-1778729134 COLMAP[mapper_spatial_sequential_only] I20260514 07:20:03.198173  4195 incremental_pipeline.cc:527] => Image sees 884 / 6251 points
2026-05-14T07:20:05.687000+00:00 md1-baseline-e2e-20260514032448-sfm/algo-1-1778729134 COLMAP[mapper_spatial_sequential_only] I20260514 07:20:04.991554  4195 incremental_pipeline.cc:524] Registering image #1606 (num_reg_frames=945)
2026-05-14T07:20:05.687000+00:00 md1-baseline-e2e-20260514032448-sfm/algo-1-1778729134 COLMAP[mapper_spatial_sequential_only] I20260514 07:20:04.991617  4195 incremental_pipeline.cc:527] => Image sees 991 / 7878 points
2026-05-14T07:20:07.687000+00:00 md1-baseline-e2e-20260514032448-sfm/algo-1-1778729134 COLMAP[mapper_spatial_sequential_only] I20260514 07:20:06.820120  4195 incremental_pipeline.cc:524] Registering image #2370 (num_reg_frames=946)
2026-05-14T07:20:07.687000+00:00 md1-baseline-e2e-20260514032448-sfm/algo-1-1778729134 COLMAP[mapper_spatial_sequential_only] I20260514 07:20:06.820189  4195 incremental_pipeline.cc:527] => Image sees 1061 / 8982 points
2026-05-14T07:20:09.688000+00:00 md1-baseline-e2e-20260514032448-sfm/algo-1-1778729134 COLMAP[mapper_spatial_sequential_only] I20260514 07:20:09.301137  4195 incremental_pipeline.cc:524] Registering image #2369 (num_reg_frames=947)
2026-05-14T07:20:09.688000+00:00 md1-baseline-e2e-20260514032448-sfm/algo-1-1778729134 COLMAP[mapper_spatial_sequential_only] I20260514 07:20:09.301199  4195 incremental_pipeline.cc:527] => Image sees 899 / 8252 points
2026-05-14T07:20:11.688000+00:00 md1-baseline-e2e-20260514032448-sfm/algo-1-1778729134 COLMAP[mapper_spatial_sequential_only] I20260514 07:20:11.538786  4195 incremental_pipeline.cc:524] Registering image #1768 (num_reg_frames=948)
2026-05-14T07:20:11.688000+00:00 md1-baseline-e2e-20260514032448-sfm/algo-1-1778729134 COLMAP[mapper_spatial_sequential_only] I20260514 07:20:11.538848  4195 incremental_pipeline.cc:527] => Image sees 877 / 8919 points
2026-05-14T07:20:13.689000+00:00 md1-baseline-e2e-20260514032448-sfm/algo-1-1778729134 COLMAP[mapper_spatial_sequential_only] I20260514 07:20:13.540657  4195 incremental_pipeline.cc:524] Registering image #1641 (num_reg_frames=949)
2026-05-14T07:20:13.689000+00:00 md1-baseline-e2e-20260514032448-sfm/algo-1-1778729134 COLMAP[mapper_spatial_sequential_only] I20260514 07:20:13.540738  4195 incremental_pipeline.cc:527] => Image sees 786 / 6594 points
2026-05-14T07:20:15.690000+00:00 md1-baseline-e2e-20260514032448-sfm/algo-1-1778729134 COLMAP[mapper_spatial_sequential_only] I20260514 07:20:15.584030  4195 incremental_pipeline.cc:524] Registering image #1640 (num_reg_frames=950)
2026-05-14T07:20:15.690000+00:00 md1-baseline-e2e-20260514032448-sfm/algo-1-1778729134 COLMAP[mapper_spatial_sequential_only] I20260514 07:20:15.584092  4195 incremental_pipeline.cc:527] => Image sees 1843 / 7903 points
2026-05-14T07:20:18.691000+00:00 md1-baseline-e2e-20260514032448-sfm/algo-1-1778729134 COLMAP[mapper_spatial_sequential_only] I20260514 07:20:18.014572  4195 incremental_pipeline.cc:524] Registering image #1319 (num_reg_frames=951)
2026-05-14T07:20:18.691000+00:00 md1-baseline-e2e-20260514032448-sfm/algo-1-1778729134 COLMAP[mapper_spatial_sequential_only] I20260514 07:20:18.014632  4195 incremental_pipeline.cc:527] => Image sees 3164 / 7201 points
2026-05-14T07:20:20.691000+00:00 md1-baseline-e2e-20260514032448-sfm/algo-1-1778729134 COLMAP[mapper_spatial_sequential_only] I20260514 07:20:20.243767  4195 incremental_pipeline.cc:524] Registering image #1321 (num_reg_frames=952)
2026-05-14T07:20:20.691000+00:00 md1-baseline-e2e-20260514032448-sfm/algo-1-1778729134 COLMAP[mapper_spatial_sequential_only] I20260514 07:20:20.243830  4195 incremental_pipeline.cc:527] => Image sees 2908 / 6384 points
2026-05-14T07:20:22.692000+00:00 md1-baseline-e2e-20260514032448-sfm/algo-1-1778729134 COLMAP[mapper_spatial_sequential_only] I20260514 07:20:22.436583  4195 incremental_pipeline.cc:524] Registering image #1801 (num_reg_frames=953)
2026-05-14T07:20:22.692000+00:00 md1-baseline-e2e-20260514032448-sfm/algo-1-1778729134 COLMAP[mapper_spatial_sequential_only] I20260514 07:20:22.436641  4195 incremental_pipeline.cc:527] => Image sees 771 / 5526 points
2026-05-14T07:20:24.693000+00:00 md1-baseline-e2e-20260514032448-sfm/algo-1-1778729134 COLMAP[mapper_spatial_sequential_only] I20260514 07:20:24.603403  4195 incremental_pipeline.cc:524] Registering image #1453 (num_reg_frames=954)
2026-05-14T07:20:24.693000+00:00 md1-baseline-e2e-20260514032448-sfm/algo-1-1778729134 COLMAP[mapper_spatial_sequential_only] I20260514 07:20:24.603466  4195 incremental_pipeline.cc:527] => Image sees 574 / 8183 points
2026-05-14T07:20:26.693000+00:00 md1-baseline-e2e-20260514032448-sfm/algo-1-1778729134 COLMAP[mapper_spatial_sequential_only] I20260514 07:20:26.573113  4195 incremental_pipeline.cc:524] Registering image #1454 (num_reg_frames=955)
2026-05-14T07:20:26.693000+00:00 md1-baseline-e2e-20260514032448-sfm/algo-1-1778729134 COLMAP[mapper_spatial_sequential_only] I20260514 07:20:26.573174  4195 incremental_pipeline.cc:527] => Image sees 682 / 8819 points
2026-05-14T07:20:28.694000+00:00 md1-baseline-e2e-20260514032448-sfm/algo-1-1778729134 COLMAP[mapper_spatial_sequential_only] I20260514 07:20:28.488624  4195 incremental_pipeline.cc:524] Registering image #1455 (num_reg_frames=956)
2026-05-14T07:20:28.694000+00:00 md1-baseline-e2e-20260514032448-sfm/algo-1-1778729134 COLMAP[mapper_spatial_sequential_only] I20260514 07:20:28.488688  4195 incremental_pipeline.cc:527] => Image sees 767 / 8911 points
2026-05-14T07:20:30.694000+00:00 md1-baseline-e2e-20260514032448-sfm/algo-1-1778729134 COLMAP[mapper_spatial_sequential_only] I20260514 07:20:30.660895  4195 incremental_pipeline.cc:524] Registering image #1451 (num_reg_frames=957)
2026-05-14T07:20:30.694000+00:00 md1-baseline-e2e-20260514032448-sfm/algo-1-1778729134 COLMAP[mapper_spatial_sequential_only] I20260514 07:20:30.660952  4195 incremental_pipeline.cc:527] => Image sees 746 / 7599 points
2026-05-14T07:20:32.695000+00:00 md1-baseline-e2e-20260514032448-sfm/algo-1-1778729134 COLMAP[mapper_spatial_sequential_only] I20260514 07:20:32.542431  4195 incremental_pipeline.cc:524] Registering image #1456 (num_reg_frames=958)
2026-05-14T07:20:32.695000+00:00 md1-baseline-e2e-20260514032448-sfm/algo-1-1778729134 COLMAP[mapper_spatial_sequential_only] I20260514 07:20:32.542513  4195 incremental_pipeline.cc:527] => Image sees 694 / 8493 points
2026-05-14T07:20:34.696000+00:00 md1-baseline-e2e-20260514032448-sfm/algo-1-1778729134 COLMAP[mapper_spatial_sequential_only] I20260514 07:20:34.675913  4195 incremental_pipeline.cc:524] Registering image #1459 (num_reg_frames=959)
2026-05-14T07:20:34.696000+00:00 md1-baseline-e2e-20260514032448-sfm/algo-1-1778729134 COLMAP[mapper_spatial_sequential_only] I20260514 07:20:34.675977  4195 incremental_pipeline.cc:527] => Image sees 747 / 7673 points
2026-05-14T07:20:36.696000+00:00 md1-baseline-e2e-20260514032448-sfm/algo-1-1778729134 COLMAP[mapper_spatial_sequential_only] I20260514 07:20:36.534832  4195 incremental_pipeline.cc:524] Registering image #1458 (num_reg_frames=960)
2026-05-14T07:20:36.696000+00:00 md1-baseline-e2e-20260514032448-sfm/algo-1-1778729134 COLMAP[mapper_spatial_sequential_only] I20260514 07:20:36.534890  4195 incremental_pipeline.cc:527] => Image sees 2364 / 7436 points
2026-05-14T07:20:39.697000+00:00 md1-baseline-e2e-20260514032448-sfm/algo-1-1778729134 COLMAP[mapper_spatial_sequential_only] I20260514 07:20:38.993454  4195 incremental_pipeline.cc:524] Registering image #1457 (num_reg_frames=961)
2026-05-14T07:20:39.697000+00:00 md1-baseline-e2e-20260514032448-sfm/algo-1-1778729134 COLMAP[mapper_spatial_sequential_only] I20260514 07:20:38.993512  4195 incremental_pipeline.cc:527] => Image sees 3295 / 7890 points
2026-05-14T07:20:41.697000+00:00 md1-baseline-e2e-20260514032448-sfm/algo-1-1778729134 COLMAP[mapper_spatial_sequential_only] I20260514 07:20:41.417570  4195 incremental_pipeline.cc:524] Registering image #1799 (num_reg_frames=962)
2026-05-14T07:20:41.698000+00:00 md1-baseline-e2e-20260514032448-sfm/algo-1-1778729134 COLMAP[mapper_spatial_sequential_only] I20260514 07:20:41.417629  4195 incremental_pipeline.cc:527] => Image sees 662 / 5528 points
2026-05-14T07:20:43.701000+00:00 md1-baseline-e2e-20260514032448-sfm/algo-1-1778729134 COLMAP[mapper_spatial_sequential_only] I20260514 07:20:43.374140  4195 incremental_pipeline.cc:524] Registering image #1800 (num_reg_frames=963)
2026-05-14T07:20:43.701000+00:00 md1-baseline-e2e-20260514032448-sfm/algo-1-1778729134 COLMAP[mapper_spatial_sequential_only] I20260514 07:20:43.374205  4195 incremental_pipeline.cc:527] => Image sees 700 / 5081 points
2026-05-14T07:20:45.702000+00:00 md1-baseline-e2e-20260514032448-sfm/algo-1-1778729134 COLMAP[mapper_spatial_sequential_only] I20260514 07:20:45.240281  4195 incremental_pipeline.cc:524] Registering image #1278 (num_reg_frames=964)
2026-05-14T07:20:45.702000+00:00 md1-baseline-e2e-20260514032448-sfm/algo-1-1778729134 COLMAP[mapper_spatial_sequential_only] I20260514 07:20:45.240345  4195 incremental_pipeline.cc:527] => Image sees 738 / 5532 points
2026-05-14T07:20:47.703000+00:00 md1-baseline-e2e-20260514032448-sfm/algo-1-1778729134 COLMAP[mapper_spatial_sequential_only] I20260514 07:20:47.165951  4195 incremental_pipeline.cc:524] Registering image #1277 (num_reg_frames=965)
2026-05-14T07:20:47.703000+00:00 md1-baseline-e2e-20260514032448-sfm/algo-1-1778729134 COLMAP[mapper_spatial_sequential_only] I20260514 07:20:47.166015  4195 incremental_pipeline.cc:527] => Image sees 898 / 7365 points
2026-05-14T07:20:49.703000+00:00 md1-baseline-e2e-20260514032448-sfm/algo-1-1778729134 COLMAP[mapper_spatial_sequential_only] I20260514 07:20:49.342759  4195 incremental_pipeline.cc:524] Registering image #1275 (num_reg_frames=966)
2026-05-14T07:20:49.703000+00:00 md1-baseline-e2e-20260514032448-sfm/algo-1-1778729134 COLMAP[mapper_spatial_sequential_only] I20260514 07:20:49.342824  4195 incremental_pipeline.cc:527] => Image sees 2897 / 8033 points
2026-05-14T07:20:52.704000+00:00 md1-baseline-e2e-20260514032448-sfm/algo-1-1778729134 COLMAP[mapper_spatial_sequential_only] I20260514 07:20:51.782135  4195 incremental_pipeline.cc:524] Registering image #1223 (num_reg_frames=967)
2026-05-14T07:20:52.704000+00:00 md1-baseline-e2e-20260514032448-sfm/algo-1-1778729134 COLMAP[mapper_spatial_sequential_only] I20260514 07:20:51.782196  4195 incremental_pipeline.cc:527] => Image sees 630 / 3614 points
2026-05-14T07:20:53.705000+00:00 md1-baseline-e2e-20260514032448-sfm/algo-1-1778729134 COLMAP[mapper_spatial_sequential_only] I20260514 07:20:53.674209  4195 incremental_pipeline.cc:524] Registering image #1923 (num_reg_frames=968)
2026-05-14T07:20:53.705000+00:00 md1-baseline-e2e-20260514032448-sfm/algo-1-1778729134 COLMAP[mapper_spatial_sequential_only] I20260514 07:20:53.674278  4195 incremental_pipeline.cc:527] => Image sees 628 / 5945 points
2026-05-14T07:20:56.706000+00:00 md1-baseline-e2e-20260514032448-sfm/algo-1-1778729134 COLMAP[mapper_spatial_sequential_only] I20260514 07:20:55.729780  4195 incremental_pipeline.cc:524] Registering image #1311 (num_reg_frames=969)
2026-05-14T07:20:56.706000+00:00 md1-baseline-e2e-20260514032448-sfm/algo-1-1778729134 COLMAP[mapper_spatial_sequential_only] I20260514 07:20:55.729841  4195 incremental_pipeline.cc:527] => Image sees 596 / 4761 points
2026-05-14T07:20:57.706000+00:00 md1-baseline-e2e-20260514032448-sfm/algo-1-1778729134 COLMAP[mapper_spatial_sequential_only] I20260514 07:20:57.654863  4195 incremental_pipeline.cc:524] Registering image #1310 (num_reg_frames=970)
2026-05-14T07:20:57.706000+00:00 md1-baseline-e2e-20260514032448-sfm/algo-1-1778729134 COLMAP[mapper_spatial_sequential_only] I20260514 07:20:57.654922  4195 incremental_pipeline.cc:527] => Image sees 559 / 4826 points
2026-05-14T07:20:59.707000+00:00 md1-baseline-e2e-20260514032448-sfm/algo-1-1778729134 COLMAP[mapper_spatial_sequential_only] I20260514 07:20:59.657614  4195 incremental_pipeline.cc:524] Registering image #1308 (num_reg_frames=971)
2026-05-14T07:20:59.707000+00:00 md1-baseline-e2e-20260514032448-sfm/algo-1-1778729134 COLMAP[mapper_spatial_sequential_only] I20260514 07:20:59.657671  4195 incremental_pipeline.cc:527] => Image sees 690 / 4714 points
2026-05-14T07:21:01.710000+00:00 md1-baseline-e2e-20260514032448-sfm/algo-1-1778729134 COLMAP[mapper_spatial_sequential_only] I20260514 07:21:01.580096  4195 incremental_pipeline.cc:524] Registering image #1307 (num_reg_frames=972)
2026-05-14T07:21:01.710000+00:00 md1-baseline-e2e-20260514032448-sfm/algo-1-1778729134 COLMAP[mapper_spatial_sequential_only] I20260514 07:21:01.580152  4195 incremental_pipeline.cc:527] => Image sees 1024 / 5499 points
2026-05-14T07:21:03.711000+00:00 md1-baseline-e2e-20260514032448-sfm/algo-1-1778729134 COLMAP[mapper_spatial_sequential_only] I20260514 07:21:03.588330  4195 incremental_pipeline.cc:524] Registering image #1306 (num_reg_frames=973)
2026-05-14T07:21:03.711000+00:00 md1-baseline-e2e-20260514032448-sfm/algo-1-1778729134 COLMAP[mapper_spatial_sequential_only] I20260514 07:21:03.588416  4195 incremental_pipeline.cc:527] => Image sees 1534 / 6650 points
2026-05-14T07:21:05.711000+00:00 md1-baseline-e2e-20260514032448-sfm/algo-1-1778729134 COLMAP[mapper_spatial_sequential_only] I20260514 07:21:05.663321  4195 incremental_pipeline.cc:524] Registering image #1305 (num_reg_frames=974)
2026-05-14T07:21:05.711000+00:00 md1-baseline-e2e-20260514032448-sfm/algo-1-1778729134 COLMAP[mapper_spatial_sequential_only] I20260514 07:21:05.663383  4195 incremental_pipeline.cc:527] => Image sees 2140 / 7618 points
2026-05-14T07:21:08.712000+00:00 md1-baseline-e2e-20260514032448-sfm/algo-1-1778729134 COLMAP[mapper_spatial_sequential_only] I20260514 07:21:07.854188  4195 incremental_pipeline.cc:524] Registering image #1304 (num_reg_frames=975)
2026-05-14T07:21:08.712000+00:00 md1-baseline-e2e-20260514032448-sfm/algo-1-1778729134 COLMAP[mapper_spatial_sequential_only] I20260514 07:21:07.854250  4195 incremental_pipeline.cc:527] => Image sees 2888 / 7613 points
2026-05-14T07:21:10.713000+00:00 md1-baseline-e2e-20260514032448-sfm/algo-1-1778729134 COLMAP[mapper_spatial_sequential_only] I20260514 07:21:10.129794  4195 incremental_pipeline.cc:524] Registering image #1303 (num_reg_frames=976)
2026-05-14T07:21:10.713000+00:00 md1-baseline-e2e-20260514032448-sfm/algo-1-1778729134 COLMAP[mapper_spatial_sequential_only] I20260514 07:21:10.129849  4195 incremental_pipeline.cc:527] => Image sees 2689 / 7450 points
2026-05-14T07:21:12.713000+00:00 md1-baseline-e2e-20260514032448-sfm/algo-1-1778729134 COLMAP[mapper_spatial_sequential_only] I20260514 07:21:12.498668  4195 incremental_pipeline.cc:524] Registering image #1302 (num_reg_frames=977)
2026-05-14T07:21:12.714000+00:00 md1-baseline-e2e-20260514032448-sfm/algo-1-1778729134 COLMAP[mapper_spatial_sequential_only] I20260514 07:21:12.498733  4195 incremental_pipeline.cc:527] => Image sees 2602 / 7103 points
2026-05-14T07:21:15.714000+00:00 md1-baseline-e2e-20260514032448-sfm/algo-1-1778729134 COLMAP[mapper_spatial_sequential_only] I20260514 07:21:14.798434  4195 incremental_pipeline.cc:524] Registering image #1301 (num_reg_frames=978)
2026-05-14T07:21:15.714000+00:00 md1-baseline-e2e-20260514032448-sfm/algo-1-1778729134 COLMAP[mapper_spatial_sequential_only] I20260514 07:21:14.798492  4195 incremental_pipeline.cc:527] => Image sees 1468 / 6875 points
2026-05-14T07:21:17.715000+00:00 md1-baseline-e2e-20260514032448-sfm/algo-1-1778729134 COLMAP[mapper_spatial_sequential_only] I20260514 07:21:17.063444  4195 incremental_pipeline.cc:524] Registering image #1226 (num_reg_frames=979)
2026-05-14T07:21:17.715000+00:00 md1-baseline-e2e-20260514032448-sfm/algo-1-1778729134 COLMAP[mapper_spatial_sequential_only] I20260514 07:21:17.063505  4195 incremental_pipeline.cc:527] => Image sees 725 / 6084 points
2026-05-14T07:21:19.716000+00:00 md1-baseline-e2e-20260514032448-sfm/algo-1-1778729134 COLMAP[mapper_spatial_sequential_only] I20260514 07:21:19.166097  4195 incremental_pipeline.cc:524] Registering image #1779 (num_reg_frames=980)
2026-05-14T07:21:19.716000+00:00 md1-baseline-e2e-20260514032448-sfm/algo-1-1778729134 COLMAP[mapper_spatial_sequential_only] I20260514 07:21:19.166160  4195 incremental_pipeline.cc:527] => Image sees 701 / 8913 points
2026-05-14T07:21:21.716000+00:00 md1-baseline-e2e-20260514032448-sfm/algo-1-1778729134 COLMAP[mapper_spatial_sequential_only] I20260514 07:21:21.070514  4195 incremental_pipeline.cc:524] Registering image #1778 (num_reg_frames=981)
2026-05-14T07:21:21.716000+00:00 md1-baseline-e2e-20260514032448-sfm/algo-1-1778729134 COLMAP[mapper_spatial_sequential_only] I20260514 07:21:21.070578  4195 incremental_pipeline.cc:527] => Image sees 779 / 8887 points
2026-05-14T07:21:23.717000+00:00 md1-baseline-e2e-20260514032448-sfm/algo-1-1778729134 COLMAP[mapper_spatial_sequential_only] I20260514 07:21:23.194496  4195 incremental_pipeline.cc:524] Registering image #1760 (num_reg_frames=982)
2026-05-14T07:21:23.717000+00:00 md1-baseline-e2e-20260514032448-sfm/algo-1-1778729134 COLMAP[mapper_spatial_sequential_only] I20260514 07:21:23.194555  4195 incremental_pipeline.cc:527] => Image sees 657 / 5369 points
2026-05-14T07:21:25.718000+00:00 md1-baseline-e2e-20260514032448-sfm/algo-1-1778729134 COLMAP[mapper_spatial_sequential_only] I20260514 07:21:25.073798  4195 incremental_pipeline.cc:524] Registering image #1749 (num_reg_frames=983)
2026-05-14T07:21:25.718000+00:00 md1-baseline-e2e-20260514032448-sfm/algo-1-1778729134 COLMAP[mapper_spatial_sequential_only] I20260514 07:21:25.073860  4195 incremental_pipeline.cc:527] => Image sees 673 / 6461 points
2026-05-14T07:21:27.718000+00:00 md1-baseline-e2e-20260514032448-sfm/algo-1-1778729134 COLMAP[mapper_spatial_sequential_only] I20260514 07:21:26.972919  4195 incremental_pipeline.cc:524] Registering image #1734 (num_reg_frames=984)
2026-05-14T07:21:27.718000+00:00 md1-baseline-e2e-20260514032448-sfm/algo-1-1778729134 COLMAP[mapper_spatial_sequential_only] I20260514 07:21:26.972983  4195 incremental_pipeline.cc:527] => Image sees 778 / 6667 points
2026-05-14T07:21:29.719000+00:00 md1-baseline-e2e-20260514032448-sfm/algo-1-1778729134 COLMAP[mapper_spatial_sequential_only] I20260514 07:21:28.981765  4195 incremental_pipeline.cc:524] Registering image #2368 (num_reg_frames=985)
2026-05-14T07:21:29.719000+00:00 md1-baseline-e2e-20260514032448-sfm/algo-1-1778729134 COLMAP[mapper_spatial_sequential_only] I20260514 07:21:28.981822  4195 incremental_pipeline.cc:527] => Image sees 810 / 7791 points
2026-05-14T07:21:31.720000+00:00 md1-baseline-e2e-20260514032448-sfm/algo-1-1778729134 COLMAP[mapper_spatial_sequential_only] I20260514 07:21:31.023260  4195 incremental_pipeline.cc:524] Registering image #1206 (num_reg_frames=986)
2026-05-14T07:21:31.720000+00:00 md1-baseline-e2e-20260514032448-sfm/algo-1-1778729134 COLMAP[mapper_spatial_sequential_only] I20260514 07:21:31.023324  4195 incremental_pipeline.cc:527] => Image sees 626 / 5354 points
2026-05-14T07:21:33.720000+00:00 md1-baseline-e2e-20260514032448-sfm/algo-1-1778729134 COLMAP[mapper_spatial_sequential_only] I20260514 07:21:32.987082  4195 incremental_pipeline.cc:524] Registering image #1913 (num_reg_frames=987)
2026-05-14T07:21:33.720000+00:00 md1-baseline-e2e-20260514032448-sfm/algo-1-1778729134 COLMAP[mapper_spatial_sequential_only] I20260514 07:21:32.987146  4195 incremental_pipeline.cc:527] => Image sees 740 / 7643 points
2026-05-14T07:21:35.721000+00:00 md1-baseline-e2e-20260514032448-sfm/algo-1-1778729134 COLMAP[mapper_spatial_sequential_only] I20260514 07:21:34.734910  4195 incremental_pipeline.cc:78] Retriangulation and Global bundle adjustment
2026-05-14T07:22:35.843000+00:00 md1-baseline-e2e-20260514032448-sfm/algo-1-1778729134 COLMAP[mapper_spatial_sequential_only] HEARTBEAT elapsed=5492s idle=60s
2026-05-14T07:23:36.273000+00:00 md1-baseline-e2e-20260514032448-sfm/algo-1-1778729134 COLMAP[mapper_spatial_sequential_only] HEARTBEAT elapsed=5552s idle=120s
2026-05-14T07:24:35.992000+00:00 md1-baseline-e2e-20260514032448-sfm/algo-1-1778729134 COLMAP[mapper_spatial_sequential_only] HEARTBEAT elapsed=5612s idle=180s
2026-05-14T07:25:35.845000+00:00 md1-baseline-e2e-20260514032448-sfm/algo-1-1778729134 COLMAP[mapper_spatial_sequential_only] HEARTBEAT elapsed=5672s idle=240s
2026-05-14T07:26:36.185000+00:00 md1-baseline-e2e-20260514032448-sfm/algo-1-1778729134 COLMAP[mapper_spatial_sequential_only] HEARTBEAT elapsed=5732s idle=300s
2026-05-14T07:27:36.473000+00:00 md1-baseline-e2e-20260514032448-sfm/algo-1-1778729134 COLMAP[mapper_spatial_sequential_only] HEARTBEAT elapsed=5792s idle=360s
2026-05-14T07:28:36.026000+00:00 md1-baseline-e2e-20260514032448-sfm/algo-1-1778729134 COLMAP[mapper_spatial_sequential_only] HEARTBEAT elapsed=5852s idle=420s
2026-05-14T07:29:36.506000+00:00 md1-baseline-e2e-20260514032448-sfm/algo-1-1778729134 COLMAP[mapper_spatial_sequential_only] HEARTBEAT elapsed=5912s idle=480s
2026-05-14T07:30:35.944000+00:00 md1-baseline-e2e-20260514032448-sfm/algo-1-1778729134 COLMAP[mapper_spatial_sequential_only] HEARTBEAT elapsed=5972s idle=540s
2026-05-14T07:31:36.766000+00:00 md1-baseline-e2e-20260514032448-sfm/algo-1-1778729134 COLMAP[mapper_spatial_sequential_only] HEARTBEAT elapsed=6032s idle=600s
2026-05-14T07:32:36.833000+00:00 md1-baseline-e2e-20260514032448-sfm/algo-1-1778729134 COLMAP[mapper_spatial_sequential_only] HEARTBEAT elapsed=6092s idle=660s
2026-05-14T07:33:36.704000+00:00 md1-baseline-e2e-20260514032448-sfm/algo-1-1778729134 COLMAP[mapper_spatial_sequential_only] HEARTBEAT elapsed=6152s idle=720s
2026-05-14T07:33:55.776000+00:00 md1-baseline-e2e-20260514032448-sfm/algo-1-1778729134 COLMAP[mapper_spatial_sequential_only] I20260514 07:33:54.826701  4195 incremental_pipeline.cc:524] Registering image #1898 (num_reg_frames=988)
2026-05-14T07:33:55.776000+00:00 md1-baseline-e2e-20260514032448-sfm/algo-1-1778729134 COLMAP[mapper_spatial_sequential_only] I20260514 07:33:54.826793  4195 incremental_pipeline.cc:527] => Image sees 843 / 6458 points
2026-05-14T07:33:57.777000+00:00 md1-baseline-e2e-20260514032448-sfm/algo-1-1778729134 COLMAP[mapper_spatial_sequential_only] I20260514 07:33:56.791968  4195 incremental_pipeline.cc:524] Registering image #1264 (num_reg_frames=989)
2026-05-14T07:33:57.777000+00:00 md1-baseline-e2e-20260514032448-sfm/algo-1-1778729134 COLMAP[mapper_spatial_sequential_only] I20260514 07:33:56.792037  4195 incremental_pipeline.cc:527] => Image sees 612 / 5797 points
2026-05-14T07:33:59.777000+00:00 md1-baseline-e2e-20260514032448-sfm/algo-1-1778729134 COLMAP[mapper_spatial_sequential_only] I20260514 07:33:59.022737  4195 incremental_pipeline.cc:524] Registering image #1688 (num_reg_frames=990)
2026-05-14T07:33:59.777000+00:00 md1-baseline-e2e-20260514032448-sfm/algo-1-1778729134 COLMAP[mapper_spatial_sequential_only] I20260514 07:33:59.022806  4195 incremental_pipeline.cc:527] => Image sees 647 / 6876 points
2026-05-14T07:34:01.778000+00:00 md1-baseline-e2e-20260514032448-sfm/algo-1-1778729134 COLMAP[mapper_spatial_sequential_only] I20260514 07:34:01.149364  4195 incremental_pipeline.cc:524] Registering image #1689 (num_reg_frames=991)
2026-05-14T07:34:01.778000+00:00 md1-baseline-e2e-20260514032448-sfm/algo-1-1778729134 COLMAP[mapper_spatial_sequential_only] I20260514 07:34:01.149422  4195 incremental_pipeline.cc:527] => Image sees 665 / 7127 points
2026-05-14T07:34:03.779000+00:00 md1-baseline-e2e-20260514032448-sfm/algo-1-1778729134 COLMAP[mapper_spatial_sequential_only] I20260514 07:34:03.303572  4195 incremental_pipeline.cc:524] Registering image #1690 (num_reg_frames=992)
2026-05-14T07:34:03.779000+00:00 md1-baseline-e2e-20260514032448-sfm/algo-1-1778729134 COLMAP[mapper_spatial_sequential_only] I20260514 07:34:03.303640  4195 incremental_pipeline.cc:527] => Image sees 1544 / 6522 points
2026-05-14T07:34:05.779000+00:00 md1-baseline-e2e-20260514032448-sfm/algo-1-1778729134 COLMAP[mapper_spatial_sequential_only] I20260514 07:34:05.563136  4195 incremental_pipeline.cc:524] Registering image #1817 (num_reg_frames=993)
2026-05-14T07:34:05.779000+00:00 md1-baseline-e2e-20260514032448-sfm/algo-1-1778729134 COLMAP[mapper_spatial_sequential_only] I20260514 07:34:05.563203  4195 incremental_pipeline.cc:527] => Image sees 796 / 6256 points
2026-05-14T07:34:07.780000+00:00 md1-baseline-e2e-20260514032448-sfm/algo-1-1778729134 COLMAP[mapper_spatial_sequential_only] I20260514 07:34:07.664827  4195 incremental_pipeline.cc:524] Registering image #1819 (num_reg_frames=994)
2026-05-14T07:34:07.780000+00:00 md1-baseline-e2e-20260514032448-sfm/algo-1-1778729134 COLMAP[mapper_spatial_sequential_only] I20260514 07:34:07.664892  4195 incremental_pipeline.cc:527] => Image sees 836 / 6208 points
2026-05-14T07:34:10.781000+00:00 md1-baseline-e2e-20260514032448-sfm/algo-1-1778729134 COLMAP[mapper_spatial_sequential_only] I20260514 07:34:09.894203  4195 incremental_pipeline.cc:524] Registering image #1818 (num_reg_frames=995)
2026-05-14T07:34:10.781000+00:00 md1-baseline-e2e-20260514032448-sfm/algo-1-1778729134 COLMAP[mapper_spatial_sequential_only] I20260514 07:34:09.894269  4195 incremental_pipeline.cc:527] => Image sees 1301 / 6211 points
2026-05-14T07:34:12.782000+00:00 md1-baseline-e2e-20260514032448-sfm/algo-1-1778729134 COLMAP[mapper_spatial_sequential_only] I20260514 07:34:12.040859  4195 incremental_pipeline.cc:524] Registering image #1816 (num_reg_frames=996)
2026-05-14T07:34:12.782000+00:00 md1-baseline-e2e-20260514032448-sfm/algo-1-1778729134 COLMAP[mapper_spatial_sequential_only] I20260514 07:34:12.040925  4195 incremental_pipeline.cc:527] => Image sees 779 / 5896 points
2026-05-14T07:34:14.782000+00:00 md1-baseline-e2e-20260514032448-sfm/algo-1-1778729134 COLMAP[mapper_spatial_sequential_only] I20260514 07:34:14.212559  4195 incremental_pipeline.cc:524] Registering image #1814 (num_reg_frames=997)
2026-05-14T07:34:14.782000+00:00 md1-baseline-e2e-20260514032448-sfm/algo-1-1778729134 COLMAP[mapper_spatial_sequential_only] I20260514 07:34:14.212626  4195 incremental_pipeline.cc:527] => Image sees 808 / 6180 points
2026-05-14T07:34:16.783000+00:00 md1-baseline-e2e-20260514032448-sfm/algo-1-1778729134 COLMAP[mapper_spatial_sequential_only] I20260514 07:34:16.425561  4195 incremental_pipeline.cc:524] Registering image #1813 (num_reg_frames=998)
2026-05-14T07:34:16.783000+00:00 md1-baseline-e2e-20260514032448-sfm/algo-1-1778729134 COLMAP[mapper_spatial_sequential_only] I20260514 07:34:16.425621  4195 incremental_pipeline.cc:527] => Image sees 1288 / 6011 points
2026-05-14T07:34:18.784000+00:00 md1-baseline-e2e-20260514032448-sfm/algo-1-1778729134 COLMAP[mapper_spatial_sequential_only] I20260514 07:34:18.401006  4195 incremental_pipeline.cc:524] Registering image #1812 (num_reg_frames=999)
2026-05-14T07:34:18.784000+00:00 md1-baseline-e2e-20260514032448-sfm/algo-1-1778729134 COLMAP[mapper_spatial_sequential_only] I20260514 07:34:18.401069  4195 incremental_pipeline.cc:527] => Image sees 722 / 5155 points
2026-05-14T07:34:20.784000+00:00 md1-baseline-e2e-20260514032448-sfm/algo-1-1778729134 COLMAP[mapper_spatial_sequential_only] I20260514 07:34:20.515450  4195 incremental_pipeline.cc:524] Registering image #1811 (num_reg_frames=1000)
2026-05-14T07:34:20.784000+00:00 md1-baseline-e2e-20260514032448-sfm/algo-1-1778729134 COLMAP[mapper_spatial_sequential_only] I20260514 07:34:20.515513  4195 incremental_pipeline.cc:527] => Image sees 1287 / 6087 points
2026-05-14T07:34:22.785000+00:00 md1-baseline-e2e-20260514032448-sfm/algo-1-1778729134 COLMAP[mapper_spatial_sequential_only] I20260514 07:34:22.717106  4195 incremental_pipeline.cc:524] Registering image #1738 (num_reg_frames=1001)
2026-05-14T07:34:22.785000+00:00 md1-baseline-e2e-20260514032448-sfm/algo-1-1778729134 COLMAP[mapper_spatial_sequential_only] I20260514 07:34:22.717172  4195 incremental_pipeline.cc:527] => Image sees 572 / 7060 points
2026-05-14T07:34:24.786000+00:00 md1-baseline-e2e-20260514032448-sfm/algo-1-1778729134 COLMAP[mapper_spatial_sequential_only] I20260514 07:34:24.570183  4195 incremental_pipeline.cc:524] Registering image #2325 (num_reg_frames=1002)
2026-05-14T07:34:24.786000+00:00 md1-baseline-e2e-20260514032448-sfm/algo-1-1778729134 COLMAP[mapper_spatial_sequential_only] I20260514 07:34:24.570243  4195 incremental_pipeline.cc:527] => Image sees 570 / 6479 points
2026-05-14T07:34:26.786000+00:00 md1-baseline-e2e-20260514032448-sfm/algo-1-1778729134 COLMAP[mapper_spatial_sequential_only] I20260514 07:34:26.764830  4195 incremental_pipeline.cc:524] Registering image #1540 (num_reg_frames=1003)
2026-05-14T07:34:26.786000+00:00 md1-baseline-e2e-20260514032448-sfm/algo-1-1778729134 COLMAP[mapper_spatial_sequential_only] I20260514 07:34:26.764935  4195 incremental_pipeline.cc:527] => Image sees 584 / 5624 points
2026-05-14T07:34:29.787000+00:00 md1-baseline-e2e-20260514032448-sfm/algo-1-1778729134 COLMAP[mapper_spatial_sequential_only] I20260514 07:34:28.859472  4195 incremental_pipeline.cc:524] Registering image #2393 (num_reg_frames=1004)
2026-05-14T07:34:29.787000+00:00 md1-baseline-e2e-20260514032448-sfm/algo-1-1778729134 COLMAP[mapper_spatial_sequential_only] I20260514 07:34:28.859537  4195 incremental_pipeline.cc:527] => Image sees 503 / 6451 points
2026-05-14T07:34:30.788000+00:00 md1-baseline-e2e-20260514032448-sfm/algo-1-1778729134 COLMAP[mapper_spatial_sequential_only] I20260514 07:34:30.709758  4195 incremental_pipeline.cc:524] Registering image #2391 (num_reg_frames=1005)
2026-05-14T07:34:30.788000+00:00 md1-baseline-e2e-20260514032448-sfm/algo-1-1778729134 COLMAP[mapper_spatial_sequential_only] I20260514 07:34:30.709823  4195 incremental_pipeline.cc:527] => Image sees 791 / 7907 points
2026-05-14T07:34:32.788000+00:00 md1-baseline-e2e-20260514032448-sfm/algo-1-1778729134 COLMAP[mapper_spatial_sequential_only] I20260514 07:34:32.505553  4195 incremental_pipeline.cc:524] Registering image #2392 (num_reg_frames=1006)
2026-05-14T07:34:32.788000+00:00 md1-baseline-e2e-20260514032448-sfm/algo-1-1778729134 COLMAP[mapper_spatial_sequential_only] I20260514 07:34:32.505611  4195 incremental_pipeline.cc:527] => Image sees 1315 / 7282 points
2026-05-14T07:34:34.789000+00:00 md1-baseline-e2e-20260514032448-sfm/algo-1-1778729134 COLMAP[mapper_spatial_sequential_only] I20260514 07:34:34.377003  4195 incremental_pipeline.cc:524] Registering image #2390 (num_reg_frames=1007)
2026-05-14T07:34:34.789000+00:00 md1-baseline-e2e-20260514032448-sfm/algo-1-1778729134 COLMAP[mapper_spatial_sequential_only] I20260514 07:34:34.377072  4195 incremental_pipeline.cc:527] => Image sees 1501 / 7023 points
2026-05-14T07:34:36.790000+00:00 md1-baseline-e2e-20260514032448-sfm/algo-1-1778729134 COLMAP[mapper_spatial_sequential_only] I20260514 07:34:36.466461  4195 incremental_pipeline.cc:524] Registering image #2394 (num_reg_frames=1008)
2026-05-14T07:34:36.790000+00:00 md1-baseline-e2e-20260514032448-sfm/algo-1-1778729134 COLMAP[mapper_spatial_sequential_only] I20260514 07:34:36.466532  4195 incremental_pipeline.cc:527] => Image sees 874 / 5169 points
2026-05-14T07:34:38.790000+00:00 md1-baseline-e2e-20260514032448-sfm/algo-1-1778729134 COLMAP[mapper_spatial_sequential_only] I20260514 07:34:38.434489  4195 incremental_pipeline.cc:524] Registering image #2362 (num_reg_frames=1009)
2026-05-14T07:34:38.791000+00:00 md1-baseline-e2e-20260514032448-sfm/algo-1-1778729134 COLMAP[mapper_spatial_sequential_only] I20260514 07:34:38.434552  4195 incremental_pipeline.cc:527] => Image sees 552 / 6378 points
2026-05-14T07:34:40.791000+00:00 md1-baseline-e2e-20260514032448-sfm/algo-1-1778729134 COLMAP[mapper_spatial_sequential_only] I20260514 07:34:40.460363  4195 incremental_pipeline.cc:524] Registering image #2361 (num_reg_frames=1010)
2026-05-14T07:34:40.791000+00:00 md1-baseline-e2e-20260514032448-sfm/algo-1-1778729134 COLMAP[mapper_spatial_sequential_only] I20260514 07:34:40.460427  4195 incremental_pipeline.cc:527] => Image sees 854 / 5544 points
2026-05-14T07:34:42.792000+00:00 md1-baseline-e2e-20260514032448-sfm/algo-1-1778729134 COLMAP[mapper_spatial_sequential_only] I20260514 07:34:42.434019  4195 incremental_pipeline.cc:524] Registering image #2395 (num_reg_frames=1011)
2026-05-14T07:34:42.792000+00:00 md1-baseline-e2e-20260514032448-sfm/algo-1-1778729134 COLMAP[mapper_spatial_sequential_only] I20260514 07:34:42.434085  4195 incremental_pipeline.cc:527] => Image sees 640 / 5488 points
2026-05-14T07:34:44.793000+00:00 md1-baseline-e2e-20260514032448-sfm/algo-1-1778729134 COLMAP[mapper_spatial_sequential_only] I20260514 07:34:44.313410  4195 incremental_pipeline.cc:524] Registering image #2363 (num_reg_frames=1012)
2026-05-14T07:34:44.793000+00:00 md1-baseline-e2e-20260514032448-sfm/algo-1-1778729134 COLMAP[mapper_spatial_sequential_only] I20260514 07:34:44.313469  4195 incremental_pipeline.cc:527] => Image sees 651 / 6300 points
2026-05-14T07:34:46.793000+00:00 md1-baseline-e2e-20260514032448-sfm/algo-1-1778729134 COLMAP[mapper_spatial_sequential_only] I20260514 07:34:46.491431  4195 incremental_pipeline.cc:524] Registering image #2360 (num_reg_frames=1013)
2026-05-14T07:34:46.794000+00:00 md1-baseline-e2e-20260514032448-sfm/algo-1-1778729134 COLMAP[mapper_spatial_sequential_only] I20260514 07:34:46.491503  4195 incremental_pipeline.cc:527] => Image sees 569 / 5652 points
2026-05-14T07:34:48.794000+00:00 md1-baseline-e2e-20260514032448-sfm/algo-1-1778729134 COLMAP[mapper_spatial_sequential_only] I20260514 07:34:48.414204  4195 incremental_pipeline.cc:524] Registering image #2358 (num_reg_frames=1014)
2026-05-14T07:34:48.794000+00:00 md1-baseline-e2e-20260514032448-sfm/algo-1-1778729134 COLMAP[mapper_spatial_sequential_only] I20260514 07:34:48.414269  4195 incremental_pipeline.cc:527] => Image sees 572 / 8664 points
2026-05-14T07:34:50.795000+00:00 md1-baseline-e2e-20260514032448-sfm/algo-1-1778729134 COLMAP[mapper_spatial_sequential_only] I20260514 07:34:50.365111  4195 incremental_pipeline.cc:524] Registering image #2359 (num_reg_frames=1015)
2026-05-14T07:34:50.795000+00:00 md1-baseline-e2e-20260514032448-sfm/algo-1-1778729134 COLMAP[mapper_spatial_sequential_only] I20260514 07:34:50.365176  4195 incremental_pipeline.cc:527] => Image sees 1232 / 6171 points
2026-05-14T07:34:52.795000+00:00 md1-baseline-e2e-20260514032448-sfm/algo-1-1778729134 COLMAP[mapper_spatial_sequential_only] I20260514 07:34:52.439354  4195 incremental_pipeline.cc:524] Registering image #2357 (num_reg_frames=1016)
2026-05-14T07:34:52.796000+00:00 md1-baseline-e2e-20260514032448-sfm/algo-1-1778729134 COLMAP[mapper_spatial_sequential_only] I20260514 07:34:52.439421  4195 incremental_pipeline.cc:527] => Image sees 1290 / 9271 points
2026-05-14T07:34:54.796000+00:00 md1-baseline-e2e-20260514032448-sfm/algo-1-1778729134 COLMAP[mapper_spatial_sequential_only] I20260514 07:34:54.577937  4195 incremental_pipeline.cc:524] Registering image #2356 (num_reg_frames=1017)
2026-05-14T07:34:54.796000+00:00 md1-baseline-e2e-20260514032448-sfm/algo-1-1778729134 COLMAP[mapper_spatial_sequential_only] I20260514 07:34:54.577999  4195 incremental_pipeline.cc:527] => Image sees 1318 / 9794 points
2026-05-14T07:34:56.797000+00:00 md1-baseline-e2e-20260514032448-sfm/algo-1-1778729134 COLMAP[mapper_spatial_sequential_only] I20260514 07:34:56.664381  4195 incremental_pipeline.cc:524] Registering image #2355 (num_reg_frames=1018)
2026-05-14T07:34:56.797000+00:00 md1-baseline-e2e-20260514032448-sfm/algo-1-1778729134 COLMAP[mapper_spatial_sequential_only] I20260514 07:34:56.664443  4195 incremental_pipeline.cc:527] => Image sees 1484 / 9746 points
2026-05-14T07:34:59.798000+00:00 md1-baseline-e2e-20260514032448-sfm/algo-1-1778729134 COLMAP[mapper_spatial_sequential_only] I20260514 07:34:59.005046  4195 incremental_pipeline.cc:524] Registering image #2354 (num_reg_frames=1019)
2026-05-14T07:34:59.798000+00:00 md1-baseline-e2e-20260514032448-sfm/algo-1-1778729134 COLMAP[mapper_spatial_sequential_only] I20260514 07:34:59.005134  4195 incremental_pipeline.cc:527] => Image sees 1905 / 9839 points
2026-05-14T07:35:01.799000+00:00 md1-baseline-e2e-20260514032448-sfm/algo-1-1778729134 COLMAP[mapper_spatial_sequential_only] I20260514 07:35:01.664515  4195 incremental_pipeline.cc:524] Registering image #2352 (num_reg_frames=1020)
2026-05-14T07:35:01.799000+00:00 md1-baseline-e2e-20260514032448-sfm/algo-1-1778729134 COLMAP[mapper_spatial_sequential_only] I20260514 07:35:01.664579  4195 incremental_pipeline.cc:527] => Image sees 1694 / 8737 points
2026-05-14T07:35:04.805000+00:00 md1-baseline-e2e-20260514032448-sfm/algo-1-1778729134 COLMAP[mapper_spatial_sequential_only] I20260514 07:35:04.137943  4195 incremental_pipeline.cc:524] Registering image #2351 (num_reg_frames=1021)
2026-05-14T07:35:04.805000+00:00 md1-baseline-e2e-20260514032448-sfm/algo-1-1778729134 COLMAP[mapper_spatial_sequential_only] I20260514 07:35:04.138005  4195 incremental_pipeline.cc:527] => Image sees 1112 / 8597 points
2026-05-14T07:35:06.805000+00:00 md1-baseline-e2e-20260514032448-sfm/algo-1-1778729134 COLMAP[mapper_spatial_sequential_only] I20260514 07:35:06.616034  4195 incremental_pipeline.cc:524] Registering image #2334 (num_reg_frames=1022)
2026-05-14T07:35:06.805000+00:00 md1-baseline-e2e-20260514032448-sfm/algo-1-1778729134 COLMAP[mapper_spatial_sequential_only] I20260514 07:35:06.616096  4195 incremental_pipeline.cc:527] => Image sees 702 / 7814 points
2026-05-14T07:35:08.806000+00:00 md1-baseline-e2e-20260514032448-sfm/algo-1-1778729134 COLMAP[mapper_spatial_sequential_only] I20260514 07:35:08.721844  4195 incremental_pipeline.cc:524] Registering image #2333 (num_reg_frames=1023)
2026-05-14T07:35:08.806000+00:00 md1-baseline-e2e-20260514032448-sfm/algo-1-1778729134 COLMAP[mapper_spatial_sequential_only] I20260514 07:35:08.721909  4195 incremental_pipeline.cc:527] => Image sees 1168 / 8716 points
2026-05-14T07:35:11.807000+00:00 md1-baseline-e2e-20260514032448-sfm/algo-1-1778729134 COLMAP[mapper_spatial_sequential_only] I20260514 07:35:10.830605  4195 incremental_pipeline.cc:524] Registering image #2330 (num_reg_frames=1024)
2026-05-14T07:35:11.807000+00:00 md1-baseline-e2e-20260514032448-sfm/algo-1-1778729134 COLMAP[mapper_spatial_sequential_only] I20260514 07:35:10.830667  4195 incremental_pipeline.cc:527] => Image sees 2024 / 10136 points
2026-05-14T07:35:13.808000+00:00 md1-baseline-e2e-20260514032448-sfm/algo-1-1778729134 COLMAP[mapper_spatial_sequential_only] I20260514 07:35:13.224467  4195 incremental_pipeline.cc:524] Registering image #2332 (num_reg_frames=1025)
2026-05-14T07:35:13.808000+00:00 md1-baseline-e2e-20260514032448-sfm/algo-1-1778729134 COLMAP[mapper_spatial_sequential_only] I20260514 07:35:13.224530  4195 incremental_pipeline.cc:527] => Image sees 4006 / 9619 points
2026-05-14T07:35:16.809000+00:00 md1-baseline-e2e-20260514032448-sfm/algo-1-1778729134 COLMAP[mapper_spatial_sequential_only] I20260514 07:35:15.956674  4195 incremental_pipeline.cc:524] Registering image #2329 (num_reg_frames=1026)
2026-05-14T07:35:16.809000+00:00 md1-baseline-e2e-20260514032448-sfm/algo-1-1778729134 COLMAP[mapper_spatial_sequential_only] I20260514 07:35:15.956743  4195 incremental_pipeline.cc:527] => Image sees 3770 / 10352 points
2026-05-14T07:35:18.809000+00:00 md1-baseline-e2e-20260514032448-sfm/algo-1-1778729134 COLMAP[mapper_spatial_sequential_only] I20260514 07:35:18.512379  4195 incremental_pipeline.cc:524] Registering image #2328 (num_reg_frames=1027)
2026-05-14T07:35:18.809000+00:00 md1-baseline-e2e-20260514032448-sfm/algo-1-1778729134 COLMAP[mapper_spatial_sequential_only] I20260514 07:35:18.512444  4195 incremental_pipeline.cc:527] => Image sees 3761 / 10122 points
2026-05-14T07:35:21.814000+00:00 md1-baseline-e2e-20260514032448-sfm/algo-1-1778729134 COLMAP[mapper_spatial_sequential_only] I20260514 07:35:21.080592  4195 incremental_pipeline.cc:524] Registering image #2327 (num_reg_frames=1028)
2026-05-14T07:35:21.814000+00:00 md1-baseline-e2e-20260514032448-sfm/algo-1-1778729134 COLMAP[mapper_spatial_sequential_only] I20260514 07:35:21.080659  4195 incremental_pipeline.cc:527] => Image sees 3380 / 9870 points
2026-05-14T07:35:23.815000+00:00 md1-baseline-e2e-20260514032448-sfm/algo-1-1778729134 COLMAP[mapper_spatial_sequential_only] I20260514 07:35:23.727986  4195 incremental_pipeline.cc:524] Registering image #2326 (num_reg_frames=1029)
2026-05-14T07:35:23.815000+00:00 md1-baseline-e2e-20260514032448-sfm/algo-1-1778729134 COLMAP[mapper_spatial_sequential_only] I20260514 07:35:23.728050  4195 incremental_pipeline.cc:527] => Image sees 2723 / 8415 points
2026-05-14T07:35:26.817000+00:00 md1-baseline-e2e-20260514032448-sfm/algo-1-1778729134 COLMAP[mapper_spatial_sequential_only] I20260514 07:35:26.321694  4195 incremental_pipeline.cc:524] Registering image #2349 (num_reg_frames=1030)
2026-05-14T07:35:26.817000+00:00 md1-baseline-e2e-20260514032448-sfm/algo-1-1778729134 COLMAP[mapper_spatial_sequential_only] I20260514 07:35:26.321750  4195 incremental_pipeline.cc:527] => Image sees 1049 / 6824 points
2026-05-14T07:35:28.818000+00:00 md1-baseline-e2e-20260514032448-sfm/algo-1-1778729134 COLMAP[mapper_spatial_sequential_only] I20260514 07:35:28.637974  4195 incremental_pipeline.cc:524] Registering image #2350 (num_reg_frames=1031)
2026-05-14T07:35:28.818000+00:00 md1-baseline-e2e-20260514032448-sfm/algo-1-1778729134 COLMAP[mapper_spatial_sequential_only] I20260514 07:35:28.638036  4195 incremental_pipeline.cc:527] => Image sees 1989 / 7941 points
2026-05-14T07:35:31.819000+00:00 md1-baseline-e2e-20260514032448-sfm/algo-1-1778729134 COLMAP[mapper_spatial_sequential_only] I20260514 07:35:31.234755  4195 incremental_pipeline.cc:524] Registering image #2331 (num_reg_frames=1032)
2026-05-14T07:35:31.819000+00:00 md1-baseline-e2e-20260514032448-sfm/algo-1-1778729134 COLMAP[mapper_spatial_sequential_only] I20260514 07:35:31.234851  4195 incremental_pipeline.cc:527] => Image sees 690 / 10594 points
2026-05-14T07:35:33.820000+00:00 md1-baseline-e2e-20260514032448-sfm/algo-1-1778729134 COLMAP[mapper_spatial_sequential_only] I20260514 07:35:33.122715  4195 incremental_pipeline.cc:524] Registering image #2319 (num_reg_frames=1033)
2026-05-14T07:35:33.820000+00:00 md1-baseline-e2e-20260514032448-sfm/algo-1-1778729134 COLMAP[mapper_spatial_sequential_only] I20260514 07:35:33.122777  4195 incremental_pipeline.cc:527] => Image sees 968 / 10465 points
2026-05-14T07:35:35.820000+00:00 md1-baseline-e2e-20260514032448-sfm/algo-1-1778729134 COLMAP[mapper_spatial_sequential_only] I20260514 07:35:35.333750  4195 incremental_pipeline.cc:524] Registering image #2309 (num_reg_frames=1034)
2026-05-14T07:35:35.820000+00:00 md1-baseline-e2e-20260514032448-sfm/algo-1-1778729134 COLMAP[mapper_spatial_sequential_only] I20260514 07:35:35.333809  4195 incremental_pipeline.cc:527] => Image sees 1173 / 10507 points
2026-05-14T07:35:37.821000+00:00 md1-baseline-e2e-20260514032448-sfm/algo-1-1778729134 COLMAP[mapper_spatial_sequential_only] I20260514 07:35:37.568461  4195 incremental_pipeline.cc:524] Registering image #2298 (num_reg_frames=1035)
2026-05-14T07:35:37.821000+00:00 md1-baseline-e2e-20260514032448-sfm/algo-1-1778729134 COLMAP[mapper_spatial_sequential_only] I20260514 07:35:37.568524  4195 incremental_pipeline.cc:527] => Image sees 1195 / 10176 points
2026-05-14T07:35:39.822000+00:00 md1-baseline-e2e-20260514032448-sfm/algo-1-1778729134 COLMAP[mapper_spatial_sequential_only] I20260514 07:35:39.785871  4195 incremental_pipeline.cc:524] Registering image #2459 (num_reg_frames=1036)
2026-05-14T07:35:39.822000+00:00 md1-baseline-e2e-20260514032448-sfm/algo-1-1778729134 COLMAP[mapper_spatial_sequential_only] I20260514 07:35:39.785934  4195 incremental_pipeline.cc:527] => Image sees 928 / 6725 points
2026-05-14T07:35:41.822000+00:00 md1-baseline-e2e-20260514032448-sfm/algo-1-1778729134 COLMAP[mapper_spatial_sequential_only] I20260514 07:35:41.582149  4195 incremental_pipeline.cc:524] Registering image #2869 (num_reg_frames=1037)
2026-05-14T07:35:41.822000+00:00 md1-baseline-e2e-20260514032448-sfm/algo-1-1778729134 COLMAP[mapper_spatial_sequential_only] I20260514 07:35:41.582212  4195 incremental_pipeline.cc:527] => Image sees 1500 / 9717 points
2026-05-14T07:35:43.823000+00:00 md1-baseline-e2e-20260514032448-sfm/algo-1-1778729134 COLMAP[mapper_spatial_sequential_only] I20260514 07:35:43.656919  4195 incremental_pipeline.cc:524] Registering image #2491 (num_reg_frames=1038)
2026-05-14T07:35:43.823000+00:00 md1-baseline-e2e-20260514032448-sfm/algo-1-1778729134 COLMAP[mapper_spatial_sequential_only] I20260514 07:35:43.656982  4195 incremental_pipeline.cc:527] => Image sees 1249 / 8599 points
2026-05-14T07:35:45.824000+00:00 md1-baseline-e2e-20260514032448-sfm/algo-1-1778729134 COLMAP[mapper_spatial_sequential_only] I20260514 07:35:45.440011  4195 incremental_pipeline.cc:524] Registering image #2458 (num_reg_frames=1039)
2026-05-14T07:35:45.824000+00:00 md1-baseline-e2e-20260514032448-sfm/algo-1-1778729134 COLMAP[mapper_spatial_sequential_only] I20260514 07:35:45.440074  4195 incremental_pipeline.cc:527] => Image sees 1530 / 10517 points
2026-05-14T07:35:47.825000+00:00 md1-baseline-e2e-20260514032448-sfm/algo-1-1778729134 COLMAP[mapper_spatial_sequential_only] I20260514 07:35:47.515518  4195 incremental_pipeline.cc:524] Registering image #2868 (num_reg_frames=1040)
2026-05-14T07:35:47.825000+00:00 md1-baseline-e2e-20260514032448-sfm/algo-1-1778729134 COLMAP[mapper_spatial_sequential_only] I20260514 07:35:47.515580  4195 incremental_pipeline.cc:527] => Image sees 1463 / 10640 points
2026-05-14T07:35:49.825000+00:00 md1-baseline-e2e-20260514032448-sfm/algo-1-1778729134 COLMAP[mapper_spatial_sequential_only] I20260514 07:35:49.717836  4195 incremental_pipeline.cc:524] Registering image #2288 (num_reg_frames=1041)
2026-05-14T07:35:49.825000+00:00 md1-baseline-e2e-20260514032448-sfm/algo-1-1778729134 COLMAP[mapper_spatial_sequential_only] I20260514 07:35:49.717900  4195 incremental_pipeline.cc:527] => Image sees 1589 / 9570 points
2026-05-14T07:35:52.826000+00:00 md1-baseline-e2e-20260514032448-sfm/algo-1-1778729134 COLMAP[mapper_spatial_sequential_only] I20260514 07:35:52.143362  4195 incremental_pipeline.cc:524] Registering image #2523 (num_reg_frames=1042)
2026-05-14T07:35:52.826000+00:00 md1-baseline-e2e-20260514032448-sfm/algo-1-1778729134 COLMAP[mapper_spatial_sequential_only] I20260514 07:35:52.143427  4195 incremental_pipeline.cc:527] => Image sees 1293 / 9188 points
2026-05-14T07:35:54.827000+00:00 md1-baseline-e2e-20260514032448-sfm/algo-1-1778729134 COLMAP[mapper_spatial_sequential_only] I20260514 07:35:54.115309  4195 incremental_pipeline.cc:524] Registering image #2805 (num_reg_frames=1043)
2026-05-14T07:35:54.827000+00:00 md1-baseline-e2e-20260514032448-sfm/algo-1-1778729134 COLMAP[mapper_spatial_sequential_only] I20260514 07:35:54.115374  4195 incremental_pipeline.cc:527] => Image sees 2014 / 7676 points
2026-05-14T07:35:56.828000+00:00 md1-baseline-e2e-20260514032448-sfm/algo-1-1778729134 COLMAP[mapper_spatial_sequential_only] I20260514 07:35:56.379959  4195 incremental_pipeline.cc:524] Registering image #2806 (num_reg_frames=1044)
2026-05-14T07:35:56.828000+00:00 md1-baseline-e2e-20260514032448-sfm/algo-1-1778729134 COLMAP[mapper_spatial_sequential_only] I20260514 07:35:56.380023  4195 incremental_pipeline.cc:527] => Image sees 2142 / 7144 points
2026-05-14T07:35:58.828000+00:00 md1-baseline-e2e-20260514032448-sfm/algo-1-1778729134 COLMAP[mapper_spatial_sequential_only] I20260514 07:35:58.781556  4195 incremental_pipeline.cc:524] Registering image #2522 (num_reg_frames=1045)
2026-05-14T07:35:58.828000+00:00 md1-baseline-e2e-20260514032448-sfm/algo-1-1778729134 COLMAP[mapper_spatial_sequential_only] I20260514 07:35:58.781616  4195 incremental_pipeline.cc:527] => Image sees 2174 / 9661 points
2026-05-14T07:36:01.834000+00:00 md1-baseline-e2e-20260514032448-sfm/algo-1-1778729134 COLMAP[mapper_spatial_sequential_only] I20260514 07:36:01.118306  4195 incremental_pipeline.cc:524] Registering image #2490 (num_reg_frames=1046)
2026-05-14T07:36:01.834000+00:00 md1-baseline-e2e-20260514032448-sfm/algo-1-1778729134 COLMAP[mapper_spatial_sequential_only] I20260514 07:36:01.118377  4195 incremental_pipeline.cc:527] => Image sees 2785 / 9095 points
2026-05-14T07:36:03.835000+00:00 md1-baseline-e2e-20260514032448-sfm/algo-1-1778729134 COLMAP[mapper_spatial_sequential_only] I20260514 07:36:03.653434  4195 incremental_pipeline.cc:524] Registering image #2804 (num_reg_frames=1047)
2026-05-14T07:36:03.835000+00:00 md1-baseline-e2e-20260514032448-sfm/algo-1-1778729134 COLMAP[mapper_spatial_sequential_only] I20260514 07:36:03.653523  4195 incremental_pipeline.cc:527] => Image sees 2534 / 7805 points
2026-05-14T07:36:06.837000+00:00 md1-baseline-e2e-20260514032448-sfm/algo-1-1778729134 COLMAP[mapper_spatial_sequential_only] I20260514 07:36:06.144979  4195 incremental_pipeline.cc:524] Registering image #2867 (num_reg_frames=1048)
2026-05-14T07:36:06.837000+00:00 md1-baseline-e2e-20260514032448-sfm/algo-1-1778729134 COLMAP[mapper_spatial_sequential_only] I20260514 07:36:06.145047  4195 incremental_pipeline.cc:527] => Image sees 2900 / 9744 points
2026-05-14T07:36:08.838000+00:00 md1-baseline-e2e-20260514032448-sfm/algo-1-1778729134 COLMAP[mapper_spatial_sequential_only] I20260514 07:36:08.734162  4195 incremental_pipeline.cc:524] Registering image #2457 (num_reg_frames=1049)
2026-05-14T07:36:08.838000+00:00 md1-baseline-e2e-20260514032448-sfm/algo-1-1778729134 COLMAP[mapper_spatial_sequential_only] I20260514 07:36:08.734227  4195 incremental_pipeline.cc:527] => Image sees 2457 / 9327 points
2026-05-14T07:36:11.843000+00:00 md1-baseline-e2e-20260514032448-sfm/algo-1-1778729134 COLMAP[mapper_spatial_sequential_only] I20260514 07:36:11.162097  4195 incremental_pipeline.cc:524] Registering image #2492 (num_reg_frames=1050)
2026-05-14T07:36:11.844000+00:00 md1-baseline-e2e-20260514032448-sfm/algo-1-1778729134 COLMAP[mapper_spatial_sequential_only] I20260514 07:36:11.162161  4195 incremental_pipeline.cc:527] => Image sees 2250 / 8645 points
2026-05-14T07:36:13.844000+00:00 md1-baseline-e2e-20260514032448-sfm/algo-1-1778729134 COLMAP[mapper_spatial_sequential_only] I20260514 07:36:13.364306  4195 incremental_pipeline.cc:524] Registering image #2524 (num_reg_frames=1051)
2026-05-14T07:36:13.844000+00:00 md1-baseline-e2e-20260514032448-sfm/algo-1-1778729134 COLMAP[mapper_spatial_sequential_only] I20260514 07:36:13.364364  4195 incremental_pipeline.cc:527] => Image sees 2242 / 6330 points
2026-05-14T07:36:15.845000+00:00 md1-baseline-e2e-20260514032448-sfm/algo-1-1778729134 COLMAP[mapper_spatial_sequential_only] I20260514 07:36:15.677935  4195 incremental_pipeline.cc:524] Registering image #2807 (num_reg_frames=1052)
2026-05-14T07:36:15.845000+00:00 md1-baseline-e2e-20260514032448-sfm/algo-1-1778729134 COLMAP[mapper_spatial_sequential_only] I20260514 07:36:15.678000  4195 incremental_pipeline.cc:527] => Image sees 2321 / 6579 points
2026-05-14T07:36:18.850000+00:00 md1-baseline-e2e-20260514032448-sfm/algo-1-1778729134 COLMAP[mapper_spatial_sequential_only] I20260514 07:36:18.020232  4195 incremental_pipeline.cc:524] Registering image #2870 (num_reg_frames=1053)
2026-05-14T07:36:18.850000+00:00 md1-baseline-e2e-20260514032448-sfm/algo-1-1778729134 COLMAP[mapper_spatial_sequential_only] I20260514 07:36:18.020294  4195 incremental_pipeline.cc:527] => Image sees 2329 / 9957 points
2026-05-14T07:36:20.851000+00:00 md1-baseline-e2e-20260514032448-sfm/algo-1-1778729134 COLMAP[mapper_spatial_sequential_only] I20260514 07:36:20.386875  4195 incremental_pipeline.cc:524] Registering image #2460 (num_reg_frames=1054)
2026-05-14T07:36:20.851000+00:00 md1-baseline-e2e-20260514032448-sfm/algo-1-1778729134 COLMAP[mapper_spatial_sequential_only] I20260514 07:36:20.386937  4195 incremental_pipeline.cc:527] => Image sees 2282 / 9262 points
2026-05-14T07:36:23.852000+00:00 md1-baseline-e2e-20260514032448-sfm/algo-1-1778729134 COLMAP[mapper_spatial_sequential_only] I20260514 07:36:22.881155  4195 incremental_pipeline.cc:524] Registering image #2836 (num_reg_frames=1055)
2026-05-14T07:36:23.852000+00:00 md1-baseline-e2e-20260514032448-sfm/algo-1-1778729134 COLMAP[mapper_spatial_sequential_only] I20260514 07:36:22.881232  4195 incremental_pipeline.cc:527] => Image sees 2319 / 8741 points
2026-05-14T07:36:25.852000+00:00 md1-baseline-e2e-20260514032448-sfm/algo-1-1778729134 COLMAP[mapper_spatial_sequential_only] I20260514 07:36:25.147751  4195 incremental_pipeline.cc:524] Registering image #2835 (num_reg_frames=1056)
2026-05-14T07:36:25.852000+00:00 md1-baseline-e2e-20260514032448-sfm/algo-1-1778729134 COLMAP[mapper_spatial_sequential_only] I20260514 07:36:25.147818  4195 incremental_pipeline.cc:527] => Image sees 2504 / 6557 points
2026-05-14T07:36:27.853000+00:00 md1-baseline-e2e-20260514032448-sfm/algo-1-1778729134 COLMAP[mapper_spatial_sequential_only] I20260514 07:36:27.434438  4195 incremental_pipeline.cc:524] Registering image #2837 (num_reg_frames=1057)
2026-05-14T07:36:27.853000+00:00 md1-baseline-e2e-20260514032448-sfm/algo-1-1778729134 COLMAP[mapper_spatial_sequential_only] I20260514 07:36:27.434504  4195 incremental_pipeline.cc:527] => Image sees 2483 / 8542 points
2026-05-14T07:36:29.854000+00:00 md1-baseline-e2e-20260514032448-sfm/algo-1-1778729134 COLMAP[mapper_spatial_sequential_only] I20260514 07:36:29.803972  4195 incremental_pipeline.cc:524] Registering image #2489 (num_reg_frames=1058)
2026-05-14T07:36:29.854000+00:00 md1-baseline-e2e-20260514032448-sfm/algo-1-1778729134 COLMAP[mapper_spatial_sequential_only] I20260514 07:36:29.804036  4195 incremental_pipeline.cc:527] => Image sees 2293 / 8429 points
2026-05-14T07:36:32.857000+00:00 md1-baseline-e2e-20260514032448-sfm/algo-1-1778729134 COLMAP[mapper_spatial_sequential_only] I20260514 07:36:32.257915  4195 incremental_pipeline.cc:524] Registering image #2521 (num_reg_frames=1059)
2026-05-14T07:36:32.857000+00:00 md1-baseline-e2e-20260514032448-sfm/algo-1-1778729134 COLMAP[mapper_spatial_sequential_only] I20260514 07:36:32.257980  4195 incremental_pipeline.cc:527] => Image sees 2543 / 9094 points
2026-05-14T07:36:34.857000+00:00 md1-baseline-e2e-20260514032448-sfm/algo-1-1778729134 COLMAP[mapper_spatial_sequential_only] I20260514 07:36:34.850435  4195 incremental_pipeline.cc:524] Registering image #2803 (num_reg_frames=1060)
2026-05-14T07:36:34.857000+00:00 md1-baseline-e2e-20260514032448-sfm/algo-1-1778729134 COLMAP[mapper_spatial_sequential_only] I20260514 07:36:34.850528  4195 incremental_pipeline.cc:527] => Image sees 2595 / 7797 points
2026-05-14T07:36:37.865000+00:00 md1-baseline-e2e-20260514032448-sfm/algo-1-1778729134 COLMAP[mapper_spatial_sequential_only] I20260514 07:36:37.409067  4195 incremental_pipeline.cc:524] Registering image #2802 (num_reg_frames=1061)
2026-05-14T07:36:37.865000+00:00 md1-baseline-e2e-20260514032448-sfm/algo-1-1778729134 COLMAP[mapper_spatial_sequential_only] I20260514 07:36:37.409133  4195 incremental_pipeline.cc:527] => Image sees 1950 / 8857 points
2026-05-14T07:36:39.866000+00:00 md1-baseline-e2e-20260514032448-sfm/algo-1-1778729134 COLMAP[mapper_spatial_sequential_only] I20260514 07:36:39.711637  4195 incremental_pipeline.cc:524] Registering image #2834 (num_reg_frames=1062)
2026-05-14T07:36:39.866000+00:00 md1-baseline-e2e-20260514032448-sfm/algo-1-1778729134 COLMAP[mapper_spatial_sequential_only] I20260514 07:36:39.711702  4195 incremental_pipeline.cc:527] => Image sees 1890 / 6384 points
2026-05-14T07:36:42.883000+00:00 md1-baseline-e2e-20260514032448-sfm/algo-1-1778729134 COLMAP[mapper_spatial_sequential_only] I20260514 07:36:42.061661  4195 incremental_pipeline.cc:524] Registering image #2525 (num_reg_frames=1063)
2026-05-14T07:36:42.883000+00:00 md1-baseline-e2e-20260514032448-sfm/algo-1-1778729134 COLMAP[mapper_spatial_sequential_only] I20260514 07:36:42.061725  4195 incremental_pipeline.cc:527] => Image sees 2018 / 8235 points
2026-05-14T07:36:44.884000+00:00 md1-baseline-e2e-20260514032448-sfm/algo-1-1778729134 COLMAP[mapper_spatial_sequential_only] I20260514 07:36:44.314442  4195 incremental_pipeline.cc:524] Registering image #2819 (num_reg_frames=1064)
2026-05-14T07:36:44.884000+00:00 md1-baseline-e2e-20260514032448-sfm/algo-1-1778729134 COLMAP[mapper_spatial_sequential_only] I20260514 07:36:44.314507  4195 incremental_pipeline.cc:527] => Image sees 1822 / 6723 points
2026-05-14T07:36:46.884000+00:00 md1-baseline-e2e-20260514032448-sfm/algo-1-1778729134 COLMAP[mapper_spatial_sequential_only] I20260514 07:36:46.274953  4195 incremental_pipeline.cc:524] Registering image #2820 (num_reg_frames=1065)
2026-05-14T07:36:46.884000+00:00 md1-baseline-e2e-20260514032448-sfm/algo-1-1778729134 COLMAP[mapper_spatial_sequential_only] I20260514 07:36:46.275017  4195 incremental_pipeline.cc:527] => Image sees 2101 / 8982 points
2026-05-14T07:36:48.885000+00:00 md1-baseline-e2e-20260514032448-sfm/algo-1-1778729134 COLMAP[mapper_spatial_sequential_only] I20260514 07:36:48.544636  4195 incremental_pipeline.cc:524] Registering image #2866 (num_reg_frames=1066)
2026-05-14T07:36:48.885000+00:00 md1-baseline-e2e-20260514032448-sfm/algo-1-1778729134 COLMAP[mapper_spatial_sequential_only] I20260514 07:36:48.544703  4195 incremental_pipeline.cc:527] => Image sees 2349 / 10432 points
2026-05-14T07:36:51.886000+00:00 md1-baseline-e2e-20260514032448-sfm/algo-1-1778729134 COLMAP[mapper_spatial_sequential_only] I20260514 07:36:51.265970  4195 incremental_pipeline.cc:524] Registering image #2520 (num_reg_frames=1067)
2026-05-14T07:36:51.886000+00:00 md1-baseline-e2e-20260514032448-sfm/algo-1-1778729134 COLMAP[mapper_spatial_sequential_only] I20260514 07:36:51.266034  4195 incremental_pipeline.cc:527] => Image sees 2233 / 9047 points
2026-05-14T07:36:53.887000+00:00 md1-baseline-e2e-20260514032448-sfm/algo-1-1778729134 COLMAP[mapper_spatial_sequential_only] I20260514 07:36:53.810920  4195 incremental_pipeline.cc:524] Registering image #2801 (num_reg_frames=1068)
2026-05-14T07:36:53.887000+00:00 md1-baseline-e2e-20260514032448-sfm/algo-1-1778729134 COLMAP[mapper_spatial_sequential_only] I20260514 07:36:53.810982  4195 incremental_pipeline.cc:527] => Image sees 2933 / 8539 points
2026-05-14T07:36:56.888000+00:00 md1-baseline-e2e-20260514032448-sfm/algo-1-1778729134 COLMAP[mapper_spatial_sequential_only] I20260514 07:36:56.298730  4195 incremental_pipeline.cc:524] Registering image #2800 (num_reg_frames=1069)
2026-05-14T07:36:56.888000+00:00 md1-baseline-e2e-20260514032448-sfm/algo-1-1778729134 COLMAP[mapper_spatial_sequential_only] I20260514 07:36:56.298794  4195 incremental_pipeline.cc:527] => Image sees 2391 / 8483 points
2026-05-14T07:36:58.889000+00:00 md1-baseline-e2e-20260514032448-sfm/algo-1-1778729134 COLMAP[mapper_spatial_sequential_only] I20260514 07:36:58.739559  4195 incremental_pipeline.cc:524] Registering image #2519 (num_reg_frames=1070)
2026-05-14T07:36:58.889000+00:00 md1-baseline-e2e-20260514032448-sfm/algo-1-1778729134 COLMAP[mapper_spatial_sequential_only] I20260514 07:36:58.739625  4195 incremental_pipeline.cc:527] => Image sees 3290 / 8760 points
2026-05-14T07:37:01.890000+00:00 md1-baseline-e2e-20260514032448-sfm/algo-1-1778729134 COLMAP[mapper_spatial_sequential_only] I20260514 07:37:01.495301  4195 incremental_pipeline.cc:524] Registering image #2799 (num_reg_frames=1071)
2026-05-14T07:37:01.890000+00:00 md1-baseline-e2e-20260514032448-sfm/algo-1-1778729134 COLMAP[mapper_spatial_sequential_only] I20260514 07:37:01.495364  4195 incremental_pipeline.cc:527] => Image sees 2516 / 7848 points
2026-05-14T07:37:04.891000+00:00 md1-baseline-e2e-20260514032448-sfm/algo-1-1778729134 COLMAP[mapper_spatial_sequential_only] I20260514 07:37:04.063947  4195 incremental_pipeline.cc:524] Registering image #2518 (num_reg_frames=1072)
2026-05-14T07:37:04.891000+00:00 md1-baseline-e2e-20260514032448-sfm/algo-1-1778729134 COLMAP[mapper_spatial_sequential_only] I20260514 07:37:04.064013  4195 incremental_pipeline.cc:527] => Image sees 3173 / 6712 points
2026-05-14T07:37:06.892000+00:00 md1-baseline-e2e-20260514032448-sfm/algo-1-1778729134 COLMAP[mapper_spatial_sequential_only] I20260514 07:37:06.674636  4195 incremental_pipeline.cc:524] Registering image #2798 (num_reg_frames=1073)
2026-05-14T07:37:06.892000+00:00 md1-baseline-e2e-20260514032448-sfm/algo-1-1778729134 COLMAP[mapper_spatial_sequential_only] I20260514 07:37:06.674728  4195 incremental_pipeline.cc:527] => Image sees 2072 / 6965 points
2026-05-14T07:37:09.894000+00:00 md1-baseline-e2e-20260514032448-sfm/algo-1-1778729134 COLMAP[mapper_spatial_sequential_only] I20260514 07:37:09.105423  4195 incremental_pipeline.cc:524] Registering image #2517 (num_reg_frames=1074)
2026-05-14T07:37:09.894000+00:00 md1-baseline-e2e-20260514032448-sfm/algo-1-1778729134 COLMAP[mapper_spatial_sequential_only] I20260514 07:37:09.105484  4195 incremental_pipeline.cc:527] => Image sees 2802 / 6824 points
2026-05-14T07:37:11.895000+00:00 md1-baseline-e2e-20260514032448-sfm/algo-1-1778729134 COLMAP[mapper_spatial_sequential_only] I20260514 07:37:11.647446  4195 incremental_pipeline.cc:524] Registering image #2516 (num_reg_frames=1075)
2026-05-14T07:37:11.895000+00:00 md1-baseline-e2e-20260514032448-sfm/algo-1-1778729134 COLMAP[mapper_spatial_sequential_only] I20260514 07:37:11.647511  4195 incremental_pipeline.cc:527] => Image sees 3060 / 7933 points
2026-05-14T07:37:14.904000+00:00 md1-baseline-e2e-20260514032448-sfm/algo-1-1778729134 COLMAP[mapper_spatial_sequential_only] I20260514 07:37:14.159162  4195 incremental_pipeline.cc:524] Registering image #2797 (num_reg_frames=1076)
2026-05-14T07:37:14.904000+00:00 md1-baseline-e2e-20260514032448-sfm/algo-1-1778729134 COLMAP[mapper_spatial_sequential_only] I20260514 07:37:14.159225  4195 incremental_pipeline.cc:527] => Image sees 2367 / 8361 points
2026-05-14T07:37:16.905000+00:00 md1-baseline-e2e-20260514032448-sfm/algo-1-1778729134 COLMAP[mapper_spatial_sequential_only] I20260514 07:37:16.650401  4195 incremental_pipeline.cc:524] Registering image #2852 (num_reg_frames=1077)
2026-05-14T07:37:16.905000+00:00 md1-baseline-e2e-20260514032448-sfm/algo-1-1778729134 COLMAP[mapper_spatial_sequential_only] I20260514 07:37:16.650470  4195 incremental_pipeline.cc:527] => Image sees 2029 / 10819 points
2026-05-14T07:37:19.911000+00:00 md1-baseline-e2e-20260514032448-sfm/algo-1-1778729134 COLMAP[mapper_spatial_sequential_only] I20260514 07:37:18.979542  4195 incremental_pipeline.cc:524] Registering image #2851 (num_reg_frames=1078)
2026-05-14T07:37:19.911000+00:00 md1-baseline-e2e-20260514032448-sfm/algo-1-1778729134 COLMAP[mapper_spatial_sequential_only] I20260514 07:37:18.979607  4195 incremental_pipeline.cc:527] => Image sees 2644 / 10119 points
2026-05-14T07:37:21.912000+00:00 md1-baseline-e2e-20260514032448-sfm/algo-1-1778729134 COLMAP[mapper_spatial_sequential_only] I20260514 07:37:21.092868  4195 incremental_pipeline.cc:524] Registering image #2850 (num_reg_frames=1079)
2026-05-14T07:37:21.912000+00:00 md1-baseline-e2e-20260514032448-sfm/algo-1-1778729134 COLMAP[mapper_spatial_sequential_only] I20260514 07:37:21.092934  4195 incremental_pipeline.cc:527] => Image sees 2596 / 9872 points
2026-05-14T07:37:23.912000+00:00 md1-baseline-e2e-20260514032448-sfm/algo-1-1778729134 COLMAP[mapper_spatial_sequential_only] I20260514 07:37:23.508797  4195 incremental_pipeline.cc:524] Registering image #2853 (num_reg_frames=1080)
2026-05-14T07:37:23.913000+00:00 md1-baseline-e2e-20260514032448-sfm/algo-1-1778729134 COLMAP[mapper_spatial_sequential_only] I20260514 07:37:23.508857  4195 incremental_pipeline.cc:527] => Image sees 2705 / 10766 points
2026-05-14T07:37:25.913000+00:00 md1-baseline-e2e-20260514032448-sfm/algo-1-1778729134 COLMAP[mapper_spatial_sequential_only] I20260514 07:37:25.897156  4195 incremental_pipeline.cc:524] Registering image #2854 (num_reg_frames=1081)
2026-05-14T07:37:25.913000+00:00 md1-baseline-e2e-20260514032448-sfm/algo-1-1778729134 COLMAP[mapper_spatial_sequential_only] I20260514 07:37:25.897257  4195 incremental_pipeline.cc:527] => Image sees 2815 / 10540 points
2026-05-14T07:37:28.918000+00:00 md1-baseline-e2e-20260514032448-sfm/algo-1-1778729134 COLMAP[mapper_spatial_sequential_only] I20260514 07:37:28.666553  4195 incremental_pipeline.cc:524] Registering image #2821 (num_reg_frames=1082)
2026-05-14T07:37:28.918000+00:00 md1-baseline-e2e-20260514032448-sfm/algo-1-1778729134 COLMAP[mapper_spatial_sequential_only] I20260514 07:37:28.666621  4195 incremental_pipeline.cc:527] => Image sees 2727 / 9546 points
2026-05-14T07:37:31.919000+00:00 md1-baseline-e2e-20260514032448-sfm/algo-1-1778729134 COLMAP[mapper_spatial_sequential_only] I20260514 07:37:31.230348  4195 incremental_pipeline.cc:524] Registering image #2855 (num_reg_frames=1083)
2026-05-14T07:37:31.919000+00:00 md1-baseline-e2e-20260514032448-sfm/algo-1-1778729134 COLMAP[mapper_spatial_sequential_only] I20260514 07:37:31.230415  4195 incremental_pipeline.cc:527] => Image sees 2722 / 10299 points
2026-05-14T07:37:34.919000+00:00 md1-baseline-e2e-20260514032448-sfm/algo-1-1778729134 COLMAP[mapper_spatial_sequential_only] I20260514 07:37:34.030876  4195 incremental_pipeline.cc:524] Registering image #2856 (num_reg_frames=1084)
2026-05-14T07:37:34.919000+00:00 md1-baseline-e2e-20260514032448-sfm/algo-1-1778729134 COLMAP[mapper_spatial_sequential_only] I20260514 07:37:34.030947  4195 incremental_pipeline.cc:527] => Image sees 2475 / 9481 points
2026-05-14T07:37:36.920000+00:00 md1-baseline-e2e-20260514032448-sfm/algo-1-1778729134 COLMAP[mapper_spatial_sequential_only] I20260514 07:37:36.739347  4195 incremental_pipeline.cc:524] Registering image #2822 (num_reg_frames=1085)
2026-05-14T07:37:36.920000+00:00 md1-baseline-e2e-20260514032448-sfm/algo-1-1778729134 COLMAP[mapper_spatial_sequential_only] I20260514 07:37:36.739444  4195 incremental_pipeline.cc:527] => Image sees 2471 / 10220 points
2026-05-14T07:37:39.921000+00:00 md1-baseline-e2e-20260514032448-sfm/algo-1-1778729134 COLMAP[mapper_spatial_sequential_only] I20260514 07:37:39.278731  4195 incremental_pipeline.cc:524] Registering image #2871 (num_reg_frames=1086)
2026-05-14T07:37:39.921000+00:00 md1-baseline-e2e-20260514032448-sfm/algo-1-1778729134 COLMAP[mapper_spatial_sequential_only] I20260514 07:37:39.278800  4195 incremental_pipeline.cc:527] => Image sees 2384 / 9539 points
2026-05-14T07:37:42.922000+00:00 md1-baseline-e2e-20260514032448-sfm/algo-1-1778729134 COLMAP[mapper_spatial_sequential_only] I20260514 07:37:41.967845  4195 incremental_pipeline.cc:78] Retriangulation and Global bundle adjustment
2026-05-14T07:38:43.161000+00:00 md1-baseline-e2e-20260514032448-sfm/algo-1-1778729134 COLMAP[mapper_spatial_sequential_only] HEARTBEAT elapsed=6459s idle=60s
2026-05-14T07:39:43.864000+00:00 md1-baseline-e2e-20260514032448-sfm/algo-1-1778729134 COLMAP[mapper_spatial_sequential_only] HEARTBEAT elapsed=6519s idle=120s
2026-05-14T07:40:43.504000+00:00 md1-baseline-e2e-20260514032448-sfm/algo-1-1778729134 COLMAP[mapper_spatial_sequential_only] HEARTBEAT elapsed=6579s idle=180s
2026-05-14T07:41:43.065000+00:00 md1-baseline-e2e-20260514032448-sfm/algo-1-1778729134 COLMAP[mapper_spatial_sequential_only] HEARTBEAT elapsed=6639s idle=240s
2026-05-14T07:42:43.705000+00:00 md1-baseline-e2e-20260514032448-sfm/algo-1-1778729134 COLMAP[mapper_spatial_sequential_only] HEARTBEAT elapsed=6699s idle=300s
2026-05-14T07:43:43.306000+00:00 md1-baseline-e2e-20260514032448-sfm/algo-1-1778729134 COLMAP[mapper_spatial_sequential_only] HEARTBEAT elapsed=6759s idle=360s
2026-05-14T07:44:43.993000+00:00 md1-baseline-e2e-20260514032448-sfm/algo-1-1778729134 COLMAP[mapper_spatial_sequential_only] HEARTBEAT elapsed=6819s idle=420s
2026-05-14T07:45:43.561000+00:00 md1-baseline-e2e-20260514032448-sfm/algo-1-1778729134 COLMAP[mapper_spatial_sequential_only] HEARTBEAT elapsed=6879s idle=480s
2026-05-14T07:46:43.183000+00:00 md1-baseline-e2e-20260514032448-sfm/algo-1-1778729134 COLMAP[mapper_spatial_sequential_only] HEARTBEAT elapsed=6939s idle=540s
2026-05-14T07:47:43.959000+00:00 md1-baseline-e2e-20260514032448-sfm/algo-1-1778729134 COLMAP[mapper_spatial_sequential_only] HEARTBEAT elapsed=6999s idle=600s
2026-05-14T07:48:43.563000+00:00 md1-baseline-e2e-20260514032448-sfm/algo-1-1778729134 COLMAP[mapper_spatial_sequential_only] HEARTBEAT elapsed=7059s idle=660s
2026-05-14T07:49:43.157000+00:00 md1-baseline-e2e-20260514032448-sfm/algo-1-1778729134 COLMAP[mapper_spatial_sequential_only] HEARTBEAT elapsed=7119s idle=720s
2026-05-14T07:50:43.633000+00:00 md1-baseline-e2e-20260514032448-sfm/algo-1-1778729134 COLMAP[mapper_spatial_sequential_only] HEARTBEAT elapsed=7179s idle=780s
2026-05-14T07:51:43.373000+00:00 md1-baseline-e2e-20260514032448-sfm/algo-1-1778729134 COLMAP[mapper_spatial_sequential_only] HEARTBEAT elapsed=7239s idle=840s
2026-05-14T07:52:43.849000+00:00 md1-baseline-e2e-20260514032448-sfm/algo-1-1778729134 COLMAP[mapper_spatial_sequential_only] HEARTBEAT elapsed=7299s idle=900s
2026-05-14T07:53:43.377000+00:00 md1-baseline-e2e-20260514032448-sfm/algo-1-1778729134 COLMAP[mapper_spatial_sequential_only] HEARTBEAT elapsed=7359s idle=960s
2026-05-14T07:54:43.945000+00:00 md1-baseline-e2e-20260514032448-sfm/algo-1-1778729134 COLMAP[mapper_spatial_sequential_only] HEARTBEAT elapsed=7419s idle=1020s
2026-05-14T07:55:43.439000+00:00 md1-baseline-e2e-20260514032448-sfm/algo-1-1778729134 COLMAP[mapper_spatial_sequential_only] HEARTBEAT elapsed=7479s idle=1080s
2026-05-14T07:56:44.193000+00:00 md1-baseline-e2e-20260514032448-sfm/algo-1-1778729134 COLMAP[mapper_spatial_sequential_only] HEARTBEAT elapsed=7540s idle=1140s
2026-05-14T07:57:43.773000+00:00 md1-baseline-e2e-20260514032448-sfm/algo-1-1778729134 COLMAP[mapper_spatial_sequential_only] HEARTBEAT elapsed=7600s idle=1200s
2026-05-14T07:58:43.413000+00:00 md1-baseline-e2e-20260514032448-sfm/algo-1-1778729134 COLMAP[mapper_spatial_sequential_only] HEARTBEAT elapsed=7660s idle=1260s
2026-05-14T07:59:44.053000+00:00 md1-baseline-e2e-20260514032448-sfm/algo-1-1778729134 COLMAP[mapper_spatial_sequential_only] HEARTBEAT elapsed=7720s idle=1320s
2026-05-14T08:00:43.974000+00:00 md1-baseline-e2e-20260514032448-sfm/algo-1-1778729134 COLMAP[mapper_spatial_sequential_only] HEARTBEAT elapsed=7780s idle=1380s
2026-05-14T08:01:43.669000+00:00 md1-baseline-e2e-20260514032448-sfm/algo-1-1778729134 COLMAP[mapper_spatial_sequential_only] HEARTBEAT elapsed=7840s idle=1440s
2026-05-14T08:02:43.289000+00:00 md1-baseline-e2e-20260514032448-sfm/algo-1-1778729134 COLMAP[mapper_spatial_sequential_only] HEARTBEAT elapsed=7900s idle=1500s
2026-05-14T08:03:44.045000+00:00 md1-baseline-e2e-20260514032448-sfm/algo-1-1778729134 COLMAP[mapper_spatial_sequential_only] HEARTBEAT elapsed=7960s idle=1560s
2026-05-14T08:04:43.631000+00:00 md1-baseline-e2e-20260514032448-sfm/algo-1-1778729134 COLMAP[mapper_spatial_sequential_only] HEARTBEAT elapsed=8020s idle=1620s
2026-05-14T08:05:44.199000+00:00 md1-baseline-e2e-20260514032448-sfm/algo-1-1778729134 COLMAP[mapper_spatial_sequential_only] HEARTBEAT elapsed=8080s idle=1680s
2026-05-14T08:06:43.751000+00:00 md1-baseline-e2e-20260514032448-sfm/algo-1-1778729134 COLMAP[mapper_spatial_sequential_only] HEARTBEAT elapsed=8140s idle=1740s
2026-05-14T08:07:43.345000+00:00 md1-baseline-e2e-20260514032448-sfm/algo-1-1778729134 COLMAP[mapper_spatial_sequential_only] HEARTBEAT elapsed=8200s idle=1800s
2026-05-14T08:08:44.097000+00:00 md1-baseline-e2e-20260514032448-sfm/algo-1-1778729134 COLMAP[mapper_spatial_sequential_only] HEARTBEAT elapsed=8260s idle=1860s
2026-05-14T08:09:44.273000+00:00 md1-baseline-e2e-20260514032448-sfm/algo-1-1778729134 COLMAP[mapper_spatial_sequential_only] HEARTBEAT elapsed=8320s idle=1920s
2026-05-14T08:10:44.169000+00:00 md1-baseline-e2e-20260514032448-sfm/algo-1-1778729134 COLMAP[mapper_spatial_sequential_only] HEARTBEAT elapsed=8380s idle=1980s
2026-05-14T08:11:43.657000+00:00 md1-baseline-e2e-20260514032448-sfm/algo-1-1778729134 COLMAP[mapper_spatial_sequential_only] HEARTBEAT elapsed=8440s idle=2040s
2026-05-14T08:12:44.273000+00:00 md1-baseline-e2e-20260514032448-sfm/algo-1-1778729134 COLMAP[mapper_spatial_sequential_only] HEARTBEAT elapsed=8500s idle=2100s
2026-05-14T08:13:43.953000+00:00 md1-baseline-e2e-20260514032448-sfm/algo-1-1778729134 COLMAP[mapper_spatial_sequential_only] HEARTBEAT elapsed=8560s idle=2160s
2026-05-14T08:14:43.493000+00:00 md1-baseline-e2e-20260514032448-sfm/algo-1-1778729134 COLMAP[mapper_spatial_sequential_only] HEARTBEAT elapsed=8620s idle=2220s
2026-05-14T08:15:44.059000+00:00 md1-baseline-e2e-20260514032448-sfm/algo-1-1778729134 COLMAP[mapper_spatial_sequential_only] HEARTBEAT elapsed=8680s idle=2280s
2026-05-14T08:16:43.709000+00:00 md1-baseline-e2e-20260514032448-sfm/algo-1-1778729134 COLMAP[mapper_spatial_sequential_only] HEARTBEAT elapsed=8740s idle=2340s
2026-05-14T08:17:44.126000+00:00 md1-baseline-e2e-20260514032448-sfm/algo-1-1778729134 COLMAP[mapper_spatial_sequential_only] HEARTBEAT elapsed=8800s idle=2400s
2026-05-14T08:18:43.759000+00:00 md1-baseline-e2e-20260514032448-sfm/algo-1-1778729134 COLMAP[mapper_spatial_sequential_only] HEARTBEAT elapsed=8860s idle=2460s
2026-05-14T08:19:44.441000+00:00 md1-baseline-e2e-20260514032448-sfm/algo-1-1778729134 COLMAP[mapper_spatial_sequential_only] HEARTBEAT elapsed=8920s idle=2520s
2026-05-14T08:20:43.958000+00:00 md1-baseline-e2e-20260514032448-sfm/algo-1-1778729134 COLMAP[mapper_spatial_sequential_only] HEARTBEAT elapsed=8980s idle=2580s
2026-05-14T08:21:43.545000+00:00 md1-baseline-e2e-20260514032448-sfm/algo-1-1778729134 COLMAP[mapper_spatial_sequential_only] HEARTBEAT elapsed=9040s idle=2640s
2026-05-14T08:22:44.035000+00:00 md1-baseline-e2e-20260514032448-sfm/algo-1-1778729134 COLMAP[mapper_spatial_sequential_only] HEARTBEAT elapsed=9100s idle=2700s
2026-05-14T08:23:43.595000+00:00 md1-baseline-e2e-20260514032448-sfm/algo-1-1778729134 COLMAP[mapper_spatial_sequential_only] HEARTBEAT elapsed=9160s idle=2760s
2026-05-14T08:24:44.293000+00:00 md1-baseline-e2e-20260514032448-sfm/algo-1-1778729134 COLMAP[mapper_spatial_sequential_only] HEARTBEAT elapsed=9220s idle=2820s
2026-05-14T08:25:43.796000+00:00 md1-baseline-e2e-20260514032448-sfm/algo-1-1778729134 COLMAP[mapper_spatial_sequential_only] HEARTBEAT elapsed=9280s idle=2880s
2026-05-14T08:26:43.541000+00:00 md1-baseline-e2e-20260514032448-sfm/algo-1-1778729134 COLMAP[mapper_spatial_sequential_only] HEARTBEAT elapsed=9340s idle=2940s
2026-05-14T08:27:44.320000+00:00 md1-baseline-e2e-20260514032448-sfm/algo-1-1778729134 COLMAP[mapper_spatial_sequential_only] HEARTBEAT elapsed=9400s idle=3000s
2026-05-14T08:28:43.821000+00:00 md1-baseline-e2e-20260514032448-sfm/algo-1-1778729134 COLMAP[mapper_spatial_sequential_only] HEARTBEAT elapsed=9460s idle=3060s
2026-05-14T08:29:44.505000+00:00 md1-baseline-e2e-20260514032448-sfm/algo-1-1778729134 COLMAP[mapper_spatial_sequential_only] HEARTBEAT elapsed=9520s idle=3120s
2026-05-14T08:30:44.197000+00:00 md1-baseline-e2e-20260514032448-sfm/algo-1-1778729134 COLMAP[mapper_spatial_sequential_only] HEARTBEAT elapsed=9580s idle=3180s
2026-05-14T08:31:43.755000+00:00 md1-baseline-e2e-20260514032448-sfm/algo-1-1778729134 COLMAP[mapper_spatial_sequential_only] HEARTBEAT elapsed=9640s idle=3240s
2026-05-14T08:32:44.341000+00:00 md1-baseline-e2e-20260514032448-sfm/algo-1-1778729134 COLMAP[mapper_spatial_sequential_only] HEARTBEAT elapsed=9700s idle=3300s
2026-05-14T08:33:44.118000+00:00 md1-baseline-e2e-20260514032448-sfm/algo-1-1778729134 COLMAP[mapper_spatial_sequential_only] HEARTBEAT elapsed=9760s idle=3360s
2026-05-14T08:34:43.770000+00:00 md1-baseline-e2e-20260514032448-sfm/algo-1-1778729134 COLMAP[mapper_spatial_sequential_only] HEARTBEAT elapsed=9820s idle=3420s
2026-05-14T08:35:44.529000+00:00 md1-baseline-e2e-20260514032448-sfm/algo-1-1778729134 COLMAP[mapper_spatial_sequential_only] HEARTBEAT elapsed=9880s idle=3480s
2026-05-14T08:36:44.157000+00:00 md1-baseline-e2e-20260514032448-sfm/algo-1-1778729134 COLMAP[mapper_spatial_sequential_only] HEARTBEAT elapsed=9940s idle=3540s
2026-05-14T08:37:44.610000+00:00 md1-baseline-e2e-20260514032448-sfm/algo-1-1778729134 COLMAP[mapper_spatial_sequential_only] HEARTBEAT elapsed=10000s idle=3600s
2026-05-14T08:38:44.442000+00:00 md1-baseline-e2e-20260514032448-sfm/algo-1-1778729134 COLMAP[mapper_spatial_sequential_only] HEARTBEAT elapsed=10060s idle=3660s
2026-05-14T08:39:44.101000+00:00 md1-baseline-e2e-20260514032448-sfm/algo-1-1778729134 COLMAP[mapper_spatial_sequential_only] HEARTBEAT elapsed=10120s idle=3720s
2026-05-14T08:40:44.417000+00:00 md1-baseline-e2e-20260514032448-sfm/algo-1-1778729134 COLMAP[mapper_spatial_sequential_only] HEARTBEAT elapsed=10180s idle=3780s
2026-05-14T08:41:44.156000+00:00 md1-baseline-e2e-20260514032448-sfm/algo-1-1778729134 COLMAP[mapper_spatial_sequential_only] HEARTBEAT elapsed=10240s idle=3840s
2026-05-14T08:42:43.794000+00:00 md1-baseline-e2e-20260514032448-sfm/algo-1-1778729134 COLMAP[mapper_spatial_sequential_only] HEARTBEAT elapsed=10300s idle=3900s
2026-05-14T08:43:44.389000+00:00 md1-baseline-e2e-20260514032448-sfm/algo-1-1778729134 COLMAP[mapper_spatial_sequential_only] HEARTBEAT elapsed=10360s idle=3960s
2026-05-14T08:44:44.057000+00:00 md1-baseline-e2e-20260514032448-sfm/algo-1-1778729134 COLMAP[mapper_spatial_sequential_only] HEARTBEAT elapsed=10420s idle=4020s
2026-05-14T08:45:44.109000+00:00 md1-baseline-e2e-20260514032448-sfm/algo-1-1778729134 COLMAP[mapper_spatial_sequential_only] HEARTBEAT elapsed=10480s idle=4080s
2026-05-14T08:46:43.828000+00:00 md1-baseline-e2e-20260514032448-sfm/algo-1-1778729134 COLMAP[mapper_spatial_sequential_only] HEARTBEAT elapsed=10540s idle=4140s
2026-05-14T08:47:44.457000+00:00 md1-baseline-e2e-20260514032448-sfm/algo-1-1778729134 COLMAP[mapper_spatial_sequential_only] HEARTBEAT elapsed=10600s idle=4200s
2026-05-14T08:48:44.157000+00:00 md1-baseline-e2e-20260514032448-sfm/algo-1-1778729134 COLMAP[mapper_spatial_sequential_only] HEARTBEAT elapsed=10660s idle=4260s
2026-05-14T08:49:44.717000+00:00 md1-baseline-e2e-20260514032448-sfm/algo-1-1778729134 COLMAP[mapper_spatial_sequential_only] HEARTBEAT elapsed=10720s idle=4320s
2026-05-14T08:50:44.229000+00:00 md1-baseline-e2e-20260514032448-sfm/algo-1-1778729134 COLMAP[mapper_spatial_sequential_only] HEARTBEAT elapsed=10780s idle=4380s
2026-05-14T08:51:43.821000+00:00 md1-baseline-e2e-20260514032448-sfm/algo-1-1778729134 COLMAP[mapper_spatial_sequential_only] HEARTBEAT elapsed=10840s idle=4440s
2026-05-14T08:52:44.409000+00:00 md1-baseline-e2e-20260514032448-sfm/algo-1-1778729134 COLMAP[mapper_spatial_sequential_only] HEARTBEAT elapsed=10900s idle=4500s
2026-05-14T08:53:43.949000+00:00 md1-baseline-e2e-20260514032448-sfm/algo-1-1778729134 COLMAP[mapper_spatial_sequential_only] HEARTBEAT elapsed=10960s idle=4560s
2026-05-14T08:54:44.558000+00:00 md1-baseline-e2e-20260514032448-sfm/algo-1-1778729134 COLMAP[mapper_spatial_sequential_only] HEARTBEAT elapsed=11020s idle=4620s
2026-05-14T08:55:44.198000+00:00 md1-baseline-e2e-20260514032448-sfm/algo-1-1778729134 COLMAP[mapper_spatial_sequential_only] HEARTBEAT elapsed=11080s idle=4680s
2026-05-14T08:56:44.812000+00:00 md1-baseline-e2e-20260514032448-sfm/algo-1-1778729134 COLMAP[mapper_spatial_sequential_only] HEARTBEAT elapsed=11140s idle=4740s
2026-05-14T08:57:44.288000+00:00 md1-baseline-e2e-20260514032448-sfm/algo-1-1778729134 COLMAP[mapper_spatial_sequential_only] HEARTBEAT elapsed=11200s idle=4800s
2026-05-14T08:58:43.984000+00:00 md1-baseline-e2e-20260514032448-sfm/algo-1-1778729134 COLMAP[mapper_spatial_sequential_only] HEARTBEAT elapsed=11260s idle=4860s
2026-05-14T08:59:44.541000+00:00 md1-baseline-e2e-20260514032448-sfm/algo-1-1778729134 COLMAP[mapper_spatial_sequential_only] HEARTBEAT elapsed=11320s idle=4920s
2026-05-14T09:00:44.359000+00:00 md1-baseline-e2e-20260514032448-sfm/algo-1-1778729134 COLMAP[mapper_spatial_sequential_only] HEARTBEAT elapsed=11380s idle=4980s
2026-05-14T09:01:44.858000+00:00 md1-baseline-e2e-20260514032448-sfm/algo-1-1778729134 COLMAP[mapper_spatial_sequential_only] HEARTBEAT elapsed=11440s idle=5040s
2026-05-14T09:02:44.482000+00:00 md1-baseline-e2e-20260514032448-sfm/algo-1-1778729134 COLMAP[mapper_spatial_sequential_only] HEARTBEAT elapsed=11500s idle=5100s
2026-05-14T09:03:43.961000+00:00 md1-baseline-e2e-20260514032448-sfm/algo-1-1778729134 COLMAP[mapper_spatial_sequential_only] HEARTBEAT elapsed=11560s idle=5160s
2026-05-14T09:04:44.586000+00:00 md1-baseline-e2e-20260514032448-sfm/algo-1-1778729134 COLMAP[mapper_spatial_sequential_only] HEARTBEAT elapsed=11620s idle=5220s
2026-05-14T09:05:44.245000+00:00 md1-baseline-e2e-20260514032448-sfm/algo-1-1778729134 COLMAP[mapper_spatial_sequential_only] HEARTBEAT elapsed=11680s idle=5280s
2026-05-14T09:06:44.770000+00:00 md1-baseline-e2e-20260514032448-sfm/algo-1-1778729134 COLMAP[mapper_spatial_sequential_only] HEARTBEAT elapsed=11740s idle=5340s
2026-05-14T09:07:44.320000+00:00 md1-baseline-e2e-20260514032448-sfm/algo-1-1778729134 COLMAP[mapper_spatial_sequential_only] HEARTBEAT elapsed=11800s idle=5400s
2026-05-14T09:08:44.915000+00:00 md1-baseline-e2e-20260514032448-sfm/algo-1-1778729134 COLMAP[mapper_spatial_sequential_only] HEARTBEAT elapsed=11860s idle=5460s
2026-05-14T09:09:44.546000+00:00 md1-baseline-e2e-20260514032448-sfm/algo-1-1778729134 COLMAP[mapper_spatial_sequential_only] HEARTBEAT elapsed=11920s idle=5520s
2026-05-14T09:10:37.951000+00:00 md1-baseline-e2e-20260514032448-sfm/algo-1-1778729134 COLMAP[mapper_spatial_sequential_only] I20260514 09:10:37.175559  4195 incremental_pipeline.cc:524] Registering image #2461 (num_reg_frames=1087)
2026-05-14T09:10:37.951000+00:00 md1-baseline-e2e-20260514032448-sfm/algo-1-1778729134 COLMAP[mapper_spatial_sequential_only] I20260514 09:10:37.175653  4195 incremental_pipeline.cc:527] => Image sees 2500 / 9279 points
2026-05-14T09:10:39.952000+00:00 md1-baseline-e2e-20260514032448-sfm/algo-1-1778729134 COLMAP[mapper_spatial_sequential_only] I20260514 09:10:39.801173  4195 incremental_pipeline.cc:524] Registering image #2849 (num_reg_frames=1088)
2026-05-14T09:10:39.952000+00:00 md1-baseline-e2e-20260514032448-sfm/algo-1-1778729134 COLMAP[mapper_spatial_sequential_only] I20260514 09:10:39.801265  4195 incremental_pipeline.cc:527] => Image sees 1976 / 7223 points
2026-05-14T09:10:42.953000+00:00 md1-baseline-e2e-20260514032448-sfm/algo-1-1778729134 COLMAP[mapper_spatial_sequential_only] I20260514 09:10:42.205314  4195 incremental_pipeline.cc:524] Registering image #2823 (num_reg_frames=1089)
2026-05-14T09:10:42.953000+00:00 md1-baseline-e2e-20260514032448-sfm/algo-1-1778729134 COLMAP[mapper_spatial_sequential_only] I20260514 09:10:42.205370  4195 incremental_pipeline.cc:527] => Image sees 2381 / 10304 points
2026-05-14T09:10:44.954000+00:00 md1-baseline-e2e-20260514032448-sfm/algo-1-1778729134 COLMAP[mapper_spatial_sequential_only] I20260514 09:10:44.744553  4195 incremental_pipeline.cc:524] Registering image #2788 (num_reg_frames=1090)
2026-05-14T09:10:44.954000+00:00 md1-baseline-e2e-20260514032448-sfm/algo-1-1778729134 COLMAP[mapper_spatial_sequential_only] I20260514 09:10:44.744614  4195 incremental_pipeline.cc:527] => Image sees 1859 / 8138 points
2026-05-14T09:10:47.958000+00:00 md1-baseline-e2e-20260514032448-sfm/algo-1-1778729134 COLMAP[mapper_spatial_sequential_only] I20260514 09:10:47.094295  4195 incremental_pipeline.cc:524] Registering image #2789 (num_reg_frames=1091)
2026-05-14T09:10:47.958000+00:00 md1-baseline-e2e-20260514032448-sfm/algo-1-1778729134 COLMAP[mapper_spatial_sequential_only] I20260514 09:10:47.094357  4195 incremental_pipeline.cc:527] => Image sees 2296 / 7367 points
2026-05-14T09:10:49.959000+00:00 md1-baseline-e2e-20260514032448-sfm/algo-1-1778729134 COLMAP[mapper_spatial_sequential_only] I20260514 09:10:49.494506  4195 incremental_pipeline.cc:524] Registering image #2790 (num_reg_frames=1092)
2026-05-14T09:10:49.959000+00:00 md1-baseline-e2e-20260514032448-sfm/algo-1-1778729134 COLMAP[mapper_spatial_sequential_only] I20260514 09:10:49.494567  4195 incremental_pipeline.cc:527] => Image sees 2672 / 6191 points
2026-05-14T09:10:51.959000+00:00 md1-baseline-e2e-20260514032448-sfm/algo-1-1778729134 COLMAP[mapper_spatial_sequential_only] I20260514 09:10:51.952044  4195 incremental_pipeline.cc:524] Registering image #2787 (num_reg_frames=1093)
2026-05-14T09:10:51.959000+00:00 md1-baseline-e2e-20260514032448-sfm/algo-1-1778729134 COLMAP[mapper_spatial_sequential_only] I20260514 09:10:51.952108  4195 incremental_pipeline.cc:527] => Image sees 2189 / 8265 points
2026-05-14T09:10:54.963000+00:00 md1-baseline-e2e-20260514032448-sfm/algo-1-1778729134 COLMAP[mapper_spatial_sequential_only] I20260514 09:10:54.313983  4195 incremental_pipeline.cc:524] Registering image #2786 (num_reg_frames=1094)
2026-05-14T09:10:54.964000+00:00 md1-baseline-e2e-20260514032448-sfm/algo-1-1778729134 COLMAP[mapper_spatial_sequential_only] I20260514 09:10:54.314049  4195 incremental_pipeline.cc:527] => Image sees 2362 / 8601 points
2026-05-14T09:10:56.964000+00:00 md1-baseline-e2e-20260514032448-sfm/algo-1-1778729134 COLMAP[mapper_spatial_sequential_only] I20260514 09:10:56.843391  4195 incremental_pipeline.cc:524] Registering image #2785 (num_reg_frames=1095)
2026-05-14T09:10:56.964000+00:00 md1-baseline-e2e-20260514032448-sfm/algo-1-1778729134 COLMAP[mapper_spatial_sequential_only] I20260514 09:10:56.843451  4195 incremental_pipeline.cc:527] => Image sees 2696 / 8673 points
2026-05-14T09:10:59.965000+00:00 md1-baseline-e2e-20260514032448-sfm/algo-1-1778729134 COLMAP[mapper_spatial_sequential_only] I20260514 09:10:59.243602  4195 incremental_pipeline.cc:524] Registering image #2784 (num_reg_frames=1096)
2026-05-14T09:10:59.965000+00:00 md1-baseline-e2e-20260514032448-sfm/algo-1-1778729134 COLMAP[mapper_spatial_sequential_only] I20260514 09:10:59.243660  4195 incremental_pipeline.cc:527] => Image sees 2897 / 8888 points
2026-05-14T09:11:01.965000+00:00 md1-baseline-e2e-20260514032448-sfm/algo-1-1778729134 COLMAP[mapper_spatial_sequential_only] I20260514 09:11:01.855358  4195 incremental_pipeline.cc:524] Registering image #2848 (num_reg_frames=1097)
2026-05-14T09:11:01.965000+00:00 md1-baseline-e2e-20260514032448-sfm/algo-1-1778729134 COLMAP[mapper_spatial_sequential_only] I20260514 09:11:01.855422  4195 incremental_pipeline.cc:527] => Image sees 2937 / 9345 points
2026-05-14T09:11:04.968000+00:00 md1-baseline-e2e-20260514032448-sfm/algo-1-1778729134 COLMAP[mapper_spatial_sequential_only] I20260514 09:11:04.386937  4195 incremental_pipeline.cc:524] Registering image #2783 (num_reg_frames=1098)
2026-05-14T09:11:04.968000+00:00 md1-baseline-e2e-20260514032448-sfm/algo-1-1778729134 COLMAP[mapper_spatial_sequential_only] I20260514 09:11:04.387003  4195 incremental_pipeline.cc:527] => Image sees 2765 / 8542 points
2026-05-14T09:11:07.973000+00:00 md1-baseline-e2e-20260514032448-sfm/algo-1-1778729134 COLMAP[mapper_spatial_sequential_only] I20260514 09:11:07.069185  4195 incremental_pipeline.cc:524] Registering image #2791 (num_reg_frames=1099)
2026-05-14T09:11:07.973000+00:00 md1-baseline-e2e-20260514032448-sfm/algo-1-1778729134 COLMAP[mapper_spatial_sequential_only] I20260514 09:11:07.069288  4195 incremental_pipeline.cc:527] => Image sees 2136 / 6324 points
2026-05-14T09:11:09.974000+00:00 md1-baseline-e2e-20260514032448-sfm/algo-1-1778729134 COLMAP[mapper_spatial_sequential_only] I20260514 09:11:09.565166  4195 incremental_pipeline.cc:524] Registering image #2493 (num_reg_frames=1100)
2026-05-14T09:11:09.974000+00:00 md1-baseline-e2e-20260514032448-sfm/algo-1-1778729134 COLMAP[mapper_spatial_sequential_only] I20260514 09:11:09.565270  4195 incremental_pipeline.cc:527] => Image sees 2294 / 8871 points
2026-05-14T09:11:12.985000+00:00 md1-baseline-e2e-20260514032448-sfm/algo-1-1778729134 COLMAP[mapper_spatial_sequential_only] I20260514 09:11:12.112509  4195 incremental_pipeline.cc:524] Registering image #2808 (num_reg_frames=1101)
2026-05-14T09:11:12.985000+00:00 md1-baseline-e2e-20260514032448-sfm/algo-1-1778729134 COLMAP[mapper_spatial_sequential_only] I20260514 09:11:12.112567  4195 incremental_pipeline.cc:527] => Image sees 2197 / 6229 points
2026-05-14T09:11:14.985000+00:00 md1-baseline-e2e-20260514032448-sfm/algo-1-1778729134 COLMAP[mapper_spatial_sequential_only] I20260514 09:11:14.360133  4195 incremental_pipeline.cc:524] Registering image #2838 (num_reg_frames=1102)
2026-05-14T09:11:14.986000+00:00 md1-baseline-e2e-20260514032448-sfm/algo-1-1778729134 COLMAP[mapper_spatial_sequential_only] I20260514 09:11:14.360200  4195 incremental_pipeline.cc:527] => Image sees 2492 / 7996 points
2026-05-14T09:11:16.986000+00:00 md1-baseline-e2e-20260514032448-sfm/algo-1-1778729134 COLMAP[mapper_spatial_sequential_only] I20260514 09:11:16.957468  4195 incremental_pipeline.cc:524] Registering image #2857 (num_reg_frames=1103)
2026-05-14T09:11:16.986000+00:00 md1-baseline-e2e-20260514032448-sfm/algo-1-1778729134 COLMAP[mapper_spatial_sequential_only] I20260514 09:11:16.957530  4195 incremental_pipeline.cc:527] => Image sees 2289 / 8736 points
2026-05-14T09:11:19.988000+00:00 md1-baseline-e2e-20260514032448-sfm/algo-1-1778729134 COLMAP[mapper_spatial_sequential_only] I20260514 09:11:19.602228  4195 incremental_pipeline.cc:524] Registering image #2555 (num_reg_frames=1104)
2026-05-14T09:11:19.988000+00:00 md1-baseline-e2e-20260514032448-sfm/algo-1-1778729134 COLMAP[mapper_spatial_sequential_only] I20260514 09:11:19.602291  4195 incremental_pipeline.cc:527] => Image sees 2188 / 9779 points
2026-05-14T09:11:21.988000+00:00 md1-baseline-e2e-20260514032448-sfm/algo-1-1778729134 COLMAP[mapper_spatial_sequential_only] I20260514 09:11:21.853430  4195 incremental_pipeline.cc:524] Registering image #2554 (num_reg_frames=1105)
2026-05-14T09:11:21.988000+00:00 md1-baseline-e2e-20260514032448-sfm/algo-1-1778729134 COLMAP[mapper_spatial_sequential_only] I20260514 09:11:21.853488  4195 incremental_pipeline.cc:527] => Image sees 3398 / 9748 points
2026-05-14T09:11:24.995000+00:00 md1-baseline-e2e-20260514032448-sfm/algo-1-1778729134 COLMAP[mapper_spatial_sequential_only] I20260514 09:11:24.425660  4195 incremental_pipeline.cc:524] Registering image #2553 (num_reg_frames=1106)
2026-05-14T09:11:24.995000+00:00 md1-baseline-e2e-20260514032448-sfm/algo-1-1778729134 COLMAP[mapper_spatial_sequential_only] I20260514 09:11:24.425717  4195 incremental_pipeline.cc:527] => Image sees 3473 / 9791 points
2026-05-14T09:11:27.996000+00:00 md1-baseline-e2e-20260514032448-sfm/algo-1-1778729134 COLMAP[mapper_spatial_sequential_only] I20260514 09:11:27.044664  4195 incremental_pipeline.cc:524] Registering image #2752 (num_reg_frames=1107)
2026-05-14T09:11:27.996000+00:00 md1-baseline-e2e-20260514032448-sfm/algo-1-1778729134 COLMAP[mapper_spatial_sequential_only] I20260514 09:11:27.044729  4195 incremental_pipeline.cc:527] => Image sees 3426 / 10162 points
2026-05-14T09:11:29.996000+00:00 md1-baseline-e2e-20260514032448-sfm/algo-1-1778729134 COLMAP[mapper_spatial_sequential_only] I20260514 09:11:29.747613  4195 incremental_pipeline.cc:524] Registering image #2753 (num_reg_frames=1108)
2026-05-14T09:11:29.997000+00:00 md1-baseline-e2e-20260514032448-sfm/algo-1-1778729134 COLMAP[mapper_spatial_sequential_only] I20260514 09:11:29.747677  4195 incremental_pipeline.cc:527] => Image sees 4130 / 10238 points
2026-05-14T09:11:32.997000+00:00 md1-baseline-e2e-20260514032448-sfm/algo-1-1778729134 COLMAP[mapper_spatial_sequential_only] I20260514 09:11:32.473344  4195 incremental_pipeline.cc:524] Registering image #2721 (num_reg_frames=1109)
2026-05-14T09:11:32.997000+00:00 md1-baseline-e2e-20260514032448-sfm/algo-1-1778729134 COLMAP[mapper_spatial_sequential_only] I20260514 09:11:32.473397  4195 incremental_pipeline.cc:527] => Image sees 3317 / 8997 points
2026-05-14T09:11:34.998000+00:00 md1-baseline-e2e-20260514032448-sfm/algo-1-1778729134 COLMAP[mapper_spatial_sequential_only] I20260514 09:11:34.726943  4195 incremental_pipeline.cc:524] Registering image #2720 (num_reg_frames=1110)
2026-05-14T09:11:34.998000+00:00 md1-baseline-e2e-20260514032448-sfm/algo-1-1778729134 COLMAP[mapper_spatial_sequential_only] I20260514 09:11:34.727010  4195 incremental_pipeline.cc:527] => Image sees 3245 / 8522 points
2026-05-14T09:11:37.999000+00:00 md1-baseline-e2e-20260514032448-sfm/algo-1-1778729134 COLMAP[mapper_spatial_sequential_only] I20260514 09:11:37.025975  4195 incremental_pipeline.cc:524] Registering image #2754 (num_reg_frames=1111)
2026-05-14T09:11:37.999000+00:00 md1-baseline-e2e-20260514032448-sfm/algo-1-1778729134 COLMAP[mapper_spatial_sequential_only] I20260514 09:11:37.026036  4195 incremental_pipeline.cc:527] => Image sees 3555 / 9970 points
2026-05-14T09:11:39.999000+00:00 md1-baseline-e2e-20260514032448-sfm/algo-1-1778729134 COLMAP[mapper_spatial_sequential_only] I20260514 09:11:39.686887  4195 incremental_pipeline.cc:524] Registering image #2722 (num_reg_frames=1112)
2026-05-14T09:11:39.999000+00:00 md1-baseline-e2e-20260514032448-sfm/algo-1-1778729134 COLMAP[mapper_spatial_sequential_only] I20260514 09:11:39.686981  4195 incremental_pipeline.cc:527] => Image sees 3398 / 9308 points
2026-05-14T09:11:43.009000+00:00 md1-baseline-e2e-20260514032448-sfm/algo-1-1778729134 COLMAP[mapper_spatial_sequential_only] I20260514 09:11:42.316866  4195 incremental_pipeline.cc:524] Registering image #2552 (num_reg_frames=1113)
2026-05-14T09:11:43.009000+00:00 md1-baseline-e2e-20260514032448-sfm/algo-1-1778729134 COLMAP[mapper_spatial_sequential_only] I20260514 09:11:42.316931  4195 incremental_pipeline.cc:527] => Image sees 3157 / 9089 points
2026-05-14T09:11:45.010000+00:00 md1-baseline-e2e-20260514032448-sfm/algo-1-1778729134 COLMAP[mapper_spatial_sequential_only] I20260514 09:11:44.855397  4195 incremental_pipeline.cc:524] Registering image #2751 (num_reg_frames=1114)
2026-05-14T09:11:45.010000+00:00 md1-baseline-e2e-20260514032448-sfm/algo-1-1778729134 COLMAP[mapper_spatial_sequential_only] I20260514 09:11:44.855460  4195 incremental_pipeline.cc:527] => Image sees 2957 / 7046 points
2026-05-14T09:11:48.010000+00:00 md1-baseline-e2e-20260514032448-sfm/algo-1-1778729134 COLMAP[mapper_spatial_sequential_only] I20260514 09:11:47.482239  4195 incremental_pipeline.cc:524] Registering image #2570 (num_reg_frames=1115)
2026-05-14T09:11:48.010000+00:00 md1-baseline-e2e-20260514032448-sfm/algo-1-1778729134 COLMAP[mapper_spatial_sequential_only] I20260514 09:11:47.482302  4195 incremental_pipeline.cc:527] => Image sees 2574 / 9670 points
2026-05-14T09:11:50.011000+00:00 md1-baseline-e2e-20260514032448-sfm/algo-1-1778729134 COLMAP[mapper_spatial_sequential_only] I20260514 09:11:49.756558  4195 incremental_pipeline.cc:524] Registering image #2569 (num_reg_frames=1116)
2026-05-14T09:11:50.011000+00:00 md1-baseline-e2e-20260514032448-sfm/algo-1-1778729134 COLMAP[mapper_spatial_sequential_only] I20260514 09:11:49.756623  4195 incremental_pipeline.cc:527] => Image sees 3203 / 9935 points
2026-05-14T09:11:53.014000+00:00 md1-baseline-e2e-20260514032448-sfm/algo-1-1778729134 COLMAP[mapper_spatial_sequential_only] I20260514 09:11:52.043207  4195 incremental_pipeline.cc:524] Registering image #2568 (num_reg_frames=1117)
2026-05-14T09:11:53.014000+00:00 md1-baseline-e2e-20260514032448-sfm/algo-1-1778729134 COLMAP[mapper_spatial_sequential_only] I20260514 09:11:52.043270  4195 incremental_pipeline.cc:527] => Image sees 3440 / 9702 points
2026-05-14T09:11:55.015000+00:00 md1-baseline-e2e-20260514032448-sfm/algo-1-1778729134 COLMAP[mapper_spatial_sequential_only] I20260514 09:11:54.327329  4195 incremental_pipeline.cc:524] Registering image #2571 (num_reg_frames=1118)
2026-05-14T09:11:55.015000+00:00 md1-baseline-e2e-20260514032448-sfm/algo-1-1778729134 COLMAP[mapper_spatial_sequential_only] I20260514 09:11:54.327391  4195 incremental_pipeline.cc:527] => Image sees 3218 / 9693 points
2026-05-14T09:11:57.015000+00:00 md1-baseline-e2e-20260514032448-sfm/algo-1-1778729134 COLMAP[mapper_spatial_sequential_only] I20260514 09:11:56.854267  4195 incremental_pipeline.cc:524] Registering image #2723 (num_reg_frames=1119)
2026-05-14T09:11:57.015000+00:00 md1-baseline-e2e-20260514032448-sfm/algo-1-1778729134 COLMAP[mapper_spatial_sequential_only] I20260514 09:11:56.854328  4195 incremental_pipeline.cc:527] => Image sees 2873 / 8603 points
2026-05-14T09:12:00.016000+00:00 md1-baseline-e2e-20260514032448-sfm/algo-1-1778729134 COLMAP[mapper_spatial_sequential_only] I20260514 09:11:59.485268  4195 incremental_pipeline.cc:524] Registering image #2755 (num_reg_frames=1120)
2026-05-14T09:12:00.016000+00:00 md1-baseline-e2e-20260514032448-sfm/algo-1-1778729134 COLMAP[mapper_spatial_sequential_only] I20260514 09:11:59.485321  4195 incremental_pipeline.cc:527] => Image sees 3281 / 9472 points
2026-05-14T09:12:03.020000+00:00 md1-baseline-e2e-20260514032448-sfm/algo-1-1778729134 COLMAP[mapper_spatial_sequential_only] I20260514 09:12:02.257814  4195 incremental_pipeline.cc:524] Registering image #2556 (num_reg_frames=1121)
2026-05-14T09:12:03.020000+00:00 md1-baseline-e2e-20260514032448-sfm/algo-1-1778729134 COLMAP[mapper_spatial_sequential_only] I20260514 09:12:02.257877  4195 incremental_pipeline.cc:527] => Image sees 3518 / 8910 points
2026-05-14T09:12:05.021000+00:00 md1-baseline-e2e-20260514032448-sfm/algo-1-1778729134 COLMAP[mapper_spatial_sequential_only] I20260514 09:12:04.883697  4195 incremental_pipeline.cc:524] Registering image #2572 (num_reg_frames=1122)
2026-05-14T09:12:05.021000+00:00 md1-baseline-e2e-20260514032448-sfm/algo-1-1778729134 COLMAP[mapper_spatial_sequential_only] I20260514 09:12:04.883760  4195 incremental_pipeline.cc:527] => Image sees 3238 / 9222 points
2026-05-14T09:12:08.022000+00:00 md1-baseline-e2e-20260514032448-sfm/algo-1-1778729134 COLMAP[mapper_spatial_sequential_only] I20260514 09:12:07.497081  4195 incremental_pipeline.cc:524] Registering image #2768 (num_reg_frames=1123)
2026-05-14T09:12:08.022000+00:00 md1-baseline-e2e-20260514032448-sfm/algo-1-1778729134 COLMAP[mapper_spatial_sequential_only] I20260514 09:12:07.497145  4195 incremental_pipeline.cc:527] => Image sees 2820 / 7109 points
2026-05-14T09:12:11.023000+00:00 md1-baseline-e2e-20260514032448-sfm/algo-1-1778729134 COLMAP[mapper_spatial_sequential_only] I20260514 09:12:10.087977  4195 incremental_pipeline.cc:524] Registering image #2767 (num_reg_frames=1124)
2026-05-14T09:12:11.024000+00:00 md1-baseline-e2e-20260514032448-sfm/algo-1-1778729134 COLMAP[mapper_spatial_sequential_only] I20260514 09:12:10.088057  4195 incremental_pipeline.cc:527] => Image sees 2735 / 7815 points
2026-05-14T09:12:13.024000+00:00 md1-baseline-e2e-20260514032448-sfm/algo-1-1778729134 COLMAP[mapper_spatial_sequential_only] I20260514 09:12:12.691864  4195 incremental_pipeline.cc:524] Registering image #2769 (num_reg_frames=1125)
2026-05-14T09:12:13.024000+00:00 md1-baseline-e2e-20260514032448-sfm/algo-1-1778729134 COLMAP[mapper_spatial_sequential_only] I20260514 09:12:12.691933  4195 incremental_pipeline.cc:527] => Image sees 2936 / 6946 points
2026-05-14T09:12:16.025000+00:00 md1-baseline-e2e-20260514032448-sfm/algo-1-1778729134 COLMAP[mapper_spatial_sequential_only] I20260514 09:12:15.528118  4195 incremental_pipeline.cc:524] Registering image #2567 (num_reg_frames=1126)
2026-05-14T09:12:16.025000+00:00 md1-baseline-e2e-20260514032448-sfm/algo-1-1778729134 COLMAP[mapper_spatial_sequential_only] I20260514 09:12:15.528195  4195 incremental_pipeline.cc:527] => Image sees 2906 / 6326 points
2026-05-14T09:12:19.026000+00:00 md1-baseline-e2e-20260514032448-sfm/algo-1-1778729134 COLMAP[mapper_spatial_sequential_only] I20260514 09:12:18.173269  4195 incremental_pipeline.cc:524] Registering image #2719 (num_reg_frames=1127)
2026-05-14T09:12:19.026000+00:00 md1-baseline-e2e-20260514032448-sfm/algo-1-1778729134 COLMAP[mapper_spatial_sequential_only] I20260514 09:12:18.173323  4195 incremental_pipeline.cc:527] => Image sees 2847 / 8643 points
2026-05-14T09:12:21.026000+00:00 md1-baseline-e2e-20260514032448-sfm/algo-1-1778729134 COLMAP[mapper_spatial_sequential_only] I20260514 09:12:20.569074  4195 incremental_pipeline.cc:524] Registering image #2624 (num_reg_frames=1128)
2026-05-14T09:12:21.026000+00:00 md1-baseline-e2e-20260514032448-sfm/algo-1-1778729134 COLMAP[mapper_spatial_sequential_only] I20260514 09:12:20.569139  4195 incremental_pipeline.cc:527] => Image sees 2922 / 9505 points
2026-05-14T09:12:23.027000+00:00 md1-baseline-e2e-20260514032448-sfm/algo-1-1778729134 COLMAP[mapper_spatial_sequential_only] I20260514 09:12:22.905738  4195 incremental_pipeline.cc:524] Registering image #2623 (num_reg_frames=1129)
2026-05-14T09:12:23.027000+00:00 md1-baseline-e2e-20260514032448-sfm/algo-1-1778729134 COLMAP[mapper_spatial_sequential_only] I20260514 09:12:22.905803  4195 incremental_pipeline.cc:527] => Image sees 3082 / 9700 points
2026-05-14T09:12:26.033000+00:00 md1-baseline-e2e-20260514032448-sfm/algo-1-1778729134 COLMAP[mapper_spatial_sequential_only] I20260514 09:12:25.546802  4195 incremental_pipeline.cc:524] Registering image #2655 (num_reg_frames=1130)
2026-05-14T09:12:26.033000+00:00 md1-baseline-e2e-20260514032448-sfm/algo-1-1778729134 COLMAP[mapper_spatial_sequential_only] I20260514 09:12:25.546866  4195 incremental_pipeline.cc:527] => Image sees 3531 / 9585 points
2026-05-14T09:12:29.039000+00:00 md1-baseline-e2e-20260514032448-sfm/algo-1-1778729134 COLMAP[mapper_spatial_sequential_only] I20260514 09:12:28.360996  4195 incremental_pipeline.cc:524] Registering image #2656 (num_reg_frames=1131)
2026-05-14T09:12:29.039000+00:00 md1-baseline-e2e-20260514032448-sfm/algo-1-1778729134 COLMAP[mapper_spatial_sequential_only] I20260514 09:12:28.361053  4195 incremental_pipeline.cc:527] => Image sees 3640 / 9196 points
2026-05-14T09:12:32.043000+00:00 md1-baseline-e2e-20260514032448-sfm/algo-1-1778729134 COLMAP[mapper_spatial_sequential_only] I20260514 09:12:31.157661  4195 incremental_pipeline.cc:524] Registering image #2657 (num_reg_frames=1132)
2026-05-14T09:12:32.043000+00:00 md1-baseline-e2e-20260514032448-sfm/algo-1-1778729134 COLMAP[mapper_spatial_sequential_only] I20260514 09:12:31.157720  4195 incremental_pipeline.cc:527] => Image sees 3607 / 9220 points
2026-05-14T09:12:34.044000+00:00 md1-baseline-e2e-20260514032448-sfm/algo-1-1778729134 COLMAP[mapper_spatial_sequential_only] I20260514 09:12:33.858553  4195 incremental_pipeline.cc:524] Registering image #2625 (num_reg_frames=1133)
2026-05-14T09:12:34.044000+00:00 md1-baseline-e2e-20260514032448-sfm/algo-1-1778729134 COLMAP[mapper_spatial_sequential_only] I20260514 09:12:33.858618  4195 incremental_pipeline.cc:527] => Image sees 3611 / 9229 points
2026-05-14T09:12:37.045000+00:00 md1-baseline-e2e-20260514032448-sfm/algo-1-1778729134 COLMAP[mapper_spatial_sequential_only] I20260514 09:12:36.829035  4195 incremental_pipeline.cc:524] Registering image #2536 (num_reg_frames=1134)
2026-05-14T09:12:37.045000+00:00 md1-baseline-e2e-20260514032448-sfm/algo-1-1778729134 COLMAP[mapper_spatial_sequential_only] I20260514 09:12:36.829108  4195 incremental_pipeline.cc:527] => Image sees 2907 / 8577 points
2026-05-14T09:12:40.049000+00:00 md1-baseline-e2e-20260514032448-sfm/algo-1-1778729134 COLMAP[mapper_spatial_sequential_only] I20260514 09:12:39.078523  4195 incremental_pipeline.cc:524] Registering image #2573 (num_reg_frames=1135)
2026-05-14T09:12:40.049000+00:00 md1-baseline-e2e-20260514032448-sfm/algo-1-1778729134 COLMAP[mapper_spatial_sequential_only] I20260514 09:12:39.078589  4195 incremental_pipeline.cc:527] => Image sees 2691 / 8632 points
2026-05-14T09:12:42.049000+00:00 md1-baseline-e2e-20260514032448-sfm/algo-1-1778729134 COLMAP[mapper_spatial_sequential_only] I20260514 09:12:41.658378  4195 incremental_pipeline.cc:524] Registering image #2658 (num_reg_frames=1136)
2026-05-14T09:12:42.049000+00:00 md1-baseline-e2e-20260514032448-sfm/algo-1-1778729134 COLMAP[mapper_spatial_sequential_only] I20260514 09:12:41.658473  4195 incremental_pipeline.cc:527] => Image sees 2959 / 7565 points
2026-05-14T09:12:45.050000+00:00 md1-baseline-e2e-20260514032448-sfm/algo-1-1778729134 COLMAP[mapper_spatial_sequential_only] I20260514 09:12:44.300273  4195 incremental_pipeline.cc:524] Registering image #2639 (num_reg_frames=1137)
2026-05-14T09:12:45.050000+00:00 md1-baseline-e2e-20260514032448-sfm/algo-1-1778729134 COLMAP[mapper_spatial_sequential_only] I20260514 09:12:44.300334  4195 incremental_pipeline.cc:527] => Image sees 2687 / 10332 points
2026-05-14T09:12:47.051000+00:00 md1-baseline-e2e-20260514032448-sfm/algo-1-1778729134 COLMAP[mapper_spatial_sequential_only] I20260514 09:12:46.664304  4195 incremental_pipeline.cc:524] Registering image #2641 (num_reg_frames=1138)
2026-05-14T09:12:47.051000+00:00 md1-baseline-e2e-20260514032448-sfm/algo-1-1778729134 COLMAP[mapper_spatial_sequential_only] I20260514 09:12:46.664362  4195 incremental_pipeline.cc:527] => Image sees 3373 / 9601 points
2026-05-14T09:12:50.052000+00:00 md1-baseline-e2e-20260514032448-sfm/algo-1-1778729134 COLMAP[mapper_spatial_sequential_only] I20260514 09:12:49.392866  4195 incremental_pipeline.cc:524] Registering image #2640 (num_reg_frames=1139)
2026-05-14T09:12:50.052000+00:00 md1-baseline-e2e-20260514032448-sfm/algo-1-1778729134 COLMAP[mapper_spatial_sequential_only] I20260514 09:12:49.392930  4195 incremental_pipeline.cc:527] => Image sees 3882 / 10028 points
2026-05-14T09:12:52.052000+00:00 md1-baseline-e2e-20260514032448-sfm/algo-1-1778729134 COLMAP[mapper_spatial_sequential_only] I20260514 09:12:51.914266  4195 incremental_pipeline.cc:524] Registering image #2642 (num_reg_frames=1140)
2026-05-14T09:12:52.053000+00:00 md1-baseline-e2e-20260514032448-sfm/algo-1-1778729134 COLMAP[mapper_spatial_sequential_only] I20260514 09:12:51.914330  4195 incremental_pipeline.cc:527] => Image sees 3616 / 9108 points
2026-05-14T09:12:55.053000+00:00 md1-baseline-e2e-20260514032448-sfm/algo-1-1778729134 COLMAP[mapper_spatial_sequential_only] I20260514 09:12:54.749413  4195 incremental_pipeline.cc:524] Registering image #2626 (num_reg_frames=1141)
2026-05-14T09:12:55.053000+00:00 md1-baseline-e2e-20260514032448-sfm/algo-1-1778729134 COLMAP[mapper_spatial_sequential_only] I20260514 09:12:54.749470  4195 incremental_pipeline.cc:527] => Image sees 3019 / 7911 points
2026-05-14T09:12:58.054000+00:00 md1-baseline-e2e-20260514032448-sfm/algo-1-1778729134 COLMAP[mapper_spatial_sequential_only] I20260514 09:12:57.169651  4195 incremental_pipeline.cc:524] Registering image #2643 (num_reg_frames=1142)
2026-05-14T09:12:58.054000+00:00 md1-baseline-e2e-20260514032448-sfm/algo-1-1778729134 COLMAP[mapper_spatial_sequential_only] I20260514 09:12:57.169710  4195 incremental_pipeline.cc:527] => Image sees 3035 / 9112 points
2026-05-14T09:13:00.055000+00:00 md1-baseline-e2e-20260514032448-sfm/algo-1-1778729134 COLMAP[mapper_spatial_sequential_only] I20260514 09:12:59.821998  4195 incremental_pipeline.cc:524] Registering image #2638 (num_reg_frames=1143)
2026-05-14T09:13:00.055000+00:00 md1-baseline-e2e-20260514032448-sfm/algo-1-1778729134 COLMAP[mapper_spatial_sequential_only] I20260514 09:12:59.822064  4195 incremental_pipeline.cc:527] => Image sees 2515 / 6732 points
2026-05-14T09:13:03.056000+00:00 md1-baseline-e2e-20260514032448-sfm/algo-1-1778729134 COLMAP[mapper_spatial_sequential_only] I20260514 09:13:02.383751  4195 incremental_pipeline.cc:524] Registering image #2551 (num_reg_frames=1144)
2026-05-14T09:13:03.056000+00:00 md1-baseline-e2e-20260514032448-sfm/algo-1-1778729134 COLMAP[mapper_spatial_sequential_only] I20260514 09:13:02.383816  4195 incremental_pipeline.cc:527] => Image sees 2927 / 9168 points
2026-05-14T09:13:06.058000+00:00 md1-baseline-e2e-20260514032448-sfm/algo-1-1778729134 COLMAP[mapper_spatial_sequential_only] I20260514 09:13:05.124873  4195 incremental_pipeline.cc:524] Registering image #2750 (num_reg_frames=1145)
2026-05-14T09:13:06.058000+00:00 md1-baseline-e2e-20260514032448-sfm/algo-1-1778729134 COLMAP[mapper_spatial_sequential_only] I20260514 09:13:05.124936  4195 incremental_pipeline.cc:527] => Image sees 2692 / 7056 points
2026-05-14T09:13:08.058000+00:00 md1-baseline-e2e-20260514032448-sfm/algo-1-1778729134 COLMAP[mapper_spatial_sequential_only] I20260514 09:13:07.787295  4195 incremental_pipeline.cc:524] Registering image #2766 (num_reg_frames=1146)
2026-05-14T09:13:08.058000+00:00 md1-baseline-e2e-20260514032448-sfm/algo-1-1778729134 COLMAP[mapper_spatial_sequential_only] I20260514 09:13:07.787357  4195 incremental_pipeline.cc:527] => Image sees 2619 / 7723 points
2026-05-14T09:13:11.061000+00:00 md1-baseline-e2e-20260514032448-sfm/algo-1-1778729134 COLMAP[mapper_spatial_sequential_only] I20260514 09:13:10.392338  4195 incremental_pipeline.cc:524] Registering image #2566 (num_reg_frames=1147)
2026-05-14T09:13:11.061000+00:00 md1-baseline-e2e-20260514032448-sfm/algo-1-1778729134 COLMAP[mapper_spatial_sequential_only] I20260514 09:13:10.392397  4195 incremental_pipeline.cc:527] => Image sees 3081 / 8891 points
2026-05-14T09:13:14.062000+00:00 md1-baseline-e2e-20260514032448-sfm/algo-1-1778729134 COLMAP[mapper_spatial_sequential_only] I20260514 09:13:13.099892  4195 incremental_pipeline.cc:524] Registering image #2622 (num_reg_frames=1148)
2026-05-14T09:13:14.062000+00:00 md1-baseline-e2e-20260514032448-sfm/algo-1-1778729134 COLMAP[mapper_spatial_sequential_only] I20260514 09:13:13.099985  4195 incremental_pipeline.cc:527] => Image sees 3018 / 9460 points
2026-05-14T09:13:16.063000+00:00 md1-baseline-e2e-20260514032448-sfm/algo-1-1778729134 COLMAP[mapper_spatial_sequential_only] I20260514 09:13:15.837085  4195 incremental_pipeline.cc:524] Registering image #2654 (num_reg_frames=1149)
2026-05-14T09:13:16.063000+00:00 md1-baseline-e2e-20260514032448-sfm/algo-1-1778729134 COLMAP[mapper_spatial_sequential_only] I20260514 09:13:15.837152  4195 incremental_pipeline.cc:527] => Image sees 3324 / 9099 points
2026-05-14T09:13:19.068000+00:00 md1-baseline-e2e-20260514032448-sfm/algo-1-1778729134 COLMAP[mapper_spatial_sequential_only] I20260514 09:13:18.555092  4195 incremental_pipeline.cc:524] Registering image #2637 (num_reg_frames=1150)
2026-05-14T09:13:19.068000+00:00 md1-baseline-e2e-20260514032448-sfm/algo-1-1778729134 COLMAP[mapper_spatial_sequential_only] I20260514 09:13:18.555156  4195 incremental_pipeline.cc:527] => Image sees 3097 / 9383 points
2026-05-14T09:13:22.074000+00:00 md1-baseline-e2e-20260514032448-sfm/algo-1-1778729134 COLMAP[mapper_spatial_sequential_only] I20260514 09:13:21.454180  4195 incremental_pipeline.cc:524] Registering image #2537 (num_reg_frames=1151)
2026-05-14T09:13:22.074000+00:00 md1-baseline-e2e-20260514032448-sfm/algo-1-1778729134 COLMAP[mapper_spatial_sequential_only] I20260514 09:13:21.454239  4195 incremental_pipeline.cc:527] => Image sees 2926 / 8930 points
2026-05-14T09:13:24.075000+00:00 md1-baseline-e2e-20260514032448-sfm/algo-1-1778729134 COLMAP[mapper_spatial_sequential_only] I20260514 09:13:23.717722  4195 incremental_pipeline.cc:524] Registering image #2535 (num_reg_frames=1152)
2026-05-14T09:13:24.075000+00:00 md1-baseline-e2e-20260514032448-sfm/algo-1-1778729134 COLMAP[mapper_spatial_sequential_only] I20260514 09:13:23.717779  4195 incremental_pipeline.cc:527] => Image sees 2874 / 8410 points
2026-05-14T09:13:27.080000+00:00 md1-baseline-e2e-20260514032448-sfm/algo-1-1778729134 COLMAP[mapper_spatial_sequential_only] I20260514 09:13:26.173105  4195 incremental_pipeline.cc:524] Registering image #2724 (num_reg_frames=1153)
2026-05-14T09:13:27.080000+00:00 md1-baseline-e2e-20260514032448-sfm/algo-1-1778729134 COLMAP[mapper_spatial_sequential_only] I20260514 09:13:26.173166  4195 incremental_pipeline.cc:527] => Image sees 2614 / 7935 points
2026-05-14T09:13:29.081000+00:00 md1-baseline-e2e-20260514032448-sfm/algo-1-1778729134 COLMAP[mapper_spatial_sequential_only] I20260514 09:13:28.465433  4195 incremental_pipeline.cc:524] Registering image #2538 (num_reg_frames=1154)
2026-05-14T09:13:29.081000+00:00 md1-baseline-e2e-20260514032448-sfm/algo-1-1778729134 COLMAP[mapper_spatial_sequential_only] I20260514 09:13:28.465493  4195 incremental_pipeline.cc:527] => Image sees 2764 / 9027 points
2026-05-14T09:13:31.082000+00:00 md1-baseline-e2e-20260514032448-sfm/algo-1-1778729134 COLMAP[mapper_spatial_sequential_only] I20260514 09:13:31.056500  4195 incremental_pipeline.cc:524] Registering image #2539 (num_reg_frames=1155)
2026-05-14T09:13:31.082000+00:00 md1-baseline-e2e-20260514032448-sfm/algo-1-1778729134 COLMAP[mapper_spatial_sequential_only] I20260514 09:13:31.056564  4195 incremental_pipeline.cc:527] => Image sees 2656 / 8709 points
2026-05-14T09:13:34.087000+00:00 md1-baseline-e2e-20260514032448-sfm/algo-1-1778729134 COLMAP[mapper_spatial_sequential_only] I20260514 09:13:33.471328  4195 incremental_pipeline.cc:524] Registering image #2541 (num_reg_frames=1156)
2026-05-14T09:13:34.087000+00:00 md1-baseline-e2e-20260514032448-sfm/algo-1-1778729134 COLMAP[mapper_spatial_sequential_only] I20260514 09:13:33.471386  4195 incremental_pipeline.cc:527] => Image sees 2702 / 9527 points
2026-05-14T09:13:37.088000+00:00 md1-baseline-e2e-20260514032448-sfm/algo-1-1778729134 COLMAP[mapper_spatial_sequential_only] I20260514 09:13:36.127722  4195 incremental_pipeline.cc:524] Registering image #2540 (num_reg_frames=1157)
2026-05-14T09:13:37.088000+00:00 md1-baseline-e2e-20260514032448-sfm/algo-1-1778729134 COLMAP[mapper_spatial_sequential_only] I20260514 09:13:36.127784  4195 incremental_pipeline.cc:527] => Image sees 3526 / 9416 points
2026-05-14T09:13:39.089000+00:00 md1-baseline-e2e-20260514032448-sfm/algo-1-1778729134 COLMAP[mapper_spatial_sequential_only] I20260514 09:13:38.865512  4195 incremental_pipeline.cc:524] Registering image #2542 (num_reg_frames=1158)
2026-05-14T09:13:39.089000+00:00 md1-baseline-e2e-20260514032448-sfm/algo-1-1778729134 COLMAP[mapper_spatial_sequential_only] I20260514 09:13:38.865568  4195 incremental_pipeline.cc:527] => Image sees 3505 / 9478 points
2026-05-14T09:13:42.091000+00:00 md1-baseline-e2e-20260514032448-sfm/algo-1-1778729134 COLMAP[mapper_spatial_sequential_only] I20260514 09:13:41.588195  4195 incremental_pipeline.cc:524] Registering image #2756 (num_reg_frames=1159)
2026-05-14T09:13:42.091000+00:00 md1-baseline-e2e-20260514032448-sfm/algo-1-1778729134 COLMAP[mapper_spatial_sequential_only] I20260514 09:13:41.588258  4195 incremental_pipeline.cc:527] => Image sees 2814 / 9594 points
2026-05-14T09:13:45.092000+00:00 md1-baseline-e2e-20260514032448-sfm/algo-1-1778729134 COLMAP[mapper_spatial_sequential_only] I20260514 09:13:44.266474  4195 incremental_pipeline.cc:524] Registering image #2557 (num_reg_frames=1160)
2026-05-14T09:13:45.092000+00:00 md1-baseline-e2e-20260514032448-sfm/algo-1-1778729134 COLMAP[mapper_spatial_sequential_only] I20260514 09:13:44.266558  4195 incremental_pipeline.cc:527] => Image sees 2846 / 8968 points
2026-05-14T09:13:47.093000+00:00 md1-baseline-e2e-20260514032448-sfm/algo-1-1778729134 COLMAP[mapper_spatial_sequential_only] I20260514 09:13:47.067637  4195 incremental_pipeline.cc:524] Registering image #2526 (num_reg_frames=1161)
2026-05-14T09:13:47.093000+00:00 md1-baseline-e2e-20260514032448-sfm/algo-1-1778729134 COLMAP[mapper_spatial_sequential_only] I20260514 09:13:47.067699  4195 incremental_pipeline.cc:527] => Image sees 2989 / 8579 points
2026-05-14T09:13:50.097000+00:00 md1-baseline-e2e-20260514032448-sfm/algo-1-1778729134 COLMAP[mapper_spatial_sequential_only] I20260514 09:13:49.398866  4195 incremental_pipeline.cc:524] Registering image #2543 (num_reg_frames=1162)
2026-05-14T09:13:50.097000+00:00 md1-baseline-e2e-20260514032448-sfm/algo-1-1778729134 COLMAP[mapper_spatial_sequential_only] I20260514 09:13:49.398926  4195 incremental_pipeline.cc:527] => Image sees 2946 / 8853 points
2026-05-14T09:13:52.097000+00:00 md1-baseline-e2e-20260514032448-sfm/algo-1-1778729134 COLMAP[mapper_spatial_sequential_only] I20260514 09:13:52.035769  4195 incremental_pipeline.cc:524] Registering image #2770 (num_reg_frames=1163)
2026-05-14T09:13:52.097000+00:00 md1-baseline-e2e-20260514032448-sfm/algo-1-1778729134 COLMAP[mapper_spatial_sequential_only] I20260514 09:13:52.035830  4195 incremental_pipeline.cc:527] => Image sees 2624 / 6442 points
2026-05-14T09:13:55.101000+00:00 md1-baseline-e2e-20260514032448-sfm/algo-1-1778729134 COLMAP[mapper_spatial_sequential_only] I20260514 09:13:54.815174  4195 incremental_pipeline.cc:524] Registering image #2574 (num_reg_frames=1164)
2026-05-14T09:13:55.101000+00:00 md1-baseline-e2e-20260514032448-sfm/algo-1-1778729134 COLMAP[mapper_spatial_sequential_only] I20260514 09:13:54.815240  4195 incremental_pipeline.cc:527] => Image sees 2784 / 8399 points
2026-05-14T09:13:58.107000+00:00 md1-baseline-e2e-20260514032448-sfm/algo-1-1778729134 COLMAP[mapper_spatial_sequential_only] I20260514 09:13:57.370465  4195 incremental_pipeline.cc:524] Registering image #2757 (num_reg_frames=1165)
2026-05-14T09:13:58.107000+00:00 md1-baseline-e2e-20260514032448-sfm/algo-1-1778729134 COLMAP[mapper_spatial_sequential_only] I20260514 09:13:57.370527  4195 incremental_pipeline.cc:527] => Image sees 2924 / 9971 points
2026-05-14T09:14:00.108000+00:00 md1-baseline-e2e-20260514032448-sfm/algo-1-1778729134 COLMAP[mapper_spatial_sequential_only] I20260514 09:14:00.105841  4195 incremental_pipeline.cc:524] Registering image #2758 (num_reg_frames=1166)
2026-05-14T09:14:00.108000+00:00 md1-baseline-e2e-20260514032448-sfm/algo-1-1778729134 COLMAP[mapper_spatial_sequential_only] I20260514 09:14:00.105903  4195 incremental_pipeline.cc:527] => Image sees 2937 / 10086 points
2026-05-14T09:14:03.109000+00:00 md1-baseline-e2e-20260514032448-sfm/algo-1-1778729134 COLMAP[mapper_spatial_sequential_only] I20260514 09:14:02.814052  4195 incremental_pipeline.cc:524] Registering image #2739 (num_reg_frames=1167)
2026-05-14T09:14:03.109000+00:00 md1-baseline-e2e-20260514032448-sfm/algo-1-1778729134 COLMAP[mapper_spatial_sequential_only] I20260514 09:14:02.814112  4195 incremental_pipeline.cc:527] => Image sees 2434 / 9805 points
2026-05-14T09:14:05.109000+00:00 md1-baseline-e2e-20260514032448-sfm/algo-1-1778729134 COLMAP[mapper_spatial_sequential_only] I20260514 09:14:05.036630  4195 incremental_pipeline.cc:524] Registering image #2737 (num_reg_frames=1168)
2026-05-14T09:14:05.109000+00:00 md1-baseline-e2e-20260514032448-sfm/algo-1-1778729134 COLMAP[mapper_spatial_sequential_only] I20260514 09:14:05.036679  4195 incremental_pipeline.cc:527] => Image sees 3604 / 9358 points
2026-05-14T09:14:08.117000+00:00 md1-baseline-e2e-20260514032448-sfm/algo-1-1778729134 COLMAP[mapper_spatial_sequential_only] I20260514 09:14:07.833518  4195 incremental_pipeline.cc:524] Registering image #2736 (num_reg_frames=1169)
2026-05-14T09:14:08.117000+00:00 md1-baseline-e2e-20260514032448-sfm/algo-1-1778729134 COLMAP[mapper_spatial_sequential_only] I20260514 09:14:07.833575  4195 incremental_pipeline.cc:527] => Image sees 4300 / 9586 points
2026-05-14T09:14:11.119000+00:00 md1-baseline-e2e-20260514032448-sfm/algo-1-1778729134 COLMAP[mapper_spatial_sequential_only] I20260514 09:14:10.732247  4195 incremental_pipeline.cc:524] Registering image #2735 (num_reg_frames=1170)
2026-05-14T09:14:11.119000+00:00 md1-baseline-e2e-20260514032448-sfm/algo-1-1778729134 COLMAP[mapper_spatial_sequential_only] I20260514 09:14:10.732307  4195 incremental_pipeline.cc:527] => Image sees 3898 / 8280 points
2026-05-14T09:14:14.119000+00:00 md1-baseline-e2e-20260514032448-sfm/algo-1-1778729134 COLMAP[mapper_spatial_sequential_only] I20260514 09:14:13.218358  4195 incremental_pipeline.cc:524] Registering image #2738 (num_reg_frames=1171)
2026-05-14T09:14:14.120000+00:00 md1-baseline-e2e-20260514032448-sfm/algo-1-1778729134 COLMAP[mapper_spatial_sequential_only] I20260514 09:14:13.218425  4195 incremental_pipeline.cc:527] => Image sees 3709 / 9453 points
2026-05-14T09:14:16.120000+00:00 md1-baseline-e2e-20260514032448-sfm/algo-1-1778729134 COLMAP[mapper_spatial_sequential_only] I20260514 09:14:15.894380  4195 incremental_pipeline.cc:524] Registering image #2740 (num_reg_frames=1172)
2026-05-14T09:14:16.120000+00:00 md1-baseline-e2e-20260514032448-sfm/algo-1-1778729134 COLMAP[mapper_spatial_sequential_only] I20260514 09:14:15.894476  4195 incremental_pipeline.cc:527] => Image sees 3284 / 9991 points
2026-05-14T09:14:19.124000+00:00 md1-baseline-e2e-20260514032448-sfm/algo-1-1778729134 COLMAP[mapper_spatial_sequential_only] I20260514 09:14:18.789302  4195 incremental_pipeline.cc:524] Registering image #2741 (num_reg_frames=1173)
2026-05-14T09:14:19.124000+00:00 md1-baseline-e2e-20260514032448-sfm/algo-1-1778729134 COLMAP[mapper_spatial_sequential_only] I20260514 09:14:18.789358  4195 incremental_pipeline.cc:527] => Image sees 3135 / 9759 points
2026-05-14T09:14:22.125000+00:00 md1-baseline-e2e-20260514032448-sfm/algo-1-1778729134 COLMAP[mapper_spatial_sequential_only] I20260514 09:14:21.744668  4195 incremental_pipeline.cc:524] Registering image #2734 (num_reg_frames=1174)
2026-05-14T09:14:22.125000+00:00 md1-baseline-e2e-20260514032448-sfm/algo-1-1778729134 COLMAP[mapper_spatial_sequential_only] I20260514 09:14:21.744731  4195 incremental_pipeline.cc:527] => Image sees 3203 / 7853 points
2026-05-14T09:14:25.126000+00:00 md1-baseline-e2e-20260514032448-sfm/algo-1-1778729134 COLMAP[mapper_spatial_sequential_only] I20260514 09:14:24.315637  4195 incremental_pipeline.cc:524] Registering image #2512 (num_reg_frames=1175)
2026-05-14T09:14:25.126000+00:00 md1-baseline-e2e-20260514032448-sfm/algo-1-1778729134 COLMAP[mapper_spatial_sequential_only] I20260514 09:14:24.315696  4195 incremental_pipeline.cc:527] => Image sees 2445 / 8776 points
2026-05-14T09:14:27.127000+00:00 md1-baseline-e2e-20260514032448-sfm/algo-1-1778729134 COLMAP[mapper_spatial_sequential_only] I20260514 09:14:26.899690  4195 incremental_pipeline.cc:524] Registering image #2494 (num_reg_frames=1176)
2026-05-14T09:14:27.127000+00:00 md1-baseline-e2e-20260514032448-sfm/algo-1-1778729134 COLMAP[mapper_spatial_sequential_only] I20260514 09:14:26.899763  4195 incremental_pipeline.cc:527] => Image sees 3446 / 8733 points
2026-05-14T09:14:30.127000+00:00 md1-baseline-e2e-20260514032448-sfm/algo-1-1778729134 COLMAP[mapper_spatial_sequential_only] I20260514 09:14:29.601713  4195 incremental_pipeline.cc:524] Registering image #2511 (num_reg_frames=1177)
2026-05-14T09:14:30.127000+00:00 md1-baseline-e2e-20260514032448-sfm/algo-1-1778729134 COLMAP[mapper_spatial_sequential_only] I20260514 09:14:29.601774  4195 incremental_pipeline.cc:527] => Image sees 2868 / 7946 points
2026-05-14T09:14:33.128000+00:00 md1-baseline-e2e-20260514032448-sfm/algo-1-1778729134 COLMAP[mapper_spatial_sequential_only] I20260514 09:14:32.303331  4195 incremental_pipeline.cc:524] Registering image #2796 (num_reg_frames=1178)
2026-05-14T09:14:33.128000+00:00 md1-baseline-e2e-20260514032448-sfm/algo-1-1778729134 COLMAP[mapper_spatial_sequential_only] I20260514 09:14:32.303390  4195 incremental_pipeline.cc:527] => Image sees 2204 / 9464 points
2026-05-14T09:14:35.129000+00:00 md1-baseline-e2e-20260514032448-sfm/algo-1-1778729134 COLMAP[mapper_spatial_sequential_only] I20260514 09:14:34.885409  4195 incremental_pipeline.cc:524] Registering image #2427 (num_reg_frames=1179)
2026-05-14T09:14:35.129000+00:00 md1-baseline-e2e-20260514032448-sfm/algo-1-1778729134 COLMAP[mapper_spatial_sequential_only] I20260514 09:14:34.885471  4195 incremental_pipeline.cc:527] => Image sees 2927 / 8811 points
2026-05-14T09:14:38.135000+00:00 md1-baseline-e2e-20260514032448-sfm/algo-1-1778729134 COLMAP[mapper_spatial_sequential_only] I20260514 09:14:37.420646  4195 incremental_pipeline.cc:524] Registering image #2426 (num_reg_frames=1180)
2026-05-14T09:14:38.135000+00:00 md1-baseline-e2e-20260514032448-sfm/algo-1-1778729134 COLMAP[mapper_spatial_sequential_only] I20260514 09:14:37.420713  4195 incremental_pipeline.cc:527] => Image sees 4073 / 9319 points
2026-05-14T09:14:41.138000+00:00 md1-baseline-e2e-20260514032448-sfm/algo-1-1778729134 COLMAP[mapper_spatial_sequential_only] I20260514 09:14:40.482151  4195 incremental_pipeline.cc:524] Registering image #2425 (num_reg_frames=1181)
2026-05-14T09:14:41.138000+00:00 md1-baseline-e2e-20260514032448-sfm/algo-1-1778729134 COLMAP[mapper_spatial_sequential_only] I20260514 09:14:40.482210  4195 incremental_pipeline.cc:527] => Image sees 4894 / 10131 points
2026-05-14T09:14:44.138000+00:00 md1-baseline-e2e-20260514032448-sfm/algo-1-1778729134 COLMAP[mapper_spatial_sequential_only] I20260514 09:14:43.409957  4195 incremental_pipeline.cc:524] Registering image #2887 (num_reg_frames=1182)
2026-05-14T09:14:44.138000+00:00 md1-baseline-e2e-20260514032448-sfm/algo-1-1778729134 COLMAP[mapper_spatial_sequential_only] I20260514 09:14:43.410017  4195 incremental_pipeline.cc:527] => Image sees 4819 / 8977 points
2026-05-14T09:14:47.139000+00:00 md1-baseline-e2e-20260514032448-sfm/algo-1-1778729134 COLMAP[mapper_spatial_sequential_only] I20260514 09:14:46.481024  4195 incremental_pipeline.cc:524] Registering image #2424 (num_reg_frames=1183)
2026-05-14T09:14:47.140000+00:00 md1-baseline-e2e-20260514032448-sfm/algo-1-1778729134 COLMAP[mapper_spatial_sequential_only] I20260514 09:14:46.481109  4195 incremental_pipeline.cc:527] => Image sees 4298 / 9713 points
2026-05-14T09:14:50.144000+00:00 md1-baseline-e2e-20260514032448-sfm/algo-1-1778729134 COLMAP[mapper_spatial_sequential_only] I20260514 09:14:49.434810  4195 incremental_pipeline.cc:524] Registering image #2888 (num_reg_frames=1184)
2026-05-14T09:14:50.144000+00:00 md1-baseline-e2e-20260514032448-sfm/algo-1-1778729134 COLMAP[mapper_spatial_sequential_only] I20260514 09:14:49.434876  4195 incremental_pipeline.cc:527] => Image sees 4185 / 8673 points
2026-05-14T09:14:53.148000+00:00 md1-baseline-e2e-20260514032448-sfm/algo-1-1778729134 COLMAP[mapper_spatial_sequential_only] I20260514 09:14:52.492873  4195 incremental_pipeline.cc:524] Registering image #2886 (num_reg_frames=1185)
2026-05-14T09:14:53.148000+00:00 md1-baseline-e2e-20260514032448-sfm/algo-1-1778729134 COLMAP[mapper_spatial_sequential_only] I20260514 09:14:52.492936  4195 incremental_pipeline.cc:527] => Image sees 3173 / 8480 points
2026-05-14T09:14:56.149000+00:00 md1-baseline-e2e-20260514032448-sfm/algo-1-1778729134 COLMAP[mapper_spatial_sequential_only] I20260514 09:14:55.393815  4195 incremental_pipeline.cc:524] Registering image #2440 (num_reg_frames=1186)
2026-05-14T09:14:56.149000+00:00 md1-baseline-e2e-20260514032448-sfm/algo-1-1778729134 COLMAP[mapper_spatial_sequential_only] I20260514 09:14:55.393872  4195 incremental_pipeline.cc:527] => Image sees 2524 / 9291 points
2026-05-14T09:14:58.149000+00:00 md1-baseline-e2e-20260514032448-sfm/algo-1-1778729134 COLMAP[mapper_spatial_sequential_only] I20260514 09:14:57.833783  4195 incremental_pipeline.cc:524] Registering image #2441 (num_reg_frames=1187)
2026-05-14T09:14:58.150000+00:00 md1-baseline-e2e-20260514032448-sfm/algo-1-1778729134 COLMAP[mapper_spatial_sequential_only] I20260514 09:14:57.833847  4195 incremental_pipeline.cc:527] => Image sees 2866 / 9567 points
2026-05-14T09:15:01.152000+00:00 md1-baseline-e2e-20260514032448-sfm/algo-1-1778729134 COLMAP[mapper_spatial_sequential_only] I20260514 09:15:00.609151  4195 incremental_pipeline.cc:524] Registering image #2439 (num_reg_frames=1188)
2026-05-14T09:15:01.153000+00:00 md1-baseline-e2e-20260514032448-sfm/algo-1-1778729134 COLMAP[mapper_spatial_sequential_only] I20260514 09:15:00.609241  4195 incremental_pipeline.cc:527] => Image sees 2953 / 9018 points
2026-05-14T09:15:04.153000+00:00 md1-baseline-e2e-20260514032448-sfm/algo-1-1778729134 COLMAP[mapper_spatial_sequential_only] I20260514 09:15:03.327551  4195 incremental_pipeline.cc:524] Registering image #2423 (num_reg_frames=1189)
2026-05-14T09:15:04.153000+00:00 md1-baseline-e2e-20260514032448-sfm/algo-1-1778729134 COLMAP[mapper_spatial_sequential_only] I20260514 09:15:03.327612  4195 incremental_pipeline.cc:527] => Image sees 3140 / 9789 points
2026-05-14T09:15:06.154000+00:00 md1-baseline-e2e-20260514032448-sfm/algo-1-1778729134 COLMAP[mapper_spatial_sequential_only] I20260514 09:15:06.099298  4195 incremental_pipeline.cc:524] Registering image #2889 (num_reg_frames=1190)
2026-05-14T09:15:06.154000+00:00 md1-baseline-e2e-20260514032448-sfm/algo-1-1778729134 COLMAP[mapper_spatial_sequential_only] I20260514 09:15:06.099359  4195 incremental_pipeline.cc:527] => Image sees 2673 / 8477 points
2026-05-14T09:15:09.155000+00:00 md1-baseline-e2e-20260514032448-sfm/algo-1-1778729134 COLMAP[mapper_spatial_sequential_only] I20260514 09:15:08.698506  4195 incremental_pipeline.cc:524] Registering image #2442 (num_reg_frames=1191)
2026-05-14T09:15:09.156000+00:00 md1-baseline-e2e-20260514032448-sfm/algo-1-1778729134 COLMAP[mapper_spatial_sequential_only] I20260514 09:15:08.698568  4195 incremental_pipeline.cc:527] => Image sees 2780 / 9493 points
2026-05-14T09:15:12.157000+00:00 md1-baseline-e2e-20260514032448-sfm/algo-1-1778729134 COLMAP[mapper_spatial_sequential_only] I20260514 09:15:11.611414  4195 incremental_pipeline.cc:524] Registering image #2443 (num_reg_frames=1192)
2026-05-14T09:15:12.157000+00:00 md1-baseline-e2e-20260514032448-sfm/algo-1-1778729134 COLMAP[mapper_spatial_sequential_only] I20260514 09:15:11.611474  4195 incremental_pipeline.cc:527] => Image sees 3112 / 9728 points
2026-05-14T09:15:15.165000+00:00 md1-baseline-e2e-20260514032448-sfm/algo-1-1778729134 COLMAP[mapper_spatial_sequential_only] I20260514 09:15:14.529160  4195 incremental_pipeline.cc:524] Registering image #2444 (num_reg_frames=1193)
2026-05-14T09:15:15.165000+00:00 md1-baseline-e2e-20260514032448-sfm/algo-1-1778729134 COLMAP[mapper_spatial_sequential_only] I20260514 09:15:14.529248  4195 incremental_pipeline.cc:527] => Image sees 3060 / 9651 points
2026-05-14T09:15:18.166000+00:00 md1-baseline-e2e-20260514032448-sfm/algo-1-1778729134 COLMAP[mapper_spatial_sequential_only] I20260514 09:15:17.626107  4195 incremental_pipeline.cc:524] Registering image #2445 (num_reg_frames=1194)
2026-05-14T09:15:18.166000+00:00 md1-baseline-e2e-20260514032448-sfm/algo-1-1778729134 COLMAP[mapper_spatial_sequential_only] I20260514 09:15:17.626205  4195 incremental_pipeline.cc:527] => Image sees 3563 / 9653 points
2026-05-14T09:15:21.166000+00:00 md1-baseline-e2e-20260514032448-sfm/algo-1-1778729134 COLMAP[mapper_spatial_sequential_only] I20260514 09:15:20.770900  4195 incremental_pipeline.cc:524] Registering image #2446 (num_reg_frames=1195)
2026-05-14T09:15:21.166000+00:00 md1-baseline-e2e-20260514032448-sfm/algo-1-1778729134 COLMAP[mapper_spatial_sequential_only] I20260514 09:15:20.770961  4195 incremental_pipeline.cc:527] => Image sees 2783 / 9290 points
2026-05-14T09:15:24.167000+00:00 md1-baseline-e2e-20260514032448-sfm/algo-1-1778729134 COLMAP[mapper_spatial_sequential_only] I20260514 09:15:23.566533  4195 incremental_pipeline.cc:78] Retriangulation and Global bundle adjustment
2026-05-14T09:16:25.371000+00:00 md1-baseline-e2e-20260514032448-sfm/algo-1-1778729134 COLMAP[mapper_spatial_sequential_only] HEARTBEAT elapsed=12321s idle=60s
2026-05-14T09:17:24.811000+00:00 md1-baseline-e2e-20260514032448-sfm/algo-1-1778729134 COLMAP[mapper_spatial_sequential_only] HEARTBEAT elapsed=12381s idle=120s
2026-05-14T09:18:25.474000+00:00 md1-baseline-e2e-20260514032448-sfm/algo-1-1778729134 COLMAP[mapper_spatial_sequential_only] HEARTBEAT elapsed=12441s idle=180s
2026-05-14T09:19:24.872000+00:00 md1-baseline-e2e-20260514032448-sfm/algo-1-1778729134 COLMAP[mapper_spatial_sequential_only] HEARTBEAT elapsed=12501s idle=240s
2026-05-14T09:20:25.354000+00:00 md1-baseline-e2e-20260514032448-sfm/algo-1-1778729134 COLMAP[mapper_spatial_sequential_only] HEARTBEAT elapsed=12561s idle=300s
2026-05-14T09:21:24.936000+00:00 md1-baseline-e2e-20260514032448-sfm/algo-1-1778729134 COLMAP[mapper_spatial_sequential_only] HEARTBEAT elapsed=12621s idle=360s
2026-05-14T09:22:25.569000+00:00 md1-baseline-e2e-20260514032448-sfm/algo-1-1778729134 COLMAP[mapper_spatial_sequential_only] HEARTBEAT elapsed=12681s idle=420s
2026-05-14T09:23:25.208000+00:00 md1-baseline-e2e-20260514032448-sfm/algo-1-1778729134 COLMAP[mapper_spatial_sequential_only] HEARTBEAT elapsed=12741s idle=480s
2026-05-14T09:24:24.972000+00:00 md1-baseline-e2e-20260514032448-sfm/algo-1-1778729134 COLMAP[mapper_spatial_sequential_only] HEARTBEAT elapsed=12801s idle=540s
2026-05-14T09:25:25.525000+00:00 md1-baseline-e2e-20260514032448-sfm/algo-1-1778729134 COLMAP[mapper_spatial_sequential_only] HEARTBEAT elapsed=12861s idle=600s
2026-05-14T09:26:25.298000+00:00 md1-baseline-e2e-20260514032448-sfm/algo-1-1778729134 COLMAP[mapper_spatial_sequential_only] HEARTBEAT elapsed=12921s idle=660s
2026-05-14T09:27:24.805000+00:00 md1-baseline-e2e-20260514032448-sfm/algo-1-1778729134 COLMAP[mapper_spatial_sequential_only] HEARTBEAT elapsed=12981s idle=720s
2026-05-14T09:28:25.302000+00:00 md1-baseline-e2e-20260514032448-sfm/algo-1-1778729134 COLMAP[mapper_spatial_sequential_only] HEARTBEAT elapsed=13041s idle=780s
2026-05-14T09:29:24.845000+00:00 md1-baseline-e2e-20260514032448-sfm/algo-1-1778729134 COLMAP[mapper_spatial_sequential_only] HEARTBEAT elapsed=13101s idle=840s
2026-05-14T09:30:25.298000+00:00 md1-baseline-e2e-20260514032448-sfm/algo-1-1778729134 COLMAP[mapper_spatial_sequential_only] HEARTBEAT elapsed=13161s idle=900s
2026-05-14T09:31:25.669000+00:00 md1-baseline-e2e-20260514032448-sfm/algo-1-1778729134 COLMAP[mapper_spatial_sequential_only] HEARTBEAT elapsed=13221s idle=960s
2026-05-14T09:32:25.085000+00:00 md1-baseline-e2e-20260514032448-sfm/algo-1-1778729134 COLMAP[mapper_spatial_sequential_only] HEARTBEAT elapsed=13281s idle=1020s
2026-05-14T09:33:25.537000+00:00 md1-baseline-e2e-20260514032448-sfm/algo-1-1778729134 COLMAP[mapper_spatial_sequential_only] HEARTBEAT elapsed=13341s idle=1080s
