# Frame list with one line of data per frame:
#   FRAME_ID, RIG_ID, RIG_FROM_WORLD[QW, QX, QY, QZ, TX, TY, TZ], NUM_DATA_IDS, DATA_IDS[] as (SENSOR_TYPE, SENSOR_ID, DATA_ID)
# Number of frames: 1456
1 1 0.54551771288888418 -0.096025824814273963 -0.76140956673814753 -0.33681588082043568 2.5963207351949347 -0.17450101820179389 0.088330426687385874 1 CAMERA 1 1
2 1 -0.32467298166907166 0.056172047061507538 0.86069810494037802 0.38811200478093527 2.3005469625227537 -0.48347462707914968 1.0659122908573391 1 CAMERA 1 2
3 1 -0.13685188928365044 0.028926559919349445 0.90014754204316516 0.41251571737859405 1.8419124636092168 -0.71985926623732988 1.6446759649986491 1 CAMERA 1 3
4 1 0.11520662987295667 -0.015080111218405599 0.90149013848305748 0.4169119246276769 0.92953706120241797 -0.91794061023127094 2.2176871019909288 1 CAMERA 1 4
5 1 0.34499247138425843 -0.058406479239096351 0.8487161921232107 0.39654722682040278 -0.05539030602157996 -1.024199142464103 2.3589141511034124 1 CAMERA 1 5
6 1 0.56314804289289777 -0.10102032493924343 0.73984033389521631 0.35397098197010934 -1.0853146972510288 -1.0363491858919249 2.1098287932058022 1 CAMERA 1 6
7 1 0.84022616743093248 -0.15309881122171953 0.46510399555458348 0.23293564537439321 -2.3434546785810841 -0.85662933691295107 0.98012981334964755 1 CAMERA 1 7
8 1 0.72720638897707679 -0.1338055795806235 0.60414303412130621 0.29711635604038411 -1.8472716273996279 -0.96936911172305262 1.5975774363964583 1 CAMERA 1 8
9 1 0.94075865224719524 -0.16979970449366394 0.26038477852483816 0.13542889532325136 -2.6849125426674298 -0.6252317193407525 -0.064916006965423559 1 CAMERA 1 9
10 1 0.97992742548807488 -0.17759444885916342 0.077177365895646069 0.047393108192364329 -2.6208905971958449 -0.39896954878951074 -1.0067828487902202 1 CAMERA 1 10
11 1 0.9038823144998912 -0.16459604462249908 -0.36143645445647471 -0.15896097954806676 -1.0868574132388882 0.039428954984480027 -2.8688809566644045 1 CAMERA 1 11
12 1 0.96903266958440826 -0.17649281866227504 -0.15993505639686531 -0.065167077378781191 -2.0287247212304376 -0.13861359358882186 -2.1411321295416856 1 CAMERA 1 12
13 1 0.78395580835547352 -0.14083322818710103 -0.55410263327364262 -0.24197017209427099 0.21556339695964732 0.097500161013619496 -3.1684895540937328 1 CAMERA 1 13
14 1 0.5853307138421493 -0.10164714438932124 -0.73683129397311475 -0.32270025982704414 1.8249569766344083 -0.0047584418203483487 -2.7617658352049586 1 CAMERA 1 14
15 1 0.46328939638342875 -0.077828224959500744 -0.80811950368348762 -0.35531474830730775 2.5401870560377171 -0.15239891802796271 -2.2367631999510538 1 CAMERA 1 15
16 1 -0.41029642480897333 0.066481957720173304 0.83192143249509942 0.36761899194950398 2.7940964027842439 -0.2298201723255891 -1.9578969036256484 1 CAMERA 1 16
17 1 -0.38086724942579103 0.061143526973412063 0.84343963156755952 0.37391335269720383 2.9216993583905113 -0.28449613054231637 -1.7733929002994646 1 CAMERA 1 17
18 1 -0.23353852521508189 0.03251700851147709 0.8852489645413969 0.40091978271995249 3.279393242986488 -0.5265029984203291 -0.63899081930515245 1 CAMERA 1 18
19 1 -0.3290251089147036 0.051276699680109401 0.86064490434627472 0.38523178269241382 3.1093398886305263 -0.37901141479466738 -1.379691543921054 1 CAMERA 1 19
20 1 -0.11201892674773579 0.012651965190373406 0.90300737265935282 0.41457131201997049 3.2412234283538535 -0.75872293781496247 0.29141009278101293 1 CAMERA 1 20
21 1 0.058167251958816557 -0.012277541855793762 0.90464187280858455 0.42200582309598034 2.7608101477885509 -1.0995299951882658 1.4424769451276471 1 CAMERA 1 21
22 1 0.29432143628797569 -0.051772223816740494 0.86183852026997787 0.4097912809727744 1.459535766547625 -1.4102883170729674 2.5575432571389749 1 CAMERA 1 22
23 1 0.53735473222311392 -0.08915175744135917 0.7550137643581103 0.36504256126147627 -0.43503813434924932 -1.4925320226075061 2.834516524001288 1 CAMERA 1 23
24 1 0.66062447113445222 -0.10586081921853722 0.66695688468612468 0.32792881706627269 -1.4936015633374107 -1.4100648288886979 2.4795065265343337 1 CAMERA 1 24
25 1 0.8097041370259509 -0.13359895157307689 0.51026538491647166 0.25721541084795047 -2.6754310945027782 -1.0786989331721086 1.3866247439061414 1 CAMERA 1 25
26 1 0.91384548815551092 -0.15157909258338212 0.33415510811899357 0.17392689897597263 -3.134813662538122 -0.62048394657332706 -0.068243745644841647 1 CAMERA 1 26
27 1 0.97969023607300676 -0.16466243077533679 0.095352683584043987 0.063254967928970188 -2.6380737732353587 -0.087037434146306047 -1.8418928386738012 1 CAMERA 1 27
28 1 0.98107675557038665 -0.16583390224245864 -0.096925614668926102 -0.024350395634843945 -1.5173376768277789 0.24955604668971679 -2.8647586179505211 1 CAMERA 1 28
29 1 0.93350125202614598 -0.15905856219369402 -0.29912558011472307 -0.11747201189867812 0.10471160634170298 0.42674295583434485 -3.2679302052232586 1 CAMERA 1 29
30 1 0.85638178734964454 -0.14776243983904488 -0.45653140097486028 -0.19067138115766705 1.4900213044486541 0.40373766752871076 -2.9669292011601551 1 CAMERA 1 30
31 1 0.731717668520253 -0.12631417312104037 -0.61392323919253089 -0.26782875055412508 2.7814825915770016 0.18772217946041497 -1.9715075977212595 1 CAMERA 1 31
32 1 0.53852994078230909 -0.094837681552862596 -0.76303003461025787 -0.34463964270140102 3.4886065423316674 -0.27507241611153055 -0.22678858785962683 1 CAMERA 1 32
33 1 -0.31478521380412777 0.052085523158577895 0.86108772386450938 0.39588546229613597 3.113326463011814 -0.73825547125858149 1.6301153450384303 1 CAMERA 1 33
34 1 -0.10573717209290465 0.013939108795424947 0.90073849944528261 0.42106473053539573 1.9832162570845335 -1.0745325354634638 2.9051426740958068 1 CAMERA 1 34
35 1 0.11568191058717617 -0.025334394359148523 0.89790436198076662 0.42396181521602661 0.28227741277245638 -1.2632729855161737 3.5451062010562433 1 CAMERA 1 35
36 1 0.30794610260861877 -0.060275319956908602 0.85709463162684374 0.40856440878850375 -1.3349364662144698 -1.2328782353580343 3.3819881328932286 1 CAMERA 1 36
37 1 0.42446240745501412 -0.080904666575755291 0.81237882705943787 0.3915695863180535 -2.2949118678934832 -1.13182210101999 2.9271443729485833 1 CAMERA 1 37
38 1 0.53631568957488063 -0.097975021004819349 0.75454069995086537 0.36528715894838637 -3.1161391962499536 -0.93288582886955729 2.1979861912132814 1 CAMERA 1 38
39 1 0.69501048877715832 -0.12168008022217187 0.63709444913675395 0.31026608168795627 -3.8850784094755113 -0.47390959741802902 0.63751154955499323 1 CAMERA 1 39
40 1 0.58813668040735023 -0.10749023451044895 0.72046385535821222 0.35138714798166998 -3.4304038463030881 -0.82878419876414267 1.7553481888283731 1 CAMERA 1 40
41 1 0.77312399289863898 -0.13258191810130482 0.55610885086637096 0.27467120814735702 -3.9903014870557469 -0.15388649251849371 -0.43102810616269582 1 CAMERA 1 41
42 1 0.89600598417880817 -0.15358883964255032 0.36964595514367776 0.19221241504892156 -3.3019631588058642 0.42101047645404832 -2.361483273514172 1 CAMERA 1 42
43 1 0.9840123820901906 -0.17221136108218238 -0.045235284857437816 0.0040801974556873878 0.38050048545449783 1.0230127879975168 -4.1170130937916145 1 CAMERA 1 43
44 1 0.96274314180447029 -0.16670574368307706 0.18301233856476168 0.1088178379889386 -1.8564721232889183 0.82149339873861649 -3.6377437203294809 1 CAMERA 1 44
45 1 0.95796459674613033 -0.16722962887854712 -0.22013153628595719 -0.076682392624068077 2.1766891469533007 0.99450574052162199 -3.6339577347492651 1 CAMERA 1 45
46 1 0.9180145329012297 -0.16100585479120219 -0.33723062072497895 -0.13267230513764658 3.2346913326965292 0.80810472816575507 -2.8980901406897894 1 CAMERA 1 46
47 1 0.64262300893057744 -0.1135326973313965 -0.69185534414561722 -0.30900190583039816 4.4156870572629634 -0.3611042181115876 1.3523874567876952 1 CAMERA 1 47
48 1 0.8233788857868326 -0.14367900546561732 -0.50560020013271034 -0.21394389791393564 4.3107600121595269 0.39104514851164096 -1.2342485170201321 1 CAMERA 1 48
49 1 0.46839814845095057 -0.078551291924256667 -0.80186397776074636 -0.36255624423593225 3.3865966201618205 -0.84993202878313634 3.2286366374151654 1 CAMERA 1 49
50 1 -0.24634722167934148 0.037126267561987399 0.87965193033538513 0.40515079672267224 1.3037640556725685 -1.2569433056958128 4.5166690629973392 1 CAMERA 1 50
51 1 -0.0038405110833204838 -0.0018012913813745819 0.90562915218659434 0.42404934209802608 -1.3176694745428004 -1.3701314451649909 4.6380499097941525 1 CAMERA 1 51
52 1 0.286810127154976 -0.04707402204003653 0.86395712098575117 0.41122023358333548 -4.0554536670248469 -0.98249259143998779 3.0426279471238113 1 CAMERA 1 52
53 1 0.54207731617233401 -0.089379625095169404 0.75307561196917527 0.36199528804460779 -5.3495182169046878 -0.19757164508257818 0.27048377997355139 1 CAMERA 1 53
54 1 0.72521608552417194 -0.12136448649567036 0.60946778779327704 0.29644781388468416 -4.9444982166177711 0.54358420828598497 -2.3930601815512249 1 CAMERA 1 54
55 1 0.89965775241520596 -0.15300790731819533 0.36417719362709511 0.18595558732993167 -2.3877366906283211 1.3028688168497466 -5.006361657822386 1 CAMERA 1 55
56 1 0.9702233506481639 -0.16837645986789176 0.15010333817406366 0.088232678121028932 0.49400876359381118 1.507658093434191 -5.6346320244000792 1 CAMERA 1 56
57 1 0.74571743341021424 -0.12411932088495847 -0.5989252339192026 -0.26417507048540362 5.6955039143804456 -0.2865102829486168 1.4449535452486391 1 CAMERA 1 57
58 1 0.59679841070116268 -0.097814798829567659 -0.72694249101145336 -0.32529761277414976 4.6658397228965285 -0.80557580694372044 3.3172277942026374 1 CAMERA 1 58
59 1 -0.36857511362416134 0.063199219379819566 0.84329461197114741 0.38602129696060838 2.4405603379375473 -1.3399900279027741 4.9449137072956928 1 CAMERA 1 59
60 1 -0.15334424730157459 0.029400384561246839 0.89580665718129415 0.41611487855739998 0.15862945455937214 -1.5141852237256204 5.3717166393212796 1 CAMERA 1 60
61 1 0.13365889709759343 -0.018755012998692155 0.89633890242726133 0.42232703052204285 -2.7248760581370473 -1.3540287743900483 4.5747688070914991 1 CAMERA 1 61
62 1 0.27942549850463178 -0.046427736524189758 0.86597402346248509 0.41213450080631914 -3.907101677198149 -1.1350743062462005 3.6158835975484767 1 CAMERA 1 62
63 1 0.49665016160678682 -0.087929092404816861 0.77678856531739393 0.37710292557465347 -5.0746828988174801 -0.64161412588760769 1.5870715163057303 1 CAMERA 1 63
64 1 0.66918847203061282 -0.11807604498076456 0.65722953790678629 0.32602786844971754 -5.2607479789033418 -0.1087311753937187 -0.45202414054923062 1 CAMERA 1 64
65 1 0.81337680083498387 -0.14133817829956197 0.5039381182967374 0.25394501795851754 -4.608736324839942 0.47255525472589499 -2.4020378993598221 1 CAMERA 1 65
66 1 0.92755386916743454 -0.15821936903892705 0.30039348137081784 0.15612241159861018 -2.971184999230307 1.0291309653352825 -4.0935860369860979 1 CAMERA 1 66
67 1 0.98275039160652411 -0.1698652393438711 -0.071671547595567667 -0.014514045787762549 0.79426564247603881 1.2768290511053977 -4.8851617108096344 1 CAMERA 1 67
68 1 0.98069450100194144 -0.16869383271146929 0.082213143731091787 0.054969859991805717 -0.79792062564004174 1.2752347010738045 -4.8963348550327215 1 CAMERA 1 68
69 1 0.9655873956426011 -0.16679883130861442 -0.18716198094860917 -0.069206387982700748 1.9430815508747579 1.1762528966157162 -4.5665771866149472 1 CAMERA 1 69
70 1 0.93222030330773586 -0.16085175888168071 -0.30028388618893148 -0.12215402351447825 2.991032760450627 0.99500978565754039 -3.9942816840600859 1 CAMERA 1 70
71 1 0.8821217997410018 -0.15147040164838352 -0.41060152016322743 -0.17413856403973291 3.8888783939891951 0.75366296860124637 -3.180187537528151 1 CAMERA 1 71
72 1 0.80144008507714204 -0.13622125980484057 -0.53412850618068786 -0.23204374004465753 4.6676793666712877 0.40075154402510543 -1.958108018057851 1 CAMERA 1 72
73 1 0.71849736953369092 -0.12066412915114008 -0.62702413045710137 -0.27575793322020636 5.0100500845101585 0.063450471863845642 -0.82628785551253847 1 CAMERA 1 73
74 1 0.64395658957124491 -0.10542674728323458 -0.69266307991289122 -0.30728320720572438 5.0762609187347252 -0.21212950194528485 0.076017542697711202 1 CAMERA 1 74
75 1 0.51506647226881652 -0.08093729347455042 -0.77833739376693034 -0.34978076724381751 4.8332832643269255 -0.66157283024693314 1.4383448348986057 1 CAMERA 1 75
76 1 -0.39302484043904479 0.059476284663499773 0.8357765286049913 0.3787765048065681 4.2861616065151358 -1.0379678947353557 2.5403250222629339 1 CAMERA 1 76
77 1 -0.27010704276317204 0.037735221228674939 0.87484694748158742 0.40032618826490207 3.5111464926399876 -1.3648066229301818 3.4207803680568225 1 CAMERA 1 77
78 1 -0.12709884675389574 0.013317164621456825 0.90043134988215356 0.4158027422103871 2.4267865811670832 -1.6614361965900637 4.1168383810500124 1 CAMERA 1 78
79 1 0.035383083086400223 -0.015145341516152719 0.90566317598384971 0.4222474010914769 1.0133515217870159 -1.8818370249620457 4.5464905408514831 1 CAMERA 1 79
80 1 0.22138716523933177 -0.045811034071445218 0.88152389347102966 0.41449330207407997 -0.71200354838941493 -1.9887667199051899 4.5350234114401458 1 CAMERA 1 80
81 1 0.37428646290262563 -0.07269422616174967 0.83496565130427491 0.39680921651672091 -2.0813842485145035 -1.975155485539196 4.0771028002334671 1 CAMERA 1 81
82 1 0.53614124056557355 -0.10180526711785459 0.75437988082204199 0.36482770339269993 -3.4257492854918463 -1.8323999225564547 3.1060334674364407 1 CAMERA 1 82
83 1 0.78653728528850197 -0.14312714621163536 0.53744924227027679 0.26836920622793542 -4.7886205343453581 -1.2702416161494763 0.42624350888675594 1 CAMERA 1 83
84 1 0.67282728367633271 -0.12564602182414589 0.65401651636447777 0.32214735737386829 -4.3315885883548644 -1.5944567529711446 1.8433795724191975 1 CAMERA 1 84
85 1 0.87874636648440152 -0.16092204652881242 0.40017148401443381 0.20438126556298269 -4.7670660526499855 -0.91658413753241008 -1.1074840537600097 1 CAMERA 1 85
86 1 0.91501096470618049 -0.16747170746075074 0.32541250288027485 0.16974941719146139 -4.5610129234231058 -0.7449998743791687 -1.8340597699564771 1 CAMERA 1 86
87 1 0.98281187822612237 -0.17817538763826241 -0.047562273697571635 -0.0084954916463804396 -2.1976456848503063 -0.024785692910053184 -4.4016851601703539 1 CAMERA 1 87
88 1 0.96424527217254352 -0.17445022032151897 0.17378356250753721 0.097966571466291619 -3.8401156121093916 -0.38317428152638133 -3.0773949737531261 1 CAMERA 1 88
89 1 0.9418148552011788 -0.17090479021990074 -0.26651828163961239 -0.11289081784690329 -0.12605655573473726 0.096043472688927059 -4.9095560072702407 1 CAMERA 1 89
90 1 0.86014665718503103 -0.15628726204365909 -0.44448236904875671 -0.19533930342129915 1.6731568069136957 0.0032232925237386258 -4.6207440126924757 1 CAMERA 1 90
91 1 0.70265491964763471 -0.12529582785502646 -0.6399147480895585 -0.28475627226555805 3.5980906586906189 -0.28548810941448932 -3.3515798974079205 1 CAMERA 1 91
92 1 0.4777634974513546 -0.081144604710301077 -0.79857497392447163 -0.35698123851399827 4.7470560253889609 -0.82265400824909951 -1.2135120221976281 1 CAMERA 1 92
93 1 -0.27602886132344817 0.043326821453254914 0.875368695650245 0.39453833899233043 4.7783831262009269 -1.3172971993774287 0.64016121451710062 1 CAMERA 1 93
94 1 -0.038086596664325179 0.0012741670044197019 0.90926175987714963 0.41447658519882941 3.9741575415671537 -1.8769813470136771 2.4974831519702461 1 CAMERA 1 94
95 1 0.21407919148564872 -0.040523429477799633 0.88635650243858433 0.40853408917867401 2.2561077428693768 -2.377565744853936 3.9294776433239669 1 CAMERA 1 95
96 1 0.44909598107115722 -0.083128418713759603 0.80582699424902093 0.37688900372320927 0.045471005457490547 -2.6144541516074407 4.4709233326583266 1 CAMERA 1 96
97 1 0.63159239646643595 -0.1184224198410611 0.69116380171288516 0.33069589414833023 -1.9310751834237663 -2.6038711292383869 4.1159914752923905 1 CAMERA 1 97
98 1 0.74606682609947306 -0.13863038917170178 0.58513944949283303 0.28596805912406675 -3.2409917667968791 -2.4813593242206475 3.3573858285887241 1 CAMERA 1 98
99 1 0.88192687670823577 -0.16004049869911366 0.39643641935928303 0.19857036113525578 -4.7037499021673241 -2.0844932146283837 1.552436076495304 1 CAMERA 1 99
100 1 0.95659181350596456 -0.17146855237805073 0.20799364674196619 0.11076678560707545 -5.2154288728899934 -1.5955521798139276 -0.43250785394212554 1 CAMERA 1 100
101 1 -0.19202902922319579 0.029988943530025736 0.89429381636272032 0.40306833814745491 5.2424698656669957 -1.6237586651674252 0.46674240177181575 1 CAMERA 1 101
102 1 0.038113901979881279 -0.011679549322682829 0.90813987432776655 0.41676478649165583 4.1293838411180213 -2.2442736871502684 2.7861337410035345 1 CAMERA 1 102
103 1 0.27479334593162441 -0.050788891692824224 0.87127994600730008 0.40346048282060237 1.9015110474287582 -2.6769562911925933 4.3035535061286785 1 CAMERA 1 103
104 1 0.49066876706782525 -0.084759872087541516 0.78539713706232017 0.36771084047408098 -0.73475710011785655 -2.7727693177396828 4.5357107321777583 1 CAMERA 1 104
105 1 0.67727585367710341 -0.1173180004226437 0.65647629425969201 0.31076161261945745 -3.1313338775924495 -2.5054067435858811 3.5198111442120266 1 CAMERA 1 105
106 1 0.84313218809828061 -0.14791691323028372 0.46562770130075481 0.2245874973243287 -4.8199668331790049 -1.8723404927966041 1.1964447646624874 1 CAMERA 1 106
107 1 0.93230946821861393 -0.16602814812409131 0.28631563837473989 0.14579802715563547 -5.0156256069721081 -1.2590887998136164 -1.1267597488473913 1 CAMERA 1 107
108 1 0.98164853704258082 -0.17617076315390495 0.057321319807811778 0.045213695131255068 -3.8510646788602405 -0.58403831552477059 -3.5705889265213644 1 CAMERA 1 108
109 1 0.98239845525317515 -0.17696056839555913 -0.059599637923937784 -0.0051103335146968718 -2.7808733589431931 -0.33816430350908955 -4.4890986463074913 1 CAMERA 1 109
110 1 0.93655301605576258 -0.1698095794421057 -0.28668469494763227 -0.10883492329823623 -0.1080877573746846 -0.066813443824655094 -5.3076831293227524 1 CAMERA 1 110
111 1 0.85677306730742919 -0.15488232598304036 -0.45523107420449049 -0.18632242300197924 2.1516631362839242 -0.089157333274338585 -4.8784217068207267 1 CAMERA 1 111
112 1 0.70096101641553388 -0.13079044591634814 -0.64202547747220495 -0.28169273863429956 4.3725179868194353 -0.55331747238079587 -3.1009738776297735 1 CAMERA 1 112
113 1 0.53436260022938065 -0.098514223659874556 -0.7665269307859236 -0.3423273631959608 5.2634801181281743 -1.080912323749603 -0.84629861821553898 1 CAMERA 1 113
114 1 -0.28600606672724443 0.049197997515708844 0.87160404257114066 0.39507781487866495 4.7261973756244053 -1.7876769552353158 2.1406301277881692 1 CAMERA 1 114
115 1 -0.078202162020552232 0.0093023672639192621 0.90625425214809729 0.4153325393971577 3.1339663163801257 -2.2565872777513936 3.9678852687254964 1 CAMERA 1 115
116 1 0.01270153827822627 -0.0052846340493138654 0.90850049568456726 0.41765726727692298 2.1943528968393347 -2.3944016036999964 4.5056006546077949 1 CAMERA 1 116
117 1 0.21699133489028505 -0.038500042460235043 0.88389793139414841 0.41250085356304156 -0.19588085051483617 -2.517461022454198 4.9586891796859138 1 CAMERA 1 117
118 1 0.51759302941838004 -0.087507066361970198 0.76988716705343874 0.36292384771554542 -3.7565531018257641 -2.0779917822962086 3.6108714618637974 1 CAMERA 1 118
119 1 0.70203298394389235 -0.1201738389708733 0.63392030212785089 0.30141829478645077 -5.3137155373462299 -1.4185704576548059 1.3380888890807905 1 CAMERA 1 119
120 1 0.795814458019659 -0.14014009890124399 0.52983275299616084 0.25752156208623639 -5.5921234642502364 -0.94773373979892694 -0.36950557424009178 1 CAMERA 1 120
121 1 0.8988364008341142 -0.1603444998287431 0.36506844267536659 0.18195548376685053 -4.9749624472848177 -0.22151603323372371 -2.7128979855070288 1 CAMERA 1 121
122 1 0.9670783358645676 -0.17589709714362803 0.16001581210720878 0.090634669931181827 -3.10831870367771 0.36865111533050365 -4.7633239417782818 1 CAMERA 1 122
123 1 0.98270213343770674 -0.18261886067339902 -0.029318221101715385 0.0093440127761251837 -0.74970519892219645 0.66821042137304809 -5.6429137754213361 1 CAMERA 1 123
124 1 0.95339677917725585 -0.18251036843954421 -0.22706033223938896 -0.078537585841653643 1.9038297978837064 0.70048204237354517 -5.3945207130414472 1 CAMERA 1 124
125 1 0.89350928151531794 -0.17109897856604256 -0.38703328195053244 -0.150238284209575 3.8866843341968385 0.59755990204481024 -4.2197614072778853 1 CAMERA 1 125
126 1 0.51903227990665146 -0.097610478348729615 -0.78055490355758173 -0.33438260939177172 5.3382681295494905 -0.55977496195937682 2.3688372849170274 1 CAMERA 1 126
127 1 -0.27057573925889644 0.049349214613787523 0.88091250277388777 0.38515787256415956 3.0753108459278899 -1.0686231273003879 4.9441328494579837 1 CAMERA 1 127
128 1 -0.088598690802579358 0.013795524064780662 0.91036314067299162 0.40397884549547142 0.80373223284995465 -1.2982535321292306 5.7772143205080688 1 CAMERA 1 128
129 1 0.12782707461447826 -0.026087769798686437 0.90427568420750226 0.40652817148813808 -2.0050040677368259 -1.2595972582863146 5.5479542786982625 1 CAMERA 1 129
130 1 0.36651192297426272 -0.068354395184264574 0.84475845184412457 0.38390082705644096 -4.6790429936179292 -0.85060244889733916 3.8101972522744401 1 CAMERA 1 130
131 1 0.9759582285404822 -0.18152780651932279 0.1056594068011848 0.058217534805494325 -0.35352887159693114 1.5761250030479943 -5.7314265561279987 1 CAMERA 1 131
132 1 0.97141057515851215 -0.18250386626517826 -0.14144177322445994 -0.055209220747908384 2.5768051872179325 1.3669622804014987 -5.0834896049083884 1 CAMERA 1 132
133 1 0.91994247936447782 -0.17332245373627322 -0.32385151993270428 -0.13705967579434933 4.2831123177882064 1.0263926384473592 -3.7259027848191661 1 CAMERA 1 133
134 1 0.80173867690513911 -0.15048345381030379 -0.53200985487109487 -0.22701396081244854 5.5110107496328098 0.46356171308047334 -1.3363901619699388 1 CAMERA 1 134
135 1 0.71929984745590148 -0.13232293622835944 -0.62750146658586481 -0.26709601163329155 5.6197285477486627 0.1863172097175772 -0.014090468863118879 1 CAMERA 1 135
136 1 0.52658385393285045 -0.095380927594044998 -0.77676788778123151 -0.33202947450551784 4.9592386226685932 -0.39460101270822817 2.4715492504430485 1 CAMERA 1 136
137 1 -0.39875805458983271 0.072959640205353726 0.83903723439674771 0.36288486341633813 4.0596401103497675 -0.75329651823667454 3.6383882184682079 1 CAMERA 1 137
138 1 -0.31490969602816404 0.058933142459386419 0.86795464703778213 0.37949110497194816 3.3866135749840258 -0.9926439338068056 4.1686506815253903 1 CAMERA 1 138
139 1 -0.16221767109232238 0.033148519223248588 0.90161111869248756 0.3996047966538569 1.9767808713306751 -1.2991054182853212 4.8700880980846391 1 CAMERA 1 139
140 1 0.030358845761554707 -0.0042592370855918209 0.91152139653594766 0.41010845277881169 0.049104142800857953 -1.5006710794341132 5.1433448253723748 1 CAMERA 1 140
141 1 0.17710989328184257 -0.035729683092569263 0.89484902997259474 0.40816747666234415 -1.4032787499090387 -1.5546451009907196 4.8871956044556759 1 CAMERA 1 141
142 1 0.49946349386956518 -0.098215593033844167 0.77794933676990341 0.36835410272709695 -4.1276038134311523 -1.3465309177258646 2.9299162603986879 1 CAMERA 1 142
143 1 0.34849616098295816 -0.069515711407906799 0.84773710488403609 0.39377632312065919 -2.9581241499502671 -1.5087674006757505 4.0910776753406841 1 CAMERA 1 143
144 1 0.61000878824066529 -0.11681049204599606 0.70595015419557949 0.34040999839658831 -4.7534686777779056 -1.1565485235434028 1.8081056854744961 1 CAMERA 1 144
145 1 0.69328557609864683 -0.12823706101210508 0.63597632714033692 0.31375862932138199 -5.0359422281059594 -0.98033503177380754 0.81370119427480059 1 CAMERA 1 145
146 1 0.90569538574950126 -0.16490757944867399 0.34795231514308622 0.17734301468907093 -4.3966901852074889 -0.13430157724204889 -2.5786921559021398 1 CAMERA 1 146
147 1 0.8070344705347906 -0.14774234977371542 0.51059453470698912 0.25721738389798787 -5.0373368379654506 -0.61328087600462078 -0.80880465599146145 1 CAMERA 1 147
148 1 0.94726430176456311 -0.17156374076258202 0.23972846427206401 0.12564429503882021 -3.6845416434015847 0.1189546078741765 -3.4845989871557776 1 CAMERA 1 148
149 1 0.97084490517088007 -0.17511074889337822 0.14232412725426768 0.080871741214446846 -2.8972037711045591 0.27308386038558202 -4.1431212170570451 1 CAMERA 1 149
150 1 0.9805612561426359 -0.17625024896026728 0.070035469080306986 0.050304132674376403 -2.2324739200414778 0.37022820562450814 -4.5286353646023283 1 CAMERA 1 150
151 1 0.98220596236404578 -0.17580673816932924 0.051412159073527933 0.041475633933407363 -2.0428877784471049 0.41855839449137766 -4.61075885505364 1 CAMERA 1 151
152 1 0.98222063183564812 -0.17615707849952092 0.051725972201385868 0.039188491814760862 -2.0366070594281545 0.41582386808243849 -4.6160216335663904 1 CAMERA 1 152
153 1 0.9832972547062887 -0.17569482659859584 0.036444349336502729 0.030490099950710649 -1.9001385501838539 0.43104187958958051 -4.658900422627104 1 CAMERA 1 153
154 1 0.9842598963519491 -0.17584916295998049 0.0085633404274059865 0.015368718887702641 -1.6629981040138726 0.43276279001137952 -4.7173661299189442 1 CAMERA 1 154
155 1 0.98064632818535935 -0.17597029669864189 -0.080921476994918917 -0.028617272010543711 -0.80199239548496359 0.45771939393552658 -4.8953261033627076 1 CAMERA 1 155
156 1 0.96504993779347736 -0.17355694601655897 -0.18096255431618069 -0.076217832490658624 0.15410899042410406 0.42964534263646481 -4.9068293287105771 1 CAMERA 1 156
157 1 0.92351123153272774 -0.16553489423781848 -0.31807182271423862 -0.13621864636613079 1.4537342542091074 0.33338164490938371 -4.6285511771305874 1 CAMERA 1 157
158 1 0.84244526346950266 -0.15128703204535945 -0.47371778854171842 -0.20733950133018647 2.8741295523117314 0.12651456250271728 -3.8507712054639156 1 CAMERA 1 158
159 1 0.76106416104293839 -0.13832070384209955 -0.57931459762081938 -0.25698895433084812 3.707568906748544 -0.1160397674001634 -3.0008136361676963 1 CAMERA 1 159
160 1 0.60290608018029357 -0.10740935037714042 -0.72098348117500244 -0.32426888504136364 4.4707636976704554 -0.53700454869549741 -1.3381472683589346 1 CAMERA 1 160
161 1 -0.39616800961495785 0.065724478325193889 0.83495317099103705 0.37627703007042018 4.4732563161211463 -1.0300686024603991 0.60054099801810845 1 CAMERA 1 161
162 1 -0.21760807629830556 0.031948743637260336 0.88820455040982593 0.40338403481177881 3.8958596184394616 -1.4166216651482051 1.9323555742582603 1 CAMERA 1 162
163 1 -0.006270701793877064 -0.0049725010242238216 0.90849019157715805 0.41782953981339704 2.760423277449473 -1.799145788057271 3.0921202443184286 1 CAMERA 1 163
164 1 0.25981958817133644 -0.046122040940226323 0.87405608508923271 0.40791236688836635 0.79195800155375118 -2.1083691091130659 3.8660812505051672 1 CAMERA 1 164
165 1 0.45667266194890194 -0.080573095970812414 0.79965090391040694 0.3814662342979408 -0.82999370204703027 -2.1697817062471949 3.788846940076267 1 CAMERA 1 165
166 1 0.67006189969082441 -0.11675954699777916 0.65779058687463321 0.32356730766058944 -2.6574389935051097 -2.005709053305333 2.9014528118292984 1 CAMERA 1 166
167 1 0.7959600144903185 -0.13634478668214078 0.52590099058967177 0.2669941995137261 -3.5778766839966116 -1.7821106098250885 1.8569514121605231 1 CAMERA 1 167
168 1 0.91621805609254314 -0.15330662062132255 0.32701852652992014 0.17349477533883115 -4.2073383004350253 -1.3111202448815433 0.12626877458140282 1 CAMERA 1 168
169 1 0.97533811087060185 -0.15968473353430745 0.13034572117932655 0.07890721341983975 -4.0750882556292813 -0.83510816336535443 -1.512024373056819 1 CAMERA 1 169
170 1 0.96709370203974532 -0.15360391349380809 -0.18656391290933155 -0.079558253087951489 -2.5711349700477619 -0.15234728906965089 -3.6554888252804387 1 CAMERA 1 170
171 1 0.92556169259305643 -0.13980007602782046 -0.31981227387942196 -0.1466683381748283 -1.5453097898019716 0.088833114497272117 -4.2204318620192565 1 CAMERA 1 171
172 1 0.83206412171510802 -0.12050371263861322 -0.48905317092877854 -0.23232552291834715 0.054731683363044348 0.26599870677432069 -4.5116433713718598 1 CAMERA 1 172
173 1 0.67768489795432363 -0.09346292064234174 -0.65597443280216727 -0.31891284868991499 1.9893509456787914 0.20524823562027153 -4.1027640292275169 1 CAMERA 1 173
174 1 0.50421338341563027 -0.064126606277296466 -0.77094040848119905 -0.38380662959719852 3.4293963299722106 -0.074008428324671818 -3.0825071625383327 1 CAMERA 1 174
175 1 -0.42013503125426022 0.048223170909571775 0.80810516986705061 0.41003306663555 3.9034980565074808 -0.24017585264919075 -2.4916337639100239 1 CAMERA 1 175
176 1 -0.35596169635856034 0.03718752400322433 0.82878505835765826 0.43014379668564195 4.1714280421419456 -0.40493984188790877 -1.9892829542547368 1 CAMERA 1 176
177 1 -0.30184577530653794 0.029489229479149517 0.84461545596541354 0.44118504600525377 4.3169607857304344 -0.56271350799718789 -1.5162253055429773 1 CAMERA 1 177
178 1 -0.28402462350700752 0.025620901798013886 0.84820041400037705 0.44635147621840393 4.3387688858251359 -0.61368073027526526 -1.2864985399520679 1 CAMERA 1 178
179 1 -0.20769937427076315 0.016591895678109526 0.86397369876979391 0.45840498116772432 4.3826963070368254 -0.86716014745986059 -0.55548518772777444 1 CAMERA 1 179
180 1 -0.070236908643844548 0.0015291130856160892 0.87861796582455254 0.47232923751092648 4.1499267703472631 -1.3410124616624299 0.66369593796250725 1 CAMERA 1 180
181 1 0.057346406605392142 -0.0086945851909934636 0.87639729611226369 0.47808322832423122 3.5638627101294627 -1.7542835319169929 1.6665293614800394 1 CAMERA 1 181
182 1 0.26371359644183345 -0.026214826156014767 0.8426672212904347 0.46870019853204825 2.1280215874214377 -2.2549530043872301 2.8099968411525609 1 CAMERA 1 182
183 1 0.48993004540230189 -0.043212842479728321 0.75721928026250229 0.42979083570460042 0.026043229222561363 -2.4589957158902034 3.2377999538342186 1 CAMERA 1 183
184 1 0.69075051682109179 -0.058668253042831048 0.62337823535325176 0.3616923212955494 -2.0166045630060094 -2.1735265930565828 2.617626544461428 1 CAMERA 1 184
185 1 0.83277487632050562 -0.067081105358881232 0.47101392487993343 0.28307598492701158 -3.2735955991418852 -1.5563372282415868 1.3251322869232522 1 CAMERA 1 185
186 1 0.95209478933384151 -0.078481745236705244 0.24947065943650357 0.15849453576784572 -3.6780275361215136 -0.53235115655156162 -0.7165824403222143 1 CAMERA 1 186
187 1 0.99337974577941834 -0.082210252998193109 0.058969010860484859 0.054413332330665226 -2.9773796886625559 0.24426976217106341 -2.2478128558814654 1 CAMERA 1 187
188 1 0.9881873685011846 -0.08081897395558707 -0.12148388225264298 -0.046858132018853242 -1.6491654997456906 0.78610920317465161 -3.2264786906594471 1 CAMERA 1 188
189 1 0.9226869862930086 -0.072382549165694532 -0.33578427527435445 -0.1750954379196612 0.41548848722273918 1.0650058983989377 -3.5102543329145637 1 CAMERA 1 189
190 1 0.83665178029964726 -0.061049802861644603 -0.4758015919289062 -0.26438525906317811 1.9087439520107226 0.94949179322252297 -3.013865065912722 1 CAMERA 1 190
191 1 0.70213565760869201 -0.043647178629366921 -0.61379745282827436 -0.35826404928994521 3.1489292362808055 0.50262616466570476 -1.8827246451311852 1 CAMERA 1 191
192 1 0.51264300917535655 -0.02743942431156024 -0.73671542667903345 -0.44010749054090781 3.6903757752867814 -0.32803753598273161 -0.18601168409136837 1 CAMERA 1 192
193 1 -0.28093944621493205 0.010386238353131065 0.81956359773539633 0.49928014468866366 3.1289862776050836 -1.2413379181324586 1.5771703306267546 1 CAMERA 1 193
194 1 -0.071088007500655567 -0.0014936247020864192 0.84864093827175446 0.52416869628400387 1.852427802804439 -1.8438587229436258 2.6788140626962278 1 CAMERA 1 194
195 1 0.15354565868943928 -0.0099733307748359826 0.83702338558112133 0.52508676936407339 0.037845325120060835 -2.122577210444184 3.1264674279738704 1 CAMERA 1 195
196 1 0.39130910676073677 -0.018073275656191851 0.77556161311952199 0.49503002325981682 -1.9796986082390993 -1.9031739565474355 2.6691215296152162 1 CAMERA 1 196
197 1 0.69240200250726691 -0.030107924717245091 0.59900527923719282 0.40108060940304774 -3.7988204813741433 -0.73627466663409802 0.53318085938564574 1 CAMERA 1 197
198 1 0.59797922506294499 -0.027979510107704955 0.67005041794593323 0.43894240034169996 -3.4126658593542145 -1.2227126859432349 1.4077767919711914 1 CAMERA 1 198
199 1 0.81657894723268432 -0.036126963104580551 0.47657808117527994 0.32367730537757766 -3.7976844822758831 0.14235194544519261 -0.93186243488180653 1 CAMERA 1 199
200 1 0.93531448240670056 -0.040945452712433064 0.28687351458901356 0.20301200833893257 -2.7411743954720951 1.1751698785944416 -2.571855840702177 1 CAMERA 1 200
201 1 0.99061536594355615 -0.043190219520288953 0.097712756726254707 0.085252676598798649 -1.0022602834554029 1.7503919711329623 -3.4350230032074411 1 CAMERA 1 201
202 1 0.99324620413092113 -0.041935702444007045 -0.10084140460128992 -0.039171238914329012 1.0822557905184524 1.8518920557376215 -3.428081340473029 1 CAMERA 1 202
203 1 0.94349739874794358 -0.037419990154592686 -0.28831722590315179 -0.15901440230433628 2.8933897216809825 1.4424426111390984 -2.5457020777541213 1 CAMERA 1 203
204 1 0.89662171284024772 -0.034075496909283888 -0.38252806825959174 -0.22041016666068516 3.6132415697764628 1.0335630321745337 -1.7730469262207242 1 CAMERA 1 204
205 1 0.67492473083794524 -0.022528437097626447 -0.62935999503464524 -0.3845452819568288 4.0624616254461543 -0.62278257718248731 1.1061851356626671 1 CAMERA 1 205
206 1 -0.47948092219842603 0.013684492580969154 0.7443214151524179 0.46464654400527966 2.9132338087732976 -1.6195473891684249 2.7642171475959998 1 CAMERA 1 206
207 1 -0.29717860420851999 0.0064616119261909502 0.80724693873089681 0.5098975433178583 1.3246531311305649 -2.1380761308576086 3.5979285699260566 1 CAMERA 1 207
208 1 -0.082047470678604684 -0.0010189965161124198 0.83795465570094496 0.53953606847962876 -0.81006099802087383 -2.2327523825144695 3.8110169288729545 1 CAMERA 1 208
209 1 0.14161175960685515 -0.0093158105629407902 0.82925479066784202 0.54055140122752376 -2.8751994712626892 -1.7731385805832469 3.119489493930915 1 CAMERA 1 209
210 1 0.35586876244317062 -0.016590600969881179 0.78000305358731048 0.51446808673725897 -4.3203360012861376 -0.84523611926605402 1.6859636909682196 1 CAMERA 1 210
211 1 0.55439605267216208 -0.022779758348155286 0.69226027580730798 0.46141284109820241 -4.8171314663383384 0.38670151835159927 -0.19025946452951251 1 CAMERA 1 211
212 1 0.719584685192457 -0.030012689236526391 0.57512269190098853 0.38798325812053402 -4.2430644561417052 1.5771558640528842 -2.0217031361036866 1 CAMERA 1 212
213 1 0.80989588650487931 -0.033997657683411814 0.48346679545113491 0.33041287806429087 -3.3420126331669198 2.2464810931722066 -3.0236658640952583 1 CAMERA 1 213
214 1 0.89933967158512795 -0.036822732732994516 0.3568488988159404 0.24998220912912894 -1.7525344057781138 2.8712479728939422 -3.8470682159693279 1 CAMERA 1 214
215 1 0.95314801576678687 -0.035587617279902048 0.24365225932626972 0.17571556010035241 -0.20822269104120897 3.150839914085843 -4.0884403359047594 1 CAMERA 1 215
216 1 0.98393611381755786 -0.034406020168261074 0.13945874510674272 0.10600569850265427 1.1803529391114742 3.1546738571848274 -3.9720346193833214 1 CAMERA 1 216
217 1 0.99296462523433726 -0.033575228773046362 0.088462525120352062 0.071192265699309129 1.8289569097103975 3.0759764349162384 -3.8041269289241528 1 CAMERA 1 217
218 1 0.99581085091572763 -0.033151087207654292 0.06569236668205565 0.05427953182513108 2.0881074554137693 3.0196202760987152 -3.6487823396907459 1 CAMERA 1 218
219 1 0.99927091857902084 -0.033492305690160706 0.0046639432720247563 0.017724118453456263 2.6971601629842059 2.8629883553027407 -3.2800559688508688 1 CAMERA 1 219
220 1 0.99875908455128082 -0.034022845181063383 -0.03532500160547123 -0.0086533978093206228 3.0836783259439366 2.7203902778956133 -3.0337249909053772 1 CAMERA 1 220
221 1 0.99540551002174149 -0.033554714969878344 -0.080289169984164591 -0.039944973462263271 3.4313334118927452 2.5087445111250464 -2.7201813562916382 1 CAMERA 1 221
222 1 0.98493200854536944 -0.033968468169689507 -0.14546140542224645 -0.087155385637228092 3.8599975543799174 2.154192680106279 -2.2258389934476779 1 CAMERA 1 222
223 1 0.95712786332135769 -0.035272733587960396 -0.24325194382660092 -0.15326636729467255 4.3197265493466954 1.6163480115273821 -1.4006719168741537 1 CAMERA 1 223
224 1 0.89192852356106422 -0.035894519261053873 -0.38054044854030383 -0.24158654633472967 4.58509605917948 0.81075154997728005 -0.11993499490087112 1 CAMERA 1 224
225 1 0.76194385118292018 -0.030089659954807047 -0.54702741787898113 -0.34539424444683298 4.2023795609166523 -0.18733780114778412 1.5568138617639333 1 CAMERA 1 225
226 1 0.62821496216218764 -0.021691255989211931 -0.65857121490681325 -0.41371415932420752 3.3454791361516629 -0.78747524085083209 2.617361947732963 1 CAMERA 1 226
227 1 -0.47324614206558474 0.013614051243508177 0.7456606147927396 0.4688741773393939 2.1907885035601642 -1.226203186502653 3.2919259049696916 1 CAMERA 1 227
228 1 -0.33840730629081267 0.010336568657525389 0.79518714443009775 0.50304180316400293 1.1534294790209769 -1.4471003643044351 3.5822684483532274 1 CAMERA 1 228
229 1 -0.13879296579011458 0.0088355667562895375 0.8340892032200532 0.53381049678609371 -0.29100468652069961 -1.5167935375088122 3.5282931931312445 1 CAMERA 1 229
230 1 0.1125316755754253 0.004924342529488388 0.83383346623050747 0.54040181664836828 -1.8629066874567415 -1.2466728517380807 2.9150788074355996 1 CAMERA 1 230
231 1 0.3761078548921068 -0.00286111644674117 0.77600879185248484 0.50630529373963995 -3.0076970603645483 -0.59869019240605714 1.7172427447463368 1 CAMERA 1 231
232 1 0.58164672002827011 -0.01725081328508157 0.67909259160831126 0.44746257334448203 -3.332706201233981 0.053866297978292413 0.47086191571509961 1 CAMERA 1 232
233 1 0.73731129221205505 -0.029848884273880587 0.56052302432523127 0.37589232725009236 -3.1183438332319295 0.59887637759577783 -0.57588775690611704 1 CAMERA 1 233
234 1 0.82347943577883576 -0.035083224824337615 0.46767027716857906 0.31927307753451389 -2.7579465945090429 0.90645523643962977 -1.1607567770465128 1 CAMERA 1 234
235 1 0.93433800200635875 -0.040396368809995975 0.28929469441360495 0.20417936031311124 -1.8095415456075616 1.3283650254031214 -1.9506448208924967 1 CAMERA 1 235
236 1 0.99257692773997197 -0.040703208526019483 0.09076633871145906 0.069969729818562948 -0.61399444474768206 1.5131623447059752 -2.314862301202004 1 CAMERA 1 236
237 1 0.99114610126362723 -0.040873651660290694 -0.11016800795192221 -0.061820389628100512 0.53002920125606789 1.434471231363543 -2.2367861499479829 1 CAMERA 1 237
238 1 0.93629467552378576 -0.041653976914951263 -0.29740808275231911 -0.18211441213305291 1.4354570991168822 1.163124674466647 -1.83308950024763 1 CAMERA 1 238
239 1 0.81774945396094945 -0.040423589137252941 -0.48873394266515502 -0.30131527886053944 2.1169344107797925 0.70813125025393464 -1.1138804068821271 1 CAMERA 1 239
240 1 0.62252188276368348 -0.033455268404090188 -0.66598196536050036 -0.40965262395221447 2.364654496155481 0.14839306729601748 -0.15357839035376822 1 CAMERA 1 240
241 1 -0.44981404250159235 0.022696059399868535 0.76140357882585274 0.46627975101571467 2.1965879847857024 -0.23215944798170166 0.46504472276209025 1 CAMERA 1 241
242 1 -0.14905071967991207 0.0060428197005300928 0.84210971674618074 0.5182649826629564 1.5939571845658873 -0.73350835780834578 1.2402338870093512 1 CAMERA 1 242
243 1 0.059636875183212763 -0.0078995401367769006 0.84896835378217472 0.52500835675291269 1.0626136223837521 -0.96751120894301235 1.5263288218814184 1 CAMERA 1 243
244 1 0.35992341698543684 -0.025245905378570053 0.79166598425860191 0.49303422552090936 0.086207202693283247 -1.1592453186885401 1.7030203441856959 1 CAMERA 1 244
245 1 0.5927847192462421 -0.085239204358364282 0.70510552289588457 0.37969297629825616 -0.73826686346035275 -0.91913387803595159 1.679420973284905 1 CAMERA 1 245
246 1 0.75923102721041913 -0.10145777931865835 0.56082841357126789 0.31423885321180989 -1.3384183813649959 -0.86704107080945891 1.2883240318885729 1 CAMERA 1 246
247 1 0.86635142996506864 -0.10537193888834992 0.42203894734991737 0.24538761421914618 -1.7116660344457721 -0.77976016982860974 0.88785526263932824 1 CAMERA 1 247
248 1 0.76560236088570754 -0.071061873323921401 -0.56647024497531373 -0.29650412598062431 -0.045733434154039319 0.47399972271726809 -2.0991515153606053 1 CAMERA 1 248
249 1 0.68747454939400787 -0.065188819737037842 -0.63873694535224745 -0.33932915636425659 0.50889536868512564 0.42962272676625873 -1.9267180263959698 1 CAMERA 1 249
250 1 0.54833707265221776 -0.051003851797502463 -0.73506854124893783 -0.39547351557743249 1.1826042631262828 0.28670079118662956 -1.4697523419618965 1 CAMERA 1 250
251 1 -0.34997216874210002 0.03013394746249386 0.82399389735814632 0.44457337238391981 1.6307178403209979 0.018232437649970401 -0.65233769916534057 1 CAMERA 1 251
252 1 -0.22488533675252168 0.016692622455763431 0.85713259665301111 0.46311084356136711 1.6639907061254553 -0.15811309128695125 -0.13272332844141657 1 CAMERA 1 252
253 1 0.19798181984725632 -0.025769933369983317 0.85969638002310811 0.47017150458023199 0.70034840765599815 -0.59274614244430412 1.1411119397522063 1 CAMERA 1 253
254 1 0.41852729543872125 -0.048391874355559972 0.79461393276414427 0.43712907398868478 -0.164956312311765 -0.59966503230301749 1.2534962248646895 1 CAMERA 1 254
255 1 0.62270805338371704 -0.072301856634003264 0.68185558396524482 0.3769351196078084 -0.94918274789788892 -0.39778142474741618 0.9052898847702453 1 CAMERA 1 255
256 1 0.77940417437250975 -0.092676602229658622 0.54273766051012629 0.29895821151770874 -1.3594442241652238 -0.082523442168488323 0.24661235483874819 1 CAMERA 1 256
257 1 0.89000254947583268 -0.11210364971039093 0.38479501779389852 0.21739601635982514 -1.3240965137973273 0.25160643135150962 -0.49766458144367348 1 CAMERA 1 257
258 1 0.97682826653734467 -0.12863983103594773 0.14253917275311209 0.09455641594068484 -0.61803732632851749 0.59305026034766206 -1.2218279416585223 1 CAMERA 1 258
259 1 0.98987262683309318 -0.13296044084683586 -0.049628101510081742 -0.0032795360757031187 0.21994596671713695 0.7023782177996083 -1.3924231953283899 1 CAMERA 1 259
260 1 0.95104080397742607 -0.13090612414165598 -0.25782877729827319 -0.10912972752214721 1.1400559208681802 0.65155346090311583 -1.0825729388254259 1 CAMERA 1 260
261 1 0.8735303270892828 -0.12313808220744051 -0.42819727928515683 -0.19603282984835407 1.7280572721707976 0.48332115510828333 -0.4028664264900545 1 CAMERA 1 261
262 1 0.73337068661004889 -0.10590380887991595 -0.6067577409045648 -0.28774444067300586 1.8852327802478315 0.18082722375548221 0.63589563516955638 1 CAMERA 1 262
263 1 0.60821686014290033 -0.089685842563944254 -0.71129382833444255 -0.34071951874649031 1.6076875266105601 -0.033093093803790719 1.3651696058403386 1 CAMERA 1 263
264 1 -0.32552220093121303 0.046528707322025249 0.84735856228546391 0.4169578432136179 0.27095047260034688 -0.2858204206574031 2.2522947035478813 1 CAMERA 1 264
265 1 -0.10305392016127782 0.011857239774066589 0.89011747420526655 0.4437681573961455 -0.9688596454475098 -0.25683267433611479 2.2238035096528597 1 CAMERA 1 265
266 1 0.11057128161155896 -0.018999124727759248 0.8873162523180349 0.44730626344221253 -2.0156468874889093 -0.042297104536019418 1.6355980400521939 1 CAMERA 1 266
267 1 0.34281426533619563 -0.051945603910658569 0.83547787065048873 0.42632940476782349 -2.7038470026636459 0.37918855213422537 0.46785556631605035 1 CAMERA 1 267
268 1 0.59645116419425193 -0.090136336159324579 0.70792295320967324 0.36737792796245888 -2.5389391645242028 0.99143385206541434 -1.2272769760091957 1 CAMERA 1 268
269 1 0.97942945494173195 -0.15397035762868669 -0.12104232216110805 -0.048578060995501826 3.4202607052356337 1.0826160616498057 -0.9151620330609469 1 CAMERA 1 269
270 1 0.54923671571485921 -0.086082117638812378 -0.75379675160781967 -0.35031322612637905 0.57602564194985628 -0.048470061501296229 2.7001415638687343 1 CAMERA 1 270
271 1 -0.30228419966451892 0.04853086155653797 0.86073230005309165 0.40670496155699426 -0.77127655427166453 -0.017446831618141284 2.393211374956616 1 CAMERA 1 271
272 1 -0.13805739325983044 0.027739793515277982 0.89314879224600974 0.42714856306854687 -1.3205024301566126 0.090866480023512441 1.845783186356267 1 CAMERA 1 272
273 1 0.13195310515722067 -0.011470916748319342 0.8928433888645112 0.43045032125584015 -1.8046283896650817 0.34977673720872909 0.87831573406070607 1 CAMERA 1 273
274 1 0.37349796932656198 -0.053744870165347576 0.83166953020959133 0.40735310034514555 -1.7142994657439572 0.55512495774855486 -0.018256775883879469 1 CAMERA 1 274
275 1 0.54993580342806692 -0.089012054550115474 0.74300446131009479 0.37093373630068982 -1.3720076783151678 0.68782532963749143 -0.56871786228267363 1 CAMERA 1 275
276 1 0.64044957188150653 -0.10469679216133319 0.67867892106788175 0.34388639066711785 -1.1052298331941492 0.74036010759328985 -0.78783533236005121 1 CAMERA 1 276
277 1 0.74177938334015625 -0.12142769315929254 0.58666791215198566 0.30139579067521871 -0.69234630612681691 0.75511338867750244 -0.92813117125378919 1 CAMERA 1 277
278 1 0.80710347535818239 -0.13247364393268038 0.51109019034122394 0.26423764127185378 -0.40079341258095125 0.74689463306441539 -0.95444070384445312 1 CAMERA 1 278
279 1 0.89329338871273323 -0.14595032076756831 0.37519518972013555 0.1998849548136053 0.047299595327753845 0.71442603191931386 -0.87025589901102218 1 CAMERA 1 279
280 1 0.95189944556920281 -0.1514575739216486 0.23477689102486066 0.12580882428316947 0.36405365808323514 0.59570097204635142 -0.60027348176299489 1 CAMERA 1 280
281 1 0.98747659445315394 -0.15745345884152692 -0.0015345572653648603 0.0097994305977634876 0.54138581863841106 0.4306536164161619 -0.17900401211976158 1 CAMERA 1 281
282 1 0.95139254429537756 -0.15695532994325606 -0.24178689453536106 -0.10842669732366605 0.39993218481384085 0.30184647104875006 0.1899796839824551 1 CAMERA 1 282
283 1 0.73602085326274025 -0.12690931084211013 -0.60486008942570701 -0.27624554766347686 -0.19996549635029937 0.28218838544119873 0.21728612795383834 1 CAMERA 1 283
284 1 -0.15713805887682172 0.021230600703968459 0.89623104714954527 0.41427865280678267 -0.0020000917476721857 0.45244117014044594 -0.71763006441461896 1 CAMERA 1 284
285 1 0.0074655264646693205 -0.0083723598515394199 0.90674804630926786 0.42152360553051765 0.33894059775392199 0.43724840451779201 -0.80536205562270424 1 CAMERA 1 285
286 1 0.17467131634440214 -0.037848168061745201 0.89058479552651093 0.41822980453081837 0.69262928884897201 0.38798943913613199 -0.71212847093339282 1 CAMERA 1 286
287 1 0.35275785296157225 -0.065606137133375694 0.84093657096119301 0.40507211156090339 0.89218434111145828 0.37222210088711732 -0.48701617080007159 1 CAMERA 1 287
288 1 0.42331986597873211 -0.075001105046279451 0.81343886486699191 0.39178098273587159 0.87845056417195244 0.36940605237983926 -0.40026387476677128 1 CAMERA 1 288
289 1 0.54700348675471822 -0.094384973511529441 0.74905778400418832 0.36165051980626789 0.87805383523739644 0.35210132578319142 -0.24911906431240458 1 CAMERA 1 289
290 1 0.7105717125579698 -0.1207167325361613 0.62376391836967471 0.30238036632416571 0.87211246833479394 0.34032977700122735 -0.055714865878553191 1 CAMERA 1 290
291 1 0.82131907103282653 -0.14120383385367336 0.49540282390992885 0.24509692557204227 0.84594800553151972 0.36449014506116489 0.038647178590991961 1 CAMERA 1 291
292 1 0.92621264351562593 -0.16114152679053653 0.30209276851677053 0.15780844890335807 0.88222761212654621 0.37582836057315766 0.2202861217944258 1 CAMERA 1 292
293 1 0.9738102535954315 -0.17146636729134687 -0.14179388503873819 -0.046769317355841195 0.84586760155014629 0.33247270739450413 0.85468911461438934 1 CAMERA 1 293
294 1 0.81927410627533359 -0.14201171482062558 -0.50994533232267425 -0.22040501283495398 0.24621243521520195 0.23047471871912284 1.4787115463966773 1 CAMERA 1 294
295 1 0.71305170492168846 -0.12107892640768002 -0.6325563049456463 -0.2770734212474153 -0.18346936353948318 0.19367903442055004 1.626572018046577 1 CAMERA 1 295
296 1 0.6315268884436126 -0.10620399067258234 -0.70227196719535423 -0.31098004056452655 -0.54361616489311559 0.18928412905598893 1.6923846827441327 1 CAMERA 1 296
297 1 -0.49276871926295363 0.081067727703698231 0.7895351802957834 0.35670886156109494 -1.1143064389562758 0.21274933216231484 1.5799637138430753 1 CAMERA 1 297
298 1 0.35851945692496223 -0.067480332173428859 0.84029182642942468 0.40102350331607206 0.34841489335450249 1.3768454020917078 -2.3405738875314848 1 CAMERA 1 298
299 1 0.46802201478636229 -0.085036966939205746 0.79225762264647925 0.38216745974460392 1.0487654252567362 1.3511000231050876 -2.187035117780125 1 CAMERA 1 299
300 1 0.50595027276415905 -0.091090618497512252 0.77160688991508963 0.37461931096404599 1.2888047511325706 1.3418355567388762 -2.0835412283822143 1 CAMERA 1 300
301 1 0.55001418883513919 -0.10086914248053681 0.74460998114649968 0.36450759135068 1.5767310048235785 1.3516415232221892 -1.9810902713764631 1 CAMERA 1 301
302 1 0.55887637214465458 -0.10104029947739743 0.73885633777527049 0.36268356823719344 1.6379681466860434 1.3454497766900135 -1.9740075854211603 1 CAMERA 1 302
303 1 0.62736129367627824 -0.11327493415030342 0.69101368133418528 0.34071496694311498 1.973609185650923 1.2813335893476034 -1.7319062947740469 1 CAMERA 1 303
304 1 0.68457720189778337 -0.12293762624634397 0.64401765811640366 0.31856184757277345 2.2522718734696165 1.2404251908791089 -1.521545335304725 1 CAMERA 1 304
305 1 0.77426442783338489 -0.13887385157335067 0.55325834593928336 0.27410554862963343 2.6775525653389307 1.1003572919528146 -1.0318975846172835 1 CAMERA 1 305
306 1 0.85673803955354777 -0.15689374731951972 0.43836388675847116 0.22185893360419104 3.0338316633224602 0.97453846980116188 -0.39091628845673099 1 CAMERA 1 306
307 1 -0.27539274906757161 0.06230170987128681 0.87080882400082171 0.4024541250259781 -3.6213290373124218 -0.98080894923860285 3.7126875407592457 1 CAMERA 1 307
308 1 0.0022260263974389141 0.016204359850483518 0.90586142551219428 0.4232582442166124 -4.9430580733450524 -0.3442609263582615 1.3382743677373703 1 CAMERA 1 308
309 1 0.24006530228371098 -0.031661661778382338 0.87667620995734585 0.41569822312307919 -4.9024896792032919 0.19273610184875453 -0.92264784161689417 1 CAMERA 1 309
310 1 0.45704327128250755 -0.082964502460718251 0.79836334794797559 0.38320269331011964 -3.8721450381794726 0.58189782320725614 -2.8064328606096027 1 CAMERA 1 310
311 1 0.71436025854247942 -0.12813802780042724 0.61805069983174854 0.30213142717040387 -1.4795247505121722 1.0164686008249499 -4.250002125207641 1 CAMERA 1 311
312 1 0.57260923371247985 -0.10547058696472737 0.73157909700532497 0.35466413066082098 -2.9713773631513281 0.79548329468690593 -3.5595850710175765 1 CAMERA 1 312
313 1 0.81590230277307385 -0.14300633081873534 0.50218568035506117 0.24831867453271037 -0.10949611536331838 1.0913052331118616 -4.3924135083831359 1 CAMERA 1 313
314 1 0.90489248400827638 -0.15834044455265539 0.35329929626075129 0.17685446917128389 1.4269487306630109 1.0160046577559774 -4.0764528382597849 1 CAMERA 1 314
315 1 0.97946834700745788 -0.17596344405072067 0.082427298995843126 0.053706274759443041 3.3824833920532993 0.64680927324365423 -2.588375960356692 1 CAMERA 1 315
316 1 0.96200222562613813 -0.17163891953583674 0.18806501159173522 0.098607051502051277 2.7371753782982493 0.79524259557627974 -3.2670145163198838 1 CAMERA 1 316
317 1 0.9836137514856339 -0.17705416513420627 0.022845198642846815 0.025177517668660259 3.6964768156226326 0.55189395251100437 -2.1365739533588508 1 CAMERA 1 317
318 1 0.98426080402449145 -0.17614747845654563 -0.0077405025331202309 0.011950737006447075 3.8388646659787233 0.49663614446673682 -1.9358979306578683 1 CAMERA 1 318
319 1 0.98408501905933943 -0.17568456953370579 -0.026165590264296615 0.0051931856174500064 3.9248760087705974 0.4637477259538168 -1.7863286821574211 1 CAMERA 1 319
320 1 0.98314852318219581 -0.17533695370005034 -0.051584888002249141 -0.0038643707960378396 4.0779867264206642 0.42757551406686334 -1.5587485881683967 1 CAMERA 1 320
321 1 0.97948889680807727 -0.17440717992732133 -0.098433275293054914 -0.022237961565228944 4.3150876526222826 0.34046460207810281 -1.1371232035297343 1 CAMERA 1 321
322 1 0.95651896633076161 -0.17132789537743609 -0.2229036877898134 -0.077667015423351263 4.6024845808094126 0.054110106124314453 0.10951945374363449 1 CAMERA 1 322
323 1 0.9132460797295926 -0.16389346544988209 -0.34787840865712827 -0.13454048696040544 4.5241856617212557 -0.28577939103536565 1.4933042521543989 1 CAMERA 1 323
324 1 0.80754983983161277 -0.14611937704210892 -0.52726670816520349 -0.22023215546643704 3.4898151998683287 -0.82378450906496214 3.4481577030308808 1 CAMERA 1 324
325 1 0.6386423513375461 -0.11494929409516295 -0.69765729633878504 -0.30363943046042408 1.2391908135518424 -1.2622996819635717 4.8401416320538972 1 CAMERA 1 325
326 1 -0.43187503592917759 0.07467160676953262 0.82154658877039022 0.36464956734289899 -1.4963126409880942 -1.3582182892633934 4.9581386107177599 1 CAMERA 1 326
327 1 -0.22080772822498376 0.034711871872661088 0.88904205779857803 0.39955381686637353 -3.815888767107237 -1.1420602699996718 3.8529977042512038 1 CAMERA 1 327
328 1 0.0067614506021983628 -0.0054258126234868753 0.90969149343877664 0.41519420770075421 -5.426910376988805 -0.62404732972808508 1.7478558504295554 1 CAMERA 1 328
329 1 0.23235369434365058 -0.046507798173649903 0.88174981732630675 0.40787993953971458 -5.8531319906872614 0.035271864796380503 -0.9269965376953373 1 CAMERA 1 329
330 1 0.4480234880830819 -0.085910129791163539 0.80550867678988325 0.37821974477986414 -4.9087050970625858 0.72305062404278775 -3.5883674402490966 1 CAMERA 1 330
331 1 0.58780763173110295 -0.11375992005919122 0.72324237049771545 0.34418213518955876 -3.4348223123268742 1.1132543154618473 -5.1050473912842227 1 CAMERA 1 331
332 1 0.7574615997039551 -0.14524704686116266 0.57226853342811768 0.27868251828930352 -0.53379531027748639 1.4636266869782231 -6.2418061240321663 1 CAMERA 1 332
333 1 0.88274493509187901 -0.16550183521907588 0.39346927681908084 0.1963477789745065 2.5906854090959146 1.444393545827521 -5.9090857609783711 1 CAMERA 1 333
334 1 0.92775978960712147 -0.17249512686729471 0.2947037077226079 0.1505221865697321 4.0286648645298726 1.2831711816938469 -5.1891741899571011 1 CAMERA 1 334
335 1 0.9700193137887464 -0.17935080027213482 0.14268475401809416 0.080850988177946559 5.7216540851767537 0.89680766500928955 -3.5519542709683223 1 CAMERA 1 335
336 1 0.78035718393965492 -0.14455951131905026 -0.5601747794829588 -0.23738034794857682 3.1121410454563141 -1.5990013661319802 6.5610909163145319 1 CAMERA 1 336
337 1 0.61502077868082783 -0.11379121264928871 -0.71520805677830301 -0.31189491376750028 -0.50886851472558836 -1.8744021821714176 7.3505993162627448 1 CAMERA 1 337
338 1 -0.41830936078790837 0.076613178842555904 0.82704427712330475 0.36762135844159038 -4.1021487654516688 -1.7189722175802848 6.3689665139534126 1 CAMERA 1 338
339 1 -0.28811537506053625 0.051610329708685787 0.87214581839487093 0.39203007024643954 -5.9144740671624678 -1.4319757680698029 4.9804836209592036 1 CAMERA 1 339
340 1 -0.069399136841699682 0.0092390619121444795 0.90789696535705189 0.41330557682671887 -7.7669211964327465 -0.71582851048618379 1.8275884403517659 1 CAMERA 1 340
341 1 0.17573985416761292 -0.036153834440100306 0.89357048047160048 0.41150966008366929 -7.8653010630709312 0.2826583692022796 -2.2065407213232682 1 CAMERA 1 341
342 1 0.40231565995939822 -0.081073821384812367 0.82334900121430565 0.39200199927666557 -5.8982054682875074 1.2968596582603167 -5.6560201106888846 1 CAMERA 1 342
343 1 0.60138309087527031 -0.11906455394925726 0.71123566626152845 0.34395615569384808 -2.5135761822911191 1.9233267886869607 -7.8322256217450956 1 CAMERA 1 343
344 1 0.75229370913632443 -0.14623072018186764 0.57715794447303004 0.28206286320724772 1.1852550519285037 2.0964926710102052 -8.2622268748528089 1 CAMERA 1 344
345 1 0.88370847742785585 -0.17004767213298025 0.39008181278837595 0.1948827736256584 5.2374691974575311 1.7704692715681214 -6.8127088418827997 1 CAMERA 1 345
346 1 0.94428285789946076 -0.17996721615526484 0.24459215909930893 0.12695023077446271 7.4215793677642869 1.2609117982576108 -4.7191922914951236 1 CAMERA 1 346
347 1 0.97244692093331753 -0.18478823818108212 0.12357291390858872 0.070214157727501225 8.5361606247032658 0.71582304102648275 -2.5943515858182988 1 CAMERA 1 347
348 1 0.98093433547520736 -0.18587215833630111 0.045624922865085828 0.033730352129400828 8.8980244121715284 0.34705382403075125 -1.1346040779127708 1 CAMERA 1 348
349 1 0.98226482137660986 -0.18534445513207345 -0.028328169383917527 -0.00087661686471014061 8.9643712200511914 0.0057660823901766762 0.22934346307259643 1 CAMERA 1 349
350 1 0.98143934936852406 -0.18354072638605423 -0.054103791736737503 -0.012743036862364903 8.8869212693862423 -0.11130128387809646 0.63517963916426368 1 CAMERA 1 350
351 1 0.96284011940291481 -0.18144817300538507 -0.18560229834874545 -0.074614018983378452 8.3073411391966872 -0.70999552637248509 2.964674132713117 1 CAMERA 1 351
352 1 0.92149319808295016 -0.1735799360361516 -0.32065194357743626 -0.13380068300481504 7.0315761558587626 -1.1846344028789175 5.1240779685589812 1 CAMERA 1 352
353 1 0.86241643343560448 -0.16198606237541952 -0.44164439841290953 -0.18694554363989976 5.3020045410730052 -1.5585675773832861 6.7552791457761074 1 CAMERA 1 353
354 1 0.96229271425989893 -0.16658068818599145 0.19187174118727118 0.097102221084601772 2.8299933089162135 1.3549330390044996 -5.348286719507402 1 CAMERA 1 354
355 1 0.98377133589852084 -0.17344669094917925 0.038495925958099128 0.025065269754149397 4.4106416915312225 1.0007284838357271 -4.167819995631314 1 CAMERA 1 355
356 1 0.98226284805952113 -0.17318864380977994 -0.067715010552216764 -0.024084607599886811 5.1718428209526612 0.7584513733217072 -3.124966243209061 1 CAMERA 1 356
357 1 0.9740304618717438 -0.17177443273510437 -0.13648248316792788 -0.0559529748339345 5.5382108083868147 0.58229794358794973 -2.3811545544694948 1 CAMERA 1 357
358 1 0.93547341736288236 -0.16487640422003505 -0.28722808897006208 -0.12330969809989951 5.9819996700826605 0.14747606506457858 -0.5663662446301756 1 CAMERA 1 358
359 1 0.83886684451317428 -0.1459081084311461 -0.48143856995251727 -0.20791860049699756 5.6296282017207293 -0.4210369197608923 1.9334996947479643 1 CAMERA 1 359
360 1 0.77189327334819469 -0.13185327276781203 -0.57055380120063948 -0.24751535094964824 5.0397499438829145 -0.70418375677313105 3.0484266490303029 1 CAMERA 1 360
361 1 0.68917535829908183 -0.11421394473714784 -0.65461659221339541 -0.28891108933343701 4.1685437876960778 -0.99914435721827333 4.0301750732363084 1 CAMERA 1 361
362 1 0.54265076660513334 -0.086230817809722513 -0.76245163746504474 -0.34170439284504295 2.390695226680525 -1.3444589533561104 5.1913190379958172 1 CAMERA 1 362
363 1 0.50558645122756218 -0.07771567799522823 -0.78355549926593115 -0.35268029899468367 1.8928352630027252 -1.4596954570319856 5.4069379063168395 1 CAMERA 1 363
364 1 -0.47138773692025082 0.070722288165638678 0.80085119428829876 0.36253182487172958 1.380470601241873 -1.5414064774456895 5.5863105016533341 1 CAMERA 1 364
365 1 0.63071362419819443 -0.02898455803911924 -0.65768810036916181 -0.41086078211342986 -10.581126126142468 0.23084207775696211 0.42826362817081065 1 CAMERA 1 365
366 1 -0.46627070536762039 0.019208247861072895 0.74630453379561212 0.47460743290239732 -9.9553963206122393 2.241500303315981 -3.0138513635768414 1 CAMERA 1 366
367 1 -0.33058001442811596 0.01180911626955186 0.79330622748819346 0.51111899618590728 -8.6649431094281653 3.7305813092758351 -5.3831840858647633 1 CAMERA 1 367
368 1 -0.23686212862020248 0.0067630242103489478 0.81455368410102613 0.52948360621126211 -7.297909649552822 4.5644734180459148 -6.6647695784503949 1 CAMERA 1 368
369 1 -0.18142774074558049 0.0039775446815375039 0.82327303194892687 0.53785655047780367 -6.3651225496890147 4.9893643300659782 -7.3040622241751301 1 CAMERA 1 369
370 1 -0.11323550204727645 0.00095881305760328302 0.83547229904566711 0.53773863472970707 -5.1106696439623773 5.2211811170684479 -8.0460963091893269 1 CAMERA 1 370
371 1 -0.091738897313643472 0.00072807455212197324 0.84213576672038271 0.53140454931943948 -4.7049281912189729 5.1269365443606985 -8.3144683647834707 1 CAMERA 1 371
372 1 -0.04881668644096409 -0.00045132757272220236 0.84431633032730458 0.53361658685893631 -3.8398263802296744 5.3122645643923274 -8.6280441280483835 1 CAMERA 1 372
373 1 0.0082978382566349547 -0.0021627021121608703 0.84420329374440628 0.53595453858600417 -2.5899063339075807 5.4825173025327745 -8.9053293084781782 1 CAMERA 1 373
374 1 0.062248008608412266 -0.0066063411968981913 0.84211694511911428 0.53564969189156464 -1.3738448518659303 5.5314428510699321 -9.0593745681129363 1 CAMERA 1 374
375 1 0.16042524241091874 -0.013709452903520049 0.83222580278482516 0.53054312329690734 0.79366475305491524 5.5143740091417168 -9.0625933620942067 1 CAMERA 1 375
376 1 0.52994572198457934 -0.015053606737543334 0.70973400951156163 0.46390576243142001 -5.0323056754851558 2.1007291853915762 -2.6271397027892287 1 CAMERA 1 376
377 1 0.62367362471186361 -0.023582618167799704 0.65271552213602835 0.42946189251411976 -4.1219260392440891 2.5600142353231075 -3.4228408932541377 1 CAMERA 1 377
378 1 0.71561663313511259 -0.0291717827713091 0.5826038399794522 0.38420646417194237 -2.978050257530906 2.9552743943960107 -4.0575689101666459 1 CAMERA 1 378
379 1 0.81185218394157588 -0.033687907942896896 0.48602431171966742 0.32177868901645468 -1.4332279127345677 3.2473255755508301 -4.5059460645225924 1 CAMERA 1 379
380 1 0.8832886418369934 -0.036155400420399143 0.3897877346949018 0.25799124811438262 0.01110735026022517 3.3049225493340644 -4.5457979705551832 1 CAMERA 1 380
381 1 0.25868670989331349 -0.021459324187432547 0.81452614396114775 0.51881388217141511 2.9403407340887382 5.2500621784466137 -8.6900364541767878 1 CAMERA 1 381
382 1 0.94430966358832114 -0.038312243018362571 0.2728481755057417 0.17990359755102645 1.5672223477614897 3.1475849239244735 -4.2266939341388179 1 CAMERA 1 382
383 1 0.9903147909617197 -0.045548658505650215 0.10878714926532548 0.07326179540186567 3.3402409289619479 2.6216777740502208 -3.3244983381414608 1 CAMERA 1 383
384 1 0.99865356067735966 -0.051028598521713681 0.0047023435764657695 0.0080644804066837671 4.0851037662887775 2.1509854283894754 -2.502612975729785 1 CAMERA 1 384
385 1 0.97099348743536551 -0.058464159113608492 -0.20102898891773988 -0.11550296564139217 4.9774863289365898 1.1335304443355634 -0.55027040386137072 1 CAMERA 1 385
386 1 0.95574085924258489 -0.05933751513475842 -0.2503569604124396 -0.14268798703787891 5.0200029868430871 0.88950399068630126 -0.046542406723016835 1 CAMERA 1 386
387 1 0.92541141236342672 -0.057278921236647545 -0.32612897156066589 -0.18431694701865112 5.0073399799552156 0.47973453695403273 0.81203490299518222 1 CAMERA 1 387
388 1 0.90527850621016892 -0.057153543770824586 -0.36676625754692216 -0.20660786759788788 4.9493748026112057 0.20568689731504106 1.331435282017805 1 CAMERA 1 388
389 1 0.86119950821362878 -0.057142838827202155 -0.4386225206780795 -0.25036051481289973 4.6580271043491006 -0.32446897886151616 2.241885975571305 1 CAMERA 1 389
390 1 0.78990217713861266 -0.055654071149242257 -0.52946749917080416 -0.30433754654660911 3.9239961920238278 -0.93501845026147712 3.3509917590731959 1 CAMERA 1 390
391 1 0.65800633230241823 -0.051521811495982825 -0.65022064946488334 -0.37627951924009562 2.2238684733829106 -1.5938895342201813 4.5752727378316793 1 CAMERA 1 391
392 1 0.33099108049110776 -0.026236742866263832 0.79622853457313869 0.50574366895751721 4.4580267297844003 4.9106522983292775 -8.1807327433521611 1 CAMERA 1 392
393 1 0.50518181099066928 -0.042548065535451179 -0.74727783748605392 -0.42960078394428658 0.12849908657369671 -1.8427173393728391 5.0926239623830289 1 CAMERA 1 393
394 1 -0.32317477608645123 0.025283800064190322 0.82077535592232764 0.47036858809487125 -2.2374886881948015 -1.7396334316900663 4.7798401710865512 1 CAMERA 1 394
395 1 -0.083227838549794694 0.0053344016552919656 0.86524148055741623 0.49437015623125935 -4.6062299932690927 -1.0290038309310408 3.1926572533655566 1 CAMERA 1 395
396 1 0.15024931127974286 -0.018227213295949857 0.85819499426428114 0.49050409272008888 -5.7991516116629089 0.0020758692771307868 0.76899972095732394 1 CAMERA 1 396
397 1 0.37904062023320628 -0.043842819466093329 0.80325119735277495 0.45737679143767596 -5.5491276758916532 1.1541576022362126 -2.0017953076951098 1 CAMERA 1 397
398 1 0.49371761346080778 -0.056077904572411214 0.75344581832937307 0.43060142315058969 -4.7836129014451831 1.727747791943774 -3.3571141267026441 1 CAMERA 1 398
399 1 0.69100897880235235 -0.07772485638206135 0.62220123243097991 0.35962628418441295 -2.25339051521527 2.5427958424769375 -5.23150701118296 1 CAMERA 1 399
400 1 0.84859252267683383 -0.096470601951883714 0.44746969549335286 0.26524521679211205 1.0990858154105794 2.7509838474416206 -5.6640754204668973 1 CAMERA 1 400
401 1 0.94159193809124475 -0.10907176660141128 0.26968157182713509 0.16964616608950156 3.9466701341765376 2.366005261858239 -4.6553211805047479 1 CAMERA 1 401
402 1 0.98806761624791528 -0.11704832524802505 0.076657941752146644 0.064386607653451486 6.0375886170038386 1.4961385608799229 -2.4897542313723489 1 CAMERA 1 402
403 1 0.44686011936582087 -0.034590828352927518 0.75559979831900714 0.4776907504803693 6.7338207444630589 4.0946375338094656 -6.8733995303275872 1 CAMERA 1 403
404 1 0.984335759365494 -0.12181348396096463 -0.11903555097015295 -0.045553546128486361 6.8407936665481914 0.3058296502480029 0.36145950507116481 1 CAMERA 1 404
405 1 0.74310931941193636 -0.097518615170185452 -0.59071194942879179 -0.29889471708354853 1.8520365438507567 -2.1371235208701487 6.6408184646142647 1 CAMERA 1 405
406 1 0.52991022300251789 -0.04247326936735385 0.71589745458684384 0.45263894161102397 8.1362888193780716 3.3233759413432993 -5.5194299994824609 1 CAMERA 1 406
407 1 -0.51672509612338802 0.071223815715629191 0.76073756667132308 0.38626506153958057 -2.6385256956020098 -2.0623160816084947 6.5028781045616375 1 CAMERA 1 407
408 1 -0.16164944543513543 0.023743147632386101 0.88010400410202683 0.44578320032791668 -6.9604040453514413 -0.76552611937460113 2.7536453935562544 1 CAMERA 1 408
409 1 0.071553047688344987 -0.012712588376872539 0.88865269870012198 0.45278574685634698 -7.5840541761990874 0.4060679316312325 -0.779419970025097 1 CAMERA 1 409
410 1 0.37894436737038834 -0.06053459836576279 0.81837071376734172 0.42779212672381406 -5.4105447973024523 2.0618717551485877 -5.1304645949190952 1 CAMERA 1 410
411 1 0.57881993845723934 -0.091878775339126265 0.71604483933460927 0.37921703225041714 -2.2318950902919323 2.7523949455616576 -7.0100823166886022 1 CAMERA 1 411
412 1 0.72809145122692198 -0.11338364759482933 0.59529159682235788 0.32039803660611549 1.0603677287094884 2.9447254802539398 -7.3127059710605717 1 CAMERA 1 412
413 1 0.79557724569601151 -0.12218004326499179 0.52150800636519079 0.28312238070402923 2.8015917791608609 2.8632259148416717 -6.942398736601965 1 CAMERA 1 413
414 1 0.83358202012411409 -0.12742703472985673 0.47187753635874335 0.25736153019781322 3.8290077544858812 2.7376493273614577 -6.5186734201123357 1 CAMERA 1 414
415 1 0.85425866438766573 -0.13677280188795687 0.44254045106419587 0.23599424601929908 4.4195863167836951 2.5097936863524248 -6.205334478542599 1 CAMERA 1 415
416 1 0.69751074565293492 -0.055919184649160514 0.60388651989154885 0.38167116157778269 9.9762047263166824 1.2678433486511429 -1.846081573403437 1 CAMERA 1 416
417 1 0.87387386454426386 -0.13825697663771352 0.41122041267321913 0.21937923666185882 4.8965098122406809 2.3867333049364468 -5.8248420747299017 1 CAMERA 1 417
418 1 0.89566743496305457 -0.13959928741167268 0.37278027821051735 0.19830973016507533 5.3988750114325832 2.2056072528558657 -5.3123811019513223 1 CAMERA 1 418
419 1 0.93935654030266491 -0.14649394562067411 0.27374587335089207 0.14564343758114309 6.4875937851118071 1.7101177040835494 -3.9248972001797018 1 CAMERA 1 419
420 1 0.97459287751741397 -0.15527108208930226 0.14159541410586626 0.077526465567135952 7.3094308391773 1.0162478298430815 -1.9198137053365401 1 CAMERA 1 420
421 1 0.98655835129679181 -0.15309563171197166 -0.052729839043695902 -0.021997979718473341 7.4114873944513979 -0.055933077874100172 1.0114684026405427 1 CAMERA 1 421
422 1 0.8073279879476376 -0.063963912563334752 0.49550653767404063 0.3140117973712036 10.060128433590455 -0.42459073124882024 1.2510300394785796 1 CAMERA 1 422
423 1 0.87348731032769533 -0.071297799513302673 0.40582652695424776 0.25930941460213636 9.316650731990535 -1.5897135463222642 3.472765568614784 1 CAMERA 1 423
424 1 0.9058164743174405 -0.076272206215042951 0.35047881649716806 0.22548539775550025 8.5761898420283469 -2.1664143908322977 4.6900542792364526 1 CAMERA 1 424
425 1 0.95629270592673499 -0.080014434117066255 0.23637418185800341 0.15241127607630747 6.5939625389571663 -3.1937182567244471 6.7021502311090835 1 CAMERA 1 425
426 1 0.75381426781418548 -0.15355154535179277 -0.58201680185484017 -0.26351928756450393 -3.8510593277173291 -1.9306971351419093 8.020897445665824 1 CAMERA 1 426
427 1 0.61299129220414428 -0.1253884269643841 -0.70899568443587091 -0.32533757470756736 -6.9317837676883602 -1.4337591034797157 5.8696612244416109 1 CAMERA 1 427
428 1 0.4943720778111062 -0.10312948162927765 -0.78286276647164954 -0.36343699257500145 -8.4569422702947605 -0.87045916527209966 3.6396456633107532 1 CAMERA 1 428
429 1 0.42642856634997367 -0.09230182302181035 -0.81490866765786329 -0.38152708245109246 -8.968357753525515 -0.49963882989713138 2.3085798693028052 1 CAMERA 1 429
430 1 0.38837309935428183 -0.086063734241937265 -0.83024841003609895 -0.39044455045346976 -9.165167792457817 -0.29845517564300678 1.5827332405226309 1 CAMERA 1 430
431 1 0.32064521553922248 -0.075692864086874617 -0.85306840478819612 -0.40463753265145086 -9.2963308137399121 0.06276606321927701 0.32921238184089635 1 CAMERA 1 431
432 1 0.25808240206378719 -0.060945839148628667 -0.870304806632334 -0.41502845925082155 -9.2599260905475305 0.30124638400195225 -0.80970250361294094 1 CAMERA 1 432
433 1 0.12846352759363691 -0.030939238893126324 -0.89347409784502396 -0.42923644073509609 -8.7451524736354695 0.83283665155655062 -3.081374235932802 1 CAMERA 1 433
434 1 0.89403717105197356 -0.15965131219493264 0.37488656789016506 0.1861962848913829 6.5839404277408686 1.3883078668591127 -5.2319256900155091 1 CAMERA 1 434
435 1 0.95288724932520574 -0.1732977874726615 0.22121582003467344 0.11418111882842338 8.0190033220935355 0.73665947259230824 -2.7641581511368467 1 CAMERA 1 435
436 1 0.97584116276094035 -0.18038916021259235 0.10775067618787255 0.059862907716113786 8.4700817727506337 0.21980656877695823 -0.79066229081221584 1 CAMERA 1 436
437 1 0.98173765410728431 -0.18315654286956995 0.0424051643027561 0.02909744580628831 8.493451458870199 -0.086374633959484984 0.35714405435734492 1 CAMERA 1 437
438 1 0.98282616660066668 -0.18360406376032429 0.010564422634851347 0.015187724981891882 8.4624786830434484 -0.21799568189486757 0.91877102614561235 1 CAMERA 1 438
439 1 0.98234036333820718 -0.18405947749686244 -0.033154652995193226 -0.0055034793457814793 8.35215651634255 -0.4213169477272376 1.7030915681480026 1 CAMERA 1 439
440 1 0.98065544082975531 -0.18358875260347665 -0.065448501996913336 -0.018071244419184389 8.2305585614323657 -0.53881629137632681 2.3173978051018613 1 CAMERA 1 440
441 1 0.97469113492291526 -0.18346347697843132 -0.1211721323306697 -0.040443274646136389 7.9116614782389583 -0.74993688356040977 3.3540104254139655 1 CAMERA 1 441
442 1 0.95486929137542542 -0.18092358793983873 -0.21939328912101227 -0.08577806481748336 6.9865511870867953 -1.1860627058975495 5.0711724185757161 1 CAMERA 1 442
443 1 0.89973190720413021 -0.1731517966202715 -0.36851484317394129 -0.15715521259721615 4.737850140063431 -1.7677738688680908 7.2462978466152439 1 CAMERA 1 443
444 1 0.80359906398600012 -0.15580453970265798 -0.52531974861911757 -0.23236318873611314 1.3319766227720942 -2.1610868086905337 8.6167009469269349 1 CAMERA 1 444
445 1 0.31469938108493345 -0.035235557173197818 0.83763800286164325 0.4450677827223759 5.3760414024779042 2.7662097789344484 -6.0585892705935649 1 CAMERA 1 445
446 1 0.69341829829703283 -0.13709205572663494 -0.64470011030111285 -0.29109895159760601 -1.8920373545634277 -2.1766624649345143 8.5864553161487702 1 CAMERA 1 446
447 1 0.53535455337747684 -0.10506736556127935 -0.76240975930957722 -0.34797659372654255 -5.5210612955728351 -1.8749751415874447 7.0748236293530127 1 CAMERA 1 447
448 1 0.75880389269393866 -0.15667672196993254 -0.57529310582103843 -0.26212000995739632 -2.5624715967848268 -2.6597945759531125 9.9264997741386871 1 CAMERA 1 448
449 1 0.58093007941209662 -0.12164140867332254 -0.73046919076771977 -0.33784370923457696 -7.375805374422157 -2.0825463650517371 7.4127379268823299 1 CAMERA 1 449
450 1 0.38710934427932336 -0.081245027898435476 -0.83234793658531392 -0.38825573205760289 -10.162272521605079 -1.1575805163710005 3.3086766067514297 1 CAMERA 1 450
451 1 0.16144692183670514 -0.034789132463878915 -0.89240602676876513 -0.41992391105847926 -10.675207838304047 0.065860762720941865 -1.8769064809436555 1 CAMERA 1 451
452 1 -0.04810545724888015 0.0070967323415855816 -0.90225199656343558 -0.42845867486869993 -8.9108857846947558 1.148919332459774 -6.2452182490399979 1 CAMERA 1 452
453 1 -0.1869689368093688 0.034166662337867498 -0.88565114892521046 -0.42367121481228737 -6.7105221914469704 1.749967524080587 -8.5460692107496676 1 CAMERA 1 453
454 1 -0.4251554490968345 0.082235087252610584 -0.81067408305065791 -0.39406568690739824 -1.3737729869711699 2.3627338293694899 -10.772702524468084 1 CAMERA 1 454
455 1 -0.62921509474096482 0.12307583668065541 -0.68721348610461641 -0.34158209480506402 4.259075781389237 2.2976496109274493 -10.120437568859639 1 CAMERA 1 455
456 1 -0.77568179203293586 0.15096512934819742 -0.54576047696904961 -0.27869838357617172 8.3987790329996557 1.6830224466993402 -7.4081084635484125 1 CAMERA 1 456
457 1 -0.877421116027023 0.16838411897774469 -0.39805640055178243 -0.20815877499097002 10.769782120798462 0.69170417607677792 -3.7085033163222452 1 CAMERA 1 457
458 1 -0.94330851999885668 0.18186908093846771 -0.24361982822738418 -0.13319929726024665 11.462759901177757 -0.43758515209161575 0.38086521447688176 1 CAMERA 1 458
459 1 -0.97887564981661079 0.18997147672395784 -0.060981479998416237 -0.044660489525188272 10.320939001401772 -1.6624540988242977 4.8690934400948525 1 CAMERA 1 459
460 1 0.98131191195964718 -0.18982148748599498 0.018650837804934959 0.025433847209574898 9.8393577284987881 -1.8858924625641993 5.8034334653506168 1 CAMERA 1 460
461 1 0.98117577294358305 -0.18999830036279891 -0.034558987173664291 -0.000651807748158026 9.0712694663827644 -2.1720233687312254 6.8890254927848869 1 CAMERA 1 461
462 1 0.9804129886252908 -0.18941194496725453 -0.053499601150934092 -0.0071609716685815828 8.8126732486397952 -2.2020989794000436 7.1931842755906166 1 CAMERA 1 462
463 1 0.97586999980004274 -0.18828728174144369 -0.10665184208132121 -0.029172377437290963 7.9538697465885955 -2.3468647384358343 8.068835159339601 1 CAMERA 1 463
464 1 0.95620488617734589 -0.18547215077394463 -0.21328214833783271 -0.076046184245199752 5.8806716955820031 -2.6510171573676313 9.5884041049461821 1 CAMERA 1 464
465 1 0.91502285294947294 -0.17862980302000581 -0.33592301495575932 -0.13409064127027609 3.0255055799367021 -2.9281741767537124 10.745662093054655 1 CAMERA 1 465
466 1 0.82063805163039616 -0.16333252186617578 -0.50271305737021976 -0.21715261330821875 -1.5633931501719998 -2.9760801153156473 11.023908862329639 1 CAMERA 1 466
467 1 0.74992627514766019 -0.15216116801361962 -0.58802002976494427 -0.26208778183486758 -4.1174492095448949 -2.7925332591692835 10.385874391596971 1 CAMERA 1 467
468 1 0.47710983247468536 -0.10419563835319422 -0.79162638140059083 -0.36720178236870576 -10.017962578761152 -1.3980355129011435 5.4066776901464069 1 CAMERA 1 468
469 1 0.26152759926988156 -0.060684966594969345 -0.87234091402270519 -0.40858533915392881 -11.429844402611348 -0.12859555630882535 0.52384681244569409 1 CAMERA 1 469
470 1 0.082992380902095972 -0.025913783270379943 -0.90049676608218332 -0.42608252114390577 -10.878493440724757 0.92073346474554263 -3.3797791045083163 1 CAMERA 1 470
471 1 -0.086024082511951677 0.0095334892129577842 -0.8988661953918563 -0.42959112257258375 -9.1422048022586395 1.7190489486825409 -6.6101992062309698 1 CAMERA 1 471
472 1 -0.25825312670956757 0.042575361250433826 -0.86786058807947397 -0.4222684700726268 -6.3410030939778599 2.4488384534177192 -9.1452382172265168 1 CAMERA 1 472
473 1 -0.45567514890792798 0.078197448227842775 -0.79514350910635512 -0.39241829427846947 -1.991616867268333 2.9950124272665266 -10.797820909901393 1 CAMERA 1 473
474 1 -0.65229397886738327 0.11499783849455687 -0.67011994299370103 -0.33500346905227224 3.2861286389648705 2.9600114268521658 -10.483626916701592 1 CAMERA 1 474
475 1 -0.82261167239941257 0.14933290055818788 -0.48967885376866938 -0.24743552981518649 8.2157132360318919 2.1399965472689066 -7.5862592453415347 1 CAMERA 1 475
476 1 -0.92482875811213749 0.17191925415423817 -0.30012588116380629 -0.15830348598644578 10.827093413807974 1.0547227973595139 -3.3824766983791714 1 CAMERA 1 476
477 1 0.97756518306256146 -0.18836284267741749 -0.090856856402377381 -0.025115413733820025 9.8019667096959466 -1.2395675876945222 5.5983600422749609 1 CAMERA 1 477
478 1 0.94589894023160426 -0.18460828494088266 -0.248297953160417 -0.097688804150021943 7.3244782584010668 -1.9274440388752905 8.4267914293740045 1 CAMERA 1 478
479 1 0.90990328849972046 -0.17913276727311631 -0.34522024983654792 -0.14425822808166486 5.2523740493339233 -2.285329158552539 9.7625412073039968 1 CAMERA 1 479
480 1 0.87116844487297818 -0.17215586494999238 -0.42252478718024794 -0.1813855094521141 3.3427072243217331 -2.5075027399612422 10.498239787687837 1 CAMERA 1 480
481 1 0.83821848764453522 -0.16422390610463566 -0.47735428220899978 -0.20628418478248539 1.9328628129169327 -2.6071216652721438 10.774835032579633 1 CAMERA 1 481
482 1 0.73769011783937111 -0.1480533082683945 -0.60007483517195637 -0.27166836427208052 -1.7492626845414545 -2.6692073213020713 10.723616171227718 1 CAMERA 1 482
483 1 0.61528551447496838 -0.13012613126865996 -0.70397652341824035 -0.33001209086076333 -5.1544217967187294 -2.3695126118105314 9.5575170299001613 1 CAMERA 1 483
484 1 0.395562604176459 -0.09435000018312284 -0.82483793632346414 -0.39277306736108053 -9.2079537356938701 -1.3155534938642119 5.9502958013984495 1 CAMERA 1 484
485 1 0.12044703735043387 -0.040627291624774506 -0.89270944557019161 -0.43233295058149351 -10.968737112261504 0.14563766653521623 0.24156852941777471 1 CAMERA 1 485
486 1 -0.094435819434199542 0.0092679138761301311 -0.89486439657437167 -0.4361349487529767 -10.021008075216104 1.1555738461311569 -4.1570065444576301 1 CAMERA 1 486
487 1 -0.30155363001592556 0.05518959260902144 -0.85463543372333173 -0.41906776601929357 -7.3724649345825295 1.997526552948323 -7.6968872858316901 1 CAMERA 1 487
488 1 0.66343767588747993 -0.11836691532743296 0.6649022695070741 0.32209423399562698 0.76258582484002557 2.7071794107466074 -10.333691137343314 1 CAMERA 1 488
489 1 0.8494986764807273 -0.15282241163052557 0.45414269330567097 0.22079792407990173 6.4961286492148078 2.1271171972258136 -8.1865872357817864 1 CAMERA 1 489
490 1 0.94853042381474151 -0.17302602563645961 0.23801299193563463 0.117054881231522 9.7207485009007453 1.0176565704939009 -4.1527045584412638 1 CAMERA 1 490
491 1 0.97414078975458585 -0.17818739957433041 0.1234665851231153 0.063678683460685989 10.433709265943326 0.40415227946558058 -1.752662405963485 1 CAMERA 1 491
492 1 -0.91881293272706077 0.18217811432789732 -0.30619559572218935 -0.1698180981926333 9.5706223378964808 1.8216935839284862 -5.772184864425733 1 CAMERA 1 492
493 1 -0.97273107546260984 0.1922600100766588 -0.10710933445450534 -0.073197908627161898 11.374665249472656 0.52922153785540638 -0.93727558000730316 1 CAMERA 1 493
494 1 0.95475303800836353 -0.18953470582132262 -0.21429925448077028 -0.081234606123321826 9.2477983693113064 -1.5569478950047295 6.8370059391678879 1 CAMERA 1 494
495 1 0.87004385315644628 -0.17477263126521464 -0.42217998201632895 -0.18504670688777439 4.6868963969793578 -2.6014248271146529 10.425966917821233 1 CAMERA 1 495
496 1 0.69533894079732617 -0.14123405707227685 -0.64020428178423505 -0.29444044579318451 -2.5262306126586873 -2.9366599164498575 11.230993509035269 1 CAMERA 1 496
497 1 0.51140118381794553 -0.10435675010832332 -0.7720630598968361 -0.36262532928515551 -7.8081863763221664 -2.4241772324902335 8.7871821689307641 1 CAMERA 1 497
498 1 0.39597978413380486 -0.080882519518431131 -0.82611925011635556 -0.39266399526934798 -10.045203364096826 -1.8810626813613993 6.4245732978911656 1 CAMERA 1 498
499 1 0.17299395182334737 -0.03640971908209089 -0.8869743684656638 -0.42664258422459617 -12.116889866234454 -0.51250867624855956 1.0566341446799921 1 CAMERA 1 499
500 1 -0.047055496153259151 0.0064999293123983041 -0.89908172092707084 -0.43519603662662321 -11.43596170212143 0.92285301106505513 -4.3480574826075333 1 CAMERA 1 500
501 1 -0.23969923788919809 0.043930816037346332 -0.87101172890962719 -0.426559406014558 -8.7853399907048786 2.0563106419656432 -8.4306237066290404 1 CAMERA 1 501
502 1 -0.38058966363598168 0.071357574384922323 -0.825997356271851 -0.40961930123379603 -5.7420926497640288 2.7148897397034015 -10.643777238376597 1 CAMERA 1 502
503 1 -0.48763480795988107 0.090485232215400641 -0.77600684314297785 -0.38966408124450563 -2.8389037291264971 3.1132548020682429 -11.701964470405878 1 CAMERA 1 503
504 1 -0.63400868189923065 0.11710476315430822 -0.68026213975703453 -0.34865869691742163 1.8234884018620592 3.3244490513440943 -11.885747481776136 1 CAMERA 1 504
505 1 -0.83331239637593213 0.15487513079996668 -0.46669519233379114 -0.2525861068198732 8.9822883733832093 2.6207266555192139 -8.409479927751061 1 CAMERA 1 505
506 1 -0.92503256130280598 0.17198344217675388 -0.29369785618862043 -0.16875433451266986 11.957481266984869 1.4034623577429364 -3.872198915360606 1 CAMERA 1 506
507 1 -0.97629946463024708 0.18166631496522051 -0.094575983923780083 -0.069943467418330504 12.581750035423958 -0.20920585463675015 1.8089921723165379 1 CAMERA 1 507
508 1 0.97311721304504872 -0.18680855914541458 -0.12952438600224889 -0.03699845045663331 10.144373058962973 -1.7090034756895651 7.6080550495750803 1 CAMERA 1 508
509 1 0.94550887529555361 -0.18428637195919925 -0.25019269902325031 -0.097237406397508899 7.5922544976503294 -2.3902164353237905 10.056552560461693 1 CAMERA 1 509
510 1 0.88784794060632366 -0.17468519920459727 -0.39144499090698187 -0.1672780159907247 3.6429949186113362 -2.9440636360073893 11.974093185580474 1 CAMERA 1 510
511 1 0.82251945194982767 -0.16178690649695451 -0.4991053456939249 -0.2195008017070752 0.085050515684399058 -3.1228881167654903 12.494940141246632 1 CAMERA 1 511
512 1 0.76710427513340651 -0.15315442619366865 -0.56791920925364836 -0.25605180056006255 -2.4201567576564504 -3.1104971194223205 12.273853033967599 1 CAMERA 1 512
513 1 0.69295136584026795 -0.14008372775056277 -0.64214553022454568 -0.29638500605167317 -5.3330273623424391 -2.9890222933437784 11.387224938422975 1 CAMERA 1 513
514 1 0.54067545939527373 -0.11057452585980371 -0.75471148748369021 -0.35475892166194384 -9.6980033814647317 -2.3249768886543771 8.325620572353964 1 CAMERA 1 514
515 1 0.39196211695878996 -0.08095353905039486 -0.82792376499294584 -0.39287970518252208 -12.146702711300613 -1.4338146398398182 4.4962435328451331 1 CAMERA 1 515
516 1 0.22602628165735933 -0.04861123585999523 -0.87714284337121495 -0.42091507465398809 -13.067126110334295 -0.30347592340100854 -0.061605604851175846 1 CAMERA 1 516
517 1 0.071684110366748641 -0.019828168245262002 -0.89721183223481848 -0.43529204008665884 -12.413004783449985 0.77806756573057367 -4.1724719801040866 1 CAMERA 1 517
518 1 -0.10294237788380201 0.013266703396867351 -0.89268559832240968 -0.43856502820490539 -10.098942801306292 1.8758705718454272 -8.2500618635696252 1 CAMERA 1 518
519 1 -0.26468003189947237 0.044183249523314518 -0.86238847147837738 -0.42927665372862139 -6.6463885443406436 2.6757716400963423 -11.129923509774649 1 CAMERA 1 519
520 1 -0.36801812941662304 0.062663753192722438 -0.82924493279885658 -0.41591916508368693 -3.8846928166138164 3.0377194063157651 -12.330566047378721 1 CAMERA 1 520
521 1 -0.52553987563915405 0.09480331839569979 -0.75247605375726401 -0.38548665146311012 1.0355820901801611 3.2606883431760769 -12.909212675590304 1 CAMERA 1 521
522 1 -0.6735475670374893 0.1241138040185263 -0.64496076279785841 -0.33905022200425478 6.1045978728857575 2.990593512723247 -11.583415952428064 1 CAMERA 1 522
523 1 -0.84238451480999954 0.15654887370819712 -0.45026440484306751 -0.25128220207634061 11.682477856323397 1.7635618757208233 -6.6253266425685524 1 CAMERA 1 523
524 1 -0.94420226565518905 0.17561526694792323 -0.23725470464138562 -0.14612174606110584 13.653547577085273 -0.2052845791922544 -0.0048390676553496294 1 CAMERA 1 524
525 1 0.97889823720393865 -0.18566842704583933 0.062508615575533541 0.058121849387089607 12.568735906009062 -1.772667631851959 5.1855282102269991 1 CAMERA 1 525
526 1 0.97983639254224031 -0.18721717301912472 -0.069264071005660607 -0.0085359501087310264 10.407280219442255 -2.805010407181419 8.5455144352083945 1 CAMERA 1 526
527 1 0.97033046685897195 -0.1853395316829162 -0.14815183358307313 -0.046465872280419811 8.6478877491397839 -3.3054638285343052 10.207327937514883 1 CAMERA 1 527
528 1 0.96507067062609642 -0.18402171679056872 -0.17682551904343463 -0.059222835644440128 7.9465117969517918 -3.4410270183514569 10.729301791533684 1 CAMERA 1 528
529 1 0.95359684243452225 -0.18241674511575015 -0.2252001436012992 -0.081621617983465386 6.6922244278696379 -3.6050333793126299 11.553653918670241 1 CAMERA 1 529
530 1 0.93653790473595944 -0.18019503770922854 -0.27973615937418839 -0.11033667801926733 5.1051998113211177 -3.8231754140284453 12.310848437376873 1 CAMERA 1 530
531 1 0.9329373315385 -0.17783541716311596 -0.29110497759559828 -0.11515377476795843 4.8093602694031281 -3.8473954185091315 12.410958315738931 1 CAMERA 1 531
532 1 0.88993767326851492 -0.17045106185197911 -0.3911532031981258 -0.1611103498810692 1.7724371266619317 -3.9521721679008843 13.135155843243222 1 CAMERA 1 532
533 1 0.83932927947385472 -0.16238948518217258 -0.47720806073382088 -0.20353987936233692 -1.0900269706644465 -3.9006893942040901 13.200832603317789 1 CAMERA 1 533
534 1 0.74846833332226392 -0.14794414369954359 -0.59157988186871924 -0.26065480568559146 -5.1511109054892161 -3.5686964883651511 12.275366196266695 1 CAMERA 1 534
535 1 0.64294690509670682 -0.13145538635279236 -0.68717817522238434 -0.31164870306715303 -8.6184691819455299 -2.9452841199505957 10.31747103245181 1 CAMERA 1 535
536 1 0.47920077832268643 -0.10422330119173225 -0.78974407641422972 -0.3685219278581186 -12.069869534545496 -1.7568181135616656 6.3189393453799818 1 CAMERA 1 536
537 1 0.29967615577898066 -0.069926074329435664 -0.8592624318316997 -0.40862283224151846 -13.639942188567963 -0.37462055842372238 1.4345280154995035 1 CAMERA 1 537
538 1 0.16576390232323091 -0.044019276909472584 -0.88712689470809236 -0.42847462542432868 -13.519533118638446 0.68265532851717292 -2.1552563246132665 1 CAMERA 1 538
539 1 0.10859801784024692 -0.032920393177009524 -0.89392085369451457 -0.43362221525691114 -13.16979663105109 1.0897535736098996 -3.6119460463326427 1 CAMERA 1 539
540 1 -0.021169897793665484 -0.0063500728077659436 -0.89737112827924748 -0.44072278150053951 -11.776082126930788 1.8929534138386606 -6.6931510752363881 1 CAMERA 1 540
541 1 -0.16561628288123162 0.019711711794279135 -0.88186604917002154 -0.44101583484496371 -9.3567101995385613 2.7507588175722248 -9.5576591397493242 1 CAMERA 1 541
542 1 -0.36577401143702737 0.05653697335934775 -0.82724700136779694 -0.42270006142490463 -4.63074270065405 3.6216332482034521 -12.304768884837026 1 CAMERA 1 542
543 1 -0.56044613535752574 0.091031070419081109 -0.73091364033631823 -0.37865383129116958 1.196978586698207 3.8702882150691087 -13.000644680838553 1 CAMERA 1 543
544 1 -0.74547149382102784 0.12586229936093818 -0.57959522730239599 -0.30413862955584425 7.4542729880095582 3.2073109249416816 -10.929199545765776 1 CAMERA 1 544
545 1 -0.8838151493476194 0.15519798525349576 -0.38805103616851638 -0.21023976903869049 11.984714983122865 1.778441637320584 -6.205628072001355 1 CAMERA 1 545
546 1 -0.93003236574303694 0.16537894350070734 -0.28605893434252461 -0.16081010478144458 13.155925970506932 0.96323894684321576 -3.3483520936150786 1 CAMERA 1 546
547 1 0.98119367173423211 -0.17991861349524393 0.050445260132987307 0.048410193108066581 13.144867687472823 -0.8723253340382604 3.3708361954441619 1 CAMERA 1 547
548 1 0.97169767985461053 -0.18220992019152157 -0.14421770584866292 -0.042478432983277518 10.620872350743987 -2.1251051954591609 8.1949120255124637 1 CAMERA 1 548
549 1 0.85717655869253218 -0.16671430722200897 -0.44834597523547226 -0.19089414209364047 2.7521655144942625 -3.4532650522448844 12.820426365492184 1 CAMERA 1 549
550 1 0.72191430678726498 -0.1451921353279701 -0.61701017373472966 -0.27759218829535864 -3.3040973481111373 -3.512732193080665 12.662089491125004 1 CAMERA 1 550
551 1 0.46291988819680097 -0.10324783862679207 -0.79689317148641259 -0.37417420297113529 -10.52470241081153 -2.2935680739821143 8.1433601587669155 1 CAMERA 1 551
552 1 0.25543248893782211 -0.061508034141623764 -0.87149421869011423 -0.41408795215602417 -13.094414038822409 -1.0141424134851982 2.9659855882119199 1 CAMERA 1 552
553 1 0.04511366333444957 -0.01902242162656945 -0.9010183122023423 -0.43100917151732338 -13.192244129930401 0.37275421633095784 -2.5298160784442811 1 CAMERA 1 553
554 1 -0.10943854511454655 0.01192952131775642 -0.89477528308055909 -0.43273327137215373 -11.788164054433931 1.3390374010453603 -6.2831356328773076 1 CAMERA 1 554
555 1 -0.21587244269875691 0.034370040596887218 -0.87754953112085921 -0.42676059942572075 -10.130943423755172 1.9166170940331484 -8.5877902523266272 1 CAMERA 1 555
556 1 -0.27764917793990734 0.047124767436347678 -0.86155456402872954 -0.42239072371991038 -8.9216045415792262 2.258356750570035 -9.7729443562818066 1 CAMERA 1 556
557 1 -0.2788633735071912 0.051723222609888951 -0.86400110759371362 -0.41600722738417995 -8.8706532362674793 2.0950228803615634 -9.8514938886236436 1 CAMERA 1 557
558 1 -0.29159388016727744 0.053718224269508244 -0.85914652559848903 -0.41707866042554509 -8.6182707196107042 2.1908220314664519 -10.039008567407604 1 CAMERA 1 558
559 1 -0.35081573555319451 0.055834907790411635 0.84212967907778469 0.40574423763826256 -4.1165107560362788 1.941695358019685 -5.5291125318658212 1 CAMERA 1 559
560 1 -0.23964054119615127 0.040508766611155309 0.8727744359212255 0.42331576257593506 -2.7700457201136657 2.2369176169058962 -6.2736029891677738 1 CAMERA 1 560
561 1 -0.76678103367968864 0.15049634969347478 -0.55554688836757615 -0.28419245229800083 7.0508863130408672 2.816605638637562 -11.829313753458871 1 CAMERA 1 561
562 1 -0.88313744568989649 0.17911195833605448 -0.38028193764829621 -0.20826138936395763 11.818797219124443 1.90605514118382 -7.4681445987834953 1 CAMERA 1 562
563 1 -0.95701333331229688 0.19672256958683665 -0.17920088773585702 -0.11538090098590668 14.093662030849611 0.44354058165982768 -1.2626557185648479 1 CAMERA 1 563
564 1 -0.023450641959792507 0.0028014188914154557 0.89840131605594153 0.43853995798880258 0.14099247426867398 2.4954268800703261 -6.9088847516207315 1 CAMERA 1 564
565 1 0.96589755709702896 -0.20430517451537064 -0.1525408469206318 -0.04508430858926335 11.156549616563266 -2.042822743243609 8.5890171356199332 1 CAMERA 1 565
566 1 0.90022105688494958 -0.19504422119900083 -0.36031228053212039 -0.14742747713897225 5.6367817635385373 -3.0962989118335673 12.704750120032186 1 CAMERA 1 566
567 1 0.82148071034901804 -0.18167232349025766 -0.49548995875553031 -0.21599608833163342 0.69430503161911228 -3.3951399795873565 13.811405005282147 1 CAMERA 1 567
568 1 0.66662676853888714 -0.14995836173912533 -0.66592018954528109 -0.29945207023477999 -6.3535327735621552 -3.0810234837419914 12.373908587565809 1 CAMERA 1 568
569 1 0.45428110090567331 -0.10274733875924016 -0.80570899735114609 -0.36592988033943652 -12.096365600957254 -1.9676938661162868 7.2735188048210606 1 CAMERA 1 569
570 1 0.25257361659505467 -0.059375571697583084 -0.87749716656817744 -0.40333588031626921 -14.183067721299263 -0.6005182322081718 1.2824169952852271 1 CAMERA 1 570
571 1 0.045906005511985516 -0.018842964594197906 -0.90496856734034137 -0.42257481404977937 -13.430214204321118 0.96797965857311397 -4.7573933797584536 1 CAMERA 1 571
572 1 -0.17759553664449862 0.027219514922041076 -0.88982925396562595 -0.41943154645107339 -9.7766479710844365 2.3209964284414162 -10.188168912731244 1 CAMERA 1 572
573 1 -0.39992915529780282 0.074921980977990119 -0.82356348294780668 -0.39520444970166713 -3.731528446460612 3.213253535233108 -13.471655773640171 1 CAMERA 1 573
574 1 -0.53055276226572057 0.10255113316756745 -0.75616842202836321 -0.36906144348251418 0.70329001149529724 3.4733079320816231 -13.920114831420856 1 CAMERA 1 574
575 1 0.18864034776927927 -0.03148736513328463 0.8804573580362004 0.43384122177400658 3.061415432840664 2.4219968246119743 -6.382604971645617 1 CAMERA 1 575
576 1 -0.65526326655570533 0.12690250859149108 -0.6662550863821417 -0.33261083068032871 5.3000154520090526 3.390374055285343 -12.942119643590448 1 CAMERA 1 576
577 1 -0.72871483056349173 0.14224332440294321 -0.59663495021795609 -0.30457883800099711 8.1220096027905839 3.1314135934488441 -11.505323989550956 1 CAMERA 1 577
578 1 -0.8051164535384675 0.15777739402439561 -0.50750888323288768 -0.26330310217735514 10.960563112569551 2.5448733627465754 -9.1179961349112055 1 CAMERA 1 578
579 1 -0.85502427950976034 0.16998571016957467 -0.43225222964664578 -0.23064333884260399 12.621067794482075 2.0295314420644504 -6.8548651107426748 1 CAMERA 1 579
580 1 -0.89612621274769644 0.17932367696669124 -0.35578640826605207 -0.19549133330855933 13.799450380318937 1.3818519850346993 -4.3704768719813041 1 CAMERA 1 580
581 1 -0.93945253368760984 0.19029228523064121 -0.24586982645975658 -0.14410347520542255 14.557477222769647 0.43308658534832806 -0.7187941439404123 1 CAMERA 1 581
582 1 0.96511775200985217 -0.19737756537433582 0.14320615278813584 0.095298579454105484 14.368658232559406 -0.46450226466217598 2.6513116394666612 1 CAMERA 1 582
583 1 0.97786555886442761 -0.20228100744909611 0.032970279634292769 0.042122481799818805 13.272074774831818 -1.3829939477703461 6.0510790810588375 1 CAMERA 1 583
584 1 0.9755803211914128 -0.20435493216504547 -0.079591517876314868 -0.012136263264446282 11.289611544153569 -2.216859801904786 9.1276328101203639 1 CAMERA 1 584
585 1 0.96104281865372732 -0.20357194253085964 -0.17744177942901737 -0.058903139486579249 8.9289295826078767 -2.824922058175213 11.358288425880135 1 CAMERA 1 585
586 1 0.40994562830450854 -0.06877677376645322 0.81375811855550839 0.40621676689828939 5.7920534845402392 1.9642088257999526 -4.550077417599975 1 CAMERA 1 586
587 1 0.92607393411392591 -0.19925736967356139 -0.29842093997778946 -0.11674121709277532 5.3060583592019039 -3.3689277040629211 13.352493834944942 1 CAMERA 1 587
588 1 0.88911399272805902 -0.19258809864138138 -0.38404525846977083 -0.15778267219106673 2.3156451875801891 -3.6414982231925639 14.149648458504924 1 CAMERA 1 588
589 1 0.83813307912512269 -0.18231619609274591 -0.47369614113118164 -0.19976414141667162 -1.0751881836105726 -3.7686216973058744 14.302264870935842 1 CAMERA 1 589
590 1 0.77495189812190357 -0.16881263813930589 -0.5600350388512968 -0.23940050973323571 -4.4773871626234332 -3.7263435665062925 13.659136127123785 1 CAMERA 1 590
591 1 0.73101106904521618 -0.1584798316734444 -0.60998942471758932 -0.26157190525519292 -6.4546857505178421 -3.6128970580442856 12.883956319006879 1 CAMERA 1 591
592 1 0.70642635580799207 -0.15252754094046536 -0.63497767641745217 -0.27294780366580768 -7.4272730321443934 -3.5301340972420356 12.37314365112708 1 CAMERA 1 592
593 1 0.69646155122370512 -0.14974602650417898 -0.64433814376061072 -0.27811111396060895 -7.7611715757515576 -3.485849301903841 12.146343866258038 1 CAMERA 1 593
594 1 0.65886889133004545 -0.14309968499949804 -0.67698822015678362 -0.2951291479327508 -8.9630574882209064 -3.2362153046206918 11.30944437284824 1 CAMERA 1 594
595 1 0.53555744725037757 -0.12376915559532828 -0.76227083352989167 -0.34176394363291535 -12.013223463025126 -2.29036093580766 8.1613674994565208 1 CAMERA 1 595
596 1 0.34992697661266292 -0.0923539728871621 -0.84626648833159879 -0.39096660401827438 -14.322271554684411 -0.78030539465093784 2.7951520975568691 1 CAMERA 1 596
597 1 0.60240100455861634 -0.10042092343906756 0.70653127595100407 0.3575503096704869 7.4489938389676382 1.2039515420784199 -1.8433373197343108 1 CAMERA 1 597
598 1 0.14586747202650269 -0.044099763420620601 -0.89505264075450519 -0.41911652526383336 -14.163299229000456 0.57408662991682646 -3.1814722055143183 1 CAMERA 1 598
599 1 -0.03104941219567818 -0.0038557658128437343 -0.90358237531591423 -0.4272703571402417 -12.108808759410113 1.6905894943329265 -7.7290848640945748 1 CAMERA 1 599
600 1 -0.17213603767065244 0.027359192982940584 -0.8889580489300869 -0.42352596890483957 -9.3762470969983784 2.4644265080753991 -10.67407626310999 1 CAMERA 1 600
601 1 -0.29063821105108217 0.05350731435275051 -0.86067378815718087 -0.41461672417661916 -6.4173821601567855 2.9971670880194448 -12.529556203940194 1 CAMERA 1 601
602 1 -0.31631902168566811 0.057226213311759387 -0.85261613039149287 -0.41196258474047842 -5.7349438822966521 3.1364715670060686 -12.80482000583792 1 CAMERA 1 602
603 1 -0.39720090346191689 0.069648579762710924 -0.82250554745516558 -0.40107996962146208 -3.4433470101906116 3.4672296050998934 -13.478922849754607 1 CAMERA 1 603
604 1 -0.61748215856490019 0.11238864005528938 -0.69349677086759942 -0.35376094504165739 3.8398483319633705 3.7929349891979287 -13.223348132139282 1 CAMERA 1 604
605 1 -0.71536764529218078 0.12918113608812803 -0.6115413222134074 -0.31237569907657459 7.2097854503121557 3.336710483686093 -11.805449074953655 1 CAMERA 1 605
606 1 -0.84704129648893545 0.15489090311393455 -0.45099979737223272 -0.23479572599410392 11.660798539752905 2.1850616828946121 -7.7819433997886494 1 CAMERA 1 606
607 1 -0.91796832540381579 0.17180393544179484 -0.31389425880924243 -0.17113724202704148 13.561534984108359 1.1267368609849653 -3.8163586082962127 1 CAMERA 1 607
608 1 0.69437662086401875 -0.11536172402490938 0.63316831880436875 0.32191716495073197 7.8072125746998058 0.68494376855379691 -0.14522618316889113 1 CAMERA 1 608
609 1 0.96865102546078974 -0.18681867641032118 0.13760710381624533 0.088759551583823218 14.006090526429182 -0.24383312134291851 1.4346691904988982 1 CAMERA 1 609
610 1 0.97592817533521936 -0.19317839156794342 -0.099101932345045232 -0.020618259469941749 11.48609100791206 -1.8555062005255827 7.8261404579136249 1 CAMERA 1 610
611 1 0.89915411965475089 -0.18139025426345978 -0.37003892173730268 -0.14727742924705664 4.9400779070994076 -3.1380801076679097 12.644198696379718 1 CAMERA 1 611
612 1 0.79339988064288958 -0.16402375115451862 -0.5372626680303676 -0.23443904110437788 -0.78318664886831413 -3.4707822527493839 13.39665729756579 1 CAMERA 1 612
613 1 0.5976040575325855 -0.13382714632730278 -0.71632159448311961 -0.33442945235675986 -7.8698919620269656 -2.8684721541653544 10.936658928536765 1 CAMERA 1 613
614 1 0.32917647323661597 -0.088650425269867855 -0.84635486382241187 -0.40922780459191899 -12.858345667397939 -1.0942568662498828 4.625157855105626 1 CAMERA 1 614
615 1 -0.040009530211623463 -0.0096538463144188544 -0.89347148052526704 -0.44723009092811539 -12.583632111229898 1.3474542016886315 -5.0140931310090444 1 CAMERA 1 615
616 1 -0.1865784017539103 0.019709087701737991 -0.87645101092106659 -0.44343396049058104 -10.520313275523723 2.2666762852005085 -8.2730626470594864 1 CAMERA 1 616
617 1 -0.36158588514335999 0.05660050183906272 -0.82806267770827402 -0.42469310406841121 -6.7767910102109532 3.0767352457950197 -11.246677938779067 1 CAMERA 1 617
618 1 -0.52530295876186128 0.082758441740246297 -0.75153394373800497 -0.39039028323763625 -2.2337373924619941 3.6365268531360764 -12.689070398787491 1 CAMERA 1 618
619 1 0.82589450773360162 -0.14465174648276138 0.48206740712573343 0.25413608425808248 7.4078449278742502 -0.07708840736121185 2.86375125293281 1 CAMERA 1 619
620 1 -0.72318111551616193 0.11695927304337399 -0.6038588282057975 -0.31414028428058427 4.4298818506061055 3.4080316913969795 -12.074636444688675 1 CAMERA 1 620
621 1 0.9325132775224092 -0.16357154594583603 0.28083418692210999 0.15746585679791336 5.4314618664652361 -0.96784888585520579 5.8664555809185419 1 CAMERA 1 621
622 1 0.97990131163592331 -0.17425391429121104 0.07922671965752448 0.056143741420540676 2.4575114292539464 -1.489989158868092 7.6291266849481536 1 CAMERA 1 622
623 1 0.97922191391999791 -0.17338193535622579 -0.10040531860024056 -0.031335599368291944 -0.52198697033536923 -1.6471624719927307 8.0323891067968312 1 CAMERA 1 623
624 1 0.9271300772399298 -0.16286131061759487 -0.31015437727147571 -0.13307995957447658 -4.0626380627559282 -1.4461395838435862 7.0659702115324183 1 CAMERA 1 624
625 1 0.98347565263825465 -0.063890148252988457 -0.15172230896923414 -0.075326161358551663 10.371238784114693 -2.8143864257637006 5.3487228361160373 1 CAMERA 1 625
626 1 0.9136508067456286 -0.058624312006173969 -0.34612795800623469 -0.20494104045139197 6.1802707986973955 -5.0391435017532737 9.0516011044761608 1 CAMERA 1 626
627 1 0.79713116460730804 -0.052386305933241735 -0.51063194413036195 -0.3179506235189869 0.70070624264847414 -6.0190274430658128 10.506868796923911 1 CAMERA 1 627
628 1 0.64377673510684841 -0.043637826395943213 -0.64382999686544695 -0.41125441101445082 -4.8503924460271159 -5.6553274947138794 9.6618713159481278 1 CAMERA 1 628
629 1 0.26361328789601202 -0.020743510862100245 -0.80634435214128564 -0.52904302941407177 -11.889742402738399 -1.7465886949138116 2.7201037820315586 1 CAMERA 1 629
630 1 0.13948667652446714 -0.013721474776325572 -0.82474312790350035 -0.54786308616119761 -12.358512724186747 -0.11343912839159555 -0.067469127754025471 1 CAMERA 1 630
631 1 -0.072596066255273609 -0.003020746143747297 -0.82883872601463726 -0.55474954034719859 -11.164077521537898 2.6225256520721532 -4.6274674623495073 1 CAMERA 1 631
632 1 0.8275569909307201 -0.14456222777889791 -0.49435589288059389 -0.22330123205106839 -6.7592304621795876 -0.8703464052476747 4.8410163299837787 1 CAMERA 1 632
633 1 -0.31645305725935968 0.012346770492053013 -0.78483064550268067 -0.53267802441011847 -7.0650483182397474 5.1384060715589399 -8.7798592796531345 1 CAMERA 1 633
634 1 -0.52657186690244895 0.023869917579431223 -0.69946919227474091 -0.48259211046197414 -1.5171750083856348 6.336758666395653 -10.57124596129931 1 CAMERA 1 634
635 1 -0.76029694685542337 0.036844078308597657 -0.52826122713123591 -0.37620624982276979 6.1704828381851131 5.7165423883384365 -9.1890303829473527 1 CAMERA 1 635
636 1 -0.90718609442456277 0.047257986054756465 -0.33496374460085704 -0.2501586749239943 11.060242303062731 3.2290961129814901 -4.8606012963557514 1 CAMERA 1 636
637 1 -0.96480471405508894 0.05139499886931765 -0.20202176041285533 -0.16030479140684434 12.417100472685965 1.0542712938782226 -1.2732571900331893 1 CAMERA 1 637
638 1 0.99789772310975444 -0.051386634570893271 0.019598691240965957 0.034284680273946877 11.831434203480059 -1.9721667372876057 3.6234750846169783 1 CAMERA 1 638
639 1 0.9760210164532831 -0.051311344406651423 -0.18363250782504884 -0.10502010972459264 8.2864636208979032 -4.7497776840215797 8.1075208804473462 1 CAMERA 1 639
640 1 0.90208852815570784 -0.050083968317588712 -0.36283646130778879 -0.22820513980424045 3.0415157438493892 -6.1858176315234461 10.467955996945127 1 CAMERA 1 640
641 1 0.77822645245202748 -0.051410470079615696 -0.52701476996434948 -0.33760329457745103 -2.9761076583699211 -6.0419513818075083 10.581353860137124 1 CAMERA 1 641
642 1 0.62075449627953949 -0.043271223446372256 -0.65699460059804182 -0.425616671848283 -8.0810578396376052 -4.7389363144756285 8.3580315782592756 1 CAMERA 1 642
643 1 0.68287185454871335 -0.11901760578722265 -0.65361160670423069 -0.30383006329096568 -8.2821433160866036 0.01877541877917854 1.6752315932103377 1 CAMERA 1 643
644 1 0.53518787351034469 -0.038472076134284751 -0.70798078758853977 -0.45919172881368842 -9.9611141241129317 -3.7734446548989022 6.6508110368737325 1 CAMERA 1 644
645 1 0.40766297478892699 -0.031135011067960298 -0.76454153990462925 -0.49831490428472935 -11.789824898660166 -2.1797930273693207 3.7580623965557867 1 CAMERA 1 645
646 1 0.30258020660607804 -0.024864801682094984 -0.7970014966061898 -0.5221260141144346 -12.488227331768918 -0.79700568534923666 1.2382859179683601 1 CAMERA 1 646
647 1 0.16740441810170267 -0.016897674767986804 -0.82301284695886956 -0.54253118171043613 -12.399791070186415 0.9757323808279883 -1.9371735389870886 1 CAMERA 1 647
648 1 0.019688462172233568 -0.0081692064726978323 -0.83244893611396031 -0.55369160846597154 -11.171361306494813 2.7875225704760012 -5.1241914890046099 1 CAMERA 1 648
649 1 -0.10810097255602283 -0.0025035243349872953 -0.82540523552152534 -0.55408853919928847 -9.2505060474647607 4.1935267380223085 -7.4916131169927542 1 CAMERA 1 649
650 1 -0.22462650785097368 0.0046256924448571943 -0.80621732494396681 -0.5472980539891189 -6.882640317282684 5.2255876799711123 -9.2298609833151009 1 CAMERA 1 650
651 1 -0.38246432798429786 0.010617575504771245 -0.76147532625490333 -0.52322426588883342 -2.9226401512807905 6.1657400611713733 -10.67846089512776 1 CAMERA 1 651
652 1 -0.52729348287792288 0.018881329628106767 -0.69665803547283733 -0.48607886182909815 1.3264623925674339 6.3542569080491855 -10.917556464856954 1 CAMERA 1 652
653 1 -0.62013807052299263 0.025742334003951491 -0.64093426177438528 -0.45162969102105394 4.2509251684831648 6.016389421626803 -10.373821640040852 1 CAMERA 1 653
654 1 0.53429830125308919 -0.092925948661993635 -0.76074626874543205 -0.35658828911397905 -8.3669425432886069 0.84527944984429382 -1.2940603817704057 1 CAMERA 1 654
655 1 -0.72669217782644691 0.03498300329701215 -0.55802885283961656 -0.39912212111668083 7.6147425997784293 5.0835779288339715 -8.841184994660237 1 CAMERA 1 655
656 1 -0.81993986680344522 0.040915445447405226 -0.46088046690385354 -0.33706636791094269 10.339436703089419 3.67229754702042 -6.4589568078219681 1 CAMERA 1 656
657 1 -0.8714797124546062 0.041378182100328627 -0.39251609014887273 -0.29110492232243518 11.611144162736936 2.5018084202617139 -4.6019919579002417 1 CAMERA 1 657
658 1 -0.91095106702119388 0.042199061351874519 -0.32717987530459075 -0.24767059153165838 12.353260478960001 1.3831564473362303 -2.7792451499504138 1 CAMERA 1 658
659 1 -0.92835835674913203 0.042340373197763244 -0.29398909053810907 -0.22344679209176632 12.543914029095566 0.74664601919800777 -1.8674993880374571 1 CAMERA 1 659
660 1 -0.95695006531293569 0.044819294873684142 -0.22388606641377734 -0.17920053730488519 12.627232389021458 -0.36598206333736366 0.0067484211318988583 1 CAMERA 1 660
661 1 -0.96745972404372804 0.045865603815129059 -0.19261016444380766 -0.15754159226323924 12.559581350250369 -0.87789426544126115 0.82862490865437588 1 CAMERA 1 661
662 1 0.98373745459226392 -0.048408533397131311 0.13029730580310991 0.11375344578131756 12.211667148027383 -1.8325278384856685 2.4024678398354822 1 CAMERA 1 662
663 1 0.99593046361953652 -0.051842693667475015 0.047207228440519583 0.056624414618077226 11.349541081610498 -2.980551731286734 4.3595108399905547 1 CAMERA 1 663
664 1 0.99407710726200382 -0.056813573483198661 -0.086984388487881717 -0.031884774502339654 9.1608268025316306 -4.4932343118669316 7.0878361692883383 1 CAMERA 1 664
665 1 -0.3194977284980301 0.05618249959384225 0.85493301897666407 0.4047891565833181 -6.8717744648620487 1.8205062737728424 -4.7588796736319017 1 CAMERA 1 665
666 1 0.95035829447300557 -0.058634172953726034 -0.26683362117642656 -0.14893275159704761 4.8769224514569771 -5.8968171127893401 9.6647285328298977 1 CAMERA 1 666
667 1 0.859689170742997 -0.050339108312447374 -0.43437496286794747 -0.26404335915715654 -0.26223024081045992 -6.434685891084948 10.377663406576719 1 CAMERA 1 667
668 1 0.73288348529585567 -0.045563150931677406 -0.57425943417815406 -0.36198328485603137 -5.066184057962178 -5.8319291565849412 9.3460722663476226 1 CAMERA 1 668
669 1 0.57253900709110228 -0.038405891999625387 -0.68823041213007896 -0.44391775436234748 -8.9906587617132576 -4.3117201322578094 6.7515213918845927 1 CAMERA 1 669
670 1 0.33907416363102844 -0.027592427890592887 -0.78494219596205161 -0.51781571864833664 -11.674377500865843 -1.500858405657745 2.068050666793936 1 CAMERA 1 670
671 1 0.093320853823209274 -0.013951029947041758 -0.82872935147836913 -0.55163778786751527 -11.410021427513799 1.4566338719253262 -2.8919812496676447 1 CAMERA 1 671
672 1 -0.12387438941499175 0.00052452226475403763 -0.82421226134452164 -0.55256584112013896 -9.0440420867585924 3.6605856043455725 -6.5975789071901163 1 CAMERA 1 672
673 1 -0.33746366280797108 0.012166987185835944 -0.77981343280701365 -0.52712546013334338 -5.1116439842132362 5.2454835982242614 -9.1229714770988224 1 CAMERA 1 673
674 1 -0.5507296998099892 0.02091175798358472 -0.68845226823992167 -0.47147955467924829 0.1075339702716859 5.9319932785535547 -10.000269946749464 1 CAMERA 1 674
675 1 -0.73274504512702365 0.029331336380975657 -0.55776768134918897 -0.38874102586458753 5.2475955047887126 5.3581351550473526 -8.7962819770110343 1 CAMERA 1 675
676 1 -0.11342614944119807 0.020912380418813145 0.89621971922181431 0.42835428776438594 -4.3409162981396019 2.4842356232040261 -6.9934617606596179 1 CAMERA 1 676
677 1 -0.86991346018921745 0.039231026774746498 -0.40123668177887661 -0.28411375101338998 9.1216669382460367 3.6291288820129592 -5.9000871372814796 1 CAMERA 1 677
678 1 -0.95819694948476697 0.04945368326040251 -0.22465245392195365 -0.17012999193825698 11.086443077087926 1.3741324598491909 -1.9335989928983399 1 CAMERA 1 678
679 1 0.9974059962239531 -0.057426696213423063 0.021777875658134934 0.037539011579072065 10.842007754539191 -1.2259542995344495 2.6691291862156201 1 CAMERA 1 679
680 1 0.97546220339114464 -0.064043068611848067 -0.18690999687786267 -0.097142308934823673 8.1773965437967053 -3.4321242342633034 6.728638603147802 1 CAMERA 1 680
681 1 0.90522486743014263 -0.065275560378172851 -0.36456088228120931 -0.20833243557771453 4.3040576317320598 -4.6064869999843836 9.0542226944905533 1 CAMERA 1 681
682 1 0.78933368238346802 -0.062782560778228427 -0.52577490512420633 -0.31075945208265898 -0.33332121561995998 -4.927014601025169 9.7664617323586693 1 CAMERA 1 682
683 1 0.64997534939289237 -0.053935088725050664 -0.64941986946422225 -0.39099473721634787 -4.4215220105089337 -4.4345375067891828 8.8244296974905279 1 CAMERA 1 683
684 1 0.46698992884958956 -0.041739241241375076 -0.75251561702506065 -0.46249160881797846 -8.0364224097928521 -3.151520828978069 6.3191431959243207 1 CAMERA 1 684
685 1 0.10584263271220488 -0.018542917563172265 0.89568984443832467 0.43150110066933145 -0.88720571699969908 2.8227120746476078 -8.1309134379874788 1 CAMERA 1 685
686 1 0.25041701285472739 -0.022319088576497448 0.82168678405504814 0.51149194213330718 -7.826699098809736 3.1206519747204045 -6.0212367951779022 1 CAMERA 1 686
687 1 0.42785821112377487 -0.038932083661375134 0.76723756058602643 0.4762018161050528 -4.8491360784681588 4.1361845387218157 -8.0428249264634726 1 CAMERA 1 687
688 1 0.69345886611740915 -0.058053566384212302 0.60987334843820662 0.37920849581463867 1.3471940701642744 4.6195346180346197 -8.8544457203773899 1 CAMERA 1 688
689 1 0.85359270822954736 -0.070049015129722864 0.43677523273912083 0.27513636619391046 5.8938393522967489 3.8012717222588073 -7.0810182427496766 1 CAMERA 1 689
690 1 0.9540081787033976 -0.080115329213627753 0.24321366169601594 0.15587509023713267 8.8362336834711979 2.1539120111837682 -3.8055315033196626 1 CAMERA 1 690
691 1 0.99368488201227667 -0.088027966428128962 0.054502162119970915 0.043254441517887737 9.738181969769153 0.37772265750616335 -0.15368077973238145 1 CAMERA 1 691
692 1 0.98590297469096033 -0.091479018049499358 -0.12620107868758643 -0.06082928152053748 9.0005863786016818 -1.201974722252003 3.3122370525391585 1 CAMERA 1 692
693 1 0.94065655854996444 -0.091649790924570332 -0.28799607896394813 -0.15434964587523745 7.0498373942674206 -2.4313827261574779 6.0596029119927639 1 CAMERA 1 693
694 1 0.9032272850514137 -0.090343720805353481 -0.36847205653958276 -0.200616118991439 5.6401599686226866 -2.9074640074092666 7.1735184899078765 1 CAMERA 1 694
695 1 0.88662985204864631 -0.090823495596022694 -0.39753863659293509 -0.21817797899821412 5.0454049136293886 -3.0629893207683119 7.5235547734177928 1 CAMERA 1 695
696 1 0.25909328494586542 -0.047425077325365959 0.86747684147574777 0.42202542724331704 1.7284387517330413 2.8547993060151384 -8.0323173907998804 1 CAMERA 1 696
697 1 0.85913799948219738 -0.094348439337563983 -0.44310267005301013 -0.23799221338562179 4.0686615543004194 -3.1201241761765908 8.005254141167887 1 CAMERA 1 697
698 1 0.84926585941039778 -0.09342075040130586 -0.45700066383704457 -0.24732661944658527 3.7130219910411171 -3.1957767472177645 8.1473317699857777 1 CAMERA 1 698
699 1 0.82802148890004379 -0.093550880588909535 -0.48543004535069739 -0.26454927278602397 2.9421359226647188 -3.3097488008428644 8.4284366316280064 1 CAMERA 1 699
700 1 0.77352223116766039 -0.091003602712072723 -0.54956673235524223 -0.30225503944716836 1.1179188484432585 -3.4564619323977417 8.8084436647698929 1 CAMERA 1 700
701 1 0.65503472160168197 -0.081710095204073546 -0.65807375620978925 -0.36220423137490704 -2.295799121757184 -3.3014000886687311 8.6511693400567715 1 CAMERA 1 701
702 1 0.49031262506258766 -0.066646147637841491 -0.76115239472165153 -0.41928373772275562 -5.9371639733586736 -2.5534056182437506 7.0440407878945344 1 CAMERA 1 702
703 1 -0.32354237744492104 0.04395382550775933 0.83111811851905848 0.45014560343278043 -8.3857889933027359 -1.5039168541045917 4.4024519504732229 1 CAMERA 1 703
704 1 -0.19157308020028835 0.025133792712254462 0.86315819347372258 0.46650399831689676 -9.3940388605048408 -0.59902755436927746 1.9745517021308849 1 CAMERA 1 704
705 1 0.044018300322413946 -0.0062543822869988944 0.87878835406630995 0.47513608650191974 -9.2837463434536591 1.0844941120047651 -2.5042855409141329 1 CAMERA 1 705
706 1 0.2697972350238384 -0.035498899692779792 0.84596876996630777 0.45856964611254636 -6.9812587218169924 2.5344358882355542 -6.2912745978580498 1 CAMERA 1 706
707 1 0.36712448676523896 -0.068169551683599131 0.83241865827439021 0.40945292867102684 3.5728064956775953 2.7824993282845139 -7.4642413258755305 1 CAMERA 1 707
708 1 0.43565692398376277 -0.081770117826465261 0.80320818065192723 0.39796144404888378 4.7163458592586673 2.6557706222194848 -6.8760031737074234 1 CAMERA 1 708
709 1 0.095007425285136102 -0.020857105144190483 -0.8865163393893285 -0.45235754697079883 -9.9017349586641803 0.93066322112896205 -2.6100221595685964 1 CAMERA 1 709
710 1 -0.12846275804816543 0.009102339034414585 -0.88294751056186727 -0.45146224738217294 -7.577044555818671 2.2782148661906225 -6.6384420019220531 1 CAMERA 1 710
711 1 -0.43313238384947655 0.052438799813940971 -0.79916356975980674 -0.41350223591137442 -1.5711928835021227 3.2699304545018033 -9.6984990655712284 1 CAMERA 1 711
712 1 -0.62526096852187685 0.087752973025700939 -0.68648037987217081 -0.36068382971627005 3.3958840707196924 3.065924998643498 -9.3176764962063672 1 CAMERA 1 712
713 1 -0.79225045036797881 0.12020442282878722 -0.52548166773128269 -0.28593554781188513 7.8123091281016341 2.2097021706849151 -6.5277047140717661 1 CAMERA 1 713
714 1 0.48672330715016454 -0.091161394673447388 0.77698954058026437 0.38868660412582828 5.505555723356216 2.5280155320199444 -6.2748699736137361 1 CAMERA 1 714
715 1 0.91413744424480747 -0.1537985994762518 -0.3437191677001169 -0.15018607653259336 1.8902881921707042 -3.0630642428011492 9.7547474864878101 1 CAMERA 1 715
716 1 0.93347567187238667 -0.15799041322359691 -0.29598689481296536 -0.12670421244304431 2.9967911638952169 -2.979563353076935 9.5470978381263816 1 CAMERA 1 716
717 1 0.88646238386249376 -0.14896097359234534 -0.40014319575438861 -0.17855109418513898 0.54421434677007796 -3.0978419010056677 9.8402157240090702 1 CAMERA 1 717
718 1 0.8381016945557177 -0.14119511844224839 -0.47941004303466234 -0.2186675530306614 -1.422638526750877 -3.0332351388654892 9.6796643342843431 1 CAMERA 1 718
719 1 0.73411708708649837 -0.12740192134210451 -0.60378201674010479 -0.28335159986706737 -4.6373963879902682 -2.648805360149264 8.6029066299172534 1 CAMERA 1 719
720 1 0.59314945582493672 -0.11136490252224548 -0.71887848141330657 -0.3449424741919882 -7.4818923083075379 -1.820936867252867 6.3784535501928374 1 CAMERA 1 720
721 1 0.3799167590922517 -0.078834983765422376 -0.82762259912826941 -0.40557260127838229 -9.5881119588090566 -0.53110138962026332 2.3255153534093296 1 CAMERA 1 721
722 1 0.50116170223982859 -0.092867539934722035 0.76910440896898136 0.38560468920777441 5.7223284661016152 2.4726987453013742 -6.0411985397981676 1 CAMERA 1 722
723 1 0.54286487386653781 -0.099439599036231063 0.74500037711232592 0.37467843942222506 6.3113603249485362 2.2891301705011116 -5.3795259182820745 1 CAMERA 1 723
724 1 0.60756379389108506 -0.10885472367075054 0.70255358806744006 0.35416852116019798 7.0980061212583516 1.9643958834708692 -4.2126850133376736 1 CAMERA 1 724
725 1 0.71368149888357979 -0.12452370277446863 0.61549185678539098 0.31035840544360083 8.0216232253698365 1.2804541814632013 -1.9835740862530686 1 CAMERA 1 725
726 1 0.44454139561971112 -0.083057854033446024 0.80162862373405364 0.39099346551328112 -0.34486328767563612 2.7385235212473713 -7.7241542074662908 1 CAMERA 1 726
727 1 0.81247469662565419 -0.13876201694819834 0.50517930281828105 0.25578084760113434 8.1771468252150186 0.48686180949826324 0.63338504917338578 1 CAMERA 1 727
728 1 0.63880869927503015 -0.11729263211273626 0.68148536070544341 0.33725893216752911 3.6278976240960503 2.6021075426358382 -6.9343134768985273 1 CAMERA 1 728
729 1 0.75403623524995167 -0.1377105034276026 0.57419189108107416 0.28769575143289061 5.9568639384958075 2.1908221277042901 -5.3207092076406957 1 CAMERA 1 729
730 1 0.83677316392587719 -0.15376217747959878 0.46839067210858576 0.23828143694353696 7.3895030380549267 1.6500804592614844 -3.3191146822869313 1 CAMERA 1 730
731 1 0.95873827429267378 -0.17819083878047717 0.19307400481603393 0.1085880980831414 8.0099104970634745 0.23043640289519782 1.9675874090262411 1 CAMERA 1 731
732 1 0.92199320605698321 -0.17212397719715827 0.30621502260029704 0.16289329142876646 8.2110250859924623 0.82327009979867705 -0.15996257921973761 1 CAMERA 1 732
733 1 0.97906021224168427 -0.18121609015776763 0.076401819181210015 0.052579382832074424 7.21952075762385 -0.34609684271321078 3.914637018258269 1 CAMERA 1 733
734 1 0.98107860433567307 -0.17926815135787622 0.057305624085611344 0.045428707571932625 7.0230632176226271 -0.37264212771406152 4.1354884419408711 1 CAMERA 1 734
735 1 0.96726463551576203 -0.17604981377352497 -0.17075461560365143 -0.065180128880789903 4.1777679276188664 -1.0654716116430718 6.6775580745622189 1 CAMERA 1 735
736 1 0.98217664060144649 -0.17844606194205268 -0.057746150708679139 -0.012305759324833146 5.7456928102502483 -0.80091463996928858 5.6108275338304621 1 CAMERA 1 736
737 1 0.9231308412468886 -0.16724395340940831 -0.31955446533044468 -0.13320605719777631 1.8066659616792868 -1.2538015740742336 7.454051785563049 1 CAMERA 1 737
738 1 0.81611981996459271 -0.14978136899701552 -0.50960604376602381 -0.22763053643894582 -1.6597300545609472 -1.2272492172908194 7.327003742031553 1 CAMERA 1 738
739 1 0.92417649117505307 -0.15798206890381428 0.30935824068671208 0.15886144272119615 6.7924679001655361 -0.61590458275607862 4.3215397668021689 1 CAMERA 1 739
740 1 0.97869724970600724 -0.17052342618504832 0.10027758225654601 0.054935061998611735 3.8180569795399735 -1.3168109662431677 6.8115647240917259 1 CAMERA 1 740
741 1 0.98394844551420124 -0.1719247347778588 -0.045058635534115508 -0.016033137732635823 1.2461444103574342 -1.4849557530334789 7.5018714499472861 1 CAMERA 1 741
742 1 0.95974596065996409 -0.16935106725761653 -0.2049058054973518 -0.090672586204819258 -1.6063724010308433 -1.3700417876940321 7.2987455921822946 1 CAMERA 1 742
743 1 0.96410025000651689 -0.16875843872851359 -0.18869383301142337 -0.080161927863189458 1.0356241078874415 -1.884139558692522 6.5344782604216416 1 CAMERA 1 743
744 1 0.92332151341296831 -0.16246854928880419 -0.31857945401321941 -0.13995886839145416 -1.0908839806213604 -1.8857710144351763 6.5562832448511967 1 CAMERA 1 744
745 1 0.92076824815320268 -0.16263107915338623 -0.32435573993111877 -0.14328405096180033 -3.5726785670480359 -1.1486640287188192 6.5280594844530517 1 CAMERA 1 745
746 1 0.88625348960425832 -0.15711871697625168 -0.39861379572910105 -0.1759985874785642 -2.4089735147737361 -1.7758589295804688 6.2565659133997409 1 CAMERA 1 746
747 1 0.8458906882660896 -0.15018134613173173 -0.46809729552565799 -0.20688022791061234 -3.4967447462074639 -1.6718548226601937 5.8226972041881204 1 CAMERA 1 747
748 1 0.80805718197766341 -0.1454294419924391 -0.52165124305233246 -0.23189189006526631 -4.2936592451790174 -1.5441740025276558 5.3923959531577896 1 CAMERA 1 748
749 1 0.74021604652017492 -0.13452619722079573 -0.60098543782882086 -0.26981365838862664 -5.4480692538559028 -1.3030784641752806 4.4623193910803254 1 CAMERA 1 749
750 1 0.62654788273075823 -0.11643997444220548 -0.70125535495338309 -0.31956284224970094 -6.7097847103118129 -0.84309047224196765 2.6981274164888127 1 CAMERA 1 750
751 1 0.51206523569236762 -0.098123467783945706 -0.77480680297254678 -0.35754076345618846 -7.2805526881151525 -0.32214446366356186 0.82407088468343903 1 CAMERA 1 751
752 1 -0.34279985164935639 0.066516993489290341 0.84906096329492198 0.39643313672676794 -7.2027688209506664 0.35661128914149903 -1.7567804294660239 1 CAMERA 1 752
753 1 -0.13544076150198273 0.026570280287976675 0.89492105070808425 0.42434200042974757 -5.9670744475578488 1.1105603451953541 -4.4608301450852101 1 CAMERA 1 753
754 1 0.082115130653519608 -0.012698609330981138 0.89788521457563408 0.43231700415931162 -3.6086900878956083 1.7387791513379365 -6.5203765954777504 1 CAMERA 1 754
755 1 0.1822315544342126 -0.031522332594285773 0.88426740497468548 0.42879967305915889 -2.2480496648011461 1.9305672316028202 -7.1184267461419477 1 CAMERA 1 755
756 1 0.85946894232891236 -0.15147485777337913 -0.44653731429338317 -0.19741563154473768 -5.3020676592089471 -0.75836516322020464 5.0969073314868112 1 CAMERA 1 756
757 1 0.34275971298338337 -0.057084392425993731 0.84294057027611724 0.41074121570579952 0.14070371719028407 2.0737284904936124 -7.5035485706707732 1 CAMERA 1 757
758 1 0.55711642897272096 -0.096802592451117123 0.74012893742740349 0.36395013208681332 3.6622833914730153 1.8646742673272536 -6.7146671662386588 1 CAMERA 1 758
759 1 0.74751825469023514 -0.13141877934481644 0.58454607041148465 0.28679514449668547 6.6084013778066151 1.1537606577945296 -4.2813411273332447 1 CAMERA 1 759
760 1 0.87062990970677545 -0.15650167465624498 0.41798005075269934 0.20688997879678434 7.9338795725599267 0.33006315697707639 -1.3078384281244051 1 CAMERA 1 760
761 1 0.95048327194690241 -0.17363490042031723 0.22989744985190017 0.11653168520505626 7.863676146808519 -0.5578864726691497 1.9966864324374536 1 CAMERA 1 761
762 1 0.98186487051221449 -0.18300349838045563 0.041378949881426541 0.027182313022574661 6.458645698295256 -1.2936197960912608 4.8765043478058958 1 CAMERA 1 762
763 1 0.97642941165083164 -0.18465118575777217 -0.10376076589704172 -0.041512011778748567 4.637673391968141 -1.726306049006358 6.5944515536945811 1 CAMERA 1 763
764 1 0.9555075791789901 -0.18285717996726389 -0.21218119636895452 -0.092453543865905569 2.9227464384573354 -1.9490122073894685 7.4884937488423633 1 CAMERA 1 764
765 1 0.94613543800160227 -0.18138204363438196 -0.24559080297352434 -0.10776569351770084 2.3429705665772804 -2.0003637315516651 7.6896994079427028 1 CAMERA 1 765
766 1 0.93829901804099636 -0.17960491437475334 -0.27040674148677746 -0.11923599135429952 1.888584733348212 -2.0432869839556407 7.8328940774040099 1 CAMERA 1 766
767 1 0.75576369232287988 -0.13445169386231667 -0.58482325442678817 -0.26215595447309886 -6.6909007092827304 -0.15894137072819789 2.7298221353406049 1 CAMERA 1 767
768 1 0.91830932836515111 -0.17701922337563922 -0.32306399134523239 -0.1449200796615783 0.82555316979943483 -2.0881097400763724 8.0214105674430911 1 CAMERA 1 768
769 1 0.90121765653609709 -0.17491854028403517 -0.36157685867951361 -0.16270345749228216 -0.021218228065154027 -2.0912339170574925 8.1011976439299396 1 CAMERA 1 769
770 1 0.84236071247191913 -0.16543926082542837 -0.46634757326609033 -0.21349056646644896 -2.3141343924114999 -2.0141182846892982 7.8438051264738649 1 CAMERA 1 770
771 1 0.76578035545740497 -0.14977909111387427 -0.56869413858155637 -0.26025688810022662 -4.5785427086292101 -1.8006495401378362 6.920946495451143 1 CAMERA 1 771
772 1 0.68700022539653227 -0.13400986351309102 -0.64924876416691046 -0.29757030936243634 -6.2088774135099145 -1.4911281375908991 5.6318447927326698 1 CAMERA 1 772
773 1 0.54107568731299738 -0.10350522433037647 -0.75902943343751261 -0.34698427674840643 -8.0686220666348607 -0.83955603601767925 2.7417818378879946 1 CAMERA 1 773
774 1 -0.32851788209440391 0.06277468574987527 0.85598955265098542 0.39422991480299624 -8.4636301378364323 0.21409407685939122 -1.429918798131343 1 CAMERA 1 774
775 1 -0.14380903081225879 0.031409025747647944 0.8961718618626926 0.41857906035058351 -7.2258071870063993 1.1083013650548743 -4.6214567679330525 1 CAMERA 1 775
776 1 0.091071340443038828 -0.0062443881238859553 0.90123595254294042 0.42360450471033168 -4.0753728591953253 1.9204623886837906 -7.4531648797333787 1 CAMERA 1 776
777 1 0.36808703807985221 -0.056980922791109945 0.83839530768374071 0.39794272815238207 1.041845696574941 2.1866875230270479 -8.4354491752306675 1 CAMERA 1 777
778 1 0.67438963838026889 -0.1214487040982923 -0.66368584285104293 -0.29994987900860443 -7.0742821731745131 0.29362141782776841 1.0514098558325089 1 CAMERA 1 778
779 1 0.49707491721345903 -0.083406955554955475 0.77846920185802493 0.37409291386073618 3.6439235262456426 2.0510807833719404 -7.7587092755298492 1 CAMERA 1 779
780 1 0.65107315076067573 -0.11768980371007802 0.6735999722488496 0.32941757671320282 6.5653672234587894 1.5772586661559307 -5.709376315012852 1 CAMERA 1 780
781 1 0.76165381049698611 -0.13983241230503005 0.56732705898177871 0.28012564604381113 8.1790609476052634 0.90896485768566637 -3.2174492736160767 1 CAMERA 1 781
782 1 0.88056444802443601 -0.16282438807440777 0.39652841994490851 0.20213778394849752 8.7990838240225298 -0.11212062910549891 0.71997041774443693 1 CAMERA 1 782
783 1 0.95503089830128296 -0.17622850027996534 0.21032590418549943 0.11234995775464747 7.5692719725817019 -1.1582910407804747 4.4436456483453473 1 CAMERA 1 783
784 1 0.98066883102154689 -0.18548703970295291 -0.058881851647569317 -0.020399252722138477 3.437343145530241 -2.086484937651663 7.9076094936873291 1 CAMERA 1 784
785 1 0.93856743716192081 -0.17982249908373737 -0.26760055973899222 -0.12306492250012285 -0.89438028646748813 -2.2439504689470566 8.5468759009949977 1 CAMERA 1 785
786 1 0.83497789240297893 -0.16105770992413601 -0.47742441680611075 -0.22121993470213577 -5.3012797978442832 -1.8041914808372881 6.9321826953011589 1 CAMERA 1 786
787 1 0.71993211263191226 -0.13735313832827525 -0.61829778898647958 -0.28379519503888018 -7.7221488464608878 -1.1745651841315663 4.3153660015334845 1 CAMERA 1 787
788 1 0.59600889961638126 -0.11288347420235553 -0.7231260193177238 -0.33033236749640404 -8.813330589737113 -0.48222941443521677 1.4317676298664319 1 CAMERA 1 788
789 1 0.60609403896210923 -0.10849538385388027 -0.71687154469164394 -0.32706873288104577 -6.9651217871517446 0.63830080356653285 -0.23543318549789471 1 CAMERA 1 789
790 1 0.4722047833279473 -0.08933319644659525 -0.79768829269338393 -0.36432898637736005 -8.8641948162407225 0.15175968293143874 -1.261188469990477 1 CAMERA 1 790
791 1 -0.41747730628751917 0.079771700969134982 0.82290815647303639 0.37705615028740275 -8.6349669380619556 0.42204331991305788 -2.3554064091337921 1 CAMERA 1 791
792 1 -0.35836283467959745 0.068922906436793607 0.84602729578798497 0.38866891626470196 -8.2756202307554148 0.69583423867545069 -3.44854576204049 1 CAMERA 1 792
793 1 -0.32698565707408817 0.06090799834536418 0.85649813587220447 0.39469170127179876 -8.0553484653101073 0.79068087491583816 -3.974704010834333 1 CAMERA 1 793
794 1 -0.2681403920770517 0.048030784386525568 0.87304180406215381 0.40446480965329967 -7.5661923378454032 1.0035934392474184 -4.9003040447333399 1 CAMERA 1 794
795 1 -0.15451174044547888 0.027858416533623608 0.89404830323789564 0.41955650652824822 -6.3120027613539369 1.4598363139404318 -6.4523403098592915 1 CAMERA 1 795
796 1 0.010000174689650854 -0.00088435502083099998 0.90167514977625296 0.43229751178828851 -3.9312452204419497 2.03490634738974 -8.1003218142831575 1 CAMERA 1 796
797 1 0.08526544553281068 -0.013052003461315628 0.89753172186464758 0.43243063865829157 -2.7049786460169614 2.2170853223061227 -8.5822309260580631 1 CAMERA 1 797
798 1 0.25101981688916158 -0.042364921695919378 0.87015169603854792 0.42193635873182228 0.25038911770832745 2.3742194941390009 -9.0268021968845513 1 CAMERA 1 798
799 1 -0.45485626221414222 0.078528740844166306 -0.79316738268700915 -0.39727134382868462 4.1005626912720547 2.3479109852999471 -8.1405930372269655 1 CAMERA 1 799
800 1 -0.51285125346170424 0.095280434491437194 0.7735563977220995 0.35988293953602568 -6.5283718317577044 1.0789517198487957 -1.7464009810134333 1 CAMERA 1 800
801 1 -0.6496032033944793 0.11642886289256368 -0.66949164787843174 -0.34094124339275461 7.5190243213533545 1.6621842938141758 -5.5806685953117041 1 CAMERA 1 801
802 1 -0.80844016790119444 0.14859593890684633 -0.5045516720623342 -0.26414267372650013 9.4409901022809137 0.61372072227978325 -1.7383067150546005 1 CAMERA 1 802
803 1 -0.91704938045718343 0.1709262929089933 -0.31573373014963452 -0.17354206360788396 9.3916298678289554 -0.56553287081604686 2.4492810372591691 1 CAMERA 1 803
804 1 -0.97076111341148952 0.18186832379150836 -0.13297405895503822 -0.08285332301346926 7.6959608976160112 -1.5780752716753712 5.857915049505519 1 CAMERA 1 804
805 1 0.98107196108944417 -0.18584559787021634 -0.054164656221048157 -0.0050409257909409125 4.8064725547013216 -2.2517208348603166 8.314100802099901 1 CAMERA 1 805
806 1 0.94512225249989312 -0.18163413739705259 -0.25082052546343303 -0.10412507847682223 0.79229960299443558 -2.6397579987144062 9.5255179906128031 1 CAMERA 1 806
807 1 0.91256631012583223 -0.17883236004901115 -0.33751535231745977 -0.14603117329065465 -1.1521831847057673 -2.6086745137207483 9.5223465568335612 1 CAMERA 1 807
808 1 0.85363901915157869 -0.17705020975562619 -0.44983459631974909 -0.19391359973263364 -3.674478804028948 -2.3061680956656723 8.9694585979881367 1 CAMERA 1 808
809 1 0.78493903929404196 -0.16455900072898733 -0.54678865151992007 -0.24044377812755138 -5.8059065693849679 -2.055316178866625 7.8544220529953765 1 CAMERA 1 809
810 1 0.68035192549439871 -0.14286134630601802 -0.65704028310022766 -0.29156467480006687 -8.0045294976546746 -1.6219087648835859 5.7924519215310148 1 CAMERA 1 810
811 1 -0.36059768006858056 0.074967788142495703 0.84024253622049394 0.3979216307213414 -5.2983213915448779 1.6988450865821989 -3.7254525779916454 1 CAMERA 1 811
812 1 0.49393302197155764 -0.10437593567122817 -0.78647847186607112 -0.35579129718138125 -9.8763922469853327 -0.72172924054710619 1.7372404402017851 1 CAMERA 1 812
813 1 0.28220132345258014 -0.060518963063361964 -0.8696416247759774 -0.40052879123521934 -9.7425481652024661 0.3137705574134389 -2.661583835091736 1 CAMERA 1 813
814 1 -0.032893914589628918 -6.6824207496575541e-05 -0.90337253845162335 -0.4275933145980722 -6.4383660079407985 1.6875844952463961 -7.7169161882260902 1 CAMERA 1 814
815 1 -0.2082698413479856 0.03401126537617926 -0.88100123107066719 -0.42344272087776524 -3.3824362234806351 2.1923993737542036 -9.4036624250058072 1 CAMERA 1 815
816 1 -0.42872287009406534 0.07756453290405553 -0.80966831048985921 -0.39321453544112545 1.226023750787135 2.3638952034949661 -9.9309494806623153 1 CAMERA 1 816
817 1 -0.63345144012304366 0.11607033060437952 -0.68692728401457159 -0.33674598414204765 5.8104889158250739 1.9689898776500552 -8.3195652627063339 1 CAMERA 1 817
818 1 -0.79791666975319508 0.15027633680701583 -0.52184161938613005 -0.26158619038912667 9.1353257527603979 1.0976339107187378 -4.8550143043823679 1 CAMERA 1 818
819 1 -0.89924123889559304 0.17222645269755918 -0.3573396966376074 -0.18442229926903389 10.406099696421055 0.095090185611229866 -1.0117735613521708 1 CAMERA 1 819
820 1 -0.9533353958944959 0.18481232740217338 -0.20919016937764265 -0.115045641423871 10.197816602200298 -0.76559489757170385 2.3531721706467383 1 CAMERA 1 820
821 1 -0.12681827716187463 0.038387621896844165 0.89394179522512873 0.42814901823135487 -2.6235269550819109 2.2158714249497571 -5.5725136119430347 1 CAMERA 1 821
822 1 0.90327617635236057 -0.18304128330003014 -0.35423223355713851 -0.15845366058017818 0.25187346791348691 -2.7906932793840835 10.290968405689176 1 CAMERA 1 822
823 1 0.78599596495969737 -0.16090725126570243 -0.54302661026930499 -0.24787355667077257 -4.9176060358919607 -2.5265789827956002 9.1728369072006046 1 CAMERA 1 823
824 1 0.70280043772841583 -0.1431319593591501 -0.63345973959167712 -0.29036794805074884 -7.3191567542866585 -2.1565722239636189 7.5519022578151862 1 CAMERA 1 824
825 1 0.52064174984179346 -0.10548141075892378 -0.76932429969602023 -0.354888661699991 -10.188730637436464 -1.1347315980752128 3.2137856265894875 1 CAMERA 1 825
826 1 0.32183926700985543 -0.066674258680721243 -0.85620891940890065 -0.39859793748159073 -10.652208222076951 0.075747040958316511 -1.6404024950984744 1 CAMERA 1 826
827 1 0.073415932536007325 0.0049140289024405259 0.89821150405679373 0.43336133555019296 0.027149950406552888 2.3004177338386396 -5.9372346324309673 1 CAMERA 1 827
828 1 0.10545727992539054 -0.024659387503867914 -0.89967723732643279 -0.42290843613641643 -8.7749756781270882 1.2597817713483945 -6.1990792060314899 1 CAMERA 1 828
829 1 -0.13723916359494231 0.02269730301990799 -0.89416187628517096 -0.42558757431293237 -4.5332212175666262 2.1981532872841334 -9.6268275050074852 1 CAMERA 1 829
830 1 -0.37202764948242828 0.0674532129529479 -0.8337095131350114 -0.40245986109311094 0.93283634988968023 2.5402410302570964 -10.578236862988742 1 CAMERA 1 830
831 1 -0.57320794699161615 0.10846780516910198 -0.72863603906348717 -0.35882712735428307 5.976240057488047 2.2386957854577902 -8.9275052881379295 1 CAMERA 1 831
832 1 -0.73459482428493972 0.1385381800929803 -0.59339749406788111 -0.29842424637462472 9.4877459229772345 1.4073570952261114 -5.394541244996276 1 CAMERA 1 832
833 1 -0.9790838695291556 0.18922565751064999 -0.062786900753418931 -0.040573785394734198 7.5430104950472261 -2.1374151334242315 7.8128810487128533 1 CAMERA 1 833
834 1 0.96275710558152028 -0.18870246733838783 -0.17763479343791561 -0.077045536100200138 2.1001280094327779 -2.8347082704812774 10.471411266497904 1 CAMERA 1 834
835 1 0.89445615384054777 -0.17625608573357304 -0.37444796279714182 -0.16932425772973037 -3.1098886131773908 -2.7491238506179272 10.219505321828068 1 CAMERA 1 835
836 1 0.22557998487868591 -0.024831682302231928 0.87633468052858532 0.42489361689608279 2.026087988715652 2.1603053153583507 -5.4539231376080188 1 CAMERA 1 836
837 1 0.77806627595140565 -0.15431721517606536 -0.55409954042634146 -0.25253270407361578 -7.6559995306544772 -2.0873698288151621 7.6692792267302883 1 CAMERA 1 837
838 1 0.62403850407499561 -0.12397005104468313 -0.70129888344108704 -0.32153887472606663 -10.440539908893181 -1.0381846669071753 3.4373703360723127 1 CAMERA 1 838
839 1 0.42599553831598402 -0.086850666952685715 -0.81686567089521844 -0.37909792758290517 -10.894835713739454 0.31431772447717027 -1.8466190581033854 1 CAMERA 1 839
840 1 0.27109449613000114 -0.063858503190346957 -0.86879331408411031 -0.40942403830388102 -9.5820477869206755 1.364793035263594 -5.3497357766574467 1 CAMERA 1 840
841 1 0.02163019691830757 -0.021059760664339001 -0.9021319903078312 -0.43040271040650657 -5.4262511192002005 2.4737858205841579 -9.292164461132149 1 CAMERA 1 841
842 1 -0.2478784098235069 0.026681197803922228 -0.87184580689806157 -0.42157952585649305 0.6473895080354265 2.8447853662901084 -10.650363704906995 1 CAMERA 1 842
843 1 -0.4520716774059137 0.071917451677796881 -0.79708296358595832 -0.39385000671905701 5.556460614284088 2.5459448448875892 -9.2062579721847086 1 CAMERA 1 843
844 1 -0.63025090339773038 0.11461960366170526 -0.68489937235279197 -0.34721606381838088 9.2177308656518147 1.8040111173318549 -5.8294638177083611 1 CAMERA 1 844
845 1 -0.76487862945015161 0.14346605807153137 -0.55799800660276222 -0.28812566185471483 10.904720445248349 0.75030117411106312 -1.7785982717498157 1 CAMERA 1 845
846 1 -0.84856229847604037 0.16257119886047661 -0.4449595889965971 -0.23563445220533058 10.985124565038761 -0.10051936385436407 1.55929658074874 1 CAMERA 1 846
847 1 0.35307470960851561 -0.054363521686133634 0.83903684742549156 0.41036572177392705 3.511456479259639 1.9540973678688731 -4.549023609108195 1 CAMERA 1 847
848 1 -0.92949205410537072 0.18087103593439549 -0.28194464801341013 -0.15439366946734409 9.4907963196673037 -1.2156048560240555 5.7016082239830483 1 CAMERA 1 848
849 1 -0.96875756884440289 0.19018166895098201 -0.13605587513130088 -0.082634765347020439 6.9926879074202999 -1.9661575798969213 8.4752992619680736 1 CAMERA 1 849
850 1 0.97934805102882438 -0.19317462882203881 0.043869554270108781 0.040452687594926318 5.042898748151341 -2.2878174356840111 9.7068376819561895 1 CAMERA 1 850
851 1 0.98079929586740555 -0.19402749773929082 -0.0027978818148461965 0.019448475631298052 3.9954024498280871 -2.4072843230890038 10.162260231574999 1 CAMERA 1 851
852 1 0.97993210945088383 -0.19372678732970033 -0.04693097783036948 -0.00068996952070664319 3.0236231138772056 -2.5199875312148277 10.500349881095094 1 CAMERA 1 852
853 1 0.97412322086069825 -0.19311260379687914 -0.1137065299784674 -0.029364908905439295 1.5270114370835814 -2.6025733960953574 10.820639793874486 1 CAMERA 1 853
854 1 0.95044854256151456 -0.19081909639419609 -0.23047408166873665 -0.084364317533823563 -1.2937018641312861 -2.6358976817979527 10.889936066665415 1 CAMERA 1 854
855 1 0.89989508289525455 -0.18321386627546341 -0.36594385502468368 -0.15068713931524771 -4.6194992579691592 -2.4601638400602508 10.059230037513752 1 CAMERA 1 855
856 1 0.79827928765206002 -0.16338035831369127 -0.53193063242627125 -0.23044921286391201 -8.3789091900532764 -1.9201995934001224 7.5137451433079852 1 CAMERA 1 856
857 1 0.69425342991757621 -0.14336624490811509 -0.64470460962215914 -0.28603192339416772 -10.427773876913159 -1.2422508192223116 4.5822000191256373 1 CAMERA 1 857
858 1 0.43230268436962083 -0.068949471069952861 0.80740390760921754 0.39554935153955162 4.2512589066744564 1.756074010981967 -3.8052876973201055 1 CAMERA 1 858
859 1 0.49380951363758807 -0.10360200326915819 -0.78540349758899197 -0.3585528345092317 -11.476091561870055 0.06340553883593375 -0.85320108398826155 1 CAMERA 1 859
860 1 0.29016774876401225 -0.062583555319011316 -0.86638476967766176 -0.40157615348952497 -10.088529763947431 1.2313670770552163 -5.5181290109001093 1 CAMERA 1 860
861 1 0.087955075605497229 -0.023444976944544664 -0.90105491720162556 -0.42404513193535537 -7.0975263040391141 2.1729232689975868 -8.9539326848427407 1 CAMERA 1 861
862 1 -0.13302612485051438 0.018378207517748404 -0.89426295625937546 -0.42691926245829248 -2.5828469240772503 2.7888766248177901 -11.072452601268072 1 CAMERA 1 862
863 1 -0.38451850555191897 0.067171632250334748 -0.82857628589605703 -0.40136620331019435 3.4110926915022315 2.8057069407809023 -10.925098773597094 1 CAMERA 1 863
864 1 -0.60171159662869089 0.10977468404926598 -0.71008196955668723 -0.34882125757317517 8.4347276123488406 2.0746625119198567 -8.0832672900347973 1 CAMERA 1 864
865 1 -0.71065001163977692 0.13054803113246005 -0.61975530952865532 -0.30632846559675753 10.49619155559998 1.3573502666647883 -5.4671573785964505 1 CAMERA 1 865
866 1 -0.8277990391159481 0.15538677268718457 -0.4806201110650658 -0.24414751801396276 11.87238184813596 0.34920086001849054 -1.4174686762906408 1 CAMERA 1 866
867 1 -0.92947186180104424 0.17984167537816187 -0.28232856056635219 -0.15501488253005916 11.325420632934446 -0.93690820360713034 3.9198961373653542 1 CAMERA 1 867
868 1 0.5982688121824753 -0.10043808341530441 0.71253261043525817 0.35253921602560384 5.3985945972173663 1.1966877820005581 -1.8464334678327743 1 CAMERA 1 868
869 1 0.74343728662126052 -0.12896047177513245 0.58599215494068713 0.29543762781460781 5.6546651382220334 0.61681684685331872 0.40502221175848097 1 CAMERA 1 869
870 1 0.75508890987997956 -0.16182517101455407 -0.58219427812468172 -0.2543681873215583 -6.1870343810827864 -3.191040287107838 10.677346744077658 1 CAMERA 1 870
871 1 0.63273097329541161 -0.13683936197143567 -0.69553268196835294 -0.31170626038275473 -9.6325197688571276 -2.6567616825024998 7.9670415082715014 1 CAMERA 1 871
872 1 0.53324635370590945 -0.11646670229435788 -0.76283221219414488 -0.34665667389366206 -11.410259241456478 -2.1020277066865325 5.4065781154599595 1 CAMERA 1 872
873 1 0.47209965484419208 -0.10351010915038285 -0.79602445739038996 -0.36435235203852573 -12.128639520509395 -1.7230673981321687 3.7474245882553752 1 CAMERA 1 873
874 1 0.7685691266576602 -0.1343078329456508 0.55774371617913032 0.28316929674810892 5.6064289890930263 0.49985666158079933 0.83105411555060849 1 CAMERA 1 874
875 1 0.43354733222234371 -0.09562604007187217 -0.81389546237007759 -0.37478867047505465 -12.468754308035313 -1.439291230060552 2.6636114718989909 1 CAMERA 1 875
876 1 0.3921130504002513 -0.087226284912973281 -0.83070633264565441 -0.38544249873165021 -12.707887368509448 -1.1185588618515863 1.4377518080345242 1 CAMERA 1 876
877 1 0.29745081717071997 -0.067566000380183275 -0.86191327411077023 -0.40504734892200994 -12.776702382201929 -0.44413270052964593 -1.26763497161601 1 CAMERA 1 877
878 1 0.79000986543221186 -0.13879965106116943 0.53114496661599142 0.27295438048064669 5.5742207783015196 0.43216336788462806 1.1539886555546004 1 CAMERA 1 878
879 1 0.8413570162062104 -0.14733706477321828 0.46138455833293102 0.23986339853450198 5.3787758380465824 0.16886096477496948 2.0582487815601995 1 CAMERA 1 879
880 1 -0.92548784784130655 0.16786508821098431 -0.29415247632228103 -0.16961095581198476 12.65963247764685 -1.1447815873953846 4.3209042424589015 1 CAMERA 1 880
881 1 0.9767554342920205 -0.17845214682128255 0.096896011834634949 0.068664516064880818 9.2499787265079387 -2.6780400645358626 9.3610200302291791 1 CAMERA 1 881
882 1 0.9708395785867564 -0.18339807150908 -0.14428188302894698 -0.054939951272830558 2.6789033935151791 -3.596454269664894 12.666699741488884 1 CAMERA 1 882
883 1 0.91818085874169708 -0.17819813835148929 -0.3226349345194689 -0.14524473538149765 -3.0090646457496035 -3.5090443384634815 12.623127139888465 1 CAMERA 1 883
884 1 0.83061829559317513 -0.16477683189241291 -0.48220801086539095 -0.22449337842045894 -8.021150898525482 -2.8238428675971803 10.396035870188511 1 CAMERA 1 884
885 1 0.68208227587077508 -0.13754196625563714 -0.64980391611560351 -0.30594255516731061 -12.178581220873683 -1.4679334837113096 5.433537498432079 1 CAMERA 1 885
886 1 0.50490311791409626 -0.10433683215876546 -0.77405792758276271 -0.36745202642246577 -13.402180487003127 0.1425054640958574 -0.51399290299694711 1 CAMERA 1 886
887 1 0.89268644281056964 -0.15700269892114496 0.37196566750381227 0.20025635957974267 4.9357346378044618 -0.091901709036132401 3.0774485596848398 1 CAMERA 1 887
888 1 0.31332500195379609 -0.067813610229898236 -0.85421752936444373 -0.40931793259610177 -11.859698271088346 1.6619157773694972 -6.05917497145846 1 CAMERA 1 888
889 1 0.097462011803913048 -0.034503565219681627 -0.89476647282971578 -0.43440029850603773 -7.7953490683076527 3.0398763094075458 -10.507063375988588 1 CAMERA 1 889
890 1 -0.11612851726504057 0.0067328235725325342 -0.89176455713569658 -0.43729259220931149 -2.2638767756837868 3.6617213684025569 -12.732816610659523 1 CAMERA 1 890
891 1 -0.32375106543591514 0.049309688562342552 -0.84586161033141982 -0.42103674235217536 3.6702289685875091 3.6512532720298232 -12.418135821041332 1 CAMERA 1 891
892 1 -0.42961790362127439 0.067799213787242199 -0.8047565940127509 -0.40397840027765092 6.6339380041715366 3.3548147751571302 -11.219132379517506 1 CAMERA 1 892
893 1 -0.57389545500361694 0.095080836010731709 -0.72424507941495653 -0.37023331332136383 10.281994205842729 2.6009438480902123 -8.2744024489597869 1 CAMERA 1 893
894 1 -0.70748714117412426 0.12378906399763549 -0.61506954361014099 -0.32531164939341933 12.741886965794565 1.5804614471176814 -3.9960281929041455 1 CAMERA 1 894
895 1 0.95711428531459475 -0.16979084648866116 0.20073235828376468 0.12169565987838202 3.6051644455505478 -0.50228755105210787 4.6678469233670175 1 CAMERA 1 895
896 1 0.66847885671736773 -0.13855427594346628 -0.66494691035382802 -0.30295929949503275 -13.053902577378425 -0.92198256624919306 3.7489513585177714 1 CAMERA 1 896
897 1 0.48800202995985625 -0.10544473688569654 -0.78381484928872502 -0.36928269422308319 -13.502971297537835 0.67200279154157683 -2.0045663725049891 1 CAMERA 1 897
898 1 0.2580067698614979 -0.063738492563360602 -0.86807023747178536 -0.41931369413252484 -10.947846949456054 2.3697542194801944 -7.9539500122609486 1 CAMERA 1 898
899 1 0.9835698574082109 -0.17887959992940816 -0.012669397504348052 0.020782461210438828 1.3609811724387466 -0.80690329988506748 5.8797354195537919 1 CAMERA 1 899
900 1 0.017459154731676727 -0.017181447479755866 -0.89720532000964315 -0.44093376999834066 -5.870543074659512 3.5054391247921144 -11.99150881683151 1 CAMERA 1 900
901 1 -0.33048754360174909 0.048741839342347375 -0.84267806239510401 -0.42225099144897221 3.5689142222767276 3.752607314646029 -12.865759176323255 1 CAMERA 1 901
902 1 -0.51633940186653537 0.085540679441065068 -0.75955982629998176 -0.38619332530743083 8.6062691090311283 3.1081165989912813 -10.49628842019162 1 CAMERA 1 902
903 1 -0.70040354832675755 0.12415677357787366 -0.62338818893980674 -0.32466464383478549 12.66167081295675 1.8283763430662707 -5.6551555563930673 1 CAMERA 1 903
904 1 -0.8442381257210384 0.15645327752974553 -0.45035213341646185 -0.24488224712393947 14.052307245499451 0.19645316648734401 0.4841001264455766 1 CAMERA 1 904
905 1 -0.94132192263352454 0.17908736803124981 -0.24493928397112011 -0.1478022318805759 12.328159998733302 -1.5258949793404581 6.7429648959636195 1 CAMERA 1 905
906 1 0.94072195905556377 -0.17474174380998125 -0.27120713438817795 -0.10466235702420394 -1.9428145765330254 -0.82325724366203179 5.8559002317800468 1 CAMERA 1 906
907 1 0.8598552646995925 -0.16192161453409842 -0.4454692859494796 -0.18970353130799997 -4.1277718826517846 -0.53508008067101132 4.7932397862880141 1 CAMERA 1 907
908 1 0.71060802766831643 -0.13539572560370397 -0.63035386772471524 -0.28170592813443579 -5.9555616668668172 0.10339577786595461 2.4880326001942814 1 CAMERA 1 908
909 1 0.51921745674947362 -0.10123392944436756 -0.76923181462127366 -0.35839550710119683 -6.4413859828350812 0.91424988733427448 -0.29047516585524891 1 CAMERA 1 909
910 1 -0.28418752785359636 0.054488827128752262 0.86557132381313051 0.40872325615626431 -5.5077380701502747 1.7083087375262562 -3.2043040619580938 1 CAMERA 1 910
911 1 -0.10803201479889668 0.019761342815699769 0.89701933542156187 0.42812951894078827 -4.0367931487629747 2.1631002802065202 -4.8344545577318945 1 CAMERA 1 911
912 1 0.057349042209419374 -0.012732683221951011 0.89923181678213371 0.43351021420761804 -2.2190530508158797 2.4763472337360271 -5.8301905629998032 1 CAMERA 1 912
913 1 0.39756470290107215 -0.092009221583218823 -0.83114787669154366 -0.37771658319694007 -13.999127349922292 0.80232520742898372 -3.8107825319202284 1 CAMERA 1 913
914 1 0.22073853129875359 -0.065202780421878687 -0.88210058573242489 -0.41100079668516287 -11.391410814914041 2.2600152102106565 -8.6331189153230969 1 CAMERA 1 914
915 1 -0.056694957818587889 -0.01487367830507398 -0.90178328449759904 -0.4281954731805887 -4.5720236034380664 3.4805615168387103 -13.209290203937512 1 CAMERA 1 915
916 1 -0.21943353610642433 0.017278325729070221 -0.87970142608793211 -0.42151605382320756 0.29997365449744229 3.6364573012231745 -13.905162795708126 1 CAMERA 1 916
917 1 0.17927715802301369 -0.036548999898961793 0.8840196682671011 0.43015473650129854 -0.69005727512871018 2.6353172565716325 -6.1813910953951687 1 CAMERA 1 917
918 1 -0.45734475677421876 0.067683674397164065 -0.79653971028345849 -0.3895884798255379 7.5456501129034077 3.1226627963024876 -11.776316712589946 1 CAMERA 1 918
919 1 -0.62266759015766171 0.11036817109876605 -0.69173132076540744 -0.34872871812873202 11.853397067272819 2.2817993104206629 -7.6496698209786551 1 CAMERA 1 919
920 1 0.28700358677271609 -0.057369395752452569 0.85896651683346326 0.42013595010375188 0.78097127167509162 2.6638568190803484 -6.1850098383414576 1 CAMERA 1 920
921 1 0.29811969803868238 -0.058521416907390579 0.85531873690413518 0.41967814775752987 0.90871168564283189 2.6793731505289315 -6.147502576866871 1 CAMERA 1 921
922 1 -0.79607975528817376 0.16204261308462994 -0.5177482727634537 -0.26820876349494377 13.880894942954571 0.69148214068105562 -0.54498779891322824 1 CAMERA 1 922
923 1 -0.83794844838749383 0.17128003228564648 -0.45794844391759465 -0.24246395834984052 13.838750405039978 0.20999171186962343 1.4969591698355837 1 CAMERA 1 923
924 1 -0.89420235515135371 0.18366429368565751 -0.35820946644779383 -0.19584573881988787 13.146628674739114 -0.60254516797278224 4.6381170685487785 1 CAMERA 1 924
925 1 -0.94338714283160097 0.1948165573589952 -0.22949510111962707 -0.13928103345721612 11.33092660376381 -1.43818634512211 8.0692191211246111 1 CAMERA 1 925
926 1 0.9758173694546145 -0.20464464476008851 0.051048468564249508 0.05740282831828479 7.4695327331419819 -2.3485650749778482 11.631251724667674 1 CAMERA 1 926
927 1 0.95438791874681295 -0.2048385175796941 -0.20760764771111212 -0.06390576560639101 0.081461797344060657 -2.9888845487956948 13.742543805406964 1 CAMERA 1 927
928 1 0.87918954973826902 -0.19163178372325448 -0.40633220633357958 -0.15873604881736531 -6.0653547175490683 -2.8515662460284248 12.407413657404355 1 CAMERA 1 928
929 1 0.7329185468097611 -0.1640648093427417 -0.60782433628333699 -0.25780364291320396 -11.661258961913667 -1.9081132762973632 7.7654959076151595 1 CAMERA 1 929
930 1 0.63086005323677674 -0.143717046416868 -0.69891666648202799 -0.30475645540817142 -13.454838236529206 -1.1517108426845057 4.2631488236653547 1 CAMERA 1 930
931 1 0.44661616189229103 -0.1053193476130434 -0.81048275923552537 -0.36408726417842646 -14.082528312039921 0.19054653462115378 -1.7469188700182945 1 CAMERA 1 931
932 1 0.35699123319991194 -0.069459408299243006 0.83572331248604292 0.41145983398684394 1.6815763292373376 2.6437008306083611 -5.9590639596282697 1 CAMERA 1 932
933 1 0.37823126207543539 -0.07338679201429657 0.82766090996524677 0.40808443888755852 1.9768697095406476 2.6171168728608798 -5.8627205852466933 1 CAMERA 1 933
934 1 0.41784661733124695 -0.078917777466003966 0.81117104794993666 0.40146945058430344 2.5173617453872406 2.5488395484472801 -5.5857431146525318 1 CAMERA 1 934
935 1 0.45478862409851722 -0.082934227232185145 0.79455102091135876 0.39367232124280149 2.9810689422040522 2.467753709495716 -5.2659841180255045 1 CAMERA 1 935
936 1 0.55079631114753913 -0.09624157955319837 0.74389290996571833 0.36603868715492965 4.1328349918018423 2.1659775893259594 -4.3946553851933672 1 CAMERA 1 936
937 1 0.67557846888969642 -0.11683933347175651 0.65413726474618317 0.31944755656744545 5.3272787609708612 1.6684693462834854 -2.801894199525627 1 CAMERA 1 937
938 1 0.76066424896409301 -0.12418376908545004 0.57376269021766324 0.27706437367119929 5.8288165315603004 1.2259053285847878 -1.4095388833279299 1 CAMERA 1 938
939 1 0.99245242426454927 -0.070680931322283147 0.074856250049323628 0.066625320617516914 9.0491064247687873 -4.6531394058679538 8.4231274266867384 1 CAMERA 1 939
940 1 0.98053359075742197 -0.071936884111326607 -0.1597434491999031 -0.088662238514646344 2.2891745392973037 -6.3015056772582367 11.30322495243683 1 CAMERA 1 940
941 1 0.92628046998594893 -0.069645523863708883 -0.31624044109155097 -0.19273291194443271 -3.0117441649155374 -6.1633896361406606 11.123938278669588 1 CAMERA 1 941
942 1 0.80482050175075548 -0.061139195036618077 -0.50025577086055195 -0.31348065731820113 -8.8917619263432144 -4.6108056614892066 8.3052611427319754 1 CAMERA 1 942
943 1 0.75323325303854149 -0.040820722192503274 -0.55022295796412779 -0.35808941856171178 -10.407467023350819 -4.067336720533608 6.6064197823772703 1 CAMERA 1 943
944 1 0.62129433899782238 -0.035088959162034562 -0.65627422756270881 -0.4266922163704816 -12.476297799182747 -1.8035541044611565 2.8348138374167995 1 CAMERA 1 944
945 1 0.4756053033940375 -0.030687649842052276 -0.73571420366247386 -0.48123016744581709 -12.80326039251546 0.60836499224385165 -1.0913214023809616 1 CAMERA 1 945
946 1 0.36002918094565167 -0.030609676149649108 -0.77807913508051674 -0.51384326029050142 -11.985134618823016 2.4197616030508593 -3.843549049091223 1 CAMERA 1 946
947 1 0.24018651906736077 -0.026241869785528813 -0.80742053847467532 -0.53823217516024557 -10.356856688579006 3.9813445803402439 -6.3220098251648693 1 CAMERA 1 947
948 1 0.86757014408260813 -0.14588813412386878 0.42681212827392589 0.20945191471223332 5.8434827838463708 0.62595346425896614 0.86779634154919383 1 CAMERA 1 948
949 1 0.038527103774332702 -0.02185818643523019 -0.82931623029944623 -0.55702106972936005 -6.3711504089345938 5.8841043310763483 -9.2974161987837594 1 CAMERA 1 949
950 1 -0.11722274989496462 -0.015154939251249682 -0.82214402180862178 -0.55687373984386979 -2.5688291301223773 6.6507178559541655 -10.488763586526366 1 CAMERA 1 950
951 1 -0.36639129273610266 -0.00081579420957557402 -0.76945172080332447 -0.52316422320317169 4.0502281136689717 6.3559342723384562 -10.146327812039459 1 CAMERA 1 951
952 1 -0.51769459748345292 0.013743308755747559 -0.70601317638162231 -0.48306192147220867 7.9036312699371551 5.2556016291370682 -8.2815697011345435 1 CAMERA 1 952
953 1 -0.64656678531609291 0.026533358051179019 -0.62680663036671103 -0.43400555430186682 10.622776117019995 3.744589848001012 -5.5482159466924932 1 CAMERA 1 953
954 1 -0.73741961875085948 0.033046188730296862 -0.55268186487092963 -0.38686303976282127 11.960712985552082 2.2637298927792746 -2.9418077632883053 1 CAMERA 1 954
955 1 -0.81968539418877739 0.036982356244494592 -0.46728376656271309 -0.32923250353991168 12.485027974794399 0.52262596758764068 -0.057568843240009673 1 CAMERA 1 955
956 1 -0.89135303140574795 0.040816971944910747 -0.36831567897832324 -0.26108869914986571 12.014269378172997 -1.3523490266839482 3.0123261928712162 1 CAMERA 1 956
957 1 -0.96372513403496851 0.046252185135327757 -0.21198525536856269 -0.15542474997829239 9.6094250553784715 -3.707787600318921 6.9442631746002368 1 CAMERA 1 957
958 1 -0.9924056162576681 0.048174274588832063 -0.086557674695143388 -0.072925311377103758 6.6763191130770396 -5.0136760327333656 9.1523954325502679 1 CAMERA 1 958
959 1 0.94569778625881873 -0.16490810995956154 0.24845379081240654 0.1293511738086667 4.928196483949649 0.08924354041232338 3.0805367716346983 1 CAMERA 1 959
960 1 0.99697182277727825 -0.050294250354150423 -0.05608435656802474 -0.019292949951114021 2.6857908492675326 -5.8036688307953721 10.544438428612908 1 CAMERA 1 960
961 1 0.97205204841523418 -0.052265878090539307 -0.19817549630605899 -0.11449701228861577 -1.6170410396773625 -5.8428076880665039 10.687639739993665 1 CAMERA 1 961
962 1 0.94701278563425251 -0.050142633894909805 -0.27331836560542222 -0.16108870579315931 -3.8539242998502177 -5.617268599747522 10.195117107601101 1 CAMERA 1 962
963 1 0.93026202978529282 -0.047956871403754889 -0.31332391666918852 -0.18477234010530416 -4.9838422978489669 -5.4265483871262701 9.797126838166303 1 CAMERA 1 963
964 1 0.92056604675194154 -0.045404528052594158 -0.33469958822854418 -0.19614476296721872 -5.5024368081201356 -5.3435917800930044 9.5339740395328043 1 CAMERA 1 964
965 1 0.90306648171410575 -0.04220043356926563 -0.36800098568788414 -0.2174059050343817 -6.3673333865575694 -5.1916666800350937 9.063471712395037 1 CAMERA 1 965
966 1 0.84077222071703361 -0.037090808633065075 -0.46242341148064525 -0.27908947185462735 -8.7023829149328957 -4.3468189335315612 7.3825817404633671 1 CAMERA 1 966
967 1 0.74867494089414144 -0.032043158554738667 -0.5631183820043314 -0.34836296691211827 -10.781738183581531 -2.954524929875789 4.8565816685670482 1 CAMERA 1 967
968 1 0.58289022330878892 -0.025517010117295354 -0.68606890106021823 -0.43462320780617392 -12.144591370135345 -0.41200194523040307 0.50381758343213856 1 CAMERA 1 968
969 1 0.36277207028146047 -0.01475462058580693 -0.78229600774624031 -0.50615381304438123 -11.01721629418398 2.5328542505387341 -4.4203222754848124 1 CAMERA 1 969
970 1 0.96791714468911216 -0.16982988505498942 0.16246042310194683 0.088886568640161159 4.2170006174955041 -0.11624400617347555 3.8973906661975812 1 CAMERA 1 970
971 1 0.12388837648995354 -0.0038876339474551436 -0.82862593749798596 -0.54590806202011533 -7.4293365073130095 4.9329228325744232 -8.210926321347733 1 CAMERA 1 971
972 1 -0.1064937736037556 0.0059001706392021744 -0.82663842423902312 -0.55253341956997071 -2.5905977110610374 6.2161144983974337 -10.083290198333037 1 CAMERA 1 972
973 1 -0.32930901945090846 0.013876698054142851 -0.78126544978075452 -0.53008235580735075 2.6985326780893506 6.325685354439389 -9.9922761751808178 1 CAMERA 1 973
974 1 -0.56072021723678322 0.024965293609106019 -0.68131720801147966 -0.46986852859538059 8.0665453027684002 4.976848165141182 -7.5873983731099051 1 CAMERA 1 974
975 1 -0.74291592290389497 0.032207599633215192 -0.54741532979612806 -0.38389459324913267 11.303621146262179 2.5849692157671149 -3.6511329724926873 1 CAMERA 1 975
976 1 -0.87104270473008472 0.03998401937223784 -0.3967169678951023 -0.28688243605256747 12.154364534755803 -0.012162419446569418 0.65969183277565313 1 CAMERA 1 976
977 1 -0.96413252842923436 0.047097985152211981 -0.20593237419344962 -0.1606925781680745 10.549823091715925 -2.8872241195585717 5.3816741668616981 1 CAMERA 1 977
978 1 -0.99127753709916255 0.051128560253296387 -0.089095703711982513 -0.082563129477450287 8.4871110256303837 -4.2573690838837415 7.6467421564767664 1 CAMERA 1 978
979 1 0.99338390031373236 -0.054986838614060285 -0.093957043315922167 -0.036564302099696452 4.1790198203859283 -5.6328681670100478 9.9458512411167526 1 CAMERA 1 979
980 1 0.94575661396032729 -0.053378577225771717 -0.27921251564240013 -0.15727531831883612 -1.0350655489167031 -6.0758838619869593 10.476876406574229 1 CAMERA 1 980
981 1 0.98094180650720664 -0.17285868275114519 0.075512510966238566 0.046593011616451102 3.3667228003658018 -0.27949589537479408 4.4745273343987355 1 CAMERA 1 981
982 1 0.8390106622967417 -0.048784485456619411 -0.46332578818057729 -0.2810878804537163 -6.4654113902632213 -5.2768309761258925 8.8267538594038495 1 CAMERA 1 982
983 1 -0.9084425748488052 0.039534635924754313 -0.33796756865412231 -0.24279008073311231 11.955729244040125 -0.030095205568196306 -0.41621552470588152 1 CAMERA 1 983
984 1 0.978608217446996 -0.17387234632710249 -0.10307259351909208 -0.03834585235940572 1.422149323702274 -0.51167516817840841 5.2352342650799342 1 CAMERA 1 984
985 1 -0.98075236031615498 0.052215304578464419 -0.14637250888798659 -0.11820938348500745 10.816366591856031 -2.694247157836426 4.238084012621167 1 CAMERA 1 985
986 1 0.99652699723979754 -0.062634039067330186 -0.054302239464252937 -0.0078859185585236861 7.4633854841423499 -4.6915358361706669 7.9871589288700449 1 CAMERA 1 986
987 1 0.96237174475206966 -0.068026497820094858 -0.23389053016865891 -0.12045015730422955 3.1284012303860464 -5.7071176042699392 9.9218821720578418 1 CAMERA 1 987
988 1 0.86578983285080191 -0.067116918259451278 -0.43045407723044526 -0.24619620632987124 -2.6060186401519765 -5.7785457891463325 9.9955571357977711 1 CAMERA 1 988
989 1 0.72501638758806786 -0.062211074945698067 -0.58889377649159813 -0.35168898176131846 -7.3841128965668767 -4.6944376615909738 7.9003932845878557 1 CAMERA 1 989
990 1 0.52127312850084251 -0.045955862938292354 -0.72962730123872011 -0.44023446645127984 -10.892397415205968 -2.5607790189028679 3.5613856836867885 1 CAMERA 1 990
991 1 0.33651930622456788 -0.030964508256057791 -0.80437590457380215 -0.48864645696830095 -11.691650677528278 -0.51711273546365477 -0.56072932990597801 1 CAMERA 1 991
992 1 0.18810550026213552 -0.017663659778348693 -0.83875174164595234 -0.51068564869227362 -11.065306091574783 1.0017432978005476 -3.6702305200990963 1 CAMERA 1 992
993 1 0.094275824833137706 -0.010169224668028859 -0.84895659974420024 -0.51988589851278755 -10.170992924358803 1.9177527579739808 -5.4378081394429021 1 CAMERA 1 993
994 1 0.064767886525637863 -0.0077876254540093929 -0.85032943856585108 -0.52219184182929823 -9.80766558309465 2.2019916576760385 -5.954268133176881 1 CAMERA 1 994
995 1 0.95865621280059954 -0.17064703056654795 -0.21159092393737794 -0.084185138385334549 0.17248174982095138 -0.48094646824575465 5.2557809864915281 1 CAMERA 1 995
996 1 0.022719570345237115 -0.0066055400164677942 -0.85111652688305506 -0.52444336742011 -9.1873306853647208 2.6429228364598152 -6.6471514159484766 1 CAMERA 1 996
997 1 -0.045878110865893273 -0.0040840185239736657 -0.84973788327151922 -0.5251895367096634 -8.0401435997338773 3.2740660474697378 -7.7218570391171202 1 CAMERA 1 997
998 1 -0.19833062537511503 0.003390222662030506 -0.8327909076559773 -0.51682954013306104 -4.9896148119112729 4.2986156303590057 -9.5118960702745898 1 CAMERA 1 998
999 1 -0.39412074003328657 0.02023940479208804 -0.78112961638044454 -0.4838344047115874 -0.21603602543660635 4.7499411885943896 -10.485583560105672 1 CAMERA 1 999
1000 1 -0.59512164463129791 0.04779217531972383 -0.68271764682521863 -0.42123954085886101 5.1631198770933056 4.055483085000124 -9.3852046333302148 1 CAMERA 1 1000
1001 1 -0.6883859298484527 0.06484898192337081 -0.61412629232515137 -0.38048432057726955 7.5826716012886344 3.3186324007107699 -7.8712714870953144 1 CAMERA 1 1001
1002 1 -0.8204924975311586 0.082906009488382601 -0.47745222545636384 -0.3032458202392237 10.42032897696426 1.7432398231615942 -4.2291568735160441 1 CAMERA 1 1002
1003 1 -0.92949755645484522 0.096558398424230071 -0.29736019564059879 -0.19567238508998797 11.312038133336651 -0.53706851667144573 0.73910395169906129 1 CAMERA 1 1003
1004 1 -0.98655186193901179 0.10384457653748282 -0.09926424873222621 -0.07796368739385437 9.5092514285852143 -2.7190466442097176 5.4970562511732597 1 CAMERA 1 1004
1005 1 0.91943888448668731 -0.16426258566785465 -0.3312241662696635 -0.13394212303287259 -1.1478500528337756 -0.40635279832034887 4.9780177883811145 1 CAMERA 1 1005
1006 1 0.92199314452809733 -0.10960574546767562 -0.32828104359969873 -0.17362827654722288 -0.57725861842360993 -4.6583284477306632 10.215070934005858 1 CAMERA 1 1006
1007 1 0.81865169372130075 -0.10269336643048961 -0.49742223267051633 -0.26801977409045324 -5.4821461947257175 -3.9967631647487063 8.9187882261836915 1 CAMERA 1 1007
1008 1 0.72278600837115503 -0.1146439676443612 -0.61037294993895963 -0.3031204525736656 -8.1861434079794755 -2.7318646628633392 7.1115396332301248 1 CAMERA 1 1008
1009 1 0.35173330524831997 -0.053231572788671216 -0.8292967563227176 -0.43094891993153395 -10.83758581174488 0.44315744331000079 -2.2193336692394765 1 CAMERA 1 1009
1010 1 -0.14722866377695662 0.0031412256102369106 -0.86878712954877113 -0.47278195481059171 -3.2972220284972202 3.6703888878483988 -9.770778452196426 1 CAMERA 1 1010
1011 1 -0.40991168499348779 0.040819455194408757 -0.79729328940815691 -0.4411684409022843 2.8720243744301941 3.7545699941712298 -9.7947767528653991 1 CAMERA 1 1011
1012 1 -0.68045155737134844 0.090330308873239132 -0.63162585538818095 -0.36038159244739537 8.839680511008126 2.3993888682106062 -5.6965106628437896 1 CAMERA 1 1012
1013 1 -0.79170703728198044 0.11035295639847666 -0.51974165523635152 -0.30148101755248602 10.389946405121501 1.2369999346722418 -2.3992375514539841 1 CAMERA 1 1013
1014 1 0.8577016334947376 -0.15482505078525205 -0.45230637823111669 -0.1891984454514701 -2.4338599491581228 -0.24555652168448958 4.3444004178760904 1 CAMERA 1 1014
1015 1 -0.91595803444480051 0.12947324133816285 -0.32559360264016779 -0.19556677844972581 10.26902156668336 -0.71949760463028856 2.8468668593028972 1 CAMERA 1 1015
1016 1 -0.97553062037604132 0.13945906551242448 -0.142387113479364 -0.092828269778942235 7.9180153066034409 -2.1947404502371803 6.7374185429414188 1 CAMERA 1 1016
1017 1 0.9813326741067524 -0.14557858042052199 -0.11621785157852001 -0.047817053733048412 2.4195931360628289 -3.2213222350337229 9.7265642529505207 1 CAMERA 1 1017
1018 1 0.93073244477259653 -0.14160361181920486 -0.30283167384116055 -0.14825151158063285 -2.3420800369286798 -3.1223948411099727 9.6607304918658787 1 CAMERA 1 1018
1019 1 0.83287627889531202 -0.12774118971188092 -0.48175308806202816 -0.24065172895117865 -6.6261563605046661 -2.377491641070832 7.5676454270331943 1 CAMERA 1 1019
1020 1 0.6744818128622706 -0.10245583679113066 -0.65388598800775188 -0.32712413593707867 -9.6271291851041987 -0.95910839653887636 3.3936605262109838 1 CAMERA 1 1020
1021 1 0.51174236024594011 -0.077269763666764565 -0.76526868290360706 -0.38277014423773376 -10.166124076044042 0.40008251856995253 -0.71091142218941772 1 CAMERA 1 1021
1022 1 0.37638283142223711 -0.058227487134101592 -0.82593207374167288 -0.41567022207202642 -9.3744884057753985 1.4464440499438282 -3.6546844992562981 1 CAMERA 1 1022
1023 1 0.27741284826728574 -0.04138797080292396 -0.85640784423840155 -0.43346828236444501 -8.2737456993777858 2.0588780239034596 -5.4928794980438225 1 CAMERA 1 1023
1024 1 0.81362619864865704 -0.14588372770956839 -0.51863618439942805 -0.21851053771774748 -3.0794354490897669 -0.12126744085430054 3.8633448875833261 1 CAMERA 1 1024
1025 1 -0.49281982795261203 0.077985016314463876 -0.76558850799028189 -0.40610490127601867 5.5881261579757169 2.9480913610362909 -7.6846494054998775 1 CAMERA 1 1025
1026 1 0.2152743291571903 -0.030555536647553914 -0.87056749651870113 -0.44140180832350828 -7.4164755795649926 2.3876417571118078 -6.4762807217454732 1 CAMERA 1 1026
1027 1 0.11882192994383775 -0.017758386994094825 -0.88635107060265306 -0.44715519486786759 -5.8659514359819029 2.7593852364223692 -7.7096462185387304 1 CAMERA 1 1027
1028 1 0.073936714529771408 -0.0093311098399172267 -0.89086943357811132 -0.44810483700794151 -5.0776053983459635 2.8649199830099721 -8.1847922792594563 1 CAMERA 1 1028
1029 1 0.033591781767885784 -0.0023406790046158481 -0.89087846315294084 -0.45299191748828188 -4.3973812402538419 3.0394958841080855 -8.4974554135975406 1 CAMERA 1 1029
1030 1 -0.02636723470493765 0.0063340839712196445 -0.88915605050411262 -0.45679991918364921 -3.3571609696031151 3.2307681916316153 -8.8781630367640343 1 CAMERA 1 1030
1031 1 -0.13232786273392799 0.021906974881119031 -0.8796870059303914 -0.45624575920555399 -1.3934535126060716 3.413205552829782 -9.2979949693403814 1 CAMERA 1 1031
1032 1 -0.28456780098472478 0.043732670017778932 -0.84851667575408629 -0.44399107106232333 1.5693107833288609 3.4264417659037352 -9.2353678517987614 1 CAMERA 1 1032
1033 1 -0.69924790815802429 0.11549854702355636 -0.62108294498492733 -0.33461683164617451 8.8860546036030694 1.7993473373541153 -4.1204653531242279 1 CAMERA 1 1033
1034 1 -0.84048494275500374 0.14184699501770862 -0.45858111929891343 -0.2513321468278979 9.959786096099986 0.46367301370592623 -0.082509666857177241 1 CAMERA 1 1034
1035 1 0.76911240726172436 -0.13708939181757807 -0.57445067635854985 -0.24429290632019335 -3.6026505233126525 -0.035259862456998824 3.3477824349307901 1 CAMERA 1 1035
1036 1 -0.9293782988515451 0.1613997750635261 -0.28711543136668777 -0.16664578993893661 9.2578097788032103 -0.69499284659041782 3.6606450069560914 1 CAMERA 1 1036
1037 1 -0.97818057358311405 0.1754802493779557 -0.088927953320772274 -0.066792714131400296 6.8341220440057633 -1.7375390888712408 7.0660076234662039 1 CAMERA 1 1037
1038 1 0.97787134781839435 -0.17692857824447947 -0.10794739931104651 -0.028482701736411185 3.297634531936191 -2.3703050416019251 9.0857854706817225 1 CAMERA 1 1038
1039 1 0.92667745137222379 -0.16854802035738886 -0.3107124941097878 -0.12774275696085616 -1.0332653496940127 -2.5789682762087076 9.5180747593809834 1 CAMERA 1 1039
1040 1 0.834287264496828 -0.15349482118280613 -0.48370629429558815 -0.21548160252626708 -4.8695130486434701 -2.3061250414673973 8.295019924026608 1 CAMERA 1 1040
1041 1 0.66769292320689944 -0.12496219640506544 -0.66497264657142985 -0.31045448793798402 -8.4351013974581832 -1.4155397443592281 4.9315479555334809 1 CAMERA 1 1041
1042 1 0.45369614630032568 -0.085708532510006055 -0.79980153074777083 -0.38357706618193083 -9.8530392055998686 -0.13921291033120639 0.31616420529875483 1 CAMERA 1 1042
1043 1 0.23885043978762971 -0.046080381177216655 -0.87183212871017679 -0.42513033911084275 -9.0232507816235561 1.0466780364031216 -3.8100920089231294 1 CAMERA 1 1043
1044 1 0.013484510931465946 -0.0054971488380111825 -0.89529513031424812 -0.44523541969971964 -6.4310704287463043 2.0648730962063171 -7.1034451631932214 1 CAMERA 1 1044
1045 1 -0.19274616763992047 0.030692138786356862 -0.87563574101729158 -0.44177930749407174 -3.0221454749187697 2.6597946906342376 -8.8836885244243824 1 CAMERA 1 1045
1046 1 0.76167143807183291 -0.13305600775568999 -0.58408730404676767 -0.24697113288212999 -3.6926223778201392 -0.04383909324500334 3.2558508086267191 1 CAMERA 1 1046
1047 1 -0.4140204983937561 0.068546815924620405 -0.80757401770598447 -0.41438215075289658 1.3275917528639598 2.8535348481273966 -9.1993492912874757 1 CAMERA 1 1047
1048 1 -0.62495191976279008 0.10685409760103178 -0.68469177834360184 -0.35946414074195016 5.6580994883441322 2.4520697426451168 -7.4686634783335233 1 CAMERA 1 1048
1049 1 -0.79565910375647408 0.13764656179032217 -0.52116429749851778 -0.27634722660020294 8.6192678472634743 1.4426405425423019 -4.0514305288149464 1 CAMERA 1 1049
1050 1 -0.90909257196475624 0.16094917891866842 -0.33654938461451511 -0.185419980367549 9.5717433864296435 0.29264008647552969 -0.03339215944109683 1 CAMERA 1 1050
1051 1 -0.96479753879126606 0.17484801075693632 -0.16733334449196324 -0.1029244096305228 8.9070909547460229 -0.62638682127854428 3.340533643067781 1 CAMERA 1 1051
1052 1 0.98308385767327322 -0.18180698947936058 -0.019127509521639604 0.011246587846399337 6.8456965405183023 -1.461705357624753 6.4206315058746934 1 CAMERA 1 1052
1053 1 0.9698129555031122 -0.18206602249743184 -0.15223350092799509 -0.056033525549348144 4.67323248017727 -1.9169304715839541 8.0199731992754675 1 CAMERA 1 1053
1054 1 0.94930955092694691 -0.18003459983555717 -0.23820362288267791 -0.098274887059188409 3.024348038057675 -2.1011016156437612 8.7185793269079568 1 CAMERA 1 1054
1055 1 0.93676599992040976 -0.17773896952866264 -0.27738811592770829 -0.11804301438916416 2.2039835533471082 -2.1702106064587161 8.9291574073405737 1 CAMERA 1 1055
1056 1 0.92398816660261507 -0.17539285850089253 -0.31186315544721677 -0.13499846458285797 1.4462750479837692 -2.210445334976094 9.0475002552619284 1 CAMERA 1 1056
1057 1 0.76537223371117069 -0.13088509420926564 -0.58084052570600964 -0.24433321443342748 -3.6648292164300247 -0.09877320139130491 3.2877083468180102 1 CAMERA 1 1057
1058 1 0.91239404561051585 -0.17208953397258295 -0.34011490828605051 -0.14914471828779827 0.76017608598047648 -2.2473668040001051 9.0945168940051229 1 CAMERA 1 1058
1059 1 0.88557215914563547 -0.16717712730754647 -0.39536188776263076 -0.17749010326241491 -0.59366460136552401 -2.2645111779800295 9.0556895668717132 1 CAMERA 1 1059
1060 1 0.83171266161398472 -0.15764090792171251 -0.48406472824373131 -0.2215507425645919 -2.7657839890947313 -2.1564458590686146 8.5981268512745768 1 CAMERA 1 1060
1061 1 0.73944108170931466 -0.14108064044837221 -0.59749872883552602 -0.27625786615256104 -5.441659165464336 -1.7979496125663252 7.2031825921753443 1 CAMERA 1 1061
1062 1 0.61088832970376528 -0.11725769892183438 -0.7092664327548891 -0.33167334539039256 -7.7770475055786328 -1.1511255656023449 4.6790447471895709 1 CAMERA 1 1062
1063 1 0.44381631313694686 -0.083248826036296228 -0.80716235902484035 -0.38024418382213399 -9.0193137835960027 -0.27009223990296105 1.0982397187464557 1 CAMERA 1 1063
1064 1 0.25776800291211471 -0.050453194561097217 -0.87042128383341977 -0.4163855430764396 -8.6228807354342507 0.80464192391620337 -2.5947406667287636 1 CAMERA 1 1064
1065 1 0.021001725630430911 -0.0093148868385483797 -0.90008878486563626 -0.43510037895045728 -6.1737775260066758 1.8558906404000102 -6.2744046297473952 1 CAMERA 1 1065
1066 1 0.13087815030006728 -0.019387236680063261 0.89374659874295359 0.42861645099476314 -3.7692404151309788 2.2198684995009255 -7.825295923925661 1 CAMERA 1 1066
1067 1 0.38412301492781936 -0.063891237213813026 0.82742729801259696 0.40463747443066095 1.0916650343848222 2.552033762519772 -8.422583620418969 1 CAMERA 1 1067
1068 1 0.78672778839756652 -0.13357199087739344 0.54176830531252396 0.26401707061271479 4.7574286359432572 1.1572772936058218 -0.84420897128656924 1 CAMERA 1 1068
1069 1 0.57606592397794687 -0.10240094239873503 0.72543426045737858 0.36250135445532011 4.9309552125740552 2.2623570542227034 -6.915791736597904 1 CAMERA 1 1069
1070 1 0.70843049901884214 -0.12859967176659226 0.61780312121428682 0.31608172345031954 7.2155910278768172 1.7261505049203349 -4.5758279448394239 1 CAMERA 1 1070
1071 1 0.84214157735725736 -0.15030470518161362 0.45896133844888848 0.23991779653811357 8.5698651603906359 0.71217561711884692 -0.92425013099254427 1 CAMERA 1 1071
1072 1 0.94548791663653842 -0.16727911303025345 0.24561241016917315 0.13320976619227243 7.8296018319733474 -0.57817257584011317 3.4608717163259235 1 CAMERA 1 1072
1073 1 0.98389993340640991 -0.17627455165605421 0.017737141413961096 0.023528648405303592 4.9252344666868213 -1.4707391713211824 6.7795224681978095 1 CAMERA 1 1073
1074 1 0.96330409614901213 -0.17402685029162687 -0.18826889150608001 -0.079465075417962452 1.1440409856077967 -1.8259400305915756 8.1081376697263696 1 CAMERA 1 1074
1075 1 0.90513215619596232 -0.16409961437870818 -0.35732727653065016 -0.16163017610581196 -2.2653214274751585 -1.6989826215113322 7.7558071556376413 1 CAMERA 1 1075
1076 1 0.80045241473495266 -0.14373363494886757 -0.52978238242185394 -0.24072224908552528 -5.4544161013320185 -1.1732684754040328 5.9407997984847851 1 CAMERA 1 1076
1077 1 0.68148442779635054 -0.12025032514436446 -0.65665214916924985 -0.29987795678435719 -7.2539628133492116 -0.5143430957692392 3.4789119052964872 1 CAMERA 1 1077
1078 1 0.54629662187983041 -0.095821136486195002 -0.75611704081086184 -0.34736915712337685 -7.9668419825871393 0.23591349710001555 0.75753241176128572 1 CAMERA 1 1078
1079 1 0.76635864471988357 -0.06115422725419277 0.54459837879757667 0.33521216261212422 4.6221081992775375 1.5819085803782598 -1.0839357586934841 1 CAMERA 1 1079
1080 1 -0.43181522468311107 0.072001508597615407 0.81607839112106739 0.37731611950298666 -7.8018601201540045 0.7811168318507703 -1.3763180550975169 1 CAMERA 1 1080
1081 1 -0.3774149969578659 0.060779717487019325 0.83813041536553223 0.38910301059320118 -7.5240271149254943 1.0134401677811287 -2.2682661202170737 1 CAMERA 1 1081
1082 1 -0.34077994908749859 0.052473526886014435 0.85079609803003942 0.39656217022419604 -7.3099926811487324 1.1305422984990141 -2.7963014618838282 1 CAMERA 1 1082
1083 1 -0.26191893674881384 0.037823964175143332 0.87283524245978394 0.41003226437271806 -6.7248164091911855 1.4429453005524648 -3.8441658321994527 1 CAMERA 1 1083
1084 1 -0.14857594642324132 0.018136073402922469 0.89340875132223074 0.42357652678921509 -5.6449525029618819 1.8570278317159206 -5.1188987986881527 1 CAMERA 1 1084
1085 1 0.019568878977121642 -0.0096476024265802155 0.90106011208992987 0.43314507632371907 -3.6295411923180838 2.339948243399113 -6.4911362101377561 1 CAMERA 1 1085
1086 1 0.19974610548886312 -0.039662656047226512 0.88127840809535818 0.42647008626892313 -1.1101096091089406 2.6106281462271412 -7.2251665220117518 1 CAMERA 1 1086
1087 1 0.43327328768519474 -0.079221832719714072 0.80642610751571475 0.39455683052767571 2.5015635327992971 2.5800383037678909 -6.864655033945775 1 CAMERA 1 1087
1088 1 0.63513573262361478 -0.11481946201711352 0.6847849729308052 0.33836168981567805 5.5018171402445146 2.088814614847573 -5.0274500228115633 1 CAMERA 1 1088
1089 1 0.79708636523930365 -0.14411962296560241 0.52374639675846391 0.26376613222393397 7.317823959503726 1.3072672844638527 -2.140776621727595 1 CAMERA 1 1089
1090 1 0.88486810701636587 -0.15967199764318121 0.38989274410465352 0.1987383567619809 7.6933141901781763 0.62699041000054068 0.25194394216088084 1 CAMERA 1 1090
1091 1 0.9607230355668489 -0.17313359514434054 0.19077171414286628 0.10316084648066484 6.8499037236590992 -0.24616763482390852 3.395678627548234 1 CAMERA 1 1091
1092 1 0.98390886998689986 -0.17690227132104375 0.011330204283153502 0.022372939758997189 5.1082362306397071 -0.78207701549296016 5.5054227049151239 1 CAMERA 1 1092
1093 1 -0.044084834345531738 -0.0026286356321878761 0.90355186388905084 0.42619672326058827 -2.6943199272126219 0.91259954399618015 -3.8866881800048101 1 CAMERA 1 1093
1094 1 -0.015772881606762105 -0.0050702637999251602 0.90301317670468861 0.42929326960543562 -2.4175625578562188 0.98688291484579249 -3.9737757212716605 1 CAMERA 1 1094
1095 1 0.045714431092953416 -0.015447380854806601 0.90062767962437262 0.43190433189422023 -1.8249446448829572 1.0758655307111671 -4.1603862447320914 1 CAMERA 1 1095
1096 1 0.16575640211961087 -0.035116165057934461 0.8875388669340184 0.42844653084073936 -0.66552359838756048 1.1571619374635396 -4.3455757765305689 1 CAMERA 1 1096
1097 1 0.31305445347280914 -0.062438320659606292 0.85211194223583131 0.41473317105474977 0.7700093647978612 1.127906245956148 -4.1622592025502678 1 CAMERA 1 1097
1098 1 0.46208828954065995 -0.087862224929421251 0.79205029901474533 0.38911562026021473 2.0928707749382776 0.96309396325612562 -3.4969533030705007 1 CAMERA 1 1098
1099 1 0.63698610395088839 -0.11751145057471765 0.68360734871412376 0.33633429076045762 3.3144266644732396 0.60587978654094254 -2.18377886586411 1 CAMERA 1 1099
1100 1 0.72550392415813847 -0.13138979122923247 0.60665242864243218 0.29724335083247783 3.6975687354239355 0.35365309407044532 -1.2880258063520773 1 CAMERA 1 1100
1101 1 0.86022724009267582 -0.15366121175927355 0.43689735634720356 0.21334954281655799 3.7131364409685998 -0.14416369110800265 0.40952811907266362 1 CAMERA 1 1101
1102 1 0.94477823911278913 -0.16618264465476132 0.25417544338209375 0.12317569360877557 2.9930657363657827 -0.55936301388264476 1.7668326222720219 1 CAMERA 1 1102
1103 1 0.97935684920390231 -0.17188347350078456 0.094126167373396283 0.049563071639128611 2.0411691407842252 -0.73703036788870679 2.5253683779052563 1 CAMERA 1 1103
1104 1 0.973841853257707 -0.17052581997310723 -0.13926065857734776 -0.056209061001741258 0.47327363008531059 -0.86873035553721678 3.0200058017166049 1 CAMERA 1 1104
1105 1 0.94284094066352597 -0.16528169405626544 -0.2667096151276302 -0.11224483692838567 -0.40705773354814129 -0.84422072081870547 2.9214349552047389 1 CAMERA 1 1105
1106 1 0.90342925052461176 -0.15922820440499971 -0.36517325890113445 -0.15846280068843585 -1.0753116847813957 -0.7980651487808883 2.6916938662638548 1 CAMERA 1 1106
1107 1 0.8842760325475113 -0.15578715658155129 -0.40291460287893821 -0.17733043419891459 -1.3504802593433651 -0.77084881129755967 2.5582916544554801 1 CAMERA 1 1107
1108 1 0.85881953928418087 -0.15112829801480734 -0.44749694944083529 -0.19833233907762338 -1.7278410809838691 -0.72991430897450182 2.3653904943815798 1 CAMERA 1 1108
1109 1 0.79666758057739195 -0.13960615698898771 -0.53622740794468227 -0.24143540327934157 -2.3639766411632874 -0.6007366258882223 1.8636141706510281 1 CAMERA 1 1109
1110 1 0.6365496773424193 -0.10960705955656475 -0.69516950102418562 -0.31548401800473258 -3.1378208844149733 -0.21974900017911456 0.38533418058529245 1 CAMERA 1 1110
1111 1 -0.51292733113750877 0.08824792997737875 0.77679171374175771 0.35455957086081213 -3.1593042316974174 0.071247049083569228 -0.66158659192233049 1 CAMERA 1 1111
1112 1 -0.36936127812867919 0.062241260769711912 0.84241998767427861 0.38733297825490354 -2.8339094017022881 0.37056467966374634 -1.7856305647364157 1 CAMERA 1 1112
1113 1 -0.16657863818361218 0.025033358937720136 0.89409382091524403 0.41499533448265186 -1.7775459271371596 0.69813732107750526 -2.9811408094018099 1 CAMERA 1 1113
1114 1 0.051772153737368438 -0.015022314273540581 0.90464111765440036 0.42275101705407947 -0.17523429407208321 0.89280689565112725 -3.5830649674299515 1 CAMERA 1 1114
1115 1 0.19899906463529934 -0.042207115741056296 0.88597644826478172 0.4167297262917774 1.0240299569331837 0.90592077434116536 -3.5530967464876655 1 CAMERA 1 1115
1116 1 0.37549653153964535 -0.072939348800688128 0.835393294291226 0.39471540386901649 2.4614699534717253 0.77452513054926042 -3.0604257715819068 1 CAMERA 1 1116
1117 1 0.59575043718911525 -0.11199398953422138 0.71660203073212692 0.34499317739308821 3.9286481258599348 0.40479020690729201 -1.5081103481508211 1 CAMERA 1 1117
1118 1 0.76758048944770385 -0.14269956821287941 0.55996111646620395 0.27730952651685736 4.4070780391955751 -0.092403394918147169 0.54754233688592557 1 CAMERA 1 1118
1119 1 0.96292104457407079 -0.17859192975525884 0.17726680494087402 0.0972854789201721 2.2445674030504668 -1.0611736044413891 4.165551554152719 1 CAMERA 1 1119
1120 1 0.89125093560834723 -0.16465086937895038 0.37557379279248709 0.19366514182337422 3.8136644950078882 -0.6321213279176835 2.6217820571281036 1 CAMERA 1 1120
1121 1 0.98320740447053168 -0.18194173491019341 -0.0050898945341696237 0.013209764033483593 0.3503030043612036 -1.2817046836376567 4.796280345282927 1 CAMERA 1 1121
1122 1 0.97517963208569658 -0.18011674274140735 -0.12264059390269003 -0.039267402213882037 -0.96322062170402734 -1.3209044375699663 4.7850069983450725 1 CAMERA 1 1122
1123 1 0.94968916531093905 -0.17429880830194444 -0.24234430641883381 -0.094761025015077882 -2.2904669863742102 -1.2325179478733812 4.3867369318626173 1 CAMERA 1 1123
1124 1 0.94183720344350819 -0.17048894745157284 -0.26963733697433867 -0.105697244599628 -2.5837732995710159 -1.2058768342368102 4.208133823666417 1 CAMERA 1 1124
1125 1 0.92447367870675146 -0.16598075674665608 -0.31783852898176801 -0.12952789376392768 -3.05857857521843 -1.1228759172272549 3.8119734239267866 1 CAMERA 1 1125
1126 1 0.89552028638342418 -0.158716111933913 -0.38387264378837421 -0.15966967726921591 -3.6280711827752219 -0.99352419494628774 3.1760461017353805 1 CAMERA 1 1126
1127 1 0.81121084586317516 -0.14373773311371887 -0.52137011564315883 -0.2223727279760726 -4.4580312577409877 -0.60340957940742845 1.620461340862672 1 CAMERA 1 1127
1128 1 0.73545126599857535 -0.1314817269214803 -0.61029688033320284 -0.26336611149196576 -4.6813709141938604 -0.2878506697881123 0.43829303569030964 1 CAMERA 1 1128
1129 1 0.64210770051385868 -0.11758102091246798 -0.69257448280147915 -0.30694134657007421 -4.5045545025840719 0.078184956462694383 -0.78380814092064632 1 CAMERA 1 1129
1130 1 -0.52915548881413721 0.10347955730768264 0.76627787654862656 0.34943478045181137 -3.9118382055031984 0.43772142040670003 -1.9566554805740046 1 CAMERA 1 1130
1131 1 -0.26502077972297627 0.059537657657076554 0.87320963789911976 0.40462844921708435 -1.9528534767536627 0.87534739501660774 -3.6290305884337664 1 CAMERA 1 1131
1132 1 -0.010931012359862149 0.010060629963183007 0.90542095259316746 0.42425487068366541 0.28179691823089886 0.96671054797769174 -3.904660083698881 1 CAMERA 1 1132
1133 1 0.20331864641130556 -0.036023262830489747 0.88457907743660691 0.41819099502251522 1.9806605217567705 0.82563914108140635 -3.2053820844324585 1 CAMERA 1 1133
1134 1 0.39424762979359806 -0.074018620756698933 0.82736941342996795 0.39312835550740538 3.0567074267649081 0.52127602325566769 -1.9886991548548594 1 CAMERA 1 1134
1135 1 0.70794110021441392 -0.12699381589129977 0.62747787783230757 0.29826746752476313 3.2858630622162637 -0.20549765641169343 0.67718951535150484 1 CAMERA 1 1135
1136 1 0.52254709636039509 -0.096095396632133012 0.76539267174180436 0.36315873234079832 3.427695153143834 0.24622331421055002 -0.96822683739493032 1 CAMERA 1 1136
1137 1 0.83821728064162127 -0.14855330998039754 0.47401207021835973 0.22502502486376544 2.4912091950080617 -0.54920003366325409 1.8494136943110739 1 CAMERA 1 1137
1138 1 0.94285276531526696 -0.16713310213977192 0.25921297793138054 0.12611035317703501 1.0713198280188974 -0.75367209676967384 2.6237773165295915 1 CAMERA 1 1138
1139 1 0.96488505054333373 -0.17205648366293241 -0.18547509248503377 -0.070656887386888606 -1.5340375647590028 -0.56147666815964326 1.8868558159110189 1 CAMERA 1 1139
1140 1 0.98381465951267799 -0.17507970589319755 0.030626917999615127 0.022755311603005878 -0.42980116348679459 -0.73861108315263346 2.5781914540586928 1 CAMERA 1 1140
1141 1 0.93678777178214656 -0.16673667829616914 -0.28581754767887163 -0.11373601095975194 -1.8653256592040077 -0.44504891514953204 1.3921089289573712 1 CAMERA 1 1141
1142 1 0.82220445958106714 -0.14808086461871425 -0.50585093281244853 -0.21486441760225233 -2.1580622343606706 -0.12668357987613221 0.1867538576525504 1 CAMERA 1 1142
1143 1 -0.48054744074229411 0.083313825931663352 0.79764967912380635 0.35480692354906018 -1.0760722744108053 0.2802081511227858 -1.4779304793374686 1 CAMERA 1 1143
1144 1 0.58547901673669045 -0.10347130886334652 -0.73600593850892237 -0.32373332803828614 -1.4978759433909283 0.21776732704417415 -1.1765074805171014 1 CAMERA 1 1144
1145 1 -0.42457527143571294 0.071913708431903436 0.82376108830575201 0.36875727358004073 -0.85032805652659349 0.29962417955961873 -1.5922099945712829 1 CAMERA 1 1145
1146 1 -0.378744501175376 0.063254647504377773 0.84203840253618489 0.37884400622528341 -0.65092868205953436 0.32126676408290711 -1.6843084805406758 1 CAMERA 1 1146
1147 1 -0.34981729947858803 0.055570418295447385 0.85224184163973982 0.38499821941728712 -0.5470479863468275 0.3615972257528034 -1.7728864232738519 1 CAMERA 1 1147
1148 1 -0.28866426615964758 0.043701177777172744 0.8708024707727211 0.39555809358364069 -0.29557461257020956 0.41626688332763101 -1.9143062312409576 1 CAMERA 1 1148
1149 1 -0.20109398920409521 0.029384801115347449 0.89044779618334713 0.40718603026333694 0.10211514828059834 0.46475387197504497 -2.0564004290471525 1 CAMERA 1 1149
1150 1 -0.043896789853107993 0.0022643940753755182 0.90779005545375913 0.41711528332024073 0.85686093876464109 0.47687400490707693 -2.0529809940808188 1 CAMERA 1 1150
1151 1 0.12350863313287366 -0.026253610464473952 0.90039964066392297 0.41633742634011095 1.6257098708276339 0.4232071312223139 -1.79665851154495 1 CAMERA 1 1151
1152 1 0.3411183211895033 -0.061564073718938295 0.8495589343587937 0.39761510638698699 2.4678774017925091 0.21434764565542788 -1.0204225191246346 1 CAMERA 1 1152
1153 1 0.5577538212632106 -0.10363334229538192 0.74242321868583461 0.35634052476127415 2.896877809486349 -0.089310557518018363 0.25624472925447755 1 CAMERA 1 1153
1154 1 0.73871647219646697 -0.13667935502606329 0.59134517491641458 0.29313411899391861 2.6104858084263105 -0.44845910191116073 1.6582569510966303 1 CAMERA 1 1154
1155 1 0.86077236639049548 -0.15566088974929246 0.43110055763535349 0.22134346583410269 1.7767154122800124 -0.77080741335575409 2.7213020746759073 1 CAMERA 1 1155
1156 1 0.95047809776266445 -0.16857704133325943 0.22879891081115442 0.12579437674403796 0.28231296979811915 -1.0097266778395082 3.3870356263633439 1 CAMERA 1 1156
1157 1 0.97593997638859009 -0.16894242322697284 0.11597930285890125 0.074487726701786508 -0.61814794160350428 -1.0748572515038708 3.4225550481085931 1 CAMERA 1 1157
1158 1 0.98224039238264238 -0.17145935227282766 -0.074428634034174851 -0.016305843307906315 -2.1143823304524432 -0.99771284969322882 3.0501922004502 1 CAMERA 1 1158
1159 1 0.93735948420159221 -0.16627555311548156 -0.28371806325849458 -0.11495085208172516 -3.4664910847473163 -0.67975160359083409 1.9052027765676902 1 CAMERA 1 1159
1160 1 0.86330341700992075 -0.15459970221196023 -0.43948616652148126 -0.19405682593307849 -4.1417952892266001 -0.29687021479074854 0.62261700750702331 1 CAMERA 1 1160
1161 1 0.74432884321886861 -0.13254575032907726 -0.59671794359931563 -0.26894961053841826 -4.2572490274870143 0.15604740702470052 -1.068971419689585 1 CAMERA 1 1161
1162 1 0.55701135685510739 -0.099235874344692707 -0.74999312406358665 -0.34263815233394262 -3.3642804344338608 0.70774382092028643 -3.056381672527146 1 CAMERA 1 1162
1163 1 -0.34616309570445758 0.059435895790851692 0.85112740227166539 0.39015462391996902 -1.6373472340889392 1.0667032541404415 -4.3998916436319426 1 CAMERA 1 1163
1164 1 -0.10969583593901203 0.014554523873976183 0.90315106908830489 0.41481699075266326 0.69054400990235898 1.1927201500883875 -4.8480654644469086 1 CAMERA 1 1164
1165 1 0.10507987933496862 -0.025350849496310987 0.90343210425840081 0.41488068933610533 2.8069487007035505 1.0568591593026466 -4.3196316999479771 1 CAMERA 1 1165
1166 1 0.24021689665991913 -0.050637443220704396 0.87996652992298097 0.40668242907513874 3.9910753775061503 0.87648811539378046 -3.5088080242100692 1 CAMERA 1 1166
1167 1 0.47582487355623909 -0.093558548842705105 0.79203739925059202 0.37082913293320768 5.4401970899426697 0.34000133248600622 -1.2635602040231211 1 CAMERA 1 1167
1168 1 0.67820405353806934 -0.13076964349999518 0.65237782326955673 0.31199637467363417 5.601371314158949 -0.32468001553000081 1.4687649443613409 1 CAMERA 1 1168
1169 1 0.81724115693636623 -0.15458621905789574 0.49823910645007669 0.24490362408613539 4.6186160150115096 -0.90467968433319157 3.7364864695690074 1 CAMERA 1 1169
1170 1 0.91231800246520967 -0.16911403934689767 0.33309679687466609 0.1676986224913701 2.8080354930506228 -1.3684385825847512 5.311956173924596 1 CAMERA 1 1170
1171 1 0.96340491039083298 -0.17731357792313446 0.17671170938723468 0.095832382232568764 0.74594573020315236 -1.6037855516428909 6.0101560814398738 1 CAMERA 1 1171
1172 1 0.98093310000705147 -0.17958236897032542 0.060597383346173844 0.042992827275706171 -0.84712977740417217 -1.6613405501831926 6.0520224976553738 1 CAMERA 1 1172
1173 1 0.98364026124431758 -0.17959521685855187 -0.0014261222977811248 0.013977149778561073 -1.6986501666845355 -1.645292254311487 5.9013605433643317 1 CAMERA 1 1173
1174 1 0.98363579383299915 -0.17848998450217274 -0.023826091275132008 0.005853878841313595 -2.017202631065774 -1.6371511409452193 5.818465060327112 1 CAMERA 1 1174
1175 1 0.98012385406435165 -0.17715535032294119 -0.085950187034202319 -0.024202848898077656 -2.8466703729202987 -1.5464200136564565 5.4396938571472866 1 CAMERA 1 1175
1176 1 0.97293163054492726 -0.17480290242370486 -0.14233164617225083 -0.050888997704170297 -3.5548658732202343 -1.4375769487255345 4.9450038549995163 1 CAMERA 1 1176
1177 1 0.95084418484894162 -0.17033399065896404 -0.24050859334996103 -0.095064632171837235 -4.5926666480525649 -1.2090424855816986 3.9276114661550245 1 CAMERA 1 1177
1178 1 0.90497309599111486 -0.16042986898408079 -0.36436843537741143 -0.1500719693034791 -5.5085330024501067 -0.82901048363150809 2.3940301267548341 1 CAMERA 1 1178
1179 1 0.81978545428470628 -0.14459734937303387 -0.51010469321201091 -0.21641769211548045 -5.9233129577071768 -0.27750592889102277 0.16947486608527804 1 CAMERA 1 1179
1180 1 0.72367889609146097 -0.13094298100718926 -0.61980268749924516 -0.27383830930954234 -5.5911377552997976 0.27595910740506813 -1.6703749118627056 1 CAMERA 1 1180
1181 1 0.58476422955788676 -0.1116498964608859 -0.73098651068754206 -0.33353233372897534 -4.3566754051771293 0.82366714917562001 -3.5613563792641951 1 CAMERA 1 1181
1182 1 -0.37971185573747784 0.079969081981976178 0.83620093635123161 0.38754592835518786 -1.9849249339502992 1.2137778400775281 -5.0367023678790339 1 CAMERA 1 1182
1183 1 -0.11338572406325267 0.033045565289261579 0.89944843786374795 0.42076617713146669 1.2188744885227589 1.2085007182788938 -5.1467411727935684 1 CAMERA 1 1183
1184 1 0.1343254969405886 -0.017472917425376787 0.8964962001018576 0.42183636783857309 3.6612115889799104 0.83585522822578473 -3.7215438592293233 1 CAMERA 1 1184
1185 1 0.31060727641510477 -0.056250116028604712 0.85747160385883914 0.40632683010171661 4.7473095206389537 0.42731324314768632 -1.9788471346336145 1 CAMERA 1 1185
1186 1 0.50791272636456219 -0.091666305607854007 0.77314464172648589 0.36860454932454229 5.0213838230103383 -0.20399443018356697 0.319344828672254 1 CAMERA 1 1186
1187 1 0.61580665050244887 -0.10809389343860948 0.70413168305818519 0.33659538367583858 4.626662783968408 -0.60448204495984692 1.6383404376956026 1 CAMERA 1 1187
1188 1 0.80029591088038388 -0.14010999616322273 0.52580675240364683 0.25183904210826474 2.828963346926614 -1.1899545209114355 3.6674526008776356 1 CAMERA 1 1188
1189 1 0.96110365118328855 -0.16959659497234278 0.19466786819240831 0.098087653399201433 -1.0123554978299998 -1.3705965014394885 4.2270613147595615 1 CAMERA 1 1189
1190 1 0.98131471094361522 -0.17393190647504428 0.070030152742406496 0.043184577136758738 -2.2261927460551703 -1.2235120743725898 3.6310326831877915 1 CAMERA 1 1190
1191 1 0.96002571725158004 -0.17193119106546845 -0.2060938262103196 -0.07947089122684646 -3.8998583171446275 -0.72039717197499764 1.5228466716113545 1 CAMERA 1 1191
1192 1 0.90087171008921707 -0.16087370330123846 -0.37327037991788431 -0.15237794139255578 -4.0743241822101242 -0.32346561690123532 -0.15643462986880149 1 CAMERA 1 1192
1193 1 0.77431862394695627 -0.13867887415624289 -0.56729045111213383 -0.24368090312669319 -3.3170061298139997 0.18553217357110491 -2.0991307206999661 1 CAMERA 1 1193
1194 1 0.63816797811961334 -0.11955339266343895 -0.69340748509391825 -0.31246548228742654 -2.0099284256314145 0.48680180913903631 -3.1674054310156103 1 CAMERA 1 1194
1195 1 -0.38940436263907702 0.078566327221634438 0.83383067003608702 0.38329882375468799 0.31494097701070817 0.58514981644231745 -3.6147184995242321 1 CAMERA 1 1195
1196 1 -0.26234007022399103 0.053079219214896708 0.87481689101393512 0.40380154932729179 1.3555555858017743 0.49637115963754258 -3.3084085032825188 1 CAMERA 1 1196
1197 1 -0.010974378345652302 0.0022125844503177875 0.90630949484204704 0.4224662910211065 2.8134673954634111 0.18068625578955017 -2.0254229415315783 1 CAMERA 1 1197
1198 1 0.20698731747414209 -0.04039941428061216 0.8840090164254184 0.41719563349729172 3.305930001780474 -0.21335345642431067 -0.48808678625984858 1 CAMERA 1 1198
1199 1 0.3826018584921605 -0.071502916322326152 0.83190597026928015 0.39551941477767549 3.0658855270976377 -0.59491625320874153 0.82621069509034784 1 CAMERA 1 1199
1200 1 0.59454797868385911 -0.10399123898679676 0.71934335005939187 0.34386577029745125 2.0300371248125386 -1.0338892346551862 2.1295943707540994 1 CAMERA 1 1200
1201 1 0.76062281363155015 -0.13524389267945461 0.57075227195584533 0.27821550807489742 0.56607448443657693 -1.2273714743564001 2.7101591167233146 1 CAMERA 1 1201
1202 1 0.82963994524305806 -0.14904399043950597 0.48274654162422215 0.2375694145314525 -0.22922401209620347 -1.2189404869314002 2.7134911107101356 1 CAMERA 1 1202
1203 1 0.92666846659995872 -0.16613416764958203 0.30067783556112909 0.15257073949790143 -1.5830633328987582 -1.1183053493893531 2.2285986690371709 1 CAMERA 1 1203
1204 1 0.96595828000076545 -0.17474622528382364 0.16596416353043617 0.094043896509346095 -2.2871764712424993 -0.98583709929655861 1.5538405991509996 1 CAMERA 1 1204
1205 1 0.98101849464492852 -0.17783007353286071 0.063007860263495447 0.044823962976421564 -2.6376179831826159 -0.8392653814265163 0.93911965518766172 1 CAMERA 1 1205
1206 1 0.98390621735374817 -0.17796167813632119 9.9099339407890066e-05 0.016068190528627235 -2.7772879947104321 -0.75053870456705241 0.55123827134846748 1 CAMERA 1 1206
1207 1 0.98329306900990932 -0.17688384604007829 -0.042552719790860775 -0.0060092832804312232 -2.8743435735811609 -0.68657166283658144 0.32559128483504801 1 CAMERA 1 1207
1208 1 0.97843971992521739 -0.17602952422887508 -0.10205953226973548 -0.035400182842761148 -2.9773834460397564 -0.61054168358038441 0.02525373413668091 1 CAMERA 1 1208
1209 1 0.95938630656186907 -0.17413208148774859 -0.20407521970336853 -0.087230944517077386 -3.0473414303283533 -0.42062455070542609 -0.55968283776838823 1 CAMERA 1 1209
1210 1 0.89571542431370876 -0.16505172032168705 -0.37635052013911063 -0.16974125678922419 -2.8118044415749881 -0.089132992695118693 -1.6130605979312156 1 CAMERA 1 1210
1211 1 0.79629279395004449 -0.14681514325138609 -0.53435150261598163 -0.24255220400431254 -2.1917723583006263 0.19959697194965925 -2.5917449146012146 1 CAMERA 1 1211
1212 1 0.68933051063947182 -0.12652147381054302 -0.64997595358150184 -0.29384864051438225 -1.33520844197538 0.37056729054745507 -3.2169127157573856 1 CAMERA 1 1212
1213 1 0.50640663718944867 -0.091020421780137195 -0.7809575643934682 -0.35408033445259585 0.14801266530664131 0.53078398371614499 -3.6260899867001797 1 CAMERA 1 1213
1214 1 -0.31629363574471075 0.051895473511031277 0.862698491186488 0.39117324693927558 1.6000429167148342 0.52275564467336033 -3.4530991649859812 1 CAMERA 1 1214
1215 1 -0.066038243489660101 0.0048474324054544214 0.90772697602104369 0.41430325825362097 3.1788411444822717 0.30816981851458086 -2.4350762829656669 1 CAMERA 1 1215
1216 1 0.12302188689717879 -0.026164839829672562 0.901406819448892 0.41430274239012466 3.9892521187717374 0.016392918186687273 -1.2895330678484351 1 CAMERA 1 1216
1217 1 0.37529475557924291 -0.069097448079529736 0.83862540471377556 0.38869888046181617 4.2787128355255311 -0.51251413409416757 0.74289003398567022 1 CAMERA 1 1217
1218 1 0.58721888227602614 -0.10865952317409913 0.72514961219157725 0.34281938722959843 3.578716454046734 -0.98116293332204052 2.6357817314523202 1 CAMERA 1 1218
1219 1 0.69557923028717361 -0.12926509079496271 0.63741520782508687 0.3052243822635643 2.754218518939322 -1.2054920694293134 3.5562051180077283 1 CAMERA 1 1219
1220 1 0.83682955730661912 -0.15536068296811345 0.47027173863998312 0.23328918115124098 0.97239549600686481 -1.4582431265760143 4.4895100422498748 1 CAMERA 1 1220
1221 1 0.92854201594167474 -0.16908167834746646 0.29287604188137029 0.15311673576091003 -0.98510047246045906 -1.5458721581335932 4.6272170694038159 1 CAMERA 1 1221
1222 1 0.9782317725904579 -0.17653585796189969 0.091975520161409391 0.058636112074598956 -3.0241495849806759 -1.3958727619979283 3.914557227055977 1 CAMERA 1 1222
1223 1 0.97120525777113464 -0.17610866982367099 -0.14998579576998092 -0.057011794901465809 -4.820802407396501 -0.882112219553847 2.0246324603981161 1 CAMERA 1 1223
1224 1 0.68595555063412283 -0.11438980426302728 -0.6573782540504558 -0.29023057443432504 -1.617048965095832 1.1634200678948527 -4.9236259025858873 1 CAMERA 1 1224
1225 1 0.56856553174570101 -0.094434218244195761 -0.74544413216048366 -0.33485587998845001 0.13535767220920275 1.1963711765696821 -5.1345229696534664 1 CAMERA 1 1225
1226 1 -0.43129335769893717 0.06986807907268619 0.8188066727464729 0.37237094918551328 1.9200727641965154 1.0802205728420968 -4.760313631733422 1 CAMERA 1 1226
1227 1 -0.28443559867424195 0.042658355801759647 0.87036928757393162 0.39966730931508881 3.4350832811209582 0.81863814149140313 -3.8269539953219662 1 CAMERA 1 1227
1228 1 -0.14639884797547842 0.017337317373282365 0.89721808749499266 0.41625292576698902 4.4328297243055594 0.47622260124023674 -2.6061687875497768 1 CAMERA 1 1228
1229 1 0.010056810334662405 -0.010884156640223188 0.90511057049816523 0.42491793427979679 5.0233800421939065 0.015459063147400575 -1.0148598228538277 1 CAMERA 1 1229
1230 1 0.14658843474125777 -0.033912814330672648 0.89317691721384518 0.4237885632961953 5.0469488788247254 -0.44388234493131151 0.45078683973888073 1 CAMERA 1 1230
1231 1 0.24833963400064127 -0.050612789338121127 0.87270260747510653 0.41731993799241457 4.7625417327416359 -0.79499864009845245 1.5138383334951917 1 CAMERA 1 1231
1232 1 0.38224229132335397 -0.070755550699944436 0.82996597693610352 0.40005119659553451 3.9964620284131596 -1.2525995430116921 2.7845006349162538 1 CAMERA 1 1232
1233 1 0.52173840300510876 -0.091671563103696549 0.76294970100301551 0.37053085848173722 2.732879128396636 -1.6609826115178432 3.8445295315715189 1 CAMERA 1 1233
1234 1 0.63150458317648317 -0.10927800271313186 0.68963277814983548 0.33714523702918453 1.3794239489376245 -1.9046070153398518 4.3867973159712585 1 CAMERA 1 1234
1235 1 0.73233191868821301 -0.12485395204406388 0.60097172243782737 0.2948464691318694 -0.12439518287634099 -2.0308202968208753 4.5189022719010881 1 CAMERA 1 1235
1236 1 0.82174719486404035 -0.13911839889861649 0.49546344912951668 0.24473166815442809 -1.6593973634207106 -2.0221836623383997 4.1849503558743679 1 CAMERA 1 1236
1237 1 0.89261328302505449 -0.15129502593256705 0.37958007183640252 0.1904476598962804 -2.9981641080863244 -1.8803082301883571 3.4165785286927557 1 CAMERA 1 1237
1238 1 0.9347146264977737 -0.15814937930205208 0.28308765824963228 0.14546036774407853 -3.8452080391280834 -1.6986032385367316 2.5334080066680742 1 CAMERA 1 1238
1239 1 0.97553525311248301 -0.16624000627599869 0.12334813424778823 0.074030183207319342 -4.636886611483102 -1.3297383131189338 0.89229000907288669 1 CAMERA 1 1239
1240 1 0.98541258899823658 -0.16916067251848749 -0.00029913518075915056 0.018617379918486901 -4.7649995147786086 -1.0207349409856135 -0.49469490631432339 1 CAMERA 1 1240
1241 1 0.98306950036557605 -0.168776149007281 -0.070394479100131274 -0.0115579535156532 -4.6526911128464317 -0.85010691079337775 -1.250522536777646 1 CAMERA 1 1241
1242 1 0.97463449215695197 -0.16817865242421051 -0.14048247968762878 -0.045477691976966564 -4.4290264833630646 -0.65983908706267502 -1.9699234053367074 1 CAMERA 1 1242
1243 1 0.96624565575298782 -0.16607356253554753 -0.18580062644066858 -0.065322521227257763 -4.2552595610174118 -0.59485944879392416 -2.4517357712704322 1 CAMERA 1 1243
1244 1 0.96471139586756804 -0.1647533074979283 -0.1936405646999666 -0.068495270306931672 -4.2338721318949073 -0.59964609434825178 -2.5400640230374796 1 CAMERA 1 1244
1245 1 0.78668258502940125 -0.13899055876741589 -0.5501719433672283 -0.24315214931500792 -1.4122601002815094 0.072171845201190285 -4.9754986551478311 1 CAMERA 1 1245
1246 1 0.65976256255621468 -0.11931399763675628 -0.67581996103796649 -0.30617790788989713 0.3077416356274455 0.17395082452148061 -5.2541742396904922 1 CAMERA 1 1246
1247 1 0.43876242229312457 -0.076246060020977516 -0.8141051324882943 -0.3727021711379801 2.8185496831090266 0.071466497781977681 -4.6069302475435103 1 CAMERA 1 1247
1248 1 0.93474585087043904 -0.17810852980360264 0.27130800551985945 0.14463579098042809 -2.9415915896344575 -2.4883909370144508 6.3617210773969566 1 CAMERA 1 1248
1249 1 0.81402682049265851 -0.037000721006367136 -0.49853153025940428 -0.29573230378306492 -3.6228980501094714 1.6269659933664824 -3.3969092342091129 1 CAMERA 1 1249
1250 1 0.6875174798904109 -0.030519317376949014 -0.61841522130038928 -0.37940861900591333 -1.7293201865130439 2.2220741766986678 -4.2096082812981459 1 CAMERA 1 1250
1251 1 -0.27183389078086062 0.0075031862575032637 0.81292734255577148 0.51497492535475542 3.0046206026913467 1.9091243933938058 -3.2410550990244791 1 CAMERA 1 1251
1252 1 -0.46926927357378728 0.018526185059759732 0.74766532509355077 0.46951005420482395 1.0867578705199172 2.3477995687418822 -4.1955791238620446 1 CAMERA 1 1252
1253 1 -0.13717486213635249 -7.8991650325762469e-05 0.83447517764200163 0.53369863111829474 3.9026459833205887 1.4098793567899019 -2.291503516603369 1 CAMERA 1 1253
1254 1 0.096422325054661903 -0.010805647809887822 0.83458939772044805 0.54226055583924015 4.5793868981260761 0.23071181227914292 -0.38855776942298959 1 CAMERA 1 1254
1255 1 0.26544894656542806 -0.016176429650074989 0.80636576501345991 0.5282512971165696 4.3621462568498037 -0.66896185874645309 0.9868948884325246 1 CAMERA 1 1255
1256 1 0.40775645033770885 -0.019838200703949961 0.7622795299513504 0.502265906883963 3.6857856349842444 -1.3966925567172257 2.0514444932160276 1 CAMERA 1 1256
1257 1 0.52991184485249965 -0.022110783383293697 0.70553823950842975 0.47002164049599154 2.734117204647605 -1.9480564960707403 2.7892480199584293 1 CAMERA 1 1257
1258 1 0.64284295411711501 -0.024314775243878192 0.63503521277626496 0.42765875015136118 1.5458189626661774 -2.3407954096141932 3.2319742454881188 1 CAMERA 1 1258
1259 1 0.85925264129381851 -0.029603085970980519 0.42104152902562891 0.28902004526736874 -1.4508992319045495 -2.4251985730061763 3.0037464574114825 1 CAMERA 1 1259
1260 1 0.74510347510082753 -0.027569323365074325 0.55107418830636379 0.37467049895120474 0.24482542014148795 -2.5231494919097699 3.3576081224978669 1 CAMERA 1 1260
1261 1 0.92738423066577946 -0.032064894140775818 0.30418499495394341 0.21541081709387469 -2.5866213677233354 -2.1065990021313898 2.3168682994658543 1 CAMERA 1 1261
1262 1 0.97190720751749893 -0.034894178644918755 0.18548986454848909 0.14061396240066973 -3.3396916865967854 -1.6338295888466712 1.3942462467111369 1 CAMERA 1 1262
1263 1 0.95329074863076224 -0.030186891488421689 -0.25765156979806297 -0.15472934026183005 -3.3537754791464707 0.45489344717601388 -1.8883744939235945 1 CAMERA 1 1263
1264 1 0.88556706011700537 -0.030581929032175006 -0.39274362671162932 -0.24614664598525759 -2.6460250155411122 1.039407767557033 -2.6497241998494876 1 CAMERA 1 1264
1265 1 0.79273955009170305 -0.029531641580506553 -0.51454228066883845 -0.32548138083471856 -1.7299316810229275 1.473181447607973 -3.1951052222594818 1 CAMERA 1 1265
1266 1 0.64117424756179442 -0.02541335682579025 -0.64749248356825839 -0.41110002345052288 -0.272188457953699 1.7820307924334715 -3.5579110082684169 1 CAMERA 1 1266
1267 1 -0.44498194292557902 0.016797876000399007 0.75600129820805351 0.47976133539478749 1.4032689090265309 1.7792120724619691 -3.3694352197191737 1 CAMERA 1 1267
1268 1 -0.2446294965404392 0.0062111580824198535 0.8184741098549847 0.51982493441036182 2.7728162915917292 1.4971891108034949 -2.691757100565054 1 CAMERA 1 1268
1269 1 -0.041923580386496413 -0.0022930685416794072 0.84209507844057896 0.53769232290446134 3.7799446039556668 0.93019086048262178 -1.5921749381095289 1 CAMERA 1 1269
1270 1 0.08529658470359236 -0.0097518418346282127 0.83705654883748426 0.54033853117005803 4.1522361234726688 0.51121770518182508 -0.76273433749526809 1 CAMERA 1 1270
1271 1 0.1327876107533616 -0.01181795056947281 0.83187687821628309 0.53871016879569167 4.2412314357477339 0.33349136637800814 -0.45979484259311804 1 CAMERA 1 1271
1272 1 0.23094340900503912 -0.013804830921773254 0.81561256363025614 0.53033075955372799 4.3449642013637506 -0.07440266286607107 0.16045392068401568 1 CAMERA 1 1272
1273 1 0.3956846878519063 -0.016696584673494146 0.7678939786202269 0.50348156814185274 4.1724086755514564 -0.80009506141475195 1.3073973552961955 1 CAMERA 1 1273
1274 1 0.58224591925435354 -0.01802566116814024 0.67819203333011047 0.44801822616794801 3.3703221811751765 -1.6606567168308537 2.5945153410493638 1 CAMERA 1 1274
1275 1 0.76088719881896016 -0.028426656580294002 0.53596550258033182 0.36466913210870289 1.7602705176946454 -2.3190081640916707 3.6888790530218998 1 CAMERA 1 1275
1276 1 0.8862370222579613 -0.036358398080807743 0.3775314759188107 0.26595486827449472 -0.14584677014660483 -2.5762527477022079 4.0841963710498561 1 CAMERA 1 1276
1277 1 0.95878988161061907 -0.03899858676113787 0.22645523511505813 0.1670900943823809 -1.8708471915470248 -2.4975202718575131 3.8703708944366877 1 CAMERA 1 1277
1278 1 0.99147770022320847 -0.039212753179952181 0.093693510584385645 0.081583429828118004 -3.21477619993049 -2.1784840286851344 3.232828873520456 1 CAMERA 1 1278
1279 1 0.99348511307512088 -0.037520032820215009 -0.098637605973259879 -0.043013950331820927 -4.6285326226275005 -1.3886693380040307 1.8068135323608279 1 CAMERA 1 1279
1280 1 0.95369198484852957 -0.10095833511098412 0.24369285491252274 0.14454343662676106 0.24674497316167343 -2.2865590655991133 5.1452502209774487 1 CAMERA 1 1280
1281 1 0.99355142193959411 -0.11245414921520393 -0.013802761281992386 0.0043726498930986898 -2.9531875348437149 -1.8236541480388457 4.1355415264024744 1 CAMERA 1 1281
1282 1 0.96472165688538636 -0.113883891298127 -0.21592955622138812 -0.098574899386941514 -4.5405574214708677 -1.1053055316129745 2.2780635862843406 1 CAMERA 1 1282
1283 1 0.87574414463904948 -0.10797353456135973 -0.42395439836067261 -0.20414841923313234 -4.9709866033880958 -0.19561868588947792 -0.14458101874527973 1 CAMERA 1 1283
1284 1 0.7330825210622024 -0.09569545706212737 -0.60349748171287998 -0.2987025048053133 -4.0965653692721054 0.63385336173739093 -2.3560000878871019 1 CAMERA 1 1284
1285 1 0.57562026529480137 -0.079139618822174337 -0.72908286496905139 -0.36171315558484135 -2.5239251096280522 1.0755784578713954 -3.6735002125841612 1 CAMERA 1 1285
1286 1 -0.31953104162735324 0.042288516179945015 0.84546129029601724 0.42580136383862222 0.095549373191098283 1.2851170825132305 -4.1808335997862844 1 CAMERA 1 1286
1287 1 -0.080093721980643906 0.0083162021023852235 0.88785298456768358 0.45302639467931261 2.1364762810681603 1.066153356649016 -3.4347002978177774 1 CAMERA 1 1287
1288 1 0.13876179009064801 -0.024574781463228092 0.87992970539410176 0.45372343921371622 3.3581352749959681 0.61743986047767729 -2.0547357993296353 1 CAMERA 1 1288
1289 1 0.34874388547090296 -0.051992989488683396 0.8301969120709497 0.43179569078274432 3.7679303735966139 0.025981224725422514 -0.42040563998864938 1 CAMERA 1 1289
1290 1 0.56204707903610573 -0.078638172269819756 0.72992591213764069 0.38095574756010309 3.2971036615652731 -0.61964852274857951 1.2818580988849353 1 CAMERA 1 1290
1291 1 0.71624616750685688 -0.10072356521013533 0.61199920673852526 0.31984865467047841 2.2986271909654006 -1.0011048780924292 2.3462195141073869 1 CAMERA 1 1291
1292 1 0.86219885753405612 -0.12335297629648921 0.43447497454370276 0.22940939344546277 0.68692235986387173 -1.2006265273391279 2.9076597014410903 1 CAMERA 1 1292
1293 1 0.94373063541989988 -0.13729148337637959 0.26423247412807205 0.14389140342085446 -0.66709348841059402 -1.1262127929551773 2.7079083792275891 1 CAMERA 1 1293
1294 1 0.98859090062784172 -0.14655821214413323 0.022331011240577354 0.026646718107887456 -2.0021954334857557 -0.82067715146956388 1.7681430030789533 1 CAMERA 1 1294
1295 1 0.97073387019576873 -0.14606797984990944 -0.17751129524772172 -0.069495601132640861 -2.4765051265407036 -0.46674150497240952 0.61712323413224413 1 CAMERA 1 1295
1296 1 0.9058124585050652 -0.13912573505480191 -0.36518123500304694 -0.1636779932187595 -2.3553216232063825 -0.091390173803347644 -0.48215259801824523 1 CAMERA 1 1296
1297 1 0.81167695256595895 -0.12561207912117867 -0.51752918317012975 -0.23992847855006952 -1.8652867938063551 0.1714773633014208 -1.2979993915630363 1 CAMERA 1 1297
1298 1 0.72974385118600849 -0.11274067077395539 -0.6101425591660512 -0.28720987152943217 -1.3627037957993877 0.30132316435878259 -1.7002268750212022 1 CAMERA 1 1298
1299 1 0.65671694402470293 -0.10129505270686021 -0.67515975538895834 -0.32034586376460605 -0.9346451627266491 0.37281309389643463 -1.9219400059170688 1 CAMERA 1 1299
1300 1 0.6191348942446665 -0.093757132610110192 -0.70407953106670829 -0.33489341102246273 -0.7343707872925791 0.38095414299634289 -1.9442807694160165 1 CAMERA 1 1300
1301 1 0.58590556893387125 -0.086146455421236445 -0.72764636483884926 -0.34615635231415565 -0.57114398802765165 0.38727512785970974 -1.9797831087454196 1 CAMERA 1 1301
1302 1 0.53321285934034612 -0.078268966171193846 -0.75933818383644058 -0.36464165716023289 -0.365117163848935 0.42793288504102811 -2.0573215615544291 1 CAMERA 1 1302
1303 1 -0.48205898816308712 0.070545965942028777 0.78680941735420384 0.37891072745862592 -0.20242038414709748 0.46581988068231117 -2.134805123160016 1 CAMERA 1 1303
1304 1 -0.36996317823226704 0.055518389628609388 0.83424008044941922 0.40507831753510626 0.25003740962616949 0.50071620176419274 -2.2030535611460227 1 CAMERA 1 1304
1305 1 -0.2279471550896344 0.032005383656921738 0.87430164519646691 0.42733170150395683 0.81805351773456381 0.50852630284734568 -2.1935246521038763 1 CAMERA 1 1305
1306 1 -0.038968502000922375 0.00029857540816584653 0.89671282968304722 0.44089394165303758 1.5882767328127678 0.45409834316409076 -1.9476273202293939 1 CAMERA 1 1306
1307 1 0.21021639383081697 -0.036986273929822892 0.87601591503492215 0.43247797621507045 2.4577140344135127 0.23838722991605565 -1.1683184619385303 1 CAMERA 1 1307
1308 1 0.41275770972070491 -0.069461453787421995 0.81334021767249987 0.40408398857206251 2.9084088316143544 -0.033352714416600093 -0.20690505715314869 1 CAMERA 1 1308
1309 1 0.62684718072031831 -0.10450827140718318 0.68977115729601457 0.3469241758554566 2.8530940477133702 -0.43090755566226291 1.1367510636693043 1 CAMERA 1 1309
1310 1 0.79110080678845873 -0.13196599972022224 0.53041911565878186 0.27459069569132916 2.1749424421035251 -0.77373421804828979 2.3330151724434498 1 CAMERA 1 1310
1311 1 0.90301383177532957 -0.1511940718864018 0.35303493672380115 0.19254273733711227 1.0467937043610227 -1.0172017792245656 3.1515038946327434 1 CAMERA 1 1311
1312 1 0.96678687941286856 -0.16434024247242821 0.16808679317442052 0.10031073950266083 -0.36024634385055382 -1.1035435352497593 3.4600873204070473 1 CAMERA 1 1312
1313 1 0.98353467255856197 -0.16929990880923901 0.047470126884194226 0.041757344334909755 -1.3004776907447397 -1.0603430058662828 3.3275014375581566 1 CAMERA 1 1313
1314 1 0.97700685678936949 -0.16551733691133688 -0.12732149584400801 -0.043021502349171133 -2.5442943026977907 -0.92123431207285322 2.7963120421370569 1 CAMERA 1 1314
1315 1 0.91862737886745538 -0.15650127005143633 -0.33361712094323825 -0.14258579130102966 -3.6918437284066301 -0.54153078431723223 1.5319747220501205 1 CAMERA 1 1315
1316 1 0.86984572111329528 -0.14993635206871034 -0.42901156484940661 -0.19192860395126729 -4.0301740876331884 -0.27717170615742193 0.74464595995293481 1 CAMERA 1 1316
1317 1 0.76191414686396108 -0.1307718722980776 -0.57520044285109229 -0.26745093151478277 -4.1954776712784572 0.17554463949949026 -0.68627773880469156 1 CAMERA 1 1317
1318 1 0.59767628976991249 -0.10258183440653369 -0.71908923451238049 -0.33936807850041051 -3.6468227317996869 0.70548863176148768 -2.4117247159742425 1 CAMERA 1 1318
1319 1 -0.3937328748016839 0.067540420582580502 0.82768989157883077 0.39413469558788311 -2.2671044630588546 1.1695084510041824 -3.8377861106599589 1 CAMERA 1 1319
1320 1 -0.15944590950125698 0.025278225336401849 0.89029847863446954 0.42580116510914834 -0.21100317226913945 1.4178204944326729 -4.5779412615972968 1 CAMERA 1 1320
1321 1 0.068685257155508189 -0.013351166751722985 0.89885577499388247 0.43262267341876137 1.9149307239265363 1.3987132931443325 -4.3749694867937086 1 CAMERA 1 1321
1322 1 0.28635187502098813 -0.049378089104996734 0.86063920658224791 0.41816810505080632 3.7553865911603341 1.1674221566055585 -3.3203073919438082 1 CAMERA 1 1322
1323 1 0.49394558611535277 -0.086760684936740204 0.77684402685353171 0.38079351287601759 5.0345882228611227 0.71792076690792561 -1.5434262712962761 1 CAMERA 1 1323
1324 1 0.68326528123861385 -0.12006739375605439 0.64534824173906613 0.31977808445051809 5.39527184839105 0.082457802871066771 0.80014873467103342 1 CAMERA 1 1324
1325 1 0.80086421934898544 -0.14042332763975854 0.51995480667783389 0.26181059992623218 4.9056656434984305 -0.40517997876144179 2.5867600692698685 1 CAMERA 1 1325
1326 1 0.86666138540129101 -0.15174936694494492 0.42328609980153065 0.21609963072835697 4.1993733409401441 -0.7194577164449345 3.6882661407453243 1 CAMERA 1 1326
1327 1 0.91715795303421266 -0.16026738645812855 0.32353610029447083 0.16870105462094762 3.2337225998845027 -0.98196177600877899 4.5589659372588427 1 CAMERA 1 1327
1328 1 0.93961777816085124 -0.16314155640174291 0.26617607290778234 0.14019116145561111 2.5943384058467545 -1.100228857316647 4.9081668682566049 1 CAMERA 1 1328
1329 1 0.94553194298695864 -0.16335218848151128 0.24868171104076583 0.13207124555876978 2.361310972912388 -1.1244486567616436 4.9532950614576867 1 CAMERA 1 1329
1330 1 0.96213883758737073 -0.16562465205648969 0.18928602527714844 0.10501491547379678 1.635136752566918 -1.1728219947610321 5.108420446467453 1 CAMERA 1 1330
1331 1 0.98186054274843393 -0.1687009951956159 0.071320475201332459 0.049022837849472728 0.22137861648286583 -1.2058588437925686 5.2047007829926324 1 CAMERA 1 1331
1332 1 0.98174938726840066 -0.16942304583487025 -0.08328992612375534 -0.022951260193174235 -1.5177875144881463 -1.1162868439126117 4.8175391669246386 1 CAMERA 1 1332
1333 1 0.95129980371437906 -0.16398389750049383 -0.24250421066854011 -0.096590230466439081 -3.027595725862791 -0.86726300757945984 3.821681856720256 1 CAMERA 1 1333
1334 1 0.86691935449731561 -0.14931550772866214 -0.43765408371637271 -0.18605003347506247 -4.2610737471897027 -0.39552960420623118 2.0001662650786587 1 CAMERA 1 1334
1335 1 0.73122181253992491 -0.12633897345958267 -0.61354424617660996 -0.27003070683642877 -4.4808041673673458 0.19643614214217389 -0.10568149216476549 1 CAMERA 1 1335
1336 1 0.53928982399416225 -0.092002273910041926 -0.76315007133071966 -0.34395353750128038 -3.5921849934972645 0.73919638617940242 -2.1003045054656546 1 CAMERA 1 1336
1337 1 -0.31090309721390441 0.052622873035618689 0.86295123898098858 0.39482306989011606 -1.9114199720927711 1.0875039858036855 -3.3804137149733968 1 CAMERA 1 1337
1338 1 -0.14995107832095514 0.023548974038406167 0.89711978209547161 0.41489301814455098 -0.59148948955693548 1.2006535177473574 -3.6563812821063362 1 CAMERA 1 1338
1339 1 0.041631408388796518 -0.011716006937571497 0.90563121048834028 0.42185503624637183 0.89530872643728088 1.1581352516316017 -3.4764485549057063 1 CAMERA 1 1339
1340 1 0.17364128246366134 -0.035116325648670302 0.89012117626036036 0.41988074529583264 1.7722099525216337 1.0804093178341496 -3.0258185304798308 1 CAMERA 1 1340
1341 1 0.2497624330155114 -0.046547971716812811 0.87382087870543024 0.41459508598353262 2.1565775651757759 1.0012626173400585 -2.6530972490791647 1 CAMERA 1 1341
1342 1 0.40164242985873688 -0.067562701630560842 0.82406055533108424 0.39375479810787645 2.7784233427470157 0.75579735150934657 -1.8051142089878844 1 CAMERA 1 1342
1343 1 0.57712422490595416 -0.094179226335202176 0.73165785139052175 0.35033511221715946 3.1164303017388155 0.4122973601981948 -0.61160679432180953 1 CAMERA 1 1343
1344 1 0.7443036035967362 -0.12320553539959299 0.5909134858998456 0.28575127978979403 2.9250363905616128 0.07210754929612545 0.67233172706608813 1 CAMERA 1 1344
1345 1 0.87471676270173815 -0.1484212179397941 0.41309237622502237 0.20541766189552418 2.2084911831043228 -0.16952467396809745 1.7037006198333751 1 CAMERA 1 1345
1346 1 0.95022750571712067 -0.16387349473682158 0.23415935282009731 0.12402645922638252 1.311889241012826 -0.29556877749883059 2.2732140328846766 1 CAMERA 1 1346
1347 1 0.98322375840382903 -0.17109951756030101 0.049605589523685996 0.039182668220639219 0.34055020680681258 -0.34868544186277523 2.4603350621974336 1 CAMERA 1 1347
1348 1 0.97763973695481499 -0.17067269069874039 -0.11685693287074193 -0.03789240842986167 -0.43585630504839035 -0.29968398477807406 2.3416791871227578 1 CAMERA 1 1348
1349 1 0.90372776200375893 -0.15789242790388269 -0.36522758033265751 -0.15797128839965438 -1.4186325124842909 -0.10879902900839757 1.7836584589504079 1 CAMERA 1 1349
1350 1 0.70733754231196166 -0.12505377807591961 -0.63293053468947413 -0.28884960114687558 -2.4932574377461445 0.26918125926745418 0.59629192306806345 1 CAMERA 1 1350
1351 1 0.60112543326075185 -0.10693685001650967 -0.71916002081926445 -0.33169502265010697 -2.680146363172887 0.47120457493326373 -0.11847392601493918 1 CAMERA 1 1351
1352 1 -0.41850227155776926 0.072140317471631549 0.8211122777705655 0.3813479390143773 -2.5124643406445424 0.80122071794402594 -1.3055012783200544 1 CAMERA 1 1352
1353 1 -0.21190904840665556 0.033040364743350946 0.88503024649468387 0.41318803502832835 -1.7498331378977652 1.1087870523923962 -2.3943891288552881 1 CAMERA 1 1353
1354 1 0.027319326166488082 -0.0095267293112235533 0.90423079784124938 0.42606285930812759 -0.34909371355385865 1.3482273635099282 -3.1065643240334246 1 CAMERA 1 1354
1355 1 0.24301861456665072 -0.048239667484676473 0.87580420665727043 0.41422443078179577 1.1947407995611956 1.3823439355450129 -3.1202496485234943 1 CAMERA 1 1355
1356 1 0.37796218379319135 -0.07182632595702744 0.83369649136791024 0.39615114136227442 2.1636681637409807 1.2998018219428826 -2.7476790465731198 1 CAMERA 1 1356
1357 1 0.53748264741445761 -0.10149181469581312 0.75486012462820939 0.36193646890632758 3.2124792828917648 1.133872235721312 -1.9608716051228778 1 CAMERA 1 1357
1358 1 0.72641474798811401 -0.13266814027891258 0.6057434238652587 0.29630336296487308 4.0631189075391454 0.74107870596450576 -0.28173498170374184 1 CAMERA 1 1358
1359 1 0.86706610477631463 -0.15572018035581714 0.42174951954471673 0.21465073524630995 4.0243596859707234 0.26605430975788963 1.64750993219216 1 CAMERA 1 1359
1360 1 0.94331062229283813 -0.16721926366714285 0.25280502714422765 0.13524942136188028 3.2780466036007896 -0.14296414646039765 3.1274720990351175 1 CAMERA 1 1360
1361 1 0.97921800913130086 -0.17256588292859809 0.089645032973557928 0.057592314636370989 2.0623586986803142 -0.4416254711402845 4.1645862896047907 1 CAMERA 1 1361
1362 1 0.98342716647941908 -0.17370612881561021 -0.050923678587235489 -0.010196470041124542 0.74319615871731703 -0.58019845666995629 4.6680647757376024 1 CAMERA 1 1362
1363 1 0.97077798145478 -0.17136916435180613 -0.15668600201682645 -0.060598820152951302 -0.34894859878950335 -0.61331474952021958 4.7539448777367017 1 CAMERA 1 1363
1364 1 0.96772874350497784 -0.16967679222770349 -0.17366544261742831 -0.067462428166250102 -0.50484034845937764 -0.62007386266371922 4.7514429659021697 1 CAMERA 1 1364
1365 1 0.94923219470648867 -0.16532555758569292 -0.24708508393597312 -0.10283317479313665 -1.229089163201418 -0.59329522127913914 4.6302167026549848 1 CAMERA 1 1365
1366 1 0.9466727683374766 -0.16365167503861694 -0.25656693582454787 -0.10584047612759356 -1.3064638005239086 -0.59392246103126267 4.5934010754551986 1 CAMERA 1 1366
1367 1 0.92967595486844001 -0.15924921177208479 -0.30719452111947376 -0.12638763263706287 -1.7484851148489271 -0.54384448695195986 4.3724705192934117 1 CAMERA 1 1367
1368 1 0.89686811749750772 -0.15277810102472633 -0.38329814856007649 -0.15927636665297507 -2.3805722499996649 -0.44168442901762933 3.9635466621467432 1 CAMERA 1 1368
1369 1 0.82190730812044566 -0.14257000413360507 -0.50709667918734036 -0.21678359886467061 -3.2982511171219384 -0.18458823003260019 3.0692796033386847 1 CAMERA 1 1369
1370 1 0.69960296844558856 -0.12855302047704978 -0.64374307121073748 -0.28217842890007661 -3.9923583177858077 0.23767143340512975 1.7363630565480221 1 CAMERA 1 1370
1371 1 -0.53044409129786496 0.096008520716792556 0.77045275713407868 0.34031452948919461 -4.1830501417854649 0.64841148614178035 0.049590998446834768 1 CAMERA 1 1371
1372 1 -0.36298165115435421 0.064588958691662132 0.84871357601171626 0.37915412859916237 -3.7888712288264355 1.0039156215074732 -1.3228897897934746 1 CAMERA 1 1372
1373 1 -0.26350277175067693 0.046198247463233165 0.87882437703526428 0.39509457796787883 -3.370814468816588 1.1885659839023521 -1.9947047587232987 1 CAMERA 1 1373
1374 1 -0.11544832341407414 0.019826489997372975 0.90387363943249233 0.41144992265684566 -2.6187136695213202 1.4335812882200833 -2.7538566563160396 1 CAMERA 1 1374
1375 1 0.040955222068079722 -0.010089030604113911 0.90723300085387382 0.41850825966580207 -1.6956786704726774 1.6283368413589205 -3.2744349309059553 1 CAMERA 1 1375
1376 1 0.23726278972533946 -0.046786977045410197 0.87939979100421406 0.41008944752632487 -0.34328355269665922 1.7617066946533986 -3.5750413382586888 1 CAMERA 1 1376
1377 1 0.41877082841954882 -0.081662571911547965 0.81767931317382192 0.38647478368088001 1.0250304588402601 1.7844012632139723 -3.4253186110926928 1 CAMERA 1 1377
1378 1 0.18465121282643215 -0.030606423343085356 0.88706318502949655 0.42200246707477529 -1.2647101624029438 0.40892457315170355 -1.8168117726537829 1 CAMERA 1 1378
1379 1 0.39077773990838405 -0.062958935952023135 0.82879011368311117 0.39551975656978255 -0.19425148260221312 0.49115722535096579 -2.0880748232472088 1 CAMERA 1 1379
1380 1 0.58676905443060479 -0.098667475617391059 0.72330543601950625 0.35042267655295617 0.91988125190713232 0.40960035383462018 -1.7922976957332191 1 CAMERA 1 1380
1381 1 0.73908795074046119 -0.13289894336398567 0.59166235396287603 0.29329597819627573 1.6523264492918068 0.24424858565282317 -1.062825643387016 1 CAMERA 1 1381
1382 1 0.85091051471049495 -0.15358702474722799 0.44935030517540842 0.22460326138144665 1.9136486072108718 0.0020694465370938338 -0.18524200998499213 1 CAMERA 1 1382
1383 1 0.94334006866878939 -0.16989006519333014 0.25307600422732895 0.13114654656871022 1.6592725689728285 -0.29739810975114322 0.81783799517426103 1 CAMERA 1 1383
1384 1 0.98139618695997255 -0.18071636421653259 0.052047928115362414 0.038654017950046041 0.99837821933901527 -0.45561302100188295 1.4988383555230134 1 CAMERA 1 1384
1385 1 0.70023484256540713 -0.12301253198485494 -0.64536144496339121 -0.27937016230592404 -1.1849611323350988 -0.26865736034098597 0.73263408553564047 1 CAMERA 1 1385
1386 1 0.57411577816549486 -0.10260881853220301 -0.74307383817650552 -0.32818253250057405 -1.2786196829203911 -0.20983971770861948 0.44214194131341344 1 CAMERA 1 1386
1387 1 -0.40603310884184979 0.071110789090278764 0.83098601710021092 0.37355402498582252 -1.3082261550197358 -0.14950723204259808 0.11828962578244574 1 CAMERA 1 1387
1388 1 -0.16905834669552447 0.025468476745470578 0.89699249554839944 0.40764579604688178 -1.2688018252341211 -0.03115390815889026 -0.32571751635923352 1 CAMERA 1 1388
1389 1 0.13987252836726929 -0.030703745356813961 0.89833042754378889 0.41532565388885517 -1.0860482145392505 0.11823028679611276 -0.80300652244027948 1 CAMERA 1 1389
1390 1 0.55903407611071032 -0.1062278231966866 0.74417090368220862 0.34986599926077872 -0.3548331883431356 0.28743838642816544 -1.4411233855863925 1 CAMERA 1 1390
1391 1 0.71809175756294141 -0.1342053664841143 0.61703882678549049 0.29256833999292509 0.18740572307481282 0.340113438265852 -1.6548365773781473 1 CAMERA 1 1391
1392 1 0.95296733074689999 -0.15783805519054533 0.23008609850492726 0.11832498526336639 0.75844171754898149 0.27538255245029858 -1.3663680405358589 1 CAMERA 1 1392
1393 1 0.98076799296274686 -0.16399161913926788 0.091280563763031994 0.053560727319650364 1.0593305619680122 0.18814686390695792 -1.0501668159567539 1 CAMERA 1 1393
1394 1 0.97801907128776733 -0.16474247500047207 -0.11806133330650531 -0.048991169673954414 1.2360284585170449 0.013010964665230985 -0.48207839586939294 1 CAMERA 1 1394
1395 1 0.94898384988912798 -0.15946066908453491 -0.24896517640160351 -0.10962795539478105 1.1542413044934166 -0.08633042118588509 -0.16438719078058511 1 CAMERA 1 1395
1396 1 0.8613106176209856 -0.14612100724548141 -0.44288068820148846 -0.20161688231172131 1.0341145754756453 -0.20174153136621931 0.28017646350040187 1 CAMERA 1 1396
1397 1 0.78097446825362016 -0.13206646420374618 -0.55551655104400088 -0.25305867004486099 0.76583295575332688 -0.20329269727631963 0.41499562223631786 1 CAMERA 1 1397
1398 1 0.6789273157908049 -0.11221674417019187 -0.66163895320486055 -0.29782376970770968 0.49935024102704134 -0.18608787281459419 0.43805279792863971 1 CAMERA 1 1398
1399 1 -0.48448081546491228 0.079642828949877273 0.79335204913999402 0.3598998268528158 0.24862286073466866 -0.1880109525933864 0.38156565693535383 1 CAMERA 1 1399
1400 1 -0.29911463771822933 0.056577935813408767 0.86488680954210662 0.39912426305833887 0.17326819719263339 -0.18396946745688059 0.23844190606134694 1 CAMERA 1 1400
1401 1 -0.016838748461711531 0.01630499911123014 0.9065953805393 0.42134952182128776 0.19683747927107784 -0.20107525732896922 0.1693252302642127 1 CAMERA 1 1401
1402 1 0.53845179843568003 -0.098801744365654018 0.75564554196988831 0.35959378605965886 0.3137118424805142 -0.29427782864235286 0.5157793588684797 1 CAMERA 1 1402
1403 1 0.69184361322509924 -0.12829253459169412 0.63953849178370714 0.30965134899544605 0.18085654810610088 -0.36069690553845069 0.75886999747078498 1 CAMERA 1 1403
1404 1 0.8360914157289383 -0.15199811746012251 0.47418954737991725 0.23019989137397037 -0.19228095035733536 -0.44939906601521334 0.92869772332103029 1 CAMERA 1 1404
1405 1 0.92953708559928505 -0.16975620233601157 0.29255782808470193 0.1468112921079455 -0.66064041400827578 -0.45666301244593893 0.88644214149378342 1 CAMERA 1 1405
1406 1 0.97334959884198236 -0.17730704076614501 0.12725202408617589 0.070425095632709753 -1.045578197607284 -0.41407175484114739 0.66439563890809217 1 CAMERA 1 1406
1407 1 0.73169176620338205 -0.13314927816997529 -0.61225569113195133 -0.26840528621755294 0.19144767987513936 0.076416213330036425 -0.94632806790032786 1 CAMERA 1 1407
1408 1 -0.30036408993176439 0.054941564802805751 0.86730347403149377 0.39312532590687171 0.94003811892014522 -0.15020883852894543 0.063424384974459624 1 CAMERA 1 1408
1409 1 -0.087143571478195653 0.010982076486939506 0.9063824445550811 0.41322664017269634 0.71900657035191884 -0.28618125938005562 0.64401151602052598 1 CAMERA 1 1409
1410 1 0.11521141809602725 -0.024253272678379224 0.90203172160756873 0.41530336035045073 0.22432008900113956 -0.36951309569683188 0.99781445910884969 1 CAMERA 1 1410
1411 1 0.3614401395249473 -0.066739111101921933 0.84348359598510281 0.39171716823947333 -0.5395048920182568 -0.38377085635760655 1.0036608276121062 1 CAMERA 1 1411
1412 1 0.55960337461867071 -0.10042184561475846 0.74511632276339246 0.34865625132826955 -1.1548689515607506 -0.27576757665384011 0.60269838806455667 1 CAMERA 1 1412
1413 1 0.74750241891402691 -0.13442053597635931 0.5881429194846296 0.27795531922523703 -1.450373118847381 -0.085597299261237852 -0.20868169064326569 1 CAMERA 1 1413
1414 1 0.85557048074934605 -0.15448382760056545 0.44508997295964026 0.2145432717448823 -1.3231436942529282 0.10561799130767893 -0.90923763816479131 1 CAMERA 1 1414
1415 1 0.93663492525268666 -0.17087885173419159 0.27252068222465958 0.13873684653582335 -0.82232031784035353 0.2763360261509818 -1.4965419289268407 1 CAMERA 1 1415
1416 1 0.96977529574253052 -0.17781754958669563 0.14485115245829211 0.083276277882571081 -0.31364606404378648 0.35572330464842483 -1.7442486539858906 1 CAMERA 1 1416
1417 1 0.9829783628729597 -0.18059365067481586 0.019622704277261122 0.027466724165539021 0.27266255098619857 0.38955979054059386 -1.8404618559775268 1 CAMERA 1 1417
1418 1 0.98240726659568123 -0.17999275237692031 -0.049730108184102242 -0.0023426420512689737 0.60562329296136197 0.39356695641996386 -1.8031761319077062 1 CAMERA 1 1418
1419 1 0.9703835132870211 -0.17542237232904215 -0.15842810244350961 -0.049833370178402475 1.1732327245745218 0.36605190177116675 -1.6279623523563407 1 CAMERA 1 1419
1420 1 0.92893098540986729 -0.16823948425322316 -0.30812815416931888 -0.11764242811108226 1.8504127003298503 0.26401375918077336 -1.1244979064342586 1 CAMERA 1 1420
1421 1 0.83178095519989104 -0.14964798731692791 -0.4940719759336617 -0.20405588708919112 2.3574213584227803 0.030997587253654188 -0.068355343108746455 1 CAMERA 1 1421
1422 1 0.69469256176233496 -0.12445447701728421 -0.65093414305374797 -0.27963917677843636 2.2686323452650576 -0.27763538286852879 1.0965272230008303 1 CAMERA 1 1422
1423 1 0.5050112191476589 -0.088162506970299967 -0.78592115476265156 -0.34571517090843334 1.4747175966552426 -0.59635866920362046 2.1918696104361244 1 CAMERA 1 1423
1424 1 -0.2843378579700625 0.045893352782664119 0.87401998449848395 0.39132448095235794 0.12806478258676871 -0.77564321075398446 2.772206970115334 1 CAMERA 1 1424
1425 1 -0.15395564917675469 0.022007552974149892 0.90026377311617434 0.40661832781280738 -0.74557444563537201 -0.79777984737211005 2.787408446820868 1 CAMERA 1 1425
1426 1 0.083262980502748038 -0.017879621420084573 0.90540761927620728 0.41591421972837628 -2.2355627548476065 -0.66783227893209507 2.1748190878479483 1 CAMERA 1 1426
1427 1 0.33520445562599627 -0.061266855518558358 0.85210750602004093 0.39723688591022549 -3.2918071468454086 -0.32142923128301226 0.73046093974528337 1 CAMERA 1 1427
1428 1 0.54831126204681591 -0.098364814083837113 0.75159718658655206 0.35324324817052072 -3.4379729348738137 0.13066461899711324 -0.99085975160724693 1 CAMERA 1 1428
1429 1 0.72207484040585146 -0.12954934521542188 0.61387043647474904 0.29152697856188364 -2.7012735995002779 0.54837845282414888 -2.5780324439660629 1 CAMERA 1 1429
1430 1 0.86938326650892872 -0.15855894942117749 0.42042592801435202 0.20560601772805309 -0.99837252592168002 0.86450554334953711 -3.7607380244643935 1 CAMERA 1 1430
1431 1 0.94362939043469585 -0.17305309355341214 0.25051748835258025 0.1298352353906794 0.66981530872699691 0.94690079420947881 -3.9573055552464069 1 CAMERA 1 1431
1432 1 0.9768390703488069 -0.17888546074937442 0.10065083558273091 0.060455205475299471 2.0632608814445668 0.86732707689508892 -3.5846727092424171 1 CAMERA 1 1432
1433 1 0.98351750523570169 -0.17974158991244077 0.0086647981424635111 0.017640833989351561 2.8114008953693146 0.75044660163217169 -3.133370970347829 1 CAMERA 1 1433
1434 1 0.98326439755635464 -0.17927535377727757 -0.032400208104945552 -0.0013032808320310202 3.0993782731534663 0.68856795932112935 -2.8863567354475816 1 CAMERA 1 1434
1435 1 0.98180941879678307 -0.17883656228730793 -0.062120035707741744 -0.014451654398376054 3.2802978377425105 0.64889665788937201 -2.7072575488579238 1 CAMERA 1 1435
1436 1 0.97813294133019868 -0.17736433180269906 -0.10318722074137437 -0.033915193712952027 3.4697701756858126 0.57811366352693516 -2.4140467710544162 1 CAMERA 1 1436
1437 1 0.96993820177180889 -0.17537315871165435 -0.1570131586441143 -0.061733361805144951 3.6625916365747657 0.45090895247913187 -2.0226142772191391 1 CAMERA 1 1437
1438 1 0.94496273413002585 -0.17108085922226685 -0.25636521802570761 -0.10978909645273781 3.920967771939329 0.23990266073802533 -1.2497536519197763 1 CAMERA 1 1438
1439 1 0.87151510068480875 -0.15806071132885072 -0.42486534006160864 -0.18699648025270232 4.0079275565629287 -0.09912192974833349 0.19250541283266304 1 CAMERA 1 1439
1440 1 0.78632693777673635 -0.14090632527425259 -0.55112327934841587 -0.24103627400168487 3.6765934682923151 -0.30889171489354711 1.2370851550922137 1 CAMERA 1 1440
1441 1 0.68980725931524045 -0.12263900776766579 -0.65343774321970227 -0.28660902725786863 3.1496807293140043 -0.50410861944370888 2.0888893657272329 1 CAMERA 1 1441
1442 1 0.52993697266757811 -0.092293959005567902 -0.77033409603006409 -0.3423945248168338 2.0801626364380175 -0.73288333759529822 2.9221775927394811 1 CAMERA 1 1442
1443 1 -0.32911313851388185 0.063135323675491753 0.85754747502049788 0.39027016417848559 0.70582093416227298 -0.89342219719687299 3.3387484983079472 1 CAMERA 1 1443
1444 1 -0.098093434343514627 0.025611097926523441 0.9038109351741237 0.41574937553936092 -0.75438181042116581 -0.88941128942706615 3.195888281783843 1 CAMERA 1 1444
1445 1 0.17827651429577529 -0.019211383861560908 0.89202885152033584 0.4148890637700427 -2.1876386339506282 -0.70275121407114993 2.343395900919075 1 CAMERA 1 1445
1446 1 0.40440198944533068 -0.064589368910842077 0.82439494313571127 0.39071757330407519 -2.9048347893071114 -0.46252580431823814 1.2059947573116887 1 CAMERA 1 1446
1447 1 0.58567499520898891 -0.10543649155388916 0.72387595747599609 0.34910105188035095 -3.0799961345026015 -0.21461195178542961 0.095016604965850737 1 CAMERA 1 1447
1448 1 0.72840551969705225 -0.13224425935844653 0.60408909746962292 0.29498002823909941 -2.8916471064774032 0.024976705849447636 -0.84668618743890078 1 CAMERA 1 1448
1449 1 0.85860569588159374 -0.15208572450479943 0.43884775594887532 0.21697658514266238 -2.3300576757142788 0.30158540323158761 -1.7892199159092426 1 CAMERA 1 1449
1450 1 0.95652212638851553 -0.17085194631588282 0.20832813159178404 0.11168895986955869 -1.2169072201354243 0.5249331814977759 -2.5881931231035122 1 CAMERA 1 1450
1451 1 0.98029669817115728 -0.17752074591036329 0.07182229105636552 0.048438897939259137 -0.45330594141719721 0.59247851116628392 -2.7937905444891289 1 CAMERA 1 1451
1452 1 0.97638415873847118 -0.17736349779204225 -0.11646536707855833 -0.040644587423136237 0.56148948992567527 0.58406972874333385 -2.7157898597037069 1 CAMERA 1 1452
1453 1 0.95103939961151873 -0.17265063538183267 -0.2388885732574427 -0.092994989412522114 1.1284807329598261 0.51864948653958076 -2.5161085787790594 1 CAMERA 1 1453
1454 1 0.90943406169429342 -0.16534396896951128 -0.35286540388641308 -0.14517942724679744 1.6873300207800279 0.45071794676864646 -2.1478668906774883 1 CAMERA 1 1454
1455 1 0.80881839328970895 -0.14783974566585087 -0.52248480436567957 -0.22575616378001281 2.3018211886116573 0.24441456468493811 -1.3695339711841041 1 CAMERA 1 1455
1456 1 0.69268493145229248 -0.12533511944278514 -0.65051426176130467 -0.2851488888604351 2.5561020944476516 0.035451252291917083 -0.68056474976971792 1 CAMERA 1 1456
